time,x,y,z
1775300400.0043297,0.0,-2.0,5.0
1775300400.0143297,1.0,-4.0,4.0
1775300400.0243297,-2.0,-4.0,5.0
1775300400.0343297,0.0,-4.0,12.0
1775300400.0443296,0.0,-7.0,11.0
1775300400.0543296,-3.0,-7.0,9.0
1775300400.0643296,0.0,-2.0,7.0
1775300400.0743296,0.0,-3.0,4.0
1775300400.0843296,1.0,-3.0,13.0
1775300400.0943296,-1.0,-7.0,11.0
1775300400.1043296,-1.0,-13.0,10.0
1775300400.1143296,0.0,-7.0,9.0
1775300400.1243296,0.0,-7.0,6.0
1775300400.1343296,2.0,-6.0,1.0
1775300400.1443295,-2.0,-7.0,2.0
1775300400.1543295,-2.0,-6.0,0.0
1775300400.1643295,-1.0,-4.0,9.0
1775300400.1743295,0.0,-3.0,12.0
1775300400.1843295,0.0,-5.0,10.0
1775300400.1943295,1.0,-3.0,14.0
1775300400.2043295,-2.0,-1.0,7.0
1775300400.2143295,-4.0,0.0,5.0
1775300400.2243297,-2.0,-1.0,5.0
1775300400.2343297,-3.0,0.0,11.0
1775300400.2443297,3.0,0.0,11.0
1775300400.2543297,0.0,1.0,9.0
1775300400.2643297,0.0,2.0,4.0
1775300400.2743297,1.0,1.0,2.0
1775300400.2843297,5.0,-4.0,-2.0
1775300400.2943296,8.0,-4.0,-2.0
1775300400.3043296,5.0,-4.0,2.0
1775300400.3143296,3.0,-4.0,-1.0
1775300400.3243296,0.0,-1.0,5.0
1775300400.3343296,0.0,1.0,3.0
1775300400.3443296,-1.0,3.0,7.0
1775300400.3543296,0.0,5.0,10.0
1775300400.3643296,0.0,3.0,11.0
1775300400.3743296,1.0,3.0,8.0
1775300400.3843296,0.0,-4.0,11.0
1775300400.3943295,-4.0,-1.0,18.0
1775300400.4043295,-2.0,4.0,13.0
1775300400.4143295,-1.0,3.0,7.0
1775300400.4243295,1.0,0.0,13.0
1775300400.4343295,2.0,3.0,11.0
1775300400.4443295,3.0,0.0,8.0
1775300400.4543295,5.0,3.0,6.0
1775300400.4643295,7.0,3.0,7.0
1775300400.4743297,4.0,1.0,9.0
1775300400.4843297,3.0,0.0,4.0
1775300400.4943297,6.0,0.0,8.0
1775300400.5043297,5.0,-2.0,11.0
1775300400.5143297,2.0,0.0,5.0
1775300400.5243297,1.0,1.0,12.0
1775300400.5343297,2.0,7.0,15.0
1775300400.5443296,4.0,4.0,17.0
1775300400.5543296,2.0,2.0,16.0
1775300400.5643296,3.0,2.0,14.0
1775300400.5743296,3.0,4.0,11.0
1775300400.5843296,1.0,2.0,3.0
1775300400.5943296,-3.0,0.0,0.0
1775300400.6043296,0.0,-5.0,0.0
1775300400.6143296,-3.0,-4.0,0.0
1775300400.6243296,-1.0,0.0,4.0
1775300400.6343296,-5.0,2.0,2.0
1775300400.6443295,-2.0,3.0,-3.0
1775300400.6543295,-3.0,2.0,5.0
1775300400.6643295,-3.0,4.0,5.0
1775300400.6743295,-2.0,1.0,6.0
1775300400.6843295,-1.0,3.0,10.0
1775300400.6943295,-2.0,5.0,12.0
1775300400.7043295,-2.0,2.0,7.0
1775300400.7153296,-5.0,1.0,1.0
1775300400.7253296,-7.0,0.0,0.0
1775300400.7343297,-8.0,-3.0,0.0
1775300400.7453296,-6.0,-5.0,4.0
1775300400.7553296,-1.0,-2.0,7.0
1775300400.7653296,4.0,-4.0,9.0
1775300400.7753296,6.0,-3.0,4.0
1775300400.7853296,8.0,0.0,5.0
1775300400.7953296,11.0,-1.0,6.0
1775300400.8053296,8.0,-5.0,2.0
1775300400.8153296,8.0,-3.0,1.0
1775300400.8253295,7.0,0.0,0.0
1775300400.8353295,6.0,3.0,-2.0
1775300400.8453295,0.0,3.0,4.0
1775300400.8553295,-4.0,6.0,12.0
1775300400.8653295,-3.0,0.0,18.0
1775300400.8753295,-2.0,-2.0,15.0
1775300400.8853295,0.0,0.0,13.0
1775300400.8953297,0.0,3.0,13.0
1775300400.9053297,-6.0,-1.0,8.0
1775300400.9153297,-6.0,0.0,11.0
1775300400.9253297,-7.0,0.0,14.0
1775300400.9353297,-6.0,0.0,11.0
1775300400.9453297,-7.0,0.0,16.0
1775300400.9553297,-2.0,1.0,11.0
1775300400.9653296,0.0,2.0,11.0
1775300400.9753296,0.0,0.0,23.0
1775300400.9853296,2.0,-3.0,17.0
1775300400.9953296,5.0,-5.0,14.0
1775300401.0053296,8.0,-6.0,6.0
1775300401.0153296,7.0,-5.0,5.0
1775300401.0253296,6.0,-8.0,9.0
1775300401.0353296,3.0,-2.0,7.0
1775300401.0453296,3.0,0.0,12.0
1775300401.0553296,1.0,2.0,13.0
1775300401.0653296,-1.0,0.0,8.0
1775300401.0753295,-2.0,0.0,3.0
1775300401.0853295,-4.0,-5.0,-4.0
1775300401.0953295,-4.0,-1.0,-1.0
1775300401.1053295,-4.0,-1.0,3.0
1775300401.1153295,-5.0,-3.0,10.0
1775300401.1253295,-3.0,-6.0,7.0
1775300401.1353295,-7.0,-4.0,13.0
1775300401.1453297,-4.0,-4.0,11.0
1775300401.1553297,-4.0,-2.0,4.0
1775300401.1653297,-4.0,-3.0,7.0
1775300401.1753297,-3.0,-1.0,2.0
1775300401.1853297,-3.0,0.0,3.0
1775300401.1953297,-1.0,2.0,8.0
1775300401.2053297,-3.0,-1.0,8.0
1775300401.2153296,0.0,0.0,4.0
1775300401.2253296,4.0,-1.0,2.0
1775300401.2353296,5.0,-1.0,4.0
1775300401.2453296,2.0,-1.0,3.0
1775300401.2553296,0.0,1.0,1.0
1775300401.2653296,-2.0,0.0,1.0
1775300401.2753296,-1.0,-2.0,-1.0
1775300401.2853296,0.0,-6.0,0.0
1775300401.2953296,-2.0,-2.0,0.0
1775300401.3053296,-2.0,-1.0,0.0
1775300401.3153296,0.0,-2.0,5.0
1775300401.3253295,-3.0,0.0,14.0
1775300401.3353295,-4.0,0.0,11.0
1775300401.3453295,-1.0,0.0,11.0
1775300401.3553295,-1.0,0.0,8.0
1775300401.3653295,-3.0,3.0,3.0
1775300401.3753295,-1.0,3.0,9.0
1775300401.3853295,-3.0,2.0,12.0
1775300401.3953297,-7.0,0.0,12.0
1775300401.4053297,-3.0,0.0,13.0
1775300401.4153297,-5.0,-2.0,7.0
1775300401.4253297,-13.0,0.0,6.0
1775300401.4353297,-6.0,-1.0,14.0
1775300401.4453297,-7.0,1.0,12.0
1775300401.4553297,-8.0,0.0,9.0
1775300401.4653296,-7.0,0.0,5.0
1775300401.4753296,-6.0,-1.0,1.0
1775300401.4853296,-5.0,3.0,3.0
1775300401.4953296,-3.0,0.0,3.0
1775300401.5053296,-1.0,-3.0,1.0
1775300401.5153296,0.0,-4.0,5.0
1775300401.5253296,0.0,-5.0,4.0
1775300401.5353296,0.0,-4.0,4.0
1775300401.5453296,1.0,-1.0,10.0
1775300401.5553296,-2.0,-2.0,13.0
1775300401.5653296,-7.0,-3.0,19.0
1775300401.5753295,-8.0,-5.0,19.0
1775300401.5853295,-10.0,-4.0,19.0
1775300401.5953295,-8.0,-2.0,18.0
1775300401.6053295,-10.0,-1.0,16.0
1775300401.6153295,-7.0,0.0,11.0
1775300401.6253295,-6.0,0.0,11.0
1775300401.6353295,-7.0,4.0,14.0
1775300401.6453297,-5.0,3.0,19.0
1775300401.6553297,-7.0,5.0,15.0
1775300401.6653297,-6.0,3.0,14.0
1775300401.6753297,-7.0,4.0,10.0
1775300401.6853297,-5.0,3.0,3.0
1775300401.6953297,-4.0,1.0,5.0
1775300401.7053297,-4.0,-1.0,7.0
1775300401.7153296,-2.0,2.0,5.0
1775300401.7253296,-5.0,0.0,8.0
1775300401.7353296,-1.0,-3.0,10.0
1775300401.7453296,0.0,-1.0,13.0
1775300401.7553296,-2.0,-1.0,20.0
1775300401.7653296,0.0,1.0,22.0
1775300401.7753296,2.0,-3.0,18.0
1775300401.7853296,6.0,0.0,17.0
1775300401.7953296,3.0,1.0,16.0
1775300401.8053296,6.0,2.0,20.0
1775300401.8153296,4.0,0.0,11.0
1775300401.8253295,0.0,-2.0,3.0
1775300401.8353295,0.0,1.0,7.0
1775300401.8453295,-2.0,0.0,11.0
1775300401.8553295,0.0,-6.0,9.0
1775300401.8653295,2.0,-3.0,10.0
1775300401.8753295,3.0,-3.0,4.0
1775300401.8853295,3.0,-2.0,7.0
1775300401.8953297,1.0,-2.0,3.0
1775300401.9053297,0.0,0.0,2.0
1775300401.9153297,4.0,0.0,7.0
1775300401.9253297,4.0,-2.0,9.0
1775300401.9353297,6.0,-4.0,10.0
1775300401.9453297,5.0,-2.0,5.0
1775300401.9553297,2.0,-3.0,1.0
1775300401.9653296,0.0,0.0,7.0
1775300401.9753296,0.0,1.0,9.0
1775300401.9853296,0.0,1.0,7.0
1775300401.9953296,-1.0,3.0,-1.0
1775300402.0053296,-1.0,5.0,3.0
1775300402.0153296,-6.0,2.0,7.0
1775300402.0253296,-8.0,2.0,16.0
1775300402.0353296,-9.0,0.0,16.0
1775300402.0453296,-7.0,-1.0,21.0
1775300402.0553296,-15.0,-2.0,24.0
1775300402.0653296,-14.0,-1.0,24.0
1775300402.0753295,-13.0,-2.0,24.0
1775300402.0853295,-7.0,0.0,22.0
1775300402.0953295,-4.0,1.0,24.0
1775300402.1053295,-1.0,1.0,21.0
1775300402.1153295,2.0,1.0,15.0
1775300402.1253295,0.0,3.0,12.0
1775300402.1353295,-1.0,2.0,10.0
1775300402.1453297,-5.0,4.0,8.0
1775300402.1553297,-6.0,0.0,11.0
1775300402.1653297,-4.0,1.0,10.0
1775300402.1753297,-10.0,3.0,12.0
1775300402.1853297,-8.0,2.0,6.0
1775300402.1953297,-3.0,1.0,9.0
1775300402.2053297,0.0,4.0,11.0
1775300402.2153296,-2.0,4.0,9.0
1775300402.2253296,-2.0,5.0,8.0
1775300402.2363296,-3.0,1.0,11.0
1775300402.2453296,-5.0,0.0,13.0
1775300402.2553296,-2.0,3.0,16.0
1775300402.2653296,-1.0,1.0,12.0
1775300402.2753296,1.0,0.0,8.0
1775300402.2853296,2.0,0.0,5.0
1775300402.2953296,2.0,-1.0,2.0
1775300402.3053296,0.0,-1.0,3.0
1775300402.3153296,0.0,-3.0,9.0
1775300402.3253295,-3.0,0.0,0.0
1775300402.3353295,-1.0,1.0,-1.0
1775300402.3453295,0.0,4.0,4.0
1775300402.3553295,5.0,0.0,11.0
1775300402.3653295,-1.0,4.0,14.0
1775300402.3753295,-3.0,6.0,8.0
1775300402.3853295,-6.0,4.0,4.0
1775300402.3953297,-8.0,2.0,9.0
1775300402.4053297,-5.0,1.0,13.0
1775300402.4153297,-7.0,1.0,21.0
1775300402.4253297,0.0,1.0,13.0
1775300402.4353297,4.0,-7.0,12.0
1775300402.4453297,3.0,-8.0,6.0
1775300402.4553297,0.0,-10.0,6.0
1775300402.4653296,4.0,-7.0,13.0
1775300402.4753296,5.0,-11.0,5.0
1775300402.4853296,5.0,-10.0,0.0
1775300402.4953296,3.0,-10.0,1.0
1775300402.5053296,6.0,-11.0,3.0
1775300402.5153296,7.0,-8.0,9.0
1775300402.5253296,5.0,-3.0,10.0
1775300402.5353296,1.0,-4.0,7.0
1775300402.5453296,3.0,-4.0,8.0
1775300402.5553296,2.0,-2.0,5.0
1775300402.5653296,2.0,0.0,7.0
1775300402.5753295,5.0,0.0,6.0
1775300402.5853295,1.0,-2.0,12.0
1775300402.5953295,2.0,-4.0,15.0
1775300402.6053295,4.0,-3.0,12.0
1775300402.6153295,2.0,-1.0,14.0
1775300402.6253295,1.0,-5.0,10.0
1775300402.6353295,6.0,-3.0,9.0
1775300402.6453297,3.0,-2.0,9.0
1775300402.6553297,1.0,-4.0,14.0
1775300402.6653297,0.0,-1.0,15.0
1775300402.6753297,-3.0,0.0,19.0
1775300402.6853297,-2.0,0.0,21.0
1775300402.6953297,-2.0,5.0,18.0
1775300402.7053297,0.0,5.0,13.0
1775300402.7153296,-1.0,2.0,16.0
1775300402.7253296,0.0,1.0,8.0
1775300402.7353296,2.0,0.0,6.0
1775300402.7453296,1.0,1.0,7.0
1775300402.7553296,1.0,-3.0,9.0
1775300402.7653296,3.0,0.0,2.0
1775300402.7753296,3.0,2.0,1.0
1775300402.7853296,0.0,0.0,6.0
1775300402.7953296,0.0,0.0,3.0
1775300402.8053296,1.0,-1.0,6.0
1775300402.8153296,-5.0,-3.0,11.0
1775300402.8253295,-2.0,-1.0,8.0
1775300402.8353295,0.0,0.0,6.0
1775300402.8453295,0.0,0.0,7.0
1775300402.8553295,1.0,0.0,5.0
1775300402.8653295,3.0,0.0,12.0
1775300402.8753295,6.0,-3.0,13.0
1775300402.8853295,8.0,-4.0,9.0
1775300402.8953297,5.0,-6.0,8.0
1775300402.9053297,4.0,0.0,10.0
1775300402.9153297,3.0,0.0,7.0
1775300402.9253297,5.0,0.0,8.0
1775300402.9353297,6.0,0.0,9.0
1775300402.9453297,-1.0,-3.0,13.0
1775300402.9553297,-3.0,-3.0,7.0
1775300402.9653296,-4.0,-1.0,2.0
1775300402.9753296,-4.0,-1.0,6.0
1775300402.9853296,-9.0,1.0,10.0
1775300402.9953296,-4.0,-2.0,11.0
1775300403.0053296,0.0,-1.0,13.0
1775300403.0163295,2.0,0.0,12.0
1775300403.0263295,2.0,0.0,8.0
1775300403.0363295,2.0,-1.0,4.0
1775300403.0463295,3.0,0.0,-1.0
1775300403.0563295,2.0,-5.0,4.0
1775300403.0663297,6.0,0.0,1.0
1775300403.0763297,1.0,0.0,0.0
1775300403.0863297,-2.0,-1.0,-2.0
1775300403.0963297,2.0,-2.0,-1.0
1775300403.1063297,2.0,-3.0,-1.0
1775300403.1163297,1.0,-1.0,2.0
1775300403.1263297,-2.0,-1.0,3.0
1775300403.1363297,-2.0,1.0,2.0
1775300403.1463296,-3.0,1.0,0.0
1775300403.1563296,-2.0,1.0,8.0
1775300403.1663296,-7.0,-1.0,3.0
1775300403.1763296,-5.0,0.0,0.0
1775300403.1863296,-2.0,-1.0,4.0
1775300403.1963296,-4.0,-2.0,3.0
1775300403.2063296,-6.0,-1.0,9.0
1775300403.2163296,-4.0,0.0,5.0
1775300403.2263296,-4.0,2.0,8.0
1775300403.2363296,-5.0,4.0,13.0
1775300403.2463295,-1.0,2.0,10.0
1775300403.2563295,-8.0,1.0,8.0
1775300403.2663295,-5.0,0.0,9.0
1775300403.2763295,-2.0,2.0,1.0
1775300403.2863295,-4.0,3.0,5.0
1775300403.2963295,0.0,7.0,4.0
1775300403.3063295,0.0,7.0,8.0
1775300403.3163297,4.0,8.0,12.0
1775300403.3263297,5.0,10.0,16.0
1775300403.3363297,7.0,10.0,13.0
1775300403.3463297,8.0,10.0,9.0
1775300403.3563297,7.0,11.0,11.0
1775300403.3663297,6.0,9.0,15.0
1775300403.3763297,0.0,4.0,13.0
1775300403.3863297,0.0,3.0,13.0
1775300403.3963296,0.0,1.0,9.0
1775300403.4063296,0.0,-4.0,20.0
1775300403.4163296,3.0,1.0,15.0
1775300403.4263296,2.0,2.0,14.0
1775300403.4363296,4.0,-1.0,12.0
1775300403.4463296,2.0,-3.0,16.0
1775300403.4563296,-2.0,-4.0,12.0
1775300403.4663296,0.0,-5.0,10.0
1775300403.4763296,-4.0,-2.0,7.0
1775300403.4863296,-1.0,0.0,0.0
1775300403.4963295,-1.0,3.0,-1.0
1775300403.5063295,-2.0,1.0,0.0
1775300403.5163295,-1.0,1.0,6.0
1775300403.5263295,1.0,0.0,11.0
1775300403.5363295,0.0,0.0,10.0
1775300403.5463295,1.0,0.0,13.0
1775300403.5563295,0.0,0.0,12.0
1775300403.5663297,0.0,-1.0,5.0
1775300403.5763297,0.0,-4.0,7.0
1775300403.5863297,-5.0,1.0,12.0
1775300403.5963297,-2.0,-3.0,14.0
1775300403.6063297,-1.0,-7.0,17.0
1775300403.6163297,1.0,-5.0,16.0
1775300403.6263297,2.0,-8.0,4.0
1775300403.6363297,2.0,-5.0,5.0
1775300403.6463296,0.0,-5.0,7.0
1775300403.6563296,-2.0,-5.0,0.0
1775300403.6663296,1.0,-4.0,-5.0
1775300403.6763296,3.0,-3.0,-7.0
1775300403.6863296,5.0,-4.0,-1.0
1775300403.6963296,0.0,-2.0,6.0
1775300403.7063296,1.0,-5.0,11.0
1775300403.7163296,-2.0,-6.0,9.0
1775300403.7263296,-3.0,-9.0,6.0
1775300403.7363296,-4.0,-7.0,11.0
1775300403.7463295,-6.0,-6.0,15.0
1775300403.7563295,-11.0,-6.0,8.0
1775300403.7663295,-8.0,-4.0,6.0
1775300403.7763295,-8.0,-5.0,7.0
1775300403.7863295,-11.0,0.0,12.0
1775300403.7963295,-9.0,-1.0,11.0
1775300403.8063295,-10.0,-1.0,9.0
1775300403.8163297,-5.0,-6.0,7.0
1775300403.8263297,2.0,-6.0,8.0
1775300403.8363297,1.0,-1.0,2.0
1775300403.8463297,0.0,-3.0,0.0
1775300403.8563297,1.0,-4.0,-5.0
1775300403.8663297,3.0,-2.0,-3.0
1775300403.8763297,3.0,2.0,-2.0
1775300403.8863297,0.0,2.0,1.0
1775300403.8963296,-4.0,4.0,2.0
1775300403.9063296,-2.0,0.0,2.0
1775300403.9163296,-5.0,3.0,5.0
1775300403.9263296,-7.0,-3.0,10.0
1775300403.9363296,-1.0,-3.0,8.0
1775300403.9463296,0.0,-3.0,8.0
1775300403.9563296,-1.0,0.0,6.0
1775300403.9663296,4.0,0.0,3.0
1775300403.9773295,5.0,1.0,10.0
1775300403.9863296,3.0,1.0,0.0
1775300403.9963295,1.0,4.0,0.0
1775300404.0063295,4.0,6.0,0.0
1775300404.0163295,2.0,3.0,-1.0
1775300404.0263295,1.0,2.0,4.0
1775300404.0363295,0.0,-3.0,1.0
1775300404.0463295,1.0,-1.0,2.0
1775300404.0563295,-1.0,-3.0,4.0
1775300404.0663297,-2.0,-4.0,6.0
1775300404.0763297,-2.0,0.0,9.0
1775300404.0863297,-1.0,-6.0,15.0
1775300404.0963297,0.0,-2.0,13.0
1775300404.1063297,-4.0,1.0,8.0
1775300404.1163297,-3.0,0.0,6.0
1775300404.1263297,0.0,-2.0,2.0
1775300404.1363297,4.0,-4.0,4.0
1775300404.1463296,1.0,-4.0,8.0
1775300404.1563296,-1.0,-2.0,9.0
1775300404.1663296,1.0,-1.0,14.0
1775300404.1763296,1.0,1.0,13.0
1775300404.1863296,2.0,0.0,8.0
1775300404.1963296,-1.0,0.0,7.0
1775300404.2063296,-2.0,2.0,17.0
1775300404.2163296,-2.0,6.0,13.0
1775300404.2263296,-1.0,2.0,12.0
1775300404.2363296,-1.0,2.0,12.0
1775300404.2463295,0.0,3.0,10.0
1775300404.2563295,5.0,4.0,15.0
1775300404.2663295,8.0,3.0,10.0
1775300404.2763295,4.0,4.0,8.0
1775300404.2863295,4.0,2.0,7.0
1775300404.2963295,1.0,0.0,2.0
1775300404.3063295,-3.0,-3.0,3.0
1775300404.3163297,-2.0,2.0,0.0
1775300404.3263297,-8.0,4.0,0.0
1775300404.3363297,-7.0,1.0,0.0
1775300404.3463297,-7.0,0.0,5.0
1775300404.3563297,-4.0,0.0,7.0
1775300404.3663297,-5.0,-2.0,8.0
1775300404.3763297,-3.0,2.0,13.0
1775300404.3863297,-8.0,3.0,8.0
1775300404.3963296,-9.0,4.0,9.0
1775300404.4063296,-10.0,4.0,10.0
1775300404.4163296,-6.0,3.0,2.0
1775300404.4263296,-7.0,0.0,9.0
1775300404.4363296,-6.0,-2.0,10.0
1775300404.4463296,-5.0,4.0,2.0
1775300404.4563296,-5.0,3.0,-3.0
1775300404.4663296,-5.0,0.0,-6.0
1775300404.4763296,-3.0,1.0,-4.0
1775300404.4863296,0.0,0.0,-5.0
1775300404.4963295,0.0,0.0,-6.0
1775300404.5063295,-1.0,-4.0,0.0
1775300404.5163295,1.0,-4.0,1.0
1775300404.5263295,0.0,-1.0,10.0
1775300404.5363295,2.0,-4.0,11.0
1775300404.5463295,-1.0,0.0,13.0
1775300404.5563295,1.0,0.0,15.0
1775300404.5663297,1.0,-3.0,19.0
1775300404.5763297,-1.0,-5.0,20.0
1775300404.5863297,3.0,-8.0,6.0
1775300404.5963297,6.0,-7.0,5.0
1775300404.6063297,5.0,-6.0,4.0
1775300404.6163297,4.0,-4.0,2.0
1775300404.6263297,3.0,-6.0,3.0
1775300404.6363297,-1.0,-4.0,0.0
1775300404.6463296,0.0,-4.0,6.0
1775300404.6563296,1.0,-3.0,0.0
1775300404.6663296,1.0,0.0,1.0
1775300404.6763296,2.0,2.0,6.0
1775300404.6863296,-2.0,4.0,6.0
1775300404.6963296,-1.0,1.0,-2.0
1775300404.7063296,-1.0,3.0,-1.0
1775300404.7163296,1.0,3.0,1.0
1775300404.7263296,-2.0,3.0,0.0
1775300404.7363296,-6.0,0.0,-3.0
1775300404.7463295,-2.0,0.0,-8.0
1775300404.7563295,-1.0,1.0,-6.0
1775300404.7663295,0.0,-1.0,1.0
1775300404.7763295,1.0,-4.0,3.0
1775300404.7863295,5.0,-8.0,5.0
1775300404.7963295,-1.0,-4.0,2.0
1775300404.8063295,1.0,-2.0,1.0
1775300404.8163297,0.0,-2.0,3.0
1775300404.8263297,-1.0,-2.0,0.0
1775300404.8363297,0.0,-1.0,1.0
1775300404.8463297,-1.0,-2.0,5.0
1775300404.8563297,-5.0,-6.0,4.0
1775300404.8663297,-5.0,-5.0,3.0
1775300404.8763297,-5.0,-5.0,8.0
1775300404.8863297,-6.0,-3.0,4.0
1775300404.8963296,-7.0,-2.0,14.0
1775300404.9063296,-3.0,-3.0,16.0
1775300404.9163296,-1.0,0.0,17.0
1775300404.9263296,0.0,2.0,13.0
1775300404.9363296,0.0,4.0,19.0
1775300404.9463296,3.0,5.0,11.0
1775300404.9563296,2.0,5.0,9.0
1775300404.9663296,1.0,5.0,6.0
1775300404.9763296,0.0,2.0,7.0
1775300404.9863296,2.0,-3.0,3.0
1775300404.9963295,6.0,1.0,5.0
1775300405.0063295,4.0,2.0,4.0
1775300405.0163295,6.0,-1.0,6.0
1775300405.0263295,5.0,0.0,4.0
1775300405.0363295,4.0,2.0,5.0
1775300405.0463295,1.0,1.0,8.0
1775300405.0563295,4.0,1.0,0.0
1775300405.0663297,3.0,0.0,7.0
1775300405.0763297,6.0,0.0,7.0
1775300405.0863297,8.0,-3.0,9.0
1775300405.0963297,8.0,0.0,12.0
1775300405.1063297,6.0,0.0,9.0
1775300405.1163297,5.0,1.0,17.0
1775300405.1263297,1.0,6.0,15.0
1775300405.1363297,1.0,4.0,22.0
1775300405.1463296,2.0,-1.0,22.0
1775300405.1563296,1.0,-5.0,18.0
1775300405.1663296,1.0,-6.0,23.0
1775300405.1763296,0.0,0.0,25.0
1775300405.1863296,2.0,3.0,25.0
1775300405.1963296,1.0,3.0,22.0
1775300405.2063296,5.0,3.0,13.0
1775300405.2163296,1.0,6.0,12.0
1775300405.2263296,1.0,1.0,3.0
1775300405.2363296,1.0,4.0,-5.0
1775300405.2463295,3.0,6.0,-3.0
1775300405.2563295,-5.0,6.0,-1.0
1775300405.2663295,-9.0,8.0,7.0
1775300405.2763295,-8.0,10.0,4.0
1775300405.2863295,-11.0,7.0,1.0
1775300405.2973297,-6.0,5.0,0.0
1775300405.3063295,0.0,6.0,0.0
1775300405.3173296,0.0,2.0,-1.0
1775300405.3263297,-1.0,0.0,1.0
1775300405.3373296,-3.0,0.0,0.0
1775300405.3473296,-5.0,3.0,0.0
1775300405.3573296,-5.0,1.0,-4.0
1775300405.3673296,-8.0,3.0,2.0
1775300405.3773296,-4.0,0.0,5.0
1775300405.3873296,-4.0,-1.0,7.0
1775300405.3973296,-7.0,-2.0,13.0
1775300405.4073296,-1.0,-1.0,13.0
1775300405.4173295,2.0,-3.0,8.0
1775300405.4273295,0.0,-3.0,15.0
1775300405.4373295,-5.0,-1.0,13.0
1775300405.4473295,-2.0,-3.0,14.0
1775300405.4573295,-4.0,-3.0,13.0
1775300405.4673295,-10.0,-5.0,9.0
1775300405.4773295,-10.0,-5.0,10.0
1775300405.4873295,-9.0,-7.0,5.0
1775300405.4973297,-4.0,-2.0,17.0
1775300405.5073297,-4.0,-2.0,17.0
1775300405.5173297,-6.0,-3.0,20.0
1775300405.5273297,-6.0,-2.0,7.0
1775300405.5373297,1.0,0.0,4.0
1775300405.5473297,-1.0,-1.0,7.0
1775300405.5573297,-1.0,0.0,12.0
1775300405.5673296,-3.0,0.0,12.0
1775300405.5773296,-2.0,5.0,4.0
1775300405.5873296,-1.0,8.0,1.0
1775300405.5973296,-6.0,7.0,2.0
1775300405.6073296,-6.0,3.0,2.0
1775300405.6173296,-7.0,-1.0,0.0
1775300405.6273296,-7.0,-2.0,0.0
1775300405.6373296,-4.0,1.0,6.0
1775300405.6473296,0.0,3.0,10.0
1775300405.6573296,0.0,2.0,7.0
1775300405.6673295,-1.0,2.0,8.0
1775300405.6773295,-2.0,0.0,9.0
1775300405.6873295,-3.0,0.0,4.0
1775300405.6973295,-1.0,-1.0,8.0
1775300405.7073295,0.0,-1.0,9.0
1775300405.7173295,2.0,0.0,11.0
1775300405.7273295,4.0,-3.0,8.0
1775300405.7373295,0.0,-3.0,0.0
1775300405.7473297,0.0,-2.0,5.0
1775300405.7573297,-3.0,0.0,9.0
1775300405.7673297,-4.0,-1.0,18.0
1775300405.7773297,-2.0,0.0,16.0
1775300405.7873297,0.0,-3.0,21.0
1775300405.7973297,-4.0,0.0,18.0
1775300405.8073297,-5.0,6.0,9.0
1775300405.8173296,-1.0,4.0,6.0
1775300405.8273296,-1.0,1.0,0.0
1775300405.8373296,-5.0,1.0,-3.0
1775300405.8473296,-2.0,8.0,1.0
1775300405.8573296,2.0,5.0,5.0
1775300405.8673296,3.0,7.0,3.0
1775300405.8773296,0.0,12.0,0.0
1775300405.8873296,0.0,10.0,3.0
1775300405.8973296,2.0,9.0,1.0
1775300405.9073296,1.0,5.0,5.0
1775300405.9173295,0.0,3.0,8.0
1775300405.9273295,0.0,-1.0,20.0
1775300405.9373295,-4.0,-4.0,20.0
1775300405.9473295,-5.0,-1.0,23.0
1775300405.9573295,-7.0,-2.0,19.0
1775300405.9673295,-6.0,-6.0,20.0
1775300405.9773295,-3.0,0.0,13.0
1775300405.9873295,-4.0,0.0,12.0
1775300405.9973297,-4.0,3.0,10.0
1775300406.0073297,-2.0,5.0,7.0
1775300406.0173297,2.0,5.0,5.0
1775300406.0273297,0.0,4.0,8.0
1775300406.0373297,0.0,2.0,9.0
1775300406.0473297,-5.0,1.0,7.0
1775300406.0573297,-1.0,-2.0,16.0
1775300406.0673296,0.0,-3.0,16.0
1775300406.0773296,-1.0,-1.0,15.0
1775300406.0873296,1.0,0.0,18.0
1775300406.0973296,-1.0,0.0,5.0
1775300406.1073296,3.0,0.0,3.0
1775300406.1173296,4.0,-4.0,3.0
1775300406.1273296,0.0,-8.0,3.0
1775300406.1373296,0.0,-2.0,5.0
1775300406.1473296,-1.0,4.0,11.0
1775300406.1573296,0.0,3.0,13.0
1775300406.1673295,-1.0,-1.0,17.0
1775300406.1773295,0.0,-5.0,13.0
1775300406.1873295,-1.0,-9.0,16.0
1775300406.1973295,-2.0,-8.0,13.0
1775300406.2073295,2.0,-8.0,11.0
1775300406.2173295,3.0,-8.0,9.0
1775300406.2273295,5.0,-6.0,7.0
1775300406.2373295,2.0,-4.0,12.0
1775300406.2473297,0.0,-6.0,9.0
1775300406.2573297,-3.0,-2.0,8.0
1775300406.2673297,2.0,-1.0,10.0
1775300406.2773297,2.0,0.0,13.0
1775300406.2873297,6.0,2.0,10.0
1775300406.2973297,10.0,4.0,12.0
1775300406.3073297,8.0,5.0,1.0
1775300406.3173296,5.0,3.0,3.0
1775300406.3273296,4.0,2.0,6.0
1775300406.3373296,4.0,4.0,5.0
1775300406.3473296,5.0,3.0,6.0
1775300406.3573296,3.0,0.0,0.0
1775300406.3673296,1.0,0.0,-5.0
1775300406.3773296,2.0,-2.0,-2.0
1775300406.3873296,0.0,-1.0,-7.0
1775300406.3973296,2.0,-1.0,-5.0
1775300406.4073296,0.0,0.0,5.0
1775300406.4173295,0.0,0.0,3.0
1775300406.4273295,-3.0,2.0,8.0
1775300406.4373295,-3.0,0.0,9.0
1775300406.4473295,0.0,-3.0,13.0
1775300406.4573295,2.0,-1.0,12.0
1775300406.4673295,8.0,3.0,7.0
1775300406.4773295,7.0,-1.0,-4.0
1775300406.4873295,5.0,-2.0,-11.0
1775300406.4973297,5.0,-2.0,-7.0
1775300406.5073297,4.0,0.0,-3.0
1775300406.5173297,5.0,0.0,0.0
1775300406.5273297,1.0,0.0,-5.0
1775300406.5373297,3.0,2.0,0.0
1775300406.5473297,1.0,3.0,0.0
1775300406.5573297,0.0,4.0,3.0
1775300406.5673296,0.0,-2.0,1.0
1775300406.5773296,7.0,-5.0,4.0
1775300406.5873296,6.0,-5.0,9.0
1775300406.5973296,2.0,-6.0,9.0
1775300406.6073296,1.0,-3.0,12.0
1775300406.6173296,0.0,-6.0,12.0
1775300406.6273296,0.0,-8.0,14.0
1775300406.6373296,-1.0,-7.0,13.0
1775300406.6473296,-2.0,-8.0,14.0
1775300406.6573296,-2.0,-5.0,13.0
1775300406.6673295,-2.0,-2.0,14.0
1775300406.6773295,-1.0,0.0,14.0
1775300406.6873295,1.0,0.0,17.0
1775300406.6973295,4.0,1.0,17.0
1775300406.7073295,0.0,2.0,21.0
1775300406.7173295,-2.0,1.0,18.0
1775300406.7273295,0.0,2.0,22.0
1775300406.7373295,3.0,3.0,15.0
1775300406.7473297,4.0,6.0,9.0
1775300406.7573297,2.0,10.0,12.0
1775300406.7673297,4.0,8.0,17.0
1775300406.7773297,7.0,5.0,17.0
1775300406.7873297,2.0,6.0,14.0
1775300406.7973297,2.0,1.0,11.0
1775300406.8073297,1.0,5.0,12.0
1775300406.8173296,0.0,4.0,5.0
1775300406.8273296,2.0,5.0,-1.0
1775300406.8373296,0.0,4.0,2.0
1775300406.8473296,-1.0,-4.0,4.0
1775300406.8573296,-4.0,-1.0,5.0
1775300406.8673296,-2.0,2.0,3.0
1775300406.8773296,1.0,6.0,6.0
1775300406.8873296,1.0,7.0,9.0
1775300406.8973296,-3.0,9.0,8.0
1775300406.9073296,-7.0,5.0,6.0
1775300406.9173295,-5.0,3.0,10.0
1775300406.9273295,-4.0,2.0,7.0
1775300406.9373295,-3.0,3.0,10.0
1775300406.9473295,-2.0,3.0,16.0
1775300406.9573295,-4.0,2.0,19.0
1775300406.9673295,-7.0,2.0,23.0
1775300406.9773295,-7.0,3.0,22.0
1775300406.9873295,-4.0,1.0,20.0
1775300406.9973297,-1.0,-1.0,20.0
1775300407.0073297,0.0,-3.0,21.0
1775300407.0173297,0.0,-2.0,17.0
1775300407.0273297,1.0,-3.0,11.0
1775300407.0373297,2.0,-6.0,10.0
1775300407.0473297,0.0,-1.0,10.0
1775300407.0573297,2.0,3.0,6.0
1775300407.0673296,-2.0,3.0,7.0
1775300407.0773296,-2.0,0.0,1.0
1775300407.0873296,1.0,2.0,4.0
1775300407.0973296,0.0,1.0,-1.0
1775300407.1073296,-2.0,2.0,-4.0
1775300407.1173296,3.0,2.0,-9.0
1775300407.1273296,8.0,-1.0,-4.0
1775300407.1373296,5.0,1.0,-1.0
1775300407.1473296,6.0,2.0,-2.0
1775300407.1573296,7.0,0.0,0.0
1775300407.1673295,3.0,3.0,1.0
1775300407.1773295,2.0,3.0,8.0
1775300407.1873295,0.0,2.0,6.0
1775300407.1973295,2.0,1.0,8.0
1775300407.2073295,3.0,-3.0,12.0
1775300407.2173295,2.0,-5.0,14.0
1775300407.2273295,2.0,-12.0,11.0
1775300407.2373295,4.0,-12.0,9.0
1775300407.2473297,5.0,-12.0,6.0
1775300407.2573297,4.0,-6.0,0.0
1775300407.2673297,1.0,-4.0,0.0
1775300407.2773297,-1.0,-2.0,3.0
1775300407.2873297,0.0,-6.0,-1.0
1775300407.2973297,3.0,-3.0,-5.0
1775300407.3073297,3.0,0.0,-1.0
1775300407.3173296,2.0,-1.0,0.0
1775300407.3273296,0.0,1.0,6.0
1775300407.3373296,-5.0,5.0,1.0
1775300407.3473296,-6.0,6.0,0.0
1775300407.3573296,-4.0,8.0,2.0
1775300407.3673296,-2.0,6.0,1.0
1775300407.3773296,3.0,4.0,0.0
1775300407.3873296,4.0,3.0,1.0
1775300407.3973296,1.0,5.0,4.0
1775300407.4073296,0.0,0.0,6.0
1775300407.4173295,4.0,-4.0,14.0
1775300407.4273295,1.0,-4.0,15.0
1775300407.4373295,3.0,-3.0,12.0
1775300407.4473295,2.0,-2.0,12.0
1775300407.4573295,-1.0,-2.0,13.0
1775300407.4673295,-2.0,-2.0,12.0
1775300407.4773295,-2.0,0.0,19.0
1775300407.4873295,-3.0,0.0,19.0
1775300407.4973297,-2.0,-5.0,17.0
1775300407.5073297,1.0,-3.0,13.0
1775300407.5173297,1.0,-8.0,14.0
1775300407.5273297,-3.0,-7.0,13.0
1775300407.5373297,-5.0,-3.0,16.0
1775300407.5473297,-3.0,-3.0,19.0
1775300407.5573297,-1.0,0.0,10.0
1775300407.5673296,3.0,0.0,9.0
1775300407.5773296,0.0,-1.0,1.0
1775300407.5873296,1.0,-4.0,0.0
1775300407.5983295,1.0,-6.0,3.0
1775300407.6073296,0.0,-2.0,4.0
1775300407.6183295,-3.0,1.0,6.0
1775300407.6283295,-7.0,0.0,6.0
1775300407.6383295,-4.0,1.0,7.0
1775300407.6483295,-2.0,4.0,6.0
1775300407.6583295,0.0,7.0,11.0
1775300407.6683297,-3.0,3.0,15.0
1775300407.6783297,2.0,3.0,10.0
1775300407.6883297,3.0,1.0,11.0
1775300407.6983297,3.0,2.0,5.0
1775300407.7083297,3.0,-3.0,11.0
1775300407.7183297,-5.0,-3.0,16.0
1775300407.7283297,-7.0,-5.0,15.0
1775300407.7383296,-4.0,-5.0,11.0
1775300407.7483296,-4.0,-7.0,9.0
1775300407.7583296,-4.0,-6.0,6.0
1775300407.7683296,-1.0,-3.0,11.0
1775300407.7783296,-1.0,-4.0,6.0
1775300407.7883296,-4.0,-1.0,4.0
1775300407.7983296,-4.0,1.0,2.0
1775300407.8083296,-3.0,0.0,0.0
1775300407.8183296,-2.0,1.0,6.0
1775300407.8283296,-3.0,5.0,5.0
1775300407.8383296,0.0,6.0,9.0
1775300407.8483295,0.0,6.0,3.0
1775300407.8583295,1.0,1.0,5.0
1775300407.8683295,0.0,2.0,8.0
1775300407.8783295,4.0,3.0,8.0
1775300407.8883295,5.0,1.0,9.0
1775300407.8983295,2.0,2.0,11.0
1775300407.9083295,0.0,2.0,17.0
1775300407.9183297,0.0,3.0,21.0
1775300407.9283297,0.0,4.0,13.0
1775300407.9383297,0.0,6.0,8.0
1775300407.9483297,-1.0,2.0,5.0
1775300407.9583297,-1.0,4.0,7.0
1775300407.9683297,-3.0,3.0,5.0
1775300407.9783297,0.0,0.0,4.0
1775300407.9883296,0.0,2.0,7.0
1775300407.9983296,0.0,0.0,1.0
1775300408.0083296,-6.0,0.0,7.0
1775300408.0183296,-6.0,2.0,11.0
1775300408.0283296,-9.0,1.0,14.0
1775300408.0383296,-6.0,1.0,13.0
1775300408.0483296,-4.0,4.0,12.0
1775300408.0583296,-5.0,5.0,11.0
1775300408.0683296,-9.0,7.0,16.0
1775300408.0783296,-6.0,7.0,14.0
1775300408.0883296,-6.0,7.0,17.0
1775300408.0983295,-4.0,7.0,21.0
1775300408.1083295,-4.0,4.0,22.0
1775300408.1183295,-4.0,0.0,17.0
1775300408.1283295,-3.0,-3.0,13.0
1775300408.1383295,-5.0,-1.0,10.0
1775300408.1483295,-4.0,-4.0,10.0
1775300408.1583295,-2.0,-2.0,13.0
1775300408.1683297,-2.0,-5.0,11.0
1775300408.1783297,-4.0,-7.0,15.0
1775300408.1883297,0.0,-7.0,11.0
1775300408.1983297,-3.0,-2.0,15.0
1775300408.2083297,-3.0,-1.0,18.0
1775300408.2183297,1.0,-3.0,27.0
1775300408.2283297,0.0,-3.0,24.0
1775300408.2383296,-1.0,-5.0,19.0
1775300408.2483296,1.0,-3.0,13.0
1775300408.2583296,0.0,-1.0,13.0
1775300408.2683296,-4.0,0.0,14.0
1775300408.2783296,-3.0,-2.0,12.0
1775300408.2883296,-1.0,-4.0,17.0
1775300408.2983296,-1.0,-1.0,16.0
1775300408.3083296,-4.0,3.0,12.0
1775300408.3183296,-1.0,6.0,11.0
1775300408.3283296,-2.0,5.0,12.0
1775300408.3383296,-6.0,5.0,16.0
1775300408.3483295,-3.0,5.0,13.0
1775300408.3583295,0.0,3.0,7.0
1775300408.3683295,3.0,0.0,0.0
1775300408.3783295,4.0,-4.0,1.0
1775300408.3883295,1.0,-3.0,0.0
1775300408.3983295,-3.0,-2.0,-1.0
1775300408.4083295,-3.0,-5.0,0.0
1775300408.4183297,1.0,-3.0,-2.0
1775300408.4283297,1.0,0.0,1.0
1775300408.4383297,-4.0,4.0,3.0
1775300408.4483297,-4.0,2.0,7.0
1775300408.4583297,0.0,4.0,9.0
1775300408.4683297,1.0,2.0,6.0
1775300408.4783297,0.0,0.0,7.0
1775300408.4883296,0.0,0.0,2.0
1775300408.4983296,-6.0,-2.0,5.0
1775300408.5083296,-3.0,0.0,4.0
1775300408.5183296,-1.0,6.0,10.0
1775300408.5283296,-2.0,6.0,12.0
1775300408.5383296,0.0,1.0,18.0
1775300408.5483296,3.0,-2.0,13.0
1775300408.5583296,4.0,-3.0,7.0
1775300408.5683296,1.0,-2.0,6.0
1775300408.5783296,1.0,-2.0,0.0
1775300408.5883296,6.0,4.0,5.0
1775300408.5983295,5.0,9.0,4.0
1775300408.6083295,1.0,9.0,8.0
1775300408.6183295,5.0,4.0,11.0
1775300408.6283295,5.0,0.0,5.0
1775300408.6383295,1.0,2.0,7.0
1775300408.6483295,1.0,1.0,5.0
1775300408.6583295,2.0,0.0,7.0
1775300408.6683297,-4.0,-1.0,14.0
1775300408.6783297,-7.0,2.0,7.0
1775300408.6883297,-9.0,0.0,10.0
1775300408.6983297,-6.0,-1.0,5.0
1775300408.7083297,-4.0,-3.0,9.0
1775300408.7183297,-2.0,-5.0,4.0
1775300408.7283297,0.0,-4.0,7.0
1775300408.7383296,-3.0,-2.0,9.0
1775300408.7483296,-3.0,-3.0,1.0
1775300408.7583296,0.0,-2.0,0.0
1775300408.7683296,3.0,0.0,0.0
1775300408.7783296,3.0,-2.0,2.0
1775300408.7883296,3.0,-6.0,7.0
1775300408.7983296,-1.0,-5.0,15.0
1775300408.8083296,-5.0,-6.0,10.0
1775300408.8183296,-1.0,-9.0,3.0
1775300408.8283296,1.0,-9.0,2.0
1775300408.8383296,1.0,-7.0,4.0
1775300408.8483295,3.0,-6.0,10.0
1775300408.8583295,2.0,-6.0,11.0
1775300408.8683295,0.0,0.0,13.0
1775300408.8783295,0.0,0.0,13.0
1775300408.8883295,-1.0,-1.0,8.0
1775300408.8983295,1.0,-4.0,6.0
1775300408.9083295,-1.0,-3.0,7.0
1775300408.9183297,1.0,-2.0,8.0
1775300408.9283297,0.0,-5.0,4.0
1775300408.9383297,2.0,-5.0,11.0
1775300408.9483297,-2.0,-8.0,0.0
1775300408.9583297,-2.0,-5.0,3.0
1775300408.9683297,-3.0,-4.0,0.0
1775300408.9783297,-1.0,-3.0,2.0
1775300408.9883296,-2.0,-5.0,9.0
1775300408.9983296,-3.0,-7.0,8.0
1775300409.0083296,-3.0,-6.0,7.0
1775300409.0183296,-3.0,-2.0,0.0
1775300409.0283296,-1.0,0.0,4.0
1775300409.0383296,0.0,0.0,11.0
1775300409.0483296,1.0,0.0,14.0
1775300409.0583296,0.0,-1.0,12.0
1775300409.0683296,1.0,-4.0,3.0
1775300409.0783296,0.0,0.0,2.0
1775300409.0883296,-2.0,2.0,1.0
1775300409.0983295,1.0,4.0,8.0
1775300409.1083295,3.0,5.0,11.0
1775300409.1183295,0.0,5.0,10.0
1775300409.1283295,0.0,0.0,7.0
1775300409.1383295,-5.0,-1.0,5.0
1775300409.1483295,-3.0,0.0,6.0
1775300409.1583295,2.0,0.0,4.0
1775300409.1683297,1.0,0.0,4.0
1775300409.1783297,0.0,1.0,6.0
1775300409.1883297,0.0,2.0,8.0
1775300409.1983297,0.0,4.0,7.0
1775300409.2083297,0.0,4.0,3.0
1775300409.2183297,1.0,2.0,3.0
1775300409.2283297,3.0,3.0,4.0
1775300409.2383296,5.0,6.0,10.0
1775300409.2483296,5.0,2.0,9.0
1775300409.2583296,11.0,0.0,9.0
1775300409.2683296,5.0,-2.0,9.0
1775300409.2783296,1.0,-6.0,14.0
1775300409.2883296,2.0,-6.0,19.0
1775300409.2983296,1.0,-3.0,12.0
1775300409.3083296,0.0,-2.0,11.0
1775300409.3183296,1.0,3.0,7.0
1775300409.3283296,1.0,5.0,12.0
1775300409.3383296,4.0,6.0,10.0
1775300409.3483295,5.0,3.0,15.0
1775300409.3583295,3.0,-2.0,14.0
1775300409.3683295,2.0,-1.0,9.0
1775300409.3783295,4.0,1.0,3.0
1775300409.3883295,-3.0,0.0,1.0
1775300409.3983295,-2.0,-7.0,7.0
1775300409.4083295,1.0,-8.0,7.0
1775300409.4183297,1.0,-8.0,13.0
1775300409.4283297,1.0,-3.0,18.0
1775300409.4383297,4.0,-4.0,15.0
1775300409.4483297,9.0,0.0,18.0
1775300409.4583297,9.0,0.0,12.0
1775300409.4683297,4.0,3.0,9.0
1775300409.4783297,0.0,2.0,8.0
1775300409.4883296,-3.0,-2.0,14.0
1775300409.4983296,-8.0,-1.0,17.0
1775300409.5083296,-6.0,0.0,8.0
1775300409.5183296,-4.0,1.0,7.0
1775300409.5283296,-5.0,2.0,4.0
1775300409.5383296,-7.0,0.0,0.0
1775300409.5483296,-7.0,-1.0,7.0
1775300409.5583296,-8.0,0.0,5.0
1775300409.5683296,-5.0,1.0,8.0
1775300409.5783296,-2.0,2.0,9.0
1775300409.5883296,-4.0,0.0,10.0
1775300409.5983295,0.0,-4.0,11.0
1775300409.6083295,2.0,-2.0,10.0
1775300409.6183295,4.0,-2.0,13.0
1775300409.6283295,3.0,-3.0,8.0
1775300409.6383295,3.0,-2.0,11.0
1775300409.6483295,2.0,-1.0,12.0
1775300409.6583295,3.0,-3.0,10.0
1775300409.6683297,0.0,-1.0,6.0
1775300409.6783297,-3.0,-4.0,12.0
1775300409.6883297,-4.0,-2.0,14.0
1775300409.6983297,0.0,-4.0,13.0
1775300409.7083297,-1.0,-4.0,13.0
1775300409.7183297,0.0,-3.0,9.0
1775300409.7283297,-1.0,-7.0,1.0
1775300409.7383296,0.0,-10.0,0.0
1775300409.7483296,-1.0,-13.0,9.0
1775300409.7583296,1.0,-4.0,11.0
1775300409.7683296,0.0,-4.0,8.0
1775300409.7783296,2.0,-4.0,10.0
1775300409.7883296,-2.0,0.0,6.0
1775300409.7983296,-3.0,-1.0,1.0
1775300409.8083296,-9.0,-1.0,0.0
1775300409.8183296,-8.0,-1.0,1.0
1775300409.8283296,-9.0,1.0,-4.0
1775300409.8383296,-6.0,4.0,2.0
1775300409.8483295,-7.0,6.0,5.0
1775300409.8583295,-1.0,2.0,5.0
1775300409.8683295,2.0,2.0,5.0
1775300409.8793297,1.0,1.0,5.0
1775300409.8893297,4.0,3.0,8.0
1775300409.8993297,1.0,1.0,12.0
1775300409.9093297,1.0,0.0,10.0
1775300409.9193296,0.0,-1.0,9.0
1775300409.9293296,0.0,0.0,9.0
1775300409.9393296,4.0,0.0,8.0
1775300409.9493296,0.0,4.0,9.0
1775300409.9593296,0.0,1.0,4.0
1775300409.9693296,-1.0,1.0,5.0
1775300409.9793296,3.0,-2.0,-1.0
1775300409.9893296,6.0,-1.0,-2.0
1775300409.9993296,9.0,-2.0,-6.0
1775300410.0093296,7.0,-3.0,-3.0
1775300410.0193295,7.0,-3.0,-4.0
1775300410.0293295,9.0,0.0,2.0
1775300410.0393295,9.0,1.0,10.0
1775300410.0493295,2.0,6.0,11.0
1775300410.0593295,0.0,6.0,14.0
1775300410.0693295,-2.0,4.0,19.0
1775300410.0793295,0.0,5.0,17.0
1775300410.0893295,2.0,2.0,14.0
1775300410.0993297,2.0,1.0,12.0
1775300410.1093297,0.0,0.0,15.0
1775300410.1193297,-2.0,0.0,9.0
1775300410.1293297,-3.0,0.0,10.0
1775300410.1393297,-7.0,-1.0,11.0
1775300410.1493297,-8.0,-2.0,11.0
1775300410.1593297,-3.0,-6.0,6.0
1775300410.1693296,-5.0,-10.0,9.0
1775300410.1793296,-3.0,-9.0,16.0
1775300410.1893296,-2.0,-3.0,20.0
1775300410.1993296,0.0,-2.0,19.0
1775300410.2093296,7.0,0.0,16.0
1775300410.2193296,4.0,-1.0,12.0
1775300410.2293296,6.0,-6.0,10.0
1775300410.2393296,7.0,-3.0,-1.0
1775300410.2493296,3.0,0.0,0.0
1775300410.2593296,1.0,0.0,-1.0
1775300410.2693295,-1.0,0.0,-3.0
1775300410.2793295,-7.0,3.0,0.0
1775300410.2893295,-5.0,2.0,0.0
1775300410.2993295,-1.0,0.0,3.0
1775300410.3093295,3.0,5.0,8.0
1775300410.3193295,5.0,3.0,13.0
1775300410.3293295,1.0,2.0,5.0
1775300410.3393295,2.0,2.0,6.0
1775300410.3493297,2.0,-1.0,8.0
1775300410.3593297,2.0,3.0,7.0
1775300410.3693297,-1.0,3.0,13.0
1775300410.3793297,-7.0,5.0,18.0
1775300410.3893297,-6.0,4.0,8.0
1775300410.3993297,-8.0,0.0,2.0
1775300410.4093297,-7.0,0.0,-2.0
1775300410.4193296,0.0,-5.0,2.0
1775300410.4293296,0.0,-4.0,2.0
1775300410.4393296,3.0,-2.0,8.0
1775300410.4493296,-2.0,0.0,10.0
1775300410.4593296,-4.0,-3.0,12.0
1775300410.4693296,0.0,-1.0,16.0
1775300410.4793296,0.0,0.0,18.0
1775300410.4893296,6.0,-2.0,17.0
1775300410.4993296,6.0,-2.0,12.0
1775300410.5093296,2.0,-4.0,17.0
1775300410.5193295,3.0,1.0,14.0
1775300410.5293295,4.0,1.0,15.0
1775300410.5393295,4.0,5.0,11.0
1775300410.5493295,1.0,1.0,11.0
1775300410.5593295,0.0,0.0,14.0
1775300410.5693295,-4.0,1.0,10.0
1775300410.5793295,-7.0,0.0,12.0
1775300410.5893295,-9.0,-3.0,10.0
1775300410.5993297,-11.0,0.0,2.0
1775300410.6093297,-10.0,0.0,2.0
1775300410.6193297,-11.0,1.0,3.0
1775300410.6293297,-18.0,-1.0,-1.0
1775300410.6393297,-14.0,-3.0,-3.0
1775300410.6493297,-12.0,-1.0,2.0
1775300410.6593297,-9.0,1.0,9.0
1775300410.6693296,-6.0,5.0,6.0
1775300410.6793296,-8.0,3.0,4.0
1775300410.6893296,-7.0,-1.0,4.0
1775300410.6993296,-10.0,0.0,5.0
1775300410.7093296,-3.0,4.0,2.0
1775300410.7193296,-1.0,0.0,1.0
1775300410.7293296,-1.0,-2.0,6.0
1775300410.7393296,0.0,1.0,9.0
1775300410.7493296,-1.0,0.0,12.0
1775300410.7593296,-3.0,0.0,7.0
1775300410.7693295,-2.0,-1.0,15.0
1775300410.7793295,1.0,2.0,11.0
1775300410.7893295,4.0,5.0,16.0
1775300410.7993295,3.0,6.0,18.0
1775300410.8093295,-2.0,2.0,20.0
1775300410.8193295,-3.0,-1.0,19.0
1775300410.8293295,-2.0,1.0,19.0
1775300410.8393295,0.0,0.0,26.0
1775300410.8493297,0.0,0.0,18.0
1775300410.8593297,1.0,0.0,15.0
1775300410.8693297,2.0,2.0,14.0
1775300410.8793297,3.0,3.0,12.0
1775300410.8893297,5.0,1.0,16.0
1775300410.8993297,0.0,-2.0,17.0
1775300410.9093297,0.0,-2.0,13.0
1775300410.9193296,2.0,-2.0,12.0
1775300410.9293296,1.0,-2.0,10.0
1775300410.9393296,0.0,3.0,11.0
1775300410.9493296,-1.0,5.0,11.0
1775300410.9593296,2.0,2.0,13.0
1775300410.9693296,4.0,4.0,20.0
1775300410.9793296,3.0,4.0,20.0
1775300410.9893296,4.0,3.0,17.0
1775300410.9993296,3.0,1.0,13.0
1775300411.0093296,2.0,-3.0,8.0
1775300411.0193295,1.0,-5.0,10.0
1775300411.0293295,2.0,-2.0,6.0
1775300411.0393295,1.0,-1.0,10.0
1775300411.0493295,0.0,-1.0,11.0
1775300411.0593295,-1.0,0.0,8.0
1775300411.0693295,-6.0,0.0,6.0
1775300411.0793295,-3.0,1.0,2.0
1775300411.0893295,1.0,0.0,5.0
1775300411.0993297,4.0,0.0,12.0
1775300411.1093297,0.0,2.0,12.0
1775300411.1193297,-3.0,-1.0,14.0
1775300411.1293297,-6.0,-8.0,12.0
1775300411.1393297,-3.0,-8.0,15.0
1775300411.1493297,0.0,-4.0,22.0
1775300411.1593297,-1.0,-1.0,19.0
1775300411.1693296,-4.0,0.0,15.0
1775300411.1793296,-6.0,0.0,12.0
1775300411.1893296,-7.0,-1.0,6.0
1775300411.1993296,-7.0,0.0,5.0
1775300411.2093296,-2.0,1.0,9.0
1775300411.2193296,0.0,1.0,9.0
1775300411.2293296,0.0,0.0,5.0
1775300411.2393296,0.0,0.0,5.0
1775300411.2493296,0.0,3.0,5.0
1775300411.2593296,0.0,3.0,4.0
1775300411.2693295,-2.0,1.0,8.0
1775300411.2793295,0.0,0.0,5.0
1775300411.2893295,-2.0,-1.0,10.0
1775300411.2993295,-4.0,-3.0,9.0
1775300411.3093295,-5.0,0.0,4.0
1775300411.3193295,-5.0,4.0,0.0
1775300411.3293295,-4.0,-1.0,0.0
1775300411.3393295,-3.0,-2.0,2.0
1775300411.3503296,-1.0,0.0,0.0
1775300411.3593297,-2.0,-1.0,1.0
1775300411.3693297,-2.0,0.0,4.0
1775300411.3793297,-5.0,-2.0,10.0
1775300411.3893297,-4.0,0.0,15.0
1775300411.3993297,-5.0,-3.0,17.0
1775300411.4093297,-3.0,0.0,19.0
1775300411.4193296,-4.0,1.0,17.0
1775300411.4293296,-2.0,5.0,15.0
1775300411.4393296,0.0,0.0,13.0
1775300411.4493296,0.0,-1.0,14.0
1775300411.4593296,-3.0,0.0,15.0
1775300411.4693296,-6.0,-3.0,23.0
1775300411.4793296,-4.0,-4.0,15.0
1775300411.4893296,-3.0,-3.0,15.0
1775300411.4993296,0.0,-6.0,10.0
1775300411.5093296,0.0,-3.0,6.0
1775300411.5193295,3.0,-4.0,10.0
1775300411.5293295,3.0,-5.0,5.0
1775300411.5393295,3.0,-3.0,-1.0
1775300411.5493295,6.0,-1.0,1.0
1775300411.5593295,2.0,-2.0,1.0
1775300411.5693295,-3.0,-2.0,3.0
1775300411.5793295,-4.0,0.0,11.0
1775300411.5893295,-2.0,0.0,12.0
1775300411.5993297,-5.0,-3.0,7.0
1775300411.6093297,-2.0,1.0,5.0
1775300411.6193297,2.0,4.0,4.0
1775300411.6293297,0.0,2.0,7.0
1775300411.6393297,0.0,-2.0,6.0
1775300411.6493297,-2.0,-1.0,0.0
1775300411.6593297,-1.0,3.0,-2.0
1775300411.6693296,-4.0,-1.0,-4.0
1775300411.6793296,-4.0,3.0,-6.0
1775300411.6893296,-4.0,4.0,-3.0
1775300411.6993296,-4.0,3.0,-3.0
1775300411.7093296,-1.0,4.0,2.0
1775300411.7193296,0.0,3.0,4.0
1775300411.7293296,0.0,3.0,8.0
1775300411.7393296,0.0,0.0,5.0
1775300411.7493296,-1.0,0.0,1.0
1775300411.7593296,0.0,-2.0,4.0
1775300411.7693295,-2.0,-4.0,7.0
1775300411.7793295,0.0,0.0,11.0
1775300411.7893295,-5.0,-2.0,14.0
1775300411.7993295,-4.0,-6.0,18.0
1775300411.8093295,-3.0,0.0,17.0
1775300411.8193295,-3.0,2.0,19.0
1775300411.8293295,-6.0,0.0,17.0
1775300411.8393295,-2.0,1.0,11.0
1775300411.8493297,-5.0,0.0,14.0
1775300411.8593297,-7.0,0.0,15.0
1775300411.8693297,-5.0,-1.0,11.0
1775300411.8793297,-1.0,0.0,16.0
1775300411.8893297,-1.0,-2.0,18.0
1775300411.8993297,4.0,0.0,11.0
1775300411.9093297,0.0,-1.0,6.0
1775300411.9193296,0.0,-3.0,4.0
1775300411.9293296,0.0,-3.0,1.0
1775300411.9393296,1.0,-3.0,-4.0
1775300411.9493296,7.0,0.0,0.0
1775300411.9593296,6.0,-5.0,2.0
1775300411.9693296,6.0,-7.0,0.0
1775300411.9793296,6.0,-4.0,0.0
1775300411.9893296,5.0,-1.0,1.0
1775300411.9993296,0.0,0.0,0.0
1775300412.0093296,0.0,0.0,1.0
1775300412.0193295,0.0,-3.0,6.0
1775300412.0293295,4.0,-1.0,3.0
1775300412.0393295,6.0,-1.0,3.0
1775300412.0493295,3.0,0.0,5.0
1775300412.0593295,3.0,1.0,7.0
1775300412.0693295,-1.0,1.0,7.0
1775300412.0793295,-1.0,1.0,6.0
1775300412.0893295,-5.0,0.0,2.0
1775300412.0993297,-6.0,-1.0,4.0
1775300412.1093297,-9.0,-5.0,8.0
1775300412.1193297,-10.0,-3.0,8.0
1775300412.1293297,-11.0,0.0,10.0
1775300412.1403296,-7.0,5.0,11.0
1775300412.1493297,-11.0,6.0,8.0
1775300412.1593297,-11.0,1.0,9.0
1775300412.1693296,-10.0,0.0,11.0
1775300412.1793296,-8.0,0.0,13.0
1775300412.1903296,-8.0,-1.0,12.0
1775300412.2003295,0.0,-3.0,15.0
1775300412.2103295,0.0,-2.0,9.0
1775300412.2203295,0.0,-2.0,8.0
1775300412.2303295,0.0,0.0,6.0
1775300412.2403295,-3.0,-1.0,10.0
1775300412.2503295,-3.0,-3.0,11.0
1775300412.2603295,-5.0,-4.0,11.0
1775300412.2703297,-7.0,-6.0,18.0
1775300412.2803297,-7.0,-10.0,19.0
1775300412.2903297,-8.0,-3.0,18.0
1775300412.3003297,-7.0,1.0,13.0
1775300412.3103297,-4.0,4.0,11.0
1775300412.3203297,2.0,4.0,15.0
1775300412.3303297,3.0,4.0,15.0
1775300412.3403296,0.0,3.0,14.0
1775300412.3503296,-2.0,0.0,10.0
1775300412.3603296,-3.0,-1.0,5.0
1775300412.3703296,1.0,0.0,0.0
1775300412.3793297,4.0,2.0,0.0
1775300412.3903296,5.0,1.0,2.0
1775300412.4003296,3.0,0.0,4.0
1775300412.4103296,5.0,-3.0,3.0
1775300412.4203296,5.0,-3.0,7.0
1775300412.4303296,0.0,-4.0,8.0
1775300412.4403296,0.0,-3.0,10.0
1775300412.4503295,0.0,-4.0,9.0
1775300412.4603295,0.0,-7.0,17.0
1775300412.4703295,4.0,-4.0,21.0
1775300412.4803295,0.0,-4.0,21.0
1775300412.4903295,0.0,-3.0,14.0
1775300412.5003295,-4.0,-1.0,7.0
1775300412.5103295,-4.0,-1.0,3.0
1775300412.5203297,-8.0,-1.0,3.0
1775300412.5303297,-6.0,0.0,7.0
1775300412.5403297,-1.0,5.0,6.0
1775300412.5503297,-3.0,6.0,2.0
1775300412.5603297,0.0,4.0,-2.0
1775300412.5703297,0.0,3.0,-3.0
1775300412.5803297,-2.0,5.0,-6.0
1775300412.5903296,1.0,3.0,2.0
1775300412.6003296,2.0,-2.0,7.0
1775300412.6103296,0.0,0.0,8.0
1775300412.6203296,4.0,4.0,7.0
1775300412.6303296,7.0,2.0,9.0
1775300412.6403296,5.0,-1.0,4.0
1775300412.6503296,6.0,-3.0,4.0
1775300412.6603296,1.0,-1.0,12.0
1775300412.6703296,0.0,-3.0,18.0
1775300412.6803296,-3.0,-7.0,15.0
1775300412.6903296,-2.0,-5.0,13.0
1775300412.7003295,4.0,-3.0,12.0
1775300412.7103295,2.0,0.0,15.0
1775300412.7203295,2.0,-2.0,13.0
1775300412.7303295,0.0,0.0,16.0
1775300412.7403295,1.0,-3.0,13.0
1775300412.7503295,-2.0,-2.0,13.0
1775300412.7603295,-4.0,1.0,16.0
1775300412.7703297,-9.0,1.0,15.0
1775300412.7803297,-7.0,3.0,13.0
1775300412.7903297,-6.0,1.0,10.0
1775300412.8003297,-3.0,2.0,10.0
1775300412.8103297,0.0,4.0,8.0
1775300412.8203297,0.0,3.0,6.0
1775300412.8303297,-3.0,3.0,8.0
1775300412.8403296,-1.0,0.0,10.0
1775300412.8503296,-4.0,1.0,10.0
1775300412.8603296,-1.0,0.0,4.0
1775300412.8703296,2.0,3.0,3.0
1775300412.8803296,3.0,4.0,5.0
1775300412.8903296,0.0,0.0,13.0
1775300412.9003296,-2.0,-2.0,13.0
1775300412.9103296,-3.0,-1.0,10.0
1775300412.9203296,0.0,0.0,5.0
1775300412.9303296,0.0,-3.0,10.0
1775300412.9403296,0.0,-3.0,13.0
1775300412.9503295,2.0,-1.0,14.0
1775300412.9603295,-3.0,0.0,9.0
1775300412.9703295,-8.0,0.0,6.0
1775300412.9803295,-8.0,0.0,-2.0
1775300412.9903295,-4.0,1.0,-8.0
1775300413.0003295,2.0,-2.0,-3.0
1775300413.0103295,2.0,-7.0,-4.0
1775300413.0203297,5.0,-3.0,0.0
1775300413.0303297,3.0,-2.0,7.0
1775300413.0403297,-2.0,-5.0,7.0
1775300413.0503297,-5.0,-4.0,7.0
1775300413.0603297,-10.0,-2.0,8.0
1775300413.0703297,-4.0,0.0,8.0
1775300413.0803297,1.0,-1.0,10.0
1775300413.0903296,3.0,-2.0,9.0
1775300413.1003296,6.0,-1.0,15.0
1775300413.1103296,0.0,-2.0,6.0
1775300413.1203296,2.0,3.0,6.0
1775300413.1303296,-2.0,3.0,6.0
1775300413.1403296,-1.0,4.0,4.0
1775300413.1503296,-5.0,4.0,3.0
1775300413.1603296,-3.0,1.0,9.0
1775300413.1703296,-4.0,-3.0,8.0
1775300413.1803296,-2.0,-3.0,6.0
1775300413.1903296,-2.0,0.0,6.0
1775300413.2003295,-4.0,-3.0,6.0
1775300413.2103295,-1.0,-1.0,-1.0
1775300413.2203295,-1.0,-1.0,-4.0
1775300413.2303295,-5.0,0.0,2.0
1775300413.2403295,-9.0,-3.0,9.0
1775300413.2503295,-11.0,-5.0,10.0
1775300413.2603295,-10.0,0.0,16.0
1775300413.2703297,-7.0,1.0,17.0
1775300413.2803297,-8.0,1.0,7.0
1775300413.2903297,-8.0,2.0,5.0
1775300413.3003297,-9.0,1.0,3.0
1775300413.3103297,-8.0,0.0,6.0
1775300413.3203297,-2.0,4.0,11.0
1775300413.3303297,0.0,4.0,13.0
1775300413.3403296,4.0,4.0,14.0
1775300413.3503296,2.0,4.0,11.0
1775300413.3603296,2.0,4.0,8.0
1775300413.3703296,3.0,3.0,10.0
1775300413.3803296,5.0,1.0,6.0
1775300413.3903296,4.0,4.0,10.0
1775300413.4003296,5.0,3.0,15.0
1775300413.4103296,0.0,0.0,13.0
1775300413.4203296,0.0,0.0,11.0
1775300413.4303296,-1.0,0.0,17.0
1775300413.4403296,-2.0,0.0,12.0
1775300413.4503295,2.0,4.0,14.0
1775300413.4603295,3.0,6.0,15.0
1775300413.4703295,1.0,5.0,3.0
1775300413.4803295,2.0,4.0,5.0
1775300413.4903295,0.0,8.0,9.0
1775300413.5003295,-3.0,6.0,14.0
1775300413.5103295,0.0,7.0,8.0
1775300413.5203297,-4.0,5.0,9.0
1775300413.5303297,-3.0,3.0,9.0
1775300413.5403297,1.0,0.0,14.0
1775300413.5503297,-2.0,0.0,11.0
1775300413.5603297,-2.0,1.0,12.0
1775300413.5703297,-2.0,5.0,11.0
1775300413.5803297,-7.0,0.0,11.0
1775300413.5903296,-9.0,0.0,10.0
1775300413.6003296,-8.0,0.0,14.0
1775300413.6103296,-10.0,-4.0,13.0
1775300413.6203296,-11.0,-4.0,11.0
1775300413.6303296,-5.0,-3.0,5.0
1775300413.6403296,-9.0,-3.0,4.0
1775300413.6503296,-9.0,-3.0,3.0
1775300413.6603296,-5.0,0.0,5.0
1775300413.6703296,-1.0,3.0,7.0
1775300413.6803296,4.0,2.0,13.0
1775300413.6903296,2.0,2.0,18.0
1775300413.7003295,0.0,2.0,17.0
1775300413.7103295,2.0,4.0,14.0
1775300413.7203295,2.0,6.0,15.0
1775300413.7303295,7.0,7.0,15.0
1775300413.7403295,6.0,6.0,10.0
1775300413.7503295,4.0,2.0,8.0
1775300413.7603295,-1.0,4.0,3.0
1775300413.7703297,4.0,2.0,3.0
1775300413.7803297,2.0,1.0,-3.0
1775300413.7903297,0.0,3.0,-5.0
1775300413.8003297,0.0,4.0,-3.0
1775300413.8103297,1.0,3.0,-11.0
1775300413.8203297,8.0,2.0,-12.0
1775300413.8303297,7.0,0.0,-14.0
1775300413.8403296,8.0,1.0,-5.0
1775300413.8503296,5.0,-1.0,-4.0
1775300413.8603296,7.0,-2.0,-7.0
1775300413.8703296,7.0,-3.0,-6.0
1775300413.8803296,3.0,-4.0,-5.0
1775300413.8903296,2.0,-4.0,-9.0
1775300413.9003296,2.0,-4.0,1.0
1775300413.9103296,3.0,-2.0,1.0
1775300413.9203296,3.0,-3.0,-3.0
1775300413.9303296,3.0,2.0,-3.0
1775300413.9403296,7.0,4.0,0.0
1775300413.9503295,2.0,-1.0,-1.0
1775300413.9603295,1.0,-1.0,0.0
1775300413.9703295,2.0,-3.0,1.0
1775300413.9803295,3.0,-1.0,0.0
1775300413.9903295,3.0,-1.0,1.0
1775300414.0003295,2.0,0.0,0.0
1775300414.0103295,-7.0,-6.0,4.0
1775300414.0203297,-5.0,-6.0,10.0
1775300414.0303297,-3.0,-5.0,11.0
1775300414.0403297,0.0,-6.0,5.0
1775300414.0503297,2.0,-7.0,8.0
1775300414.0603297,3.0,-9.0,9.0
1775300414.0703297,-2.0,-6.0,6.0
1775300414.0803297,-5.0,-7.0,10.0
1775300414.0903296,-2.0,-9.0,5.0
1775300414.1003296,1.0,-7.0,4.0
1775300414.1103296,4.0,-3.0,2.0
1775300414.1203296,1.0,-5.0,3.0
1775300414.1303296,-5.0,-5.0,-3.0
1775300414.1403296,-7.0,-3.0,-1.0
1775300414.1503296,-1.0,-4.0,-4.0
1775300414.1603296,-2.0,-9.0,-1.0
1775300414.1703296,-5.0,-10.0,2.0
1775300414.1803296,-6.0,-6.0,-1.0
1775300414.1903296,-3.0,-5.0,-4.0
1775300414.2003295,-3.0,-7.0,-2.0
1775300414.2103295,0.0,-6.0,9.0
1775300414.2203295,4.0,-6.0,8.0
1775300414.2303295,-1.0,-3.0,8.0
1775300414.2403295,-3.0,-1.0,6.0
1775300414.2503295,-4.0,-2.0,9.0
1775300414.2603295,-3.0,-4.0,11.0
1775300414.2703297,-4.0,-7.0,15.0
1775300414.2803297,-4.0,-6.0,13.0
1775300414.2903297,-2.0,-2.0,23.0
1775300414.3003297,-2.0,0.0,10.0
1775300414.3103297,-4.0,-3.0,9.0
1775300414.3203297,-5.0,-8.0,3.0
1775300414.3303297,-2.0,-10.0,4.0
1775300414.3403296,-3.0,-6.0,4.0
1775300414.3503296,-3.0,0.0,0.0
1775300414.3603296,-3.0,1.0,4.0
1775300414.3703296,-3.0,1.0,7.0
1775300414.3803296,-2.0,0.0,8.0
1775300414.3903296,-2.0,-3.0,8.0
1775300414.4003296,-2.0,-4.0,7.0
1775300414.4103296,-6.0,-2.0,8.0
1775300414.4203296,-6.0,-2.0,7.0
1775300414.4303296,-2.0,1.0,0.0
1775300414.4403296,-3.0,0.0,0.0
1775300414.4503295,-5.0,2.0,0.0
1775300414.4613297,-13.0,1.0,2.0
1775300414.4703295,-10.0,1.0,10.0
1775300414.4813297,-6.0,0.0,15.0
1775300414.4903295,-6.0,0.0,9.0
1775300414.5013297,-3.0,-1.0,5.0
1775300414.5113297,-6.0,2.0,5.0
1775300414.5213296,-7.0,1.0,1.0
1775300414.5313296,-6.0,1.0,0.0
1775300414.5413296,2.0,5.0,0.0
1775300414.5513296,2.0,0.0,8.0
1775300414.5613296,-5.0,1.0,8.0
1775300414.5713296,-5.0,1.0,8.0
1775300414.5813296,-3.0,0.0,16.0
1775300414.5913296,-5.0,-1.0,7.0
1775300414.6013296,0.0,1.0,6.0
1775300414.6113296,1.0,2.0,10.0
1775300414.6213295,4.0,0.0,7.0
1775300414.6313295,5.0,1.0,3.0
1775300414.6403296,2.0,1.0,1.0
1775300414.6513295,0.0,0.0,3.0
1775300414.6613295,0.0,0.0,5.0
1775300414.6713295,0.0,-1.0,3.0
1775300414.6813295,0.0,2.0,1.0
1775300414.6913297,-1.0,-1.0,1.0
1775300414.7013297,-1.0,0.0,1.0
1775300414.7113297,-1.0,0.0,5.0
1775300414.7213297,-2.0,-1.0,6.0
1775300414.7313297,-8.0,0.0,1.0
1775300414.7413297,-8.0,0.0,-4.0
1775300414.7513297,-7.0,-4.0,-3.0
1775300414.7613297,-10.0,-2.0,2.0
1775300414.7713296,-7.0,-3.0,4.0
1775300414.7813296,-6.0,0.0,7.0
1775300414.7913296,-6.0,3.0,7.0
1775300414.8013296,-5.0,4.0,12.0
1775300414.8113296,0.0,4.0,9.0
1775300414.8213296,2.0,6.0,12.0
1775300414.8313296,3.0,8.0,12.0
1775300414.8413296,4.0,3.0,10.0
1775300414.8513296,2.0,3.0,7.0
1775300414.8613296,1.0,0.0,4.0
1775300414.8713295,2.0,-3.0,4.0
1775300414.8813295,6.0,-2.0,5.0
1775300414.8913295,6.0,-1.0,6.0
1775300414.9013295,8.0,0.0,0.0
1775300414.9123297,3.0,1.0,2.0
1775300414.9213295,0.0,2.0,-1.0
1775300414.9313295,-2.0,-1.0,-1.0
1775300414.9413297,-1.0,-3.0,1.0
1775300414.9513297,-4.0,-3.0,4.0
1775300414.9613297,-3.0,-1.0,1.0
1775300414.9713297,0.0,-2.0,-1.0
1775300414.9813297,0.0,-3.0,6.0
1775300414.9913297,-3.0,-6.0,10.0
1775300415.0013297,-8.0,-6.0,14.0
1775300415.0113297,-6.0,-5.0,16.0
1775300415.0213296,-6.0,-1.0,10.0
1775300415.0313296,-8.0,-1.0,4.0
1775300415.0413296,-5.0,-1.0,3.0
1775300415.0513296,-4.0,0.0,1.0
1775300415.0613296,-4.0,2.0,1.0
1775300415.0713296,-5.0,5.0,5.0
1775300415.0813296,-1.0,9.0,7.0
1775300415.0913296,-6.0,7.0,7.0
1775300415.1013296,-4.0,7.0,8.0
1775300415.1113296,-6.0,5.0,11.0
1775300415.1213295,-9.0,0.0,6.0
1775300415.1313295,-4.0,-4.0,6.0
1775300415.1413295,0.0,-7.0,3.0
1775300415.1513295,0.0,-6.0,16.0
1775300415.1613295,1.0,-8.0,20.0
1775300415.1713295,2.0,-7.0,9.0
1775300415.1813295,3.0,-6.0,3.0
1775300415.1913297,4.0,-6.0,1.0
1775300415.2013297,10.0,-4.0,2.0
1775300415.2113297,6.0,-4.0,3.0
1775300415.2213297,1.0,-4.0,4.0
1775300415.2313297,0.0,-1.0,8.0
1775300415.2413297,0.0,0.0,13.0
1775300415.2513297,0.0,-3.0,15.0
1775300415.2613297,-2.0,-1.0,15.0
1775300415.2713296,0.0,-1.0,17.0
1775300415.2813296,4.0,0.0,18.0
1775300415.2913296,4.0,0.0,15.0
1775300415.3013296,2.0,-2.0,17.0
1775300415.3113296,2.0,-6.0,15.0
1775300415.3213296,2.0,-6.0,20.0
1775300415.3313296,2.0,-6.0,18.0
1775300415.3413296,7.0,-2.0,20.0
1775300415.3513296,8.0,-3.0,16.0
1775300415.3613296,7.0,-4.0,16.0
1775300415.3713295,7.0,-5.0,12.0
1775300415.3813295,3.0,-5.0,8.0
1775300415.3913295,0.0,-5.0,14.0
1775300415.4013295,1.0,0.0,13.0
1775300415.4113295,-1.0,1.0,7.0
1775300415.4213295,-4.0,1.0,3.0
1775300415.4313295,-1.0,-3.0,-3.0
1775300415.4413297,-1.0,-3.0,1.0
1775300415.4513297,-2.0,0.0,1.0
1775300415.4613297,0.0,-3.0,4.0
1775300415.4713297,1.0,1.0,4.0
1775300415.4813297,1.0,2.0,10.0
1775300415.4913297,1.0,4.0,8.0
1775300415.5013297,3.0,3.0,5.0
1775300415.5113297,6.0,-2.0,8.0
1775300415.5213296,4.0,-3.0,14.0
1775300415.5313296,2.0,-2.0,12.0
1775300415.5413296,3.0,-3.0,11.0
1775300415.5513296,0.0,-6.0,7.0
1775300415.5613296,0.0,-6.0,7.0
1775300415.5713296,1.0,-3.0,2.0
1775300415.5813296,1.0,2.0,1.0
1775300415.5913296,2.0,4.0,0.0
1775300415.6013296,-1.0,0.0,2.0
1775300415.6113296,-2.0,0.0,4.0
1775300415.6213295,-9.0,0.0,7.0
1775300415.6313295,-10.0,-4.0,4.0
1775300415.6413295,-9.0,-5.0,4.0
1775300415.6513295,-9.0,-2.0,5.0
1775300415.6613295,-6.0,-4.0,8.0
1775300415.6713295,-4.0,-2.0,9.0
1775300415.6813295,-1.0,-3.0,3.0
1775300415.6913297,2.0,1.0,4.0
1775300415.7013297,2.0,0.0,3.0
1775300415.7113297,7.0,-5.0,5.0
1775300415.7213297,8.0,-7.0,4.0
1775300415.7313297,12.0,-6.0,0.0
1775300415.7413297,7.0,-3.0,0.0
1775300415.7513297,4.0,-1.0,2.0
1775300415.7613297,-1.0,-3.0,7.0
1775300415.7713296,-2.0,-3.0,4.0
1775300415.7813296,-8.0,-3.0,5.0
1775300415.7913296,-7.0,0.0,6.0
1775300415.8013296,-5.0,-1.0,5.0
1775300415.8113296,0.0,1.0,2.0
1775300415.8213296,5.0,1.0,2.0
1775300415.8313296,3.0,-2.0,2.0
1775300415.8413296,-1.0,-3.0,0.0
1775300415.8513296,-1.0,-3.0,0.0
1775300415.8613296,-2.0,-2.0,1.0
1775300415.8713295,-1.0,-7.0,-4.0
1775300415.8813295,-1.0,-2.0,4.0
1775300415.8913295,-5.0,0.0,2.0
1775300415.9013295,-3.0,0.0,12.0
1775300415.9113295,0.0,3.0,11.0
1775300415.9213295,-2.0,1.0,15.0
1775300415.9313295,0.0,0.0,15.0
1775300415.9413297,4.0,-2.0,12.0
1775300415.9513297,5.0,-6.0,10.0
1775300415.9613297,5.0,-5.0,13.0
1775300415.9713297,7.0,-4.0,8.0
1775300415.9813297,1.0,-3.0,2.0
1775300415.9913297,-2.0,-6.0,6.0
1775300416.0013297,-2.0,-2.0,3.0
1775300416.0113297,1.0,-2.0,3.0
1775300416.0213296,0.0,-4.0,2.0
1775300416.0313296,0.0,-3.0,4.0
1775300416.0413296,5.0,-4.0,5.0
1775300416.0513296,1.0,-2.0,4.0
1775300416.0613296,4.0,-2.0,9.0
1775300416.0713296,4.0,-1.0,10.0
1775300416.0813296,0.0,0.0,5.0
1775300416.0913296,0.0,0.0,-3.0
1775300416.1013296,-1.0,2.0,-2.0
1775300416.1113296,-1.0,3.0,0.0
1775300416.1213295,-2.0,2.0,3.0
1775300416.1313295,-2.0,4.0,10.0
1775300416.1413295,-6.0,4.0,7.0
1775300416.1513295,-5.0,2.0,11.0
1775300416.1613295,-8.0,-1.0,14.0
1775300416.1713295,-8.0,0.0,11.0
1775300416.1813295,-4.0,-3.0,10.0
1775300416.1913297,-3.0,-5.0,8.0
1775300416.2013297,-4.0,-6.0,7.0
1775300416.2113297,-6.0,-5.0,6.0
1775300416.2213297,-4.0,-2.0,11.0
1775300416.2313297,-1.0,2.0,16.0
1775300416.2413297,-2.0,2.0,11.0
1775300416.2513297,-3.0,0.0,8.0
1775300416.2613297,-2.0,0.0,9.0
1775300416.2713296,0.0,0.0,3.0
1775300416.2813296,-5.0,-3.0,-2.0
1775300416.2913296,-3.0,-6.0,-3.0
1775300416.3013296,-2.0,-5.0,4.0
1775300416.3113296,0.0,-5.0,4.0
1775300416.3213296,-4.0,-6.0,4.0
1775300416.3313296,-5.0,-4.0,11.0
1775300416.3413296,-1.0,-3.0,12.0
1775300416.3513296,-1.0,0.0,7.0
1775300416.3613296,-1.0,1.0,6.0
1775300416.3713295,-4.0,4.0,0.0
1775300416.3813295,-4.0,2.0,1.0
1775300416.3913295,0.0,4.0,4.0
1775300416.4013295,0.0,4.0,7.0
1775300416.4113295,-4.0,2.0,15.0
1775300416.4213295,3.0,0.0,10.0
1775300416.4313295,6.0,0.0,10.0
1775300416.4413297,2.0,-1.0,12.0
1775300416.4513297,6.0,-1.0,15.0
1775300416.4613297,2.0,0.0,14.0
1775300416.4713297,-1.0,0.0,11.0
1775300416.4813297,-6.0,-1.0,3.0
1775300416.4913297,-7.0,0.0,6.0
1775300416.5013297,-7.0,-2.0,5.0
1775300416.5113297,0.0,-3.0,2.0
1775300416.5213296,3.0,-7.0,5.0
1775300416.5313296,-4.0,-5.0,3.0
1775300416.5413296,-3.0,-6.0,1.0
1775300416.5513296,-4.0,-3.0,0.0
1775300416.5613296,-1.0,-2.0,-3.0
1775300416.5713296,-2.0,-2.0,-6.0
1775300416.5813296,1.0,-3.0,-4.0
1775300416.5913296,-1.0,-1.0,-2.0
1775300416.6013296,0.0,1.0,2.0
1775300416.6113296,3.0,0.0,4.0
1775300416.6213295,1.0,-2.0,5.0
1775300416.6313295,3.0,-1.0,4.0
1775300416.6413295,1.0,-1.0,9.0
1775300416.6513295,1.0,0.0,18.0
1775300416.6613295,3.0,0.0,23.0
1775300416.6713295,-1.0,0.0,20.0
1775300416.6813295,-4.0,-4.0,15.0
1775300416.6913297,-5.0,-3.0,13.0
1775300416.7013297,-3.0,-2.0,8.0
1775300416.7113297,-4.0,0.0,9.0
1775300416.7213297,1.0,-1.0,5.0
1775300416.7313297,3.0,-1.0,5.0
1775300416.7423296,4.0,0.0,6.0
1775300416.7523296,2.0,4.0,8.0
1775300416.7623296,7.0,2.0,8.0
1775300416.7723296,7.0,1.0,11.0
1775300416.7813296,2.0,3.0,7.0
1775300416.7923295,5.0,0.0,7.0
1775300416.8023295,4.0,5.0,7.0
1775300416.8123295,2.0,4.0,6.0
1775300416.8223295,4.0,3.0,1.0
1775300416.8323295,4.0,1.0,0.0
1775300416.8423295,-1.0,1.0,0.0
1775300416.8523295,-1.0,3.0,0.0
1775300416.8623295,-2.0,2.0,0.0
1775300416.8723297,-5.0,1.0,7.0
1775300416.8823297,0.0,1.0,8.0
1775300416.8923297,-3.0,-1.0,8.0
1775300416.9023297,0.0,-1.0,13.0
1775300416.9123297,0.0,-2.0,12.0
1775300416.9223297,-1.0,1.0,10.0
1775300416.9323297,-2.0,0.0,8.0
1775300416.9423296,-3.0,2.0,6.0
1775300416.9523296,-3.0,-1.0,2.0
1775300416.9623296,-2.0,0.0,0.0
1775300416.9723296,0.0,1.0,0.0
1775300416.9823296,2.0,0.0,-1.0
1775300416.9923296,-1.0,1.0,-7.0
1775300417.0023296,-3.0,3.0,-1.0
1775300417.0123296,-2.0,0.0,2.0
1775300417.0223296,-4.0,1.0,8.0
1775300417.0323296,-3.0,3.0,8.0
1775300417.0423295,0.0,-1.0,7.0
1775300417.0523295,-4.0,1.0,14.0
1775300417.0623295,0.0,0.0,13.0
1775300417.0723295,-2.0,-2.0,14.0
1775300417.0823295,0.0,-3.0,17.0
1775300417.0923295,-1.0,-4.0,18.0
1775300417.1023295,0.0,-5.0,17.0
1775300417.1123295,3.0,-6.0,20.0
1775300417.1223297,2.0,1.0,17.0
1775300417.1323297,1.0,1.0,14.0
1775300417.1423297,5.0,1.0,14.0
1775300417.1523297,3.0,-3.0,14.0
1775300417.1623297,3.0,-1.0,6.0
1775300417.1723297,0.0,-5.0,1.0
1775300417.1823297,4.0,0.0,2.0
1775300417.1923296,7.0,2.0,7.0
1775300417.2023296,1.0,2.0,8.0
1775300417.2123296,4.0,2.0,2.0
1775300417.2223296,7.0,2.0,0.0
1775300417.2323296,6.0,2.0,-2.0
1775300417.2423296,6.0,-3.0,0.0
1775300417.2523296,2.0,-3.0,5.0
1775300417.2623296,8.0,-2.0,8.0
1775300417.2723296,9.0,-1.0,12.0
1775300417.2823296,4.0,0.0,15.0
1775300417.2923295,0.0,-5.0,15.0
1775300417.3023295,0.0,-7.0,21.0
1775300417.3123295,-3.0,-3.0,27.0
1775300417.3223295,-2.0,-1.0,29.0
1775300417.3323295,-4.0,-1.0,32.0
1775300417.3423295,-1.0,-1.0,28.0
1775300417.3523295,3.0,0.0,22.0
1775300417.3623295,6.0,-2.0,20.0
1775300417.3723297,7.0,-3.0,15.0
1775300417.3823297,5.0,-1.0,16.0
1775300417.3923297,2.0,-3.0,15.0
1775300417.4023297,0.0,-5.0,14.0
1775300417.4123297,-1.0,-2.0,14.0
1775300417.4223297,1.0,-5.0,7.0
1775300417.4323297,-2.0,-2.0,9.0
1775300417.4423296,-1.0,-2.0,5.0
1775300417.4523296,3.0,-3.0,10.0
1775300417.4623296,1.0,-4.0,14.0
1775300417.4723296,2.0,-4.0,8.0
1775300417.4823296,2.0,1.0,11.0
1775300417.4923296,1.0,-2.0,11.0
1775300417.5023296,-2.0,-3.0,12.0
1775300417.5123296,-7.0,-6.0,13.0
1775300417.5223296,-8.0,-5.0,17.0
1775300417.5323296,-8.0,-2.0,23.0
1775300417.5423295,-9.0,0.0,21.0
1775300417.5523295,-6.0,1.0,26.0
1775300417.5623295,-6.0,3.0,20.0
1775300417.5723295,-4.0,4.0,15.0
1775300417.5823295,-5.0,2.0,8.0
1775300417.5923295,-5.0,2.0,6.0
1775300417.6023295,-6.0,5.0,10.0
1775300417.6123295,-5.0,3.0,11.0
1775300417.6223297,0.0,4.0,4.0
1775300417.6323297,0.0,1.0,0.0
1775300417.6423297,5.0,2.0,-1.0
1775300417.6523297,0.0,3.0,1.0
1775300417.6623297,0.0,0.0,8.0
1775300417.6723297,0.0,1.0,10.0
1775300417.6823297,-2.0,1.0,9.0
1775300417.6923296,3.0,-3.0,10.0
1775300417.7023296,8.0,-4.0,4.0
1775300417.7123296,6.0,-5.0,4.0
1775300417.7223296,7.0,-4.0,-1.0
1775300417.7323296,12.0,0.0,4.0
1775300417.7423296,5.0,-2.0,0.0
1775300417.7523296,3.0,-2.0,1.0
1775300417.7623296,7.0,-4.0,1.0
1775300417.7723296,6.0,-4.0,3.0
1775300417.7823296,5.0,-2.0,3.0
1775300417.7923295,5.0,-2.0,9.0
1775300417.8023295,3.0,-3.0,12.0
1775300417.8123295,0.0,-3.0,18.0
1775300417.8223295,5.0,-3.0,16.0
1775300417.8323295,2.0,-2.0,22.0
1775300417.8423295,0.0,-1.0,16.0
1775300417.8523295,-1.0,-2.0,15.0
1775300417.8623295,0.0,-2.0,15.0
1775300417.8723297,-3.0,-1.0,13.0
1775300417.8823297,-3.0,0.0,13.0
1775300417.8923297,-3.0,0.0,12.0
1775300417.9023297,-3.0,-1.0,12.0
1775300417.9123297,-1.0,-2.0,13.0
1775300417.9223297,0.0,0.0,15.0
1775300417.9323297,0.0,-4.0,19.0
1775300417.9423296,1.0,-5.0,18.0
1775300417.9523296,0.0,-5.0,17.0
1775300417.9623296,0.0,-4.0,16.0
1775300417.9723296,0.0,-3.0,12.0
1775300417.9823296,2.0,-5.0,15.0
1775300417.9923296,3.0,-9.0,14.0
1775300418.0023296,6.0,-8.0,10.0
1775300418.0123296,4.0,-8.0,5.0
1775300418.0223296,6.0,-9.0,4.0
1775300418.0323296,8.0,-10.0,10.0
1775300418.0423295,8.0,-6.0,13.0
1775300418.0523295,8.0,-4.0,13.0
1775300418.0623295,6.0,-7.0,20.0
1775300418.0723295,5.0,-4.0,15.0
1775300418.0823295,2.0,-5.0,12.0
1775300418.0923295,-4.0,-4.0,5.0
1775300418.1023295,-3.0,-3.0,3.0
1775300418.1123295,-2.0,-9.0,0.0
1775300418.1223297,0.0,-3.0,4.0
1775300418.1323297,3.0,-3.0,5.0
1775300418.1423297,4.0,-1.0,7.0
1775300418.1523297,3.0,1.0,8.0
1775300418.1623297,1.0,2.0,7.0
1775300418.1723297,0.0,3.0,10.0
1775300418.1823297,-4.0,0.0,15.0
1775300418.1923296,-5.0,0.0,20.0
1775300418.2023296,-6.0,0.0,19.0
1775300418.2123296,-7.0,2.0,18.0
1775300418.2223296,-10.0,0.0,10.0
1775300418.2323296,-6.0,0.0,5.0
1775300418.2423296,-5.0,-3.0,2.0
1775300418.2523296,-4.0,-3.0,10.0
1775300418.2623296,-4.0,0.0,8.0
1775300418.2723296,-5.0,1.0,1.0
1775300418.2823296,-9.0,3.0,0.0
1775300418.2923295,-3.0,3.0,0.0
1775300418.3023295,-1.0,2.0,2.0
1775300418.3123295,-3.0,0.0,7.0
1775300418.3223295,-7.0,-1.0,6.0
1775300418.3323295,-12.0,-2.0,2.0
1775300418.3423295,-7.0,-1.0,0.0
1775300418.3523295,-2.0,1.0,0.0
1775300418.3623295,-2.0,0.0,2.0
1775300418.3723297,-3.0,-2.0,-5.0
1775300418.3823297,-6.0,0.0,-9.0
1775300418.3923297,-5.0,-4.0,-8.0
1775300418.4023297,-4.0,-4.0,-6.0
1775300418.4123297,0.0,-3.0,1.0
1775300418.4223297,-3.0,-6.0,7.0
1775300418.4323297,-2.0,-4.0,5.0
1775300418.4423296,-4.0,0.0,4.0
1775300418.4523296,-8.0,3.0,8.0
1775300418.4623296,-4.0,1.0,7.0
1775300418.4723296,-5.0,0.0,9.0
1775300418.4823296,-6.0,-1.0,12.0
1775300418.4923296,-4.0,-3.0,10.0
1775300418.5023296,0.0,0.0,10.0
1775300418.5123296,3.0,-4.0,7.0
1775300418.5223296,4.0,-3.0,14.0
1775300418.5323296,5.0,-4.0,19.0
1775300418.5423295,1.0,-5.0,14.0
1775300418.5523295,0.0,-5.0,14.0
1775300418.5623295,-2.0,-9.0,19.0
1775300418.5723295,-2.0,-4.0,18.0
1775300418.5823295,-8.0,0.0,14.0
1775300418.5923295,-4.0,-2.0,9.0
1775300418.6023295,-1.0,1.0,8.0
1775300418.6123295,-4.0,-5.0,7.0
1775300418.6223297,-7.0,-11.0,8.0
1775300418.6323297,-7.0,-9.0,6.0
1775300418.6423297,-7.0,-4.0,1.0
1775300418.6523297,-5.0,-5.0,9.0
1775300418.6623297,-4.0,-6.0,4.0
1775300418.6723297,-2.0,0.0,1.0
1775300418.6823297,2.0,3.0,2.0
1775300418.6923296,-3.0,1.0,2.0
1775300418.7023296,-5.0,2.0,0.0
1775300418.7123296,-1.0,3.0,5.0
1775300418.7223296,0.0,0.0,11.0
1775300418.7323296,2.0,0.0,6.0
1775300418.7423296,0.0,3.0,3.0
1775300418.7523296,2.0,2.0,2.0
1775300418.7623296,3.0,2.0,8.0
1775300418.7723296,2.0,3.0,8.0
1775300418.7823296,5.0,5.0,8.0
1775300418.7923295,2.0,7.0,3.0
1775300418.8023295,-2.0,4.0,7.0
1775300418.8123295,-2.0,5.0,7.0
1775300418.8223295,-2.0,2.0,6.0
1775300418.8323295,0.0,0.0,-3.0
1775300418.8423295,1.0,-2.0,-8.0
1775300418.8523295,5.0,0.0,-5.0
1775300418.8623295,1.0,-2.0,2.0
1775300418.8723297,0.0,-5.0,1.0
1775300418.8823297,-1.0,-9.0,0.0
1775300418.8923297,-1.0,-8.0,3.0
1775300418.9023297,-1.0,-4.0,5.0
1775300418.9123297,-1.0,1.0,4.0
1775300418.9223297,2.0,-1.0,5.0
1775300418.9323297,6.0,2.0,6.0
1775300418.9423296,7.0,2.0,14.0
1775300418.9523296,3.0,0.0,15.0
1775300418.9623296,-1.0,-3.0,4.0
1775300418.9723296,-3.0,-4.0,-1.0
1775300418.9823296,-5.0,-4.0,-5.0
1775300418.9923296,-6.0,-3.0,-1.0
1775300419.0023296,-3.0,-3.0,0.0
1775300419.0123296,0.0,-1.0,7.0
1775300419.0223296,0.0,2.0,13.0
1775300419.0333295,-2.0,0.0,8.0
1775300419.0433297,-2.0,-4.0,7.0
1775300419.0523295,0.0,-6.0,-1.0
1775300419.0633297,3.0,-2.0,-2.0
1775300419.0723295,0.0,-2.0,0.0
1775300419.0833297,-2.0,-3.0,-4.0
1775300419.0933297,-4.0,1.0,-9.0
1775300419.1033297,-5.0,1.0,-7.0
1775300419.1133296,0.0,4.0,9.0
1775300419.1233296,-1.0,4.0,11.0
1775300419.1333296,2.0,3.0,15.0
1775300419.1433296,1.0,0.0,23.0
1775300419.1533296,3.0,1.0,21.0
1775300419.1633296,3.0,-2.0,12.0
1775300419.1733296,5.0,0.0,12.0
1775300419.1833296,6.0,3.0,15.0
1775300419.1933296,8.0,1.0,9.0
1775300419.2033296,5.0,3.0,5.0
1775300419.2133296,4.0,3.0,3.0
1775300419.2233295,9.0,-3.0,3.0
1775300419.2333295,4.0,-5.0,5.0
1775300419.2433295,-1.0,-4.0,4.0
1775300419.2533295,-3.0,0.0,7.0
1775300419.2633295,-5.0,-2.0,8.0
1775300419.2733295,-8.0,-5.0,15.0
1775300419.2833295,-7.0,-3.0,20.0
1775300419.2933297,-5.0,-4.0,17.0
1775300419.3033297,-7.0,-7.0,18.0
1775300419.3133297,-5.0,-3.0,23.0
1775300419.3233297,-6.0,-5.0,26.0
1775300419.3333297,-2.0,-5.0,22.0
1775300419.3433297,-2.0,-8.0,14.0
1775300419.3533297,1.0,-1.0,12.0
1775300419.3633296,1.0,-1.0,5.0
1775300419.3733296,5.0,-1.0,9.0
1775300419.3833296,5.0,-2.0,13.0
1775300419.3933296,8.0,-3.0,17.0
1775300419.4033296,11.0,-4.0,16.0
1775300419.4133296,8.0,1.0,6.0
1775300419.4233296,6.0,0.0,3.0
1775300419.4333296,0.0,1.0,3.0
1775300419.4433296,2.0,0.0,6.0
1775300419.4533296,3.0,-3.0,1.0
1775300419.4633296,3.0,-7.0,0.0
1775300419.4733295,0.0,-11.0,3.0
1775300419.4833295,-1.0,-10.0,5.0
1775300419.4933295,-5.0,-11.0,3.0
1775300419.5033295,-3.0,-12.0,1.0
1775300419.5133295,-2.0,-9.0,1.0
1775300419.5233295,-1.0,-7.0,9.0
1775300419.5333295,-1.0,-2.0,3.0
1775300419.5433297,3.0,-2.0,3.0
1775300419.5533297,3.0,-6.0,5.0
1775300419.5633297,1.0,-8.0,7.0
1775300419.5733297,1.0,-3.0,7.0
1775300419.5833297,3.0,-2.0,9.0
1775300419.5933297,3.0,-3.0,8.0
1775300419.6033297,0.0,-3.0,0.0
1775300419.6133296,0.0,-10.0,-1.0
1775300419.6233296,0.0,-6.0,-4.0
1775300419.6333296,-5.0,-8.0,-1.0
1775300419.6433296,-4.0,-11.0,-3.0
1775300419.6533296,-2.0,-10.0,5.0
1775300419.6633296,-1.0,-3.0,8.0
1775300419.6733296,-2.0,-1.0,5.0
1775300419.6833296,-1.0,-4.0,3.0
1775300419.6933296,-8.0,0.0,9.0
1775300419.7033296,-7.0,3.0,4.0
1775300419.7133296,-7.0,0.0,5.0
1775300419.7233295,-7.0,-2.0,9.0
1775300419.7333295,-11.0,0.0,6.0
1775300419.7433295,-12.0,-1.0,19.0
1775300419.7533295,-6.0,-2.0,24.0
1775300419.7633295,-6.0,-3.0,14.0
1775300419.7733295,-3.0,-3.0,10.0
1775300419.7833295,-2.0,1.0,14.0
1775300419.7933297,-6.0,5.0,10.0
1775300419.8033297,-7.0,0.0,6.0
1775300419.8133297,-10.0,-4.0,1.0
1775300419.8233297,-5.0,-5.0,1.0
1775300419.8333297,-3.0,-3.0,6.0
1775300419.8433297,0.0,-5.0,9.0
1775300419.8533297,1.0,-4.0,0.0
1775300419.8633296,0.0,-5.0,0.0
1775300419.8733296,3.0,-5.0,1.0
1775300419.8833296,0.0,-8.0,3.0
1775300419.8933296,-2.0,-4.0,8.0
1775300419.9033296,-1.0,-2.0,11.0
1775300419.9133296,0.0,0.0,9.0
1775300419.9233296,2.0,0.0,10.0
1775300419.9333296,2.0,0.0,6.0
1775300419.9433296,3.0,-3.0,2.0
1775300419.9533296,3.0,-1.0,-3.0
1775300419.9633296,4.0,-2.0,0.0
1775300419.9733295,4.0,-3.0,-3.0
1775300419.9833295,0.0,-3.0,1.0
1775300419.9933295,3.0,2.0,3.0
1775300420.0033295,5.0,0.0,7.0
1775300420.0133295,-1.0,2.0,7.0
1775300420.0233295,-2.0,5.0,0.0
1775300420.0333295,1.0,2.0,3.0
1775300420.0433297,0.0,0.0,5.0
1775300420.0533297,0.0,1.0,9.0
1775300420.0633297,1.0,4.0,7.0
1775300420.0733297,1.0,2.0,8.0
1775300420.0833297,2.0,0.0,14.0
1775300420.0933297,0.0,-3.0,15.0
1775300420.1033297,2.0,-3.0,4.0
1775300420.1133296,3.0,-6.0,7.0
1775300420.1233296,0.0,-7.0,7.0
1775300420.1333296,4.0,-4.0,6.0
1775300420.1433296,1.0,-10.0,11.0
1775300420.1533296,-4.0,-11.0,7.0
1775300420.1633296,-4.0,-10.0,10.0
1775300420.1733296,-1.0,-8.0,16.0
1775300420.1833296,2.0,-10.0,20.0
1775300420.1933296,0.0,-9.0,16.0
1775300420.2033296,1.0,-4.0,13.0
1775300420.2133296,0.0,-3.0,16.0
1775300420.2233295,-3.0,-1.0,12.0
1775300420.2333295,0.0,-1.0,14.0
1775300420.2433295,0.0,-4.0,19.0
1775300420.2533295,-1.0,-5.0,20.0
1775300420.2633295,0.0,-5.0,13.0
1775300420.2733295,-3.0,-8.0,9.0
1775300420.2833295,-3.0,-7.0,7.0
1775300420.2933297,-4.0,-3.0,6.0
1775300420.3033297,0.0,-2.0,6.0
1775300420.3133297,3.0,-4.0,4.0
1775300420.3233297,0.0,-3.0,2.0
1775300420.3333297,4.0,-6.0,3.0
1775300420.3433297,0.0,-4.0,8.0
1775300420.3533297,-1.0,-3.0,9.0
1775300420.3633296,-2.0,0.0,11.0
1775300420.3733296,-1.0,1.0,8.0
1775300420.3833296,-2.0,-5.0,5.0
1775300420.3933296,0.0,-2.0,7.0
1775300420.4033296,0.0,-2.0,9.0
1775300420.4133296,-1.0,0.0,15.0
1775300420.4233296,0.0,1.0,13.0
1775300420.4333296,-2.0,2.0,10.0
1775300420.4433296,-3.0,4.0,12.0
1775300420.4533296,1.0,4.0,4.0
1775300420.4633296,3.0,3.0,7.0
1775300420.4733295,-1.0,2.0,15.0
1775300420.4833295,0.0,4.0,17.0
1775300420.4933295,1.0,2.0,14.0
1775300420.5033295,5.0,3.0,13.0
1775300420.5133295,5.0,5.0,18.0
1775300420.5233295,8.0,1.0,14.0
1775300420.5333295,8.0,0.0,20.0
1775300420.5433297,4.0,1.0,13.0
1775300420.5533297,1.0,2.0,9.0
1775300420.5633297,-1.0,0.0,7.0
1775300420.5733297,-3.0,0.0,3.0
1775300420.5833297,-1.0,0.0,6.0
1775300420.5933297,0.0,0.0,3.0
1775300420.6033297,-2.0,0.0,8.0
1775300420.6133296,0.0,-7.0,15.0
1775300420.6233296,4.0,-5.0,19.0
1775300420.6333296,3.0,-4.0,22.0
1775300420.6433296,4.0,0.0,19.0
1775300420.6533296,3.0,-1.0,19.0
1775300420.6633296,4.0,0.0,21.0
1775300420.6733296,5.0,-1.0,20.0
1775300420.6833296,4.0,0.0,15.0
1775300420.6933296,6.0,-1.0,10.0
1775300420.7033296,10.0,0.0,7.0
1775300420.7133296,8.0,0.0,10.0
1775300420.7233295,6.0,0.0,14.0
1775300420.7333295,0.0,-1.0,9.0
1775300420.7433295,2.0,-3.0,5.0
1775300420.7533295,0.0,-3.0,8.0
1775300420.7633295,-4.0,-3.0,3.0
1775300420.7733295,0.0,-4.0,3.0
1775300420.7833295,4.0,-2.0,3.0
1775300420.7933297,5.0,-1.0,1.0
1775300420.8033297,9.0,-2.0,5.0
1775300420.8133297,8.0,0.0,9.0
1775300420.8233297,3.0,1.0,14.0
1775300420.8333297,0.0,4.0,11.0
1775300420.8433297,1.0,1.0,14.0
1775300420.8533297,0.0,5.0,13.0
1775300420.8633296,0.0,2.0,13.0
1775300420.8733296,-4.0,0.0,16.0
1775300420.8833296,-1.0,0.0,14.0
1775300420.8933296,-5.0,0.0,21.0
1775300420.9033296,-9.0,-1.0,23.0
1775300420.9133296,-7.0,-3.0,21.0
1775300420.9233296,-5.0,-1.0,22.0
1775300420.9333296,-4.0,0.0,19.0
1775300420.9433296,-4.0,0.0,21.0
1775300420.9533296,-6.0,1.0,10.0
1775300420.9633296,-4.0,0.0,11.0
1775300420.9743297,-4.0,6.0,8.0
1775300420.9833295,-5.0,2.0,7.0
1775300420.9933295,-11.0,2.0,0.0
1775300421.0033295,-9.0,3.0,2.0
1775300421.0133295,-6.0,2.0,9.0
1775300421.0233295,-3.0,3.0,10.0
1775300421.0333295,0.0,12.0,7.0
1775300421.0433297,1.0,13.0,7.0
1775300421.0533297,-1.0,9.0,8.0
1775300421.0633297,-1.0,4.0,14.0
1775300421.0733297,0.0,3.0,14.0
1775300421.0833297,2.0,0.0,11.0
1775300421.0933297,-2.0,0.0,11.0
1775300421.1033297,-1.0,-4.0,12.0
1775300421.1133296,0.0,-7.0,12.0
1775300421.1233296,-6.0,-11.0,10.0
1775300421.1333296,-4.0,-7.0,10.0
1775300421.1433296,-5.0,-5.0,11.0
1775300421.1533296,-3.0,-8.0,12.0
1775300421.1633296,-3.0,-7.0,14.0
1775300421.1733296,-4.0,-3.0,13.0
1775300421.1833296,-2.0,-4.0,13.0
1775300421.1933296,-4.0,-4.0,10.0
1775300421.2033296,-4.0,-5.0,15.0
1775300421.2133296,-6.0,-5.0,19.0
1775300421.2233295,-5.0,-5.0,23.0
1775300421.2333295,-3.0,-6.0,27.0
1775300421.2433295,-2.0,-3.0,27.0
1775300421.2533295,-3.0,-2.0,21.0
1775300421.2633295,1.0,-2.0,12.0
1775300421.2733295,1.0,-1.0,6.0
1775300421.2833295,-2.0,0.0,7.0
1775300421.2933297,-5.0,-1.0,8.0
1775300421.3033297,-5.0,-2.0,6.0
1775300421.3133297,-6.0,-4.0,3.0
1775300421.3233297,-3.0,-10.0,4.0
1775300421.3333297,-2.0,-7.0,5.0
1775300421.3443296,-4.0,-4.0,7.0
1775300421.3533297,0.0,-5.0,8.0
1775300421.3643296,-3.0,-3.0,10.0
1775300421.3733296,-6.0,-5.0,17.0
1775300421.3843296,-4.0,-6.0,12.0
1775300421.3943295,-5.0,-5.0,7.0
1775300421.4043295,-7.0,-7.0,6.0
1775300421.4143295,-5.0,-4.0,10.0
1775300421.4243295,-5.0,-2.0,7.0
1775300421.4343295,-5.0,0.0,4.0
1775300421.4443295,-3.0,0.0,8.0
1775300421.4543295,-3.0,0.0,8.0
1775300421.4643295,2.0,-5.0,11.0
1775300421.4743297,0.0,-7.0,9.0
1775300421.4843297,0.0,-4.0,12.0
1775300421.4943297,0.0,-4.0,11.0
1775300421.5043297,0.0,-9.0,8.0
1775300421.5143297,0.0,-8.0,2.0
1775300421.5243297,4.0,-5.0,0.0
1775300421.5343297,6.0,-8.0,0.0
1775300421.5443296,6.0,-5.0,5.0
1775300421.5543296,2.0,-5.0,11.0
1775300421.5643296,0.0,-4.0,7.0
1775300421.5743296,0.0,-4.0,6.0
1775300421.5843296,3.0,0.0,9.0
1775300421.5943296,-2.0,-2.0,10.0
1775300421.6043296,-4.0,-8.0,9.0
1775300421.6143296,-2.0,-8.0,-2.0
1775300421.6243296,0.0,-6.0,-6.0
1775300421.6343296,0.0,-4.0,-10.0
1775300421.6443295,6.0,-4.0,-3.0
1775300421.6543295,7.0,-3.0,0.0
1775300421.6643295,1.0,-4.0,5.0
1775300421.6743295,0.0,-5.0,2.0
1775300421.6843295,1.0,-5.0,7.0
1775300421.6943295,4.0,-6.0,12.0
1775300421.7043295,1.0,-7.0,13.0
1775300421.7143295,0.0,-6.0,13.0
1775300421.7243297,0.0,-2.0,14.0
1775300421.7343297,-1.0,-1.0,11.0
1775300421.7443297,2.0,-1.0,13.0
1775300421.7543297,3.0,-2.0,18.0
1775300421.7643297,7.0,-2.0,18.0
1775300421.7743297,5.0,0.0,9.0
1775300421.7843297,0.0,0.0,5.0
1775300421.7943296,1.0,-1.0,7.0
1775300421.8043296,-4.0,3.0,18.0
1775300421.8143296,-7.0,6.0,10.0
1775300421.8243296,-6.0,7.0,1.0
1775300421.8343296,-4.0,5.0,-2.0
1775300421.8443296,-5.0,2.0,4.0
1775300421.8543296,0.0,0.0,6.0
1775300421.8643296,5.0,4.0,6.0
1775300421.8743296,3.0,2.0,9.0
1775300421.8843296,-3.0,0.0,13.0
1775300421.8943295,-4.0,-4.0,13.0
1775300421.9043295,-1.0,-2.0,14.0
1775300421.9143295,3.0,-5.0,18.0
1775300421.9243295,2.0,-2.0,19.0
1775300421.9343295,1.0,1.0,19.0
1775300421.9443295,-1.0,1.0,18.0
1775300421.9543295,2.0,2.0,15.0
1775300421.9643295,1.0,-2.0,8.0
1775300421.9743297,1.0,-4.0,1.0
1775300421.9843297,3.0,-4.0,3.0
1775300421.9943297,1.0,0.0,5.0
1775300422.0043297,-2.0,-3.0,6.0
1775300422.0143297,6.0,-2.0,5.0
1775300422.0243297,7.0,-3.0,5.0
1775300422.0343297,7.0,-6.0,6.0
1775300422.0443296,0.0,-4.0,11.0
1775300422.0543296,-1.0,-1.0,13.0
1775300422.0643296,0.0,4.0,14.0
1775300422.0743296,0.0,5.0,12.0
1775300422.0843296,-2.0,7.0,4.0
1775300422.0943296,-1.0,3.0,14.0
1775300422.1043296,-3.0,0.0,15.0
1775300422.1143296,-8.0,-5.0,13.0
1775300422.1243296,-11.0,-4.0,13.0
1775300422.1343296,-10.0,-3.0,8.0
1775300422.1443295,-9.0,-3.0,8.0
1775300422.1543295,-12.0,-2.0,1.0
1775300422.1643295,-16.0,0.0,4.0
1775300422.1743295,-16.0,1.0,6.0
1775300422.1843295,-10.0,2.0,9.0
1775300422.1943295,-7.0,3.0,12.0
1775300422.2043295,-2.0,8.0,9.0
1775300422.2143295,-1.0,7.0,9.0
1775300422.2243297,-5.0,10.0,6.0
1775300422.2343297,-3.0,5.0,1.0
1775300422.2443297,-3.0,1.0,8.0
1775300422.2543297,-6.0,1.0,7.0
1775300422.2643297,-5.0,0.0,10.0
1775300422.2743297,0.0,2.0,6.0
1775300422.2843297,0.0,-5.0,8.0
1775300422.2943296,6.0,-6.0,11.0
1775300422.3043296,-1.0,-8.0,10.0
1775300422.3143296,0.0,-6.0,15.0
1775300422.3243296,-3.0,-3.0,17.0
1775300422.3343296,0.0,-4.0,17.0
1775300422.3443296,-2.0,-4.0,12.0
1775300422.3543296,-1.0,-1.0,9.0
1775300422.3643296,1.0,-2.0,5.0
1775300422.3743296,0.0,0.0,13.0
1775300422.3843296,3.0,1.0,5.0
1775300422.3943295,3.0,2.0,0.0
1775300422.4043295,0.0,-1.0,1.0
1775300422.4143295,-5.0,1.0,2.0
1775300422.4243295,-3.0,0.0,3.0
1775300422.4343295,-5.0,-5.0,4.0
1775300422.4443295,-11.0,-9.0,5.0
1775300422.4543295,-6.0,-13.0,7.0
1775300422.4643295,-6.0,-8.0,10.0
1775300422.4743297,-7.0,-7.0,9.0
1775300422.4843297,-7.0,-7.0,6.0
1775300422.4943297,-1.0,-6.0,8.0
1775300422.5043297,1.0,-6.0,13.0
1775300422.5143297,0.0,-7.0,14.0
1775300422.5243297,-6.0,-6.0,11.0
1775300422.5343297,-6.0,-5.0,8.0
1775300422.5443296,-4.0,-4.0,9.0
1775300422.5543296,0.0,-7.0,5.0
1775300422.5643296,0.0,-4.0,0.0
1775300422.5743296,0.0,-6.0,1.0
1775300422.5843296,0.0,-1.0,-5.0
1775300422.5943296,2.0,0.0,-7.0
1775300422.6043296,0.0,3.0,-10.0
1775300422.6143296,-1.0,1.0,-5.0
1775300422.6243296,-5.0,0.0,-1.0
1775300422.6343296,-6.0,-1.0,-6.0
1775300422.6443295,-4.0,-3.0,-4.0
1775300422.6543295,-4.0,-4.0,-7.0
1775300422.6643295,-4.0,-4.0,-11.0
1775300422.6743295,-5.0,-3.0,-9.0
1775300422.6843295,0.0,-2.0,-2.0
1775300422.6943295,2.0,-2.0,-2.0
1775300422.7043295,-1.0,-4.0,-1.0
1775300422.7143295,0.0,-2.0,1.0
1775300422.7243297,1.0,-2.0,3.0
1775300422.7343297,3.0,-4.0,0.0
1775300422.7443297,6.0,-7.0,0.0
1775300422.7543297,7.0,-1.0,-4.0
1775300422.7643297,2.0,0.0,-8.0
1775300422.7743297,2.0,0.0,-10.0
1775300422.7843297,0.0,0.0,-5.0
1775300422.7943296,0.0,0.0,-4.0
1775300422.8043296,0.0,-1.0,-8.0
1775300422.8143296,2.0,-1.0,-3.0
1775300422.8243296,5.0,-1.0,-3.0
1775300422.8343296,7.0,-2.0,1.0
1775300422.8443296,5.0,-3.0,11.0
1775300422.8543296,2.0,-3.0,7.0
1775300422.8643296,1.0,-2.0,2.0
1775300422.8743296,1.0,-1.0,0.0
1775300422.8843296,-2.0,-1.0,8.0
1775300422.8943295,2.0,0.0,4.0
1775300422.9043295,1.0,0.0,4.0
1775300422.9143295,1.0,0.0,4.0
1775300422.9243295,5.0,-1.0,7.0
1775300422.9343295,4.0,0.0,14.0
1775300422.9443295,5.0,-1.0,23.0
1775300422.9543295,3.0,0.0,24.0
1775300422.9643295,5.0,5.0,17.0
1775300422.9743297,4.0,5.0,14.0
1775300422.9843297,5.0,2.0,16.0
1775300422.9943297,6.0,1.0,15.0
1775300423.0053296,6.0,1.0,15.0
1775300423.0143297,6.0,1.0,11.0
1775300423.0243297,1.0,0.0,14.0
1775300423.0343297,3.0,0.0,12.0
1775300423.0443296,4.0,-4.0,12.0
1775300423.0543296,0.0,-2.0,11.0
1775300423.0643296,0.0,-1.0,15.0
1775300423.0743296,0.0,0.0,17.0
1775300423.0843296,-1.0,0.0,13.0
1775300423.0943296,-2.0,-2.0,7.0
1775300423.1043296,0.0,0.0,12.0
1775300423.1143296,1.0,-1.0,6.0
1775300423.1243296,0.0,0.0,2.0
1775300423.1343296,0.0,-2.0,15.0
1775300423.1443295,0.0,0.0,13.0
1775300423.1543295,0.0,1.0,14.0
1775300423.1643295,1.0,1.0,14.0
1775300423.1743295,2.0,0.0,16.0
1775300423.1843295,3.0,-1.0,15.0
1775300423.1943295,0.0,-4.0,11.0
1775300423.2043295,-2.0,-5.0,12.0
1775300423.2143295,-1.0,-2.0,12.0
1775300423.2243297,-5.0,-2.0,12.0
1775300423.2343297,-2.0,4.0,17.0
1775300423.2443297,-1.0,5.0,15.0
1775300423.2543297,0.0,1.0,12.0
1775300423.2643297,1.0,2.0,13.0
1775300423.2743297,4.0,1.0,15.0
1775300423.2843297,1.0,1.0,9.0
1775300423.2943296,2.0,0.0,12.0
1775300423.3043296,7.0,-5.0,13.0
1775300423.3143296,6.0,-4.0,8.0
1775300423.3243296,4.0,-3.0,7.0
1775300423.3343296,1.0,-2.0,13.0
1775300423.3443296,6.0,-2.0,13.0
1775300423.3543296,5.0,-4.0,14.0
1775300423.3643296,7.0,-1.0,15.0
1775300423.3743296,0.0,-4.0,16.0
1775300423.3843296,-4.0,-4.0,9.0
1775300423.3943295,-3.0,-7.0,10.0
1775300423.4043295,0.0,-6.0,15.0
1775300423.4143295,1.0,-8.0,16.0
1775300423.4243295,-1.0,-4.0,10.0
1775300423.4343295,-3.0,0.0,10.0
1775300423.4443295,-5.0,3.0,9.0
1775300423.4543295,-3.0,1.0,6.0
1775300423.4643295,-3.0,-1.0,0.0
1775300423.4743297,0.0,0.0,5.0
1775300423.4843297,-4.0,0.0,5.0
1775300423.4943297,0.0,-1.0,3.0
1775300423.5043297,-1.0,-1.0,4.0
1775300423.5143297,-2.0,0.0,8.0
1775300423.5243297,-3.0,3.0,1.0
1775300423.5343297,0.0,1.0,0.0
1775300423.5443296,-1.0,0.0,4.0
1775300423.5543296,0.0,4.0,6.0
1775300423.5643296,-2.0,4.0,5.0
1775300423.5743296,2.0,1.0,1.0
1775300423.5843296,1.0,0.0,0.0
1775300423.5953295,1.0,-3.0,3.0
1775300423.6043296,2.0,-5.0,3.0
1775300423.6153295,3.0,-2.0,5.0
1775300423.6253295,3.0,-4.0,2.0
1775300423.6343296,4.0,-5.0,6.0
1775300423.6453297,1.0,-1.0,2.0
1775300423.6553297,0.0,2.0,0.0
1775300423.6653297,-2.0,0.0,2.0
1775300423.6753297,-2.0,4.0,-1.0
1775300423.6853297,-4.0,1.0,0.0
1775300423.6953297,-2.0,0.0,1.0
1775300423.7053297,0.0,1.0,3.0
1775300423.7153296,-5.0,2.0,9.0
1775300423.7253296,-3.0,2.0,5.0
1775300423.7353296,1.0,2.0,-3.0
1775300423.7453296,4.0,1.0,3.0
1775300423.7553296,0.0,2.0,1.0
1775300423.7653296,0.0,8.0,5.0
1775300423.7753296,2.0,8.0,9.0
1775300423.7853296,0.0,3.0,8.0
1775300423.7953296,-3.0,2.0,8.0
1775300423.8053296,-2.0,-1.0,6.0
1775300423.8153296,-3.0,-4.0,7.0
1775300423.8253295,-2.0,-5.0,8.0
1775300423.8353295,-5.0,-5.0,7.0
1775300423.8453295,-6.0,-2.0,12.0
1775300423.8553295,-8.0,0.0,10.0
1775300423.8653295,-6.0,-1.0,7.0
1775300423.8753295,-2.0,-2.0,1.0
1775300423.8853295,0.0,-5.0,1.0
1775300423.8953297,-1.0,-6.0,1.0
1775300423.9053297,1.0,-2.0,1.0
1775300423.9153297,0.0,0.0,8.0
1775300423.9253297,-4.0,4.0,0.0
1775300423.9353297,-7.0,4.0,0.0
1775300423.9453297,-8.0,2.0,1.0
1775300423.9553297,-4.0,0.0,0.0
1775300423.9653296,-4.0,-2.0,4.0
1775300423.9753296,-3.0,-2.0,8.0
1775300423.9853296,0.0,-4.0,7.0
1775300423.9953296,1.0,0.0,6.0
1775300424.0053296,3.0,0.0,7.0
1775300424.0153296,1.0,0.0,4.0
1775300424.0253296,0.0,-2.0,4.0
1775300424.0353296,0.0,-5.0,3.0
1775300424.0453296,2.0,-2.0,4.0
1775300424.0553296,0.0,0.0,6.0
1775300424.0653296,0.0,-6.0,5.0
1775300424.0753295,1.0,-7.0,3.0
1775300424.0853295,5.0,-6.0,7.0
1775300424.0953295,2.0,-4.0,12.0
1775300424.1053295,3.0,0.0,12.0
1775300424.1153295,10.0,4.0,7.0
1775300424.1253295,10.0,1.0,9.0
1775300424.1353295,6.0,-1.0,9.0
1775300424.1453297,7.0,-4.0,4.0
1775300424.1553297,8.0,-6.0,10.0
1775300424.1653297,0.0,-7.0,11.0
1775300424.1753297,0.0,-7.0,3.0
1775300424.1853297,0.0,-4.0,5.0
1775300424.1953297,5.0,-8.0,1.0
1775300424.2053297,4.0,-12.0,3.0
1775300424.2153296,7.0,-8.0,15.0
1775300424.2253296,3.0,-9.0,17.0
1775300424.2353296,-1.0,-8.0,6.0
1775300424.2453296,-1.0,-9.0,5.0
1775300424.2553296,-2.0,-12.0,6.0
1775300424.2653296,-2.0,-9.0,6.0
1775300424.2753296,-6.0,-5.0,7.0
1775300424.2853296,-8.0,-4.0,12.0
1775300424.2953296,-3.0,-6.0,7.0
1775300424.3053296,-2.0,-6.0,7.0
1775300424.3153296,-4.0,1.0,6.0
1775300424.3253295,0.0,0.0,3.0
1775300424.3353295,3.0,1.0,6.0
1775300424.3453295,1.0,-3.0,7.0
1775300424.3553295,1.0,-1.0,3.0
1775300424.3653295,-1.0,0.0,1.0
1775300424.3753295,-2.0,3.0,0.0
1775300424.3853295,-1.0,0.0,4.0
1775300424.3953297,-1.0,1.0,3.0
1775300424.4053297,-6.0,0.0,8.0
1775300424.4153297,-3.0,0.0,5.0
1775300424.4253297,0.0,0.0,1.0
1775300424.4353297,0.0,0.0,8.0
1775300424.4453297,2.0,2.0,10.0
1775300424.4553297,4.0,2.0,9.0
1775300424.4653296,1.0,4.0,2.0
1775300424.4753296,2.0,6.0,0.0
1775300424.4853296,6.0,3.0,-1.0
1775300424.4953296,4.0,3.0,-1.0
1775300424.5053296,7.0,0.0,-3.0
1775300424.5153296,6.0,0.0,-4.0
1775300424.5253296,5.0,4.0,3.0
1775300424.5353296,3.0,2.0,6.0
1775300424.5453296,2.0,0.0,0.0
1775300424.5553296,6.0,1.0,-3.0
1775300424.5653296,6.0,8.0,0.0
1775300424.5753295,1.0,5.0,0.0
1775300424.5853295,1.0,2.0,6.0
1775300424.5953295,5.0,3.0,5.0
1775300424.6053295,4.0,3.0,6.0
1775300424.6153295,0.0,3.0,8.0
1775300424.6253295,0.0,1.0,11.0
1775300424.6353295,3.0,2.0,16.0
1775300424.6453297,1.0,3.0,17.0
1775300424.6553297,-2.0,0.0,16.0
1775300424.6653297,0.0,-4.0,18.0
1775300424.6753297,0.0,-3.0,13.0
1775300424.6853297,1.0,-3.0,13.0
1775300424.6953297,0.0,-1.0,12.0
1775300424.7053297,0.0,-3.0,14.0
1775300424.7153296,2.0,-2.0,10.0
1775300424.7253296,0.0,0.0,9.0
1775300424.7353296,0.0,0.0,12.0
1775300424.7453296,-1.0,1.0,14.0
1775300424.7553296,0.0,4.0,16.0
1775300424.7653296,0.0,2.0,14.0
1775300424.7753296,4.0,0.0,14.0
1775300424.7853296,4.0,-1.0,19.0
1775300424.7953296,6.0,-4.0,20.0
1775300424.8053296,8.0,-4.0,22.0
1775300424.8153296,7.0,0.0,16.0
1775300424.8253295,4.0,2.0,10.0
1775300424.8353295,6.0,2.0,11.0
1775300424.8453295,5.0,2.0,19.0
1775300424.8553295,6.0,3.0,16.0
1775300424.8653295,9.0,5.0,9.0
1775300424.8753295,9.0,5.0,4.0
1775300424.8853295,6.0,3.0,2.0
1775300424.8953297,6.0,3.0,3.0
1775300424.9053297,4.0,2.0,6.0
1775300424.9153297,5.0,2.0,12.0
1775300424.9253297,3.0,3.0,11.0
1775300424.9353297,4.0,4.0,5.0
1775300424.9453297,7.0,1.0,3.0
1775300424.9553297,3.0,0.0,7.0
1775300424.9653296,3.0,1.0,13.0
1775300424.9753296,0.0,1.0,16.0
1775300424.9853296,-4.0,1.0,14.0
1775300424.9953296,-2.0,6.0,13.0
1775300425.0053296,-1.0,9.0,5.0
1775300425.0153296,0.0,9.0,8.0
1775300425.0253296,-2.0,7.0,8.0
1775300425.0353296,0.0,6.0,10.0
1775300425.0453296,-2.0,1.0,5.0
1775300425.0553296,-3.0,1.0,-1.0
1775300425.0653296,-3.0,0.0,-1.0
1775300425.0753295,-3.0,-1.0,5.0
1775300425.0853295,2.0,-2.0,2.0
1775300425.0953295,3.0,-1.0,3.0
1775300425.1053295,0.0,-2.0,-6.0
1775300425.1153295,-2.0,1.0,2.0
1775300425.1253295,0.0,-3.0,2.0
1775300425.1353295,0.0,-5.0,1.0
1775300425.1453297,-3.0,-3.0,5.0
1775300425.1553297,0.0,-1.0,4.0
1775300425.1653297,0.0,-2.0,5.0
1775300425.1753297,0.0,-2.0,4.0
1775300425.1853297,-1.0,-2.0,7.0
1775300425.1953297,-2.0,-2.0,4.0
1775300425.2053297,0.0,0.0,12.0
1775300425.2153296,0.0,2.0,6.0
1775300425.2253296,0.0,0.0,0.0
1775300425.2353296,5.0,-1.0,-9.0
1775300425.2453296,-1.0,-2.0,-12.0
1775300425.2553296,-3.0,-3.0,-10.0
1775300425.2653296,-4.0,0.0,-3.0
1775300425.2753296,1.0,2.0,-2.0
1775300425.2853296,1.0,2.0,-3.0
1775300425.2953296,1.0,0.0,-3.0
1775300425.3053296,1.0,-1.0,-4.0
1775300425.3153296,3.0,0.0,-1.0
1775300425.3253295,3.0,3.0,0.0
1775300425.3353295,2.0,6.0,9.0
1775300425.3453295,1.0,6.0,7.0
1775300425.3553295,0.0,0.0,5.0
1775300425.3653295,-3.0,-2.0,9.0
1775300425.3753295,-4.0,0.0,8.0
1775300425.3853295,0.0,-2.0,15.0
1775300425.3953297,0.0,1.0,17.0
1775300425.4053297,-6.0,1.0,23.0
1775300425.4153297,-7.0,3.0,28.0
1775300425.4253297,-8.0,3.0,25.0
1775300425.4353297,-4.0,1.0,22.0
1775300425.4453297,0.0,1.0,18.0
1775300425.4553297,2.0,6.0,19.0
1775300425.4653296,0.0,8.0,17.0
1775300425.4753296,4.0,8.0,14.0
1775300425.4853296,6.0,4.0,9.0
1775300425.4953296,3.0,5.0,8.0
1775300425.5053296,3.0,6.0,8.0
1775300425.5153296,5.0,5.0,13.0
1775300425.5253296,0.0,0.0,15.0
1775300425.5353296,0.0,0.0,18.0
1775300425.5453296,1.0,-2.0,15.0
1775300425.5553296,2.0,-4.0,19.0
1775300425.5653296,5.0,-6.0,18.0
1775300425.5753295,2.0,-9.0,16.0
1775300425.5853295,2.0,-9.0,18.0
1775300425.5953295,1.0,-5.0,26.0
1775300425.6053295,0.0,-5.0,21.0
1775300425.6153295,0.0,-3.0,19.0
1775300425.6253295,0.0,0.0,19.0
1775300425.6353295,-2.0,0.0,16.0
1775300425.6453297,0.0,1.0,16.0
1775300425.6553297,6.0,1.0,15.0
1775300425.6653297,6.0,1.0,11.0
1775300425.6753297,3.0,4.0,14.0
1775300425.6853297,3.0,4.0,10.0
1775300425.6953297,2.0,1.0,8.0
1775300425.7053297,1.0,0.0,12.0
1775300425.7153296,3.0,0.0,9.0
1775300425.7253296,5.0,-3.0,8.0
1775300425.7353296,3.0,-8.0,8.0
1775300425.7453296,1.0,-9.0,16.0
1775300425.7553296,-2.0,-4.0,15.0
1775300425.7653296,0.0,-2.0,9.0
1775300425.7753296,2.0,-3.0,14.0
1775300425.7853296,5.0,-4.0,15.0
1775300425.7953296,5.0,-3.0,11.0
1775300425.8053296,5.0,-6.0,10.0
1775300425.8153296,3.0,-4.0,6.0
1775300425.8253295,0.0,-6.0,6.0
1775300425.8353295,0.0,-6.0,11.0
1775300425.8453295,1.0,-4.0,11.0
1775300425.8553295,-1.0,-1.0,9.0
1775300425.8653295,1.0,-2.0,7.0
1775300425.8753295,0.0,-1.0,1.0
1775300425.8853295,5.0,-4.0,2.0
1775300425.8953297,6.0,-6.0,4.0
1775300425.9053297,7.0,0.0,7.0
1775300425.9153297,4.0,-1.0,2.0
1775300425.9253297,7.0,-3.0,7.0
1775300425.9353297,4.0,0.0,8.0
1775300425.9463296,4.0,0.0,9.0
1775300425.9563296,5.0,0.0,9.0
1775300425.9663296,2.0,0.0,15.0
1775300425.9763296,4.0,1.0,11.0
1775300425.9863296,-5.0,-2.0,12.0
1775300425.9963295,-9.0,3.0,12.0
1775300426.0063295,-3.0,2.0,6.0
1775300426.0163295,3.0,2.0,11.0
1775300426.0263295,3.0,0.0,9.0
1775300426.0363295,1.0,-1.0,4.0
1775300426.0463295,2.0,-1.0,2.0
1775300426.0563295,4.0,-1.0,3.0
1775300426.0663297,0.0,0.0,2.0
1775300426.0763297,-2.0,-1.0,1.0
1775300426.0863297,-1.0,-7.0,4.0
1775300426.0963297,0.0,-5.0,-1.0
1775300426.1063297,1.0,-1.0,8.0
1775300426.1163297,2.0,2.0,8.0
1775300426.1263297,0.0,-2.0,6.0
1775300426.1363297,1.0,-3.0,5.0
1775300426.1463296,0.0,-2.0,7.0
1775300426.1563296,1.0,-4.0,9.0
1775300426.1663296,1.0,-5.0,11.0
1775300426.1763296,-3.0,-10.0,5.0
1775300426.1863296,-1.0,-6.0,6.0
1775300426.1963296,0.0,-7.0,14.0
1775300426.2063296,-1.0,-6.0,14.0
1775300426.2163296,0.0,0.0,18.0
1775300426.2263296,-3.0,4.0,21.0
1775300426.2363296,1.0,8.0,22.0
1775300426.2463295,0.0,4.0,15.0
1775300426.2563295,-1.0,0.0,7.0
1775300426.2663295,-4.0,0.0,6.0
1775300426.2763295,-2.0,5.0,7.0
1775300426.2863295,-3.0,5.0,12.0
1775300426.2963295,-1.0,6.0,10.0
1775300426.3063295,0.0,4.0,8.0
1775300426.3163297,1.0,0.0,4.0
1775300426.3263297,0.0,1.0,3.0
1775300426.3363297,2.0,3.0,10.0
1775300426.3463297,8.0,3.0,5.0
1775300426.3563297,12.0,1.0,10.0
1775300426.3663297,15.0,-1.0,11.0
1775300426.3763297,8.0,0.0,12.0
1775300426.3863297,8.0,-3.0,15.0
1775300426.3963296,5.0,-4.0,10.0
1775300426.4063296,5.0,-2.0,7.0
1775300426.4163296,6.0,-2.0,6.0
1775300426.4263296,4.0,-5.0,0.0
1775300426.4363296,3.0,-3.0,6.0
1775300426.4463296,0.0,-5.0,4.0
1775300426.4563296,-1.0,-3.0,-1.0
1775300426.4663296,-7.0,0.0,1.0
1775300426.4763296,-5.0,1.0,3.0
1775300426.4863296,-5.0,2.0,3.0
1775300426.4963295,-4.0,1.0,4.0
1775300426.5063295,-3.0,0.0,3.0
1775300426.5163295,-5.0,0.0,5.0
1775300426.5263295,-1.0,0.0,5.0
1775300426.5363295,-2.0,1.0,5.0
1775300426.5463295,-3.0,2.0,7.0
1775300426.5563295,-5.0,2.0,6.0
1775300426.5663297,-1.0,4.0,5.0
1775300426.5763297,-3.0,1.0,3.0
1775300426.5863297,-5.0,5.0,5.0
1775300426.5963297,-4.0,1.0,10.0
1775300426.6063297,-8.0,2.0,14.0
1775300426.6163297,-7.0,1.0,7.0
1775300426.6263297,-3.0,0.0,12.0
1775300426.6363297,-3.0,0.0,6.0
1775300426.6463296,-4.0,0.0,3.0
1775300426.6563296,-3.0,0.0,1.0
1775300426.6663296,0.0,0.0,4.0
1775300426.6763296,0.0,-3.0,2.0
1775300426.6863296,0.0,-5.0,-2.0
1775300426.6963296,-1.0,-2.0,2.0
1775300426.7063296,-1.0,-4.0,4.0
1775300426.7163296,-5.0,-4.0,5.0
1775300426.7263296,-10.0,-4.0,1.0
1775300426.7363296,-9.0,-3.0,7.0
1775300426.7463295,-7.0,-5.0,10.0
1775300426.7563295,-4.0,-3.0,7.0
1775300426.7663295,-2.0,2.0,7.0
1775300426.7763295,-7.0,-1.0,12.0
1775300426.7863295,-1.0,-3.0,15.0
1775300426.7963295,0.0,-3.0,18.0
1775300426.8063295,1.0,0.0,22.0
1775300426.8163297,0.0,0.0,21.0
1775300426.8263297,-1.0,0.0,17.0
1775300426.8363297,0.0,-2.0,13.0
1775300426.8463297,0.0,-3.0,9.0
1775300426.8563297,0.0,-2.0,12.0
1775300426.8663297,2.0,-5.0,12.0
1775300426.8763297,2.0,0.0,7.0
1775300426.8863297,5.0,3.0,10.0
1775300426.8963296,1.0,0.0,8.0
1775300426.9063296,-2.0,2.0,12.0
1775300426.9163296,-4.0,4.0,12.0
1775300426.9263296,-2.0,5.0,8.0
1775300426.9363296,7.0,10.0,15.0
1775300426.9463296,6.0,11.0,16.0
1775300426.9563296,5.0,7.0,18.0
1775300426.9663296,1.0,5.0,18.0
1775300426.9763296,0.0,4.0,12.0
1775300426.9863296,-1.0,1.0,6.0
1775300426.9963295,1.0,1.0,3.0
1775300427.0063295,6.0,0.0,7.0
1775300427.0163295,6.0,1.0,8.0
1775300427.0263295,1.0,5.0,9.0
1775300427.0363295,-3.0,4.0,20.0
1775300427.0463295,-4.0,3.0,22.0
1775300427.0563295,-8.0,3.0,23.0
1775300427.0663297,-10.0,6.0,12.0
1775300427.0763297,-3.0,6.0,8.0
1775300427.0863297,-4.0,7.0,15.0
1775300427.0963297,-3.0,5.0,16.0
1775300427.1063297,-1.0,1.0,10.0
1775300427.1163297,0.0,6.0,8.0
1775300427.1263297,-5.0,3.0,5.0
1775300427.1363297,-4.0,-1.0,11.0
1775300427.1463296,2.0,-5.0,14.0
1775300427.1563296,4.0,-3.0,10.0
1775300427.1663296,3.0,0.0,10.0
1775300427.1763296,0.0,0.0,13.0
1775300427.1863296,-2.0,-3.0,13.0
1775300427.1963296,0.0,-5.0,4.0
1775300427.2063296,0.0,-3.0,0.0
1775300427.2163296,2.0,-3.0,0.0
1775300427.2263296,4.0,-5.0,-1.0
1775300427.2363296,5.0,-6.0,-4.0
1775300427.2463295,5.0,-7.0,2.0
1775300427.2563295,11.0,-9.0,0.0
1775300427.2663295,9.0,-3.0,6.0
1775300427.2763295,5.0,-6.0,0.0
1775300427.2863295,5.0,-4.0,-2.0
1775300427.2963295,5.0,-5.0,2.0
1775300427.3063295,0.0,0.0,5.0
1775300427.3163297,0.0,-1.0,8.0
1775300427.3263297,0.0,-3.0,15.0
1775300427.3363297,-5.0,-3.0,12.0
1775300427.3463297,0.0,-5.0,8.0
1775300427.3563297,0.0,-8.0,14.0
1775300427.3663297,1.0,-10.0,13.0
1775300427.3763297,-1.0,-8.0,6.0
1775300427.3863297,0.0,-10.0,3.0
1775300427.3963296,-3.0,-11.0,9.0
1775300427.4063296,-1.0,-14.0,10.0
1775300427.4163296,1.0,-10.0,7.0
1775300427.4263296,2.0,-8.0,0.0
1775300427.4363296,0.0,-8.0,7.0
1775300427.4463296,-1.0,-8.0,12.0
1775300427.4563296,0.0,-6.0,8.0
1775300427.4663296,0.0,-4.0,4.0
1775300427.4763296,0.0,-4.0,6.0
1775300427.4863296,2.0,-3.0,5.0
1775300427.4963295,2.0,0.0,10.0
1775300427.5063295,1.0,-3.0,10.0
1775300427.5163295,0.0,-6.0,7.0
1775300427.5263295,0.0,-9.0,0.0
1775300427.5363295,-1.0,-10.0,-7.0
1775300427.5463295,-1.0,-8.0,2.0
1775300427.5563295,-1.0,-7.0,3.0
1775300427.5663297,0.0,-6.0,-2.0
1775300427.5763297,-2.0,-6.0,-6.0
1775300427.5863297,0.0,-3.0,0.0
1775300427.5963297,-3.0,2.0,7.0
1775300427.6063297,-4.0,2.0,5.0
1775300427.6163297,-2.0,-3.0,8.0
1775300427.6263297,-2.0,0.0,5.0
1775300427.6363297,-5.0,-2.0,1.0
1775300427.6463296,-4.0,-5.0,6.0
1775300427.6563296,-2.0,-4.0,0.0
1775300427.6663296,-2.0,-4.0,9.0
1775300427.6763296,0.0,-5.0,7.0
1775300427.6863296,0.0,-3.0,9.0
1775300427.6963296,-2.0,-2.0,7.0
1775300427.7063296,-4.0,0.0,6.0
1775300427.7163296,-6.0,-4.0,6.0
1775300427.7263296,-6.0,0.0,4.0
1775300427.7363296,-5.0,0.0,5.0
1775300427.7463295,-5.0,-4.0,9.0
1775300427.7563295,-3.0,-3.0,5.0
1775300427.7663295,-4.0,0.0,8.0
1775300427.7763295,-5.0,0.0,5.0
1775300427.7863295,-3.0,0.0,5.0
1775300427.7963295,-3.0,2.0,5.0
1775300427.8063295,-2.0,2.0,1.0
1775300427.8163297,-3.0,0.0,7.0
1775300427.8263297,1.0,2.0,7.0
1775300427.8373296,-3.0,0.0,0.0
1775300427.8463297,0.0,-4.0,0.0
1775300427.8563297,-2.0,-5.0,5.0
1775300427.8663297,-1.0,-6.0,11.0
1775300427.8763297,2.0,-7.0,13.0
1775300427.8863297,7.0,-6.0,7.0
1775300427.8963296,6.0,-9.0,6.0
1775300427.9063296,10.0,-8.0,3.0
1775300427.9163296,11.0,-8.0,7.0
1775300427.9263296,6.0,-9.0,3.0
1775300427.9363296,3.0,-7.0,4.0
1775300427.9463296,2.0,-7.0,0.0
1775300427.9563296,3.0,-10.0,3.0
1775300427.9663296,7.0,-13.0,9.0
1775300427.9763296,5.0,-11.0,6.0
1775300427.9863296,0.0,-5.0,3.0
1775300427.9963295,0.0,-3.0,-2.0
1775300428.0063295,-1.0,-3.0,-2.0
1775300428.0163295,0.0,-3.0,-4.0
1775300428.0263295,-3.0,-5.0,0.0
1775300428.0363295,1.0,-8.0,2.0
1775300428.0463295,4.0,-6.0,2.0
1775300428.0563295,1.0,-2.0,1.0
1775300428.0663297,-1.0,0.0,1.0
1775300428.0763297,-4.0,-2.0,2.0
1775300428.0863297,-6.0,-1.0,7.0
1775300428.0963297,-2.0,0.0,7.0
1775300428.1063297,-3.0,0.0,4.0
1775300428.1163297,-3.0,-3.0,0.0
1775300428.1263297,-2.0,-3.0,6.0
1775300428.1363297,2.0,-5.0,-1.0
1775300428.1463296,4.0,-5.0,-5.0
1775300428.1563296,3.0,-1.0,-1.0
1775300428.1663296,4.0,2.0,1.0
1775300428.1763296,4.0,8.0,5.0
1775300428.1873295,8.0,10.0,6.0
1775300428.1963296,9.0,6.0,3.0
1775300428.2073295,4.0,2.0,7.0
1775300428.2173295,7.0,-2.0,11.0
1775300428.2273295,4.0,-2.0,8.0
1775300428.2373295,3.0,1.0,7.0
1775300428.2473297,4.0,2.0,8.0
1775300428.2573297,0.0,3.0,10.0
1775300428.2673297,1.0,2.0,14.0
1775300428.2773297,-2.0,3.0,14.0
1775300428.2873297,-6.0,6.0,21.0
1775300428.2973297,-1.0,2.0,17.0
1775300428.3073297,1.0,-1.0,23.0
1775300428.3173296,0.0,4.0,21.0
1775300428.3273296,1.0,2.0,19.0
1775300428.3373296,-1.0,-3.0,19.0
1775300428.3473296,-1.0,-2.0,20.0
1775300428.3573296,0.0,-2.0,12.0
1775300428.3673296,0.0,-4.0,0.0
1775300428.3773296,-1.0,-1.0,3.0
1775300428.3873296,-3.0,-4.0,-1.0
1775300428.3973296,-2.0,-2.0,3.0
1775300428.4073296,1.0,-2.0,2.0
1775300428.4173295,0.0,-3.0,11.0
1775300428.4273295,2.0,-3.0,21.0
1775300428.4373295,6.0,-2.0,21.0
1775300428.4473295,6.0,0.0,13.0
1775300428.4573295,8.0,2.0,17.0
1775300428.4673295,7.0,2.0,21.0
1775300428.4773295,8.0,1.0,20.0
1775300428.4873295,6.0,2.0,19.0
1775300428.4973297,2.0,2.0,17.0
1775300428.5073297,1.0,2.0,14.0
1775300428.5173297,0.0,0.0,10.0
1775300428.5273297,-2.0,6.0,11.0
1775300428.5373297,-4.0,6.0,9.0
1775300428.5473297,1.0,5.0,11.0
1775300428.5573297,4.0,6.0,16.0
1775300428.5673296,7.0,8.0,14.0
1775300428.5773296,6.0,12.0,7.0
1775300428.5873296,2.0,9.0,10.0
1775300428.5973296,0.0,0.0,7.0
1775300428.6073296,-2.0,0.0,0.0
1775300428.6173296,2.0,-3.0,9.0
1775300428.6273296,0.0,0.0,9.0
1775300428.6373296,0.0,3.0,12.0
1775300428.6473296,-1.0,2.0,16.0
1775300428.6573296,2.0,2.0,14.0
1775300428.6673295,2.0,4.0,12.0
1775300428.6773295,0.0,5.0,15.0
1775300428.6873295,-3.0,6.0,15.0
1775300428.6973295,-2.0,8.0,7.0
1775300428.7073295,0.0,9.0,6.0
1775300428.7173295,-1.0,5.0,4.0
1775300428.7273295,-2.0,0.0,8.0
1775300428.7373295,-3.0,-2.0,10.0
1775300428.7473297,-6.0,-3.0,9.0
1775300428.7573297,-1.0,-4.0,5.0
1775300428.7673297,1.0,-2.0,8.0
1775300428.7773297,-1.0,-4.0,7.0
1775300428.7873297,-1.0,-3.0,9.0
1775300428.7973297,4.0,-5.0,15.0
1775300428.8073297,0.0,-1.0,12.0
1775300428.8173296,-3.0,2.0,8.0
1775300428.8273296,-1.0,4.0,13.0
1775300428.8373296,-5.0,5.0,6.0
1775300428.8473296,0.0,6.0,4.0
1775300428.8573296,-2.0,2.0,0.0
1775300428.8673296,0.0,1.0,6.0
1775300428.8773296,-1.0,0.0,1.0
1775300428.8873296,-4.0,0.0,5.0
1775300428.8973296,-9.0,4.0,6.0
1775300428.9073296,-12.0,0.0,11.0
1775300428.9173295,-11.0,-3.0,19.0
1775300428.9273295,-8.0,-1.0,13.0
1775300428.9373295,-3.0,-4.0,19.0
1775300428.9473295,-6.0,-6.0,12.0
1775300428.9573295,-6.0,-2.0,7.0
1775300428.9673295,-1.0,-2.0,13.0
1775300428.9773295,-5.0,-4.0,11.0
1775300428.9873295,-3.0,-1.0,10.0
1775300428.9973297,-4.0,1.0,6.0
1775300429.0073297,-1.0,1.0,4.0
1775300429.0173297,-1.0,2.0,6.0
1775300429.0273297,-4.0,4.0,10.0
1775300429.0373297,-5.0,6.0,16.0
1775300429.0473297,-5.0,2.0,19.0
1775300429.0573297,-3.0,0.0,17.0
1775300429.0673296,0.0,0.0,18.0
1775300429.0773296,4.0,-1.0,17.0
1775300429.0873296,0.0,-3.0,17.0
1775300429.0973296,0.0,-5.0,17.0
1775300429.1073296,0.0,-4.0,13.0
1775300429.1173296,2.0,1.0,4.0
1775300429.1273296,1.0,5.0,6.0
1775300429.1373296,2.0,3.0,6.0
1775300429.1473296,4.0,0.0,4.0
1775300429.1573296,3.0,-4.0,9.0
1775300429.1673295,1.0,-5.0,13.0
1775300429.1773295,-1.0,-5.0,18.0
1775300429.1873295,0.0,-7.0,16.0
1775300429.1973295,-3.0,-6.0,18.0
1775300429.2073295,-1.0,-5.0,13.0
1775300429.2173295,-1.0,-3.0,14.0
1775300429.2273295,1.0,-1.0,9.0
1775300429.2373295,0.0,-1.0,10.0
1775300429.2473297,-5.0,-4.0,11.0
1775300429.2573297,0.0,-6.0,6.0
1775300429.2673297,-1.0,-8.0,6.0
1775300429.2773297,-4.0,-6.0,9.0
1775300429.2873297,0.0,-5.0,8.0
1775300429.2973297,5.0,0.0,10.0
1775300429.3073297,6.0,4.0,11.0
1775300429.3173296,3.0,5.0,17.0
1775300429.3273296,2.0,8.0,21.0
1775300429.3373296,-1.0,6.0,22.0
1775300429.3473296,-3.0,4.0,22.0
1775300429.3573296,-2.0,3.0,21.0
1775300429.3673296,-2.0,4.0,17.0
1775300429.3773296,0.0,5.0,13.0
1775300429.3873296,-6.0,5.0,11.0
1775300429.3973296,-4.0,5.0,14.0
1775300429.4073296,-3.0,0.0,17.0
1775300429.4173295,0.0,0.0,22.0
1775300429.4273295,-1.0,3.0,17.0
1775300429.4373295,0.0,1.0,24.0
1775300429.4473295,3.0,-1.0,21.0
1775300429.4573295,3.0,0.0,15.0
1775300429.4673295,-1.0,-3.0,19.0
1775300429.4773295,0.0,-2.0,11.0
1775300429.4873295,-1.0,-2.0,3.0
1775300429.4973297,0.0,-1.0,8.0
1775300429.5073297,2.0,-3.0,12.0
1775300429.5173297,3.0,-3.0,14.0
1775300429.5273297,2.0,-6.0,5.0
1775300429.5373297,-3.0,-7.0,6.0
1775300429.5473297,0.0,-4.0,6.0
1775300429.5573297,-5.0,0.0,5.0
1775300429.5673296,-4.0,-2.0,9.0
1775300429.5773296,-3.0,-2.0,12.0
1775300429.5873296,1.0,-1.0,16.0
1775300429.5973296,2.0,0.0,15.0
1775300429.6073296,3.0,-1.0,18.0
1775300429.6173296,4.0,-4.0,17.0
1775300429.6273296,0.0,-1.0,9.0
1775300429.6373296,0.0,0.0,5.0
1775300429.6473296,2.0,2.0,10.0
1775300429.6573296,0.0,-1.0,15.0
1775300429.6673295,1.0,0.0,17.0
1775300429.6773295,0.0,0.0,16.0
1775300429.6873295,7.0,2.0,10.0
1775300429.6973295,6.0,0.0,11.0
1775300429.7073295,3.0,-3.0,6.0
1775300429.7173295,3.0,-3.0,12.0
1775300429.7273295,2.0,-6.0,11.0
1775300429.7373295,-2.0,-7.0,9.0
1775300429.7473297,0.0,-6.0,4.0
1775300429.7573297,2.0,-9.0,0.0
1775300429.7673297,8.0,-8.0,8.0
1775300429.7773297,6.0,-8.0,11.0
1775300429.7873297,5.0,-6.0,8.0
1775300429.7973297,0.0,-1.0,6.0
1775300429.8073297,1.0,-3.0,6.0
1775300429.8173296,-6.0,-6.0,11.0
1775300429.8273296,-3.0,-4.0,14.0
1775300429.8373296,-4.0,-7.0,11.0
1775300429.8473296,-4.0,-9.0,10.0
1775300429.8573296,-5.0,0.0,8.0
1775300429.8673296,-3.0,-1.0,15.0
1775300429.8773296,-1.0,-3.0,8.0
1775300429.8873296,0.0,-3.0,3.0
1775300429.8973296,0.0,-5.0,4.0
1775300429.9073296,-1.0,-3.0,10.0
1775300429.9173295,0.0,-4.0,15.0
1775300429.9273295,-2.0,-1.0,10.0
1775300429.9373295,-1.0,-2.0,10.0
1775300429.9473295,-2.0,-3.0,11.0
1775300429.9573295,2.0,-3.0,14.0
1775300429.9673295,0.0,-3.0,4.0
1775300429.9773295,0.0,-1.0,5.0
1775300429.9873295,6.0,2.0,0.0
1775300429.9973297,4.0,-1.0,-4.0
1775300430.0073297,2.0,-3.0,-2.0
1775300430.0173297,0.0,-1.0,3.0
1775300430.0273297,1.0,0.0,3.0
1775300430.0373297,3.0,0.0,5.0
1775300430.0473297,-1.0,-1.0,4.0
1775300430.0573297,0.0,0.0,3.0
1775300430.0673296,3.0,4.0,4.0
1775300430.0773296,5.0,4.0,6.0
1775300430.0873296,4.0,4.0,12.0
1775300430.0973296,-1.0,2.0,11.0
1775300430.1073296,-3.0,0.0,14.0
1775300430.1173296,-3.0,0.0,20.0
1775300430.1273296,-1.0,3.0,18.0
1775300430.1373296,-1.0,1.0,20.0
1775300430.1473296,0.0,2.0,17.0
1775300430.1573296,1.0,1.0,15.0
1775300430.1673295,-2.0,3.0,15.0
1775300430.1773295,-3.0,1.0,11.0
1775300430.1873295,-1.0,-1.0,13.0
1775300430.1973295,0.0,-3.0,15.0
1775300430.2073295,1.0,-4.0,23.0
1775300430.2173295,-1.0,-3.0,24.0
1775300430.2273295,3.0,0.0,20.0
1775300430.2373295,5.0,-1.0,12.0
1775300430.2473297,4.0,-3.0,7.0
1775300430.2573297,1.0,-2.0,16.0
1775300430.2673297,-3.0,0.0,17.0
1775300430.2773297,-2.0,-1.0,22.0
1775300430.2873297,0.0,0.0,15.0
1775300430.2973297,0.0,0.0,7.0
1775300430.3073297,5.0,-1.0,9.0
1775300430.3173296,9.0,-3.0,12.0
1775300430.3273296,6.0,-5.0,15.0
1775300430.3373296,3.0,-8.0,12.0
1775300430.3473296,1.0,-7.0,7.0
1775300430.3573296,2.0,-4.0,8.0
1775300430.3673296,-1.0,2.0,7.0
1775300430.3773296,-1.0,5.0,8.0
1775300430.3873296,0.0,3.0,10.0
1775300430.3973296,5.0,-1.0,8.0
1775300430.4073296,2.0,-1.0,-3.0
1775300430.4173295,2.0,-1.0,-2.0
1775300430.4273295,3.0,0.0,-8.0
1775300430.4373295,3.0,1.0,-9.0
1775300430.4473295,2.0,1.0,-7.0
1775300430.4573295,4.0,4.0,4.0
1775300430.4673295,0.0,10.0,-3.0
1775300430.4773295,0.0,7.0,0.0
1775300430.4873295,-1.0,10.0,0.0
1775300430.4983296,2.0,9.0,6.0
1775300430.5073297,1.0,6.0,6.0
1775300430.5183296,-1.0,9.0,10.0
1775300430.5283296,0.0,4.0,14.0
1775300430.5383296,2.0,0.0,16.0
1775300430.5483296,2.0,0.0,16.0
1775300430.5583296,5.0,0.0,9.0
1775300430.5683296,6.0,0.0,12.0
1775300430.5783296,2.0,-2.0,9.0
1775300430.5883296,2.0,-3.0,3.0
1775300430.5983295,0.0,-10.0,6.0
1775300430.6083295,0.0,-7.0,6.0
1775300430.6183295,1.0,-8.0,4.0
1775300430.6283295,-5.0,-5.0,13.0
1775300430.6383295,-1.0,-9.0,15.0
1775300430.6483295,-1.0,-9.0,15.0
1775300430.6583295,0.0,-6.0,14.0
1775300430.6683297,-1.0,-7.0,15.0
1775300430.6783297,1.0,-4.0,9.0
1775300430.6883297,4.0,-4.0,1.0
1775300430.6983297,8.0,-4.0,2.0
1775300430.7083297,6.0,-6.0,10.0
1775300430.7183297,4.0,-6.0,17.0
1775300430.7283297,0.0,-6.0,14.0
1775300430.7383296,0.0,-2.0,9.0
1775300430.7483296,-1.0,1.0,12.0
1775300430.7583296,-2.0,1.0,12.0
1775300430.7683296,3.0,0.0,7.0
1775300430.7783296,4.0,-4.0,10.0
1775300430.7883296,-1.0,-4.0,14.0
1775300430.7983296,-2.0,-4.0,14.0
1775300430.8083296,0.0,-6.0,15.0
1775300430.8183296,0.0,-4.0,15.0
1775300430.8283296,0.0,-1.0,12.0
1775300430.8383296,0.0,0.0,13.0
1775300430.8483295,-2.0,-1.0,12.0
1775300430.8583295,-6.0,0.0,11.0
1775300430.8683295,-9.0,-1.0,12.0
1775300430.8783295,-12.0,-2.0,9.0
1775300430.8883295,-5.0,-6.0,1.0
1775300430.8983295,-4.0,-5.0,2.0
1775300430.9083295,-4.0,-4.0,5.0
1775300430.9183297,-2.0,-1.0,4.0
1775300430.9283297,0.0,0.0,13.0
1775300430.9383297,-2.0,-1.0,17.0
1775300430.9483297,-1.0,-6.0,14.0
1775300430.9583297,-3.0,-4.0,15.0
1775300430.9683297,-6.0,-2.0,9.0
1775300430.9783297,-3.0,-3.0,9.0
1775300430.9883296,-5.0,-1.0,15.0
1775300430.9983296,-2.0,-3.0,12.0
1775300431.0083296,-1.0,-3.0,18.0
1775300431.0183296,-3.0,-2.0,25.0
1775300431.0283296,-6.0,-2.0,17.0
1775300431.0383296,-11.0,-1.0,12.0
1775300431.0483296,-3.0,-4.0,10.0
1775300431.0583296,1.0,0.0,10.0
1775300431.0683296,-1.0,0.0,8.0
1775300431.0783296,-3.0,-2.0,9.0
1775300431.0883296,-5.0,-3.0,10.0
1775300431.0983295,0.0,-6.0,19.0
1775300431.1083295,-2.0,-7.0,20.0
1775300431.1183295,-5.0,-6.0,17.0
1775300431.1283295,-5.0,-9.0,13.0
1775300431.1383295,2.0,-6.0,12.0
1775300431.1483295,4.0,0.0,13.0
1775300431.1583295,2.0,0.0,11.0
1775300431.1683297,1.0,0.0,11.0
1775300431.1783297,0.0,-3.0,11.0
1775300431.1883297,-2.0,-5.0,12.0
1775300431.1983297,-4.0,-6.0,8.0
1775300431.2083297,-1.0,-3.0,11.0
1775300431.2183297,-2.0,-5.0,13.0
1775300431.2283297,0.0,0.0,6.0
1775300431.2383296,-1.0,0.0,7.0
1775300431.2483296,0.0,-1.0,13.0
1775300431.2583296,2.0,0.0,14.0
1775300431.2683296,4.0,1.0,16.0
1775300431.2783296,-1.0,1.0,16.0
1775300431.2883296,2.0,0.0,19.0
1775300431.2983296,-1.0,-1.0,22.0
1775300431.3083296,-4.0,-3.0,22.0
1775300431.3183296,-4.0,-6.0,11.0
1775300431.3283296,-1.0,-1.0,11.0
1775300431.3383296,1.0,-1.0,9.0
1775300431.3483295,1.0,1.0,10.0
1775300431.3583295,1.0,0.0,11.0
1775300431.3683295,1.0,0.0,6.0
1775300431.3783295,1.0,-5.0,7.0
1775300431.3883295,0.0,-10.0,15.0
1775300431.3983295,0.0,-7.0,18.0
1775300431.4083295,0.0,-3.0,9.0
1775300431.4183297,-2.0,-1.0,8.0
1775300431.4283297,-1.0,-3.0,13.0
1775300431.4383297,0.0,-4.0,4.0
1775300431.4483297,2.0,-5.0,8.0
1775300431.4583297,2.0,-1.0,12.0
1775300431.4683297,3.0,-4.0,2.0
1775300431.4783297,1.0,-1.0,1.0
1775300431.4883296,2.0,-1.0,0.0
1775300431.4983296,0.0,0.0,-2.0
1775300431.5083296,0.0,-2.0,-7.0
1775300431.5183296,0.0,-4.0,-8.0
1775300431.5283296,-2.0,-3.0,-4.0
1775300431.5383296,-4.0,-1.0,0.0
1775300431.5483296,-5.0,-6.0,3.0
1775300431.5583296,0.0,-7.0,6.0
1775300431.5683296,4.0,-6.0,12.0
1775300431.5783296,0.0,-3.0,10.0
1775300431.5883296,2.0,-1.0,10.0
1775300431.5983295,0.0,1.0,7.0
1775300431.6083295,0.0,3.0,10.0
1775300431.6183295,0.0,4.0,5.0
1775300431.6283295,-1.0,3.0,10.0
1775300431.6383295,0.0,1.0,14.0
1775300431.6483295,-3.0,3.0,14.0
1775300431.6583295,-6.0,1.0,10.0
1775300431.6683297,-9.0,1.0,9.0
1775300431.6783297,-7.0,2.0,5.0
1775300431.6883297,-6.0,3.0,4.0
1775300431.6983297,-4.0,3.0,7.0
1775300431.7083297,-5.0,3.0,4.0
1775300431.7183297,-2.0,4.0,2.0
1775300431.7283297,-3.0,0.0,4.0
1775300431.7383296,0.0,0.0,1.0
1775300431.7483296,1.0,-1.0,-4.0
1775300431.7583296,2.0,-3.0,-12.0
1775300431.7683296,5.0,-6.0,-7.0
1775300431.7783296,4.0,-6.0,-5.0
1775300431.7883296,4.0,-6.0,-3.0
1775300431.7983296,8.0,-5.0,-3.0
1775300431.8083296,5.0,-4.0,-4.0
1775300431.8183296,4.0,-6.0,0.0
1775300431.8283296,0.0,-3.0,-2.0
1775300431.8383296,-3.0,-1.0,1.0
1775300431.8483295,-4.0,-3.0,8.0
1775300431.8583295,-4.0,-3.0,11.0
1775300431.8683295,-3.0,-5.0,13.0
1775300431.8783295,-3.0,-7.0,4.0
1775300431.8883295,2.0,-9.0,3.0
1775300431.8983295,4.0,-5.0,1.0
1775300431.9083295,5.0,-5.0,3.0
1775300431.9183297,2.0,-6.0,13.0
1775300431.9283297,4.0,-3.0,6.0
1775300431.9383297,-1.0,-4.0,7.0
1775300431.9483297,1.0,-4.0,12.0
1775300431.9583297,2.0,-5.0,17.0
1775300431.9683297,7.0,-8.0,14.0
1775300431.9783297,7.0,-9.0,10.0
1775300431.9883296,3.0,-4.0,7.0
1775300431.9983296,-4.0,-4.0,0.0
1775300432.0083296,-4.0,-3.0,0.0
1775300432.0183296,-7.0,-6.0,0.0
1775300432.0283296,-6.0,-8.0,1.0
1775300432.0383296,-6.0,-7.0,-2.0
1775300432.0483296,-13.0,-4.0,0.0
1775300432.0583296,-11.0,-1.0,0.0
1775300432.0683296,-8.0,1.0,-2.0
1775300432.0783296,-6.0,0.0,-6.0
1775300432.0883296,-7.0,-2.0,-2.0
1775300432.0983295,-5.0,-1.0,7.0
1775300432.1083295,-6.0,-1.0,9.0
1775300432.1183295,-3.0,0.0,10.0
1775300432.1283295,0.0,1.0,4.0
1775300432.1383295,-3.0,0.0,3.0
1775300432.1483295,-1.0,1.0,5.0
1775300432.1583295,2.0,1.0,6.0
1775300432.1683297,0.0,-1.0,7.0
1775300432.1783297,0.0,0.0,5.0
1775300432.1883297,-3.0,0.0,6.0
1775300432.1983297,0.0,1.0,1.0
1775300432.2083297,-2.0,3.0,-3.0
1775300432.2183297,-4.0,5.0,-2.0
1775300432.2283297,0.0,0.0,0.0
1775300432.2383296,-7.0,0.0,-2.0
1775300432.2483296,-9.0,-3.0,2.0
1775300432.2583296,-7.0,-3.0,1.0
1775300432.2683296,-5.0,-4.0,1.0
1775300432.2783296,-7.0,-5.0,0.0
1775300432.2883296,-2.0,-5.0,-1.0
1775300432.2983296,-1.0,-8.0,5.0
1775300432.3083296,0.0,-7.0,2.0
1775300432.3183296,3.0,-6.0,5.0
1775300432.3283296,0.0,-9.0,4.0
1775300432.3383296,0.0,-6.0,8.0
1775300432.3483295,-2.0,-4.0,6.0
1775300432.3583295,-3.0,-2.0,13.0
1775300432.3683295,0.0,-2.0,5.0
1775300432.3783295,-5.0,-1.0,-4.0
1775300432.3883295,-6.0,-4.0,-2.0
1775300432.3983295,-5.0,-1.0,-1.0
1775300432.4083295,-6.0,1.0,4.0
1775300432.4183297,-5.0,3.0,5.0
1775300432.4283297,-2.0,5.0,5.0
1775300432.4383297,-3.0,0.0,5.0
1775300432.4483297,-8.0,0.0,6.0
1775300432.4583297,-7.0,-1.0,5.0
1775300432.4683297,-7.0,0.0,2.0
1775300432.4783297,-4.0,3.0,8.0
1775300432.4883296,-2.0,3.0,3.0
1775300432.4983296,-1.0,2.0,1.0
1775300432.5083296,0.0,2.0,0.0
1775300432.5183296,1.0,5.0,-5.0
1775300432.5283296,-1.0,4.0,0.0
1775300432.5383296,1.0,2.0,3.0
1775300432.5483296,4.0,1.0,8.0
1775300432.5583296,3.0,-1.0,10.0
1775300432.5683296,0.0,-1.0,10.0
1775300432.5783296,-1.0,-3.0,10.0
1775300432.5883296,-1.0,-2.0,15.0
1775300432.5983295,0.0,-7.0,21.0
1775300432.6083295,4.0,-7.0,18.0
1775300432.6183295,6.0,-4.0,14.0
1775300432.6283295,4.0,0.0,9.0
1775300432.6383295,5.0,-5.0,13.0
1775300432.6483295,8.0,-2.0,10.0
1775300432.6583295,9.0,-1.0,13.0
1775300432.6683297,8.0,2.0,14.0
1775300432.6783297,4.0,1.0,10.0
1775300432.6883297,5.0,-2.0,6.0
1775300432.6983297,5.0,-2.0,5.0
1775300432.7083297,8.0,0.0,6.0
1775300432.7183297,7.0,-2.0,7.0
1775300432.7283297,3.0,-1.0,1.0
1775300432.7383296,5.0,-1.0,1.0
1775300432.7483296,9.0,1.0,0.0
1775300432.7583296,8.0,0.0,0.0
1775300432.7683296,10.0,-5.0,6.0
1775300432.7793295,8.0,-4.0,8.0
1775300432.7893295,6.0,-4.0,0.0
1775300432.7993295,4.0,-4.0,2.0
1775300432.8093295,3.0,-1.0,8.0
1775300432.8193295,5.0,-4.0,1.0
1775300432.8293295,4.0,-4.0,1.0
1775300432.8393295,6.0,-3.0,0.0
1775300432.8493297,8.0,-1.0,0.0
1775300432.8593297,7.0,-1.0,2.0
1775300432.8693297,7.0,-3.0,6.0
1775300432.8793297,2.0,-3.0,7.0
1775300432.8893297,0.0,-7.0,9.0
1775300432.8993297,1.0,-4.0,10.0
1775300432.9093297,3.0,-3.0,3.0
1775300432.9193296,2.0,-4.0,2.0
1775300432.9293296,0.0,-1.0,5.0
1775300432.9393296,3.0,0.0,8.0
1775300432.9493296,-1.0,0.0,8.0
1775300432.9593296,1.0,-1.0,3.0
1775300432.9693296,-4.0,-1.0,5.0
1775300432.9793296,-5.0,-4.0,4.0
1775300432.9893296,-4.0,-3.0,6.0
1775300432.9993296,-4.0,-4.0,11.0
1775300433.0093296,-3.0,-2.0,17.0
1775300433.0193295,-4.0,-7.0,16.0
1775300433.0293295,-3.0,-9.0,16.0
1775300433.0393295,-1.0,-10.0,15.0
1775300433.0493295,1.0,-10.0,18.0
1775300433.0593295,3.0,-8.0,17.0
1775300433.0693295,3.0,-4.0,18.0
1775300433.0793295,2.0,-1.0,12.0
1775300433.0893295,0.0,-1.0,9.0
1775300433.0993297,0.0,1.0,9.0
1775300433.1093297,0.0,0.0,6.0
1775300433.1193297,1.0,-1.0,1.0
1775300433.1293297,0.0,-1.0,-1.0
1775300433.1393297,4.0,1.0,-1.0
1775300433.1493297,2.0,0.0,-2.0
1775300433.1593297,3.0,1.0,-1.0
1775300433.1693296,2.0,3.0,5.0
1775300433.1793296,-1.0,3.0,4.0
1775300433.1893296,-5.0,0.0,16.0
1775300433.1993296,-4.0,-2.0,17.0
1775300433.2093296,-4.0,-7.0,14.0
1775300433.2193296,-1.0,0.0,18.0
1775300433.2293296,0.0,0.0,19.0
1775300433.2393296,-2.0,3.0,19.0
1775300433.2493296,-5.0,3.0,12.0
1775300433.2593296,-6.0,0.0,16.0
1775300433.2693295,-7.0,-3.0,23.0
1775300433.2793295,-3.0,-2.0,14.0
1775300433.2893295,-2.0,-1.0,11.0
1775300433.2993295,-2.0,0.0,8.0
1775300433.3093295,-6.0,0.0,1.0
1775300433.3193295,-5.0,0.0,0.0
1775300433.3293295,-4.0,0.0,0.0
1775300433.3393295,-1.0,2.0,2.0
1775300433.3493297,-4.0,4.0,11.0
1775300433.3593297,-4.0,1.0,19.0
1775300433.3693297,-7.0,-1.0,17.0
1775300433.3793297,0.0,-3.0,18.0
1775300433.3893297,-1.0,-3.0,12.0
1775300433.3993297,0.0,-5.0,10.0
1775300433.4093297,1.0,-4.0,6.0
1775300433.4193296,1.0,0.0,6.0
1775300433.4293296,0.0,-3.0,7.0
1775300433.4393296,0.0,-7.0,3.0
1775300433.4493296,0.0,-9.0,3.0
1775300433.4593296,4.0,-7.0,2.0
1775300433.4693296,-3.0,-3.0,4.0
1775300433.4793296,-3.0,-2.0,3.0
1775300433.4893296,1.0,-3.0,7.0
1775300433.4993296,2.0,-2.0,12.0
1775300433.5093296,5.0,-3.0,12.0
1775300433.5193295,4.0,-8.0,8.0
1775300433.5293295,-1.0,-11.0,12.0
1775300433.5393295,-3.0,-11.0,6.0
1775300433.5493295,-3.0,-7.0,10.0
1775300433.5593295,-2.0,-3.0,10.0
1775300433.5693295,0.0,-2.0,4.0
1775300433.5793295,2.0,-2.0,4.0
1775300433.5893295,6.0,-3.0,1.0
1775300433.5993297,3.0,-4.0,6.0
1775300433.6093297,2.0,-8.0,0.0
1775300433.6193297,0.0,-9.0,0.0
1775300433.6293297,0.0,-7.0,5.0
1775300433.6393297,0.0,-8.0,4.0
1775300433.6493297,0.0,-8.0,6.0
1775300433.6593297,3.0,-6.0,6.0
1775300433.6693296,1.0,-5.0,7.0
1775300433.6793296,5.0,-6.0,9.0
1775300433.6893296,4.0,-6.0,12.0
1775300433.6993296,1.0,-6.0,11.0
1775300433.7093296,4.0,-7.0,18.0
1775300433.7193296,4.0,-6.0,9.0
1775300433.7293296,4.0,-2.0,12.0
1775300433.7393296,4.0,-1.0,7.0
1775300433.7493296,1.0,-1.0,3.0
1775300433.7593296,2.0,-1.0,6.0
1775300433.7693295,0.0,-2.0,5.0
1775300433.7793295,0.0,0.0,3.0
1775300433.7893295,1.0,-1.0,2.0
1775300433.7993295,3.0,-3.0,-3.0
1775300433.8093295,-1.0,-4.0,-3.0
1775300433.8193295,-4.0,-5.0,-10.0
1775300433.8293295,-2.0,-4.0,-9.0
1775300433.8393295,-4.0,-1.0,-13.0
1775300433.8493297,-6.0,-2.0,-6.0
1775300433.8593297,-7.0,-1.0,-5.0
1775300433.8693297,-5.0,3.0,5.0
1775300433.8793297,-4.0,1.0,5.0
1775300433.8893297,-2.0,4.0,9.0
1775300433.8993297,0.0,-1.0,13.0
1775300433.9093297,-3.0,-2.0,12.0
1775300433.9193296,-8.0,0.0,16.0
1775300433.9293296,-3.0,-3.0,12.0
1775300433.9393296,4.0,-4.0,10.0
1775300433.9493296,5.0,-8.0,12.0
1775300433.9593296,1.0,-10.0,12.0
1775300433.9693296,-2.0,-9.0,7.0
1775300433.9793296,-1.0,-6.0,5.0
1775300433.9893296,0.0,-2.0,6.0
1775300433.9993296,2.0,-1.0,14.0
1775300434.0093296,3.0,0.0,21.0
1775300434.0193295,0.0,0.0,22.0
1775300434.0293295,2.0,-2.0,19.0
1775300434.0393295,1.0,1.0,17.0
1775300434.0493295,3.0,2.0,14.0
1775300434.0593295,1.0,-2.0,15.0
1775300434.0693295,0.0,-8.0,16.0
1775300434.0793295,0.0,-3.0,11.0
1775300434.0893295,-1.0,-5.0,13.0
1775300434.0993297,0.0,-5.0,19.0
1775300434.1093297,0.0,-3.0,16.0
1775300434.1193297,-1.0,-6.0,15.0
1775300434.1293297,-3.0,-7.0,8.0
1775300434.1393297,-2.0,-1.0,8.0
1775300434.1493297,0.0,-1.0,4.0
1775300434.1593297,10.0,3.0,10.0
1775300434.1693296,8.0,2.0,16.0
1775300434.1793296,4.0,0.0,19.0
1775300434.1893296,1.0,2.0,22.0
1775300434.1993296,2.0,3.0,18.0
1775300434.2093296,6.0,4.0,10.0
1775300434.2193296,2.0,0.0,8.0
1775300434.2293296,-2.0,0.0,8.0
1775300434.2393296,-2.0,-2.0,6.0
1775300434.2493296,-4.0,-3.0,-1.0
1775300434.2593296,-3.0,2.0,0.0
1775300434.2693295,-6.0,-2.0,4.0
1775300434.2793295,-4.0,-6.0,5.0
1775300434.2893295,0.0,-6.0,4.0
1775300434.2993295,0.0,-4.0,7.0
1775300434.3093295,-2.0,-1.0,4.0
1775300434.3193295,-8.0,0.0,5.0
1775300434.3293295,-9.0,-4.0,4.0
1775300434.3393295,-6.0,-1.0,9.0
1775300434.3493297,-7.0,2.0,10.0
1775300434.3593297,-6.0,1.0,8.0
1775300434.3693297,-6.0,0.0,6.0
1775300434.3793297,-8.0,1.0,8.0
1775300434.3893297,-11.0,0.0,7.0
1775300434.3993297,-12.0,-5.0,8.0
1775300434.4093297,-8.0,-6.0,4.0
1775300434.4193296,-2.0,-6.0,4.0
1775300434.4293296,0.0,-2.0,3.0
1775300434.4393296,0.0,0.0,6.0
1775300434.4493296,-6.0,0.0,17.0
1775300434.4593296,-7.0,3.0,12.0
1775300434.4693296,-9.0,0.0,8.0
1775300434.4793296,-3.0,-2.0,1.0
1775300434.4893296,0.0,-2.0,0.0
1775300434.4993296,3.0,-3.0,4.0
1775300434.5093296,2.0,-3.0,3.0
1775300434.5193295,2.0,-1.0,0.0
1775300434.5293295,1.0,0.0,0.0
1775300434.5393295,1.0,0.0,-3.0
1775300434.5493295,3.0,-3.0,-1.0
1775300434.5593295,1.0,-1.0,1.0
1775300434.5693295,0.0,1.0,4.0
1775300434.5793295,1.0,3.0,11.0
1775300434.5893295,-1.0,4.0,16.0
1775300434.5993297,-1.0,0.0,11.0
1775300434.6093297,-6.0,-1.0,11.0
1775300434.6193297,-3.0,-1.0,7.0
1775300434.6293297,-1.0,-1.0,9.0
1775300434.6393297,-3.0,1.0,0.0
1775300434.6493297,-8.0,0.0,-1.0
1775300434.6593297,-9.0,0.0,0.0
1775300434.6693296,-9.0,2.0,0.0
1775300434.6793296,-5.0,0.0,9.0
1775300434.6893296,-7.0,-1.0,11.0
1775300434.6993296,-6.0,-6.0,8.0
1775300434.7093296,-2.0,-9.0,12.0
1775300434.7193296,2.0,-6.0,11.0
1775300434.7293296,8.0,-2.0,7.0
1775300434.7393296,6.0,-2.0,2.0
1775300434.7493296,7.0,-2.0,-4.0
1775300434.7593296,2.0,-2.0,-10.0
1775300434.7693295,2.0,1.0,-5.0
1775300434.7793295,3.0,-4.0,-5.0
1775300434.7893295,7.0,-5.0,-3.0
1775300434.7993295,4.0,-2.0,4.0
1775300434.8093295,3.0,-3.0,4.0
1775300434.8193295,-5.0,-9.0,7.0
1775300434.8293295,-4.0,-7.0,14.0
1775300434.8393295,-2.0,-10.0,17.0
1775300434.8493297,-6.0,-10.0,12.0
1775300434.8593297,-6.0,-10.0,15.0
1775300434.8693297,-4.0,-8.0,12.0
1775300434.8793297,0.0,-5.0,6.0
1775300434.8893297,0.0,-7.0,6.0
1775300434.8993297,-2.0,-7.0,5.0
1775300434.9093297,-7.0,-6.0,4.0
1775300434.9193296,-5.0,-5.0,6.0
1775300434.9293296,-5.0,-2.0,8.0
1775300434.9393296,-7.0,-2.0,10.0
1775300434.9493296,-6.0,0.0,12.0
1775300434.9593296,-3.0,0.0,9.0
1775300434.9693296,-2.0,0.0,4.0
1775300434.9793296,-2.0,-1.0,7.0
1775300434.9893296,-2.0,-1.0,8.0
1775300434.9993296,-4.0,1.0,3.0
1775300435.0093296,-2.0,0.0,3.0
1775300435.0193295,1.0,0.0,3.0
1775300435.0293295,3.0,-3.0,0.0
1775300435.0393295,2.0,-2.0,5.0
1775300435.0493295,-1.0,-1.0,8.0
1775300435.0593295,4.0,-2.0,10.0
1775300435.0693295,-1.0,0.0,10.0
1775300435.0793295,0.0,-3.0,5.0
1775300435.0893295,-1.0,-2.0,10.0
1775300435.1003296,0.0,-1.0,6.0
1775300435.1103296,0.0,-2.0,3.0
1775300435.1203296,0.0,-2.0,-2.0
1775300435.1303296,3.0,0.0,-4.0
1775300435.1403296,7.0,3.0,-2.0
1775300435.1503296,6.0,0.0,-1.0
1775300435.1603296,7.0,-5.0,6.0
1775300435.1703296,7.0,-3.0,10.0
1775300435.1803296,7.0,-2.0,13.0
1775300435.1903296,4.0,-5.0,10.0
1775300435.2003295,4.0,-5.0,7.0
1775300435.2103295,2.0,-5.0,12.0
1775300435.2203295,-1.0,-6.0,8.0
1775300435.2303295,0.0,-5.0,3.0
1775300435.2403295,0.0,3.0,4.0
1775300435.2503295,-5.0,2.0,5.0
1775300435.2603295,-1.0,0.0,0.0
1775300435.2703297,-4.0,4.0,7.0
1775300435.2803297,-6.0,0.0,9.0
1775300435.2903297,-3.0,-4.0,9.0
1775300435.3003297,0.0,-7.0,12.0
1775300435.3103297,-5.0,-4.0,12.0
1775300435.3203297,-4.0,-2.0,26.0
1775300435.3303297,-6.0,-4.0,30.0
1775300435.3403296,-3.0,-5.0,31.0
1775300435.3503296,-3.0,-4.0,22.0
1775300435.3603296,-2.0,-1.0,16.0
1775300435.3703296,0.0,-4.0,9.0
1775300435.3803296,0.0,-4.0,12.0
1775300435.3903296,0.0,-3.0,12.0
1775300435.4003296,-3.0,-4.0,5.0
1775300435.4103296,-6.0,1.0,4.0
1775300435.4203296,-9.0,6.0,5.0
1775300435.4303296,-6.0,4.0,3.0
1775300435.4403296,-8.0,7.0,8.0
1775300435.4503295,-4.0,3.0,16.0
1775300435.4603295,-2.0,2.0,17.0
1775300435.4703295,-3.0,3.0,12.0
1775300435.4803295,3.0,4.0,11.0
1775300435.4903295,5.0,0.0,15.0
1775300435.5003295,5.0,-3.0,12.0
1775300435.5103295,2.0,-3.0,10.0
1775300435.5203297,1.0,0.0,9.0
1775300435.5303297,1.0,-2.0,7.0
1775300435.5403297,0.0,0.0,6.0
1775300435.5503297,0.0,0.0,1.0
1775300435.5603297,-2.0,0.0,0.0
1775300435.5703297,0.0,0.0,5.0
1775300435.5803297,2.0,0.0,6.0
1775300435.5903296,0.0,0.0,8.0
1775300435.6003296,0.0,0.0,6.0
1775300435.6103296,-3.0,0.0,6.0
1775300435.6203296,-3.0,2.0,13.0
1775300435.6303296,-4.0,4.0,15.0
1775300435.6403296,-5.0,5.0,15.0
1775300435.6503296,0.0,4.0,10.0
1775300435.6603296,-1.0,4.0,7.0
1775300435.6703296,0.0,3.0,6.0
1775300435.6803296,-4.0,2.0,10.0
1775300435.6903296,-5.0,-1.0,13.0
1775300435.7003295,-3.0,2.0,2.0
1775300435.7103295,-5.0,4.0,3.0
1775300435.7203295,-3.0,2.0,-1.0
1775300435.7303295,-2.0,-1.0,2.0
1775300435.7403295,-2.0,1.0,4.0
1775300435.7503295,0.0,4.0,3.0
1775300435.7603295,1.0,8.0,5.0
1775300435.7703297,-1.0,3.0,7.0
1775300435.7803297,-6.0,2.0,0.0
1775300435.7903297,-6.0,2.0,7.0
1775300435.8003297,-4.0,3.0,2.0
1775300435.8103297,0.0,3.0,3.0
1775300435.8203297,-2.0,2.0,4.0
1775300435.8303297,-1.0,4.0,1.0
1775300435.8403296,-2.0,3.0,0.0
1775300435.8503296,0.0,0.0,3.0
1775300435.8603296,0.0,2.0,2.0
1775300435.8703296,0.0,2.0,2.0
1775300435.8803296,-1.0,4.0,0.0
1775300435.8903296,-3.0,3.0,-2.0
1775300435.9003296,-6.0,4.0,-1.0
1775300435.9103296,-7.0,5.0,-4.0
1775300435.9203296,-8.0,3.0,5.0
1775300435.9303296,-7.0,0.0,11.0
1775300435.9403296,-4.0,-2.0,11.0
1775300435.9503295,0.0,0.0,18.0
1775300435.9603295,-1.0,2.0,12.0
1775300435.9703295,-1.0,4.0,16.0
1775300435.9803295,0.0,3.0,14.0
1775300435.9903295,0.0,4.0,14.0
1775300436.0003295,3.0,0.0,13.0
1775300436.0103295,2.0,1.0,14.0
1775300436.0203297,7.0,3.0,15.0
1775300436.0303297,7.0,1.0,12.0
1775300436.0403297,9.0,0.0,11.0
1775300436.0503297,5.0,-1.0,1.0
1775300436.0603297,-1.0,-2.0,0.0
1775300436.0703297,-6.0,0.0,3.0
1775300436.0803297,-2.0,-2.0,5.0
1775300436.0903296,0.0,-3.0,6.0
1775300436.1003296,-3.0,-3.0,8.0
1775300436.1103296,-1.0,-6.0,2.0
1775300436.1203296,-4.0,-7.0,0.0
1775300436.1303296,0.0,0.0,2.0
1775300436.1403296,3.0,0.0,9.0
1775300436.1503296,5.0,1.0,3.0
1775300436.1603296,0.0,1.0,-7.0
1775300436.1703296,0.0,2.0,-2.0
1775300436.1803296,0.0,2.0,0.0
1775300436.1903296,0.0,2.0,4.0
1775300436.2003295,0.0,0.0,9.0
1775300436.2103295,-1.0,0.0,10.0
1775300436.2203295,0.0,-1.0,7.0
1775300436.2303295,0.0,0.0,10.0
1775300436.2403295,0.0,3.0,11.0
1775300436.2503295,2.0,0.0,13.0
1775300436.2603295,0.0,-1.0,19.0
1775300436.2703297,1.0,-1.0,22.0
1775300436.2803297,0.0,0.0,17.0
1775300436.2903297,-4.0,0.0,12.0
1775300436.3003297,-3.0,0.0,17.0
1775300436.3103297,-3.0,-1.0,15.0
1775300436.3203297,-3.0,-1.0,4.0
1775300436.3303297,0.0,-2.0,0.0
1775300436.3403296,3.0,-8.0,2.0
1775300436.3503296,6.0,-7.0,6.0
1775300436.3603296,3.0,-7.0,8.0
1775300436.3703296,0.0,-6.0,-2.0
1775300436.3803296,-3.0,-4.0,0.0
1775300436.3903296,1.0,-1.0,1.0
1775300436.4003296,0.0,0.0,0.0
1775300436.4103296,0.0,-1.0,-1.0
1775300436.4203296,0.0,-3.0,-2.0
1775300436.4303296,-1.0,-5.0,0.0
1775300436.4403296,-1.0,-4.0,2.0
1775300436.4503295,-2.0,-4.0,4.0
1775300436.4603295,-2.0,-2.0,0.0
1775300436.4703295,0.0,0.0,0.0
1775300436.4803295,3.0,3.0,7.0
1775300436.4903295,7.0,2.0,7.0
1775300436.5003295,4.0,4.0,11.0
1775300436.5103295,4.0,2.0,8.0
1775300436.5203297,-2.0,3.0,3.0
1775300436.5303297,-3.0,0.0,3.0
1775300436.5403297,-3.0,-1.0,8.0
1775300436.5503297,-3.0,1.0,10.0
1775300436.5603297,-4.0,-1.0,7.0
1775300436.5703297,-7.0,-5.0,5.0
1775300436.5803297,-9.0,-9.0,1.0
1775300436.5903296,-6.0,-8.0,1.0
1775300436.6003296,1.0,-3.0,-1.0
1775300436.6103296,-1.0,1.0,1.0
1775300436.6203296,-3.0,0.0,3.0
1775300436.6303296,-1.0,2.0,3.0
1775300436.6403296,6.0,0.0,5.0
1775300436.6503296,7.0,1.0,5.0
1775300436.6603296,0.0,-1.0,7.0
1775300436.6703296,-3.0,0.0,4.0
1775300436.6803296,-3.0,2.0,3.0
1775300436.6903296,-5.0,-1.0,4.0
1775300436.7003295,-3.0,-1.0,0.0
1775300436.7103295,-2.0,0.0,-1.0
1775300436.7203295,0.0,0.0,-5.0
1775300436.7303295,0.0,0.0,-6.0
1775300436.7403295,-6.0,-2.0,-8.0
1775300436.7503295,-6.0,-3.0,-4.0
1775300436.7603295,-10.0,0.0,-2.0
1775300436.7703297,-5.0,-2.0,4.0
1775300436.7803297,-8.0,-3.0,11.0
1775300436.7903297,-8.0,0.0,18.0
1775300436.8003297,-4.0,-2.0,22.0
1775300436.8103297,-3.0,1.0,23.0
1775300436.8203297,-1.0,-3.0,17.0
1775300436.8303297,-5.0,2.0,11.0
1775300436.8403296,-4.0,4.0,9.0
1775300436.8503296,-1.0,6.0,11.0
1775300436.8603296,-2.0,7.0,11.0
1775300436.8703296,2.0,4.0,7.0
1775300436.8803296,2.0,1.0,8.0
1775300436.8903296,0.0,0.0,13.0
1775300436.9003296,0.0,0.0,16.0
1775300436.9103296,0.0,-3.0,16.0
1775300436.9203296,-1.0,-2.0,14.0
1775300436.9303296,0.0,-4.0,13.0
1775300436.9403296,0.0,-7.0,6.0
1775300436.9513297,0.0,-7.0,-1.0
1775300436.9603295,0.0,-5.0,1.0
1775300436.9703295,0.0,-6.0,5.0
1775300436.9803295,1.0,-8.0,8.0
1775300436.9903295,-2.0,-8.0,5.0
1775300437.0003295,-6.0,-6.0,6.0
1775300437.0103295,-3.0,-3.0,8.0
1775300437.0203297,-2.0,-3.0,7.0
1775300437.0303297,-3.0,-2.0,9.0
1775300437.0403297,-3.0,0.0,3.0
1775300437.0503297,-1.0,0.0,1.0
1775300437.0603297,1.0,-4.0,3.0
1775300437.0703297,0.0,1.0,-2.0
1775300437.0803297,-1.0,-2.0,-11.0
1775300437.0903296,-3.0,-1.0,-9.0
1775300437.1003296,-4.0,0.0,-11.0
1775300437.1103296,-1.0,1.0,-5.0
1775300437.1203296,0.0,4.0,3.0
1775300437.1303296,-3.0,0.0,6.0
1775300437.1403296,-3.0,-3.0,6.0
1775300437.1503296,-3.0,-2.0,14.0
1775300437.1603296,-1.0,-3.0,17.0
1775300437.1703296,-1.0,-1.0,12.0
1775300437.1803296,-2.0,-3.0,14.0
1775300437.1903296,-3.0,-3.0,14.0
1775300437.2003295,-1.0,-1.0,0.0
1775300437.2103295,0.0,2.0,-4.0
1775300437.2203295,2.0,-2.0,-1.0
1775300437.2303295,0.0,-2.0,-1.0
1775300437.2403295,-5.0,-3.0,4.0
1775300437.2503295,-5.0,-4.0,9.0
1775300437.2603295,0.0,0.0,3.0
1775300437.2703297,-2.0,0.0,9.0
1775300437.2803297,-4.0,-3.0,8.0
1775300437.2903297,0.0,0.0,11.0
1775300437.3003297,-3.0,-1.0,9.0
1775300437.3103297,-11.0,-4.0,11.0
1775300437.3203297,-11.0,-6.0,18.0
1775300437.3303297,-6.0,-4.0,19.0
1775300437.3403296,0.0,0.0,16.0
1775300437.3503296,2.0,-1.0,15.0
1775300437.3603296,2.0,-1.0,6.0
1775300437.3703296,1.0,0.0,6.0
1775300437.3803296,1.0,-1.0,3.0
1775300437.3913295,-1.0,-3.0,5.0
1775300437.4013295,-3.0,-1.0,5.0
1775300437.4113295,0.0,-5.0,12.0
1775300437.4213295,-3.0,-2.0,10.0
1775300437.4313295,-1.0,-2.0,10.0
1775300437.4413297,-1.0,-1.0,22.0
1775300437.4513297,-2.0,-1.0,24.0
1775300437.4613297,-4.0,1.0,26.0
1775300437.4713297,-5.0,3.0,25.0
1775300437.4813297,0.0,7.0,18.0
1775300437.4913297,0.0,5.0,20.0
1775300437.5013297,-6.0,4.0,20.0
1775300437.5113297,-10.0,2.0,11.0
1775300437.5213296,-12.0,1.0,8.0
1775300437.5313296,-8.0,4.0,11.0
1775300437.5413296,-3.0,2.0,16.0
1775300437.5513296,-4.0,0.0,8.0
1775300437.5613296,-2.0,5.0,0.0
1775300437.5713296,-1.0,2.0,-1.0
1775300437.5813296,-2.0,1.0,0.0
1775300437.5913296,-1.0,-2.0,1.0
1775300437.6013296,-3.0,-6.0,-1.0
1775300437.6113296,3.0,-4.0,0.0
1775300437.6213295,-4.0,-3.0,3.0
1775300437.6313295,-5.0,-2.0,0.0
1775300437.6413295,-2.0,-2.0,0.0
1775300437.6513295,-3.0,2.0,1.0
1775300437.6613295,0.0,2.0,0.0
1775300437.6713295,4.0,4.0,1.0
1775300437.6813295,6.0,4.0,0.0
1775300437.6913297,5.0,6.0,5.0
1775300437.7013297,3.0,7.0,10.0
1775300437.7113297,-1.0,3.0,8.0
1775300437.7213297,-2.0,1.0,8.0
1775300437.7313297,-4.0,1.0,5.0
1775300437.7413297,-3.0,6.0,9.0
1775300437.7513297,0.0,3.0,2.0
1775300437.7613297,0.0,4.0,5.0
1775300437.7713296,0.0,0.0,4.0
1775300437.7813296,0.0,-2.0,6.0
1775300437.7913296,0.0,0.0,13.0
1775300437.8013296,0.0,1.0,10.0
1775300437.8113296,-3.0,5.0,9.0
1775300437.8213296,-5.0,5.0,9.0
1775300437.8313296,-6.0,1.0,9.0
1775300437.8413296,-9.0,0.0,11.0
1775300437.8513296,-9.0,-1.0,14.0
1775300437.8613296,-7.0,-2.0,11.0
1775300437.8713295,-11.0,0.0,6.0
1775300437.8813295,-8.0,-4.0,9.0
1775300437.8913295,-8.0,-1.0,11.0
1775300437.9013295,-6.0,1.0,5.0
1775300437.9113295,-2.0,-2.0,3.0
1775300437.9213295,-1.0,-6.0,2.0
1775300437.9313295,-3.0,-4.0,4.0
1775300437.9413297,-4.0,-2.0,15.0
1775300437.9513297,0.0,-2.0,11.0
1775300437.9613297,1.0,0.0,13.0
1775300437.9713297,1.0,-8.0,14.0
1775300437.9813297,3.0,-3.0,11.0
1775300437.9913297,5.0,1.0,4.0
1775300438.0013297,8.0,0.0,5.0
1775300438.0113297,5.0,-2.0,2.0
1775300438.0213296,2.0,0.0,4.0
1775300438.0313296,3.0,1.0,3.0
1775300438.0413296,3.0,0.0,4.0
1775300438.0513296,0.0,0.0,10.0
1775300438.0613296,2.0,0.0,7.0
1775300438.0713296,-1.0,0.0,13.0
1775300438.0813296,-6.0,0.0,15.0
1775300438.0913296,-4.0,0.0,15.0
1775300438.1013296,-3.0,1.0,16.0
1775300438.1113296,-2.0,0.0,16.0
1775300438.1213295,-2.0,1.0,17.0
1775300438.1313295,1.0,3.0,14.0
1775300438.1413295,6.0,0.0,12.0
1775300438.1513295,7.0,-2.0,6.0
1775300438.1613295,8.0,-2.0,9.0
1775300438.1713295,7.0,-5.0,3.0
1775300438.1813295,8.0,-2.0,0.0
1775300438.1913297,5.0,1.0,-3.0
1775300438.2013297,3.0,3.0,1.0
1775300438.2113297,-3.0,1.0,-4.0
1775300438.2213297,-6.0,2.0,-6.0
1775300438.2313297,-4.0,1.0,-12.0
1775300438.2413297,-6.0,0.0,-7.0
1775300438.2513297,0.0,1.0,0.0
1775300438.2613297,1.0,2.0,6.0
1775300438.2713296,0.0,-1.0,7.0
1775300438.2813296,1.0,-1.0,4.0
1775300438.2913296,3.0,-3.0,10.0
1775300438.3013296,2.0,-5.0,11.0
1775300438.3113296,4.0,-5.0,7.0
1775300438.3213296,6.0,-4.0,8.0
1775300438.3313296,7.0,-1.0,9.0
1775300438.3413296,8.0,-3.0,8.0
1775300438.3513296,8.0,-2.0,1.0
1775300438.3613296,7.0,1.0,2.0
1775300438.3713295,7.0,2.0,0.0
1775300438.3813295,4.0,2.0,4.0
1775300438.3913295,1.0,2.0,7.0
1775300438.4013295,-4.0,1.0,16.0
1775300438.4113295,-7.0,-2.0,19.0
1775300438.4213295,-6.0,-4.0,21.0
1775300438.4313295,-7.0,-3.0,20.0
1775300438.4413297,-7.0,-3.0,22.0
1775300438.4513297,-4.0,-6.0,25.0
1775300438.4613297,-3.0,-1.0,19.0
1775300438.4713297,-5.0,2.0,8.0
1775300438.4813297,-8.0,2.0,12.0
1775300438.4913297,-8.0,0.0,13.0
1775300438.5013297,-11.0,1.0,12.0
1775300438.5113297,-7.0,0.0,9.0
1775300438.5213296,-4.0,2.0,10.0
1775300438.5313296,-7.0,4.0,5.0
1775300438.5413296,-8.0,8.0,4.0
1775300438.5513296,-4.0,7.0,-1.0
1775300438.5613296,0.0,6.0,-6.0
1775300438.5713296,-1.0,3.0,-8.0
1775300438.5813296,-2.0,0.0,-5.0
1775300438.5913296,-5.0,-1.0,0.0
1775300438.6013296,-6.0,0.0,3.0
1775300438.6113296,0.0,5.0,10.0
1775300438.6213295,0.0,6.0,9.0
1775300438.6313295,-2.0,3.0,10.0
1775300438.6413295,-3.0,0.0,12.0
1775300438.6513295,-5.0,1.0,12.0
1775300438.6613295,-9.0,-1.0,14.0
1775300438.6713295,-10.0,3.0,10.0
1775300438.6813295,-7.0,-1.0,13.0
1775300438.6913297,-2.0,1.0,16.0
1775300438.7013297,1.0,3.0,16.0
1775300438.7113297,0.0,2.0,18.0
1775300438.7213297,5.0,-1.0,19.0
1775300438.7313297,9.0,-1.0,20.0
1775300438.7413297,7.0,0.0,15.0
1775300438.7513297,8.0,-3.0,15.0
1775300438.7613297,13.0,-2.0,15.0
1775300438.7713296,12.0,0.0,8.0
1775300438.7813296,9.0,0.0,12.0
1775300438.7913296,9.0,0.0,14.0
1775300438.8013296,3.0,0.0,12.0
1775300438.8113296,0.0,0.0,0.0
1775300438.8213296,-6.0,-5.0,0.0
1775300438.8313296,0.0,-2.0,1.0
1775300438.8413296,0.0,-1.0,3.0
1775300438.8513296,0.0,-3.0,5.0
1775300438.8613296,3.0,0.0,3.0
1775300438.8713295,3.0,-1.0,6.0
1775300438.8813295,3.0,-2.0,3.0
1775300438.8913295,0.0,-3.0,0.0
1775300438.9013295,1.0,-1.0,7.0
1775300438.9113295,2.0,-4.0,3.0
1775300438.9213295,8.0,-7.0,2.0
1775300438.9313295,8.0,-7.0,4.0
1775300438.9413297,2.0,-3.0,3.0
1775300438.9513297,0.0,-4.0,5.0
1775300438.9613297,2.0,-3.0,7.0
1775300438.9713297,0.0,0.0,2.0
1775300438.9813297,0.0,0.0,3.0
1775300438.9913297,0.0,0.0,4.0
1775300439.0013297,-4.0,2.0,16.0
1775300439.0113297,-3.0,0.0,20.0
1775300439.0213296,-5.0,-3.0,18.0
1775300439.0313296,-2.0,-3.0,19.0
1775300439.0413296,-1.0,0.0,21.0
1775300439.0513296,0.0,0.0,19.0
1775300439.0613296,0.0,-2.0,15.0
1775300439.0713296,-1.0,0.0,13.0
1775300439.0813296,-4.0,0.0,6.0
1775300439.0913296,-4.0,0.0,8.0
1775300439.1013296,-4.0,0.0,9.0
1775300439.1113296,-7.0,0.0,7.0
1775300439.1213295,-8.0,0.0,8.0
1775300439.1313295,-3.0,-4.0,6.0
1775300439.1413295,-4.0,-2.0,10.0
1775300439.1513295,0.0,0.0,16.0
1775300439.1613295,1.0,2.0,11.0
1775300439.1713295,1.0,0.0,7.0
1775300439.1813295,-3.0,-1.0,10.0
1775300439.1913297,1.0,-3.0,6.0
1775300439.2013297,-1.0,-5.0,2.0
1775300439.2113297,-3.0,-8.0,-2.0
1775300439.2213297,-2.0,-6.0,-4.0
1775300439.2313297,2.0,-4.0,-1.0
1775300439.2413297,0.0,-3.0,1.0
1775300439.2513297,0.0,2.0,2.0
1775300439.2613297,-3.0,0.0,2.0
1775300439.2713296,-2.0,-5.0,4.0
1775300439.2813296,0.0,-6.0,8.0
1775300439.2913296,1.0,-3.0,13.0
1775300439.3013296,-4.0,-4.0,16.0
1775300439.3113296,-7.0,-6.0,23.0
1775300439.3213296,-4.0,-4.0,25.0
1775300439.3313296,-5.0,-2.0,17.0
1775300439.3413296,-7.0,-2.0,14.0
1775300439.3513296,-1.0,1.0,8.0
1775300439.3613296,3.0,3.0,13.0
1775300439.3713295,5.0,0.0,5.0
1775300439.3813295,6.0,-2.0,6.0
1775300439.3913295,10.0,-4.0,15.0
1775300439.4013295,4.0,-1.0,18.0
1775300439.4113295,3.0,0.0,23.0
1775300439.4213295,-3.0,0.0,19.0
1775300439.4313295,-7.0,2.0,15.0
1775300439.4413297,-4.0,4.0,11.0
1775300439.4513297,-5.0,4.0,12.0
1775300439.4613297,-7.0,0.0,11.0
1775300439.4713297,-4.0,1.0,13.0
1775300439.4813297,-7.0,3.0,5.0
1775300439.4913297,-6.0,4.0,7.0
1775300439.5013297,0.0,-2.0,3.0
1775300439.5113297,-2.0,-1.0,4.0
1775300439.5213296,-4.0,2.0,7.0
1775300439.5313296,0.0,0.0,3.0
1775300439.5413296,0.0,-1.0,3.0
1775300439.5513296,-5.0,-6.0,8.0
1775300439.5613296,-10.0,-3.0,20.0
1775300439.5713296,-9.0,-1.0,20.0
1775300439.5813296,-5.0,-2.0,13.0
1775300439.5913296,-3.0,-2.0,15.0
1775300439.6013296,-3.0,-4.0,16.0
1775300439.6113296,-6.0,0.0,16.0
1775300439.6213295,-6.0,2.0,19.0
1775300439.6313295,-6.0,0.0,22.0
1775300439.6413295,-6.0,0.0,16.0
1775300439.6513295,-2.0,1.0,23.0
1775300439.6623297,-6.0,1.0,19.0
1775300439.6723297,-5.0,-1.0,13.0
1775300439.6823297,-4.0,0.0,3.0
1775300439.6923296,-2.0,-2.0,13.0
1775300439.7023296,0.0,-3.0,16.0
1775300439.7123296,-2.0,-2.0,15.0
1775300439.7223296,-2.0,-3.0,5.0
1775300439.7323296,4.0,-1.0,1.0
1775300439.7423296,2.0,0.0,7.0
1775300439.7523296,0.0,0.0,12.0
1775300439.7623296,-2.0,1.0,17.0
1775300439.7723296,-1.0,1.0,17.0
1775300439.7823296,0.0,-1.0,12.0
1775300439.7923295,-2.0,-3.0,12.0
1775300439.8023295,-1.0,-3.0,8.0
1775300439.8123295,-5.0,-2.0,10.0
1775300439.8223295,-4.0,-3.0,9.0
1775300439.8323295,0.0,-3.0,10.0
1775300439.8423295,8.0,-2.0,11.0
1775300439.8523295,3.0,0.0,11.0
1775300439.8623295,0.0,-1.0,17.0
1775300439.8723297,0.0,-2.0,21.0
1775300439.8823297,0.0,0.0,22.0
1775300439.8923297,4.0,1.0,17.0
1775300439.9023297,1.0,1.0,14.0
1775300439.9123297,0.0,2.0,11.0
1775300439.9223297,0.0,4.0,17.0
1775300439.9323297,0.0,3.0,17.0
1775300439.9423296,1.0,1.0,16.0
1775300439.9523296,3.0,-2.0,13.0
1775300439.9623296,0.0,-4.0,16.0
1775300439.9723296,-2.0,-3.0,23.0
1775300439.9823296,0.0,-1.0,19.0
1775300439.9923296,-2.0,0.0,15.0
1775300440.0023296,1.0,2.0,12.0
1775300440.0123296,0.0,5.0,5.0
1775300440.0223296,0.0,3.0,0.0
1775300440.0323296,-4.0,4.0,2.0
1775300440.0423295,-3.0,6.0,2.0
1775300440.0523295,-1.0,7.0,12.0
1775300440.0623295,-1.0,5.0,7.0
1775300440.0723295,0.0,4.0,8.0
1775300440.0823295,-1.0,9.0,10.0
1775300440.0923295,-2.0,10.0,7.0
1775300440.1023295,2.0,7.0,8.0
1775300440.1123295,1.0,3.0,9.0
1775300440.1223297,0.0,3.0,10.0
1775300440.1323297,-2.0,2.0,4.0
1775300440.1423297,-6.0,1.0,3.0
1775300440.1523297,-8.0,1.0,7.0
1775300440.1623297,-11.0,0.0,6.0
1775300440.1723297,-8.0,2.0,6.0
1775300440.1823297,-3.0,3.0,7.0
1775300440.1923296,-5.0,1.0,7.0
1775300440.2023296,-2.0,1.0,6.0
1775300440.2123296,0.0,-1.0,4.0
1775300440.2223296,-1.0,0.0,2.0
1775300440.2323296,1.0,1.0,-2.0
1775300440.2423296,-1.0,1.0,-4.0
1775300440.2523296,0.0,0.0,-3.0
1775300440.2623296,0.0,0.0,0.0
1775300440.2723296,-1.0,-2.0,0.0
1775300440.2823296,0.0,-3.0,0.0
1775300440.2923295,-2.0,-4.0,1.0
1775300440.3023295,1.0,1.0,2.0
1775300440.3123295,2.0,-1.0,4.0
1775300440.3223295,3.0,-4.0,0.0
1775300440.3323295,4.0,-1.0,5.0
1775300440.3423295,3.0,0.0,9.0
1775300440.3523295,4.0,2.0,7.0
1775300440.3623295,1.0,-2.0,5.0
1775300440.3723297,-2.0,-1.0,6.0
1775300440.3823297,-4.0,0.0,9.0
1775300440.3923297,-5.0,1.0,2.0
1775300440.4023297,-8.0,4.0,5.0
1775300440.4123297,-6.0,0.0,9.0
1775300440.4223297,-3.0,0.0,17.0
1775300440.4323297,-5.0,0.0,21.0
1775300440.4423296,-2.0,-2.0,20.0
1775300440.4523296,1.0,4.0,16.0
1775300440.4623296,1.0,4.0,17.0
1775300440.4723296,3.0,2.0,18.0
1775300440.4823296,6.0,0.0,13.0
1775300440.4923296,8.0,3.0,11.0
1775300440.5023296,8.0,1.0,17.0
1775300440.5123296,7.0,2.0,15.0
1775300440.5223296,6.0,1.0,9.0
1775300440.5323296,0.0,1.0,13.0
1775300440.5423295,1.0,1.0,16.0
1775300440.5523295,2.0,0.0,12.0
1775300440.5623295,0.0,0.0,14.0
1775300440.5723295,0.0,0.0,10.0
1775300440.5823295,0.0,-2.0,6.0
1775300440.5923295,2.0,0.0,0.0
1775300440.6023295,6.0,0.0,2.0
1775300440.6123295,4.0,-1.0,4.0
1775300440.6223297,4.0,-1.0,6.0
1775300440.6323297,7.0,-3.0,9.0
1775300440.6423297,5.0,-4.0,5.0
1775300440.6523297,4.0,-2.0,2.0
1775300440.6623297,5.0,0.0,1.0
1775300440.6723297,4.0,-1.0,6.0
1775300440.6823297,0.0,0.0,3.0
1775300440.6923296,-2.0,-2.0,4.0
1775300440.7023296,-7.0,-2.0,4.0
1775300440.7123296,-7.0,-2.0,8.0
1775300440.7223296,-7.0,-2.0,15.0
1775300440.7323296,-10.0,0.0,10.0
1775300440.7423296,-7.0,0.0,10.0
1775300440.7523296,-3.0,1.0,8.0
1775300440.7623296,2.0,4.0,16.0
1775300440.7723296,8.0,2.0,15.0
1775300440.7823296,7.0,2.0,16.0
1775300440.7923295,3.0,5.0,10.0
1775300440.8023295,-1.0,7.0,10.0
1775300440.8123295,-3.0,4.0,6.0
1775300440.8223295,-4.0,7.0,7.0
1775300440.8323295,-2.0,2.0,0.0
1775300440.8423295,0.0,1.0,0.0
1775300440.8523295,-2.0,3.0,3.0
1775300440.8623295,-5.0,2.0,5.0
1775300440.8723297,-4.0,4.0,8.0
1775300440.8823297,-3.0,3.0,14.0
1775300440.8923297,-3.0,3.0,19.0
1775300440.9023297,-1.0,3.0,18.0
1775300440.9123297,-2.0,6.0,16.0
1775300440.9223297,0.0,3.0,14.0
1775300440.9323297,-1.0,3.0,21.0
1775300440.9423296,0.0,3.0,10.0
1775300440.9523296,3.0,1.0,8.0
1775300440.9623296,0.0,2.0,11.0
1775300440.9723296,-3.0,0.0,13.0
1775300440.9823296,-3.0,2.0,13.0
1775300440.9923296,-1.0,1.0,17.0
1775300441.0023296,0.0,0.0,15.0
1775300441.0123296,-3.0,-3.0,11.0
1775300441.0223296,-5.0,0.0,7.0
1775300441.0323296,-1.0,0.0,6.0
1775300441.0423295,-3.0,-2.0,9.0
1775300441.0523295,-4.0,-3.0,11.0
1775300441.0623295,0.0,-2.0,14.0
1775300441.0723295,1.0,-1.0,19.0
1775300441.0823295,3.0,0.0,19.0
1775300441.0923295,6.0,-1.0,13.0
1775300441.1023295,2.0,-3.0,7.0
1775300441.1123295,4.0,-3.0,7.0
1775300441.1223297,4.0,-4.0,12.0
1775300441.1323297,6.0,-3.0,12.0
1775300441.1423297,2.0,-5.0,12.0
1775300441.1523297,0.0,-4.0,18.0
1775300441.1623297,-2.0,-2.0,19.0
1775300441.1723297,-2.0,1.0,19.0
1775300441.1823297,1.0,0.0,19.0
1775300441.1923296,4.0,-1.0,23.0
1775300441.2023296,3.0,-3.0,21.0
1775300441.2123296,5.0,0.0,18.0
1775300441.2223296,2.0,0.0,19.0
1775300441.2323296,3.0,-1.0,18.0
1775300441.2423296,0.0,0.0,16.0
1775300441.2523296,0.0,-1.0,15.0
1775300441.2623296,2.0,0.0,15.0
1775300441.2723296,1.0,0.0,15.0
1775300441.2823296,2.0,0.0,12.0
1775300441.2923295,5.0,0.0,11.0
1775300441.3023295,7.0,0.0,14.0
1775300441.3123295,3.0,-1.0,18.0
1775300441.3223295,-1.0,-3.0,14.0
1775300441.3323295,-4.0,-3.0,11.0
1775300441.3423295,-4.0,-1.0,8.0
1775300441.3523295,-8.0,0.0,5.0
1775300441.3623295,-8.0,-2.0,7.0
1775300441.3723297,-8.0,0.0,10.0
1775300441.3823297,-3.0,-4.0,17.0
1775300441.3923297,-6.0,-1.0,16.0
1775300441.4023297,-1.0,3.0,9.0
1775300441.4123297,2.0,5.0,15.0
1775300441.4223297,3.0,4.0,13.0
1775300441.4323297,6.0,6.0,10.0
1775300441.4423296,4.0,2.0,11.0
1775300441.4523296,0.0,-2.0,11.0
1775300441.4623296,0.0,-1.0,9.0
1775300441.4723296,-3.0,-2.0,13.0
1775300441.4823296,1.0,0.0,16.0
1775300441.4923296,7.0,0.0,12.0
1775300441.5023296,11.0,1.0,11.0
1775300441.5123296,8.0,1.0,2.0
1775300441.5223296,4.0,0.0,1.0
1775300441.5323296,5.0,2.0,0.0
1775300441.5423295,2.0,2.0,11.0
1775300441.5523295,4.0,0.0,16.0
1775300441.5623295,0.0,-1.0,15.0
1775300441.5723295,1.0,3.0,14.0
1775300441.5823295,0.0,4.0,12.0
1775300441.5923295,-2.0,2.0,12.0
1775300441.6023295,-4.0,4.0,10.0
1775300441.6123295,-5.0,2.0,7.0
1775300441.6223297,-6.0,0.0,9.0
1775300441.6323297,-8.0,-4.0,3.0
1775300441.6423297,-7.0,-2.0,4.0
1775300441.6523297,-4.0,-2.0,7.0
1775300441.6623297,-2.0,-2.0,10.0
1775300441.6723297,-1.0,-3.0,13.0
1775300441.6823297,0.0,-2.0,12.0
1775300441.6923296,3.0,-6.0,12.0
1775300441.7023296,0.0,-1.0,15.0
1775300441.7123296,-2.0,0.0,13.0
1775300441.7223296,-2.0,-1.0,9.0
1775300441.7323296,-2.0,0.0,6.0
1775300441.7423296,-7.0,-1.0,13.0
1775300441.7523296,-10.0,-2.0,19.0
1775300441.7623296,-4.0,1.0,21.0
1775300441.7723296,-3.0,-2.0,21.0
1775300441.7823296,-4.0,0.0,15.0
1775300441.7923295,-5.0,-2.0,7.0
1775300441.8023295,0.0,-9.0,7.0
1775300441.8123295,-3.0,-10.0,8.0
1775300441.8223295,-4.0,-9.0,3.0
1775300441.8323295,-2.0,-7.0,1.0
1775300441.8423295,-4.0,-5.0,0.0
1775300441.8523295,-5.0,-6.0,4.0
1775300441.8623295,-5.0,-1.0,4.0
1775300441.8723297,-6.0,0.0,9.0
1775300441.8823297,-8.0,2.0,8.0
1775300441.8923297,-3.0,0.0,7.0
1775300441.9023297,-3.0,1.0,12.0
1775300441.9123297,-4.0,0.0,13.0
1775300441.9223297,-2.0,3.0,15.0
1775300441.9323297,-3.0,3.0,13.0
1775300441.9423296,-1.0,0.0,8.0
1775300441.9523296,-1.0,-2.0,6.0
1775300441.9633296,0.0,-6.0,8.0
1775300441.9733295,-3.0,-10.0,8.0
1775300441.9833295,-4.0,-7.0,10.0
1775300441.9923296,0.0,-4.0,10.0
1775300442.0033295,2.0,-2.0,8.0
1775300442.0133295,0.0,-1.0,1.0
1775300442.0233295,-4.0,0.0,7.0
1775300442.0333295,-3.0,0.0,7.0
1775300442.0423295,-2.0,0.0,11.0
1775300442.0533297,2.0,-1.0,12.0
1775300442.0633297,6.0,-3.0,9.0
1775300442.0733297,3.0,-6.0,6.0
1775300442.0833297,1.0,-3.0,3.0
1775300442.0933297,1.0,-3.0,2.0
1775300442.1033297,4.0,-3.0,2.0
1775300442.1133296,6.0,-3.0,6.0
1775300442.1233296,7.0,-2.0,6.0
1775300442.1333296,3.0,2.0,7.0
1775300442.1433296,3.0,4.0,5.0
1775300442.1533296,0.0,3.0,4.0
1775300442.1633296,0.0,0.0,8.0
1775300442.1733296,-2.0,4.0,4.0
1775300442.1833296,2.0,-4.0,4.0
1775300442.1933296,6.0,-6.0,4.0
1775300442.2033296,8.0,-5.0,9.0
1775300442.2133296,10.0,-4.0,10.0
1775300442.2233295,7.0,-3.0,11.0
1775300442.2333295,3.0,-5.0,11.0
1775300442.2433295,1.0,-3.0,14.0
1775300442.2533295,3.0,-3.0,17.0
1775300442.2633295,6.0,-6.0,18.0
1775300442.2733295,0.0,-10.0,22.0
1775300442.2833295,-5.0,-5.0,19.0
1775300442.2933297,-8.0,0.0,9.0
1775300442.3033297,-4.0,0.0,7.0
1775300442.3133297,-6.0,0.0,5.0
1775300442.3233297,-11.0,-4.0,12.0
1775300442.3333297,-10.0,3.0,12.0
1775300442.3433297,-3.0,5.0,15.0
1775300442.3533297,-4.0,4.0,16.0
1775300442.3633296,-6.0,7.0,18.0
1775300442.3733296,-5.0,2.0,18.0
1775300442.3833296,0.0,1.0,20.0
1775300442.3933296,-4.0,0.0,18.0
1775300442.4033296,-6.0,0.0,20.0
1775300442.4133296,-7.0,5.0,29.0
1775300442.4233296,0.0,2.0,24.0
1775300442.4333296,0.0,1.0,20.0
1775300442.4433296,-1.0,3.0,16.0
1775300442.4533296,-3.0,4.0,11.0
1775300442.4633296,-1.0,3.0,13.0
1775300442.4733295,0.0,2.0,14.0
1775300442.4833295,0.0,2.0,12.0
1775300442.4933295,-3.0,3.0,8.0
1775300442.5033295,-1.0,0.0,8.0
1775300442.5133295,1.0,4.0,8.0
1775300442.5233295,-1.0,3.0,11.0
1775300442.5333295,0.0,1.0,18.0
1775300442.5433297,-2.0,-2.0,17.0
1775300442.5533297,-5.0,-4.0,12.0
1775300442.5633297,-10.0,0.0,12.0
1775300442.5733297,-4.0,0.0,8.0
1775300442.5833297,0.0,-5.0,5.0
1775300442.5933297,-2.0,0.0,5.0
1775300442.6033297,-8.0,1.0,2.0
1775300442.6133296,-8.0,2.0,6.0
1775300442.6233296,-5.0,1.0,3.0
1775300442.6333296,-5.0,-3.0,0.0
1775300442.6433296,-3.0,-1.0,-1.0
1775300442.6533296,-4.0,-2.0,2.0
1775300442.6633296,-3.0,-1.0,1.0
1775300442.6733296,-1.0,0.0,0.0
1775300442.6833296,0.0,5.0,-3.0
1775300442.6933296,-3.0,3.0,0.0
1775300442.7033296,-4.0,1.0,6.0
1775300442.7133296,-2.0,0.0,7.0
1775300442.7233295,0.0,0.0,5.0
1775300442.7333295,3.0,-2.0,4.0
1775300442.7433295,5.0,-8.0,7.0
1775300442.7533295,9.0,-4.0,8.0
1775300442.7633295,8.0,-2.0,4.0
1775300442.7733295,6.0,0.0,6.0
1775300442.7833295,5.0,1.0,7.0
1775300442.7933297,3.0,0.0,-4.0
1775300442.8033297,1.0,1.0,-4.0
1775300442.8133297,1.0,1.0,2.0
1775300442.8233297,3.0,0.0,0.0
1775300442.8333297,2.0,0.0,7.0
1775300442.8433297,2.0,0.0,10.0
1775300442.8533297,2.0,0.0,8.0
1775300442.8633296,3.0,-4.0,5.0
1775300442.8733296,3.0,-7.0,2.0
1775300442.8833296,2.0,-4.0,7.0
1775300442.8933296,5.0,-2.0,1.0
1775300442.9033296,-2.0,-1.0,2.0
1775300442.9133296,-1.0,0.0,3.0
1775300442.9233296,-1.0,2.0,2.0
1775300442.9333296,-2.0,2.0,5.0
1775300442.9433296,-5.0,1.0,0.0
1775300442.9533296,-3.0,6.0,1.0
1775300442.9633296,-1.0,5.0,5.0
1775300442.9733295,0.0,3.0,7.0
1775300442.9833295,-2.0,2.0,7.0
1775300442.9933295,0.0,3.0,9.0
1775300443.0033295,0.0,0.0,8.0
1775300443.0133295,0.0,-2.0,4.0
1775300443.0233295,0.0,-4.0,7.0
1775300443.0333295,0.0,-1.0,8.0
1775300443.0433297,-2.0,-1.0,6.0
1775300443.0533297,-5.0,0.0,6.0
1775300443.0633297,-9.0,-1.0,10.0
1775300443.0733297,-8.0,-1.0,12.0
1775300443.0833297,-4.0,0.0,16.0
1775300443.0933297,-5.0,-3.0,13.0
1775300443.1033297,-2.0,1.0,9.0
1775300443.1133296,-1.0,-1.0,6.0
1775300443.1233296,2.0,-7.0,6.0
1775300443.1333296,-2.0,-2.0,0.0
1775300443.1433296,2.0,-1.0,4.0
1775300443.1533296,-2.0,-6.0,3.0
1775300443.1633296,-4.0,-5.0,8.0
1775300443.1733296,-4.0,-5.0,13.0
1775300443.1833296,-3.0,-5.0,11.0
1775300443.1933296,0.0,-6.0,6.0
1775300443.2033296,-5.0,-6.0,2.0
1775300443.2133296,-5.0,-1.0,-4.0
1775300443.2233295,-3.0,4.0,0.0
1775300443.2333295,0.0,4.0,2.0
1775300443.2433295,0.0,2.0,5.0
1775300443.2533295,3.0,1.0,2.0
1775300443.2633295,0.0,2.0,0.0
1775300443.2733295,-3.0,5.0,2.0
1775300443.2833295,-1.0,3.0,6.0
1775300443.2933297,-3.0,2.0,11.0
1775300443.3033297,-1.0,3.0,8.0
1775300443.3133297,-2.0,3.0,12.0
1775300443.3233297,4.0,1.0,8.0
1775300443.3333297,-1.0,-2.0,5.0
1775300443.3433297,-3.0,-1.0,0.0
1775300443.3533297,-6.0,-1.0,0.0
1775300443.3633296,-5.0,-3.0,0.0
1775300443.3733296,-2.0,-2.0,-1.0
1775300443.3833296,-4.0,1.0,0.0
1775300443.3933296,-1.0,1.0,4.0
1775300443.4033296,-1.0,4.0,5.0
1775300443.4133296,-1.0,2.0,0.0
1775300443.4233296,-6.0,1.0,0.0
1775300443.4333296,-2.0,0.0,7.0
1775300443.4433296,-1.0,-1.0,11.0
1775300443.4533296,-3.0,0.0,10.0
1775300443.4633296,-2.0,-2.0,11.0
1775300443.4733295,-3.0,-6.0,2.0
1775300443.4833295,-3.0,-3.0,5.0
1775300443.4933295,0.0,-4.0,-2.0
1775300443.5033295,1.0,-2.0,-7.0
1775300443.5133295,1.0,-2.0,-3.0
1775300443.5233295,0.0,-2.0,-2.0
1775300443.5333295,2.0,0.0,3.0
1775300443.5433297,1.0,1.0,3.0
1775300443.5533297,-2.0,0.0,8.0
1775300443.5633297,0.0,2.0,11.0
1775300443.5733297,0.0,-1.0,15.0
1775300443.5833297,2.0,-1.0,17.0
1775300443.5933297,0.0,-4.0,18.0
1775300443.6033297,0.0,-5.0,17.0
1775300443.6133296,3.0,-3.0,18.0
1775300443.6233296,0.0,-5.0,16.0
1775300443.6333296,0.0,-5.0,15.0
1775300443.6433296,-1.0,0.0,17.0
1775300443.6533296,-1.0,-3.0,14.0
1775300443.6633296,-1.0,-3.0,11.0
1775300443.6733296,-8.0,1.0,9.0
1775300443.6833296,-2.0,2.0,9.0
1775300443.6933296,-1.0,0.0,11.0
1775300443.7033296,0.0,0.0,14.0
1775300443.7133296,2.0,0.0,12.0
1775300443.7233295,0.0,0.0,11.0
1775300443.7333295,0.0,4.0,6.0
1775300443.7433295,0.0,5.0,9.0
1775300443.7533295,-1.0,2.0,7.0
1775300443.7633295,-3.0,6.0,5.0
1775300443.7733295,-8.0,5.0,9.0
1775300443.7833295,-9.0,4.0,13.0
1775300443.7933297,-8.0,4.0,19.0
1775300443.8033297,-6.0,0.0,13.0
1775300443.8133297,-2.0,-1.0,14.0
1775300443.8233297,0.0,1.0,12.0
1775300443.8333297,0.0,7.0,11.0
1775300443.8433297,-2.0,7.0,10.0
1775300443.8533297,-3.0,4.0,7.0
1775300443.8633296,-3.0,0.0,5.0
1775300443.8733296,-2.0,-2.0,8.0
1775300443.8833296,3.0,0.0,4.0
1775300443.8933296,2.0,2.0,-1.0
1775300443.9033296,4.0,3.0,1.0
1775300443.9133296,1.0,0.0,2.0
1775300443.9233296,-3.0,0.0,3.0
1775300443.9333296,-1.0,-3.0,6.0
1775300443.9433296,1.0,-1.0,12.0
1775300443.9533296,7.0,-4.0,14.0
1775300443.9633296,5.0,-2.0,8.0
1775300443.9733295,0.0,-2.0,10.0
1775300443.9833295,-6.0,-1.0,8.0
1775300443.9933295,-5.0,-3.0,13.0
1775300444.0033295,-1.0,0.0,10.0
1775300444.0133295,-2.0,3.0,1.0
1775300444.0233295,-3.0,-1.0,-1.0
1775300444.0333295,-3.0,-1.0,0.0
1775300444.0433297,2.0,1.0,5.0
1775300444.0533297,0.0,2.0,5.0
1775300444.0633297,0.0,4.0,9.0
1775300444.0733297,0.0,-1.0,17.0
1775300444.0833297,-2.0,-3.0,11.0
1775300444.0933297,-2.0,-3.0,6.0
1775300444.1033297,-2.0,-3.0,9.0
1775300444.1133296,0.0,-5.0,5.0
1775300444.1233296,3.0,-2.0,3.0
1775300444.1333296,4.0,0.0,6.0
1775300444.1433296,2.0,0.0,10.0
1775300444.1533296,1.0,1.0,10.0
1775300444.1633296,6.0,-1.0,12.0
1775300444.1733296,9.0,-3.0,8.0
1775300444.1833296,7.0,0.0,9.0
1775300444.1933296,7.0,0.0,11.0
1775300444.2043295,10.0,-2.0,12.0
1775300444.2133296,9.0,0.0,9.0
1775300444.2233295,6.0,-1.0,8.0
1775300444.2333295,5.0,-2.0,9.0
1775300444.2443297,6.0,-3.0,18.0
1775300444.2533295,4.0,-1.0,24.0
1775300444.2643297,5.0,-1.0,26.0
1775300444.2743297,2.0,-1.0,21.0
1775300444.2843297,2.0,0.0,14.0
1775300444.2943296,-1.0,1.0,11.0
1775300444.3043296,-8.0,-1.0,6.0
1775300444.3143296,-6.0,-3.0,9.0
1775300444.3243296,-3.0,-4.0,17.0
1775300444.3343296,0.0,-5.0,16.0
1775300444.3443296,0.0,-3.0,15.0
1775300444.3543296,-2.0,0.0,12.0
1775300444.3643296,-2.0,-2.0,12.0
1775300444.3743296,1.0,-5.0,11.0
1775300444.3843296,1.0,-6.0,11.0
1775300444.3943295,1.0,-4.0,6.0
1775300444.4043295,0.0,-1.0,15.0
1775300444.4143295,-1.0,0.0,16.0
1775300444.4243295,0.0,3.0,11.0
1775300444.4343295,-6.0,2.0,12.0
1775300444.4443295,-6.0,0.0,12.0
1775300444.4543295,-7.0,0.0,18.0
1775300444.4643295,-4.0,0.0,25.0
1775300444.4743297,0.0,-3.0,19.0
1775300444.4843297,1.0,-3.0,18.0
1775300444.4943297,3.0,-1.0,16.0
1775300444.5043297,0.0,-2.0,14.0
1775300444.5143297,-2.0,-5.0,12.0
1775300444.5243297,3.0,-5.0,13.0
1775300444.5343297,-1.0,-5.0,9.0
1775300444.5443296,-6.0,-4.0,1.0
1775300444.5543296,-3.0,-7.0,5.0
1775300444.5643296,1.0,-5.0,12.0
1775300444.5743296,0.0,-2.0,12.0
1775300444.5843296,-2.0,1.0,11.0
1775300444.5943296,-2.0,2.0,5.0
1775300444.6043296,-2.0,1.0,7.0
1775300444.6143296,-1.0,2.0,2.0
1775300444.6243296,-1.0,4.0,1.0
1775300444.6343296,0.0,1.0,3.0
1775300444.6443295,1.0,1.0,6.0
1775300444.6543295,0.0,-3.0,9.0
1775300444.6643295,0.0,-4.0,11.0
1775300444.6743295,2.0,0.0,8.0
1775300444.6843295,5.0,-1.0,9.0
1775300444.6943295,2.0,-6.0,10.0
1775300444.7043295,0.0,-6.0,7.0
1775300444.7143295,0.0,-5.0,13.0
1775300444.7243297,-2.0,-3.0,15.0
1775300444.7343297,0.0,-7.0,11.0
1775300444.7443297,0.0,-8.0,12.0
1775300444.7543297,1.0,-4.0,3.0
1775300444.7643297,0.0,-3.0,4.0
1775300444.7743297,3.0,0.0,10.0
1775300444.7843297,2.0,-2.0,11.0
1775300444.7943296,-2.0,-2.0,12.0
1775300444.8043296,-4.0,-5.0,10.0
1775300444.8143296,-5.0,-7.0,12.0
1775300444.8243296,-2.0,-7.0,19.0
1775300444.8343296,0.0,-7.0,21.0
1775300444.8443296,4.0,-3.0,22.0
1775300444.8543296,7.0,2.0,20.0
1775300444.8643296,6.0,1.0,16.0
1775300444.8743296,4.0,0.0,11.0
1775300444.8843296,1.0,0.0,10.0
1775300444.8943295,0.0,-2.0,6.0
1775300444.9043295,2.0,-5.0,10.0
1775300444.9143295,5.0,-3.0,5.0
1775300444.9243295,10.0,-2.0,6.0
1775300444.9343295,7.0,-3.0,0.0
1775300444.9443295,4.0,-3.0,9.0
1775300444.9543295,0.0,-1.0,13.0
1775300444.9643295,-2.0,4.0,14.0
1775300444.9743297,-2.0,2.0,10.0
1775300444.9843297,0.0,5.0,12.0
1775300444.9943297,-1.0,4.0,10.0
1775300445.0043297,0.0,2.0,5.0
1775300445.0143297,3.0,4.0,1.0
1775300445.0243297,1.0,4.0,1.0
1775300445.0343297,-2.0,3.0,0.0
1775300445.0443296,-6.0,3.0,-2.0
1775300445.0543296,-4.0,3.0,-2.0
1775300445.0643296,-1.0,1.0,3.0
1775300445.0743296,5.0,0.0,9.0
1775300445.0843296,9.0,-3.0,8.0
1775300445.0943296,8.0,-1.0,12.0
1775300445.1043296,4.0,-2.0,23.0
1775300445.1143296,1.0,-2.0,23.0
1775300445.1243296,5.0,-1.0,16.0
1775300445.1343296,0.0,0.0,7.0
1775300445.1443295,2.0,2.0,-1.0
1775300445.1543295,1.0,0.0,0.0
1775300445.1643295,1.0,0.0,12.0
1775300445.1743295,2.0,-4.0,13.0
1775300445.1843295,1.0,-2.0,10.0
1775300445.1943295,2.0,0.0,13.0
1775300445.2043295,2.0,3.0,10.0
1775300445.2143295,7.0,2.0,10.0
1775300445.2253296,3.0,7.0,15.0
1775300445.2343297,7.0,6.0,7.0
1775300445.2443297,9.0,2.0,4.0
1775300445.2543297,3.0,4.0,7.0
1775300445.2643297,1.0,5.0,10.0
1775300445.2743297,1.0,2.0,18.0
1775300445.2843297,5.0,1.0,17.0
1775300445.2943296,-1.0,4.0,14.0
1775300445.3043296,-4.0,6.0,14.0
1775300445.3143296,-5.0,4.0,12.0
1775300445.3243296,-2.0,1.0,9.0
1775300445.3343296,5.0,3.0,8.0
1775300445.3443296,2.0,1.0,1.0
1775300445.3543296,0.0,-1.0,0.0
1775300445.3643296,-1.0,-1.0,0.0
1775300445.3743296,0.0,2.0,4.0
1775300445.3843296,-1.0,0.0,0.0
1775300445.3943295,2.0,0.0,-1.0
1775300445.4043295,2.0,-2.0,1.0
1775300445.4143295,0.0,-2.0,1.0
1775300445.4243295,-4.0,-3.0,6.0
1775300445.4343295,-3.0,-2.0,5.0
1775300445.4443295,2.0,-1.0,7.0
1775300445.4543295,3.0,-1.0,12.0
1775300445.4643295,4.0,1.0,10.0
1775300445.4743297,3.0,-1.0,11.0
1775300445.4843297,0.0,0.0,9.0
1775300445.4943297,2.0,0.0,3.0
1775300445.5043297,3.0,-4.0,10.0
1775300445.5143297,2.0,-5.0,5.0
1775300445.5243297,4.0,-5.0,13.0
1775300445.5343297,9.0,0.0,19.0
1775300445.5443296,7.0,0.0,23.0
1775300445.5543296,6.0,2.0,19.0
1775300445.5643296,4.0,2.0,13.0
1775300445.5743296,8.0,4.0,10.0
1775300445.5843296,4.0,0.0,6.0
1775300445.5943296,-1.0,3.0,1.0
1775300445.6043296,0.0,5.0,-2.0
1775300445.6143296,4.0,5.0,-2.0
1775300445.6243296,4.0,2.0,1.0
1775300445.6343296,3.0,0.0,11.0
1775300445.6443295,2.0,2.0,6.0
1775300445.6543295,7.0,4.0,2.0
1775300445.6643295,2.0,-1.0,0.0
1775300445.6743295,4.0,-2.0,4.0
1775300445.6843295,6.0,-2.0,7.0
1775300445.6943295,8.0,-3.0,6.0
1775300445.7043295,6.0,-1.0,3.0
1775300445.7143295,5.0,-2.0,-1.0
1775300445.7243297,1.0,-2.0,0.0
1775300445.7343297,0.0,-3.0,0.0
1775300445.7443297,2.0,-4.0,-3.0
1775300445.7543297,-1.0,-7.0,-7.0
1775300445.7643297,-1.0,-5.0,-7.0
1775300445.7743297,-1.0,-1.0,-1.0
1775300445.7843297,-1.0,-1.0,-3.0
1775300445.7943296,-2.0,0.0,-12.0
1775300445.8043296,-2.0,3.0,-10.0
1775300445.8143296,-6.0,0.0,-5.0
1775300445.8243296,-3.0,1.0,-8.0
1775300445.8343296,-8.0,-3.0,-3.0
1775300445.8443296,-5.0,-2.0,-2.0
1775300445.8543296,-6.0,0.0,-3.0
1775300445.8643296,-6.0,-2.0,-1.0
1775300445.8743296,0.0,-1.0,3.0
1775300445.8843296,-1.0,-7.0,7.0
1775300445.8943295,-5.0,-7.0,10.0
1775300445.9043295,-5.0,-8.0,9.0
1775300445.9143295,-4.0,0.0,5.0
1775300445.9243295,-3.0,3.0,9.0
1775300445.9343295,-1.0,7.0,6.0
1775300445.9443295,0.0,5.0,13.0
1775300445.9543295,1.0,1.0,12.0
1775300445.9643295,0.0,-2.0,3.0
1775300445.9743297,0.0,-2.0,4.0
1775300445.9843297,1.0,0.0,9.0
1775300445.9943297,0.0,0.0,11.0
1775300446.0043297,0.0,0.0,15.0
1775300446.0143297,4.0,1.0,15.0
1775300446.0243297,7.0,3.0,14.0
1775300446.0343297,5.0,1.0,8.0
1775300446.0443296,3.0,2.0,9.0
1775300446.0543296,-1.0,3.0,5.0
1775300446.0643296,-3.0,2.0,13.0
1775300446.0743296,-1.0,1.0,12.0
1775300446.0843296,1.0,4.0,9.0
1775300446.0943296,1.0,4.0,8.0
1775300446.1043296,0.0,6.0,7.0
1775300446.1143296,4.0,3.0,8.0
1775300446.1243296,0.0,-2.0,10.0
1775300446.1343296,-3.0,-7.0,10.0
1775300446.1443295,-3.0,-5.0,3.0
1775300446.1543295,-5.0,0.0,5.0
1775300446.1643295,-5.0,2.0,4.0
1775300446.1743295,-2.0,3.0,0.0
1775300446.1843295,1.0,0.0,0.0
1775300446.1943295,1.0,0.0,5.0
1775300446.2043295,-3.0,0.0,8.0
1775300446.2143295,-6.0,-1.0,7.0
1775300446.2243297,-5.0,-3.0,6.0
1775300446.2343297,-7.0,-2.0,8.0
1775300446.2443297,-5.0,0.0,9.0
1775300446.2543297,0.0,1.0,9.0
1775300446.2643297,-3.0,1.0,12.0
1775300446.2743297,-1.0,0.0,7.0
1775300446.2843297,2.0,1.0,9.0
1775300446.2943296,7.0,1.0,4.0
1775300446.3043296,3.0,1.0,4.0
1775300446.3143296,3.0,0.0,3.0
1775300446.3243296,-2.0,-1.0,5.0
1775300446.3343296,-3.0,-1.0,0.0
1775300446.3443296,-4.0,-2.0,2.0
1775300446.3543296,-6.0,-2.0,6.0
1775300446.3643296,-4.0,-2.0,11.0
1775300446.3743296,-1.0,-3.0,1.0
1775300446.3843296,-2.0,-4.0,4.0
1775300446.3943295,0.0,-3.0,14.0
1775300446.4043295,-3.0,0.0,20.0
1775300446.4143295,-2.0,-1.0,24.0
1775300446.4243295,2.0,2.0,15.0
1775300446.4343295,0.0,4.0,16.0
1775300446.4443295,1.0,4.0,9.0
1775300446.4543295,2.0,4.0,5.0
1775300446.4643295,3.0,3.0,6.0
1775300446.4743297,3.0,1.0,8.0
1775300446.4843297,0.0,-1.0,3.0
1775300446.4943297,0.0,-2.0,0.0
1775300446.5043297,0.0,1.0,7.0
1775300446.5143297,2.0,-1.0,7.0
1775300446.5243297,0.0,-2.0,2.0
1775300446.5353296,0.0,-4.0,0.0
1775300446.5443296,-4.0,-9.0,0.0
1775300446.5553296,-1.0,-5.0,2.0
1775300446.5653296,2.0,-1.0,1.0
1775300446.5753295,3.0,-3.0,5.0
1775300446.5853295,-2.0,-2.0,4.0
1775300446.5953295,0.0,-4.0,4.0
1775300446.6053295,0.0,-3.0,7.0
1775300446.6153295,1.0,-3.0,10.0
1775300446.6253295,-1.0,-1.0,9.0
1775300446.6353295,0.0,-2.0,14.0
1775300446.6453297,0.0,-3.0,11.0
1775300446.6553297,0.0,-4.0,8.0
1775300446.6653297,0.0,-1.0,4.0
1775300446.6753297,-2.0,-2.0,9.0
1775300446.6853297,-1.0,-6.0,9.0
1775300446.6953297,-3.0,-5.0,13.0
1775300446.7053297,1.0,-6.0,11.0
1775300446.7153296,1.0,-3.0,2.0
1775300446.7253296,1.0,-1.0,-7.0
1775300446.7353296,-1.0,0.0,-7.0
1775300446.7453296,-3.0,-1.0,-2.0
1775300446.7553296,-2.0,1.0,0.0
1775300446.7653296,2.0,1.0,1.0
1775300446.7753296,4.0,0.0,8.0
1775300446.7853296,3.0,-3.0,7.0
1775300446.7953296,6.0,-3.0,5.0
1775300446.8053296,4.0,-1.0,4.0
1775300446.8153296,1.0,-2.0,0.0
1775300446.8253295,2.0,-1.0,-1.0
1775300446.8353295,3.0,0.0,0.0
1775300446.8453295,8.0,0.0,2.0
1775300446.8553295,8.0,0.0,7.0
1775300446.8653295,5.0,0.0,3.0
1775300446.8753295,1.0,4.0,2.0
1775300446.8853295,0.0,6.0,3.0
1775300446.8953297,-5.0,8.0,0.0
1775300446.9053297,-8.0,8.0,0.0
1775300446.9153297,-8.0,10.0,2.0
1775300446.9253297,-5.0,10.0,7.0
1775300446.9353297,-4.0,9.0,10.0
1775300446.9453297,-3.0,4.0,15.0
1775300446.9553297,-1.0,0.0,15.0
1775300446.9653296,0.0,0.0,20.0
1775300446.9753296,0.0,0.0,19.0
1775300446.9853296,-3.0,-1.0,25.0
1775300446.9953296,0.0,1.0,29.0
1775300447.0053296,1.0,4.0,22.0
1775300447.0153296,3.0,6.0,18.0
1775300447.0253296,1.0,3.0,15.0
1775300447.0353296,0.0,4.0,14.0
1775300447.0453296,2.0,0.0,11.0
1775300447.0553296,4.0,-1.0,15.0
1775300447.0653296,4.0,-4.0,7.0
1775300447.0753295,4.0,-3.0,15.0
1775300447.0853295,7.0,-3.0,14.0
1775300447.0953295,7.0,-4.0,10.0
1775300447.1053295,2.0,-3.0,10.0
1775300447.1153295,1.0,-2.0,8.0
1775300447.1253295,3.0,-4.0,3.0
1775300447.1353295,4.0,-4.0,5.0
1775300447.1453297,7.0,-1.0,5.0
1775300447.1553297,4.0,-2.0,1.0
1775300447.1653297,1.0,-1.0,4.0
1775300447.1753297,0.0,-2.0,7.0
1775300447.1853297,2.0,2.0,7.0
1775300447.1953297,-4.0,-2.0,11.0
1775300447.2053297,-2.0,-3.0,13.0
1775300447.2153296,1.0,0.0,14.0
1775300447.2253296,1.0,0.0,14.0
1775300447.2353296,0.0,-2.0,18.0
1775300447.2453296,0.0,-1.0,11.0
1775300447.2553296,-4.0,1.0,8.0
1775300447.2653296,-8.0,2.0,10.0
1775300447.2753296,-7.0,5.0,12.0
1775300447.2853296,-4.0,8.0,17.0
1775300447.2953296,0.0,6.0,13.0
1775300447.3053296,0.0,5.0,7.0
1775300447.3153296,2.0,3.0,12.0
1775300447.3253295,7.0,3.0,14.0
1775300447.3353295,7.0,1.0,19.0
1775300447.3453295,5.0,1.0,16.0
1775300447.3553295,7.0,1.0,18.0
1775300447.3653295,4.0,2.0,15.0
1775300447.3753295,1.0,7.0,11.0
1775300447.3853295,0.0,5.0,14.0
1775300447.3953297,0.0,3.0,17.0
1775300447.4053297,0.0,0.0,13.0
1775300447.4153297,-2.0,0.0,11.0
1775300447.4253297,-3.0,2.0,12.0
1775300447.4353297,0.0,0.0,9.0
1775300447.4453297,-2.0,0.0,1.0
1775300447.4553297,-1.0,2.0,4.0
1775300447.4653296,-5.0,0.0,-1.0
1775300447.4753296,-6.0,-4.0,-3.0
1775300447.4853296,-6.0,-6.0,-2.0
1775300447.4953296,-3.0,-6.0,-2.0
1775300447.5053296,-2.0,-3.0,-3.0
1775300447.5153296,-4.0,-3.0,3.0
1775300447.5253296,0.0,-5.0,4.0
1775300447.5353296,-1.0,-6.0,2.0
1775300447.5453296,-2.0,-6.0,2.0
1775300447.5553296,-1.0,-8.0,-1.0
1775300447.5653296,3.0,-4.0,0.0
1775300447.5753295,3.0,-4.0,4.0
1775300447.5853295,2.0,-5.0,0.0
1775300447.5953295,-1.0,-4.0,1.0
1775300447.6053295,-2.0,-3.0,0.0
1775300447.6153295,-3.0,-4.0,4.0
1775300447.6253295,-5.0,-3.0,10.0
1775300447.6353295,-9.0,-5.0,11.0
1775300447.6453297,-5.0,-5.0,8.0
1775300447.6553297,-8.0,-4.0,4.0
1775300447.6653297,-3.0,-5.0,6.0
1775300447.6753297,-3.0,-4.0,9.0
1775300447.6853297,0.0,-3.0,9.0
1775300447.6953297,-5.0,0.0,10.0
1775300447.7053297,-2.0,-3.0,6.0
1775300447.7153296,0.0,-1.0,7.0
1775300447.7253296,-2.0,-2.0,4.0
1775300447.7353296,-4.0,0.0,2.0
1775300447.7453296,-2.0,-1.0,4.0
1775300447.7553296,-1.0,-4.0,9.0
1775300447.7653296,-3.0,-5.0,10.0
1775300447.7753296,0.0,-7.0,13.0
1775300447.7853296,0.0,-13.0,18.0
1775300447.7953296,1.0,-15.0,13.0
1775300447.8053296,0.0,-10.0,20.0
1775300447.8153296,0.0,-11.0,23.0
1775300447.8253295,2.0,-10.0,25.0
1775300447.8353295,1.0,-7.0,22.0
1775300447.8453295,1.0,-9.0,17.0
1775300447.8553295,-2.0,-7.0,17.0
1775300447.8653295,-7.0,-3.0,17.0
1775300447.8753295,0.0,-2.0,19.0
1775300447.8853295,0.0,-4.0,14.0
1775300447.8953297,3.0,-3.0,18.0
1775300447.9053297,2.0,1.0,21.0
1775300447.9153297,6.0,-3.0,24.0
1775300447.9253297,6.0,0.0,25.0
1775300447.9353297,10.0,3.0,23.0
1775300447.9453297,10.0,5.0,16.0
1775300447.9553297,7.0,0.0,14.0
1775300447.9653296,3.0,0.0,10.0
1775300447.9753296,5.0,0.0,12.0
1775300447.9853296,5.0,4.0,4.0
1775300447.9953296,2.0,2.0,5.0
1775300448.0053296,-1.0,-4.0,4.0
1775300448.0153296,1.0,-4.0,3.0
1775300448.0253296,2.0,0.0,-1.0
1775300448.0353296,0.0,-2.0,3.0
1775300448.0453296,-2.0,-2.0,7.0
1775300448.0553296,-1.0,-6.0,6.0
1775300448.0653296,-2.0,-7.0,6.0
1775300448.0753295,1.0,-7.0,7.0
1775300448.0853295,1.0,-4.0,13.0
1775300448.0953295,-2.0,-2.0,17.0
1775300448.1053295,-2.0,0.0,10.0
1775300448.1153295,-1.0,-4.0,4.0
1775300448.1253295,4.0,-3.0,2.0
1775300448.1353295,2.0,0.0,0.0
1775300448.1453297,1.0,1.0,-1.0
1775300448.1553297,0.0,0.0,-1.0
1775300448.1653297,-1.0,0.0,0.0
1775300448.1753297,-3.0,0.0,6.0
1775300448.1853297,-2.0,-1.0,9.0
1775300448.1953297,-5.0,0.0,14.0
1775300448.2053297,-3.0,2.0,6.0
1775300448.2153296,1.0,0.0,11.0
1775300448.2253296,5.0,7.0,11.0
1775300448.2353296,1.0,7.0,18.0
1775300448.2453296,1.0,1.0,17.0
1775300448.2553296,3.0,2.0,16.0
1775300448.2653296,2.0,5.0,12.0
1775300448.2753296,1.0,1.0,7.0
1775300448.2853296,1.0,0.0,2.0
1775300448.2953296,0.0,0.0,6.0
1775300448.3053296,3.0,1.0,0.0
1775300448.3153296,2.0,-1.0,4.0
1775300448.3253295,4.0,-4.0,9.0
1775300448.3353295,6.0,-2.0,12.0
1775300448.3453295,7.0,-1.0,12.0
1775300448.3553295,1.0,-1.0,12.0
1775300448.3653295,-3.0,-3.0,2.0
1775300448.3753295,2.0,-2.0,5.0
1775300448.3853295,3.0,-4.0,2.0
1775300448.3953297,0.0,-7.0,5.0
1775300448.4053297,-3.0,-4.0,4.0
1775300448.4153297,-3.0,0.0,8.0
1775300448.4253297,-1.0,-1.0,16.0
1775300448.4353297,-3.0,2.0,17.0
1775300448.4453297,-1.0,1.0,17.0
1775300448.4553297,1.0,-4.0,15.0
1775300448.4653296,1.0,-5.0,17.0
1775300448.4753296,0.0,-4.0,18.0
1775300448.4853296,-1.0,-5.0,28.0
1775300448.4953296,-3.0,-6.0,29.0
1775300448.5053296,0.0,-8.0,21.0
1775300448.5153296,-4.0,-7.0,21.0
1775300448.5253296,-3.0,-8.0,16.0
1775300448.5353296,0.0,-8.0,14.0
1775300448.5453296,-3.0,-9.0,14.0
1775300448.5553296,-4.0,-6.0,17.0
1775300448.5653296,-5.0,-8.0,5.0
1775300448.5753295,-5.0,-6.0,6.0
1775300448.5853295,-6.0,-4.0,8.0
1775300448.5953295,-4.0,-2.0,5.0
1775300448.6053295,-1.0,-2.0,7.0
1775300448.6153295,-1.0,-4.0,-1.0
1775300448.6253295,3.0,-1.0,-1.0
1775300448.6353295,6.0,-1.0,-1.0
1775300448.6453297,1.0,-2.0,-3.0
1775300448.6553297,-1.0,-1.0,0.0
1775300448.6653297,2.0,-3.0,0.0
1775300448.6753297,0.0,-6.0,0.0
1775300448.6853297,6.0,-1.0,-2.0
1775300448.6953297,6.0,-2.0,0.0
1775300448.7053297,4.0,0.0,-1.0
1775300448.7153296,4.0,0.0,2.0
1775300448.7253296,2.0,0.0,-1.0
1775300448.7353296,4.0,2.0,0.0
1775300448.7453296,5.0,3.0,2.0
1775300448.7553296,2.0,0.0,1.0
1775300448.7653296,-2.0,2.0,5.0
1775300448.7753296,-2.0,3.0,5.0
1775300448.7853296,-4.0,5.0,6.0
1775300448.7953296,-2.0,5.0,7.0
1775300448.8053296,-3.0,3.0,9.0
1775300448.8153296,-2.0,0.0,9.0
1775300448.8253295,0.0,0.0,13.0
1775300448.8353295,-3.0,0.0,6.0
1775300448.8463297,-4.0,1.0,7.0
1775300448.8563297,-4.0,0.0,2.0
1775300448.8663297,0.0,-1.0,2.0
1775300448.8763297,3.0,0.0,6.0
1775300448.8863297,2.0,-1.0,11.0
1775300448.8963296,5.0,-5.0,10.0
1775300448.9063296,2.0,-4.0,12.0
1775300448.9163296,0.0,-3.0,13.0
1775300448.9263296,0.0,-6.0,18.0
1775300448.9363296,-1.0,-5.0,22.0
1775300448.9463296,0.0,-2.0,18.0
1775300448.9563296,5.0,-4.0,19.0
1775300448.9663296,3.0,0.0,20.0
1775300448.9763296,3.0,-1.0,19.0
1775300448.9863296,4.0,-2.0,16.0
1775300448.9963295,0.0,-1.0,17.0
1775300449.0063295,1.0,0.0,15.0
1775300449.0163295,0.0,0.0,13.0
1775300449.0263295,1.0,0.0,12.0
1775300449.0363295,0.0,-1.0,10.0
1775300449.0463295,-3.0,0.0,8.0
1775300449.0563295,-1.0,3.0,5.0
1775300449.0663297,0.0,2.0,4.0
1775300449.0763297,-1.0,0.0,4.0
1775300449.0863297,0.0,0.0,1.0
1775300449.0963297,0.0,0.0,0.0
1775300449.1063297,-1.0,-2.0,-1.0
1775300449.1163297,-5.0,-1.0,-1.0
1775300449.1263297,-6.0,0.0,4.0
1775300449.1373296,-1.0,5.0,1.0
1775300449.1463296,-3.0,7.0,3.0
1775300449.1563296,0.0,5.0,1.0
1775300449.1663296,6.0,5.0,3.0
1775300449.1763296,7.0,4.0,5.0
1775300449.1863296,6.0,0.0,10.0
1775300449.1963296,4.0,-2.0,7.0
1775300449.2063296,0.0,0.0,7.0
1775300449.2163296,-3.0,-2.0,5.0
1775300449.2263296,-4.0,-4.0,8.0
1775300449.2363296,-5.0,-6.0,14.0
1775300449.2463295,-5.0,-1.0,16.0
1775300449.2563295,-5.0,0.0,16.0
1775300449.2663295,-4.0,3.0,20.0
1775300449.2763295,-6.0,4.0,25.0
1775300449.2863295,-10.0,6.0,26.0
1775300449.2963295,-4.0,2.0,22.0
1775300449.3063295,-2.0,0.0,14.0
1775300449.3163297,-5.0,-1.0,13.0
1775300449.3263297,-7.0,-4.0,13.0
1775300449.3363297,-6.0,0.0,11.0
1775300449.3463297,-5.0,-2.0,6.0
1775300449.3563297,-7.0,-3.0,10.0
1775300449.3663297,-6.0,0.0,16.0
1775300449.3763297,-5.0,5.0,17.0
1775300449.3863297,-6.0,4.0,13.0
1775300449.3963296,-2.0,4.0,8.0
1775300449.4063296,1.0,-1.0,4.0
1775300449.4163296,3.0,-3.0,6.0
1775300449.4263296,1.0,-1.0,9.0
1775300449.4363296,5.0,1.0,15.0
1775300449.4463296,5.0,0.0,9.0
1775300449.4563296,4.0,0.0,7.0
1775300449.4663296,7.0,0.0,2.0
1775300449.4763296,6.0,1.0,11.0
1775300449.4863296,7.0,0.0,10.0
1775300449.4963295,3.0,-1.0,2.0
1775300449.5063295,-2.0,-2.0,1.0
1775300449.5163295,-5.0,-4.0,2.0
1775300449.5263295,-4.0,-4.0,0.0
1775300449.5363295,-2.0,-4.0,0.0
1775300449.5463295,-1.0,-6.0,4.0
1775300449.5563295,0.0,-2.0,1.0
1775300449.5663297,-1.0,2.0,2.0
1775300449.5763297,-3.0,0.0,8.0
1775300449.5863297,-2.0,-5.0,9.0
1775300449.5963297,-2.0,-2.0,11.0
1775300449.6063297,0.0,-4.0,12.0
1775300449.6163297,0.0,-3.0,10.0
1775300449.6263297,0.0,-3.0,5.0
1775300449.6363297,0.0,-5.0,9.0
1775300449.6463296,0.0,-5.0,7.0
1775300449.6563296,-2.0,-3.0,10.0
1775300449.6663296,-4.0,-6.0,13.0
1775300449.6763296,3.0,-5.0,9.0
1775300449.6863296,1.0,-7.0,3.0
1775300449.6963296,1.0,-8.0,1.0
1775300449.7063296,0.0,-4.0,0.0
1775300449.7163296,2.0,0.0,3.0
1775300449.7263296,4.0,-4.0,5.0
1775300449.7363296,1.0,-5.0,0.0
1775300449.7463295,0.0,-3.0,0.0
1775300449.7563295,-5.0,-6.0,0.0
1775300449.7663295,-6.0,-6.0,0.0
1775300449.7763295,-4.0,-4.0,-1.0
1775300449.7863295,-3.0,-2.0,1.0
1775300449.7963295,-4.0,0.0,5.0
1775300449.8063295,-2.0,0.0,5.0
1775300449.8163297,-3.0,-3.0,8.0
1775300449.8263297,1.0,-1.0,12.0
1775300449.8363297,-1.0,-1.0,9.0
1775300449.8463297,0.0,-1.0,12.0
1775300449.8563297,0.0,-3.0,10.0
1775300449.8663297,1.0,-5.0,8.0
1775300449.8763297,2.0,-3.0,0.0
1775300449.8863297,2.0,-3.0,7.0
1775300449.8963296,6.0,-3.0,3.0
1775300449.9063296,6.0,-3.0,4.0
1775300449.9163296,6.0,-3.0,4.0
1775300449.9263296,7.0,-3.0,7.0
1775300449.9363296,5.0,-4.0,9.0
1775300449.9463296,5.0,-6.0,8.0
1775300449.9563296,4.0,-2.0,11.0
1775300449.9663296,11.0,-3.0,10.0
1775300449.9763296,10.0,-3.0,5.0
1775300449.9863296,12.0,3.0,10.0
1775300449.9963295,8.0,2.0,10.0
1775300450.0063295,5.0,-2.0,3.0
1775300450.0163295,3.0,-1.0,-1.0
1775300450.0263295,4.0,-1.0,1.0
1775300450.0363295,5.0,-4.0,0.0
1775300450.0463295,0.0,-4.0,3.0
1775300450.0563295,-6.0,0.0,3.0
1775300450.0663297,-3.0,1.0,2.0
1775300450.0763297,-5.0,3.0,0.0
1775300450.0863297,-3.0,3.0,-2.0
1775300450.0963297,-1.0,0.0,7.0
1775300450.1063297,0.0,0.0,5.0
1775300450.1163297,0.0,0.0,13.0
1775300450.1263297,0.0,4.0,17.0
1775300450.1363297,0.0,3.0,14.0
1775300450.1463296,-2.0,6.0,13.0
1775300450.1563296,-6.0,10.0,7.0
1775300450.1663296,-3.0,6.0,2.0
1775300450.1763296,-1.0,2.0,5.0
1775300450.1863296,-5.0,4.0,4.0
1775300450.1963296,-4.0,8.0,6.0
1775300450.2063296,1.0,4.0,5.0
1775300450.2163296,2.0,-1.0,12.0
1775300450.2263296,6.0,-5.0,9.0
1775300450.2363296,9.0,-3.0,10.0
1775300450.2463295,10.0,0.0,17.0
1775300450.2563295,9.0,-1.0,19.0
1775300450.2663295,6.0,0.0,17.0
1775300450.2763295,7.0,-1.0,12.0
1775300450.2863295,4.0,1.0,6.0
1775300450.2963295,3.0,5.0,3.0
1775300450.3063295,0.0,1.0,0.0
1775300450.3163297,2.0,-2.0,10.0
1775300450.3263297,5.0,-3.0,17.0
1775300450.3363297,-1.0,-3.0,17.0
1775300450.3463297,0.0,-1.0,18.0
1775300450.3563297,6.0,0.0,14.0
1775300450.3663297,3.0,-1.0,7.0
1775300450.3763297,8.0,1.0,5.0
1775300450.3863297,2.0,-3.0,7.0
1775300450.3963296,0.0,-3.0,11.0
1775300450.4063296,0.0,-4.0,4.0
1775300450.4163296,5.0,-4.0,0.0
1775300450.4263296,4.0,-4.0,2.0
1775300450.4363296,2.0,-1.0,0.0
1775300450.4463296,2.0,-2.0,-1.0
1775300450.4563296,1.0,-3.0,-6.0
1775300450.4663296,1.0,-4.0,0.0
1775300450.4763296,5.0,-3.0,0.0
1775300450.4863296,6.0,0.0,2.0
1775300450.4963295,6.0,-2.0,0.0
1775300450.5063295,3.0,-4.0,0.0
1775300450.5163295,3.0,-5.0,8.0
1775300450.5263295,3.0,-6.0,8.0
1775300450.5363295,2.0,-7.0,8.0
1775300450.5463295,2.0,-10.0,6.0
1775300450.5563295,2.0,-4.0,12.0
1775300450.5663297,4.0,0.0,12.0
1775300450.5763297,2.0,0.0,9.0
1775300450.5863297,0.0,3.0,8.0
1775300450.5963297,2.0,0.0,11.0
1775300450.6063297,2.0,0.0,11.0
1775300450.6163297,3.0,0.0,11.0
1775300450.6263297,5.0,0.0,9.0
1775300450.6363297,2.0,-1.0,19.0
1775300450.6463296,0.0,-3.0,20.0
1775300450.6563296,2.0,-2.0,17.0
1775300450.6663296,1.0,-5.0,13.0
1775300450.6763296,4.0,-3.0,13.0
1775300450.6863296,3.0,-1.0,11.0
1775300450.6963296,4.0,0.0,13.0
1775300450.7063296,-1.0,0.0,13.0
1775300450.7163296,-5.0,-5.0,11.0
1775300450.7263296,-6.0,-5.0,12.0
1775300450.7363296,-4.0,-5.0,9.0
1775300450.7463295,5.0,-6.0,12.0
1775300450.7563295,6.0,-5.0,19.0
1775300450.7663295,9.0,-1.0,16.0
1775300450.7763295,11.0,-2.0,12.0
1775300450.7863295,10.0,-4.0,8.0
1775300450.7963295,10.0,-5.0,2.0
1775300450.8063295,7.0,-8.0,2.0
1775300450.8163297,4.0,-6.0,4.0
1775300450.8263297,3.0,-2.0,7.0
1775300450.8363297,9.0,-4.0,8.0
1775300450.8463297,7.0,0.0,12.0
1775300450.8563297,8.0,0.0,10.0
1775300450.8663297,5.0,0.0,14.0
1775300450.8763297,5.0,-1.0,16.0
1775300450.8863297,7.0,-4.0,14.0
1775300450.8963296,10.0,-2.0,18.0
1775300450.9063296,9.0,0.0,12.0
1775300450.9163296,4.0,1.0,6.0
1775300450.9263296,5.0,-1.0,8.0
1775300450.9363296,3.0,-2.0,2.0
1775300450.9463296,4.0,-3.0,-1.0
1775300450.9563296,8.0,-5.0,2.0
1775300450.9663296,6.0,-5.0,-2.0
1775300450.9763296,3.0,-2.0,-5.0
1775300450.9863296,6.0,-1.0,4.0
1775300450.9963295,4.0,-2.0,1.0
1775300451.0063295,3.0,-1.0,9.0
1775300451.0163295,5.0,-3.0,15.0
1775300451.0263295,8.0,-2.0,12.0
1775300451.0363295,2.0,0.0,10.0
1775300451.0463295,1.0,0.0,3.0
1775300451.0563295,-1.0,0.0,0.0
1775300451.0663297,-4.0,-3.0,0.0
1775300451.0773296,0.0,-3.0,3.0
1775300451.0863297,-2.0,-2.0,3.0
1775300451.0963297,2.0,-1.0,1.0
1775300451.1063297,2.0,1.0,-1.0
1775300451.1163297,3.0,2.0,0.0
1775300451.1263297,7.0,0.0,5.0
1775300451.1373296,6.0,3.0,10.0
1775300451.1473296,4.0,3.0,6.0
1775300451.1573296,1.0,2.0,12.0
1775300451.1673295,0.0,-1.0,9.0
1775300451.1773295,-3.0,0.0,11.0
1775300451.1873295,-5.0,-3.0,18.0
1775300451.1973295,-4.0,-1.0,11.0
1775300451.2073295,-6.0,-5.0,8.0
1775300451.2173295,-3.0,-5.0,13.0
1775300451.2273295,-1.0,-5.0,8.0
1775300451.2373295,-1.0,-4.0,5.0
1775300451.2473297,0.0,-1.0,6.0
1775300451.2573297,2.0,-3.0,3.0
1775300451.2673297,5.0,0.0,0.0
1775300451.2773297,4.0,0.0,1.0
1775300451.2873297,-2.0,-3.0,1.0
1775300451.2973297,-4.0,-6.0,7.0
1775300451.3073297,-3.0,-5.0,3.0
1775300451.3173296,0.0,-1.0,5.0
1775300451.3273296,2.0,-3.0,0.0
1775300451.3373296,6.0,-6.0,10.0
1775300451.3473296,6.0,-5.0,14.0
1775300451.3573296,1.0,-1.0,10.0
1775300451.3673296,0.0,2.0,13.0
1775300451.3773296,-2.0,5.0,12.0
1775300451.3873296,-3.0,3.0,15.0
1775300451.3973296,-1.0,1.0,14.0
1775300451.4073296,1.0,-3.0,11.0
1775300451.4173295,-1.0,-4.0,9.0
1775300451.4273295,-4.0,-6.0,5.0
1775300451.4373295,-3.0,-4.0,12.0
1775300451.4473295,-6.0,0.0,18.0
1775300451.4573295,-3.0,-2.0,12.0
1775300451.4673295,-5.0,-4.0,13.0
1775300451.4773295,-4.0,-4.0,9.0
1775300451.4873295,-4.0,-1.0,1.0
1775300451.4973297,0.0,-5.0,0.0
1775300451.5073297,-3.0,-3.0,6.0
1775300451.5173297,-1.0,-3.0,11.0
1775300451.5273297,1.0,-5.0,16.0
1775300451.5373297,4.0,-4.0,17.0
1775300451.5473297,7.0,-4.0,14.0
1775300451.5573297,5.0,-1.0,17.0
1775300451.5673296,3.0,0.0,11.0
1775300451.5773296,0.0,2.0,7.0
1775300451.5873296,-7.0,3.0,2.0
1775300451.5973296,-7.0,1.0,3.0
1775300451.6073296,-6.0,0.0,10.0
1775300451.6173296,-5.0,-1.0,8.0
1775300451.6273296,-2.0,-5.0,13.0
1775300451.6373296,-3.0,-8.0,10.0
1775300451.6473296,-3.0,-4.0,16.0
1775300451.6573296,0.0,-4.0,11.0
1775300451.6673295,0.0,-5.0,7.0
1775300451.6773295,0.0,-6.0,9.0
1775300451.6873295,-1.0,0.0,13.0
1775300451.6973295,1.0,2.0,13.0
1775300451.7073295,0.0,2.0,11.0
1775300451.7173295,2.0,1.0,14.0
1775300451.7273295,2.0,-2.0,17.0
1775300451.7373295,3.0,-4.0,17.0
1775300451.7473297,1.0,-2.0,14.0
1775300451.7573297,0.0,-1.0,14.0
1775300451.7673297,-2.0,-3.0,11.0
1775300451.7773297,-4.0,0.0,4.0
1775300451.7873297,-1.0,-3.0,1.0
1775300451.7973297,-1.0,-7.0,-1.0
1775300451.8073297,1.0,-8.0,1.0
1775300451.8173296,-1.0,-10.0,3.0
1775300451.8273296,-2.0,-9.0,8.0
1775300451.8373296,-2.0,-3.0,12.0
1775300451.8473296,3.0,-1.0,15.0
1775300451.8573296,3.0,-7.0,11.0
1775300451.8673296,5.0,-6.0,9.0
1775300451.8773296,2.0,-5.0,18.0
1775300451.8873296,4.0,-2.0,16.0
1775300451.8973296,8.0,1.0,17.0
1775300451.9073296,8.0,-2.0,16.0
1775300451.9173295,3.0,-1.0,14.0
1775300451.9273295,4.0,-6.0,11.0
1775300451.9373295,0.0,-9.0,7.0
1775300451.9473295,6.0,-8.0,8.0
1775300451.9573295,11.0,-4.0,7.0
1775300451.9673295,10.0,-4.0,10.0
1775300451.9773295,13.0,-2.0,2.0
1775300451.9873295,14.0,-5.0,2.0
1775300451.9973297,10.0,-3.0,6.0
1775300452.0073297,10.0,0.0,9.0
1775300452.0173297,8.0,2.0,5.0
1775300452.0273297,5.0,1.0,8.0
1775300452.0373297,3.0,7.0,6.0
1775300452.0473297,6.0,8.0,14.0
1775300452.0573297,7.0,8.0,18.0
1775300452.0673296,2.0,6.0,17.0
1775300452.0773296,0.0,5.0,6.0
1775300452.0873296,0.0,2.0,15.0
1775300452.0973296,0.0,0.0,14.0
1775300452.1073296,-1.0,0.0,18.0
1775300452.1173296,-2.0,-3.0,16.0
1775300452.1273296,-2.0,-4.0,14.0
1775300452.1373296,-1.0,-5.0,15.0
1775300452.1473296,-4.0,-8.0,14.0
1775300452.1573296,2.0,-6.0,13.0
1775300452.1673295,3.0,-7.0,21.0
1775300452.1773295,2.0,-3.0,22.0
1775300452.1873295,2.0,0.0,18.0
1775300452.1973295,-1.0,-4.0,19.0
1775300452.2073295,0.0,-2.0,26.0
1775300452.2173295,-2.0,-3.0,30.0
1775300452.2273295,-3.0,0.0,24.0
1775300452.2373295,-7.0,0.0,22.0
1775300452.2473297,-4.0,2.0,20.0
1775300452.2573297,-2.0,0.0,17.0
1775300452.2673297,1.0,-2.0,9.0
1775300452.2773297,7.0,-4.0,10.0
1775300452.2873297,6.0,-8.0,12.0
1775300452.2973297,2.0,-9.0,2.0
1775300452.3073297,3.0,-4.0,5.0
1775300452.3173296,-2.0,-1.0,5.0
1775300452.3273296,0.0,0.0,2.0
1775300452.3373296,-3.0,2.0,-1.0
1775300452.3473296,0.0,1.0,-5.0
1775300452.3573296,-1.0,2.0,-3.0
1775300452.3673296,-3.0,0.0,-3.0
1775300452.3773296,0.0,2.0,-5.0
1775300452.3873296,-1.0,3.0,-6.0
1775300452.3973296,-3.0,4.0,-2.0
1775300452.4073296,-6.0,5.0,-1.0
1775300452.4173295,-2.0,1.0,7.0
1775300452.4273295,-1.0,-6.0,4.0
1775300452.4373295,0.0,-3.0,4.0
1775300452.4473295,2.0,-3.0,7.0
1775300452.4573295,6.0,-5.0,9.0
1775300452.4673295,5.0,-1.0,7.0
1775300452.4773295,8.0,-2.0,8.0
1775300452.4873295,7.0,1.0,13.0
1775300452.4973297,1.0,3.0,12.0
1775300452.5073297,0.0,2.0,22.0
1775300452.5173297,-3.0,5.0,28.0
1775300452.5273297,-4.0,2.0,27.0
1775300452.5373297,-5.0,-1.0,22.0
1775300452.5473297,-4.0,-1.0,18.0
1775300452.5573297,-11.0,-2.0,20.0
1775300452.5673296,-9.0,-4.0,16.0
1775300452.5773296,-11.0,-5.0,14.0
1775300452.5873296,-3.0,-7.0,10.0
1775300452.5973296,-1.0,-6.0,16.0
1775300452.6073296,2.0,-9.0,14.0
1775300452.6173296,3.0,-9.0,8.0
1775300452.6273296,9.0,-8.0,5.0
1775300452.6373296,9.0,-1.0,10.0
1775300452.6473296,9.0,-2.0,11.0
1775300452.6573296,6.0,0.0,14.0
1775300452.6673295,1.0,4.0,20.0
1775300452.6773295,2.0,4.0,17.0
1775300452.6873295,7.0,2.0,10.0
1775300452.6973295,5.0,-2.0,10.0
1775300452.7073295,0.0,-5.0,11.0
1775300452.7173295,-1.0,-4.0,13.0
1775300452.7273295,-6.0,-5.0,4.0
1775300452.7373295,-4.0,-3.0,0.0
1775300452.7473297,-4.0,-3.0,-3.0
1775300452.7573297,-3.0,-6.0,2.0
1775300452.7673297,-1.0,-6.0,12.0
1775300452.7773297,0.0,-8.0,9.0
1775300452.7873297,-1.0,-9.0,3.0
1775300452.7973297,-2.0,-9.0,0.0
1775300452.8073297,-2.0,-11.0,1.0
1775300452.8173296,-6.0,-4.0,-5.0
1775300452.8273296,-3.0,-4.0,-4.0
1775300452.8373296,4.0,-5.0,5.0
1775300452.8473296,3.0,-3.0,12.0
1775300452.8573296,4.0,0.0,8.0
1775300452.8673296,7.0,3.0,7.0
1775300452.8773296,7.0,2.0,8.0
1775300452.8873296,7.0,4.0,8.0
1775300452.8973296,6.0,0.0,11.0
1775300452.9073296,6.0,0.0,9.0
1775300452.9173295,5.0,0.0,6.0
1775300452.9273295,2.0,-1.0,3.0
1775300452.9373295,0.0,-1.0,7.0
1775300452.9473295,0.0,1.0,7.0
1775300452.9573295,-2.0,-1.0,7.0
1775300452.9673295,0.0,-1.0,4.0
1775300452.9773295,3.0,-6.0,8.0
1775300452.9873295,5.0,-4.0,6.0
1775300452.9973297,5.0,-2.0,4.0
1775300453.0073297,5.0,-3.0,1.0
1775300453.0173297,1.0,1.0,7.0
1775300453.0273297,2.0,-1.0,13.0
1775300453.0373297,3.0,1.0,13.0
1775300453.0473297,0.0,0.0,11.0
1775300453.0573297,0.0,-6.0,7.0
1775300453.0673296,0.0,-6.0,11.0
1775300453.0773296,0.0,-4.0,12.0
1775300453.0873296,0.0,-4.0,8.0
1775300453.0973296,0.0,-4.0,7.0
1775300453.1073296,0.0,-2.0,10.0
1775300453.1173296,2.0,-3.0,14.0
1775300453.1273296,0.0,-10.0,17.0
1775300453.1373296,-1.0,-8.0,7.0
1775300453.1473296,4.0,-6.0,11.0
1775300453.1573296,1.0,-7.0,16.0
1775300453.1673295,-3.0,-2.0,19.0
1775300453.1773295,-6.0,-4.0,22.0
1775300453.1873295,-5.0,-2.0,17.0
1775300453.1973295,-8.0,0.0,11.0
1775300453.2073295,-7.0,-1.0,7.0
1775300453.2173295,-10.0,-6.0,8.0
1775300453.2273295,-7.0,-3.0,5.0
1775300453.2373295,-9.0,-3.0,10.0
1775300453.2473297,-7.0,-2.0,2.0
1775300453.2573297,-4.0,-1.0,0.0
1775300453.2673297,-4.0,2.0,2.0
1775300453.2773297,0.0,0.0,5.0
1775300453.2873297,0.0,0.0,4.0
1775300453.2973297,1.0,2.0,4.0
1775300453.3073297,0.0,4.0,4.0
1775300453.3173296,-3.0,2.0,8.0
1775300453.3283296,-1.0,0.0,0.0
1775300453.3373296,4.0,0.0,0.0
1775300453.3473296,6.0,1.0,-1.0
1775300453.3573296,8.0,1.0,0.0
1775300453.3673296,7.0,0.0,2.0
1775300453.3773296,4.0,4.0,1.0
1775300453.3873296,4.0,5.0,6.0
1775300453.3983295,2.0,1.0,2.0
1775300453.4073296,1.0,0.0,4.0
1775300453.4173295,1.0,3.0,-1.0
1775300453.4283297,3.0,0.0,1.0
1775300453.4383297,1.0,0.0,-1.0
1775300453.4483297,-2.0,-2.0,0.0
1775300453.4583297,-4.0,0.0,1.0
1775300453.4683297,-1.0,1.0,1.0
1775300453.4783297,1.0,2.0,0.0
1775300453.4883296,-1.0,3.0,8.0
1775300453.4983296,-2.0,1.0,18.0
1775300453.5083296,-2.0,3.0,21.0
1775300453.5183296,-2.0,7.0,21.0
1775300453.5283296,1.0,2.0,16.0
1775300453.5383296,0.0,1.0,6.0
1775300453.5483296,-3.0,3.0,0.0
1775300453.5583296,-3.0,4.0,0.0
1775300453.5683296,-5.0,0.0,5.0
1775300453.5783296,-8.0,-4.0,6.0
1775300453.5883296,-9.0,-4.0,9.0
1775300453.5983295,-8.0,-3.0,12.0
1775300453.6083295,-7.0,-2.0,16.0
1775300453.6183295,-6.0,-1.0,13.0
1775300453.6283295,-6.0,0.0,13.0
1775300453.6383295,-2.0,1.0,10.0
1775300453.6483295,-5.0,1.0,11.0
1775300453.6583295,-5.0,0.0,8.0
1775300453.6683297,-2.0,-6.0,6.0
1775300453.6783297,0.0,-2.0,1.0
1775300453.6883297,1.0,-2.0,0.0
1775300453.6983297,3.0,-4.0,4.0
1775300453.7083297,2.0,-3.0,4.0
1775300453.7183297,1.0,-4.0,6.0
1775300453.7283297,5.0,-6.0,8.0
1775300453.7383296,0.0,-5.0,5.0
1775300453.7483296,2.0,-7.0,6.0
1775300453.7583296,2.0,-5.0,12.0
1775300453.7683296,1.0,-7.0,20.0
1775300453.7783296,5.0,-5.0,22.0
1775300453.7883296,5.0,-3.0,22.0
1775300453.7983296,6.0,-5.0,22.0
1775300453.8083296,4.0,0.0,18.0
1775300453.8183296,3.0,1.0,20.0
1775300453.8283296,0.0,-1.0,16.0
1775300453.8383296,2.0,-4.0,15.0
1775300453.8483295,-1.0,-2.0,16.0
1775300453.8583295,-4.0,0.0,16.0
1775300453.8683295,-7.0,-2.0,15.0
1775300453.8783295,-3.0,-2.0,11.0
1775300453.8883295,0.0,0.0,18.0
1775300453.8983295,-3.0,2.0,19.0
1775300453.9083295,-2.0,-1.0,12.0
1775300453.9183297,-4.0,-5.0,11.0
1775300453.9283297,-7.0,-3.0,10.0
1775300453.9383297,-3.0,0.0,9.0
1775300453.9483297,-3.0,0.0,6.0
1775300453.9583297,0.0,1.0,9.0
1775300453.9683297,-3.0,3.0,10.0
1775300453.9783297,-2.0,5.0,16.0
1775300453.9883296,-5.0,3.0,10.0
1775300453.9983296,-8.0,0.0,4.0
1775300454.0083296,-1.0,1.0,0.0
1775300454.0183296,-1.0,5.0,0.0
1775300454.0283296,-3.0,7.0,0.0
1775300454.0383296,-6.0,9.0,0.0
1775300454.0483296,-8.0,8.0,1.0
1775300454.0583296,-3.0,3.0,0.0
1775300454.0683296,-5.0,1.0,8.0
1775300454.0783296,-5.0,2.0,10.0
1775300454.0883296,-4.0,0.0,10.0
1775300454.0983295,0.0,-4.0,9.0
1775300454.1083295,1.0,-5.0,8.0
1775300454.1183295,3.0,-6.0,6.0
1775300454.1283295,7.0,-3.0,6.0
1775300454.1383295,8.0,-4.0,6.0
1775300454.1483295,8.0,-10.0,8.0
1775300454.1583295,6.0,-7.0,8.0
1775300454.1683297,4.0,-5.0,7.0
1775300454.1783297,6.0,-5.0,2.0
1775300454.1883297,8.0,-3.0,1.0
1775300454.1983297,5.0,0.0,5.0
1775300454.2083297,4.0,0.0,3.0
1775300454.2183297,1.0,-9.0,-3.0
1775300454.2283297,2.0,-11.0,-6.0
1775300454.2383296,5.0,-7.0,-5.0
1775300454.2483296,3.0,-6.0,4.0
1775300454.2583296,2.0,-3.0,4.0
1775300454.2683296,0.0,-6.0,8.0
1775300454.2783296,-2.0,-7.0,2.0
1775300454.2883296,0.0,-6.0,6.0
1775300454.2983296,0.0,-8.0,4.0
1775300454.3083296,2.0,-4.0,7.0
1775300454.3183296,3.0,0.0,6.0
1775300454.3283296,5.0,0.0,8.0
1775300454.3383296,-2.0,0.0,13.0
1775300454.3483295,1.0,-1.0,11.0
1775300454.3583295,4.0,-3.0,8.0
1775300454.3683295,4.0,0.0,3.0
1775300454.3783295,0.0,0.0,2.0
1775300454.3883295,2.0,1.0,-1.0
1775300454.3983295,2.0,1.0,-2.0
1775300454.4083295,4.0,1.0,-6.0
1775300454.4183297,6.0,1.0,-1.0
1775300454.4283297,1.0,0.0,6.0
1775300454.4383297,4.0,2.0,7.0
1775300454.4483297,7.0,3.0,4.0
1775300454.4583297,1.0,0.0,0.0
1775300454.4683297,-1.0,0.0,0.0
1775300454.4783297,-1.0,-2.0,6.0
1775300454.4883296,-1.0,-3.0,4.0
1775300454.4983296,2.0,-5.0,3.0
1775300454.5083296,4.0,-4.0,8.0
1775300454.5183296,4.0,-5.0,4.0
1775300454.5283296,4.0,0.0,2.0
1775300454.5383296,5.0,-2.0,2.0
1775300454.5483296,10.0,-4.0,6.0
1775300454.5583296,8.0,-1.0,9.0
1775300454.5683296,2.0,1.0,9.0
1775300454.5783296,0.0,2.0,8.0
1775300454.5883296,-2.0,6.0,13.0
1775300454.5983295,-4.0,6.0,9.0
1775300454.6083295,-3.0,4.0,11.0
1775300454.6183295,0.0,4.0,8.0
1775300454.6283295,1.0,2.0,6.0
1775300454.6383295,0.0,3.0,15.0
1775300454.6483295,2.0,2.0,19.0
1775300454.6583295,0.0,-1.0,19.0
1775300454.6683297,3.0,0.0,18.0
1775300454.6783297,0.0,0.0,15.0
1775300454.6883297,1.0,0.0,11.0
1775300454.6983297,0.0,-1.0,2.0
1775300454.7083297,3.0,-1.0,2.0
1775300454.7183297,0.0,0.0,7.0
1775300454.7283297,0.0,2.0,4.0
1775300454.7383296,-3.0,0.0,0.0
1775300454.7483296,-2.0,0.0,2.0
1775300454.7583296,-3.0,0.0,-1.0
1775300454.7683296,-2.0,-3.0,2.0
1775300454.7783296,0.0,0.0,0.0
1775300454.7883296,0.0,2.0,1.0
1775300454.7983296,2.0,3.0,3.0
1775300454.8083296,-3.0,2.0,5.0
1775300454.8183296,-8.0,2.0,7.0
1775300454.8283296,-5.0,3.0,2.0
1775300454.8383296,-5.0,1.0,4.0
1775300454.8483295,-6.0,2.0,0.0
1775300454.8583295,-5.0,2.0,-6.0
1775300454.8683295,-2.0,0.0,-8.0
1775300454.8783295,-4.0,-5.0,-4.0
1775300454.8883295,-7.0,-4.0,-6.0
1775300454.8983295,-7.0,-4.0,-3.0
1775300454.9083295,-4.0,0.0,-5.0
1775300454.9183297,-4.0,-3.0,2.0
1775300454.9283297,-1.0,-4.0,4.0
1775300454.9383297,1.0,2.0,8.0
1775300454.9483297,3.0,2.0,13.0
1775300454.9583297,3.0,3.0,15.0
1775300454.9683297,-1.0,3.0,10.0
1775300454.9783297,-4.0,2.0,10.0
1775300454.9883296,-3.0,-1.0,15.0
1775300454.9983296,3.0,1.0,15.0
1775300455.0083296,0.0,1.0,8.0
1775300455.0183296,-3.0,3.0,5.0
1775300455.0283296,-2.0,1.0,12.0
1775300455.0383296,-1.0,-3.0,12.0
1775300455.0483296,2.0,-7.0,15.0
1775300455.0583296,0.0,-11.0,14.0
1775300455.0683296,3.0,-9.0,8.0
1775300455.0783296,2.0,-4.0,15.0
1775300455.0883296,3.0,-2.0,16.0
1775300455.0983295,7.0,-4.0,20.0
1775300455.1083295,5.0,-4.0,16.0
1775300455.1183295,3.0,-3.0,14.0
1775300455.1283295,3.0,-3.0,9.0
1775300455.1383295,0.0,-5.0,10.0
1775300455.1483295,0.0,-7.0,9.0
1775300455.1583295,1.0,-4.0,12.0
1775300455.1683297,0.0,-4.0,9.0
1775300455.1783297,-1.0,-3.0,15.0
1775300455.1883297,0.0,-1.0,17.0
1775300455.1983297,-1.0,-3.0,12.0
1775300455.2083297,-3.0,-5.0,7.0
1775300455.2183297,0.0,-2.0,12.0
1775300455.2283297,3.0,0.0,14.0
1775300455.2383296,6.0,1.0,15.0
1775300455.2483296,1.0,1.0,11.0
1775300455.2583296,4.0,7.0,8.0
1775300455.2683296,1.0,5.0,11.0
1775300455.2783296,-4.0,3.0,11.0
1775300455.2883296,-5.0,1.0,12.0
1775300455.2983296,-2.0,2.0,12.0
1775300455.3083296,0.0,-2.0,26.0
1775300455.3183296,0.0,-1.0,20.0
1775300455.3293295,-1.0,-2.0,20.0
1775300455.3383296,-2.0,0.0,23.0
1775300455.3483295,-2.0,2.0,17.0
1775300455.3583295,-2.0,-2.0,16.0
1775300455.3683295,-4.0,-2.0,10.0
1775300455.3783295,-5.0,-2.0,14.0
1775300455.3883295,-5.0,-1.0,16.0
1775300455.3983295,-2.0,2.0,14.0
1775300455.4083295,-2.0,3.0,23.0
1775300455.4183297,-6.0,2.0,18.0
1775300455.4283297,-6.0,-1.0,11.0
1775300455.4383297,-2.0,-2.0,11.0
1775300455.4483297,-1.0,-4.0,12.0
1775300455.4583297,-5.0,-6.0,10.0
1775300455.4683297,-5.0,-7.0,10.0
1775300455.4783297,-2.0,-6.0,6.0
1775300455.4883296,-6.0,-5.0,6.0
1775300455.4983296,-1.0,-1.0,8.0
1775300455.5083296,3.0,2.0,5.0
1775300455.5183296,4.0,4.0,4.0
1775300455.5283296,4.0,0.0,5.0
1775300455.5383296,0.0,-2.0,10.0
1775300455.5483296,0.0,-7.0,8.0
1775300455.5583296,2.0,-9.0,7.0
1775300455.5683296,3.0,-11.0,7.0
1775300455.5783296,3.0,-8.0,7.0
1775300455.5883296,2.0,-4.0,6.0
1775300455.5983295,-1.0,0.0,6.0
1775300455.6083295,-1.0,-1.0,2.0
1775300455.6183295,0.0,-3.0,4.0
1775300455.6283295,-1.0,-3.0,8.0
1775300455.6383295,-6.0,2.0,3.0
1775300455.6483295,-4.0,0.0,2.0
1775300455.6583295,-2.0,-2.0,6.0
1775300455.6683297,-1.0,-1.0,2.0
1775300455.6783297,0.0,-1.0,5.0
1775300455.6883297,0.0,-3.0,0.0
1775300455.6993296,0.0,-5.0,0.0
1775300455.7083297,-2.0,-1.0,3.0
1775300455.7193296,0.0,-3.0,7.0
1775300455.7293296,-2.0,-3.0,10.0
1775300455.7393296,-2.0,-3.0,11.0
1775300455.7493296,-2.0,0.0,7.0
1775300455.7593296,-3.0,0.0,10.0
1775300455.7693295,-6.0,-2.0,4.0
1775300455.7793295,-4.0,-5.0,2.0
1775300455.7893295,-5.0,-3.0,6.0
1775300455.7993295,-4.0,-2.0,1.0
1775300455.8093295,-2.0,1.0,2.0
1775300455.8193295,-1.0,0.0,-2.0
1775300455.8293295,4.0,2.0,-9.0
1775300455.8393295,6.0,0.0,-8.0
1775300455.8493297,5.0,-1.0,-5.0
1775300455.8593297,6.0,-3.0,-3.0
1775300455.8693297,4.0,-3.0,4.0
1775300455.8793297,4.0,-2.0,11.0
1775300455.8893297,2.0,-3.0,7.0
1775300455.8993297,1.0,-4.0,7.0
1775300455.9093297,1.0,-5.0,9.0
1775300455.9193296,4.0,-6.0,7.0
1775300455.9293296,3.0,-5.0,3.0
1775300455.9393296,2.0,-1.0,12.0
1775300455.9493296,0.0,-2.0,16.0
1775300455.9593296,3.0,-6.0,22.0
1775300455.9693296,3.0,-3.0,24.0
1775300455.9793296,5.0,-3.0,20.0
1775300455.9893296,5.0,-3.0,15.0
1775300455.9993296,6.0,-3.0,3.0
1775300456.0093296,6.0,-2.0,3.0
1775300456.0193295,3.0,-3.0,8.0
1775300456.0293295,2.0,-5.0,10.0
1775300456.0393295,1.0,-3.0,10.0
1775300456.0493295,4.0,-3.0,12.0
1775300456.0593295,7.0,-1.0,14.0
1775300456.0693295,7.0,-1.0,9.0
1775300456.0793295,5.0,-3.0,9.0
1775300456.0893295,5.0,0.0,6.0
1775300456.0993297,4.0,0.0,13.0
1775300456.1093297,0.0,1.0,11.0
1775300456.1193297,-1.0,1.0,18.0
1775300456.1293297,-1.0,-1.0,19.0
1775300456.1393297,0.0,-2.0,19.0
1775300456.1493297,0.0,1.0,15.0
1775300456.1593297,1.0,1.0,16.0
1775300456.1693296,-1.0,-4.0,14.0
1775300456.1793296,-4.0,-3.0,10.0
1775300456.1893296,-3.0,0.0,-3.0
1775300456.1993296,-4.0,0.0,2.0
1775300456.2093296,-1.0,-4.0,1.0
1775300456.2193296,1.0,-7.0,0.0
1775300456.2293296,2.0,-7.0,3.0
1775300456.2393296,0.0,-2.0,12.0
1775300456.2493296,4.0,0.0,13.0
1775300456.2593296,1.0,0.0,11.0
1775300456.2693295,-7.0,1.0,4.0
1775300456.2793295,-4.0,3.0,6.0
1775300456.2893295,-2.0,5.0,7.0
1775300456.2993295,0.0,4.0,5.0
1775300456.3093295,-1.0,-1.0,6.0
1775300456.3193295,0.0,-4.0,-1.0
1775300456.3293295,-1.0,-6.0,1.0
1775300456.3393295,-2.0,-5.0,9.0
1775300456.3493297,-2.0,-2.0,8.0
1775300456.3593297,0.0,-1.0,6.0
1775300456.3693297,-2.0,2.0,7.0
1775300456.3793297,-4.0,4.0,12.0
1775300456.3893297,-5.0,0.0,4.0
1775300456.3993297,-4.0,-3.0,3.0
1775300456.4093297,-2.0,-6.0,6.0
1775300456.4193296,-2.0,0.0,9.0
1775300456.4293296,2.0,0.0,8.0
1775300456.4393296,0.0,-2.0,9.0
1775300456.4493296,1.0,-2.0,8.0
1775300456.4593296,2.0,0.0,16.0
1775300456.4693296,4.0,-1.0,15.0
1775300456.4793296,1.0,-1.0,14.0
1775300456.4893296,6.0,0.0,16.0
1775300456.4993296,4.0,1.0,18.0
1775300456.5093296,0.0,-1.0,19.0
1775300456.5193295,0.0,0.0,10.0
1775300456.5293295,0.0,0.0,4.0
1775300456.5393295,0.0,0.0,8.0
1775300456.5493295,1.0,1.0,10.0
1775300456.5593295,2.0,1.0,0.0
1775300456.5693295,4.0,-2.0,1.0
1775300456.5793295,4.0,-8.0,-1.0
1775300456.5893295,2.0,-5.0,11.0
1775300456.5993297,1.0,-5.0,17.0
1775300456.6093297,-1.0,-2.0,20.0
1775300456.6193297,-4.0,0.0,16.0
1775300456.6293297,-8.0,3.0,9.0
1775300456.6393297,-4.0,5.0,5.0
1775300456.6493297,-3.0,5.0,8.0
1775300456.6593297,-5.0,5.0,8.0
1775300456.6693296,-10.0,0.0,9.0
1775300456.6793296,-10.0,2.0,7.0
1775300456.6893296,-8.0,4.0,4.0
1775300456.6993296,-5.0,4.0,10.0
1775300456.7093296,-2.0,0.0,7.0
1775300456.7193296,0.0,1.0,3.0
1775300456.7293296,0.0,2.0,4.0
1775300456.7393296,4.0,0.0,7.0
1775300456.7493296,6.0,0.0,6.0
1775300456.7593296,5.0,-3.0,8.0
1775300456.7693295,5.0,0.0,12.0
1775300456.7793295,2.0,-2.0,15.0
1775300456.7893295,5.0,2.0,13.0
1775300456.7993295,4.0,0.0,11.0
1775300456.8093295,3.0,1.0,6.0
1775300456.8193295,1.0,2.0,6.0
1775300456.8293295,3.0,0.0,2.0
1775300456.8393295,3.0,-3.0,7.0
1775300456.8493297,3.0,1.0,6.0
1775300456.8593297,10.0,0.0,3.0
1775300456.8693297,6.0,1.0,5.0
1775300456.8793297,0.0,0.0,-1.0
1775300456.8893297,-6.0,-3.0,-6.0
1775300456.8993297,-5.0,-4.0,-11.0
1775300456.9093297,-5.0,-2.0,-12.0
1775300456.9193296,-5.0,-3.0,-3.0
1775300456.9293296,-4.0,-3.0,0.0
1775300456.9393296,0.0,0.0,6.0
1775300456.9493296,4.0,-1.0,6.0
1775300456.9593296,7.0,0.0,11.0
1775300456.9693296,7.0,3.0,11.0
1775300456.9793296,5.0,1.0,9.0
1775300456.9893296,8.0,1.0,6.0
1775300456.9993296,7.0,0.0,9.0
1775300457.0093296,-2.0,-2.0,9.0
1775300457.0193295,-1.0,-2.0,10.0
1775300457.0293295,-3.0,-1.0,6.0
1775300457.0393295,-3.0,0.0,7.0
1775300457.0493295,0.0,-3.0,9.0
1775300457.0593295,4.0,0.0,9.0
1775300457.0693295,9.0,2.0,7.0
1775300457.0793295,7.0,0.0,3.0
1775300457.0893295,5.0,-2.0,2.0
1775300457.0993297,1.0,0.0,0.0
1775300457.1093297,0.0,-2.0,6.0
1775300457.1193297,1.0,2.0,11.0
1775300457.1293297,5.0,3.0,10.0
1775300457.1393297,1.0,0.0,17.0
1775300457.1493297,5.0,-2.0,15.0
1775300457.1593297,5.0,0.0,17.0
1775300457.1693296,0.0,1.0,13.0
1775300457.1793296,-4.0,0.0,14.0
1775300457.1893296,-3.0,0.0,17.0
1775300457.1993296,-1.0,-2.0,15.0
1775300457.2093296,0.0,-5.0,6.0
1775300457.2193296,0.0,-5.0,0.0
1775300457.2293296,-3.0,-5.0,3.0
1775300457.2393296,-1.0,-4.0,2.0
1775300457.2493296,-1.0,-3.0,6.0
1775300457.2593296,-3.0,0.0,5.0
1775300457.2693295,-3.0,3.0,6.0
1775300457.2793295,-3.0,1.0,8.0
1775300457.2893295,-5.0,0.0,7.0
1775300457.2993295,-4.0,1.0,8.0
1775300457.3093295,-6.0,0.0,7.0
1775300457.3193295,-3.0,0.0,10.0
1775300457.3293295,-1.0,-2.0,6.0
1775300457.3393295,-3.0,-3.0,5.0
1775300457.3493297,-1.0,1.0,2.0
1775300457.3593297,3.0,-1.0,4.0
1775300457.3693297,7.0,-2.0,5.0
1775300457.3793297,2.0,0.0,8.0
1775300457.3893297,-1.0,-3.0,7.0
1775300457.3993297,-5.0,-3.0,6.0
1775300457.4093297,-2.0,-3.0,9.0
1775300457.4193296,-5.0,-2.0,4.0
1775300457.4293296,-3.0,-5.0,0.0
1775300457.4393296,-2.0,-5.0,4.0
1775300457.4493296,-1.0,-6.0,-1.0
1775300457.4593296,5.0,-3.0,4.0
1775300457.4693296,5.0,-2.0,5.0
1775300457.4793296,8.0,-6.0,4.0
1775300457.4893296,4.0,-8.0,9.0
1775300457.4993296,5.0,-8.0,12.0
1775300457.5093296,4.0,-5.0,11.0
1775300457.5193295,0.0,-6.0,13.0
1775300457.5293295,-2.0,-4.0,14.0
1775300457.5393295,0.0,-4.0,13.0
1775300457.5493295,-2.0,0.0,14.0
1775300457.5593295,-5.0,-2.0,13.0
1775300457.5693295,-7.0,-4.0,12.0
1775300457.5793295,-5.0,-3.0,5.0
1775300457.5893295,0.0,-2.0,3.0
1775300457.5993297,0.0,-1.0,7.0
1775300457.6093297,-1.0,0.0,9.0
1775300457.6193297,-2.0,4.0,5.0
1775300457.6293297,-3.0,4.0,7.0
1775300457.6393297,-4.0,8.0,7.0
1775300457.6493297,-1.0,8.0,7.0
1775300457.6593297,-1.0,5.0,10.0
1775300457.6693296,0.0,2.0,9.0
1775300457.6793296,2.0,0.0,15.0
1775300457.6893296,-4.0,-4.0,13.0
1775300457.6993296,-6.0,-5.0,11.0
1775300457.7093296,-5.0,-7.0,13.0
1775300457.7193296,-7.0,-8.0,19.0
1775300457.7293296,-3.0,-5.0,16.0
1775300457.7393296,1.0,-8.0,17.0
1775300457.7493296,0.0,-12.0,16.0
1775300457.7593296,-1.0,-14.0,17.0
1775300457.7693295,0.0,-12.0,15.0
1775300457.7793295,-1.0,-9.0,11.0
1775300457.7893295,1.0,-12.0,18.0
1775300457.7993295,2.0,-14.0,14.0
1775300457.8093295,0.0,-9.0,13.0
1775300457.8193295,3.0,-5.0,10.0
1775300457.8293295,3.0,-8.0,8.0
1775300457.8393295,2.0,-4.0,8.0
1775300457.8493297,1.0,-3.0,7.0
1775300457.8593297,-3.0,-2.0,-1.0
1775300457.8693297,-2.0,-3.0,-7.0
1775300457.8793297,2.0,0.0,-2.0
1775300457.8893297,4.0,1.0,-3.0
1775300457.8993297,1.0,-2.0,4.0
1775300457.9093297,-1.0,0.0,6.0
1775300457.9193296,0.0,-4.0,12.0
1775300457.9293296,-2.0,-1.0,19.0
1775300457.9393296,-1.0,-5.0,26.0
1775300457.9493296,1.0,-6.0,23.0
1775300457.9593296,2.0,-1.0,17.0
1775300457.9693296,1.0,2.0,15.0
1775300457.9793296,1.0,4.0,15.0
1775300457.9903295,0.0,0.0,11.0
1775300458.0003295,2.0,0.0,4.0
1775300458.0093296,-1.0,1.0,4.0
1775300458.0203297,0.0,0.0,12.0
1775300458.0303297,0.0,0.0,15.0
1775300458.0403297,2.0,1.0,12.0
1775300458.0503297,2.0,-1.0,11.0
1775300458.0603297,2.0,-2.0,11.0
1775300458.0703297,4.0,-4.0,12.0
1775300458.0803297,3.0,-3.0,8.0
1775300458.0903296,5.0,0.0,16.0
1775300458.1003296,2.0,-2.0,19.0
1775300458.1103296,2.0,0.0,21.0
1775300458.1203296,-4.0,-1.0,19.0
1775300458.1303296,-4.0,1.0,18.0
1775300458.1403296,-1.0,3.0,19.0
1775300458.1503296,-5.0,5.0,13.0
1775300458.1603296,-1.0,7.0,13.0
1775300458.1703296,0.0,0.0,17.0
1775300458.1803296,-1.0,-4.0,16.0
1775300458.1903296,0.0,0.0,13.0
1775300458.2003295,0.0,-1.0,14.0
1775300458.2103295,4.0,1.0,11.0
1775300458.2203295,8.0,-1.0,13.0
1775300458.2303295,6.0,-1.0,21.0
1775300458.2403295,7.0,0.0,15.0
1775300458.2513297,6.0,-2.0,14.0
1775300458.2603295,4.0,0.0,15.0
1775300458.2703297,6.0,0.0,22.0
1775300458.2803297,3.0,-1.0,20.0
1775300458.2903297,2.0,-2.0,14.0
1775300458.3003297,4.0,-2.0,14.0
1775300458.3103297,3.0,-3.0,15.0
1775300458.3203297,1.0,-2.0,11.0
1775300458.3303297,-2.0,-4.0,13.0
1775300458.3403296,2.0,0.0,15.0
1775300458.3503296,1.0,-3.0,16.0
1775300458.3603296,-2.0,0.0,12.0
1775300458.3703296,-3.0,1.0,2.0
1775300458.3803296,-5.0,4.0,12.0
1775300458.3903296,-3.0,3.0,7.0
1775300458.4003296,0.0,0.0,0.0
1775300458.4103296,-4.0,1.0,2.0
1775300458.4203296,-4.0,0.0,6.0
1775300458.4303296,-5.0,-1.0,6.0
1775300458.4403296,-6.0,0.0,11.0
1775300458.4503295,-9.0,1.0,10.0
1775300458.4603295,-5.0,0.0,19.0
1775300458.4703295,-3.0,-1.0,19.0
1775300458.4803295,-5.0,0.0,13.0
1775300458.4903295,-4.0,-2.0,14.0
1775300458.5003295,-2.0,0.0,12.0
1775300458.5103295,-6.0,1.0,10.0
1775300458.5203297,-3.0,0.0,9.0
1775300458.5303297,-6.0,-2.0,7.0
1775300458.5403297,-7.0,0.0,10.0
1775300458.5503297,-6.0,1.0,2.0
1775300458.5603297,-4.0,0.0,4.0
1775300458.5703297,-3.0,0.0,8.0
1775300458.5803297,2.0,0.0,4.0
1775300458.5903296,6.0,2.0,9.0
1775300458.6003296,0.0,2.0,9.0
1775300458.6103296,1.0,5.0,10.0
1775300458.6203296,2.0,2.0,11.0
1775300458.6303296,0.0,-1.0,4.0
1775300458.6403296,2.0,-3.0,-1.0
1775300458.6503296,4.0,-2.0,0.0
1775300458.6603296,3.0,-4.0,0.0
1775300458.6703296,3.0,0.0,0.0
1775300458.6803296,-3.0,2.0,-1.0
1775300458.6903296,0.0,2.0,0.0
1775300458.7003295,0.0,1.0,0.0
1775300458.7103295,4.0,-1.0,3.0
1775300458.7203295,6.0,0.0,4.0
1775300458.7303295,6.0,3.0,9.0
1775300458.7403295,5.0,3.0,14.0
1775300458.7503295,5.0,3.0,11.0
1775300458.7603295,5.0,0.0,12.0
1775300458.7703297,1.0,0.0,18.0
1775300458.7803297,-4.0,2.0,9.0
1775300458.7903297,-6.0,4.0,7.0
1775300458.8003297,-2.0,0.0,4.0
1775300458.8103297,4.0,0.0,8.0
1775300458.8203297,3.0,-5.0,8.0
1775300458.8303297,0.0,0.0,8.0
1775300458.8403296,3.0,0.0,7.0
1775300458.8503296,-1.0,-3.0,9.0
1775300458.8603296,-4.0,2.0,12.0
1775300458.8703296,-3.0,4.0,7.0
1775300458.8803296,2.0,6.0,11.0
1775300458.8903296,-1.0,3.0,13.0
1775300458.9003296,-1.0,1.0,3.0
1775300458.9103296,-3.0,-1.0,6.0
1775300458.9203296,-1.0,-1.0,1.0
1775300458.9303296,0.0,0.0,4.0
1775300458.9403296,1.0,-7.0,12.0
1775300458.9503295,-3.0,-10.0,12.0
1775300458.9603295,-2.0,-4.0,12.0
1775300458.9703295,-3.0,-5.0,16.0
1775300458.9803295,0.0,-2.0,8.0
1775300458.9903295,1.0,-8.0,7.0
1775300459.0003295,-1.0,-7.0,2.0
1775300459.0103295,-2.0,-8.0,4.0
1775300459.0203297,3.0,-6.0,8.0
1775300459.0303297,-4.0,-2.0,9.0
1775300459.0403297,-2.0,0.0,14.0
1775300459.0503297,0.0,-2.0,6.0
1775300459.0603297,-3.0,-2.0,2.0
1775300459.0703297,-1.0,-2.0,2.0
1775300459.0803297,-2.0,-1.0,10.0
1775300459.0903296,0.0,-1.0,12.0
1775300459.1003296,-1.0,-4.0,17.0
1775300459.1103296,-3.0,-3.0,20.0
1775300459.1203296,-5.0,0.0,9.0
1775300459.1303296,-4.0,1.0,1.0
1775300459.1403296,-6.0,0.0,6.0
1775300459.1503296,-5.0,1.0,-1.0
1775300459.1603296,-3.0,-1.0,6.0
1775300459.1703296,-5.0,1.0,6.0
1775300459.1803296,-2.0,-1.0,9.0
1775300459.1903296,0.0,0.0,6.0
1775300459.2003295,-1.0,-3.0,5.0
1775300459.2103295,2.0,-2.0,6.0
1775300459.2203295,0.0,-3.0,4.0
1775300459.2303295,5.0,-1.0,5.0
1775300459.2403295,9.0,-1.0,9.0
1775300459.2503295,5.0,-3.0,8.0
1775300459.2603295,3.0,0.0,8.0
1775300459.2703297,1.0,2.0,3.0
1775300459.2803297,-3.0,3.0,5.0
1775300459.2903297,-3.0,4.0,8.0
1775300459.3003297,-4.0,7.0,9.0
1775300459.3103297,0.0,5.0,6.0
1775300459.3203297,1.0,-3.0,8.0
1775300459.3303297,-3.0,-3.0,10.0
1775300459.3403296,-5.0,0.0,17.0
1775300459.3503296,-4.0,1.0,15.0
1775300459.3603296,-5.0,5.0,6.0
1775300459.3703296,-9.0,5.0,8.0
1775300459.3803296,-14.0,2.0,12.0
1775300459.3903296,-13.0,-1.0,14.0
1775300459.4003296,-13.0,-5.0,13.0
1775300459.4103296,-9.0,-8.0,15.0
1775300459.4203296,-8.0,-6.0,15.0
1775300459.4303296,-9.0,-6.0,16.0
1775300459.4403296,-7.0,-5.0,12.0
1775300459.4503295,-3.0,-8.0,11.0
1775300459.4603295,-1.0,-7.0,9.0
1775300459.4703295,-5.0,-11.0,8.0
1775300459.4803295,-2.0,-9.0,4.0
1775300459.4903295,-4.0,-9.0,6.0
1775300459.5003295,-4.0,-8.0,8.0
1775300459.5103295,-1.0,-9.0,9.0
1775300459.5203297,-1.0,-7.0,6.0
1775300459.5303297,-1.0,-4.0,1.0
1775300459.5403297,-1.0,-3.0,0.0
1775300459.5503297,5.0,-4.0,-4.0
1775300459.5603297,6.0,-7.0,0.0
1775300459.5703297,7.0,-7.0,2.0
1775300459.5803297,6.0,-4.0,2.0
1775300459.5903296,6.0,-4.0,0.0
1775300459.6003296,0.0,-3.0,2.0
1775300459.6103296,0.0,0.0,3.0
1775300459.6203296,0.0,-5.0,2.0
1775300459.6303296,1.0,-3.0,-2.0
1775300459.6403296,-4.0,-1.0,9.0
1775300459.6503296,-5.0,-4.0,9.0
1775300459.6603296,-8.0,-6.0,4.0
1775300459.6703296,-11.0,-6.0,3.0
1775300459.6803296,-10.0,-5.0,3.0
1775300459.6903296,-13.0,-2.0,2.0
1775300459.7003295,-12.0,-3.0,2.0
1775300459.7103295,-8.0,-4.0,7.0
1775300459.7203295,-2.0,-1.0,6.0
1775300459.7303295,-3.0,-2.0,4.0
1775300459.7403295,-5.0,-1.0,3.0
1775300459.7503295,-5.0,-2.0,2.0
1775300459.7603295,-4.0,1.0,2.0
1775300459.7703297,-7.0,0.0,7.0
1775300459.7803297,-3.0,1.0,3.0
1775300459.7903297,-5.0,2.0,0.0
1775300459.8003297,-5.0,0.0,3.0
1775300459.8103297,-9.0,0.0,9.0
1775300459.8203297,-7.0,5.0,5.0
1775300459.8303297,-5.0,4.0,-2.0
1775300459.8403296,-6.0,1.0,-2.0
1775300459.8503296,-6.0,-1.0,1.0
1775300459.8603296,-4.0,0.0,5.0
1775300459.8703296,-5.0,-4.0,7.0
1775300459.8803296,-5.0,-3.0,3.0
1775300459.8903296,-3.0,-1.0,3.0
1775300459.9003296,-1.0,0.0,9.0
1775300459.9103296,4.0,-1.0,10.0
1775300459.9203296,2.0,-6.0,9.0
1775300459.9303296,-1.0,-5.0,9.0
1775300459.9403296,-1.0,-4.0,13.0
1775300459.9503295,-1.0,-4.0,17.0
1775300459.9603295,-3.0,-1.0,11.0
1775300459.9703295,-2.0,-2.0,10.0
1775300459.9803295,0.0,0.0,11.0
1775300459.9903295,1.0,0.0,8.0
1775300460.0003295,0.0,1.0,10.0
1775300460.0103295,-2.0,0.0,-4.0
1775300460.0203297,-3.0,1.0,-9.0
1775300460.0303297,0.0,3.0,-13.0
1775300460.0403297,0.0,5.0,-13.0
1775300460.0503297,0.0,0.0,-7.0
1775300460.0603297,0.0,2.0,-3.0
1775300460.0703297,0.0,1.0,1.0
1775300460.0803297,-2.0,1.0,4.0
1775300460.0903296,0.0,0.0,5.0
1775300460.1003296,-2.0,-3.0,12.0
1775300460.1103296,-5.0,-2.0,14.0
1775300460.1203296,-6.0,-1.0,12.0
1775300460.1303296,-4.0,0.0,6.0
1775300460.1403296,-5.0,2.0,9.0
1775300460.1503296,-5.0,2.0,11.0
1775300460.1603296,-3.0,-1.0,13.0
1775300460.1703296,0.0,-5.0,6.0
1775300460.1803296,1.0,1.0,8.0
1775300460.1903296,2.0,-1.0,10.0
1775300460.2003295,0.0,0.0,12.0
1775300460.2103295,1.0,0.0,13.0
1775300460.2203295,4.0,-3.0,9.0
1775300460.2303295,0.0,-4.0,5.0
1775300460.2413297,1.0,-4.0,0.0
1775300460.2503295,4.0,0.0,5.0
1775300460.2603295,4.0,0.0,8.0
1775300460.2703297,2.0,0.0,2.0
1775300460.2803297,2.0,-1.0,-1.0
1775300460.2913296,-3.0,0.0,-8.0
1775300460.3013296,-5.0,-3.0,-7.0
1775300460.3113296,-5.0,-2.0,-1.0
1775300460.3213296,-1.0,-6.0,0.0
1775300460.3313296,-4.0,-6.0,5.0
1775300460.3413296,-2.0,-4.0,2.0
1775300460.3513296,-1.0,-2.0,4.0
1775300460.3613296,0.0,-4.0,12.0
1775300460.3713295,-2.0,-3.0,21.0
1775300460.3803296,1.0,-4.0,24.0
1775300460.3913295,1.0,-4.0,23.0
1775300460.4013295,-3.0,-5.0,20.0
1775300460.4113295,-3.0,-6.0,17.0
1775300460.4213295,-1.0,-5.0,15.0
1775300460.4313295,-3.0,-4.0,12.0
1775300460.4413297,-3.0,0.0,13.0
1775300460.4513297,1.0,-1.0,20.0
1775300460.4613297,-3.0,0.0,14.0
1775300460.4713297,-5.0,1.0,10.0
1775300460.4813297,-2.0,6.0,8.0
1775300460.4913297,-2.0,0.0,8.0
1775300460.5013297,-2.0,-1.0,12.0
1775300460.5113297,0.0,0.0,14.0
1775300460.5213296,0.0,-4.0,10.0
1775300460.5313296,2.0,-4.0,9.0
1775300460.5413296,3.0,-7.0,13.0
1775300460.5513296,-3.0,-7.0,12.0
1775300460.5613296,-7.0,-3.0,15.0
1775300460.5713296,-7.0,-3.0,19.0
1775300460.5813296,-5.0,0.0,19.0
1775300460.5913296,-7.0,3.0,16.0
1775300460.6013296,-9.0,5.0,9.0
1775300460.6113296,-10.0,5.0,6.0
1775300460.6213295,-6.0,4.0,7.0
1775300460.6313295,-2.0,1.0,6.0
1775300460.6413295,-2.0,1.0,9.0
1775300460.6513295,-4.0,-1.0,6.0
1775300460.6613295,-5.0,1.0,4.0
1775300460.6713295,-5.0,0.0,0.0
1775300460.6813295,-3.0,-1.0,5.0
1775300460.6913297,-2.0,-5.0,9.0
1775300460.7013297,-1.0,-9.0,9.0
1775300460.7113297,0.0,-13.0,2.0
1775300460.7213297,-1.0,-15.0,6.0
1775300460.7313297,-4.0,-11.0,20.0
1775300460.7413297,-7.0,-12.0,22.0
1775300460.7513297,-3.0,-10.0,20.0
1775300460.7613297,0.0,-8.0,14.0
1775300460.7713296,1.0,-6.0,12.0
1775300460.7813296,3.0,-4.0,13.0
1775300460.7913296,5.0,-5.0,15.0
1775300460.8013296,0.0,-5.0,16.0
1775300460.8113296,0.0,-4.0,15.0
1775300460.8213296,0.0,-4.0,15.0
1775300460.8313296,3.0,-5.0,12.0
1775300460.8413296,5.0,-7.0,6.0
1775300460.8513296,9.0,-4.0,3.0
1775300460.8613296,3.0,-3.0,5.0
1775300460.8713295,5.0,-2.0,7.0
1775300460.8813295,5.0,-3.0,8.0
1775300460.8913295,-1.0,-2.0,5.0
1775300460.9013295,-6.0,2.0,1.0
1775300460.9113295,-9.0,-1.0,0.0
1775300460.9213295,-10.0,-2.0,2.0
1775300460.9313295,-9.0,1.0,2.0
1775300460.9413297,-5.0,-2.0,7.0
1775300460.9513297,-9.0,-2.0,13.0
1775300460.9613297,-7.0,-2.0,11.0
1775300460.9713297,-5.0,-7.0,17.0
1775300460.9813297,-2.0,-8.0,15.0
1775300460.9913297,-3.0,-3.0,14.0
1775300461.0013297,-7.0,-1.0,16.0
1775300461.0113297,1.0,0.0,15.0
1775300461.0213296,0.0,2.0,12.0
1775300461.0313296,-2.0,4.0,9.0
1775300461.0413296,1.0,4.0,8.0
1775300461.0513296,-2.0,5.0,10.0
1775300461.0613296,-1.0,6.0,11.0
1775300461.0713296,-3.0,4.0,8.0
1775300461.0813296,-4.0,1.0,10.0
1775300461.0913296,-3.0,-4.0,7.0
1775300461.1013296,-8.0,-8.0,6.0
1775300461.1113296,-9.0,-9.0,12.0
1775300461.1213295,-8.0,-9.0,15.0
1775300461.1313295,-2.0,-4.0,10.0
1775300461.1413295,-1.0,-5.0,8.0
1775300461.1513295,-3.0,-3.0,4.0
1775300461.1613295,3.0,-5.0,0.0
1775300461.1713295,2.0,-8.0,0.0
1775300461.1813295,-1.0,-5.0,5.0
1775300461.1913297,0.0,-5.0,6.0
1775300461.2013297,0.0,-3.0,7.0
1775300461.2113297,2.0,-3.0,7.0
1775300461.2213297,5.0,0.0,11.0
1775300461.2313297,5.0,1.0,18.0
1775300461.2413297,-4.0,4.0,16.0
1775300461.2513297,-2.0,9.0,17.0
1775300461.2613297,-1.0,6.0,16.0
1775300461.2713296,1.0,1.0,17.0
1775300461.2813296,1.0,0.0,14.0
1775300461.2913296,0.0,0.0,10.0
1775300461.3013296,2.0,-3.0,8.0
1775300461.3113296,3.0,-1.0,7.0
1775300461.3213296,8.0,-1.0,7.0
1775300461.3313296,2.0,-1.0,12.0
1775300461.3413296,0.0,0.0,13.0
1775300461.3513296,0.0,2.0,11.0
1775300461.3613296,-2.0,2.0,8.0
1775300461.3713295,-7.0,0.0,3.0
1775300461.3813295,-6.0,-2.0,5.0
1775300461.3913295,-2.0,-5.0,14.0
1775300461.4013295,0.0,-3.0,16.0
1775300461.4113295,0.0,-4.0,17.0
1775300461.4213295,0.0,-6.0,15.0
1775300461.4313295,4.0,-6.0,16.0
1775300461.4413297,7.0,-6.0,14.0
1775300461.4513297,0.0,-5.0,7.0
1775300461.4613297,0.0,-4.0,8.0
1775300461.4713297,0.0,-2.0,-1.0
1775300461.4813297,0.0,-3.0,3.0
1775300461.4913297,0.0,-3.0,2.0
1775300461.5013297,0.0,-3.0,6.0
1775300461.5113297,1.0,-4.0,11.0
1775300461.5213296,0.0,-6.0,10.0
1775300461.5313296,4.0,-9.0,16.0
1775300461.5413296,5.0,-7.0,20.0
1775300461.5513296,3.0,-6.0,16.0
1775300461.5613296,-3.0,-1.0,11.0
1775300461.5713296,0.0,-1.0,14.0
1775300461.5813296,1.0,-1.0,13.0
1775300461.5913296,-1.0,-2.0,11.0
1775300461.6013296,-1.0,-2.0,11.0
1775300461.6113296,-4.0,-1.0,7.0
1775300461.6213295,-7.0,-3.0,7.0
1775300461.6313295,-6.0,0.0,1.0
1775300461.6413295,-8.0,0.0,-3.0
1775300461.6513295,-4.0,-2.0,-4.0
1775300461.6613295,-9.0,-4.0,-9.0
1775300461.6713295,-8.0,-8.0,-6.0
1775300461.6813295,-3.0,-8.0,4.0
1775300461.6913297,-6.0,-14.0,8.0
1775300461.7013297,-7.0,-18.0,9.0
1775300461.7113297,-8.0,-14.0,2.0
1775300461.7213297,-7.0,-10.0,5.0
1775300461.7313297,0.0,-6.0,9.0
1775300461.7413297,5.0,-1.0,20.0
1775300461.7513297,4.0,-1.0,18.0
1775300461.7613297,6.0,0.0,14.0
1775300461.7713296,5.0,5.0,12.0
1775300461.7813296,2.0,3.0,17.0
1775300461.7913296,-2.0,1.0,14.0
1775300461.8013296,-3.0,0.0,14.0
1775300461.8113296,-4.0,3.0,15.0
1775300461.8213296,-4.0,6.0,19.0
1775300461.8313296,-4.0,2.0,25.0
1775300461.8413296,-3.0,-1.0,20.0
1775300461.8513296,-3.0,0.0,15.0
1775300461.8613296,-6.0,2.0,9.0
1775300461.8713295,-5.0,0.0,6.0
1775300461.8813295,-4.0,-3.0,6.0
1775300461.8913295,-2.0,-7.0,5.0
1775300461.9013295,-6.0,-5.0,7.0
1775300461.9113295,-2.0,-2.0,5.0
1775300461.9213295,-5.0,-2.0,4.0
1775300461.9313295,-8.0,-1.0,10.0
1775300461.9413297,-6.0,-4.0,14.0
1775300461.9513297,-5.0,-3.0,16.0
1775300461.9613297,-2.0,-7.0,9.0
1775300461.9713297,-4.0,-9.0,7.0
1775300461.9813297,-2.0,-4.0,12.0
1775300461.9913297,-2.0,0.0,12.0
1775300462.0013297,-5.0,-1.0,5.0
1775300462.0113297,-3.0,-2.0,5.0
1775300462.0213296,-7.0,-4.0,5.0
1775300462.0313296,-5.0,-4.0,4.0
1775300462.0413296,-5.0,-1.0,2.0
1775300462.0513296,0.0,-3.0,6.0
1775300462.0613296,2.0,-1.0,1.0
1775300462.0713296,5.0,0.0,1.0
1775300462.0813296,5.0,0.0,6.0
1775300462.0913296,2.0,2.0,4.0
1775300462.1013296,8.0,3.0,12.0
1775300462.1113296,4.0,5.0,9.0
1775300462.1213295,2.0,3.0,4.0
1775300462.1313295,0.0,0.0,5.0
1775300462.1413295,0.0,-7.0,7.0
1775300462.1513295,3.0,-6.0,11.0
1775300462.1613295,1.0,-7.0,13.0
1775300462.1713295,1.0,-6.0,10.0
1775300462.1813295,1.0,-7.0,9.0
1775300462.1913297,2.0,-5.0,11.0
1775300462.2013297,2.0,0.0,10.0
1775300462.2113297,2.0,0.0,18.0
1775300462.2213297,2.0,0.0,21.0
1775300462.2313297,-1.0,-2.0,22.0
1775300462.2413297,-1.0,-2.0,18.0
1775300462.2513297,2.0,-4.0,8.0
1775300462.2613297,7.0,-6.0,5.0
1775300462.2713296,7.0,-2.0,9.0
1775300462.2813296,10.0,1.0,13.0
1775300462.2913296,6.0,3.0,4.0
1775300462.3013296,3.0,1.0,8.0
1775300462.3113296,1.0,0.0,8.0
1775300462.3213296,1.0,0.0,10.0
1775300462.3313296,1.0,0.0,7.0
1775300462.3413296,5.0,2.0,1.0
1775300462.3513296,5.0,1.0,7.0
1775300462.3613296,4.0,1.0,10.0
1775300462.3713295,1.0,0.0,10.0
1775300462.3813295,-4.0,3.0,9.0
1775300462.3913295,-1.0,2.0,5.0
1775300462.4013295,0.0,3.0,-2.0
1775300462.4113295,0.0,9.0,-2.0
1775300462.4213295,-2.0,12.0,-1.0
1775300462.4313295,0.0,8.0,2.0
1775300462.4413297,-2.0,6.0,2.0
1775300462.4513297,0.0,7.0,11.0
1775300462.4613297,-4.0,4.0,9.0
1775300462.4713297,-2.0,3.0,6.0
1775300462.4813297,-2.0,5.0,14.0
1775300462.4913297,-1.0,3.0,23.0
1775300462.5013297,1.0,2.0,18.0
1775300462.5113297,3.0,1.0,21.0
1775300462.5213296,1.0,-1.0,13.0
1775300462.5313296,1.0,-1.0,11.0
1775300462.5413296,0.0,0.0,13.0
1775300462.5523295,0.0,0.0,15.0
1775300462.5613296,2.0,-1.0,9.0
1775300462.5723295,-1.0,-4.0,10.0
1775300462.5813296,-8.0,-5.0,11.0
1775300462.5913296,-10.0,-4.0,16.0
1775300462.6023295,-12.0,-3.0,14.0
1775300462.6123295,-8.0,0.0,12.0
1775300462.6223297,-7.0,0.0,18.0
1775300462.6323297,-8.0,0.0,21.0
1775300462.6423297,-8.0,-2.0,21.0
1775300462.6523297,-8.0,0.0,18.0
1775300462.6623297,-7.0,-1.0,16.0
1775300462.6723297,-9.0,-2.0,15.0
1775300462.6823297,-14.0,-3.0,8.0
1775300462.6923296,-13.0,-6.0,5.0
1775300462.7023296,-12.0,-8.0,4.0
1775300462.7123296,-10.0,-5.0,0.0
1775300462.7223296,-4.0,-7.0,-4.0
1775300462.7323296,-6.0,-7.0,0.0
1775300462.7423296,-9.0,-6.0,5.0
1775300462.7523296,-8.0,-8.0,10.0
1775300462.7623296,-9.0,-1.0,8.0
1775300462.7723296,-7.0,-5.0,15.0
1775300462.7823296,-8.0,-6.0,10.0
1775300462.7923295,-11.0,-3.0,11.0
1775300462.8023295,-6.0,-1.0,7.0
1775300462.8123295,-7.0,-1.0,3.0
1775300462.8223295,0.0,0.0,7.0
1775300462.8323295,-2.0,1.0,7.0
1775300462.8423295,-4.0,3.0,3.0
1775300462.8523295,-3.0,-1.0,9.0
1775300462.8623295,2.0,0.0,15.0
1775300462.8723297,0.0,-4.0,8.0
1775300462.8823297,0.0,-2.0,11.0
1775300462.8923297,-1.0,-1.0,11.0
1775300462.9023297,0.0,-5.0,14.0
1775300462.9123297,-1.0,-5.0,7.0
1775300462.9223297,-1.0,-8.0,5.0
1775300462.9323297,-1.0,-10.0,6.0
1775300462.9423296,2.0,-4.0,2.0
1775300462.9523296,5.0,-1.0,0.0
1775300462.9623296,3.0,-5.0,3.0
1775300462.9723296,-2.0,-7.0,5.0
1775300462.9823296,-3.0,-10.0,4.0
1775300462.9923296,0.0,-6.0,2.0
1775300463.0023296,-1.0,-5.0,-1.0
1775300463.0123296,-2.0,-4.0,6.0
1775300463.0223296,-3.0,-2.0,3.0
1775300463.0323296,-4.0,-6.0,10.0
1775300463.0423295,-6.0,-3.0,11.0
1775300463.0523295,0.0,-3.0,6.0
1775300463.0623295,0.0,-6.0,2.0
1775300463.0723295,-3.0,-9.0,5.0
1775300463.0823295,-3.0,-6.0,11.0
1775300463.0923295,-2.0,-4.0,17.0
1775300463.1023295,-2.0,-4.0,13.0
1775300463.1123295,-3.0,-3.0,12.0
1775300463.1223297,-4.0,0.0,3.0
1775300463.1323297,0.0,-2.0,5.0
1775300463.1423297,-5.0,-5.0,3.0
1775300463.1523297,-5.0,-2.0,10.0
1775300463.1623297,-4.0,-3.0,13.0
1775300463.1723297,-3.0,-3.0,12.0
1775300463.1823297,0.0,-5.0,13.0
1775300463.1923296,-1.0,-3.0,20.0
1775300463.2023296,0.0,-5.0,17.0
1775300463.2123296,-1.0,-2.0,12.0
1775300463.2223296,-3.0,0.0,13.0
1775300463.2323296,-3.0,0.0,11.0
1775300463.2423296,-6.0,0.0,5.0
1775300463.2523296,-8.0,-2.0,6.0
1775300463.2623296,-9.0,-4.0,16.0
1775300463.2723296,-6.0,-6.0,15.0
1775300463.2823296,-5.0,-3.0,9.0
1775300463.2923295,-1.0,-4.0,6.0
1775300463.3023295,-1.0,-4.0,6.0
1775300463.3123295,-2.0,-1.0,5.0
1775300463.3223295,0.0,-2.0,9.0
1775300463.3323295,1.0,2.0,4.0
1775300463.3423295,5.0,-1.0,7.0
1775300463.3523295,3.0,-2.0,8.0
1775300463.3623295,0.0,-3.0,5.0
1775300463.3723297,0.0,1.0,12.0
1775300463.3823297,4.0,1.0,13.0
1775300463.3923297,0.0,3.0,6.0
1775300463.4023297,0.0,3.0,7.0
1775300463.4123297,0.0,2.0,12.0
1775300463.4223297,2.0,0.0,17.0
1775300463.4333296,4.0,-4.0,23.0
1775300463.4423296,5.0,-5.0,17.0
1775300463.4523296,7.0,-9.0,17.0
1775300463.4623296,4.0,-12.0,17.0
1775300463.4723296,4.0,-9.0,21.0
1775300463.4823296,3.0,-12.0,21.0
1775300463.4923296,0.0,-10.0,16.0
1775300463.5023296,0.0,-9.0,15.0
1775300463.5123296,-3.0,-5.0,11.0
1775300463.5223296,-2.0,-1.0,9.0
1775300463.5323296,-3.0,-3.0,5.0
1775300463.5423295,-7.0,-4.0,0.0
1775300463.5523295,-5.0,-1.0,-6.0
1775300463.5623295,-3.0,2.0,-8.0
1775300463.5723295,-1.0,0.0,-5.0
1775300463.5823295,-3.0,-3.0,0.0
1775300463.5923295,0.0,-7.0,0.0
1775300463.6023295,1.0,-3.0,3.0
1775300463.6123295,3.0,-6.0,12.0
1775300463.6223297,5.0,-4.0,11.0
1775300463.6323297,5.0,-4.0,11.0
1775300463.6423297,4.0,-3.0,5.0
1775300463.6523297,1.0,-2.0,17.0
1775300463.6623297,0.0,-2.0,16.0
1775300463.6723297,-5.0,-5.0,13.0
1775300463.6823297,-4.0,-6.0,18.0
1775300463.6923296,-5.0,-3.0,15.0
1775300463.7023296,-2.0,0.0,5.0
1775300463.7123296,0.0,-3.0,0.0
1775300463.7223296,3.0,-1.0,-7.0
1775300463.7323296,9.0,-5.0,-6.0
1775300463.7423296,9.0,-5.0,-4.0
1775300463.7523296,2.0,-3.0,-7.0
1775300463.7623296,1.0,-1.0,-7.0
1775300463.7723296,2.0,-1.0,-5.0
1775300463.7823296,-1.0,2.0,4.0
1775300463.7923295,-2.0,2.0,2.0
1775300463.8023295,-5.0,3.0,-1.0
1775300463.8123295,0.0,2.0,-3.0
1775300463.8223295,5.0,0.0,-2.0
1775300463.8323295,6.0,-2.0,1.0
1775300463.8423295,3.0,0.0,2.0
1775300463.8523295,0.0,0.0,4.0
1775300463.8623295,0.0,1.0,3.0
1775300463.8723297,0.0,2.0,1.0
1775300463.8823297,3.0,6.0,-2.0
1775300463.8923297,0.0,3.0,-2.0
1775300463.9023297,0.0,1.0,-5.0
1775300463.9123297,0.0,2.0,-1.0
1775300463.9223297,2.0,2.0,-4.0
1775300463.9323297,1.0,0.0,-12.0
1775300463.9423296,2.0,-2.0,-10.0
1775300463.9523296,-1.0,0.0,-8.0
1775300463.9623296,-5.0,2.0,0.0
1775300463.9723296,-10.0,-1.0,-2.0
1775300463.9823296,-8.0,-4.0,-2.0
1775300463.9923296,-10.0,-4.0,9.0
1775300464.0023296,-11.0,-6.0,12.0
1775300464.0123296,-7.0,-8.0,11.0
1775300464.0223296,-3.0,-11.0,5.0
1775300464.0323296,0.0,-12.0,9.0
1775300464.0423295,0.0,-13.0,7.0
1775300464.0523295,1.0,-9.0,2.0
1775300464.0623295,1.0,-6.0,0.0
1775300464.0723295,1.0,-5.0,0.0
1775300464.0823295,0.0,-6.0,0.0
1775300464.0923295,-1.0,-2.0,0.0
1775300464.1023295,0.0,0.0,1.0
1775300464.1123295,0.0,2.0,-1.0
1775300464.1223297,-2.0,4.0,-2.0
1775300464.1323297,3.0,8.0,-3.0
1775300464.1423297,0.0,4.0,-9.0
1775300464.1523297,-2.0,2.0,-13.0
1775300464.1623297,-3.0,0.0,-6.0
1775300464.1723297,-3.0,-1.0,-8.0
1775300464.1823297,-1.0,-1.0,-9.0
1775300464.1923296,0.0,0.0,0.0
1775300464.2023296,-1.0,2.0,1.0
1775300464.2123296,-6.0,-1.0,3.0
1775300464.2223296,-4.0,-5.0,7.0
1775300464.2323296,0.0,-2.0,14.0
1775300464.2423296,2.0,1.0,18.0
1775300464.2523296,5.0,1.0,18.0
1775300464.2623296,6.0,5.0,18.0
1775300464.2723296,0.0,9.0,11.0
1775300464.2823296,-3.0,6.0,3.0
1775300464.2923295,-6.0,4.0,4.0
1775300464.3023295,-4.0,-2.0,2.0
1775300464.3123295,-3.0,-1.0,6.0
1775300464.3223295,-3.0,-1.0,11.0
1775300464.3323295,0.0,1.0,16.0
1775300464.3423295,0.0,0.0,13.0
1775300464.3523295,2.0,-2.0,13.0
1775300464.3623295,-3.0,-1.0,8.0
1775300464.3723297,-5.0,-3.0,10.0
1775300464.3823297,-9.0,-4.0,6.0
1775300464.3923297,-7.0,-1.0,11.0
1775300464.4023297,-3.0,0.0,15.0
1775300464.4123297,-2.0,3.0,8.0
1775300464.4223297,-10.0,-1.0,4.0
1775300464.4323297,-13.0,-3.0,6.0
1775300464.4423296,-11.0,-2.0,4.0
1775300464.4523296,-8.0,-2.0,3.0
1775300464.4623296,-4.0,-4.0,12.0
1775300464.4723296,-5.0,-7.0,14.0
1775300464.4823296,0.0,-4.0,18.0
1775300464.4923296,0.0,-7.0,14.0
1775300464.5023296,-4.0,-6.0,14.0
1775300464.5123296,-4.0,0.0,9.0
1775300464.5223296,-5.0,-1.0,14.0
1775300464.5323296,-5.0,3.0,10.0
1775300464.5423295,-6.0,-1.0,3.0
1775300464.5523295,-3.0,-4.0,4.0
1775300464.5623295,0.0,-6.0,9.0
1775300464.5723295,2.0,-5.0,15.0
1775300464.5823295,3.0,0.0,13.0
1775300464.5923295,2.0,-3.0,12.0
1775300464.6023295,3.0,-3.0,1.0
1775300464.6123295,1.0,-1.0,4.0
1775300464.6223297,0.0,0.0,6.0
1775300464.6323297,4.0,1.0,4.0
1775300464.6423297,1.0,0.0,6.0
1775300464.6523297,2.0,0.0,5.0
1775300464.6623297,0.0,-4.0,14.0
1775300464.6723297,-2.0,-5.0,13.0
1775300464.6823297,6.0,-7.0,9.0
1775300464.6923296,8.0,-9.0,10.0
1775300464.7023296,8.0,-8.0,11.0
1775300464.7123296,6.0,-8.0,6.0
1775300464.7223296,0.0,-8.0,8.0
1775300464.7323296,-3.0,-9.0,0.0
1775300464.7423296,1.0,-7.0,5.0
1775300464.7523296,5.0,-7.0,5.0
1775300464.7623296,4.0,-6.0,8.0
1775300464.7723296,5.0,-8.0,11.0
1775300464.7823296,5.0,-6.0,14.0
1775300464.7923295,3.0,-6.0,7.0
1775300464.8023295,0.0,-5.0,7.0
1775300464.8123295,0.0,0.0,6.0
1775300464.8223295,0.0,-1.0,-1.0
1775300464.8333297,-1.0,-2.0,-3.0
1775300464.8423295,-1.0,-1.0,-2.0
1775300464.8523295,0.0,-2.0,0.0
1775300464.8633296,0.0,-4.0,5.0
1775300464.8733296,0.0,-2.0,6.0
1775300464.8823297,-1.0,0.0,2.0
1775300464.8923297,-1.0,0.0,-3.0
1775300464.9033296,-3.0,0.0,2.0
1775300464.9133296,-1.0,0.0,3.0
1775300464.9233296,-4.0,-3.0,0.0
1775300464.9333296,-5.0,-5.0,4.0
1775300464.9433296,0.0,-4.0,3.0
1775300464.9533296,3.0,-5.0,4.0
1775300464.9633296,3.0,-4.0,9.0
1775300464.9733295,4.0,-4.0,15.0
1775300464.9833295,4.0,-5.0,8.0
1775300464.9933295,0.0,-5.0,7.0
1775300465.0033295,-3.0,-5.0,6.0
1775300465.0133295,-1.0,-7.0,10.0
1775300465.0233295,1.0,-6.0,7.0
1775300465.0333295,0.0,-5.0,11.0
1775300465.0433297,-5.0,-3.0,-1.0
1775300465.0533297,-4.0,-2.0,0.0
1775300465.0633297,0.0,4.0,0.0
1775300465.0733297,2.0,6.0,0.0
1775300465.0833297,-1.0,6.0,7.0
1775300465.0933297,-5.0,7.0,9.0
1775300465.1033297,-8.0,5.0,5.0
1775300465.1133296,-8.0,2.0,10.0
1775300465.1233296,-6.0,0.0,10.0
1775300465.1333296,-5.0,1.0,5.0
1775300465.1433296,0.0,-3.0,9.0
1775300465.1533296,1.0,-4.0,13.0
1775300465.1633296,0.0,-7.0,10.0
1775300465.1733296,-6.0,-8.0,8.0
1775300465.1833296,-8.0,-7.0,11.0
1775300465.1933296,-7.0,-6.0,12.0
1775300465.2033296,-4.0,-4.0,9.0
1775300465.2133296,-3.0,-6.0,13.0
1775300465.2233295,0.0,-8.0,12.0
1775300465.2333295,0.0,-7.0,12.0
1775300465.2433295,-2.0,-7.0,10.0
1775300465.2533295,-1.0,-10.0,17.0
1775300465.2633295,-3.0,-12.0,15.0
1775300465.2733295,0.0,-17.0,17.0
1775300465.2833295,1.0,-16.0,16.0
1775300465.2933297,-1.0,-10.0,8.0
1775300465.3033297,2.0,-8.0,10.0
1775300465.3133297,3.0,-4.0,16.0
1775300465.3233297,1.0,-4.0,13.0
1775300465.3333297,3.0,-3.0,9.0
1775300465.3433297,2.0,-3.0,15.0
1775300465.3533297,-1.0,-9.0,16.0
1775300465.3633296,-2.0,-7.0,4.0
1775300465.3733296,-1.0,-5.0,2.0
1775300465.3833296,0.0,-2.0,4.0
1775300465.3933296,1.0,-5.0,6.0
1775300465.4033296,5.0,-3.0,6.0
1775300465.4133296,6.0,-3.0,8.0
1775300465.4233296,6.0,-3.0,8.0
1775300465.4343295,3.0,-5.0,7.0
1775300465.4433296,1.0,-3.0,7.0
1775300465.4533296,0.0,-1.0,6.0
1775300465.4633296,0.0,0.0,9.0
1775300465.4733295,-1.0,0.0,11.0
1775300465.4833295,0.0,-3.0,14.0
1775300465.4933295,3.0,-6.0,9.0
1775300465.5033295,2.0,-7.0,2.0
1775300465.5133295,0.0,-9.0,1.0
1775300465.5233295,5.0,-6.0,5.0
1775300465.5333295,3.0,-1.0,14.0
1775300465.5433297,3.0,0.0,10.0
1775300465.5533297,3.0,-2.0,8.0
1775300465.5633297,0.0,-2.0,11.0
1775300465.5733297,-1.0,0.0,10.0
1775300465.5833297,0.0,-1.0,5.0
1775300465.5933297,0.0,0.0,7.0
1775300465.6033297,1.0,0.0,10.0
1775300465.6133296,0.0,-1.0,12.0
1775300465.6233296,3.0,-2.0,4.0
1775300465.6333296,1.0,-3.0,-1.0
1775300465.6433296,2.0,-4.0,5.0
1775300465.6533296,-1.0,-4.0,8.0
1775300465.6633296,-2.0,-1.0,6.0
1775300465.6733296,0.0,1.0,10.0
1775300465.6833296,1.0,1.0,8.0
1775300465.6933296,-2.0,5.0,4.0
1775300465.7033296,0.0,9.0,2.0
1775300465.7133296,2.0,9.0,2.0
1775300465.7233295,1.0,9.0,4.0
1775300465.7333295,0.0,7.0,7.0
1775300465.7433295,0.0,5.0,7.0
1775300465.7533295,0.0,4.0,4.0
1775300465.7633295,6.0,4.0,7.0
1775300465.7733295,7.0,4.0,14.0
1775300465.7833295,8.0,0.0,14.0
1775300465.7933297,5.0,0.0,14.0
1775300465.8033297,3.0,3.0,14.0
1775300465.8133297,1.0,2.0,14.0
1775300465.8233297,0.0,-2.0,6.0
1775300465.8333297,2.0,-5.0,3.0
1775300465.8433297,4.0,-5.0,5.0
1775300465.8533297,3.0,-4.0,5.0
1775300465.8633296,1.0,-3.0,2.0
1775300465.8733296,0.0,-2.0,7.0
1775300465.8833296,0.0,-5.0,8.0
1775300465.8933296,0.0,-2.0,10.0
1775300465.9033296,4.0,-1.0,8.0
1775300465.9133296,5.0,-4.0,1.0
1775300465.9233296,6.0,3.0,4.0
1775300465.9333296,8.0,2.0,10.0
1775300465.9433296,7.0,0.0,4.0
1775300465.9533296,5.0,-2.0,6.0
1775300465.9633296,1.0,-1.0,17.0
1775300465.9733295,-1.0,-4.0,13.0
1775300465.9833295,-3.0,-2.0,12.0
1775300465.9933295,-6.0,-5.0,12.0
1775300466.0033295,-3.0,-6.0,7.0
1775300466.0133295,0.0,-5.0,12.0
1775300466.0233295,0.0,-2.0,11.0
1775300466.0333295,0.0,0.0,13.0
1775300466.0433297,1.0,0.0,17.0
1775300466.0533297,3.0,0.0,15.0
1775300466.0633297,2.0,-2.0,8.0
1775300466.0733297,4.0,-3.0,3.0
1775300466.0833297,6.0,-2.0,6.0
1775300466.0933297,5.0,-3.0,1.0
1775300466.1033297,3.0,1.0,-6.0
1775300466.1133296,2.0,4.0,-2.0
1775300466.1233296,2.0,0.0,6.0
1775300466.1333296,1.0,0.0,12.0
1775300466.1433296,-2.0,-2.0,7.0
1775300466.1533296,-3.0,-3.0,3.0
1775300466.1633296,-3.0,1.0,-2.0
1775300466.1733296,-2.0,0.0,-9.0
1775300466.1833296,-3.0,4.0,-10.0
1775300466.1933296,1.0,3.0,-3.0
1775300466.2033296,0.0,2.0,-2.0
1775300466.2133296,0.0,0.0,2.0
1775300466.2233295,2.0,-3.0,0.0
1775300466.2333295,3.0,-4.0,0.0
1775300466.2433295,0.0,-2.0,-2.0
1775300466.2533295,1.0,-3.0,-7.0
1775300466.2633295,2.0,-2.0,-1.0
1775300466.2733295,2.0,-1.0,3.0
1775300466.2833295,5.0,-2.0,-2.0
1775300466.2933297,8.0,-3.0,-5.0
1775300466.3033297,3.0,-5.0,0.0
1775300466.3133297,5.0,-1.0,0.0
1775300466.3233297,3.0,-3.0,2.0
1775300466.3333297,-3.0,-2.0,-4.0
1775300466.3433297,-7.0,1.0,0.0
1775300466.3533297,-8.0,2.0,-3.0
1775300466.3633296,-6.0,0.0,-8.0
1775300466.3733296,-8.0,-1.0,0.0
1775300466.3833296,-7.0,0.0,0.0
1775300466.3933296,-6.0,1.0,5.0
1775300466.4033296,-8.0,-1.0,1.0
1775300466.4133296,-6.0,-7.0,1.0
1775300466.4233296,-1.0,-4.0,-1.0
1775300466.4333296,0.0,-5.0,1.0
1775300466.4433296,2.0,-3.0,4.0
1775300466.4533296,0.0,-3.0,5.0
1775300466.4633296,2.0,0.0,6.0
1775300466.4733295,-2.0,-4.0,6.0
1775300466.4833295,-3.0,-2.0,8.0
1775300466.4933295,-4.0,1.0,5.0
1775300466.5033295,-6.0,3.0,5.0
1775300466.5133295,-1.0,3.0,4.0
1775300466.5233295,3.0,1.0,0.0
1775300466.5333295,2.0,-1.0,2.0
1775300466.5433297,0.0,-1.0,6.0
1775300466.5533297,1.0,1.0,10.0
1775300466.5633297,0.0,1.0,11.0
1775300466.5733297,0.0,0.0,18.0
1775300466.5833297,1.0,0.0,16.0
1775300466.5933297,0.0,0.0,17.0
1775300466.6033297,2.0,0.0,18.0
1775300466.6133296,-1.0,-4.0,16.0
1775300466.6233296,-1.0,-3.0,18.0
1775300466.6333296,0.0,-2.0,23.0
1775300466.6433296,0.0,0.0,23.0
1775300466.6533296,0.0,0.0,20.0
1775300466.6633296,-1.0,3.0,17.0
1775300466.6733296,-6.0,2.0,12.0
1775300466.6833296,-1.0,0.0,7.0
1775300466.6933296,-1.0,0.0,2.0
1775300466.7033296,-1.0,0.0,3.0
1775300466.7133296,-6.0,0.0,7.0
1775300466.7233295,-8.0,1.0,8.0
1775300466.7333295,-4.0,-2.0,7.0
1775300466.7433295,0.0,-4.0,1.0
1775300466.7533295,-2.0,-4.0,1.0
1775300466.7633295,-7.0,-6.0,2.0
1775300466.7733295,-7.0,-5.0,13.0
1775300466.7833295,-6.0,-3.0,13.0
1775300466.7933297,-8.0,0.0,15.0
1775300466.8033297,-7.0,-1.0,15.0
1775300466.8133297,-1.0,-6.0,20.0
1775300466.8233297,-1.0,-8.0,9.0
1775300466.8333297,-2.0,-9.0,8.0
1775300466.8433297,1.0,-7.0,9.0
1775300466.8533297,0.0,-5.0,14.0
1775300466.8633296,-4.0,-4.0,24.0
1775300466.8733296,-4.0,-3.0,28.0
1775300466.8833296,-5.0,-2.0,26.0
1775300466.8933296,-6.0,-2.0,22.0
1775300466.9033296,-4.0,-4.0,13.0
1775300466.9133296,-1.0,-5.0,13.0
1775300466.9233296,3.0,-3.0,13.0
1775300466.9333296,0.0,1.0,15.0
1775300466.9433296,1.0,3.0,14.0
1775300466.9533296,-1.0,3.0,16.0
1775300466.9633296,2.0,0.0,4.0
1775300466.9733295,0.0,-2.0,10.0
1775300466.9833295,-2.0,1.0,9.0
1775300466.9933295,0.0,4.0,4.0
1775300467.0033295,0.0,2.0,7.0
1775300467.0133295,2.0,2.0,12.0
1775300467.0233295,2.0,3.0,11.0
1775300467.0333295,3.0,1.0,6.0
1775300467.0433297,-1.0,2.0,10.0
1775300467.0533297,0.0,1.0,12.0
1775300467.0633297,0.0,0.0,16.0
1775300467.0733297,0.0,-5.0,12.0
1775300467.0833297,-2.0,-5.0,2.0
1775300467.0933297,-4.0,-2.0,8.0
1775300467.1033297,-3.0,-4.0,17.0
1775300467.1133296,-3.0,-4.0,19.0
1775300467.1233296,2.0,-3.0,15.0
1775300467.1333296,6.0,-1.0,11.0
1775300467.1443295,8.0,-3.0,11.0
1775300467.1543295,7.0,-4.0,17.0
1775300467.1643295,7.0,-6.0,12.0
1775300467.1743295,1.0,-5.0,12.0
1775300467.1843295,-2.0,1.0,17.0
1775300467.1943295,-2.0,0.0,13.0
1775300467.2043295,0.0,-1.0,12.0
1775300467.2143295,-2.0,1.0,10.0
1775300467.2243297,-2.0,0.0,10.0
1775300467.2343297,1.0,-3.0,14.0
1775300467.2443297,1.0,-1.0,10.0
1775300467.2543297,-3.0,0.0,1.0
1775300467.2643297,-1.0,0.0,0.0
1775300467.2743297,-2.0,0.0,5.0
1775300467.2843297,-4.0,0.0,6.0
1775300467.2943296,-4.0,1.0,4.0
1775300467.3043296,-1.0,4.0,9.0
1775300467.3143296,2.0,0.0,5.0
1775300467.3243296,5.0,3.0,9.0
1775300467.3343296,0.0,2.0,10.0
1775300467.3443296,-3.0,3.0,8.0
1775300467.3543296,-2.0,0.0,10.0
1775300467.3643296,-3.0,-3.0,9.0
1775300467.3743296,-3.0,-4.0,2.0
1775300467.3843296,-5.0,-1.0,5.0
1775300467.3943295,-4.0,-2.0,13.0
1775300467.4043295,-3.0,2.0,17.0
1775300467.4143295,-4.0,0.0,13.0
1775300467.4243295,-3.0,-2.0,10.0
1775300467.4343295,-4.0,-3.0,11.0
1775300467.4443295,-5.0,0.0,5.0
1775300467.4543295,-7.0,-2.0,-5.0
1775300467.4643295,-2.0,-3.0,-5.0
1775300467.4743297,-2.0,-4.0,0.0
1775300467.4843297,2.0,-2.0,8.0
1775300467.4943297,3.0,0.0,12.0
1775300467.5043297,9.0,0.0,14.0
1775300467.5143297,5.0,0.0,16.0
1775300467.5243297,8.0,5.0,22.0
1775300467.5343297,2.0,7.0,24.0
1775300467.5443296,0.0,2.0,21.0
1775300467.5543296,0.0,3.0,12.0
1775300467.5643296,0.0,6.0,10.0
1775300467.5743296,-1.0,3.0,2.0
1775300467.5843296,-3.0,2.0,-3.0
1775300467.5943296,-5.0,2.0,0.0
1775300467.6043296,-9.0,1.0,3.0
1775300467.6143296,-4.0,3.0,11.0
1775300467.6243296,0.0,4.0,14.0
1775300467.6343296,2.0,6.0,17.0
1775300467.6443295,-2.0,6.0,16.0
1775300467.6543295,0.0,6.0,14.0
1775300467.6643295,-1.0,6.0,12.0
1775300467.6743295,-4.0,6.0,10.0
1775300467.6843295,0.0,3.0,11.0
1775300467.6943295,0.0,0.0,14.0
1775300467.7043295,0.0,-2.0,13.0
1775300467.7143295,-3.0,-3.0,15.0
1775300467.7243297,-3.0,-1.0,16.0
1775300467.7343297,-4.0,-2.0,20.0
1775300467.7443297,4.0,-1.0,17.0
1775300467.7543297,3.0,1.0,12.0
1775300467.7643297,0.0,0.0,18.0
1775300467.7743297,0.0,0.0,19.0
1775300467.7843297,-3.0,-1.0,8.0
1775300467.7943296,-1.0,0.0,3.0
1775300467.8043296,-2.0,2.0,5.0
1775300467.8143296,1.0,1.0,6.0
1775300467.8243296,2.0,3.0,1.0
1775300467.8343296,-2.0,0.0,0.0
1775300467.8443296,-2.0,-7.0,9.0
1775300467.8543296,0.0,-6.0,17.0
1775300467.8643296,2.0,-3.0,10.0
1775300467.8743296,0.0,-5.0,9.0
1775300467.8843296,2.0,-4.0,11.0
1775300467.8943295,1.0,-3.0,7.0
1775300467.9043295,0.0,0.0,11.0
1775300467.9143295,2.0,-4.0,5.0
1775300467.9243295,3.0,0.0,13.0
1775300467.9343295,6.0,1.0,11.0
1775300467.9443295,9.0,-1.0,12.0
1775300467.9543295,3.0,-1.0,12.0
1775300467.9643295,4.0,-2.0,6.0
1775300467.9743297,3.0,2.0,6.0
1775300467.9843297,-2.0,0.0,2.0
1775300467.9943297,2.0,1.0,3.0
1775300468.0043297,6.0,-1.0,4.0
1775300468.0143297,10.0,-2.0,7.0
1775300468.0243297,11.0,0.0,7.0
1775300468.0343297,11.0,3.0,7.0
1775300468.0443296,8.0,0.0,11.0
1775300468.0543296,0.0,0.0,15.0
1775300468.0643296,-3.0,0.0,13.0
1775300468.0743296,0.0,0.0,7.0
1775300468.0843296,4.0,0.0,4.0
1775300468.0943296,4.0,-3.0,6.0
1775300468.1043296,-3.0,-2.0,11.0
1775300468.1143296,-4.0,-2.0,6.0
1775300468.1243296,-7.0,-1.0,7.0
1775300468.1343296,-5.0,0.0,7.0
1775300468.1443295,-1.0,0.0,8.0
1775300468.1543295,0.0,5.0,14.0
1775300468.1643295,0.0,10.0,18.0
1775300468.1743295,-1.0,9.0,13.0
1775300468.1843295,0.0,4.0,11.0
1775300468.1943295,3.0,3.0,6.0
1775300468.2043295,1.0,2.0,8.0
1775300468.2143295,5.0,2.0,12.0
1775300468.2243297,8.0,0.0,8.0
1775300468.2343297,6.0,1.0,16.0
1775300468.2443297,6.0,3.0,22.0
1775300468.2543297,7.0,1.0,18.0
1775300468.2643297,6.0,2.0,15.0
1775300468.2743297,6.0,3.0,8.0
1775300468.2843297,3.0,2.0,7.0
1775300468.2943296,6.0,5.0,4.0
1775300468.3043296,5.0,9.0,0.0
1775300468.3143296,6.0,8.0,1.0
1775300468.3243296,2.0,7.0,3.0
1775300468.3343296,-2.0,6.0,2.0
1775300468.3443296,-4.0,4.0,-2.0
1775300468.3543296,-8.0,1.0,7.0
1775300468.3643296,-6.0,-1.0,6.0
1775300468.3743296,-5.0,0.0,0.0
1775300468.3843296,-7.0,0.0,2.0
1775300468.3943295,-9.0,1.0,6.0
1775300468.4043295,-6.0,-1.0,8.0
1775300468.4143295,-5.0,-1.0,15.0
1775300468.4243295,-7.0,0.0,22.0
1775300468.4343295,-6.0,0.0,24.0
1775300468.4443295,-3.0,0.0,25.0
1775300468.4543295,-3.0,0.0,23.0
1775300468.4643295,-2.0,1.0,18.0
1775300468.4743297,-4.0,-2.0,16.0
1775300468.4843297,-4.0,-1.0,16.0
1775300468.4943297,-2.0,-3.0,11.0
1775300468.5043297,1.0,-1.0,10.0
1775300468.5143297,0.0,0.0,9.0
1775300468.5243297,3.0,5.0,9.0
1775300468.5343297,0.0,2.0,12.0
1775300468.5443296,0.0,0.0,7.0
1775300468.5543296,0.0,-2.0,9.0
1775300468.5643296,0.0,-5.0,15.0
1775300468.5743296,-2.0,-4.0,14.0
1775300468.5843296,-9.0,-3.0,12.0
1775300468.5943296,-10.0,-3.0,12.0
1775300468.6043296,-13.0,2.0,12.0
1775300468.6143296,-11.0,4.0,12.0
1775300468.6243296,-10.0,4.0,19.0
1775300468.6343296,-6.0,-3.0,23.0
1775300468.6443295,-5.0,-2.0,19.0
1775300468.6543295,-4.0,-4.0,12.0
1775300468.6643295,0.0,-3.0,10.0
1775300468.6743295,0.0,-3.0,10.0
1775300468.6843295,-3.0,0.0,11.0
1775300468.6943295,-3.0,-1.0,5.0
1775300468.7043295,-7.0,1.0,7.0
1775300468.7143295,-6.0,6.0,10.0
1775300468.7243297,-5.0,8.0,2.0
1775300468.7343297,-5.0,3.0,0.0
1775300468.7443297,-3.0,1.0,4.0
1775300468.7543297,-2.0,-3.0,5.0
1775300468.7643297,0.0,0.0,6.0
1775300468.7743297,2.0,0.0,7.0
1775300468.7843297,-3.0,-1.0,3.0
1775300468.7943296,0.0,-3.0,3.0
1775300468.8043296,0.0,-3.0,12.0
1775300468.8143296,-4.0,-4.0,12.0
1775300468.8243296,-2.0,-4.0,18.0
1775300468.8343296,0.0,-7.0,16.0
1775300468.8443296,2.0,-4.0,17.0
1775300468.8543296,2.0,-6.0,17.0
1775300468.8643296,0.0,-7.0,20.0
1775300468.8743296,-2.0,-6.0,22.0
1775300468.8843296,0.0,-4.0,11.0
1775300468.8943295,-1.0,-3.0,12.0
1775300468.9043295,0.0,-5.0,11.0
1775300468.9143295,3.0,-5.0,9.0
1775300468.9243295,0.0,-8.0,9.0
1775300468.9343295,0.0,-7.0,7.0
1775300468.9443295,0.0,-4.0,16.0
1775300468.9543295,-5.0,-4.0,12.0
1775300468.9643295,-3.0,-4.0,9.0
1775300468.9743297,-2.0,-2.0,2.0
1775300468.9843297,-2.0,0.0,5.0
1775300468.9943297,1.0,0.0,6.0
1775300469.0043297,2.0,1.0,6.0
1775300469.0143297,3.0,3.0,5.0
1775300469.0243297,2.0,4.0,0.0
1775300469.0343297,-1.0,5.0,9.0
1775300469.0443296,-3.0,4.0,2.0
1775300469.0543296,-6.0,5.0,-7.0
1775300469.0643296,-5.0,1.0,-9.0
1775300469.0743296,-4.0,-1.0,-3.0
1775300469.0843296,-2.0,-2.0,-4.0
1775300469.0943296,1.0,-4.0,-6.0
1775300469.1043296,3.0,-8.0,-2.0
1775300469.1143296,1.0,-4.0,-5.0
1775300469.1243296,1.0,-5.0,-3.0
1775300469.1343296,-1.0,-4.0,1.0
1775300469.1443295,-1.0,-5.0,6.0
1775300469.1543295,0.0,1.0,7.0
1775300469.1643295,0.0,3.0,5.0
1775300469.1743295,0.0,0.0,4.0
1775300469.1843295,-1.0,-5.0,3.0
1775300469.1943295,1.0,-6.0,3.0
1775300469.2043295,5.0,-6.0,2.0
1775300469.2143295,4.0,-5.0,1.0
1775300469.2243297,6.0,-4.0,2.0
1775300469.2343297,3.0,0.0,3.0
1775300469.2443297,3.0,0.0,0.0
1775300469.2543297,1.0,-2.0,-1.0
1775300469.2643297,5.0,-6.0,-5.0
1775300469.2743297,0.0,-1.0,-5.0
1775300469.2843297,0.0,-3.0,1.0
1775300469.2943296,-1.0,-4.0,7.0
1775300469.3043296,-1.0,-3.0,9.0
1775300469.3143296,0.0,-1.0,6.0
1775300469.3243296,0.0,0.0,6.0
1775300469.3343296,-1.0,0.0,0.0
1775300469.3443296,-2.0,2.0,6.0
1775300469.3543296,0.0,4.0,10.0
1775300469.3643296,0.0,2.0,15.0
1775300469.3743296,-1.0,1.0,12.0
1775300469.3843296,-3.0,0.0,8.0
1775300469.3943295,-6.0,-2.0,5.0
1775300469.4043295,-10.0,-1.0,6.0
1775300469.4143295,-9.0,0.0,1.0
1775300469.4253297,-7.0,4.0,6.0
1775300469.4353297,-4.0,7.0,10.0
1775300469.4443295,-7.0,8.0,6.0
1775300469.4553297,-6.0,8.0,4.0
1775300469.4653296,-2.0,5.0,0.0
1775300469.4753296,-1.0,2.0,-1.0
1775300469.4853296,0.0,4.0,-10.0
1775300469.4953296,4.0,5.0,-10.0
1775300469.5053296,3.0,1.0,0.0
1775300469.5153296,0.0,-1.0,4.0
1775300469.5253296,0.0,0.0,3.0
1775300469.5353296,-5.0,0.0,2.0
1775300469.5453296,0.0,1.0,2.0
1775300469.5553296,0.0,0.0,2.0
1775300469.5653296,4.0,1.0,0.0
1775300469.5753295,7.0,2.0,4.0
1775300469.5853295,5.0,2.0,4.0
1775300469.5953295,6.0,0.0,11.0
1775300469.6053295,7.0,-1.0,10.0
1775300469.6153295,4.0,2.0,13.0
1775300469.6253295,2.0,4.0,9.0
1775300469.6353295,0.0,0.0,12.0
1775300469.6453297,2.0,1.0,12.0
1775300469.6553297,5.0,1.0,9.0
1775300469.6653297,3.0,3.0,16.0
1775300469.6753297,5.0,5.0,18.0
1775300469.6853297,-1.0,3.0,16.0
1775300469.6953297,-5.0,3.0,13.0
1775300469.7053297,-5.0,6.0,13.0
1775300469.7153296,-6.0,3.0,16.0
1775300469.7253296,-7.0,3.0,11.0
1775300469.7353296,-10.0,0.0,11.0
1775300469.7453296,-9.0,0.0,4.0
1775300469.7553296,-5.0,0.0,7.0
1775300469.7653296,-1.0,0.0,13.0
1775300469.7753296,0.0,-4.0,14.0
1775300469.7853296,-2.0,-4.0,15.0
1775300469.7953296,0.0,-2.0,19.0
1775300469.8053296,-3.0,1.0,23.0
1775300469.8153296,0.0,-1.0,30.0
1775300469.8253295,1.0,-4.0,25.0
1775300469.8353295,-3.0,-1.0,10.0
1775300469.8453295,-3.0,-2.0,5.0
1775300469.8553295,-3.0,-1.0,9.0
1775300469.8653295,-5.0,-4.0,12.0
1775300469.8753295,-3.0,-8.0,12.0
1775300469.8853295,0.0,-3.0,12.0
1775300469.8953297,0.0,-2.0,8.0
1775300469.9053297,2.0,1.0,10.0
1775300469.9153297,5.0,2.0,4.0
1775300469.9253297,4.0,0.0,2.0
1775300469.9353297,3.0,0.0,0.0
1775300469.9453297,3.0,-1.0,0.0
1775300469.9553297,5.0,-2.0,5.0
1775300469.9653296,6.0,-1.0,7.0
1775300469.9753296,6.0,-3.0,7.0
1775300469.9853296,4.0,-1.0,2.0
1775300469.9953296,4.0,0.0,3.0
1775300470.0053296,1.0,0.0,3.0
1775300470.0153296,5.0,0.0,0.0
1775300470.0253296,10.0,1.0,0.0
1775300470.0353296,8.0,3.0,0.0
1775300470.0453296,6.0,6.0,0.0
1775300470.0553296,0.0,9.0,2.0
1775300470.0653296,0.0,8.0,0.0
1775300470.0753295,3.0,3.0,8.0
1775300470.0853295,5.0,3.0,12.0
1775300470.0953295,2.0,2.0,8.0
1775300470.1053295,0.0,1.0,4.0
1775300470.1153295,-1.0,2.0,1.0
1775300470.1253295,-2.0,3.0,5.0
1775300470.1353295,0.0,3.0,4.0
1775300470.1453297,-2.0,0.0,10.0
1775300470.1553297,-2.0,-1.0,14.0
1775300470.1653297,-2.0,0.0,16.0
1775300470.1753297,-3.0,0.0,22.0
1775300470.1853297,-5.0,-2.0,22.0
1775300470.1953297,-9.0,-8.0,15.0
1775300470.2053297,-4.0,-10.0,16.0
1775300470.2153296,-4.0,-8.0,15.0
1775300470.2253296,0.0,-5.0,15.0
1775300470.2353296,0.0,-5.0,16.0
1775300470.2453296,-5.0,-5.0,15.0
1775300470.2553296,0.0,5.0,21.0
1775300470.2653296,-2.0,6.0,12.0
1775300470.2753296,0.0,5.0,12.0
1775300470.2853296,1.0,0.0,1.0
1775300470.2953296,-3.0,0.0,0.0
1775300470.3053296,1.0,4.0,-1.0
1775300470.3153296,2.0,4.0,0.0
1775300470.3253295,0.0,3.0,8.0
1775300470.3353295,0.0,6.0,12.0
1775300470.3453295,-4.0,3.0,16.0
1775300470.3553295,-2.0,-1.0,8.0
1775300470.3653295,-6.0,-6.0,11.0
1775300470.3753295,-2.0,-7.0,18.0
1775300470.3853295,-2.0,-6.0,16.0
1775300470.3953297,-5.0,-6.0,18.0
1775300470.4053297,-4.0,-6.0,9.0
1775300470.4153297,-4.0,-3.0,7.0
1775300470.4253297,-1.0,-2.0,6.0
1775300470.4353297,0.0,-3.0,2.0
1775300470.4453297,1.0,2.0,3.0
1775300470.4553297,2.0,0.0,4.0
1775300470.4653296,7.0,0.0,7.0
1775300470.4753296,9.0,0.0,7.0
1775300470.4853296,14.0,0.0,3.0
1775300470.4953296,14.0,-2.0,8.0
1775300470.5053296,13.0,-2.0,12.0
1775300470.5153296,12.0,1.0,9.0
1775300470.5253296,11.0,-1.0,16.0
1775300470.5353296,15.0,2.0,10.0
1775300470.5453296,10.0,0.0,5.0
1775300470.5553296,8.0,-4.0,2.0
1775300470.5653296,9.0,0.0,-1.0
1775300470.5753295,5.0,0.0,3.0
1775300470.5853295,0.0,-1.0,4.0
1775300470.5953295,0.0,0.0,0.0
1775300470.6053295,-2.0,-1.0,1.0
1775300470.6153295,-3.0,-3.0,1.0
1775300470.6253295,-1.0,-3.0,3.0
1775300470.6353295,-1.0,-7.0,10.0
1775300470.6453297,-4.0,-7.0,13.0
1775300470.6553297,0.0,-6.0,6.0
1775300470.6653297,-2.0,-3.0,9.0
1775300470.6753297,-6.0,0.0,6.0
1775300470.6853297,-7.0,-2.0,7.0
1775300470.6953297,-8.0,-2.0,4.0
1775300470.7053297,-10.0,-2.0,9.0
1775300470.7153296,-7.0,0.0,10.0
1775300470.7253296,-7.0,-1.0,12.0
1775300470.7353296,-7.0,-6.0,9.0
1775300470.7453296,-6.0,-3.0,5.0
1775300470.7553296,0.0,-2.0,1.0
1775300470.7653296,2.0,-1.0,1.0
1775300470.7753296,3.0,0.0,4.0
1775300470.7853296,1.0,4.0,3.0
1775300470.7953296,5.0,5.0,3.0
1775300470.8053296,9.0,3.0,7.0
1775300470.8153296,9.0,4.0,6.0
1775300470.8253295,6.0,0.0,6.0
1775300470.8353295,8.0,1.0,6.0
1775300470.8453295,12.0,1.0,6.0
1775300470.8553295,12.0,1.0,7.0
1775300470.8653295,12.0,3.0,10.0
1775300470.8753295,6.0,-3.0,6.0
1775300470.8853295,5.0,-4.0,1.0
1775300470.8953297,3.0,-1.0,-2.0
1775300470.9053297,0.0,-5.0,0.0
1775300470.9153297,-1.0,-5.0,-2.0
1775300470.9253297,0.0,-3.0,4.0
1775300470.9353297,0.0,-3.0,5.0
1775300470.9453297,0.0,-3.0,7.0
1775300470.9553297,-3.0,-5.0,14.0
1775300470.9653296,0.0,-4.0,12.0
1775300470.9753296,1.0,-3.0,10.0
1775300470.9853296,2.0,-4.0,6.0
1775300470.9953296,2.0,-3.0,10.0
1775300471.0053296,0.0,0.0,12.0
1775300471.0153296,0.0,-1.0,17.0
1775300471.0253296,0.0,0.0,13.0
1775300471.0353296,-2.0,4.0,12.0
1775300471.0453296,-1.0,0.0,15.0
1775300471.0553296,-4.0,0.0,16.0
1775300471.0653296,-5.0,-1.0,13.0
1775300471.0753295,-1.0,0.0,8.0
1775300471.0853295,1.0,0.0,5.0
1775300471.0953295,-1.0,-3.0,10.0
1775300471.1053295,2.0,3.0,13.0
1775300471.1153295,3.0,5.0,15.0
1775300471.1253295,3.0,2.0,15.0
1775300471.1353295,2.0,0.0,12.0
1775300471.1453297,0.0,-1.0,9.0
1775300471.1553297,0.0,0.0,9.0
1775300471.1653297,2.0,0.0,9.0
1775300471.1753297,2.0,-5.0,12.0
1775300471.1853297,-2.0,-8.0,15.0
1775300471.1953297,-3.0,-5.0,12.0
1775300471.2053297,0.0,-3.0,6.0
1775300471.2153296,0.0,0.0,0.0
1775300471.2253296,1.0,1.0,2.0
1775300471.2353296,1.0,0.0,2.0
1775300471.2453296,7.0,1.0,0.0
1775300471.2553296,2.0,-2.0,-5.0
1775300471.2653296,2.0,0.0,-5.0
1775300471.2753296,4.0,0.0,-3.0
1775300471.2853296,3.0,2.0,-1.0
1775300471.2953296,1.0,-3.0,3.0
1775300471.3053296,-2.0,-4.0,5.0
1775300471.3153296,-1.0,-3.0,11.0
1775300471.3253295,1.0,-3.0,12.0
1775300471.3353295,0.0,-4.0,6.0
1775300471.3453295,-1.0,-3.0,9.0
1775300471.3553295,-3.0,-1.0,11.0
1775300471.3653295,-5.0,1.0,12.0
1775300471.3753295,-2.0,-1.0,14.0
1775300471.3853295,-3.0,-2.0,20.0
1775300471.3953297,-5.0,0.0,16.0
1775300471.4053297,0.0,2.0,17.0
1775300471.4153297,0.0,1.0,14.0
1775300471.4253297,4.0,-1.0,8.0
1775300471.4353297,4.0,-1.0,8.0
1775300471.4453297,3.0,1.0,8.0
1775300471.4553297,-4.0,0.0,6.0
1775300471.4653296,-5.0,2.0,5.0
1775300471.4753296,-4.0,0.0,4.0
1775300471.4853296,0.0,4.0,8.0
1775300471.4953296,0.0,0.0,2.0
1775300471.5053296,-2.0,-1.0,3.0
1775300471.5153296,-3.0,-3.0,0.0
1775300471.5253296,-2.0,-6.0,0.0
1775300471.5353296,-3.0,-3.0,4.0
1775300471.5453296,-6.0,-2.0,8.0
1775300471.5553296,-2.0,-4.0,5.0
1775300471.5653296,0.0,0.0,2.0
1775300471.5753295,-3.0,0.0,-1.0
1775300471.5853295,-2.0,-1.0,4.0
1775300471.5953295,0.0,0.0,13.0
1775300471.6053295,-1.0,3.0,15.0
1775300471.6153295,0.0,4.0,16.0
1775300471.6253295,-1.0,1.0,20.0
1775300471.6353295,1.0,-2.0,24.0
1775300471.6453297,2.0,-1.0,24.0
1775300471.6553297,0.0,1.0,17.0
1775300471.6653297,1.0,4.0,17.0
1775300471.6753297,-4.0,1.0,20.0
1775300471.6853297,-5.0,1.0,25.0
1775300471.6953297,-3.0,1.0,28.0
1775300471.7053297,-2.0,0.0,27.0
1775300471.7153296,0.0,0.0,22.0
1775300471.7253296,2.0,-1.0,15.0
1775300471.7353296,1.0,1.0,11.0
1775300471.7463295,-2.0,4.0,4.0
1775300471.7563295,-3.0,1.0,6.0
1775300471.7653296,-3.0,-1.0,11.0
1775300471.7763295,-7.0,-3.0,12.0
1775300471.7863295,-5.0,1.0,20.0
1775300471.7963295,-5.0,0.0,16.0
1775300471.8063295,-2.0,-3.0,17.0
1775300471.8163297,0.0,-3.0,22.0
1775300471.8263297,0.0,-1.0,22.0
1775300471.8363297,1.0,0.0,16.0
1775300471.8463297,0.0,0.0,13.0
1775300471.8563297,-2.0,0.0,8.0
1775300471.8663297,-3.0,-2.0,9.0
1775300471.8763297,0.0,0.0,9.0
1775300471.8863297,3.0,0.0,9.0
1775300471.8963296,5.0,-1.0,4.0
1775300471.9063296,2.0,-3.0,6.0
1775300471.9163296,3.0,-4.0,5.0
1775300471.9263296,1.0,-1.0,8.0
1775300471.9363296,-7.0,-2.0,13.0
1775300471.9463296,-8.0,-1.0,14.0
1775300471.9563296,-3.0,4.0,11.0
1775300471.9663296,3.0,5.0,12.0
1775300471.9763296,7.0,1.0,10.0
1775300471.9863296,8.0,-1.0,4.0
1775300471.9963295,4.0,0.0,0.0
1775300472.0063295,4.0,1.0,0.0
1775300472.0163295,3.0,0.0,6.0
1775300472.0263295,1.0,3.0,10.0
1775300472.0363295,7.0,3.0,9.0
1775300472.0463295,8.0,0.0,20.0
1775300472.0563295,3.0,0.0,21.0
1775300472.0663297,2.0,0.0,20.0
1775300472.0763297,9.0,0.0,14.0
1775300472.0863297,12.0,2.0,12.0
1775300472.0963297,10.0,4.0,9.0
1775300472.1063297,8.0,1.0,11.0
1775300472.1163297,7.0,0.0,10.0
1775300472.1263297,3.0,1.0,15.0
1775300472.1363297,2.0,3.0,14.0
1775300472.1463296,2.0,3.0,10.0
1775300472.1563296,2.0,7.0,2.0
1775300472.1663296,-1.0,8.0,-6.0
1775300472.1763296,-4.0,5.0,1.0
1775300472.1863296,-3.0,3.0,13.0
1775300472.1963296,0.0,4.0,17.0
1775300472.2063296,-3.0,3.0,11.0
1775300472.2163296,-1.0,4.0,10.0
1775300472.2263296,1.0,4.0,15.0
1775300472.2363296,6.0,3.0,13.0
1775300472.2463295,6.0,5.0,14.0
1775300472.2563295,4.0,4.0,17.0
1775300472.2663295,4.0,5.0,16.0
1775300472.2763295,3.0,5.0,12.0
1775300472.2863295,2.0,4.0,9.0
1775300472.2963295,2.0,5.0,11.0
1775300472.3063295,1.0,2.0,9.0
1775300472.3163297,2.0,3.0,7.0
1775300472.3263297,0.0,0.0,11.0
1775300472.3363297,0.0,0.0,8.0
1775300472.3463297,2.0,0.0,12.0
1775300472.3563297,3.0,0.0,8.0
1775300472.3663297,5.0,2.0,8.0
1775300472.3763297,3.0,0.0,6.0
1775300472.3863297,0.0,-1.0,6.0
1775300472.3963296,3.0,0.0,7.0
1775300472.4063296,2.0,0.0,14.0
1775300472.4163296,1.0,-4.0,18.0
1775300472.4263296,2.0,-1.0,16.0
1775300472.4363296,0.0,-6.0,13.0
1775300472.4463296,3.0,-6.0,7.0
1775300472.4563296,4.0,-4.0,5.0
1775300472.4663296,4.0,-8.0,1.0
1775300472.4763296,4.0,-8.0,1.0
1775300472.4863296,2.0,-1.0,0.0
1775300472.4963295,0.0,-2.0,5.0
1775300472.5063295,2.0,-4.0,16.0
1775300472.5163295,1.0,-4.0,12.0
1775300472.5263295,2.0,-5.0,13.0
1775300472.5363295,4.0,-3.0,19.0
1775300472.5463295,1.0,-1.0,17.0
1775300472.5563295,3.0,-2.0,22.0
1775300472.5663297,4.0,-4.0,19.0
1775300472.5763297,5.0,-3.0,23.0
1775300472.5863297,7.0,-4.0,22.0
1775300472.5963297,9.0,-4.0,14.0
1775300472.6063297,10.0,-4.0,19.0
1775300472.6163297,10.0,-2.0,21.0
1775300472.6263297,8.0,-1.0,21.0
1775300472.6363297,8.0,-2.0,12.0
1775300472.6463296,12.0,-7.0,8.0
1775300472.6563296,12.0,-8.0,14.0
1775300472.6663296,8.0,-6.0,13.0
1775300472.6763296,7.0,-4.0,20.0
1775300472.6863296,8.0,-1.0,14.0
1775300472.6963296,5.0,0.0,6.0
1775300472.7063296,2.0,0.0,4.0
1775300472.7163296,-1.0,4.0,13.0
1775300472.7263296,0.0,4.0,12.0
1775300472.7363296,-3.0,1.0,6.0
1775300472.7463295,0.0,3.0,15.0
1775300472.7563295,3.0,4.0,6.0
1775300472.7663295,-3.0,1.0,3.0
1775300472.7763295,-11.0,4.0,-1.0
1775300472.7863295,-5.0,6.0,4.0
1775300472.7963295,-5.0,6.0,1.0
1775300472.8063295,-6.0,5.0,2.0
1775300472.8163297,-3.0,5.0,-1.0
1775300472.8263297,-3.0,5.0,-2.0
1775300472.8363297,-4.0,2.0,-5.0
1775300472.8463297,-7.0,3.0,-3.0
1775300472.8563297,-4.0,3.0,-1.0
1775300472.8663297,-2.0,1.0,2.0
1775300472.8763297,1.0,0.0,4.0
1775300472.8863297,0.0,-2.0,6.0
1775300472.8963296,1.0,0.0,5.0
1775300472.9063296,-2.0,0.0,4.0
1775300472.9163296,0.0,-2.0,10.0
1775300472.9263296,0.0,-4.0,19.0
1775300472.9363296,-4.0,-5.0,21.0
1775300472.9463296,0.0,1.0,8.0
1775300472.9563296,-1.0,0.0,11.0
1775300472.9663296,0.0,-5.0,10.0
1775300472.9763296,0.0,-4.0,15.0
1775300472.9863296,0.0,2.0,11.0
1775300472.9963295,-2.0,3.0,11.0
1775300473.0063295,-2.0,0.0,10.0
1775300473.0163295,-3.0,2.0,7.0
1775300473.0263295,-3.0,5.0,12.0
1775300473.0363295,0.0,4.0,16.0
1775300473.0463295,4.0,2.0,19.0
1775300473.0563295,5.0,5.0,9.0
1775300473.0663297,2.0,0.0,7.0
1775300473.0763297,-1.0,0.0,4.0
1775300473.0863297,-7.0,-1.0,2.0
1775300473.0963297,-1.0,1.0,6.0
1775300473.1063297,4.0,-3.0,6.0
1775300473.1163297,4.0,-4.0,13.0
1775300473.1263297,5.0,-6.0,16.0
1775300473.1363297,4.0,-3.0,23.0
1775300473.1463296,2.0,-3.0,17.0
1775300473.1563296,1.0,-2.0,19.0
1775300473.1663296,0.0,-7.0,17.0
1775300473.1763296,-2.0,-6.0,16.0
1775300473.1863296,0.0,-3.0,17.0
1775300473.1963296,0.0,-7.0,13.0
1775300473.2063296,-1.0,-6.0,16.0
1775300473.2163296,-2.0,-7.0,23.0
1775300473.2263296,1.0,-11.0,24.0
1775300473.2363296,2.0,-12.0,19.0
1775300473.2463295,2.0,-8.0,17.0
1775300473.2563295,1.0,-8.0,20.0
1775300473.2663295,2.0,-8.0,21.0
1775300473.2763295,0.0,-5.0,21.0
1775300473.2863295,3.0,-3.0,18.0
1775300473.2963295,2.0,-8.0,6.0
1775300473.3063295,5.0,-4.0,6.0
1775300473.3163297,5.0,-3.0,4.0
1775300473.3263297,4.0,-1.0,1.0
1775300473.3363297,0.0,1.0,2.0
1775300473.3463297,0.0,-1.0,4.0
1775300473.3563297,0.0,0.0,10.0
1775300473.3663297,1.0,-3.0,6.0
1775300473.3763297,3.0,-5.0,3.0
1775300473.3863297,5.0,-4.0,-6.0
1775300473.3963296,5.0,-7.0,-8.0
1775300473.4063296,9.0,-7.0,-10.0
1775300473.4163296,9.0,-2.0,-6.0
1775300473.4263296,7.0,-1.0,-6.0
1775300473.4363296,5.0,-5.0,0.0
1775300473.4463296,6.0,-6.0,7.0
1775300473.4563296,0.0,-5.0,8.0
1775300473.4663296,1.0,-1.0,6.0
1775300473.4763296,-3.0,1.0,2.0
1775300473.4863296,-2.0,3.0,3.0
1775300473.4963295,-1.0,4.0,-1.0
1775300473.5063295,-6.0,4.0,-2.0
1775300473.5163295,-3.0,4.0,2.0
1775300473.5263295,0.0,4.0,0.0
1775300473.5363295,-2.0,7.0,0.0
1775300473.5463295,-4.0,6.0,5.0
1775300473.5563295,-5.0,3.0,-2.0
1775300473.5663297,-3.0,3.0,0.0
1775300473.5763297,-5.0,4.0,-4.0
1775300473.5863297,-3.0,5.0,-2.0
1775300473.5963297,-4.0,0.0,1.0
1775300473.6063297,-3.0,0.0,-4.0
1775300473.6163297,-1.0,0.0,3.0
1775300473.6263297,-1.0,-2.0,3.0
1775300473.6363297,-4.0,-2.0,7.0
1775300473.6463296,-2.0,-2.0,7.0
1775300473.6563296,0.0,-1.0,7.0
1775300473.6663296,1.0,1.0,2.0
1775300473.6763296,2.0,1.0,0.0
1775300473.6863296,1.0,0.0,-1.0
1775300473.6963296,-3.0,-1.0,-2.0
1775300473.7063296,0.0,0.0,0.0
1775300473.7163296,0.0,3.0,3.0
1775300473.7263296,3.0,0.0,6.0
1775300473.7363296,4.0,2.0,9.0
1775300473.7463295,5.0,7.0,9.0
1775300473.7563295,4.0,9.0,6.0
1775300473.7663295,5.0,7.0,2.0
1775300473.7763295,8.0,1.0,7.0
1775300473.7863295,6.0,-2.0,6.0
1775300473.7963295,2.0,0.0,10.0
1775300473.8063295,-1.0,2.0,5.0
1775300473.8163297,0.0,4.0,13.0
1775300473.8263297,1.0,4.0,7.0
1775300473.8363297,1.0,1.0,10.0
1775300473.8463297,0.0,0.0,7.0
1775300473.8563297,2.0,-4.0,3.0
1775300473.8663297,-2.0,-5.0,-2.0
1775300473.8763297,-1.0,-3.0,0.0
1775300473.8863297,-3.0,-4.0,3.0
1775300473.8963296,-3.0,-5.0,0.0
1775300473.9063296,0.0,-3.0,0.0
1775300473.9163296,-1.0,-2.0,8.0
1775300473.9263296,-4.0,0.0,11.0
1775300473.9363296,-5.0,-4.0,13.0
1775300473.9463296,-7.0,-4.0,19.0
1775300473.9563296,-1.0,-6.0,17.0
1775300473.9663296,-3.0,-7.0,10.0
1775300473.9763296,0.0,-6.0,0.0
1775300473.9863296,2.0,-2.0,3.0
1775300473.9963295,0.0,-3.0,2.0
1775300474.0063295,1.0,-2.0,5.0
1775300474.0163295,0.0,0.0,2.0
1775300474.0263295,-2.0,4.0,11.0
1775300474.0363295,-1.0,5.0,17.0
1775300474.0463295,-1.0,7.0,13.0
1775300474.0573297,2.0,6.0,9.0
1775300474.0673296,1.0,2.0,15.0
1775300474.0773296,1.0,2.0,18.0
1775300474.0873296,4.0,4.0,15.0
1775300474.0973296,7.0,2.0,12.0
1775300474.1073296,5.0,4.0,10.0
1775300474.1173296,2.0,1.0,12.0
1775300474.1273296,2.0,4.0,15.0
1775300474.1373296,1.0,0.0,10.0
1775300474.1473296,2.0,-2.0,10.0
1775300474.1573296,-3.0,-5.0,7.0
1775300474.1673295,-2.0,-8.0,6.0
1775300474.1773295,-4.0,-9.0,12.0
1775300474.1873295,-7.0,-6.0,11.0
1775300474.1973295,-5.0,-6.0,9.0
1775300474.2073295,-2.0,-1.0,8.0
1775300474.2173295,0.0,0.0,7.0
1775300474.2273295,-1.0,1.0,8.0
1775300474.2373295,-2.0,3.0,7.0
1775300474.2473297,-1.0,5.0,5.0
1775300474.2573297,-1.0,4.0,7.0
1775300474.2673297,-4.0,0.0,-3.0
1775300474.2773297,1.0,1.0,-3.0
1775300474.2873297,1.0,-3.0,-2.0
1775300474.2973297,0.0,-1.0,2.0
1775300474.3073297,5.0,-2.0,7.0
1775300474.3173296,4.0,-6.0,11.0
1775300474.3273296,5.0,-3.0,10.0
1775300474.3373296,6.0,-2.0,13.0
1775300474.3473296,5.0,-3.0,14.0
1775300474.3573296,6.0,-3.0,7.0
1775300474.3673296,7.0,-3.0,1.0
1775300474.3773296,0.0,-2.0,6.0
1775300474.3873296,1.0,0.0,4.0
1775300474.3973296,5.0,2.0,10.0
1775300474.4073296,6.0,0.0,0.0
1775300474.4173295,5.0,-5.0,3.0
1775300474.4273295,2.0,-8.0,7.0
1775300474.4373295,0.0,-8.0,8.0
1775300474.4473295,-3.0,-3.0,9.0
1775300474.4573295,-4.0,-5.0,5.0
1775300474.4673295,3.0,0.0,7.0
1775300474.4773295,3.0,0.0,14.0
1775300474.4873295,4.0,0.0,15.0
1775300474.4973297,5.0,0.0,10.0
1775300474.5073297,3.0,0.0,9.0
1775300474.5173297,0.0,1.0,11.0
1775300474.5273297,4.0,2.0,16.0
1775300474.5373297,0.0,7.0,19.0
1775300474.5473297,-5.0,7.0,15.0
1775300474.5573297,-2.0,6.0,14.0
1775300474.5683296,-1.0,7.0,11.0
1775300474.5773296,-1.0,6.0,7.0
1775300474.5873296,-1.0,6.0,7.0
1775300474.5973296,-3.0,3.0,6.0
1775300474.6073296,-5.0,1.0,2.0
1775300474.6173296,-1.0,3.0,5.0
1775300474.6273296,-5.0,2.0,8.0
1775300474.6373296,0.0,1.0,7.0
1775300474.6473296,2.0,0.0,8.0
1775300474.6573296,4.0,-4.0,9.0
1775300474.6673295,0.0,-9.0,12.0
1775300474.6773295,2.0,-10.0,9.0
1775300474.6873295,0.0,-6.0,13.0
1775300474.6973295,3.0,-3.0,9.0
1775300474.7073295,2.0,-2.0,10.0
1775300474.7173295,-1.0,0.0,11.0
1775300474.7273295,-4.0,-4.0,17.0
1775300474.7383296,1.0,-5.0,14.0
1775300474.7473297,3.0,-6.0,14.0
1775300474.7573297,3.0,-4.0,7.0
1775300474.7673297,4.0,-3.0,10.0
1775300474.7773297,2.0,-4.0,10.0
1775300474.7873297,0.0,-2.0,11.0
1775300474.7973297,1.0,-2.0,10.0
1775300474.8073297,2.0,-4.0,10.0
1775300474.8173296,3.0,-1.0,6.0
1775300474.8273296,3.0,-7.0,4.0
1775300474.8373296,3.0,-8.0,8.0
1775300474.8473296,3.0,-5.0,11.0
1775300474.8573296,0.0,-3.0,13.0
1775300474.8673296,-1.0,0.0,6.0
1775300474.8773296,0.0,0.0,9.0
1775300474.8873296,1.0,-6.0,4.0
1775300474.8973296,-1.0,-2.0,3.0
1775300474.9073296,0.0,0.0,2.0
1775300474.9173295,0.0,1.0,4.0
1775300474.9273295,1.0,0.0,4.0
1775300474.9373295,0.0,-1.0,2.0
1775300474.9473295,-2.0,1.0,1.0
1775300474.9573295,-4.0,3.0,5.0
1775300474.9673295,-2.0,5.0,9.0
1775300474.9773295,-2.0,1.0,11.0
1775300474.9873295,-1.0,1.0,12.0
1775300474.9973297,-3.0,-3.0,5.0
1775300475.0073297,-7.0,-1.0,1.0
1775300475.0173297,-7.0,-2.0,8.0
1775300475.0273297,-8.0,-3.0,13.0
1775300475.0373297,-5.0,0.0,16.0
1775300475.0473297,-5.0,-2.0,16.0
1775300475.0573297,-6.0,-3.0,22.0
1775300475.0673296,-5.0,-5.0,19.0
1775300475.0773296,-1.0,-3.0,23.0
1775300475.0873296,-4.0,-7.0,21.0
1775300475.0973296,-7.0,-3.0,10.0
1775300475.1073296,-6.0,1.0,6.0
1775300475.1173296,-9.0,-3.0,9.0
1775300475.1273296,-6.0,-4.0,6.0
1775300475.1373296,-2.0,-5.0,4.0
1775300475.1473296,-2.0,-3.0,5.0
1775300475.1573296,0.0,-1.0,13.0
1775300475.1673295,-3.0,-1.0,16.0
1775300475.1773295,0.0,1.0,13.0
1775300475.1873295,0.0,1.0,15.0
1775300475.1973295,-1.0,4.0,17.0
1775300475.2073295,0.0,6.0,15.0
1775300475.2173295,6.0,2.0,16.0
1775300475.2273295,4.0,2.0,13.0
1775300475.2373295,3.0,2.0,13.0
1775300475.2473297,0.0,0.0,13.0
1775300475.2573297,0.0,-2.0,18.0
1775300475.2673297,3.0,-2.0,16.0
1775300475.2773297,4.0,-5.0,15.0
1775300475.2873297,3.0,-5.0,16.0
1775300475.2973297,2.0,-5.0,19.0
1775300475.3073297,0.0,-6.0,19.0
1775300475.3173296,1.0,-7.0,16.0
1775300475.3273296,3.0,-4.0,10.0
1775300475.3373296,2.0,-2.0,10.0
1775300475.3473296,1.0,-4.0,12.0
1775300475.3573296,-4.0,-4.0,13.0
1775300475.3673296,-5.0,-3.0,14.0
1775300475.3773296,-3.0,-3.0,8.0
1775300475.3873296,-4.0,-6.0,15.0
1775300475.3973296,-1.0,-4.0,3.0
1775300475.4073296,0.0,-5.0,1.0
1775300475.4173295,2.0,-6.0,5.0
1775300475.4273295,1.0,-6.0,6.0
1775300475.4373295,3.0,0.0,4.0
1775300475.4473295,4.0,0.0,0.0
1775300475.4573295,6.0,0.0,-3.0
1775300475.4673295,4.0,-1.0,-3.0
1775300475.4773295,-1.0,-2.0,1.0
1775300475.4873295,-4.0,-2.0,2.0
1775300475.4973297,-3.0,0.0,2.0
1775300475.5073297,-4.0,3.0,4.0
1775300475.5173297,1.0,1.0,7.0
1775300475.5273297,-1.0,0.0,4.0
1775300475.5373297,1.0,0.0,3.0
1775300475.5473297,5.0,0.0,3.0
1775300475.5573297,-2.0,0.0,3.0
1775300475.5673296,1.0,0.0,15.0
1775300475.5773296,-1.0,0.0,11.0
1775300475.5873296,-1.0,0.0,10.0
1775300475.5973296,0.0,1.0,10.0
1775300475.6073296,-3.0,3.0,11.0
1775300475.6173296,0.0,4.0,6.0
1775300475.6273296,0.0,4.0,7.0
1775300475.6373296,0.0,4.0,6.0
1775300475.6473296,0.0,1.0,7.0
1775300475.6573296,1.0,-1.0,7.0
1775300475.6673295,0.0,0.0,9.0
1775300475.6773295,2.0,1.0,3.0
1775300475.6873295,1.0,2.0,2.0
1775300475.6973295,1.0,-1.0,-3.0
1775300475.7073295,0.0,-2.0,2.0
1775300475.7173295,-4.0,-2.0,7.0
1775300475.7273295,-6.0,-3.0,10.0
1775300475.7373295,-5.0,-2.0,8.0
1775300475.7473297,-8.0,-3.0,9.0
1775300475.7573297,-11.0,-2.0,6.0
1775300475.7673297,-8.0,-1.0,3.0
1775300475.7773297,-9.0,-1.0,0.0
1775300475.7873297,-9.0,0.0,2.0
1775300475.7973297,-5.0,1.0,9.0
1775300475.8073297,-4.0,-2.0,8.0
1775300475.8173296,-1.0,0.0,11.0
1775300475.8273296,4.0,0.0,14.0
1775300475.8373296,1.0,0.0,5.0
1775300475.8473296,0.0,-7.0,8.0
1775300475.8573296,0.0,-4.0,8.0
1775300475.8673296,-3.0,-4.0,9.0
1775300475.8773296,-6.0,-2.0,7.0
1775300475.8873296,-7.0,-4.0,8.0
1775300475.8973296,-6.0,-1.0,3.0
1775300475.9073296,-1.0,0.0,1.0
1775300475.9173295,1.0,5.0,4.0
1775300475.9273295,-5.0,4.0,9.0
1775300475.9373295,-5.0,1.0,10.0
1775300475.9473295,-3.0,3.0,15.0
1775300475.9573295,-3.0,0.0,16.0
1775300475.9673295,-1.0,1.0,22.0
1775300475.9773295,1.0,1.0,18.0
1775300475.9873295,1.0,0.0,23.0
1775300475.9973297,-1.0,2.0,18.0
1775300476.0073297,-3.0,2.0,13.0
1775300476.0173297,-3.0,1.0,13.0
1775300476.0273297,-5.0,-2.0,8.0
1775300476.0373297,-7.0,-2.0,8.0
1775300476.0473297,-5.0,-4.0,4.0
1775300476.0573297,-3.0,-3.0,9.0
1775300476.0673296,-7.0,-2.0,4.0
1775300476.0773296,-2.0,2.0,1.0
1775300476.0873296,-3.0,1.0,8.0
1775300476.0973296,0.0,0.0,4.0
1775300476.1073296,-1.0,3.0,-1.0
1775300476.1173296,-2.0,1.0,-1.0
1775300476.1273296,2.0,2.0,0.0
1775300476.1373296,6.0,0.0,12.0
1775300476.1473296,3.0,0.0,8.0
1775300476.1573296,2.0,-1.0,2.0
1775300476.1673295,-1.0,-4.0,1.0
1775300476.1773295,-1.0,-3.0,6.0
1775300476.1873295,0.0,0.0,3.0
1775300476.1973295,0.0,-1.0,3.0
1775300476.2073295,3.0,-5.0,6.0
1775300476.2173295,-2.0,-5.0,8.0
1775300476.2273295,3.0,-3.0,3.0
1775300476.2373295,5.0,-1.0,7.0
1775300476.2473297,7.0,0.0,11.0
1775300476.2573297,6.0,0.0,16.0
1775300476.2673297,4.0,-1.0,13.0
1775300476.2773297,0.0,-2.0,14.0
1775300476.2873297,1.0,0.0,18.0
1775300476.2973297,-1.0,0.0,14.0
1775300476.3073297,-2.0,3.0,13.0
1775300476.3173296,-2.0,0.0,21.0
1775300476.3273296,1.0,-2.0,24.0
1775300476.3383296,9.0,-1.0,27.0
1775300476.3483295,6.0,0.0,30.0
1775300476.3583295,2.0,0.0,34.0
1775300476.3683295,2.0,-2.0,31.0
1775300476.3783295,4.0,-2.0,18.0
1775300476.3883295,0.0,-2.0,15.0
1775300476.3983295,0.0,-3.0,14.0
1775300476.4083295,-1.0,-9.0,15.0
1775300476.4183297,0.0,-6.0,14.0
1775300476.4283297,-1.0,-2.0,14.0
1775300476.4383297,-3.0,-3.0,5.0
1775300476.4483297,-8.0,-2.0,7.0
1775300476.4583297,-6.0,-3.0,11.0
1775300476.4683297,2.0,0.0,5.0
1775300476.4783297,2.0,3.0,6.0
1775300476.4883296,5.0,4.0,13.0
1775300476.4983296,2.0,3.0,11.0
1775300476.5083296,0.0,4.0,5.0
1775300476.5183296,-3.0,4.0,5.0
1775300476.5283296,-1.0,2.0,6.0
1775300476.5383296,0.0,0.0,6.0
1775300476.5483296,0.0,1.0,2.0
1775300476.5583296,2.0,-1.0,3.0
1775300476.5683296,1.0,-2.0,8.0
1775300476.5783296,-3.0,-2.0,9.0
1775300476.5883296,-4.0,-3.0,12.0
1775300476.5983295,-6.0,-3.0,7.0
1775300476.6083295,-6.0,-3.0,9.0
1775300476.6183295,-9.0,-5.0,9.0
1775300476.6283295,-7.0,-4.0,12.0
1775300476.6383295,-6.0,-4.0,10.0
1775300476.6483295,-4.0,0.0,6.0
1775300476.6583295,-5.0,0.0,8.0
1775300476.6683297,-2.0,-1.0,9.0
1775300476.6783297,2.0,-3.0,8.0
1775300476.6883297,1.0,-1.0,11.0
1775300476.6983297,-2.0,-1.0,11.0
1775300476.7083297,-2.0,-1.0,8.0
1775300476.7183297,-2.0,2.0,3.0
1775300476.7283297,-3.0,3.0,4.0
1775300476.7383296,-7.0,1.0,7.0
1775300476.7483296,-5.0,3.0,4.0
1775300476.7583296,-3.0,1.0,1.0
1775300476.7683296,-3.0,1.0,7.0
1775300476.7783296,-5.0,0.0,2.0
1775300476.7883296,-3.0,0.0,2.0
1775300476.7983296,0.0,1.0,4.0
1775300476.8083296,0.0,-1.0,8.0
1775300476.8183296,-4.0,0.0,11.0
1775300476.8283296,-8.0,0.0,8.0
1775300476.8383296,-2.0,-3.0,10.0
1775300476.8483295,-1.0,-5.0,9.0
1775300476.8583295,-1.0,-7.0,17.0
1775300476.8683295,1.0,-5.0,21.0
1775300476.8783295,2.0,-9.0,19.0
1775300476.8883295,0.0,-12.0,7.0
1775300476.8983295,0.0,-8.0,4.0
1775300476.9083295,-2.0,-8.0,7.0
1775300476.9183297,-1.0,-5.0,10.0
1775300476.9283297,0.0,-6.0,14.0
1775300476.9383297,1.0,-4.0,16.0
1775300476.9483297,1.0,-2.0,17.0
1775300476.9583297,1.0,-1.0,14.0
1775300476.9683297,0.0,0.0,13.0
1775300476.9783297,-1.0,3.0,12.0
1775300476.9883296,-2.0,3.0,18.0
1775300476.9983296,0.0,2.0,17.0
1775300477.0083296,0.0,2.0,11.0
1775300477.0183296,-2.0,2.0,15.0
1775300477.0283296,-7.0,1.0,13.0
1775300477.0383296,-10.0,-2.0,7.0
1775300477.0483296,-7.0,-3.0,8.0
1775300477.0583296,0.0,0.0,10.0
1775300477.0683296,0.0,-2.0,16.0
1775300477.0783296,2.0,-1.0,20.0
1775300477.0883296,-3.0,-2.0,19.0
1775300477.0983295,-3.0,-3.0,11.0
1775300477.1083295,-5.0,-2.0,10.0
1775300477.1183295,-7.0,-2.0,13.0
1775300477.1283295,-6.0,-3.0,7.0
1775300477.1383295,-7.0,-1.0,10.0
1775300477.1483295,-4.0,-3.0,6.0
1775300477.1583295,-3.0,-1.0,8.0
1775300477.1683297,4.0,-4.0,5.0
1775300477.1783297,4.0,-2.0,12.0
1775300477.1883297,2.0,-1.0,16.0
1775300477.1983297,-2.0,1.0,11.0
1775300477.2083297,-6.0,3.0,7.0
1775300477.2183297,-2.0,3.0,7.0
1775300477.2283297,0.0,-2.0,7.0
1775300477.2383296,3.0,0.0,10.0
1775300477.2483296,-1.0,0.0,12.0
1775300477.2583296,-1.0,-1.0,11.0
1775300477.2683296,1.0,-2.0,13.0
1775300477.2783296,-1.0,-3.0,20.0
1775300477.2883296,-1.0,-3.0,12.0
1775300477.2983296,-1.0,-1.0,18.0
1775300477.3083296,1.0,-7.0,16.0
1775300477.3183296,3.0,-7.0,14.0
1775300477.3283296,2.0,-7.0,7.0
1775300477.3383296,4.0,-7.0,0.0
1775300477.3483295,3.0,-3.0,-1.0
1775300477.3583295,3.0,-1.0,-1.0
1775300477.3683295,2.0,0.0,0.0
1775300477.3783295,1.0,0.0,-1.0
1775300477.3883295,1.0,2.0,4.0
1775300477.3983295,-2.0,3.0,6.0
1775300477.4083295,-3.0,0.0,3.0
1775300477.4183297,-5.0,0.0,5.0
1775300477.4283297,-9.0,0.0,7.0
1775300477.4383297,-7.0,0.0,17.0
1775300477.4483297,-3.0,-2.0,19.0
1775300477.4583297,0.0,-5.0,15.0
1775300477.4683297,-4.0,-1.0,13.0
1775300477.4783297,-1.0,-3.0,10.0
1775300477.4883296,-4.0,-5.0,1.0
1775300477.4983296,-3.0,-4.0,7.0
1775300477.5083296,-2.0,2.0,6.0
1775300477.5183296,-2.0,4.0,5.0
1775300477.5283296,-3.0,0.0,8.0
1775300477.5383296,-1.0,1.0,8.0
1775300477.5483296,-3.0,-1.0,12.0
1775300477.5583296,-3.0,-4.0,16.0
1775300477.5683296,0.0,-4.0,15.0
1775300477.5783296,-2.0,-7.0,10.0
1775300477.5883296,-4.0,-4.0,8.0
1775300477.5983295,-4.0,0.0,7.0
1775300477.6083295,-7.0,-2.0,7.0
1775300477.6183295,-7.0,2.0,7.0
1775300477.6283295,-8.0,4.0,13.0
1775300477.6383295,-10.0,5.0,12.0
1775300477.6483295,-7.0,4.0,15.0
1775300477.6583295,-11.0,4.0,18.0
1775300477.6683297,-6.0,1.0,16.0
1775300477.6783297,-3.0,0.0,7.0
1775300477.6883297,-5.0,0.0,9.0
1775300477.6983297,-5.0,-1.0,3.0
1775300477.7083297,0.0,-4.0,4.0
1775300477.7183297,0.0,-4.0,4.0
1775300477.7283297,0.0,-7.0,1.0
1775300477.7383296,4.0,-11.0,-5.0
1775300477.7483296,2.0,-6.0,-1.0
1775300477.7583296,1.0,-1.0,11.0
1775300477.7683296,1.0,-1.0,13.0
1775300477.7783296,7.0,0.0,15.0
1775300477.7883296,4.0,4.0,11.0
1775300477.7983296,4.0,6.0,8.0
1775300477.8083296,3.0,4.0,7.0
1775300477.8183296,0.0,3.0,7.0
1775300477.8283296,-2.0,1.0,5.0
1775300477.8383296,-3.0,4.0,5.0
1775300477.8483295,0.0,6.0,10.0
1775300477.8583295,-2.0,6.0,11.0
1775300477.8683295,-2.0,7.0,9.0
1775300477.8783295,-2.0,6.0,16.0
1775300477.8883295,-2.0,4.0,16.0
1775300477.8983295,-3.0,7.0,19.0
1775300477.9083295,1.0,5.0,15.0
1775300477.9183297,-2.0,3.0,14.0
1775300477.9283297,-2.0,2.0,12.0
1775300477.9383297,0.0,0.0,11.0
1775300477.9483297,0.0,-3.0,6.0
1775300477.9583297,0.0,-1.0,9.0
1775300477.9683297,-1.0,-1.0,8.0
1775300477.9783297,-3.0,-3.0,-3.0
1775300477.9883296,-7.0,-4.0,-8.0
1775300477.9983296,-7.0,-1.0,-2.0
1775300478.0083296,-2.0,1.0,5.0
1775300478.0183296,-5.0,2.0,11.0
1775300478.0283296,-9.0,0.0,11.0
1775300478.0383296,-7.0,2.0,5.0
1775300478.0483296,-7.0,1.0,3.0
1775300478.0583296,-2.0,0.0,0.0
1775300478.0683296,-2.0,0.0,-3.0
1775300478.0783296,0.0,-2.0,3.0
1775300478.0883296,0.0,0.0,4.0
1775300478.0983295,-5.0,0.0,4.0
1775300478.1083295,-3.0,2.0,9.0
1775300478.1183295,-1.0,-1.0,12.0
1775300478.1283295,-3.0,-2.0,10.0
1775300478.1383295,0.0,-3.0,3.0
1775300478.1483295,3.0,-1.0,6.0
1775300478.1583295,-1.0,0.0,3.0
1775300478.1683297,-2.0,2.0,4.0
1775300478.1783297,-1.0,3.0,0.0
1775300478.1883297,3.0,2.0,2.0
1775300478.1983297,4.0,0.0,4.0
1775300478.2083297,1.0,0.0,4.0
1775300478.2183297,0.0,0.0,3.0
1775300478.2283297,-3.0,-1.0,0.0
1775300478.2383296,-1.0,0.0,4.0
1775300478.2483296,1.0,0.0,14.0
1775300478.2583296,5.0,0.0,23.0
1775300478.2683296,2.0,-1.0,18.0
1775300478.2783296,2.0,-3.0,13.0
1775300478.2883296,0.0,-3.0,14.0
1775300478.2983296,-1.0,-3.0,19.0
1775300478.3083296,-7.0,-6.0,20.0
1775300478.3183296,-8.0,-5.0,15.0
1775300478.3283296,-10.0,0.0,8.0
1775300478.3383296,-8.0,-2.0,0.0
1775300478.3483295,-10.0,-6.0,-1.0
1775300478.3583295,-6.0,-5.0,4.0
1775300478.3683295,-2.0,-2.0,2.0
1775300478.3783295,-2.0,0.0,5.0
1775300478.3883295,-1.0,1.0,6.0
1775300478.3983295,1.0,0.0,6.0
1775300478.4083295,3.0,-2.0,9.0
1775300478.4183297,5.0,-5.0,9.0
1775300478.4283297,7.0,-1.0,0.0
1775300478.4383297,6.0,1.0,0.0
1775300478.4483297,5.0,0.0,-5.0
1775300478.4583297,2.0,0.0,-1.0
1775300478.4683297,1.0,0.0,0.0
1775300478.4783297,3.0,-5.0,2.0
1775300478.4883296,5.0,-6.0,5.0
1775300478.4983296,5.0,-7.0,7.0
1775300478.5083296,4.0,-6.0,13.0
1775300478.5183296,6.0,-8.0,13.0
1775300478.5283296,4.0,-7.0,7.0
1775300478.5383296,6.0,-7.0,4.0
1775300478.5483296,2.0,-5.0,6.0
1775300478.5583296,3.0,-1.0,8.0
1775300478.5683296,-1.0,-3.0,14.0
1775300478.5783296,-1.0,-6.0,9.0
1775300478.5883296,-2.0,-9.0,3.0
1775300478.5983295,0.0,-8.0,5.0
1775300478.6083295,0.0,-8.0,1.0
1775300478.6183295,-1.0,-5.0,0.0
1775300478.6283295,-1.0,-7.0,-1.0
1775300478.6393297,0.0,-5.0,-6.0
1775300478.6493297,0.0,-7.0,2.0
1775300478.6593297,0.0,-7.0,6.0
1775300478.6693296,2.0,-5.0,6.0
1775300478.6793296,3.0,-7.0,6.0
1775300478.6893296,-3.0,-10.0,9.0
1775300478.6993296,-8.0,-7.0,9.0
1775300478.7093296,-7.0,-4.0,10.0
1775300478.7193296,-5.0,-4.0,5.0
1775300478.7293296,-2.0,-2.0,4.0
1775300478.7393296,0.0,0.0,12.0
1775300478.7493296,5.0,0.0,12.0
1775300478.7593296,6.0,0.0,12.0
1775300478.7693295,5.0,0.0,12.0
1775300478.7793295,2.0,-1.0,4.0
1775300478.7893295,-2.0,1.0,3.0
1775300478.7993295,-4.0,1.0,3.0
1775300478.8093295,-3.0,2.0,2.0
1775300478.8193295,-3.0,-4.0,0.0
1775300478.8293295,-4.0,-7.0,-6.0
1775300478.8393295,-3.0,-5.0,-5.0
1775300478.8493297,0.0,-4.0,-5.0
1775300478.8593297,3.0,-6.0,-7.0
1775300478.8693297,2.0,-1.0,-8.0
1775300478.8793297,1.0,0.0,-2.0
1775300478.8893297,-1.0,4.0,-3.0
1775300478.8993297,-3.0,3.0,-1.0
1775300478.9093297,-1.0,3.0,-4.0
1775300478.9193296,-2.0,2.0,0.0
1775300478.9293296,-2.0,1.0,-3.0
1775300478.9393296,-4.0,0.0,0.0
1775300478.9493296,1.0,-1.0,2.0
1775300478.9593296,7.0,0.0,-3.0
1775300478.9693296,0.0,2.0,-2.0
1775300478.9793296,-2.0,0.0,1.0
1775300478.9893296,-2.0,1.0,6.0
1775300478.9993296,-3.0,3.0,12.0
1775300479.0093296,-3.0,1.0,13.0
1775300479.0193295,0.0,0.0,7.0
1775300479.0293295,0.0,-4.0,8.0
1775300479.0393295,0.0,-4.0,11.0
1775300479.0493295,1.0,-4.0,14.0
1775300479.0593295,1.0,-5.0,7.0
1775300479.0693295,0.0,-4.0,5.0
1775300479.0793295,-2.0,-4.0,3.0
1775300479.0893295,-1.0,-7.0,4.0
1775300479.0993297,0.0,-7.0,8.0
1775300479.1093297,0.0,-3.0,9.0
1775300479.1193297,2.0,-3.0,10.0
1775300479.1293297,0.0,-4.0,8.0
1775300479.1393297,-1.0,-3.0,6.0
1775300479.1493297,3.0,-4.0,6.0
1775300479.1593297,1.0,-1.0,2.0
1775300479.1693296,3.0,-1.0,3.0
1775300479.1793296,-1.0,0.0,2.0
1775300479.1893296,-5.0,-2.0,1.0
1775300479.1993296,0.0,-4.0,4.0
1775300479.2093296,-1.0,-7.0,4.0
1775300479.2193296,-2.0,-6.0,8.0
1775300479.2293296,-1.0,-5.0,7.0
1775300479.2393296,1.0,-3.0,10.0
1775300479.2493296,0.0,-3.0,9.0
1775300479.2593296,-1.0,-3.0,5.0
1775300479.2693295,0.0,-4.0,6.0
1775300479.2793295,-1.0,-1.0,10.0
1775300479.2893295,-1.0,0.0,7.0
1775300479.2993295,-1.0,1.0,7.0
1775300479.3093295,-1.0,-1.0,10.0
1775300479.3193295,-1.0,-5.0,9.0
1775300479.3293295,-4.0,-4.0,10.0
1775300479.3393295,-3.0,-7.0,10.0
1775300479.3493297,-1.0,-7.0,4.0
1775300479.3593297,-3.0,-5.0,3.0
1775300479.3693297,-2.0,-2.0,10.0
1775300479.3793297,0.0,-1.0,14.0
1775300479.3893297,-1.0,-4.0,17.0
1775300479.3993297,0.0,-1.0,9.0
1775300479.4093297,-2.0,-2.0,0.0
1775300479.4193296,-3.0,-3.0,-5.0
1775300479.4293296,-3.0,-8.0,-9.0
1775300479.4393296,-1.0,-9.0,-1.0
1775300479.4493296,0.0,-6.0,2.0
1775300479.4593296,-1.0,-7.0,3.0
1775300479.4693296,-2.0,-11.0,0.0
1775300479.4793296,-3.0,-11.0,-2.0
1775300479.4893296,-1.0,-8.0,0.0
1775300479.4993296,-2.0,-7.0,5.0
1775300479.5093296,-4.0,-7.0,5.0
1775300479.5193295,-4.0,-6.0,8.0
1775300479.5293295,-4.0,-2.0,9.0
1775300479.5393295,-6.0,-4.0,10.0
1775300479.5493295,-8.0,-7.0,9.0
1775300479.5593295,-6.0,-6.0,8.0
1775300479.5693295,-7.0,-4.0,6.0
1775300479.5793295,-4.0,-3.0,1.0
1775300479.5893295,-5.0,-6.0,3.0
1775300479.5993297,0.0,-8.0,0.0
1775300479.6093297,2.0,-5.0,0.0
1775300479.6193297,-4.0,-6.0,-1.0
1775300479.6293297,-3.0,-3.0,0.0
1775300479.6393297,-4.0,0.0,3.0
1775300479.6493297,-1.0,0.0,8.0
1775300479.6593297,5.0,0.0,10.0
1775300479.6693296,4.0,-2.0,4.0
1775300479.6793296,0.0,0.0,1.0
1775300479.6893296,2.0,0.0,0.0
1775300479.6993296,3.0,0.0,-3.0
1775300479.7093296,0.0,2.0,4.0
1775300479.7193296,-2.0,0.0,9.0
1775300479.7293296,-1.0,1.0,10.0
1775300479.7393296,1.0,0.0,13.0
1775300479.7493296,3.0,0.0,11.0
1775300479.7593296,8.0,-2.0,5.0
1775300479.7693295,14.0,-9.0,1.0
1775300479.7793295,9.0,-9.0,-4.0
1775300479.7893295,4.0,-4.0,-2.0
1775300479.7993295,3.0,-4.0,5.0
1775300479.8093295,6.0,-5.0,11.0
1775300479.8193295,7.0,0.0,10.0
1775300479.8293295,3.0,0.0,11.0
1775300479.8393295,0.0,1.0,9.0
1775300479.8493297,-1.0,0.0,15.0
1775300479.8593297,-6.0,0.0,19.0
1775300479.8693297,-4.0,-3.0,15.0
1775300479.8793297,-4.0,-1.0,14.0
1775300479.8893297,-3.0,-4.0,15.0
1775300479.8993297,-1.0,-5.0,14.0
1775300479.9093297,-1.0,-5.0,14.0
1775300479.9193296,-1.0,-5.0,7.0
1775300479.9293296,2.0,-2.0,5.0
1775300479.9393296,7.0,-3.0,9.0
1775300479.9493296,3.0,-1.0,8.0
1775300479.9593296,1.0,-6.0,3.0
1775300479.9693296,5.0,-7.0,5.0
1775300479.9793296,1.0,-6.0,12.0
1775300479.9893296,-4.0,-3.0,14.0
1775300479.9993296,-4.0,-3.0,17.0
1775300480.0093296,-7.0,-5.0,11.0
1775300480.0193295,-4.0,-5.0,11.0
1775300480.0293295,-3.0,-6.0,15.0
1775300480.0393295,-5.0,-4.0,13.0
1775300480.0493295,-7.0,0.0,16.0
1775300480.0593295,-2.0,0.0,20.0
1775300480.0693295,4.0,-1.0,21.0
1775300480.0793295,7.0,-3.0,16.0
1775300480.0893295,4.0,2.0,13.0
1775300480.0993297,5.0,2.0,14.0
1775300480.1093297,5.0,5.0,13.0
1775300480.1193297,0.0,7.0,8.0
1775300480.1293297,5.0,9.0,4.0
1775300480.1393297,5.0,11.0,8.0
1775300480.1493297,8.0,12.0,10.0
1775300480.1593297,11.0,10.0,12.0
1775300480.1693296,10.0,4.0,11.0
1775300480.1793296,6.0,0.0,17.0
1775300480.1893296,-1.0,-4.0,17.0
1775300480.1993296,-2.0,-7.0,9.0
1775300480.2093296,-5.0,-6.0,5.0
1775300480.2193296,-4.0,-3.0,8.0
1775300480.2293296,-4.0,-1.0,2.0
1775300480.2393296,-3.0,-2.0,4.0
1775300480.2493296,-2.0,0.0,8.0
1775300480.2593296,-4.0,0.0,5.0
1775300480.2693295,-2.0,0.0,11.0
1775300480.2793295,-2.0,-4.0,5.0
1775300480.2893295,-2.0,-1.0,7.0
1775300480.2993295,-5.0,-2.0,4.0
1775300480.3093295,-3.0,-5.0,10.0
1775300480.3193295,0.0,-6.0,12.0
1775300480.3293295,1.0,-5.0,12.0
1775300480.3393295,0.0,0.0,14.0
1775300480.3493297,-3.0,-7.0,10.0
1775300480.3593297,-3.0,-9.0,8.0
1775300480.3693297,-8.0,-8.0,6.0
1775300480.3793297,-5.0,-6.0,8.0
1775300480.3893297,-2.0,-8.0,10.0
1775300480.3993297,-4.0,-5.0,8.0
1775300480.4093297,-3.0,0.0,8.0
1775300480.4193296,-6.0,0.0,10.0
1775300480.4293296,-8.0,2.0,7.0
1775300480.4393296,-10.0,2.0,9.0
1775300480.4493296,-10.0,3.0,6.0
1775300480.4593296,-8.0,3.0,7.0
1775300480.4693296,-7.0,2.0,6.0
1775300480.4793296,-5.0,4.0,7.0
1775300480.4893296,-4.0,0.0,7.0
1775300480.4993296,-7.0,-1.0,9.0
1775300480.5093296,-4.0,0.0,12.0
1775300480.5193295,0.0,4.0,12.0
1775300480.5293295,3.0,4.0,6.0
1775300480.5393295,1.0,4.0,6.0
1775300480.5493295,0.0,1.0,6.0
1775300480.5593295,0.0,-1.0,4.0
1775300480.5693295,2.0,-2.0,5.0
1775300480.5793295,1.0,-1.0,6.0
1775300480.5893295,0.0,-3.0,4.0
1775300480.5993297,-3.0,0.0,10.0
1775300480.6093297,-5.0,0.0,11.0
1775300480.6193297,-2.0,-4.0,8.0
1775300480.6293297,0.0,-9.0,6.0
1775300480.6393297,4.0,-8.0,4.0
1775300480.6493297,4.0,-8.0,5.0
1775300480.6593297,0.0,-7.0,8.0
1775300480.6693296,-2.0,-8.0,15.0
1775300480.6793296,0.0,-10.0,15.0
1775300480.6893296,-3.0,-9.0,13.0
1775300480.6993296,-4.0,-7.0,12.0
1775300480.7093296,0.0,-3.0,10.0
1775300480.7193296,2.0,-2.0,4.0
1775300480.7293296,3.0,-3.0,7.0
1775300480.7393296,8.0,0.0,5.0
1775300480.7493296,7.0,-2.0,14.0
1775300480.7593296,2.0,-2.0,10.0
1775300480.7693295,-1.0,-1.0,8.0
1775300480.7803297,0.0,0.0,4.0
1775300480.7893295,-2.0,-1.0,5.0
1775300480.7993295,-1.0,-1.0,9.0
1775300480.8093295,-1.0,0.0,9.0
1775300480.8193295,0.0,-4.0,11.0
1775300480.8293295,2.0,-3.0,16.0
1775300480.8393295,1.0,-3.0,15.0
1775300480.8493297,-1.0,1.0,15.0
1775300480.8593297,1.0,-1.0,11.0
1775300480.8693297,1.0,-1.0,10.0
1775300480.8793297,0.0,-3.0,6.0
1775300480.8893297,-2.0,0.0,3.0
1775300480.8993297,-1.0,-1.0,9.0
1775300480.9103296,-2.0,-5.0,6.0
1775300480.9203296,3.0,-4.0,5.0
1775300480.9303296,2.0,0.0,7.0
1775300480.9403296,2.0,-1.0,17.0
1775300480.9503295,-1.0,3.0,13.0
1775300480.9603295,-4.0,6.0,15.0
1775300480.9703295,4.0,5.0,9.0
1775300480.9803295,8.0,3.0,10.0
1775300480.9903295,8.0,1.0,12.0
1775300481.0003295,3.0,-1.0,8.0
1775300481.0103295,3.0,0.0,3.0
1775300481.0203297,3.0,0.0,10.0
1775300481.0303297,0.0,2.0,12.0
1775300481.0393295,3.0,4.0,11.0
1775300481.0503297,3.0,0.0,5.0
1775300481.0603297,0.0,1.0,3.0
1775300481.0703297,2.0,0.0,4.0
1775300481.0803297,0.0,0.0,-1.0
1775300481.0903296,-2.0,0.0,1.0
1775300481.1003296,-1.0,0.0,4.0
1775300481.1103296,2.0,3.0,6.0
1775300481.1203296,5.0,0.0,13.0
1775300481.1303296,6.0,2.0,17.0
1775300481.1403296,1.0,3.0,13.0
1775300481.1503296,2.0,3.0,6.0
1775300481.1603296,1.0,2.0,-3.0
1775300481.1703296,-2.0,1.0,-2.0
1775300481.1803296,-1.0,0.0,2.0
1775300481.1903296,0.0,0.0,8.0
1775300481.2003295,-1.0,-2.0,11.0
1775300481.2103295,-3.0,-1.0,13.0
1775300481.2203295,-2.0,-2.0,13.0
1775300481.2303295,-3.0,-5.0,8.0
1775300481.2403295,-2.0,0.0,6.0
1775300481.2503295,-1.0,1.0,6.0
1775300481.2603295,0.0,2.0,4.0
1775300481.2703297,0.0,4.0,3.0
1775300481.2803297,0.0,1.0,8.0
1775300481.2903297,0.0,2.0,12.0
1775300481.3003297,-3.0,0.0,16.0
1775300481.3103297,-6.0,2.0,14.0
1775300481.3203297,-2.0,1.0,9.0
1775300481.3303297,-3.0,1.0,7.0
1775300481.3403296,-5.0,-3.0,0.0
1775300481.3503296,-3.0,-6.0,-1.0
1775300481.3603296,0.0,-1.0,10.0
1775300481.3703296,1.0,1.0,12.0
1775300481.3803296,-1.0,2.0,17.0
1775300481.3903296,0.0,1.0,16.0
1775300481.4003296,4.0,1.0,9.0
1775300481.4103296,10.0,0.0,5.0
1775300481.4203296,12.0,-2.0,1.0
1775300481.4303296,8.0,-2.0,1.0
1775300481.4403296,4.0,-2.0,-3.0
1775300481.4503295,0.0,-1.0,0.0
1775300481.4603295,-3.0,-3.0,8.0
1775300481.4703295,-4.0,-5.0,13.0
1775300481.4803295,-6.0,-2.0,16.0
1775300481.4903295,-5.0,0.0,21.0
1775300481.5003295,-2.0,-2.0,22.0
1775300481.5103295,-2.0,0.0,15.0
1775300481.5203297,-3.0,-4.0,5.0
1775300481.5303297,-3.0,-5.0,3.0
1775300481.5403297,-4.0,-3.0,0.0
1775300481.5503297,-2.0,-2.0,1.0
1775300481.5603297,0.0,0.0,1.0
1775300481.5703297,-4.0,-6.0,0.0
1775300481.5803297,-5.0,-4.0,4.0
1775300481.5903296,-4.0,-5.0,8.0
1775300481.6003296,-9.0,-2.0,7.0
1775300481.6103296,-11.0,3.0,7.0
1775300481.6203296,-10.0,1.0,3.0
1775300481.6303296,-8.0,-1.0,7.0
1775300481.6403296,-2.0,-7.0,9.0
1775300481.6503296,-1.0,-4.0,2.0
1775300481.6603296,0.0,-3.0,0.0
1775300481.6703296,-1.0,-5.0,0.0
1775300481.6803296,2.0,-4.0,4.0
1775300481.6903296,2.0,-3.0,6.0
1775300481.7003295,5.0,-2.0,5.0
1775300481.7103295,4.0,-3.0,2.0
1775300481.7203295,1.0,-2.0,2.0
1775300481.7303295,0.0,-4.0,6.0
1775300481.7403295,-1.0,-5.0,6.0
1775300481.7503295,-1.0,-1.0,1.0
1775300481.7603295,0.0,-1.0,4.0
1775300481.7703297,-4.0,-1.0,-5.0
1775300481.7803297,-7.0,1.0,-8.0
1775300481.7903297,-11.0,1.0,1.0
1775300481.8003297,-8.0,1.0,2.0
1775300481.8103297,-3.0,5.0,0.0
1775300481.8203297,-4.0,8.0,3.0
1775300481.8303297,-1.0,7.0,4.0
1775300481.8403296,0.0,0.0,4.0
1775300481.8503296,0.0,2.0,6.0
1775300481.8603296,0.0,3.0,9.0
1775300481.8703296,0.0,0.0,11.0
1775300481.8803296,1.0,-4.0,15.0
1775300481.8903296,0.0,-4.0,9.0
1775300481.9003296,2.0,-4.0,10.0
1775300481.9103296,0.0,-5.0,12.0
1775300481.9203296,3.0,-7.0,18.0
1775300481.9303296,6.0,-3.0,10.0
1775300481.9403296,9.0,-2.0,12.0
1775300481.9503295,9.0,-1.0,15.0
1775300481.9603295,11.0,-2.0,13.0
1775300481.9703295,8.0,-2.0,16.0
1775300481.9803295,10.0,-4.0,17.0
1775300481.9903295,10.0,-6.0,17.0
1775300482.0003295,8.0,-6.0,21.0
1775300482.0103295,3.0,-3.0,17.0
1775300482.0203297,0.0,-2.0,16.0
1775300482.0303297,-1.0,-2.0,17.0
1775300482.0403297,2.0,-1.0,20.0
1775300482.0503297,0.0,-1.0,17.0
1775300482.0603297,-2.0,-2.0,16.0
1775300482.0703297,-2.0,0.0,9.0
1775300482.0803297,-2.0,-1.0,4.0
1775300482.0903296,-1.0,2.0,0.0
1775300482.1003296,0.0,1.0,0.0
1775300482.1103296,-2.0,-1.0,-5.0
1775300482.1203296,0.0,-2.0,1.0
1775300482.1303296,1.0,-3.0,7.0
1775300482.1403296,0.0,-6.0,7.0
1775300482.1503296,1.0,-3.0,6.0
1775300482.1603296,1.0,-5.0,14.0
1775300482.1703296,0.0,-5.0,12.0
1775300482.1803296,-2.0,-6.0,7.0
1775300482.1903296,0.0,-5.0,5.0
1775300482.2003295,0.0,-2.0,5.0
1775300482.2103295,-1.0,0.0,5.0
1775300482.2203295,-3.0,0.0,6.0
1775300482.2303295,1.0,0.0,12.0
1775300482.2403295,2.0,2.0,16.0
1775300482.2503295,2.0,3.0,14.0
1775300482.2603295,2.0,3.0,15.0
1775300482.2703297,-2.0,7.0,11.0
1775300482.2803297,-6.0,4.0,13.0
1775300482.2903297,-2.0,3.0,13.0
1775300482.3003297,3.0,2.0,12.0
1775300482.3103297,4.0,1.0,13.0
1775300482.3203297,8.0,0.0,4.0
1775300482.3303297,7.0,-2.0,0.0
1775300482.3403296,8.0,0.0,7.0
1775300482.3503296,6.0,0.0,8.0
1775300482.3603296,0.0,-1.0,8.0
1775300482.3703296,4.0,-2.0,6.0
1775300482.3803296,1.0,-4.0,1.0
1775300482.3903296,0.0,-5.0,0.0
1775300482.4003296,0.0,-2.0,0.0
1775300482.4103296,-2.0,1.0,5.0
1775300482.4203296,-3.0,1.0,5.0
1775300482.4303296,-3.0,3.0,13.0
1775300482.4403296,-3.0,1.0,9.0
1775300482.4503295,0.0,0.0,10.0
1775300482.4603295,2.0,1.0,8.0
1775300482.4703295,3.0,4.0,3.0
1775300482.4803295,4.0,3.0,-1.0
1775300482.4903295,7.0,0.0,0.0
1775300482.5003295,3.0,0.0,-5.0
1775300482.5103295,3.0,0.0,1.0
1775300482.5203297,3.0,1.0,-3.0
1775300482.5303297,3.0,5.0,0.0
1775300482.5403297,1.0,4.0,0.0
1775300482.5503297,-2.0,8.0,1.0
1775300482.5603297,7.0,7.0,0.0
1775300482.5703297,7.0,7.0,7.0
1775300482.5803297,6.0,7.0,5.0
1775300482.5903296,5.0,5.0,7.0
1775300482.6003296,9.0,5.0,10.0
1775300482.6103296,7.0,5.0,14.0
1775300482.6203296,4.0,4.0,12.0
1775300482.6303296,0.0,3.0,5.0
1775300482.6403296,4.0,6.0,11.0
1775300482.6513295,-1.0,5.0,9.0
1775300482.6603296,-3.0,1.0,14.0
1775300482.6703296,-3.0,3.0,7.0
1775300482.6803296,0.0,4.0,3.0
1775300482.6903296,4.0,5.0,-2.0
1775300482.7003295,6.0,0.0,-2.0
1775300482.7103295,5.0,-5.0,-3.0
1775300482.7203295,4.0,-6.0,2.0
1775300482.7303295,3.0,0.0,5.0
1775300482.7403295,-2.0,0.0,4.0
1775300482.7503295,-3.0,3.0,3.0
1775300482.7603295,-2.0,1.0,-1.0
1775300482.7703297,-3.0,3.0,0.0
1775300482.7803297,-2.0,3.0,5.0
1775300482.7903297,-1.0,0.0,1.0
1775300482.8003297,0.0,0.0,9.0
1775300482.8103297,3.0,-5.0,10.0
1775300482.8203297,0.0,0.0,10.0
1775300482.8303297,-4.0,4.0,5.0
1775300482.8403296,-3.0,6.0,0.0
1775300482.8503296,0.0,4.0,4.0
1775300482.8603296,-3.0,0.0,6.0
1775300482.8703296,0.0,1.0,11.0
1775300482.8803296,1.0,2.0,4.0
1775300482.8903296,-1.0,0.0,3.0
1775300482.9003296,0.0,5.0,1.0
1775300482.9103296,2.0,3.0,2.0
1775300482.9203296,5.0,0.0,0.0
1775300482.9303296,3.0,0.0,-1.0
1775300482.9403296,-2.0,0.0,4.0
1775300482.9503295,-2.0,1.0,5.0
1775300482.9603295,-3.0,2.0,6.0
1775300482.9703295,-1.0,2.0,4.0
1775300482.9803295,0.0,2.0,1.0
1775300482.9903295,1.0,3.0,0.0
1775300483.0003295,0.0,5.0,7.0
1775300483.0103295,-1.0,5.0,7.0
1775300483.0203297,-1.0,4.0,5.0
1775300483.0303297,-2.0,4.0,6.0
1775300483.0403297,0.0,2.0,4.0
1775300483.0503297,-1.0,1.0,4.0
1775300483.0603297,-6.0,0.0,9.0
1775300483.0703297,-6.0,3.0,12.0
1775300483.0803297,-4.0,2.0,10.0
1775300483.0903296,-2.0,-1.0,9.0
1775300483.1003296,1.0,0.0,16.0
1775300483.1103296,0.0,4.0,17.0
1775300483.1203296,0.0,5.0,8.0
1775300483.1303296,0.0,7.0,11.0
1775300483.1403296,2.0,3.0,10.0
1775300483.1503296,0.0,0.0,6.0
1775300483.1603296,-1.0,0.0,5.0
1775300483.1713295,0.0,-3.0,8.0
1775300483.1813295,3.0,-3.0,9.0
1775300483.1903296,4.0,-6.0,9.0
1775300483.2013297,4.0,-7.0,8.0
1775300483.2103295,-3.0,-8.0,7.0
1775300483.2213297,0.0,-10.0,14.0
1775300483.2313297,0.0,-11.0,15.0
1775300483.2413297,1.0,-8.0,10.0
1775300483.2513297,2.0,-6.0,7.0
1775300483.2613297,1.0,-5.0,7.0
1775300483.2713296,0.0,-3.0,7.0
1775300483.2813296,0.0,-2.0,4.0
1775300483.2913296,0.0,-6.0,0.0
1775300483.3013296,1.0,-4.0,3.0
1775300483.3113296,2.0,-2.0,0.0
1775300483.3213296,2.0,-3.0,4.0
1775300483.3313296,0.0,-7.0,7.0
1775300483.3413296,-1.0,-4.0,7.0
1775300483.3513296,0.0,0.0,10.0
1775300483.3613296,-5.0,0.0,13.0
1775300483.3713295,-5.0,1.0,16.0
1775300483.3813295,-4.0,2.0,14.0
1775300483.3913295,0.0,2.0,7.0
1775300483.4013295,0.0,0.0,9.0
1775300483.4113295,2.0,1.0,15.0
1775300483.4213295,0.0,-2.0,13.0
1775300483.4313295,-1.0,-1.0,10.0
1775300483.4413297,-6.0,-1.0,10.0
1775300483.4513297,-7.0,-1.0,13.0
1775300483.4613297,-9.0,0.0,13.0
1775300483.4713297,-6.0,0.0,15.0
1775300483.4813297,-3.0,-1.0,13.0
1775300483.4913297,0.0,1.0,10.0
1775300483.5013297,-4.0,0.0,12.0
1775300483.5113297,-6.0,-1.0,10.0
1775300483.5213296,-8.0,-4.0,7.0
1775300483.5313296,-11.0,-4.0,6.0
1775300483.5413296,-11.0,-2.0,2.0
1775300483.5513296,-11.0,0.0,3.0
1775300483.5613296,-10.0,-3.0,3.0
1775300483.5713296,-7.0,-6.0,5.0
1775300483.5813296,-4.0,-4.0,3.0
1775300483.5913296,0.0,-4.0,1.0
1775300483.6013296,0.0,-4.0,-2.0
1775300483.6113296,0.0,-5.0,-8.0
1775300483.6213295,-1.0,-5.0,-9.0
1775300483.6313295,1.0,-5.0,-3.0
1775300483.6413295,0.0,-2.0,-4.0
1775300483.6513295,-1.0,-1.0,-3.0
1775300483.6613295,0.0,0.0,3.0
1775300483.6713295,0.0,0.0,7.0
1775300483.6813295,-4.0,1.0,12.0
1775300483.6913297,-6.0,0.0,6.0
1775300483.7013297,-5.0,2.0,2.0
1775300483.7113297,-5.0,0.0,6.0
1775300483.7213297,-7.0,1.0,10.0
1775300483.7313297,-8.0,3.0,16.0
1775300483.7413297,-7.0,0.0,17.0
1775300483.7513297,-9.0,1.0,10.0
1775300483.7613297,-9.0,-1.0,8.0
1775300483.7713296,-6.0,-2.0,7.0
1775300483.7813296,-1.0,0.0,11.0
1775300483.7913296,1.0,0.0,12.0
1775300483.8013296,2.0,0.0,5.0
1775300483.8113296,0.0,0.0,2.0
1775300483.8213296,0.0,-3.0,1.0
1775300483.8313296,4.0,-3.0,0.0
1775300483.8413296,0.0,-3.0,3.0
1775300483.8523295,1.0,0.0,3.0
1775300483.8613296,3.0,0.0,0.0
1775300483.8713295,3.0,0.0,-7.0
1775300483.8813295,4.0,-2.0,0.0
1775300483.8913295,3.0,-1.0,0.0
1775300483.9013295,4.0,0.0,-1.0
1775300483.9113295,6.0,-3.0,4.0
1775300483.9213295,3.0,-1.0,3.0
1775300483.9313295,1.0,0.0,8.0
1775300483.9413297,0.0,1.0,8.0
1775300483.9513297,0.0,5.0,7.0
1775300483.9613297,-2.0,3.0,12.0
1775300483.9713297,0.0,2.0,10.0
1775300483.9813297,1.0,3.0,5.0
1775300483.9913297,5.0,-1.0,6.0
1775300484.0013297,4.0,5.0,2.0
1775300484.0113297,2.0,2.0,0.0
1775300484.0213296,5.0,1.0,-6.0
1775300484.0313296,7.0,-1.0,-7.0
1775300484.0413296,8.0,1.0,-5.0
1775300484.0513296,8.0,5.0,2.0
1775300484.0613296,9.0,8.0,8.0
1775300484.0713296,6.0,5.0,15.0
1775300484.0813296,0.0,1.0,16.0
1775300484.0913296,1.0,7.0,16.0
1775300484.1013296,1.0,7.0,15.0
1775300484.1113296,1.0,3.0,13.0
1775300484.1213295,-4.0,3.0,11.0
1775300484.1313295,-7.0,4.0,12.0
1775300484.1413295,-7.0,7.0,6.0
1775300484.1513295,-11.0,2.0,0.0
1775300484.1613295,-10.0,6.0,0.0
1775300484.1713295,-8.0,8.0,2.0
1775300484.1813295,3.0,6.0,0.0
1775300484.1913297,6.0,7.0,1.0
1775300484.2013297,3.0,3.0,0.0
1775300484.2113297,1.0,0.0,-3.0
1775300484.2213297,0.0,2.0,-2.0
1775300484.2313297,0.0,5.0,0.0
1775300484.2413297,3.0,4.0,3.0
1775300484.2513297,0.0,1.0,4.0
1775300484.2613297,0.0,0.0,0.0
1775300484.2713296,3.0,0.0,0.0
1775300484.2813296,3.0,-2.0,0.0
1775300484.2913296,-2.0,0.0,0.0
1775300484.3013296,-6.0,0.0,0.0
1775300484.3113296,-8.0,0.0,5.0
1775300484.3213296,-6.0,0.0,9.0
1775300484.3313296,-5.0,0.0,14.0
1775300484.3413296,-3.0,3.0,13.0
1775300484.3513296,-2.0,2.0,10.0
1775300484.3613296,-5.0,1.0,4.0
1775300484.3713295,-3.0,1.0,2.0
1775300484.3813295,-4.0,-3.0,3.0
1775300484.3913295,-2.0,-2.0,7.0
1775300484.4013295,0.0,-2.0,15.0
1775300484.4113295,3.0,0.0,15.0
1775300484.4213295,2.0,-1.0,14.0
1775300484.4313295,0.0,0.0,4.0
1775300484.4413297,0.0,-1.0,3.0
1775300484.4513297,0.0,1.0,3.0
1775300484.4613297,-3.0,2.0,6.0
1775300484.4713297,-1.0,0.0,5.0
1775300484.4813297,-1.0,-2.0,9.0
1775300484.4913297,0.0,-1.0,6.0
1775300484.5013297,3.0,0.0,11.0
1775300484.5113297,0.0,0.0,4.0
1775300484.5213296,0.0,0.0,4.0
1775300484.5313296,1.0,-3.0,3.0
1775300484.5413296,3.0,-5.0,3.0
1775300484.5513296,1.0,0.0,8.0
1775300484.5613296,-3.0,1.0,9.0
1775300484.5713296,-3.0,3.0,11.0
1775300484.5813296,-8.0,3.0,10.0
1775300484.5913296,-6.0,2.0,9.0
1775300484.6013296,-1.0,2.0,7.0
1775300484.6113296,0.0,2.0,5.0
1775300484.6213295,1.0,2.0,9.0
1775300484.6313295,0.0,0.0,10.0
1775300484.6413295,1.0,-1.0,7.0
1775300484.6513295,-1.0,-1.0,6.0
1775300484.6613295,0.0,-4.0,6.0
1775300484.6713295,-1.0,-5.0,11.0
1775300484.6813295,0.0,-7.0,14.0
1775300484.6913297,-1.0,-4.0,9.0
1775300484.7013297,0.0,-6.0,4.0
1775300484.7113297,2.0,-2.0,0.0
1775300484.7213297,4.0,-1.0,-4.0
1775300484.7313297,4.0,0.0,-2.0
1775300484.7413297,1.0,0.0,0.0
1775300484.7513297,0.0,0.0,2.0
1775300484.7613297,-2.0,0.0,-5.0
1775300484.7713296,1.0,1.0,-5.0
1775300484.7813296,0.0,0.0,-2.0
1775300484.7913296,-4.0,3.0,6.0
1775300484.8013296,-5.0,0.0,8.0
1775300484.8113296,-4.0,0.0,8.0
1775300484.8213296,-4.0,-3.0,13.0
1775300484.8313296,-4.0,-1.0,10.0
1775300484.8413296,1.0,-4.0,6.0
1775300484.8513296,-3.0,-2.0,3.0
1775300484.8613296,-2.0,-1.0,3.0
1775300484.8713295,-1.0,0.0,5.0
1775300484.8813295,2.0,1.0,-2.0
1775300484.8913295,1.0,3.0,-3.0
1775300484.9013295,4.0,3.0,1.0
1775300484.9113295,4.0,0.0,0.0
1775300484.9213295,5.0,-2.0,7.0
1775300484.9313295,0.0,-4.0,10.0
1775300484.9413297,-1.0,-5.0,12.0
1775300484.9513297,1.0,-5.0,13.0
1775300484.9613297,0.0,-7.0,13.0
1775300484.9713297,4.0,-7.0,16.0
1775300484.9813297,2.0,-5.0,14.0
1775300484.9913297,-1.0,-2.0,11.0
1775300485.0013297,1.0,-1.0,16.0
1775300485.0113297,-7.0,-3.0,15.0
1775300485.0213296,-6.0,-2.0,14.0
1775300485.0313296,-7.0,-1.0,9.0
1775300485.0413296,-6.0,-3.0,4.0
1775300485.0513296,0.0,-1.0,3.0
1775300485.0613296,3.0,-3.0,13.0
1775300485.0713296,4.0,-6.0,18.0
1775300485.0813296,2.0,-4.0,19.0
1775300485.0913296,3.0,-4.0,12.0
1775300485.1013296,3.0,-3.0,13.0
1775300485.1113296,0.0,-2.0,8.0
1775300485.1213295,3.0,-8.0,8.0
1775300485.1313295,5.0,-5.0,17.0
1775300485.1413295,8.0,-2.0,16.0
1775300485.1513295,8.0,-1.0,12.0
1775300485.1613295,9.0,0.0,2.0
1775300485.1713295,6.0,3.0,0.0
1775300485.1813295,2.0,4.0,1.0
1775300485.1913297,-1.0,4.0,2.0
1775300485.2013297,0.0,1.0,1.0
1775300485.2113297,0.0,2.0,-3.0
1775300485.2213297,0.0,4.0,0.0
1775300485.2313297,-3.0,6.0,11.0
1775300485.2413297,-6.0,6.0,11.0
1775300485.2513297,-2.0,5.0,8.0
1775300485.2613297,-1.0,3.0,11.0
1775300485.2713296,2.0,0.0,4.0
1775300485.2813296,1.0,-2.0,12.0
1775300485.2913296,0.0,-4.0,19.0
1775300485.3013296,3.0,0.0,20.0
1775300485.3113296,8.0,-1.0,22.0
1775300485.3213296,4.0,-3.0,24.0
1775300485.3313296,0.0,-2.0,21.0
1775300485.3413296,0.0,0.0,14.0
1775300485.3513296,-5.0,1.0,17.0
1775300485.3613296,-4.0,-1.0,12.0
1775300485.3713295,-6.0,-5.0,11.0
1775300485.3813295,-3.0,-1.0,17.0
1775300485.3913295,-3.0,-1.0,11.0
1775300485.4013295,-4.0,-1.0,5.0
1775300485.4113295,-1.0,-2.0,1.0
1775300485.4213295,-3.0,-3.0,3.0
1775300485.4313295,-4.0,-3.0,8.0
1775300485.4413297,-3.0,-4.0,9.0
1775300485.4513297,-3.0,-2.0,9.0
1775300485.4613297,-3.0,-1.0,10.0
1775300485.4713297,0.0,1.0,13.0
1775300485.4823296,2.0,-1.0,12.0
1775300485.4923296,2.0,-3.0,9.0
1775300485.5013297,2.0,-4.0,10.0
1775300485.5123296,1.0,-5.0,10.0
1775300485.5223296,0.0,-9.0,16.0
1775300485.5323296,2.0,-8.0,18.0
1775300485.5423295,2.0,-3.0,18.0
1775300485.5523295,4.0,-3.0,19.0
1775300485.5623295,7.0,-3.0,20.0
1775300485.5723295,10.0,-4.0,19.0
1775300485.5823295,2.0,-1.0,12.0
1775300485.5923295,-3.0,3.0,15.0
1775300485.6023295,-3.0,1.0,13.0
1775300485.6123295,2.0,0.0,14.0
1775300485.6223297,3.0,0.0,17.0
1775300485.6323297,0.0,-1.0,13.0
1775300485.6423297,-1.0,-3.0,11.0
1775300485.6523297,0.0,-2.0,10.0
1775300485.6623297,0.0,-5.0,7.0
1775300485.6723297,2.0,-6.0,2.0
1775300485.6823297,2.0,-5.0,2.0
1775300485.6923296,2.0,-5.0,-3.0
1775300485.7023296,4.0,-5.0,-2.0
1775300485.7123296,0.0,-1.0,-9.0
1775300485.7223296,4.0,-1.0,-11.0
1775300485.7323296,5.0,2.0,-13.0
1775300485.7423296,3.0,0.0,-7.0
1775300485.7523296,6.0,1.0,-4.0
1775300485.7623296,7.0,3.0,0.0
1775300485.7723296,8.0,4.0,0.0
1775300485.7823296,3.0,6.0,5.0
1775300485.7923295,1.0,3.0,8.0
1775300485.8023295,0.0,4.0,15.0
1775300485.8123295,1.0,2.0,13.0
1775300485.8223295,0.0,4.0,5.0
1775300485.8323295,0.0,3.0,7.0
1775300485.8423295,2.0,4.0,6.0
1775300485.8523295,4.0,3.0,17.0
1775300485.8623295,6.0,-2.0,12.0
1775300485.8723297,10.0,-1.0,13.0
1775300485.8823297,9.0,-1.0,15.0
1775300485.8923297,7.0,-1.0,14.0
1775300485.9023297,13.0,-2.0,12.0
1775300485.9123297,13.0,-1.0,8.0
1775300485.9223297,12.0,2.0,13.0
1775300485.9323297,8.0,6.0,18.0
1775300485.9423296,9.0,7.0,12.0
1775300485.9523296,7.0,6.0,13.0
1775300485.9623296,5.0,3.0,18.0
1775300485.9723296,0.0,4.0,19.0
1775300485.9823296,0.0,4.0,16.0
1775300485.9923296,-2.0,2.0,10.0
1775300486.0023296,-6.0,0.0,6.0
1775300486.0123296,-3.0,0.0,10.0
1775300486.0223296,-5.0,1.0,9.0
1775300486.0323296,-1.0,2.0,6.0
1775300486.0423295,2.0,9.0,8.0
1775300486.0523295,4.0,12.0,14.0
1775300486.0623295,6.0,10.0,15.0
1775300486.0723295,9.0,9.0,16.0
1775300486.0823295,6.0,9.0,11.0
1775300486.0923295,4.0,6.0,14.0
1775300486.1023295,0.0,3.0,15.0
1775300486.1123295,1.0,0.0,14.0
1775300486.1223297,2.0,-2.0,16.0
1775300486.1323297,4.0,-3.0,9.0
1775300486.1423297,3.0,0.0,4.0
1775300486.1523297,0.0,2.0,6.0
1775300486.1623297,0.0,2.0,10.0
1775300486.1723297,-1.0,2.0,20.0
1775300486.1823297,-2.0,4.0,14.0
1775300486.1923296,0.0,1.0,6.0
1775300486.2023296,-5.0,1.0,9.0
1775300486.2123296,-3.0,0.0,13.0
1775300486.2223296,0.0,-1.0,10.0
1775300486.2323296,1.0,0.0,10.0
1775300486.2423296,0.0,1.0,13.0
1775300486.2523296,2.0,1.0,10.0
1775300486.2623296,0.0,1.0,11.0
1775300486.2723296,-1.0,-3.0,10.0
1775300486.2823296,1.0,-4.0,5.0
1775300486.2923295,2.0,-5.0,5.0
1775300486.3023295,1.0,0.0,6.0
1775300486.3123295,3.0,-3.0,4.0
1775300486.3223295,5.0,-2.0,3.0
1775300486.3323295,3.0,-5.0,5.0
1775300486.3423295,2.0,-9.0,4.0
1775300486.3523295,1.0,-6.0,8.0
1775300486.3623295,5.0,0.0,12.0
1775300486.3723297,5.0,3.0,5.0
1775300486.3823297,2.0,0.0,5.0
1775300486.3923297,4.0,0.0,7.0
1775300486.4023297,2.0,0.0,-1.0
1775300486.4123297,-1.0,0.0,-6.0
1775300486.4223297,-5.0,-1.0,-2.0
1775300486.4323297,-1.0,0.0,-3.0
1775300486.4423296,0.0,0.0,0.0
1775300486.4523296,5.0,-4.0,3.0
1775300486.4623296,7.0,-4.0,7.0
1775300486.4723296,8.0,-5.0,5.0
1775300486.4823296,5.0,-2.0,6.0
1775300486.4923296,0.0,1.0,7.0
1775300486.5023296,1.0,-1.0,3.0
1775300486.5123296,-2.0,-2.0,4.0
1775300486.5223296,-2.0,-5.0,1.0
1775300486.5323296,-1.0,-5.0,-6.0
1775300486.5423295,0.0,-2.0,-13.0
1775300486.5523295,-1.0,-1.0,-9.0
1775300486.5623295,-1.0,0.0,0.0
1775300486.5723295,-2.0,-1.0,0.0
1775300486.5823295,-2.0,-1.0,6.0
1775300486.5923295,-1.0,0.0,13.0
1775300486.6023295,0.0,0.0,9.0
1775300486.6123295,2.0,0.0,9.0
1775300486.6223297,3.0,-1.0,6.0
1775300486.6323297,8.0,0.0,3.0
1775300486.6423297,1.0,-1.0,4.0
1775300486.6523297,1.0,-2.0,2.0
1775300486.6623297,1.0,0.0,5.0
1775300486.6723297,1.0,-1.0,-2.0
1775300486.6823297,2.0,0.0,-3.0
1775300486.6923296,5.0,-5.0,-5.0
1775300486.7023296,4.0,-4.0,-3.0
1775300486.7123296,3.0,-2.0,0.0
1775300486.7223296,0.0,0.0,2.0
1775300486.7323296,-1.0,0.0,7.0
1775300486.7423296,-2.0,-1.0,6.0
1775300486.7523296,-3.0,-2.0,4.0
1775300486.7623296,-2.0,-5.0,0.0
1775300486.7723296,-3.0,-6.0,0.0
1775300486.7823296,-1.0,-4.0,0.0
1775300486.7923295,-4.0,0.0,0.0
1775300486.8023295,-3.0,4.0,0.0
1775300486.8123295,-3.0,3.0,-1.0
1775300486.8223295,-7.0,-3.0,0.0
1775300486.8323295,-5.0,-3.0,0.0
1775300486.8423295,-3.0,-1.0,7.0
1775300486.8523295,-1.0,2.0,1.0
1775300486.8623295,0.0,1.0,8.0
1775300486.8723297,3.0,1.0,15.0
1775300486.8823297,1.0,2.0,13.0
1775300486.8923297,1.0,2.0,10.0
1775300486.9023297,-1.0,0.0,4.0
1775300486.9123297,-2.0,-1.0,6.0
1775300486.9223297,-2.0,0.0,9.0
1775300486.9323297,0.0,5.0,20.0
1775300486.9423296,0.0,4.0,18.0
1775300486.9523296,1.0,1.0,16.0
1775300486.9623296,0.0,0.0,14.0
1775300486.9723296,-1.0,-1.0,16.0
1775300486.9823296,-1.0,-1.0,15.0
1775300486.9923296,-5.0,0.0,8.0
1775300487.0023296,-4.0,1.0,5.0
1775300487.0123296,-3.0,0.0,0.0
1775300487.0223296,-6.0,0.0,2.0
1775300487.0323296,-5.0,0.0,9.0
1775300487.0423295,-3.0,-3.0,12.0
1775300487.0523295,4.0,-3.0,10.0
1775300487.0623295,6.0,-5.0,9.0
1775300487.0723295,3.0,-4.0,10.0
1775300487.0823295,2.0,-1.0,8.0
1775300487.0923295,3.0,-3.0,5.0
1775300487.1023295,1.0,-7.0,-1.0
1775300487.1123295,4.0,-7.0,-1.0
1775300487.1223297,1.0,-2.0,-6.0
1775300487.1323297,-1.0,0.0,-3.0
1775300487.1423297,-3.0,0.0,-1.0
1775300487.1523297,0.0,0.0,2.0
1775300487.1623297,-3.0,1.0,1.0
1775300487.1723297,0.0,4.0,0.0
1775300487.1823297,3.0,3.0,-6.0
1775300487.1923296,3.0,2.0,-1.0
1775300487.2023296,4.0,6.0,-3.0
1775300487.2123296,1.0,5.0,-3.0
1775300487.2223296,0.0,3.0,0.0
1775300487.2323296,-3.0,2.0,4.0
1775300487.2423296,0.0,0.0,9.0
1775300487.2523296,0.0,1.0,10.0
1775300487.2623296,0.0,0.0,7.0
1775300487.2723296,0.0,-3.0,1.0
1775300487.2823296,0.0,-1.0,5.0
1775300487.2923295,-1.0,0.0,0.0
1775300487.3023295,1.0,-1.0,-4.0
1775300487.3123295,3.0,3.0,-4.0
1775300487.3223295,1.0,3.0,1.0
1775300487.3323295,-1.0,2.0,6.0
1775300487.3423295,1.0,2.0,8.0
1775300487.3523295,0.0,6.0,11.0
1775300487.3623295,-2.0,2.0,10.0
1775300487.3723297,-6.0,8.0,14.0
1775300487.3823297,-6.0,6.0,9.0
1775300487.3923297,-7.0,7.0,4.0
1775300487.4023297,-4.0,7.0,1.0
1775300487.4123297,-6.0,6.0,10.0
1775300487.4223297,-3.0,5.0,15.0
1775300487.4323297,-5.0,5.0,7.0
1775300487.4423296,-6.0,5.0,7.0
1775300487.4523296,-5.0,1.0,2.0
1775300487.4623296,-6.0,0.0,1.0
1775300487.4723296,-2.0,-4.0,1.0
1775300487.4823296,-1.0,-7.0,3.0
1775300487.4923296,-5.0,-2.0,11.0
1775300487.5023296,-5.0,-1.0,2.0
1775300487.5123296,-7.0,2.0,1.0
1775300487.5223296,-3.0,0.0,6.0
1775300487.5323296,-5.0,-3.0,5.0
1775300487.5423295,-6.0,-6.0,5.0
1775300487.5523295,-6.0,-3.0,7.0
1775300487.5623295,-10.0,-2.0,5.0
1775300487.5723295,-9.0,2.0,4.0
1775300487.5823295,-9.0,4.0,-1.0
1775300487.5923295,-5.0,2.0,0.0
1775300487.6023295,0.0,3.0,0.0
1775300487.6123295,-1.0,4.0,1.0
1775300487.6223297,-4.0,8.0,-2.0
1775300487.6323297,-4.0,5.0,-2.0
1775300487.6423297,-7.0,2.0,1.0
1775300487.6523297,-8.0,-1.0,0.0
1775300487.6623297,-4.0,-4.0,2.0
1775300487.6723297,4.0,-6.0,10.0
1775300487.6823297,6.0,-1.0,9.0
1775300487.6923296,10.0,0.0,13.0
1775300487.7023296,6.0,1.0,21.0
1775300487.7123296,3.0,3.0,25.0
1775300487.7223296,2.0,3.0,18.0
1775300487.7323296,4.0,3.0,6.0
1775300487.7423296,6.0,4.0,10.0
1775300487.7523296,3.0,1.0,14.0
1775300487.7623296,-1.0,0.0,18.0
1775300487.7723296,7.0,-2.0,15.0
1775300487.7823296,7.0,-4.0,12.0
1775300487.7933297,6.0,-1.0,8.0
1775300487.8033297,6.0,0.0,5.0
1775300487.8123295,6.0,0.0,4.0
1775300487.8233297,4.0,0.0,5.0
1775300487.8333297,4.0,0.0,2.0
1775300487.8433297,4.0,1.0,1.0
1775300487.8533297,0.0,2.0,2.0
1775300487.8623295,3.0,0.0,3.0
1775300487.8733296,7.0,2.0,3.0
1775300487.8833296,5.0,-1.0,6.0
1775300487.8933296,0.0,-1.0,6.0
1775300487.9033296,0.0,-1.0,4.0
1775300487.9123297,0.0,0.0,3.0
1775300487.9233296,-3.0,0.0,0.0
1775300487.9333296,-2.0,-5.0,2.0
1775300487.9433296,-2.0,-1.0,4.0
1775300487.9533296,-2.0,0.0,4.0
1775300487.9633296,0.0,-1.0,0.0
1775300487.9733295,5.0,3.0,1.0
1775300487.9833295,5.0,3.0,1.0
1775300487.9933295,0.0,1.0,1.0
1775300488.0033295,-1.0,3.0,4.0
1775300488.0133295,-1.0,1.0,2.0
1775300488.0233295,0.0,-3.0,0.0
1775300488.0333295,4.0,-4.0,5.0
1775300488.0433297,1.0,-7.0,5.0
1775300488.0533297,2.0,-6.0,4.0
1775300488.0633297,3.0,-5.0,8.0
1775300488.0733297,2.0,-4.0,2.0
1775300488.0833297,5.0,-6.0,0.0
1775300488.0933297,6.0,-7.0,-2.0
1775300488.1033297,7.0,-6.0,-1.0
1775300488.1133296,1.0,-6.0,2.0
1775300488.1233296,0.0,-1.0,4.0
1775300488.1333296,3.0,-1.0,7.0
1775300488.1433296,3.0,-1.0,8.0
1775300488.1533296,0.0,-2.0,10.0
1775300488.1633296,-3.0,-4.0,6.0
1775300488.1733296,-3.0,0.0,0.0
1775300488.1833296,3.0,2.0,1.0
1775300488.1933296,3.0,0.0,3.0
1775300488.2033296,3.0,0.0,5.0
1775300488.2133296,0.0,-4.0,11.0
1775300488.2233295,0.0,-3.0,9.0
1775300488.2333295,2.0,-3.0,12.0
1775300488.2433295,9.0,-2.0,6.0
1775300488.2533295,4.0,0.0,10.0
1775300488.2633295,0.0,1.0,14.0
1775300488.2733295,-2.0,0.0,15.0
1775300488.2833295,-2.0,-2.0,16.0
1775300488.2933297,0.0,-4.0,15.0
1775300488.3033297,0.0,-3.0,18.0
1775300488.3133297,0.0,0.0,13.0
1775300488.3233297,-3.0,0.0,14.0
1775300488.3333297,-5.0,0.0,12.0
1775300488.3433297,-2.0,0.0,14.0
1775300488.3533297,0.0,-2.0,12.0
1775300488.3633296,0.0,-6.0,17.0
1775300488.3733296,-1.0,-8.0,17.0
1775300488.3833296,-2.0,-5.0,9.0
1775300488.3933296,0.0,1.0,0.0
1775300488.4033296,2.0,1.0,0.0
1775300488.4133296,4.0,0.0,-2.0
1775300488.4233296,3.0,-5.0,3.0
1775300488.4333296,9.0,-2.0,4.0
1775300488.4433296,7.0,-3.0,5.0
1775300488.4533296,9.0,0.0,2.0
1775300488.4633296,1.0,0.0,6.0
1775300488.4733295,-1.0,-2.0,7.0
1775300488.4833295,0.0,-5.0,8.0
1775300488.4933295,0.0,-4.0,12.0
1775300488.5033295,-9.0,-7.0,13.0
1775300488.5133295,-10.0,-9.0,13.0
1775300488.5233295,-10.0,-7.0,17.0
1775300488.5333295,-13.0,-4.0,11.0
1775300488.5433297,-11.0,0.0,5.0
1775300488.5533297,-12.0,-4.0,15.0
1775300488.5633297,-6.0,0.0,14.0
1775300488.5733297,-2.0,-1.0,8.0
1775300488.5833297,0.0,4.0,10.0
1775300488.5933297,-2.0,6.0,9.0
1775300488.6033297,-1.0,4.0,5.0
1775300488.6133296,1.0,2.0,3.0
1775300488.6233296,0.0,0.0,4.0
1775300488.6333296,1.0,0.0,7.0
1775300488.6433296,1.0,-8.0,6.0
1775300488.6533296,-2.0,-5.0,9.0
1775300488.6633296,-1.0,-7.0,6.0
1775300488.6733296,1.0,-5.0,6.0
1775300488.6833296,3.0,-3.0,6.0
1775300488.6933296,5.0,-2.0,10.0
1775300488.7033296,5.0,0.0,6.0
1775300488.7133296,5.0,0.0,9.0
1775300488.7233295,4.0,-1.0,-4.0
1775300488.7333295,5.0,5.0,-7.0
1775300488.7433295,2.0,6.0,-7.0
1775300488.7533295,2.0,0.0,-6.0
1775300488.7633295,8.0,3.0,-3.0
1775300488.7733295,4.0,6.0,9.0
1775300488.7833295,5.0,5.0,20.0
1775300488.7933297,1.0,4.0,15.0
1775300488.8033297,2.0,3.0,13.0
1775300488.8133297,0.0,1.0,7.0
1775300488.8233297,0.0,2.0,3.0
1775300488.8333297,-2.0,-2.0,3.0
1775300488.8433297,-3.0,-2.0,12.0
1775300488.8533297,-1.0,-1.0,16.0
1775300488.8633296,-4.0,2.0,19.0
1775300488.8733296,-2.0,6.0,20.0
1775300488.8833296,-3.0,5.0,14.0
1775300488.8933296,-2.0,8.0,13.0
1775300488.9033296,-3.0,8.0,13.0
1775300488.9133296,-7.0,3.0,7.0
1775300488.9233296,-2.0,2.0,7.0
1775300488.9333296,0.0,3.0,9.0
1775300488.9433296,0.0,0.0,9.0
1775300488.9533296,-3.0,0.0,12.0
1775300488.9633296,-3.0,1.0,19.0
1775300488.9733295,-4.0,0.0,17.0
1775300488.9833295,-2.0,2.0,11.0
1775300488.9933295,-8.0,2.0,12.0
1775300489.0033295,-10.0,1.0,10.0
1775300489.0133295,-7.0,0.0,4.0
1775300489.0233295,-6.0,3.0,1.0
1775300489.0333295,-5.0,3.0,3.0
1775300489.0433297,-6.0,0.0,0.0
1775300489.0533297,-5.0,1.0,-1.0
1775300489.0633297,-3.0,2.0,-3.0
1775300489.0733297,-3.0,0.0,0.0
1775300489.0833297,-1.0,-2.0,3.0
1775300489.0933297,-1.0,0.0,-3.0
1775300489.1033297,0.0,1.0,5.0
1775300489.1133296,0.0,1.0,10.0
1775300489.1233296,-6.0,0.0,12.0
1775300489.1333296,-2.0,1.0,10.0
1775300489.1433296,-1.0,1.0,5.0
1775300489.1533296,1.0,1.0,1.0
1775300489.1633296,1.0,3.0,1.0
1775300489.1733296,1.0,0.0,6.0
1775300489.1833296,1.0,1.0,4.0
1775300489.1933296,0.0,-1.0,0.0
1775300489.2033296,0.0,0.0,1.0
1775300489.2133296,-1.0,3.0,3.0
1775300489.2233295,-1.0,6.0,3.0
1775300489.2333295,2.0,2.0,3.0
1775300489.2433295,2.0,-1.0,6.0
1775300489.2533295,0.0,0.0,6.0
1775300489.2633295,2.0,-4.0,2.0
1775300489.2733295,-2.0,-3.0,4.0
1775300489.2833295,2.0,-4.0,5.0
1775300489.2933297,1.0,-4.0,3.0
1775300489.3033297,5.0,-4.0,6.0
1775300489.3133297,5.0,-5.0,12.0
1775300489.3233297,4.0,-4.0,18.0
1775300489.3333297,6.0,0.0,15.0
1775300489.3433297,8.0,0.0,9.0
1775300489.3533297,8.0,-3.0,6.0
1775300489.3633296,5.0,-2.0,3.0
1775300489.3733296,3.0,0.0,1.0
1775300489.3833296,-3.0,2.0,9.0
1775300489.3933296,-2.0,1.0,9.0
1775300489.4033296,0.0,2.0,9.0
1775300489.4133296,0.0,4.0,8.0
1775300489.4233296,1.0,1.0,0.0
1775300489.4333296,5.0,2.0,0.0
1775300489.4433296,5.0,3.0,0.0
1775300489.4533296,5.0,3.0,-2.0
1775300489.4633296,8.0,1.0,-3.0
1775300489.4733295,0.0,3.0,-5.0
1775300489.4833295,1.0,-1.0,-13.0
1775300489.4933295,2.0,-3.0,-7.0
1775300489.5033295,3.0,-2.0,-5.0
1775300489.5133295,8.0,-2.0,-8.0
1775300489.5233295,9.0,-3.0,-4.0
1775300489.5333295,9.0,-4.0,-3.0
1775300489.5433297,15.0,-1.0,7.0
1775300489.5533297,12.0,-2.0,3.0
1775300489.5633297,8.0,0.0,7.0
1775300489.5733297,5.0,1.0,8.0
1775300489.5833297,3.0,0.0,8.0
1775300489.5933297,6.0,-5.0,5.0
1775300489.6033297,2.0,-5.0,6.0
1775300489.6133296,-4.0,-3.0,8.0
1775300489.6233296,-8.0,0.0,9.0
1775300489.6333296,-7.0,-1.0,11.0
1775300489.6433296,-2.0,0.0,13.0
1775300489.6533296,1.0,-1.0,10.0
1775300489.6633296,-2.0,-6.0,10.0
1775300489.6733296,-9.0,-6.0,11.0
1775300489.6833296,-11.0,-8.0,10.0
1775300489.6933296,-12.0,-8.0,13.0
1775300489.7043295,-10.0,-7.0,13.0
1775300489.7133296,-6.0,-4.0,5.0
1775300489.7233295,-3.0,-6.0,5.0
1775300489.7333295,-1.0,0.0,6.0
1775300489.7433295,0.0,0.0,0.0
1775300489.7533295,2.0,-1.0,-4.0
1775300489.7633295,0.0,2.0,2.0
1775300489.7733295,-8.0,4.0,5.0
1775300489.7833295,-6.0,1.0,8.0
1775300489.7933297,-2.0,4.0,8.0
1775300489.8033297,-2.0,4.0,12.0
1775300489.8133297,-3.0,4.0,14.0
1775300489.8233297,-4.0,0.0,13.0
1775300489.8333297,0.0,-1.0,14.0
1775300489.8433297,-1.0,0.0,7.0
1775300489.8533297,2.0,0.0,8.0
1775300489.8633296,-1.0,-4.0,5.0
1775300489.8733296,-1.0,-6.0,11.0
1775300489.8833296,-5.0,-5.0,10.0
1775300489.8933296,0.0,0.0,9.0
1775300489.9033296,1.0,1.0,23.0
1775300489.9133296,-3.0,-5.0,21.0
1775300489.9233296,-2.0,-3.0,18.0
1775300489.9333296,-2.0,-3.0,18.0
1775300489.9433296,-5.0,-3.0,14.0
1775300489.9533296,-5.0,2.0,8.0
1775300489.9633296,-3.0,3.0,8.0
1775300489.9733295,-4.0,0.0,12.0
1775300489.9833295,-4.0,-3.0,13.0
1775300489.9933295,-5.0,-3.0,13.0
1775300490.0033295,-3.0,-3.0,12.0
1775300490.0133295,-2.0,-2.0,11.0
1775300490.0233295,1.0,-1.0,6.0
1775300490.0333295,2.0,0.0,5.0
1775300490.0433297,-2.0,-1.0,8.0
1775300490.0533297,-7.0,0.0,15.0
1775300490.0633297,-6.0,2.0,14.0
1775300490.0733297,-2.0,0.0,10.0
1775300490.0833297,-1.0,1.0,6.0
1775300490.0933297,-1.0,1.0,3.0
1775300490.1043296,0.0,0.0,4.0
1775300490.1143296,2.0,0.0,-1.0
1775300490.1243296,-3.0,-1.0,0.0
1775300490.1343296,-3.0,1.0,-4.0
1775300490.1443295,-2.0,6.0,-6.0
1775300490.1543295,0.0,4.0,-10.0
1775300490.1643295,0.0,1.0,-8.0
1775300490.1743295,4.0,1.0,-6.0
1775300490.1843295,5.0,0.0,4.0
1775300490.1943295,2.0,-1.0,3.0
1775300490.2043295,0.0,-4.0,4.0
1775300490.2143295,-1.0,-3.0,11.0
1775300490.2243297,0.0,-2.0,10.0
1775300490.2343297,3.0,-3.0,4.0
1775300490.2443297,3.0,-2.0,4.0
1775300490.2543297,0.0,0.0,4.0
1775300490.2643297,3.0,1.0,0.0
1775300490.2743297,2.0,2.0,5.0
1775300490.2843297,5.0,4.0,17.0
1775300490.2943296,4.0,3.0,9.0
1775300490.3043296,4.0,6.0,10.0
1775300490.3143296,3.0,5.0,9.0
1775300490.3243296,0.0,7.0,12.0
1775300490.3343296,-1.0,3.0,9.0
1775300490.3443296,-1.0,1.0,9.0
1775300490.3543296,-1.0,0.0,7.0
1775300490.3643296,3.0,1.0,9.0
1775300490.3743296,4.0,1.0,7.0
1775300490.3843296,3.0,2.0,7.0
1775300490.3943295,2.0,1.0,10.0
1775300490.4043295,2.0,2.0,6.0
1775300490.4143295,1.0,0.0,7.0
1775300490.4243295,0.0,-5.0,1.0
1775300490.4343295,0.0,-3.0,0.0
1775300490.4443295,1.0,-1.0,-2.0
1775300490.4543295,1.0,1.0,0.0
1775300490.4643295,2.0,-1.0,4.0
1775300490.4743297,0.0,-5.0,8.0
1775300490.4843297,0.0,-5.0,8.0
1775300490.4943297,0.0,-6.0,13.0
1775300490.5043297,4.0,-2.0,7.0
1775300490.5143297,2.0,-4.0,10.0
1775300490.5243297,4.0,3.0,11.0
1775300490.5343297,3.0,8.0,11.0
1775300490.5443296,7.0,4.0,-1.0
1775300490.5543296,7.0,1.0,-2.0
1775300490.5643296,3.0,-1.0,-2.0
1775300490.5743296,3.0,-2.0,2.0
1775300490.5843296,-1.0,-8.0,6.0
1775300490.5943296,2.0,-8.0,8.0
1775300490.6043296,2.0,-12.0,9.0
1775300490.6143296,1.0,-7.0,6.0
1775300490.6243296,1.0,-4.0,5.0
1775300490.6343296,-5.0,0.0,0.0
1775300490.6443295,-3.0,4.0,9.0
1775300490.6543295,-1.0,2.0,9.0
1775300490.6643295,-2.0,5.0,13.0
1775300490.6743295,0.0,6.0,13.0
1775300490.6843295,-1.0,4.0,19.0
1775300490.6943295,-1.0,4.0,17.0
1775300490.7043295,1.0,3.0,16.0
1775300490.7143295,5.0,0.0,12.0
1775300490.7243297,4.0,-1.0,10.0
1775300490.7343297,1.0,-5.0,11.0
1775300490.7443297,1.0,-3.0,6.0
1775300490.7543297,1.0,-2.0,2.0
1775300490.7643297,-1.0,-3.0,1.0
1775300490.7743297,-1.0,-3.0,7.0
1775300490.7843297,2.0,-2.0,9.0
1775300490.7943296,0.0,-3.0,7.0
1775300490.8043296,0.0,-2.0,16.0
1775300490.8143296,2.0,-1.0,17.0
1775300490.8243296,-1.0,0.0,22.0
1775300490.8343296,-2.0,-4.0,20.0
1775300490.8443296,1.0,-2.0,14.0
1775300490.8543296,1.0,1.0,14.0
1775300490.8643296,10.0,1.0,13.0
1775300490.8743296,9.0,2.0,11.0
1775300490.8843296,10.0,2.0,7.0
1775300490.8943295,5.0,9.0,8.0
1775300490.9043295,4.0,12.0,12.0
1775300490.9143295,2.0,5.0,12.0
1775300490.9243295,0.0,1.0,16.0
1775300490.9343295,1.0,-1.0,12.0
1775300490.9443295,3.0,1.0,15.0
1775300490.9543295,5.0,1.0,12.0
1775300490.9643295,4.0,0.0,14.0
1775300490.9743297,2.0,0.0,14.0
1775300490.9843297,3.0,1.0,18.0
1775300490.9943297,4.0,0.0,20.0
1775300491.0043297,1.0,0.0,14.0
1775300491.0143297,0.0,5.0,9.0
1775300491.0243297,0.0,3.0,11.0
1775300491.0343297,0.0,-3.0,14.0
1775300491.0443296,0.0,-7.0,14.0
1775300491.0543296,3.0,-9.0,17.0
1775300491.0643296,4.0,-7.0,18.0
1775300491.0743296,5.0,-3.0,13.0
1775300491.0843296,0.0,-3.0,11.0
1775300491.0943296,-4.0,-3.0,22.0
1775300491.1043296,-2.0,-2.0,21.0
1775300491.1143296,-4.0,0.0,21.0
1775300491.1243296,-3.0,2.0,23.0
1775300491.1343296,1.0,1.0,26.0
1775300491.1443295,0.0,2.0,23.0
1775300491.1543295,3.0,0.0,18.0
1775300491.1643295,3.0,0.0,11.0
1775300491.1743295,6.0,0.0,9.0
1775300491.1843295,6.0,0.0,11.0
1775300491.1943295,3.0,0.0,15.0
1775300491.2043295,5.0,0.0,8.0
1775300491.2143295,2.0,0.0,6.0
1775300491.2253296,1.0,-1.0,1.0
1775300491.2343297,3.0,-3.0,6.0
1775300491.2443297,1.0,-1.0,6.0
1775300491.2543297,0.0,0.0,8.0
1775300491.2643297,3.0,0.0,7.0
1775300491.2743297,0.0,3.0,9.0
1775300491.2843297,1.0,7.0,8.0
1775300491.2943296,3.0,2.0,9.0
1775300491.3043296,3.0,1.0,10.0
1775300491.3143296,3.0,0.0,11.0
1775300491.3243296,2.0,1.0,8.0
1775300491.3343296,4.0,2.0,5.0
1775300491.3443296,10.0,0.0,5.0
1775300491.3543296,12.0,6.0,3.0
1775300491.3643296,10.0,1.0,5.0
1775300491.3743296,5.0,2.0,5.0
1775300491.3843296,9.0,2.0,3.0
1775300491.3943295,6.0,3.0,-3.0
1775300491.4043295,2.0,0.0,-4.0
1775300491.4143295,0.0,2.0,-1.0
1775300491.4243295,1.0,3.0,-4.0
1775300491.4343295,2.0,4.0,-1.0
1775300491.4443295,5.0,2.0,0.0
1775300491.4543295,6.0,-1.0,-5.0
1775300491.4643295,5.0,-6.0,-5.0
1775300491.4743297,2.0,-2.0,-3.0
1775300491.4843297,0.0,-3.0,-4.0
1775300491.4943297,0.0,-7.0,-7.0
1775300491.5043297,1.0,-9.0,-6.0
1775300491.5143297,3.0,-6.0,-3.0
1775300491.5243297,1.0,-1.0,-7.0
1775300491.5343297,3.0,-4.0,-1.0
1775300491.5443296,1.0,-6.0,0.0
1775300491.5543296,4.0,-4.0,-2.0
1775300491.5643296,7.0,-5.0,1.0
1775300491.5743296,7.0,-4.0,1.0
1775300491.5843296,6.0,-4.0,4.0
1775300491.5943296,9.0,-4.0,3.0
1775300491.6043296,7.0,-1.0,4.0
1775300491.6143296,5.0,1.0,0.0
1775300491.6243296,4.0,2.0,-1.0
1775300491.6343296,4.0,1.0,-1.0
1775300491.6443295,1.0,3.0,4.0
1775300491.6543295,1.0,5.0,8.0
1775300491.6643295,2.0,-1.0,6.0
1775300491.6743295,2.0,-2.0,7.0
1775300491.6843295,4.0,-2.0,4.0
1775300491.6943295,0.0,-3.0,6.0
1775300491.7043295,0.0,-3.0,7.0
1775300491.7143295,-1.0,-1.0,8.0
1775300491.7243297,-3.0,0.0,8.0
1775300491.7343297,-5.0,-2.0,9.0
1775300491.7443297,-4.0,-3.0,8.0
1775300491.7543297,-3.0,-1.0,9.0
1775300491.7643297,-2.0,-7.0,10.0
1775300491.7743297,0.0,-3.0,10.0
1775300491.7843297,-1.0,0.0,8.0
1775300491.7943296,-2.0,2.0,6.0
1775300491.8043296,0.0,0.0,9.0
1775300491.8143296,0.0,2.0,12.0
1775300491.8243296,1.0,2.0,11.0
1775300491.8343296,2.0,0.0,10.0
1775300491.8443296,3.0,-1.0,12.0
1775300491.8543296,0.0,-3.0,8.0
1775300491.8643296,-1.0,1.0,9.0
1775300491.8743296,0.0,1.0,10.0
1775300491.8843296,0.0,1.0,11.0
1775300491.8943295,2.0,1.0,13.0
1775300491.9043295,3.0,5.0,7.0
1775300491.9143295,3.0,4.0,3.0
1775300491.9243295,5.0,0.0,4.0
1775300491.9343295,8.0,2.0,1.0
1775300491.9443295,5.0,3.0,0.0
1775300491.9543295,6.0,1.0,3.0
1775300491.9643295,7.0,2.0,1.0
1775300491.9743297,4.0,4.0,1.0
1775300491.9843297,5.0,5.0,4.0
1775300491.9943297,4.0,8.0,3.0
1775300492.0043297,3.0,7.0,6.0
1775300492.0143297,4.0,2.0,12.0
1775300492.0243297,3.0,0.0,8.0
1775300492.0343297,1.0,0.0,2.0
1775300492.0443296,7.0,0.0,2.0
1775300492.0543296,7.0,0.0,8.0
1775300492.0643296,3.0,2.0,9.0
1775300492.0743296,1.0,3.0,10.0
1775300492.0843296,3.0,3.0,10.0
1775300492.0943296,3.0,3.0,3.0
1775300492.1043296,8.0,3.0,3.0
1775300492.1143296,11.0,0.0,1.0
1775300492.1243296,8.0,1.0,5.0
1775300492.1343296,4.0,3.0,1.0
1775300492.1443295,3.0,3.0,-2.0
1775300492.1543295,0.0,4.0,-3.0
1775300492.1643295,4.0,0.0,0.0
1775300492.1743295,2.0,-1.0,3.0
1775300492.1843295,0.0,-2.0,7.0
1775300492.1943295,0.0,-6.0,7.0
1775300492.2043295,-3.0,0.0,9.0
1775300492.2143295,-3.0,1.0,12.0
1775300492.2243297,-4.0,2.0,15.0
1775300492.2343297,-7.0,3.0,12.0
1775300492.2443297,-4.0,7.0,9.0
1775300492.2543297,-3.0,5.0,7.0
1775300492.2643297,-2.0,6.0,3.0
1775300492.2743297,-6.0,6.0,0.0
1775300492.2843297,-2.0,8.0,-2.0
1775300492.2943296,-2.0,11.0,1.0
1775300492.3043296,-3.0,14.0,7.0
1775300492.3143296,-2.0,8.0,16.0
1775300492.3243296,-1.0,6.0,14.0
1775300492.3343296,0.0,9.0,15.0
1775300492.3443296,0.0,9.0,23.0
1775300492.3543296,-1.0,5.0,24.0
1775300492.3653295,-2.0,0.0,24.0
1775300492.3743296,2.0,2.0,19.0
1775300492.3853295,4.0,1.0,17.0
1775300492.3953297,7.0,0.0,13.0
1775300492.4053297,6.0,1.0,14.0
1775300492.4153297,8.0,0.0,13.0
1775300492.4253297,5.0,0.0,12.0
1775300492.4353297,4.0,0.0,9.0
1775300492.4453297,5.0,0.0,7.0
1775300492.4553297,5.0,-5.0,12.0
1775300492.4653296,4.0,-7.0,14.0
1775300492.4753296,2.0,-5.0,16.0
1775300492.4853296,-4.0,-4.0,18.0
1775300492.4953296,-3.0,-7.0,16.0
1775300492.5053296,-6.0,-4.0,14.0
1775300492.5153296,-6.0,-5.0,10.0
1775300492.5253296,-4.0,-1.0,3.0
1775300492.5353296,0.0,0.0,7.0
1775300492.5453296,0.0,0.0,4.0
1775300492.5553296,0.0,1.0,0.0
1775300492.5653296,-1.0,1.0,0.0
1775300492.5753295,-4.0,-2.0,10.0
1775300492.5853295,-2.0,-2.0,18.0
1775300492.5953295,-3.0,-2.0,17.0
1775300492.6053295,-11.0,0.0,15.0
1775300492.6153295,-10.0,0.0,9.0
1775300492.6253295,-3.0,-5.0,8.0
1775300492.6353295,-7.0,-3.0,6.0
1775300492.6453297,-7.0,0.0,7.0
1775300492.6553297,-4.0,0.0,9.0
1775300492.6653297,2.0,1.0,2.0
1775300492.6753297,0.0,3.0,2.0
1775300492.6853297,0.0,6.0,2.0
1775300492.6953297,0.0,6.0,7.0
1775300492.7053297,-4.0,3.0,7.0
1775300492.7153296,-6.0,5.0,6.0
1775300492.7253296,-4.0,3.0,4.0
1775300492.7353296,-2.0,2.0,6.0
1775300492.7453296,0.0,2.0,14.0
1775300492.7553296,-1.0,2.0,4.0
1775300492.7653296,-1.0,1.0,1.0
1775300492.7753296,-6.0,3.0,3.0
1775300492.7853296,-4.0,3.0,1.0
1775300492.7953296,-3.0,3.0,3.0
1775300492.8053296,-4.0,1.0,13.0
1775300492.8153296,-8.0,2.0,13.0
1775300492.8253295,-7.0,5.0,14.0
1775300492.8353295,-5.0,1.0,4.0
1775300492.8453295,-3.0,1.0,6.0
1775300492.8553295,-1.0,0.0,3.0
1775300492.8653295,-2.0,-2.0,9.0
1775300492.8753295,6.0,-2.0,4.0
1775300492.8853295,8.0,-2.0,5.0
1775300492.8953297,8.0,-4.0,6.0
1775300492.9053297,5.0,-2.0,7.0
1775300492.9153297,3.0,-1.0,9.0
1775300492.9253297,0.0,-1.0,16.0
1775300492.9353297,-2.0,-3.0,20.0
1775300492.9453297,-5.0,-1.0,20.0
1775300492.9553297,-3.0,-1.0,17.0
1775300492.9653296,-4.0,0.0,16.0
1775300492.9753296,-6.0,-2.0,19.0
1775300492.9853296,-3.0,-4.0,15.0
1775300492.9953296,-2.0,-8.0,9.0
1775300493.0053296,-2.0,-6.0,8.0
1775300493.0153296,-3.0,-2.0,11.0
1775300493.0253296,0.0,-2.0,9.0
1775300493.0353296,0.0,0.0,13.0
1775300493.0453296,-1.0,-2.0,14.0
1775300493.0553296,-1.0,-6.0,11.0
1775300493.0653296,0.0,-2.0,1.0
1775300493.0753295,-3.0,0.0,3.0
1775300493.0853295,3.0,-2.0,6.0
1775300493.0953295,1.0,-5.0,9.0
1775300493.1053295,-1.0,-5.0,9.0
1775300493.1153295,0.0,-3.0,13.0
1775300493.1253295,-2.0,-1.0,10.0
1775300493.1353295,-4.0,-5.0,5.0
1775300493.1453297,0.0,-8.0,5.0
1775300493.1553297,2.0,-5.0,2.0
1775300493.1653297,3.0,1.0,0.0
1775300493.1753297,3.0,1.0,5.0
1775300493.1853297,4.0,3.0,12.0
1775300493.1953297,3.0,7.0,15.0
1775300493.2053297,3.0,6.0,4.0
1775300493.2153296,2.0,5.0,9.0
1775300493.2253296,-1.0,6.0,0.0
1775300493.2353296,0.0,7.0,3.0
1775300493.2453296,0.0,2.0,9.0
1775300493.2553296,-3.0,-3.0,16.0
1775300493.2653296,7.0,-3.0,15.0
1775300493.2753296,6.0,-2.0,17.0
1775300493.2853296,5.0,0.0,15.0
1775300493.2953296,2.0,-1.0,13.0
1775300493.3053296,3.0,1.0,10.0
1775300493.3153296,-1.0,2.0,8.0
1775300493.3253295,3.0,-2.0,6.0
1775300493.3353295,-1.0,-1.0,11.0
1775300493.3453295,0.0,-1.0,9.0
1775300493.3553295,-2.0,0.0,3.0
1775300493.3653295,-6.0,-1.0,-5.0
1775300493.3753295,-10.0,-2.0,-1.0
1775300493.3853295,-9.0,-3.0,7.0
1775300493.3953297,-5.0,-9.0,6.0
1775300493.4053297,0.0,-7.0,4.0
1775300493.4153297,-1.0,-1.0,-2.0
1775300493.4253297,1.0,-7.0,-2.0
1775300493.4353297,0.0,-4.0,-3.0
1775300493.4453297,3.0,-6.0,-2.0
1775300493.4553297,4.0,-4.0,4.0
1775300493.4653296,2.0,-4.0,7.0
1775300493.4753296,0.0,-2.0,11.0
1775300493.4853296,0.0,1.0,12.0
1775300493.4953296,-4.0,1.0,10.0
1775300493.5053296,-7.0,4.0,18.0
1775300493.5153296,-5.0,4.0,10.0
1775300493.5253296,-3.0,4.0,5.0
1775300493.5353296,0.0,3.0,4.0
1775300493.5453296,3.0,2.0,5.0
1775300493.5553296,3.0,1.0,3.0
1775300493.5653296,3.0,0.0,0.0
1775300493.5753295,1.0,-2.0,3.0
1775300493.5853295,0.0,-2.0,1.0
1775300493.5953295,-2.0,-5.0,5.0
1775300493.6053295,-2.0,-5.0,8.0
1775300493.6153295,-8.0,-5.0,8.0
1775300493.6253295,-12.0,-7.0,9.0
1775300493.6353295,-3.0,-6.0,7.0
1775300493.6453297,0.0,-3.0,7.0
1775300493.6553297,3.0,-4.0,11.0
1775300493.6653297,2.0,-2.0,13.0
1775300493.6753297,2.0,-2.0,16.0
1775300493.6853297,4.0,-8.0,19.0
1775300493.6953297,5.0,-4.0,19.0
1775300493.7053297,5.0,-3.0,12.0
1775300493.7153296,8.0,-5.0,15.0
1775300493.7253296,9.0,-7.0,14.0
1775300493.7353296,5.0,-4.0,14.0
1775300493.7453296,3.0,-8.0,7.0
1775300493.7553296,0.0,-7.0,1.0
1775300493.7653296,5.0,-5.0,5.0
1775300493.7753296,3.0,-3.0,7.0
1775300493.7853296,4.0,-4.0,9.0
1775300493.7953296,4.0,-2.0,16.0
1775300493.8053296,3.0,-2.0,23.0
1775300493.8153296,4.0,-5.0,14.0
1775300493.8253295,6.0,-4.0,3.0
1775300493.8353295,5.0,-3.0,9.0
1775300493.8453295,4.0,-3.0,8.0
1775300493.8553295,3.0,-3.0,11.0
1775300493.8653295,-4.0,-3.0,11.0
1775300493.8753295,-3.0,-6.0,15.0
1775300493.8853295,-5.0,-5.0,12.0
1775300493.8953297,-3.0,-5.0,16.0
1775300493.9053297,-1.0,-1.0,20.0
1775300493.9153297,-2.0,-4.0,17.0
1775300493.9253297,-1.0,-5.0,11.0
1775300493.9353297,0.0,-4.0,7.0
1775300493.9453297,2.0,-5.0,10.0
1775300493.9553297,0.0,-3.0,9.0
1775300493.9653296,-1.0,-3.0,10.0
1775300493.9753296,3.0,-1.0,9.0
1775300493.9853296,7.0,-3.0,13.0
1775300493.9953296,9.0,-4.0,17.0
1775300494.0053296,6.0,-2.0,17.0
1775300494.0153296,3.0,0.0,20.0
1775300494.0253296,4.0,-2.0,18.0
1775300494.0353296,1.0,0.0,10.0
1775300494.0453296,-2.0,0.0,10.0
1775300494.0553296,-4.0,-2.0,9.0
1775300494.0653296,-1.0,-6.0,2.0
1775300494.0753295,0.0,-7.0,1.0
1775300494.0853295,-2.0,-3.0,0.0
1775300494.0953295,0.0,-3.0,3.0
1775300494.1053295,1.0,-6.0,1.0
1775300494.1153295,-1.0,-6.0,5.0
1775300494.1253295,1.0,-8.0,5.0
1775300494.1353295,3.0,-4.0,1.0
1775300494.1453297,5.0,1.0,5.0
1775300494.1553297,6.0,3.0,-2.0
1775300494.1653297,1.0,5.0,-1.0
1775300494.1753297,0.0,4.0,-2.0
1775300494.1853297,-4.0,2.0,-2.0
1775300494.1953297,-3.0,3.0,2.0
1775300494.2053297,-2.0,-1.0,9.0
1775300494.2153296,-4.0,-2.0,10.0
1775300494.2253296,-2.0,-5.0,10.0
1775300494.2353296,1.0,-2.0,13.0
1775300494.2453296,0.0,-3.0,12.0
1775300494.2553296,3.0,-1.0,13.0
1775300494.2653296,3.0,-2.0,11.0
1775300494.2753296,5.0,-2.0,13.0
1775300494.2853296,1.0,0.0,9.0
1775300494.2953296,1.0,0.0,5.0
1775300494.3053296,0.0,3.0,0.0
1775300494.3153296,-4.0,4.0,1.0
1775300494.3253295,-8.0,1.0,4.0
1775300494.3353295,-7.0,-1.0,1.0
1775300494.3453295,-8.0,1.0,4.0
1775300494.3553295,-9.0,0.0,5.0
1775300494.3653295,-6.0,0.0,4.0
1775300494.3753295,-1.0,-1.0,0.0
1775300494.3853295,0.0,0.0,0.0
1775300494.3953297,0.0,-3.0,6.0
1775300494.4053297,3.0,-4.0,12.0
1775300494.4153297,2.0,-1.0,16.0
1775300494.4253297,-1.0,4.0,16.0
1775300494.4353297,-1.0,8.0,9.0
1775300494.4453297,1.0,6.0,11.0
1775300494.4553297,2.0,4.0,13.0
1775300494.4653296,2.0,1.0,13.0
1775300494.4753296,0.0,0.0,9.0
1775300494.4853296,-4.0,-2.0,2.0
1775300494.4953296,-4.0,-4.0,2.0
1775300494.5053296,-3.0,-5.0,6.0
1775300494.5153296,-4.0,-5.0,8.0
1775300494.5253296,0.0,-2.0,8.0
1775300494.5353296,-4.0,1.0,7.0
1775300494.5453296,-2.0,4.0,4.0
1775300494.5553296,-3.0,4.0,5.0
1775300494.5653296,-6.0,1.0,2.0
1775300494.5753295,0.0,4.0,2.0
1775300494.5853295,-3.0,4.0,3.0
1775300494.5953295,-1.0,4.0,2.0
1775300494.6053295,-1.0,5.0,3.0
1775300494.6153295,1.0,2.0,1.0
1775300494.6253295,4.0,2.0,3.0
1775300494.6353295,1.0,1.0,4.0
1775300494.6453297,-5.0,3.0,9.0
1775300494.6553297,-11.0,3.0,11.0
1775300494.6663296,-9.0,5.0,4.0
1775300494.6763296,-12.0,3.0,6.0
1775300494.6863296,-9.0,4.0,12.0
1775300494.6963296,-11.0,3.0,10.0
1775300494.7063296,-8.0,0.0,6.0
1775300494.7163296,-2.0,2.0,7.0
1775300494.7263296,-2.0,0.0,10.0
1775300494.7353296,0.0,0.0,9.0
1775300494.7463295,-2.0,-1.0,7.0
1775300494.7563295,-1.0,0.0,9.0
1775300494.7663295,-1.0,-4.0,2.0
1775300494.7763295,-2.0,-3.0,-1.0
1775300494.7863295,-4.0,-3.0,-2.0
1775300494.7963295,-4.0,-3.0,-7.0
1775300494.8063295,0.0,-3.0,2.0
1775300494.8163297,1.0,-1.0,8.0
1775300494.8263297,-1.0,1.0,11.0
1775300494.8363297,0.0,0.0,14.0
1775300494.8463297,-1.0,0.0,17.0
1775300494.8563297,2.0,-1.0,13.0
1775300494.8663297,0.0,-2.0,11.0
1775300494.8763297,2.0,-3.0,11.0
1775300494.8863297,5.0,2.0,16.0
1775300494.8963296,5.0,1.0,14.0
1775300494.9063296,7.0,4.0,14.0
1775300494.9163296,4.0,5.0,8.0
1775300494.9263296,8.0,7.0,4.0
1775300494.9363296,9.0,5.0,6.0
1775300494.9463296,9.0,7.0,8.0
1775300494.9563296,1.0,3.0,6.0
1775300494.9663296,-3.0,2.0,11.0
1775300494.9763296,-1.0,0.0,16.0
1775300494.9863296,-3.0,0.0,14.0
1775300494.9963295,-1.0,-1.0,12.0
1775300495.0063295,-1.0,-1.0,11.0
1775300495.0163295,2.0,1.0,11.0
1775300495.0263295,2.0,5.0,14.0
1775300495.0363295,0.0,4.0,22.0
1775300495.0463295,0.0,6.0,23.0
1775300495.0563295,-1.0,2.0,19.0
1775300495.0663297,0.0,3.0,12.0
1775300495.0763297,4.0,2.0,12.0
1775300495.0863297,4.0,-1.0,10.0
1775300495.0963297,1.0,-4.0,12.0
1775300495.1063297,1.0,-1.0,8.0
1775300495.1163297,3.0,-5.0,1.0
1775300495.1263297,3.0,-4.0,0.0
1775300495.1363297,2.0,-2.0,2.0
1775300495.1463296,0.0,-7.0,2.0
1775300495.1563296,2.0,-5.0,4.0
1775300495.1663296,3.0,-6.0,9.0
1775300495.1763296,10.0,-4.0,13.0
1775300495.1863296,11.0,-3.0,11.0
1775300495.1963296,10.0,-2.0,9.0
1775300495.2063296,11.0,-4.0,5.0
1775300495.2163296,2.0,0.0,7.0
1775300495.2263296,2.0,-2.0,8.0
1775300495.2363296,0.0,-1.0,3.0
1775300495.2463295,-4.0,-4.0,1.0
1775300495.2563295,-4.0,-2.0,0.0
1775300495.2663295,-2.0,-1.0,2.0
1775300495.2763295,0.0,-5.0,2.0
1775300495.2863295,2.0,-3.0,0.0
1775300495.2963295,1.0,-4.0,2.0
1775300495.3063295,3.0,-4.0,2.0
1775300495.3163297,3.0,0.0,3.0
1775300495.3263297,3.0,-1.0,10.0
1775300495.3363297,4.0,0.0,9.0
1775300495.3463297,3.0,-2.0,9.0
1775300495.3563297,6.0,-2.0,13.0
1775300495.3663297,8.0,-1.0,8.0
1775300495.3763297,5.0,0.0,10.0
1775300495.3863297,6.0,-3.0,4.0
1775300495.3963296,0.0,-8.0,3.0
1775300495.4063296,1.0,-9.0,10.0
1775300495.4163296,-1.0,-6.0,13.0
1775300495.4263296,0.0,-3.0,17.0
1775300495.4363296,-1.0,-4.0,13.0
1775300495.4463296,0.0,-7.0,9.0
1775300495.4563296,-4.0,-1.0,9.0
1775300495.4663296,-8.0,-4.0,6.0
1775300495.4763296,-5.0,0.0,2.0
1775300495.4863296,-2.0,-1.0,3.0
1775300495.4963295,0.0,0.0,8.0
1775300495.5063295,1.0,-1.0,6.0
1775300495.5163295,0.0,0.0,10.0
1775300495.5263295,1.0,4.0,12.0
1775300495.5363295,4.0,5.0,12.0
1775300495.5463295,3.0,5.0,14.0
1775300495.5563295,2.0,7.0,14.0
1775300495.5663297,-2.0,6.0,10.0
1775300495.5763297,-5.0,10.0,12.0
1775300495.5863297,-4.0,4.0,5.0
1775300495.5963297,-8.0,0.0,-1.0
1775300495.6063297,-10.0,-3.0,0.0
1775300495.6163297,-4.0,-7.0,9.0
1775300495.6263297,0.0,-8.0,14.0
1775300495.6363297,-4.0,-7.0,14.0
1775300495.6463296,-3.0,-6.0,14.0
1775300495.6563296,0.0,-6.0,13.0
1775300495.6663296,0.0,-9.0,15.0
1775300495.6763296,0.0,-7.0,13.0
1775300495.6863296,2.0,-4.0,11.0
1775300495.6963296,0.0,-1.0,14.0
1775300495.7063296,-5.0,0.0,9.0
1775300495.7163296,-4.0,-1.0,14.0
1775300495.7263296,-9.0,-2.0,8.0
1775300495.7363296,-10.0,-2.0,10.0
1775300495.7463295,-11.0,0.0,9.0
1775300495.7563295,-5.0,0.0,5.0
1775300495.7663295,-6.0,-4.0,9.0
1775300495.7763295,-6.0,-3.0,12.0
1775300495.7863295,-3.0,1.0,6.0
1775300495.7963295,-1.0,4.0,10.0
1775300495.8063295,0.0,3.0,12.0
1775300495.8163297,5.0,0.0,13.0
1775300495.8263297,6.0,0.0,11.0
1775300495.8363297,6.0,2.0,4.0
1775300495.8463297,4.0,0.0,3.0
1775300495.8563297,3.0,-1.0,3.0
1775300495.8663297,3.0,-2.0,0.0
1775300495.8763297,4.0,0.0,3.0
1775300495.8863297,3.0,-3.0,13.0
1775300495.8963296,-2.0,-4.0,16.0
1775300495.9063296,0.0,-3.0,12.0
1775300495.9163296,4.0,-4.0,11.0
1775300495.9263296,2.0,-4.0,13.0
1775300495.9363296,5.0,-4.0,15.0
1775300495.9463296,5.0,-2.0,13.0
1775300495.9563296,5.0,-2.0,10.0
1775300495.9663296,2.0,0.0,9.0
1775300495.9763296,-1.0,1.0,9.0
1775300495.9863296,0.0,0.0,18.0
1775300495.9963295,2.0,-1.0,20.0
1775300496.0063295,5.0,1.0,16.0
1775300496.0163295,4.0,1.0,10.0
1775300496.0263295,3.0,0.0,14.0
1775300496.0363295,0.0,-1.0,7.0
1775300496.0463295,-6.0,-5.0,4.0
1775300496.0563295,-9.0,-6.0,3.0
1775300496.0663297,-3.0,-6.0,4.0
1775300496.0763297,-7.0,-5.0,1.0
1775300496.0863297,-1.0,-7.0,8.0
1775300496.0963297,-2.0,-1.0,6.0
1775300496.1063297,-5.0,-4.0,7.0
1775300496.1163297,-3.0,-1.0,4.0
1775300496.1263297,-2.0,0.0,4.0
1775300496.1363297,1.0,-3.0,-1.0
1775300496.1463296,0.0,-4.0,3.0
1775300496.1563296,-2.0,-1.0,7.0
1775300496.1663296,-3.0,-2.0,6.0
1775300496.1763296,-1.0,-1.0,2.0
1775300496.1863296,0.0,-4.0,0.0
1775300496.1963296,2.0,-8.0,-4.0
1775300496.2063296,2.0,-2.0,3.0
1775300496.2163296,1.0,-2.0,5.0
1775300496.2263296,3.0,-6.0,7.0
1775300496.2363296,1.0,-8.0,6.0
1775300496.2463295,-2.0,-6.0,0.0
1775300496.2563295,-3.0,-4.0,0.0
1775300496.2663295,0.0,-3.0,0.0
1775300496.2763295,0.0,0.0,-1.0
1775300496.2863295,3.0,-1.0,-2.0
1775300496.2963295,0.0,-4.0,-2.0
1775300496.3063295,0.0,-5.0,3.0
1775300496.3163297,-3.0,-9.0,6.0
1775300496.3263297,0.0,-7.0,7.0
1775300496.3363297,1.0,-5.0,6.0
1775300496.3463297,1.0,-6.0,3.0
1775300496.3563297,0.0,-9.0,8.0
1775300496.3663297,-1.0,-5.0,11.0
1775300496.3763297,0.0,-4.0,12.0
1775300496.3863297,0.0,-5.0,13.0
1775300496.3963296,0.0,-9.0,12.0
1775300496.4063296,0.0,-2.0,10.0
1775300496.4163296,2.0,0.0,13.0
1775300496.4263296,-3.0,-2.0,11.0
1775300496.4363296,-3.0,-2.0,13.0
1775300496.4463296,0.0,-3.0,7.0
1775300496.4563296,-2.0,0.0,6.0
1775300496.4663296,-2.0,0.0,7.0
1775300496.4763296,-1.0,1.0,4.0
1775300496.4863296,0.0,0.0,7.0
1775300496.4963295,-4.0,0.0,4.0
1775300496.5063295,-2.0,-2.0,6.0
1775300496.5163295,0.0,0.0,6.0
1775300496.5263295,0.0,4.0,4.0
1775300496.5363295,-2.0,2.0,6.0
1775300496.5463295,-2.0,0.0,5.0
1775300496.5563295,-3.0,-4.0,12.0
1775300496.5663297,-4.0,-6.0,8.0
1775300496.5763297,0.0,-8.0,2.0
1775300496.5863297,0.0,-5.0,5.0
1775300496.5963297,-2.0,-4.0,4.0
1775300496.6063297,-1.0,-2.0,1.0
1775300496.6163297,-6.0,3.0,-4.0
1775300496.6263297,-4.0,1.0,-5.0
1775300496.6363297,-6.0,4.0,-2.0
1775300496.6463296,-5.0,5.0,7.0
1775300496.6563296,-2.0,5.0,9.0
1775300496.6663296,-1.0,2.0,8.0
1775300496.6763296,2.0,3.0,14.0
1775300496.6863296,4.0,2.0,14.0
1775300496.6963296,0.0,-1.0,14.0
1775300496.7063296,-1.0,-2.0,15.0
1775300496.7163296,0.0,-2.0,13.0
1775300496.7263296,-1.0,2.0,14.0
1775300496.7363296,-3.0,0.0,13.0
1775300496.7463295,0.0,-1.0,8.0
1775300496.7563295,-2.0,-4.0,7.0
1775300496.7663295,-2.0,-2.0,3.0
1775300496.7763295,-3.0,1.0,4.0
1775300496.7863295,2.0,-1.0,6.0
1775300496.7963295,0.0,-1.0,2.0
1775300496.8063295,0.0,-2.0,8.0
1775300496.8163297,-1.0,0.0,11.0
1775300496.8263297,-1.0,-1.0,16.0
1775300496.8363297,-1.0,1.0,18.0
1775300496.8463297,0.0,0.0,18.0
1775300496.8563297,-4.0,-1.0,14.0
1775300496.8663297,-3.0,0.0,10.0
1775300496.8763297,-3.0,0.0,7.0
1775300496.8863297,0.0,0.0,9.0
1775300496.8963296,-2.0,-3.0,12.0
1775300496.9063296,-4.0,-3.0,11.0
1775300496.9163296,0.0,-8.0,14.0
1775300496.9263296,0.0,-5.0,15.0
1775300496.9373295,0.0,-1.0,12.0
1775300496.9473295,0.0,-3.0,3.0
1775300496.9563296,0.0,-3.0,4.0
1775300496.9673295,1.0,-4.0,12.0
1775300496.9773295,4.0,-2.0,13.0
1775300496.9873295,2.0,-1.0,12.0
1775300496.9973297,-2.0,-5.0,11.0
1775300497.0073297,-8.0,-7.0,9.0
1775300497.0173297,-6.0,-5.0,8.0
1775300497.0273297,-5.0,-1.0,2.0
1775300497.0373297,-8.0,-5.0,3.0
1775300497.0473297,-9.0,-3.0,9.0
1775300497.0573297,-11.0,0.0,9.0
1775300497.0673296,-8.0,2.0,11.0
1775300497.0773296,-4.0,6.0,15.0
1775300497.0873296,-3.0,4.0,9.0
1775300497.0973296,-5.0,1.0,10.0
1775300497.1073296,-3.0,-1.0,14.0
1775300497.1173296,-3.0,-2.0,11.0
1775300497.1273296,-2.0,0.0,8.0
1775300497.1373296,-2.0,0.0,12.0
1775300497.1473296,0.0,0.0,9.0
1775300497.1573296,0.0,-3.0,6.0
1775300497.1673295,1.0,-4.0,8.0
1775300497.1773295,3.0,-7.0,10.0
1775300497.1873295,0.0,-5.0,8.0
1775300497.1973295,-3.0,-3.0,10.0
1775300497.2073295,-3.0,-3.0,9.0
1775300497.2173295,-4.0,-1.0,14.0
1775300497.2273295,-2.0,-2.0,9.0
1775300497.2373295,1.0,-2.0,6.0
1775300497.2473297,0.0,1.0,0.0
1775300497.2573297,0.0,3.0,0.0
1775300497.2673297,-2.0,2.0,3.0
1775300497.2773297,-3.0,0.0,5.0
1775300497.2873297,-1.0,-2.0,2.0
1775300497.2973297,0.0,-1.0,5.0
1775300497.3073297,0.0,1.0,3.0
1775300497.3173296,-3.0,2.0,8.0
1775300497.3273296,-4.0,6.0,9.0
1775300497.3373296,-1.0,11.0,15.0
1775300497.3473296,-1.0,10.0,5.0
1775300497.3573296,1.0,5.0,4.0
1775300497.3673296,3.0,3.0,7.0
1775300497.3773296,4.0,3.0,8.0
1775300497.3873296,0.0,-1.0,4.0
1775300497.3973296,3.0,-1.0,7.0
1775300497.4073296,3.0,0.0,6.0
1775300497.4173295,0.0,1.0,10.0
1775300497.4273295,0.0,5.0,9.0
1775300497.4373295,1.0,3.0,8.0
1775300497.4473295,1.0,6.0,13.0
1775300497.4573295,2.0,4.0,13.0
1775300497.4673295,3.0,3.0,11.0
1775300497.4773295,6.0,1.0,16.0
1775300497.4873295,6.0,2.0,15.0
1775300497.4973297,4.0,1.0,12.0
1775300497.5073297,5.0,0.0,12.0
1775300497.5173297,6.0,-5.0,8.0
1775300497.5273297,8.0,-8.0,5.0
1775300497.5373297,3.0,-7.0,3.0
1775300497.5473297,0.0,-5.0,0.0
1775300497.5573297,0.0,-2.0,-2.0
1775300497.5673296,0.0,-2.0,-3.0
1775300497.5773296,0.0,-1.0,1.0
1775300497.5873296,1.0,2.0,4.0
1775300497.5973296,5.0,2.0,10.0
1775300497.6073296,6.0,6.0,12.0
1775300497.6173296,7.0,5.0,14.0
1775300497.6273296,7.0,3.0,13.0
1775300497.6373296,7.0,1.0,17.0
1775300497.6473296,7.0,0.0,20.0
1775300497.6573296,5.0,0.0,15.0
1775300497.6673295,2.0,-4.0,14.0
1775300497.6773295,0.0,-4.0,17.0
1775300497.6873295,1.0,-1.0,13.0
1775300497.6973295,0.0,0.0,12.0
1775300497.7073295,0.0,0.0,8.0
1775300497.7173295,-2.0,0.0,0.0
1775300497.7273295,-2.0,0.0,6.0
1775300497.7373295,-1.0,0.0,10.0
1775300497.7473297,0.0,-3.0,8.0
1775300497.7573297,-2.0,-7.0,10.0
1775300497.7673297,0.0,-10.0,2.0
1775300497.7773297,0.0,-9.0,5.0
1775300497.7873297,-5.0,-7.0,4.0
1775300497.7973297,-5.0,-5.0,1.0
1775300497.8073297,-5.0,-4.0,-1.0
1775300497.8173296,-7.0,-1.0,0.0
1775300497.8273296,-3.0,0.0,5.0
1775300497.8373296,-3.0,-2.0,4.0
1775300497.8473296,-4.0,-4.0,5.0
1775300497.8573296,-4.0,-8.0,2.0
1775300497.8673296,-5.0,-8.0,4.0
1775300497.8773296,-1.0,-5.0,3.0
1775300497.8873296,-1.0,0.0,3.0
1775300497.8973296,-2.0,0.0,4.0
1775300497.9073296,-1.0,-1.0,1.0
1775300497.9173295,4.0,0.0,6.0
1775300497.9273295,3.0,0.0,6.0
1775300497.9373295,2.0,-1.0,12.0
1775300497.9473295,3.0,2.0,12.0
1775300497.9573295,6.0,2.0,9.0
1775300497.9673295,4.0,5.0,13.0
1775300497.9773295,5.0,1.0,12.0
1775300497.9873295,10.0,-1.0,14.0
1775300497.9973297,7.0,-1.0,12.0
1775300498.0073297,4.0,0.0,21.0
1775300498.0173297,5.0,0.0,16.0
1775300498.0273297,6.0,-1.0,15.0
1775300498.0373297,4.0,-1.0,11.0
1775300498.0473297,2.0,-3.0,12.0
1775300498.0573297,0.0,-5.0,13.0
1775300498.0673296,-1.0,-4.0,11.0
1775300498.0773296,-2.0,-2.0,3.0
1775300498.0873296,1.0,-4.0,6.0
1775300498.0973296,2.0,-4.0,15.0
1775300498.1073296,0.0,-3.0,14.0
1775300498.1173296,-1.0,-2.0,18.0
1775300498.1273296,-7.0,-5.0,14.0
1775300498.1373296,-11.0,-6.0,11.0
1775300498.1473296,-13.0,-5.0,11.0
1775300498.1573296,-12.0,-4.0,19.0
1775300498.1673295,-8.0,-7.0,25.0
1775300498.1773295,-4.0,-11.0,27.0
1775300498.1873295,-4.0,-9.0,22.0
1775300498.1973295,-6.0,-6.0,22.0
1775300498.2073295,-3.0,-5.0,18.0
1775300498.2173295,-3.0,-1.0,20.0
1775300498.2273295,-2.0,0.0,17.0
1775300498.2373295,-1.0,-1.0,17.0
1775300498.2473297,-1.0,-2.0,11.0
1775300498.2573297,0.0,0.0,16.0
1775300498.2673297,-5.0,0.0,13.0
1775300498.2773297,-3.0,1.0,16.0
1775300498.2873297,0.0,1.0,19.0
1775300498.2973297,0.0,-1.0,21.0
1775300498.3073297,-1.0,-2.0,13.0
1775300498.3173296,-3.0,0.0,0.0
1775300498.3273296,0.0,-2.0,-1.0
1775300498.3373296,-2.0,-8.0,0.0
1775300498.3473296,0.0,-7.0,2.0
1775300498.3573296,0.0,-3.0,5.0
1775300498.3673296,-5.0,-3.0,8.0
1775300498.3773296,-5.0,0.0,13.0
1775300498.3873296,-4.0,0.0,19.0
1775300498.3973296,-4.0,0.0,19.0
1775300498.4073296,-1.0,4.0,24.0
1775300498.4173295,-4.0,3.0,22.0
1775300498.4273295,-5.0,1.0,20.0
1775300498.4373295,-4.0,-1.0,15.0
1775300498.4473295,-4.0,-4.0,16.0
1775300498.4573295,1.0,-1.0,15.0
1775300498.4673295,2.0,0.0,14.0
1775300498.4773295,2.0,2.0,11.0
1775300498.4873295,10.0,1.0,10.0
1775300498.4973297,8.0,-1.0,8.0
1775300498.5073297,5.0,-2.0,5.0
1775300498.5173297,3.0,-3.0,4.0
1775300498.5273297,2.0,-5.0,6.0
1775300498.5373297,0.0,-5.0,5.0
1775300498.5473297,1.0,-3.0,10.0
1775300498.5573297,-1.0,-3.0,5.0
1775300498.5673296,-2.0,-2.0,4.0
1775300498.5773296,-1.0,-4.0,3.0
1775300498.5873296,-6.0,-4.0,-1.0
1775300498.5973296,-6.0,-6.0,0.0
1775300498.6073296,-7.0,0.0,9.0
1775300498.6173296,-6.0,0.0,15.0
1775300498.6273296,0.0,-1.0,10.0
1775300498.6373296,2.0,0.0,15.0
1775300498.6473296,3.0,3.0,11.0
1775300498.6573296,2.0,1.0,15.0
1775300498.6673295,1.0,0.0,10.0
1775300498.6773295,2.0,-3.0,7.0
1775300498.6873295,1.0,0.0,7.0
1775300498.6973295,-1.0,0.0,5.0
1775300498.7073295,-1.0,0.0,3.0
1775300498.7173295,0.0,0.0,8.0
1775300498.7273295,1.0,3.0,1.0
1775300498.7373295,0.0,3.0,0.0
1775300498.7473297,0.0,6.0,9.0
1775300498.7573297,1.0,5.0,6.0
1775300498.7673297,0.0,6.0,2.0
1775300498.7773297,-4.0,0.0,4.0
1775300498.7873297,-4.0,3.0,7.0
1775300498.7973297,-7.0,2.0,13.0
1775300498.8073297,-10.0,3.0,9.0
1775300498.8173296,-10.0,3.0,11.0
1775300498.8273296,-8.0,0.0,10.0
1775300498.8373296,-9.0,-1.0,9.0
1775300498.8473296,-5.0,-1.0,3.0
1775300498.8573296,-4.0,0.0,-1.0
1775300498.8673296,-3.0,-4.0,4.0
1775300498.8773296,-2.0,-6.0,1.0
1775300498.8873296,-4.0,-7.0,-1.0
1775300498.8973296,-3.0,-6.0,3.0
1775300498.9073296,-4.0,-6.0,4.0
1775300498.9173295,-1.0,-5.0,4.0
1775300498.9273295,-2.0,-3.0,-1.0
1775300498.9373295,-3.0,-2.0,1.0
1775300498.9473295,0.0,-3.0,2.0
1775300498.9573295,0.0,-6.0,6.0
1775300498.9673295,1.0,-9.0,6.0
1775300498.9773295,1.0,-7.0,6.0
1775300498.9873295,2.0,0.0,6.0
1775300498.9973297,2.0,0.0,6.0
1775300499.0073297,3.0,-2.0,3.0
1775300499.0173297,0.0,0.0,8.0
1775300499.0273297,-3.0,4.0,7.0
1775300499.0373297,-1.0,6.0,0.0
1775300499.0473297,-1.0,7.0,0.0
1775300499.0573297,1.0,7.0,3.0
1775300499.0673296,2.0,0.0,7.0
1775300499.0773296,3.0,-1.0,16.0
1775300499.0873296,0.0,-2.0,20.0
1775300499.0973296,5.0,-1.0,8.0
1775300499.1073296,5.0,0.0,8.0
1775300499.1173296,4.0,1.0,7.0
1775300499.1273296,6.0,0.0,11.0
1775300499.1373296,5.0,2.0,5.0
1775300499.1473296,2.0,1.0,7.0
1775300499.1573296,1.0,0.0,3.0
1775300499.1673295,0.0,0.0,0.0
1775300499.1773295,-1.0,0.0,3.0
1775300499.1873295,-1.0,2.0,7.0
1775300499.1973295,-2.0,0.0,9.0
1775300499.2073295,-1.0,1.0,12.0
1775300499.2173295,-4.0,3.0,8.0
1775300499.2273295,-6.0,0.0,5.0
1775300499.2383296,-5.0,-2.0,9.0
1775300499.2473297,-3.0,-3.0,12.0
1775300499.2573297,-1.0,-2.0,12.0
1775300499.2683296,0.0,1.0,8.0
1775300499.2773297,0.0,0.0,1.0
1775300499.2883296,0.0,2.0,0.0
1775300499.2983296,2.0,1.0,5.0
1775300499.3083296,2.0,0.0,4.0
1775300499.3183296,2.0,-3.0,5.0
1775300499.3283296,5.0,-6.0,10.0
1775300499.3383296,3.0,-1.0,9.0
1775300499.3483295,4.0,0.0,9.0
1775300499.3583295,2.0,0.0,11.0
1775300499.3683295,0.0,-3.0,10.0
1775300499.3783295,0.0,-7.0,4.0
1775300499.3883295,1.0,-8.0,0.0
1775300499.3983295,1.0,-6.0,1.0
1775300499.4083295,-1.0,-5.0,1.0
1775300499.4183297,-4.0,-7.0,2.0
1775300499.4283297,-2.0,-5.0,0.0
1775300499.4383297,0.0,-5.0,-2.0
1775300499.4483297,1.0,-2.0,5.0
1775300499.4583297,-1.0,-5.0,9.0
1775300499.4683297,2.0,-8.0,10.0
1775300499.4783297,2.0,-11.0,10.0
1775300499.4883296,1.0,-6.0,13.0
1775300499.4983296,1.0,-5.0,12.0
1775300499.5083296,-3.0,-3.0,12.0
1775300499.5183296,-1.0,-3.0,12.0
1775300499.5283296,-3.0,-7.0,14.0
1775300499.5383296,0.0,-4.0,17.0
1775300499.5483296,4.0,-6.0,19.0
1775300499.5583296,3.0,-1.0,16.0
1775300499.5683296,6.0,0.0,14.0
1775300499.5783296,9.0,-1.0,3.0
1775300499.5883296,11.0,-5.0,1.0
1775300499.5983295,12.0,-3.0,5.0
1775300499.6083295,7.0,0.0,6.0
1775300499.6183295,4.0,0.0,9.0
1775300499.6283295,1.0,0.0,12.0
1775300499.6383295,4.0,1.0,9.0
1775300499.6483295,3.0,3.0,9.0
1775300499.6583295,2.0,0.0,13.0
1775300499.6683297,0.0,0.0,11.0
1775300499.6783297,3.0,0.0,7.0
1775300499.6883297,5.0,0.0,16.0
1775300499.6983297,5.0,0.0,14.0
1775300499.7083297,3.0,0.0,14.0
1775300499.7183297,4.0,0.0,13.0
1775300499.7283297,-1.0,0.0,9.0
1775300499.7383296,-1.0,-2.0,4.0
1775300499.7483296,0.0,0.0,5.0
1775300499.7583296,2.0,-2.0,6.0
1775300499.7683296,4.0,-2.0,6.0
1775300499.7783296,1.0,-3.0,5.0
1775300499.7893295,-1.0,-2.0,5.0
1775300499.7983296,1.0,-2.0,5.0
1775300499.8083296,0.0,-1.0,4.0
1775300499.8183296,0.0,0.0,3.0
1775300499.8283296,0.0,1.0,2.0
1775300499.8383296,-2.0,-5.0,0.0
1775300499.8483295,-2.0,-7.0,5.0
1775300499.8583295,0.0,-5.0,4.0
1775300499.8683295,-1.0,-4.0,7.0
1775300499.8783295,0.0,-7.0,6.0
1775300499.8883295,0.0,-5.0,0.0
1775300499.8983295,-5.0,-4.0,0.0
1775300499.9083295,-6.0,-5.0,7.0
1775300499.9183297,-8.0,-3.0,7.0
1775300499.9283297,-6.0,-6.0,2.0
1775300499.9383297,-8.0,-3.0,10.0
1775300499.9483297,-7.0,-3.0,16.0
1775300499.9583297,-8.0,-1.0,17.0
1775300499.9683297,-4.0,-1.0,12.0
1775300499.9783297,-4.0,-3.0,14.0
1775300499.9883296,-3.0,-2.0,8.0
1775300499.9983296,-1.0,0.0,6.0
1775300500.0083296,-3.0,0.0,10.0
1775300500.0183296,-1.0,1.0,8.0
1775300500.0283296,-2.0,2.0,4.0
1775300500.0383296,0.0,0.0,5.0
1775300500.0483296,-5.0,2.0,6.0
1775300500.0583296,-7.0,4.0,12.0
1775300500.0683296,-5.0,2.0,10.0
1775300500.0783296,-3.0,5.0,8.0
1775300500.0883296,-4.0,2.0,2.0
1775300500.0983295,-8.0,3.0,-4.0
1775300500.1083295,-9.0,3.0,-6.0
1775300500.1183295,-3.0,2.0,-3.0
1775300500.1283295,-2.0,3.0,0.0
1775300500.1383295,-4.0,0.0,2.0
1775300500.1483295,-3.0,0.0,9.0
1775300500.1583295,1.0,2.0,9.0
1775300500.1683297,-4.0,1.0,13.0
1775300500.1783297,0.0,3.0,10.0
1775300500.1883297,-2.0,0.0,7.0
1775300500.1983297,1.0,2.0,2.0
1775300500.2083297,3.0,-1.0,0.0
1775300500.2183297,4.0,-4.0,2.0
1775300500.2283297,0.0,-2.0,1.0
1775300500.2383296,0.0,-2.0,0.0
1775300500.2483296,-3.0,-7.0,2.0
1775300500.2583296,0.0,-6.0,4.0
1775300500.2683296,0.0,-5.0,3.0
1775300500.2783296,1.0,-7.0,2.0
1775300500.2883296,0.0,-2.0,5.0
1775300500.2983296,2.0,-4.0,-2.0
1775300500.3083296,2.0,-6.0,-10.0
1775300500.3183296,3.0,-3.0,-13.0
1775300500.3283296,3.0,-2.0,-9.0
1775300500.3393295,3.0,0.0,-2.0
1775300500.3483295,-2.0,1.0,-1.0
1775300500.3583295,-5.0,7.0,-3.0
1775300500.3683295,1.0,5.0,0.0
1775300500.3783295,0.0,3.0,-4.0
1775300500.3883295,0.0,-1.0,-4.0
1775300500.3983295,-3.0,-5.0,-9.0
1775300500.4083295,-4.0,-7.0,-8.0
1775300500.4183297,0.0,-3.0,-13.0
1775300500.4283297,2.0,-5.0,-14.0
1775300500.4383297,3.0,-3.0,-5.0
1775300500.4483297,2.0,-6.0,-1.0
1775300500.4583297,3.0,-5.0,2.0
1775300500.4683297,4.0,-3.0,0.0
1775300500.4783297,1.0,-4.0,-1.0
1775300500.4883296,2.0,-4.0,-1.0
1775300500.4983296,2.0,-2.0,-1.0
1775300500.5083296,1.0,-4.0,2.0
1775300500.5183296,4.0,-2.0,0.0
1775300500.5283296,0.0,-4.0,0.0
1775300500.5383296,-1.0,-6.0,-4.0
1775300500.5483296,1.0,-2.0,-4.0
1775300500.5583296,0.0,-3.0,0.0
1775300500.5683296,-1.0,-7.0,3.0
1775300500.5783296,-1.0,-8.0,7.0
1775300500.5883296,0.0,-5.0,7.0
1775300500.5983295,3.0,-5.0,12.0
1775300500.6083295,1.0,-3.0,9.0
1775300500.6183295,-1.0,-2.0,9.0
1775300500.6283295,2.0,0.0,13.0
1775300500.6383295,4.0,-2.0,18.0
1775300500.6483295,2.0,-1.0,16.0
1775300500.6583295,1.0,1.0,15.0
1775300500.6683297,1.0,-1.0,8.0
1775300500.6783297,0.0,0.0,9.0
1775300500.6883297,-3.0,-5.0,2.0
1775300500.6983297,-3.0,-6.0,1.0
1775300500.7083297,-2.0,-7.0,5.0
1775300500.7183297,-4.0,-8.0,8.0
1775300500.7283297,-4.0,-9.0,11.0
1775300500.7383296,-4.0,-7.0,4.0
1775300500.7483296,-3.0,-4.0,3.0
1775300500.7583296,-6.0,-5.0,14.0
1775300500.7683296,-1.0,-2.0,5.0
1775300500.7783296,0.0,-1.0,3.0
1775300500.7883296,2.0,0.0,8.0
1775300500.7983296,6.0,-1.0,9.0
1775300500.8083296,7.0,0.0,16.0
1775300500.8183296,4.0,0.0,16.0
1775300500.8283296,5.0,1.0,12.0
1775300500.8383296,1.0,0.0,10.0
1775300500.8483295,3.0,-4.0,7.0
1775300500.8583295,1.0,0.0,9.0
1775300500.8683295,0.0,1.0,15.0
1775300500.8783295,4.0,-1.0,9.0
1775300500.8883295,5.0,-3.0,12.0
1775300500.8983295,1.0,-3.0,1.0
1775300500.9083295,-5.0,-3.0,2.0
1775300500.9183297,-6.0,0.0,11.0
1775300500.9283297,-4.0,0.0,6.0
1775300500.9383297,-2.0,1.0,4.0
1775300500.9483297,-3.0,0.0,6.0
1775300500.9583297,-2.0,1.0,13.0
1775300500.9683297,-4.0,-1.0,9.0
1775300500.9783297,-4.0,-3.0,13.0
1775300500.9883296,-2.0,1.0,13.0
1775300500.9983296,-1.0,2.0,14.0
1775300501.0083296,-2.0,0.0,14.0
1775300501.0183296,-7.0,-3.0,14.0
1775300501.0283296,-5.0,-4.0,11.0
1775300501.0383296,-4.0,0.0,16.0
1775300501.0483296,2.0,0.0,21.0
1775300501.0583296,3.0,-2.0,19.0
1775300501.0683296,3.0,-4.0,18.0
1775300501.0783296,4.0,-2.0,17.0
1775300501.0883296,3.0,0.0,7.0
1775300501.0983295,-1.0,2.0,-1.0
1775300501.1083295,0.0,1.0,-2.0
1775300501.1183295,2.0,0.0,0.0
1775300501.1283295,-1.0,0.0,5.0
1775300501.1383295,0.0,-5.0,7.0
1775300501.1483295,3.0,-3.0,10.0
1775300501.1583295,7.0,-3.0,14.0
1775300501.1683297,4.0,-4.0,17.0
1775300501.1783297,9.0,-5.0,20.0
1775300501.1883297,16.0,-3.0,18.0
1775300501.1983297,18.0,-4.0,16.0
1775300501.2083297,11.0,-6.0,12.0
1775300501.2183297,8.0,-5.0,14.0
1775300501.2283297,9.0,-5.0,9.0
1775300501.2383296,5.0,-6.0,12.0
1775300501.2483296,4.0,-7.0,6.0
1775300501.2583296,5.0,-9.0,9.0
1775300501.2683296,5.0,-10.0,5.0
1775300501.2783296,2.0,-8.0,7.0
1775300501.2883296,1.0,-5.0,9.0
1775300501.2983296,0.0,-3.0,11.0
1775300501.3083296,1.0,-1.0,12.0
1775300501.3183296,3.0,-4.0,13.0
1775300501.3283296,4.0,-3.0,14.0
1775300501.3383296,2.0,0.0,9.0
1775300501.3483295,0.0,0.0,2.0
1775300501.3583295,-2.0,-2.0,3.0
1775300501.3683295,0.0,2.0,2.0
1775300501.3783295,1.0,5.0,8.0
1775300501.3883295,1.0,4.0,3.0
1775300501.3983295,-2.0,0.0,0.0
1775300501.4083295,-4.0,1.0,0.0
1775300501.4183297,-4.0,0.0,7.0
1775300501.4283297,-6.0,0.0,0.0
1775300501.4383297,-7.0,0.0,0.0
1775300501.4483297,-3.0,0.0,-8.0
1775300501.4583297,0.0,-3.0,-12.0
1775300501.4683297,-1.0,-5.0,-5.0
1775300501.4783297,4.0,-4.0,1.0
1775300501.4883296,0.0,-4.0,0.0
1775300501.4983296,-3.0,-1.0,6.0
1775300501.5083296,-7.0,1.0,8.0
1775300501.5183296,-6.0,0.0,15.0
1775300501.5283296,-8.0,1.0,16.0
1775300501.5393295,-9.0,0.0,14.0
1775300501.5493295,-7.0,-3.0,15.0
1775300501.5593295,-11.0,0.0,18.0
1775300501.5693295,-9.0,2.0,14.0
1775300501.5793295,-10.0,1.0,17.0
1775300501.5893295,-8.0,0.0,12.0
1775300501.5993297,-3.0,0.0,18.0
1775300501.6093297,0.0,2.0,19.0
1775300501.6193297,0.0,0.0,19.0
1775300501.6293297,3.0,0.0,16.0
1775300501.6393297,4.0,3.0,20.0
1775300501.6493297,1.0,0.0,20.0
1775300501.6593297,-4.0,-1.0,16.0
1775300501.6693296,-6.0,-3.0,11.0
1775300501.6793296,-6.0,-5.0,13.0
1775300501.6893296,-11.0,-9.0,11.0
1775300501.6993296,-10.0,-8.0,16.0
1775300501.7093296,-10.0,-7.0,12.0
1775300501.7193296,-10.0,-2.0,6.0
1775300501.7293296,-7.0,-3.0,7.0
1775300501.7393296,-7.0,-6.0,8.0
1775300501.7493296,-7.0,-9.0,13.0
1775300501.7593296,-7.0,-15.0,15.0
1775300501.7693295,-11.0,-14.0,12.0
1775300501.7793295,-5.0,-11.0,9.0
1775300501.7893295,-5.0,-5.0,12.0
1775300501.7993295,-3.0,-6.0,18.0
1775300501.8093295,-4.0,-8.0,15.0
1775300501.8193295,-3.0,-6.0,17.0
1775300501.8293295,-3.0,2.0,20.0
1775300501.8393295,-4.0,-1.0,18.0
1775300501.8493297,-4.0,-2.0,16.0
1775300501.8593297,-2.0,-2.0,12.0
1775300501.8693297,1.0,-1.0,6.0
1775300501.8793297,3.0,-1.0,5.0
1775300501.8893297,6.0,-1.0,3.0
1775300501.8993297,4.0,0.0,8.0
1775300501.9093297,-2.0,0.0,9.0
1775300501.9193296,-1.0,0.0,7.0
1775300501.9293296,2.0,2.0,8.0
1775300501.9393296,4.0,8.0,12.0
1775300501.9493296,6.0,5.0,8.0
1775300501.9593296,2.0,0.0,9.0
1775300501.9693296,3.0,1.0,11.0
1775300501.9793296,0.0,2.0,13.0
1775300501.9893296,1.0,0.0,10.0
1775300501.9993296,3.0,-2.0,8.0
1775300502.0093296,2.0,-5.0,4.0
1775300502.0193295,0.0,-6.0,12.0
1775300502.0293295,2.0,-7.0,10.0
1775300502.0393295,7.0,-8.0,8.0
1775300502.0493295,6.0,-10.0,11.0
1775300502.0593295,0.0,-8.0,12.0
1775300502.0693295,-2.0,-5.0,11.0
1775300502.0793295,-5.0,-2.0,6.0
1775300502.0893295,-2.0,-4.0,14.0
1775300502.0993297,0.0,-3.0,17.0
1775300502.1093297,5.0,-3.0,17.0
1775300502.1193297,7.0,0.0,13.0
1775300502.1293297,6.0,-1.0,5.0
1775300502.1393297,1.0,-1.0,6.0
1775300502.1493297,0.0,-1.0,5.0
1775300502.1593297,0.0,-4.0,0.0
1775300502.1693296,0.0,0.0,2.0
1775300502.1793296,3.0,0.0,0.0
1775300502.1893296,1.0,-1.0,3.0
1775300502.1993296,7.0,-1.0,0.0
1775300502.2093296,2.0,-2.0,-6.0
1775300502.2193296,0.0,-5.0,-2.0
1775300502.2293296,-4.0,0.0,3.0
1775300502.2393296,-3.0,-1.0,5.0
1775300502.2493296,-2.0,-1.0,8.0
1775300502.2593296,0.0,-2.0,9.0
1775300502.2693295,-4.0,-3.0,15.0
1775300502.2793295,-6.0,-2.0,18.0
1775300502.2893295,-7.0,0.0,15.0
1775300502.2993295,-5.0,0.0,12.0
1775300502.3093295,-2.0,0.0,15.0
1775300502.3193295,-1.0,-2.0,8.0
1775300502.3293295,0.0,-1.0,11.0
1775300502.3393295,0.0,2.0,7.0
1775300502.3493297,-1.0,2.0,8.0
1775300502.3593297,-2.0,2.0,9.0
1775300502.3693297,-3.0,2.0,7.0
1775300502.3793297,-8.0,4.0,9.0
1775300502.3893297,-6.0,1.0,8.0
1775300502.3993297,-3.0,0.0,7.0
1775300502.4093297,-9.0,-1.0,7.0
1775300502.4193296,-4.0,1.0,13.0
1775300502.4293296,-5.0,1.0,16.0
1775300502.4393296,-2.0,1.0,13.0
1775300502.4493296,0.0,1.0,17.0
1775300502.4593296,2.0,1.0,18.0
1775300502.4693296,2.0,2.0,18.0
1775300502.4793296,-2.0,-1.0,12.0
1775300502.4893296,-2.0,-2.0,11.0
1775300502.4993296,-9.0,-2.0,13.0
1775300502.5093296,-12.0,-2.0,14.0
1775300502.5193295,-8.0,-1.0,15.0
1775300502.5293295,-2.0,-3.0,12.0
1775300502.5393295,-1.0,-3.0,15.0
1775300502.5493295,-1.0,-5.0,15.0
1775300502.5593295,-2.0,-3.0,14.0
1775300502.5693295,-3.0,-2.0,10.0
1775300502.5793295,-5.0,-4.0,5.0
1775300502.5893295,-4.0,-5.0,7.0
1775300502.5993297,-1.0,-7.0,8.0
1775300502.6093297,0.0,-7.0,16.0
1775300502.6193297,-4.0,-7.0,12.0
1775300502.6293297,0.0,-8.0,11.0
1775300502.6393297,-4.0,-9.0,10.0
1775300502.6493297,-5.0,-7.0,8.0
1775300502.6593297,-6.0,-5.0,15.0
1775300502.6693296,-3.0,-5.0,14.0
1775300502.6793296,0.0,-3.0,6.0
1775300502.6893296,1.0,1.0,10.0
1775300502.6993296,0.0,2.0,8.0
1775300502.7093296,3.0,1.0,8.0
1775300502.7193296,3.0,0.0,11.0
1775300502.7293296,2.0,0.0,12.0
1775300502.7393296,2.0,-1.0,16.0
1775300502.7493296,6.0,-3.0,15.0
1775300502.7593296,3.0,-4.0,13.0
1775300502.7693295,2.0,-5.0,14.0
1775300502.7793295,3.0,-4.0,9.0
1775300502.7893295,6.0,-5.0,9.0
1775300502.7993295,12.0,-7.0,6.0
1775300502.8093295,8.0,-9.0,9.0
1775300502.8193295,5.0,-4.0,8.0
1775300502.8293295,3.0,-6.0,4.0
1775300502.8393295,1.0,-4.0,9.0
1775300502.8493297,2.0,-2.0,13.0
1775300502.8593297,6.0,0.0,13.0
1775300502.8693297,0.0,1.0,15.0
1775300502.8793297,-2.0,1.0,16.0
1775300502.8893297,0.0,0.0,15.0
1775300502.8993297,0.0,2.0,13.0
1775300502.9093297,-2.0,3.0,14.0
1775300502.9193296,-3.0,2.0,17.0
1775300502.9293296,0.0,4.0,23.0
1775300502.9393296,2.0,0.0,18.0
1775300502.9493296,2.0,-2.0,19.0
1775300502.9593296,2.0,0.0,7.0
1775300502.9693296,1.0,-2.0,2.0
1775300502.9793296,0.0,-3.0,-1.0
1775300502.9893296,-1.0,0.0,7.0
1775300502.9993296,-3.0,1.0,4.0
1775300503.0093296,-4.0,5.0,7.0
1775300503.0193295,-7.0,10.0,6.0
1775300503.0293295,-2.0,10.0,2.0
1775300503.0393295,-5.0,5.0,15.0
1775300503.0493295,-5.0,5.0,19.0
1775300503.0593295,1.0,5.0,17.0
1775300503.0693295,4.0,7.0,10.0
1775300503.0793295,6.0,3.0,3.0
1775300503.0893295,2.0,0.0,3.0
1775300503.0993297,0.0,2.0,8.0
1775300503.1093297,1.0,0.0,7.0
1775300503.1193297,0.0,-3.0,0.0
1775300503.1293297,-5.0,-3.0,4.0
1775300503.1393297,-1.0,-5.0,7.0
1775300503.1493297,-1.0,-6.0,4.0
1775300503.1593297,-1.0,-7.0,9.0
1775300503.1693296,-4.0,-7.0,11.0
1775300503.1793296,-4.0,-8.0,19.0
1775300503.1893296,-2.0,-5.0,19.0
1775300503.1993296,-2.0,-3.0,18.0
1775300503.2093296,0.0,-5.0,20.0
1775300503.2193296,0.0,-4.0,14.0
1775300503.2293296,0.0,-4.0,14.0
1775300503.2393296,0.0,-3.0,16.0
1775300503.2493296,0.0,0.0,14.0
1775300503.2593296,1.0,0.0,14.0
1775300503.2693295,2.0,0.0,7.0
1775300503.2793295,0.0,4.0,10.0
1775300503.2893295,-5.0,5.0,15.0
1775300503.2993295,-3.0,6.0,14.0
1775300503.3093295,-4.0,1.0,15.0
1775300503.3193295,-2.0,-3.0,12.0
1775300503.3293295,1.0,0.0,12.0
1775300503.3393295,3.0,1.0,10.0
1775300503.3493297,5.0,0.0,12.0
1775300503.3593297,4.0,0.0,9.0
1775300503.3693297,1.0,-3.0,3.0
1775300503.3793297,2.0,-2.0,7.0
1775300503.3893297,2.0,0.0,3.0
1775300503.3993297,3.0,-3.0,6.0
1775300503.4093297,8.0,-6.0,12.0
1775300503.4193296,13.0,-9.0,15.0
1775300503.4293296,8.0,-6.0,14.0
1775300503.4393296,3.0,-4.0,10.0
1775300503.4493296,0.0,-1.0,2.0
1775300503.4593296,0.0,0.0,9.0
1775300503.4693296,1.0,-1.0,10.0
1775300503.4793296,0.0,-4.0,11.0
1775300503.4893296,2.0,-1.0,14.0
1775300503.4993296,1.0,1.0,11.0
1775300503.5093296,5.0,-2.0,5.0
1775300503.5193295,7.0,-4.0,9.0
1775300503.5293295,3.0,-3.0,10.0
1775300503.5393295,1.0,-8.0,7.0
1775300503.5493295,-2.0,-7.0,7.0
1775300503.5593295,-3.0,-6.0,10.0
1775300503.5693295,-7.0,-4.0,13.0
1775300503.5793295,-3.0,-3.0,8.0
1775300503.5893295,-3.0,0.0,11.0
1775300503.5993297,-3.0,-3.0,17.0
1775300503.6093297,-3.0,-3.0,16.0
1775300503.6193297,-5.0,-1.0,17.0
1775300503.6293297,-10.0,-2.0,11.0
1775300503.6393297,-12.0,-5.0,4.0
1775300503.6493297,-11.0,-6.0,16.0
1775300503.6593297,-7.0,-8.0,17.0
1775300503.6693296,-5.0,-9.0,7.0
1775300503.6793296,-6.0,-3.0,7.0
1775300503.6893296,-7.0,-1.0,12.0
1775300503.6993296,-4.0,-5.0,16.0
1775300503.7093296,-4.0,-7.0,16.0
1775300503.7193296,-2.0,-4.0,11.0
1775300503.7293296,-2.0,0.0,6.0
1775300503.7393296,-4.0,1.0,7.0
1775300503.7493296,-3.0,4.0,8.0
1775300503.7593296,-1.0,4.0,11.0
1775300503.7693295,0.0,0.0,8.0
1775300503.7793295,0.0,0.0,16.0
1775300503.7893295,-1.0,1.0,13.0
1775300503.7993295,-2.0,4.0,11.0
1775300503.8093295,-5.0,1.0,6.0
1775300503.8193295,-6.0,3.0,3.0
1775300503.8293295,-7.0,5.0,-3.0
1775300503.8393295,0.0,0.0,-3.0
1775300503.8503296,0.0,-3.0,-6.0
1775300503.8603296,0.0,-1.0,-5.0
1775300503.8693297,0.0,0.0,2.0
1775300503.8803296,0.0,-1.0,1.0
1775300503.8903296,-4.0,-1.0,7.0
1775300503.9003296,-5.0,-2.0,13.0
1775300503.9103296,-2.0,-3.0,13.0
1775300503.9193296,-2.0,-5.0,19.0
1775300503.9303296,-5.0,-3.0,13.0
1775300503.9403296,-6.0,-4.0,11.0
1775300503.9503295,-3.0,-7.0,10.0
1775300503.9603295,0.0,-4.0,8.0
1775300503.9703295,0.0,-3.0,6.0
1775300503.9803295,0.0,-1.0,8.0
1775300503.9903295,-1.0,-2.0,7.0
1775300504.0003295,1.0,0.0,10.0
1775300504.0103295,2.0,-3.0,11.0
1775300504.0203297,0.0,-5.0,7.0
1775300504.0303297,-1.0,-4.0,5.0
1775300504.0403297,-1.0,-7.0,6.0
1775300504.0503297,0.0,-4.0,10.0
1775300504.0603297,-3.0,-3.0,3.0
1775300504.0703297,-2.0,0.0,1.0
1775300504.0803297,-1.0,-2.0,1.0
1775300504.0903296,-2.0,-5.0,3.0
1775300504.1003296,0.0,-6.0,6.0
1775300504.1103296,-1.0,-5.0,6.0
1775300504.1203296,-5.0,-1.0,4.0
1775300504.1303296,-5.0,0.0,-1.0
1775300504.1403296,-7.0,4.0,1.0
1775300504.1503296,-9.0,0.0,3.0
1775300504.1603296,-4.0,0.0,9.0
1775300504.1703296,0.0,1.0,6.0
1775300504.1803296,-1.0,1.0,0.0
1775300504.1903296,1.0,1.0,0.0
1775300504.2003295,0.0,0.0,3.0
1775300504.2103295,-3.0,0.0,0.0
1775300504.2203295,-5.0,1.0,0.0
1775300504.2303295,-3.0,0.0,7.0
1775300504.2403295,2.0,2.0,9.0
1775300504.2503295,3.0,2.0,6.0
1775300504.2603295,4.0,0.0,9.0
1775300504.2703297,0.0,0.0,10.0
1775300504.2803297,-2.0,1.0,12.0
1775300504.2903297,-6.0,0.0,9.0
1775300504.3003297,0.0,0.0,11.0
1775300504.3103297,0.0,0.0,6.0
1775300504.3203297,1.0,1.0,6.0
1775300504.3303297,-1.0,0.0,8.0
1775300504.3403296,0.0,3.0,5.0
1775300504.3503296,4.0,6.0,8.0
1775300504.3603296,5.0,7.0,8.0
1775300504.3703296,0.0,5.0,13.0
1775300504.3803296,-1.0,1.0,12.0
1775300504.3903296,0.0,-3.0,12.0
1775300504.4003296,-2.0,0.0,11.0
1775300504.4103296,-1.0,2.0,9.0
1775300504.4203296,1.0,-3.0,1.0
1775300504.4303296,2.0,-7.0,2.0
1775300504.4403296,4.0,-7.0,11.0
1775300504.4503295,5.0,-4.0,7.0
1775300504.4603295,2.0,-3.0,7.0
1775300504.4703295,-2.0,-3.0,7.0
1775300504.4803295,2.0,1.0,2.0
1775300504.4903295,6.0,2.0,7.0
1775300504.5003295,-1.0,-1.0,11.0
1775300504.5103295,-3.0,0.0,9.0
1775300504.5203297,0.0,-1.0,6.0
1775300504.5303297,0.0,-3.0,5.0
1775300504.5403297,0.0,0.0,6.0
1775300504.5503297,1.0,1.0,3.0
1775300504.5603297,0.0,3.0,2.0
1775300504.5703297,-5.0,4.0,3.0
1775300504.5803297,-1.0,3.0,0.0
1775300504.5903296,0.0,5.0,0.0
1775300504.6003296,-1.0,0.0,5.0
1775300504.6103296,-1.0,-4.0,-1.0
1775300504.6203296,-1.0,0.0,-1.0
1775300504.6303296,-2.0,3.0,2.0
1775300504.6403296,-2.0,-2.0,5.0
1775300504.6503296,-7.0,-3.0,9.0
1775300504.6603296,-6.0,-4.0,11.0
1775300504.6703296,-5.0,-2.0,17.0
1775300504.6803296,-3.0,-2.0,15.0
1775300504.6903296,-2.0,-7.0,14.0
1775300504.7003295,0.0,-6.0,14.0
1775300504.7103295,-1.0,0.0,14.0
1775300504.7203295,-1.0,0.0,12.0
1775300504.7303295,0.0,-1.0,12.0
1775300504.7403295,0.0,-2.0,6.0
1775300504.7503295,1.0,0.0,3.0
1775300504.7603295,1.0,2.0,10.0
1775300504.7703297,5.0,3.0,9.0
1775300504.7803297,4.0,1.0,13.0
1775300504.7903297,4.0,-1.0,9.0
1775300504.8003297,4.0,0.0,9.0
1775300504.8103297,3.0,-2.0,16.0
1775300504.8203297,4.0,-2.0,19.0
1775300504.8303297,5.0,0.0,20.0
1775300504.8413296,6.0,3.0,20.0
1775300504.8503296,4.0,4.0,22.0
1775300504.8603296,6.0,8.0,19.0
1775300504.8703296,1.0,7.0,14.0
1775300504.8803296,0.0,5.0,15.0
1775300504.8903296,-1.0,4.0,4.0
1775300504.9003296,-1.0,9.0,5.0
1775300504.9103296,0.0,10.0,2.0
1775300504.9203296,4.0,5.0,8.0
1775300504.9303296,3.0,0.0,4.0
1775300504.9403296,2.0,-7.0,1.0
1775300504.9503295,0.0,-7.0,0.0
1775300504.9603295,0.0,-11.0,7.0
1775300504.9703295,1.0,-10.0,11.0
1775300504.9803295,-1.0,-10.0,10.0
1775300504.9903295,-5.0,-10.0,8.0
1775300505.0003295,-2.0,-4.0,4.0
1775300505.0103295,-1.0,-6.0,4.0
1775300505.0203297,0.0,-3.0,6.0
1775300505.0303297,0.0,-4.0,6.0
1775300505.0403297,0.0,-3.0,-2.0
1775300505.0503297,-4.0,-1.0,2.0
1775300505.0603297,-5.0,-3.0,0.0
1775300505.0703297,-5.0,-2.0,-1.0
1775300505.0803297,-3.0,-4.0,-3.0
1775300505.0903296,-4.0,-5.0,1.0
1775300505.1003296,-7.0,-2.0,0.0
1775300505.1103296,-6.0,-3.0,1.0
1775300505.1203296,-3.0,0.0,1.0
1775300505.1303296,-2.0,0.0,-2.0
1775300505.1403296,-2.0,3.0,2.0
1775300505.1503296,-3.0,4.0,2.0
1775300505.1603296,-6.0,3.0,2.0
1775300505.1703296,-3.0,4.0,4.0
1775300505.1803296,-3.0,6.0,3.0
1775300505.1903296,-2.0,1.0,3.0
1775300505.2003295,-2.0,-1.0,0.0
1775300505.2103295,-6.0,-3.0,-5.0
1775300505.2203295,-7.0,-7.0,0.0
1775300505.2303295,-2.0,-3.0,8.0
1775300505.2403295,-3.0,-3.0,7.0
1775300505.2503295,-1.0,-6.0,-2.0
1775300505.2603295,-3.0,-7.0,-1.0
1775300505.2703297,-5.0,-7.0,3.0
1775300505.2803297,-1.0,-6.0,4.0
1775300505.2903297,-3.0,-4.0,6.0
1775300505.3003297,-2.0,-8.0,1.0
1775300505.3103297,-3.0,-8.0,-1.0
1775300505.3203297,-1.0,-6.0,-2.0
1775300505.3303297,-2.0,-3.0,0.0
1775300505.3403296,-1.0,-2.0,6.0
1775300505.3503296,-4.0,-1.0,1.0
1775300505.3603296,-5.0,-3.0,6.0
1775300505.3703296,-5.0,0.0,6.0
1775300505.3803296,-1.0,-6.0,8.0
1775300505.3903296,-2.0,-6.0,7.0
1775300505.4003296,-5.0,-1.0,5.0
1775300505.4103296,-9.0,4.0,9.0
1775300505.4203296,-9.0,7.0,13.0
1775300505.4303296,-9.0,5.0,17.0
1775300505.4403296,-7.0,3.0,17.0
1775300505.4503295,-2.0,2.0,11.0
1775300505.4603295,0.0,0.0,12.0
1775300505.4703295,0.0,-3.0,11.0
1775300505.4803295,-1.0,-4.0,20.0
1775300505.4903295,-6.0,-4.0,16.0
1775300505.5003295,-2.0,-3.0,17.0
1775300505.5103295,3.0,-4.0,14.0
1775300505.5203297,1.0,-2.0,10.0
1775300505.5303297,4.0,-4.0,14.0
1775300505.5403297,2.0,-6.0,17.0
1775300505.5503297,2.0,-3.0,18.0
1775300505.5603297,4.0,2.0,13.0
1775300505.5703297,3.0,2.0,10.0
1775300505.5803297,1.0,1.0,14.0
1775300505.5903296,0.0,2.0,10.0
1775300505.6003296,2.0,-1.0,8.0
1775300505.6103296,1.0,-1.0,11.0
1775300505.6203296,3.0,-2.0,19.0
1775300505.6303296,4.0,-6.0,15.0
1775300505.6403296,2.0,-3.0,14.0
1775300505.6503296,3.0,0.0,19.0
1775300505.6603296,7.0,1.0,21.0
1775300505.6703296,6.0,3.0,20.0
1775300505.6803296,4.0,5.0,19.0
1775300505.6903296,6.0,4.0,16.0
1775300505.7003295,5.0,3.0,14.0
1775300505.7103295,4.0,4.0,16.0
1775300505.7203295,1.0,4.0,9.0
1775300505.7303295,-1.0,2.0,4.0
1775300505.7403295,3.0,0.0,7.0
1775300505.7503295,0.0,3.0,8.0
1775300505.7603295,-2.0,3.0,1.0
1775300505.7703297,0.0,3.0,-1.0
1775300505.7803297,0.0,4.0,-1.0
1775300505.7903297,-3.0,4.0,0.0
1775300505.8003297,-1.0,1.0,8.0
1775300505.8103297,-2.0,0.0,6.0
1775300505.8203297,2.0,0.0,5.0
1775300505.8303297,2.0,-1.0,7.0
1775300505.8403296,-1.0,-2.0,13.0
1775300505.8503296,2.0,-2.0,10.0
1775300505.8603296,-1.0,-3.0,11.0
1775300505.8703296,-2.0,-3.0,12.0
1775300505.8803296,0.0,-5.0,8.0
1775300505.8903296,4.0,-3.0,13.0
1775300505.9003296,2.0,-4.0,12.0
1775300505.9103296,-1.0,-2.0,7.0
1775300505.9203296,0.0,-2.0,2.0
1775300505.9303296,0.0,3.0,1.0
1775300505.9403296,1.0,6.0,7.0
1775300505.9503295,2.0,8.0,12.0
1775300505.9603295,0.0,3.0,14.0
1775300505.9703295,0.0,-4.0,11.0
1775300505.9803295,1.0,-7.0,18.0
1775300505.9903295,5.0,-7.0,19.0
1775300506.0003295,6.0,-4.0,19.0
1775300506.0103295,7.0,-8.0,18.0
1775300506.0203297,5.0,-5.0,24.0
1775300506.0303297,0.0,-8.0,21.0
1775300506.0403297,0.0,-6.0,23.0
1775300506.0503297,-2.0,-6.0,16.0
1775300506.0603297,-2.0,-2.0,20.0
1775300506.0703297,-3.0,-2.0,12.0
1775300506.0803297,-1.0,-4.0,6.0
1775300506.0903296,0.0,-3.0,2.0
1775300506.1003296,-1.0,-3.0,-4.0
1775300506.1113296,-4.0,2.0,0.0
1775300506.1213295,-6.0,1.0,-2.0
1775300506.1303296,-3.0,-5.0,-1.0
1775300506.1413295,-7.0,-3.0,9.0
1775300506.1513295,-7.0,-2.0,4.0
1775300506.1613295,-9.0,-2.0,11.0
1775300506.1713295,-5.0,-5.0,8.0
1775300506.1803296,-7.0,-5.0,8.0
1775300506.1913297,-3.0,-5.0,8.0
1775300506.2013297,0.0,-4.0,1.0
1775300506.2113297,2.0,-5.0,0.0
1775300506.2213297,0.0,-5.0,6.0
1775300506.2313297,0.0,-4.0,12.0
1775300506.2413297,-1.0,-1.0,4.0
1775300506.2513297,-4.0,1.0,5.0
1775300506.2613297,-8.0,1.0,6.0
1775300506.2713296,-8.0,0.0,12.0
1775300506.2813296,-11.0,2.0,4.0
1775300506.2913296,-9.0,-2.0,4.0
1775300506.3013296,-4.0,-1.0,0.0
1775300506.3113296,-4.0,-5.0,-3.0
1775300506.3213296,-1.0,-2.0,-4.0
1775300506.3313296,0.0,-2.0,-5.0
1775300506.3413296,-3.0,0.0,-6.0
1775300506.3513296,-5.0,-4.0,-2.0
1775300506.3613296,-5.0,-6.0,-2.0
1775300506.3713295,-4.0,-5.0,-3.0
1775300506.3813295,0.0,-4.0,2.0
1775300506.3913295,2.0,0.0,5.0
1775300506.4013295,3.0,0.0,9.0
1775300506.4113295,7.0,-4.0,11.0
1775300506.4213295,3.0,-5.0,10.0
1775300506.4313295,4.0,-2.0,14.0
1775300506.4413297,3.0,-3.0,16.0
1775300506.4513297,4.0,-9.0,16.0
1775300506.4613297,3.0,-7.0,18.0
1775300506.4713297,5.0,-3.0,9.0
1775300506.4813297,2.0,-2.0,-2.0
1775300506.4913297,4.0,-1.0,-3.0
1775300506.5013297,1.0,0.0,0.0
1775300506.5113297,-4.0,2.0,5.0
1775300506.5213296,-1.0,1.0,12.0
1775300506.5313296,-6.0,1.0,14.0
1775300506.5413296,-5.0,0.0,19.0
1775300506.5513296,-6.0,-3.0,19.0
1775300506.5613296,-6.0,-2.0,20.0
1775300506.5713296,-7.0,1.0,19.0
1775300506.5813296,-7.0,3.0,9.0
1775300506.5913296,-7.0,4.0,8.0
1775300506.6013296,-6.0,3.0,7.0
1775300506.6113296,-3.0,0.0,4.0
1775300506.6213295,0.0,-2.0,6.0
1775300506.6313295,-1.0,0.0,2.0
1775300506.6413295,3.0,0.0,-2.0
1775300506.6513295,1.0,0.0,-1.0
1775300506.6613295,1.0,-2.0,3.0
1775300506.6713295,1.0,0.0,4.0
1775300506.6813295,-2.0,3.0,7.0
1775300506.6913297,-2.0,3.0,6.0
1775300506.7013297,-1.0,4.0,7.0
1775300506.7113297,-3.0,10.0,8.0
1775300506.7213297,-2.0,9.0,12.0
1775300506.7313297,-3.0,7.0,9.0
1775300506.7413297,-6.0,6.0,4.0
1775300506.7513297,-3.0,7.0,4.0
1775300506.7613297,-4.0,5.0,6.0
1775300506.7713296,-5.0,2.0,3.0
1775300506.7813296,-3.0,1.0,0.0
1775300506.7913296,0.0,3.0,7.0
1775300506.8013296,-3.0,0.0,7.0
1775300506.8113296,-4.0,0.0,10.0
1775300506.8213296,-3.0,0.0,15.0
1775300506.8313296,-2.0,0.0,11.0
1775300506.8413296,-5.0,0.0,10.0
1775300506.8513296,-3.0,0.0,9.0
1775300506.8613296,0.0,-3.0,8.0
1775300506.8713295,3.0,0.0,9.0
1775300506.8813295,-2.0,1.0,11.0
1775300506.8913295,0.0,-2.0,17.0
1775300506.9013295,1.0,4.0,16.0
1775300506.9113295,1.0,1.0,12.0
1775300506.9213295,1.0,0.0,10.0
1775300506.9313295,2.0,-2.0,8.0
1775300506.9413297,3.0,-2.0,5.0
1775300506.9513297,1.0,1.0,-1.0
1775300506.9613297,4.0,0.0,-1.0
1775300506.9713297,1.0,-4.0,-4.0
1775300506.9813297,-4.0,-1.0,-6.0
1775300506.9913297,-1.0,-1.0,-8.0
1775300507.0013297,2.0,0.0,-3.0
1775300507.0113297,0.0,1.0,3.0
1775300507.0213296,2.0,1.0,1.0
1775300507.0313296,0.0,2.0,5.0
1775300507.0413296,1.0,1.0,8.0
1775300507.0513296,0.0,2.0,12.0
1775300507.0613296,0.0,-1.0,13.0
1775300507.0713296,-2.0,-2.0,14.0
1775300507.0813296,-1.0,-4.0,12.0
1775300507.0913296,-2.0,-2.0,11.0
1775300507.1013296,0.0,0.0,11.0
1775300507.1113296,0.0,0.0,11.0
1775300507.1213295,1.0,-1.0,19.0
1775300507.1313295,0.0,4.0,17.0
1775300507.1413295,-3.0,2.0,12.0
1775300507.1513295,-8.0,-1.0,11.0
1775300507.1613295,-7.0,-1.0,11.0
1775300507.1713295,-8.0,-1.0,11.0
1775300507.1813295,-8.0,-4.0,10.0
1775300507.1913297,-3.0,-2.0,10.0
1775300507.2013297,-3.0,-3.0,9.0
1775300507.2113297,-5.0,-2.0,11.0
1775300507.2213297,-5.0,-4.0,19.0
1775300507.2313297,-1.0,-3.0,14.0
1775300507.2413297,0.0,-2.0,7.0
1775300507.2513297,4.0,0.0,2.0
1775300507.2613297,7.0,1.0,-2.0
1775300507.2713296,6.0,1.0,2.0
1775300507.2813296,5.0,0.0,7.0
1775300507.2913296,4.0,3.0,6.0
1775300507.3013296,6.0,2.0,14.0
1775300507.3113296,1.0,0.0,14.0
1775300507.3213296,-2.0,-1.0,11.0
1775300507.3313296,-1.0,0.0,9.0
1775300507.3413296,-2.0,1.0,8.0
1775300507.3513296,-6.0,2.0,7.0
1775300507.3613296,-7.0,-5.0,5.0
1775300507.3713295,-10.0,-3.0,10.0
1775300507.3813295,-5.0,0.0,12.0
1775300507.3913295,-2.0,-4.0,10.0
1775300507.4013295,3.0,-2.0,8.0
1775300507.4113295,4.0,-4.0,4.0
1775300507.4213295,2.0,-5.0,2.0
1775300507.4313295,2.0,0.0,7.0
1775300507.4413297,5.0,-2.0,8.0
1775300507.4513297,10.0,-3.0,13.0
1775300507.4613297,13.0,-3.0,11.0
1775300507.4713297,12.0,0.0,11.0
1775300507.4813297,9.0,3.0,6.0
1775300507.4913297,8.0,4.0,10.0
1775300507.5013297,6.0,2.0,9.0
1775300507.5113297,1.0,0.0,7.0
1775300507.5213296,1.0,1.0,4.0
1775300507.5313296,-2.0,0.0,7.0
1775300507.5413296,0.0,-2.0,13.0
1775300507.5513296,-2.0,-3.0,9.0
1775300507.5613296,-2.0,-2.0,3.0
1775300507.5713296,-1.0,-5.0,3.0
1775300507.5813296,-1.0,-4.0,5.0
1775300507.5913296,-1.0,-2.0,9.0
1775300507.6013296,3.0,-1.0,4.0
1775300507.6113296,1.0,0.0,-5.0
1775300507.6213295,-2.0,-1.0,-6.0
1775300507.6313295,-1.0,0.0,-4.0
1775300507.6413295,-1.0,0.0,0.0
1775300507.6513295,-2.0,-9.0,3.0
1775300507.6613295,-3.0,-8.0,6.0
1775300507.6713295,-1.0,-6.0,5.0
1775300507.6813295,-3.0,-6.0,8.0
1775300507.6913297,-1.0,-4.0,11.0
1775300507.7013297,0.0,-3.0,9.0
1775300507.7113297,-2.0,-1.0,6.0
1775300507.7213297,-4.0,4.0,7.0
1775300507.7313297,-2.0,3.0,10.0
1775300507.7413297,0.0,0.0,8.0
1775300507.7513297,0.0,-1.0,12.0
1775300507.7613297,-1.0,-1.0,12.0
1775300507.7713296,-4.0,-4.0,3.0
1775300507.7813296,-4.0,-6.0,1.0
1775300507.7913296,-6.0,-6.0,3.0
1775300507.8013296,-12.0,-6.0,4.0
1775300507.8113296,-6.0,-6.0,0.0
1775300507.8213296,-2.0,-5.0,3.0
1775300507.8313296,-2.0,-6.0,4.0
1775300507.8413296,0.0,-5.0,1.0
1775300507.8513296,0.0,-4.0,-2.0
1775300507.8613296,0.0,-3.0,-3.0
1775300507.8713295,-4.0,-1.0,-8.0
1775300507.8813295,-2.0,0.0,-4.0
1775300507.8913295,-6.0,-1.0,-4.0
1775300507.9013295,-4.0,-2.0,0.0
1775300507.9113295,-3.0,0.0,-1.0
1775300507.9213295,-7.0,3.0,0.0
1775300507.9313295,-5.0,2.0,9.0
1775300507.9413297,-3.0,5.0,7.0
1775300507.9513297,-2.0,1.0,3.0
1775300507.9613297,0.0,0.0,5.0
1775300507.9713297,0.0,-1.0,11.0
1775300507.9813297,-3.0,-7.0,14.0
1775300507.9913297,1.0,-9.0,14.0
1775300508.0013297,6.0,-5.0,14.0
1775300508.0113297,10.0,-5.0,10.0
1775300508.0213296,8.0,-7.0,13.0
1775300508.0313296,3.0,-6.0,10.0
1775300508.0413296,1.0,-2.0,14.0
1775300508.0513296,4.0,-6.0,11.0
1775300508.0613296,5.0,-8.0,17.0
1775300508.0713296,2.0,-6.0,14.0
1775300508.0813296,3.0,-2.0,13.0
1775300508.0913296,1.0,-1.0,16.0
1775300508.1013296,1.0,0.0,13.0
1775300508.1113296,2.0,0.0,15.0
1775300508.1213295,2.0,-4.0,19.0
1775300508.1313295,0.0,-7.0,13.0
1775300508.1413295,-1.0,-8.0,13.0
1775300508.1513295,1.0,-6.0,4.0
1775300508.1613295,2.0,-3.0,13.0
1775300508.1713295,0.0,-1.0,16.0
1775300508.1813295,1.0,-5.0,9.0
1775300508.1913297,-1.0,-5.0,14.0
1775300508.2013297,-1.0,-3.0,10.0
1775300508.2113297,0.0,-4.0,10.0
1775300508.2213297,-2.0,-2.0,10.0
1775300508.2313297,-5.0,-6.0,8.0
1775300508.2413297,-4.0,-8.0,3.0
1775300508.2513297,-3.0,-6.0,9.0
1775300508.2613297,-8.0,-4.0,12.0
1775300508.2713296,-4.0,-4.0,17.0
1775300508.2813296,-6.0,0.0,16.0
1775300508.2913296,-6.0,1.0,10.0
1775300508.3013296,-5.0,1.0,8.0
1775300508.3113296,-5.0,0.0,8.0
1775300508.3213296,-9.0,-2.0,11.0
1775300508.3313296,-7.0,-1.0,9.0
1775300508.3413296,-9.0,-1.0,6.0
1775300508.3513296,-3.0,-3.0,6.0
1775300508.3613296,0.0,0.0,3.0
1775300508.3713295,0.0,1.0,9.0
1775300508.3813295,2.0,0.0,10.0
1775300508.3913295,0.0,-1.0,7.0
1775300508.4023297,1.0,1.0,6.0
1775300508.4113295,-1.0,3.0,7.0
1775300508.4213295,-1.0,2.0,8.0
1775300508.4313295,-8.0,-2.0,8.0
1775300508.4423296,-9.0,-4.0,10.0
1775300508.4523296,-5.0,-4.0,12.0
1775300508.4623296,-5.0,0.0,12.0
1775300508.4723296,-3.0,6.0,12.0
1775300508.4823296,-4.0,5.0,13.0
1775300508.4923296,-5.0,5.0,12.0
1775300508.5023296,2.0,2.0,10.0
1775300508.5123296,3.0,2.0,14.0
1775300508.5223296,4.0,5.0,14.0
1775300508.5323296,2.0,5.0,15.0
1775300508.5423295,0.0,6.0,9.0
1775300508.5523295,0.0,2.0,8.0
1775300508.5623295,-3.0,0.0,10.0
1775300508.5723295,1.0,1.0,1.0
1775300508.5823295,0.0,0.0,5.0
1775300508.5923295,1.0,0.0,3.0
1775300508.6023295,1.0,0.0,7.0
1775300508.6123295,3.0,-2.0,8.0
1775300508.6223297,2.0,2.0,14.0
1775300508.6323297,2.0,1.0,15.0
1775300508.6423297,0.0,0.0,8.0
1775300508.6523297,3.0,0.0,3.0
1775300508.6623297,0.0,0.0,11.0
1775300508.6723297,-1.0,-2.0,12.0
1775300508.6823297,-2.0,-2.0,18.0
1775300508.6923296,-4.0,0.0,12.0
1775300508.7023296,-1.0,0.0,15.0
1775300508.7123296,0.0,1.0,10.0
1775300508.7223296,-4.0,6.0,4.0
1775300508.7323296,-5.0,0.0,7.0
1775300508.7423296,-7.0,-2.0,10.0
1775300508.7523296,-5.0,-1.0,16.0
1775300508.7623296,-2.0,0.0,14.0
1775300508.7723296,3.0,0.0,14.0
1775300508.7823296,0.0,7.0,7.0
1775300508.7923295,2.0,4.0,8.0
1775300508.8023295,8.0,4.0,9.0
1775300508.8123295,8.0,3.0,10.0
1775300508.8223295,6.0,0.0,13.0
1775300508.8323295,5.0,-2.0,12.0
1775300508.8423295,5.0,-2.0,15.0
1775300508.8523295,2.0,-2.0,12.0
1775300508.8623295,4.0,-2.0,9.0
1775300508.8723297,2.0,0.0,5.0
1775300508.8823297,0.0,0.0,10.0
1775300508.8923297,1.0,0.0,11.0
1775300508.9023297,0.0,0.0,14.0
1775300508.9123297,-3.0,0.0,14.0
1775300508.9223297,-1.0,0.0,16.0
1775300508.9323297,-4.0,-1.0,11.0
1775300508.9423296,-6.0,-2.0,3.0
1775300508.9523296,-4.0,-1.0,-3.0
1775300508.9623296,-4.0,0.0,5.0
1775300508.9723296,0.0,-1.0,6.0
1775300508.9823296,1.0,-1.0,-2.0
1775300508.9923296,0.0,-5.0,-1.0
1775300509.0023296,-1.0,-7.0,2.0
1775300509.0123296,-5.0,-6.0,2.0
1775300509.0223296,0.0,-6.0,4.0
1775300509.0323296,-2.0,-2.0,4.0
1775300509.0423295,-1.0,-1.0,1.0
1775300509.0523295,-3.0,0.0,1.0
1775300509.0623295,-7.0,0.0,3.0
1775300509.0723295,-6.0,-2.0,0.0
1775300509.0823295,-9.0,-2.0,1.0
1775300509.0923295,-9.0,0.0,-3.0
1775300509.1023295,-7.0,-1.0,-7.0
1775300509.1123295,-6.0,-4.0,-3.0
1775300509.1223297,-2.0,-7.0,-7.0
1775300509.1323297,-1.0,-5.0,-8.0
1775300509.1423297,3.0,0.0,-2.0
1775300509.1523297,3.0,-3.0,-3.0
1775300509.1623297,4.0,0.0,1.0
1775300509.1723297,7.0,0.0,-6.0
1775300509.1823297,2.0,-2.0,-4.0
1775300509.1923296,2.0,-6.0,3.0
1775300509.2023296,1.0,-2.0,7.0
1775300509.2123296,0.0,-2.0,13.0
1775300509.2223296,-3.0,-5.0,11.0
1775300509.2323296,-2.0,-3.0,12.0
1775300509.2423296,-8.0,0.0,18.0
1775300509.2523296,-6.0,2.0,15.0
1775300509.2623296,-1.0,2.0,16.0
1775300509.2723296,0.0,4.0,14.0
1775300509.2823296,0.0,4.0,10.0
1775300509.2923295,-6.0,0.0,12.0
1775300509.3023295,-7.0,3.0,16.0
1775300509.3123295,-6.0,-4.0,16.0
1775300509.3223295,-2.0,-4.0,19.0
1775300509.3323295,-1.0,-5.0,22.0
1775300509.3423295,1.0,-2.0,4.0
1775300509.3523295,2.0,-1.0,2.0
1775300509.3623295,4.0,0.0,5.0
1775300509.3723297,4.0,-4.0,7.0
1775300509.3823297,5.0,0.0,14.0
1775300509.3923297,1.0,1.0,13.0
1775300509.4023297,0.0,1.0,11.0
1775300509.4123297,4.0,2.0,11.0
1775300509.4223297,3.0,1.0,8.0
1775300509.4323297,4.0,0.0,8.0
1775300509.4423296,0.0,2.0,14.0
1775300509.4533296,1.0,1.0,12.0
1775300509.4623296,0.0,1.0,2.0
1775300509.4723296,-2.0,1.0,0.0
1775300509.4823296,0.0,3.0,-1.0
1775300509.4923296,-3.0,4.0,6.0
1775300509.5023296,-1.0,7.0,4.0
1775300509.5123296,2.0,6.0,5.0
1775300509.5223296,2.0,4.0,11.0
1775300509.5323296,0.0,2.0,12.0
1775300509.5423295,3.0,-1.0,11.0
1775300509.5523295,2.0,-1.0,9.0
1775300509.5623295,1.0,-1.0,10.0
1775300509.5723295,2.0,-6.0,0.0
1775300509.5823295,3.0,-7.0,-4.0
1775300509.5923295,3.0,-7.0,-8.0
1775300509.6023295,5.0,-13.0,-5.0
1775300509.6123295,3.0,-14.0,-3.0
1775300509.6223297,3.0,-11.0,-5.0
1775300509.6323297,0.0,-9.0,-1.0
1775300509.6423297,-3.0,-9.0,0.0
1775300509.6523297,-6.0,-4.0,1.0
1775300509.6623297,-5.0,-3.0,-1.0
1775300509.6723297,-3.0,-1.0,4.0
1775300509.6823297,-3.0,-2.0,10.0
1775300509.6923296,-4.0,-4.0,8.0
1775300509.7023296,0.0,-4.0,5.0
1775300509.7123296,-1.0,-5.0,12.0
1775300509.7223296,-4.0,-6.0,14.0
1775300509.7323296,-4.0,-2.0,10.0
1775300509.7423296,-1.0,0.0,13.0
1775300509.7523296,0.0,1.0,9.0
1775300509.7623296,2.0,3.0,6.0
1775300509.7723296,5.0,-2.0,3.0
1775300509.7823296,7.0,-3.0,1.0
1775300509.7923295,5.0,0.0,6.0
1775300509.8023295,4.0,-6.0,6.0
1775300509.8123295,1.0,-6.0,4.0
1775300509.8223295,1.0,-8.0,5.0
1775300509.8323295,-2.0,-3.0,6.0
1775300509.8423295,-3.0,-4.0,10.0
1775300509.8523295,-4.0,-6.0,12.0
1775300509.8623295,-1.0,-3.0,15.0
1775300509.8723297,-1.0,-2.0,16.0
1775300509.8823297,4.0,-3.0,18.0
1775300509.8923297,5.0,-7.0,18.0
1775300509.9023297,0.0,-4.0,18.0
1775300509.9123297,0.0,-2.0,13.0
1775300509.9223297,0.0,-6.0,19.0
1775300509.9323297,0.0,-6.0,13.0
1775300509.9423296,-3.0,-2.0,13.0
1775300509.9523296,-2.0,-3.0,8.0
1775300509.9623296,-3.0,-4.0,8.0
1775300509.9723296,0.0,-1.0,0.0
1775300509.9823296,2.0,-2.0,0.0
1775300509.9923296,0.0,-5.0,5.0
1775300510.0023296,-4.0,-3.0,5.0
1775300510.0123296,-5.0,1.0,2.0
1775300510.0223296,-6.0,2.0,12.0
1775300510.0323296,-6.0,0.0,11.0
1775300510.0423295,-7.0,0.0,11.0
1775300510.0523295,-6.0,0.0,12.0
1775300510.0623295,-4.0,-3.0,16.0
1775300510.0723295,-3.0,-3.0,18.0
1775300510.0823295,-4.0,-2.0,19.0
1775300510.0923295,-6.0,-3.0,13.0
1775300510.1023295,-8.0,-4.0,12.0
1775300510.1123295,-6.0,-1.0,17.0
1775300510.1223297,-7.0,-3.0,24.0
1775300510.1323297,-11.0,-4.0,22.0
1775300510.1423297,-7.0,-4.0,24.0
1775300510.1523297,-9.0,-6.0,27.0
1775300510.1623297,-5.0,-3.0,25.0
1775300510.1723297,-2.0,0.0,18.0
1775300510.1823297,0.0,1.0,20.0
1775300510.1923296,0.0,1.0,20.0
1775300510.2023296,-1.0,0.0,16.0
1775300510.2123296,0.0,-1.0,1.0
1775300510.2223296,-5.0,1.0,2.0
1775300510.2323296,-6.0,-2.0,1.0
1775300510.2423296,-7.0,-2.0,-4.0
1775300510.2523296,-7.0,-4.0,2.0
1775300510.2623296,-4.0,-2.0,12.0
1775300510.2723296,-6.0,-1.0,10.0
1775300510.2823296,-5.0,-4.0,10.0
1775300510.2923295,-4.0,-5.0,10.0
1775300510.3023295,-1.0,-5.0,8.0
1775300510.3123295,-3.0,-3.0,12.0
1775300510.3223295,-6.0,-3.0,6.0
1775300510.3323295,-5.0,-2.0,6.0
1775300510.3423295,-4.0,0.0,9.0
1775300510.3523295,-4.0,1.0,10.0
1775300510.3623295,-4.0,-4.0,11.0
1775300510.3723297,0.0,-5.0,8.0
1775300510.3823297,0.0,-7.0,8.0
1775300510.3923297,0.0,-5.0,11.0
1775300510.4023297,3.0,0.0,6.0
1775300510.4123297,-2.0,2.0,0.0
1775300510.4223297,-6.0,0.0,0.0
1775300510.4323297,-6.0,-3.0,1.0
1775300510.4423296,-3.0,-5.0,1.0
1775300510.4523296,1.0,-6.0,-2.0
1775300510.4623296,0.0,-3.0,-2.0
1775300510.4723296,0.0,-1.0,3.0
1775300510.4823296,0.0,0.0,4.0
1775300510.4923296,-2.0,-4.0,3.0
1775300510.5023296,-4.0,-7.0,6.0
1775300510.5123296,-5.0,-8.0,8.0
1775300510.5223296,-2.0,-4.0,8.0
1775300510.5323296,-7.0,-4.0,10.0
1775300510.5423295,-6.0,-4.0,8.0
1775300510.5523295,-4.0,0.0,7.0
1775300510.5623295,0.0,2.0,8.0
1775300510.5723295,1.0,5.0,10.0
1775300510.5823295,8.0,4.0,13.0
1775300510.5923295,3.0,4.0,6.0
1775300510.6023295,1.0,8.0,1.0
1775300510.6123295,2.0,9.0,10.0
1775300510.6223297,4.0,7.0,7.0
1775300510.6323297,1.0,0.0,0.0
1775300510.6423297,4.0,-1.0,4.0
1775300510.6523297,-3.0,0.0,3.0
1775300510.6623297,-5.0,-1.0,-2.0
1775300510.6723297,-4.0,-1.0,-2.0
1775300510.6823297,-1.0,0.0,0.0
1775300510.6923296,1.0,-3.0,2.0
1775300510.7023296,4.0,-6.0,0.0
1775300510.7133296,4.0,-9.0,7.0
1775300510.7233295,3.0,-6.0,11.0
1775300510.7333295,2.0,-3.0,5.0
1775300510.7433295,1.0,-1.0,12.0
1775300510.7533295,-1.0,-1.0,9.0
1775300510.7633295,-6.0,-3.0,9.0
1775300510.7733295,-4.0,-3.0,5.0
1775300510.7833295,-1.0,-1.0,5.0
1775300510.7933297,-1.0,-3.0,6.0
1775300510.8033297,-3.0,-2.0,2.0
1775300510.8133297,-3.0,-5.0,5.0
1775300510.8233297,-1.0,-7.0,-2.0
1775300510.8333297,4.0,-7.0,2.0
1775300510.8433297,4.0,-8.0,5.0
1775300510.8533297,2.0,-7.0,10.0
1775300510.8633296,2.0,-4.0,9.0
1775300510.8733296,0.0,-6.0,2.0
1775300510.8833296,-3.0,-7.0,6.0
1775300510.8933296,-3.0,-3.0,6.0
1775300510.9033296,-1.0,-3.0,2.0
1775300510.9133296,2.0,-3.0,9.0
1775300510.9233296,3.0,-3.0,10.0
1775300510.9333296,5.0,-5.0,11.0
1775300510.9433296,4.0,-6.0,14.0
1775300510.9533296,4.0,-3.0,19.0
1775300510.9633296,4.0,0.0,18.0
1775300510.9733295,10.0,1.0,5.0
1775300510.9833295,10.0,-2.0,9.0
1775300510.9933295,5.0,-6.0,10.0
1775300511.0033295,1.0,-8.0,10.0
1775300511.0133295,2.0,-6.0,5.0
1775300511.0233295,3.0,-3.0,6.0
1775300511.0333295,9.0,-2.0,13.0
1775300511.0433297,8.0,-4.0,11.0
1775300511.0533297,9.0,-8.0,8.0
1775300511.0633297,2.0,-7.0,14.0
1775300511.0733297,-2.0,-10.0,15.0
1775300511.0833297,1.0,-12.0,19.0
1775300511.0933297,3.0,-9.0,16.0
1775300511.1033297,5.0,-9.0,11.0
1775300511.1133296,1.0,-7.0,10.0
1775300511.1233296,-2.0,-3.0,14.0
1775300511.1333296,-1.0,-2.0,9.0
1775300511.1433296,-3.0,-4.0,7.0
1775300511.1533296,-4.0,-4.0,-3.0
1775300511.1633296,1.0,-9.0,-3.0
1775300511.1733296,-1.0,-7.0,2.0
1775300511.1833296,-1.0,-9.0,3.0
1775300511.1933296,-3.0,-7.0,7.0
1775300511.2033296,-1.0,-4.0,2.0
1775300511.2133296,-1.0,-2.0,2.0
1775300511.2233295,-1.0,-5.0,11.0
1775300511.2333295,-4.0,-4.0,14.0
1775300511.2433295,0.0,-2.0,14.0
1775300511.2533295,2.0,2.0,11.0
1775300511.2633295,1.0,1.0,14.0
1775300511.2733295,6.0,3.0,22.0
1775300511.2833295,3.0,5.0,17.0
1775300511.2933297,1.0,1.0,9.0
1775300511.3033297,0.0,1.0,6.0
1775300511.3133297,2.0,0.0,6.0
1775300511.3233297,6.0,0.0,6.0
1775300511.3333297,8.0,2.0,4.0
1775300511.3433297,3.0,0.0,1.0
1775300511.3533297,5.0,2.0,2.0
1775300511.3633296,4.0,0.0,4.0
1775300511.3733296,5.0,-1.0,4.0
1775300511.3833296,6.0,-2.0,1.0
1775300511.3933296,6.0,1.0,-1.0
1775300511.4033296,8.0,-3.0,-3.0
1775300511.4133296,5.0,-5.0,-2.0
1775300511.4233296,7.0,-9.0,-4.0
1775300511.4333296,2.0,-7.0,-1.0
1775300511.4433296,3.0,-5.0,-2.0
1775300511.4533296,4.0,-4.0,2.0
1775300511.4633296,4.0,-3.0,0.0
1775300511.4733295,6.0,-1.0,1.0
1775300511.4833295,5.0,0.0,5.0
1775300511.4933295,5.0,0.0,4.0
1775300511.5033295,4.0,2.0,3.0
1775300511.5133295,4.0,1.0,5.0
1775300511.5233295,3.0,0.0,10.0
1775300511.5333295,2.0,-1.0,13.0
1775300511.5433297,-1.0,-1.0,12.0
1775300511.5533297,-5.0,-1.0,11.0
1775300511.5633297,-3.0,0.0,8.0
1775300511.5733297,-3.0,0.0,3.0
1775300511.5833297,-4.0,2.0,6.0
1775300511.5933297,0.0,1.0,3.0
1775300511.6033297,1.0,-4.0,6.0
1775300511.6133296,-2.0,-6.0,5.0
1775300511.6233296,-2.0,-9.0,4.0
1775300511.6333296,-3.0,-8.0,0.0
1775300511.6433296,-4.0,-4.0,-1.0
1775300511.6533296,0.0,-1.0,3.0
1775300511.6633296,3.0,-4.0,0.0
1775300511.6733296,0.0,-3.0,1.0
1775300511.6833296,2.0,-1.0,9.0
1775300511.6933296,7.0,-3.0,7.0
1775300511.7033296,9.0,-1.0,7.0
1775300511.7133296,7.0,-2.0,14.0
1775300511.7233295,3.0,-2.0,14.0
1775300511.7333295,0.0,-3.0,10.0
1775300511.7433295,0.0,-4.0,13.0
1775300511.7533295,0.0,0.0,13.0
1775300511.7633295,0.0,0.0,10.0
1775300511.7733295,0.0,3.0,10.0
1775300511.7833295,3.0,3.0,8.0
1775300511.7933297,1.0,4.0,8.0
1775300511.8033297,4.0,7.0,11.0
1775300511.8133297,1.0,8.0,10.0
1775300511.8233297,2.0,8.0,10.0
1775300511.8333297,-3.0,11.0,9.0
1775300511.8433297,-1.0,4.0,10.0
1775300511.8533297,0.0,4.0,20.0
1775300511.8633296,1.0,3.0,13.0
1775300511.8733296,3.0,3.0,9.0
1775300511.8833296,0.0,3.0,7.0
1775300511.8933296,0.0,6.0,4.0
1775300511.9033296,-3.0,10.0,4.0
1775300511.9133296,-7.0,11.0,10.0
1775300511.9233296,-3.0,8.0,9.0
1775300511.9333296,-5.0,6.0,14.0
1775300511.9433296,-2.0,3.0,14.0
1775300511.9533296,-6.0,-2.0,15.0
1775300511.9633296,-3.0,0.0,17.0
1775300511.9733295,-2.0,-3.0,21.0
1775300511.9833295,-3.0,-2.0,18.0
1775300511.9933295,0.0,-4.0,22.0
1775300512.0033295,0.0,-5.0,27.0
1775300512.0133295,2.0,-5.0,20.0
1775300512.0233295,0.0,-3.0,19.0
1775300512.0333295,-2.0,-1.0,16.0
1775300512.0433297,-2.0,0.0,15.0
1775300512.0533297,0.0,3.0,19.0
1775300512.0633297,-2.0,3.0,13.0
1775300512.0733297,2.0,3.0,16.0
1775300512.0833297,-1.0,1.0,7.0
1775300512.0933297,-1.0,0.0,6.0
1775300512.1033297,-1.0,-2.0,3.0
1775300512.1133296,1.0,0.0,4.0
1775300512.1233296,1.0,0.0,4.0
1775300512.1333296,5.0,-1.0,3.0
1775300512.1433296,9.0,1.0,2.0
1775300512.1533296,12.0,5.0,2.0
1775300512.1633296,10.0,3.0,0.0
1775300512.1733296,5.0,0.0,1.0
1775300512.1833296,-1.0,-3.0,0.0
1775300512.1933296,-5.0,-3.0,2.0
1775300512.2033296,-6.0,0.0,8.0
1775300512.2133296,-6.0,5.0,12.0
1775300512.2233295,-10.0,2.0,4.0
1775300512.2333295,-8.0,0.0,1.0
1775300512.2433295,-3.0,2.0,-3.0
1775300512.2533295,-6.0,0.0,8.0
1775300512.2633295,0.0,-2.0,10.0
1775300512.2733295,4.0,-2.0,12.0
1775300512.2833295,6.0,-3.0,11.0
1775300512.2933297,3.0,-2.0,13.0
1775300512.3033297,0.0,-6.0,9.0
1775300512.3133297,-1.0,-6.0,9.0
1775300512.3233297,1.0,-5.0,12.0
1775300512.3333297,2.0,-4.0,4.0
1775300512.3433297,3.0,-5.0,5.0
1775300512.3533297,-1.0,-4.0,11.0
1775300512.3633296,-1.0,-4.0,14.0
1775300512.3733296,-3.0,-3.0,14.0
1775300512.3833296,-1.0,-3.0,12.0
1775300512.3933296,0.0,-3.0,11.0
1775300512.4033296,0.0,-3.0,12.0
1775300512.4133296,2.0,-2.0,15.0
1775300512.4233296,2.0,-5.0,11.0
1775300512.4333296,2.0,-4.0,13.0
1775300512.4433296,0.0,-2.0,15.0
1775300512.4533296,1.0,2.0,17.0
1775300512.4633296,1.0,2.0,7.0
1775300512.4733295,0.0,-1.0,9.0
1775300512.4833295,1.0,1.0,4.0
1775300512.4933295,1.0,3.0,3.0
1775300512.5033295,0.0,4.0,3.0
1775300512.5133295,5.0,0.0,10.0
1775300512.5233295,3.0,0.0,12.0
1775300512.5333295,-4.0,1.0,20.0
1775300512.5433297,0.0,3.0,19.0
1775300512.5533297,-1.0,6.0,20.0
1775300512.5633297,-5.0,7.0,18.0
1775300512.5733297,-2.0,2.0,18.0
1775300512.5833297,-1.0,3.0,19.0
1775300512.5933297,-2.0,0.0,20.0
1775300512.6033297,0.0,1.0,23.0
1775300512.6133296,1.0,4.0,26.0
1775300512.6233296,1.0,2.0,21.0
1775300512.6333296,-3.0,0.0,20.0
1775300512.6433296,-3.0,3.0,22.0
1775300512.6533296,-2.0,6.0,24.0
1775300512.6633296,-5.0,6.0,19.0
1775300512.6733296,-5.0,4.0,9.0
1775300512.6833296,-3.0,4.0,13.0
1775300512.6933296,3.0,1.0,10.0
1775300512.7033296,2.0,-2.0,8.0
1775300512.7133296,5.0,-2.0,7.0
1775300512.7233295,6.0,-2.0,4.0
1775300512.7333295,4.0,-2.0,4.0
1775300512.7433295,4.0,-3.0,7.0
1775300512.7533295,0.0,-2.0,10.0
1775300512.7633295,-3.0,-2.0,6.0
1775300512.7733295,-4.0,-1.0,1.0
1775300512.7833295,-9.0,0.0,9.0
1775300512.7933297,-10.0,0.0,10.0
1775300512.8033297,-7.0,-1.0,8.0
1775300512.8133297,-6.0,-6.0,9.0
1775300512.8233297,-8.0,-7.0,11.0
1775300512.8333297,-8.0,0.0,7.0
1775300512.8433297,-6.0,0.0,5.0
1775300512.8533297,-7.0,4.0,12.0
1775300512.8633296,-7.0,2.0,7.0
1775300512.8733296,-11.0,1.0,2.0
1775300512.8833296,-9.0,1.0,6.0
1775300512.8933296,-4.0,0.0,10.0
1775300512.9033296,0.0,0.0,14.0
1775300512.9133296,1.0,-1.0,13.0
1775300512.9233296,4.0,-5.0,16.0
1775300512.9333296,1.0,-5.0,12.0
1775300512.9433296,0.0,-1.0,13.0
1775300512.9533296,0.0,1.0,13.0
1775300512.9633296,2.0,6.0,10.0
1775300512.9733295,-2.0,6.0,12.0
1775300512.9833295,0.0,0.0,13.0
1775300512.9933295,2.0,-2.0,18.0
1775300513.0043297,8.0,-2.0,11.0
1775300513.0143297,11.0,0.0,10.0
1775300513.0243297,5.0,-2.0,6.0
1775300513.0343297,6.0,0.0,5.0
1775300513.0443296,4.0,3.0,3.0
1775300513.0543296,5.0,-1.0,4.0
1775300513.0643296,6.0,0.0,5.0
1775300513.0743296,6.0,0.0,0.0
1775300513.0843296,5.0,0.0,-1.0
1775300513.0943296,6.0,-4.0,4.0
1775300513.1043296,9.0,-7.0,15.0
1775300513.1143296,8.0,0.0,9.0
1775300513.1243296,7.0,2.0,10.0
1775300513.1343296,6.0,1.0,13.0
1775300513.1443295,7.0,-1.0,22.0
1775300513.1543295,6.0,-4.0,22.0
1775300513.1643295,7.0,-3.0,17.0
1775300513.1743295,6.0,-1.0,16.0
1775300513.1843295,6.0,-2.0,17.0
1775300513.1943295,5.0,-2.0,14.0
1775300513.2043295,5.0,0.0,16.0
1775300513.2143295,2.0,1.0,14.0
1775300513.2243297,0.0,0.0,9.0
1775300513.2343297,-1.0,2.0,10.0
1775300513.2443297,4.0,0.0,16.0
1775300513.2543297,3.0,-1.0,11.0
1775300513.2643297,4.0,0.0,11.0
1775300513.2743297,9.0,0.0,9.0
1775300513.2843297,11.0,0.0,6.0
1775300513.2943296,12.0,0.0,10.0
1775300513.3043296,10.0,3.0,5.0
1775300513.3143296,8.0,0.0,10.0
1775300513.3243296,4.0,-4.0,9.0
1775300513.3343296,5.0,-3.0,11.0
1775300513.3443296,4.0,-3.0,3.0
1775300513.3543296,3.0,-5.0,1.0
1775300513.3643296,3.0,-8.0,12.0
1775300513.3743296,2.0,-5.0,17.0
1775300513.3843296,5.0,-5.0,13.0
1775300513.3943295,5.0,-8.0,9.0
1775300513.4043295,1.0,-9.0,12.0
1775300513.4143295,0.0,-10.0,8.0
1775300513.4243295,4.0,-8.0,8.0
1775300513.4343295,3.0,-6.0,14.0
1775300513.4443295,7.0,-8.0,15.0
1775300513.4543295,5.0,-10.0,15.0
1775300513.4643295,5.0,-2.0,8.0
1775300513.4743297,3.0,0.0,10.0
1775300513.4843297,3.0,1.0,12.0
1775300513.4943297,2.0,0.0,15.0
1775300513.5043297,5.0,-2.0,15.0
1775300513.5143297,3.0,-4.0,10.0
1775300513.5243297,0.0,-3.0,11.0
1775300513.5343297,-3.0,-1.0,8.0
1775300513.5443296,-5.0,0.0,15.0
1775300513.5543296,0.0,3.0,16.0
1775300513.5643296,0.0,5.0,16.0
1775300513.5743296,0.0,4.0,22.0
1775300513.5843296,0.0,1.0,18.0
1775300513.5943296,-3.0,-1.0,13.0
1775300513.6043296,0.0,0.0,11.0
1775300513.6143296,0.0,-3.0,4.0
1775300513.6243296,0.0,-4.0,6.0
1775300513.6343296,0.0,-5.0,6.0
1775300513.6443295,0.0,-5.0,3.0
1775300513.6543295,1.0,-5.0,9.0
1775300513.6643295,3.0,-4.0,9.0
1775300513.6743295,2.0,-4.0,2.0
1775300513.6843295,-3.0,-6.0,-1.0
1775300513.6943295,-3.0,-4.0,1.0
1775300513.7043295,2.0,-6.0,6.0
1775300513.7143295,4.0,-5.0,12.0
1775300513.7243297,7.0,-3.0,17.0
1775300513.7343297,4.0,-5.0,18.0
1775300513.7443297,-1.0,-9.0,18.0
1775300513.7543297,-1.0,-11.0,14.0
1775300513.7643297,1.0,-13.0,8.0
1775300513.7743297,-2.0,-14.0,4.0
1775300513.7843297,-2.0,-12.0,2.0
1775300513.7943296,0.0,-11.0,5.0
1775300513.8043296,5.0,-13.0,0.0
1775300513.8143296,1.0,-10.0,1.0
1775300513.8243296,2.0,-8.0,1.0
1775300513.8343296,3.0,-2.0,-1.0
1775300513.8443296,2.0,0.0,-8.0
1775300513.8543296,1.0,2.0,-10.0
1775300513.8643296,-1.0,0.0,-4.0
1775300513.8743296,-3.0,0.0,0.0
1775300513.8843296,-4.0,-1.0,6.0
1775300513.8943295,-4.0,0.0,6.0
1775300513.9043295,-3.0,-4.0,7.0
1775300513.9143295,-1.0,-3.0,3.0
1775300513.9243295,-3.0,-3.0,4.0
1775300513.9343295,-1.0,-1.0,2.0
1775300513.9443295,-1.0,-1.0,9.0
1775300513.9543295,0.0,-4.0,5.0
1775300513.9643295,1.0,-2.0,1.0
1775300513.9743297,1.0,-2.0,4.0
1775300513.9843297,1.0,0.0,7.0
1775300513.9943297,3.0,-3.0,6.0
1775300514.0043297,8.0,-3.0,6.0
1775300514.0143297,7.0,-4.0,12.0
1775300514.0243297,9.0,-2.0,12.0
1775300514.0343297,8.0,-2.0,16.0
1775300514.0443296,8.0,-4.0,16.0
1775300514.0543296,3.0,-3.0,14.0
1775300514.0643296,0.0,2.0,10.0
1775300514.0743296,0.0,3.0,7.0
1775300514.0843296,3.0,6.0,2.0
1775300514.0943296,2.0,1.0,-3.0
1775300514.1043296,0.0,-2.0,-2.0
1775300514.1143296,3.0,-2.0,3.0
1775300514.1243296,3.0,0.0,5.0
1775300514.1343296,2.0,1.0,2.0
1775300514.1443295,2.0,3.0,0.0
1775300514.1543295,1.0,3.0,0.0
1775300514.1643295,2.0,5.0,3.0
1775300514.1743295,2.0,1.0,1.0
1775300514.1843295,2.0,-1.0,6.0
1775300514.1943295,4.0,-2.0,8.0
1775300514.2043295,-1.0,1.0,9.0
1775300514.2143295,2.0,0.0,13.0
1775300514.2243297,0.0,-4.0,15.0
1775300514.2343297,-1.0,-3.0,14.0
1775300514.2443297,0.0,-2.0,9.0
1775300514.2543297,0.0,0.0,2.0
1775300514.2643297,-2.0,-1.0,0.0
1775300514.2743297,-3.0,-8.0,0.0
1775300514.2843297,0.0,-2.0,5.0
1775300514.2943296,2.0,-1.0,9.0
1775300514.3043296,-1.0,1.0,13.0
1775300514.3143296,0.0,2.0,12.0
1775300514.3243296,0.0,1.0,15.0
1775300514.3343296,0.0,4.0,18.0
1775300514.3443296,0.0,7.0,6.0
1775300514.3543296,-2.0,4.0,7.0
1775300514.3643296,-3.0,4.0,7.0
1775300514.3743296,0.0,8.0,12.0
1775300514.3843296,3.0,5.0,17.0
1775300514.3943295,1.0,4.0,23.0
1775300514.4043295,3.0,6.0,25.0
1775300514.4143295,1.0,9.0,20.0
1775300514.4243295,0.0,5.0,18.0
1775300514.4343295,1.0,7.0,11.0
1775300514.4443295,2.0,9.0,10.0
1775300514.4543295,3.0,10.0,5.0
1775300514.4643295,6.0,3.0,4.0
1775300514.4743297,7.0,-1.0,2.0
1775300514.4843297,7.0,0.0,3.0
1775300514.4943297,1.0,-1.0,0.0
1775300514.5043297,-4.0,0.0,0.0
1775300514.5143297,1.0,-1.0,3.0
1775300514.5243297,3.0,-3.0,4.0
1775300514.5343297,2.0,-4.0,4.0
1775300514.5443296,-1.0,0.0,9.0
1775300514.5543296,2.0,0.0,3.0
1775300514.5643296,1.0,-1.0,0.0
1775300514.5743296,0.0,-2.0,0.0
1775300514.5843296,-3.0,-4.0,2.0
1775300514.5943296,-5.0,-5.0,4.0
1775300514.6043296,-6.0,-3.0,4.0
1775300514.6143296,-7.0,0.0,8.0
1775300514.6243296,-5.0,-2.0,10.0
1775300514.6343296,-5.0,0.0,9.0
1775300514.6443295,-3.0,4.0,1.0
1775300514.6543295,0.0,2.0,4.0
1775300514.6643295,-4.0,-2.0,7.0
1775300514.6743295,-4.0,-5.0,2.0
1775300514.6843295,0.0,-4.0,8.0
1775300514.6943295,-4.0,-5.0,10.0
1775300514.7043295,-3.0,-6.0,9.0
1775300514.7143295,-4.0,-5.0,5.0
1775300514.7243297,-3.0,-5.0,2.0
1775300514.7343297,-3.0,-5.0,-1.0
1775300514.7443297,-1.0,-2.0,1.0
1775300514.7543297,-1.0,-3.0,6.0
1775300514.7643297,0.0,2.0,9.0
1775300514.7743297,4.0,3.0,11.0
1775300514.7843297,2.0,2.0,14.0
1775300514.7943296,0.0,0.0,7.0
1775300514.8043296,0.0,0.0,8.0
1775300514.8143296,0.0,0.0,4.0
1775300514.8243296,-2.0,-1.0,0.0
1775300514.8343296,-3.0,-3.0,-6.0
1775300514.8443296,0.0,-1.0,-6.0
1775300514.8543296,-2.0,-1.0,0.0
1775300514.8643296,-4.0,0.0,4.0
1775300514.8743296,-3.0,0.0,4.0
1775300514.8843296,-1.0,-3.0,0.0
1775300514.8943295,-2.0,-3.0,0.0
1775300514.9043295,-7.0,-4.0,0.0
1775300514.9143295,-4.0,-4.0,5.0
1775300514.9243295,-3.0,-5.0,12.0
1775300514.9353297,-4.0,-2.0,9.0
1775300514.9443295,-5.0,-2.0,8.0
1775300514.9543295,-4.0,-2.0,4.0
1775300514.9643295,-3.0,-6.0,9.0
1775300514.9743297,0.0,-4.0,10.0
1775300514.9843297,1.0,-8.0,12.0
1775300514.9943297,-1.0,-4.0,11.0
1775300515.0043297,0.0,-5.0,16.0
1775300515.0143297,-5.0,-5.0,16.0
1775300515.0243297,1.0,-1.0,12.0
1775300515.0343297,5.0,0.0,6.0
1775300515.0443296,4.0,-3.0,9.0
1775300515.0543296,5.0,-5.0,7.0
1775300515.0643296,5.0,-8.0,9.0
1775300515.0743296,2.0,-6.0,14.0
1775300515.0843296,0.0,-1.0,12.0
1775300515.0943296,0.0,0.0,14.0
1775300515.1043296,0.0,-1.0,9.0
1775300515.1143296,-1.0,0.0,10.0
1775300515.1243296,-4.0,2.0,17.0
1775300515.1343296,-4.0,3.0,13.0
1775300515.1443295,-7.0,1.0,11.0
1775300515.1543295,-5.0,0.0,12.0
1775300515.1643295,-1.0,2.0,12.0
1775300515.1743295,-1.0,-2.0,13.0
1775300515.1843295,-3.0,-4.0,12.0
1775300515.1943295,0.0,-3.0,13.0
1775300515.2043295,1.0,-1.0,15.0
1775300515.2143295,0.0,-1.0,10.0
1775300515.2243297,-1.0,-3.0,11.0
1775300515.2343297,0.0,1.0,14.0
1775300515.2443297,-1.0,-1.0,11.0
1775300515.2543297,-4.0,2.0,7.0
1775300515.2643297,-3.0,0.0,0.0
1775300515.2743297,-6.0,1.0,-1.0
1775300515.2843297,-6.0,0.0,0.0
1775300515.2953296,-6.0,-1.0,4.0
1775300515.3053296,-3.0,-1.0,4.0
1775300515.3143296,2.0,-4.0,6.0
1775300515.3253295,3.0,-3.0,13.0
1775300515.3353295,3.0,-2.0,8.0
1775300515.3453295,9.0,-2.0,6.0
1775300515.3553295,4.0,2.0,8.0
1775300515.3653295,5.0,5.0,9.0
1775300515.3753295,2.0,7.0,3.0
1775300515.3853295,2.0,6.0,-1.0
1775300515.3953297,9.0,4.0,0.0
1775300515.4053297,3.0,3.0,6.0
1775300515.4153297,3.0,0.0,2.0
1775300515.4253297,0.0,2.0,5.0
1775300515.4353297,-2.0,3.0,5.0
1775300515.4453297,-1.0,1.0,9.0
1775300515.4553297,1.0,2.0,2.0
1775300515.4653296,0.0,3.0,3.0
1775300515.4753296,-1.0,0.0,-1.0
1775300515.4853296,0.0,0.0,0.0
1775300515.4953296,-4.0,1.0,6.0
1775300515.5053296,-2.0,2.0,7.0
1775300515.5153296,0.0,-2.0,7.0
1775300515.5253296,2.0,-3.0,11.0
1775300515.5353296,0.0,-1.0,2.0
1775300515.5453296,1.0,-1.0,0.0
1775300515.5553296,2.0,-1.0,3.0
1775300515.5653296,0.0,1.0,4.0
1775300515.5753295,0.0,3.0,3.0
1775300515.5853295,0.0,4.0,7.0
1775300515.5953295,-1.0,0.0,7.0
1775300515.6053295,-2.0,-2.0,10.0
1775300515.6153295,-3.0,0.0,13.0
1775300515.6253295,0.0,2.0,11.0
1775300515.6353295,-7.0,0.0,11.0
1775300515.6453297,-9.0,0.0,16.0
1775300515.6553297,-11.0,-2.0,13.0
1775300515.6653297,-7.0,-1.0,12.0
1775300515.6753297,-10.0,1.0,16.0
1775300515.6853297,-11.0,1.0,12.0
1775300515.6953297,-11.0,0.0,6.0
1775300515.7053297,-7.0,0.0,3.0
1775300515.7153296,-4.0,0.0,-1.0
1775300515.7253296,-5.0,0.0,-3.0
1775300515.7353296,0.0,2.0,0.0
1775300515.7453296,-1.0,-1.0,0.0
1775300515.7553296,-3.0,-8.0,-4.0
1775300515.7653296,-7.0,-9.0,0.0
1775300515.7753296,-7.0,-9.0,8.0
1775300515.7853296,-9.0,-8.0,15.0
1775300515.7953296,-5.0,-6.0,17.0
1775300515.8053296,-2.0,-5.0,15.0
1775300515.8153296,-4.0,0.0,12.0
1775300515.8253295,-5.0,0.0,14.0
1775300515.8353295,-5.0,-2.0,18.0
1775300515.8453295,-3.0,-1.0,12.0
1775300515.8553295,-1.0,-2.0,12.0
1775300515.8653295,0.0,-3.0,18.0
1775300515.8753295,-2.0,0.0,22.0
1775300515.8853295,0.0,1.0,23.0
1775300515.8953297,3.0,1.0,21.0
1775300515.9053297,1.0,0.0,19.0
1775300515.9153297,1.0,0.0,14.0
1775300515.9253297,0.0,-2.0,15.0
1775300515.9353297,-3.0,0.0,8.0
1775300515.9453297,-1.0,1.0,9.0
1775300515.9553297,-2.0,1.0,11.0
1775300515.9653296,-4.0,1.0,1.0
1775300515.9753296,-3.0,0.0,0.0
1775300515.9853296,1.0,-2.0,3.0
1775300515.9953296,7.0,-7.0,11.0
1775300516.0053296,9.0,-6.0,11.0
1775300516.0153296,7.0,-2.0,9.0
1775300516.0253296,4.0,-1.0,10.0
1775300516.0353296,2.0,-2.0,8.0
1775300516.0453296,1.0,-2.0,5.0
1775300516.0553296,4.0,-2.0,5.0
1775300516.0653296,0.0,-2.0,6.0
1775300516.0753295,3.0,-5.0,11.0
1775300516.0853295,3.0,0.0,17.0
1775300516.0953295,5.0,1.0,14.0
1775300516.1053295,3.0,4.0,12.0
1775300516.1153295,0.0,-1.0,8.0
1775300516.1253295,3.0,0.0,5.0
1775300516.1353295,4.0,0.0,7.0
1775300516.1453297,0.0,-1.0,5.0
1775300516.1553297,2.0,-4.0,13.0
1775300516.1653297,-3.0,-4.0,15.0
1775300516.1753297,0.0,-3.0,19.0
1775300516.1853297,0.0,-3.0,16.0
1775300516.1953297,3.0,-5.0,13.0
1775300516.2053297,-1.0,-2.0,17.0
1775300516.2153296,-4.0,-3.0,14.0
1775300516.2253296,-5.0,-2.0,13.0
1775300516.2353296,-3.0,-4.0,17.0
1775300516.2453296,-2.0,-3.0,14.0
1775300516.2553296,0.0,-5.0,17.0
1775300516.2653296,0.0,-4.0,16.0
1775300516.2753296,0.0,-4.0,11.0
1775300516.2853296,2.0,-5.0,8.0
1775300516.2953296,3.0,0.0,12.0
1775300516.3053296,4.0,0.0,18.0
1775300516.3153296,5.0,-2.0,21.0
1775300516.3253295,7.0,-3.0,17.0
1775300516.3353295,-1.0,-6.0,15.0
1775300516.3453295,-1.0,-2.0,19.0
1775300516.3553295,1.0,0.0,12.0
1775300516.3653295,0.0,0.0,2.0
1775300516.3753295,1.0,-2.0,0.0
1775300516.3853295,4.0,-3.0,8.0
1775300516.3953297,8.0,-2.0,8.0
1775300516.4053297,10.0,0.0,9.0
1775300516.4153297,7.0,0.0,10.0
1775300516.4253297,4.0,-1.0,7.0
1775300516.4353297,4.0,1.0,10.0
1775300516.4453297,3.0,0.0,9.0
1775300516.4553297,0.0,-1.0,7.0
1775300516.4653296,0.0,2.0,5.0
1775300516.4753296,-1.0,1.0,3.0
1775300516.4853296,-2.0,0.0,6.0
1775300516.4953296,-2.0,-2.0,9.0
1775300516.5053296,-3.0,0.0,9.0
1775300516.5153296,-7.0,0.0,12.0
1775300516.5253296,-2.0,1.0,14.0
1775300516.5353296,-1.0,0.0,9.0
1775300516.5453296,0.0,0.0,7.0
1775300516.5553296,0.0,0.0,8.0
1775300516.5653296,0.0,1.0,1.0
1775300516.5753295,4.0,-1.0,4.0
1775300516.5853295,9.0,-3.0,1.0
1775300516.5953295,5.0,-4.0,9.0
1775300516.6053295,2.0,-5.0,6.0
1775300516.6153295,0.0,-5.0,9.0
1775300516.6253295,-4.0,-4.0,11.0
1775300516.6353295,-3.0,-8.0,12.0
1775300516.6453297,-5.0,-7.0,10.0
1775300516.6553297,-1.0,-7.0,8.0
1775300516.6653297,-2.0,-6.0,12.0
1775300516.6753297,0.0,-10.0,12.0
1775300516.6853297,0.0,-8.0,6.0
1775300516.6953297,-2.0,-11.0,6.0
1775300516.7053297,-4.0,-11.0,9.0
1775300516.7153296,-9.0,-10.0,8.0
1775300516.7253296,-9.0,-12.0,5.0
1775300516.7353296,-3.0,-8.0,3.0
1775300516.7453296,-3.0,-8.0,17.0
1775300516.7553296,-6.0,-3.0,26.0
1775300516.7653296,-6.0,-6.0,28.0
1775300516.7753296,-3.0,-5.0,22.0
1775300516.7853296,-3.0,-3.0,21.0
1775300516.7953296,-4.0,-2.0,14.0
1775300516.8053296,-6.0,1.0,11.0
1775300516.8153296,-4.0,0.0,6.0
1775300516.8263297,-7.0,2.0,7.0
1775300516.8353295,-6.0,2.0,3.0
1775300516.8453295,-6.0,3.0,7.0
1775300516.8553295,-8.0,9.0,14.0
1775300516.8653295,-13.0,7.0,12.0
1775300516.8753295,-13.0,3.0,16.0
1775300516.8853295,-12.0,0.0,15.0
1775300516.8953297,-12.0,1.0,16.0
1775300516.9053297,-7.0,0.0,9.0
1775300516.9153297,-6.0,-2.0,4.0
1775300516.9253297,-3.0,-3.0,1.0
1775300516.9353297,0.0,-4.0,1.0
1775300516.9453297,-2.0,-2.0,0.0
1775300516.9553297,1.0,-5.0,-5.0
1775300516.9663296,-1.0,-10.0,-3.0
1775300516.9753296,0.0,-10.0,-2.0
1775300516.9853296,0.0,-7.0,-1.0
1775300516.9953296,6.0,-2.0,0.0
1775300517.0053296,4.0,2.0,3.0
1775300517.0153296,5.0,0.0,8.0
1775300517.0253296,6.0,-3.0,15.0
1775300517.0353296,7.0,-1.0,16.0
1775300517.0453296,5.0,0.0,13.0
1775300517.0553296,1.0,0.0,11.0
1775300517.0653296,0.0,7.0,9.0
1775300517.0753295,0.0,4.0,15.0
1775300517.0853295,0.0,1.0,19.0
1775300517.0953295,0.0,0.0,18.0
1775300517.1053295,1.0,-1.0,14.0
1775300517.1153295,-3.0,0.0,15.0
1775300517.1253295,-6.0,3.0,18.0
1775300517.1353295,-7.0,4.0,16.0
1775300517.1453297,-7.0,-1.0,13.0
1775300517.1553297,-9.0,-3.0,18.0
1775300517.1653297,-10.0,-3.0,14.0
1775300517.1753297,-9.0,-2.0,12.0
1775300517.1853297,-7.0,-5.0,22.0
1775300517.1953297,0.0,0.0,21.0
1775300517.2053297,-5.0,2.0,14.0
1775300517.2153296,-4.0,0.0,11.0
1775300517.2253296,-3.0,0.0,10.0
1775300517.2353296,0.0,0.0,5.0
1775300517.2453296,1.0,0.0,5.0
1775300517.2553296,1.0,0.0,5.0
1775300517.2653296,-2.0,0.0,6.0
1775300517.2753296,-3.0,1.0,9.0
1775300517.2853296,-3.0,2.0,13.0
1775300517.2953296,-4.0,2.0,9.0
1775300517.3053296,-7.0,0.0,5.0
1775300517.3153296,-7.0,3.0,0.0
1775300517.3253295,-2.0,2.0,-3.0
1775300517.3353295,-1.0,3.0,-2.0
1775300517.3453295,0.0,1.0,1.0
1775300517.3553295,2.0,-1.0,3.0
1775300517.3653295,3.0,0.0,5.0
1775300517.3753295,2.0,1.0,6.0
1775300517.3853295,0.0,1.0,15.0
1775300517.3953297,0.0,3.0,15.0
1775300517.4053297,0.0,1.0,13.0
1775300517.4153297,2.0,1.0,8.0
1775300517.4253297,6.0,1.0,8.0
1775300517.4353297,6.0,0.0,7.0
1775300517.4453297,4.0,-4.0,4.0
1775300517.4553297,0.0,-6.0,3.0
1775300517.4653296,-3.0,-6.0,-3.0
1775300517.4753296,-3.0,-5.0,0.0
1775300517.4853296,-4.0,-1.0,3.0
1775300517.4953296,0.0,-3.0,7.0
1775300517.5053296,1.0,-4.0,7.0
1775300517.5153296,-1.0,-4.0,2.0
1775300517.5253296,-2.0,-3.0,6.0
1775300517.5353296,-3.0,-3.0,6.0
1775300517.5453296,-2.0,-1.0,5.0
1775300517.5553296,-2.0,-5.0,5.0
1775300517.5653296,-1.0,-9.0,12.0
1775300517.5753295,3.0,-6.0,6.0
1775300517.5863297,5.0,-6.0,4.0
1775300517.5953295,6.0,-4.0,4.0
1775300517.6053295,3.0,-2.0,13.0
1775300517.6163297,4.0,-2.0,14.0
1775300517.6263297,3.0,-5.0,9.0
1775300517.6363297,-2.0,-3.0,4.0
1775300517.6463296,-2.0,1.0,13.0
1775300517.6563296,-1.0,0.0,9.0
1775300517.6663296,-5.0,0.0,5.0
1775300517.6763296,-2.0,-1.0,1.0
1775300517.6863296,-5.0,-1.0,2.0
1775300517.6963296,0.0,-4.0,-5.0
1775300517.7063296,2.0,-3.0,-7.0
1775300517.7163296,2.0,-3.0,2.0
1775300517.7263296,8.0,-7.0,6.0
1775300517.7363296,11.0,-7.0,8.0
1775300517.7463295,8.0,-3.0,9.0
1775300517.7563295,10.0,2.0,6.0
1775300517.7663295,5.0,3.0,4.0
1775300517.7763295,5.0,2.0,2.0
1775300517.7863295,2.0,0.0,10.0
1775300517.7963295,-1.0,-2.0,6.0
1775300517.8063295,0.0,-5.0,3.0
1775300517.8163297,0.0,-4.0,1.0
1775300517.8263297,1.0,-5.0,12.0
1775300517.8363297,0.0,-4.0,14.0
1775300517.8463297,0.0,-5.0,12.0
1775300517.8563297,1.0,0.0,13.0
1775300517.8663297,0.0,-2.0,16.0
1775300517.8763297,0.0,-7.0,12.0
1775300517.8863297,2.0,-2.0,13.0
1775300517.8963296,-1.0,0.0,3.0
1775300517.9063296,-2.0,1.0,6.0
1775300517.9163296,-1.0,0.0,4.0
1775300517.9263296,-2.0,-2.0,7.0
1775300517.9363296,-1.0,-2.0,4.0
1775300517.9463296,-6.0,-4.0,-2.0
1775300517.9563296,-6.0,-3.0,-2.0
1775300517.9663296,-5.0,-2.0,-2.0
1775300517.9763296,-7.0,1.0,-1.0
1775300517.9863296,-6.0,0.0,5.0
1775300517.9963295,-6.0,-3.0,9.0
1775300518.0063295,-2.0,-3.0,12.0
1775300518.0163295,-6.0,-4.0,14.0
1775300518.0263295,-3.0,-3.0,10.0
1775300518.0363295,-8.0,-2.0,9.0
1775300518.0463295,-6.0,0.0,5.0
1775300518.0563295,-8.0,-1.0,8.0
1775300518.0663297,-6.0,-2.0,13.0
1775300518.0763297,-4.0,-7.0,12.0
1775300518.0863297,-2.0,-6.0,12.0
1775300518.0963297,1.0,-8.0,8.0
1775300518.1063297,8.0,-8.0,6.0
1775300518.1163297,9.0,-5.0,14.0
1775300518.1263297,8.0,-7.0,8.0
1775300518.1363297,7.0,-6.0,4.0
1775300518.1463296,3.0,-4.0,4.0
1775300518.1563296,0.0,-3.0,0.0
1775300518.1663296,-4.0,-4.0,3.0
1775300518.1763296,-3.0,0.0,12.0
1775300518.1863296,-2.0,-2.0,10.0
1775300518.1963296,3.0,-3.0,15.0
1775300518.2063296,4.0,-2.0,18.0
1775300518.2163296,3.0,-2.0,13.0
1775300518.2263296,6.0,-2.0,10.0
1775300518.2363296,2.0,-3.0,5.0
1775300518.2463295,0.0,5.0,6.0
1775300518.2563295,-1.0,9.0,8.0
1775300518.2663295,-1.0,11.0,9.0
1775300518.2763295,0.0,10.0,6.0
1775300518.2863295,3.0,7.0,5.0
1775300518.2963295,3.0,4.0,3.0
1775300518.3063295,4.0,4.0,0.0
1775300518.3163297,2.0,1.0,0.0
1775300518.3263297,-2.0,0.0,-3.0
1775300518.3363297,-6.0,-1.0,-1.0
1775300518.3463297,-3.0,0.0,0.0
1775300518.3563297,-1.0,-3.0,3.0
1775300518.3663297,-3.0,-4.0,1.0
1775300518.3763297,-1.0,0.0,2.0
1775300518.3863297,-2.0,4.0,6.0
1775300518.3963296,-2.0,3.0,2.0
1775300518.4063296,-1.0,4.0,0.0
1775300518.4163296,5.0,4.0,6.0
1775300518.4263296,4.0,2.0,9.0
1775300518.4363296,2.0,4.0,9.0
1775300518.4463296,2.0,4.0,10.0
1775300518.4563296,-1.0,4.0,16.0
1775300518.4663296,0.0,3.0,12.0
1775300518.4763296,-1.0,4.0,9.0
1775300518.4863296,1.0,0.0,0.0
1775300518.4963295,3.0,-2.0,1.0
1775300518.5063295,2.0,-5.0,0.0
1775300518.5163295,5.0,-6.0,-1.0
1775300518.5263295,0.0,-11.0,-11.0
1775300518.5363295,5.0,-5.0,-4.0
1775300518.5463295,2.0,-2.0,0.0
1775300518.5563295,2.0,0.0,3.0
1775300518.5663297,2.0,0.0,3.0
1775300518.5763297,2.0,-1.0,3.0
1775300518.5863297,4.0,1.0,11.0
1775300518.5963297,0.0,0.0,12.0
1775300518.6063297,-4.0,0.0,6.0
1775300518.6163297,-4.0,0.0,0.0
1775300518.6263297,-9.0,-1.0,1.0
1775300518.6363297,-7.0,0.0,13.0
1775300518.6463296,-6.0,3.0,10.0
1775300518.6563296,-2.0,3.0,13.0
1775300518.6663296,-4.0,6.0,8.0
1775300518.6763296,-6.0,5.0,11.0
1775300518.6863296,-6.0,2.0,9.0
1775300518.6963296,0.0,1.0,11.0
1775300518.7063296,2.0,2.0,8.0
1775300518.7163296,1.0,0.0,7.0
1775300518.7263296,0.0,-4.0,5.0
1775300518.7363296,-1.0,2.0,5.0
1775300518.7463295,0.0,4.0,6.0
1775300518.7563295,0.0,4.0,10.0
1775300518.7663295,1.0,7.0,6.0
1775300518.7763295,2.0,2.0,5.0
1775300518.7863295,1.0,0.0,8.0
1775300518.7963295,1.0,1.0,9.0
1775300518.8063295,0.0,0.0,3.0
1775300518.8163297,0.0,0.0,3.0
1775300518.8263297,0.0,2.0,0.0
1775300518.8363297,4.0,-1.0,-1.0
1775300518.8463297,3.0,-1.0,6.0
1775300518.8563297,-1.0,-3.0,5.0
1775300518.8663297,-4.0,-4.0,11.0
1775300518.8763297,-3.0,-1.0,16.0
1775300518.8863297,0.0,-4.0,12.0
1775300518.8963296,1.0,-10.0,13.0
1775300518.9063296,-3.0,-12.0,13.0
1775300518.9163296,-5.0,-12.0,13.0
1775300518.9263296,0.0,-9.0,17.0
1775300518.9363296,-5.0,-4.0,26.0
1775300518.9463296,0.0,-1.0,19.0
1775300518.9563296,1.0,3.0,12.0
1775300518.9663296,2.0,8.0,10.0
1775300518.9763296,0.0,5.0,11.0
1775300518.9863296,-2.0,4.0,10.0
1775300518.9963295,-4.0,0.0,9.0
1775300519.0063295,-3.0,1.0,12.0
1775300519.0163295,-1.0,1.0,9.0
1775300519.0263295,2.0,3.0,9.0
1775300519.0363295,3.0,3.0,13.0
1775300519.0463295,1.0,4.0,16.0
1775300519.0563295,-1.0,1.0,13.0
1775300519.0663297,-5.0,0.0,13.0
1775300519.0763297,-5.0,0.0,15.0
1775300519.0863297,0.0,-1.0,12.0
1775300519.0963297,-3.0,-1.0,8.0
1775300519.1063297,-1.0,-4.0,13.0
1775300519.1163297,0.0,-9.0,17.0
1775300519.1263297,0.0,-9.0,16.0
1775300519.1363297,-3.0,-5.0,11.0
1775300519.1463296,-2.0,-9.0,11.0
1775300519.1563296,-1.0,-10.0,10.0
1775300519.1663296,-1.0,-5.0,14.0
1775300519.1763296,-5.0,-3.0,11.0
1775300519.1863296,-6.0,-6.0,5.0
1775300519.1963296,-5.0,-8.0,8.0
1775300519.2063296,-8.0,-9.0,11.0
1775300519.2163296,-6.0,-5.0,15.0
1775300519.2263296,-6.0,-1.0,9.0
1775300519.2363296,-9.0,0.0,12.0
1775300519.2463295,-12.0,-3.0,16.0
1775300519.2563295,-6.0,-3.0,12.0
1775300519.2663295,-4.0,-2.0,10.0
1775300519.2763295,-4.0,-3.0,13.0
1775300519.2863295,-6.0,-5.0,9.0
1775300519.2963295,-4.0,-4.0,9.0
1775300519.3063295,-6.0,-3.0,6.0
1775300519.3163297,-4.0,-5.0,6.0
1775300519.3263297,-4.0,-4.0,7.0
1775300519.3363297,-1.0,0.0,18.0
1775300519.3463297,-3.0,1.0,18.0
1775300519.3563297,0.0,0.0,18.0
1775300519.3663297,1.0,-3.0,8.0
1775300519.3763297,-4.0,-3.0,9.0
1775300519.3863297,-2.0,-4.0,8.0
1775300519.3963296,1.0,-1.0,15.0
1775300519.4063296,5.0,1.0,12.0
1775300519.4163296,9.0,1.0,11.0
1775300519.4263296,10.0,1.0,8.0
1775300519.4363296,7.0,-1.0,12.0
1775300519.4463296,6.0,-3.0,12.0
1775300519.4563296,0.0,-7.0,15.0
1775300519.4663296,-1.0,-9.0,10.0
1775300519.4763296,-1.0,-7.0,9.0
1775300519.4863296,4.0,-4.0,14.0
1775300519.4963295,4.0,-3.0,12.0
1775300519.5063295,2.0,-4.0,9.0
1775300519.5163295,2.0,1.0,5.0
1775300519.5263295,5.0,6.0,11.0
1775300519.5363295,6.0,6.0,9.0
1775300519.5463295,2.0,4.0,7.0
1775300519.5563295,0.0,8.0,8.0
1775300519.5663297,1.0,6.0,11.0
1775300519.5763297,3.0,7.0,14.0
1775300519.5863297,9.0,5.0,13.0
1775300519.5963297,7.0,4.0,6.0
1775300519.6063297,6.0,4.0,6.0
1775300519.6163297,-2.0,6.0,0.0
1775300519.6263297,-5.0,4.0,4.0
1775300519.6363297,-3.0,2.0,6.0
1775300519.6463296,-1.0,5.0,4.0
1775300519.6563296,-1.0,7.0,5.0
1775300519.6663296,-2.0,4.0,3.0
1775300519.6763296,0.0,6.0,6.0
1775300519.6863296,3.0,4.0,11.0
1775300519.6963296,2.0,6.0,9.0
1775300519.7063296,3.0,9.0,12.0
1775300519.7163296,6.0,10.0,9.0
1775300519.7263296,8.0,13.0,11.0
1775300519.7363296,2.0,11.0,15.0
1775300519.7463295,-1.0,11.0,14.0
1775300519.7563295,-3.0,8.0,10.0
1775300519.7663295,-2.0,5.0,9.0
1775300519.7763295,0.0,7.0,10.0
1775300519.7863295,0.0,2.0,13.0
1775300519.7963295,0.0,4.0,11.0
1775300519.8063295,-2.0,6.0,9.0
1775300519.8163297,0.0,10.0,12.0
1775300519.8263297,0.0,6.0,14.0
1775300519.8363297,1.0,1.0,16.0
1775300519.8463297,-1.0,-5.0,16.0
1775300519.8563297,0.0,-4.0,19.0
1775300519.8663297,2.0,-6.0,18.0
1775300519.8763297,1.0,-1.0,18.0
1775300519.8873296,1.0,-2.0,19.0
1775300519.8973296,-1.0,-4.0,22.0
1775300519.9063296,0.0,-3.0,17.0
1775300519.9163296,0.0,-3.0,12.0
1775300519.9273295,0.0,-5.0,11.0
1775300519.9373295,0.0,-6.0,10.0
1775300519.9473295,-1.0,-2.0,7.0
1775300519.9573295,1.0,-2.0,6.0
1775300519.9673295,0.0,0.0,5.0
1775300519.9773295,-1.0,-3.0,2.0
1775300519.9873295,0.0,1.0,-3.0
1775300519.9973297,1.0,4.0,3.0
1775300520.0073297,4.0,1.0,7.0
1775300520.0173297,6.0,1.0,9.0
1775300520.0273297,4.0,1.0,8.0
1775300520.0363295,4.0,0.0,10.0
1775300520.0473297,2.0,-4.0,2.0
1775300520.0573297,1.0,-2.0,-1.0
1775300520.0673296,0.0,2.0,-2.0
1775300520.0773296,-1.0,1.0,1.0
1775300520.0873296,-4.0,-1.0,1.0
1775300520.0973296,-4.0,1.0,3.0
1775300520.1073296,-6.0,0.0,10.0
1775300520.1173296,-5.0,-3.0,9.0
1775300520.1273296,-5.0,-3.0,6.0
1775300520.1373296,-6.0,-2.0,9.0
1775300520.1473296,-8.0,0.0,2.0
1775300520.1573296,-7.0,1.0,1.0
1775300520.1673295,-7.0,1.0,2.0
1775300520.1773295,-9.0,-2.0,-6.0
1775300520.1873295,-5.0,-2.0,-8.0
1775300520.1973295,-2.0,-1.0,-3.0
1775300520.2073295,-2.0,-1.0,0.0
1775300520.2173295,-6.0,-2.0,3.0
1775300520.2273295,-6.0,0.0,5.0
1775300520.2373295,-5.0,3.0,2.0
1775300520.2473297,-1.0,2.0,12.0
1775300520.2573297,-3.0,-1.0,11.0
1775300520.2673297,-1.0,0.0,14.0
1775300520.2773297,0.0,0.0,20.0
1775300520.2873297,-1.0,-3.0,15.0
1775300520.2973297,-2.0,-3.0,16.0
1775300520.3073297,-1.0,-2.0,14.0
1775300520.3173296,-3.0,-3.0,17.0
1775300520.3273296,-5.0,-1.0,16.0
1775300520.3373296,-3.0,-2.0,16.0
1775300520.3473296,-5.0,-4.0,10.0
1775300520.3573296,3.0,-4.0,8.0
1775300520.3673296,5.0,-5.0,8.0
1775300520.3773296,4.0,-5.0,10.0
1775300520.3873296,-3.0,-3.0,14.0
1775300520.3973296,-4.0,0.0,6.0
1775300520.4073296,-1.0,4.0,8.0
1775300520.4173295,-3.0,4.0,6.0
1775300520.4273295,-6.0,4.0,7.0
1775300520.4373295,-7.0,0.0,7.0
1775300520.4473295,-4.0,-2.0,14.0
1775300520.4573295,-4.0,-3.0,14.0
1775300520.4673295,0.0,-4.0,11.0
1775300520.4773295,1.0,-2.0,15.0
1775300520.4873295,0.0,1.0,14.0
1775300520.4973297,-2.0,4.0,19.0
1775300520.5073297,2.0,3.0,19.0
1775300520.5173297,2.0,3.0,21.0
1775300520.5273297,2.0,3.0,17.0
1775300520.5373297,3.0,3.0,20.0
1775300520.5473297,6.0,1.0,9.0
1775300520.5573297,7.0,0.0,9.0
1775300520.5673296,6.0,-4.0,7.0
1775300520.5773296,1.0,-3.0,8.0
1775300520.5873296,0.0,0.0,7.0
1775300520.5973296,1.0,-1.0,6.0
1775300520.6073296,6.0,0.0,13.0
1775300520.6173296,4.0,-2.0,15.0
1775300520.6273296,-3.0,-2.0,10.0
1775300520.6373296,-3.0,1.0,5.0
1775300520.6473296,-5.0,2.0,9.0
1775300520.6573296,0.0,0.0,8.0
1775300520.6673295,2.0,3.0,8.0
1775300520.6773295,3.0,0.0,9.0
1775300520.6873295,1.0,0.0,2.0
1775300520.6973295,5.0,0.0,8.0
1775300520.7073295,5.0,-2.0,7.0
1775300520.7173295,0.0,-1.0,-2.0
1775300520.7273295,1.0,0.0,-2.0
1775300520.7373295,2.0,1.0,-3.0
1775300520.7473297,4.0,0.0,-3.0
1775300520.7573297,4.0,-2.0,4.0
1775300520.7673297,6.0,-3.0,8.0
1775300520.7773297,1.0,0.0,10.0
1775300520.7873297,-4.0,6.0,16.0
1775300520.7973297,-5.0,7.0,8.0
1775300520.8073297,-4.0,7.0,7.0
1775300520.8173296,-1.0,5.0,2.0
1775300520.8273296,-3.0,0.0,1.0
1775300520.8373296,-2.0,-2.0,3.0
1775300520.8473296,-1.0,0.0,7.0
1775300520.8573296,0.0,5.0,9.0
1775300520.8673296,-1.0,9.0,10.0
1775300520.8773296,0.0,6.0,16.0
1775300520.8873296,0.0,5.0,6.0
1775300520.8973296,5.0,0.0,4.0
1775300520.9073296,5.0,-1.0,10.0
1775300520.9173295,6.0,-2.0,13.0
1775300520.9273295,5.0,-1.0,13.0
1775300520.9373295,2.0,-2.0,19.0
1775300520.9473295,-1.0,1.0,19.0
1775300520.9573295,1.0,-1.0,23.0
1775300520.9673295,1.0,-1.0,21.0
1775300520.9773295,0.0,-4.0,23.0
1775300520.9873295,0.0,-6.0,16.0
1775300520.9973297,3.0,0.0,16.0
1775300521.0073297,2.0,0.0,16.0
1775300521.0173297,2.0,3.0,13.0
1775300521.0273297,-1.0,5.0,8.0
1775300521.0373297,1.0,6.0,8.0
1775300521.0473297,1.0,5.0,13.0
1775300521.0573297,0.0,4.0,13.0
1775300521.0673296,2.0,0.0,8.0
1775300521.0773296,6.0,-1.0,8.0
1775300521.0873296,7.0,-1.0,5.0
1775300521.0973296,5.0,1.0,6.0
1775300521.1073296,4.0,4.0,2.0
1775300521.1173296,5.0,3.0,9.0
1775300521.1273296,4.0,2.0,18.0
1775300521.1373296,1.0,2.0,17.0
1775300521.1473296,0.0,3.0,7.0
1775300521.1573296,-2.0,1.0,2.0
1775300521.1673295,0.0,-2.0,5.0
1775300521.1773295,1.0,-5.0,10.0
1775300521.1873295,1.0,-3.0,14.0
1775300521.1973295,-4.0,-1.0,6.0
1775300521.2073295,-5.0,0.0,3.0
1775300521.2173295,-7.0,1.0,-1.0
1775300521.2273295,-9.0,0.0,-3.0
1775300521.2373295,-12.0,0.0,-9.0
1775300521.2473297,-10.0,2.0,-5.0
1775300521.2573297,-6.0,3.0,4.0
1775300521.2673297,-2.0,5.0,8.0
1775300521.2773297,0.0,2.0,9.0
1775300521.2873297,-2.0,4.0,11.0
1775300521.2973297,0.0,2.0,8.0
1775300521.3073297,0.0,0.0,4.0
1775300521.3173296,-1.0,7.0,0.0
1775300521.3273296,1.0,4.0,-1.0
1775300521.3373296,4.0,6.0,1.0
1775300521.3473296,5.0,6.0,1.0
1775300521.3573296,8.0,5.0,2.0
1775300521.3673296,6.0,2.0,8.0
1775300521.3773296,5.0,2.0,9.0
1775300521.3873296,3.0,5.0,9.0
1775300521.3973296,-2.0,5.0,8.0
1775300521.4073296,-2.0,0.0,18.0
1775300521.4173295,0.0,0.0,18.0
1775300521.4273295,-3.0,-3.0,12.0
1775300521.4373295,-5.0,0.0,10.0
1775300521.4473295,-6.0,1.0,6.0
1775300521.4573295,-7.0,0.0,7.0
1775300521.4673295,-1.0,3.0,12.0
1775300521.4773295,-1.0,1.0,4.0
1775300521.4873295,0.0,-1.0,-2.0
1775300521.4973297,-2.0,1.0,0.0
1775300521.5073297,0.0,-1.0,8.0
1775300521.5173297,0.0,-2.0,10.0
1775300521.5273297,1.0,-4.0,8.0
1775300521.5373297,4.0,-2.0,12.0
1775300521.5473297,2.0,0.0,13.0
1775300521.5573297,-5.0,-1.0,5.0
1775300521.5673296,-5.0,0.0,6.0
1775300521.5773296,-3.0,4.0,10.0
1775300521.5873296,-3.0,7.0,9.0
1775300521.5973296,-4.0,4.0,1.0
1775300521.6073296,-2.0,1.0,2.0
1775300521.6173296,-1.0,2.0,8.0
1775300521.6273296,2.0,1.0,14.0
1775300521.6373296,6.0,-1.0,19.0
1775300521.6473296,0.0,-3.0,16.0
1775300521.6573296,-1.0,-7.0,11.0
1775300521.6673295,-3.0,-7.0,6.0
1775300521.6773295,-1.0,-6.0,-4.0
1775300521.6873295,-4.0,-1.0,-2.0
1775300521.6973295,-1.0,-3.0,0.0
1775300521.7073295,1.0,-1.0,8.0
1775300521.7173295,-2.0,0.0,12.0
1775300521.7273295,-1.0,0.0,6.0
1775300521.7373295,0.0,2.0,7.0
1775300521.7473297,4.0,4.0,6.0
1775300521.7573297,6.0,0.0,9.0
1775300521.7673297,4.0,-2.0,8.0
1775300521.7773297,4.0,1.0,9.0
1775300521.7873297,5.0,0.0,12.0
1775300521.7973297,0.0,0.0,8.0
1775300521.8073297,1.0,0.0,-1.0
1775300521.8173296,0.0,0.0,-4.0
1775300521.8273296,1.0,5.0,0.0
1775300521.8373296,0.0,4.0,2.0
1775300521.8473296,-2.0,1.0,3.0
1775300521.8573296,-2.0,0.0,3.0
1775300521.8673296,1.0,3.0,6.0
1775300521.8773296,2.0,1.0,5.0
1775300521.8873296,4.0,2.0,5.0
1775300521.8973296,6.0,2.0,6.0
1775300521.9073296,8.0,2.0,6.0
1775300521.9173295,4.0,-2.0,6.0
1775300521.9273295,0.0,0.0,12.0
1775300521.9373295,4.0,1.0,13.0
1775300521.9473295,1.0,1.0,5.0
1775300521.9573295,-1.0,0.0,2.0
1775300521.9673295,1.0,-6.0,7.0
1775300521.9773295,-1.0,-7.0,5.0
1775300521.9873295,-4.0,-1.0,2.0
1775300521.9973297,-2.0,-4.0,0.0
1775300522.0073297,-1.0,-6.0,3.0
1775300522.0173297,0.0,-4.0,11.0
1775300522.0273297,1.0,-6.0,6.0
1775300522.0373297,1.0,-7.0,6.0
1775300522.0473297,-2.0,-3.0,8.0
1775300522.0573297,-6.0,-3.0,3.0
1775300522.0673296,-6.0,-8.0,1.0
1775300522.0773296,-3.0,-8.0,11.0
1775300522.0873296,-9.0,-7.0,9.0
1775300522.0973296,-11.0,-6.0,9.0
1775300522.1073296,-8.0,-2.0,11.0
1775300522.1173296,-3.0,-3.0,9.0
1775300522.1273296,-3.0,-6.0,5.0
1775300522.1373296,-2.0,-10.0,13.0
1775300522.1473296,3.0,-6.0,16.0
1775300522.1573296,-1.0,-6.0,14.0
1775300522.1673295,0.0,-4.0,14.0
1775300522.1783297,1.0,-5.0,14.0
1775300522.1873295,2.0,-3.0,10.0
1775300522.1983297,3.0,-2.0,9.0
1775300522.2083297,4.0,0.0,5.0
1775300522.2183297,1.0,1.0,3.0
1775300522.2283297,-1.0,2.0,1.0
1775300522.2383296,0.0,1.0,6.0
1775300522.2483296,1.0,-1.0,10.0
1775300522.2583296,2.0,2.0,12.0
1775300522.2683296,1.0,-3.0,17.0
1775300522.2783296,1.0,-4.0,15.0
1775300522.2883296,1.0,-10.0,14.0
1775300522.2983296,0.0,-10.0,10.0
1775300522.3083296,-5.0,-12.0,10.0
1775300522.3183296,-2.0,-7.0,15.0
1775300522.3283296,1.0,-5.0,19.0
1775300522.3383296,1.0,-4.0,20.0
1775300522.3483295,-1.0,-6.0,16.0
1775300522.3583295,-1.0,-6.0,7.0
1775300522.3683295,-3.0,-4.0,4.0
1775300522.3783295,-4.0,-2.0,4.0
1775300522.3883295,-4.0,-5.0,6.0
1775300522.3983295,-3.0,-3.0,6.0
1775300522.4083295,0.0,-2.0,6.0
1775300522.4183297,-3.0,0.0,6.0
1775300522.4283297,-1.0,0.0,5.0
1775300522.4383297,2.0,-2.0,4.0
1775300522.4483297,4.0,-2.0,12.0
1775300522.4583297,3.0,-1.0,10.0
1775300522.4683297,0.0,-2.0,14.0
1775300522.4783297,0.0,-2.0,23.0
1775300522.4883296,-3.0,-7.0,22.0
1775300522.4983296,2.0,-4.0,28.0
1775300522.5083296,1.0,-3.0,24.0
1775300522.5183296,-2.0,-1.0,13.0
1775300522.5283296,0.0,-3.0,4.0
1775300522.5383296,-1.0,0.0,5.0
1775300522.5483296,1.0,-4.0,6.0
1775300522.5583296,2.0,-3.0,8.0
1775300522.5683296,-2.0,0.0,9.0
1775300522.5783296,-5.0,0.0,3.0
1775300522.5883296,-6.0,1.0,0.0
1775300522.5983295,-5.0,-5.0,0.0
1775300522.6083295,-5.0,-5.0,1.0
1775300522.6183295,-9.0,-4.0,6.0
1775300522.6283295,-9.0,-5.0,0.0
1775300522.6383295,-10.0,-5.0,1.0
1775300522.6483295,-12.0,-6.0,10.0
1775300522.6583295,-9.0,-5.0,8.0
1775300522.6683297,-9.0,-6.0,13.0
1775300522.6783297,-10.0,-3.0,15.0
1775300522.6883297,-11.0,-4.0,16.0
1775300522.6983297,-7.0,-1.0,15.0
1775300522.7083297,-8.0,-1.0,13.0
1775300522.7183297,-6.0,-3.0,6.0
1775300522.7283297,-5.0,0.0,6.0
1775300522.7383296,-5.0,0.0,7.0
1775300522.7483296,-9.0,-2.0,6.0
1775300522.7583296,-4.0,-5.0,13.0
1775300522.7683296,1.0,-3.0,10.0
1775300522.7783296,4.0,-4.0,7.0
1775300522.7883296,6.0,-2.0,10.0
1775300522.7983296,4.0,0.0,16.0
1775300522.8083296,1.0,1.0,14.0
1775300522.8183296,0.0,1.0,10.0
1775300522.8283296,0.0,2.0,11.0
1775300522.8383296,0.0,5.0,12.0
1775300522.8483295,1.0,2.0,12.0
1775300522.8583295,5.0,4.0,10.0
1775300522.8683295,7.0,4.0,7.0
1775300522.8783295,4.0,4.0,0.0
1775300522.8883295,0.0,0.0,1.0
1775300522.8983295,-2.0,-6.0,7.0
1775300522.9083295,-4.0,-6.0,6.0
1775300522.9183297,-1.0,-5.0,4.0
1775300522.9283297,1.0,-6.0,2.0
1775300522.9383297,2.0,-5.0,7.0
1775300522.9483297,2.0,-2.0,11.0
1775300522.9583297,0.0,1.0,16.0
1775300522.9683297,1.0,0.0,16.0
1775300522.9783297,2.0,-2.0,10.0
1775300522.9883296,-2.0,-1.0,9.0
1775300522.9983296,1.0,2.0,8.0
1775300523.0083296,2.0,3.0,0.0
1775300523.0183296,0.0,0.0,-1.0
1775300523.0283296,4.0,0.0,0.0
1775300523.0383296,3.0,-1.0,0.0
1775300523.0483296,0.0,-3.0,-3.0
1775300523.0583296,-8.0,-4.0,0.0
1775300523.0683296,-5.0,-5.0,2.0
1775300523.0783296,-7.0,-2.0,-3.0
1775300523.0883296,-6.0,0.0,0.0
1775300523.0983295,-4.0,7.0,3.0
1775300523.1083295,-6.0,6.0,6.0
1775300523.1183295,-3.0,3.0,10.0
1775300523.1283295,0.0,1.0,8.0
1775300523.1383295,-5.0,1.0,6.0
1775300523.1483295,-3.0,1.0,14.0
1775300523.1583295,-3.0,0.0,17.0
1775300523.1683297,-3.0,-2.0,18.0
1775300523.1783297,-6.0,0.0,18.0
1775300523.1883297,-7.0,-1.0,20.0
1775300523.1983297,-3.0,-3.0,12.0
1775300523.2083297,-1.0,-3.0,9.0
1775300523.2183297,2.0,-3.0,3.0
1775300523.2283297,5.0,-5.0,10.0
1775300523.2383296,5.0,0.0,14.0
1775300523.2483296,3.0,0.0,9.0
1775300523.2583296,0.0,0.0,7.0
1775300523.2683296,-3.0,3.0,8.0
1775300523.2783296,0.0,4.0,7.0
1775300523.2883296,2.0,5.0,10.0
1775300523.2983296,6.0,2.0,15.0
1775300523.3083296,13.0,-1.0,15.0
1775300523.3183296,11.0,-4.0,16.0
1775300523.3283296,6.0,-3.0,14.0
1775300523.3383296,0.0,0.0,16.0
1775300523.3483295,1.0,2.0,11.0
1775300523.3583295,4.0,1.0,15.0
1775300523.3683295,1.0,-1.0,16.0
1775300523.3783295,-3.0,-3.0,10.0
1775300523.3883295,-3.0,1.0,3.0
1775300523.3983295,-4.0,0.0,6.0
1775300523.4083295,-2.0,0.0,5.0
1775300523.4183297,-4.0,-1.0,7.0
1775300523.4283297,1.0,-2.0,11.0
1775300523.4383297,2.0,1.0,11.0
1775300523.4483297,-3.0,4.0,12.0
1775300523.4583297,0.0,6.0,5.0
1775300523.4683297,0.0,3.0,4.0
1775300523.4783297,0.0,3.0,7.0
1775300523.4883296,4.0,3.0,12.0
1775300523.4983296,4.0,0.0,13.0
1775300523.5083296,5.0,0.0,14.0
1775300523.5183296,3.0,-3.0,16.0
1775300523.5283296,-1.0,-4.0,18.0
1775300523.5383296,0.0,-2.0,17.0
1775300523.5483296,0.0,-2.0,14.0
1775300523.5583296,-3.0,-2.0,15.0
1775300523.5683296,-3.0,-1.0,10.0
1775300523.5783296,-5.0,0.0,10.0
1775300523.5883296,-8.0,-1.0,17.0
1775300523.5983295,-7.0,-6.0,20.0
1775300523.6083295,-8.0,-1.0,15.0
1775300523.6183295,-3.0,-2.0,13.0
1775300523.6283295,-1.0,-4.0,6.0
1775300523.6383295,-2.0,-5.0,-1.0
1775300523.6483295,-4.0,-5.0,-10.0
1775300523.6583295,-8.0,-5.0,-3.0
1775300523.6683297,-8.0,-2.0,-2.0
1775300523.6783297,-3.0,-2.0,3.0
1775300523.6883297,-3.0,-3.0,3.0
1775300523.6983297,-4.0,-4.0,6.0
1775300523.7083297,0.0,-7.0,1.0
1775300523.7183297,-3.0,-5.0,1.0
1775300523.7283297,0.0,-7.0,-2.0
1775300523.7383296,3.0,-3.0,0.0
1775300523.7483296,5.0,-1.0,0.0
1775300523.7583296,1.0,0.0,3.0
1775300523.7683296,0.0,0.0,5.0
1775300523.7783296,0.0,4.0,6.0
1775300523.7883296,0.0,0.0,6.0
1775300523.7983296,1.0,0.0,17.0
1775300523.8083296,0.0,2.0,14.0
1775300523.8183296,3.0,0.0,19.0
1775300523.8283296,3.0,-1.0,16.0
1775300523.8383296,1.0,-1.0,13.0
1775300523.8483295,-1.0,-1.0,14.0
1775300523.8583295,-2.0,-2.0,13.0
1775300523.8683295,0.0,-3.0,14.0
1775300523.8783295,-1.0,-4.0,12.0
1775300523.8883295,0.0,-4.0,8.0
1775300523.8983295,-1.0,-8.0,13.0
1775300523.9083295,-3.0,-2.0,16.0
1775300523.9183297,-6.0,0.0,9.0
1775300523.9283297,-2.0,0.0,6.0
1775300523.9383297,-4.0,-3.0,5.0
1775300523.9483297,-3.0,-2.0,4.0
1775300523.9583297,0.0,-4.0,8.0
1775300523.9683297,0.0,-4.0,8.0
1775300523.9783297,1.0,-5.0,3.0
1775300523.9883296,3.0,-3.0,5.0
1775300523.9983296,1.0,-4.0,5.0
1775300524.0083296,2.0,-1.0,4.0
1775300524.0183296,1.0,0.0,1.0
1775300524.0283296,4.0,0.0,2.0
1775300524.0383296,5.0,-1.0,6.0
1775300524.0483296,2.0,-3.0,7.0
1775300524.0583296,1.0,0.0,9.0
1775300524.0683296,5.0,0.0,8.0
1775300524.0783296,3.0,4.0,7.0
1775300524.0883296,2.0,6.0,4.0
1775300524.0983295,1.0,4.0,9.0
1775300524.1083295,2.0,0.0,7.0
1775300524.1183295,0.0,2.0,4.0
1775300524.1283295,0.0,2.0,2.0
1775300524.1383295,-1.0,2.0,9.0
1775300524.1483295,0.0,2.0,6.0
1775300524.1583295,5.0,4.0,5.0
1775300524.1683297,5.0,3.0,4.0
1775300524.1783297,8.0,4.0,7.0
1775300524.1883297,7.0,3.0,5.0
1775300524.1983297,3.0,2.0,3.0
1775300524.2083297,4.0,-3.0,8.0
1775300524.2183297,2.0,-8.0,11.0
1775300524.2283297,0.0,-7.0,12.0
1775300524.2383296,-2.0,-6.0,14.0
1775300524.2483296,-1.0,-1.0,20.0
1775300524.2583296,1.0,-2.0,20.0
1775300524.2683296,1.0,-1.0,17.0
1775300524.2783296,1.0,1.0,7.0
1775300524.2883296,2.0,1.0,7.0
1775300524.2983296,0.0,0.0,16.0
1775300524.3083296,-5.0,-2.0,13.0
1775300524.3183296,-8.0,-1.0,11.0
1775300524.3283296,-5.0,0.0,8.0
1775300524.3383296,-1.0,1.0,8.0
1775300524.3483295,4.0,0.0,7.0
1775300524.3583295,1.0,-1.0,5.0
1775300524.3683295,0.0,-1.0,10.0
1775300524.3783295,0.0,-2.0,9.0
1775300524.3883295,-4.0,0.0,2.0
1775300524.3983295,-2.0,2.0,-1.0
1775300524.4083295,-3.0,2.0,-1.0
1775300524.4183297,-3.0,-2.0,-1.0
1775300524.4283297,-4.0,-9.0,-2.0
1775300524.4383297,-6.0,-8.0,-2.0
1775300524.4483297,-5.0,-6.0,-7.0
1775300524.4583297,1.0,-4.0,-1.0
1775300524.4693296,1.0,-4.0,0.0
1775300524.4783297,-1.0,-5.0,1.0
1775300524.4893296,-3.0,-4.0,8.0
1775300524.4993296,0.0,-2.0,6.0
1775300524.5093296,1.0,-1.0,4.0
1775300524.5193295,0.0,0.0,5.0
1775300524.5293295,3.0,-2.0,1.0
1775300524.5393295,0.0,-5.0,7.0
1775300524.5493295,1.0,-5.0,1.0
1775300524.5593295,-2.0,-4.0,0.0
1775300524.5693295,-5.0,-3.0,-1.0
1775300524.5793295,-6.0,3.0,2.0
1775300524.5893295,-5.0,-1.0,-1.0
1775300524.5993297,-3.0,-1.0,-2.0
1775300524.6093297,1.0,-1.0,2.0
1775300524.6193297,1.0,-1.0,7.0
1775300524.6293297,3.0,0.0,13.0
1775300524.6393297,7.0,1.0,12.0
1775300524.6493297,3.0,3.0,18.0
1775300524.6593297,3.0,2.0,10.0
1775300524.6693296,-4.0,-2.0,3.0
1775300524.6793296,-8.0,-4.0,5.0
1775300524.6893296,-6.0,-2.0,6.0
1775300524.6993296,-4.0,-3.0,5.0
1775300524.7093296,-3.0,1.0,5.0
1775300524.7193296,-4.0,0.0,6.0
1775300524.7293296,-6.0,0.0,0.0
1775300524.7393296,-4.0,3.0,2.0
1775300524.7493296,-5.0,6.0,5.0
1775300524.7593296,-5.0,6.0,3.0
1775300524.7693295,-4.0,8.0,5.0
1775300524.7793295,-5.0,5.0,6.0
1775300524.7893295,-4.0,4.0,14.0
1775300524.7993295,-4.0,0.0,10.0
1775300524.8093295,-4.0,0.0,6.0
1775300524.8193295,-7.0,2.0,4.0
1775300524.8293295,-4.0,-1.0,2.0
1775300524.8393295,-2.0,-3.0,3.0
1775300524.8493297,0.0,-3.0,1.0
1775300524.8593297,0.0,-5.0,2.0
1775300524.8693297,-1.0,-5.0,7.0
1775300524.8793297,2.0,-3.0,8.0
1775300524.8893297,0.0,-3.0,4.0
1775300524.8993297,0.0,-2.0,8.0
1775300524.9093297,2.0,-2.0,3.0
1775300524.9193296,5.0,1.0,2.0
1775300524.9293296,4.0,0.0,2.0
1775300524.9393296,7.0,2.0,4.0
1775300524.9493296,6.0,0.0,0.0
1775300524.9593296,8.0,1.0,3.0
1775300524.9693296,7.0,1.0,10.0
1775300524.9793296,3.0,-2.0,12.0
1775300524.9893296,1.0,0.0,14.0
1775300524.9993296,1.0,2.0,19.0
1775300525.0093296,3.0,5.0,17.0
1775300525.0193295,2.0,2.0,20.0
1775300525.0293295,0.0,2.0,13.0
1775300525.0393295,-2.0,2.0,17.0
1775300525.0493295,-1.0,1.0,17.0
1775300525.0593295,-1.0,0.0,14.0
1775300525.0693295,-1.0,6.0,16.0
1775300525.0793295,5.0,5.0,15.0
1775300525.0893295,5.0,4.0,12.0
1775300525.0993297,6.0,4.0,3.0
1775300525.1093297,2.0,0.0,6.0
1775300525.1193297,3.0,0.0,3.0
1775300525.1293297,8.0,-1.0,0.0
1775300525.1393297,7.0,0.0,2.0
1775300525.1493297,4.0,0.0,-2.0
1775300525.1593297,0.0,-3.0,0.0
1775300525.1693296,0.0,-3.0,2.0
1775300525.1793296,-2.0,0.0,3.0
1775300525.1893296,-1.0,2.0,-1.0
1775300525.1993296,0.0,1.0,2.0
1775300525.2093296,-4.0,-2.0,3.0
1775300525.2193296,-6.0,-1.0,5.0
1775300525.2293296,-4.0,-3.0,7.0
1775300525.2393296,-3.0,-1.0,7.0
1775300525.2493296,0.0,-6.0,4.0
1775300525.2593296,1.0,-3.0,8.0
1775300525.2693295,0.0,1.0,5.0
1775300525.2793295,-2.0,2.0,4.0
1775300525.2893295,-3.0,3.0,6.0
1775300525.2993295,1.0,3.0,4.0
1775300525.3093295,0.0,5.0,0.0
1775300525.3193295,-2.0,4.0,4.0
1775300525.3293295,-3.0,2.0,9.0
1775300525.3393295,-2.0,0.0,12.0
1775300525.3493297,-2.0,-1.0,19.0
1775300525.3593297,-2.0,2.0,17.0
1775300525.3693297,0.0,0.0,15.0
1775300525.3793297,2.0,-1.0,19.0
1775300525.3893297,3.0,-3.0,18.0
1775300525.3993297,2.0,-5.0,16.0
1775300525.4093297,2.0,-7.0,18.0
1775300525.4193296,2.0,-10.0,17.0
1775300525.4293296,6.0,-10.0,17.0
1775300525.4393296,4.0,-7.0,18.0
1775300525.4493296,1.0,-6.0,15.0
1775300525.4593296,1.0,-4.0,16.0
1775300525.4693296,0.0,-3.0,10.0
1775300525.4793296,1.0,-3.0,9.0
1775300525.4893296,3.0,-1.0,10.0
1775300525.4993296,4.0,0.0,10.0
1775300525.5093296,4.0,-4.0,9.0
1775300525.5193295,3.0,-6.0,4.0
1775300525.5293295,3.0,-5.0,0.0
1775300525.5393295,1.0,-5.0,6.0
1775300525.5493295,0.0,-5.0,4.0
1775300525.5593295,2.0,-7.0,4.0
1775300525.5693295,2.0,-2.0,-1.0
1775300525.5793295,1.0,0.0,6.0
1775300525.5893295,-1.0,-2.0,6.0
1775300525.5993297,-1.0,-1.0,10.0
1775300525.6093297,-2.0,-2.0,13.0
1775300525.6193297,1.0,-2.0,15.0
1775300525.6293297,0.0,2.0,20.0
1775300525.6393297,3.0,3.0,17.0
1775300525.6493297,5.0,4.0,13.0
1775300525.6593297,5.0,3.0,9.0
1775300525.6693296,6.0,0.0,11.0
1775300525.6793296,4.0,1.0,9.0
1775300525.6893296,5.0,5.0,7.0
1775300525.6993296,5.0,0.0,4.0
1775300525.7093296,6.0,-3.0,7.0
1775300525.7193296,5.0,-3.0,8.0
1775300525.7293296,0.0,0.0,5.0
1775300525.7393296,4.0,3.0,0.0
1775300525.7493296,2.0,-1.0,7.0
1775300525.7593296,1.0,0.0,6.0
1775300525.7693295,2.0,2.0,7.0
1775300525.7793295,6.0,4.0,8.0
1775300525.7893295,6.0,3.0,11.0
1775300525.7993295,4.0,-1.0,9.0
1775300525.8093295,4.0,3.0,6.0
1775300525.8193295,6.0,0.0,6.0
1775300525.8293295,9.0,1.0,8.0
1775300525.8393295,9.0,0.0,10.0
1775300525.8493297,11.0,0.0,10.0
1775300525.8593297,12.0,2.0,7.0
1775300525.8693297,12.0,1.0,0.0
1775300525.8793297,9.0,-4.0,-2.0
1775300525.8893297,5.0,-4.0,-2.0
1775300525.8993297,0.0,-4.0,6.0
1775300525.9093297,-1.0,-4.0,4.0
1775300525.9193296,-4.0,-3.0,5.0
1775300525.9293296,-1.0,-4.0,4.0
1775300525.9403296,-3.0,-4.0,0.0
1775300525.9493296,-1.0,-3.0,0.0
1775300525.9593296,-4.0,-6.0,3.0
1775300525.9693296,-5.0,-2.0,6.0
1775300525.9793296,-1.0,-2.0,6.0
1775300525.9893296,1.0,1.0,6.0
1775300525.9993296,-3.0,3.0,12.0
1775300526.0093296,-3.0,2.0,14.0
1775300526.0193295,-2.0,4.0,11.0
1775300526.0293295,-4.0,2.0,5.0
1775300526.0393295,-1.0,0.0,6.0
1775300526.0493295,0.0,-2.0,12.0
1775300526.0593295,0.0,0.0,11.0
1775300526.0693295,0.0,0.0,0.0
1775300526.0793295,-4.0,-3.0,-5.0
1775300526.0893295,-7.0,-2.0,-9.0
1775300526.0993297,-8.0,-2.0,-5.0
1775300526.1093297,-6.0,0.0,-6.0
1775300526.1193297,-6.0,0.0,2.0
1775300526.1293297,0.0,1.0,4.0
1775300526.1393297,-4.0,2.0,2.0
1775300526.1493297,-1.0,3.0,1.0
1775300526.1593297,-2.0,4.0,-1.0
1775300526.1693296,-1.0,0.0,-5.0
1775300526.1793296,0.0,0.0,-2.0
1775300526.1893296,0.0,-2.0,-1.0
1775300526.1993296,-3.0,0.0,0.0
1775300526.2093296,-3.0,0.0,0.0
1775300526.2193296,1.0,1.0,1.0
1775300526.2293296,2.0,0.0,4.0
1775300526.2393296,0.0,-1.0,0.0
1775300526.2493296,0.0,-1.0,4.0
1775300526.2593296,7.0,3.0,8.0
1775300526.2693295,7.0,0.0,12.0
1775300526.2793295,4.0,-4.0,10.0
1775300526.2893295,9.0,-7.0,6.0
1775300526.2993295,7.0,-4.0,7.0
1775300526.3093295,7.0,-1.0,11.0
1775300526.3193295,9.0,2.0,13.0
1775300526.3293295,12.0,1.0,16.0
1775300526.3393295,10.0,-1.0,19.0
1775300526.3493297,8.0,-2.0,25.0
1775300526.3593297,0.0,0.0,17.0
1775300526.3693297,4.0,0.0,7.0
1775300526.3793297,7.0,0.0,4.0
1775300526.3893297,9.0,-1.0,10.0
1775300526.3993297,8.0,1.0,7.0
1775300526.4093297,7.0,2.0,14.0
1775300526.4193296,8.0,2.0,10.0
1775300526.4293296,5.0,1.0,5.0
1775300526.4393296,6.0,-1.0,1.0
1775300526.4493296,5.0,-4.0,3.0
1775300526.4593296,4.0,-2.0,4.0
1775300526.4693296,3.0,-4.0,0.0
1775300526.4793296,2.0,-5.0,2.0
1775300526.4893296,1.0,-2.0,2.0
1775300526.4993296,2.0,-3.0,0.0
1775300526.5093296,4.0,0.0,-1.0
1775300526.5193295,5.0,-4.0,1.0
1775300526.5293295,4.0,-5.0,6.0
1775300526.5393295,4.0,-8.0,3.0
1775300526.5493295,6.0,-8.0,0.0
1775300526.5593295,2.0,-10.0,0.0
1775300526.5693295,1.0,-11.0,7.0
1775300526.5793295,0.0,-11.0,2.0
1775300526.5893295,0.0,-8.0,8.0
1775300526.5993297,2.0,-7.0,7.0
1775300526.6093297,4.0,-6.0,16.0
1775300526.6193297,4.0,-3.0,17.0
1775300526.6293297,0.0,-4.0,12.0
1775300526.6393297,-5.0,-3.0,12.0
1775300526.6493297,-3.0,-3.0,8.0
1775300526.6593297,0.0,-6.0,9.0
1775300526.6693296,2.0,-2.0,9.0
1775300526.6793296,2.0,-3.0,7.0
1775300526.6893296,1.0,-1.0,11.0
1775300526.6993296,3.0,0.0,7.0
1775300526.7093296,2.0,0.0,10.0
1775300526.7193296,1.0,-1.0,14.0
1775300526.7293296,-2.0,-3.0,19.0
1775300526.7393296,-2.0,0.0,19.0
1775300526.7503295,-3.0,1.0,18.0
1775300526.7603295,0.0,0.0,16.0
1775300526.7703297,-2.0,0.0,16.0
1775300526.7803297,-2.0,-1.0,14.0
1775300526.7903297,0.0,1.0,12.0
1775300526.8003297,0.0,4.0,12.0
1775300526.8103297,3.0,4.0,6.0
1775300526.8203297,4.0,5.0,4.0
1775300526.8303297,3.0,7.0,2.0
1775300526.8403296,5.0,5.0,0.0
1775300526.8503296,3.0,1.0,4.0
1775300526.8603296,3.0,-2.0,7.0
1775300526.8703296,2.0,0.0,-2.0
1775300526.8803296,0.0,-3.0,0.0
1775300526.8903296,-1.0,0.0,1.0
1775300526.9003296,1.0,-1.0,-1.0
1775300526.9103296,1.0,-3.0,-2.0
1775300526.9203296,4.0,-2.0,-2.0
1775300526.9303296,1.0,-3.0,-5.0
1775300526.9403296,2.0,-3.0,3.0
1775300526.9503295,0.0,0.0,3.0
1775300526.9603295,0.0,-3.0,1.0
1775300526.9703295,2.0,-1.0,-3.0
1775300526.9803295,0.0,-1.0,-1.0
1775300526.9903295,0.0,0.0,2.0
1775300527.0003295,1.0,-1.0,7.0
1775300527.0103295,3.0,-3.0,12.0
1775300527.0203297,6.0,0.0,11.0
1775300527.0303297,8.0,0.0,10.0
1775300527.0403297,2.0,-2.0,7.0
1775300527.0503297,8.0,-1.0,4.0
1775300527.0603297,7.0,2.0,4.0
1775300527.0703297,8.0,0.0,7.0
1775300527.0803297,9.0,-3.0,8.0
1775300527.0903296,8.0,-4.0,5.0
1775300527.1003296,8.0,-4.0,-2.0
1775300527.1103296,4.0,-5.0,-1.0
1775300527.1203296,-1.0,-3.0,0.0
1775300527.1303296,-2.0,1.0,7.0
1775300527.1403296,-4.0,-1.0,12.0
1775300527.1503296,-1.0,-1.0,12.0
1775300527.1603296,-3.0,0.0,11.0
1775300527.1703296,-3.0,-1.0,17.0
1775300527.1803296,-3.0,3.0,16.0
1775300527.1903296,-3.0,2.0,16.0
1775300527.2003295,0.0,3.0,19.0
1775300527.2103295,2.0,-1.0,13.0
1775300527.2203295,1.0,3.0,5.0
1775300527.2303295,1.0,4.0,4.0
1775300527.2403295,-2.0,1.0,5.0
1775300527.2503295,-6.0,0.0,7.0
1775300527.2603295,-4.0,-4.0,11.0
1775300527.2703297,-3.0,-4.0,14.0
1775300527.2803297,-2.0,-5.0,15.0
1775300527.2903297,-1.0,0.0,12.0
1775300527.3003297,-1.0,-2.0,12.0
1775300527.3103297,0.0,0.0,21.0
1775300527.3203297,0.0,0.0,22.0
1775300527.3303297,2.0,-2.0,13.0
1775300527.3403296,-1.0,-1.0,10.0
1775300527.3503296,0.0,1.0,5.0
1775300527.3603296,0.0,0.0,7.0
1775300527.3703296,-2.0,-5.0,6.0
1775300527.3803296,-2.0,-9.0,6.0
1775300527.3903296,1.0,-11.0,5.0
1775300527.4003296,-1.0,-6.0,8.0
1775300527.4103296,-3.0,-4.0,13.0
1775300527.4203296,-2.0,-2.0,13.0
1775300527.4303296,-2.0,0.0,13.0
1775300527.4403296,-2.0,-2.0,12.0
1775300527.4503295,0.0,-3.0,13.0
1775300527.4603295,0.0,-7.0,8.0
1775300527.4703295,-1.0,-11.0,9.0
1775300527.4803295,-3.0,-7.0,10.0
1775300527.4903295,2.0,-4.0,2.0
1775300527.5003295,6.0,-5.0,-1.0
1775300527.5103295,3.0,-8.0,1.0
1775300527.5203297,3.0,-6.0,0.0
1775300527.5303297,1.0,-5.0,0.0
1775300527.5403297,5.0,-4.0,1.0
1775300527.5503297,3.0,-1.0,3.0
1775300527.5603297,-3.0,-2.0,7.0
1775300527.5703297,-2.0,-1.0,4.0
1775300527.5803297,-1.0,0.0,6.0
1775300527.5903296,1.0,-2.0,5.0
1775300527.6003296,0.0,-5.0,8.0
1775300527.6103296,-3.0,-2.0,7.0
1775300527.6203296,-2.0,2.0,6.0
1775300527.6303296,-5.0,-1.0,7.0
1775300527.6403296,0.0,-2.0,7.0
1775300527.6503296,0.0,-1.0,8.0
1775300527.6603296,-7.0,1.0,9.0
1775300527.6703296,-9.0,2.0,9.0
1775300527.6803296,-10.0,1.0,5.0
1775300527.6903296,-6.0,0.0,5.0
1775300527.7003295,-4.0,0.0,8.0
1775300527.7103295,-2.0,0.0,5.0
1775300527.7203295,-2.0,2.0,9.0
1775300527.7303295,-5.0,4.0,8.0
1775300527.7403295,-5.0,5.0,2.0
1775300527.7503295,-4.0,6.0,1.0
1775300527.7603295,-6.0,3.0,3.0
1775300527.7703297,-2.0,4.0,7.0
1775300527.7803297,-1.0,0.0,6.0
1775300527.7903297,0.0,1.0,10.0
1775300527.8003297,-1.0,1.0,12.0
1775300527.8103297,-1.0,1.0,14.0
1775300527.8203297,-1.0,1.0,17.0
1775300527.8303297,-3.0,2.0,21.0
1775300527.8403296,-1.0,0.0,20.0
1775300527.8503296,-3.0,-4.0,15.0
1775300527.8603296,-1.0,-1.0,9.0
1775300527.8703296,-1.0,-6.0,1.0
1775300527.8803296,4.0,-6.0,1.0
1775300527.8903296,0.0,-6.0,0.0
1775300527.9003296,-3.0,-1.0,2.0
1775300527.9103296,-7.0,-6.0,1.0
1775300527.9203296,-3.0,-9.0,4.0
1775300527.9303296,-9.0,-4.0,15.0
1775300527.9403296,-7.0,-5.0,15.0
1775300527.9503295,-6.0,-6.0,10.0
1775300527.9603295,-6.0,-8.0,10.0
1775300527.9703295,-3.0,-5.0,9.0
1775300527.9803295,-6.0,-4.0,13.0
1775300527.9903295,-3.0,-7.0,10.0
1775300528.0003295,-1.0,-6.0,10.0
1775300528.0103295,-1.0,-5.0,10.0
1775300528.0203297,0.0,-8.0,9.0
1775300528.0303297,3.0,-2.0,3.0
1775300528.0403297,2.0,-2.0,3.0
1775300528.0503297,5.0,0.0,6.0
1775300528.0603297,11.0,2.0,5.0
1775300528.0703297,12.0,3.0,8.0
1775300528.0803297,8.0,2.0,8.0
1775300528.0903296,8.0,1.0,2.0
1775300528.1013296,2.0,0.0,10.0
1775300528.1103296,0.0,-1.0,12.0
1775300528.1203296,2.0,0.0,17.0
1775300528.1303296,6.0,-1.0,17.0
1775300528.1403296,5.0,0.0,13.0
1775300528.1503296,7.0,1.0,16.0
1775300528.1603296,5.0,-2.0,16.0
1775300528.1703296,2.0,0.0,7.0
1775300528.1803296,2.0,-2.0,5.0
1775300528.1903296,0.0,1.0,4.0
1775300528.2003295,0.0,2.0,6.0
1775300528.2103295,0.0,1.0,5.0
1775300528.2203295,2.0,-2.0,2.0
1775300528.2303295,4.0,-2.0,-1.0
1775300528.2403295,0.0,-3.0,6.0
1775300528.2503295,1.0,-3.0,8.0
1775300528.2603295,0.0,-5.0,13.0
1775300528.2703297,0.0,-7.0,18.0
1775300528.2803297,4.0,-1.0,23.0
1775300528.2903297,0.0,-2.0,21.0
1775300528.3003297,0.0,0.0,19.0
1775300528.3103297,-2.0,3.0,17.0
1775300528.3203297,-1.0,3.0,12.0
1775300528.3303297,-2.0,4.0,11.0
1775300528.3403296,2.0,5.0,8.0
1775300528.3503296,2.0,4.0,7.0
1775300528.3603296,-4.0,2.0,5.0
1775300528.3703296,-6.0,0.0,2.0
1775300528.3803296,-7.0,-1.0,3.0
1775300528.3903296,-7.0,-1.0,0.0
1775300528.4003296,-7.0,0.0,0.0
1775300528.4103296,-3.0,0.0,-5.0
1775300528.4203296,1.0,0.0,-8.0
1775300528.4303296,2.0,-1.0,1.0
1775300528.4403296,4.0,2.0,12.0
1775300528.4503295,1.0,0.0,6.0
1775300528.4603295,3.0,-1.0,4.0
1775300528.4703295,6.0,-5.0,3.0
1775300528.4803295,2.0,-2.0,9.0
1775300528.4903295,1.0,-2.0,10.0
1775300528.5003295,-2.0,-2.0,10.0
1775300528.5103295,0.0,-3.0,5.0
1775300528.5203297,0.0,-1.0,1.0
1775300528.5303297,0.0,1.0,3.0
1775300528.5403297,0.0,3.0,8.0
1775300528.5503297,-1.0,5.0,10.0
1775300528.5603297,-1.0,0.0,15.0
1775300528.5703297,1.0,-1.0,14.0
1775300528.5803297,1.0,0.0,8.0
1775300528.5903296,0.0,0.0,11.0
1775300528.6003296,-6.0,1.0,4.0
1775300528.6103296,-7.0,0.0,8.0
1775300528.6203296,-6.0,-2.0,3.0
1775300528.6303296,-1.0,-2.0,4.0
1775300528.6403296,1.0,-3.0,7.0
1775300528.6503296,4.0,-1.0,8.0
1775300528.6603296,1.0,0.0,7.0
1775300528.6703296,0.0,-3.0,5.0
1775300528.6803296,0.0,-6.0,18.0
1775300528.6903296,-1.0,-1.0,9.0
1775300528.7003295,-3.0,3.0,5.0
1775300528.7103295,-5.0,7.0,8.0
1775300528.7203295,-3.0,4.0,4.0
1775300528.7303295,-5.0,3.0,-2.0
1775300528.7403295,-9.0,1.0,-1.0
1775300528.7503295,-8.0,3.0,-5.0
1775300528.7603295,-6.0,0.0,-3.0
1775300528.7703297,-6.0,0.0,2.0
1775300528.7803297,-6.0,-1.0,12.0
1775300528.7903297,-4.0,-6.0,17.0
1775300528.8003297,-9.0,-5.0,13.0
1775300528.8103297,-8.0,-6.0,13.0
1775300528.8203297,-6.0,1.0,8.0
1775300528.8303297,-4.0,3.0,9.0
1775300528.8403296,2.0,2.0,6.0
1775300528.8503296,-3.0,4.0,11.0
1775300528.8603296,-5.0,5.0,11.0
1775300528.8703296,-4.0,0.0,12.0
1775300528.8803296,-2.0,4.0,13.0
1775300528.8903296,0.0,4.0,12.0
1775300528.9003296,1.0,2.0,11.0
1775300528.9103296,1.0,-1.0,8.0
1775300528.9203296,-1.0,-3.0,3.0
1775300528.9303296,3.0,0.0,7.0
1775300528.9403296,4.0,0.0,9.0
1775300528.9503295,2.0,-1.0,6.0
1775300528.9603295,1.0,0.0,7.0
1775300528.9703295,0.0,-1.0,11.0
1775300528.9803295,4.0,6.0,16.0
1775300528.9903295,6.0,7.0,12.0
1775300529.0003295,6.0,2.0,12.0
1775300529.0103295,1.0,2.0,7.0
1775300529.0203297,1.0,0.0,13.0
1775300529.0303297,0.0,0.0,12.0
1775300529.0403297,-3.0,0.0,11.0
1775300529.0503297,-4.0,-2.0,9.0
1775300529.0603297,-4.0,-4.0,6.0
1775300529.0713296,-4.0,-3.0,0.0
1775300529.0813296,-4.0,-1.0,5.0
1775300529.0913296,-5.0,0.0,8.0
1775300529.1013296,-3.0,0.0,5.0
1775300529.1113296,-1.0,0.0,1.0
1775300529.1213295,0.0,-5.0,3.0
1775300529.1313295,4.0,-6.0,2.0
1775300529.1413295,5.0,-3.0,6.0
1775300529.1513295,0.0,-1.0,4.0
1775300529.1613295,0.0,-2.0,5.0
1775300529.1713295,0.0,-3.0,3.0
1775300529.1813295,0.0,-3.0,3.0
1775300529.1913297,-1.0,0.0,8.0
1775300529.2013297,-3.0,0.0,6.0
1775300529.2113297,-1.0,-2.0,10.0
1775300529.2213297,-4.0,0.0,8.0
1775300529.2313297,-2.0,0.0,8.0
1775300529.2413297,-4.0,-3.0,2.0
1775300529.2513297,-7.0,-2.0,3.0
1775300529.2613297,-9.0,-2.0,-6.0
1775300529.2713296,-8.0,-2.0,-5.0
1775300529.2813296,-6.0,-2.0,2.0
1775300529.2913296,0.0,0.0,1.0
1775300529.3013296,2.0,0.0,5.0
1775300529.3113296,1.0,0.0,6.0
1775300529.3213296,1.0,-2.0,13.0
1775300529.3313296,3.0,-1.0,11.0
1775300529.3413296,3.0,-2.0,3.0
1775300529.3513296,-1.0,-2.0,5.0
1775300529.3613296,-8.0,0.0,8.0
1775300529.3713295,-8.0,-2.0,1.0
1775300529.3813295,-3.0,1.0,0.0
1775300529.3913295,-2.0,-2.0,-3.0
1775300529.4013295,-3.0,-1.0,4.0
1775300529.4113295,1.0,1.0,9.0
1775300529.4213295,-3.0,-1.0,2.0
1775300529.4313295,-3.0,-4.0,6.0
1775300529.4413297,-3.0,-2.0,4.0
1775300529.4513297,-5.0,-2.0,-2.0
1775300529.4613297,-3.0,-1.0,-2.0
1775300529.4713297,-2.0,-3.0,0.0
1775300529.4813297,1.0,-3.0,3.0
1775300529.4913297,-1.0,1.0,9.0
1775300529.5013297,-1.0,2.0,8.0
1775300529.5113297,0.0,-2.0,7.0
1775300529.5213296,-4.0,-1.0,-1.0
1775300529.5313296,-1.0,-3.0,-3.0
1775300529.5413296,4.0,-2.0,-7.0
1775300529.5513296,6.0,-1.0,-1.0
1775300529.5613296,3.0,-4.0,0.0
1775300529.5713296,0.0,-5.0,-1.0
1775300529.5813296,2.0,-4.0,0.0
1775300529.5913296,2.0,-5.0,4.0
1775300529.6013296,2.0,-3.0,10.0
1775300529.6113296,5.0,-6.0,10.0
1775300529.6213295,9.0,-6.0,13.0
1775300529.6313295,7.0,-3.0,5.0
1775300529.6413295,3.0,-4.0,-3.0
1775300529.6513295,2.0,-6.0,2.0
1775300529.6613295,5.0,-5.0,2.0
1775300529.6713295,9.0,-2.0,5.0
1775300529.6813295,6.0,-1.0,7.0
1775300529.6913297,3.0,1.0,16.0
1775300529.7013297,0.0,1.0,20.0
1775300529.7113297,-4.0,-2.0,17.0
1775300529.7213297,-6.0,-6.0,9.0
1775300529.7313297,-7.0,-2.0,6.0
1775300529.7413297,-4.0,0.0,9.0
1775300529.7513297,-4.0,1.0,10.0
1775300529.7613297,0.0,0.0,11.0
1775300529.7713296,1.0,-3.0,8.0
1775300529.7813296,0.0,-5.0,10.0
1775300529.7913296,-3.0,-6.0,13.0
1775300529.8013296,-4.0,-6.0,15.0
1775300529.8113296,-3.0,-7.0,13.0
1775300529.8213296,-3.0,-1.0,7.0
1775300529.8313296,-2.0,-2.0,5.0
1775300529.8413296,0.0,0.0,8.0
1775300529.8513296,4.0,0.0,7.0
1775300529.8613296,8.0,0.0,17.0
1775300529.8713295,7.0,2.0,13.0
1775300529.8813295,7.0,2.0,12.0
1775300529.8913295,7.0,0.0,16.0
1775300529.9013295,5.0,0.0,12.0
1775300529.9113295,3.0,-4.0,11.0
1775300529.9213295,0.0,-4.0,12.0
1775300529.9313295,5.0,-2.0,9.0
1775300529.9413297,3.0,-3.0,1.0
1775300529.9513297,0.0,-4.0,5.0
1775300529.9613297,-3.0,-8.0,7.0
1775300529.9713297,-6.0,-5.0,11.0
1775300529.9813297,-9.0,-3.0,6.0
1775300529.9913297,-7.0,-4.0,4.0
1775300530.0013297,-6.0,-6.0,2.0
1775300530.0113297,-3.0,0.0,-1.0
1775300530.0213296,-4.0,-1.0,-1.0
1775300530.0313296,-5.0,-1.0,0.0
1775300530.0413296,-4.0,-3.0,1.0
1775300530.0513296,-5.0,-7.0,-1.0
1775300530.0613296,0.0,-4.0,1.0
1775300530.0713296,2.0,0.0,3.0
1775300530.0813296,-3.0,1.0,10.0
1775300530.0913296,-7.0,-2.0,3.0
1775300530.1013296,-6.0,-4.0,0.0
1775300530.1123295,-7.0,-5.0,5.0
1775300530.1213295,0.0,-4.0,3.0
1775300530.1313295,-3.0,-1.0,7.0
1775300530.1413295,-4.0,-2.0,5.0
1775300530.1513295,-2.0,-3.0,0.0
1775300530.1613295,0.0,-1.0,0.0
1775300530.1713295,0.0,-3.0,0.0
1775300530.1813295,0.0,-2.0,-2.0
1775300530.1913297,1.0,-1.0,-2.0
1775300530.2013297,1.0,-1.0,-2.0
1775300530.2113297,0.0,-2.0,0.0
1775300530.2213297,0.0,2.0,7.0
1775300530.2313297,-1.0,2.0,14.0
1775300530.2413297,-1.0,1.0,9.0
1775300530.2513297,-1.0,0.0,6.0
1775300530.2613297,-6.0,0.0,2.0
1775300530.2713296,-8.0,-3.0,1.0
1775300530.2813296,-7.0,-3.0,3.0
1775300530.2913296,-6.0,-5.0,9.0
1775300530.3013296,-5.0,-7.0,12.0
1775300530.3113296,-2.0,-6.0,19.0
1775300530.3213296,-1.0,-10.0,13.0
1775300530.3313296,4.0,-11.0,6.0
1775300530.3413296,5.0,-10.0,11.0
1775300530.3513296,3.0,-7.0,3.0
1775300530.3613296,2.0,-7.0,0.0
1775300530.3713295,0.0,-2.0,5.0
1775300530.3813295,-3.0,3.0,9.0
1775300530.3913295,-4.0,7.0,11.0
1775300530.4013295,-2.0,6.0,5.0
1775300530.4113295,-5.0,2.0,5.0
1775300530.4213295,-5.0,1.0,1.0
1775300530.4313295,-7.0,-1.0,4.0
1775300530.4413297,-3.0,-1.0,7.0
1775300530.4513297,-1.0,-3.0,9.0
1775300530.4613297,0.0,-5.0,12.0
1775300530.4713297,-1.0,-4.0,12.0
1775300530.4813297,-6.0,-3.0,14.0
1775300530.4913297,-2.0,-4.0,15.0
1775300530.5013297,-1.0,-5.0,8.0
1775300530.5113297,-3.0,-1.0,5.0
1775300530.5213296,-6.0,2.0,11.0
1775300530.5313296,-2.0,4.0,19.0
1775300530.5413296,-2.0,6.0,16.0
1775300530.5513296,-2.0,5.0,14.0
1775300530.5613296,0.0,1.0,8.0
1775300530.5713296,2.0,0.0,7.0
1775300530.5813296,0.0,0.0,2.0
1775300530.5913296,-4.0,0.0,6.0
1775300530.6013296,-5.0,-2.0,3.0
1775300530.6113296,0.0,-5.0,3.0
1775300530.6213295,0.0,-1.0,-3.0
1775300530.6313295,1.0,-3.0,2.0
1775300530.6413295,5.0,-5.0,6.0
1775300530.6513295,3.0,-4.0,4.0
1775300530.6613295,-3.0,-6.0,3.0
1775300530.6713295,-8.0,-6.0,7.0
1775300530.6813295,-6.0,-9.0,9.0
1775300530.6913297,-1.0,-9.0,17.0
1775300530.7013297,4.0,-9.0,19.0
1775300530.7113297,-1.0,-7.0,16.0
1775300530.7213297,-3.0,-8.0,16.0
1775300530.7313297,-1.0,-9.0,13.0
1775300530.7413297,-4.0,-10.0,11.0
1775300530.7513297,-4.0,-11.0,9.0
1775300530.7613297,-3.0,-11.0,10.0
1775300530.7713296,-1.0,-8.0,11.0
1775300530.7813296,0.0,-5.0,10.0
1775300530.7913296,2.0,-6.0,2.0
1775300530.8013296,-2.0,-8.0,3.0
1775300530.8113296,-1.0,-10.0,8.0
1775300530.8213296,-3.0,-7.0,15.0
1775300530.8313296,-1.0,-5.0,19.0
1775300530.8413296,1.0,-6.0,27.0
1775300530.8513296,0.0,-3.0,27.0
1775300530.8613296,3.0,-3.0,19.0
1775300530.8713295,6.0,-3.0,9.0
1775300530.8813295,-1.0,-4.0,13.0
1775300530.8913295,-2.0,-3.0,16.0
1775300530.9013295,-1.0,-5.0,15.0
1775300530.9113295,0.0,-3.0,13.0
1775300530.9213295,0.0,-5.0,17.0
1775300530.9313295,-1.0,-7.0,10.0
1775300530.9413297,3.0,-5.0,15.0
1775300530.9513297,3.0,-4.0,13.0
1775300530.9613297,1.0,-4.0,6.0
1775300530.9713297,0.0,-4.0,14.0
1775300530.9813297,1.0,-6.0,22.0
1775300530.9913297,0.0,-4.0,20.0
1775300531.0013297,3.0,-5.0,15.0
1775300531.0113297,5.0,-5.0,9.0
1775300531.0213296,5.0,-2.0,8.0
1775300531.0313296,5.0,0.0,8.0
1775300531.0413296,3.0,-2.0,4.0
1775300531.0513296,5.0,0.0,6.0
1775300531.0613296,8.0,4.0,4.0
1775300531.0713296,6.0,4.0,4.0
1775300531.0813296,9.0,2.0,6.0
1775300531.0913296,10.0,6.0,5.0
1775300531.1013296,10.0,4.0,11.0
1775300531.1113296,2.0,6.0,7.0
1775300531.1213295,0.0,4.0,8.0
1775300531.1313295,0.0,1.0,8.0
1775300531.1413295,2.0,0.0,10.0
1775300531.1513295,6.0,-2.0,11.0
1775300531.1613295,5.0,-4.0,8.0
1775300531.1713295,3.0,-3.0,11.0
1775300531.1813295,2.0,-1.0,12.0
1775300531.1913297,4.0,0.0,11.0
1775300531.2013297,6.0,-4.0,6.0
1775300531.2113297,7.0,-3.0,5.0
1775300531.2213297,8.0,-2.0,12.0
1775300531.2313297,8.0,0.0,4.0
1775300531.2413297,8.0,0.0,4.0
1775300531.2513297,2.0,3.0,1.0
1775300531.2613297,-2.0,5.0,2.0
1775300531.2713296,0.0,5.0,1.0
1775300531.2813296,0.0,2.0,1.0
1775300531.2913296,1.0,-2.0,0.0
1775300531.3013296,1.0,0.0,3.0
1775300531.3113296,2.0,0.0,5.0
1775300531.3213296,1.0,-1.0,11.0
1775300531.3313296,0.0,0.0,11.0
1775300531.3413296,0.0,0.0,13.0
1775300531.3523295,-2.0,1.0,15.0
1775300531.3613296,-4.0,0.0,15.0
1775300531.3713295,-1.0,-2.0,10.0
1775300531.3813295,0.0,-1.0,6.0
1775300531.3923297,0.0,-3.0,12.0
1775300531.4023297,-1.0,-2.0,11.0
1775300531.4123297,0.0,2.0,13.0
1775300531.4213295,5.0,5.0,10.0
1775300531.4323297,5.0,8.0,10.0
1775300531.4423296,4.0,9.0,4.0
1775300531.4523296,0.0,8.0,3.0
1775300531.4623296,3.0,7.0,7.0
1775300531.4713297,1.0,7.0,11.0
1775300531.4823296,1.0,6.0,6.0
1775300531.4923296,1.0,2.0,3.0
1775300531.5023296,0.0,0.0,2.0
1775300531.5123296,-3.0,-2.0,-3.0
1775300531.5223296,1.0,-3.0,-1.0
1775300531.5323296,2.0,0.0,-1.0
1775300531.5423295,0.0,1.0,-4.0
1775300531.5523295,-1.0,2.0,-1.0
1775300531.5623295,0.0,-1.0,2.0
1775300531.5723295,-1.0,-2.0,5.0
1775300531.5823295,3.0,-1.0,9.0
1775300531.5923295,3.0,-1.0,12.0
1775300531.6023295,4.0,1.0,9.0
1775300531.6123295,5.0,0.0,7.0
1775300531.6223297,6.0,0.0,5.0
1775300531.6323297,2.0,0.0,6.0
1775300531.6423297,0.0,2.0,11.0
1775300531.6523297,2.0,2.0,10.0
1775300531.6623297,1.0,-1.0,13.0
1775300531.6723297,0.0,-1.0,19.0
1775300531.6823297,0.0,0.0,14.0
1775300531.6923296,3.0,2.0,9.0
1775300531.7023296,6.0,1.0,12.0
1775300531.7123296,6.0,3.0,11.0
1775300531.7223296,5.0,0.0,5.0
1775300531.7323296,0.0,-3.0,12.0
1775300531.7423296,-2.0,-2.0,11.0
1775300531.7523296,3.0,-1.0,9.0
1775300531.7623296,0.0,2.0,7.0
1775300531.7723296,-1.0,3.0,9.0
1775300531.7823296,0.0,1.0,14.0
1775300531.7923295,0.0,-1.0,16.0
1775300531.8023295,-2.0,-2.0,12.0
1775300531.8123295,-2.0,0.0,10.0
1775300531.8223295,-3.0,-3.0,7.0
1775300531.8323295,-1.0,-3.0,5.0
1775300531.8423295,-2.0,-3.0,4.0
1775300531.8523295,-3.0,-5.0,12.0
1775300531.8623295,-4.0,-2.0,11.0
1775300531.8723297,-3.0,0.0,11.0
1775300531.8823297,-3.0,0.0,4.0
1775300531.8923297,-1.0,-3.0,5.0
1775300531.9023297,3.0,-3.0,7.0
1775300531.9123297,4.0,-1.0,6.0
1775300531.9223297,3.0,0.0,8.0
1775300531.9323297,4.0,1.0,6.0
1775300531.9423296,-3.0,0.0,10.0
1775300531.9523296,-3.0,0.0,19.0
1775300531.9623296,0.0,-1.0,16.0
1775300531.9723296,5.0,0.0,16.0
1775300531.9823296,2.0,-1.0,17.0
1775300531.9923296,0.0,-2.0,18.0
1775300532.0023296,0.0,-4.0,14.0
1775300532.0123296,0.0,-5.0,11.0
1775300532.0223296,0.0,-5.0,9.0
1775300532.0323296,5.0,-4.0,11.0
1775300532.0423295,5.0,0.0,10.0
1775300532.0523295,4.0,-5.0,7.0
1775300532.0623295,5.0,-2.0,10.0
1775300532.0723295,5.0,-4.0,10.0
1775300532.0823295,1.0,-4.0,9.0
1775300532.0923295,0.0,-9.0,11.0
1775300532.1023295,-4.0,-6.0,8.0
1775300532.1123295,-1.0,-7.0,13.0
1775300532.1223297,0.0,-6.0,16.0
1775300532.1323297,-1.0,-5.0,11.0
1775300532.1423297,-1.0,-6.0,13.0
1775300532.1523297,-5.0,-5.0,13.0
1775300532.1623297,0.0,-4.0,13.0
1775300532.1723297,4.0,-4.0,11.0
1775300532.1823297,7.0,-2.0,3.0
1775300532.1923296,9.0,-2.0,1.0
1775300532.2023296,5.0,-3.0,6.0
1775300532.2123296,3.0,-6.0,10.0
1775300532.2223296,0.0,-4.0,10.0
1775300532.2323296,1.0,0.0,3.0
1775300532.2423296,1.0,-3.0,3.0
1775300532.2523296,-3.0,-3.0,1.0
1775300532.2623296,1.0,-1.0,4.0
1775300532.2723296,6.0,1.0,8.0
1775300532.2823296,2.0,0.0,9.0
1775300532.2923295,1.0,2.0,10.0
1775300532.3023295,4.0,3.0,11.0
1775300532.3123295,1.0,0.0,9.0
1775300532.3223295,-4.0,-2.0,8.0
1775300532.3323295,-1.0,1.0,5.0
1775300532.3423295,0.0,0.0,8.0
1775300532.3523295,0.0,-5.0,12.0
1775300532.3623295,3.0,-5.0,14.0
1775300532.3723297,2.0,-1.0,21.0
1775300532.3823297,2.0,1.0,22.0
1775300532.3923297,0.0,3.0,20.0
1775300532.4023297,0.0,1.0,17.0
1775300532.4123297,-2.0,1.0,22.0
1775300532.4223297,-3.0,1.0,26.0
1775300532.4323297,-4.0,2.0,19.0
1775300532.4423296,1.0,0.0,12.0
1775300532.4523296,4.0,-3.0,10.0
1775300532.4623296,4.0,-3.0,15.0
1775300532.4723296,6.0,-4.0,9.0
1775300532.4823296,5.0,-6.0,3.0
1775300532.4923296,1.0,-5.0,0.0
1775300532.5023296,3.0,-2.0,5.0
1775300532.5123296,3.0,-3.0,3.0
1775300532.5223296,2.0,-6.0,3.0
1775300532.5323296,-2.0,-7.0,8.0
1775300532.5423295,-8.0,-7.0,7.0
1775300532.5523295,-6.0,-6.0,4.0
1775300532.5623295,-4.0,-3.0,-1.0
1775300532.5723295,-2.0,-5.0,4.0
1775300532.5823295,-2.0,-3.0,9.0
1775300532.5923295,-5.0,-1.0,12.0
1775300532.6023295,-4.0,-2.0,7.0
1775300532.6123295,-1.0,-3.0,3.0
1775300532.6223297,1.0,0.0,5.0
1775300532.6323297,6.0,1.0,5.0
1775300532.6423297,0.0,3.0,10.0
1775300532.6523297,-3.0,3.0,12.0
1775300532.6623297,0.0,4.0,18.0
1775300532.6723297,2.0,7.0,19.0
1775300532.6823297,0.0,7.0,17.0
1775300532.6923296,-1.0,3.0,15.0
1775300532.7023296,0.0,-4.0,9.0
1775300532.7123296,3.0,-4.0,8.0
1775300532.7223296,7.0,-7.0,8.0
1775300532.7323296,9.0,-7.0,10.0
1775300532.7423296,9.0,-5.0,8.0
1775300532.7523296,12.0,-4.0,2.0
1775300532.7623296,10.0,-5.0,4.0
1775300532.7723296,7.0,-7.0,8.0
1775300532.7823296,2.0,-4.0,7.0
1775300532.7923295,3.0,0.0,10.0
1775300532.8023295,2.0,1.0,11.0
1775300532.8123295,7.0,2.0,10.0
1775300532.8223295,6.0,3.0,13.0
1775300532.8323295,3.0,4.0,8.0
1775300532.8423295,3.0,2.0,13.0
1775300532.8523295,0.0,4.0,7.0
1775300532.8623295,-1.0,4.0,3.0
1775300532.8723297,4.0,5.0,7.0
1775300532.8823297,4.0,1.0,2.0
1775300532.8923297,0.0,1.0,0.0
1775300532.9023297,2.0,6.0,-1.0
1775300532.9123297,-2.0,2.0,2.0
1775300532.9223297,0.0,5.0,4.0
1775300532.9323297,1.0,1.0,14.0
1775300532.9423296,0.0,1.0,11.0
1775300532.9523296,-1.0,2.0,12.0
1775300532.9623296,-1.0,5.0,6.0
1775300532.9723296,0.0,3.0,4.0
1775300532.9823296,-1.0,3.0,4.0
1775300532.9923296,-3.0,1.0,8.0
1775300533.0023296,1.0,5.0,7.0
1775300533.0123296,2.0,4.0,5.0
1775300533.0223296,-2.0,0.0,6.0
1775300533.0323296,-1.0,0.0,11.0
1775300533.0423295,0.0,-3.0,10.0
1775300533.0523295,-2.0,-5.0,4.0
1775300533.0623295,0.0,-6.0,10.0
1775300533.0723295,1.0,-6.0,15.0
1775300533.0823295,1.0,-2.0,16.0
1775300533.0923295,0.0,-2.0,16.0
1775300533.1023295,1.0,-2.0,16.0
1775300533.1123295,0.0,-4.0,16.0
1775300533.1223297,-4.0,-6.0,6.0
1775300533.1323297,-3.0,-6.0,7.0
1775300533.1423297,-2.0,-1.0,10.0
1775300533.1523297,1.0,3.0,3.0
1775300533.1623297,5.0,4.0,1.0
1775300533.1723297,5.0,1.0,5.0
1775300533.1823297,5.0,-3.0,1.0
1775300533.1923296,2.0,-3.0,5.0
1775300533.2023296,5.0,0.0,8.0
1775300533.2123296,5.0,-2.0,10.0
1775300533.2223296,2.0,0.0,11.0
1775300533.2323296,0.0,1.0,10.0
1775300533.2423296,2.0,1.0,5.0
1775300533.2523296,2.0,2.0,5.0
1775300533.2623296,4.0,-1.0,11.0
1775300533.2723296,7.0,-1.0,7.0
1775300533.2823296,8.0,-3.0,5.0
1775300533.2923295,4.0,-1.0,2.0
1775300533.3023295,0.0,0.0,2.0
1775300533.3123295,-2.0,-2.0,-1.0
1775300533.3223295,1.0,0.0,2.0
1775300533.3323295,-3.0,0.0,12.0
1775300533.3423295,-6.0,3.0,16.0
1775300533.3523295,-9.0,9.0,11.0
1775300533.3623295,-7.0,8.0,9.0
1775300533.3723297,-10.0,4.0,9.0
1775300533.3823297,-4.0,6.0,12.0
1775300533.3923297,-7.0,1.0,6.0
1775300533.4023297,-4.0,0.0,10.0
1775300533.4123297,-2.0,-2.0,10.0
1775300533.4223297,-2.0,0.0,14.0
1775300533.4323297,-1.0,0.0,15.0
1775300533.4423296,1.0,2.0,15.0
1775300533.4523296,-1.0,6.0,17.0
1775300533.4623296,0.0,2.0,23.0
1775300533.4723296,0.0,2.0,20.0
1775300533.4823296,0.0,3.0,23.0
1775300533.4923296,0.0,1.0,19.0
1775300533.5023296,-3.0,-2.0,18.0
1775300533.5123296,-4.0,-1.0,12.0
1775300533.5223296,-4.0,-1.0,6.0
1775300533.5323296,-5.0,3.0,3.0
1775300533.5423295,-2.0,4.0,1.0
1775300533.5523295,-3.0,3.0,6.0
1775300533.5623295,1.0,1.0,0.0
1775300533.5723295,3.0,2.0,-6.0
1775300533.5823295,1.0,3.0,-6.0
1775300533.5923295,0.0,2.0,-4.0
1775300533.6023295,0.0,0.0,-6.0
1775300533.6133296,0.0,2.0,-6.0
1775300533.6223297,0.0,-1.0,0.0
1775300533.6323297,-2.0,-2.0,4.0
1775300533.6423297,3.0,1.0,12.0
1775300533.6533296,5.0,4.0,13.0
1775300533.6633296,4.0,4.0,7.0
1775300533.6723297,4.0,1.0,5.0
1775300533.6833296,2.0,0.0,4.0
1775300533.6933296,4.0,0.0,2.0
1775300533.7033296,2.0,-4.0,3.0
1775300533.7133296,4.0,-2.0,12.0
1775300533.7233295,0.0,2.0,13.0
1775300533.7333295,0.0,3.0,16.0
1775300533.7433295,3.0,2.0,10.0
1775300533.7533295,3.0,0.0,11.0
1775300533.7633295,2.0,-4.0,11.0
1775300533.7733295,3.0,-5.0,14.0
1775300533.7833295,0.0,-5.0,11.0
1775300533.7933297,0.0,-4.0,8.0
1775300533.8033297,3.0,-3.0,9.0
1775300533.8133297,5.0,-5.0,4.0
1775300533.8233297,4.0,-2.0,3.0
1775300533.8333297,3.0,0.0,2.0
1775300533.8433297,1.0,1.0,3.0
1775300533.8533297,0.0,1.0,13.0
1775300533.8633296,-1.0,4.0,10.0
1775300533.8733296,0.0,5.0,6.0
1775300533.8833296,1.0,3.0,8.0
1775300533.8933296,5.0,4.0,11.0
1775300533.9033296,8.0,5.0,7.0
1775300533.9133296,7.0,8.0,1.0
1775300533.9233296,4.0,6.0,3.0
1775300533.9333296,2.0,5.0,4.0
1775300533.9433296,3.0,5.0,3.0
1775300533.9533296,3.0,6.0,9.0
1775300533.9633296,0.0,7.0,9.0
1775300533.9733295,1.0,7.0,12.0
1775300533.9833295,3.0,8.0,11.0
1775300533.9933295,0.0,4.0,12.0
1775300534.0033295,-2.0,4.0,11.0
1775300534.0133295,-9.0,1.0,11.0
1775300534.0233295,-10.0,1.0,11.0
1775300534.0333295,-5.0,1.0,13.0
1775300534.0433297,0.0,2.0,13.0
1775300534.0533297,0.0,3.0,13.0
1775300534.0633297,0.0,1.0,15.0
1775300534.0733297,0.0,0.0,10.0
1775300534.0833297,3.0,-2.0,10.0
1775300534.0933297,4.0,-4.0,9.0
1775300534.1033297,3.0,-4.0,7.0
1775300534.1133296,9.0,-6.0,10.0
1775300534.1233296,7.0,-3.0,6.0
1775300534.1333296,5.0,-3.0,7.0
1775300534.1433296,3.0,-4.0,10.0
1775300534.1533296,4.0,-1.0,13.0
1775300534.1633296,4.0,-1.0,13.0
1775300534.1733296,1.0,0.0,19.0
1775300534.1833296,0.0,1.0,10.0
1775300534.1933296,1.0,-1.0,4.0
1775300534.2033296,-2.0,-4.0,4.0
1775300534.2133296,-3.0,2.0,5.0
1775300534.2233295,0.0,2.0,8.0
1775300534.2333295,0.0,1.0,8.0
1775300534.2433295,0.0,2.0,9.0
1775300534.2533295,2.0,-1.0,7.0
1775300534.2633295,-1.0,-1.0,3.0
1775300534.2733295,0.0,0.0,5.0
1775300534.2833295,2.0,-4.0,0.0
1775300534.2933297,1.0,-2.0,-4.0
1775300534.3033297,5.0,-1.0,-1.0
1775300534.3133297,4.0,2.0,-4.0
1775300534.3233297,2.0,3.0,-8.0
1775300534.3333297,0.0,4.0,-9.0
1775300534.3433297,0.0,0.0,2.0
1775300534.3533297,-2.0,1.0,1.0
1775300534.3633296,-5.0,-4.0,2.0
1775300534.3733296,-2.0,-7.0,-2.0
1775300534.3833296,-3.0,-7.0,-4.0
1775300534.3933296,-2.0,-4.0,8.0
1775300534.4033296,-2.0,-4.0,12.0
1775300534.4133296,0.0,-3.0,11.0
1775300534.4233296,-2.0,0.0,7.0
1775300534.4333296,0.0,3.0,7.0
1775300534.4433296,0.0,4.0,9.0
1775300534.4533296,-2.0,5.0,12.0
1775300534.4633296,2.0,8.0,17.0
1775300534.4733295,0.0,4.0,19.0
1775300534.4833295,1.0,5.0,18.0
1775300534.4933295,2.0,2.0,18.0
1775300534.5033295,2.0,-2.0,20.0
1775300534.5133295,0.0,-4.0,20.0
1775300534.5233295,-4.0,-4.0,14.0
1775300534.5333295,-3.0,-3.0,12.0
1775300534.5433297,-2.0,-6.0,5.0
1775300534.5533297,0.0,-2.0,0.0
1775300534.5633297,0.0,-1.0,2.0
1775300534.5733297,-1.0,-2.0,6.0
1775300534.5833297,-1.0,-3.0,7.0
1775300534.5933297,-2.0,-3.0,8.0
1775300534.6033297,-4.0,-5.0,12.0
1775300534.6133296,-1.0,0.0,9.0
1775300534.6233296,-3.0,0.0,9.0
1775300534.6333296,-2.0,0.0,6.0
1775300534.6433296,0.0,-1.0,9.0
1775300534.6533296,0.0,-4.0,7.0
1775300534.6633296,0.0,-11.0,7.0
1775300534.6733296,4.0,-10.0,7.0
1775300534.6833296,0.0,-13.0,3.0
1775300534.6933296,-1.0,-6.0,2.0
1775300534.7033296,0.0,-2.0,0.0
1775300534.7133296,0.0,0.0,5.0
1775300534.7233295,-2.0,0.0,5.0
1775300534.7333295,-6.0,-2.0,5.0
1775300534.7433295,-5.0,-2.0,14.0
1775300534.7533295,-5.0,-4.0,13.0
1775300534.7633295,-3.0,-3.0,14.0
1775300534.7733295,-1.0,-5.0,10.0
1775300534.7833295,-2.0,-4.0,15.0
1775300534.7933297,0.0,-3.0,9.0
1775300534.8033297,2.0,-2.0,15.0
1775300534.8133297,5.0,-1.0,10.0
1775300534.8233297,5.0,0.0,7.0
1775300534.8333297,4.0,0.0,1.0
1775300534.8433297,4.0,0.0,-2.0
1775300534.8533297,3.0,0.0,0.0
1775300534.8633296,1.0,0.0,4.0
1775300534.8733296,0.0,0.0,3.0
1775300534.8833296,-2.0,2.0,0.0
1775300534.8933296,-3.0,5.0,1.0
1775300534.9033296,-5.0,1.0,9.0
1775300534.9133296,-3.0,0.0,9.0
1775300534.9233296,1.0,0.0,13.0
1775300534.9333296,1.0,1.0,14.0
1775300534.9433296,0.0,0.0,16.0
1775300534.9533296,1.0,-2.0,19.0
1775300534.9633296,-2.0,-1.0,18.0
1775300534.9733295,-3.0,1.0,17.0
1775300534.9833295,-4.0,0.0,16.0
1775300534.9933295,-5.0,-2.0,16.0
1775300535.0033295,-1.0,-3.0,16.0
1775300535.0133295,-2.0,-1.0,13.0
1775300535.0233295,0.0,0.0,12.0
1775300535.0333295,-4.0,-2.0,12.0
1775300535.0433297,0.0,-2.0,11.0
1775300535.0533297,1.0,-2.0,13.0
1775300535.0633297,5.0,-1.0,9.0
1775300535.0733297,1.0,0.0,6.0
1775300535.0833297,0.0,1.0,6.0
1775300535.0933297,-2.0,2.0,7.0
1775300535.1033297,-1.0,0.0,6.0
1775300535.1133296,2.0,0.0,7.0
1775300535.1233296,2.0,-3.0,2.0
1775300535.1333296,5.0,-4.0,6.0
1775300535.1433296,1.0,0.0,17.0
1775300535.1533296,2.0,-2.0,22.0
1775300535.1633296,4.0,-6.0,19.0
1775300535.1733296,1.0,-5.0,22.0
1775300535.1833296,4.0,-9.0,17.0
1775300535.1933296,3.0,-12.0,17.0
1775300535.2033296,0.0,-11.0,14.0
1775300535.2133296,0.0,-8.0,12.0
1775300535.2233295,0.0,-4.0,17.0
1775300535.2333295,-1.0,0.0,23.0
1775300535.2433295,-4.0,-2.0,24.0
1775300535.2533295,-2.0,-5.0,16.0
1775300535.2633295,0.0,-2.0,10.0
1775300535.2733295,6.0,-6.0,12.0
1775300535.2833295,7.0,-3.0,11.0
1775300535.2933297,5.0,2.0,12.0
1775300535.3033297,0.0,5.0,11.0
1775300535.3133297,6.0,11.0,3.0
1775300535.3233297,7.0,8.0,8.0
1775300535.3333297,7.0,9.0,6.0
1775300535.3433297,3.0,7.0,3.0
1775300535.3533297,0.0,8.0,10.0
1775300535.3633296,0.0,-1.0,9.0
1775300535.3733296,0.0,-1.0,11.0
1775300535.3833296,0.0,-1.0,8.0
1775300535.3933296,-1.0,-2.0,12.0
1775300535.4033296,-3.0,0.0,7.0
1775300535.4133296,-4.0,4.0,6.0
1775300535.4233296,0.0,5.0,8.0
1775300535.4333296,5.0,3.0,7.0
1775300535.4433296,5.0,3.0,4.0
1775300535.4533296,5.0,0.0,7.0
1775300535.4633296,2.0,1.0,9.0
1775300535.4733295,1.0,-2.0,11.0
1775300535.4833295,2.0,0.0,9.0
1775300535.4933295,0.0,3.0,5.0
1775300535.5033295,1.0,0.0,3.0
1775300535.5133295,-1.0,0.0,7.0
1775300535.5233295,1.0,-3.0,10.0
1775300535.5333295,5.0,-3.0,8.0
1775300535.5433297,5.0,-2.0,9.0
1775300535.5533297,3.0,-2.0,11.0
1775300535.5633297,3.0,-4.0,5.0
1775300535.5733297,0.0,-3.0,-2.0
1775300535.5833297,-3.0,0.0,-5.0
1775300535.5933297,1.0,1.0,-4.0
1775300535.6033297,0.0,-2.0,-2.0
1775300535.6133296,-2.0,-2.0,-1.0
1775300535.6233296,-3.0,-1.0,0.0
1775300535.6333296,-2.0,-4.0,-2.0
1775300535.6433296,-6.0,-5.0,0.0
1775300535.6533296,-4.0,-7.0,2.0
1775300535.6633296,-3.0,-9.0,6.0
1775300535.6733296,-4.0,-14.0,4.0
1775300535.6833296,-6.0,-12.0,3.0
1775300535.6933296,-2.0,-4.0,6.0
1775300535.7033296,3.0,-3.0,7.0
1775300535.7133296,1.0,-2.0,11.0
1775300535.7233295,4.0,0.0,15.0
1775300535.7333295,3.0,3.0,19.0
1775300535.7433295,4.0,0.0,16.0
1775300535.7533295,-1.0,-1.0,16.0
1775300535.7633295,-1.0,2.0,12.0
1775300535.7733295,2.0,1.0,10.0
1775300535.7833295,-2.0,4.0,3.0
1775300535.7933297,0.0,2.0,0.0
1775300535.8033297,1.0,3.0,0.0
1775300535.8133297,0.0,4.0,7.0
1775300535.8233297,0.0,6.0,3.0
1775300535.8333297,-3.0,5.0,-3.0
1775300535.8433297,-1.0,1.0,0.0
1775300535.8533297,-4.0,1.0,-1.0
1775300535.8633296,-5.0,3.0,-3.0
1775300535.8733296,-8.0,5.0,-1.0
1775300535.8833296,-1.0,9.0,5.0
1775300535.8933296,0.0,4.0,7.0
1775300535.9033296,0.0,5.0,6.0
1775300535.9133296,-2.0,2.0,0.0
1775300535.9233296,0.0,0.0,6.0
1775300535.9333296,-1.0,-2.0,10.0
1775300535.9433296,2.0,0.0,6.0
1775300535.9543295,0.0,-1.0,7.0
1775300535.9633296,-4.0,-5.0,3.0
1775300535.9743297,-1.0,-5.0,1.0
1775300535.9833295,-1.0,-3.0,5.0
1775300535.9943297,-1.0,-1.0,13.0
1775300536.0043297,-2.0,1.0,10.0
1775300536.0143297,-2.0,2.0,10.0
1775300536.0243297,0.0,0.0,7.0
1775300536.0343297,0.0,0.0,5.0
1775300536.0443296,2.0,4.0,1.0
1775300536.0543296,1.0,6.0,4.0
1775300536.0643296,0.0,6.0,1.0
1775300536.0743296,-2.0,9.0,2.0
1775300536.0843296,-2.0,9.0,-3.0
1775300536.0943296,-2.0,4.0,-7.0
1775300536.1043296,0.0,5.0,-7.0
1775300536.1143296,-1.0,6.0,-2.0
1775300536.1243296,2.0,6.0,1.0
1775300536.1343296,5.0,3.0,7.0
1775300536.1443295,2.0,0.0,4.0
1775300536.1543295,2.0,-6.0,9.0
1775300536.1643295,2.0,-8.0,8.0
1775300536.1743295,3.0,-1.0,12.0
1775300536.1843295,2.0,-3.0,12.0
1775300536.1943295,-1.0,-3.0,16.0
1775300536.2043295,-3.0,0.0,18.0
1775300536.2143295,-5.0,1.0,15.0
1775300536.2243297,-4.0,0.0,16.0
1775300536.2343297,-5.0,-2.0,17.0
1775300536.2443297,-2.0,-1.0,12.0
1775300536.2543297,-3.0,1.0,14.0
1775300536.2643297,3.0,6.0,14.0
1775300536.2743297,5.0,8.0,15.0
1775300536.2843297,4.0,1.0,12.0
1775300536.2943296,3.0,0.0,17.0
1775300536.3043296,5.0,2.0,8.0
1775300536.3143296,7.0,3.0,10.0
1775300536.3243296,5.0,1.0,8.0
1775300536.3343296,9.0,4.0,14.0
1775300536.3443296,9.0,6.0,15.0
1775300536.3543296,6.0,6.0,13.0
1775300536.3643296,8.0,1.0,11.0
1775300536.3743296,10.0,-2.0,10.0
1775300536.3843296,4.0,-1.0,15.0
1775300536.3943295,3.0,-8.0,13.0
1775300536.4043295,2.0,-6.0,9.0
1775300536.4143295,2.0,-7.0,9.0
1775300536.4243295,-1.0,-6.0,5.0
1775300536.4343295,-4.0,-5.0,12.0
1775300536.4443295,-2.0,-5.0,17.0
1775300536.4543295,0.0,-2.0,14.0
1775300536.4643295,-1.0,-1.0,17.0
1775300536.4743297,0.0,-2.0,11.0
1775300536.4843297,1.0,-5.0,11.0
1775300536.4943297,7.0,0.0,13.0
1775300536.5043297,3.0,-1.0,14.0
1775300536.5143297,1.0,-2.0,12.0
1775300536.5243297,-1.0,-1.0,11.0
1775300536.5343297,-2.0,-4.0,11.0
1775300536.5443296,-3.0,-7.0,11.0
1775300536.5543296,-2.0,-5.0,6.0
1775300536.5643296,-3.0,-3.0,3.0
1775300536.5743296,-4.0,0.0,3.0
1775300536.5843296,-5.0,-4.0,-4.0
1775300536.5943296,-6.0,1.0,-2.0
1775300536.6043296,-6.0,4.0,0.0
1775300536.6143296,-4.0,3.0,3.0
1775300536.6243296,-4.0,-1.0,11.0
1775300536.6343296,-1.0,-2.0,5.0
1775300536.6443295,0.0,-2.0,0.0
1775300536.6543295,6.0,0.0,4.0
1775300536.6643295,5.0,0.0,5.0
1775300536.6743295,6.0,0.0,0.0
1775300536.6843295,7.0,-4.0,1.0
1775300536.6943295,8.0,-1.0,7.0
1775300536.7043295,6.0,-2.0,8.0
1775300536.7143295,8.0,2.0,10.0
1775300536.7243297,3.0,2.0,2.0
1775300536.7343297,0.0,0.0,11.0
1775300536.7443297,-1.0,0.0,18.0
1775300536.7543297,0.0,-4.0,17.0
1775300536.7643297,0.0,-3.0,18.0
1775300536.7743297,-2.0,-2.0,16.0
1775300536.7843297,-2.0,-2.0,19.0
1775300536.7943296,-1.0,-2.0,14.0
1775300536.8043296,-1.0,-6.0,15.0
1775300536.8143296,-3.0,-2.0,19.0
1775300536.8243296,0.0,2.0,17.0
1775300536.8343296,-1.0,3.0,12.0
1775300536.8443296,0.0,2.0,10.0
1775300536.8543296,0.0,4.0,10.0
1775300536.8643296,-8.0,4.0,14.0
1775300536.8743296,-5.0,2.0,13.0
1775300536.8843296,0.0,-1.0,8.0
1775300536.8943295,2.0,-2.0,7.0
1775300536.9043295,-3.0,-6.0,3.0
1775300536.9143295,-4.0,-7.0,1.0
1775300536.9243295,-3.0,-8.0,-4.0
1775300536.9343295,-11.0,-5.0,-2.0
1775300536.9443295,-8.0,-4.0,4.0
1775300536.9543295,-8.0,-2.0,3.0
1775300536.9643295,-3.0,-2.0,0.0
1775300536.9743297,0.0,0.0,-3.0
1775300536.9843297,-1.0,-2.0,0.0
1775300536.9943297,-2.0,-5.0,6.0
1775300537.0043297,-3.0,-5.0,6.0
1775300537.0143297,0.0,-4.0,9.0
1775300537.0243297,0.0,-3.0,16.0
1775300537.0343297,1.0,-1.0,8.0
1775300537.0443296,-1.0,3.0,10.0
1775300537.0543296,-4.0,0.0,4.0
1775300537.0643296,-2.0,-1.0,11.0
1775300537.0743296,1.0,-3.0,11.0
1775300537.0843296,2.0,-2.0,7.0
1775300537.0943296,2.0,0.0,15.0
1775300537.1043296,2.0,2.0,16.0
1775300537.1143296,0.0,6.0,9.0
1775300537.1243296,0.0,6.0,10.0
1775300537.1343296,0.0,5.0,16.0
1775300537.1443295,0.0,1.0,12.0
1775300537.1543295,-1.0,2.0,13.0
1775300537.1643295,-4.0,0.0,18.0
1775300537.1743295,-6.0,1.0,14.0
1775300537.1843295,-7.0,5.0,4.0
1775300537.1943295,-3.0,3.0,3.0
1775300537.2043295,-2.0,2.0,9.0
1775300537.2143295,-1.0,3.0,12.0
1775300537.2243297,0.0,2.0,15.0
1775300537.2343297,2.0,-1.0,13.0
1775300537.2443297,1.0,-6.0,16.0
1775300537.2543297,1.0,-5.0,19.0
1775300537.2643297,3.0,-2.0,12.0
1775300537.2743297,1.0,-3.0,12.0
1775300537.2843297,4.0,1.0,20.0
1775300537.2943296,12.0,0.0,17.0
1775300537.3043296,12.0,1.0,13.0
1775300537.3143296,11.0,2.0,13.0
1775300537.3243296,8.0,1.0,16.0
1775300537.3343296,9.0,2.0,17.0
1775300537.3443296,6.0,5.0,16.0
1775300537.3543296,5.0,2.0,13.0
1775300537.3643296,9.0,-2.0,10.0
1775300537.3743296,8.0,0.0,6.0
1775300537.3843296,8.0,0.0,4.0
1775300537.3943295,6.0,2.0,12.0
1775300537.4043295,6.0,5.0,13.0
1775300537.4143295,5.0,3.0,6.0
1775300537.4243295,1.0,5.0,9.0
1775300537.4343295,-1.0,3.0,14.0
1775300537.4443295,1.0,3.0,19.0
1775300537.4543295,-1.0,2.0,24.0
1775300537.4643295,-2.0,-1.0,19.0
1775300537.4743297,1.0,0.0,13.0
1775300537.4843297,-2.0,1.0,12.0
1775300537.4943297,-4.0,3.0,13.0
1775300537.5043297,0.0,2.0,11.0
1775300537.5143297,1.0,8.0,5.0
1775300537.5243297,2.0,4.0,11.0
1775300537.5343297,0.0,6.0,12.0
1775300537.5443296,-1.0,1.0,17.0
1775300537.5543296,-1.0,1.0,16.0
1775300537.5643296,0.0,2.0,8.0
1775300537.5743296,0.0,5.0,7.0
1775300537.5843296,5.0,4.0,11.0
1775300537.5943296,8.0,5.0,15.0
1775300537.6043296,9.0,4.0,14.0
1775300537.6143296,7.0,0.0,9.0
1775300537.6243296,2.0,0.0,5.0
1775300537.6343296,0.0,0.0,9.0
1775300537.6443295,1.0,0.0,11.0
1775300537.6543295,0.0,-2.0,9.0
1775300537.6643295,3.0,-5.0,6.0
1775300537.6743295,1.0,0.0,2.0
1775300537.6843295,4.0,5.0,0.0
1775300537.6943295,2.0,6.0,-3.0
1775300537.7043295,3.0,2.0,1.0
1775300537.7143295,3.0,4.0,6.0
1775300537.7243297,4.0,0.0,12.0
1775300537.7343297,-1.0,0.0,17.0
1775300537.7443297,1.0,-3.0,14.0
1775300537.7543297,0.0,-4.0,15.0
1775300537.7643297,1.0,-5.0,18.0
1775300537.7743297,4.0,-2.0,13.0
1775300537.7843297,2.0,-5.0,18.0
1775300537.7943296,0.0,-3.0,14.0
1775300537.8043296,0.0,-3.0,11.0
1775300537.8143296,-1.0,-4.0,21.0
1775300537.8243296,-1.0,-5.0,20.0
1775300537.8343296,-1.0,-4.0,11.0
1775300537.8443296,-2.0,-6.0,9.0
1775300537.8543296,1.0,-6.0,12.0
1775300537.8643296,0.0,-4.0,6.0
1775300537.8743296,-2.0,-2.0,0.0
1775300537.8843296,1.0,-1.0,-2.0
1775300537.8943295,1.0,1.0,0.0
1775300537.9043295,1.0,2.0,6.0
1775300537.9143295,0.0,3.0,8.0
1775300537.9243295,-4.0,5.0,8.0
1775300537.9343295,0.0,4.0,10.0
1775300537.9443295,-2.0,0.0,8.0
1775300537.9543295,-4.0,0.0,7.0
1775300537.9643295,0.0,3.0,11.0
1775300537.9743297,0.0,0.0,8.0
1775300537.9843297,0.0,3.0,9.0
1775300537.9943297,0.0,4.0,13.0
1775300538.0043297,-1.0,0.0,14.0
1775300538.0143297,0.0,-2.0,11.0
1775300538.0243297,0.0,0.0,6.0
1775300538.0343297,2.0,0.0,3.0
1775300538.0443296,0.0,5.0,9.0
1775300538.0543296,-1.0,8.0,8.0
1775300538.0643296,-2.0,4.0,15.0
1775300538.0743296,-3.0,5.0,10.0
1775300538.0843296,-4.0,0.0,7.0
1775300538.0943296,-6.0,-1.0,1.0
1775300538.1043296,-9.0,-3.0,1.0
1775300538.1143296,-6.0,-3.0,-2.0
1775300538.1243296,-10.0,-2.0,0.0
1775300538.1343296,-10.0,-3.0,1.0
1775300538.1443295,-7.0,-2.0,0.0
1775300538.1543295,-6.0,-1.0,-1.0
1775300538.1643295,-10.0,-2.0,-1.0
1775300538.1743295,-10.0,-2.0,7.0
1775300538.1843295,-9.0,-3.0,7.0
1775300538.1943295,-11.0,0.0,0.0
1775300538.2053297,-12.0,2.0,-1.0
1775300538.2143295,-13.0,0.0,6.0
1775300538.2243297,-9.0,0.0,10.0
1775300538.2343297,-5.0,-1.0,8.0
1775300538.2453296,1.0,-2.0,4.0
1775300538.2543297,0.0,-1.0,7.0
1775300538.2653296,0.0,3.0,10.0
1775300538.2753296,0.0,0.0,14.0
1775300538.2853296,-2.0,-1.0,17.0
1775300538.2953296,0.0,-2.0,21.0
1775300538.3053296,-1.0,-2.0,18.0
1775300538.3153296,0.0,-1.0,22.0
1775300538.3253295,2.0,0.0,17.0
1775300538.3353295,1.0,-1.0,18.0
1775300538.3453295,-2.0,-3.0,22.0
1775300538.3553295,0.0,-3.0,19.0
1775300538.3653295,1.0,-2.0,10.0
1775300538.3753295,2.0,3.0,7.0
1775300538.3853295,4.0,4.0,1.0
1775300538.3953297,8.0,9.0,2.0
1775300538.4053297,5.0,6.0,0.0
1775300538.4153297,5.0,2.0,6.0
1775300538.4253297,4.0,0.0,7.0
1775300538.4353297,-2.0,-2.0,-1.0
1775300538.4453297,0.0,-4.0,0.0
1775300538.4553297,-1.0,-5.0,-3.0
1775300538.4653296,-1.0,-4.0,3.0
1775300538.4753296,-1.0,-9.0,1.0
1775300538.4853296,-2.0,-5.0,0.0
1775300538.4953296,-7.0,0.0,2.0
1775300538.5053296,-10.0,1.0,1.0
1775300538.5153296,-8.0,0.0,3.0
1775300538.5253296,-8.0,0.0,9.0
1775300538.5353296,-4.0,0.0,9.0
1775300538.5453296,1.0,0.0,12.0
1775300538.5553296,0.0,1.0,6.0
1775300538.5653296,1.0,0.0,3.0
1775300538.5753295,-2.0,0.0,0.0
1775300538.5853295,4.0,-2.0,5.0
1775300538.5953295,3.0,-1.0,8.0
1775300538.6053295,0.0,0.0,6.0
1775300538.6153295,1.0,-1.0,11.0
1775300538.6253295,-1.0,1.0,9.0
1775300538.6353295,0.0,1.0,10.0
1775300538.6453297,2.0,2.0,9.0
1775300538.6553297,2.0,5.0,11.0
1775300538.6653297,2.0,3.0,14.0
1775300538.6753297,-1.0,3.0,13.0
1775300538.6853297,-4.0,4.0,10.0
1775300538.6953297,-6.0,1.0,9.0
1775300538.7053297,-1.0,1.0,8.0
1775300538.7153296,1.0,-3.0,5.0
1775300538.7253296,-4.0,-3.0,11.0
1775300538.7353296,-3.0,-1.0,11.0
1775300538.7453296,-4.0,0.0,9.0
1775300538.7553296,0.0,1.0,10.0
1775300538.7653296,0.0,0.0,10.0
1775300538.7753296,0.0,3.0,15.0
1775300538.7853296,-1.0,5.0,22.0
1775300538.7953296,0.0,5.0,14.0
1775300538.8053296,2.0,7.0,14.0
1775300538.8153296,0.0,4.0,16.0
1775300538.8253295,0.0,-1.0,10.0
1775300538.8353295,0.0,-4.0,1.0
1775300538.8453295,-2.0,-1.0,-3.0
1775300538.8553295,0.0,-1.0,-5.0
1775300538.8653295,0.0,0.0,-5.0
1775300538.8753295,1.0,1.0,-2.0
1775300538.8853295,1.0,0.0,0.0
1775300538.8953297,0.0,0.0,3.0
1775300538.9053297,0.0,1.0,11.0
1775300538.9153297,0.0,2.0,6.0
1775300538.9253297,1.0,0.0,10.0
1775300538.9353297,0.0,3.0,10.0
1775300538.9453297,-2.0,-1.0,12.0
1775300538.9553297,-5.0,-4.0,19.0
1775300538.9653296,-6.0,-1.0,13.0
1775300538.9753296,-8.0,6.0,13.0
1775300538.9853296,-8.0,6.0,11.0
1775300538.9953296,-11.0,2.0,13.0
1775300539.0053296,-11.0,5.0,12.0
1775300539.0153296,-10.0,0.0,11.0
1775300539.0253296,-8.0,0.0,13.0
1775300539.0353296,-6.0,0.0,17.0
1775300539.0453296,-3.0,-2.0,13.0
1775300539.0553296,-4.0,-5.0,14.0
1775300539.0653296,-6.0,1.0,14.0
1775300539.0753295,-3.0,3.0,15.0
1775300539.0853295,-3.0,4.0,10.0
1775300539.0953295,0.0,4.0,15.0
1775300539.1053295,0.0,3.0,14.0
1775300539.1153295,-3.0,4.0,18.0
1775300539.1253295,-9.0,2.0,21.0
1775300539.1353295,-9.0,0.0,19.0
1775300539.1453297,-8.0,-4.0,14.0
1775300539.1553297,-6.0,-7.0,6.0
1775300539.1653297,-8.0,-7.0,8.0
1775300539.1753297,-10.0,-2.0,7.0
1775300539.1853297,-11.0,-1.0,3.0
1775300539.1953297,-6.0,-1.0,3.0
1775300539.2053297,-6.0,-1.0,0.0
1775300539.2153296,-7.0,-2.0,2.0
1775300539.2253296,-8.0,1.0,4.0
1775300539.2353296,-5.0,-1.0,0.0
1775300539.2453296,-6.0,0.0,-1.0
1775300539.2553296,-4.0,-1.0,-2.0
1775300539.2653296,-2.0,0.0,0.0
1775300539.2753296,-2.0,-3.0,11.0
1775300539.2853296,-1.0,-4.0,7.0
1775300539.2953296,0.0,-3.0,10.0
1775300539.3053296,-1.0,0.0,6.0
1775300539.3153296,3.0,-1.0,5.0
1775300539.3253295,8.0,1.0,11.0
1775300539.3353295,9.0,4.0,16.0
1775300539.3453295,6.0,0.0,13.0
1775300539.3553295,8.0,0.0,13.0
1775300539.3653295,5.0,1.0,17.0
1775300539.3753295,-1.0,1.0,14.0
1775300539.3853295,0.0,3.0,9.0
1775300539.3953297,-2.0,2.0,13.0
1775300539.4053297,0.0,0.0,13.0
1775300539.4153297,1.0,6.0,16.0
1775300539.4253297,2.0,4.0,11.0
1775300539.4353297,0.0,2.0,14.0
1775300539.4453297,1.0,0.0,9.0
1775300539.4553297,3.0,0.0,12.0
1775300539.4653296,3.0,0.0,7.0
1775300539.4753296,-1.0,1.0,5.0
1775300539.4853296,0.0,3.0,8.0
1775300539.4953296,-2.0,2.0,7.0
1775300539.5053296,-2.0,-1.0,15.0
1775300539.5153296,-5.0,0.0,9.0
1775300539.5253296,-5.0,-1.0,4.0
1775300539.5353296,-1.0,0.0,3.0
1775300539.5453296,0.0,-1.0,0.0
1775300539.5553296,-1.0,0.0,-1.0
1775300539.5653296,0.0,0.0,1.0
1775300539.5753295,0.0,3.0,7.0
1775300539.5853295,0.0,3.0,13.0
1775300539.5953295,1.0,1.0,13.0
1775300539.6053295,-2.0,-2.0,8.0
1775300539.6153295,0.0,-4.0,6.0
1775300539.6253295,0.0,-4.0,8.0
1775300539.6353295,-3.0,-1.0,9.0
1775300539.6453297,-10.0,-2.0,6.0
1775300539.6553297,-12.0,-2.0,7.0
1775300539.6653297,-8.0,-6.0,11.0
1775300539.6753297,-8.0,-7.0,13.0
1775300539.6853297,-8.0,-8.0,13.0
1775300539.6953297,-5.0,-8.0,12.0
1775300539.7053297,-5.0,-8.0,6.0
1775300539.7153296,-1.0,-8.0,6.0
1775300539.7253296,0.0,-3.0,6.0
1775300539.7353296,0.0,-4.0,8.0
1775300539.7453296,3.0,-1.0,12.0
1775300539.7553296,5.0,2.0,12.0
1775300539.7653296,5.0,1.0,11.0
1775300539.7753296,5.0,0.0,15.0
1775300539.7853296,8.0,1.0,18.0
1775300539.7953296,3.0,1.0,17.0
1775300539.8053296,6.0,1.0,12.0
1775300539.8153296,10.0,2.0,10.0
1775300539.8253295,9.0,3.0,11.0
1775300539.8353295,9.0,2.0,10.0
1775300539.8453295,6.0,-1.0,12.0
1775300539.8553295,8.0,-1.0,14.0
1775300539.8653295,5.0,-1.0,10.0
1775300539.8753295,7.0,1.0,10.0
1775300539.8853295,5.0,2.0,11.0
1775300539.8953297,4.0,4.0,6.0
1775300539.9053297,8.0,4.0,6.0
1775300539.9153297,6.0,7.0,7.0
1775300539.9253297,7.0,7.0,2.0
1775300539.9353297,7.0,4.0,6.0
1775300539.9453297,5.0,7.0,13.0
1775300539.9553297,7.0,7.0,9.0
1775300539.9653296,4.0,3.0,10.0
1775300539.9753296,3.0,1.0,10.0
1775300539.9853296,6.0,0.0,7.0
1775300539.9953296,7.0,0.0,3.0
1775300540.0053296,8.0,0.0,5.0
1775300540.0153296,9.0,-4.0,8.0
1775300540.0253296,14.0,-1.0,11.0
1775300540.0353296,12.0,-1.0,12.0
1775300540.0453296,6.0,-5.0,15.0
1775300540.0553296,6.0,-2.0,9.0
1775300540.0653296,5.0,-1.0,2.0
1775300540.0753295,1.0,-1.0,3.0
1775300540.0853295,-3.0,-2.0,1.0
1775300540.0953295,-1.0,0.0,9.0
1775300540.1053295,-2.0,2.0,14.0
1775300540.1153295,-1.0,4.0,20.0
1775300540.1253295,0.0,3.0,18.0
1775300540.1353295,2.0,0.0,21.0
1775300540.1453297,4.0,-2.0,14.0
1775300540.1553297,2.0,-1.0,8.0
1775300540.1653297,3.0,-3.0,14.0
1775300540.1753297,1.0,0.0,12.0
1775300540.1853297,0.0,0.0,14.0
1775300540.1953297,-3.0,0.0,11.0
1775300540.2053297,0.0,0.0,16.0
1775300540.2153296,0.0,1.0,19.0
1775300540.2253296,-3.0,0.0,20.0
1775300540.2353296,-3.0,-1.0,20.0
1775300540.2453296,-4.0,-2.0,18.0
1775300540.2553296,-7.0,-4.0,8.0
1775300540.2653296,-6.0,-6.0,5.0
1775300540.2753296,-2.0,-4.0,11.0
1775300540.2853296,0.0,-4.0,14.0
1775300540.2953296,0.0,-5.0,10.0
1775300540.3053296,0.0,-5.0,6.0
1775300540.3153296,3.0,-3.0,7.0
1775300540.3253295,4.0,0.0,11.0
1775300540.3353295,2.0,0.0,12.0
1775300540.3453295,2.0,1.0,6.0
1775300540.3553295,1.0,3.0,9.0
1775300540.3653295,1.0,4.0,8.0
1775300540.3753295,0.0,-2.0,2.0
1775300540.3853295,-2.0,1.0,9.0
1775300540.3953297,-1.0,0.0,3.0
1775300540.4053297,0.0,1.0,4.0
1775300540.4153297,3.0,3.0,2.0
1775300540.4253297,3.0,0.0,8.0
1775300540.4353297,0.0,1.0,7.0
1775300540.4453297,3.0,1.0,0.0
1775300540.4553297,7.0,2.0,8.0
1775300540.4653296,9.0,3.0,11.0
1775300540.4753296,6.0,4.0,7.0
1775300540.4853296,4.0,2.0,0.0
1775300540.4953296,0.0,0.0,-5.0
1775300540.5053296,-2.0,-1.0,2.0
1775300540.5163295,1.0,-2.0,11.0
1775300540.5263295,-3.0,-4.0,14.0
1775300540.5353296,-3.0,-6.0,14.0
1775300540.5463295,-3.0,-8.0,14.0
1775300540.5563295,-4.0,-9.0,12.0
1775300540.5663297,-9.0,-8.0,7.0
1775300540.5763297,-7.0,-7.0,6.0
1775300540.5863297,-6.0,-5.0,0.0
1775300540.5963297,-6.0,-7.0,0.0
1775300540.6063297,-4.0,-2.0,1.0
1775300540.6163297,0.0,-2.0,5.0
1775300540.6263297,1.0,-2.0,7.0
1775300540.6363297,0.0,-1.0,3.0
1775300540.6463296,1.0,0.0,3.0
1775300540.6563296,0.0,1.0,2.0
1775300540.6663296,0.0,1.0,6.0
1775300540.6763296,-1.0,3.0,12.0
1775300540.6863296,-3.0,4.0,9.0
1775300540.6963296,-2.0,5.0,5.0
1775300540.7063296,-4.0,2.0,0.0
1775300540.7163296,-2.0,0.0,-5.0
1775300540.7263296,-1.0,-4.0,0.0
1775300540.7363296,0.0,-4.0,1.0
1775300540.7463295,1.0,-1.0,3.0
1775300540.7563295,0.0,0.0,9.0
1775300540.7663295,-5.0,1.0,13.0
1775300540.7763295,-7.0,0.0,17.0
1775300540.7863295,-8.0,-2.0,19.0
1775300540.7963295,-6.0,-4.0,17.0
1775300540.8063295,-4.0,-2.0,14.0
1775300540.8163297,-3.0,-1.0,15.0
1775300540.8263297,0.0,0.0,17.0
1775300540.8363297,0.0,1.0,14.0
1775300540.8463297,-2.0,-1.0,9.0
1775300540.8563297,-4.0,-2.0,10.0
1775300540.8663297,-5.0,-2.0,10.0
1775300540.8763297,-7.0,-3.0,10.0
1775300540.8863297,-6.0,-2.0,6.0
1775300540.8963296,-5.0,-2.0,6.0
1775300540.9063296,-5.0,-1.0,7.0
1775300540.9163296,-6.0,0.0,0.0
1775300540.9263296,-7.0,-5.0,2.0
1775300540.9363296,-5.0,-6.0,-2.0
1775300540.9463296,-6.0,-3.0,0.0
1775300540.9563296,-7.0,-5.0,0.0
1775300540.9663296,0.0,-5.0,-5.0
1775300540.9763296,2.0,-5.0,-1.0
1775300540.9863296,0.0,-2.0,2.0
1775300540.9963295,2.0,-4.0,7.0
1775300541.0063295,5.0,-1.0,4.0
1775300541.0163295,6.0,-2.0,8.0
1775300541.0263295,4.0,-1.0,8.0
1775300541.0363295,2.0,-3.0,4.0
1775300541.0463295,-3.0,-6.0,6.0
1775300541.0563295,-5.0,-9.0,12.0
1775300541.0663297,-7.0,-8.0,10.0
1775300541.0763297,-2.0,-9.0,10.0
1775300541.0863297,0.0,-8.0,8.0
1775300541.0963297,0.0,-7.0,8.0
1775300541.1063297,0.0,-3.0,12.0
1775300541.1163297,-2.0,-2.0,8.0
1775300541.1263297,-2.0,-1.0,6.0
1775300541.1363297,0.0,-2.0,6.0
1775300541.1463296,4.0,-2.0,8.0
1775300541.1563296,5.0,0.0,1.0
1775300541.1663296,4.0,0.0,7.0
1775300541.1763296,5.0,0.0,9.0
1775300541.1863296,4.0,0.0,13.0
1775300541.1963296,3.0,5.0,13.0
1775300541.2063296,5.0,7.0,16.0
1775300541.2163296,0.0,8.0,14.0
1775300541.2263296,-1.0,5.0,21.0
1775300541.2363296,-1.0,8.0,19.0
1775300541.2463295,0.0,8.0,16.0
1775300541.2563295,0.0,5.0,14.0
1775300541.2663295,-1.0,3.0,13.0
1775300541.2763295,-2.0,2.0,14.0
1775300541.2863295,-2.0,0.0,18.0
1775300541.2963295,0.0,0.0,14.0
1775300541.3063295,0.0,-3.0,19.0
1775300541.3163297,1.0,-5.0,20.0
1775300541.3263297,4.0,-4.0,23.0
1775300541.3363297,1.0,-5.0,16.0
1775300541.3463297,-2.0,-1.0,17.0
1775300541.3563297,0.0,-1.0,15.0
1775300541.3663297,0.0,0.0,11.0
1775300541.3763297,0.0,-4.0,14.0
1775300541.3863297,-2.0,-3.0,9.0
1775300541.3963296,-4.0,-3.0,9.0
1775300541.4063296,-5.0,-6.0,10.0
1775300541.4163296,-3.0,-8.0,13.0
1775300541.4263296,-1.0,-7.0,15.0
1775300541.4363296,-4.0,-10.0,17.0
1775300541.4463296,-5.0,-7.0,14.0
1775300541.4563296,-7.0,-6.0,7.0
1775300541.4663296,-8.0,-3.0,10.0
1775300541.4763296,-8.0,-1.0,5.0
1775300541.4863296,0.0,-2.0,3.0
1775300541.4963295,-1.0,-2.0,0.0
1775300541.5063295,-1.0,1.0,-5.0
1775300541.5163295,4.0,0.0,1.0
1775300541.5263295,7.0,-2.0,2.0
1775300541.5363295,2.0,0.0,2.0
1775300541.5463295,4.0,-3.0,12.0
1775300541.5563295,1.0,-3.0,6.0
1775300541.5663297,1.0,-4.0,0.0
1775300541.5763297,-5.0,-3.0,2.0
1775300541.5863297,-9.0,-3.0,10.0
1775300541.5963297,-7.0,-4.0,10.0
1775300541.6063297,-6.0,-3.0,10.0
1775300541.6163297,-5.0,0.0,10.0
1775300541.6263297,-8.0,0.0,8.0
1775300541.6363297,-7.0,-4.0,7.0
1775300541.6463296,-2.0,0.0,9.0
1775300541.6563296,1.0,-1.0,13.0
1775300541.6663296,0.0,-4.0,13.0
1775300541.6763296,0.0,-5.0,6.0
1775300541.6863296,-1.0,-6.0,4.0
1775300541.6963296,0.0,-4.0,6.0
1775300541.7063296,1.0,-4.0,7.0
1775300541.7163296,1.0,-5.0,8.0
1775300541.7263296,-2.0,-5.0,9.0
1775300541.7363296,-3.0,-2.0,8.0
1775300541.7463295,0.0,1.0,14.0
1775300541.7563295,-2.0,1.0,8.0
1775300541.7663295,0.0,0.0,9.0
1775300541.7763295,-2.0,0.0,8.0
1775300541.7863295,-1.0,0.0,4.0
1775300541.7963295,-4.0,-1.0,0.0
1775300541.8063295,-1.0,-2.0,5.0
1775300541.8163297,2.0,-1.0,10.0
1775300541.8263297,1.0,-2.0,14.0
1775300541.8363297,0.0,-3.0,17.0
1775300541.8463297,0.0,0.0,18.0
1775300541.8563297,-2.0,0.0,6.0
1775300541.8663297,0.0,0.0,-3.0
1775300541.8763297,-1.0,0.0,-11.0
1775300541.8863297,2.0,2.0,-7.0
1775300541.8963296,3.0,0.0,0.0
1775300541.9063296,5.0,-1.0,0.0
1775300541.9163296,8.0,0.0,2.0
1775300541.9263296,10.0,0.0,1.0
1775300541.9363296,9.0,0.0,3.0
1775300541.9463296,7.0,0.0,0.0
1775300541.9563296,7.0,2.0,-2.0
1775300541.9663296,3.0,3.0,-4.0
1775300541.9763296,4.0,1.0,0.0
1775300541.9863296,5.0,-3.0,11.0
1775300541.9963295,8.0,0.0,12.0
1775300542.0063295,9.0,1.0,9.0
1775300542.0163295,8.0,4.0,9.0
1775300542.0263295,1.0,3.0,9.0
1775300542.0363295,9.0,7.0,2.0
1775300542.0463295,11.0,8.0,3.0
1775300542.0563295,8.0,3.0,2.0
1775300542.0663297,6.0,3.0,4.0
1775300542.0763297,-1.0,2.0,3.0
1775300542.0863297,-1.0,2.0,9.0
1775300542.0963297,-3.0,0.0,7.0
1775300542.1063297,-4.0,0.0,3.0
1775300542.1163297,-4.0,2.0,3.0
1775300542.1263297,-3.0,0.0,-1.0
1775300542.1363297,-2.0,0.0,-1.0
1775300542.1463296,0.0,0.0,6.0
1775300542.1563296,0.0,-1.0,2.0
1775300542.1663296,0.0,-1.0,0.0
1775300542.1763296,3.0,-3.0,2.0
1775300542.1863296,4.0,0.0,-1.0
1775300542.1963296,6.0,0.0,-5.0
1775300542.2063296,6.0,0.0,-2.0
1775300542.2163296,5.0,0.0,-2.0
1775300542.2263296,2.0,1.0,7.0
1775300542.2363296,0.0,0.0,10.0
1775300542.2463295,2.0,0.0,5.0
1775300542.2563295,0.0,0.0,4.0
1775300542.2663295,-7.0,1.0,0.0
1775300542.2763295,-9.0,-3.0,1.0
1775300542.2863295,-8.0,-5.0,0.0
1775300542.2963295,-11.0,-4.0,-3.0
1775300542.3063295,-8.0,-5.0,-4.0
1775300542.3163297,-10.0,0.0,-3.0
1775300542.3263297,-7.0,-6.0,0.0
1775300542.3363297,-10.0,-2.0,7.0
1775300542.3463297,-5.0,-3.0,9.0
1775300542.3563297,-4.0,-4.0,7.0
1775300542.3663297,0.0,-4.0,8.0
1775300542.3763297,0.0,-5.0,14.0
1775300542.3863297,1.0,-5.0,10.0
1775300542.3963296,7.0,-3.0,12.0
1775300542.4063296,7.0,-3.0,13.0
1775300542.4163296,4.0,-3.0,13.0
1775300542.4263296,5.0,0.0,18.0
1775300542.4363296,3.0,-6.0,17.0
1775300542.4463296,0.0,-6.0,14.0
1775300542.4563296,-3.0,-6.0,8.0
1775300542.4663296,-1.0,-4.0,12.0
1775300542.4763296,-3.0,-1.0,8.0
1775300542.4863296,-6.0,0.0,9.0
1775300542.4963295,-4.0,0.0,10.0
1775300542.5063295,-2.0,0.0,14.0
1775300542.5163295,0.0,0.0,7.0
1775300542.5263295,0.0,-3.0,0.0
1775300542.5363295,-4.0,0.0,-1.0
1775300542.5463295,-5.0,0.0,3.0
1775300542.5563295,-1.0,1.0,7.0
1775300542.5663297,0.0,-2.0,6.0
1775300542.5763297,0.0,-4.0,10.0
1775300542.5863297,0.0,-7.0,11.0
1775300542.5963297,0.0,-5.0,14.0
1775300542.6063297,0.0,-2.0,18.0
1775300542.6163297,-5.0,4.0,21.0
1775300542.6263297,-6.0,2.0,21.0
1775300542.6363297,-6.0,0.0,17.0
1775300542.6463296,-7.0,5.0,11.0
1775300542.6563296,-1.0,2.0,10.0
1775300542.6663296,-1.0,2.0,16.0
1775300542.6763296,-5.0,0.0,16.0
1775300542.6863296,0.0,0.0,14.0
1775300542.6963296,2.0,0.0,14.0
1775300542.7063296,0.0,-1.0,14.0
1775300542.7163296,2.0,0.0,12.0
1775300542.7263296,0.0,-3.0,8.0
1775300542.7363296,0.0,-3.0,4.0
1775300542.7463295,-5.0,-4.0,-2.0
1775300542.7563295,-7.0,-5.0,5.0
1775300542.7663295,-7.0,-4.0,11.0
1775300542.7773297,-2.0,-6.0,13.0
1775300542.7863295,-2.0,-7.0,16.0
1775300542.7963295,0.0,-6.0,19.0
1775300542.8063295,4.0,-6.0,15.0
1775300542.8163297,0.0,-1.0,15.0
1775300542.8273296,0.0,0.0,17.0
1775300542.8373296,1.0,0.0,21.0
1775300542.8463297,2.0,0.0,12.0
1775300542.8573296,2.0,3.0,10.0
1775300542.8673296,-1.0,1.0,8.0
1775300542.8773296,0.0,0.0,10.0
1775300542.8873296,-6.0,-1.0,11.0
1775300542.8973296,-6.0,-1.0,10.0
1775300542.9073296,-3.0,-3.0,13.0
1775300542.9173295,1.0,-4.0,14.0
1775300542.9273295,0.0,-9.0,10.0
1775300542.9373295,0.0,-6.0,9.0
1775300542.9473295,-2.0,-8.0,14.0
1775300542.9573295,0.0,-6.0,16.0
1775300542.9673295,-1.0,-4.0,19.0
1775300542.9773295,1.0,-1.0,17.0
1775300542.9873295,-2.0,-4.0,10.0
1775300542.9973297,-4.0,-5.0,16.0
1775300543.0073297,-5.0,-7.0,22.0
1775300543.0173297,-6.0,-7.0,20.0
1775300543.0273297,-7.0,-6.0,19.0
1775300543.0373297,-11.0,-5.0,16.0
1775300543.0473297,-11.0,-4.0,15.0
1775300543.0573297,-11.0,-2.0,12.0
1775300543.0673296,-10.0,-4.0,17.0
1775300543.0773296,-6.0,-4.0,19.0
1775300543.0873296,-6.0,-1.0,19.0
1775300543.0973296,-3.0,0.0,18.0
1775300543.1073296,-3.0,-3.0,22.0
1775300543.1173296,-5.0,-4.0,21.0
1775300543.1273296,-6.0,-5.0,26.0
1775300543.1373296,-4.0,-6.0,29.0
1775300543.1473296,-6.0,-6.0,19.0
1775300543.1573296,-4.0,-6.0,11.0
1775300543.1673295,-7.0,-2.0,4.0
1775300543.1773295,-3.0,3.0,2.0
1775300543.1873295,-2.0,1.0,4.0
1775300543.1973295,4.0,-1.0,10.0
1775300543.2073295,4.0,0.0,14.0
1775300543.2173295,0.0,0.0,12.0
1775300543.2273295,5.0,0.0,23.0
1775300543.2373295,2.0,-2.0,20.0
1775300543.2473297,0.0,-2.0,10.0
1775300543.2573297,0.0,0.0,8.0
1775300543.2673297,0.0,0.0,8.0
1775300543.2773297,3.0,-2.0,10.0
1775300543.2873297,-1.0,-4.0,8.0
1775300543.2973297,-4.0,-7.0,0.0
1775300543.3073297,-1.0,-8.0,4.0
1775300543.3173296,0.0,-7.0,6.0
1775300543.3273296,1.0,-10.0,6.0
1775300543.3373296,0.0,-10.0,12.0
1775300543.3473296,0.0,-7.0,14.0
1775300543.3573296,3.0,-8.0,17.0
1775300543.3673296,-1.0,-5.0,16.0
1775300543.3773296,0.0,-5.0,15.0
1775300543.3873296,-4.0,-5.0,13.0
1775300543.3973296,-6.0,-1.0,8.0
1775300543.4073296,-6.0,0.0,-2.0
1775300543.4173295,-3.0,0.0,3.0
1775300543.4273295,1.0,0.0,8.0
1775300543.4373295,0.0,0.0,10.0
1775300543.4473295,0.0,4.0,12.0
1775300543.4573295,-3.0,1.0,17.0
1775300543.4673295,-9.0,-2.0,5.0
1775300543.4773295,-10.0,-3.0,8.0
1775300543.4873295,-4.0,-2.0,3.0
1775300543.4973297,0.0,1.0,7.0
1775300543.5073297,0.0,2.0,6.0
1775300543.5173297,-2.0,3.0,5.0
1775300543.5273297,-4.0,3.0,9.0
1775300543.5373297,-3.0,1.0,2.0
1775300543.5473297,-4.0,2.0,-4.0
1775300543.5573297,-6.0,3.0,-7.0
1775300543.5673296,-4.0,3.0,-5.0
1775300543.5773296,-6.0,5.0,-4.0
1775300543.5873296,-7.0,6.0,-2.0
1775300543.5973296,-4.0,10.0,0.0
1775300543.6073296,-3.0,11.0,4.0
1775300543.6173296,-1.0,9.0,10.0
1775300543.6273296,-2.0,5.0,0.0
1775300543.6373296,-2.0,3.0,-1.0
1775300543.6473296,-2.0,0.0,0.0
1775300543.6573296,0.0,-1.0,3.0
1775300543.6673295,0.0,-1.0,9.0
1775300543.6773295,-1.0,0.0,10.0
1775300543.6873295,-2.0,0.0,12.0
1775300543.6973295,-2.0,-1.0,11.0
1775300543.7073295,-4.0,-2.0,6.0
1775300543.7173295,-4.0,0.0,2.0
1775300543.7273295,-4.0,-1.0,0.0
1775300543.7373295,-3.0,-1.0,5.0
1775300543.7473297,0.0,1.0,10.0
1775300543.7573297,0.0,0.0,8.0
1775300543.7673297,-1.0,-1.0,12.0
1775300543.7773297,0.0,1.0,6.0
1775300543.7873297,0.0,3.0,8.0
1775300543.7973297,4.0,8.0,11.0
1775300543.8073297,8.0,4.0,14.0
1775300543.8173296,5.0,4.0,17.0
1775300543.8273296,1.0,1.0,18.0
1775300543.8373296,-1.0,5.0,18.0
1775300543.8473296,-1.0,7.0,23.0
1775300543.8573296,1.0,4.0,18.0
1775300543.8673296,0.0,3.0,13.0
1775300543.8773296,-3.0,1.0,8.0
1775300543.8873296,-3.0,2.0,8.0
1775300543.8973296,0.0,4.0,17.0
1775300543.9073296,4.0,10.0,20.0
1775300543.9173295,2.0,6.0,15.0
1775300543.9273295,3.0,0.0,7.0
1775300543.9373295,6.0,0.0,8.0
1775300543.9473295,9.0,2.0,11.0
1775300543.9573295,5.0,3.0,7.0
1775300543.9673295,2.0,4.0,11.0
1775300543.9773295,0.0,0.0,6.0
1775300543.9873295,2.0,2.0,6.0
1775300543.9973297,-2.0,1.0,6.0
1775300544.0073297,0.0,2.0,11.0
1775300544.0173297,-4.0,5.0,9.0
1775300544.0273297,0.0,0.0,5.0
1775300544.0373297,-1.0,1.0,3.0
1775300544.0473297,-3.0,-2.0,4.0
1775300544.0573297,0.0,0.0,0.0
1775300544.0673296,1.0,1.0,-1.0
1775300544.0773296,3.0,2.0,4.0
1775300544.0873296,6.0,-1.0,4.0
1775300544.0973296,4.0,0.0,3.0
1775300544.1073296,7.0,0.0,8.0
1775300544.1173296,2.0,0.0,10.0
1775300544.1273296,-1.0,1.0,10.0
1775300544.1373296,-4.0,0.0,13.0
1775300544.1473296,-8.0,2.0,9.0
1775300544.1573296,-6.0,0.0,8.0
1775300544.1673295,-3.0,-2.0,8.0
1775300544.1773295,-4.0,-1.0,11.0
1775300544.1873295,1.0,1.0,19.0
1775300544.1973295,0.0,3.0,19.0
1775300544.2073295,-2.0,4.0,15.0
1775300544.2173295,-1.0,5.0,10.0
1775300544.2273295,0.0,6.0,7.0
1775300544.2373295,-3.0,6.0,7.0
1775300544.2483296,-2.0,2.0,7.0
1775300544.2573297,-7.0,-2.0,5.0
1775300544.2673297,-5.0,0.0,10.0
1775300544.2773297,-4.0,2.0,8.0
1775300544.2873297,-7.0,0.0,6.0
1775300544.2973297,-7.0,-6.0,5.0
1775300544.3073297,-8.0,-3.0,7.0
1775300544.3173296,-8.0,-4.0,8.0
1775300544.3273296,-5.0,-4.0,13.0
1775300544.3373296,-1.0,-3.0,13.0
1775300544.3473296,0.0,-3.0,13.0
1775300544.3573296,0.0,-3.0,13.0
1775300544.3673296,3.0,-2.0,6.0
1775300544.3773296,2.0,-2.0,7.0
1775300544.3873296,4.0,-1.0,14.0
1775300544.3973296,2.0,-3.0,13.0
1775300544.4073296,4.0,-5.0,6.0
1775300544.4173295,0.0,-5.0,7.0
1775300544.4273295,-2.0,-7.0,11.0
1775300544.4373295,-8.0,-13.0,15.0
1775300544.4473295,-3.0,-8.0,9.0
1775300544.4573295,0.0,-9.0,5.0
1775300544.4673295,0.0,-8.0,2.0
1775300544.4773295,-2.0,-7.0,4.0
1775300544.4873295,-1.0,-6.0,13.0
1775300544.4973297,-1.0,-6.0,18.0
1775300544.5073297,0.0,-6.0,15.0
1775300544.5173297,1.0,-3.0,10.0
1775300544.5273297,0.0,1.0,9.0
1775300544.5373297,2.0,0.0,9.0
1775300544.5473297,0.0,-4.0,14.0
1775300544.5573297,1.0,0.0,14.0
1775300544.5673296,-3.0,-2.0,22.0
1775300544.5773296,0.0,-2.0,21.0
1775300544.5873296,4.0,-3.0,21.0
1775300544.5973296,3.0,0.0,20.0
1775300544.6073296,0.0,-4.0,13.0
1775300544.6173296,1.0,-1.0,10.0
1775300544.6273296,2.0,1.0,0.0
1775300544.6373296,2.0,3.0,8.0
1775300544.6473296,2.0,3.0,14.0
1775300544.6573296,3.0,0.0,8.0
1775300544.6673295,2.0,0.0,5.0
1775300544.6773295,0.0,0.0,4.0
1775300544.6873295,-1.0,-2.0,7.0
1775300544.6973295,5.0,0.0,9.0
1775300544.7073295,4.0,-5.0,11.0
1775300544.7173295,3.0,-2.0,8.0
1775300544.7273295,6.0,0.0,0.0
1775300544.7373295,2.0,4.0,-2.0
1775300544.7473297,-2.0,2.0,-3.0
1775300544.7573297,-7.0,-3.0,-1.0
1775300544.7673297,-8.0,0.0,2.0
1775300544.7773297,-7.0,0.0,-4.0
1775300544.7873297,-2.0,0.0,-7.0
1775300544.7973297,0.0,5.0,1.0
1775300544.8073297,2.0,6.0,-2.0
1775300544.8173296,1.0,2.0,-6.0
1775300544.8273296,2.0,1.0,-6.0
1775300544.8373296,0.0,-1.0,0.0
1775300544.8473296,-3.0,-2.0,0.0
1775300544.8573296,-3.0,-6.0,-2.0
1775300544.8673296,-3.0,-3.0,2.0
1775300544.8773296,-4.0,0.0,4.0
1775300544.8873296,-6.0,-2.0,4.0
1775300544.8973296,-4.0,-2.0,4.0
1775300544.9073296,-8.0,-1.0,9.0
1775300544.9173295,-4.0,0.0,13.0
1775300544.9273295,-4.0,-3.0,13.0
1775300544.9373295,-4.0,-6.0,13.0
1775300544.9473295,-2.0,-6.0,18.0
1775300544.9573295,2.0,-5.0,18.0
1775300544.9673295,-1.0,0.0,19.0
1775300544.9773295,-1.0,-1.0,17.0
1775300544.9873295,-1.0,0.0,19.0
1775300544.9973297,0.0,0.0,16.0
1775300545.0073297,2.0,0.0,16.0
1775300545.0173297,0.0,0.0,15.0
1775300545.0273297,-1.0,0.0,22.0
1775300545.0373297,-2.0,-1.0,22.0
1775300545.0473297,-7.0,-2.0,18.0
1775300545.0573297,-2.0,1.0,6.0
1775300545.0673296,-3.0,-2.0,16.0
1775300545.0773296,-1.0,-2.0,21.0
1775300545.0873296,0.0,-1.0,19.0
1775300545.0973296,0.0,-3.0,15.0
1775300545.1073296,0.0,-2.0,15.0
1775300545.1173296,-3.0,0.0,11.0
1775300545.1273296,-1.0,0.0,8.0
1775300545.1383295,-2.0,-3.0,-1.0
1775300545.1483295,-5.0,-3.0,0.0
1775300545.1583295,-4.0,-2.0,2.0
1775300545.1683297,-1.0,1.0,0.0
1775300545.1783297,0.0,1.0,5.0
1775300545.1883297,0.0,0.0,6.0
1775300545.1983297,2.0,0.0,3.0
1775300545.2083297,3.0,0.0,5.0
1775300545.2183297,-1.0,0.0,11.0
1775300545.2283297,1.0,-1.0,10.0
1775300545.2383296,2.0,-2.0,8.0
1775300545.2483296,1.0,0.0,6.0
1775300545.2583296,3.0,0.0,8.0
1775300545.2683296,4.0,-1.0,3.0
1775300545.2783296,5.0,-5.0,9.0
1775300545.2883296,5.0,-9.0,3.0
1775300545.2983296,3.0,-8.0,-2.0
1775300545.3083296,2.0,-7.0,5.0
1775300545.3183296,5.0,-4.0,8.0
1775300545.3283296,6.0,-2.0,-2.0
1775300545.3383296,1.0,-3.0,-1.0
1775300545.3483295,-4.0,-7.0,3.0
1775300545.3583295,-5.0,-8.0,1.0
1775300545.3683295,-4.0,-7.0,6.0
1775300545.3783295,0.0,-10.0,9.0
1775300545.3883295,-3.0,-9.0,5.0
1775300545.3983295,-1.0,-9.0,6.0
1775300545.4083295,1.0,-6.0,9.0
1775300545.4183297,0.0,-4.0,3.0
1775300545.4283297,0.0,-9.0,5.0
1775300545.4383297,0.0,-10.0,6.0
1775300545.4483297,1.0,-5.0,3.0
1775300545.4583297,-2.0,-3.0,2.0
1775300545.4683297,0.0,-3.0,3.0
1775300545.4783297,0.0,-4.0,1.0
1775300545.4883296,2.0,-5.0,0.0
1775300545.4983296,1.0,-4.0,1.0
1775300545.5083296,2.0,-3.0,7.0
1775300545.5183296,1.0,-8.0,9.0
1775300545.5283296,1.0,-9.0,8.0
1775300545.5383296,3.0,-8.0,5.0
1775300545.5483296,4.0,-12.0,0.0
1775300545.5583296,-4.0,-11.0,2.0
1775300545.5683296,0.0,-6.0,2.0
1775300545.5783296,-1.0,-7.0,7.0
1775300545.5883296,-3.0,-7.0,7.0
1775300545.5983295,-6.0,-5.0,2.0
1775300545.6083295,-11.0,-5.0,5.0
1775300545.6183295,-11.0,-8.0,3.0
1775300545.6283295,-10.0,-5.0,3.0
1775300545.6383295,-9.0,-2.0,0.0
1775300545.6483295,-2.0,-5.0,9.0
1775300545.6583295,-4.0,-5.0,11.0
1775300545.6683297,-5.0,-1.0,11.0
1775300545.6783297,-6.0,-3.0,6.0
1775300545.6883297,-2.0,-1.0,7.0
1775300545.6983297,0.0,-2.0,16.0
1775300545.7083297,-1.0,-1.0,23.0
1775300545.7183297,-1.0,-1.0,24.0
1775300545.7283297,-6.0,-3.0,22.0
1775300545.7383296,-3.0,-7.0,13.0
1775300545.7483296,-4.0,-7.0,10.0
1775300545.7583296,-4.0,-8.0,20.0
1775300545.7683296,-6.0,-7.0,12.0
1775300545.7783296,-2.0,0.0,11.0
1775300545.7883296,-4.0,0.0,0.0
1775300545.7983296,-9.0,0.0,-2.0
1775300545.8083296,-1.0,0.0,-2.0
1775300545.8183296,3.0,0.0,2.0
1775300545.8283296,4.0,-3.0,1.0
1775300545.8383296,8.0,-3.0,5.0
1775300545.8483295,1.0,0.0,9.0
1775300545.8583295,-3.0,2.0,15.0
1775300545.8683295,-4.0,2.0,21.0
1775300545.8783295,-9.0,4.0,22.0
1775300545.8883295,-9.0,1.0,14.0
1775300545.8983295,-9.0,0.0,13.0
1775300545.9083295,-4.0,2.0,14.0
1775300545.9183297,-10.0,-1.0,6.0
1775300545.9283297,-11.0,-1.0,8.0
1775300545.9383297,-9.0,-1.0,5.0
1775300545.9483297,-5.0,-3.0,1.0
1775300545.9583297,-7.0,-3.0,4.0
1775300545.9683297,-9.0,-5.0,6.0
1775300545.9783297,-5.0,0.0,1.0
1775300545.9883296,-6.0,0.0,1.0
1775300545.9983296,-5.0,3.0,7.0
1775300546.0083296,-5.0,1.0,6.0
1775300546.0183296,-6.0,5.0,9.0
1775300546.0283296,-5.0,6.0,6.0
1775300546.0383296,-6.0,6.0,10.0
1775300546.0483296,-7.0,2.0,23.0
1775300546.0583296,-6.0,2.0,19.0
1775300546.0683296,-4.0,2.0,22.0
1775300546.0783296,-5.0,3.0,15.0
1775300546.0883296,0.0,2.0,12.0
1775300546.0983295,0.0,1.0,6.0
1775300546.1083295,-1.0,3.0,8.0
1775300546.1183295,-1.0,3.0,8.0
1775300546.1283295,5.0,3.0,6.0
1775300546.1383295,5.0,4.0,3.0
1775300546.1483295,0.0,2.0,4.0
1775300546.1583295,0.0,-2.0,6.0
1775300546.1683297,2.0,-1.0,0.0
1775300546.1783297,5.0,-6.0,1.0
1775300546.1883297,3.0,-4.0,0.0
1775300546.1983297,5.0,-2.0,0.0
1775300546.2083297,8.0,0.0,5.0
1775300546.2183297,7.0,0.0,14.0
1775300546.2283297,12.0,-1.0,12.0
1775300546.2383296,9.0,0.0,14.0
1775300546.2483296,9.0,0.0,11.0
1775300546.2583296,7.0,-1.0,3.0
1775300546.2683296,1.0,-6.0,2.0
1775300546.2783296,0.0,-3.0,5.0
1775300546.2883296,0.0,0.0,10.0
1775300546.2983296,0.0,-2.0,5.0
1775300546.3083296,0.0,-5.0,4.0
1775300546.3183296,-4.0,-6.0,10.0
1775300546.3283296,-7.0,-3.0,9.0
1775300546.3383296,-3.0,-4.0,10.0
1775300546.3483295,-1.0,-6.0,12.0
1775300546.3583295,0.0,-2.0,17.0
1775300546.3683295,0.0,-2.0,9.0
1775300546.3783295,-2.0,2.0,10.0
1775300546.3883295,0.0,2.0,11.0
1775300546.3983295,1.0,0.0,14.0
1775300546.4083295,-2.0,4.0,17.0
1775300546.4183297,-5.0,1.0,14.0
1775300546.4283297,-5.0,0.0,12.0
1775300546.4383297,-6.0,2.0,16.0
1775300546.4483297,-2.0,0.0,17.0
1775300546.4583297,-4.0,0.0,14.0
1775300546.4683297,-1.0,-3.0,8.0
1775300546.4783297,-3.0,-4.0,7.0
1775300546.4883296,-1.0,-3.0,5.0
1775300546.4983296,-1.0,-2.0,6.0
1775300546.5083296,0.0,-5.0,1.0
1775300546.5183296,3.0,-5.0,3.0
1775300546.5283296,3.0,-5.0,4.0
1775300546.5383296,0.0,-2.0,6.0
1775300546.5483296,-2.0,-3.0,9.0
1775300546.5583296,-6.0,-6.0,10.0
1775300546.5683296,-1.0,-2.0,7.0
1775300546.5783296,-1.0,0.0,4.0
1775300546.5883296,-1.0,-2.0,11.0
1775300546.5983295,-5.0,-3.0,10.0
1775300546.6083295,-10.0,-4.0,13.0
1775300546.6183295,-10.0,0.0,7.0
1775300546.6283295,-10.0,-2.0,4.0
1775300546.6383295,-6.0,-1.0,10.0
1775300546.6483295,-5.0,3.0,6.0
1775300546.6583295,-5.0,4.0,11.0
1775300546.6683297,-7.0,1.0,14.0
1775300546.6783297,-7.0,0.0,16.0
1775300546.6883297,-4.0,0.0,12.0
1775300546.6983297,0.0,0.0,10.0
1775300546.7083297,-1.0,-2.0,9.0
1775300546.7183297,0.0,-3.0,5.0
1775300546.7283297,4.0,-6.0,5.0
1775300546.7383296,4.0,-4.0,-2.0
1775300546.7483296,1.0,-4.0,-4.0
1775300546.7583296,0.0,-6.0,-1.0
1775300546.7683296,-1.0,-7.0,3.0
1775300546.7783296,0.0,-4.0,8.0
1775300546.7883296,4.0,-4.0,12.0
1775300546.7983296,4.0,-6.0,15.0
1775300546.8083296,5.0,-5.0,16.0
1775300546.8183296,6.0,0.0,22.0
1775300546.8283296,3.0,0.0,19.0
1775300546.8383296,-1.0,-2.0,16.0
1775300546.8483295,0.0,-4.0,7.0
1775300546.8583295,1.0,-3.0,7.0
1775300546.8683295,3.0,-2.0,1.0
1775300546.8783295,-1.0,-3.0,3.0
1775300546.8883295,-3.0,-2.0,6.0
1775300546.8983295,-2.0,0.0,4.0
1775300546.9083295,-2.0,0.0,5.0
1775300546.9183297,0.0,0.0,6.0
1775300546.9283297,0.0,0.0,9.0
1775300546.9383297,2.0,1.0,17.0
1775300546.9483297,2.0,1.0,20.0
1775300546.9583297,0.0,3.0,12.0
1775300546.9683297,-4.0,3.0,4.0
1775300546.9783297,-6.0,4.0,2.0
1775300546.9883296,-3.0,0.0,6.0
1775300546.9983296,-10.0,1.0,7.0
1775300547.0083296,-6.0,5.0,10.0
1775300547.0183296,-8.0,3.0,13.0
1775300547.0283296,-5.0,4.0,18.0
1775300547.0383296,-9.0,6.0,18.0
1775300547.0483296,-8.0,4.0,16.0
1775300547.0583296,-3.0,6.0,11.0
1775300547.0683296,-3.0,3.0,9.0
1775300547.0783296,-4.0,-1.0,7.0
1775300547.0883296,-4.0,-2.0,3.0
1775300547.0983295,0.0,-2.0,2.0
1775300547.1083295,3.0,0.0,3.0
1775300547.1183295,2.0,1.0,0.0
1775300547.1283295,3.0,1.0,10.0
1775300547.1383295,1.0,2.0,11.0
1775300547.1483295,0.0,4.0,13.0
1775300547.1583295,-1.0,6.0,11.0
1775300547.1683297,-3.0,4.0,8.0
1775300547.1783297,-4.0,2.0,10.0
1775300547.1883297,-1.0,3.0,14.0
1775300547.1983297,0.0,3.0,15.0
1775300547.2083297,-6.0,-2.0,14.0
1775300547.2183297,-7.0,0.0,16.0
1775300547.2283297,-7.0,0.0,17.0
1775300547.2383296,-6.0,0.0,13.0
1775300547.2483296,-6.0,-1.0,16.0
1775300547.2583296,-6.0,0.0,17.0
1775300547.2683296,-2.0,0.0,13.0
1775300547.2783296,-2.0,-1.0,15.0
1775300547.2883296,-1.0,-7.0,23.0
1775300547.2983296,5.0,-5.0,20.0
1775300547.3083296,5.0,-4.0,17.0
1775300547.3183296,3.0,-2.0,16.0
1775300547.3283296,0.0,-2.0,12.0
1775300547.3383296,2.0,-3.0,11.0
1775300547.3483295,2.0,-5.0,8.0
1775300547.3583295,1.0,-5.0,8.0
1775300547.3683295,1.0,-4.0,11.0
1775300547.3783295,-3.0,-6.0,4.0
1775300547.3893297,-10.0,-7.0,3.0
1775300547.3993297,-6.0,-3.0,10.0
1775300547.4083295,-7.0,-5.0,6.0
1775300547.4183297,-8.0,-2.0,4.0
1775300547.4283297,-7.0,-1.0,7.0
1775300547.4393296,-6.0,-3.0,9.0
1775300547.4493296,-7.0,-5.0,12.0
1775300547.4593296,-5.0,-2.0,14.0
1775300547.4693296,-4.0,-2.0,11.0
1775300547.4793296,-10.0,0.0,22.0
1775300547.4893296,-14.0,0.0,22.0
1775300547.4993296,-16.0,-2.0,19.0
1775300547.5093296,-9.0,-3.0,16.0
1775300547.5193295,-4.0,-2.0,13.0
1775300547.5293295,-4.0,-1.0,11.0
1775300547.5393295,0.0,-4.0,6.0
1775300547.5493295,0.0,-3.0,4.0
1775300547.5593295,0.0,-3.0,5.0
1775300547.5693295,0.0,1.0,6.0
1775300547.5793295,0.0,-2.0,0.0
1775300547.5893295,1.0,-4.0,7.0
1775300547.5993297,2.0,-3.0,6.0
1775300547.6093297,-1.0,-4.0,10.0
1775300547.6193297,1.0,-2.0,7.0
1775300547.6293297,-1.0,-5.0,4.0
1775300547.6393297,-2.0,-5.0,-3.0
1775300547.6493297,-1.0,-3.0,-2.0
1775300547.6593297,-4.0,0.0,-10.0
1775300547.6693296,-1.0,-2.0,3.0
1775300547.6793296,-3.0,-2.0,12.0
1775300547.6893296,-2.0,-3.0,7.0
1775300547.6993296,0.0,-1.0,7.0
1775300547.7093296,5.0,1.0,8.0
1775300547.7193296,5.0,3.0,9.0
1775300547.7293296,2.0,6.0,16.0
1775300547.7393296,3.0,11.0,17.0
1775300547.7493296,0.0,3.0,9.0
1775300547.7593296,3.0,3.0,6.0
1775300547.7693295,1.0,2.0,1.0
1775300547.7793295,2.0,4.0,-1.0
1775300547.7893295,2.0,3.0,5.0
1775300547.7993295,4.0,2.0,4.0
1775300547.8093295,4.0,0.0,0.0
1775300547.8193295,4.0,-1.0,0.0
1775300547.8293295,5.0,0.0,-1.0
1775300547.8393295,3.0,-3.0,1.0
1775300547.8493297,3.0,-6.0,0.0
1775300547.8593297,0.0,-3.0,8.0
1775300547.8693297,2.0,-6.0,16.0
1775300547.8793297,3.0,-4.0,12.0
1775300547.8893297,5.0,-2.0,18.0
1775300547.8993297,2.0,-3.0,14.0
1775300547.9093297,8.0,-1.0,14.0
1775300547.9193296,1.0,-4.0,16.0
1775300547.9293296,0.0,-6.0,13.0
1775300547.9393296,-1.0,-6.0,11.0
1775300547.9493296,-5.0,-4.0,15.0
1775300547.9593296,-10.0,-7.0,12.0
1775300547.9693296,-10.0,-8.0,21.0
1775300547.9793296,-8.0,-6.0,17.0
1775300547.9893296,-5.0,-5.0,20.0
1775300547.9993296,-7.0,-7.0,20.0
1775300548.0093296,-4.0,-2.0,10.0
1775300548.0193295,-5.0,-1.0,6.0
1775300548.0293295,-3.0,-5.0,12.0
1775300548.0393295,0.0,-5.0,18.0
1775300548.0493295,-3.0,-3.0,16.0
1775300548.0593295,-6.0,-3.0,12.0
1775300548.0693295,-7.0,-3.0,20.0
1775300548.0793295,-8.0,-6.0,17.0
1775300548.0893295,-4.0,-3.0,18.0
1775300548.0993297,-3.0,-3.0,23.0
1775300548.1093297,0.0,-4.0,19.0
1775300548.1193297,0.0,-7.0,16.0
1775300548.1293297,2.0,-5.0,14.0
1775300548.1393297,3.0,-9.0,12.0
1775300548.1493297,2.0,-10.0,10.0
1775300548.1593297,0.0,-10.0,7.0
1775300548.1693296,-3.0,-7.0,5.0
1775300548.1793296,-4.0,-5.0,8.0
1775300548.1893296,-1.0,0.0,9.0
1775300548.1993296,-1.0,0.0,3.0
1775300548.2093296,-6.0,2.0,0.0
1775300548.2193296,-8.0,0.0,4.0
1775300548.2293296,-11.0,3.0,4.0
1775300548.2393296,-5.0,4.0,5.0
1775300548.2493296,-6.0,1.0,9.0
1775300548.2593296,-5.0,0.0,10.0
1775300548.2693295,-6.0,0.0,8.0
1775300548.2793295,-6.0,0.0,0.0
1775300548.2893295,-4.0,4.0,7.0
1775300548.2993295,-4.0,7.0,11.0
1775300548.3093295,0.0,4.0,13.0
1775300548.3193295,0.0,6.0,11.0
1775300548.3293295,2.0,2.0,10.0
1775300548.3393295,-2.0,0.0,11.0
1775300548.3493297,-1.0,-2.0,8.0
1775300548.3593297,-3.0,-3.0,9.0
1775300548.3693297,0.0,-3.0,11.0
1775300548.3793297,0.0,-2.0,4.0
1775300548.3893297,-2.0,0.0,11.0
1775300548.3993297,1.0,4.0,12.0
1775300548.4093297,1.0,5.0,7.0
1775300548.4193296,0.0,6.0,4.0
1775300548.4293296,0.0,3.0,1.0
1775300548.4393296,-1.0,2.0,0.0
1775300548.4493296,2.0,2.0,2.0
1775300548.4593296,6.0,2.0,4.0
1775300548.4693296,3.0,2.0,4.0
1775300548.4793296,0.0,2.0,5.0
1775300548.4893296,1.0,3.0,1.0
1775300548.4993296,6.0,5.0,-1.0
1775300548.5093296,4.0,2.0,0.0
1775300548.5193295,4.0,0.0,0.0
1775300548.5293295,3.0,2.0,0.0
1775300548.5393295,2.0,0.0,-9.0
1775300548.5493295,0.0,-3.0,-4.0
1775300548.5593295,0.0,-1.0,-6.0
1775300548.5693295,1.0,-1.0,-8.0
1775300548.5793295,0.0,-3.0,-3.0
1775300548.5893295,0.0,-1.0,-2.0
1775300548.5993297,-1.0,-6.0,1.0
1775300548.6093297,1.0,-4.0,-1.0
1775300548.6193297,5.0,-3.0,0.0
1775300548.6293297,5.0,-3.0,8.0
1775300548.6393297,4.0,-2.0,9.0
1775300548.6493297,5.0,0.0,13.0
1775300548.6593297,8.0,1.0,9.0
1775300548.6693296,5.0,-3.0,6.0
1775300548.6793296,0.0,0.0,6.0
1775300548.6893296,0.0,0.0,3.0
1775300548.6993296,3.0,0.0,6.0
1775300548.7093296,0.0,3.0,12.0
1775300548.7193296,1.0,3.0,10.0
1775300548.7293296,0.0,6.0,8.0
1775300548.7393296,-3.0,5.0,12.0
1775300548.7493296,-1.0,5.0,8.0
1775300548.7593296,-1.0,2.0,2.0
1775300548.7693295,0.0,2.0,0.0
1775300548.7793295,1.0,0.0,0.0
1775300548.7893295,3.0,0.0,-1.0
1775300548.7993295,2.0,0.0,-3.0
1775300548.8093295,4.0,1.0,1.0
1775300548.8193295,-1.0,4.0,5.0
1775300548.8293295,-5.0,0.0,5.0
1775300548.8393295,-7.0,0.0,8.0
1775300548.8493297,-8.0,0.0,8.0
1775300548.8593297,-5.0,-1.0,8.0
1775300548.8693297,-9.0,0.0,10.0
1775300548.8793297,-2.0,1.0,11.0
1775300548.8893297,-4.0,-1.0,6.0
1775300548.8993297,-5.0,-2.0,8.0
1775300548.9093297,-5.0,-1.0,5.0
1775300548.9193296,0.0,-2.0,1.0
1775300548.9293296,-4.0,-2.0,-5.0
1775300548.9393296,-7.0,0.0,-6.0
1775300548.9493296,-5.0,1.0,0.0
1775300548.9593296,-4.0,-2.0,6.0
1775300548.9693296,-3.0,2.0,5.0
1775300548.9793296,-1.0,2.0,6.0
1775300548.9893296,0.0,0.0,13.0
1775300548.9993296,-1.0,0.0,18.0
1775300549.0093296,-1.0,-3.0,20.0
1775300549.0193295,-1.0,-3.0,11.0
1775300549.0293295,1.0,-3.0,8.0
1775300549.0393295,0.0,-5.0,12.0
1775300549.0493295,-5.0,-3.0,6.0
1775300549.0593295,-1.0,0.0,-1.0
1775300549.0693295,1.0,2.0,1.0
1775300549.0793295,-1.0,-1.0,3.0
1775300549.0893295,-3.0,1.0,3.0
1775300549.0993297,-2.0,1.0,10.0
1775300549.1093297,-5.0,0.0,9.0
1775300549.1193297,-5.0,0.0,9.0
1775300549.1293297,-6.0,2.0,18.0
1775300549.1393297,-6.0,1.0,15.0
1775300549.1493297,-5.0,4.0,14.0
1775300549.1593297,-2.0,0.0,12.0
1775300549.1693296,-6.0,-1.0,11.0
1775300549.1793296,-6.0,0.0,13.0
1775300549.1893296,-8.0,0.0,12.0
1775300549.1993296,-5.0,2.0,8.0
1775300549.2093296,-3.0,-2.0,10.0
1775300549.2193296,-7.0,-1.0,11.0
1775300549.2293296,-5.0,2.0,18.0
1775300549.2393296,-4.0,-1.0,13.0
1775300549.2493296,-2.0,-2.0,10.0
1775300549.2593296,-1.0,1.0,10.0
1775300549.2693295,-4.0,2.0,8.0
1775300549.2793295,-4.0,1.0,6.0
1775300549.2893295,-2.0,0.0,2.0
1775300549.2993295,0.0,0.0,0.0
1775300549.3093295,-1.0,1.0,0.0
1775300549.3193295,1.0,6.0,4.0
1775300549.3293295,4.0,1.0,9.0
1775300549.3393295,7.0,-4.0,10.0
1775300549.3493297,4.0,-3.0,7.0
1775300549.3593297,2.0,-4.0,3.0
1775300549.3693297,0.0,-4.0,4.0
1775300549.3793297,0.0,-4.0,4.0
1775300549.3893297,-4.0,-3.0,12.0
1775300549.3993297,-2.0,-3.0,15.0
1775300549.4093297,-4.0,-5.0,15.0
1775300549.4193296,0.0,-5.0,9.0
1775300549.4293296,0.0,0.0,2.0
1775300549.4393296,-1.0,3.0,5.0
1775300549.4493296,0.0,0.0,7.0
1775300549.4593296,1.0,3.0,5.0
1775300549.4693296,0.0,4.0,3.0
1775300549.4793296,2.0,2.0,1.0
1775300549.4893296,3.0,0.0,0.0
1775300549.4993296,2.0,-1.0,0.0
1775300549.5093296,0.0,-1.0,10.0
1775300549.5193295,-3.0,-2.0,8.0
1775300549.5293295,-1.0,0.0,8.0
1775300549.5393295,-2.0,-4.0,10.0
1775300549.5493295,2.0,-4.0,8.0
1775300549.5593295,0.0,-3.0,8.0
1775300549.5693295,-1.0,-2.0,15.0
1775300549.5793295,0.0,1.0,15.0
1775300549.5893295,0.0,3.0,7.0
1775300549.5993297,2.0,7.0,7.0
1775300549.6093297,-1.0,7.0,10.0
1775300549.6193297,1.0,3.0,7.0
1775300549.6293297,0.0,1.0,11.0
1775300549.6393297,-3.0,0.0,15.0
1775300549.6493297,-2.0,2.0,12.0
1775300549.6593297,-6.0,4.0,7.0
1775300549.6693296,-8.0,3.0,11.0
1775300549.6793296,-2.0,1.0,6.0
1775300549.6893296,0.0,1.0,7.0
1775300549.7003295,0.0,0.0,3.0
1775300549.7093296,2.0,-2.0,0.0
1775300549.7203295,1.0,0.0,2.0
1775300549.7293296,3.0,0.0,3.0
1775300549.7403295,7.0,1.0,1.0
1775300549.7503295,6.0,0.0,4.0
1775300549.7603295,9.0,0.0,7.0
1775300549.7703297,10.0,-2.0,9.0
1775300549.7803297,3.0,-5.0,6.0
1775300549.7903297,2.0,-6.0,7.0
1775300549.8003297,5.0,-2.0,12.0
1775300549.8103297,5.0,-4.0,13.0
1775300549.8203297,3.0,-2.0,14.0
1775300549.8303297,3.0,0.0,12.0
1775300549.8403296,0.0,-2.0,10.0
1775300549.8503296,-1.0,1.0,10.0
1775300549.8603296,-1.0,4.0,12.0
1775300549.8703296,2.0,2.0,12.0
1775300549.8803296,1.0,3.0,13.0
1775300549.8903296,1.0,4.0,16.0
1775300549.9003296,7.0,3.0,14.0
1775300549.9103296,7.0,5.0,13.0
1775300549.9203296,0.0,5.0,7.0
1775300549.9303296,-2.0,3.0,11.0
1775300549.9403296,-2.0,3.0,9.0
1775300549.9503295,-1.0,2.0,15.0
1775300549.9603295,-6.0,0.0,17.0
1775300549.9703295,-5.0,-2.0,19.0
1775300549.9803295,3.0,-4.0,24.0
1775300549.9903295,4.0,-2.0,19.0
1775300550.0003295,-1.0,0.0,11.0
1775300550.0103295,-10.0,0.0,13.0
1775300550.0203297,-13.0,0.0,18.0
1775300550.0303297,-11.0,3.0,18.0
1775300550.0403297,-8.0,4.0,21.0
1775300550.0503297,-9.0,3.0,20.0
1775300550.0603297,-3.0,0.0,20.0
1775300550.0703297,-5.0,0.0,17.0
1775300550.0803297,-4.0,3.0,9.0
1775300550.0903296,0.0,1.0,12.0
1775300550.1003296,0.0,0.0,13.0
1775300550.1103296,-1.0,3.0,19.0
1775300550.1203296,0.0,0.0,22.0
1775300550.1303296,0.0,-4.0,16.0
1775300550.1403296,2.0,-3.0,10.0
1775300550.1503296,-1.0,-3.0,10.0
1775300550.1603296,0.0,-7.0,12.0
1775300550.1703296,-3.0,-6.0,17.0
1775300550.1803296,-3.0,-8.0,20.0
1775300550.1903296,2.0,-7.0,17.0
1775300550.2003295,2.0,-6.0,13.0
1775300550.2103295,4.0,-2.0,11.0
1775300550.2203295,3.0,1.0,2.0
1775300550.2303295,-1.0,1.0,1.0
1775300550.2403295,-2.0,1.0,3.0
1775300550.2503295,-1.0,3.0,3.0
1775300550.2603295,-3.0,3.0,6.0
1775300550.2703297,0.0,4.0,7.0
1775300550.2803297,1.0,0.0,3.0
1775300550.2903297,-3.0,0.0,2.0
1775300550.3003297,-1.0,0.0,8.0
1775300550.3103297,1.0,1.0,8.0
1775300550.3203297,0.0,1.0,1.0
1775300550.3303297,4.0,-2.0,0.0
1775300550.3403296,9.0,-2.0,6.0
1775300550.3503296,6.0,-5.0,9.0
1775300550.3603296,3.0,-4.0,6.0
1775300550.3703296,1.0,0.0,5.0
1775300550.3803296,1.0,3.0,5.0
1775300550.3903296,0.0,7.0,-1.0
1775300550.4003296,4.0,5.0,0.0
1775300550.4103296,4.0,5.0,4.0
1775300550.4203296,4.0,4.0,2.0
1775300550.4303296,0.0,7.0,0.0
1775300550.4403296,1.0,7.0,-5.0
1775300550.4503295,0.0,3.0,-6.0
1775300550.4603295,-4.0,3.0,1.0
1775300550.4703295,-1.0,4.0,5.0
1775300550.4803295,2.0,4.0,5.0
1775300550.4903295,3.0,1.0,6.0
1775300550.5003295,0.0,-1.0,12.0
1775300550.5103295,0.0,-3.0,11.0
1775300550.5203297,-2.0,-4.0,9.0
1775300550.5303297,-2.0,-2.0,12.0
1775300550.5403297,-2.0,-4.0,13.0
1775300550.5503297,-5.0,-2.0,15.0
1775300550.5603297,-8.0,-2.0,15.0
1775300550.5703297,-5.0,-5.0,12.0
1775300550.5803297,-9.0,-6.0,21.0
1775300550.5903296,-5.0,-4.0,22.0
1775300550.6003296,-7.0,-2.0,19.0
1775300550.6103296,-2.0,-2.0,15.0
1775300550.6203296,-2.0,0.0,16.0
1775300550.6303296,2.0,0.0,7.0
1775300550.6403296,0.0,-2.0,7.0
1775300550.6503296,-2.0,-1.0,2.0
1775300550.6603296,-1.0,-3.0,5.0
1775300550.6703296,-5.0,-2.0,9.0
1775300550.6803296,0.0,-2.0,6.0
1775300550.6903296,3.0,-6.0,2.0
1775300550.7003295,0.0,-3.0,8.0
1775300550.7103295,-2.0,3.0,7.0
1775300550.7203295,0.0,4.0,2.0
1775300550.7303295,-3.0,2.0,5.0
1775300550.7403295,-3.0,0.0,7.0
1775300550.7503295,-6.0,1.0,8.0
1775300550.7603295,-6.0,1.0,4.0
1775300550.7703297,-5.0,0.0,5.0
1775300550.7803297,-3.0,-4.0,6.0
1775300550.7903297,0.0,-4.0,5.0
1775300550.8003297,-2.0,0.0,4.0
1775300550.8103297,-5.0,2.0,8.0
1775300550.8203297,-2.0,2.0,8.0
1775300550.8303297,-4.0,3.0,3.0
1775300550.8403296,-3.0,2.0,0.0
1775300550.8503296,-2.0,-2.0,6.0
1775300550.8603296,-1.0,0.0,12.0
1775300550.8703296,-3.0,2.0,16.0
1775300550.8803296,-3.0,1.0,14.0
1775300550.8903296,-1.0,0.0,18.0
1775300550.9003296,-1.0,-1.0,17.0
1775300550.9103296,-6.0,-4.0,15.0
1775300550.9203296,-7.0,-4.0,4.0
1775300550.9303296,-2.0,-4.0,-2.0
1775300550.9403296,1.0,-2.0,3.0
1775300550.9503295,-2.0,-4.0,4.0
1775300550.9603295,-4.0,-5.0,0.0
1775300550.9703295,-2.0,-4.0,-1.0
1775300550.9803295,-5.0,-8.0,1.0
1775300550.9903295,-3.0,-9.0,5.0
1775300551.0003295,-4.0,-8.0,4.0
1775300551.0103295,-1.0,-10.0,5.0
1775300551.0203297,-5.0,-9.0,9.0
1775300551.0303297,-4.0,-9.0,12.0
1775300551.0403297,-4.0,-10.0,12.0
1775300551.0503297,-2.0,-5.0,9.0
1775300551.0603297,-2.0,-5.0,3.0
1775300551.0703297,-2.0,-4.0,4.0
1775300551.0803297,-4.0,-5.0,12.0
1775300551.0903296,-4.0,-8.0,13.0
1775300551.1003296,-2.0,-10.0,9.0
1775300551.1103296,-1.0,-9.0,7.0
1775300551.1203296,-1.0,-6.0,10.0
1775300551.1303296,-3.0,1.0,12.0
1775300551.1403296,-4.0,1.0,11.0
1775300551.1503296,-4.0,0.0,8.0
1775300551.1603296,-4.0,-2.0,11.0
1775300551.1703296,-1.0,-1.0,18.0
1775300551.1803296,0.0,2.0,24.0
1775300551.1903296,1.0,5.0,16.0
1775300551.2003295,-1.0,4.0,9.0
1775300551.2103295,-4.0,-1.0,9.0
1775300551.2203295,-7.0,-3.0,13.0
1775300551.2303295,-5.0,0.0,8.0
1775300551.2403295,-3.0,-2.0,9.0
1775300551.2503295,-5.0,-1.0,6.0
1775300551.2603295,-1.0,-2.0,8.0
1775300551.2703297,1.0,2.0,8.0
1775300551.2803297,0.0,2.0,7.0
1775300551.2903297,0.0,3.0,14.0
1775300551.3003297,4.0,4.0,13.0
1775300551.3103297,1.0,3.0,13.0
1775300551.3203297,-1.0,0.0,7.0
1775300551.3303297,-6.0,1.0,7.0
1775300551.3403296,-10.0,1.0,8.0
1775300551.3503296,-1.0,2.0,4.0
1775300551.3603296,-4.0,4.0,9.0
1775300551.3703296,-4.0,5.0,11.0
1775300551.3803296,-4.0,5.0,13.0
1775300551.3903296,-2.0,0.0,11.0
1775300551.4003296,-7.0,1.0,14.0
1775300551.4103296,-5.0,1.0,21.0
1775300551.4203296,-2.0,0.0,16.0
1775300551.4303296,-1.0,-1.0,12.0
1775300551.4403296,-4.0,0.0,11.0
1775300551.4503295,-2.0,0.0,11.0
1775300551.4603295,-2.0,-1.0,15.0
1775300551.4703295,2.0,-2.0,14.0
1775300551.4803295,2.0,0.0,11.0
1775300551.4903295,2.0,-2.0,11.0
1775300551.5003295,5.0,-1.0,8.0
1775300551.5103295,4.0,-2.0,1.0
1775300551.5203297,0.0,-2.0,2.0
1775300551.5303297,0.0,1.0,5.0
1775300551.5413296,2.0,-2.0,12.0
1775300551.5503297,2.0,-3.0,9.0
1775300551.5603297,2.0,-4.0,6.0
1775300551.5703297,2.0,-4.0,4.0
1775300551.5803297,2.0,-4.0,3.0
1775300551.5903296,5.0,0.0,0.0
1775300551.6003296,4.0,0.0,-2.0
1775300551.6103296,0.0,-1.0,2.0
1775300551.6203296,-5.0,-2.0,9.0
1775300551.6303296,-3.0,-4.0,3.0
1775300551.6403296,-3.0,-9.0,0.0
1775300551.6503296,-10.0,-6.0,-4.0
1775300551.6603296,-8.0,-8.0,-5.0
1775300551.6703296,-8.0,-8.0,-9.0
1775300551.6803296,-4.0,-9.0,-7.0
1775300551.6903296,-4.0,-6.0,-4.0
1775300551.7003295,0.0,-1.0,-2.0
1775300551.7103295,0.0,-2.0,-4.0
1775300551.7203295,-1.0,1.0,-1.0
1775300551.7303295,-4.0,5.0,-1.0
1775300551.7403295,3.0,5.0,4.0
1775300551.7503295,4.0,5.0,5.0
1775300551.7603295,1.0,0.0,7.0
1775300551.7703297,0.0,2.0,6.0
1775300551.7803297,-1.0,3.0,11.0
1775300551.7903297,0.0,0.0,12.0
1775300551.8003297,-3.0,0.0,11.0
1775300551.8103297,0.0,3.0,15.0
1775300551.8203297,-2.0,2.0,18.0
1775300551.8303297,-3.0,2.0,15.0
1775300551.8403296,-7.0,3.0,10.0
1775300551.8503296,-7.0,0.0,14.0
1775300551.8603296,-1.0,4.0,19.0
1775300551.8703296,0.0,2.0,20.0
1775300551.8803296,1.0,-1.0,21.0
1775300551.8903296,2.0,-2.0,18.0
1775300551.9003296,6.0,-8.0,18.0
1775300551.9103296,4.0,-6.0,17.0
1775300551.9203296,3.0,-8.0,9.0
1775300551.9303296,2.0,-9.0,6.0
1775300551.9403296,-2.0,-6.0,8.0
1775300551.9503295,3.0,-5.0,11.0
1775300551.9603295,4.0,-5.0,14.0
1775300551.9713297,4.0,-3.0,15.0
1775300551.9803295,0.0,0.0,7.0
1775300551.9903295,0.0,0.0,7.0
1775300552.0003295,2.0,1.0,14.0
1775300552.0103295,6.0,0.0,16.0
1775300552.0213296,5.0,2.0,8.0
1775300552.0313296,0.0,-3.0,6.0
1775300552.0413296,0.0,-4.0,7.0
1775300552.0513296,0.0,-3.0,11.0
1775300552.0613296,-1.0,0.0,8.0
1775300552.0713296,1.0,3.0,9.0
1775300552.0813296,2.0,3.0,13.0
1775300552.0913296,-1.0,2.0,21.0
1775300552.1013296,0.0,3.0,19.0
1775300552.1113296,-4.0,-3.0,22.0
1775300552.1213295,1.0,0.0,19.0
1775300552.1313295,0.0,4.0,17.0
1775300552.1413295,0.0,3.0,15.0
1775300552.1513295,3.0,2.0,9.0
1775300552.1613295,0.0,-1.0,10.0
1775300552.1713295,-5.0,-1.0,13.0
1775300552.1813295,-9.0,-2.0,10.0
1775300552.1913297,-8.0,-3.0,19.0
1775300552.2013297,-4.0,-1.0,13.0
1775300552.2113297,-3.0,1.0,9.0
1775300552.2213297,-1.0,-2.0,9.0
1775300552.2313297,2.0,-1.0,7.0
1775300552.2413297,9.0,0.0,3.0
1775300552.2513297,9.0,0.0,12.0
1775300552.2613297,6.0,1.0,6.0
1775300552.2713296,6.0,-2.0,6.0
1775300552.2813296,7.0,-1.0,13.0
1775300552.2913296,6.0,-2.0,24.0
1775300552.3013296,1.0,0.0,23.0
1775300552.3113296,-2.0,-1.0,17.0
1775300552.3213296,-2.0,-1.0,10.0
1775300552.3313296,-2.0,-1.0,7.0
1775300552.3413296,-2.0,0.0,5.0
1775300552.3513296,-1.0,-2.0,9.0
1775300552.3613296,-3.0,2.0,9.0
1775300552.3713295,-5.0,6.0,18.0
1775300552.3813295,-3.0,7.0,19.0
1775300552.3913295,1.0,4.0,15.0
1775300552.4013295,4.0,2.0,18.0
1775300552.4113295,5.0,1.0,18.0
1775300552.4213295,2.0,-1.0,12.0
1775300552.4313295,1.0,0.0,10.0
1775300552.4413297,0.0,0.0,9.0
1775300552.4513297,2.0,1.0,16.0
1775300552.4613297,5.0,0.0,19.0
1775300552.4713297,3.0,-4.0,25.0
1775300552.4813297,3.0,-7.0,21.0
1775300552.4913297,3.0,-2.0,17.0
1775300552.5013297,1.0,2.0,13.0
1775300552.5113297,-2.0,2.0,8.0
1775300552.5213296,-1.0,4.0,7.0
1775300552.5313296,1.0,6.0,9.0
1775300552.5413296,0.0,7.0,0.0
1775300552.5513296,-3.0,0.0,5.0
1775300552.5613296,-3.0,-4.0,5.0
1775300552.5713296,-3.0,-3.0,6.0
1775300552.5813296,-2.0,0.0,3.0
1775300552.5913296,-4.0,3.0,4.0
1775300552.6013296,-4.0,1.0,5.0
1775300552.6113296,-3.0,3.0,5.0
1775300552.6213295,0.0,3.0,7.0
1775300552.6313295,0.0,0.0,13.0
1775300552.6413295,-1.0,-1.0,16.0
1775300552.6513295,-1.0,3.0,18.0
1775300552.6613295,0.0,3.0,11.0
1775300552.6713295,3.0,2.0,12.0
1775300552.6813295,3.0,3.0,13.0
1775300552.6913297,4.0,8.0,5.0
1775300552.7013297,3.0,5.0,7.0
1775300552.7113297,3.0,2.0,4.0
1775300552.7213297,3.0,-2.0,0.0
1775300552.7313297,3.0,0.0,-1.0
1775300552.7413297,2.0,0.0,2.0
1775300552.7513297,3.0,3.0,3.0
1775300552.7613297,0.0,0.0,10.0
1775300552.7713296,2.0,-2.0,14.0
1775300552.7813296,0.0,-4.0,6.0
1775300552.7913296,0.0,-3.0,13.0
1775300552.8013296,1.0,-3.0,20.0
1775300552.8113296,0.0,-5.0,17.0
1775300552.8213296,0.0,-7.0,9.0
1775300552.8313296,-2.0,-6.0,16.0
1775300552.8413296,-1.0,-6.0,13.0
1775300552.8513296,0.0,-7.0,11.0
1775300552.8613296,-1.0,-4.0,5.0
1775300552.8713295,-1.0,-1.0,0.0
1775300552.8813295,-2.0,-3.0,6.0
1775300552.8913295,-2.0,-6.0,6.0
1775300552.9013295,-2.0,-6.0,11.0
1775300552.9113295,0.0,-4.0,11.0
1775300552.9213295,0.0,-5.0,10.0
1775300552.9313295,-1.0,-5.0,3.0
1775300552.9413297,0.0,-5.0,3.0
1775300552.9513297,3.0,-6.0,4.0
1775300552.9613297,2.0,-5.0,1.0
1775300552.9713297,1.0,-4.0,-2.0
1775300552.9813297,0.0,-2.0,1.0
1775300552.9913297,0.0,0.0,0.0
1775300553.0013297,2.0,0.0,-3.0
1775300553.0113297,5.0,1.0,5.0
1775300553.0213296,7.0,0.0,5.0
1775300553.0313296,7.0,3.0,10.0
1775300553.0413296,8.0,7.0,10.0
1775300553.0513296,2.0,4.0,8.0
1775300553.0613296,0.0,0.0,7.0
1775300553.0713296,0.0,-2.0,4.0
1775300553.0813296,0.0,0.0,7.0
1775300553.0913296,0.0,2.0,8.0
1775300553.1013296,0.0,2.0,8.0
1775300553.1113296,0.0,1.0,6.0
1775300553.1213295,1.0,0.0,5.0
1775300553.1313295,-1.0,1.0,3.0
1775300553.1413295,-1.0,0.0,1.0
1775300553.1513295,0.0,-1.0,2.0
1775300553.1613295,0.0,-3.0,8.0
1775300553.1713295,-1.0,0.0,14.0
1775300553.1813295,0.0,1.0,18.0
1775300553.1913297,4.0,0.0,15.0
1775300553.2013297,1.0,-2.0,10.0
1775300553.2113297,-1.0,0.0,5.0
1775300553.2213297,-6.0,0.0,6.0
1775300553.2313297,-2.0,1.0,1.0
1775300553.2413297,0.0,3.0,1.0
1775300553.2513297,2.0,6.0,0.0
1775300553.2613297,-1.0,5.0,1.0
1775300553.2713296,0.0,5.0,-2.0
1775300553.2813296,-2.0,5.0,-1.0
1775300553.2913296,-3.0,-1.0,4.0
1775300553.3013296,0.0,-2.0,8.0
1775300553.3113296,-5.0,-5.0,10.0
1775300553.3213296,-7.0,-6.0,8.0
1775300553.3313296,-3.0,-6.0,8.0
1775300553.3413296,0.0,-3.0,9.0
1775300553.3513296,0.0,0.0,14.0
1775300553.3613296,0.0,-1.0,10.0
1775300553.3713295,-3.0,0.0,11.0
1775300553.3813295,1.0,0.0,15.0
1775300553.3913295,0.0,-4.0,13.0
1775300553.4013295,-4.0,-1.0,16.0
1775300553.4113295,-4.0,-3.0,15.0
1775300553.4213295,-8.0,-3.0,18.0
1775300553.4313295,-6.0,-1.0,19.0
1775300553.4413297,-5.0,-3.0,22.0
1775300553.4513297,-4.0,-6.0,20.0
1775300553.4613297,-4.0,-8.0,22.0
1775300553.4713297,-6.0,-8.0,24.0
1775300553.4813297,-6.0,-8.0,25.0
1775300553.4913297,-4.0,-9.0,27.0
1775300553.5013297,-6.0,-7.0,23.0
1775300553.5113297,-3.0,-4.0,17.0
1775300553.5213296,-4.0,-7.0,12.0
1775300553.5313296,-4.0,-4.0,18.0
1775300553.5413296,-2.0,-5.0,16.0
1775300553.5513296,-4.0,-6.0,16.0
1775300553.5613296,-3.0,-2.0,12.0
1775300553.5713296,0.0,0.0,15.0
1775300553.5813296,0.0,-3.0,12.0
1775300553.5913296,-2.0,-1.0,12.0
1775300553.6013296,-1.0,-1.0,14.0
1775300553.6113296,-5.0,2.0,12.0
1775300553.6213295,-4.0,-1.0,24.0
1775300553.6313295,-6.0,-1.0,21.0
1775300553.6413295,-5.0,2.0,15.0
1775300553.6513295,-4.0,2.0,15.0
1775300553.6613295,-5.0,0.0,13.0
1775300553.6713295,-3.0,0.0,10.0
1775300553.6813295,-1.0,-1.0,18.0
1775300553.6913297,0.0,1.0,15.0
1775300553.7013297,-1.0,2.0,7.0
1775300553.7113297,-1.0,2.0,7.0
1775300553.7213297,0.0,1.0,7.0
1775300553.7313297,-3.0,1.0,8.0
1775300553.7413297,-3.0,-3.0,12.0
1775300553.7513297,-5.0,-4.0,15.0
1775300553.7613297,-3.0,-4.0,19.0
1775300553.7713296,-1.0,-4.0,11.0
1775300553.7813296,-1.0,-7.0,10.0
1775300553.7913296,-4.0,-9.0,15.0
1775300553.8013296,-8.0,-7.0,16.0
1775300553.8113296,-5.0,-8.0,13.0
1775300553.8213296,-5.0,-8.0,11.0
1775300553.8313296,-9.0,-2.0,13.0
1775300553.8413296,-9.0,1.0,19.0
1775300553.8513296,-7.0,5.0,21.0
1775300553.8613296,-5.0,0.0,18.0
1775300553.8713295,-1.0,0.0,17.0
1775300553.8813295,0.0,-1.0,16.0
1775300553.8913295,0.0,-2.0,7.0
1775300553.9013295,0.0,-5.0,2.0
1775300553.9113295,-2.0,-6.0,3.0
1775300553.9213295,0.0,-1.0,4.0
1775300553.9313295,1.0,-3.0,11.0
1775300553.9413297,2.0,-3.0,11.0
1775300553.9513297,4.0,0.0,3.0
1775300553.9613297,5.0,1.0,9.0
1775300553.9713297,3.0,4.0,10.0
1775300553.9813297,0.0,0.0,8.0
1775300553.9913297,3.0,0.0,14.0
1775300554.0013297,1.0,0.0,10.0
1775300554.0113297,4.0,4.0,11.0
1775300554.0213296,1.0,4.0,18.0
1775300554.0313296,3.0,0.0,12.0
1775300554.0413296,7.0,0.0,16.0
1775300554.0513296,4.0,0.0,14.0
1775300554.0613296,6.0,0.0,11.0
1775300554.0713296,3.0,0.0,14.0
1775300554.0813296,0.0,2.0,17.0
1775300554.0913296,3.0,3.0,16.0
1775300554.1013296,2.0,2.0,13.0
1775300554.1113296,1.0,0.0,11.0
1775300554.1213295,1.0,2.0,16.0
1775300554.1313295,-1.0,1.0,17.0
1775300554.1413295,-4.0,1.0,16.0
1775300554.1513295,-4.0,0.0,11.0
1775300554.1613295,-4.0,-1.0,11.0
1775300554.1713295,-5.0,-2.0,15.0
1775300554.1813295,-5.0,0.0,16.0
1775300554.1913297,-7.0,-2.0,15.0
1775300554.2013297,-8.0,-2.0,16.0
1775300554.2113297,-5.0,-4.0,13.0
1775300554.2213297,-6.0,1.0,11.0
1775300554.2313297,-2.0,-1.0,19.0
1775300554.2413297,-4.0,0.0,13.0
1775300554.2513297,-5.0,0.0,18.0
1775300554.2613297,-1.0,0.0,18.0
1775300554.2713296,0.0,0.0,20.0
1775300554.2813296,-2.0,0.0,16.0
1775300554.2913296,-5.0,-2.0,20.0
1775300554.3023295,-6.0,0.0,14.0
1775300554.3113296,-5.0,1.0,10.0
1775300554.3223295,0.0,5.0,13.0
1775300554.3323295,4.0,5.0,12.0
1775300554.3423295,9.0,4.0,14.0
1775300554.3523295,11.0,1.0,19.0
1775300554.3623295,9.0,0.0,19.0
1775300554.3723297,10.0,-2.0,21.0
1775300554.3823297,7.0,-2.0,20.0
1775300554.3923297,6.0,-3.0,15.0
1775300554.4023297,1.0,-4.0,21.0
1775300554.4123297,0.0,-1.0,13.0
1775300554.4223297,0.0,-1.0,14.0
1775300554.4323297,0.0,-1.0,14.0
1775300554.4423296,-5.0,0.0,15.0
1775300554.4523296,-12.0,-2.0,11.0
1775300554.4623296,-10.0,1.0,1.0
1775300554.4723296,-5.0,-3.0,1.0
1775300554.4823296,-2.0,-3.0,7.0
1775300554.4923296,-3.0,0.0,13.0
1775300554.5023296,-3.0,1.0,18.0
1775300554.5123296,-3.0,0.0,17.0
1775300554.5223296,-3.0,4.0,17.0
1775300554.5323296,-1.0,5.0,16.0
1775300554.5423295,0.0,4.0,19.0
1775300554.5523295,1.0,1.0,16.0
1775300554.5623295,3.0,1.0,19.0
1775300554.5723295,11.0,2.0,24.0
1775300554.5823295,12.0,-2.0,20.0
1775300554.5923295,11.0,-1.0,24.0
1775300554.6023295,11.0,-5.0,16.0
1775300554.6123295,8.0,-6.0,12.0
1775300554.6223297,4.0,-8.0,11.0
1775300554.6323297,6.0,-8.0,11.0
1775300554.6423297,1.0,-8.0,12.0
1775300554.6523297,2.0,-7.0,13.0
1775300554.6623297,6.0,-9.0,9.0
1775300554.6723297,8.0,-6.0,9.0
1775300554.6823297,2.0,-5.0,16.0
1775300554.6923296,2.0,-7.0,12.0
1775300554.7023296,-2.0,-7.0,13.0
1775300554.7123296,1.0,-4.0,14.0
1775300554.7223296,1.0,-1.0,10.0
1775300554.7323296,2.0,-5.0,7.0
1775300554.7423296,1.0,-6.0,8.0
1775300554.7523296,0.0,-4.0,9.0
1775300554.7623296,0.0,-4.0,4.0
1775300554.7723296,0.0,-5.0,3.0
1775300554.7823296,-2.0,-6.0,0.0
1775300554.7923295,-1.0,-4.0,13.0
1775300554.8023295,0.0,-2.0,15.0
1775300554.8123295,1.0,-2.0,8.0
1775300554.8223295,1.0,-1.0,9.0
1775300554.8323295,2.0,-2.0,8.0
1775300554.8423295,0.0,-3.0,9.0
1775300554.8523295,1.0,-3.0,6.0
1775300554.8623295,0.0,-3.0,6.0
1775300554.8723297,0.0,-4.0,7.0
1775300554.8823297,-8.0,-7.0,11.0
1775300554.8923297,-7.0,-7.0,15.0
1775300554.9023297,1.0,-3.0,18.0
1775300554.9123297,7.0,-2.0,13.0
1775300554.9223297,4.0,-1.0,10.0
1775300554.9323297,5.0,1.0,10.0
1775300554.9423296,2.0,-1.0,12.0
1775300554.9523296,1.0,0.0,8.0
1775300554.9623296,3.0,0.0,6.0
1775300554.9723296,0.0,0.0,11.0
1775300554.9823296,2.0,2.0,9.0
1775300554.9923296,0.0,0.0,8.0
1775300555.0023296,-1.0,2.0,9.0
1775300555.0123296,-3.0,3.0,12.0
1775300555.0223296,0.0,6.0,8.0
1775300555.0323296,4.0,1.0,2.0
1775300555.0423295,6.0,1.0,6.0
1775300555.0523295,9.0,2.0,10.0
1775300555.0623295,7.0,4.0,13.0
1775300555.0723295,3.0,0.0,13.0
1775300555.0823295,7.0,-1.0,17.0
1775300555.0923295,6.0,-2.0,21.0
1775300555.1023295,4.0,0.0,27.0
1775300555.1123295,2.0,4.0,24.0
1775300555.1223297,-1.0,6.0,13.0
1775300555.1323297,-1.0,1.0,10.0
1775300555.1423297,-3.0,-1.0,9.0
1775300555.1523297,-9.0,-1.0,12.0
1775300555.1623297,-5.0,-3.0,13.0
1775300555.1723297,-5.0,-4.0,18.0
1775300555.1823297,-1.0,-4.0,18.0
1775300555.1923296,4.0,2.0,15.0
1775300555.2023296,8.0,-2.0,12.0
1775300555.2123296,3.0,-3.0,9.0
1775300555.2223296,0.0,-1.0,6.0
1775300555.2323296,3.0,1.0,10.0
1775300555.2423296,1.0,1.0,3.0
1775300555.2523296,1.0,-5.0,7.0
1775300555.2623296,5.0,-8.0,10.0
1775300555.2723296,0.0,-7.0,9.0
1775300555.2823296,1.0,-4.0,12.0
1775300555.2923295,4.0,-6.0,11.0
1775300555.3023295,6.0,-8.0,13.0
1775300555.3123295,7.0,-5.0,14.0
1775300555.3223295,4.0,-5.0,15.0
1775300555.3323295,6.0,-5.0,10.0
1775300555.3423295,6.0,-5.0,14.0
1775300555.3523295,-1.0,-5.0,12.0
1775300555.3623295,0.0,-2.0,11.0
1775300555.3723297,0.0,-2.0,2.0
1775300555.3823297,2.0,-3.0,0.0
1775300555.3923297,0.0,-2.0,4.0
1775300555.4023297,-3.0,-3.0,8.0
1775300555.4123297,1.0,-3.0,3.0
1775300555.4223297,-2.0,-2.0,4.0
1775300555.4323297,-4.0,-3.0,2.0
1775300555.4423296,-5.0,-6.0,1.0
1775300555.4523296,-6.0,0.0,2.0
1775300555.4623296,-3.0,0.0,6.0
1775300555.4723296,0.0,2.0,13.0
1775300555.4823296,0.0,1.0,8.0
1775300555.4923296,0.0,5.0,9.0
1775300555.5023296,-1.0,7.0,12.0
1775300555.5123296,-2.0,4.0,11.0
1775300555.5223296,-6.0,1.0,7.0
1775300555.5323296,-8.0,-4.0,8.0
1775300555.5423295,-8.0,-5.0,9.0
1775300555.5523295,-6.0,-5.0,8.0
1775300555.5623295,-9.0,-8.0,7.0
1775300555.5723295,-7.0,-5.0,15.0
1775300555.5823295,-3.0,-1.0,12.0
1775300555.5923295,0.0,-1.0,18.0
1775300555.6023295,1.0,2.0,20.0
1775300555.6123295,1.0,3.0,22.0
1775300555.6223297,2.0,0.0,17.0
1775300555.6323297,5.0,-3.0,16.0
1775300555.6423297,6.0,-3.0,15.0
1775300555.6523297,7.0,-2.0,13.0
1775300555.6623297,6.0,0.0,10.0
1775300555.6723297,7.0,-2.0,3.0
1775300555.6823297,2.0,-3.0,1.0
1775300555.6923296,-4.0,-3.0,6.0
1775300555.7023296,-2.0,-7.0,9.0
1775300555.7123296,-6.0,-7.0,11.0
1775300555.7223296,-4.0,-9.0,12.0
1775300555.7323296,-4.0,-7.0,10.0
1775300555.7423296,-4.0,-3.0,10.0
1775300555.7523296,-3.0,-1.0,11.0
1775300555.7623296,-1.0,-4.0,10.0
1775300555.7723296,-1.0,-5.0,8.0
1775300555.7823296,-1.0,-1.0,2.0
1775300555.7923295,-6.0,-4.0,2.0
1775300555.8023295,-10.0,-2.0,8.0
1775300555.8123295,-9.0,-1.0,7.0
1775300555.8223295,-11.0,-3.0,8.0
1775300555.8323295,-12.0,-5.0,14.0
1775300555.8423295,-16.0,-5.0,12.0
1775300555.8523295,-12.0,-7.0,15.0
1775300555.8623295,-5.0,-6.0,16.0
1775300555.8723297,-2.0,-2.0,14.0
1775300555.8823297,-7.0,-2.0,12.0
1775300555.8923297,-6.0,-1.0,12.0
1775300555.9023297,-4.0,1.0,11.0
1775300555.9123297,-5.0,-2.0,8.0
1775300555.9223297,-7.0,-3.0,8.0
1775300555.9323297,-6.0,-3.0,5.0
1775300555.9423296,-5.0,-1.0,3.0
1775300555.9523296,-8.0,0.0,4.0
1775300555.9623296,-8.0,2.0,9.0
1775300555.9723296,-7.0,1.0,11.0
1775300555.9823296,-2.0,0.0,10.0
1775300555.9923296,0.0,0.0,9.0
1775300556.0023296,-1.0,3.0,9.0
1775300556.0123296,-3.0,-1.0,7.0
1775300556.0223296,-2.0,-2.0,5.0
1775300556.0323296,-3.0,0.0,3.0
1775300556.0423295,2.0,1.0,1.0
1775300556.0523295,4.0,-1.0,2.0
1775300556.0623295,1.0,-2.0,0.0
1775300556.0723295,0.0,-2.0,0.0
1775300556.0823295,-2.0,-3.0,2.0
1775300556.0923295,2.0,-3.0,2.0
1775300556.1023295,4.0,0.0,7.0
1775300556.1123295,0.0,4.0,13.0
1775300556.1223297,-5.0,8.0,6.0
1775300556.1323297,-1.0,4.0,1.0
1775300556.1423297,-1.0,4.0,7.0
1775300556.1523297,2.0,6.0,9.0
1775300556.1623297,4.0,1.0,10.0
1775300556.1723297,4.0,1.0,11.0
1775300556.1823297,0.0,-1.0,12.0
1775300556.1923296,0.0,-4.0,10.0
1775300556.2023296,5.0,-2.0,2.0
1775300556.2123296,1.0,1.0,7.0
1775300556.2223296,-2.0,2.0,12.0
1775300556.2323296,0.0,2.0,14.0
1775300556.2423296,3.0,2.0,11.0
1775300556.2523296,3.0,0.0,7.0
1775300556.2623296,3.0,0.0,8.0
1775300556.2723296,3.0,-1.0,6.0
1775300556.2823296,3.0,0.0,1.0
1775300556.2923295,4.0,0.0,4.0
1775300556.3023295,3.0,1.0,12.0
1775300556.3123295,0.0,0.0,10.0
1775300556.3223295,-3.0,-1.0,13.0
1775300556.3323295,-3.0,-2.0,15.0
1775300556.3423295,-4.0,-2.0,14.0
1775300556.3523295,0.0,-3.0,6.0
1775300556.3623295,-2.0,0.0,4.0
1775300556.3723297,-5.0,-3.0,0.0
1775300556.3823297,-1.0,-5.0,0.0
1775300556.3923297,-3.0,-5.0,0.0
1775300556.4023297,-1.0,-6.0,6.0
1775300556.4123297,2.0,-3.0,15.0
1775300556.4223297,2.0,-5.0,12.0
1775300556.4323297,2.0,-8.0,10.0
1775300556.4423296,-1.0,-5.0,11.0
1775300556.4523296,-2.0,-6.0,11.0
1775300556.4623296,0.0,-7.0,12.0
1775300556.4723296,0.0,-5.0,12.0
1775300556.4823296,2.0,0.0,13.0
1775300556.4923296,0.0,-3.0,15.0
1775300556.5023296,-1.0,-4.0,11.0
1775300556.5123296,1.0,-5.0,4.0
1775300556.5223296,0.0,-9.0,5.0
1775300556.5323296,4.0,-5.0,2.0
1775300556.5423295,3.0,-3.0,3.0
1775300556.5523295,2.0,0.0,4.0
1775300556.5623295,4.0,1.0,9.0
1775300556.5723295,4.0,4.0,8.0
1775300556.5823295,4.0,2.0,3.0
1775300556.5933297,2.0,1.0,2.0
1775300556.6033297,3.0,0.0,4.0
1775300556.6133296,2.0,-1.0,6.0
1775300556.6223297,0.0,-1.0,10.0
1775300556.6333296,-2.0,-1.0,12.0
1775300556.6433296,0.0,0.0,15.0
1775300556.6533296,1.0,-3.0,9.0
1775300556.6633296,0.0,0.0,11.0
1775300556.6733296,-7.0,0.0,8.0
1775300556.6833296,-10.0,0.0,5.0
1775300556.6933296,-7.0,0.0,1.0
1775300556.7033296,-7.0,-5.0,5.0
1775300556.7133296,-8.0,-3.0,6.0
1775300556.7233295,-9.0,-3.0,10.0
1775300556.7333295,-12.0,-5.0,8.0
1775300556.7433295,-10.0,-4.0,14.0
1775300556.7533295,-6.0,-4.0,15.0
1775300556.7633295,-2.0,0.0,11.0
1775300556.7733295,-2.0,0.0,16.0
1775300556.7833295,-5.0,-3.0,14.0
1775300556.7933297,-3.0,-4.0,7.0
1775300556.8033297,0.0,-6.0,-2.0
1775300556.8133297,-1.0,-8.0,-7.0
1775300556.8233297,-3.0,-7.0,0.0
1775300556.8333297,-5.0,-9.0,3.0
1775300556.8433297,-4.0,-7.0,3.0
1775300556.8533297,0.0,-4.0,7.0
1775300556.8633296,0.0,-3.0,10.0
1775300556.8733296,0.0,-4.0,7.0
1775300556.8833296,2.0,-1.0,9.0
1775300556.8933296,-1.0,1.0,4.0
1775300556.9033296,-1.0,3.0,7.0
1775300556.9133296,0.0,3.0,7.0
1775300556.9233296,-6.0,3.0,5.0
1775300556.9333296,-8.0,-2.0,5.0
1775300556.9433296,-4.0,-6.0,12.0
1775300556.9533296,-4.0,-5.0,19.0
1775300556.9633296,0.0,-1.0,17.0
1775300556.9733295,-5.0,-1.0,13.0
1775300556.9833295,-1.0,0.0,14.0
1775300556.9933295,-3.0,2.0,22.0
1775300557.0033295,0.0,-3.0,16.0
1775300557.0133295,3.0,0.0,19.0
1775300557.0233295,1.0,-2.0,16.0
1775300557.0333295,1.0,-3.0,16.0
1775300557.0433297,6.0,-4.0,16.0
1775300557.0533297,4.0,-4.0,16.0
1775300557.0633297,2.0,-3.0,21.0
1775300557.0733297,-1.0,-3.0,21.0
1775300557.0833297,-1.0,-2.0,13.0
1775300557.0933297,-2.0,-1.0,5.0
1775300557.1033297,-1.0,-2.0,2.0
1775300557.1133296,4.0,-5.0,2.0
1775300557.1233296,0.0,-9.0,8.0
1775300557.1333296,-2.0,-11.0,11.0
1775300557.1433296,-2.0,-12.0,12.0
1775300557.1533296,0.0,-13.0,10.0
1775300557.1633296,-3.0,-11.0,9.0
1775300557.1733296,-4.0,-6.0,12.0
1775300557.1833296,-2.0,-4.0,10.0
1775300557.1933296,0.0,1.0,7.0
1775300557.2033296,2.0,0.0,7.0
1775300557.2133296,3.0,0.0,13.0
1775300557.2233295,-1.0,1.0,15.0
1775300557.2333295,1.0,4.0,13.0
1775300557.2433295,-1.0,0.0,16.0
1775300557.2533295,-7.0,-3.0,13.0
1775300557.2633295,-10.0,-1.0,14.0
1775300557.2733295,-9.0,-4.0,18.0
1775300557.2833295,-2.0,-2.0,19.0
1775300557.2933297,-2.0,-3.0,15.0
1775300557.3033297,0.0,2.0,17.0
1775300557.3133297,1.0,0.0,17.0
1775300557.3233297,2.0,-2.0,15.0
1775300557.3333297,1.0,0.0,8.0
1775300557.3433297,2.0,0.0,1.0
1775300557.3533297,-1.0,-1.0,0.0
1775300557.3633296,-2.0,0.0,0.0
1775300557.3733296,0.0,0.0,-1.0
1775300557.3833296,2.0,0.0,6.0
1775300557.3933296,0.0,5.0,12.0
1775300557.4033296,1.0,3.0,6.0
1775300557.4133296,2.0,2.0,9.0
1775300557.4233296,0.0,7.0,3.0
1775300557.4333296,-2.0,8.0,3.0
1775300557.4433296,0.0,7.0,0.0
1775300557.4533296,-1.0,5.0,-1.0
1775300557.4633296,-3.0,4.0,1.0
1775300557.4733295,-1.0,6.0,6.0
1775300557.4833295,0.0,4.0,9.0
1775300557.4933295,-4.0,5.0,9.0
1775300557.5033295,-2.0,-1.0,13.0
1775300557.5133295,1.0,0.0,11.0
1775300557.5233295,0.0,-3.0,10.0
1775300557.5333295,1.0,-6.0,5.0
1775300557.5433297,0.0,-3.0,5.0
1775300557.5533297,-1.0,-3.0,11.0
1775300557.5633297,-4.0,-5.0,14.0
1775300557.5733297,-1.0,-2.0,16.0
1775300557.5833297,-6.0,-2.0,14.0
1775300557.5933297,-7.0,-2.0,10.0
1775300557.6033297,-6.0,-2.0,11.0
1775300557.6133296,-1.0,-3.0,10.0
1775300557.6233296,-1.0,-6.0,11.0
1775300557.6333296,-4.0,-8.0,13.0
1775300557.6433296,-1.0,-4.0,13.0
1775300557.6533296,-2.0,-3.0,4.0
1775300557.6633296,0.0,-1.0,5.0
1775300557.6733296,2.0,3.0,6.0
1775300557.6833296,8.0,-1.0,3.0
1775300557.6933296,7.0,-2.0,-1.0
1775300557.7033296,5.0,0.0,1.0
1775300557.7133296,3.0,1.0,8.0
1775300557.7233295,5.0,3.0,17.0
1775300557.7333295,4.0,9.0,20.0
1775300557.7433295,5.0,8.0,17.0
1775300557.7533295,2.0,2.0,15.0
1775300557.7633295,3.0,0.0,14.0
1775300557.7733295,5.0,-2.0,14.0
1775300557.7833295,6.0,-3.0,15.0
1775300557.7933297,8.0,-10.0,13.0
1775300557.8033297,8.0,-3.0,12.0
1775300557.8133297,3.0,0.0,2.0
1775300557.8233297,2.0,0.0,-1.0
1775300557.8333297,3.0,-1.0,0.0
1775300557.8433297,1.0,1.0,1.0
1775300557.8533297,-3.0,0.0,4.0
1775300557.8633296,-3.0,0.0,8.0
1775300557.8733296,-3.0,-1.0,17.0
1775300557.8833296,-1.0,-1.0,16.0
1775300557.8933296,-1.0,-1.0,16.0
1775300557.9033296,-4.0,-2.0,17.0
1775300557.9133296,1.0,-1.0,19.0
1775300557.9233296,2.0,0.0,16.0
1775300557.9333296,0.0,1.0,13.0
1775300557.9433296,-1.0,1.0,5.0
1775300557.9533296,-5.0,0.0,10.0
1775300557.9633296,-7.0,5.0,8.0
1775300557.9733295,-5.0,7.0,7.0
1775300557.9833295,-8.0,5.0,8.0
1775300557.9933295,-5.0,0.0,8.0
1775300558.0033295,-5.0,0.0,4.0
1775300558.0133295,-8.0,1.0,4.0
1775300558.0233295,-5.0,-1.0,5.0
1775300558.0333295,-8.0,0.0,9.0
1775300558.0433297,-9.0,2.0,6.0
1775300558.0533297,-4.0,3.0,6.0
1775300558.0633297,-3.0,6.0,2.0
1775300558.0733297,-2.0,4.0,6.0
1775300558.0833297,-4.0,0.0,7.0
1775300558.0933297,-6.0,0.0,10.0
1775300558.1033297,-2.0,1.0,15.0
1775300558.1133296,-3.0,0.0,11.0
1775300558.1233296,-4.0,0.0,9.0
1775300558.1333296,-4.0,1.0,10.0
1775300558.1433296,-2.0,0.0,7.0
1775300558.1533296,-4.0,0.0,5.0
1775300558.1633296,-4.0,-1.0,8.0
1775300558.1733296,-4.0,0.0,14.0
1775300558.1833296,0.0,1.0,13.0
1775300558.1933296,0.0,4.0,10.0
1775300558.2033296,-2.0,4.0,8.0
1775300558.2133296,-2.0,5.0,3.0
1775300558.2233295,1.0,0.0,4.0
1775300558.2333295,2.0,-1.0,3.0
1775300558.2433295,2.0,-5.0,5.0
1775300558.2533295,1.0,-4.0,7.0
1775300558.2633295,2.0,-4.0,8.0
1775300558.2733295,2.0,-4.0,7.0
1775300558.2833295,-4.0,-2.0,11.0
1775300558.2933297,-5.0,-3.0,11.0
1775300558.3033297,-5.0,-3.0,7.0
1775300558.3133297,-2.0,0.0,5.0
1775300558.3233297,-4.0,-1.0,2.0
1775300558.3333297,2.0,-3.0,3.0
1775300558.3433297,0.0,-2.0,9.0
1775300558.3533297,-5.0,-1.0,12.0
1775300558.3633296,0.0,-2.0,5.0
1775300558.3733296,-6.0,-2.0,4.0
1775300558.3833296,-7.0,-1.0,6.0
1775300558.3933296,-9.0,0.0,9.0
1775300558.4033296,-11.0,0.0,13.0
1775300558.4133296,-5.0,-2.0,14.0
1775300558.4233296,0.0,0.0,20.0
1775300558.4333296,1.0,2.0,17.0
1775300558.4433296,0.0,2.0,20.0
1775300558.4533296,3.0,2.0,18.0
1775300558.4633296,2.0,1.0,10.0
1775300558.4733295,5.0,-1.0,8.0
1775300558.4833295,7.0,-5.0,1.0
1775300558.4933295,8.0,-5.0,-1.0
1775300558.5033295,11.0,-5.0,0.0
1775300558.5133295,8.0,-1.0,4.0
1775300558.5233295,4.0,-1.0,4.0
1775300558.5333295,5.0,-2.0,3.0
1775300558.5433297,8.0,-6.0,3.0
1775300558.5533297,12.0,-4.0,5.0
1775300558.5633297,9.0,-2.0,8.0
1775300558.5733297,7.0,-2.0,5.0
1775300558.5833297,6.0,-2.0,5.0
1775300558.5933297,5.0,-5.0,6.0
1775300558.6033297,5.0,-4.0,10.0
1775300558.6133296,6.0,-3.0,6.0
1775300558.6233296,5.0,-4.0,4.0
1775300558.6333296,9.0,-3.0,3.0
1775300558.6433296,9.0,-6.0,4.0
1775300558.6533296,6.0,-1.0,4.0
1775300558.6633296,1.0,-3.0,12.0
1775300558.6733296,6.0,-2.0,11.0
1775300558.6833296,5.0,-3.0,5.0
1775300558.6933296,0.0,-8.0,0.0
1775300558.7033296,-1.0,-7.0,-4.0
1775300558.7133296,-1.0,-7.0,-5.0
1775300558.7233295,2.0,-4.0,-8.0
1775300558.7333295,4.0,-2.0,-5.0
1775300558.7433295,4.0,-6.0,-3.0
1775300558.7533295,8.0,-8.0,3.0
1775300558.7633295,6.0,-3.0,7.0
1775300558.7733295,7.0,-2.0,9.0
1775300558.7833295,3.0,-2.0,8.0
1775300558.7933297,0.0,-4.0,8.0
1775300558.8033297,2.0,-8.0,8.0
1775300558.8133297,7.0,-6.0,9.0
1775300558.8233297,4.0,-6.0,11.0
1775300558.8333297,2.0,-5.0,10.0
1775300558.8433297,2.0,-4.0,13.0
1775300558.8533297,7.0,-9.0,16.0
1775300558.8633296,9.0,-3.0,13.0
1775300558.8743296,5.0,0.0,11.0
1775300558.8833296,5.0,0.0,7.0
1775300558.8933296,11.0,0.0,5.0
1775300558.9033296,3.0,-5.0,4.0
1775300558.9133296,2.0,-4.0,8.0
1775300558.9243295,4.0,-5.0,14.0
1775300558.9343295,-2.0,-4.0,15.0
1775300558.9443295,-5.0,2.0,16.0
1775300558.9543295,-7.0,1.0,11.0
1775300558.9643295,-8.0,-1.0,16.0
1775300558.9743297,-4.0,-1.0,12.0
1775300558.9843297,-2.0,-3.0,8.0
1775300558.9943297,-2.0,-1.0,2.0
1775300559.0043297,2.0,-2.0,7.0
1775300559.0143297,3.0,-3.0,11.0
1775300559.0243297,5.0,-4.0,9.0
1775300559.0343297,1.0,-2.0,5.0
1775300559.0443296,0.0,-3.0,0.0
1775300559.0543296,0.0,-1.0,1.0
1775300559.0643296,-4.0,-3.0,10.0
1775300559.0743296,-3.0,-6.0,13.0
1775300559.0843296,0.0,-4.0,8.0
1775300559.0943296,4.0,-3.0,1.0
1775300559.1043296,3.0,-2.0,8.0
1775300559.1143296,4.0,-1.0,8.0
1775300559.1243296,4.0,-1.0,4.0
1775300559.1343296,0.0,0.0,8.0
1775300559.1443295,4.0,-1.0,12.0
1775300559.1543295,6.0,-1.0,13.0
1775300559.1643295,7.0,3.0,13.0
1775300559.1743295,1.0,2.0,17.0
1775300559.1843295,2.0,-3.0,15.0
1775300559.1943295,5.0,-3.0,15.0
1775300559.2043295,10.0,-6.0,12.0
1775300559.2143295,2.0,-4.0,11.0
1775300559.2243297,1.0,0.0,11.0
1775300559.2343297,-5.0,-2.0,10.0
1775300559.2443297,-7.0,-3.0,9.0
1775300559.2543297,-9.0,0.0,1.0
1775300559.2643297,-5.0,-1.0,4.0
1775300559.2743297,-2.0,1.0,6.0
1775300559.2843297,-3.0,0.0,11.0
1775300559.2943296,1.0,0.0,14.0
1775300559.3043296,2.0,0.0,9.0
1775300559.3143296,0.0,-1.0,5.0
1775300559.3243296,-1.0,-5.0,-3.0
1775300559.3343296,0.0,-3.0,-1.0
1775300559.3443296,-5.0,0.0,-3.0
1775300559.3543296,-9.0,0.0,-1.0
1775300559.3643296,-8.0,-3.0,7.0
1775300559.3743296,-2.0,1.0,10.0
1775300559.3843296,0.0,5.0,6.0
1775300559.3943295,0.0,6.0,10.0
1775300559.4043295,2.0,1.0,5.0
1775300559.4143295,3.0,-1.0,9.0
1775300559.4243295,0.0,0.0,8.0
1775300559.4343295,-4.0,-1.0,5.0
1775300559.4443295,-9.0,-3.0,3.0
1775300559.4543295,-4.0,0.0,4.0
1775300559.4643295,-1.0,3.0,8.0
1775300559.4743297,-1.0,3.0,11.0
1775300559.4843297,-4.0,4.0,16.0
1775300559.4943297,-4.0,5.0,20.0
1775300559.5043297,-6.0,7.0,20.0
1775300559.5143297,-3.0,2.0,18.0
1775300559.5243297,-2.0,0.0,15.0
1775300559.5343297,0.0,-2.0,12.0
1775300559.5443296,-1.0,-3.0,9.0
1775300559.5543296,-1.0,0.0,9.0
1775300559.5643296,0.0,0.0,12.0
1775300559.5743296,0.0,0.0,11.0
1775300559.5843296,-3.0,4.0,10.0
1775300559.5943296,-6.0,4.0,16.0
1775300559.6043296,-9.0,4.0,16.0
1775300559.6143296,-8.0,-1.0,22.0
1775300559.6243296,-8.0,-2.0,23.0
1775300559.6343296,-6.0,0.0,23.0
1775300559.6443295,-2.0,-1.0,16.0
1775300559.6543295,-2.0,-3.0,7.0
1775300559.6643295,2.0,-4.0,10.0
1775300559.6743295,8.0,-4.0,4.0
1775300559.6843295,3.0,-1.0,6.0
1775300559.6943295,1.0,-2.0,9.0
1775300559.7043295,1.0,-5.0,8.0
1775300559.7143295,1.0,-6.0,3.0
1775300559.7243297,-2.0,-7.0,0.0
1775300559.7343297,-5.0,-7.0,-1.0
1775300559.7443297,-5.0,-5.0,5.0
1775300559.7543297,1.0,0.0,9.0
1775300559.7643297,0.0,0.0,10.0
1775300559.7743297,-4.0,3.0,9.0
1775300559.7843297,-2.0,2.0,9.0
1775300559.7943296,-1.0,1.0,15.0
1775300559.8043296,0.0,0.0,15.0
1775300559.8143296,-1.0,-3.0,13.0
1775300559.8243296,-1.0,0.0,11.0
1775300559.8343296,-2.0,-1.0,7.0
1775300559.8443296,-2.0,1.0,4.0
1775300559.8543296,3.0,2.0,15.0
1775300559.8643296,1.0,6.0,16.0
1775300559.8743296,2.0,4.0,18.0
1775300559.8843296,-1.0,8.0,10.0
1775300559.8943295,-3.0,4.0,11.0
1775300559.9043295,-4.0,4.0,11.0
1775300559.9143295,-4.0,1.0,8.0
1775300559.9243295,0.0,1.0,6.0
1775300559.9343295,3.0,2.0,6.0
1775300559.9443295,0.0,1.0,10.0
1775300559.9543295,0.0,0.0,23.0
1775300559.9643295,0.0,0.0,19.0
1775300559.9743297,4.0,0.0,8.0
1775300559.9843297,5.0,-3.0,11.0
1775300559.9943297,2.0,-5.0,9.0
1775300560.0043297,4.0,-7.0,9.0
1775300560.0143297,2.0,-8.0,3.0
1775300560.0243297,1.0,-4.0,0.0
1775300560.0343297,2.0,-3.0,-2.0
1775300560.0443296,7.0,-3.0,12.0
1775300560.0543296,5.0,-3.0,14.0
1775300560.0643296,4.0,0.0,8.0
1775300560.0743296,4.0,1.0,3.0
1775300560.0843296,7.0,1.0,-2.0
1775300560.0943296,6.0,0.0,-3.0
1775300560.1043296,4.0,1.0,-8.0
1775300560.1143296,3.0,0.0,-6.0
1775300560.1243296,2.0,0.0,1.0
1775300560.1343296,2.0,0.0,7.0
1775300560.1443295,3.0,0.0,9.0
1775300560.1543295,3.0,2.0,8.0
1775300560.1643295,0.0,3.0,11.0
1775300560.1743295,3.0,0.0,9.0
1775300560.1843295,-1.0,0.0,9.0
1775300560.1943295,-3.0,0.0,26.0
1775300560.2043295,0.0,-1.0,20.0
1775300560.2143295,1.0,0.0,20.0
1775300560.2243297,5.0,0.0,24.0
1775300560.2343297,6.0,-2.0,24.0
1775300560.2443297,4.0,-7.0,22.0
1775300560.2543297,4.0,-10.0,11.0
1775300560.2643297,4.0,-8.0,13.0
1775300560.2743297,2.0,-2.0,13.0
1775300560.2843297,-2.0,2.0,14.0
1775300560.2943296,-2.0,0.0,11.0
1775300560.3043296,-2.0,4.0,6.0
1775300560.3143296,2.0,7.0,6.0
1775300560.3243296,4.0,7.0,3.0
1775300560.3343296,1.0,4.0,8.0
1775300560.3443296,0.0,4.0,8.0
1775300560.3543296,-2.0,7.0,11.0
1775300560.3643296,-3.0,1.0,12.0
1775300560.3743296,-1.0,0.0,16.0
1775300560.3843296,-3.0,0.0,10.0
1775300560.3943295,-4.0,0.0,11.0
1775300560.4043295,0.0,-3.0,9.0
1775300560.4143295,4.0,-6.0,10.0
1775300560.4243295,1.0,-4.0,12.0
1775300560.4343295,2.0,-4.0,18.0
1775300560.4443295,-1.0,-2.0,13.0
1775300560.4543295,-3.0,2.0,9.0
1775300560.4643295,-3.0,1.0,7.0
1775300560.4743297,-4.0,0.0,8.0
1775300560.4843297,-7.0,1.0,7.0
1775300560.4943297,0.0,0.0,13.0
1775300560.5043297,4.0,0.0,10.0
1775300560.5143297,3.0,0.0,7.0
1775300560.5243297,-1.0,0.0,13.0
1775300560.5343297,0.0,-2.0,23.0
1775300560.5443296,-4.0,-1.0,15.0
1775300560.5543296,-4.0,-2.0,13.0
1775300560.5643296,-5.0,-4.0,13.0
1775300560.5743296,-5.0,4.0,16.0
1775300560.5843296,-6.0,5.0,20.0
1775300560.5943296,-2.0,1.0,18.0
1775300560.6043296,0.0,0.0,23.0
1775300560.6143296,1.0,0.0,23.0
1775300560.6243296,0.0,0.0,22.0
1775300560.6343296,-3.0,-1.0,19.0
1775300560.6443295,-4.0,3.0,18.0
1775300560.6543295,-2.0,3.0,10.0
1775300560.6643295,0.0,8.0,0.0
1775300560.6743295,1.0,5.0,-5.0
1775300560.6843295,2.0,0.0,-7.0
1775300560.6943295,0.0,4.0,3.0
1775300560.7043295,2.0,0.0,6.0
1775300560.7143295,2.0,0.0,7.0
1775300560.7243297,0.0,-2.0,-1.0
1775300560.7343297,0.0,-2.0,-3.0
1775300560.7443297,0.0,-1.0,4.0
1775300560.7543297,-1.0,-2.0,5.0
1775300560.7643297,1.0,-5.0,0.0
1775300560.7743297,1.0,-5.0,6.0
1775300560.7843297,5.0,-9.0,7.0
1775300560.7943296,8.0,-6.0,9.0
1775300560.8043296,6.0,-6.0,16.0
1775300560.8143296,4.0,-6.0,21.0
1775300560.8243296,2.0,-1.0,26.0
1775300560.8343296,0.0,-1.0,23.0
1775300560.8443296,1.0,-1.0,15.0
1775300560.8543296,3.0,0.0,18.0
1775300560.8643296,2.0,3.0,18.0
1775300560.8743296,-4.0,5.0,19.0
1775300560.8843296,-2.0,7.0,21.0
1775300560.8943295,-6.0,7.0,10.0
1775300560.9043295,-8.0,4.0,7.0
1775300560.9143295,-5.0,2.0,6.0
1775300560.9243295,-11.0,-1.0,8.0
1775300560.9343295,-9.0,0.0,3.0
1775300560.9443295,-15.0,3.0,3.0
1775300560.9543295,-12.0,1.0,7.0
1775300560.9643295,-10.0,-3.0,10.0
1775300560.9743297,-7.0,-3.0,10.0
1775300560.9843297,-4.0,-5.0,4.0
1775300560.9943297,-3.0,-6.0,1.0
1775300561.0043297,-1.0,-4.0,7.0
1775300561.0143297,4.0,0.0,9.0
1775300561.0243297,12.0,-2.0,15.0
1775300561.0343297,10.0,-1.0,17.0
1775300561.0443296,10.0,0.0,14.0
1775300561.0543296,10.0,-5.0,15.0
1775300561.0643296,6.0,-6.0,19.0
1775300561.0743296,7.0,-2.0,11.0
1775300561.0843296,3.0,-2.0,17.0
1775300561.0943296,3.0,-3.0,20.0
1775300561.1043296,0.0,-2.0,19.0
1775300561.1143296,-7.0,-3.0,12.0
1775300561.1243296,-5.0,-1.0,10.0
1775300561.1343296,-6.0,-1.0,15.0
1775300561.1443295,-5.0,3.0,17.0
1775300561.1543295,-3.0,5.0,17.0
1775300561.1643295,-5.0,3.0,15.0
1775300561.1753297,-3.0,2.0,15.0
1775300561.1853297,-3.0,5.0,14.0
1775300561.1953297,-1.0,1.0,11.0
1775300561.2053297,1.0,0.0,5.0
1775300561.2153296,-1.0,-2.0,8.0
1775300561.2253296,-5.0,0.0,10.0
1775300561.2353296,-5.0,-1.0,8.0
1775300561.2453296,-8.0,-4.0,9.0
1775300561.2553296,-7.0,-4.0,13.0
1775300561.2653296,1.0,-3.0,17.0
1775300561.2753296,2.0,0.0,18.0
1775300561.2853296,0.0,2.0,12.0
1775300561.2953296,-1.0,0.0,10.0
1775300561.3053296,-3.0,-3.0,8.0
1775300561.3153296,0.0,-1.0,3.0
1775300561.3253295,-1.0,0.0,1.0
1775300561.3353295,-1.0,2.0,4.0
1775300561.3453295,-1.0,3.0,6.0
1775300561.3553295,3.0,-1.0,11.0
1775300561.3653295,2.0,-6.0,9.0
1775300561.3753295,5.0,-7.0,11.0
1775300561.3853295,5.0,-5.0,13.0
1775300561.3953297,5.0,-2.0,10.0
1775300561.4053297,6.0,0.0,5.0
1775300561.4153297,8.0,0.0,3.0
1775300561.4253297,1.0,-3.0,4.0
1775300561.4353297,3.0,-6.0,4.0
1775300561.4453297,2.0,0.0,0.0
1775300561.4553297,4.0,-2.0,2.0
1775300561.4653296,7.0,-6.0,2.0
1775300561.4753296,6.0,-7.0,0.0
1775300561.4853296,4.0,-6.0,0.0
1775300561.4953296,4.0,-7.0,3.0
1775300561.5053296,1.0,-6.0,8.0
1775300561.5153296,2.0,-6.0,11.0
1775300561.5253296,3.0,-2.0,9.0
1775300561.5353296,1.0,-3.0,16.0
1775300561.5453296,0.0,-3.0,19.0
1775300561.5553296,4.0,-2.0,18.0
1775300561.5653296,6.0,0.0,17.0
1775300561.5753295,5.0,-2.0,14.0
1775300561.5853295,1.0,-4.0,10.0
1775300561.5953295,-4.0,-7.0,7.0
1775300561.6053295,-6.0,-12.0,7.0
1775300561.6153295,-6.0,-5.0,6.0
1775300561.6253295,-3.0,1.0,13.0
1775300561.6353295,0.0,4.0,17.0
1775300561.6453297,-1.0,4.0,18.0
1775300561.6553297,-1.0,6.0,18.0
1775300561.6653297,-2.0,3.0,7.0
1775300561.6753297,-3.0,5.0,10.0
1775300561.6853297,-2.0,0.0,11.0
1775300561.6953297,-4.0,0.0,18.0
1775300561.7053297,-5.0,1.0,15.0
1775300561.7153296,-2.0,3.0,14.0
1775300561.7253296,-1.0,2.0,20.0
1775300561.7353296,-1.0,4.0,14.0
1775300561.7453296,0.0,4.0,15.0
1775300561.7553296,0.0,5.0,10.0
1775300561.7653296,-3.0,2.0,5.0
1775300561.7753296,-7.0,2.0,7.0
1775300561.7853296,-6.0,2.0,8.0
1775300561.7953296,-7.0,-1.0,0.0
1775300561.8053296,-2.0,0.0,5.0
1775300561.8153296,0.0,-4.0,15.0
1775300561.8253295,-1.0,0.0,17.0
1775300561.8353295,-6.0,0.0,22.0
1775300561.8453295,-7.0,0.0,21.0
1775300561.8553295,-7.0,-2.0,18.0
1775300561.8653295,-4.0,0.0,13.0
1775300561.8753295,0.0,1.0,1.0
1775300561.8853295,0.0,0.0,-4.0
1775300561.8953297,1.0,-1.0,-3.0
1775300561.9053297,4.0,-1.0,-2.0
1775300561.9153297,0.0,4.0,-5.0
1775300561.9253297,-1.0,6.0,-3.0
1775300561.9353297,-1.0,5.0,3.0
1775300561.9453297,2.0,2.0,-4.0
1775300561.9553297,-1.0,3.0,0.0
1775300561.9653296,-8.0,4.0,0.0
1775300561.9753296,-12.0,6.0,2.0
1775300561.9853296,-9.0,0.0,2.0
1775300561.9953296,-7.0,0.0,6.0
1775300562.0053296,-6.0,-1.0,11.0
1775300562.0153296,-8.0,-5.0,11.0
1775300562.0253296,-7.0,-4.0,13.0
1775300562.0353296,-6.0,-2.0,15.0
1775300562.0453296,-4.0,-5.0,20.0
1775300562.0553296,-6.0,0.0,11.0
1775300562.0653296,-3.0,0.0,7.0
1775300562.0753295,-1.0,-4.0,9.0
1775300562.0853295,0.0,-3.0,10.0
1775300562.0953295,1.0,-1.0,9.0
1775300562.1053295,-3.0,0.0,11.0
1775300562.1153295,-2.0,1.0,14.0
1775300562.1253295,4.0,-2.0,17.0
1775300562.1353295,3.0,-3.0,18.0
1775300562.1453297,2.0,-6.0,19.0
1775300562.1553297,-3.0,-9.0,8.0
1775300562.1653297,-2.0,-6.0,5.0
1775300562.1753297,-2.0,-5.0,6.0
1775300562.1853297,2.0,-6.0,6.0
1775300562.1953297,0.0,-4.0,2.0
1775300562.2053297,0.0,-2.0,5.0
1775300562.2153296,5.0,-2.0,11.0
1775300562.2253296,2.0,1.0,10.0
1775300562.2353296,0.0,2.0,14.0
1775300562.2453296,0.0,5.0,15.0
1775300562.2553296,-2.0,3.0,12.0
1775300562.2653296,-4.0,3.0,8.0
1775300562.2753296,-2.0,2.0,7.0
1775300562.2853296,-8.0,1.0,7.0
1775300562.2953296,-6.0,0.0,12.0
1775300562.3053296,-7.0,-2.0,11.0
1775300562.3153296,-6.0,-5.0,16.0
1775300562.3253295,-3.0,-5.0,15.0
1775300562.3353295,-3.0,-2.0,16.0
1775300562.3453295,-7.0,-1.0,10.0
1775300562.3553295,-7.0,-2.0,8.0
1775300562.3653295,-11.0,-4.0,11.0
1775300562.3753295,-12.0,-5.0,1.0
1775300562.3853295,-14.0,-1.0,-3.0
1775300562.3953297,-13.0,-3.0,6.0
1775300562.4053297,-11.0,-4.0,5.0
1775300562.4153297,-10.0,-10.0,1.0
1775300562.4253297,-3.0,-10.0,6.0
1775300562.4353297,-5.0,-6.0,8.0
1775300562.4453297,-5.0,-2.0,10.0
1775300562.4553297,-4.0,0.0,11.0
1775300562.4653296,-3.0,0.0,12.0
1775300562.4753296,0.0,3.0,11.0
1775300562.4853296,-4.0,1.0,12.0
1775300562.4953296,-3.0,0.0,11.0
1775300562.5053296,-5.0,0.0,11.0
1775300562.5153296,-8.0,0.0,17.0
1775300562.5253296,-3.0,-3.0,18.0
1775300562.5353296,0.0,-4.0,19.0
1775300562.5453296,-3.0,-3.0,8.0
1775300562.5553296,-3.0,0.0,8.0
1775300562.5653296,-1.0,-5.0,4.0
1775300562.5753295,0.0,-7.0,2.0
1775300562.5853295,0.0,-4.0,3.0
1775300562.5953295,0.0,-5.0,0.0
1775300562.6053295,1.0,-4.0,-4.0
1775300562.6153295,4.0,-1.0,-4.0
1775300562.6253295,2.0,-5.0,-4.0
1775300562.6353295,2.0,-6.0,1.0
1775300562.6453297,7.0,-7.0,10.0
1775300562.6553297,6.0,-7.0,3.0
1775300562.6653297,6.0,-7.0,7.0
1775300562.6753297,2.0,-3.0,6.0
1775300562.6853297,-4.0,-2.0,4.0
1775300562.6953297,-1.0,-2.0,12.0
1775300562.7053297,-1.0,0.0,10.0
1775300562.7153296,-2.0,1.0,6.0
1775300562.7253296,2.0,0.0,2.0
1775300562.7353296,0.0,0.0,1.0
1775300562.7453296,-4.0,-4.0,9.0
1775300562.7553296,0.0,-7.0,11.0
1775300562.7653296,-2.0,-8.0,10.0
1775300562.7753296,-1.0,-6.0,9.0
1775300562.7853296,0.0,-1.0,5.0
1775300562.7953296,3.0,-5.0,13.0
1775300562.8053296,5.0,-3.0,15.0
1775300562.8153296,1.0,-2.0,22.0
1775300562.8253295,0.0,-5.0,25.0
1775300562.8353295,1.0,-4.0,18.0
1775300562.8453295,0.0,-6.0,14.0
1775300562.8553295,0.0,-4.0,12.0
1775300562.8653295,0.0,-2.0,14.0
1775300562.8753295,5.0,-3.0,17.0
1775300562.8853295,2.0,-3.0,9.0
1775300562.8953297,1.0,-3.0,9.0
1775300562.9053297,-1.0,-2.0,9.0
1775300562.9153297,-4.0,-5.0,0.0
1775300562.9253297,0.0,-3.0,-2.0
1775300562.9353297,0.0,2.0,-1.0
1775300562.9453297,0.0,0.0,-4.0
1775300562.9553297,1.0,-2.0,-2.0
1775300562.9653296,1.0,-3.0,2.0
1775300562.9753296,4.0,-2.0,0.0
1775300562.9853296,1.0,-1.0,-4.0
1775300562.9953296,3.0,-1.0,-4.0
1775300563.0053296,4.0,-4.0,-3.0
1775300563.0153296,0.0,-7.0,6.0
1775300563.0253296,-5.0,-10.0,5.0
1775300563.0353296,-7.0,-3.0,4.0
1775300563.0453296,-5.0,-3.0,3.0
1775300563.0553296,-1.0,0.0,10.0
1775300563.0653296,-1.0,-1.0,14.0
1775300563.0753295,-1.0,-1.0,10.0
1775300563.0853295,-4.0,0.0,1.0
1775300563.0953295,-4.0,4.0,3.0
1775300563.1053295,-1.0,2.0,6.0
1775300563.1153295,-1.0,1.0,7.0
1775300563.1253295,-2.0,3.0,12.0
1775300563.1353295,-1.0,2.0,11.0
1775300563.1453297,0.0,2.0,5.0
1775300563.1553297,3.0,-1.0,5.0
1775300563.1653297,2.0,-1.0,9.0
1775300563.1753297,0.0,0.0,4.0
1775300563.1853297,1.0,-2.0,5.0
1775300563.1953297,3.0,-4.0,3.0
1775300563.2053297,3.0,-2.0,0.0
1775300563.2153296,9.0,-1.0,3.0
1775300563.2253296,9.0,-2.0,6.0
1775300563.2353296,7.0,-1.0,9.0
1775300563.2453296,6.0,-1.0,0.0
1775300563.2553296,3.0,-3.0,1.0
1775300563.2653296,2.0,-2.0,0.0
1775300563.2753296,-1.0,0.0,8.0
1775300563.2853296,-2.0,-1.0,20.0
1775300563.2953296,-6.0,2.0,15.0
1775300563.3053296,-8.0,-4.0,12.0
1775300563.3153296,-6.0,0.0,12.0
1775300563.3253295,-9.0,2.0,14.0
1775300563.3353295,-2.0,1.0,13.0
1775300563.3453295,0.0,2.0,7.0
1775300563.3553295,2.0,0.0,5.0
1775300563.3653295,1.0,-2.0,9.0
1775300563.3753295,3.0,-2.0,5.0
1775300563.3853295,6.0,-7.0,9.0
1775300563.3953297,4.0,-8.0,8.0
1775300563.4053297,0.0,-6.0,8.0
1775300563.4153297,-1.0,-4.0,11.0
1775300563.4253297,0.0,-5.0,13.0
1775300563.4353297,0.0,-3.0,8.0
1775300563.4463296,-1.0,1.0,3.0
1775300563.4553297,-2.0,1.0,2.0
1775300563.4663296,-3.0,-2.0,0.0
1775300563.4763296,-4.0,-4.0,10.0
1775300563.4853296,-3.0,-4.0,13.0
1775300563.4963295,0.0,-6.0,10.0
1775300563.5063295,-1.0,-8.0,10.0
1775300563.5163295,-2.0,-12.0,8.0
1775300563.5263295,-1.0,-10.0,8.0
1775300563.5363295,-2.0,-9.0,10.0
1775300563.5463295,1.0,-9.0,13.0
1775300563.5563295,3.0,-7.0,12.0
1775300563.5663297,4.0,-8.0,14.0
1775300563.5763297,5.0,-6.0,7.0
1775300563.5863297,5.0,-3.0,9.0
1775300563.5963297,5.0,-4.0,8.0
1775300563.6063297,-2.0,-6.0,9.0
1775300563.6163297,-1.0,-5.0,10.0
1775300563.6263297,0.0,-2.0,10.0
1775300563.6363297,-1.0,-2.0,13.0
1775300563.6463296,3.0,-3.0,8.0
1775300563.6563296,-3.0,-2.0,7.0
1775300563.6663296,-1.0,0.0,1.0
1775300563.6763296,0.0,0.0,-8.0
1775300563.6863296,2.0,0.0,-9.0
1775300563.6963296,3.0,2.0,-6.0
1775300563.7063296,2.0,5.0,-10.0
1775300563.7163296,1.0,6.0,-6.0
1775300563.7273295,-1.0,6.0,1.0
1775300563.7363296,0.0,5.0,6.0
1775300563.7463295,5.0,3.0,7.0
1775300563.7563295,5.0,0.0,12.0
1775300563.7663295,0.0,0.0,4.0
1775300563.7763295,4.0,0.0,0.0
1775300563.7863295,4.0,-1.0,2.0
1775300563.7963295,2.0,-1.0,11.0
1775300563.8063295,0.0,1.0,11.0
1775300563.8163297,1.0,5.0,11.0
1775300563.8263297,1.0,0.0,17.0
1775300563.8363297,0.0,3.0,14.0
1775300563.8463297,3.0,2.0,3.0
1775300563.8563297,2.0,2.0,3.0
1775300563.8663297,5.0,0.0,1.0
1775300563.8763297,1.0,0.0,7.0
1775300563.8863297,1.0,1.0,3.0
1775300563.8963296,2.0,1.0,3.0
1775300563.9063296,1.0,-1.0,10.0
1775300563.9163296,0.0,1.0,13.0
1775300563.9263296,-1.0,4.0,17.0
1775300563.9363296,-2.0,1.0,15.0
1775300563.9463296,1.0,2.0,8.0
1775300563.9563296,2.0,5.0,15.0
1775300563.9663296,1.0,7.0,18.0
1775300563.9763296,2.0,4.0,12.0
1775300563.9863296,4.0,4.0,13.0
1775300563.9963295,1.0,8.0,9.0
1775300564.0063295,0.0,8.0,6.0
1775300564.0163295,0.0,7.0,5.0
1775300564.0263295,0.0,6.0,10.0
1775300564.0363295,-4.0,6.0,11.0
1775300564.0463295,-2.0,6.0,12.0
1775300564.0563295,-3.0,8.0,16.0
1775300564.0663297,-3.0,3.0,11.0
1775300564.0763297,-4.0,4.0,11.0
1775300564.0863297,-4.0,4.0,8.0
1775300564.0963297,0.0,3.0,11.0
1775300564.1063297,0.0,0.0,12.0
1775300564.1163297,0.0,0.0,14.0
1775300564.1263297,2.0,2.0,17.0
1775300564.1363297,3.0,4.0,13.0
1775300564.1463296,3.0,3.0,6.0
1775300564.1563296,3.0,0.0,9.0
1775300564.1663296,7.0,0.0,15.0
1775300564.1763296,7.0,-1.0,12.0
1775300564.1863296,5.0,-6.0,13.0
1775300564.1963296,1.0,-3.0,11.0
1775300564.2063296,8.0,-6.0,12.0
1775300564.2163296,7.0,-7.0,15.0
1775300564.2263296,7.0,-6.0,14.0
1775300564.2363296,2.0,-7.0,11.0
1775300564.2463295,0.0,-5.0,17.0
1775300564.2563295,2.0,-3.0,13.0
1775300564.2663295,3.0,-3.0,18.0
1775300564.2763295,0.0,-1.0,17.0
1775300564.2863295,-1.0,-1.0,16.0
1775300564.2963295,-1.0,-3.0,17.0
1775300564.3063295,-1.0,-3.0,20.0
1775300564.3163297,-1.0,-2.0,14.0
1775300564.3263297,-3.0,-2.0,20.0
1775300564.3363297,-5.0,-1.0,12.0
1775300564.3463297,0.0,1.0,8.0
1775300564.3563297,0.0,0.0,11.0
1775300564.3663297,-8.0,-3.0,3.0
1775300564.3763297,-10.0,0.0,6.0
1775300564.3863297,-12.0,-2.0,3.0
1775300564.3963296,-11.0,0.0,5.0
1775300564.4063296,-13.0,-3.0,0.0
1775300564.4163296,-12.0,-1.0,4.0
1775300564.4263296,-11.0,-4.0,4.0
1775300564.4363296,-5.0,-1.0,2.0
1775300564.4463296,2.0,-2.0,-2.0
1775300564.4563296,3.0,-5.0,7.0
1775300564.4663296,9.0,-2.0,8.0
1775300564.4763296,8.0,-1.0,4.0
1775300564.4863296,8.0,2.0,0.0
1775300564.4963295,8.0,0.0,0.0
1775300564.5063295,4.0,0.0,0.0
1775300564.5163295,1.0,-5.0,1.0
1775300564.5263295,1.0,-10.0,8.0
1775300564.5363295,-1.0,-8.0,12.0
1775300564.5463295,-1.0,-7.0,18.0
1775300564.5563295,0.0,-7.0,13.0
1775300564.5663297,5.0,-5.0,14.0
1775300564.5763297,9.0,-7.0,9.0
1775300564.5863297,6.0,-11.0,2.0
1775300564.5963297,5.0,-7.0,5.0
1775300564.6063297,6.0,-9.0,9.0
1775300564.6163297,2.0,-5.0,7.0
1775300564.6263297,1.0,0.0,6.0
1775300564.6363297,1.0,1.0,7.0
1775300564.6463296,3.0,0.0,10.0
1775300564.6563296,5.0,-1.0,5.0
1775300564.6663296,5.0,-7.0,9.0
1775300564.6763296,5.0,-4.0,14.0
1775300564.6863296,0.0,-2.0,15.0
1775300564.6963296,-3.0,0.0,9.0
1775300564.7063296,-2.0,-1.0,9.0
1775300564.7163296,-2.0,-3.0,9.0
1775300564.7263296,-2.0,-5.0,8.0
1775300564.7363296,-4.0,-5.0,9.0
1775300564.7463295,-7.0,-5.0,11.0
1775300564.7563295,-6.0,-5.0,8.0
1775300564.7663295,0.0,-4.0,17.0
1775300564.7763295,2.0,-5.0,16.0
1775300564.7863295,0.0,-5.0,15.0
1775300564.7963295,4.0,-2.0,19.0
1775300564.8063295,8.0,0.0,20.0
1775300564.8163297,13.0,1.0,15.0
1775300564.8263297,13.0,1.0,15.0
1775300564.8363297,11.0,0.0,18.0
1775300564.8463297,10.0,1.0,18.0
1775300564.8563297,7.0,-1.0,12.0
1775300564.8663297,3.0,-1.0,2.0
1775300564.8763297,3.0,-1.0,-5.0
1775300564.8863297,3.0,-3.0,-3.0
1775300564.8963296,2.0,-2.0,-7.0
1775300564.9063296,5.0,-6.0,-2.0
1775300564.9163296,6.0,-7.0,-2.0
1775300564.9263296,7.0,-3.0,0.0
1775300564.9363296,6.0,1.0,4.0
1775300564.9463296,8.0,0.0,1.0
1775300564.9563296,8.0,-2.0,5.0
1775300564.9663296,11.0,-2.0,0.0
1775300564.9763296,6.0,1.0,1.0
1775300564.9863296,3.0,2.0,8.0
1775300564.9963295,0.0,2.0,8.0
1775300565.0063295,0.0,0.0,11.0
1775300565.0163295,4.0,-2.0,12.0
1775300565.0263295,2.0,-2.0,18.0
1775300565.0363295,0.0,-1.0,19.0
1775300565.0463295,3.0,1.0,24.0
1775300565.0563295,1.0,0.0,19.0
1775300565.0663297,0.0,-1.0,19.0
1775300565.0763297,-3.0,-2.0,13.0
1775300565.0863297,-3.0,1.0,10.0
1775300565.0963297,-1.0,0.0,11.0
1775300565.1063297,-4.0,0.0,15.0
1775300565.1163297,-4.0,0.0,16.0
1775300565.1263297,-1.0,1.0,11.0
1775300565.1363297,1.0,3.0,9.0
1775300565.1463296,1.0,5.0,8.0
1775300565.1563296,-3.0,8.0,8.0
1775300565.1663296,0.0,7.0,5.0
1775300565.1763296,-2.0,3.0,7.0
1775300565.1863296,-1.0,-1.0,5.0
1775300565.1963296,1.0,-1.0,-2.0
1775300565.2063296,-2.0,-1.0,4.0
1775300565.2163296,1.0,-2.0,6.0
1775300565.2263296,3.0,-1.0,2.0
1775300565.2363296,3.0,-1.0,4.0
1775300565.2463295,0.0,-1.0,10.0
1775300565.2563295,-1.0,-2.0,9.0
1775300565.2663295,-2.0,-6.0,5.0
1775300565.2763295,0.0,-6.0,3.0
1775300565.2863295,-1.0,-4.0,1.0
1775300565.2963295,-4.0,-6.0,6.0
1775300565.3063295,-3.0,-7.0,9.0
1775300565.3163297,-3.0,-6.0,9.0
1775300565.3263297,-2.0,-9.0,10.0
1775300565.3363297,-4.0,-6.0,11.0
1775300565.3463297,-2.0,-3.0,11.0
1775300565.3563297,-3.0,-4.0,8.0
1775300565.3663297,-5.0,-4.0,11.0
1775300565.3763297,-2.0,-5.0,14.0
1775300565.3863297,0.0,0.0,6.0
1775300565.3963296,0.0,0.0,9.0
1775300565.4063296,-1.0,0.0,9.0
1775300565.4163296,-5.0,2.0,8.0
1775300565.4263296,-11.0,4.0,9.0
1775300565.4363296,-7.0,2.0,8.0
1775300565.4463296,-7.0,3.0,12.0
1775300565.4563296,-8.0,0.0,17.0
1775300565.4663296,-6.0,-2.0,14.0
1775300565.4763296,-6.0,-3.0,10.0
1775300565.4863296,0.0,-2.0,11.0
1775300565.4963295,1.0,-3.0,3.0
1775300565.5063295,2.0,-5.0,8.0
1775300565.5163295,0.0,-4.0,13.0
1775300565.5263295,3.0,0.0,4.0
1775300565.5363295,0.0,-2.0,0.0
1775300565.5463295,-5.0,0.0,3.0
1775300565.5563295,-2.0,-1.0,6.0
1775300565.5663297,-1.0,0.0,10.0
1775300565.5763297,0.0,-1.0,12.0
1775300565.5863297,0.0,-4.0,12.0
1775300565.5963297,2.0,-2.0,4.0
1775300565.6063297,2.0,-2.0,0.0
1775300565.6163297,-1.0,0.0,0.0
1775300565.6263297,-2.0,1.0,1.0
1775300565.6363297,-4.0,-4.0,8.0
1775300565.6463296,-7.0,-3.0,8.0
1775300565.6563296,-5.0,-2.0,6.0
1775300565.6663296,-1.0,-1.0,5.0
1775300565.6763296,0.0,0.0,12.0
1775300565.6863296,-2.0,1.0,15.0
1775300565.6963296,-3.0,1.0,14.0
1775300565.7063296,-8.0,-1.0,14.0
1775300565.7163296,-4.0,3.0,11.0
1775300565.7263296,-2.0,2.0,13.0
1775300565.7363296,0.0,1.0,10.0
1775300565.7463295,0.0,2.0,11.0
1775300565.7563295,-2.0,3.0,7.0
1775300565.7663295,0.0,6.0,7.0
1775300565.7763295,-5.0,6.0,9.0
1775300565.7873297,-2.0,6.0,12.0
1775300565.7973297,-1.0,5.0,10.0
1775300565.8073297,0.0,7.0,6.0
1775300565.8173296,-1.0,2.0,-3.0
1775300565.8273296,2.0,3.0,-1.0
1775300565.8373296,0.0,1.0,-1.0
1775300565.8473296,-2.0,1.0,5.0
1775300565.8573296,0.0,-1.0,8.0
1775300565.8673296,1.0,-3.0,11.0
1775300565.8773296,0.0,0.0,8.0
1775300565.8873296,1.0,-6.0,6.0
1775300565.8973296,2.0,-7.0,-4.0
1775300565.9073296,1.0,-4.0,4.0
1775300565.9173295,4.0,-4.0,11.0
1775300565.9273295,1.0,-3.0,12.0
1775300565.9373295,0.0,-3.0,17.0
1775300565.9473295,2.0,-1.0,15.0
1775300565.9573295,1.0,1.0,16.0
1775300565.9673295,1.0,0.0,15.0
1775300565.9773295,-2.0,0.0,19.0
1775300565.9873295,0.0,3.0,20.0
1775300565.9973297,0.0,0.0,25.0
1775300566.0073297,0.0,-1.0,28.0
1775300566.0173297,0.0,0.0,26.0
1775300566.0273297,1.0,-1.0,28.0
1775300566.0373297,-4.0,1.0,23.0
1775300566.0473297,-5.0,0.0,20.0
1775300566.0573297,-2.0,-1.0,26.0
1775300566.0673296,-2.0,-2.0,26.0
1775300566.0773296,-2.0,1.0,17.0
1775300566.0873296,-7.0,3.0,16.0
1775300566.0973296,-10.0,2.0,16.0
1775300566.1073296,-5.0,0.0,15.0
1775300566.1173296,-4.0,0.0,14.0
1775300566.1273296,-3.0,-2.0,10.0
1775300566.1373296,-1.0,0.0,13.0
1775300566.1473296,-2.0,0.0,15.0
1775300566.1573296,0.0,0.0,13.0
1775300566.1673295,1.0,0.0,6.0
1775300566.1773295,-1.0,-2.0,12.0
1775300566.1873295,-4.0,-6.0,12.0
1775300566.1973295,-1.0,-3.0,10.0
1775300566.2073295,0.0,-2.0,3.0
1775300566.2173295,-3.0,-1.0,1.0
1775300566.2273295,-5.0,0.0,12.0
1775300566.2373295,-8.0,-1.0,11.0
1775300566.2473297,-12.0,-4.0,9.0
1775300566.2573297,-12.0,-6.0,6.0
1775300566.2673297,-9.0,-4.0,5.0
1775300566.2773297,-4.0,-2.0,9.0
1775300566.2873297,-4.0,2.0,7.0
1775300566.2973297,-3.0,0.0,7.0
1775300566.3073297,0.0,-4.0,6.0
1775300566.3173296,1.0,1.0,10.0
1775300566.3273296,4.0,-1.0,14.0
1775300566.3373296,1.0,1.0,14.0
1775300566.3473296,2.0,0.0,10.0
1775300566.3573296,3.0,2.0,13.0
1775300566.3673296,1.0,1.0,17.0
1775300566.3773296,-1.0,0.0,21.0
1775300566.3873296,0.0,-2.0,28.0
1775300566.3973296,-2.0,-1.0,26.0
1775300566.4073296,3.0,-9.0,24.0
1775300566.4173295,4.0,-8.0,22.0
1775300566.4273295,0.0,-5.0,21.0
1775300566.4373295,0.0,-6.0,25.0
1775300566.4473295,0.0,-2.0,16.0
1775300566.4573295,0.0,-1.0,8.0
1775300566.4673295,5.0,0.0,6.0
1775300566.4773295,2.0,0.0,0.0
1775300566.4873295,4.0,-2.0,0.0
1775300566.4973297,0.0,1.0,1.0
1775300566.5073297,-6.0,-2.0,5.0
1775300566.5173297,-11.0,-3.0,11.0
1775300566.5273297,-10.0,-2.0,11.0
1775300566.5373297,-9.0,1.0,10.0
1775300566.5473297,-3.0,2.0,7.0
1775300566.5573297,-3.0,4.0,4.0
1775300566.5673296,-3.0,2.0,6.0
1775300566.5773296,-6.0,3.0,6.0
1775300566.5873296,-6.0,0.0,3.0
1775300566.5973296,-6.0,1.0,3.0
1775300566.6073296,-5.0,0.0,4.0
1775300566.6173296,-3.0,-2.0,2.0
1775300566.6273296,0.0,-4.0,4.0
1775300566.6373296,1.0,-4.0,8.0
1775300566.6473296,6.0,-3.0,7.0
1775300566.6573296,5.0,-1.0,8.0
1775300566.6673295,4.0,-2.0,6.0
1775300566.6773295,1.0,-2.0,2.0
1775300566.6873295,-1.0,-3.0,7.0
1775300566.6973295,1.0,-4.0,2.0
1775300566.7073295,0.0,-7.0,0.0
1775300566.7173295,0.0,-8.0,0.0
1775300566.7273295,-4.0,-9.0,1.0
1775300566.7373295,-4.0,-5.0,1.0
1775300566.7473297,-3.0,-3.0,3.0
1775300566.7573297,0.0,0.0,8.0
1775300566.7673297,0.0,1.0,1.0
1775300566.7773297,-5.0,4.0,0.0
1775300566.7873297,-3.0,5.0,3.0
1775300566.7973297,1.0,3.0,4.0
1775300566.8073297,-2.0,2.0,10.0
1775300566.8173296,0.0,2.0,6.0
1775300566.8273296,1.0,4.0,2.0
1775300566.8373296,2.0,5.0,0.0
1775300566.8473296,0.0,4.0,0.0
1775300566.8573296,0.0,5.0,0.0
1775300566.8673296,0.0,3.0,3.0
1775300566.8773296,-1.0,3.0,3.0
1775300566.8873296,-4.0,4.0,2.0
1775300566.8973296,-1.0,6.0,4.0
1775300566.9073296,-1.0,6.0,3.0
1775300566.9173295,1.0,6.0,3.0
1775300566.9273295,0.0,-2.0,6.0
1775300566.9373295,-3.0,0.0,11.0
1775300566.9473295,-4.0,0.0,10.0
1775300566.9573295,-8.0,4.0,7.0
1775300566.9673295,-9.0,4.0,5.0
1775300566.9773295,-4.0,1.0,10.0
1775300566.9873295,3.0,-3.0,4.0
1775300566.9973297,-1.0,-4.0,7.0
1775300567.0073297,-3.0,-2.0,3.0
1775300567.0173297,-2.0,-2.0,6.0
1775300567.0273297,0.0,-3.0,3.0
1775300567.0373297,1.0,-3.0,11.0
1775300567.0473297,2.0,-2.0,16.0
1775300567.0573297,0.0,4.0,12.0
1775300567.0673296,0.0,6.0,13.0
1775300567.0773296,0.0,3.0,15.0
1775300567.0873296,3.0,2.0,12.0
1775300567.0973296,6.0,0.0,10.0
1775300567.1073296,3.0,1.0,9.0
1775300567.1173296,5.0,-2.0,13.0
1775300567.1273296,7.0,-1.0,15.0
1775300567.1373296,8.0,-5.0,9.0
1775300567.1473296,1.0,-2.0,10.0
1775300567.1573296,-1.0,-4.0,9.0
1775300567.1673295,0.0,-3.0,8.0
1775300567.1773295,5.0,-6.0,6.0
1775300567.1873295,5.0,-4.0,8.0
1775300567.1973295,6.0,-5.0,14.0
1775300567.2073295,8.0,-1.0,19.0
1775300567.2173295,6.0,1.0,25.0
1775300567.2273295,9.0,2.0,23.0
1775300567.2373295,9.0,3.0,15.0
1775300567.2473297,4.0,4.0,15.0
1775300567.2573297,5.0,4.0,1.0
1775300567.2673297,0.0,3.0,10.0
1775300567.2773297,-4.0,1.0,3.0
1775300567.2873297,-1.0,0.0,3.0
1775300567.2973297,-1.0,1.0,2.0
1775300567.3073297,0.0,2.0,1.0
1775300567.3173296,0.0,0.0,3.0
1775300567.3273296,0.0,-1.0,-1.0
1775300567.3373296,3.0,-1.0,3.0
1775300567.3473296,9.0,5.0,7.0
1775300567.3573296,3.0,3.0,6.0
1775300567.3673296,6.0,-1.0,9.0
1775300567.3773296,4.0,-2.0,11.0
1775300567.3873296,6.0,-3.0,6.0
1775300567.3973296,9.0,-1.0,13.0
1775300567.4073296,8.0,0.0,13.0
1775300567.4173295,9.0,-1.0,11.0
1775300567.4273295,8.0,-1.0,13.0
1775300567.4373295,4.0,-4.0,20.0
1775300567.4473295,0.0,-6.0,25.0
1775300567.4573295,0.0,-3.0,16.0
1775300567.4673295,1.0,-4.0,18.0
1775300567.4773295,5.0,-1.0,16.0
1775300567.4873295,5.0,-5.0,14.0
1775300567.4973297,4.0,-1.0,11.0
1775300567.5073297,2.0,0.0,16.0
1775300567.5173297,3.0,0.0,16.0
1775300567.5273297,4.0,-2.0,15.0
1775300567.5373297,4.0,0.0,15.0
1775300567.5473297,6.0,5.0,14.0
1775300567.5573297,6.0,9.0,7.0
1775300567.5673296,4.0,12.0,4.0
1775300567.5773296,1.0,9.0,2.0
1775300567.5873296,1.0,9.0,5.0
1775300567.5973296,4.0,7.0,0.0
1775300567.6073296,2.0,8.0,9.0
1775300567.6173296,0.0,7.0,8.0
1775300567.6273296,-1.0,6.0,11.0
1775300567.6373296,-2.0,3.0,9.0
1775300567.6473296,-2.0,7.0,10.0
1775300567.6573296,-1.0,1.0,9.0
1775300567.6673295,2.0,0.0,4.0
1775300567.6773295,0.0,-6.0,5.0
1775300567.6873295,0.0,-5.0,9.0
1775300567.6973295,0.0,-6.0,0.0
1775300567.7073295,4.0,-3.0,-1.0
1775300567.7173295,4.0,-1.0,-5.0
1775300567.7273295,5.0,0.0,2.0
1775300567.7373295,4.0,0.0,16.0
1775300567.7473297,5.0,0.0,18.0
1775300567.7573297,6.0,0.0,15.0
1775300567.7673297,6.0,-3.0,12.0
1775300567.7773297,0.0,-1.0,10.0
1775300567.7873297,-7.0,-2.0,7.0
1775300567.7973297,-9.0,0.0,7.0
1775300567.8073297,-9.0,-3.0,7.0
1775300567.8173296,-12.0,0.0,10.0
1775300567.8273296,-11.0,-2.0,10.0
1775300567.8373296,-7.0,-4.0,12.0
1775300567.8473296,-5.0,-3.0,9.0
1775300567.8573296,-1.0,0.0,4.0
1775300567.8673296,1.0,-2.0,10.0
1775300567.8773296,2.0,-2.0,7.0
1775300567.8873296,1.0,0.0,7.0
1775300567.8973296,0.0,0.0,9.0
1775300567.9073296,-5.0,0.0,6.0
1775300567.9173295,-2.0,-1.0,-5.0
1775300567.9273295,2.0,0.0,-6.0
1775300567.9373295,2.0,2.0,-6.0
1775300567.9473295,6.0,-1.0,7.0
1775300567.9573295,6.0,0.0,8.0
1775300567.9673295,7.0,-1.0,7.0
1775300567.9773295,1.0,0.0,9.0
1775300567.9873295,3.0,0.0,22.0
1775300567.9973297,3.0,5.0,19.0
1775300568.0073297,4.0,0.0,13.0
1775300568.0173297,2.0,4.0,9.0
1775300568.0283296,3.0,2.0,7.0
1775300568.0373297,2.0,2.0,14.0
1775300568.0473297,-4.0,1.0,15.0
1775300568.0573297,0.0,0.0,9.0
1775300568.0683296,0.0,-3.0,6.0
1775300568.0783296,0.0,-4.0,1.0
1775300568.0883296,5.0,-6.0,4.0
1775300568.0983295,3.0,-7.0,7.0
1775300568.1083295,0.0,-6.0,6.0
1775300568.1183295,2.0,-1.0,3.0
1775300568.1283295,10.0,0.0,5.0
1775300568.1383295,9.0,0.0,11.0
1775300568.1483295,1.0,-1.0,5.0
1775300568.1583295,0.0,-5.0,3.0
1775300568.1683297,-1.0,-5.0,1.0
1775300568.1783297,-3.0,-3.0,5.0
1775300568.1883297,0.0,-4.0,8.0
1775300568.1983297,2.0,-6.0,4.0
1775300568.2083297,5.0,-5.0,9.0
1775300568.2183297,8.0,-1.0,12.0
1775300568.2283297,6.0,-2.0,9.0
1775300568.2383296,2.0,-2.0,3.0
1775300568.2483296,3.0,-2.0,0.0
1775300568.2583296,1.0,2.0,0.0
1775300568.2683296,-5.0,1.0,9.0
1775300568.2783296,-3.0,0.0,12.0
1775300568.2883296,-7.0,-4.0,10.0
1775300568.2983296,-6.0,-2.0,7.0
1775300568.3083296,-6.0,-1.0,8.0
1775300568.3183296,-7.0,-3.0,9.0
1775300568.3283296,-3.0,-6.0,6.0
1775300568.3383296,-7.0,-4.0,4.0
1775300568.3483295,-4.0,-2.0,5.0
1775300568.3583295,-4.0,-6.0,10.0
1775300568.3683295,1.0,-8.0,5.0
1775300568.3783295,0.0,-7.0,4.0
1775300568.3883295,-2.0,-3.0,5.0
1775300568.3983295,0.0,-3.0,10.0
1775300568.4083295,1.0,0.0,10.0
1775300568.4183297,1.0,-2.0,13.0
1775300568.4283297,2.0,0.0,5.0
1775300568.4383297,3.0,0.0,1.0
1775300568.4483297,7.0,-5.0,3.0
1775300568.4583297,9.0,-4.0,13.0
1775300568.4683297,7.0,-6.0,13.0
1775300568.4783297,8.0,-2.0,9.0
1775300568.4883296,7.0,3.0,13.0
1775300568.4983296,0.0,3.0,16.0
1775300568.5083296,1.0,-2.0,19.0
1775300568.5183296,0.0,0.0,16.0
1775300568.5283296,-1.0,-3.0,11.0
1775300568.5383296,-3.0,-6.0,6.0
1775300568.5483296,-5.0,-5.0,3.0
1775300568.5583296,-8.0,-6.0,4.0
1775300568.5683296,-8.0,-4.0,9.0
1775300568.5783296,-2.0,-6.0,5.0
1775300568.5883296,2.0,-9.0,3.0
1775300568.5983295,3.0,-8.0,8.0
1775300568.6083295,5.0,-8.0,10.0
1775300568.6183295,10.0,-2.0,12.0
1775300568.6283295,7.0,-1.0,16.0
1775300568.6383295,1.0,-2.0,14.0
1775300568.6483295,-2.0,1.0,15.0
1775300568.6583295,-1.0,2.0,11.0
1775300568.6683297,0.0,6.0,7.0
1775300568.6783297,-2.0,6.0,11.0
1775300568.6883297,0.0,-3.0,6.0
1775300568.6983297,0.0,-2.0,8.0
1775300568.7083297,0.0,1.0,8.0
1775300568.7183297,2.0,6.0,14.0
1775300568.7283297,0.0,6.0,14.0
1775300568.7383296,2.0,6.0,16.0
1775300568.7483296,-1.0,8.0,8.0
1775300568.7583296,-2.0,11.0,6.0
1775300568.7683296,0.0,10.0,13.0
1775300568.7783296,2.0,8.0,8.0
1775300568.7883296,2.0,4.0,9.0
1775300568.7983296,1.0,1.0,9.0
1775300568.8083296,0.0,-3.0,9.0
1775300568.8183296,0.0,-2.0,10.0
1775300568.8283296,0.0,-2.0,10.0
1775300568.8383296,4.0,-1.0,13.0
1775300568.8483295,4.0,2.0,10.0
1775300568.8583295,3.0,0.0,1.0
1775300568.8683295,1.0,-1.0,-2.0
1775300568.8783295,0.0,0.0,-4.0
1775300568.8883295,1.0,-3.0,-2.0
1775300568.8983295,1.0,-3.0,0.0
1775300568.9083295,2.0,-5.0,1.0
1775300568.9183297,1.0,-4.0,2.0
1775300568.9283297,0.0,-4.0,3.0
1775300568.9383297,1.0,-5.0,5.0
1775300568.9483297,1.0,-3.0,4.0
1775300568.9583297,0.0,-2.0,8.0
1775300568.9683297,2.0,-3.0,5.0
1775300568.9783297,7.0,-1.0,13.0
1775300568.9883296,7.0,1.0,13.0
1775300568.9983296,7.0,-2.0,18.0
1775300569.0083296,7.0,-2.0,18.0
1775300569.0183296,7.0,-5.0,19.0
1775300569.0283296,5.0,-6.0,11.0
1775300569.0383296,7.0,-6.0,11.0
1775300569.0483296,7.0,-7.0,13.0
1775300569.0583296,5.0,-7.0,10.0
1775300569.0683296,8.0,-14.0,14.0
1775300569.0783296,5.0,-12.0,12.0
1775300569.0883296,2.0,-5.0,9.0
1775300569.0983295,2.0,0.0,12.0
1775300569.1083295,2.0,-4.0,14.0
1775300569.1183295,2.0,-1.0,11.0
1775300569.1283295,2.0,-1.0,11.0
1775300569.1383295,1.0,-4.0,9.0
1775300569.1483295,0.0,-5.0,8.0
1775300569.1583295,2.0,-5.0,2.0
1775300569.1683297,4.0,0.0,8.0
1775300569.1783297,9.0,3.0,12.0
1775300569.1883297,4.0,6.0,10.0
1775300569.1983297,2.0,9.0,3.0
1775300569.2083297,0.0,9.0,-3.0
1775300569.2183297,0.0,5.0,-2.0
1775300569.2283297,0.0,0.0,-6.0
1775300569.2383296,3.0,0.0,-11.0
1775300569.2483296,0.0,-4.0,-13.0
1775300569.2583296,0.0,-4.0,-13.0
1775300569.2683296,2.0,-4.0,-9.0
1775300569.2783296,1.0,-1.0,-5.0
1775300569.2883296,-1.0,-3.0,0.0
1775300569.2983296,0.0,-3.0,-1.0
1775300569.3083296,1.0,-3.0,2.0
1775300569.3183296,1.0,-6.0,10.0
1775300569.3283296,0.0,-7.0,8.0
1775300569.3383296,0.0,-5.0,6.0
1775300569.3483295,-1.0,-8.0,8.0
1775300569.3583295,0.0,-8.0,15.0
1775300569.3683295,2.0,-7.0,14.0
1775300569.3783295,2.0,-7.0,9.0
1775300569.3883295,1.0,-6.0,10.0
1775300569.3983295,-3.0,-3.0,15.0
1775300569.4083295,-3.0,-4.0,14.0
1775300569.4183297,0.0,-2.0,10.0
1775300569.4283297,0.0,0.0,7.0
1775300569.4383297,0.0,-2.0,10.0
1775300569.4483297,0.0,-2.0,15.0
1775300569.4583297,0.0,-4.0,19.0
1775300569.4683297,-3.0,-4.0,23.0
1775300569.4783297,-4.0,-3.0,21.0
1775300569.4883296,-3.0,0.0,16.0
1775300569.4983296,-5.0,-2.0,9.0
1775300569.5083296,0.0,0.0,6.0
1775300569.5183296,3.0,2.0,4.0
1775300569.5283296,0.0,0.0,9.0
1775300569.5383296,-2.0,-3.0,6.0
1775300569.5483296,-9.0,-6.0,6.0
1775300569.5583296,-6.0,-4.0,7.0
1775300569.5683296,-4.0,-3.0,7.0
1775300569.5783296,0.0,1.0,4.0
1775300569.5883296,2.0,-1.0,7.0
1775300569.5983295,1.0,-1.0,7.0
1775300569.6083295,-2.0,-1.0,5.0
1775300569.6183295,-2.0,0.0,10.0
1775300569.6283295,2.0,-2.0,1.0
1775300569.6383295,0.0,0.0,2.0
1775300569.6483295,2.0,-1.0,-2.0
1775300569.6583295,3.0,0.0,-1.0
1775300569.6683297,2.0,2.0,4.0
1775300569.6783297,5.0,2.0,6.0
1775300569.6883297,1.0,0.0,8.0
1775300569.6983297,0.0,-1.0,9.0
1775300569.7083297,2.0,-2.0,11.0
1775300569.7183297,7.0,-1.0,14.0
1775300569.7283297,7.0,-2.0,13.0
1775300569.7383296,5.0,-2.0,11.0
1775300569.7483296,8.0,1.0,10.0
1775300569.7583296,9.0,-2.0,13.0
1775300569.7683296,6.0,-3.0,8.0
1775300569.7783296,5.0,-7.0,11.0
1775300569.7883296,6.0,-7.0,11.0
1775300569.7983296,7.0,-7.0,3.0
1775300569.8083296,6.0,-4.0,-2.0
1775300569.8183296,3.0,-4.0,-3.0
1775300569.8283296,5.0,-3.0,4.0
1775300569.8383296,6.0,-5.0,8.0
1775300569.8483295,4.0,-6.0,8.0
1775300569.8583295,3.0,-10.0,5.0
1775300569.8683295,1.0,-8.0,12.0
1775300569.8783295,-4.0,-7.0,14.0
1775300569.8883295,1.0,-11.0,18.0
1775300569.8983295,1.0,-7.0,11.0
1775300569.9083295,5.0,-7.0,8.0
1775300569.9183297,1.0,-2.0,6.0
1775300569.9283297,0.0,-2.0,9.0
1775300569.9383297,1.0,-3.0,6.0
1775300569.9483297,2.0,-4.0,4.0
1775300569.9583297,2.0,-5.0,7.0
1775300569.9683297,0.0,-5.0,10.0
1775300569.9783297,0.0,-2.0,13.0
1775300569.9883296,-1.0,-4.0,13.0
1775300569.9983296,1.0,-4.0,6.0
1775300570.0083296,8.0,-2.0,5.0
1775300570.0183296,6.0,-3.0,2.0
1775300570.0283296,0.0,-3.0,1.0
1775300570.0383296,0.0,-5.0,9.0
1775300570.0483296,-1.0,-5.0,14.0
1775300570.0583296,1.0,-5.0,11.0
1775300570.0683296,1.0,-8.0,8.0
1775300570.0783296,4.0,-7.0,14.0
1775300570.0883296,0.0,-3.0,15.0
1775300570.0983295,4.0,-4.0,11.0
1775300570.1083295,3.0,-5.0,10.0
1775300570.1183295,2.0,-7.0,9.0
1775300570.1283295,5.0,-6.0,3.0
1775300570.1383295,4.0,-3.0,8.0
1775300570.1483295,3.0,0.0,16.0
1775300570.1583295,2.0,1.0,11.0
1775300570.1683297,2.0,3.0,5.0
1775300570.1783297,3.0,-1.0,-1.0
1775300570.1883297,2.0,0.0,0.0
1775300570.1983297,-2.0,0.0,11.0
1775300570.2083297,-4.0,2.0,18.0
1775300570.2183297,-5.0,6.0,17.0
1775300570.2283297,-2.0,9.0,13.0
1775300570.2383296,0.0,7.0,15.0
1775300570.2483296,0.0,7.0,16.0
1775300570.2583296,0.0,7.0,11.0
1775300570.2683296,1.0,5.0,12.0
1775300570.2783296,5.0,3.0,14.0
1775300570.2883296,7.0,1.0,8.0
1775300570.2983296,2.0,4.0,2.0
1775300570.3083296,-3.0,0.0,3.0
1775300570.3183296,0.0,0.0,4.0
1775300570.3283296,2.0,0.0,8.0
1775300570.3383296,3.0,-1.0,2.0
1775300570.3483295,2.0,5.0,0.0
1775300570.3593297,3.0,5.0,0.0
1775300570.3683295,1.0,3.0,0.0
1775300570.3783295,1.0,-1.0,3.0
1775300570.3893297,2.0,-6.0,5.0
1775300570.3993297,1.0,-8.0,4.0
1775300570.4093297,2.0,-3.0,2.0
1775300570.4193296,0.0,2.0,0.0
1775300570.4293296,-2.0,-1.0,2.0
1775300570.4393296,-2.0,-4.0,2.0
1775300570.4493296,2.0,0.0,6.0
1775300570.4593296,2.0,4.0,6.0
1775300570.4693296,0.0,3.0,11.0
1775300570.4793296,3.0,4.0,14.0
1775300570.4893296,0.0,6.0,13.0
1775300570.4993296,0.0,5.0,16.0
1775300570.5093296,1.0,2.0,19.0
1775300570.5193295,4.0,-3.0,17.0
1775300570.5283296,6.0,-1.0,18.0
1775300570.5383296,9.0,3.0,18.0
1775300570.5493295,7.0,7.0,14.0
1775300570.5593295,6.0,6.0,12.0
1775300570.5693295,6.0,4.0,10.0
1775300570.5793295,6.0,1.0,9.0
1775300570.5893295,9.0,0.0,7.0
1775300570.5993297,8.0,-2.0,1.0
1775300570.6093297,9.0,-4.0,6.0
1775300570.6193297,5.0,-3.0,8.0
1775300570.6293297,3.0,0.0,2.0
1775300570.6393297,7.0,3.0,2.0
1775300570.6493297,1.0,6.0,0.0
1775300570.6593297,-4.0,1.0,0.0
1775300570.6693296,-3.0,2.0,4.0
1775300570.6793296,-2.0,2.0,9.0
1775300570.6893296,0.0,0.0,6.0
1775300570.6993296,0.0,-3.0,1.0
1775300570.7093296,-3.0,-3.0,0.0
1775300570.7193296,-3.0,-6.0,2.0
1775300570.7293296,0.0,-10.0,-3.0
1775300570.7393296,0.0,-10.0,-6.0
1775300570.7493296,-2.0,-12.0,-1.0
1775300570.7593296,-4.0,-6.0,-3.0
1775300570.7693295,0.0,-4.0,-2.0
1775300570.7793295,2.0,-3.0,0.0
1775300570.7893295,0.0,-2.0,0.0
1775300570.7993295,2.0,0.0,6.0
1775300570.8093295,1.0,0.0,11.0
1775300570.8193295,7.0,3.0,8.0
1775300570.8293295,3.0,2.0,10.0
1775300570.8393295,3.0,0.0,16.0
1775300570.8493297,1.0,-2.0,12.0
1775300570.8593297,2.0,-2.0,16.0
1775300570.8693297,2.0,-1.0,15.0
1775300570.8793297,3.0,-2.0,18.0
1775300570.8893297,0.0,-4.0,16.0
1775300570.8993297,0.0,0.0,17.0
1775300570.9093297,0.0,0.0,14.0
1775300570.9193296,-2.0,-2.0,12.0
1775300570.9293296,-3.0,1.0,9.0
1775300570.9393296,-6.0,1.0,6.0
1775300570.9493296,-6.0,0.0,13.0
1775300570.9593296,0.0,0.0,16.0
1775300570.9693296,-5.0,-1.0,10.0
1775300570.9793296,-5.0,-3.0,6.0
1775300570.9893296,-5.0,-5.0,0.0
1775300570.9993296,-4.0,-8.0,3.0
1775300571.0093296,-1.0,-9.0,9.0
1775300571.0193295,3.0,-6.0,11.0
1775300571.0293295,0.0,-1.0,14.0
1775300571.0393295,1.0,0.0,12.0
1775300571.0493295,1.0,0.0,12.0
1775300571.0593295,-1.0,-4.0,14.0
1775300571.0693295,0.0,-5.0,20.0
1775300571.0793295,1.0,-3.0,20.0
1775300571.0893295,1.0,-2.0,11.0
1775300571.0993297,-6.0,-1.0,6.0
1775300571.1093297,-5.0,-5.0,7.0
1775300571.1193297,-3.0,-6.0,10.0
1775300571.1293297,-2.0,-4.0,7.0
1775300571.1393297,2.0,0.0,7.0
1775300571.1493297,5.0,1.0,7.0
1775300571.1593297,4.0,3.0,6.0
1775300571.1693296,6.0,1.0,9.0
1775300571.1793296,5.0,0.0,1.0
1775300571.1893296,0.0,3.0,1.0
1775300571.1993296,0.0,4.0,8.0
1775300571.2093296,3.0,5.0,7.0
1775300571.2193296,-1.0,3.0,0.0
1775300571.2293296,-2.0,0.0,-4.0
1775300571.2393296,0.0,-7.0,-5.0
1775300571.2493296,1.0,-5.0,-7.0
1775300571.2593296,2.0,0.0,-5.0
1775300571.2693295,2.0,0.0,-3.0
1775300571.2793295,-3.0,0.0,3.0
1775300571.2893295,-3.0,4.0,8.0
1775300571.2993295,-3.0,4.0,6.0
1775300571.3093295,0.0,5.0,4.0
1775300571.3193295,0.0,5.0,-2.0
1775300571.3293295,0.0,1.0,0.0
1775300571.3393295,0.0,-1.0,1.0
1775300571.3493297,0.0,-1.0,4.0
1775300571.3593297,0.0,0.0,3.0
1775300571.3693297,0.0,-3.0,9.0
1775300571.3793297,-1.0,-1.0,10.0
1775300571.3893297,0.0,0.0,7.0
1775300571.3993297,-3.0,-1.0,4.0
1775300571.4093297,-1.0,-3.0,4.0
1775300571.4193296,-2.0,-3.0,0.0
1775300571.4293296,-1.0,-3.0,-6.0
1775300571.4393296,1.0,-3.0,-5.0
1775300571.4493296,1.0,0.0,-1.0
1775300571.4593296,3.0,-4.0,0.0
1775300571.4693296,2.0,-6.0,5.0
1775300571.4793296,-1.0,-7.0,9.0
1775300571.4893296,3.0,-11.0,12.0
1775300571.4993296,0.0,-9.0,9.0
1775300571.5093296,-2.0,-11.0,11.0
1775300571.5193295,0.0,-11.0,10.0
1775300571.5293295,-1.0,-6.0,8.0
1775300571.5393295,-4.0,-8.0,9.0
1775300571.5493295,-2.0,-8.0,1.0
1775300571.5593295,-1.0,-9.0,-2.0
1775300571.5693295,-1.0,-12.0,0.0
1775300571.5793295,-2.0,-6.0,3.0
1775300571.5893295,-3.0,-4.0,6.0
1775300571.5993297,1.0,-2.0,3.0
1775300571.6093297,0.0,-3.0,0.0
1775300571.6193297,3.0,-8.0,0.0
1775300571.6293297,8.0,-7.0,0.0
1775300571.6393297,7.0,-5.0,0.0
1775300571.6493297,14.0,-2.0,-3.0
1775300571.6593297,15.0,-2.0,-1.0
1775300571.6693296,16.0,-3.0,5.0
1775300571.6793296,15.0,-4.0,6.0
1775300571.6893296,9.0,-4.0,7.0
1775300571.6993296,7.0,-7.0,12.0
1775300571.7093296,8.0,-5.0,15.0
1775300571.7193296,5.0,-3.0,20.0
1775300571.7293296,1.0,0.0,29.0
1775300571.7393296,-3.0,-1.0,21.0
1775300571.7493296,-1.0,-2.0,21.0
1775300571.7593296,1.0,-4.0,18.0
1775300571.7693295,4.0,-6.0,19.0
1775300571.7793295,1.0,0.0,9.0
1775300571.7893295,-2.0,-4.0,6.0
1775300571.7993295,-1.0,-4.0,9.0
1775300571.8093295,-1.0,-2.0,1.0
1775300571.8193295,4.0,-5.0,7.0
1775300571.8293295,6.0,-6.0,12.0
1775300571.8393295,1.0,-4.0,11.0
1775300571.8493297,0.0,-5.0,10.0
1775300571.8593297,4.0,-4.0,9.0
1775300571.8693297,6.0,-4.0,10.0
1775300571.8793297,9.0,-8.0,14.0
1775300571.8893297,4.0,-10.0,12.0
1775300571.8993297,2.0,-10.0,12.0
1775300571.9093297,5.0,-10.0,15.0
1775300571.9193296,7.0,-7.0,12.0
1775300571.9293296,5.0,-4.0,6.0
1775300571.9393296,9.0,0.0,5.0
1775300571.9493296,9.0,0.0,7.0
1775300571.9593296,8.0,-3.0,3.0
1775300571.9693296,5.0,0.0,8.0
1775300571.9793296,4.0,-1.0,6.0
1775300571.9893296,1.0,-2.0,7.0
1775300571.9993296,0.0,-6.0,6.0
1775300572.0093296,0.0,-6.0,12.0
1775300572.0193295,5.0,-5.0,15.0
1775300572.0293295,5.0,-1.0,16.0
1775300572.0393295,-1.0,2.0,16.0
1775300572.0493295,-4.0,7.0,11.0
1775300572.0593295,-1.0,6.0,10.0
1775300572.0693295,1.0,1.0,10.0
1775300572.0793295,4.0,4.0,5.0
1775300572.0893295,1.0,2.0,9.0
1775300572.0993297,0.0,0.0,15.0
1775300572.1093297,4.0,-2.0,16.0
1775300572.1193297,0.0,-4.0,20.0
1775300572.1293297,3.0,-2.0,25.0
1775300572.1393297,5.0,-3.0,25.0
1775300572.1493297,1.0,1.0,21.0
1775300572.1593297,0.0,4.0,21.0
1775300572.1693296,0.0,3.0,17.0
1775300572.1793296,1.0,4.0,13.0
1775300572.1893296,0.0,0.0,13.0
1775300572.1993296,-1.0,1.0,12.0
1775300572.2093296,-1.0,1.0,12.0
1775300572.2193296,1.0,-3.0,7.0
1775300572.2293296,3.0,-4.0,9.0
1775300572.2393296,0.0,-10.0,3.0
1775300572.2493296,-1.0,-13.0,6.0
1775300572.2593296,1.0,-11.0,8.0
1775300572.2693295,2.0,-10.0,6.0
1775300572.2793295,3.0,-7.0,-2.0
1775300572.2893295,2.0,-9.0,0.0
1775300572.2993295,4.0,-3.0,11.0
1775300572.3093295,2.0,0.0,8.0
1775300572.3193295,-3.0,1.0,7.0
1775300572.3293295,-1.0,3.0,11.0
1775300572.3393295,0.0,3.0,12.0
1775300572.3493297,4.0,1.0,6.0
1775300572.3593297,10.0,2.0,13.0
1775300572.3693297,5.0,4.0,15.0
1775300572.3793297,2.0,6.0,13.0
1775300572.3893297,6.0,5.0,15.0
1775300572.3993297,4.0,3.0,13.0
1775300572.4093297,2.0,0.0,12.0
1775300572.4193296,1.0,1.0,13.0
1775300572.4293296,0.0,2.0,14.0
1775300572.4393296,0.0,2.0,15.0
1775300572.4493296,-1.0,1.0,11.0
1775300572.4593296,3.0,4.0,6.0
1775300572.4693296,3.0,2.0,5.0
1775300572.4793296,0.0,2.0,8.0
1775300572.4893296,-2.0,1.0,14.0
1775300572.4993296,-5.0,-2.0,20.0
1775300572.5093296,-2.0,-2.0,16.0
1775300572.5193295,0.0,3.0,17.0
1775300572.5293295,1.0,3.0,16.0
1775300572.5393295,1.0,3.0,11.0
1775300572.5493295,1.0,1.0,11.0
1775300572.5593295,-3.0,4.0,9.0
1775300572.5693295,-3.0,4.0,12.0
1775300572.5793295,-1.0,8.0,15.0
1775300572.5893295,-2.0,4.0,11.0
1775300572.5993297,0.0,3.0,8.0
1775300572.6093297,1.0,6.0,9.0
1775300572.6193297,1.0,0.0,6.0
1775300572.6303296,2.0,0.0,5.0
1775300572.6393297,3.0,-1.0,7.0
1775300572.6493297,7.0,0.0,13.0
1775300572.6603296,6.0,0.0,17.0
1775300572.6693296,3.0,1.0,20.0
1775300572.6803296,3.0,2.0,21.0
1775300572.6903296,5.0,2.0,17.0
1775300572.7003295,4.0,0.0,8.0
1775300572.7103295,7.0,3.0,7.0
1775300572.7203295,3.0,4.0,8.0
1775300572.7303295,2.0,8.0,3.0
1775300572.7403295,3.0,11.0,6.0
1775300572.7503295,6.0,6.0,10.0
1775300572.7603295,5.0,3.0,11.0
1775300572.7703297,5.0,0.0,16.0
1775300572.7803297,4.0,0.0,14.0
1775300572.7903297,5.0,1.0,6.0
1775300572.8003297,6.0,-1.0,8.0
1775300572.8103297,-1.0,-3.0,-1.0
1775300572.8203297,1.0,-4.0,0.0
1775300572.8303297,-1.0,-4.0,13.0
1775300572.8413296,-3.0,-10.0,16.0
1775300572.8503296,0.0,-4.0,13.0
1775300572.8603296,1.0,-5.0,17.0
1775300572.8703296,4.0,-4.0,11.0
1775300572.8803296,6.0,-1.0,14.0
1775300572.8903296,5.0,0.0,8.0
1775300572.9003296,2.0,0.0,9.0
1775300572.9103296,-1.0,0.0,5.0
1775300572.9203296,-3.0,4.0,3.0
1775300572.9303296,-2.0,0.0,2.0
1775300572.9403296,-3.0,1.0,-2.0
1775300572.9503295,-1.0,0.0,1.0
1775300572.9603295,2.0,1.0,3.0
1775300572.9703295,1.0,-2.0,4.0
1775300572.9803295,5.0,-1.0,6.0
1775300572.9903295,1.0,1.0,-1.0
1775300573.0003295,-2.0,1.0,-1.0
1775300573.0103295,3.0,-2.0,-4.0
1775300573.0203297,5.0,-3.0,-6.0
1775300573.0303297,9.0,-1.0,-4.0
1775300573.0403297,6.0,-2.0,-2.0
1775300573.0503297,1.0,-5.0,8.0
1775300573.0603297,1.0,-1.0,9.0
1775300573.0703297,-1.0,-3.0,3.0
1775300573.0803297,-1.0,0.0,2.0
1775300573.0903296,0.0,0.0,10.0
1775300573.1003296,5.0,0.0,13.0
1775300573.1103296,3.0,3.0,10.0
1775300573.1203296,2.0,5.0,10.0
1775300573.1303296,0.0,3.0,12.0
1775300573.1403296,-4.0,2.0,10.0
1775300573.1503296,-6.0,1.0,11.0
1775300573.1603296,-9.0,-2.0,10.0
1775300573.1703296,-12.0,0.0,17.0
1775300573.1803296,-11.0,0.0,12.0
1775300573.1903296,-8.0,0.0,16.0
1775300573.2003295,-9.0,0.0,22.0
1775300573.2103295,-5.0,-5.0,21.0
1775300573.2203295,-5.0,-5.0,19.0
1775300573.2303295,-1.0,-2.0,21.0
1775300573.2403295,0.0,-2.0,19.0
1775300573.2503295,3.0,-3.0,23.0
1775300573.2603295,0.0,-1.0,10.0
1775300573.2703297,-1.0,-5.0,7.0
1775300573.2803297,-3.0,-13.0,5.0
1775300573.2903297,-6.0,-11.0,1.0
1775300573.3003297,-2.0,-9.0,0.0
1775300573.3103297,0.0,-4.0,7.0
1775300573.3203297,-3.0,-5.0,4.0
1775300573.3303297,-2.0,-5.0,0.0
1775300573.3403296,0.0,-1.0,8.0
1775300573.3503296,0.0,-3.0,9.0
1775300573.3603296,1.0,-3.0,2.0
1775300573.3703296,6.0,-4.0,4.0
1775300573.3803296,7.0,-5.0,10.0
1775300573.3903296,4.0,-6.0,11.0
1775300573.4003296,0.0,-6.0,9.0
1775300573.4103296,0.0,-6.0,7.0
1775300573.4203296,2.0,-4.0,5.0
1775300573.4303296,3.0,-1.0,4.0
1775300573.4403296,1.0,0.0,4.0
1775300573.4503295,-4.0,0.0,6.0
1775300573.4603295,-9.0,0.0,15.0
1775300573.4703295,-6.0,1.0,13.0
1775300573.4803295,-8.0,1.0,11.0
1775300573.4903295,-7.0,0.0,11.0
1775300573.5003295,-6.0,1.0,7.0
1775300573.5103295,-5.0,-3.0,-1.0
1775300573.5203297,-2.0,1.0,7.0
1775300573.5303297,-1.0,5.0,15.0
1775300573.5403297,-1.0,2.0,17.0
1775300573.5503297,-3.0,-1.0,11.0
1775300573.5603297,-3.0,0.0,11.0
1775300573.5703297,0.0,0.0,12.0
1775300573.5803297,0.0,3.0,11.0
1775300573.5903296,2.0,0.0,19.0
1775300573.6003296,3.0,-3.0,11.0
1775300573.6103296,3.0,-4.0,8.0
1775300573.6203296,7.0,-3.0,4.0
1775300573.6303296,3.0,-8.0,5.0
1775300573.6403296,2.0,-5.0,10.0
1775300573.6503296,4.0,-4.0,10.0
1775300573.6603296,0.0,-5.0,10.0
1775300573.6703296,1.0,-4.0,16.0
1775300573.6803296,0.0,-5.0,10.0
1775300573.6903296,0.0,-4.0,2.0
1775300573.7003295,-2.0,-4.0,-8.0
1775300573.7103295,-3.0,-4.0,3.0
1775300573.7203295,-2.0,-1.0,4.0
1775300573.7303295,0.0,1.0,1.0
1775300573.7403295,-3.0,2.0,2.0
1775300573.7503295,-1.0,0.0,8.0
1775300573.7603295,-3.0,-4.0,8.0
1775300573.7703297,-1.0,0.0,11.0
1775300573.7803297,-2.0,0.0,15.0
1775300573.7903297,-2.0,-1.0,8.0
1775300573.8003297,-5.0,0.0,6.0
1775300573.8103297,-6.0,-1.0,6.0
1775300573.8203297,-3.0,-3.0,6.0
1775300573.8303297,-4.0,0.0,12.0
1775300573.8403296,-3.0,0.0,12.0
1775300573.8503296,-2.0,-2.0,9.0
1775300573.8603296,0.0,-6.0,9.0
1775300573.8703296,0.0,-1.0,8.0
1775300573.8803296,0.0,-1.0,7.0
1775300573.8903296,-2.0,-3.0,8.0
1775300573.9003296,-1.0,-5.0,11.0
1775300573.9103296,-1.0,0.0,11.0
1775300573.9203296,6.0,2.0,12.0
1775300573.9303296,5.0,6.0,10.0
1775300573.9403296,8.0,5.0,8.0
1775300573.9503295,7.0,4.0,2.0
1775300573.9603295,8.0,0.0,5.0
1775300573.9703295,4.0,-1.0,4.0
1775300573.9803295,2.0,-2.0,2.0
1775300573.9903295,-1.0,0.0,-2.0
1775300574.0003295,0.0,-4.0,6.0
1775300574.0103295,0.0,-3.0,6.0
1775300574.0203297,1.0,-1.0,8.0
1775300574.0303297,2.0,-3.0,15.0
1775300574.0403297,0.0,-3.0,19.0
1775300574.0503297,3.0,-4.0,14.0
1775300574.0603297,3.0,-8.0,18.0
1775300574.0703297,1.0,-4.0,17.0
1775300574.0803297,3.0,-1.0,12.0
1775300574.0903296,3.0,0.0,10.0
1775300574.1003296,-3.0,0.0,4.0
1775300574.1103296,-2.0,0.0,12.0
1775300574.1203296,1.0,0.0,12.0
1775300574.1303296,0.0,2.0,5.0
1775300574.1403296,4.0,-2.0,1.0
1775300574.1503296,5.0,-1.0,2.0
1775300574.1603296,2.0,-2.0,6.0
1775300574.1703296,3.0,-3.0,5.0
1775300574.1803296,4.0,-3.0,8.0
1775300574.1903296,3.0,-2.0,12.0
1775300574.2003295,3.0,0.0,19.0
1775300574.2103295,2.0,2.0,21.0
1775300574.2203295,5.0,2.0,17.0
1775300574.2303295,5.0,1.0,12.0
1775300574.2403295,1.0,1.0,11.0
1775300574.2503295,0.0,0.0,5.0
1775300574.2603295,-3.0,-3.0,-1.0
1775300574.2703297,-4.0,-3.0,-4.0
1775300574.2803297,-3.0,-1.0,0.0
1775300574.2903297,-4.0,-2.0,1.0
1775300574.3003297,-7.0,-5.0,4.0
1775300574.3103297,-7.0,-7.0,7.0
1775300574.3203297,-4.0,-10.0,4.0
1775300574.3303297,-1.0,-7.0,8.0
1775300574.3403296,-6.0,-7.0,16.0
1775300574.3503296,-3.0,-9.0,17.0
1775300574.3603296,-5.0,-7.0,18.0
1775300574.3703296,-9.0,-5.0,18.0
1775300574.3803296,-4.0,-3.0,16.0
1775300574.3903296,-2.0,-8.0,17.0
1775300574.4003296,-6.0,-7.0,19.0
1775300574.4103296,-7.0,-8.0,17.0
1775300574.4203296,-6.0,-8.0,12.0
1775300574.4303296,-2.0,-4.0,9.0
1775300574.4403296,-1.0,-2.0,8.0
1775300574.4503295,-3.0,-2.0,15.0
1775300574.4603295,2.0,0.0,17.0
1775300574.4703295,7.0,0.0,18.0
1775300574.4803295,5.0,-1.0,10.0
1775300574.4903295,0.0,-1.0,13.0
1775300574.5003295,0.0,-1.0,14.0
1775300574.5103295,1.0,-1.0,15.0
1775300574.5203297,2.0,1.0,14.0
1775300574.5303297,0.0,4.0,8.0
1775300574.5403297,-2.0,-1.0,8.0
1775300574.5503297,-4.0,-1.0,6.0
1775300574.5603297,-4.0,-2.0,1.0
1775300574.5703297,-4.0,-4.0,7.0
1775300574.5803297,-2.0,-7.0,8.0
1775300574.5903296,0.0,-7.0,4.0
1775300574.6003296,-1.0,-6.0,2.0
1775300574.6103296,-6.0,-5.0,5.0
1775300574.6203296,-6.0,-6.0,3.0
1775300574.6303296,-3.0,-9.0,1.0
1775300574.6403296,2.0,-6.0,7.0
1775300574.6503296,2.0,-1.0,9.0
1775300574.6603296,1.0,-2.0,10.0
1775300574.6703296,4.0,-5.0,8.0
1775300574.6803296,4.0,-3.0,11.0
1775300574.6903296,4.0,-2.0,10.0
1775300574.7003295,-1.0,-1.0,7.0
1775300574.7103295,-5.0,-1.0,12.0
1775300574.7203295,-7.0,-1.0,6.0
1775300574.7303295,-4.0,-2.0,1.0
1775300574.7403295,-4.0,-2.0,9.0
1775300574.7503295,-8.0,-1.0,9.0
1775300574.7603295,-9.0,-1.0,12.0
1775300574.7703297,-7.0,-2.0,9.0
1775300574.7803297,-6.0,-4.0,5.0
1775300574.7903297,-10.0,-3.0,13.0
1775300574.8003297,-9.0,-2.0,12.0
1775300574.8103297,-12.0,-7.0,12.0
1775300574.8203297,-14.0,-2.0,7.0
1775300574.8303297,-11.0,-4.0,6.0
1775300574.8403296,-4.0,-9.0,12.0
1775300574.8503296,-3.0,-10.0,15.0
1775300574.8603296,-3.0,-7.0,13.0
1775300574.8703296,-3.0,-2.0,8.0
1775300574.8803296,-3.0,-3.0,12.0
1775300574.8903296,0.0,-2.0,12.0
1775300574.9003296,4.0,-3.0,2.0
1775300574.9103296,2.0,-6.0,2.0
1775300574.9203296,3.0,-5.0,-1.0
1775300574.9303296,1.0,-6.0,-4.0
1775300574.9403296,0.0,-9.0,-8.0
1775300574.9503295,-3.0,-5.0,1.0
1775300574.9603295,0.0,-4.0,4.0
1775300574.9713297,0.0,-2.0,4.0
1775300574.9813297,4.0,0.0,3.0
1775300574.9913297,1.0,-2.0,9.0
1775300575.0013297,3.0,-4.0,5.0
1775300575.0113297,-1.0,-3.0,5.0
1775300575.0213296,-3.0,-1.0,14.0
1775300575.0313296,0.0,-2.0,12.0
1775300575.0413296,-1.0,-2.0,4.0
1775300575.0513296,0.0,-1.0,0.0
1775300575.0613296,4.0,0.0,-1.0
1775300575.0713296,0.0,-1.0,1.0
1775300575.0813296,-1.0,-3.0,0.0
1775300575.0913296,0.0,-2.0,-1.0
1775300575.1013296,-2.0,0.0,6.0
1775300575.1113296,-2.0,3.0,9.0
1775300575.1213295,1.0,-1.0,3.0
1775300575.1313295,-2.0,-4.0,3.0
1775300575.1413295,-6.0,-4.0,8.0
1775300575.1513295,-7.0,-3.0,12.0
1775300575.1613295,-8.0,0.0,17.0
1775300575.1713295,-7.0,0.0,22.0
1775300575.1813295,-6.0,-2.0,17.0
1775300575.1913297,-1.0,-4.0,6.0
1775300575.2013297,2.0,-1.0,8.0
1775300575.2113297,3.0,0.0,14.0
1775300575.2213297,1.0,0.0,14.0
1775300575.2313297,1.0,1.0,7.0
1775300575.2413297,0.0,1.0,7.0
1775300575.2513297,0.0,-2.0,7.0
1775300575.2613297,0.0,0.0,8.0
1775300575.2713296,0.0,-2.0,9.0
1775300575.2813296,-1.0,-3.0,15.0
1775300575.2913296,-2.0,-5.0,19.0
1775300575.3013296,0.0,-7.0,14.0
1775300575.3113296,0.0,-7.0,11.0
1775300575.3213296,-2.0,-3.0,9.0
1775300575.3313296,0.0,0.0,5.0
1775300575.3413296,0.0,1.0,13.0
1775300575.3513296,0.0,1.0,18.0
1775300575.3613296,0.0,0.0,15.0
1775300575.3713295,-3.0,0.0,14.0
1775300575.3813295,-3.0,4.0,11.0
1775300575.3913295,-1.0,2.0,13.0
1775300575.4013295,-2.0,0.0,9.0
1775300575.4113295,-1.0,1.0,9.0
1775300575.4213295,1.0,1.0,7.0
1775300575.4313295,2.0,-4.0,0.0
1775300575.4413297,5.0,-4.0,0.0
1775300575.4513297,3.0,-5.0,5.0
1775300575.4613297,3.0,-7.0,8.0
1775300575.4713297,0.0,-7.0,14.0
1775300575.4813297,-2.0,-9.0,14.0
1775300575.4913297,0.0,-9.0,13.0
1775300575.5013297,0.0,-11.0,14.0
1775300575.5113297,0.0,-10.0,20.0
1775300575.5213296,0.0,-7.0,15.0
1775300575.5313296,1.0,-6.0,13.0
1775300575.5413296,-3.0,-4.0,11.0
1775300575.5513296,0.0,0.0,8.0
1775300575.5613296,-1.0,2.0,5.0
1775300575.5713296,-6.0,0.0,10.0
1775300575.5813296,-1.0,0.0,13.0
1775300575.5913296,2.0,1.0,10.0
1775300575.6013296,-1.0,2.0,6.0
1775300575.6113296,-1.0,5.0,9.0
1775300575.6213295,0.0,3.0,9.0
1775300575.6313295,-2.0,1.0,2.0
1775300575.6413295,-2.0,6.0,8.0
1775300575.6513295,-4.0,5.0,5.0
1775300575.6613295,-5.0,0.0,0.0
1775300575.6713295,-2.0,-5.0,2.0
1775300575.6813295,0.0,-6.0,5.0
1775300575.6913297,2.0,-9.0,8.0
1775300575.7013297,1.0,-10.0,14.0
1775300575.7113297,4.0,-12.0,13.0
1775300575.7213297,7.0,-11.0,9.0
1775300575.7313297,-1.0,-8.0,8.0
1775300575.7413297,-1.0,-10.0,10.0
1775300575.7513297,5.0,-10.0,7.0
1775300575.7613297,6.0,-7.0,3.0
1775300575.7713296,8.0,-7.0,6.0
1775300575.7813296,5.0,-2.0,13.0
1775300575.7913296,6.0,-2.0,8.0
1775300575.8013296,5.0,-1.0,8.0
1775300575.8113296,2.0,-3.0,3.0
1775300575.8213296,2.0,-2.0,9.0
1775300575.8313296,2.0,0.0,13.0
1775300575.8413296,0.0,0.0,17.0
1775300575.8513296,6.0,0.0,22.0
1775300575.8613296,3.0,-1.0,28.0
1775300575.8713295,-1.0,-2.0,28.0
1775300575.8813295,1.0,-4.0,25.0
1775300575.8913295,-2.0,-8.0,22.0
1775300575.9013295,-2.0,-5.0,15.0
1775300575.9113295,-4.0,-1.0,8.0
1775300575.9213295,-1.0,0.0,8.0
1775300575.9313295,-3.0,-2.0,2.0
1775300575.9413297,0.0,-8.0,8.0
1775300575.9513297,3.0,-8.0,6.0
1775300575.9613297,8.0,-4.0,0.0
1775300575.9713297,7.0,-6.0,-1.0
1775300575.9813297,4.0,-7.0,-1.0
1775300575.9913297,-2.0,-6.0,-8.0
1775300576.0013297,-4.0,-1.0,-4.0
1775300576.0113297,0.0,0.0,6.0
1775300576.0213296,0.0,-3.0,6.0
1775300576.0313296,2.0,-2.0,4.0
1775300576.0413296,1.0,-5.0,7.0
1775300576.0513296,0.0,-5.0,8.0
1775300576.0613296,0.0,-6.0,7.0
1775300576.0713296,-2.0,-3.0,5.0
1775300576.0813296,-1.0,-4.0,3.0
1775300576.0913296,-1.0,-6.0,6.0
1775300576.1013296,-6.0,-8.0,0.0
1775300576.1113296,-5.0,-5.0,2.0
1775300576.1213295,-5.0,-4.0,6.0
1775300576.1313295,-3.0,-8.0,10.0
1775300576.1413295,-6.0,-6.0,9.0
1775300576.1513295,-3.0,-8.0,11.0
1775300576.1613295,0.0,-5.0,8.0
1775300576.1713295,0.0,-3.0,8.0
1775300576.1813295,1.0,-2.0,5.0
1775300576.1913297,0.0,-3.0,13.0
1775300576.2013297,0.0,-8.0,5.0
1775300576.2113297,0.0,-4.0,3.0
1775300576.2213297,2.0,-4.0,0.0
1775300576.2313297,3.0,-4.0,0.0
1775300576.2413297,3.0,-2.0,3.0
1775300576.2513297,0.0,0.0,0.0
1775300576.2613297,0.0,0.0,7.0
1775300576.2713296,-3.0,0.0,9.0
1775300576.2813296,-2.0,0.0,8.0
1775300576.2913296,2.0,1.0,10.0
1775300576.3013296,5.0,3.0,8.0
1775300576.3113296,8.0,2.0,8.0
1775300576.3213296,10.0,2.0,9.0
1775300576.3313296,3.0,-1.0,12.0
1775300576.3413296,4.0,-3.0,11.0
1775300576.3513296,6.0,0.0,13.0
1775300576.3613296,1.0,0.0,16.0
1775300576.3713295,1.0,-1.0,17.0
1775300576.3813295,0.0,-3.0,13.0
1775300576.3913295,0.0,0.0,14.0
1775300576.4013295,0.0,3.0,14.0
1775300576.4113295,0.0,0.0,13.0
1775300576.4213295,-1.0,0.0,8.0
1775300576.4313295,-2.0,-3.0,1.0
1775300576.4413297,-4.0,1.0,1.0
1775300576.4513297,-3.0,4.0,0.0
1775300576.4613297,-8.0,1.0,3.0
1775300576.4713297,-9.0,-2.0,1.0
1775300576.4813297,-7.0,-1.0,4.0
1775300576.4913297,-1.0,-4.0,12.0
1775300576.5013297,1.0,-6.0,3.0
1775300576.5113297,0.0,-5.0,11.0
1775300576.5213296,-3.0,-6.0,19.0
1775300576.5313296,-1.0,-3.0,19.0
1775300576.5413296,2.0,-4.0,21.0
1775300576.5513296,1.0,-3.0,15.0
1775300576.5613296,0.0,-6.0,9.0
1775300576.5713296,5.0,-8.0,11.0
1775300576.5813296,2.0,-10.0,12.0
1775300576.5913296,2.0,-8.0,14.0
1775300576.6013296,-2.0,-7.0,15.0
1775300576.6113296,-2.0,-5.0,9.0
1775300576.6223297,3.0,-3.0,8.0
1775300576.6313295,1.0,-6.0,11.0
1775300576.6413295,3.0,-6.0,10.0
1775300576.6513295,1.0,-5.0,13.0
1775300576.6613295,-2.0,-4.0,10.0
1775300576.6713295,-6.0,-2.0,8.0
1775300576.6813295,-6.0,-5.0,13.0
1775300576.6913297,-1.0,-5.0,23.0
1775300576.7013297,-5.0,-8.0,26.0
1775300576.7113297,-7.0,-4.0,27.0
1775300576.7213297,-4.0,-2.0,18.0
1775300576.7313297,-3.0,0.0,15.0
1775300576.7413297,-2.0,0.0,9.0
1775300576.7513297,-1.0,2.0,12.0
1775300576.7613297,0.0,0.0,15.0
1775300576.7713296,1.0,-1.0,21.0
1775300576.7813296,-1.0,-5.0,17.0
1775300576.7913296,-3.0,-5.0,16.0
1775300576.8013296,-2.0,-8.0,20.0
1775300576.8113296,0.0,-9.0,23.0
1775300576.8213296,0.0,-6.0,17.0
1775300576.8313296,-1.0,-4.0,11.0
1775300576.8413296,-3.0,-6.0,3.0
1775300576.8513296,-4.0,-3.0,4.0
1775300576.8613296,-3.0,-3.0,3.0
1775300576.8713295,-1.0,-4.0,0.0
1775300576.8813295,-1.0,-7.0,-3.0
1775300576.8913295,0.0,-3.0,0.0
1775300576.9013295,0.0,-3.0,4.0
1775300576.9113295,0.0,0.0,11.0
1775300576.9213295,-1.0,-1.0,7.0
1775300576.9313295,-6.0,-2.0,8.0
1775300576.9413297,-7.0,4.0,13.0
1775300576.9513297,-4.0,3.0,9.0
1775300576.9613297,-3.0,2.0,12.0
1775300576.9713297,-1.0,-3.0,6.0
1775300576.9813297,2.0,-5.0,2.0
1775300576.9913297,6.0,-7.0,6.0
1775300577.0013297,5.0,-10.0,8.0
1775300577.0113297,6.0,-8.0,3.0
1775300577.0213296,6.0,-3.0,0.0
1775300577.0313296,4.0,-3.0,6.0
1775300577.0413296,3.0,0.0,7.0
1775300577.0513296,1.0,2.0,6.0
1775300577.0613296,-1.0,0.0,10.0
1775300577.0713296,-2.0,-3.0,12.0
1775300577.0813296,0.0,0.0,10.0
1775300577.0913296,0.0,3.0,11.0
1775300577.1013296,3.0,-2.0,9.0
1775300577.1113296,5.0,-7.0,11.0
1775300577.1213295,7.0,-8.0,13.0
1775300577.1313295,5.0,-5.0,10.0
1775300577.1423297,2.0,-3.0,7.0
1775300577.1513295,0.0,0.0,4.0
1775300577.1613295,1.0,0.0,4.0
1775300577.1713295,5.0,0.0,10.0
1775300577.1813295,3.0,-1.0,13.0
1775300577.1913297,0.0,-5.0,11.0
1775300577.2013297,-4.0,-3.0,11.0
1775300577.2113297,-3.0,-4.0,12.0
1775300577.2213297,-3.0,-2.0,10.0
1775300577.2313297,-2.0,-6.0,6.0
1775300577.2423296,-1.0,-5.0,9.0
1775300577.2523296,1.0,-3.0,7.0
1775300577.2623296,4.0,-3.0,7.0
1775300577.2723296,1.0,-3.0,5.0
1775300577.2823296,1.0,-1.0,7.0
1775300577.2923295,-1.0,-1.0,11.0
1775300577.3023295,-1.0,-3.0,5.0
1775300577.3123295,0.0,0.0,6.0
1775300577.3223295,0.0,-5.0,3.0
1775300577.3323295,0.0,-5.0,4.0
1775300577.3423295,-3.0,-4.0,11.0
1775300577.3523295,0.0,-1.0,9.0
1775300577.3623295,0.0,-3.0,7.0
1775300577.3723297,0.0,-2.0,3.0
1775300577.3823297,-2.0,-5.0,-3.0
1775300577.3923297,-1.0,-6.0,-2.0
1775300577.4023297,1.0,-7.0,-3.0
1775300577.4123297,0.0,-3.0,0.0
1775300577.4223297,0.0,-3.0,4.0
1775300577.4323297,0.0,-6.0,3.0
1775300577.4423296,0.0,-7.0,0.0
1775300577.4523296,1.0,-3.0,0.0
1775300577.4623296,-2.0,-2.0,0.0
1775300577.4723296,-2.0,-1.0,7.0
1775300577.4823296,-1.0,0.0,13.0
1775300577.4923296,0.0,3.0,4.0
1775300577.5023296,-2.0,5.0,0.0
1775300577.5123296,2.0,5.0,0.0
1775300577.5223296,6.0,5.0,0.0
1775300577.5323296,5.0,8.0,0.0
1775300577.5423295,9.0,5.0,3.0
1775300577.5523295,2.0,2.0,7.0
1775300577.5623295,2.0,0.0,7.0
1775300577.5723295,0.0,1.0,7.0
1775300577.5823295,1.0,-1.0,12.0
1775300577.5923295,-1.0,-1.0,15.0
1775300577.6023295,-3.0,1.0,17.0
1775300577.6123295,-3.0,0.0,16.0
1775300577.6223297,0.0,0.0,5.0
1775300577.6323297,0.0,0.0,5.0
1775300577.6423297,-1.0,0.0,8.0
1775300577.6523297,1.0,-1.0,7.0
1775300577.6623297,0.0,0.0,5.0
1775300577.6723297,-5.0,0.0,8.0
1775300577.6823297,-8.0,-1.0,4.0
1775300577.6923296,-6.0,0.0,10.0
1775300577.7023296,-5.0,0.0,17.0
1775300577.7123296,-8.0,-2.0,10.0
1775300577.7223296,-5.0,-2.0,10.0
1775300577.7323296,-1.0,-2.0,12.0
1775300577.7423296,-1.0,-5.0,10.0
1775300577.7523296,-1.0,-2.0,12.0
1775300577.7623296,-2.0,-3.0,14.0
1775300577.7723296,2.0,-2.0,9.0
1775300577.7823296,2.0,-3.0,10.0
1775300577.7923295,6.0,0.0,10.0
1775300577.8023295,7.0,1.0,4.0
1775300577.8123295,4.0,0.0,0.0
1775300577.8223295,3.0,2.0,7.0
1775300577.8323295,0.0,4.0,8.0
1775300577.8423295,-1.0,2.0,6.0
1775300577.8523295,2.0,0.0,3.0
1775300577.8623295,2.0,-1.0,3.0
1775300577.8723297,0.0,-6.0,8.0
1775300577.8823297,0.0,-5.0,9.0
1775300577.8923297,-5.0,-3.0,13.0
1775300577.9023297,-7.0,-1.0,13.0
1775300577.9123297,-2.0,-1.0,17.0
1775300577.9223297,-3.0,0.0,13.0
1775300577.9323297,-3.0,0.0,10.0
1775300577.9423296,-6.0,0.0,10.0
1775300577.9523296,-4.0,1.0,16.0
1775300577.9623296,-5.0,5.0,20.0
1775300577.9723296,0.0,2.0,20.0
1775300577.9823296,0.0,1.0,12.0
1775300577.9923296,5.0,1.0,13.0
1775300578.0023296,2.0,1.0,13.0
1775300578.0123296,2.0,-1.0,9.0
1775300578.0223296,-1.0,0.0,8.0
1775300578.0323296,-3.0,0.0,7.0
1775300578.0423295,-5.0,-2.0,5.0
1775300578.0523295,-5.0,-1.0,9.0
1775300578.0623295,-5.0,-2.0,12.0
1775300578.0723295,-4.0,0.0,14.0
1775300578.0823295,-4.0,0.0,20.0
1775300578.0923295,-5.0,1.0,17.0
1775300578.1023295,-4.0,0.0,12.0
1775300578.1123295,-3.0,-1.0,9.0
1775300578.1223297,-3.0,-2.0,8.0
1775300578.1323297,-8.0,-8.0,8.0
1775300578.1423297,-6.0,-4.0,-3.0
1775300578.1523297,-9.0,-3.0,-5.0
1775300578.1623297,-5.0,-4.0,-6.0
1775300578.1723297,-1.0,-8.0,0.0
1775300578.1823297,0.0,-5.0,10.0
1775300578.1923296,1.0,-6.0,12.0
1775300578.2023296,-3.0,-1.0,11.0
1775300578.2123296,-2.0,-1.0,6.0
1775300578.2223296,-5.0,-2.0,9.0
1775300578.2323296,-5.0,-1.0,11.0
1775300578.2423296,-5.0,-1.0,11.0
1775300578.2523296,-3.0,0.0,8.0
1775300578.2623296,-7.0,0.0,9.0
1775300578.2723296,-9.0,0.0,8.0
1775300578.2823296,-7.0,1.0,11.0
1775300578.2923295,0.0,0.0,14.0
1775300578.3023295,0.0,3.0,16.0
1775300578.3123295,-3.0,1.0,18.0
1775300578.3223295,-3.0,-2.0,15.0
1775300578.3323295,0.0,-2.0,18.0
1775300578.3423295,0.0,1.0,19.0
1775300578.3523295,-2.0,2.0,15.0
1775300578.3623295,0.0,0.0,4.0
1775300578.3723297,-4.0,-3.0,9.0
1775300578.3823297,-9.0,-5.0,13.0
1775300578.3923297,-9.0,-5.0,8.0
1775300578.4023297,-6.0,-8.0,1.0
1775300578.4123297,-7.0,-8.0,0.0
1775300578.4223297,-7.0,-9.0,6.0
1775300578.4323297,-2.0,-11.0,7.0
1775300578.4423296,0.0,-9.0,14.0
1775300578.4523296,1.0,-8.0,9.0
1775300578.4623296,-1.0,-8.0,9.0
1775300578.4723296,-2.0,-7.0,20.0
1775300578.4823296,-1.0,-2.0,15.0
1775300578.4923296,-4.0,-1.0,19.0
1775300578.5023296,-8.0,0.0,20.0
1775300578.5123296,-7.0,-4.0,17.0
1775300578.5223296,-6.0,-6.0,8.0
1775300578.5323296,-1.0,-4.0,12.0
1775300578.5423295,0.0,-1.0,5.0
1775300578.5523295,2.0,-1.0,8.0
1775300578.5623295,-3.0,-3.0,8.0
1775300578.5723295,-6.0,-3.0,5.0
1775300578.5823295,-2.0,-7.0,4.0
1775300578.5923295,0.0,-6.0,9.0
1775300578.6023295,1.0,-6.0,8.0
1775300578.6123295,0.0,-6.0,2.0
1775300578.6223297,0.0,-4.0,3.0
1775300578.6323297,0.0,-4.0,6.0
1775300578.6423297,-5.0,-8.0,8.0
1775300578.6523297,-1.0,-7.0,12.0
1775300578.6623297,0.0,-2.0,8.0
1775300578.6723297,-3.0,-4.0,6.0
1775300578.6823297,-1.0,-4.0,9.0
1775300578.6923296,-2.0,-4.0,20.0
1775300578.7023296,3.0,-7.0,23.0
1775300578.7123296,1.0,0.0,23.0
1775300578.7223296,-3.0,-1.0,22.0
1775300578.7323296,-3.0,-1.0,13.0
1775300578.7423296,-3.0,-3.0,6.0
1775300578.7523296,-1.0,-3.0,6.0
1775300578.7623296,0.0,0.0,5.0
1775300578.7723296,0.0,0.0,10.0
1775300578.7823296,1.0,-4.0,12.0
1775300578.7923295,1.0,-6.0,14.0
1775300578.8023295,0.0,-7.0,13.0
1775300578.8123295,-1.0,-7.0,10.0
1775300578.8223295,-4.0,-7.0,13.0
1775300578.8323295,-5.0,-7.0,15.0
1775300578.8423295,0.0,-7.0,6.0
1775300578.8523295,-2.0,-4.0,10.0
1775300578.8623295,0.0,-3.0,15.0
1775300578.8723297,-1.0,-2.0,15.0
1775300578.8823297,-9.0,-1.0,17.0
1775300578.8923297,-7.0,-2.0,11.0
1775300578.9023297,-8.0,-4.0,14.0
1775300578.9123297,-10.0,-1.0,5.0
1775300578.9223297,-5.0,-6.0,7.0
1775300578.9323297,-7.0,-6.0,13.0
1775300578.9423296,-5.0,-10.0,13.0
1775300578.9523296,-4.0,-7.0,8.0
1775300578.9623296,-2.0,-6.0,18.0
1775300578.9723296,-4.0,-5.0,24.0
1775300578.9823296,-8.0,-7.0,18.0
1775300578.9923296,-4.0,-6.0,15.0
1775300579.0023296,-1.0,-4.0,14.0
1775300579.0123296,-4.0,-1.0,12.0
1775300579.0223296,-3.0,-1.0,11.0
1775300579.0323296,-6.0,-2.0,4.0
1775300579.0423295,-7.0,-3.0,9.0
1775300579.0523295,-8.0,-4.0,11.0
1775300579.0623295,-11.0,-7.0,19.0
1775300579.0723295,-7.0,-7.0,14.0
1775300579.0823295,-8.0,-5.0,12.0
1775300579.0923295,-6.0,-4.0,12.0
1775300579.1023295,-5.0,-3.0,9.0
1775300579.1123295,-7.0,1.0,4.0
1775300579.1223297,-8.0,2.0,1.0
1775300579.1323297,-6.0,1.0,-1.0
1775300579.1423297,-6.0,2.0,-2.0
1775300579.1523297,0.0,0.0,-3.0
1775300579.1623297,0.0,0.0,1.0
1775300579.1723297,-2.0,2.0,2.0
1775300579.1823297,0.0,2.0,0.0
1775300579.1923296,0.0,1.0,2.0
1775300579.2023296,-1.0,0.0,8.0
1775300579.2123296,-3.0,0.0,8.0
1775300579.2223296,-7.0,0.0,15.0
1775300579.2323296,-8.0,1.0,15.0
1775300579.2423296,-7.0,-3.0,12.0
1775300579.2523296,-4.0,-6.0,11.0
1775300579.2623296,1.0,-3.0,9.0
1775300579.2723296,3.0,-2.0,9.0
1775300579.2823296,3.0,0.0,9.0
1775300579.2923295,0.0,0.0,6.0
1775300579.3023295,0.0,2.0,9.0
1775300579.3123295,1.0,0.0,13.0
1775300579.3223295,1.0,1.0,16.0
1775300579.3323295,0.0,-3.0,14.0
1775300579.3423295,5.0,-3.0,9.0
1775300579.3523295,5.0,-6.0,5.0
1775300579.3623295,5.0,-6.0,4.0
1775300579.3723297,3.0,-2.0,5.0
1775300579.3823297,1.0,-3.0,0.0
1775300579.3923297,-4.0,-6.0,-1.0
1775300579.4023297,-4.0,-5.0,0.0
1775300579.4123297,-10.0,-6.0,0.0
1775300579.4223297,-9.0,-4.0,8.0
1775300579.4323297,-8.0,-4.0,17.0
1775300579.4423296,-6.0,-5.0,18.0
1775300579.4523296,-6.0,-6.0,18.0
1775300579.4623296,-3.0,-5.0,17.0
1775300579.4723296,-2.0,-6.0,18.0
1775300579.4823296,-3.0,-4.0,14.0
1775300579.4923296,-1.0,-4.0,14.0
1775300579.5023296,-2.0,-3.0,10.0
1775300579.5123296,-6.0,-3.0,7.0
1775300579.5223296,-11.0,-4.0,2.0
1775300579.5323296,-5.0,-7.0,6.0
1775300579.5423295,-6.0,-3.0,16.0
1775300579.5533297,-2.0,0.0,21.0
1775300579.5633297,-1.0,0.0,21.0
1775300579.5733297,0.0,-1.0,17.0
1775300579.5833297,-4.0,-5.0,15.0
1775300579.5933297,0.0,-4.0,16.0
1775300579.6033297,0.0,-4.0,9.0
1775300579.6133296,-1.0,-5.0,6.0
1775300579.6233296,-4.0,-8.0,14.0
1775300579.6333296,-3.0,-8.0,15.0
1775300579.6433296,-4.0,-8.0,19.0
1775300579.6533296,-4.0,-5.0,14.0
1775300579.6633296,-9.0,-3.0,6.0
1775300579.6733296,-14.0,-1.0,6.0
1775300579.6833296,-11.0,-1.0,0.0
1775300579.6933296,-4.0,0.0,2.0
1775300579.7033296,-8.0,-2.0,1.0
1775300579.7133296,-8.0,-1.0,1.0
1775300579.7233295,-6.0,-4.0,0.0
1775300579.7333295,0.0,-1.0,5.0
1775300579.7433295,-2.0,1.0,5.0
1775300579.7533295,-2.0,0.0,5.0
1775300579.7633295,-3.0,-2.0,3.0
1775300579.7733295,-2.0,-4.0,0.0
1775300579.7833295,-1.0,-4.0,-5.0
1775300579.7933297,-4.0,0.0,-3.0
1775300579.8033297,-4.0,0.0,-2.0
1775300579.8133297,-4.0,0.0,2.0
1775300579.8233297,-5.0,-1.0,1.0
1775300579.8333297,0.0,-2.0,1.0
1775300579.8433297,0.0,-5.0,6.0
1775300579.8533297,-2.0,-3.0,8.0
1775300579.8633296,-3.0,-1.0,10.0
1775300579.8733296,-3.0,0.0,12.0
1775300579.8833296,1.0,-1.0,12.0
1775300579.8933296,0.0,-6.0,9.0
1775300579.9033296,0.0,-7.0,8.0
1775300579.9133296,-3.0,-3.0,11.0
1775300579.9233296,-3.0,0.0,10.0
1775300579.9333296,0.0,0.0,11.0
1775300579.9433296,0.0,-1.0,13.0
1775300579.9533296,-1.0,-6.0,8.0
1775300579.9633296,-4.0,-3.0,16.0
1775300579.9733295,0.0,-5.0,13.0
1775300579.9833295,-1.0,-4.0,13.0
1775300579.9933295,-4.0,-10.0,15.0
1775300580.0033295,-2.0,-10.0,13.0
1775300580.0133295,-5.0,-10.0,17.0
1775300580.0233295,-8.0,-11.0,8.0
1775300580.0333295,-3.0,-11.0,10.0
1775300580.0433297,-2.0,-5.0,9.0
1775300580.0533297,-2.0,-3.0,5.0
1775300580.0633297,-4.0,-1.0,10.0
1775300580.0733297,-3.0,-1.0,10.0
1775300580.0833297,-6.0,-2.0,10.0
1775300580.0933297,-5.0,0.0,5.0
1775300580.1033297,-4.0,-3.0,6.0
1775300580.1133296,-3.0,0.0,8.0
1775300580.1233296,-1.0,0.0,12.0
1775300580.1333296,-6.0,2.0,10.0
1775300580.1433296,-8.0,-2.0,3.0
1775300580.1533296,-8.0,0.0,7.0
1775300580.1633296,-1.0,-1.0,8.0
1775300580.1733296,-1.0,-1.0,12.0
1775300580.1833296,0.0,0.0,11.0
1775300580.1933296,-2.0,1.0,13.0
1775300580.2033296,-1.0,3.0,7.0
1775300580.2133296,-4.0,0.0,3.0
1775300580.2233295,0.0,-2.0,10.0
1775300580.2333295,1.0,-2.0,13.0
1775300580.2433295,2.0,-4.0,16.0
1775300580.2533295,0.0,-4.0,16.0
1775300580.2633295,3.0,-3.0,10.0
1775300580.2733295,4.0,-2.0,6.0
1775300580.2833295,4.0,-5.0,8.0
1775300580.2933297,3.0,-3.0,15.0
1775300580.3033297,0.0,-2.0,9.0
1775300580.3133297,-1.0,-5.0,10.0
1775300580.3233297,-2.0,-5.0,12.0
1775300580.3333297,-2.0,-6.0,16.0
1775300580.3433297,0.0,-4.0,10.0
1775300580.3533297,1.0,-2.0,9.0
1775300580.3633296,0.0,1.0,13.0
1775300580.3733296,4.0,0.0,22.0
1775300580.3833296,6.0,0.0,22.0
1775300580.3933296,3.0,-3.0,17.0
1775300580.4033296,5.0,-3.0,10.0
1775300580.4133296,9.0,-5.0,19.0
1775300580.4233296,8.0,-6.0,21.0
1775300580.4333296,5.0,-3.0,17.0
1775300580.4433296,2.0,0.0,17.0
1775300580.4533296,4.0,0.0,17.0
1775300580.4633296,4.0,0.0,9.0
1775300580.4733295,4.0,-3.0,13.0
1775300580.4833295,1.0,-3.0,8.0
1775300580.4933295,0.0,-5.0,8.0
1775300580.5033295,0.0,-7.0,12.0
1775300580.5133295,-1.0,-5.0,15.0
1775300580.5233295,-5.0,-3.0,13.0
1775300580.5333295,-1.0,-1.0,19.0
1775300580.5433297,0.0,2.0,21.0
1775300580.5533297,-2.0,6.0,15.0
1775300580.5633297,-1.0,8.0,14.0
1775300580.5733297,-3.0,10.0,17.0
1775300580.5833297,-3.0,10.0,12.0
1775300580.5933297,0.0,4.0,4.0
1775300580.6033297,4.0,0.0,3.0
1775300580.6133296,8.0,-2.0,-5.0
1775300580.6233296,7.0,-5.0,-6.0
1775300580.6333296,4.0,0.0,-10.0
1775300580.6433296,4.0,0.0,-10.0
1775300580.6533296,4.0,-4.0,-7.0
1775300580.6633296,3.0,-6.0,-5.0
1775300580.6733296,2.0,-10.0,-3.0
1775300580.6833296,0.0,-7.0,-2.0
1775300580.6933296,-2.0,-6.0,0.0
1775300580.7033296,-10.0,-6.0,1.0
1775300580.7133296,-6.0,-4.0,0.0
1775300580.7233295,-4.0,-5.0,3.0
1775300580.7333295,-3.0,-6.0,5.0
1775300580.7433295,-3.0,-2.0,10.0
1775300580.7533295,-2.0,-5.0,11.0
1775300580.7633295,-1.0,-5.0,6.0
1775300580.7733295,-2.0,-5.0,1.0
1775300580.7833295,-3.0,-7.0,5.0
1775300580.7933297,0.0,-8.0,4.0
1775300580.8033297,-4.0,-3.0,3.0
1775300580.8133297,-8.0,-6.0,7.0
1775300580.8233297,-7.0,-6.0,6.0
1775300580.8333297,-3.0,-4.0,11.0
1775300580.8433297,-6.0,-4.0,12.0
1775300580.8533297,-5.0,-2.0,15.0
1775300580.8633296,-2.0,-2.0,11.0
1775300580.8733296,-4.0,0.0,9.0
1775300580.8833296,-7.0,5.0,13.0
1775300580.8933296,-6.0,7.0,10.0
1775300580.9033296,0.0,2.0,14.0
1775300580.9133296,-1.0,4.0,13.0
1775300580.9233296,2.0,3.0,6.0
1775300580.9333296,0.0,5.0,10.0
1775300580.9433296,0.0,4.0,4.0
1775300580.9533296,-2.0,0.0,6.0
1775300580.9633296,-4.0,0.0,5.0
1775300580.9733295,-2.0,-5.0,10.0
1775300580.9833295,-4.0,-10.0,10.0
1775300580.9933295,-4.0,-8.0,14.0
1775300581.0033295,0.0,-6.0,10.0
1775300581.0133295,0.0,-4.0,3.0
1775300581.0233295,1.0,-4.0,9.0
1775300581.0333295,-1.0,-5.0,8.0
1775300581.0433297,4.0,-6.0,8.0
1775300581.0533297,7.0,-4.0,6.0
1775300581.0633297,6.0,0.0,7.0
1775300581.0733297,6.0,-4.0,13.0
1775300581.0833297,3.0,0.0,11.0
1775300581.0933297,2.0,0.0,11.0
1775300581.1033297,0.0,1.0,0.0
1775300581.1133296,0.0,0.0,0.0
1775300581.1233296,0.0,3.0,8.0
1775300581.1333296,-2.0,1.0,8.0
1775300581.1433296,-1.0,0.0,6.0
1775300581.1533296,1.0,0.0,8.0
1775300581.1633296,2.0,1.0,8.0
1775300581.1733296,-3.0,1.0,4.0
1775300581.1833296,-5.0,2.0,6.0
1775300581.1933296,-4.0,2.0,9.0
1775300581.2033296,-3.0,1.0,9.0
1775300581.2133296,-2.0,1.0,7.0
1775300581.2233295,0.0,1.0,7.0
1775300581.2333295,-5.0,0.0,12.0
1775300581.2433295,-5.0,0.0,13.0
1775300581.2533295,-1.0,1.0,15.0
1775300581.2633295,-2.0,-4.0,22.0
1775300581.2733295,-6.0,-4.0,22.0
1775300581.2833295,-4.0,-3.0,21.0
1775300581.2933297,-7.0,-4.0,16.0
1775300581.3033297,-6.0,-6.0,13.0
1775300581.3133297,-7.0,-6.0,16.0
1775300581.3233297,-8.0,-2.0,12.0
1775300581.3333297,-9.0,-3.0,10.0
1775300581.3433297,-3.0,-2.0,9.0
1775300581.3533297,-5.0,1.0,10.0
1775300581.3633296,-2.0,1.0,7.0
1775300581.3733296,1.0,0.0,4.0
1775300581.3833296,-1.0,5.0,4.0
1775300581.3933296,-2.0,5.0,2.0
1775300581.4033296,-2.0,1.0,3.0
1775300581.4133296,-3.0,-1.0,1.0
1775300581.4233296,1.0,0.0,1.0
1775300581.4333296,6.0,0.0,6.0
1775300581.4433296,3.0,-3.0,6.0
1775300581.4533296,0.0,-4.0,3.0
1775300581.4633296,0.0,-7.0,9.0
1775300581.4733295,-3.0,-8.0,8.0
1775300581.4833295,-3.0,-6.0,6.0
1775300581.4933295,-3.0,-4.0,7.0
1775300581.5033295,-3.0,0.0,4.0
1775300581.5133295,0.0,0.0,4.0
1775300581.5233295,3.0,-2.0,7.0
1775300581.5333295,2.0,-1.0,8.0
1775300581.5433297,4.0,-2.0,8.0
1775300581.5533297,3.0,-3.0,7.0
1775300581.5633297,0.0,-4.0,7.0
1775300581.5733297,-6.0,-3.0,3.0
1775300581.5833297,-3.0,-1.0,2.0
1775300581.5933297,-7.0,1.0,3.0
1775300581.6033297,-9.0,0.0,4.0
1775300581.6133296,-5.0,-1.0,11.0
1775300581.6233296,-2.0,-1.0,15.0
1775300581.6333296,-5.0,-6.0,17.0
1775300581.6433296,-5.0,-4.0,13.0
1775300581.6533296,-1.0,-5.0,19.0
1775300581.6633296,0.0,-5.0,19.0
1775300581.6733296,0.0,-4.0,15.0
1775300581.6833296,0.0,-3.0,14.0
1775300581.6933296,2.0,-1.0,8.0
1775300581.7033296,1.0,-2.0,6.0
1775300581.7133296,0.0,-1.0,7.0
1775300581.7233295,0.0,0.0,7.0
1775300581.7333295,3.0,-1.0,9.0
1775300581.7433295,5.0,-5.0,10.0
1775300581.7533295,5.0,-4.0,19.0
1775300581.7633295,3.0,-1.0,19.0
1775300581.7733295,4.0,0.0,18.0
1775300581.7833295,4.0,0.0,14.0
1775300581.7933297,-1.0,0.0,10.0
1775300581.8033297,-2.0,1.0,12.0
1775300581.8143296,0.0,0.0,12.0
1775300581.8233297,0.0,0.0,5.0
1775300581.8343296,0.0,0.0,4.0
1775300581.8443296,-3.0,-1.0,8.0
1775300581.8543296,-4.0,-1.0,11.0
1775300581.8643296,-2.0,-2.0,5.0
1775300581.8743296,0.0,1.0,3.0
1775300581.8843296,2.0,1.0,6.0
1775300581.8943295,8.0,4.0,8.0
1775300581.9043295,9.0,4.0,9.0
1775300581.9143295,10.0,4.0,15.0
1775300581.9243295,5.0,2.0,18.0
1775300581.9343295,1.0,1.0,15.0
1775300581.9443295,1.0,-2.0,16.0
1775300581.9553297,2.0,-4.0,24.0
1775300581.9643295,1.0,0.0,26.0
1775300581.9743297,0.0,-1.0,23.0
1775300581.9843297,0.0,0.0,13.0
1775300581.9943297,1.0,2.0,6.0
1775300582.0043297,5.0,4.0,6.0
1775300582.0143297,1.0,2.0,3.0
1775300582.0243297,-2.0,1.0,7.0
1775300582.0343297,-2.0,3.0,9.0
1775300582.0443296,0.0,3.0,14.0
1775300582.0543296,4.0,4.0,12.0
1775300582.0643296,5.0,7.0,12.0
1775300582.0743296,6.0,2.0,6.0
1775300582.0843296,2.0,0.0,6.0
1775300582.0943296,-2.0,-2.0,7.0
1775300582.1043296,3.0,-6.0,13.0
1775300582.1143296,0.0,-2.0,13.0
1775300582.1243296,-3.0,-1.0,6.0
1775300582.1343296,-1.0,0.0,8.0
1775300582.1443295,0.0,0.0,12.0
1775300582.1543295,-5.0,-1.0,5.0
1775300582.1643295,-6.0,-4.0,5.0
1775300582.1743295,-2.0,-7.0,10.0
1775300582.1843295,-3.0,-4.0,8.0
1775300582.1943295,-2.0,-1.0,12.0
1775300582.2043295,-3.0,0.0,12.0
1775300582.2143295,0.0,0.0,14.0
1775300582.2243297,2.0,-1.0,19.0
1775300582.2343297,1.0,1.0,9.0
1775300582.2443297,3.0,0.0,9.0
1775300582.2543297,-1.0,1.0,4.0
1775300582.2643297,-1.0,0.0,9.0
1775300582.2743297,-3.0,1.0,12.0
1775300582.2843297,5.0,0.0,4.0
1775300582.2943296,3.0,-2.0,9.0
1775300582.3043296,3.0,-1.0,11.0
1775300582.3143296,9.0,-2.0,15.0
1775300582.3243296,5.0,0.0,17.0
1775300582.3343296,5.0,-2.0,24.0
1775300582.3443296,5.0,-7.0,21.0
1775300582.3543296,8.0,-4.0,19.0
1775300582.3643296,9.0,-4.0,19.0
1775300582.3743296,7.0,-5.0,9.0
1775300582.3843296,6.0,-5.0,5.0
1775300582.3943295,7.0,-7.0,3.0
1775300582.4043295,7.0,-9.0,6.0
1775300582.4143295,5.0,-8.0,8.0
1775300582.4243295,2.0,-7.0,4.0
1775300582.4343295,1.0,-7.0,-1.0
1775300582.4443295,0.0,-4.0,0.0
1775300582.4543295,0.0,-4.0,1.0
1775300582.4643295,-1.0,0.0,5.0
1775300582.4743297,0.0,-4.0,11.0
1775300582.4843297,-3.0,-5.0,21.0
1775300582.4943297,-3.0,-5.0,25.0
1775300582.5043297,-1.0,-4.0,33.0
1775300582.5143297,-1.0,-3.0,32.0
1775300582.5243297,2.0,-1.0,27.0
1775300582.5343297,2.0,-1.0,24.0
1775300582.5443296,2.0,-2.0,22.0
1775300582.5543296,0.0,3.0,21.0
1775300582.5643296,-3.0,5.0,21.0
1775300582.5743296,-3.0,1.0,26.0
1775300582.5843296,-6.0,-2.0,28.0
1775300582.5943296,-12.0,0.0,23.0
1775300582.6043296,-13.0,-1.0,24.0
1775300582.6143296,-12.0,-2.0,22.0
1775300582.6243296,-7.0,-2.0,16.0
1775300582.6343296,-2.0,2.0,16.0
1775300582.6443295,0.0,0.0,22.0
1775300582.6543295,-1.0,2.0,29.0
1775300582.6643295,-1.0,3.0,21.0
1775300582.6743295,-3.0,2.0,14.0
1775300582.6843295,0.0,1.0,3.0
1775300582.6943295,1.0,0.0,6.0
1775300582.7043295,2.0,1.0,13.0
1775300582.7143295,2.0,0.0,12.0
1775300582.7243297,4.0,1.0,10.0
1775300582.7343297,5.0,4.0,8.0
1775300582.7443297,6.0,6.0,9.0
1775300582.7543297,4.0,4.0,12.0
1775300582.7643297,0.0,0.0,13.0
1775300582.7743297,0.0,1.0,11.0
1775300582.7843297,-1.0,0.0,5.0
1775300582.7943296,-3.0,-2.0,5.0
1775300582.8043296,-5.0,-3.0,9.0
1775300582.8143296,-4.0,-2.0,14.0
1775300582.8243296,-3.0,-4.0,12.0
1775300582.8343296,-2.0,-5.0,8.0
1775300582.8443296,-3.0,-1.0,8.0
1775300582.8543296,-1.0,0.0,5.0
1775300582.8643296,-1.0,0.0,3.0
1775300582.8743296,4.0,-2.0,10.0
1775300582.8843296,2.0,-5.0,12.0
1775300582.8943295,4.0,-5.0,2.0
1775300582.9043295,6.0,-5.0,-3.0
1775300582.9143295,2.0,-2.0,-2.0
1775300582.9243295,5.0,1.0,0.0
1775300582.9343295,8.0,0.0,2.0
1775300582.9443295,4.0,0.0,2.0
1775300582.9543295,5.0,1.0,2.0
1775300582.9643295,3.0,2.0,4.0
1775300582.9743297,2.0,1.0,13.0
1775300582.9843297,8.0,7.0,9.0
1775300582.9943297,7.0,8.0,8.0
1775300583.0043297,7.0,7.0,11.0
1775300583.0143297,5.0,4.0,6.0
1775300583.0243297,1.0,2.0,5.0
1775300583.0343297,-3.0,6.0,10.0
1775300583.0443296,-2.0,3.0,15.0
1775300583.0543296,-5.0,2.0,22.0
1775300583.0643296,-3.0,2.0,29.0
1775300583.0743296,0.0,-1.0,32.0
1775300583.0843296,1.0,-5.0,35.0
1775300583.0943296,0.0,-6.0,34.0
1775300583.1043296,1.0,-9.0,26.0
1775300583.1143296,1.0,-8.0,18.0
1775300583.1243296,4.0,-5.0,9.0
1775300583.1343296,4.0,-4.0,5.0
1775300583.1443295,4.0,-5.0,7.0
1775300583.1543295,2.0,-3.0,12.0
1775300583.1643295,2.0,-5.0,9.0
1775300583.1743295,0.0,-4.0,10.0
1775300583.1843295,-2.0,0.0,8.0
1775300583.1943295,-2.0,5.0,7.0
1775300583.2043295,-3.0,8.0,12.0
1775300583.2143295,-2.0,3.0,10.0
1775300583.2243297,-4.0,-1.0,10.0
1775300583.2343297,-2.0,-4.0,5.0
1775300583.2443297,-1.0,-3.0,6.0
1775300583.2543297,-2.0,-4.0,2.0
1775300583.2643297,-1.0,0.0,2.0
1775300583.2743297,-5.0,1.0,11.0
1775300583.2843297,-7.0,0.0,11.0
1775300583.2943296,-8.0,-3.0,6.0
1775300583.3043296,-3.0,-5.0,2.0
1775300583.3143296,-4.0,-7.0,0.0
1775300583.3243296,-8.0,-9.0,-2.0
1775300583.3343296,-9.0,-4.0,0.0
1775300583.3443296,-7.0,0.0,2.0
1775300583.3543296,-3.0,3.0,9.0
1775300583.3643296,-1.0,4.0,13.0
1775300583.3743296,0.0,6.0,14.0
1775300583.3843296,-1.0,3.0,5.0
1775300583.3943295,2.0,3.0,11.0
1775300583.4043295,3.0,1.0,6.0
1775300583.4143295,6.0,4.0,9.0
1775300583.4243295,7.0,1.0,7.0
1775300583.4343295,0.0,0.0,9.0
1775300583.4443295,-1.0,-1.0,12.0
1775300583.4543295,-1.0,-3.0,1.0
1775300583.4643295,-2.0,-1.0,4.0
1775300583.4743297,-4.0,-1.0,8.0
1775300583.4843297,-7.0,-4.0,12.0
1775300583.4943297,-9.0,0.0,7.0
1775300583.5043297,-7.0,1.0,1.0
1775300583.5143297,-6.0,1.0,-2.0
1775300583.5243297,-5.0,2.0,-2.0
1775300583.5343297,-5.0,0.0,3.0
1775300583.5443296,-1.0,1.0,-2.0
1775300583.5543296,-2.0,0.0,-2.0
1775300583.5643296,1.0,-2.0,-1.0
1775300583.5743296,-2.0,-3.0,2.0
1775300583.5843296,0.0,0.0,-2.0
1775300583.5943296,1.0,0.0,-3.0
1775300583.6043296,-2.0,0.0,5.0
1775300583.6143296,0.0,0.0,9.0
1775300583.6243296,-3.0,0.0,9.0
1775300583.6343296,-5.0,2.0,8.0
1775300583.6443295,-2.0,1.0,6.0
1775300583.6543295,-1.0,0.0,0.0
1775300583.6643295,-4.0,-3.0,5.0
1775300583.6743295,-6.0,-3.0,2.0
1775300583.6843295,-8.0,-2.0,-1.0
1775300583.6943295,-8.0,-4.0,1.0
1775300583.7043295,-6.0,-6.0,8.0
1775300583.7143295,0.0,-8.0,11.0
1775300583.7243297,1.0,-10.0,6.0
1775300583.7343297,2.0,-5.0,6.0
1775300583.7443297,6.0,-1.0,12.0
1775300583.7543297,4.0,-3.0,13.0
1775300583.7643297,0.0,-6.0,9.0
1775300583.7743297,0.0,-7.0,10.0
1775300583.7843297,-3.0,-4.0,12.0
1775300583.7943296,-2.0,-2.0,13.0
1775300583.8043296,-4.0,0.0,17.0
1775300583.8143296,0.0,1.0,16.0
1775300583.8243296,1.0,-2.0,14.0
1775300583.8343296,4.0,-3.0,6.0
1775300583.8443296,8.0,-3.0,6.0
1775300583.8543296,9.0,-5.0,5.0
1775300583.8643296,8.0,-5.0,6.0
1775300583.8743296,9.0,-3.0,6.0
1775300583.8843296,5.0,-1.0,7.0
1775300583.8943295,3.0,0.0,9.0
1775300583.9043295,5.0,0.0,11.0
1775300583.9143295,6.0,1.0,13.0
1775300583.9243295,5.0,1.0,12.0
1775300583.9343295,4.0,1.0,14.0
1775300583.9443295,3.0,-1.0,16.0
1775300583.9543295,8.0,-4.0,18.0
1775300583.9643295,9.0,-7.0,19.0
1775300583.9743297,6.0,-2.0,14.0
1775300583.9843297,6.0,0.0,13.0
1775300583.9943297,0.0,3.0,12.0
1775300584.0043297,2.0,4.0,16.0
1775300584.0143297,1.0,7.0,8.0
1775300584.0243297,1.0,3.0,8.0
1775300584.0343297,0.0,0.0,9.0
1775300584.0443296,1.0,0.0,12.0
1775300584.0543296,6.0,-1.0,4.0
1775300584.0643296,8.0,1.0,4.0
1775300584.0743296,7.0,0.0,3.0
1775300584.0843296,8.0,2.0,4.0
1775300584.0943296,6.0,4.0,2.0
1775300584.1043296,5.0,1.0,2.0
1775300584.1153295,1.0,0.0,3.0
1775300584.1243296,2.0,5.0,8.0
1775300584.1353295,1.0,2.0,13.0
1775300584.1453297,0.0,4.0,13.0
1775300584.1553297,2.0,0.0,11.0
1775300584.1653297,1.0,0.0,9.0
1775300584.1753297,2.0,1.0,12.0
1775300584.1853297,0.0,0.0,15.0
1775300584.1953297,7.0,-1.0,14.0
1775300584.2053297,8.0,-1.0,11.0
1775300584.2153296,6.0,-2.0,14.0
1775300584.2253296,5.0,-2.0,12.0
1775300584.2353296,0.0,-2.0,18.0
1775300584.2453296,-1.0,-3.0,19.0
1775300584.2553296,0.0,0.0,16.0
1775300584.2653296,-5.0,-2.0,18.0
1775300584.2753296,-5.0,-4.0,18.0
1775300584.2853296,-3.0,-2.0,14.0
1775300584.2953296,-3.0,-4.0,17.0
1775300584.3053296,0.0,-5.0,19.0
1775300584.3153296,1.0,-8.0,21.0
1775300584.3253295,0.0,-6.0,10.0
1775300584.3353295,0.0,-4.0,8.0
1775300584.3453295,-2.0,-3.0,2.0
1775300584.3553295,-4.0,-4.0,1.0
1775300584.3653295,-1.0,0.0,5.0
1775300584.3753295,1.0,0.0,9.0
1775300584.3853295,3.0,0.0,21.0
1775300584.3953297,4.0,0.0,15.0
1775300584.4053297,1.0,2.0,10.0
1775300584.4153297,1.0,1.0,11.0
1775300584.4253297,0.0,0.0,19.0
1775300584.4353297,1.0,0.0,24.0
1775300584.4453297,0.0,3.0,21.0
1775300584.4553297,2.0,1.0,17.0
1775300584.4653296,2.0,2.0,15.0
1775300584.4753296,3.0,2.0,14.0
1775300584.4853296,7.0,0.0,9.0
1775300584.4953296,3.0,2.0,10.0
1775300584.5053296,0.0,0.0,8.0
1775300584.5153296,1.0,-1.0,10.0
1775300584.5253296,3.0,1.0,11.0
1775300584.5353296,5.0,1.0,10.0
1775300584.5453296,3.0,-1.0,13.0
1775300584.5553296,0.0,0.0,16.0
1775300584.5653296,-4.0,-2.0,15.0
1775300584.5753295,-3.0,-3.0,15.0
1775300584.5853295,0.0,-6.0,22.0
1775300584.5953295,-4.0,-6.0,21.0
1775300584.6053295,-2.0,-7.0,20.0
1775300584.6153295,-5.0,-7.0,18.0
1775300584.6253295,-6.0,-5.0,20.0
1775300584.6353295,-8.0,-3.0,22.0
1775300584.6453297,-5.0,0.0,24.0
1775300584.6553297,0.0,-3.0,23.0
1775300584.6653297,0.0,-3.0,16.0
1775300584.6753297,-3.0,-6.0,8.0
1775300584.6853297,-1.0,-1.0,8.0
1775300584.6953297,0.0,2.0,5.0
1775300584.7053297,3.0,3.0,7.0
1775300584.7153296,1.0,1.0,6.0
1775300584.7253296,0.0,5.0,8.0
1775300584.7353296,1.0,10.0,10.0
1775300584.7453296,2.0,10.0,13.0
1775300584.7553296,0.0,6.0,11.0
1775300584.7653296,0.0,5.0,11.0
1775300584.7753296,0.0,3.0,10.0
1775300584.7853296,-1.0,5.0,7.0
1775300584.7953296,2.0,5.0,9.0
1775300584.8053296,-3.0,3.0,12.0
1775300584.8153296,-5.0,0.0,14.0
1775300584.8253295,-4.0,-1.0,8.0
1775300584.8353295,-2.0,0.0,12.0
1775300584.8453295,-5.0,0.0,9.0
1775300584.8553295,-7.0,0.0,11.0
1775300584.8653295,-3.0,-2.0,4.0
1775300584.8753295,-3.0,-2.0,10.0
1775300584.8853295,1.0,-2.0,4.0
1775300584.8953297,2.0,-6.0,0.0
1775300584.9053297,3.0,-2.0,4.0
1775300584.9153297,0.0,-4.0,3.0
1775300584.9253297,1.0,-2.0,6.0
1775300584.9353297,5.0,-6.0,8.0
1775300584.9453297,4.0,-5.0,9.0
1775300584.9553297,5.0,-3.0,11.0
1775300584.9653296,3.0,-5.0,10.0
1775300584.9753296,0.0,-7.0,13.0
1775300584.9853296,0.0,-9.0,8.0
1775300584.9953296,0.0,-14.0,6.0
1775300585.0053296,1.0,-10.0,6.0
1775300585.0153296,-1.0,-8.0,11.0
1775300585.0253296,-1.0,-3.0,16.0
1775300585.0353296,-1.0,-1.0,17.0
1775300585.0453296,-4.0,-3.0,18.0
1775300585.0553296,-3.0,-6.0,15.0
1775300585.0653296,0.0,-5.0,14.0
1775300585.0753295,0.0,-4.0,11.0
1775300585.0853295,-1.0,-3.0,9.0
1775300585.0953295,-4.0,-3.0,8.0
1775300585.1053295,-7.0,-4.0,3.0
1775300585.1153295,-5.0,-7.0,6.0
1775300585.1253295,-1.0,-2.0,4.0
1775300585.1353295,-1.0,0.0,7.0
1775300585.1453297,0.0,1.0,9.0
1775300585.1553297,-2.0,-2.0,1.0
1775300585.1653297,-2.0,-1.0,-3.0
1775300585.1753297,0.0,0.0,0.0
1775300585.1853297,0.0,4.0,3.0
1775300585.1953297,-1.0,2.0,8.0
1775300585.2053297,2.0,2.0,5.0
1775300585.2153296,2.0,1.0,12.0
1775300585.2253296,1.0,2.0,7.0
1775300585.2353296,-4.0,5.0,12.0
1775300585.2453296,-9.0,6.0,19.0
1775300585.2553296,-9.0,4.0,18.0
1775300585.2653296,-12.0,4.0,19.0
1775300585.2753296,-7.0,5.0,23.0
1775300585.2853296,-7.0,5.0,17.0
1775300585.2953296,0.0,4.0,17.0
1775300585.3053296,0.0,3.0,13.0
1775300585.3153296,-2.0,2.0,7.0
1775300585.3253295,-4.0,4.0,7.0
1775300585.3353295,-2.0,1.0,9.0
1775300585.3453295,2.0,2.0,7.0
1775300585.3553295,0.0,3.0,8.0
1775300585.3653295,-6.0,4.0,4.0
1775300585.3753295,-6.0,4.0,7.0
1775300585.3853295,-2.0,6.0,13.0
1775300585.3953297,-4.0,6.0,11.0
1775300585.4053297,-11.0,1.0,14.0
1775300585.4153297,-5.0,2.0,10.0
1775300585.4253297,-6.0,0.0,11.0
1775300585.4353297,-6.0,3.0,13.0
1775300585.4453297,-5.0,5.0,8.0
1775300585.4553297,-5.0,3.0,10.0
1775300585.4653296,-4.0,1.0,15.0
1775300585.4753296,0.0,-1.0,15.0
1775300585.4853296,-3.0,-2.0,9.0
1775300585.4953296,-5.0,-4.0,5.0
1775300585.5053296,-3.0,-3.0,13.0
1775300585.5153296,0.0,0.0,17.0
1775300585.5253296,-3.0,0.0,19.0
1775300585.5353296,-4.0,0.0,18.0
1775300585.5453296,-3.0,-1.0,18.0
1775300585.5553296,-1.0,-1.0,15.0
1775300585.5653296,0.0,-1.0,13.0
1775300585.5753295,0.0,-4.0,11.0
1775300585.5853295,-3.0,-3.0,13.0
1775300585.5953295,-2.0,-4.0,14.0
1775300585.6053295,1.0,-4.0,12.0
1775300585.6153295,1.0,-2.0,10.0
1775300585.6253295,0.0,-2.0,9.0
1775300585.6353295,1.0,0.0,8.0
1775300585.6453297,0.0,-1.0,10.0
1775300585.6553297,-2.0,4.0,13.0
1775300585.6653297,-2.0,2.0,10.0
1775300585.6753297,0.0,7.0,7.0
1775300585.6853297,0.0,7.0,10.0
1775300585.6953297,0.0,4.0,8.0
1775300585.7053297,3.0,7.0,2.0
1775300585.7153296,1.0,6.0,-1.0
1775300585.7253296,2.0,7.0,-1.0
1775300585.7353296,-2.0,3.0,1.0
1775300585.7453296,0.0,2.0,7.0
1775300585.7553296,2.0,1.0,5.0
1775300585.7653296,3.0,3.0,4.0
1775300585.7753296,0.0,1.0,6.0
1775300585.7853296,1.0,0.0,6.0
1775300585.7953296,-2.0,2.0,4.0
1775300585.8053296,0.0,0.0,0.0
1775300585.8153296,0.0,1.0,-5.0
1775300585.8253295,-1.0,5.0,0.0
1775300585.8353295,-1.0,1.0,4.0
1775300585.8453295,-1.0,0.0,6.0
1775300585.8553295,2.0,0.0,12.0
1775300585.8653295,6.0,0.0,12.0
1775300585.8753295,2.0,0.0,11.0
1775300585.8853295,-3.0,-2.0,7.0
1775300585.8953297,-2.0,1.0,7.0
1775300585.9053297,3.0,2.0,9.0
1775300585.9153297,0.0,1.0,7.0
1775300585.9253297,3.0,0.0,0.0
1775300585.9353297,0.0,0.0,6.0
1775300585.9453297,-3.0,2.0,10.0
1775300585.9553297,-5.0,1.0,16.0
1775300585.9653296,-1.0,4.0,11.0
1775300585.9753296,-1.0,0.0,13.0
1775300585.9853296,4.0,2.0,12.0
1775300585.9953296,1.0,5.0,8.0
1775300586.0053296,0.0,5.0,8.0
1775300586.0153296,0.0,0.0,10.0
1775300586.0253296,0.0,-3.0,11.0
1775300586.0353296,0.0,-6.0,9.0
1775300586.0453296,0.0,-9.0,8.0
1775300586.0553296,-4.0,-8.0,10.0
1775300586.0653296,-3.0,-7.0,9.0
1775300586.0753295,-2.0,-7.0,13.0
1775300586.0853295,1.0,-3.0,18.0
1775300586.0953295,0.0,1.0,20.0
1775300586.1053295,0.0,3.0,14.0
1775300586.1153295,1.0,3.0,9.0
1775300586.1253295,3.0,3.0,10.0
1775300586.1353295,2.0,4.0,17.0
1775300586.1453297,2.0,2.0,20.0
1775300586.1553297,1.0,3.0,17.0
1775300586.1653297,-1.0,6.0,10.0
1775300586.1753297,-4.0,7.0,7.0
1775300586.1853297,-3.0,4.0,0.0
1775300586.1953297,-2.0,5.0,10.0
1775300586.2053297,-3.0,5.0,15.0
1775300586.2153296,-1.0,-1.0,7.0
1775300586.2253296,-3.0,1.0,0.0
1775300586.2353296,0.0,2.0,-2.0
1775300586.2453296,1.0,3.0,4.0
1775300586.2553296,1.0,4.0,10.0
1775300586.2653296,2.0,1.0,8.0
1775300586.2753296,-2.0,5.0,13.0
1775300586.2853296,-3.0,6.0,9.0
1775300586.2953296,-5.0,5.0,5.0
1775300586.3053296,-4.0,6.0,9.0
1775300586.3153296,-3.0,10.0,4.0
1775300586.3253295,-4.0,5.0,0.0
1775300586.3353295,-7.0,-2.0,-2.0
1775300586.3453295,-3.0,-6.0,0.0
1775300586.3553295,0.0,-8.0,0.0
1775300586.3653295,0.0,-6.0,3.0
1775300586.3753295,-1.0,-5.0,5.0
1775300586.3863297,-6.0,-6.0,-4.0
1775300586.3953297,-2.0,-3.0,-8.0
1775300586.4053297,-1.0,-1.0,-3.0
1775300586.4163296,-1.0,-3.0,3.0
1775300586.4263296,0.0,-4.0,9.0
1775300586.4363296,-2.0,-4.0,10.0
1775300586.4463296,2.0,-7.0,11.0
1775300586.4563296,2.0,-7.0,7.0
1775300586.4663296,4.0,-10.0,7.0
1775300586.4763296,7.0,-7.0,4.0
1775300586.4863296,5.0,-6.0,3.0
1775300586.4963295,5.0,-9.0,12.0
1775300586.5063295,4.0,-10.0,11.0
1775300586.5163295,2.0,-11.0,13.0
1775300586.5263295,0.0,-6.0,10.0
1775300586.5363295,-1.0,-5.0,18.0
1775300586.5463295,2.0,-8.0,14.0
1775300586.5563295,2.0,-8.0,3.0
1775300586.5663297,5.0,-8.0,1.0
1775300586.5763297,4.0,-3.0,-1.0
1775300586.5863297,4.0,0.0,-1.0
1775300586.5963297,3.0,-2.0,2.0
1775300586.6063297,4.0,-5.0,6.0
1775300586.6163297,1.0,-2.0,3.0
1775300586.6263297,3.0,-2.0,2.0
1775300586.6363297,1.0,-2.0,5.0
1775300586.6463296,-2.0,-1.0,1.0
1775300586.6563296,-2.0,-1.0,6.0
1775300586.6663296,-2.0,0.0,5.0
1775300586.6763296,4.0,-3.0,7.0
1775300586.6863296,4.0,2.0,2.0
1775300586.6963296,2.0,2.0,5.0
1775300586.7063296,5.0,1.0,9.0
1775300586.7163296,3.0,3.0,8.0
1775300586.7263296,3.0,3.0,2.0
1775300586.7363296,2.0,0.0,0.0
1775300586.7463295,2.0,-2.0,4.0
1775300586.7563295,3.0,-6.0,1.0
1775300586.7663295,1.0,-6.0,-3.0
1775300586.7763295,2.0,-5.0,1.0
1775300586.7863295,3.0,-5.0,8.0
1775300586.7963295,6.0,-5.0,16.0
1775300586.8063295,2.0,-3.0,12.0
1775300586.8163297,4.0,-6.0,5.0
1775300586.8263297,2.0,-3.0,2.0
1775300586.8363297,3.0,-2.0,8.0
1775300586.8463297,3.0,1.0,5.0
1775300586.8563297,-1.0,5.0,5.0
1775300586.8663297,1.0,0.0,13.0
1775300586.8763297,5.0,-5.0,11.0
1775300586.8863297,2.0,-2.0,8.0
1775300586.8963296,5.0,0.0,8.0
1775300586.9063296,4.0,0.0,6.0
1775300586.9163296,1.0,-2.0,7.0
1775300586.9263296,5.0,3.0,12.0
1775300586.9363296,4.0,2.0,8.0
1775300586.9463296,7.0,0.0,12.0
1775300586.9563296,6.0,3.0,-1.0
1775300586.9663296,2.0,0.0,1.0
1775300586.9763296,4.0,-4.0,-5.0
1775300586.9863296,5.0,-7.0,4.0
1775300586.9963295,1.0,-7.0,9.0
1775300587.0063295,-2.0,-6.0,2.0
1775300587.0163295,-3.0,-5.0,2.0
1775300587.0263295,-2.0,-5.0,0.0
1775300587.0363295,0.0,-7.0,0.0
1775300587.0463295,3.0,-9.0,3.0
1775300587.0563295,5.0,-4.0,7.0
1775300587.0663297,5.0,0.0,9.0
1775300587.0763297,4.0,-1.0,8.0
1775300587.0863297,-4.0,-1.0,3.0
1775300587.0963297,-4.0,-3.0,7.0
1775300587.1063297,0.0,0.0,5.0
1775300587.1163297,-2.0,2.0,3.0
1775300587.1263297,0.0,0.0,1.0
1775300587.1363297,-1.0,-4.0,1.0
1775300587.1463296,-9.0,0.0,1.0
1775300587.1563296,-8.0,0.0,3.0
1775300587.1663296,-3.0,0.0,7.0
1775300587.1763296,-7.0,-3.0,8.0
1775300587.1863296,-8.0,0.0,5.0
1775300587.1963296,-7.0,-1.0,4.0
1775300587.2063296,-13.0,-6.0,12.0
1775300587.2163296,-13.0,-4.0,16.0
1775300587.2263296,-6.0,0.0,20.0
1775300587.2363296,-4.0,3.0,21.0
1775300587.2463295,-1.0,9.0,18.0
1775300587.2563295,-4.0,6.0,18.0
1775300587.2663295,-6.0,4.0,19.0
1775300587.2763295,-5.0,1.0,15.0
1775300587.2863295,-6.0,1.0,16.0
1775300587.2963295,-1.0,3.0,14.0
1775300587.3063295,1.0,1.0,7.0
1775300587.3163297,3.0,-1.0,7.0
1775300587.3263297,0.0,0.0,8.0
1775300587.3363297,1.0,4.0,8.0
1775300587.3463297,4.0,1.0,12.0
1775300587.3563297,2.0,4.0,13.0
1775300587.3663297,3.0,2.0,16.0
1775300587.3763297,1.0,0.0,15.0
1775300587.3863297,2.0,0.0,14.0
1775300587.3963296,0.0,-1.0,16.0
1775300587.4063296,0.0,0.0,9.0
1775300587.4163296,0.0,2.0,11.0
1775300587.4263296,-2.0,2.0,11.0
1775300587.4363296,1.0,3.0,7.0
1775300587.4463296,0.0,10.0,12.0
1775300587.4563296,-2.0,6.0,18.0
1775300587.4663296,-2.0,3.0,20.0
1775300587.4763296,-2.0,1.0,23.0
1775300587.4863296,0.0,1.0,18.0
1775300587.4963295,0.0,0.0,15.0
1775300587.5063295,5.0,-1.0,9.0
1775300587.5163295,4.0,-1.0,6.0
1775300587.5263295,7.0,-4.0,10.0
1775300587.5363295,5.0,0.0,15.0
1775300587.5463295,3.0,0.0,20.0
1775300587.5563295,2.0,-1.0,14.0
1775300587.5663297,3.0,-4.0,10.0
1775300587.5763297,5.0,-8.0,8.0
1775300587.5863297,3.0,-8.0,9.0
1775300587.5963297,0.0,-4.0,3.0
1775300587.6063297,-5.0,0.0,1.0
1775300587.6163297,-9.0,-3.0,2.0
1775300587.6263297,-4.0,-3.0,-3.0
1775300587.6363297,-3.0,-5.0,7.0
1775300587.6463296,-4.0,-6.0,9.0
1775300587.6563296,0.0,-6.0,14.0
1775300587.6663296,0.0,-2.0,12.0
1775300587.6763296,-1.0,-6.0,5.0
1775300587.6863296,-2.0,-7.0,7.0
1775300587.6963296,0.0,-3.0,10.0
1775300587.7063296,2.0,-3.0,12.0
1775300587.7163296,-7.0,-4.0,13.0
1775300587.7263296,-5.0,-5.0,9.0
1775300587.7363296,-8.0,-4.0,1.0
1775300587.7463295,-11.0,-3.0,3.0
1775300587.7563295,-8.0,-1.0,4.0
1775300587.7663295,-7.0,-1.0,0.0
1775300587.7763295,-5.0,3.0,2.0
1775300587.7863295,-5.0,2.0,1.0
1775300587.7963295,-5.0,1.0,1.0
1775300587.8063295,-6.0,4.0,-5.0
1775300587.8163297,-3.0,6.0,-3.0
1775300587.8263297,-2.0,4.0,-2.0
1775300587.8363297,-3.0,0.0,5.0
1775300587.8463297,-1.0,0.0,0.0
1775300587.8563297,-3.0,0.0,1.0
1775300587.8663297,-2.0,0.0,1.0
1775300587.8763297,-3.0,2.0,0.0
1775300587.8863297,-3.0,1.0,7.0
1775300587.8963296,-4.0,-1.0,8.0
1775300587.9063296,-3.0,-7.0,21.0
1775300587.9163296,1.0,-5.0,13.0
1775300587.9263296,-1.0,-9.0,11.0
1775300587.9363296,-1.0,-3.0,11.0
1775300587.9463296,9.0,-1.0,6.0
1775300587.9563296,14.0,-3.0,2.0
1775300587.9663296,3.0,1.0,-1.0
1775300587.9763296,4.0,0.0,0.0
1775300587.9863296,0.0,-1.0,2.0
1775300587.9963295,2.0,-5.0,6.0
1775300588.0063295,3.0,-3.0,4.0
1775300588.0163295,6.0,-3.0,2.0
1775300588.0263295,0.0,3.0,7.0
1775300588.0363295,2.0,4.0,6.0
1775300588.0463295,7.0,2.0,6.0
1775300588.0563295,4.0,0.0,1.0
1775300588.0663297,5.0,0.0,4.0
1775300588.0763297,4.0,0.0,1.0
1775300588.0863297,2.0,-1.0,0.0
1775300588.0963297,4.0,0.0,1.0
1775300588.1063297,5.0,-1.0,3.0
1775300588.1163297,5.0,-1.0,4.0
1775300588.1263297,1.0,-6.0,7.0
1775300588.1363297,1.0,-6.0,8.0
1775300588.1463296,-2.0,-7.0,9.0
1775300588.1563296,-7.0,-8.0,5.0
1775300588.1663296,-7.0,-3.0,3.0
1775300588.1763296,-5.0,-3.0,8.0
1775300588.1863296,-4.0,-4.0,15.0
1775300588.1963296,-1.0,1.0,18.0
1775300588.2063296,0.0,0.0,15.0
1775300588.2163296,4.0,0.0,11.0
1775300588.2263296,-1.0,-4.0,8.0
1775300588.2363296,-2.0,-3.0,13.0
1775300588.2463295,-3.0,-2.0,12.0
1775300588.2563295,-4.0,-4.0,19.0
1775300588.2663295,-4.0,-8.0,18.0
1775300588.2763295,-2.0,-7.0,19.0
1775300588.2863295,0.0,-7.0,12.0
1775300588.2963295,0.0,-6.0,4.0
1775300588.3063295,-3.0,-6.0,7.0
1775300588.3163297,-7.0,-5.0,8.0
1775300588.3263297,-9.0,-6.0,8.0
1775300588.3363297,-8.0,-6.0,10.0
1775300588.3463297,-5.0,-6.0,9.0
1775300588.3563297,-3.0,0.0,6.0
1775300588.3663297,-3.0,3.0,3.0
1775300588.3763297,-1.0,0.0,6.0
1775300588.3863297,-4.0,4.0,10.0
1775300588.3963296,-2.0,2.0,14.0
1775300588.4063296,0.0,0.0,4.0
1775300588.4163296,-2.0,0.0,4.0
1775300588.4263296,0.0,0.0,5.0
1775300588.4363296,2.0,0.0,4.0
1775300588.4463296,2.0,0.0,9.0
1775300588.4563296,2.0,1.0,14.0
1775300588.4663296,0.0,2.0,8.0
1775300588.4763296,-2.0,-3.0,6.0
1775300588.4863296,0.0,-5.0,5.0
1775300588.4963295,-1.0,-4.0,12.0
1775300588.5063295,2.0,-2.0,11.0
1775300588.5163295,-2.0,-5.0,6.0
1775300588.5263295,-2.0,-1.0,8.0
1775300588.5363295,0.0,0.0,8.0
1775300588.5463295,-6.0,0.0,10.0
1775300588.5563295,-10.0,0.0,10.0
1775300588.5663297,-12.0,0.0,12.0
1775300588.5763297,-4.0,1.0,9.0
1775300588.5863297,-1.0,2.0,6.0
1775300588.5963297,-3.0,1.0,3.0
1775300588.6063297,-3.0,0.0,0.0
1775300588.6163297,0.0,0.0,0.0
1775300588.6263297,-1.0,5.0,7.0
1775300588.6363297,-4.0,4.0,4.0
1775300588.6463296,-4.0,0.0,1.0
1775300588.6563296,-1.0,-1.0,4.0
1775300588.6663296,0.0,2.0,8.0
1775300588.6763296,2.0,-3.0,10.0
1775300588.6863296,7.0,-5.0,1.0
1775300588.6973295,8.0,-5.0,4.0
1775300588.7073295,6.0,-3.0,2.0
1775300588.7173295,4.0,0.0,2.0
1775300588.7273295,0.0,0.0,2.0
1775300588.7373295,-2.0,0.0,0.0
1775300588.7473297,-7.0,-2.0,7.0
1775300588.7573297,-4.0,-2.0,6.0
1775300588.7673297,-6.0,-3.0,4.0
1775300588.7773297,-2.0,-1.0,6.0
1775300588.7873297,-4.0,0.0,10.0
1775300588.7973297,-3.0,2.0,4.0
1775300588.8073297,-5.0,0.0,0.0
1775300588.8173296,-3.0,1.0,6.0
1775300588.8273296,-4.0,-2.0,7.0
1775300588.8373296,-3.0,-2.0,14.0
1775300588.8473296,-4.0,-6.0,19.0
1775300588.8573296,-3.0,-3.0,16.0
1775300588.8673296,-1.0,0.0,12.0
1775300588.8773296,2.0,1.0,9.0
1775300588.8873296,3.0,1.0,14.0
1775300588.8973296,5.0,-1.0,13.0
1775300588.9073296,4.0,-2.0,12.0
1775300588.9173295,2.0,-6.0,18.0
1775300588.9273295,2.0,-5.0,14.0
1775300588.9373295,4.0,-2.0,11.0
1775300588.9473295,2.0,-4.0,12.0
1775300588.9573295,-1.0,-3.0,6.0
1775300588.9673295,0.0,-2.0,11.0
1775300588.9773295,0.0,0.0,11.0
1775300588.9873295,0.0,0.0,12.0
1775300588.9973297,0.0,4.0,10.0
1775300589.0073297,0.0,3.0,10.0
1775300589.0173297,-1.0,1.0,11.0
1775300589.0273297,1.0,-1.0,14.0
1775300589.0373297,0.0,0.0,16.0
1775300589.0473297,1.0,3.0,13.0
1775300589.0573297,0.0,2.0,16.0
1775300589.0673296,4.0,6.0,18.0
1775300589.0773296,5.0,6.0,17.0
1775300589.0873296,6.0,-3.0,23.0
1775300589.0973296,3.0,-5.0,16.0
1775300589.1073296,1.0,-3.0,19.0
1775300589.1173296,4.0,0.0,13.0
1775300589.1273296,-3.0,-1.0,13.0
1775300589.1373296,-6.0,-2.0,11.0
1775300589.1473296,-4.0,-3.0,16.0
1775300589.1573296,-2.0,-4.0,19.0
1775300589.1673295,0.0,-2.0,12.0
1775300589.1773295,-3.0,-3.0,15.0
1775300589.1873295,-3.0,-6.0,13.0
1775300589.1973295,1.0,-3.0,8.0
1775300589.2073295,3.0,-2.0,12.0
1775300589.2173295,3.0,-10.0,20.0
1775300589.2273295,1.0,-8.0,15.0
1775300589.2373295,-1.0,-1.0,11.0
1775300589.2473297,0.0,3.0,9.0
1775300589.2573297,-1.0,3.0,9.0
1775300589.2673297,2.0,2.0,6.0
1775300589.2773297,3.0,5.0,2.0
1775300589.2873297,2.0,6.0,4.0
1775300589.2973297,-1.0,9.0,1.0
1775300589.3073297,-2.0,7.0,3.0
1775300589.3173296,-1.0,6.0,3.0
1775300589.3283296,-5.0,7.0,0.0
1775300589.3373296,0.0,7.0,2.0
1775300589.3473296,2.0,6.0,1.0
1775300589.3573296,0.0,4.0,-4.0
1775300589.3673296,1.0,0.0,0.0
1775300589.3773296,-1.0,-1.0,3.0
1775300589.3873296,-5.0,-2.0,12.0
1775300589.3973296,-3.0,-3.0,11.0
1775300589.4073296,-4.0,-1.0,14.0
1775300589.4173295,-2.0,-4.0,8.0
1775300589.4273295,-5.0,-3.0,0.0
1775300589.4373295,-6.0,0.0,-3.0
1775300589.4473295,-8.0,0.0,-4.0
1775300589.4573295,-6.0,-1.0,-7.0
1775300589.4673295,-6.0,0.0,0.0
1775300589.4773295,-6.0,-2.0,0.0
1775300589.4873295,-4.0,1.0,4.0
1775300589.4973297,-2.0,1.0,7.0
1775300589.5073297,0.0,2.0,3.0
1775300589.5173297,-2.0,0.0,1.0
1775300589.5273297,1.0,0.0,0.0
1775300589.5373297,-4.0,3.0,2.0
1775300589.5473297,-5.0,3.0,4.0
1775300589.5573297,-7.0,1.0,3.0
1775300589.5673296,-6.0,0.0,5.0
1775300589.5773296,-8.0,-1.0,11.0
1775300589.5873296,-7.0,-3.0,7.0
1775300589.5973296,-5.0,0.0,0.0
1775300589.6073296,1.0,2.0,6.0
1775300589.6173296,-2.0,4.0,9.0
1775300589.6273296,-4.0,1.0,9.0
1775300589.6373296,-2.0,-1.0,11.0
1775300589.6473296,-3.0,-1.0,13.0
1775300589.6573296,-1.0,-1.0,21.0
1775300589.6673295,4.0,2.0,11.0
1775300589.6773295,2.0,0.0,14.0
1775300589.6873295,3.0,1.0,9.0
1775300589.6973295,2.0,5.0,8.0
1775300589.7073295,3.0,4.0,4.0
1775300589.7173295,1.0,2.0,2.0
1775300589.7273295,4.0,-1.0,10.0
1775300589.7373295,1.0,-2.0,13.0
1775300589.7473297,-1.0,0.0,16.0
1775300589.7573297,-1.0,-1.0,13.0
1775300589.7673297,-2.0,-1.0,10.0
1775300589.7773297,-6.0,-3.0,11.0
1775300589.7873297,-5.0,-1.0,13.0
1775300589.7973297,-6.0,-6.0,9.0
1775300589.8073297,-4.0,-10.0,3.0
1775300589.8173296,0.0,-7.0,5.0
1775300589.8273296,-2.0,-5.0,7.0
1775300589.8373296,-2.0,-6.0,5.0
1775300589.8473296,-6.0,-6.0,6.0
1775300589.8573296,-4.0,-3.0,11.0
1775300589.8673296,-2.0,-4.0,17.0
1775300589.8773296,-2.0,-3.0,14.0
1775300589.8873296,0.0,-2.0,6.0
1775300589.8973296,1.0,-5.0,12.0
1775300589.9073296,-1.0,-2.0,9.0
1775300589.9173295,-1.0,0.0,11.0
1775300589.9273295,0.0,-4.0,8.0
1775300589.9373295,3.0,-9.0,9.0
1775300589.9473295,0.0,-7.0,14.0
1775300589.9573295,4.0,-5.0,11.0
1775300589.9673295,2.0,-6.0,12.0
1775300589.9773295,5.0,-6.0,13.0
1775300589.9873295,2.0,-6.0,11.0
1775300589.9973297,2.0,-6.0,10.0
1775300590.0073297,1.0,-3.0,7.0
1775300590.0173297,2.0,0.0,0.0
1775300590.0273297,3.0,1.0,0.0
1775300590.0373297,0.0,0.0,0.0
1775300590.0473297,0.0,-5.0,3.0
1775300590.0573297,1.0,-3.0,5.0
1775300590.0673296,0.0,-3.0,-3.0
1775300590.0773296,2.0,-1.0,2.0
1775300590.0873296,1.0,1.0,-1.0
1775300590.0973296,2.0,3.0,2.0
1775300590.1073296,4.0,2.0,-3.0
1775300590.1173296,2.0,1.0,4.0
1775300590.1273296,6.0,-4.0,0.0
1775300590.1373296,8.0,-5.0,-3.0
1775300590.1473296,8.0,-6.0,-6.0
1775300590.1573296,4.0,-8.0,4.0
1775300590.1673295,7.0,-6.0,3.0
1775300590.1773295,3.0,-2.0,0.0
1775300590.1873295,1.0,0.0,-1.0
1775300590.1973295,1.0,0.0,4.0
1775300590.2073295,-1.0,-2.0,4.0
1775300590.2173295,-4.0,-2.0,2.0
1775300590.2273295,-4.0,-1.0,6.0
1775300590.2373295,-5.0,0.0,6.0
1775300590.2473297,-2.0,1.0,11.0
1775300590.2573297,-4.0,0.0,14.0
1775300590.2673297,-2.0,-2.0,14.0
1775300590.2773297,0.0,-1.0,15.0
1775300590.2873297,2.0,-1.0,20.0
1775300590.2973297,3.0,-1.0,15.0
1775300590.3073297,-2.0,-2.0,18.0
1775300590.3173296,0.0,-5.0,22.0
1775300590.3273296,0.0,-3.0,21.0
1775300590.3373296,-2.0,-4.0,14.0
1775300590.3473296,0.0,-5.0,16.0
1775300590.3573296,3.0,-7.0,15.0
1775300590.3673296,3.0,-6.0,17.0
1775300590.3773296,1.0,-3.0,13.0
1775300590.3873296,0.0,-4.0,9.0
1775300590.3973296,4.0,0.0,6.0
1775300590.4073296,0.0,1.0,3.0
1775300590.4173295,0.0,-1.0,2.0
1775300590.4273295,1.0,-1.0,4.0
1775300590.4373295,5.0,-1.0,2.0
1775300590.4473295,1.0,1.0,1.0
1775300590.4573295,0.0,0.0,4.0
1775300590.4673295,-4.0,-1.0,2.0
1775300590.4773295,-6.0,0.0,5.0
1775300590.4873295,-4.0,-2.0,7.0
1775300590.4973297,-3.0,-6.0,9.0
1775300590.5073297,-3.0,-5.0,12.0
1775300590.5173297,0.0,-3.0,4.0
1775300590.5273297,-1.0,-2.0,8.0
1775300590.5373297,-3.0,0.0,9.0
1775300590.5473297,-4.0,-1.0,12.0
1775300590.5573297,-2.0,0.0,17.0
1775300590.5673296,0.0,0.0,19.0
1775300590.5773296,1.0,-2.0,13.0
1775300590.5873296,0.0,-5.0,14.0
1775300590.5973296,0.0,-9.0,16.0
1775300590.6073296,0.0,-7.0,17.0
1775300590.6173296,2.0,-3.0,10.0
1775300590.6273296,3.0,-5.0,13.0
1775300590.6373296,-1.0,-5.0,9.0
1775300590.6473296,0.0,1.0,0.0
1775300590.6573296,3.0,3.0,0.0
1775300590.6673295,4.0,2.0,4.0
1775300590.6773295,1.0,0.0,5.0
1775300590.6873295,0.0,-3.0,11.0
1775300590.6973295,1.0,-3.0,8.0
1775300590.7073295,2.0,-6.0,7.0
1775300590.7173295,0.0,-1.0,9.0
1775300590.7273295,0.0,3.0,10.0
1775300590.7373295,3.0,3.0,9.0
1775300590.7473297,1.0,0.0,10.0
1775300590.7573297,-1.0,0.0,5.0
1775300590.7673297,0.0,-2.0,4.0
1775300590.7773297,-6.0,0.0,1.0
1775300590.7873297,-4.0,-1.0,0.0
1775300590.7973297,-6.0,-2.0,-1.0
1775300590.8073297,-7.0,-1.0,-5.0
1775300590.8173296,-9.0,2.0,-6.0
1775300590.8273296,-8.0,0.0,-2.0
1775300590.8373296,-4.0,0.0,1.0
1775300590.8473296,2.0,0.0,-3.0
1775300590.8573296,3.0,-1.0,-2.0
1775300590.8673296,3.0,-1.0,0.0
1775300590.8773296,3.0,-5.0,3.0
1775300590.8873296,0.0,-4.0,11.0
1775300590.8973296,2.0,-1.0,16.0
1775300590.9073296,5.0,-2.0,12.0
1775300590.9173295,1.0,0.0,9.0
1775300590.9273295,3.0,0.0,13.0
1775300590.9373295,4.0,-1.0,20.0
1775300590.9473295,4.0,0.0,26.0
1775300590.9573295,7.0,-4.0,23.0
1775300590.9673295,11.0,-1.0,21.0
1775300590.9773295,13.0,1.0,19.0
1775300590.9873295,11.0,1.0,16.0
1775300590.9973297,9.0,5.0,13.0
1775300591.0073297,6.0,4.0,12.0
1775300591.0183296,6.0,5.0,7.0
1775300591.0283296,0.0,2.0,10.0
1775300591.0383296,-3.0,-1.0,13.0
1775300591.0483296,1.0,-2.0,10.0
1775300591.0583296,3.0,-3.0,7.0
1775300591.0683296,1.0,-3.0,8.0
1775300591.0783296,0.0,-3.0,0.0
1775300591.0883296,1.0,-3.0,0.0
1775300591.0983295,4.0,-3.0,0.0
1775300591.1083295,3.0,0.0,4.0
1775300591.1183295,0.0,0.0,8.0
1775300591.1283295,-4.0,0.0,11.0
1775300591.1383295,-8.0,-1.0,17.0
1775300591.1483295,-7.0,0.0,11.0
1775300591.1583295,-9.0,2.0,3.0
1775300591.1683297,-8.0,-1.0,3.0
1775300591.1783297,-5.0,-1.0,5.0
1775300591.1883297,-8.0,-2.0,3.0
1775300591.1983297,-7.0,-5.0,8.0
1775300591.2083297,-6.0,-5.0,9.0
1775300591.2183297,-9.0,-4.0,8.0
1775300591.2283297,-14.0,-5.0,6.0
1775300591.2383296,-13.0,-5.0,2.0
1775300591.2483296,-13.0,-5.0,1.0
1775300591.2583296,-10.0,3.0,6.0
1775300591.2683296,-4.0,4.0,-1.0
1775300591.2783296,1.0,3.0,2.0
1775300591.2883296,0.0,2.0,7.0
1775300591.2983296,-2.0,2.0,2.0
1775300591.3083296,-3.0,1.0,4.0
1775300591.3183296,-1.0,4.0,5.0
1775300591.3283296,-2.0,9.0,8.0
1775300591.3383296,-6.0,2.0,5.0
1775300591.3483295,-2.0,1.0,4.0
1775300591.3583295,0.0,1.0,3.0
1775300591.3683295,0.0,1.0,4.0
1775300591.3783295,-1.0,-1.0,9.0
1775300591.3883295,0.0,-3.0,14.0
1775300591.3983295,2.0,0.0,10.0
1775300591.4083295,0.0,-2.0,2.0
1775300591.4183297,0.0,0.0,4.0
1775300591.4283297,-4.0,0.0,0.0
1775300591.4383297,0.0,3.0,1.0
1775300591.4483297,4.0,2.0,10.0
1775300591.4583297,1.0,2.0,8.0
1775300591.4683297,4.0,0.0,11.0
1775300591.4783297,0.0,-2.0,13.0
1775300591.4883296,0.0,-2.0,15.0
1775300591.4983296,-1.0,0.0,7.0
1775300591.5083296,0.0,-4.0,4.0
1775300591.5183296,2.0,-5.0,4.0
1775300591.5283296,2.0,-1.0,13.0
1775300591.5383296,6.0,0.0,22.0
1775300591.5483296,5.0,0.0,23.0
1775300591.5583296,2.0,1.0,19.0
1775300591.5683296,4.0,0.0,22.0
1775300591.5783296,3.0,0.0,23.0
1775300591.5883296,0.0,1.0,26.0
1775300591.5983295,0.0,2.0,21.0
1775300591.6083295,-3.0,0.0,18.0
1775300591.6183295,-7.0,0.0,20.0
1775300591.6283295,-9.0,-1.0,21.0
1775300591.6383295,-6.0,-1.0,17.0
1775300591.6483295,-8.0,3.0,17.0
1775300591.6583295,-5.0,3.0,15.0
1775300591.6683297,-3.0,10.0,16.0
1775300591.6783297,-1.0,4.0,14.0
1775300591.6883297,1.0,3.0,11.0
1775300591.6983297,2.0,3.0,20.0
1775300591.7083297,4.0,2.0,19.0
1775300591.7183297,7.0,1.0,13.0
1775300591.7283297,7.0,0.0,12.0
1775300591.7383296,2.0,-1.0,6.0
1775300591.7483296,4.0,0.0,5.0
1775300591.7583296,4.0,0.0,9.0
1775300591.7683296,1.0,-2.0,7.0
1775300591.7783296,3.0,3.0,2.0
1775300591.7883296,-1.0,9.0,10.0
1775300591.7983296,-3.0,3.0,11.0
1775300591.8083296,-1.0,-3.0,7.0
1775300591.8183296,-5.0,-4.0,3.0
1775300591.8283296,-2.0,-8.0,-1.0
1775300591.8383296,4.0,-7.0,0.0
1775300591.8483295,7.0,-7.0,1.0
1775300591.8583295,2.0,-12.0,-1.0
1775300591.8683295,0.0,-3.0,10.0
1775300591.8783295,0.0,-4.0,16.0
1775300591.8883295,2.0,-7.0,17.0
1775300591.8983295,4.0,-8.0,17.0
1775300591.9083295,4.0,-11.0,15.0
1775300591.9183297,6.0,-7.0,9.0
1775300591.9283297,5.0,-2.0,12.0
1775300591.9383297,5.0,-4.0,10.0
1775300591.9483297,5.0,-3.0,5.0
1775300591.9583297,5.0,-4.0,7.0
1775300591.9683297,0.0,-1.0,0.0
1775300591.9783297,1.0,-1.0,-3.0
1775300591.9883296,-2.0,2.0,0.0
1775300591.9983296,-1.0,3.0,5.0
1775300592.0083296,-1.0,3.0,9.0
1775300592.0183296,0.0,0.0,9.0
1775300592.0283296,2.0,0.0,12.0
1775300592.0383296,2.0,2.0,4.0
1775300592.0483296,3.0,0.0,2.0
1775300592.0583296,0.0,3.0,6.0
1775300592.0683296,3.0,6.0,8.0
1775300592.0783296,0.0,0.0,4.0
1775300592.0883296,2.0,0.0,10.0
1775300592.0983295,0.0,1.0,13.0
1775300592.1083295,0.0,0.0,8.0
1775300592.1183295,2.0,0.0,7.0
1775300592.1283295,1.0,0.0,7.0
1775300592.1383295,-1.0,-1.0,3.0
1775300592.1483295,-2.0,-4.0,4.0
1775300592.1583295,-4.0,4.0,6.0
1775300592.1683297,-7.0,5.0,6.0
1775300592.1783297,-6.0,1.0,8.0
1775300592.1883297,-1.0,1.0,15.0
1775300592.1983297,0.0,3.0,15.0
1775300592.2083297,2.0,1.0,17.0
1775300592.2183297,4.0,-3.0,21.0
1775300592.2283297,0.0,-6.0,18.0
1775300592.2383296,-5.0,-5.0,11.0
1775300592.2483296,-3.0,-8.0,9.0
1775300592.2583296,-2.0,-5.0,9.0
1775300592.2683296,-1.0,2.0,10.0
1775300592.2783296,-4.0,0.0,5.0
1775300592.2883296,-2.0,-2.0,4.0
1775300592.2983296,0.0,-3.0,4.0
1775300592.3083296,-2.0,-4.0,4.0
1775300592.3183296,-6.0,-3.0,5.0
1775300592.3283296,-7.0,-1.0,7.0
1775300592.3383296,-8.0,-2.0,1.0
1775300592.3483295,-6.0,-3.0,1.0
1775300592.3583295,-4.0,0.0,1.0
1775300592.3683295,-1.0,-2.0,3.0
1775300592.3783295,0.0,0.0,4.0
1775300592.3883295,0.0,-2.0,0.0
1775300592.3983295,3.0,-1.0,3.0
1775300592.4083295,3.0,-1.0,0.0
1775300592.4183297,3.0,-5.0,-2.0
1775300592.4283297,1.0,-2.0,0.0
1775300592.4383297,0.0,-1.0,3.0
1775300592.4483297,-1.0,0.0,12.0
1775300592.4583297,-1.0,1.0,6.0
1775300592.4683297,0.0,-1.0,5.0
1775300592.4783297,0.0,-2.0,6.0
1775300592.4883296,0.0,-4.0,7.0
1775300592.4983296,0.0,0.0,9.0
1775300592.5083296,0.0,-3.0,2.0
1775300592.5183296,-1.0,-6.0,0.0
1775300592.5283296,1.0,-7.0,-3.0
1775300592.5383296,0.0,-6.0,-3.0
1775300592.5483296,-1.0,-4.0,-6.0
1775300592.5583296,1.0,-5.0,-4.0
1775300592.5683296,3.0,-8.0,-3.0
1775300592.5783296,-1.0,-6.0,2.0
1775300592.5883296,-1.0,-2.0,7.0
1775300592.5983295,5.0,-1.0,2.0
1775300592.6083295,6.0,0.0,4.0
1775300592.6183295,1.0,-3.0,7.0
1775300592.6283295,2.0,0.0,8.0
1775300592.6383295,3.0,0.0,4.0
1775300592.6483295,-2.0,0.0,1.0
1775300592.6583295,-6.0,-1.0,4.0
1775300592.6683297,0.0,-3.0,2.0
1775300592.6783297,0.0,-3.0,3.0
1775300592.6883297,1.0,-2.0,4.0
1775300592.6983297,1.0,-7.0,10.0
1775300592.7083297,4.0,-10.0,14.0
1775300592.7183297,6.0,-10.0,15.0
1775300592.7283297,6.0,-8.0,9.0
1775300592.7383296,8.0,-5.0,12.0
1775300592.7483296,9.0,-3.0,19.0
1775300592.7583296,5.0,-3.0,12.0
1775300592.7683296,2.0,-3.0,11.0
1775300592.7783296,2.0,0.0,13.0
1775300592.7883296,0.0,2.0,14.0
1775300592.7983296,3.0,0.0,18.0
1775300592.8083296,6.0,1.0,20.0
1775300592.8183296,8.0,0.0,20.0
1775300592.8283296,9.0,0.0,19.0
1775300592.8383296,6.0,-1.0,16.0
1775300592.8483295,5.0,-4.0,13.0
1775300592.8583295,3.0,-4.0,5.0
1775300592.8683295,0.0,-5.0,5.0
1775300592.8783295,0.0,-5.0,6.0
1775300592.8883295,-1.0,0.0,6.0
1775300592.8983295,-2.0,0.0,7.0
1775300592.9083295,-9.0,4.0,10.0
1775300592.9183297,-9.0,0.0,0.0
1775300592.9283297,-10.0,0.0,-2.0
1775300592.9383297,-7.0,0.0,0.0
1775300592.9483297,-1.0,-4.0,0.0
1775300592.9583297,-2.0,-4.0,0.0
1775300592.9683297,1.0,-5.0,-4.0
1775300592.9783297,0.0,-6.0,-4.0
1775300592.9883296,0.0,-5.0,-2.0
1775300592.9983296,5.0,-3.0,-2.0
1775300593.0083296,5.0,-6.0,4.0
1775300593.0183296,5.0,-6.0,11.0
1775300593.0283296,4.0,-6.0,11.0
1775300593.0383296,3.0,-7.0,6.0
1775300593.0483296,3.0,-7.0,10.0
1775300593.0583296,3.0,-9.0,13.0
1775300593.0683296,4.0,-10.0,10.0
1775300593.0783296,3.0,-6.0,3.0
1775300593.0883296,2.0,0.0,6.0
1775300593.0983295,3.0,-2.0,2.0
1775300593.1083295,0.0,0.0,-4.0
1775300593.1183295,0.0,0.0,-2.0
1775300593.1283295,0.0,1.0,-1.0
1775300593.1383295,-2.0,0.0,3.0
1775300593.1483295,1.0,-1.0,5.0
1775300593.1583295,2.0,3.0,4.0
1775300593.1683297,5.0,0.0,6.0
1775300593.1783297,4.0,0.0,4.0
1775300593.1883297,3.0,0.0,9.0
1775300593.1983297,3.0,0.0,6.0
1775300593.2083297,8.0,1.0,1.0
1775300593.2183297,6.0,1.0,4.0
1775300593.2283297,7.0,0.0,6.0
1775300593.2383296,3.0,-1.0,8.0
1775300593.2483296,0.0,0.0,5.0
1775300593.2583296,-2.0,0.0,7.0
1775300593.2693295,-1.0,0.0,8.0
1775300593.2783296,2.0,-1.0,7.0
1775300593.2883296,0.0,0.0,7.0
1775300593.2993295,5.0,-3.0,9.0
1775300593.3093295,4.0,0.0,12.0
1775300593.3193295,3.0,0.0,5.0
1775300593.3293295,-1.0,0.0,8.0
1775300593.3393295,-2.0,0.0,7.0
1775300593.3493297,-1.0,0.0,3.0
1775300593.3593297,5.0,0.0,-4.0
1775300593.3693297,6.0,0.0,-3.0
1775300593.3793297,5.0,0.0,-2.0
1775300593.3893297,0.0,-4.0,-6.0
1775300593.3993297,-1.0,-5.0,3.0
1775300593.4093297,0.0,0.0,8.0
1775300593.4193296,0.0,0.0,1.0
1775300593.4293296,0.0,-4.0,6.0
1775300593.4393296,-2.0,-4.0,9.0
1775300593.4493296,0.0,-8.0,4.0
1775300593.4593296,1.0,-7.0,5.0
1775300593.4693296,3.0,-6.0,7.0
1775300593.4793296,0.0,-6.0,16.0
1775300593.4893296,-1.0,-3.0,16.0
1775300593.4993296,-3.0,-3.0,7.0
1775300593.5093296,0.0,-6.0,1.0
1775300593.5193295,-5.0,-4.0,3.0
1775300593.5293295,-4.0,0.0,3.0
1775300593.5393295,0.0,0.0,5.0
1775300593.5493295,1.0,1.0,4.0
1775300593.5593295,0.0,1.0,9.0
1775300593.5693295,0.0,-1.0,8.0
1775300593.5793295,-1.0,-4.0,11.0
1775300593.5893295,-4.0,-7.0,12.0
1775300593.5993297,-2.0,-3.0,15.0
1775300593.6093297,-2.0,1.0,12.0
1775300593.6193297,-2.0,0.0,13.0
1775300593.6293297,3.0,0.0,13.0
1775300593.6393297,2.0,2.0,10.0
1775300593.6493297,6.0,3.0,5.0
1775300593.6593297,8.0,4.0,-2.0
1775300593.6693296,10.0,3.0,-1.0
1775300593.6793296,3.0,4.0,0.0
1775300593.6893296,0.0,1.0,5.0
1775300593.6993296,0.0,2.0,2.0
1775300593.7093296,3.0,1.0,-1.0
1775300593.7193296,0.0,2.0,2.0
1775300593.7293296,-4.0,0.0,7.0
1775300593.7393296,-5.0,-2.0,5.0
1775300593.7493296,-2.0,0.0,9.0
1775300593.7593296,-2.0,0.0,6.0
1775300593.7693295,0.0,0.0,4.0
1775300593.7793295,-1.0,1.0,2.0
1775300593.7893295,-3.0,5.0,3.0
1775300593.7993295,-4.0,3.0,3.0
1775300593.8093295,-4.0,3.0,0.0
1775300593.8193295,-6.0,3.0,0.0
1775300593.8293295,-8.0,1.0,6.0
1775300593.8393295,-7.0,0.0,12.0
1775300593.8493297,-5.0,0.0,16.0
1775300593.8593297,-7.0,-2.0,8.0
1775300593.8693297,-4.0,-4.0,7.0
1775300593.8793297,-1.0,-6.0,4.0
1775300593.8893297,-2.0,-7.0,1.0
1775300593.8993297,-6.0,-2.0,2.0
1775300593.9093297,-6.0,-4.0,9.0
1775300593.9193296,-8.0,-6.0,13.0
1775300593.9293296,-4.0,-2.0,17.0
1775300593.9393296,-5.0,-1.0,18.0
1775300593.9493296,-8.0,-1.0,16.0
1775300593.9593296,-8.0,-1.0,20.0
1775300593.9693296,-6.0,-4.0,17.0
1775300593.9793296,-4.0,-5.0,17.0
1775300593.9893296,-5.0,-3.0,15.0
1775300593.9993296,-2.0,-3.0,10.0
1775300594.0093296,-2.0,-3.0,13.0
1775300594.0193295,0.0,-3.0,17.0
1775300594.0293295,1.0,-7.0,18.0
1775300594.0393295,4.0,-10.0,13.0
1775300594.0493295,5.0,-12.0,11.0
1775300594.0593295,3.0,-13.0,17.0
1775300594.0693295,0.0,-12.0,21.0
1775300594.0793295,0.0,-5.0,14.0
1775300594.0893295,-4.0,-5.0,13.0
1775300594.0993297,-7.0,-3.0,14.0
1775300594.1093297,-6.0,-1.0,15.0
1775300594.1193297,-2.0,0.0,13.0
1775300594.1293297,1.0,0.0,7.0
1775300594.1393297,2.0,0.0,17.0
1775300594.1493297,4.0,-2.0,23.0
1775300594.1593297,6.0,-4.0,14.0
1775300594.1693296,5.0,0.0,13.0
1775300594.1793296,5.0,-2.0,9.0
1775300594.1893296,4.0,-4.0,4.0
1775300594.1993296,5.0,-4.0,3.0
1775300594.2093296,5.0,-3.0,3.0
1775300594.2193296,7.0,-5.0,2.0
1775300594.2293296,5.0,-5.0,5.0
1775300594.2393296,6.0,-3.0,8.0
1775300594.2493296,4.0,-9.0,10.0
1775300594.2593296,3.0,-7.0,12.0
1775300594.2693295,3.0,-4.0,8.0
1775300594.2793295,3.0,-1.0,5.0
1775300594.2893295,0.0,1.0,4.0
1775300594.2993295,1.0,6.0,7.0
1775300594.3093295,0.0,10.0,7.0
1775300594.3193295,1.0,10.0,2.0
1775300594.3293295,1.0,9.0,4.0
1775300594.3393295,0.0,7.0,7.0
1775300594.3493297,1.0,8.0,6.0
1775300594.3593297,0.0,6.0,11.0
1775300594.3693297,2.0,4.0,12.0
1775300594.3793297,3.0,0.0,7.0
1775300594.3893297,3.0,-1.0,5.0
1775300594.3993297,1.0,1.0,7.0
1775300594.4093297,2.0,0.0,8.0
1775300594.4193296,7.0,2.0,1.0
1775300594.4293296,0.0,2.0,-3.0
1775300594.4393296,-1.0,1.0,-1.0
1775300594.4493296,-5.0,0.0,6.0
1775300594.4593296,-2.0,-3.0,4.0
1775300594.4693296,0.0,-3.0,5.0
1775300594.4793296,3.0,0.0,7.0
1775300594.4893296,1.0,0.0,12.0
1775300594.4993296,0.0,0.0,20.0
1775300594.5093296,0.0,0.0,21.0
1775300594.5193295,0.0,-3.0,12.0
1775300594.5293295,-2.0,-4.0,12.0
1775300594.5393295,-5.0,-3.0,13.0
1775300594.5493295,-4.0,-5.0,9.0
1775300594.5593295,-9.0,-4.0,8.0
1775300594.5693295,-6.0,-3.0,11.0
1775300594.5793295,-5.0,-3.0,10.0
1775300594.5893295,-6.0,-1.0,7.0
1775300594.5993297,-4.0,-2.0,4.0
1775300594.6093297,-4.0,0.0,4.0
1775300594.6193297,-5.0,2.0,8.0
1775300594.6293297,-2.0,-1.0,11.0
1775300594.6393297,0.0,0.0,8.0
1775300594.6493297,1.0,1.0,5.0
1775300594.6593297,-1.0,2.0,2.0
1775300594.6693296,-2.0,-1.0,6.0
1775300594.6793296,-5.0,0.0,9.0
1775300594.6893296,-12.0,0.0,13.0
1775300594.6993296,-11.0,2.0,18.0
1775300594.7093296,-9.0,-3.0,13.0
1775300594.7193296,-5.0,-6.0,11.0
1775300594.7293296,-4.0,-2.0,18.0
1775300594.7393296,-4.0,2.0,19.0
1775300594.7493296,-4.0,0.0,24.0
1775300594.7593296,-4.0,2.0,24.0
1775300594.7693295,-4.0,4.0,21.0
1775300594.7793295,-6.0,1.0,16.0
1775300594.7893295,-2.0,0.0,13.0
1775300594.7993295,1.0,0.0,9.0
1775300594.8093295,5.0,2.0,3.0
1775300594.8193295,5.0,3.0,8.0
1775300594.8293295,0.0,5.0,13.0
1775300594.8393295,-6.0,1.0,10.0
1775300594.8493297,-9.0,5.0,8.0
1775300594.8593297,-5.0,5.0,1.0
1775300594.8693297,-2.0,6.0,4.0
1775300594.8793297,-2.0,2.0,3.0
1775300594.8893297,-3.0,-1.0,4.0
1775300594.8993297,-5.0,-5.0,6.0
1775300594.9093297,-2.0,-4.0,5.0
1775300594.9193296,1.0,0.0,6.0
1775300594.9293296,4.0,3.0,2.0
1775300594.9393296,4.0,4.0,5.0
1775300594.9493296,4.0,4.0,4.0
1775300594.9593296,4.0,-1.0,2.0
1775300594.9693296,1.0,-2.0,-3.0
1775300594.9793296,4.0,-1.0,1.0
1775300594.9893296,5.0,-3.0,2.0
1775300594.9993296,3.0,-6.0,8.0
1775300595.0093296,5.0,-3.0,7.0
1775300595.0193295,2.0,-5.0,10.0
1775300595.0293295,-1.0,-8.0,13.0
1775300595.0393295,0.0,-4.0,13.0
1775300595.0493295,0.0,-3.0,18.0
1775300595.0593295,0.0,0.0,16.0
1775300595.0693295,2.0,0.0,21.0
1775300595.0793295,5.0,-1.0,14.0
1775300595.0893295,6.0,-2.0,6.0
1775300595.0993297,2.0,-4.0,5.0
1775300595.1093297,0.0,-5.0,9.0
1775300595.1193297,0.0,-3.0,2.0
1775300595.1293297,2.0,0.0,6.0
1775300595.1393297,0.0,3.0,0.0
1775300595.1493297,0.0,0.0,7.0
1775300595.1593297,-2.0,-1.0,2.0
1775300595.1693296,-1.0,5.0,5.0
1775300595.1793296,-2.0,5.0,1.0
1775300595.1893296,-6.0,3.0,3.0
1775300595.1993296,-2.0,4.0,6.0
1775300595.2093296,2.0,0.0,10.0
1775300595.2193296,0.0,-5.0,21.0
1775300595.2293296,-3.0,-2.0,18.0
1775300595.2393296,-1.0,-3.0,11.0
1775300595.2493296,-1.0,-4.0,5.0
1775300595.2593296,0.0,0.0,11.0
1775300595.2693295,0.0,0.0,10.0
1775300595.2793295,-1.0,0.0,11.0
1775300595.2893295,2.0,-1.0,15.0
1775300595.2993295,4.0,-3.0,13.0
1775300595.3093295,3.0,0.0,11.0
1775300595.3193295,0.0,2.0,10.0
1775300595.3293295,-1.0,3.0,10.0
1775300595.3393295,-4.0,4.0,11.0
1775300595.3493297,-2.0,3.0,10.0
1775300595.3593297,-4.0,0.0,13.0
1775300595.3693297,-3.0,2.0,14.0
1775300595.3793297,-2.0,-4.0,8.0
1775300595.3893297,-2.0,-3.0,9.0
1775300595.3993297,-3.0,-4.0,2.0
1775300595.4093297,0.0,-1.0,2.0
1775300595.4193296,1.0,-2.0,15.0
1775300595.4293296,2.0,-3.0,13.0
1775300595.4393296,-1.0,-4.0,17.0
1775300595.4493296,-8.0,0.0,11.0
1775300595.4593296,-7.0,-2.0,8.0
1775300595.4693296,-3.0,-3.0,10.0
1775300595.4793296,0.0,-5.0,10.0
1775300595.4893296,0.0,-4.0,13.0
1775300595.4993296,-3.0,0.0,17.0
1775300595.5093296,-1.0,-3.0,13.0
1775300595.5193295,-4.0,-4.0,11.0
1775300595.5293295,-4.0,-3.0,13.0
1775300595.5393295,-4.0,0.0,6.0
1775300595.5493295,-5.0,1.0,8.0
1775300595.5593295,-4.0,1.0,11.0
1775300595.5693295,-1.0,1.0,19.0
1775300595.5793295,1.0,1.0,16.0
1775300595.5903296,0.0,0.0,8.0
1775300595.5993297,1.0,1.0,2.0
1775300595.6103296,1.0,0.0,-1.0
1775300595.6203296,2.0,1.0,3.0
1775300595.6303296,3.0,1.0,6.0
1775300595.6403296,1.0,2.0,7.0
1775300595.6503296,-3.0,0.0,7.0
1775300595.6603296,0.0,0.0,13.0
1775300595.6703296,0.0,1.0,22.0
1775300595.6803296,-1.0,0.0,24.0
1775300595.6903296,2.0,0.0,24.0
1775300595.7003295,0.0,-2.0,17.0
1775300595.7103295,-2.0,0.0,14.0
1775300595.7203295,-3.0,0.0,10.0
1775300595.7303295,-5.0,1.0,0.0
1775300595.7403295,-5.0,0.0,0.0
1775300595.7503295,-8.0,2.0,2.0
1775300595.7603295,-3.0,1.0,5.0
1775300595.7703297,-2.0,1.0,6.0
1775300595.7803297,-2.0,0.0,9.0
1775300595.7903297,1.0,1.0,8.0
1775300595.8003297,-1.0,0.0,6.0
1775300595.8103297,-2.0,-3.0,0.0
1775300595.8203297,-2.0,-3.0,-2.0
1775300595.8303297,-3.0,-4.0,4.0
1775300595.8403296,-4.0,-1.0,4.0
1775300595.8503296,0.0,-1.0,7.0
1775300595.8603296,1.0,-1.0,8.0
1775300595.8703296,6.0,-6.0,8.0
1775300595.8803296,5.0,-9.0,4.0
1775300595.8903296,4.0,-7.0,-1.0
1775300595.9003296,-2.0,-5.0,1.0
1775300595.9103296,-1.0,-4.0,0.0
1775300595.9203296,0.0,-3.0,0.0
1775300595.9303296,2.0,-1.0,2.0
1775300595.9403296,1.0,-1.0,4.0
1775300595.9503295,-5.0,0.0,-1.0
1775300595.9603295,-3.0,-4.0,-1.0
1775300595.9703295,1.0,-6.0,-2.0
1775300595.9803295,4.0,-4.0,-2.0
1775300595.9903295,5.0,-5.0,3.0
1775300596.0003295,2.0,-9.0,3.0
1775300596.0103295,-1.0,-6.0,3.0
1775300596.0203297,-3.0,-7.0,10.0
1775300596.0303297,-1.0,-5.0,8.0
1775300596.0403297,-1.0,-2.0,8.0
1775300596.0503297,0.0,-6.0,10.0
1775300596.0603297,1.0,-5.0,6.0
1775300596.0703297,1.0,-7.0,10.0
1775300596.0803297,5.0,-7.0,11.0
1775300596.0903296,0.0,-6.0,13.0
1775300596.1003296,-4.0,-5.0,14.0
1775300596.1103296,-2.0,-8.0,12.0
1775300596.1203296,-4.0,-8.0,17.0
1775300596.1303296,-5.0,-7.0,16.0
1775300596.1403296,-1.0,-9.0,16.0
1775300596.1503296,1.0,-6.0,18.0
1775300596.1603296,1.0,-5.0,20.0
1775300596.1703296,0.0,-5.0,25.0
1775300596.1803296,0.0,-5.0,23.0
1775300596.1903296,-3.0,-2.0,21.0
1775300596.2003295,-8.0,-1.0,20.0
1775300596.2103295,-1.0,-1.0,11.0
1775300596.2203295,-1.0,-3.0,1.0
1775300596.2303295,3.0,-3.0,3.0
1775300596.2403295,2.0,-1.0,1.0
1775300596.2503295,2.0,0.0,-2.0
1775300596.2603295,5.0,1.0,-1.0
1775300596.2703297,2.0,3.0,-2.0
1775300596.2803297,2.0,0.0,-7.0
1775300596.2903297,6.0,1.0,-5.0
1775300596.3003297,6.0,1.0,2.0
1775300596.3103297,8.0,-3.0,1.0
1775300596.3203297,8.0,-1.0,-5.0
1775300596.3303297,7.0,0.0,-6.0
1775300596.3403296,6.0,0.0,-5.0
1775300596.3503296,2.0,0.0,0.0
1775300596.3603296,7.0,4.0,0.0
1775300596.3703296,5.0,4.0,1.0
1775300596.3803296,1.0,3.0,0.0
1775300596.3903296,0.0,8.0,1.0
1775300596.4003296,-3.0,9.0,9.0
1775300596.4103296,-5.0,6.0,14.0
1775300596.4203296,-9.0,4.0,12.0
1775300596.4303296,-5.0,2.0,10.0
1775300596.4403296,-5.0,3.0,7.0
1775300596.4503295,-8.0,1.0,10.0
1775300596.4603295,0.0,-2.0,7.0
1775300596.4703295,0.0,-9.0,5.0
1775300596.4803295,5.0,-9.0,4.0
1775300596.4903295,0.0,-6.0,0.0
1775300596.5003295,1.0,-4.0,7.0
1775300596.5103295,4.0,-6.0,2.0
1775300596.5203297,0.0,-6.0,1.0
1775300596.5303297,-1.0,-4.0,8.0
1775300596.5403297,-6.0,-2.0,6.0
1775300596.5503297,-4.0,0.0,7.0
1775300596.5603297,-5.0,-3.0,6.0
1775300596.5703297,-5.0,-8.0,4.0
1775300596.5803297,-5.0,-9.0,8.0
1775300596.5903296,-3.0,-7.0,6.0
1775300596.6003296,-5.0,-5.0,7.0
1775300596.6103296,-7.0,-3.0,5.0
1775300596.6203296,-1.0,-5.0,5.0
1775300596.6303296,-1.0,-10.0,1.0
1775300596.6403296,0.0,-6.0,6.0
1775300596.6503296,4.0,-2.0,12.0
1775300596.6603296,2.0,0.0,13.0
1775300596.6703296,5.0,-2.0,9.0
1775300596.6803296,7.0,0.0,4.0
1775300596.6903296,11.0,2.0,1.0
1775300596.7003295,5.0,-2.0,2.0
1775300596.7103295,3.0,1.0,-2.0
1775300596.7203295,0.0,-1.0,0.0
1775300596.7303295,1.0,-3.0,-2.0
1775300596.7403295,3.0,-2.0,1.0
1775300596.7503295,2.0,-4.0,7.0
1775300596.7603295,-3.0,0.0,13.0
1775300596.7703297,-1.0,-3.0,6.0
1775300596.7803297,0.0,-4.0,5.0
1775300596.7903297,0.0,-6.0,9.0
1775300596.8003297,0.0,-4.0,4.0
1775300596.8103297,-4.0,0.0,2.0
1775300596.8203297,-6.0,0.0,0.0
1775300596.8303297,-5.0,-2.0,3.0
1775300596.8403296,-9.0,-4.0,6.0
1775300596.8503296,-7.0,-3.0,10.0
1775300596.8603296,-7.0,-6.0,12.0
1775300596.8703296,-6.0,-6.0,19.0
1775300596.8803296,-10.0,-3.0,17.0
1775300596.8903296,-9.0,-7.0,10.0
1775300596.9003296,-7.0,-9.0,9.0
1775300596.9103296,-2.0,-7.0,11.0
1775300596.9203296,-3.0,-4.0,7.0
1775300596.9303296,-1.0,-6.0,7.0
1775300596.9403296,1.0,-4.0,4.0
1775300596.9503295,-1.0,-1.0,8.0
1775300596.9603295,-3.0,0.0,5.0
1775300596.9703295,0.0,0.0,7.0
1775300596.9803295,-1.0,-1.0,9.0
1775300596.9903295,-7.0,-1.0,12.0
1775300597.0003295,-9.0,-2.0,14.0
1775300597.0103295,-7.0,-7.0,12.0
1775300597.0203297,-6.0,-6.0,15.0
1775300597.0303297,-8.0,-5.0,15.0
1775300597.0403297,-9.0,-4.0,17.0
1775300597.0503297,-7.0,-2.0,20.0
1775300597.0603297,-6.0,-3.0,21.0
1775300597.0703297,-6.0,-5.0,22.0
1775300597.0803297,-6.0,-2.0,18.0
1775300597.0903296,-8.0,0.0,19.0
1775300597.1003296,-5.0,0.0,16.0
1775300597.1103296,-3.0,0.0,12.0
1775300597.1203296,-2.0,0.0,14.0
1775300597.1303296,2.0,0.0,12.0
1775300597.1403296,3.0,3.0,12.0
1775300597.1503296,0.0,0.0,19.0
1775300597.1603296,-1.0,-1.0,17.0
1775300597.1703296,2.0,0.0,17.0
1775300597.1803296,2.0,-2.0,11.0
1775300597.1903296,-1.0,-2.0,8.0
1775300597.2003295,0.0,-2.0,7.0
1775300597.2103295,4.0,0.0,7.0
1775300597.2203295,-1.0,-1.0,3.0
1775300597.2303295,3.0,-2.0,5.0
1775300597.2403295,7.0,-3.0,7.0
1775300597.2503295,5.0,-5.0,6.0
1775300597.2603295,3.0,-6.0,4.0
1775300597.2703297,1.0,-6.0,5.0
1775300597.2803297,0.0,-3.0,7.0
1775300597.2903297,-1.0,3.0,4.0
1775300597.3003297,-5.0,6.0,7.0
1775300597.3103297,0.0,2.0,16.0
1775300597.3203297,-3.0,0.0,17.0
1775300597.3303297,-1.0,2.0,12.0
1775300597.3403296,2.0,-1.0,8.0
1775300597.3503296,0.0,-2.0,9.0
1775300597.3603296,-2.0,-4.0,11.0
1775300597.3703296,-1.0,-7.0,6.0
1775300597.3803296,0.0,-6.0,5.0
1775300597.3903296,0.0,-1.0,9.0
1775300597.4003296,0.0,-2.0,5.0
1775300597.4103296,-3.0,-2.0,11.0
1775300597.4203296,0.0,2.0,12.0
1775300597.4303296,6.0,0.0,8.0
1775300597.4403296,9.0,-4.0,13.0
1775300597.4503295,4.0,-3.0,14.0
1775300597.4603295,5.0,-4.0,17.0
1775300597.4703295,4.0,0.0,14.0
1775300597.4803295,4.0,0.0,18.0
1775300597.4903295,4.0,2.0,10.0
1775300597.5003295,1.0,1.0,7.0
1775300597.5103295,2.0,4.0,9.0
1775300597.5203297,2.0,2.0,6.0
1775300597.5303297,0.0,3.0,4.0
1775300597.5403297,0.0,1.0,2.0
1775300597.5503297,1.0,4.0,1.0
1775300597.5603297,0.0,2.0,-3.0
1775300597.5703297,0.0,-3.0,5.0
1775300597.5803297,1.0,-2.0,8.0
1775300597.5903296,1.0,-2.0,5.0
1775300597.6003296,5.0,0.0,2.0
1775300597.6103296,4.0,-3.0,8.0
1775300597.6203296,2.0,-2.0,10.0
1775300597.6303296,-2.0,-1.0,10.0
1775300597.6403296,-4.0,0.0,9.0
1775300597.6503296,-4.0,-2.0,8.0
1775300597.6603296,-1.0,-2.0,9.0
1775300597.6703296,-2.0,-1.0,7.0
1775300597.6803296,-1.0,0.0,3.0
1775300597.6903296,1.0,5.0,2.0
1775300597.7003295,0.0,4.0,4.0
1775300597.7103295,3.0,4.0,13.0
1775300597.7203295,1.0,3.0,13.0
1775300597.7303295,0.0,-2.0,4.0
1775300597.7403295,1.0,-3.0,9.0
1775300597.7503295,0.0,0.0,18.0
1775300597.7603295,0.0,-1.0,26.0
1775300597.7703297,3.0,-2.0,27.0
1775300597.7803297,2.0,-4.0,29.0
1775300597.7903297,0.0,-1.0,25.0
1775300597.8003297,-1.0,2.0,17.0
1775300597.8103297,-2.0,2.0,10.0
1775300597.8203297,-4.0,2.0,6.0
1775300597.8303297,-1.0,0.0,9.0
1775300597.8413296,2.0,3.0,4.0
1775300597.8503296,0.0,4.0,3.0
1775300597.8603296,0.0,1.0,7.0
1775300597.8703296,0.0,4.0,0.0
1775300597.8803296,0.0,1.0,-3.0
1775300597.8913295,-1.0,1.0,0.0
1775300597.9003296,-9.0,-1.0,3.0
1775300597.9113295,-6.0,3.0,0.0
1775300597.9213295,-9.0,0.0,-1.0
1775300597.9313295,-7.0,1.0,0.0
1775300597.9413297,-3.0,2.0,4.0
1775300597.9513297,-5.0,-1.0,5.0
1775300597.9613297,-5.0,-3.0,14.0
1775300597.9713297,-4.0,-3.0,16.0
1775300597.9813297,-2.0,-7.0,11.0
1775300597.9913297,0.0,-3.0,5.0
1775300598.0013297,-1.0,0.0,2.0
1775300598.0113297,2.0,-2.0,5.0
1775300598.0213296,0.0,-3.0,0.0
1775300598.0313296,1.0,-6.0,0.0
1775300598.0413296,0.0,-6.0,-1.0
1775300598.0513296,2.0,-7.0,3.0
1775300598.0613296,0.0,-7.0,4.0
1775300598.0713296,2.0,-5.0,4.0
1775300598.0813296,0.0,0.0,4.0
1775300598.0913296,0.0,-4.0,4.0
1775300598.1013296,0.0,-8.0,0.0
1775300598.1113296,-3.0,-4.0,-3.0
1775300598.1213295,-4.0,-3.0,-1.0
1775300598.1313295,-3.0,-5.0,-1.0
1775300598.1413295,-4.0,-7.0,-5.0
1775300598.1513295,0.0,-12.0,-3.0
1775300598.1613295,4.0,-8.0,-2.0
1775300598.1713295,5.0,-6.0,-1.0
1775300598.1813295,4.0,-4.0,1.0
1775300598.1913297,-1.0,-1.0,2.0
1775300598.2013297,2.0,-1.0,3.0
1775300598.2113297,5.0,2.0,1.0
1775300598.2213297,4.0,2.0,2.0
1775300598.2313297,3.0,0.0,6.0
1775300598.2413297,7.0,-2.0,13.0
1775300598.2513297,4.0,0.0,6.0
1775300598.2613297,4.0,-2.0,10.0
1775300598.2713296,0.0,-3.0,5.0
1775300598.2813296,0.0,1.0,1.0
1775300598.2913296,1.0,-3.0,1.0
1775300598.3013296,1.0,-1.0,10.0
1775300598.3113296,0.0,0.0,19.0
1775300598.3213296,-1.0,-4.0,14.0
1775300598.3313296,0.0,-3.0,5.0
1775300598.3413296,1.0,-4.0,5.0
1775300598.3513296,0.0,-5.0,2.0
1775300598.3613296,6.0,-7.0,-3.0
1775300598.3713295,0.0,-4.0,-2.0
1775300598.3813295,4.0,-2.0,-2.0
1775300598.3913295,6.0,-2.0,0.0
1775300598.4013295,8.0,-4.0,2.0
1775300598.4113295,6.0,-2.0,7.0
1775300598.4213295,0.0,-3.0,10.0
1775300598.4313295,-1.0,-3.0,14.0
1775300598.4423296,0.0,-3.0,17.0
1775300598.4513297,3.0,-2.0,22.0
1775300598.4613297,9.0,-3.0,22.0
1775300598.4713297,6.0,-4.0,20.0
1775300598.4813297,0.0,-4.0,17.0
1775300598.4913297,3.0,-3.0,19.0
1775300598.5013297,5.0,-1.0,17.0
1775300598.5113297,6.0,0.0,11.0
1775300598.5213296,7.0,-2.0,7.0
1775300598.5313296,5.0,0.0,1.0
1775300598.5413296,3.0,4.0,9.0
1775300598.5513296,3.0,2.0,12.0
1775300598.5613296,1.0,-1.0,10.0
1775300598.5713296,1.0,-2.0,9.0
1775300598.5813296,4.0,-2.0,14.0
1775300598.5913296,3.0,0.0,20.0
1775300598.6013296,8.0,1.0,15.0
1775300598.6113296,7.0,1.0,18.0
1775300598.6213295,5.0,2.0,25.0
1775300598.6313295,3.0,2.0,30.0
1775300598.6413295,2.0,1.0,23.0
1775300598.6513295,1.0,1.0,19.0
1775300598.6613295,1.0,2.0,14.0
1775300598.6713295,5.0,3.0,6.0
1775300598.6813295,10.0,3.0,6.0
1775300598.6913297,13.0,1.0,8.0
1775300598.7013297,14.0,0.0,10.0
1775300598.7113297,10.0,1.0,9.0
1775300598.7213297,7.0,0.0,11.0
1775300598.7313297,2.0,2.0,15.0
1775300598.7413297,6.0,4.0,12.0
1775300598.7513297,7.0,2.0,13.0
1775300598.7613297,8.0,2.0,11.0
1775300598.7713296,8.0,0.0,10.0
1775300598.7813296,4.0,1.0,11.0
1775300598.7913296,-2.0,-2.0,9.0
1775300598.8013296,-6.0,-4.0,9.0
1775300598.8113296,-8.0,-2.0,12.0
1775300598.8213296,-6.0,-5.0,20.0
1775300598.8313296,-9.0,-6.0,17.0
1775300598.8413296,-8.0,-5.0,18.0
1775300598.8513296,-8.0,0.0,10.0
1775300598.8613296,-6.0,2.0,11.0
1775300598.8713295,-2.0,0.0,2.0
1775300598.8813295,-4.0,0.0,0.0
1775300598.8913295,0.0,3.0,12.0
1775300598.9013295,0.0,2.0,17.0
1775300598.9113295,-4.0,5.0,14.0
1775300598.9213295,-5.0,4.0,10.0
1775300598.9313295,0.0,4.0,6.0
1775300598.9413297,0.0,0.0,1.0
1775300598.9513297,1.0,0.0,-2.0
1775300598.9613297,0.0,-4.0,-2.0
1775300598.9713297,0.0,-5.0,-6.0
1775300598.9813297,0.0,-4.0,-3.0
1775300598.9913297,0.0,0.0,-6.0
1775300599.0013297,-3.0,-2.0,-5.0
1775300599.0113297,-9.0,-4.0,0.0
1775300599.0213296,-7.0,-5.0,0.0
1775300599.0313296,-5.0,-5.0,4.0
1775300599.0413296,-5.0,-8.0,6.0
1775300599.0513296,-3.0,-4.0,0.0
1775300599.0613296,-2.0,-2.0,3.0
1775300599.0713296,0.0,1.0,4.0
1775300599.0813296,-2.0,-3.0,6.0
1775300599.0913296,-2.0,-5.0,8.0
1775300599.1013296,1.0,-5.0,2.0
1775300599.1113296,-1.0,-4.0,0.0
1775300599.1213295,-4.0,-6.0,4.0
1775300599.1313295,0.0,-1.0,2.0
1775300599.1413295,2.0,-2.0,1.0
1775300599.1513295,0.0,-1.0,-1.0
1775300599.1613295,1.0,-2.0,-1.0
1775300599.1713295,-1.0,0.0,0.0
1775300599.1813295,2.0,1.0,1.0
1775300599.1913297,4.0,-3.0,1.0
1775300599.2013297,4.0,1.0,-3.0
1775300599.2113297,1.0,-2.0,-3.0
1775300599.2213297,1.0,-2.0,-5.0
1775300599.2313297,2.0,-4.0,0.0
1775300599.2413297,4.0,0.0,7.0
1775300599.2513297,2.0,2.0,11.0
1775300599.2613297,3.0,1.0,13.0
1775300599.2713296,0.0,1.0,11.0
1775300599.2813296,-3.0,-1.0,9.0
1775300599.2913296,-4.0,-1.0,3.0
1775300599.3013296,0.0,-1.0,8.0
1775300599.3113296,3.0,0.0,9.0
1775300599.3213296,5.0,0.0,14.0
1775300599.3313296,2.0,-3.0,2.0
1775300599.3413296,-2.0,-3.0,11.0
1775300599.3513296,-4.0,-1.0,2.0
1775300599.3613296,-4.0,-3.0,0.0
1775300599.3713295,-5.0,-3.0,-1.0
1775300599.3813295,-8.0,-4.0,-2.0
1775300599.3913295,-9.0,-3.0,-4.0
1775300599.4013295,-12.0,-1.0,-6.0
1775300599.4113295,-8.0,-2.0,-3.0
1775300599.4213295,-8.0,0.0,-6.0
1775300599.4313295,-6.0,-1.0,-2.0
1775300599.4413297,-5.0,2.0,0.0
1775300599.4513297,0.0,0.0,-2.0
1775300599.4613297,4.0,-1.0,1.0
1775300599.4713297,0.0,0.0,4.0
1775300599.4813297,-1.0,0.0,7.0
1775300599.4913297,0.0,0.0,0.0
1775300599.5013297,0.0,-2.0,0.0
1775300599.5113297,-2.0,-4.0,0.0
1775300599.5213296,1.0,-4.0,-1.0
1775300599.5313296,0.0,-3.0,2.0
1775300599.5413296,2.0,1.0,4.0
1775300599.5513296,3.0,5.0,4.0
1775300599.5613296,2.0,5.0,12.0
1775300599.5713296,-1.0,3.0,9.0
1775300599.5813296,-5.0,3.0,6.0
1775300599.5913296,-3.0,5.0,4.0
1775300599.6013296,0.0,2.0,4.0
1775300599.6113296,0.0,2.0,6.0
1775300599.6213295,0.0,-4.0,12.0
1775300599.6313295,2.0,-3.0,8.0
1775300599.6413295,2.0,-5.0,11.0
1775300599.6513295,0.0,-1.0,11.0
1775300599.6613295,0.0,-2.0,16.0
1775300599.6713295,0.0,0.0,17.0
1775300599.6813295,2.0,0.0,15.0
1775300599.6913297,2.0,1.0,18.0
1775300599.7013297,0.0,1.0,15.0
1775300599.7113297,1.0,3.0,12.0
1775300599.7213297,2.0,5.0,11.0
1775300599.7313297,4.0,4.0,13.0
1775300599.7413297,0.0,0.0,12.0
1775300599.7513297,-3.0,-2.0,15.0
1775300599.7613297,-7.0,-7.0,20.0
1775300599.7713296,-4.0,-8.0,23.0
1775300599.7813296,0.0,-3.0,27.0
1775300599.7913296,-2.0,-8.0,25.0
1775300599.8013296,-1.0,-5.0,21.0
1775300599.8113296,0.0,-4.0,17.0
1775300599.8213296,-2.0,-4.0,4.0
1775300599.8313296,-3.0,0.0,6.0
1775300599.8413296,-5.0,2.0,11.0
1775300599.8513296,-2.0,-2.0,17.0
1775300599.8613296,0.0,0.0,14.0
1775300599.8713295,0.0,2.0,10.0
1775300599.8813295,0.0,-2.0,15.0
1775300599.8913295,-1.0,-9.0,13.0
1775300599.9013295,1.0,-11.0,12.0
1775300599.9113295,1.0,-7.0,8.0
1775300599.9213295,3.0,-3.0,8.0
1775300599.9313295,4.0,0.0,6.0
1775300599.9413297,1.0,2.0,7.0
1775300599.9513297,-2.0,5.0,9.0
1775300599.9613297,-6.0,5.0,9.0
1775300599.9713297,-8.0,4.0,12.0
1775300599.9813297,-7.0,5.0,15.0
1775300599.9913297,-4.0,1.0,19.0
1775300600.0013297,-2.0,3.0,15.0
1775300600.0113297,-2.0,4.0,18.0
1775300600.0213296,-1.0,0.0,10.0
1775300600.0313296,-1.0,0.0,7.0
1775300600.0413296,-4.0,-1.0,6.0
1775300600.0513296,-5.0,0.0,4.0
1775300600.0613296,-2.0,2.0,6.0
1775300600.0713296,0.0,2.0,7.0
1775300600.0813296,3.0,4.0,13.0
1775300600.0913296,3.0,4.0,13.0
1775300600.1013296,7.0,5.0,13.0
1775300600.1113296,6.0,7.0,15.0
1775300600.1213295,7.0,5.0,18.0
1775300600.1313295,4.0,3.0,7.0
1775300600.1413295,1.0,4.0,0.0
1775300600.1513295,-1.0,6.0,-1.0
1775300600.1613295,4.0,5.0,5.0
1775300600.1713295,3.0,3.0,10.0
1775300600.1813295,2.0,4.0,7.0
1775300600.1923296,3.0,4.0,11.0
1775300600.2023296,0.0,8.0,8.0
1775300600.2123296,-1.0,6.0,6.0
1775300600.2223296,-1.0,8.0,4.0
1775300600.2323296,-3.0,10.0,5.0
1775300600.2423296,-6.0,8.0,2.0
1775300600.2523296,-3.0,8.0,5.0
1775300600.2623296,-2.0,6.0,5.0
1775300600.2723296,-3.0,6.0,7.0
1775300600.2823296,0.0,2.0,8.0
1775300600.2923295,2.0,-1.0,5.0
1775300600.3023295,0.0,1.0,12.0
1775300600.3123295,0.0,0.0,10.0
1775300600.3223295,-1.0,0.0,7.0
1775300600.3323295,-2.0,0.0,1.0
1775300600.3423295,-4.0,-1.0,0.0
1775300600.3523295,-2.0,-3.0,2.0
1775300600.3623295,1.0,-3.0,-2.0
1775300600.3723297,3.0,-3.0,3.0
1775300600.3823297,2.0,-6.0,3.0
1775300600.3923297,1.0,-6.0,3.0
1775300600.4023297,1.0,-3.0,2.0
1775300600.4123297,0.0,-3.0,3.0
1775300600.4223297,7.0,-1.0,2.0
1775300600.4323297,6.0,0.0,6.0
1775300600.4423296,8.0,-3.0,0.0
1775300600.4523296,5.0,-2.0,1.0
1775300600.4623296,8.0,0.0,6.0
1775300600.4723296,12.0,-2.0,8.0
1775300600.4823296,12.0,0.0,8.0
1775300600.4923296,9.0,1.0,9.0
1775300600.5023296,8.0,1.0,10.0
1775300600.5123296,6.0,-1.0,11.0
1775300600.5223296,9.0,0.0,14.0
1775300600.5323296,10.0,-5.0,7.0
1775300600.5423295,9.0,-4.0,11.0
1775300600.5523295,7.0,-4.0,9.0
1775300600.5623295,8.0,-4.0,3.0
1775300600.5723295,9.0,-2.0,-1.0
1775300600.5823295,8.0,-2.0,5.0
1775300600.5923295,4.0,-2.0,4.0
1775300600.6023295,-1.0,-5.0,3.0
1775300600.6123295,-2.0,-4.0,-1.0
1775300600.6223297,-4.0,-4.0,-2.0
1775300600.6323297,-5.0,-3.0,3.0
1775300600.6423297,-7.0,-3.0,1.0
1775300600.6523297,-6.0,-6.0,4.0
1775300600.6623297,-3.0,-5.0,3.0
1775300600.6723297,-7.0,-4.0,16.0
1775300600.6823297,-5.0,-2.0,22.0
1775300600.6923296,-5.0,-3.0,19.0
1775300600.7023296,-8.0,-2.0,12.0
1775300600.7123296,-5.0,-4.0,7.0
1775300600.7223296,-2.0,-4.0,6.0
1775300600.7323296,0.0,-4.0,5.0
1775300600.7423296,-2.0,-3.0,9.0
1775300600.7523296,-1.0,0.0,8.0
1775300600.7623296,0.0,2.0,15.0
1775300600.7723296,0.0,1.0,17.0
1775300600.7823296,0.0,2.0,9.0
1775300600.7923295,-1.0,2.0,6.0
1775300600.8023295,0.0,-1.0,9.0
1775300600.8123295,0.0,1.0,1.0
1775300600.8223295,-5.0,0.0,1.0
1775300600.8323295,-8.0,0.0,-4.0
1775300600.8423295,-10.0,0.0,2.0
1775300600.8523295,-9.0,-3.0,3.0
1775300600.8623295,-1.0,-3.0,4.0
1775300600.8723297,-3.0,-4.0,2.0
1775300600.8823297,-1.0,-5.0,-1.0
1775300600.8923297,-3.0,-2.0,-2.0
1775300600.9023297,-4.0,-2.0,-2.0
1775300600.9123297,-3.0,-6.0,0.0
1775300600.9223297,2.0,-2.0,4.0
1775300600.9323297,0.0,0.0,7.0
1775300600.9423296,-1.0,0.0,10.0
1775300600.9523296,4.0,1.0,11.0
1775300600.9623296,0.0,0.0,7.0
1775300600.9723296,-1.0,6.0,6.0
1775300600.9823296,-5.0,4.0,9.0
1775300600.9923296,-1.0,3.0,8.0
1775300601.0023296,2.0,2.0,0.0
1775300601.0123296,1.0,0.0,-1.0
1775300601.0223296,-1.0,-3.0,0.0
1775300601.0323296,0.0,-1.0,3.0
1775300601.0423295,-1.0,-5.0,5.0
1775300601.0523295,0.0,-5.0,11.0
1775300601.0623295,0.0,-7.0,9.0
1775300601.0723295,-2.0,-7.0,7.0
1775300601.0823295,-2.0,-8.0,4.0
1775300601.0923295,-4.0,-7.0,8.0
1775300601.1023295,-1.0,-7.0,9.0
1775300601.1123295,0.0,-5.0,10.0
1775300601.1223297,0.0,-4.0,11.0
1775300601.1323297,2.0,-3.0,8.0
1775300601.1423297,6.0,-4.0,6.0
1775300601.1523297,7.0,-5.0,7.0
1775300601.1623297,2.0,-4.0,10.0
1775300601.1723297,7.0,1.0,9.0
1775300601.1823297,9.0,4.0,5.0
1775300601.1923296,9.0,5.0,9.0
1775300601.2023296,9.0,7.0,7.0
1775300601.2123296,2.0,5.0,6.0
1775300601.2223296,0.0,4.0,9.0
1775300601.2323296,-3.0,5.0,10.0
1775300601.2423296,-3.0,6.0,4.0
1775300601.2523296,-3.0,5.0,3.0
1775300601.2623296,-3.0,5.0,7.0
1775300601.2723296,-2.0,1.0,11.0
1775300601.2823296,2.0,-2.0,14.0
1775300601.2923295,1.0,0.0,11.0
1775300601.3023295,0.0,0.0,6.0
1775300601.3123295,1.0,3.0,4.0
1775300601.3223295,2.0,5.0,10.0
1775300601.3323295,0.0,4.0,7.0
1775300601.3423295,-1.0,4.0,6.0
1775300601.3523295,-1.0,1.0,5.0
1775300601.3623295,-1.0,2.0,8.0
1775300601.3723297,-1.0,0.0,4.0
1775300601.3823297,-3.0,-3.0,7.0
1775300601.3923297,-2.0,0.0,13.0
1775300601.4023297,0.0,0.0,13.0
1775300601.4123297,2.0,0.0,5.0
1775300601.4223297,0.0,1.0,9.0
1775300601.4323297,-5.0,4.0,9.0
1775300601.4423296,-2.0,3.0,14.0
1775300601.4523296,0.0,4.0,12.0
1775300601.4623296,-2.0,6.0,4.0
1775300601.4723296,-2.0,4.0,3.0
1775300601.4823296,-4.0,4.0,12.0
1775300601.4923296,-2.0,5.0,12.0
1775300601.5023296,-1.0,2.0,14.0
1775300601.5123296,0.0,5.0,16.0
1775300601.5223296,-1.0,6.0,17.0
1775300601.5323296,0.0,4.0,21.0
1775300601.5423295,2.0,3.0,20.0
1775300601.5523295,4.0,2.0,16.0
1775300601.5623295,4.0,0.0,15.0
1775300601.5723295,5.0,0.0,13.0
1775300601.5823295,5.0,-1.0,9.0
1775300601.5923295,2.0,1.0,13.0
1775300601.6023295,-4.0,-1.0,16.0
1775300601.6123295,-1.0,1.0,13.0
1775300601.6223297,-2.0,4.0,19.0
1775300601.6323297,0.0,3.0,14.0
1775300601.6423297,0.0,0.0,17.0
1775300601.6523297,1.0,-1.0,16.0
1775300601.6623297,0.0,-7.0,21.0
1775300601.6723297,0.0,-8.0,17.0
1775300601.6823297,1.0,-5.0,15.0
1775300601.6923296,-2.0,-6.0,8.0
1775300601.7023296,3.0,-2.0,10.0
1775300601.7123296,7.0,-2.0,10.0
1775300601.7223296,4.0,0.0,8.0
1775300601.7323296,3.0,0.0,11.0
1775300601.7423296,-1.0,-3.0,11.0
1775300601.7523296,-2.0,-3.0,4.0
1775300601.7623296,-2.0,0.0,7.0
1775300601.7723296,0.0,-1.0,6.0
1775300601.7823296,1.0,-4.0,6.0
1775300601.7923295,0.0,-2.0,2.0
1775300601.8023295,0.0,0.0,7.0
1775300601.8123295,2.0,1.0,7.0
1775300601.8223295,-1.0,-1.0,2.0
1775300601.8323295,0.0,0.0,-1.0
1775300601.8423295,0.0,2.0,-7.0
1775300601.8523295,-2.0,0.0,-4.0
1775300601.8623295,-4.0,4.0,-1.0
1775300601.8723297,-2.0,5.0,0.0
1775300601.8823297,4.0,7.0,3.0
1775300601.8923297,6.0,5.0,3.0
1775300601.9023297,2.0,2.0,4.0
1775300601.9123297,3.0,0.0,3.0
1775300601.9223297,4.0,-3.0,6.0
1775300601.9323297,2.0,-4.0,10.0
1775300601.9423296,7.0,0.0,10.0
1775300601.9523296,4.0,2.0,14.0
1775300601.9623296,2.0,0.0,23.0
1775300601.9723296,1.0,0.0,21.0
1775300601.9823296,2.0,-1.0,18.0
1775300601.9923296,-1.0,0.0,9.0
1775300602.0023296,-4.0,-1.0,1.0
1775300602.0123296,-2.0,-1.0,-1.0
1775300602.0223296,1.0,0.0,9.0
1775300602.0323296,0.0,0.0,7.0
1775300602.0423295,0.0,1.0,9.0
1775300602.0523295,-2.0,0.0,14.0
1775300602.0623295,-2.0,2.0,17.0
1775300602.0723295,0.0,1.0,17.0
1775300602.0823295,-3.0,7.0,17.0
1775300602.0923295,-2.0,5.0,11.0
1775300602.1023295,0.0,5.0,3.0
1775300602.1123295,0.0,3.0,1.0
1775300602.1223297,-2.0,-1.0,10.0
1775300602.1323297,-2.0,-4.0,14.0
1775300602.1423297,5.0,-5.0,13.0
1775300602.1523297,7.0,-6.0,9.0
1775300602.1623297,5.0,-2.0,13.0
1775300602.1723297,6.0,1.0,8.0
1775300602.1823297,5.0,3.0,8.0
1775300602.1923296,5.0,3.0,9.0
1775300602.2023296,1.0,0.0,5.0
1775300602.2123296,1.0,3.0,1.0
1775300602.2223296,3.0,1.0,6.0
1775300602.2323296,2.0,0.0,5.0
1775300602.2423296,0.0,-2.0,7.0
1775300602.2523296,-4.0,1.0,6.0
1775300602.2623296,0.0,1.0,1.0
1775300602.2723296,0.0,1.0,8.0
1775300602.2823296,2.0,1.0,7.0
1775300602.2923295,-2.0,2.0,10.0
1775300602.3023295,-3.0,0.0,6.0
1775300602.3123295,-3.0,1.0,6.0
1775300602.3223295,0.0,1.0,13.0
1775300602.3323295,6.0,1.0,9.0
1775300602.3423295,4.0,-3.0,15.0
1775300602.3523295,2.0,-6.0,13.0
1775300602.3623295,1.0,-4.0,10.0
1775300602.3723297,8.0,-4.0,8.0
1775300602.3823297,8.0,-4.0,7.0
1775300602.3923297,5.0,-5.0,11.0
1775300602.4023297,7.0,-6.0,8.0
1775300602.4123297,6.0,-5.0,3.0
1775300602.4223297,9.0,2.0,8.0
1775300602.4323297,4.0,7.0,11.0
1775300602.4423296,0.0,8.0,9.0
1775300602.4523296,3.0,6.0,9.0
1775300602.4623296,4.0,2.0,14.0
1775300602.4723296,-1.0,-1.0,17.0
1775300602.4823296,-7.0,0.0,16.0
1775300602.4933295,-8.0,1.0,12.0
1775300602.5023296,-5.0,2.0,15.0
1775300602.5133295,-4.0,2.0,13.0
1775300602.5223296,-3.0,0.0,13.0
1775300602.5333295,0.0,0.0,19.0
1775300602.5433297,-1.0,1.0,20.0
1775300602.5533297,-6.0,0.0,15.0
1775300602.5633297,-6.0,2.0,12.0
1775300602.5733297,-4.0,-1.0,15.0
1775300602.5833297,-2.0,-1.0,6.0
1775300602.5933297,1.0,-1.0,9.0
1775300602.6033297,5.0,-5.0,10.0
1775300602.6133296,8.0,-1.0,8.0
1775300602.6233296,6.0,1.0,5.0
1775300602.6333296,3.0,1.0,8.0
1775300602.6433296,5.0,2.0,6.0
1775300602.6533296,6.0,-2.0,7.0
1775300602.6633296,5.0,0.0,12.0
1775300602.6733296,1.0,0.0,7.0
1775300602.6833296,-1.0,2.0,7.0
1775300602.6933296,2.0,2.0,12.0
1775300602.7033296,4.0,0.0,8.0
1775300602.7133296,4.0,-2.0,8.0
1775300602.7233295,-1.0,-2.0,7.0
1775300602.7333295,-2.0,-3.0,6.0
1775300602.7433295,-4.0,0.0,8.0
1775300602.7533295,-4.0,0.0,12.0
1775300602.7633295,-1.0,-2.0,13.0
1775300602.7733295,0.0,-4.0,15.0
1775300602.7833295,0.0,-4.0,8.0
1775300602.7933297,2.0,-6.0,5.0
1775300602.8033297,3.0,-6.0,6.0
1775300602.8133297,4.0,-3.0,13.0
1775300602.8233297,5.0,-2.0,17.0
1775300602.8333297,6.0,-1.0,21.0
1775300602.8433297,7.0,-2.0,26.0
1775300602.8533297,6.0,1.0,23.0
1775300602.8633296,3.0,1.0,18.0
1775300602.8733296,3.0,3.0,13.0
1775300602.8833296,5.0,5.0,13.0
1775300602.8933296,4.0,1.0,14.0
1775300602.9033296,3.0,-2.0,13.0
1775300602.9133296,4.0,0.0,11.0
1775300602.9233296,7.0,-2.0,7.0
1775300602.9333296,7.0,0.0,5.0
1775300602.9433296,6.0,2.0,12.0
1775300602.9533296,2.0,3.0,14.0
1775300602.9633296,-1.0,4.0,10.0
1775300602.9733295,0.0,5.0,12.0
1775300602.9833295,0.0,5.0,9.0
1775300602.9933295,3.0,7.0,10.0
1775300603.0033295,4.0,5.0,3.0
1775300603.0133295,3.0,4.0,5.0
1775300603.0233295,0.0,4.0,9.0
1775300603.0333295,-1.0,5.0,8.0
1775300603.0433297,-2.0,0.0,6.0
1775300603.0533297,-2.0,-2.0,5.0
1775300603.0633297,0.0,-4.0,0.0
1775300603.0733297,1.0,-3.0,2.0
1775300603.0833297,1.0,-4.0,6.0
1775300603.0933297,1.0,-4.0,11.0
1775300603.1033297,0.0,-3.0,13.0
1775300603.1133296,1.0,-2.0,11.0
1775300603.1233296,0.0,3.0,11.0
1775300603.1333296,1.0,1.0,5.0
1775300603.1433296,2.0,-4.0,1.0
1775300603.1533296,6.0,-4.0,4.0
1775300603.1633296,3.0,-4.0,5.0
1775300603.1733296,3.0,-4.0,12.0
1775300603.1833296,2.0,0.0,11.0
1775300603.1933296,0.0,0.0,8.0
1775300603.2033296,0.0,3.0,10.0
1775300603.2133296,-3.0,7.0,15.0
1775300603.2233295,-4.0,5.0,18.0
1775300603.2333295,-5.0,2.0,20.0
1775300603.2433295,-3.0,1.0,19.0
1775300603.2533295,-5.0,1.0,21.0
1775300603.2633295,-1.0,4.0,17.0
1775300603.2733295,0.0,-2.0,12.0
1775300603.2833295,2.0,-2.0,8.0
1775300603.2933297,1.0,0.0,5.0
1775300603.3033297,2.0,1.0,1.0
1775300603.3133297,3.0,0.0,-2.0
1775300603.3233297,4.0,-1.0,3.0
1775300603.3333297,2.0,-3.0,7.0
1775300603.3433297,2.0,0.0,10.0
1775300603.3533297,2.0,0.0,12.0
1775300603.3633296,1.0,3.0,6.0
1775300603.3733296,1.0,3.0,7.0
1775300603.3833296,0.0,5.0,12.0
1775300603.3933296,0.0,5.0,6.0
1775300603.4033296,1.0,6.0,6.0
1775300603.4133296,2.0,3.0,8.0
1775300603.4233296,1.0,7.0,-1.0
1775300603.4333296,0.0,9.0,0.0
1775300603.4433296,2.0,4.0,5.0
1775300603.4533296,-1.0,3.0,12.0
1775300603.4633296,1.0,3.0,13.0
1775300603.4733295,0.0,2.0,6.0
1775300603.4833295,1.0,2.0,6.0
1775300603.4933295,1.0,2.0,6.0
1775300603.5033295,-2.0,3.0,9.0
1775300603.5133295,-3.0,1.0,6.0
1775300603.5233295,-6.0,2.0,3.0
1775300603.5333295,-5.0,4.0,8.0
1775300603.5433297,-3.0,7.0,7.0
1775300603.5533297,-1.0,7.0,5.0
1775300603.5633297,1.0,5.0,9.0
1775300603.5733297,1.0,4.0,7.0
1775300603.5833297,-1.0,3.0,6.0
1775300603.5933297,-2.0,0.0,10.0
1775300603.6033297,-6.0,2.0,2.0
1775300603.6133296,-3.0,1.0,4.0
1775300603.6233296,0.0,0.0,3.0
1775300603.6333296,-4.0,-1.0,3.0
1775300603.6433296,-5.0,0.0,6.0
1775300603.6533296,-3.0,-1.0,10.0
1775300603.6633296,-5.0,1.0,4.0
1775300603.6733296,-5.0,5.0,3.0
1775300603.6833296,-6.0,5.0,0.0
1775300603.6933296,-6.0,6.0,1.0
1775300603.7033296,-7.0,8.0,0.0
1775300603.7133296,-1.0,6.0,8.0
1775300603.7233295,-2.0,6.0,8.0
1775300603.7333295,-4.0,11.0,15.0
1775300603.7433295,0.0,6.0,15.0
1775300603.7533295,0.0,5.0,14.0
1775300603.7633295,2.0,2.0,15.0
1775300603.7733295,2.0,4.0,7.0
1775300603.7833295,0.0,0.0,10.0
1775300603.7933297,1.0,0.0,9.0
1775300603.8033297,0.0,-2.0,5.0
1775300603.8133297,-1.0,-3.0,7.0
1775300603.8233297,-5.0,0.0,12.0
1775300603.8333297,-4.0,1.0,18.0
1775300603.8433297,-6.0,-2.0,14.0
1775300603.8533297,-8.0,-5.0,13.0
1775300603.8633296,-7.0,0.0,13.0
1775300603.8733296,1.0,0.0,12.0
1775300603.8833296,1.0,0.0,8.0
1775300603.8933296,3.0,0.0,9.0
1775300603.9033296,0.0,-2.0,8.0
1775300603.9133296,0.0,-4.0,11.0
1775300603.9233296,0.0,0.0,8.0
1775300603.9333296,-1.0,-4.0,9.0
1775300603.9433296,-2.0,-6.0,12.0
1775300603.9533296,-3.0,-6.0,10.0
1775300603.9633296,-8.0,-4.0,7.0
1775300603.9733295,-8.0,-3.0,6.0
1775300603.9833295,-8.0,-1.0,11.0
1775300603.9933295,-5.0,-1.0,8.0
1775300604.0033295,-6.0,-5.0,4.0
1775300604.0133295,-5.0,-2.0,5.0
1775300604.0233295,-2.0,-1.0,4.0
1775300604.0333295,-1.0,-2.0,3.0
1775300604.0433297,-1.0,-4.0,10.0
1775300604.0533297,-1.0,-1.0,3.0
1775300604.0633297,0.0,2.0,2.0
1775300604.0733297,-1.0,-1.0,3.0
1775300604.0833297,-2.0,-5.0,3.0
1775300604.0933297,0.0,-2.0,6.0
1775300604.1033297,1.0,-1.0,10.0
1775300604.1133296,2.0,-3.0,13.0
1775300604.1233296,1.0,-1.0,10.0
1775300604.1333296,-3.0,-3.0,10.0
1775300604.1433296,-4.0,0.0,2.0
1775300604.1533296,-2.0,0.0,9.0
1775300604.1633296,0.0,2.0,8.0
1775300604.1733296,4.0,2.0,2.0
1775300604.1833296,1.0,2.0,7.0
1775300604.1933296,1.0,-3.0,8.0
1775300604.2033296,3.0,-4.0,7.0
1775300604.2133296,1.0,-3.0,6.0
1775300604.2233295,1.0,-2.0,10.0
1775300604.2333295,-1.0,-3.0,15.0
1775300604.2433295,-2.0,-3.0,14.0
1775300604.2533295,-2.0,-4.0,8.0
1775300604.2633295,-3.0,-7.0,10.0
1775300604.2733295,-2.0,-5.0,10.0
1775300604.2833295,-2.0,-5.0,4.0
1775300604.2933297,4.0,0.0,3.0
1775300604.3033297,0.0,0.0,8.0
1775300604.3133297,2.0,0.0,13.0
1775300604.3233297,3.0,1.0,22.0
1775300604.3333297,1.0,4.0,25.0
1775300604.3433297,4.0,1.0,26.0
1775300604.3533297,2.0,0.0,26.0
1775300604.3633296,1.0,1.0,27.0
1775300604.3733296,0.0,5.0,28.0
1775300604.3833296,0.0,-1.0,23.0
1775300604.3933296,0.0,-2.0,24.0
1775300604.4033296,0.0,0.0,18.0
1775300604.4133296,-1.0,-2.0,18.0
1775300604.4233296,4.0,-2.0,13.0
1775300604.4333296,0.0,-2.0,15.0
1775300604.4433296,2.0,-2.0,15.0
1775300604.4533296,-2.0,-1.0,22.0
1775300604.4633296,-2.0,2.0,22.0
1775300604.4733295,0.0,0.0,15.0
1775300604.4833295,-1.0,2.0,11.0
1775300604.4933295,-1.0,4.0,9.0
1775300604.5033295,0.0,1.0,13.0
1775300604.5133295,0.0,-2.0,16.0
1775300604.5233295,5.0,-4.0,23.0
1775300604.5333295,3.0,-6.0,23.0
1775300604.5433297,0.0,-6.0,20.0
1775300604.5533297,0.0,-4.0,20.0
1775300604.5633297,5.0,-8.0,22.0
1775300604.5733297,3.0,-10.0,20.0
1775300604.5833297,5.0,-11.0,14.0
1775300604.5933297,9.0,-9.0,6.0
1775300604.6033297,5.0,-4.0,4.0
1775300604.6133296,7.0,-1.0,-2.0
1775300604.6233296,7.0,-2.0,-3.0
1775300604.6333296,3.0,1.0,-1.0
1775300604.6433296,-2.0,-1.0,5.0
1775300604.6533296,-5.0,-1.0,11.0
1775300604.6633296,-8.0,-2.0,13.0
1775300604.6733296,-12.0,-2.0,7.0
1775300604.6833296,-3.0,-3.0,7.0
1775300604.6933296,-1.0,-1.0,7.0
1775300604.7033296,0.0,-1.0,6.0
1775300604.7133296,0.0,-1.0,3.0
1775300604.7233295,2.0,-3.0,6.0
1775300604.7333295,0.0,-2.0,9.0
1775300604.7433295,-1.0,-2.0,8.0
1775300604.7533295,-2.0,-3.0,10.0
1775300604.7633295,-2.0,-2.0,9.0
1775300604.7733295,-1.0,0.0,6.0
1775300604.7833295,0.0,2.0,1.0
1775300604.7943296,-2.0,0.0,-5.0
1775300604.8033297,-8.0,0.0,-3.0
1775300604.8143296,-12.0,0.0,7.0
1775300604.8243296,-5.0,1.0,6.0
1775300604.8343296,-6.0,2.0,9.0
1775300604.8443296,-2.0,1.0,12.0
1775300604.8543296,0.0,0.0,7.0
1775300604.8643296,4.0,0.0,6.0
1775300604.8743296,0.0,0.0,2.0
1775300604.8843296,2.0,-5.0,0.0
1775300604.8943295,1.0,-4.0,5.0
1775300604.9043295,-2.0,-4.0,6.0
1775300604.9143295,0.0,1.0,7.0
1775300604.9243295,3.0,1.0,4.0
1775300604.9343295,0.0,1.0,6.0
1775300604.9443295,2.0,2.0,7.0
1775300604.9543295,5.0,6.0,7.0
1775300604.9643295,6.0,10.0,3.0
1775300604.9743297,7.0,10.0,0.0
1775300604.9843297,0.0,9.0,-2.0
1775300604.9943297,-3.0,5.0,-3.0
1775300605.0043297,-5.0,1.0,0.0
1775300605.0143297,-4.0,-1.0,-1.0
1775300605.0243297,-5.0,0.0,-5.0
1775300605.0343297,-8.0,-1.0,-3.0
1775300605.0443296,-7.0,-3.0,-2.0
1775300605.0543296,-6.0,-3.0,2.0
1775300605.0643296,-5.0,-2.0,4.0
1775300605.0743296,-4.0,0.0,5.0
1775300605.0843296,-6.0,-1.0,2.0
1775300605.0943296,-5.0,-2.0,3.0
1775300605.1043296,0.0,-5.0,5.0
1775300605.1143296,0.0,-4.0,8.0
1775300605.1243296,-3.0,-5.0,7.0
1775300605.1343296,-8.0,-6.0,12.0
1775300605.1443295,-12.0,-7.0,18.0
1775300605.1543295,-7.0,-1.0,13.0
1775300605.1643295,-1.0,-2.0,17.0
1775300605.1743295,-4.0,2.0,15.0
1775300605.1843295,-6.0,0.0,14.0
1775300605.1943295,-4.0,-2.0,10.0
1775300605.2043295,-5.0,-4.0,6.0
1775300605.2143295,-4.0,-3.0,7.0
1775300605.2243297,1.0,-1.0,13.0
1775300605.2343297,-1.0,-2.0,7.0
1775300605.2443297,-3.0,-1.0,11.0
1775300605.2543297,-5.0,2.0,11.0
1775300605.2643297,-8.0,0.0,8.0
1775300605.2743297,-7.0,0.0,6.0
1775300605.2843297,-5.0,0.0,3.0
1775300605.2943296,-5.0,-3.0,0.0
1775300605.3043296,-2.0,-3.0,-5.0
1775300605.3143296,0.0,-3.0,0.0
1775300605.3243296,0.0,-5.0,-1.0
1775300605.3343296,0.0,-5.0,4.0
1775300605.3443296,1.0,0.0,3.0
1775300605.3543296,2.0,3.0,6.0
1775300605.3643296,3.0,0.0,6.0
1775300605.3743296,4.0,0.0,0.0
1775300605.3843296,0.0,1.0,-3.0
1775300605.3943295,3.0,2.0,-6.0
1775300605.4043295,1.0,1.0,-10.0
1775300605.4143295,4.0,0.0,-4.0
1775300605.4243295,0.0,0.0,-2.0
1775300605.4343295,-4.0,-2.0,8.0
1775300605.4443295,-2.0,-3.0,8.0
1775300605.4543295,-5.0,-4.0,12.0
1775300605.4643295,-9.0,-2.0,22.0
1775300605.4743297,-8.0,-2.0,21.0
1775300605.4843297,-4.0,-4.0,19.0
1775300605.4943297,-1.0,-2.0,20.0
1775300605.5043297,1.0,3.0,16.0
1775300605.5143297,-2.0,1.0,17.0
1775300605.5243297,-7.0,3.0,18.0
1775300605.5343297,-1.0,4.0,13.0
1775300605.5443296,0.0,2.0,16.0
1775300605.5543296,-4.0,0.0,16.0
1775300605.5643296,-2.0,0.0,16.0
1775300605.5743296,0.0,-1.0,15.0
1775300605.5843296,0.0,0.0,14.0
1775300605.5943296,0.0,2.0,10.0
1775300605.6043296,2.0,-1.0,6.0
1775300605.6143296,0.0,0.0,11.0
1775300605.6243296,0.0,0.0,18.0
1775300605.6343296,0.0,0.0,15.0
1775300605.6443295,2.0,-2.0,13.0
1775300605.6543295,2.0,-5.0,7.0
1775300605.6643295,-2.0,-4.0,10.0
1775300605.6743295,1.0,-4.0,8.0
1775300605.6843295,0.0,-1.0,8.0
1775300605.6943295,1.0,-2.0,8.0
1775300605.7043295,6.0,-2.0,13.0
1775300605.7143295,5.0,-2.0,15.0
1775300605.7243297,1.0,-1.0,17.0
1775300605.7343297,4.0,-2.0,11.0
1775300605.7443297,2.0,-6.0,8.0
1775300605.7543297,0.0,-8.0,10.0
1775300605.7643297,0.0,-8.0,16.0
1775300605.7743297,-5.0,-9.0,16.0
1775300605.7843297,-6.0,-7.0,11.0
1775300605.7943296,-7.0,-1.0,12.0
1775300605.8043296,-8.0,5.0,10.0
1775300605.8143296,-6.0,0.0,10.0
1775300605.8243296,-3.0,-4.0,6.0
1775300605.8343296,-1.0,-4.0,7.0
1775300605.8443296,-2.0,-3.0,6.0
1775300605.8543296,-5.0,0.0,5.0
1775300605.8643296,-5.0,0.0,0.0
1775300605.8743296,-4.0,0.0,3.0
1775300605.8853295,-2.0,-1.0,3.0
1775300605.8943295,-1.0,3.0,-1.0
1775300605.9043295,1.0,1.0,1.0
1775300605.9143295,0.0,1.0,6.0
1775300605.9243295,1.0,-1.0,11.0
1775300605.9343295,0.0,-3.0,8.0
1775300605.9443295,3.0,0.0,2.0
1775300605.9543295,1.0,5.0,5.0
1775300605.9643295,0.0,3.0,5.0
1775300605.9743297,2.0,3.0,6.0
1775300605.9843297,0.0,1.0,9.0
1775300605.9943297,-3.0,0.0,9.0
1775300606.0043297,-6.0,-7.0,3.0
1775300606.0143297,0.0,-3.0,-6.0
1775300606.0243297,0.0,-1.0,-2.0
1775300606.0343297,-1.0,-2.0,11.0
1775300606.0443296,-3.0,0.0,14.0
1775300606.0543296,2.0,1.0,12.0
1775300606.0643296,4.0,-2.0,12.0
1775300606.0743296,3.0,-2.0,13.0
1775300606.0843296,0.0,0.0,13.0
1775300606.0943296,-3.0,1.0,17.0
1775300606.1043296,-1.0,0.0,19.0
1775300606.1143296,0.0,1.0,16.0
1775300606.1243296,0.0,0.0,12.0
1775300606.1343296,0.0,3.0,7.0
1775300606.1443295,-3.0,3.0,10.0
1775300606.1543295,-5.0,1.0,5.0
1775300606.1643295,-3.0,3.0,8.0
1775300606.1743295,-6.0,4.0,11.0
1775300606.1843295,-4.0,0.0,9.0
1775300606.1943295,-4.0,-3.0,4.0
1775300606.2043295,-2.0,-2.0,3.0
1775300606.2143295,0.0,-1.0,2.0
1775300606.2243297,0.0,-2.0,5.0
1775300606.2343297,3.0,-6.0,4.0
1775300606.2443297,4.0,-4.0,0.0
1775300606.2543297,3.0,-6.0,3.0
1775300606.2643297,0.0,-2.0,3.0
1775300606.2743297,1.0,-6.0,9.0
1775300606.2843297,-1.0,-11.0,8.0
1775300606.2943296,-1.0,-10.0,10.0
1775300606.3043296,-4.0,-5.0,8.0
1775300606.3143296,-1.0,-10.0,10.0
1775300606.3243296,1.0,-4.0,5.0
1775300606.3343296,0.0,-4.0,3.0
1775300606.3443296,2.0,0.0,6.0
1775300606.3543296,0.0,-1.0,4.0
1775300606.3643296,1.0,0.0,6.0
1775300606.3743296,0.0,0.0,7.0
1775300606.3843296,1.0,2.0,8.0
1775300606.3943295,2.0,2.0,2.0
1775300606.4043295,4.0,0.0,2.0
1775300606.4143295,3.0,-1.0,4.0
1775300606.4243295,0.0,-1.0,-2.0
1775300606.4343295,1.0,-3.0,-7.0
1775300606.4443295,7.0,-4.0,-7.0
1775300606.4543295,4.0,-2.0,-1.0
1775300606.4643295,4.0,-2.0,3.0
1775300606.4743297,2.0,-2.0,3.0
1775300606.4843297,0.0,-4.0,3.0
1775300606.4943297,3.0,0.0,12.0
1775300606.5043297,2.0,0.0,11.0
1775300606.5143297,-1.0,1.0,11.0
1775300606.5243297,0.0,0.0,7.0
1775300606.5343297,0.0,1.0,6.0
1775300606.5443296,0.0,-4.0,11.0
1775300606.5543296,3.0,-8.0,15.0
1775300606.5643296,1.0,-9.0,15.0
1775300606.5743296,0.0,-8.0,12.0
1775300606.5843296,0.0,-7.0,9.0
1775300606.5943296,1.0,-6.0,13.0
1775300606.6043296,3.0,-5.0,14.0
1775300606.6143296,1.0,-7.0,12.0
1775300606.6243296,2.0,-5.0,12.0
1775300606.6343296,2.0,-7.0,11.0
1775300606.6443295,5.0,-7.0,10.0
1775300606.6543295,9.0,-6.0,6.0
1775300606.6643295,4.0,-3.0,5.0
1775300606.6743295,1.0,-6.0,10.0
1775300606.6843295,-4.0,-3.0,8.0
1775300606.6943295,-2.0,-5.0,6.0
1775300606.7043295,2.0,-7.0,4.0
1775300606.7143295,3.0,-6.0,8.0
1775300606.7243297,3.0,0.0,8.0
1775300606.7343297,3.0,3.0,12.0
1775300606.7443297,2.0,-1.0,10.0
1775300606.7543297,-1.0,-1.0,13.0
1775300606.7643297,-4.0,0.0,11.0
1775300606.7743297,-5.0,0.0,9.0
1775300606.7843297,-6.0,3.0,10.0
1775300606.7943296,-4.0,2.0,7.0
1775300606.8043296,-4.0,4.0,3.0
1775300606.8143296,-6.0,3.0,4.0
1775300606.8243296,-5.0,1.0,11.0
1775300606.8343296,-9.0,0.0,5.0
1775300606.8443296,-6.0,0.0,4.0
1775300606.8543296,-4.0,0.0,7.0
1775300606.8643296,-4.0,-1.0,12.0
1775300606.8743296,-2.0,0.0,14.0
1775300606.8843296,-2.0,4.0,8.0
1775300606.8943295,-1.0,4.0,10.0
1775300606.9043295,4.0,3.0,3.0
1775300606.9143295,4.0,1.0,6.0
1775300606.9243295,1.0,0.0,13.0
1775300606.9343295,-1.0,-1.0,12.0
1775300606.9443295,0.0,0.0,12.0
1775300606.9543295,0.0,3.0,17.0
1775300606.9643295,1.0,-4.0,7.0
1775300606.9743297,0.0,-2.0,5.0
1775300606.9843297,2.0,-3.0,2.0
1775300606.9943297,-1.0,-5.0,3.0
1775300607.0043297,0.0,-5.0,4.0
1775300607.0143297,3.0,-4.0,10.0
1775300607.0243297,6.0,-2.0,11.0
1775300607.0343297,6.0,-6.0,8.0
1775300607.0443296,6.0,-5.0,3.0
1775300607.0543296,3.0,-3.0,10.0
1775300607.0643296,2.0,-2.0,14.0
1775300607.0743296,1.0,-1.0,14.0
1775300607.0853295,-1.0,0.0,14.0
1775300607.0953295,0.0,1.0,11.0
1775300607.1043296,0.0,4.0,9.0
1775300607.1153295,-2.0,4.0,5.0
1775300607.1253295,0.0,5.0,10.0
1775300607.1353295,0.0,4.0,12.0
1775300607.1453297,-2.0,4.0,14.0
1775300607.1553297,-2.0,5.0,16.0
1775300607.1653297,-2.0,3.0,14.0
1775300607.1753297,-4.0,0.0,13.0
1775300607.1853297,-2.0,0.0,12.0
1775300607.1953297,-7.0,4.0,7.0
1775300607.2053297,-6.0,0.0,5.0
1775300607.2153296,-7.0,-1.0,6.0
1775300607.2253296,-6.0,-2.0,7.0
1775300607.2353296,0.0,-1.0,5.0
1775300607.2453296,1.0,3.0,5.0
1775300607.2553296,2.0,0.0,7.0
1775300607.2653296,0.0,2.0,11.0
1775300607.2753296,-2.0,6.0,14.0
1775300607.2853296,2.0,4.0,16.0
1775300607.2953296,3.0,6.0,15.0
1775300607.3053296,4.0,10.0,9.0
1775300607.3153296,7.0,10.0,6.0
1775300607.3253295,2.0,8.0,5.0
1775300607.3353295,2.0,5.0,-1.0
1775300607.3453295,4.0,2.0,-4.0
1775300607.3553295,4.0,4.0,-3.0
1775300607.3653295,0.0,3.0,5.0
1775300607.3753295,0.0,1.0,12.0
1775300607.3853295,3.0,-1.0,12.0
1775300607.3953297,1.0,-1.0,14.0
1775300607.4053297,-2.0,0.0,6.0
1775300607.4153297,-2.0,1.0,-1.0
1775300607.4253297,4.0,1.0,5.0
1775300607.4353297,1.0,2.0,6.0
1775300607.4453297,-2.0,2.0,10.0
1775300607.4553297,1.0,0.0,7.0
1775300607.4653296,-1.0,0.0,3.0
1775300607.4753296,-1.0,2.0,4.0
1775300607.4853296,-4.0,0.0,7.0
1775300607.4953296,-3.0,-2.0,9.0
1775300607.5053296,-3.0,-8.0,9.0
1775300607.5153296,-1.0,-7.0,11.0
1775300607.5253296,4.0,-5.0,8.0
1775300607.5353296,0.0,-6.0,8.0
1775300607.5453296,-1.0,-5.0,4.0
1775300607.5553296,2.0,-5.0,4.0
1775300607.5653296,0.0,-3.0,4.0
1775300607.5753295,2.0,-2.0,10.0
1775300607.5853295,1.0,-3.0,13.0
1775300607.5953295,2.0,-4.0,7.0
1775300607.6053295,3.0,-5.0,11.0
1775300607.6153295,1.0,-3.0,20.0
1775300607.6253295,2.0,-9.0,20.0
1775300607.6353295,0.0,-7.0,15.0
1775300607.6453297,0.0,-4.0,13.0
1775300607.6553297,-2.0,-6.0,16.0
1775300607.6653297,0.0,-4.0,16.0
1775300607.6753297,0.0,-2.0,14.0
1775300607.6853297,-1.0,-3.0,15.0
1775300607.6953297,-3.0,-6.0,16.0
1775300607.7053297,-5.0,0.0,15.0
1775300607.7153296,-8.0,1.0,21.0
1775300607.7253296,-7.0,1.0,25.0
1775300607.7353296,-8.0,0.0,20.0
1775300607.7453296,-9.0,0.0,17.0
1775300607.7553296,-7.0,-3.0,10.0
1775300607.7653296,-6.0,-4.0,8.0
1775300607.7753296,-4.0,-6.0,16.0
1775300607.7853296,-3.0,-1.0,11.0
1775300607.7953296,0.0,-2.0,4.0
1775300607.8053296,3.0,-5.0,0.0
1775300607.8153296,2.0,-4.0,0.0
1775300607.8253295,2.0,-4.0,3.0
1775300607.8353295,-1.0,-6.0,5.0
1775300607.8453295,-3.0,-5.0,7.0
1775300607.8553295,-3.0,-3.0,9.0
1775300607.8653295,-3.0,-2.0,13.0
1775300607.8753295,-2.0,-5.0,14.0
1775300607.8853295,-2.0,-6.0,8.0
1775300607.8953297,-3.0,-5.0,4.0
1775300607.9053297,-3.0,-5.0,9.0
1775300607.9153297,-3.0,-2.0,15.0
1775300607.9253297,-2.0,1.0,11.0
1775300607.9353297,-2.0,1.0,12.0
1775300607.9453297,-6.0,-2.0,17.0
1775300607.9553297,-2.0,0.0,12.0
1775300607.9653296,1.0,0.0,12.0
1775300607.9753296,3.0,0.0,9.0
1775300607.9853296,2.0,0.0,7.0
1775300607.9953296,2.0,0.0,7.0
1775300608.0053296,2.0,-3.0,11.0
1775300608.0153296,3.0,0.0,6.0
1775300608.0253296,6.0,1.0,10.0
1775300608.0353296,2.0,0.0,12.0
1775300608.0453296,6.0,0.0,9.0
1775300608.0553296,5.0,-3.0,10.0
1775300608.0653296,2.0,-6.0,8.0
1775300608.0753295,-2.0,-3.0,10.0
1775300608.0853295,-3.0,-2.0,13.0
1775300608.0953295,-4.0,0.0,11.0
1775300608.1053295,-2.0,2.0,6.0
1775300608.1153295,-5.0,0.0,4.0
1775300608.1253295,-5.0,1.0,12.0
1775300608.1353295,-6.0,-3.0,10.0
1775300608.1453297,-5.0,-3.0,1.0
1775300608.1553297,-2.0,-2.0,11.0
1775300608.1653297,-6.0,-4.0,20.0
1775300608.1753297,-6.0,-5.0,18.0
1775300608.1853297,-3.0,-3.0,19.0
1775300608.1953297,2.0,-3.0,13.0
1775300608.2053297,0.0,0.0,11.0
1775300608.2153296,-1.0,-1.0,11.0
1775300608.2253296,-4.0,-1.0,9.0
1775300608.2353296,-3.0,-2.0,11.0
1775300608.2453296,0.0,-1.0,5.0
1775300608.2553296,2.0,0.0,1.0
1775300608.2653296,4.0,-2.0,9.0
1775300608.2753296,1.0,-3.0,16.0
1775300608.2853296,0.0,0.0,10.0
1775300608.2953296,4.0,0.0,11.0
1775300608.3053296,7.0,-1.0,10.0
1775300608.3153296,4.0,0.0,13.0
1775300608.3253295,1.0,-4.0,10.0
1775300608.3353295,2.0,-3.0,24.0
1775300608.3453295,4.0,0.0,25.0
1775300608.3553295,4.0,-3.0,29.0
1775300608.3653295,4.0,-5.0,26.0
1775300608.3753295,1.0,-3.0,22.0
1775300608.3853295,1.0,-5.0,11.0
1775300608.3953297,-1.0,-2.0,9.0
1775300608.4053297,0.0,-1.0,7.0
1775300608.4153297,0.0,0.0,9.0
1775300608.4253297,0.0,0.0,10.0
1775300608.4353297,-3.0,0.0,13.0
1775300608.4453297,-3.0,0.0,12.0
1775300608.4553297,-3.0,0.0,9.0
1775300608.4653296,-1.0,0.0,7.0
1775300608.4753296,-2.0,-1.0,14.0
1775300608.4853296,0.0,-4.0,17.0
1775300608.4953296,0.0,-2.0,15.0
1775300608.5053296,-1.0,0.0,18.0
1775300608.5153296,1.0,-7.0,17.0
1775300608.5253296,3.0,-3.0,19.0
1775300608.5353296,3.0,-3.0,21.0
1775300608.5453296,2.0,-4.0,22.0
1775300608.5553296,2.0,0.0,18.0
1775300608.5653296,0.0,-2.0,14.0
1775300608.5753295,-1.0,-4.0,13.0
1775300608.5853295,-4.0,-5.0,10.0
1775300608.5953295,-6.0,0.0,9.0
1775300608.6053295,-4.0,-2.0,6.0
1775300608.6153295,0.0,-3.0,9.0
1775300608.6253295,2.0,-4.0,14.0
1775300608.6353295,0.0,-3.0,19.0
1775300608.6453297,-3.0,0.0,16.0
1775300608.6553297,-4.0,4.0,13.0
1775300608.6653297,-3.0,2.0,10.0
1775300608.6753297,-4.0,0.0,9.0
1775300608.6853297,-7.0,1.0,10.0
1775300608.6953297,0.0,3.0,9.0
1775300608.7053297,0.0,4.0,10.0
1775300608.7153296,-4.0,4.0,9.0
1775300608.7253296,-7.0,-1.0,16.0
1775300608.7353296,-3.0,1.0,14.0
1775300608.7453296,-3.0,0.0,15.0
1775300608.7553296,-6.0,0.0,11.0
1775300608.7653296,-4.0,0.0,10.0
1775300608.7753296,-1.0,-1.0,0.0
1775300608.7853296,0.0,-1.0,-3.0
1775300608.7953296,-2.0,-1.0,2.0
1775300608.8053296,0.0,-2.0,4.0
1775300608.8153296,1.0,-3.0,-2.0
1775300608.8253295,6.0,-4.0,-4.0
1775300608.8353295,9.0,-4.0,-4.0
1775300608.8453295,6.0,-4.0,-9.0
1775300608.8553295,6.0,-2.0,-7.0
1775300608.8653295,6.0,1.0,-5.0
1775300608.8753295,5.0,2.0,-1.0
1775300608.8853295,5.0,0.0,-5.0
1775300608.8953297,1.0,0.0,3.0
1775300608.9053297,-1.0,1.0,5.0
1775300608.9153297,0.0,2.0,5.0
1775300608.9253297,1.0,4.0,2.0
1775300608.9353297,-1.0,3.0,2.0
1775300608.9453297,2.0,3.0,7.0
1775300608.9553297,0.0,4.0,13.0
1775300608.9653296,-2.0,2.0,15.0
1775300608.9753296,-1.0,2.0,14.0
1775300608.9853296,1.0,-1.0,12.0
1775300608.9953296,-2.0,-2.0,10.0
1775300609.0053296,-3.0,-4.0,8.0
1775300609.0153296,-3.0,-3.0,13.0
1775300609.0253296,-1.0,-6.0,17.0
1775300609.0353296,-4.0,-12.0,10.0
1775300609.0453296,-4.0,-12.0,7.0
1775300609.0553296,-3.0,-10.0,3.0
1775300609.0653296,-1.0,-7.0,1.0
1775300609.0753295,-1.0,-5.0,8.0
1775300609.0853295,-6.0,0.0,5.0
1775300609.0953295,-7.0,-3.0,5.0
1775300609.1053295,-9.0,-4.0,14.0
1775300609.1153295,-3.0,-2.0,12.0
1775300609.1253295,-2.0,1.0,13.0
1775300609.1353295,1.0,1.0,15.0
1775300609.1453297,-2.0,-3.0,10.0
1775300609.1553297,0.0,-2.0,7.0
1775300609.1653297,0.0,-2.0,4.0
1775300609.1753297,2.0,-6.0,3.0
1775300609.1853297,2.0,-12.0,2.0
1775300609.1953297,0.0,-9.0,2.0
1775300609.2053297,0.0,-9.0,8.0
1775300609.2153296,5.0,-9.0,13.0
1775300609.2253296,10.0,-7.0,18.0
1775300609.2353296,8.0,-6.0,15.0
1775300609.2453296,4.0,-9.0,9.0
1775300609.2553296,5.0,-9.0,8.0
1775300609.2653296,0.0,-9.0,4.0
1775300609.2753296,-4.0,-9.0,7.0
1775300609.2853296,-5.0,-3.0,9.0
1775300609.2953296,-2.0,-4.0,11.0
1775300609.3053296,0.0,0.0,11.0
1775300609.3153296,-2.0,1.0,2.0
1775300609.3253295,-1.0,-1.0,4.0
1775300609.3353295,-2.0,0.0,8.0
1775300609.3453295,-2.0,-2.0,9.0
1775300609.3563297,-4.0,-2.0,2.0
1775300609.3653295,-4.0,-4.0,4.0
1775300609.3753295,-8.0,-2.0,8.0
1775300609.3863297,-6.0,-3.0,4.0
1775300609.3963296,-5.0,-9.0,5.0
1775300609.4063296,-8.0,-9.0,3.0
1775300609.4163296,-3.0,-10.0,4.0
1775300609.4263296,-1.0,-8.0,2.0
1775300609.4363296,1.0,-11.0,0.0
1775300609.4463296,0.0,-8.0,-5.0
1775300609.4563296,-3.0,-5.0,-2.0
1775300609.4663296,-3.0,-4.0,-4.0
1775300609.4763296,-3.0,-2.0,-3.0
1775300609.4863296,-1.0,-1.0,1.0
1775300609.4963295,0.0,0.0,2.0
1775300609.5063295,1.0,-1.0,-3.0
1775300609.5163295,0.0,-5.0,-1.0
1775300609.5263295,-2.0,0.0,0.0
1775300609.5363295,-5.0,1.0,0.0
1775300609.5463295,-2.0,-2.0,0.0
1775300609.5563295,0.0,-2.0,4.0
1775300609.5663297,0.0,-5.0,7.0
1775300609.5763297,6.0,-3.0,0.0
1775300609.5863297,0.0,-1.0,7.0
1775300609.5963297,0.0,1.0,10.0
1775300609.6063297,0.0,4.0,11.0
1775300609.6163297,1.0,5.0,18.0
1775300609.6263297,-2.0,5.0,20.0
1775300609.6363297,-3.0,3.0,16.0
1775300609.6463296,-5.0,3.0,10.0
1775300609.6563296,-6.0,4.0,11.0
1775300609.6663296,-7.0,0.0,15.0
1775300609.6763296,-8.0,-3.0,14.0
1775300609.6863296,-2.0,-6.0,9.0
1775300609.6963296,-3.0,-7.0,4.0
1775300609.7063296,-2.0,-5.0,7.0
1775300609.7163296,-4.0,-4.0,8.0
1775300609.7263296,-3.0,-1.0,4.0
1775300609.7363296,-2.0,-1.0,4.0
1775300609.7463295,-6.0,1.0,4.0
1775300609.7563295,-9.0,0.0,4.0
1775300609.7663295,-8.0,-1.0,6.0
1775300609.7763295,-4.0,0.0,5.0
1775300609.7863295,0.0,0.0,10.0
1775300609.7963295,0.0,-1.0,10.0
1775300609.8063295,1.0,1.0,14.0
1775300609.8163297,-2.0,2.0,9.0
1775300609.8263297,0.0,2.0,11.0
1775300609.8363297,-3.0,0.0,7.0
1775300609.8463297,-5.0,0.0,7.0
1775300609.8563297,-3.0,-2.0,5.0
1775300609.8663297,-2.0,-5.0,4.0
1775300609.8763297,2.0,-5.0,5.0
1775300609.8863297,3.0,-6.0,3.0
1775300609.8963296,0.0,-4.0,3.0
1775300609.9063296,1.0,1.0,4.0
1775300609.9163296,-1.0,1.0,7.0
1775300609.9263296,0.0,3.0,11.0
1775300609.9363296,3.0,2.0,14.0
1775300609.9463296,6.0,-1.0,17.0
1775300609.9563296,6.0,-2.0,17.0
1775300609.9663296,5.0,-1.0,16.0
1775300609.9763296,4.0,-1.0,13.0
1775300609.9863296,5.0,-3.0,16.0
1775300609.9963295,3.0,-6.0,7.0
1775300610.0063295,3.0,-4.0,4.0
1775300610.0163295,1.0,-7.0,9.0
1775300610.0263295,-2.0,-6.0,5.0
1775300610.0363295,0.0,-6.0,10.0
1775300610.0463295,-1.0,-8.0,8.0
1775300610.0563295,-7.0,-7.0,6.0
1775300610.0663297,-5.0,-5.0,3.0
1775300610.0763297,0.0,-3.0,3.0
1775300610.0863297,4.0,0.0,3.0
1775300610.0963297,-1.0,-1.0,0.0
1775300610.1063297,2.0,-4.0,3.0
1775300610.1163297,0.0,-2.0,1.0
1775300610.1263297,-4.0,-1.0,6.0
1775300610.1363297,-3.0,-4.0,11.0
1775300610.1463296,-2.0,-5.0,11.0
1775300610.1563296,-1.0,-5.0,14.0
1775300610.1663296,-5.0,-2.0,15.0
1775300610.1763296,-8.0,0.0,9.0
1775300610.1863296,-7.0,1.0,11.0
1775300610.1963296,-8.0,0.0,15.0
1775300610.2063296,-9.0,-1.0,12.0
1775300610.2163296,-5.0,0.0,17.0
1775300610.2263296,-9.0,4.0,16.0
1775300610.2363296,-5.0,5.0,11.0
1775300610.2463295,-1.0,7.0,8.0
1775300610.2563295,-6.0,7.0,15.0
1775300610.2663295,-7.0,7.0,17.0
1775300610.2763295,-6.0,5.0,15.0
1775300610.2863295,0.0,4.0,13.0
1775300610.2963295,0.0,2.0,14.0
1775300610.3063295,1.0,3.0,11.0
1775300610.3163297,1.0,2.0,11.0
1775300610.3263297,0.0,-1.0,12.0
1775300610.3363297,3.0,-6.0,14.0
1775300610.3463297,-1.0,-4.0,9.0
1775300610.3563297,0.0,-1.0,12.0
1775300610.3663297,-1.0,0.0,6.0
1775300610.3763297,0.0,2.0,1.0
1775300610.3863297,0.0,1.0,0.0
1775300610.3963296,-2.0,-1.0,-1.0
1775300610.4063296,-4.0,-3.0,-7.0
1775300610.4163296,-3.0,-6.0,-2.0
1775300610.4263296,0.0,-9.0,2.0
1775300610.4363296,0.0,-8.0,2.0
1775300610.4463296,-1.0,-6.0,0.0
1775300610.4563296,0.0,-3.0,0.0
1775300610.4663296,0.0,-2.0,-6.0
1775300610.4763296,-1.0,-3.0,-1.0
1775300610.4863296,1.0,-1.0,0.0
1775300610.4963295,1.0,-4.0,-2.0
1775300610.5063295,-3.0,-3.0,5.0
1775300610.5163295,2.0,-7.0,1.0
1775300610.5263295,5.0,-5.0,-1.0
1775300610.5363295,3.0,-2.0,-1.0
1775300610.5463295,2.0,-4.0,1.0
1775300610.5563295,6.0,-5.0,1.0
1775300610.5663297,0.0,0.0,6.0
1775300610.5763297,0.0,1.0,11.0
1775300610.5863297,2.0,0.0,9.0
1775300610.5963297,6.0,0.0,7.0
1775300610.6063297,0.0,2.0,5.0
1775300610.6163297,-4.0,0.0,9.0
1775300610.6263297,-4.0,0.0,14.0
1775300610.6363297,0.0,0.0,15.0
1775300610.6463296,1.0,-1.0,16.0
1775300610.6563296,1.0,0.0,18.0
1775300610.6663296,6.0,-1.0,20.0
1775300610.6763296,0.0,-3.0,11.0
1775300610.6863296,-5.0,-5.0,1.0
1775300610.6963296,-7.0,-5.0,-4.0
1775300610.7063296,-3.0,-6.0,-8.0
1775300610.7163296,3.0,-7.0,-5.0
1775300610.7263296,6.0,-8.0,-7.0
1775300610.7363296,5.0,-7.0,-4.0
1775300610.7463295,2.0,-5.0,-2.0
1775300610.7563295,1.0,-2.0,-1.0
1775300610.7663295,2.0,-1.0,-1.0
1775300610.7763295,5.0,-3.0,5.0
1775300610.7863295,3.0,-2.0,11.0
1775300610.7963295,3.0,0.0,14.0
1775300610.8063295,1.0,-1.0,19.0
1775300610.8163297,0.0,-1.0,14.0
1775300610.8263297,0.0,-4.0,8.0
1775300610.8363297,-1.0,-5.0,9.0
1775300610.8463297,2.0,-6.0,11.0
1775300610.8563297,1.0,-11.0,17.0
1775300610.8663297,0.0,-9.0,11.0
1775300610.8763297,-5.0,-8.0,3.0
1775300610.8863297,-6.0,-2.0,1.0
1775300610.8963296,-3.0,0.0,2.0
1775300610.9063296,-1.0,-5.0,1.0
1775300610.9163296,1.0,-7.0,0.0
1775300610.9263296,1.0,-4.0,3.0
1775300610.9363296,3.0,-2.0,5.0
1775300610.9463296,-2.0,-5.0,3.0
1775300610.9563296,0.0,-2.0,2.0
1775300610.9663296,2.0,0.0,5.0
1775300610.9763296,4.0,0.0,3.0
1775300610.9863296,1.0,0.0,-5.0
1775300610.9963295,4.0,-1.0,0.0
1775300611.0063295,4.0,-3.0,4.0
1775300611.0163295,6.0,-3.0,-1.0
1775300611.0263295,8.0,0.0,-4.0
1775300611.0363295,9.0,0.0,-5.0
1775300611.0463295,6.0,0.0,-4.0
1775300611.0563295,8.0,1.0,3.0
1775300611.0663297,9.0,4.0,4.0
1775300611.0763297,10.0,3.0,14.0
1775300611.0863297,9.0,2.0,14.0
1775300611.0963297,3.0,4.0,14.0
1775300611.1063297,-6.0,6.0,19.0
1775300611.1163297,-2.0,6.0,20.0
1775300611.1263297,1.0,7.0,19.0
1775300611.1363297,5.0,5.0,17.0
1775300611.1463296,5.0,0.0,22.0
1775300611.1563296,3.0,0.0,12.0
1775300611.1663296,5.0,0.0,10.0
1775300611.1763296,4.0,-1.0,10.0
1775300611.1863296,1.0,-2.0,4.0
1775300611.1963296,0.0,-3.0,7.0
1775300611.2063296,-4.0,-3.0,0.0
1775300611.2163296,-2.0,2.0,6.0
1775300611.2263296,-5.0,4.0,11.0
1775300611.2363296,-8.0,0.0,9.0
1775300611.2463295,-6.0,1.0,5.0
1775300611.2563295,-10.0,-2.0,7.0
1775300611.2663295,-9.0,0.0,12.0
1775300611.2763295,-7.0,-2.0,10.0
1775300611.2863295,-6.0,-1.0,3.0
1775300611.2963295,-1.0,-2.0,0.0
1775300611.3063295,2.0,-4.0,3.0
1775300611.3163297,1.0,-7.0,2.0
1775300611.3263297,-1.0,-4.0,2.0
1775300611.3363297,0.0,0.0,8.0
1775300611.3463297,1.0,3.0,7.0
1775300611.3563297,0.0,4.0,8.0
1775300611.3663297,-4.0,7.0,9.0
1775300611.3763297,-5.0,4.0,13.0
1775300611.3863297,0.0,4.0,14.0
1775300611.3963296,0.0,2.0,12.0
1775300611.4063296,-4.0,3.0,10.0
1775300611.4163296,-2.0,1.0,10.0
1775300611.4263296,-5.0,-2.0,11.0
1775300611.4363296,-4.0,0.0,17.0
1775300611.4463296,-1.0,0.0,15.0
1775300611.4563296,-1.0,-1.0,16.0
1775300611.4663296,0.0,-2.0,16.0
1775300611.4763296,1.0,-1.0,15.0
1775300611.4863296,-2.0,-4.0,17.0
1775300611.4963295,-1.0,-5.0,21.0
1775300611.5063295,2.0,-2.0,17.0
1775300611.5163295,0.0,0.0,13.0
1775300611.5263295,1.0,0.0,17.0
1775300611.5363295,2.0,2.0,14.0
1775300611.5463295,-3.0,1.0,7.0
1775300611.5563295,-8.0,2.0,7.0
1775300611.5663297,-8.0,7.0,6.0
1775300611.5763297,-4.0,9.0,2.0
1775300611.5863297,-6.0,5.0,4.0
1775300611.5963297,-6.0,0.0,8.0
1775300611.6063297,-3.0,0.0,1.0
1775300611.6163297,-5.0,-2.0,4.0
1775300611.6263297,-8.0,-2.0,4.0
1775300611.6363297,-7.0,-3.0,11.0
1775300611.6473296,-6.0,-1.0,9.0
1775300611.6563296,-4.0,0.0,12.0
1775300611.6663296,-4.0,1.0,10.0
1775300611.6763296,-3.0,3.0,3.0
1775300611.6873295,-1.0,3.0,9.0
1775300611.6963296,-2.0,-1.0,6.0
1775300611.7073295,0.0,0.0,4.0
1775300611.7163296,-5.0,0.0,2.0
1775300611.7273295,-3.0,0.0,10.0
1775300611.7373295,-3.0,-3.0,17.0
1775300611.7473297,-1.0,-4.0,17.0
1775300611.7573297,1.0,-4.0,18.0
1775300611.7673297,-3.0,-4.0,19.0
1775300611.7773297,-7.0,-6.0,15.0
1775300611.7873297,-3.0,0.0,14.0
1775300611.7973297,1.0,2.0,8.0
1775300611.8073297,0.0,2.0,9.0
1775300611.8173296,1.0,2.0,5.0
1775300611.8273296,-1.0,5.0,5.0
1775300611.8373296,-5.0,3.0,10.0
1775300611.8473296,-6.0,4.0,13.0
1775300611.8573296,-5.0,7.0,17.0
1775300611.8673296,-3.0,4.0,20.0
1775300611.8773296,-1.0,2.0,14.0
1775300611.8873296,2.0,-1.0,10.0
1775300611.8973296,2.0,0.0,9.0
1775300611.9073296,1.0,0.0,9.0
1775300611.9173295,-1.0,-1.0,17.0
1775300611.9273295,0.0,0.0,19.0
1775300611.9373295,0.0,-2.0,15.0
1775300611.9473295,0.0,2.0,12.0
1775300611.9573295,3.0,1.0,10.0
1775300611.9673295,1.0,0.0,11.0
1775300611.9773295,4.0,-1.0,8.0
1775300611.9873295,7.0,-1.0,10.0
1775300611.9973297,12.0,-1.0,7.0
1775300612.0073297,15.0,0.0,8.0
1775300612.0173297,11.0,-3.0,9.0
1775300612.0273297,4.0,-2.0,7.0
1775300612.0373297,2.0,0.0,2.0
1775300612.0473297,2.0,-2.0,3.0
1775300612.0573297,-1.0,-1.0,0.0
1775300612.0673296,-4.0,-1.0,3.0
1775300612.0773296,-7.0,-1.0,11.0
1775300612.0873296,-4.0,-1.0,5.0
1775300612.0973296,-6.0,-2.0,5.0
1775300612.1073296,-5.0,2.0,10.0
1775300612.1173296,-3.0,0.0,10.0
1775300612.1273296,-3.0,-1.0,13.0
1775300612.1373296,-7.0,-1.0,10.0
1775300612.1473296,-6.0,-3.0,6.0
1775300612.1573296,-4.0,-2.0,11.0
1775300612.1673295,-3.0,-2.0,12.0
1775300612.1773295,-5.0,0.0,15.0
1775300612.1873295,-2.0,2.0,18.0
1775300612.1973295,-2.0,7.0,17.0
1775300612.2073295,0.0,6.0,8.0
1775300612.2173295,0.0,1.0,5.0
1775300612.2273295,0.0,0.0,9.0
1775300612.2373295,-3.0,-4.0,12.0
1775300612.2473297,-4.0,-6.0,8.0
1775300612.2573297,-4.0,-11.0,3.0
1775300612.2673297,0.0,-9.0,5.0
1775300612.2773297,2.0,-7.0,7.0
1775300612.2873297,4.0,-8.0,5.0
1775300612.2973297,1.0,-5.0,9.0
1775300612.3073297,5.0,-2.0,8.0
1775300612.3173296,12.0,-1.0,15.0
1775300612.3273296,8.0,0.0,13.0
1775300612.3373296,3.0,-1.0,6.0
1775300612.3473296,1.0,-2.0,6.0
1775300612.3573296,2.0,-1.0,3.0
1775300612.3673296,6.0,-3.0,3.0
1775300612.3773296,0.0,-2.0,13.0
1775300612.3873296,0.0,-4.0,13.0
1775300612.3973296,-2.0,-6.0,18.0
1775300612.4073296,-2.0,-5.0,13.0
1775300612.4173295,-1.0,-6.0,7.0
1775300612.4273295,-2.0,-4.0,1.0
1775300612.4373295,-8.0,-6.0,-1.0
1775300612.4473295,-7.0,-6.0,1.0
1775300612.4573295,-4.0,-4.0,3.0
1775300612.4673295,-1.0,-5.0,3.0
1775300612.4773295,0.0,-12.0,12.0
1775300612.4873295,0.0,-8.0,11.0
1775300612.4973297,-2.0,-5.0,14.0
1775300612.5073297,-6.0,0.0,9.0
1775300612.5173297,-3.0,0.0,15.0
1775300612.5273297,3.0,-3.0,13.0
1775300612.5373297,2.0,-2.0,11.0
1775300612.5473297,3.0,-1.0,15.0
1775300612.5573297,2.0,0.0,18.0
1775300612.5673296,2.0,0.0,18.0
1775300612.5773296,-1.0,0.0,17.0
1775300612.5873296,0.0,-1.0,16.0
1775300612.5973296,2.0,-5.0,17.0
1775300612.6073296,5.0,-3.0,14.0
1775300612.6173296,0.0,0.0,11.0
1775300612.6273296,-2.0,0.0,12.0
1775300612.6373296,3.0,0.0,8.0
1775300612.6473296,3.0,0.0,9.0
1775300612.6573296,0.0,0.0,13.0
1775300612.6673295,0.0,0.0,14.0
1775300612.6773295,-2.0,-4.0,11.0
1775300612.6873295,-3.0,-3.0,10.0
1775300612.6973295,-3.0,-2.0,13.0
1775300612.7073295,-8.0,1.0,11.0
1775300612.7173295,-8.0,4.0,16.0
1775300612.7273295,-1.0,2.0,12.0
1775300612.7373295,2.0,6.0,8.0
1775300612.7473297,6.0,3.0,7.0
1775300612.7573297,5.0,4.0,11.0
1775300612.7673297,1.0,1.0,9.0
1775300612.7773297,-2.0,2.0,7.0
1775300612.7873297,-5.0,1.0,0.0
1775300612.7973297,-7.0,3.0,10.0
1775300612.8073297,-8.0,0.0,7.0
1775300612.8173296,-3.0,-1.0,7.0
1775300612.8273296,-3.0,-5.0,15.0
1775300612.8373296,-7.0,-4.0,15.0
1775300612.8473296,-9.0,-2.0,17.0
1775300612.8573296,-5.0,-2.0,15.0
1775300612.8673296,0.0,-2.0,12.0
1775300612.8773296,-6.0,-3.0,12.0
1775300612.8873296,-3.0,-4.0,12.0
1775300612.8973296,-2.0,-6.0,12.0
1775300612.9073296,-1.0,-3.0,9.0
1775300612.9173295,-5.0,0.0,4.0
1775300612.9273295,0.0,0.0,9.0
1775300612.9373295,2.0,5.0,15.0
1775300612.9473295,0.0,5.0,18.0
1775300612.9573295,2.0,3.0,19.0
1775300612.9673295,1.0,1.0,14.0
1775300612.9773295,4.0,-1.0,10.0
1775300612.9873295,5.0,-3.0,14.0
1775300612.9973297,2.0,-2.0,9.0
1775300613.0073297,0.0,-4.0,2.0
1775300613.0173297,3.0,-5.0,0.0
1775300613.0273297,1.0,-1.0,-2.0
1775300613.0373297,1.0,-2.0,-6.0
1775300613.0473297,-1.0,-5.0,-4.0
1775300613.0573297,-1.0,-4.0,-9.0
1775300613.0673296,0.0,-2.0,-5.0
1775300613.0773296,-2.0,0.0,-6.0
1775300613.0873296,-5.0,-1.0,-6.0
1775300613.0973296,-4.0,2.0,-2.0
1775300613.1073296,-2.0,4.0,3.0
1775300613.1173296,-2.0,7.0,0.0
1775300613.1273296,-1.0,5.0,2.0
1775300613.1373296,2.0,6.0,2.0
1775300613.1473296,0.0,4.0,4.0
1775300613.1573296,1.0,6.0,5.0
1775300613.1673295,-3.0,4.0,-1.0
1775300613.1773295,-7.0,1.0,-2.0
1775300613.1873295,-3.0,4.0,0.0
1775300613.1973295,0.0,3.0,-1.0
1775300613.2073295,3.0,2.0,-1.0
1775300613.2173295,6.0,-5.0,1.0
1775300613.2273295,1.0,-4.0,5.0
1775300613.2373295,0.0,-3.0,4.0
1775300613.2473297,0.0,-2.0,3.0
1775300613.2573297,0.0,-1.0,0.0
1775300613.2673297,5.0,0.0,4.0
1775300613.2773297,5.0,-1.0,10.0
1775300613.2873297,2.0,-2.0,13.0
1775300613.2973297,4.0,-1.0,10.0
1775300613.3073297,0.0,-1.0,10.0
1775300613.3173296,0.0,-1.0,12.0
1775300613.3273296,4.0,-3.0,18.0
1775300613.3373296,0.0,-7.0,19.0
1775300613.3473296,0.0,-5.0,13.0
1775300613.3573296,0.0,-2.0,5.0
1775300613.3673296,0.0,-4.0,-2.0
1775300613.3773296,-3.0,-1.0,-7.0
1775300613.3873296,-3.0,-2.0,-9.0
1775300613.3973296,0.0,-5.0,-6.0
1775300613.4073296,0.0,-2.0,-5.0
1775300613.4173295,-2.0,-2.0,-3.0
1775300613.4273295,-2.0,0.0,0.0
1775300613.4373295,-1.0,0.0,3.0
1775300613.4473295,-1.0,-2.0,3.0
1775300613.4573295,-1.0,-4.0,6.0
1775300613.4673295,-7.0,-5.0,4.0
1775300613.4773295,-6.0,-3.0,6.0
1775300613.4873295,-4.0,-5.0,0.0
1775300613.4973297,-2.0,-3.0,2.0
1775300613.5073297,-5.0,-3.0,5.0
1775300613.5173297,-4.0,-2.0,10.0
1775300613.5273297,0.0,2.0,7.0
1775300613.5373297,4.0,1.0,2.0
1775300613.5473297,0.0,-2.0,8.0
1775300613.5573297,-3.0,-3.0,15.0
1775300613.5673296,-1.0,0.0,17.0
1775300613.5773296,-3.0,7.0,15.0
1775300613.5873296,-4.0,8.0,17.0
1775300613.5973296,-6.0,7.0,17.0
1775300613.6073296,-1.0,6.0,14.0
1775300613.6173296,1.0,5.0,13.0
1775300613.6273296,2.0,6.0,14.0
1775300613.6373296,0.0,8.0,14.0
1775300613.6473296,0.0,5.0,11.0
1775300613.6573296,1.0,2.0,9.0
1775300613.6673295,-2.0,6.0,9.0
1775300613.6773295,-1.0,5.0,10.0
1775300613.6873295,-2.0,0.0,11.0
1775300613.6973295,-1.0,-1.0,16.0
1775300613.7073295,-3.0,-3.0,14.0
1775300613.7173295,-3.0,-6.0,17.0
1775300613.7273295,-2.0,-7.0,14.0
1775300613.7373295,-3.0,-11.0,3.0
1775300613.7473297,-2.0,-10.0,1.0
1775300613.7573297,0.0,-8.0,4.0
1775300613.7673297,3.0,-3.0,11.0
1775300613.7773297,5.0,-1.0,12.0
1775300613.7873297,7.0,-4.0,18.0
1775300613.7973297,5.0,-6.0,13.0
1775300613.8073297,1.0,-4.0,10.0
1775300613.8173296,3.0,0.0,10.0
1775300613.8273296,0.0,0.0,6.0
1775300613.8373296,-4.0,0.0,0.0
1775300613.8473296,-2.0,0.0,0.0
1775300613.8573296,0.0,0.0,5.0
1775300613.8673296,-1.0,0.0,7.0
1775300613.8773296,0.0,0.0,6.0
1775300613.8873296,-1.0,-1.0,7.0
1775300613.8973296,-2.0,-1.0,9.0
1775300613.9073296,-2.0,-5.0,9.0
1775300613.9173295,-5.0,-4.0,5.0
1775300613.9273295,-9.0,-5.0,8.0
1775300613.9373295,-8.0,-2.0,7.0
1775300613.9483297,-4.0,-5.0,11.0
1775300613.9583297,-4.0,-8.0,11.0
1775300613.9673295,-3.0,-10.0,9.0
1775300613.9773295,-4.0,-9.0,8.0
1775300613.9883296,-1.0,-11.0,0.0
1775300613.9983296,0.0,-7.0,3.0
1775300614.0083296,2.0,-5.0,1.0
1775300614.0173297,5.0,-2.0,3.0
1775300614.0283296,6.0,-1.0,2.0
1775300614.0383296,6.0,-4.0,5.0
1775300614.0483296,7.0,-2.0,8.0
1775300614.0583296,5.0,-1.0,7.0
1775300614.0683296,3.0,-3.0,4.0
1775300614.0783296,0.0,-5.0,6.0
1775300614.0883296,2.0,-3.0,13.0
1775300614.0983295,1.0,-3.0,13.0
1775300614.1083295,-1.0,1.0,15.0
1775300614.1183295,-2.0,2.0,20.0
1775300614.1283295,-8.0,0.0,10.0
1775300614.1383295,-6.0,0.0,14.0
1775300614.1483295,-4.0,-4.0,8.0
1775300614.1583295,-3.0,-8.0,8.0
1775300614.1683297,1.0,-6.0,4.0
1775300614.1783297,2.0,-8.0,1.0
1775300614.1883297,2.0,-6.0,3.0
1775300614.1983297,1.0,-3.0,0.0
1775300614.2083297,1.0,-4.0,4.0
1775300614.2183297,0.0,-4.0,5.0
1775300614.2283297,-2.0,-2.0,9.0
1775300614.2383296,0.0,0.0,17.0
1775300614.2483296,3.0,0.0,21.0
1775300614.2583296,2.0,-3.0,17.0
1775300614.2683296,-2.0,0.0,23.0
1775300614.2783296,-1.0,1.0,20.0
1775300614.2883296,2.0,1.0,13.0
1775300614.2983296,4.0,3.0,10.0
1775300614.3083296,6.0,5.0,6.0
1775300614.3183296,6.0,7.0,13.0
1775300614.3283296,5.0,6.0,16.0
1775300614.3383296,4.0,4.0,16.0
1775300614.3483295,4.0,-2.0,11.0
1775300614.3583295,1.0,0.0,8.0
1775300614.3683295,0.0,-3.0,0.0
1775300614.3783295,4.0,-3.0,0.0
1775300614.3883295,6.0,0.0,-1.0
1775300614.3983295,4.0,-2.0,0.0
1775300614.4083295,2.0,0.0,9.0
1775300614.4183297,3.0,0.0,10.0
1775300614.4283297,5.0,-1.0,11.0
1775300614.4383297,5.0,-2.0,9.0
1775300614.4483297,2.0,-1.0,9.0
1775300614.4583297,1.0,-1.0,6.0
1775300614.4683297,-2.0,0.0,3.0
1775300614.4783297,-8.0,-3.0,7.0
1775300614.4883296,-7.0,-2.0,9.0
1775300614.4983296,-6.0,0.0,8.0
1775300614.5083296,-1.0,-1.0,7.0
1775300614.5183296,-1.0,-1.0,12.0
1775300614.5283296,-4.0,-1.0,10.0
1775300614.5383296,-7.0,-5.0,8.0
1775300614.5483296,-5.0,-6.0,12.0
1775300614.5583296,-5.0,-8.0,18.0
1775300614.5683296,-5.0,-10.0,18.0
1775300614.5783296,2.0,-8.0,17.0
1775300614.5883296,6.0,-11.0,15.0
1775300614.5983295,3.0,-7.0,14.0
1775300614.6083295,1.0,-6.0,14.0
1775300614.6183295,0.0,-8.0,12.0
1775300614.6283295,0.0,-7.0,5.0
1775300614.6383295,6.0,-7.0,4.0
1775300614.6483295,2.0,-4.0,12.0
1775300614.6583295,5.0,-6.0,14.0
1775300614.6683297,5.0,-3.0,14.0
1775300614.6783297,5.0,0.0,10.0
1775300614.6883297,1.0,-1.0,14.0
1775300614.6983297,0.0,0.0,12.0
1775300614.7083297,2.0,-1.0,17.0
1775300614.7183297,4.0,-2.0,10.0
1775300614.7283297,4.0,0.0,13.0
1775300614.7383296,5.0,0.0,15.0
1775300614.7483296,4.0,2.0,17.0
1775300614.7583296,4.0,-1.0,12.0
1775300614.7683296,1.0,1.0,8.0
1775300614.7783296,1.0,0.0,5.0
1775300614.7883296,0.0,1.0,0.0
1775300614.7983296,0.0,0.0,1.0
1775300614.8083296,0.0,-1.0,0.0
1775300614.8183296,3.0,-1.0,8.0
1775300614.8283296,2.0,1.0,11.0
1775300614.8383296,5.0,6.0,13.0
1775300614.8483295,11.0,2.0,10.0
1775300614.8583295,13.0,-2.0,11.0
1775300614.8683295,9.0,-3.0,9.0
1775300614.8783295,9.0,-4.0,7.0
1775300614.8883295,9.0,-3.0,11.0
1775300614.8983295,10.0,-1.0,17.0
1775300614.9083295,7.0,0.0,16.0
1775300614.9183297,5.0,0.0,15.0
1775300614.9293296,4.0,-1.0,6.0
1775300614.9383297,4.0,-2.0,0.0
1775300614.9483297,0.0,-2.0,5.0
1775300614.9583297,0.0,-5.0,4.0
1775300614.9683297,1.0,-3.0,14.0
1775300614.9783297,-1.0,1.0,5.0
1775300614.9883296,-1.0,0.0,11.0
1775300614.9983296,3.0,4.0,7.0
1775300615.0083296,3.0,4.0,5.0
1775300615.0183296,-3.0,2.0,7.0
1775300615.0283296,0.0,0.0,5.0
1775300615.0383296,0.0,0.0,7.0
1775300615.0483296,0.0,-1.0,3.0
1775300615.0583296,0.0,0.0,4.0
1775300615.0683296,0.0,-1.0,2.0
1775300615.0783296,-4.0,-3.0,4.0
1775300615.0883296,-10.0,-8.0,1.0
1775300615.0983295,-8.0,-8.0,4.0
1775300615.1083295,-7.0,-7.0,9.0
1775300615.1183295,-4.0,-3.0,8.0
1775300615.1283295,-5.0,2.0,7.0
1775300615.1383295,-5.0,0.0,8.0
1775300615.1483295,-8.0,-5.0,15.0
1775300615.1583295,-9.0,-4.0,16.0
1775300615.1683297,-12.0,-7.0,12.0
1775300615.1783297,-13.0,-8.0,11.0
1775300615.1883297,-9.0,-9.0,13.0
1775300615.1983297,-9.0,-8.0,12.0
1775300615.2083297,-8.0,-7.0,16.0
1775300615.2183297,-7.0,-9.0,14.0
1775300615.2283297,-6.0,-7.0,19.0
1775300615.2383296,0.0,-3.0,25.0
1775300615.2483296,1.0,-3.0,22.0
1775300615.2583296,6.0,-3.0,14.0
1775300615.2683296,5.0,-6.0,11.0
1775300615.2783296,8.0,-6.0,8.0
1775300615.2883296,4.0,-7.0,8.0
1775300615.2983296,0.0,-6.0,3.0
1775300615.3083296,0.0,-7.0,5.0
1775300615.3183296,0.0,-4.0,6.0
1775300615.3283296,0.0,0.0,3.0
1775300615.3383296,-2.0,1.0,1.0
1775300615.3483295,-7.0,2.0,4.0
1775300615.3583295,-3.0,5.0,17.0
1775300615.3683295,-6.0,3.0,21.0
1775300615.3783295,-6.0,-2.0,22.0
1775300615.3883295,-2.0,-5.0,20.0
1775300615.3983295,-6.0,-4.0,14.0
1775300615.4083295,-4.0,-6.0,14.0
1775300615.4183297,-4.0,-6.0,7.0
1775300615.4283297,-6.0,-3.0,4.0
1775300615.4383297,-1.0,-3.0,2.0
1775300615.4483297,-4.0,-2.0,3.0
1775300615.4583297,-9.0,-1.0,7.0
1775300615.4683297,-8.0,-3.0,10.0
1775300615.4783297,-6.0,-6.0,8.0
1775300615.4883296,0.0,-3.0,11.0
1775300615.4983296,3.0,0.0,19.0
1775300615.5083296,3.0,0.0,20.0
1775300615.5183296,2.0,-2.0,17.0
1775300615.5283296,1.0,-2.0,14.0
1775300615.5383296,5.0,-4.0,15.0
1775300615.5483296,9.0,-2.0,8.0
1775300615.5583296,5.0,0.0,6.0
1775300615.5683296,0.0,-3.0,4.0
1775300615.5783296,2.0,-4.0,10.0
1775300615.5883296,-1.0,-4.0,8.0
1775300615.5983295,1.0,-4.0,9.0
1775300615.6083295,4.0,-2.0,17.0
1775300615.6183295,3.0,-1.0,17.0
1775300615.6283295,0.0,0.0,20.0
1775300615.6383295,-2.0,-1.0,18.0
1775300615.6483295,0.0,0.0,14.0
1775300615.6583295,2.0,1.0,15.0
1775300615.6683297,4.0,2.0,8.0
1775300615.6783297,-1.0,0.0,7.0
1775300615.6883297,1.0,-2.0,9.0
1775300615.6983297,3.0,-4.0,12.0
1775300615.7083297,3.0,-5.0,11.0
1775300615.7183297,1.0,-3.0,8.0
1775300615.7283297,0.0,-5.0,9.0
1775300615.7383296,-6.0,-3.0,5.0
1775300615.7483296,-4.0,-2.0,0.0
1775300615.7583296,-6.0,-1.0,-1.0
1775300615.7683296,-3.0,-1.0,2.0
1775300615.7783296,0.0,4.0,3.0
1775300615.7883296,-5.0,2.0,6.0
1775300615.7983296,-5.0,4.0,10.0
1775300615.8083296,-6.0,-2.0,16.0
1775300615.8183296,-4.0,-4.0,13.0
1775300615.8283296,-1.0,0.0,12.0
1775300615.8383296,0.0,4.0,8.0
1775300615.8483295,2.0,3.0,7.0
1775300615.8583295,0.0,4.0,5.0
1775300615.8683295,-2.0,2.0,6.0
1775300615.8783295,-1.0,3.0,11.0
1775300615.8883295,-2.0,0.0,10.0
1775300615.8983295,-4.0,-3.0,-1.0
1775300615.9083295,-5.0,-2.0,-5.0
1775300615.9183297,-1.0,0.0,4.0
1775300615.9283297,1.0,1.0,6.0
1775300615.9383297,1.0,0.0,7.0
1775300615.9483297,1.0,0.0,4.0
1775300615.9583297,0.0,0.0,6.0
1775300615.9683297,-2.0,0.0,17.0
1775300615.9783297,-3.0,-2.0,13.0
1775300615.9883296,-6.0,-1.0,15.0
1775300615.9983296,-9.0,-2.0,8.0
1775300616.0083296,-12.0,0.0,4.0
1775300616.0183296,-8.0,1.0,4.0
1775300616.0283296,-8.0,0.0,11.0
1775300616.0383296,-11.0,-1.0,15.0
1775300616.0483296,-6.0,0.0,15.0
1775300616.0583296,-1.0,1.0,14.0
1775300616.0683296,1.0,0.0,10.0
1775300616.0783296,0.0,0.0,10.0
1775300616.0883296,2.0,0.0,14.0
1775300616.0983295,3.0,1.0,5.0
1775300616.1083295,2.0,-1.0,-1.0
1775300616.1183295,-1.0,2.0,1.0
1775300616.1283295,1.0,-3.0,3.0
1775300616.1383295,0.0,0.0,6.0
1775300616.1483295,0.0,-2.0,12.0
1775300616.1583295,1.0,-3.0,13.0
1775300616.1683297,-2.0,-2.0,15.0
1775300616.1783297,-8.0,-1.0,13.0
1775300616.1883297,-8.0,-2.0,15.0
1775300616.1983297,-5.0,0.0,19.0
1775300616.2083297,-5.0,0.0,20.0
1775300616.2183297,0.0,1.0,13.0
1775300616.2283297,2.0,1.0,9.0
1775300616.2383296,1.0,1.0,14.0
1775300616.2483296,1.0,0.0,7.0
1775300616.2583296,2.0,-1.0,10.0
1775300616.2683296,5.0,-2.0,9.0
1775300616.2793295,2.0,-2.0,11.0
1775300616.2893295,0.0,-2.0,7.0
1775300616.2993295,0.0,-6.0,10.0
1775300616.3093295,2.0,-4.0,12.0
1775300616.3193295,-1.0,-2.0,10.0
1775300616.3293295,-3.0,-7.0,10.0
1775300616.3393295,-9.0,-8.0,4.0
1775300616.3493297,-4.0,-10.0,4.0
1775300616.3593297,-7.0,-6.0,9.0
1775300616.3693297,-2.0,-5.0,5.0
1775300616.3793297,0.0,-2.0,6.0
1775300616.3893297,0.0,0.0,6.0
1775300616.3993297,-4.0,0.0,1.0
1775300616.4093297,-4.0,5.0,-3.0
1775300616.4193296,-8.0,3.0,-7.0
1775300616.4293296,-7.0,0.0,-3.0
1775300616.4393296,-8.0,-6.0,0.0
1775300616.4493296,-4.0,-6.0,1.0
1775300616.4593296,-1.0,-5.0,2.0
1775300616.4693296,3.0,0.0,5.0
1775300616.4793296,3.0,0.0,3.0
1775300616.4893296,0.0,-3.0,0.0
1775300616.4993296,1.0,-4.0,3.0
1775300616.5093296,2.0,-2.0,3.0
1775300616.5193295,2.0,-2.0,7.0
1775300616.5293295,1.0,-3.0,6.0
1775300616.5393295,0.0,-6.0,8.0
1775300616.5493295,2.0,-7.0,5.0
1775300616.5593295,3.0,-7.0,3.0
1775300616.5693295,0.0,-7.0,8.0
1775300616.5793295,4.0,-4.0,11.0
1775300616.5893295,2.0,-7.0,13.0
1775300616.5993297,0.0,-7.0,6.0
1775300616.6093297,-1.0,-5.0,4.0
1775300616.6193297,-1.0,-5.0,0.0
1775300616.6293297,1.0,-1.0,-2.0
1775300616.6393297,4.0,0.0,1.0
1775300616.6493297,5.0,1.0,8.0
1775300616.6593297,4.0,1.0,17.0
1775300616.6693296,3.0,0.0,12.0
1775300616.6793296,-2.0,2.0,15.0
1775300616.6893296,-7.0,0.0,10.0
1775300616.6993296,-5.0,-1.0,10.0
1775300616.7093296,0.0,0.0,5.0
1775300616.7193296,-1.0,0.0,4.0
1775300616.7293296,4.0,0.0,11.0
1775300616.7393296,0.0,-2.0,17.0
1775300616.7493296,-3.0,-1.0,21.0
1775300616.7593296,-8.0,1.0,26.0
1775300616.7693295,-3.0,0.0,25.0
1775300616.7793295,0.0,0.0,24.0
1775300616.7893295,3.0,-2.0,19.0
1775300616.7993295,3.0,-2.0,16.0
1775300616.8093295,7.0,-4.0,5.0
1775300616.8193295,9.0,-3.0,4.0
1775300616.8293295,9.0,-2.0,7.0
1775300616.8393295,5.0,0.0,7.0
1775300616.8493297,1.0,3.0,9.0
1775300616.8593297,2.0,7.0,4.0
1775300616.8693297,1.0,3.0,-2.0
1775300616.8793297,0.0,1.0,1.0
1775300616.8893297,-3.0,2.0,2.0
1775300616.8993297,-5.0,3.0,8.0
1775300616.9093297,-6.0,0.0,11.0
1775300616.9193296,-6.0,-1.0,3.0
1775300616.9293296,-3.0,-3.0,6.0
1775300616.9393296,-4.0,-2.0,6.0
1775300616.9493296,0.0,-4.0,11.0
1775300616.9593296,8.0,-4.0,13.0
1775300616.9693296,5.0,-5.0,9.0
1775300616.9793296,3.0,-4.0,13.0
1775300616.9893296,1.0,-1.0,9.0
1775300616.9993296,6.0,-1.0,8.0
1775300617.0093296,2.0,-4.0,15.0
1775300617.0193295,1.0,-6.0,18.0
1775300617.0293295,0.0,-6.0,12.0
1775300617.0393295,0.0,-7.0,13.0
1775300617.0493295,-5.0,-4.0,14.0
1775300617.0593295,-4.0,-2.0,8.0
1775300617.0693295,0.0,-1.0,12.0
1775300617.0793295,1.0,-7.0,15.0
1775300617.0893295,0.0,-5.0,14.0
1775300617.0993297,-4.0,-6.0,10.0
1775300617.1093297,-10.0,-7.0,5.0
1775300617.1193297,-11.0,-3.0,4.0
1775300617.1293297,-11.0,0.0,3.0
1775300617.1393297,-9.0,0.0,3.0
1775300617.1493297,-9.0,1.0,10.0
1775300617.1593297,-7.0,3.0,8.0
1775300617.1693296,-1.0,0.0,9.0
1775300617.1793296,-5.0,0.0,5.0
1775300617.1893296,-9.0,-1.0,11.0
1775300617.1993296,-11.0,0.0,9.0
1775300617.2093296,-10.0,-1.0,4.0
1775300617.2193296,-8.0,0.0,10.0
1775300617.2293296,-7.0,1.0,14.0
1775300617.2393296,-4.0,2.0,17.0
1775300617.2493296,-5.0,3.0,15.0
1775300617.2593296,-7.0,6.0,11.0
1775300617.2693295,-5.0,2.0,13.0
1775300617.2793295,-8.0,-1.0,15.0
1775300617.2893295,-6.0,-5.0,21.0
1775300617.2993295,-4.0,-3.0,16.0
1775300617.3093295,-2.0,-3.0,15.0
1775300617.3193295,-6.0,-2.0,18.0
1775300617.3293295,-7.0,-2.0,19.0
1775300617.3393295,-3.0,-8.0,13.0
1775300617.3493297,-4.0,-8.0,15.0
1775300617.3593297,-6.0,-8.0,10.0
1775300617.3693297,-4.0,-6.0,9.0
1775300617.3793297,-5.0,-4.0,12.0
1775300617.3893297,-8.0,-2.0,9.0
1775300617.3993297,-7.0,0.0,11.0
1775300617.4093297,-3.0,0.0,7.0
1775300617.4193296,0.0,1.0,7.0
1775300617.4293296,-1.0,2.0,11.0
1775300617.4393296,0.0,-3.0,11.0
1775300617.4493296,-1.0,-3.0,12.0
1775300617.4593296,-3.0,-4.0,14.0
1775300617.4693296,-5.0,-5.0,10.0
1775300617.4793296,-5.0,-6.0,9.0
1775300617.4893296,-2.0,-8.0,-2.0
1775300617.4993296,-3.0,-6.0,-2.0
1775300617.5093296,-4.0,-7.0,-8.0
1775300617.5193295,-4.0,-10.0,-3.0
1775300617.5293295,-4.0,-10.0,-1.0
1775300617.5393295,-2.0,-11.0,2.0
1775300617.5493295,0.0,-10.0,9.0
1775300617.5593295,-2.0,-9.0,9.0
1775300617.5693295,-2.0,-11.0,8.0
1775300617.5793295,-4.0,-13.0,5.0
1775300617.5893295,0.0,-15.0,3.0
1775300617.5993297,2.0,-15.0,6.0
1775300617.6093297,-1.0,-13.0,8.0
1775300617.6193297,-2.0,-10.0,4.0
1775300617.6293297,-2.0,-9.0,4.0
1775300617.6393297,-4.0,-9.0,4.0
1775300617.6493297,-5.0,-8.0,7.0
1775300617.6593297,-4.0,-6.0,7.0
1775300617.6693296,-6.0,2.0,12.0
1775300617.6793296,-2.0,0.0,13.0
1775300617.6893296,0.0,-1.0,11.0
1775300617.6993296,-1.0,-3.0,11.0
1775300617.7093296,0.0,-1.0,7.0
1775300617.7193296,2.0,-5.0,16.0
1775300617.7293296,2.0,-2.0,13.0
1775300617.7393296,0.0,-4.0,18.0
1775300617.7493296,-2.0,-3.0,22.0
1775300617.7593296,-2.0,-6.0,23.0
1775300617.7693295,-2.0,-4.0,22.0
1775300617.7793295,0.0,-3.0,17.0
1775300617.7893295,1.0,-6.0,10.0
1775300617.7993295,-1.0,-4.0,9.0
1775300617.8093295,0.0,-3.0,9.0
1775300617.8193295,-4.0,-4.0,10.0
1775300617.8293295,-5.0,-4.0,8.0
1775300617.8393295,-2.0,-4.0,8.0
1775300617.8493297,0.0,-1.0,10.0
1775300617.8593297,0.0,3.0,10.0
1775300617.8693297,-1.0,2.0,9.0
1775300617.8793297,3.0,-2.0,5.0
1775300617.8893297,5.0,-2.0,4.0
1775300617.8993297,8.0,-1.0,0.0
1775300617.9093297,9.0,-2.0,-2.0
1775300617.9193296,7.0,-2.0,4.0
1775300617.9293296,6.0,-1.0,9.0
1775300617.9393296,10.0,0.0,11.0
1775300617.9493296,10.0,3.0,11.0
1775300617.9593296,11.0,-1.0,10.0
1775300617.9693296,8.0,-1.0,12.0
1775300617.9793296,5.0,3.0,9.0
1775300617.9893296,7.0,1.0,7.0
1775300617.9993296,10.0,0.0,3.0
1775300618.0093296,10.0,0.0,-1.0
1775300618.0193295,9.0,-1.0,-2.0
1775300618.0293295,8.0,-4.0,5.0
1775300618.0393295,1.0,-7.0,5.0
1775300618.0493295,-1.0,-5.0,2.0
1775300618.0593295,0.0,-3.0,2.0
1775300618.0693295,-2.0,0.0,3.0
1775300618.0793295,-3.0,1.0,6.0
1775300618.0893295,-4.0,-3.0,-1.0
1775300618.0993297,-4.0,-2.0,0.0
1775300618.1093297,-9.0,-1.0,2.0
1775300618.1193297,-9.0,-2.0,2.0
1775300618.1293297,-9.0,-3.0,9.0
1775300618.1393297,-6.0,-1.0,9.0
1775300618.1493297,-4.0,0.0,9.0
1775300618.1593297,-6.0,-2.0,9.0
1775300618.1693296,-4.0,-2.0,2.0
1775300618.1793296,-3.0,-4.0,9.0
1775300618.1893296,-1.0,-5.0,11.0
1775300618.1993296,0.0,-3.0,12.0
1775300618.2093296,-2.0,2.0,15.0
1775300618.2193296,0.0,2.0,13.0
1775300618.2293296,-1.0,0.0,11.0
1775300618.2393296,-4.0,-1.0,12.0
1775300618.2493296,-2.0,0.0,13.0
1775300618.2593296,-1.0,0.0,18.0
1775300618.2693295,0.0,-3.0,16.0
1775300618.2793295,0.0,-4.0,12.0
1775300618.2893295,-1.0,-3.0,17.0
1775300618.2993295,-3.0,0.0,18.0
1775300618.3093295,-4.0,-1.0,18.0
1775300618.3193295,-2.0,-1.0,25.0
1775300618.3293295,1.0,0.0,24.0
1775300618.3393295,4.0,-3.0,16.0
1775300618.3493297,1.0,-4.0,13.0
1775300618.3593297,-3.0,-7.0,13.0
1775300618.3693297,0.0,-7.0,6.0
1775300618.3793297,-4.0,-8.0,4.0
1775300618.3893297,-2.0,-5.0,1.0
1775300618.3993297,-1.0,-8.0,4.0
1775300618.4093297,1.0,-11.0,7.0
1775300618.4193296,2.0,-12.0,4.0
1775300618.4293296,0.0,-9.0,9.0
1775300618.4393296,1.0,-9.0,10.0
1775300618.4493296,3.0,-3.0,10.0
1775300618.4593296,0.0,0.0,9.0
1775300618.4693296,5.0,1.0,4.0
1775300618.4793296,0.0,5.0,0.0
1775300618.4893296,-2.0,5.0,-3.0
1775300618.4993296,-3.0,4.0,-6.0
1775300618.5093296,-1.0,2.0,-5.0
1775300618.5193295,-1.0,-1.0,0.0
1775300618.5293295,-3.0,-3.0,0.0
1775300618.5393295,0.0,-2.0,0.0
1775300618.5493295,-1.0,-1.0,1.0
1775300618.5603297,0.0,0.0,3.0
1775300618.5703297,4.0,1.0,0.0
1775300618.5803297,0.0,4.0,6.0
1775300618.5903296,-1.0,2.0,4.0
1775300618.6003296,-6.0,0.0,7.0
1775300618.6103296,-8.0,-4.0,2.0
1775300618.6203296,-4.0,0.0,-1.0
1775300618.6303296,-1.0,1.0,0.0
1775300618.6403296,-4.0,4.0,4.0
1775300618.6503296,-6.0,2.0,7.0
1775300618.6603296,-7.0,-2.0,12.0
1775300618.6703296,-7.0,-1.0,11.0
1775300618.6803296,-6.0,-1.0,8.0
1775300618.6903296,-4.0,0.0,11.0
1775300618.7003295,-3.0,-4.0,7.0
1775300618.7103295,0.0,-4.0,8.0
1775300618.7203295,5.0,-1.0,6.0
1775300618.7303295,5.0,0.0,12.0
1775300618.7403295,2.0,0.0,11.0
1775300618.7503295,3.0,0.0,7.0
1775300618.7603295,4.0,2.0,5.0
1775300618.7703297,6.0,1.0,2.0
1775300618.7803297,7.0,-1.0,0.0
1775300618.7903297,5.0,-4.0,9.0
1775300618.8003297,4.0,0.0,12.0
1775300618.8103297,3.0,1.0,12.0
1775300618.8203297,3.0,6.0,9.0
1775300618.8303297,2.0,7.0,10.0
1775300618.8403296,2.0,1.0,7.0
1775300618.8503296,5.0,0.0,7.0
1775300618.8603296,5.0,-1.0,1.0
1775300618.8703296,1.0,-2.0,6.0
1775300618.8803296,-2.0,-2.0,4.0
1775300618.8903296,-1.0,-7.0,3.0
1775300618.9003296,0.0,-11.0,0.0
1775300618.9103296,0.0,-7.0,2.0
1775300618.9203296,-1.0,-7.0,2.0
1775300618.9303296,-1.0,-7.0,5.0
1775300618.9403296,0.0,-9.0,2.0
1775300618.9503295,-1.0,-5.0,1.0
1775300618.9603295,-1.0,-6.0,0.0
1775300618.9703295,-2.0,-5.0,1.0
1775300618.9803295,-1.0,0.0,2.0
1775300618.9903295,-6.0,-3.0,1.0
1775300619.0003295,-3.0,0.0,3.0
1775300619.0103295,-2.0,-4.0,1.0
1775300619.0203297,0.0,-5.0,8.0
1775300619.0303297,2.0,-5.0,10.0
1775300619.0403297,2.0,-7.0,6.0
1775300619.0503297,0.0,-8.0,3.0
1775300619.0603297,-4.0,-9.0,9.0
1775300619.0703297,0.0,-5.0,5.0
1775300619.0803297,-1.0,-7.0,7.0
1775300619.0903296,-1.0,-10.0,7.0
1775300619.1003296,-1.0,-10.0,3.0
1775300619.1103296,2.0,-3.0,0.0
1775300619.1203296,0.0,-3.0,-1.0
1775300619.1303296,-2.0,-3.0,8.0
1775300619.1403296,-1.0,0.0,11.0
1775300619.1503296,1.0,1.0,11.0
1775300619.1603296,-3.0,0.0,10.0
1775300619.1703296,0.0,0.0,13.0
1775300619.1803296,-2.0,1.0,8.0
1775300619.1903296,0.0,2.0,7.0
1775300619.2003295,3.0,0.0,5.0
1775300619.2103295,0.0,-4.0,12.0
1775300619.2203295,-2.0,-5.0,10.0
1775300619.2303295,-1.0,-5.0,14.0
1775300619.2403295,-1.0,-5.0,15.0
1775300619.2503295,0.0,-7.0,12.0
1775300619.2603295,2.0,-5.0,16.0
1775300619.2703297,0.0,-5.0,18.0
1775300619.2803297,-2.0,-4.0,22.0
1775300619.2903297,-5.0,-1.0,17.0
1775300619.3003297,-1.0,0.0,14.0
1775300619.3103297,1.0,1.0,9.0
1775300619.3203297,1.0,0.0,10.0
1775300619.3303297,0.0,-3.0,14.0
1775300619.3403296,-3.0,-4.0,13.0
1775300619.3503296,0.0,-5.0,13.0
1775300619.3603296,2.0,-2.0,9.0
1775300619.3703296,0.0,-5.0,13.0
1775300619.3803296,0.0,0.0,11.0
1775300619.3903296,-4.0,0.0,5.0
1775300619.4003296,-2.0,-3.0,2.0
1775300619.4103296,0.0,-2.0,0.0
1775300619.4203296,1.0,-2.0,0.0
1775300619.4303296,2.0,-2.0,-5.0
1775300619.4403296,4.0,-2.0,-5.0
1775300619.4503295,0.0,0.0,-4.0
1775300619.4603295,6.0,-5.0,-3.0
1775300619.4703295,5.0,-6.0,0.0
1775300619.4803295,5.0,-1.0,2.0
1775300619.4903295,4.0,0.0,7.0
1775300619.5003295,-4.0,-2.0,20.0
1775300619.5103295,-3.0,-4.0,23.0
1775300619.5203297,-2.0,-3.0,15.0
1775300619.5303297,0.0,-6.0,14.0
1775300619.5403297,-1.0,-4.0,14.0
1775300619.5503297,1.0,-6.0,9.0
1775300619.5603297,4.0,-5.0,8.0
1775300619.5703297,0.0,-3.0,16.0
1775300619.5803297,-6.0,-5.0,11.0
1775300619.5903296,-6.0,-3.0,10.0
1775300619.6003296,-3.0,-5.0,11.0
1775300619.6103296,-6.0,-7.0,15.0
1775300619.6203296,-9.0,-3.0,11.0
1775300619.6303296,-10.0,0.0,7.0
1775300619.6403296,-7.0,3.0,13.0
1775300619.6503296,-6.0,5.0,13.0
1775300619.6603296,0.0,7.0,12.0
1775300619.6703296,1.0,2.0,10.0
1775300619.6803296,-3.0,-3.0,8.0
1775300619.6903296,2.0,-3.0,8.0
1775300619.7003295,1.0,-6.0,7.0
1775300619.7103295,-1.0,-1.0,5.0
1775300619.7203295,-2.0,0.0,11.0
1775300619.7303295,-3.0,-1.0,11.0
1775300619.7403295,-1.0,-2.0,15.0
1775300619.7503295,0.0,0.0,12.0
1775300619.7603295,6.0,-2.0,5.0
1775300619.7703297,6.0,-2.0,2.0
1775300619.7803297,3.0,-3.0,5.0
1775300619.7903297,-1.0,-2.0,5.0
1775300619.8003297,1.0,0.0,6.0
1775300619.8103297,9.0,-1.0,7.0
1775300619.8203297,10.0,1.0,3.0
1775300619.8303297,11.0,0.0,6.0
1775300619.8403296,9.0,-1.0,13.0
1775300619.8503296,2.0,-3.0,11.0
1775300619.8603296,3.0,-6.0,8.0
1775300619.8703296,1.0,-5.0,8.0
1775300619.8803296,-1.0,-5.0,8.0
1775300619.8903296,-2.0,-7.0,11.0
1775300619.9003296,-3.0,-7.0,5.0
1775300619.9103296,-2.0,-4.0,9.0
1775300619.9203296,0.0,-7.0,10.0
1775300619.9303296,0.0,-5.0,11.0
1775300619.9403296,-1.0,-2.0,13.0
1775300619.9503295,-3.0,-2.0,12.0
1775300619.9603295,0.0,0.0,12.0
1775300619.9703295,-1.0,-2.0,12.0
1775300619.9803295,-2.0,-8.0,16.0
1775300619.9903295,0.0,-6.0,11.0
1775300620.0003295,0.0,-2.0,11.0
1775300620.0103295,1.0,-3.0,15.0
1775300620.0203297,0.0,-4.0,13.0
1775300620.0303297,1.0,-7.0,14.0
1775300620.0403297,-3.0,-7.0,14.0
1775300620.0503297,1.0,-3.0,11.0
1775300620.0603297,2.0,-1.0,11.0
1775300620.0703297,1.0,0.0,11.0
1775300620.0803297,0.0,1.0,13.0
1775300620.0903296,0.0,0.0,15.0
1775300620.1003296,-1.0,2.0,18.0
1775300620.1103296,-2.0,0.0,21.0
1775300620.1203296,-4.0,4.0,22.0
1775300620.1303296,-1.0,7.0,26.0
1775300620.1403296,-5.0,9.0,26.0
1775300620.1503296,-3.0,9.0,25.0
1775300620.1603296,-3.0,9.0,17.0
1775300620.1703296,-2.0,3.0,17.0
1775300620.1803296,-1.0,-1.0,14.0
1775300620.1903296,0.0,-1.0,10.0
1775300620.2003295,-2.0,0.0,14.0
1775300620.2103295,-5.0,2.0,12.0
1775300620.2203295,-6.0,2.0,1.0
1775300620.2303295,-2.0,0.0,-1.0
1775300620.2403295,-3.0,1.0,1.0
1775300620.2503295,-2.0,0.0,8.0
1775300620.2603295,1.0,-5.0,10.0
1775300620.2703297,0.0,-3.0,10.0
1775300620.2803297,2.0,-4.0,10.0
1775300620.2903297,2.0,0.0,6.0
1775300620.3003297,0.0,0.0,15.0
1775300620.3103297,0.0,0.0,10.0
1775300620.3203297,0.0,-4.0,6.0
1775300620.3303297,0.0,-6.0,7.0
1775300620.3403296,-4.0,-6.0,5.0
1775300620.3503296,-2.0,-7.0,15.0
1775300620.3603296,-1.0,-4.0,16.0
1775300620.3703296,-3.0,-6.0,16.0
1775300620.3803296,-5.0,-4.0,14.0
1775300620.3903296,-4.0,-4.0,13.0
1775300620.4003296,-5.0,-1.0,14.0
1775300620.4103296,-4.0,2.0,12.0
1775300620.4203296,1.0,3.0,9.0
1775300620.4303296,3.0,2.0,6.0
1775300620.4403296,5.0,-2.0,3.0
1775300620.4503295,6.0,-3.0,14.0
1775300620.4603295,3.0,-3.0,23.0
1775300620.4703295,2.0,-5.0,16.0
1775300620.4803295,4.0,-5.0,20.0
1775300620.4903295,3.0,-6.0,17.0
1775300620.5003295,6.0,-4.0,12.0
1775300620.5103295,7.0,-4.0,14.0
1775300620.5203297,5.0,-3.0,16.0
1775300620.5303297,3.0,-4.0,10.0
1775300620.5403297,2.0,-8.0,7.0
1775300620.5503297,-2.0,-8.0,7.0
1775300620.5603297,-6.0,-8.0,1.0
1775300620.5703297,-7.0,0.0,1.0
1775300620.5803297,-2.0,0.0,8.0
1775300620.5903296,2.0,0.0,13.0
1775300620.6003296,-1.0,0.0,5.0
1775300620.6103296,-1.0,-5.0,6.0
1775300620.6203296,1.0,-2.0,6.0
1775300620.6303296,3.0,-5.0,6.0
1775300620.6403296,1.0,-8.0,0.0
1775300620.6503296,-1.0,-5.0,0.0
1775300620.6603296,1.0,-5.0,3.0
1775300620.6703296,4.0,-5.0,8.0
1775300620.6803296,5.0,-2.0,8.0
1775300620.6903296,7.0,-2.0,11.0
1775300620.7003295,5.0,0.0,16.0
1775300620.7103295,4.0,1.0,15.0
1775300620.7203295,3.0,4.0,16.0
1775300620.7303295,2.0,0.0,19.0
1775300620.7403295,0.0,-1.0,20.0
1775300620.7503295,0.0,-2.0,14.0
1775300620.7603295,0.0,-1.0,7.0
1775300620.7703297,-2.0,1.0,-2.0
1775300620.7803297,-2.0,2.0,-1.0
1775300620.7903297,2.0,7.0,-1.0
1775300620.8003297,0.0,12.0,-5.0
1775300620.8103297,0.0,9.0,-2.0
1775300620.8213296,-2.0,8.0,-2.0
1775300620.8303297,-6.0,4.0,1.0
1775300620.8403296,-3.0,3.0,4.0
1775300620.8513296,0.0,1.0,7.0
1775300620.8603296,3.0,1.0,9.0
1775300620.8713295,5.0,0.0,13.0
1775300620.8813295,2.0,-3.0,21.0
1775300620.8913295,0.0,-3.0,17.0
1775300620.9013295,0.0,-2.0,9.0
1775300620.9113295,0.0,-1.0,12.0
1775300620.9213295,0.0,-1.0,13.0
1775300620.9313295,0.0,-3.0,13.0
1775300620.9413297,1.0,0.0,13.0
1775300620.9513297,0.0,-1.0,18.0
1775300620.9613297,0.0,-3.0,17.0
1775300620.9713297,-1.0,-4.0,12.0
1775300620.9813297,-1.0,-6.0,12.0
1775300620.9913297,2.0,-4.0,17.0
1775300621.0013297,0.0,0.0,13.0
1775300621.0113297,5.0,-3.0,15.0
1775300621.0213296,0.0,0.0,16.0
1775300621.0313296,0.0,-2.0,11.0
1775300621.0413296,-4.0,0.0,10.0
1775300621.0513296,-7.0,3.0,6.0
1775300621.0613296,-8.0,1.0,7.0
1775300621.0713296,-3.0,-2.0,8.0
1775300621.0813296,-1.0,0.0,6.0
1775300621.0913296,-1.0,1.0,5.0
1775300621.1013296,0.0,2.0,5.0
1775300621.1113296,3.0,0.0,9.0
1775300621.1213295,0.0,-3.0,18.0
1775300621.1313295,-4.0,-2.0,19.0
1775300621.1413295,-2.0,-2.0,14.0
1775300621.1513295,0.0,-1.0,11.0
1775300621.1613295,0.0,7.0,8.0
1775300621.1713295,-2.0,5.0,7.0
1775300621.1813295,-5.0,8.0,6.0
1775300621.1913297,-3.0,10.0,5.0
1775300621.2013297,-6.0,4.0,13.0
1775300621.2113297,-4.0,0.0,14.0
1775300621.2213297,0.0,1.0,17.0
1775300621.2313297,4.0,0.0,15.0
1775300621.2413297,0.0,2.0,22.0
1775300621.2513297,2.0,1.0,22.0
1775300621.2613297,0.0,0.0,16.0
1775300621.2713296,0.0,-3.0,17.0
1775300621.2813296,1.0,0.0,16.0
1775300621.2913296,0.0,-2.0,10.0
1775300621.3013296,2.0,-3.0,6.0
1775300621.3113296,6.0,-3.0,9.0
1775300621.3213296,5.0,-3.0,19.0
1775300621.3313296,2.0,-7.0,21.0
1775300621.3413296,0.0,-9.0,11.0
1775300621.3513296,-4.0,-9.0,8.0
1775300621.3613296,-4.0,-8.0,4.0
1775300621.3713295,0.0,-8.0,12.0
1775300621.3813295,-4.0,-2.0,14.0
1775300621.3913295,-6.0,-2.0,9.0
1775300621.4013295,-7.0,-2.0,7.0
1775300621.4113295,-2.0,0.0,12.0
1775300621.4213295,-1.0,-1.0,5.0
1775300621.4313295,1.0,2.0,2.0
1775300621.4413297,0.0,8.0,-3.0
1775300621.4513297,-2.0,0.0,-3.0
1775300621.4613297,0.0,2.0,3.0
1775300621.4713297,3.0,2.0,11.0
1775300621.4813297,5.0,0.0,19.0
1775300621.4913297,6.0,0.0,11.0
1775300621.5013297,10.0,-4.0,10.0
1775300621.5113297,5.0,-5.0,5.0
1775300621.5213296,1.0,-3.0,2.0
1775300621.5313296,2.0,-2.0,7.0
1775300621.5413296,0.0,0.0,7.0
1775300621.5513296,3.0,-1.0,8.0
1775300621.5613296,0.0,-4.0,12.0
1775300621.5713296,-1.0,-8.0,12.0
1775300621.5813296,2.0,-8.0,14.0
1775300621.5913296,0.0,-9.0,9.0
1775300621.6013296,-2.0,-5.0,4.0
1775300621.6113296,0.0,-4.0,2.0
1775300621.6213295,-6.0,-1.0,5.0
1775300621.6313295,-5.0,0.0,-1.0
1775300621.6413295,-4.0,0.0,0.0
1775300621.6513295,-3.0,1.0,3.0
1775300621.6613295,0.0,0.0,7.0
1775300621.6713295,-2.0,1.0,6.0
1775300621.6813295,-1.0,0.0,0.0
1775300621.6913297,-2.0,1.0,3.0
1775300621.7013297,-7.0,2.0,11.0
1775300621.7113297,-10.0,2.0,9.0
1775300621.7213297,-10.0,3.0,5.0
1775300621.7313297,-10.0,5.0,13.0
1775300621.7413297,-4.0,3.0,8.0
1775300621.7513297,0.0,3.0,0.0
1775300621.7613297,1.0,6.0,0.0
1775300621.7713296,5.0,1.0,0.0
1775300621.7813296,0.0,2.0,0.0
1775300621.7913296,0.0,6.0,7.0
1775300621.8013296,1.0,7.0,4.0
1775300621.8113296,0.0,5.0,4.0
1775300621.8213296,0.0,0.0,5.0
1775300621.8313296,0.0,1.0,7.0
1775300621.8413296,-3.0,-3.0,11.0
1775300621.8513296,-4.0,-7.0,8.0
1775300621.8613296,0.0,-3.0,8.0
1775300621.8713295,0.0,-3.0,3.0
1775300621.8813295,4.0,0.0,8.0
1775300621.8913295,-3.0,0.0,8.0
1775300621.9013295,-2.0,-2.0,9.0
1775300621.9113295,-1.0,-1.0,14.0
1775300621.9213295,0.0,-1.0,16.0
1775300621.9313295,1.0,1.0,16.0
1775300621.9413297,0.0,2.0,11.0
1775300621.9513297,-1.0,1.0,13.0
1775300621.9613297,-2.0,-2.0,13.0
1775300621.9713297,-3.0,-2.0,16.0
1775300621.9813297,0.0,-1.0,20.0
1775300621.9913297,0.0,-3.0,14.0
1775300622.0013297,0.0,-7.0,5.0
1775300622.0113297,1.0,-1.0,2.0
1775300622.0213296,5.0,3.0,6.0
1775300622.0313296,8.0,5.0,8.0
1775300622.0413296,12.0,3.0,5.0
1775300622.0513296,11.0,2.0,3.0
1775300622.0613296,7.0,2.0,3.0
1775300622.0713296,7.0,0.0,6.0
1775300622.0813296,7.0,3.0,8.0
1775300622.0913296,4.0,1.0,7.0
1775300622.1013296,2.0,1.0,8.0
1775300622.1113296,0.0,0.0,5.0
1775300622.1213295,0.0,-2.0,1.0
1775300622.1313295,1.0,-4.0,0.0
1775300622.1413295,-1.0,1.0,3.0
1775300622.1513295,0.0,8.0,0.0
1775300622.1613295,-1.0,10.0,6.0
1775300622.1713295,0.0,9.0,8.0
1775300622.1813295,5.0,6.0,4.0
1775300622.1913297,8.0,3.0,1.0
1775300622.2013297,5.0,-1.0,8.0
1775300622.2113297,1.0,-1.0,13.0
1775300622.2213297,1.0,-5.0,14.0
1775300622.2313297,0.0,-4.0,14.0
1775300622.2413297,-5.0,-3.0,12.0
1775300622.2513297,-3.0,-1.0,13.0
1775300622.2613297,-3.0,1.0,11.0
1775300622.2713296,-1.0,0.0,15.0
1775300622.2813296,5.0,-4.0,20.0
1775300622.2913296,8.0,-4.0,17.0
1775300622.3013296,3.0,-4.0,20.0
1775300622.3113296,1.0,-2.0,23.0
1775300622.3213296,-3.0,2.0,24.0
1775300622.3313296,-6.0,3.0,20.0
1775300622.3413296,-7.0,0.0,21.0
1775300622.3513296,-3.0,1.0,22.0
1775300622.3613296,0.0,3.0,26.0
1775300622.3713295,0.0,4.0,23.0
1775300622.3813295,5.0,2.0,22.0
1775300622.3913295,2.0,0.0,20.0
1775300622.4013295,-1.0,0.0,13.0
1775300622.4113295,-4.0,-3.0,11.0
1775300622.4213295,-5.0,-4.0,3.0
1775300622.4313295,-4.0,-3.0,0.0
1775300622.4413297,-3.0,-3.0,1.0
1775300622.4513297,0.0,-5.0,7.0
1775300622.4613297,3.0,-4.0,0.0
1775300622.4713297,3.0,1.0,6.0
1775300622.4813297,3.0,2.0,4.0
1775300622.4913297,4.0,0.0,4.0
1775300622.5013297,3.0,0.0,4.0
1775300622.5113297,0.0,0.0,0.0
1775300622.5213296,2.0,-3.0,6.0
1775300622.5313296,6.0,-2.0,18.0
1775300622.5413296,4.0,0.0,20.0
1775300622.5513296,5.0,3.0,17.0
1775300622.5613296,7.0,3.0,11.0
1775300622.5713296,6.0,6.0,9.0
1775300622.5813296,3.0,5.0,10.0
1775300622.5913296,4.0,2.0,3.0
1775300622.6013296,4.0,6.0,5.0
1775300622.6113296,6.0,7.0,6.0
1775300622.6213295,6.0,6.0,10.0
1775300622.6313295,8.0,1.0,12.0
1775300622.6413295,5.0,4.0,16.0
1775300622.6513295,0.0,1.0,15.0
1775300622.6613295,-4.0,0.0,15.0
1775300622.6713295,-5.0,2.0,14.0
1775300622.6813295,-4.0,1.0,12.0
1775300622.6913297,0.0,-2.0,13.0
1775300622.7013297,1.0,-2.0,14.0
1775300622.7113297,2.0,-1.0,7.0
1775300622.7213297,0.0,0.0,8.0
1775300622.7313297,-7.0,0.0,3.0
1775300622.7413297,-6.0,-1.0,6.0
1775300622.7513297,-5.0,-3.0,6.0
1775300622.7613297,-3.0,-3.0,8.0
1775300622.7713296,-5.0,1.0,9.0
1775300622.7813296,-6.0,3.0,1.0
1775300622.7913296,-5.0,6.0,-1.0
1775300622.8013296,-6.0,5.0,3.0
1775300622.8113296,-7.0,2.0,11.0
1775300622.8213296,-10.0,0.0,7.0
1775300622.8313296,-6.0,3.0,5.0
1775300622.8413296,0.0,1.0,6.0
1775300622.8513296,2.0,-1.0,6.0
1775300622.8613296,0.0,-2.0,10.0
1775300622.8713295,0.0,-4.0,7.0
1775300622.8813295,-1.0,-4.0,3.0
1775300622.8913295,-1.0,-2.0,2.0
1775300622.9013295,-5.0,-1.0,3.0
1775300622.9113295,1.0,-3.0,7.0
1775300622.9213295,4.0,-6.0,5.0
1775300622.9313295,8.0,-8.0,10.0
1775300622.9413297,7.0,-4.0,10.0
1775300622.9513297,9.0,-6.0,12.0
1775300622.9613297,5.0,-3.0,11.0
1775300622.9713297,0.0,-4.0,10.0
1775300622.9813297,0.0,-2.0,10.0
1775300622.9913297,3.0,-1.0,0.0
1775300623.0013297,1.0,-6.0,-3.0
1775300623.0113297,5.0,-7.0,-2.0
1775300623.0213296,4.0,-7.0,1.0
1775300623.0313296,5.0,-7.0,5.0
1775300623.0413296,4.0,-7.0,7.0
1775300623.0513296,5.0,-5.0,4.0
1775300623.0613296,4.0,-5.0,2.0
1775300623.0713296,1.0,-4.0,5.0
1775300623.0813296,2.0,-2.0,6.0
1775300623.0913296,0.0,0.0,5.0
1775300623.1013296,0.0,-1.0,12.0
1775300623.1113296,0.0,-1.0,12.0
1775300623.1213295,-1.0,-3.0,10.0
1775300623.1313295,-2.0,-6.0,10.0
1775300623.1413295,-7.0,-2.0,6.0
1775300623.1513295,-3.0,-2.0,10.0
1775300623.1623297,0.0,2.0,13.0
1775300623.1723297,-5.0,0.0,20.0
1775300623.1823297,-4.0,2.0,19.0
1775300623.1923296,-6.0,0.0,13.0
1775300623.2023296,-3.0,0.0,8.0
1775300623.2123296,-6.0,3.0,0.0
1775300623.2223296,-4.0,3.0,-3.0
1775300623.2323296,-4.0,4.0,-2.0
1775300623.2423296,-4.0,2.0,-2.0
1775300623.2523296,-2.0,4.0,-1.0
1775300623.2623296,-2.0,6.0,0.0
1775300623.2723296,-1.0,5.0,3.0
1775300623.2823296,-4.0,0.0,5.0
1775300623.2923295,-3.0,2.0,5.0
1775300623.3023295,-3.0,1.0,6.0
1775300623.3123295,-2.0,-1.0,5.0
1775300623.3223295,1.0,0.0,5.0
1775300623.3323295,5.0,0.0,9.0
1775300623.3423295,2.0,-5.0,12.0
1775300623.3523295,1.0,-5.0,8.0
1775300623.3623295,0.0,-7.0,10.0
1775300623.3723297,0.0,-6.0,13.0
1775300623.3823297,0.0,-4.0,11.0
1775300623.3923297,-7.0,0.0,15.0
1775300623.4023297,-8.0,2.0,15.0
1775300623.4123297,-4.0,5.0,19.0
1775300623.4223297,0.0,7.0,17.0
1775300623.4323297,0.0,2.0,16.0
1775300623.4423296,1.0,0.0,15.0
1775300623.4523296,0.0,-2.0,13.0
1775300623.4623296,0.0,-4.0,9.0
1775300623.4723296,3.0,-3.0,8.0
1775300623.4823296,5.0,-3.0,3.0
1775300623.4923296,7.0,-2.0,3.0
1775300623.5023296,5.0,-4.0,4.0
1775300623.5123296,3.0,-4.0,4.0
1775300623.5223296,2.0,-1.0,1.0
1775300623.5323296,3.0,4.0,3.0
1775300623.5423295,1.0,3.0,2.0
1775300623.5523295,1.0,3.0,2.0
1775300623.5623295,2.0,3.0,3.0
1775300623.5723295,4.0,2.0,3.0
1775300623.5823295,3.0,-1.0,4.0
1775300623.5923295,4.0,0.0,12.0
1775300623.6023295,8.0,-1.0,17.0
1775300623.6123295,6.0,2.0,20.0
1775300623.6223297,2.0,2.0,21.0
1775300623.6323297,5.0,2.0,18.0
1775300623.6423297,4.0,0.0,21.0
1775300623.6523297,1.0,3.0,17.0
1775300623.6623297,3.0,6.0,8.0
1775300623.6723297,5.0,8.0,10.0
1775300623.6823297,2.0,7.0,7.0
1775300623.6923296,-5.0,8.0,4.0
1775300623.7023296,-3.0,7.0,5.0
1775300623.7123296,-1.0,0.0,7.0
1775300623.7223296,-1.0,2.0,6.0
1775300623.7323296,-1.0,2.0,6.0
1775300623.7423296,-3.0,2.0,0.0
1775300623.7523296,-1.0,2.0,6.0
1775300623.7623296,1.0,0.0,9.0
1775300623.7723296,-5.0,-5.0,13.0
1775300623.7823296,-2.0,-7.0,12.0
1775300623.7923295,1.0,-8.0,11.0
1775300623.8023295,2.0,-12.0,8.0
1775300623.8123295,0.0,-11.0,10.0
1775300623.8223295,1.0,-10.0,9.0
1775300623.8323295,-1.0,-6.0,11.0
1775300623.8423295,-1.0,-5.0,12.0
1775300623.8523295,-2.0,-5.0,14.0
1775300623.8623295,0.0,-7.0,16.0
1775300623.8723297,1.0,-3.0,10.0
1775300623.8823297,3.0,-5.0,17.0
1775300623.8923297,1.0,-7.0,12.0
1775300623.9023297,4.0,-3.0,11.0
1775300623.9123297,5.0,0.0,8.0
1775300623.9223297,3.0,-4.0,-2.0
1775300623.9323297,1.0,-4.0,0.0
1775300623.9423296,-1.0,-6.0,4.0
1775300623.9523296,-2.0,-9.0,2.0
1775300623.9623296,-4.0,-7.0,5.0
1775300623.9723296,-3.0,-6.0,5.0
1775300623.9823296,-2.0,-2.0,1.0
1775300623.9923296,-4.0,5.0,-3.0
1775300624.0023296,-4.0,6.0,0.0
1775300624.0123296,-3.0,4.0,5.0
1775300624.0223296,-3.0,3.0,9.0
1775300624.0323296,-7.0,5.0,12.0
1775300624.0433297,-8.0,7.0,16.0
1775300624.0523295,-4.0,4.0,18.0
1775300624.0623295,0.0,3.0,15.0
1775300624.0723295,1.0,3.0,10.0
1775300624.0823295,-1.0,6.0,3.0
1775300624.0923295,1.0,2.0,0.0
1775300624.1023295,7.0,-3.0,0.0
1775300624.1123295,4.0,-3.0,7.0
1775300624.1223297,2.0,-5.0,4.0
1775300624.1323297,3.0,-3.0,5.0
1775300624.1423297,4.0,-3.0,3.0
1775300624.1523297,0.0,-5.0,2.0
1775300624.1623297,1.0,-4.0,0.0
1775300624.1723297,-1.0,-7.0,3.0
1775300624.1823297,-3.0,-7.0,6.0
1775300624.1923296,-9.0,-2.0,11.0
1775300624.2023296,-5.0,1.0,9.0
1775300624.2123296,-1.0,2.0,6.0
1775300624.2223296,0.0,7.0,9.0
1775300624.2323296,-1.0,9.0,11.0
1775300624.2423296,0.0,1.0,17.0
1775300624.2523296,0.0,5.0,20.0
1775300624.2623296,2.0,5.0,17.0
1775300624.2723296,1.0,4.0,19.0
1775300624.2823296,3.0,3.0,24.0
1775300624.2923295,1.0,0.0,28.0
1775300624.3023295,1.0,0.0,25.0
1775300624.3123295,-1.0,0.0,25.0
1775300624.3223295,-2.0,-1.0,16.0
1775300624.3323295,0.0,0.0,17.0
1775300624.3423295,6.0,2.0,14.0
1775300624.3523295,1.0,4.0,19.0
1775300624.3623295,-1.0,2.0,16.0
1775300624.3723297,-4.0,0.0,10.0
1775300624.3823297,-4.0,-2.0,12.0
1775300624.3923297,-9.0,0.0,13.0
1775300624.4023297,-9.0,0.0,-2.0
1775300624.4123297,-7.0,1.0,-2.0
1775300624.4223297,-8.0,0.0,-1.0
1775300624.4323297,-10.0,2.0,7.0
1775300624.4423296,-11.0,1.0,11.0
1775300624.4523296,-7.0,-1.0,13.0
1775300624.4623296,-5.0,-3.0,11.0
1775300624.4723296,-3.0,-3.0,6.0
1775300624.4823296,-2.0,-6.0,8.0
1775300624.4923296,0.0,-2.0,9.0
1775300624.5023296,0.0,4.0,5.0
1775300624.5123296,2.0,1.0,6.0
1775300624.5223296,1.0,1.0,9.0
1775300624.5323296,1.0,0.0,9.0
1775300624.5423295,3.0,4.0,12.0
1775300624.5523295,7.0,3.0,16.0
1775300624.5623295,4.0,6.0,11.0
1775300624.5723295,4.0,7.0,18.0
1775300624.5823295,4.0,6.0,13.0
1775300624.5923295,4.0,6.0,9.0
1775300624.6023295,2.0,5.0,16.0
1775300624.6123295,0.0,7.0,12.0
1775300624.6223297,0.0,7.0,10.0
1775300624.6323297,0.0,6.0,8.0
1775300624.6423297,-6.0,5.0,9.0
1775300624.6523297,-4.0,5.0,9.0
1775300624.6623297,-1.0,3.0,3.0
1775300624.6723297,1.0,2.0,3.0
1775300624.6823297,3.0,2.0,4.0
1775300624.6923296,0.0,2.0,7.0
1775300624.7023296,-1.0,2.0,2.0
1775300624.7123296,-2.0,1.0,-3.0
1775300624.7223296,-4.0,-1.0,2.0
1775300624.7323296,-5.0,6.0,5.0
1775300624.7423296,0.0,5.0,6.0
1775300624.7523296,-2.0,6.0,5.0
1775300624.7623296,-2.0,4.0,5.0
1775300624.7723296,-2.0,3.0,9.0
1775300624.7823296,1.0,1.0,10.0
1775300624.7923295,5.0,-3.0,7.0
1775300624.8023295,4.0,-6.0,6.0
1775300624.8123295,4.0,-6.0,14.0
1775300624.8223295,1.0,-7.0,18.0
1775300624.8323295,2.0,-5.0,17.0
1775300624.8423295,0.0,-4.0,15.0
1775300624.8523295,1.0,-5.0,14.0
1775300624.8623295,0.0,-6.0,16.0
1775300624.8723297,0.0,-3.0,20.0
1775300624.8823297,2.0,-6.0,9.0
1775300624.8923297,2.0,-5.0,0.0
1775300624.9023297,4.0,0.0,0.0
1775300624.9123297,3.0,1.0,-4.0
1775300624.9223297,0.0,0.0,1.0
1775300624.9323297,1.0,0.0,9.0
1775300624.9423296,1.0,4.0,10.0
1775300624.9523296,1.0,1.0,11.0
1775300624.9623296,1.0,1.0,11.0
1775300624.9723296,-6.0,1.0,8.0
1775300624.9823296,-1.0,0.0,8.0
1775300624.9923296,0.0,0.0,6.0
1775300625.0023296,0.0,1.0,0.0
1775300625.0123296,-1.0,3.0,1.0
1775300625.0223296,-1.0,4.0,3.0
1775300625.0323296,-4.0,2.0,3.0
1775300625.0423295,-2.0,0.0,7.0
1775300625.0523295,-1.0,-3.0,5.0
1775300625.0623295,-4.0,-2.0,0.0
1775300625.0723295,-5.0,0.0,1.0
1775300625.0823295,0.0,0.0,3.0
1775300625.0923295,-4.0,0.0,0.0
1775300625.1023295,-2.0,-3.0,1.0
1775300625.1123295,-2.0,-5.0,1.0
1775300625.1223297,0.0,-3.0,11.0
1775300625.1323297,3.0,-1.0,6.0
1775300625.1423297,0.0,-2.0,3.0
1775300625.1523297,4.0,-4.0,1.0
1775300625.1623297,0.0,-1.0,3.0
1775300625.1723297,0.0,2.0,4.0
1775300625.1823297,-5.0,0.0,-2.0
1775300625.1923296,-4.0,0.0,3.0
1775300625.2023296,-8.0,4.0,10.0
1775300625.2123296,-8.0,5.0,16.0
1775300625.2223296,-3.0,5.0,9.0
1775300625.2323296,0.0,2.0,7.0
1775300625.2423296,3.0,-2.0,0.0
1775300625.2523296,1.0,0.0,0.0
1775300625.2623296,3.0,0.0,10.0
1775300625.2723296,7.0,2.0,14.0
1775300625.2823296,0.0,6.0,8.0
1775300625.2923295,-1.0,7.0,-2.0
1775300625.3023295,5.0,2.0,5.0
1775300625.3123295,2.0,1.0,6.0
1775300625.3223295,1.0,0.0,12.0
1775300625.3323295,-2.0,1.0,11.0
1775300625.3423295,0.0,0.0,12.0
1775300625.3523295,0.0,3.0,7.0
1775300625.3623295,0.0,1.0,11.0
1775300625.3723297,1.0,-2.0,9.0
1775300625.3823297,2.0,-2.0,4.0
1775300625.3923297,3.0,-4.0,12.0
1775300625.4023297,2.0,-4.0,11.0
1775300625.4123297,-1.0,-2.0,6.0
1775300625.4233296,-2.0,0.0,6.0
1775300625.4323297,1.0,1.0,11.0
1775300625.4423296,-2.0,2.0,3.0
1775300625.4523296,2.0,0.0,-1.0
1775300625.4623296,2.0,2.0,4.0
1775300625.4733295,1.0,2.0,2.0
1775300625.4833295,0.0,0.0,2.0
1775300625.4933295,-3.0,-1.0,4.0
1775300625.5033295,0.0,1.0,2.0
1775300625.5133295,2.0,-2.0,8.0
1775300625.5233295,2.0,-3.0,10.0
1775300625.5333295,-6.0,0.0,8.0
1775300625.5433297,-6.0,0.0,9.0
1775300625.5533297,-3.0,6.0,0.0
1775300625.5633297,0.0,6.0,0.0
1775300625.5733297,2.0,8.0,0.0
1775300625.5833297,0.0,5.0,0.0
1775300625.5933297,-1.0,4.0,-4.0
1775300625.6033297,-1.0,4.0,-8.0
1775300625.6133296,-3.0,4.0,-10.0
1775300625.6233296,-4.0,2.0,-7.0
1775300625.6333296,-8.0,2.0,-3.0
1775300625.6433296,-9.0,5.0,4.0
1775300625.6533296,-8.0,4.0,3.0
1775300625.6633296,0.0,3.0,2.0
1775300625.6733296,4.0,1.0,12.0
1775300625.6833296,3.0,3.0,14.0
1775300625.6933296,4.0,2.0,7.0
1775300625.7033296,2.0,2.0,11.0
1775300625.7133296,1.0,0.0,11.0
1775300625.7233295,1.0,0.0,12.0
1775300625.7333295,1.0,2.0,12.0
1775300625.7433295,-1.0,0.0,15.0
1775300625.7533295,-7.0,4.0,13.0
1775300625.7633295,-2.0,6.0,11.0
1775300625.7733295,0.0,6.0,15.0
1775300625.7833295,1.0,6.0,21.0
1775300625.7933297,3.0,12.0,21.0
1775300625.8033297,5.0,8.0,14.0
1775300625.8133297,8.0,8.0,17.0
1775300625.8233297,5.0,6.0,10.0
1775300625.8333297,6.0,6.0,11.0
1775300625.8433297,3.0,4.0,11.0
1775300625.8533297,1.0,0.0,12.0
1775300625.8633296,-3.0,-4.0,14.0
1775300625.8733296,-1.0,-6.0,19.0
1775300625.8833296,-4.0,-4.0,18.0
1775300625.8933296,-2.0,-2.0,18.0
1775300625.9033296,-1.0,-2.0,21.0
1775300625.9133296,-1.0,-5.0,21.0
1775300625.9233296,1.0,-5.0,16.0
1775300625.9333296,-1.0,-8.0,12.0
1775300625.9433296,1.0,-7.0,9.0
1775300625.9533296,0.0,-3.0,6.0
1775300625.9633296,0.0,-2.0,10.0
1775300625.9733295,0.0,0.0,11.0
1775300625.9833295,-1.0,0.0,11.0
1775300625.9933295,-7.0,2.0,8.0
1775300626.0033295,-9.0,1.0,6.0
1775300626.0133295,-7.0,3.0,8.0
1775300626.0233295,-5.0,3.0,14.0
1775300626.0333295,0.0,0.0,13.0
1775300626.0433297,0.0,-1.0,14.0
1775300626.0533297,2.0,1.0,23.0
1775300626.0633297,3.0,0.0,22.0
1775300626.0733297,2.0,-2.0,19.0
1775300626.0833297,3.0,-4.0,22.0
1775300626.0933297,5.0,0.0,26.0
1775300626.1033297,2.0,0.0,22.0
1775300626.1133296,-7.0,0.0,18.0
1775300626.1233296,0.0,0.0,18.0
1775300626.1333296,-1.0,1.0,14.0
1775300626.1433296,0.0,0.0,10.0
1775300626.1533296,0.0,1.0,12.0
1775300626.1633296,5.0,1.0,10.0
1775300626.1733296,7.0,1.0,6.0
1775300626.1833296,8.0,-1.0,6.0
1775300626.1933296,11.0,-2.0,10.0
1775300626.2033296,14.0,-2.0,10.0
1775300626.2133296,11.0,1.0,12.0
1775300626.2233295,10.0,2.0,11.0
1775300626.2333295,11.0,0.0,9.0
1775300626.2433295,10.0,1.0,6.0
1775300626.2533295,3.0,0.0,1.0
1775300626.2633295,1.0,0.0,5.0
1775300626.2733295,0.0,3.0,4.0
1775300626.2833295,1.0,5.0,8.0
1775300626.2933297,4.0,8.0,5.0
1775300626.3033297,6.0,6.0,8.0
1775300626.3133297,10.0,6.0,5.0
1775300626.3233297,6.0,-1.0,4.0
1775300626.3333297,4.0,0.0,1.0
1775300626.3433297,0.0,6.0,5.0
1775300626.3533297,0.0,4.0,16.0
1775300626.3633296,-4.0,0.0,17.0
1775300626.3733296,-2.0,0.0,18.0
1775300626.3833296,0.0,0.0,18.0
1775300626.3933296,5.0,-1.0,13.0
1775300626.4033296,6.0,-1.0,12.0
1775300626.4133296,6.0,0.0,9.0
1775300626.4233296,2.0,-1.0,9.0
1775300626.4333296,5.0,-2.0,14.0
1775300626.4433296,2.0,-4.0,5.0
1775300626.4533296,0.0,-1.0,8.0
1775300626.4633296,0.0,-1.0,7.0
1775300626.4733295,-1.0,-2.0,3.0
1775300626.4833295,0.0,0.0,3.0
1775300626.4933295,0.0,1.0,-3.0
1775300626.5033295,0.0,0.0,1.0
1775300626.5133295,2.0,1.0,0.0
1775300626.5233295,0.0,-4.0,-2.0
1775300626.5333295,2.0,-4.0,2.0
1775300626.5433297,-2.0,-5.0,9.0
1775300626.5533297,-4.0,-3.0,8.0
1775300626.5633297,-4.0,-4.0,15.0
1775300626.5733297,-6.0,-2.0,8.0
1775300626.5833297,-5.0,0.0,7.0
1775300626.5933297,-1.0,-1.0,5.0
1775300626.6033297,0.0,-1.0,3.0
1775300626.6133296,2.0,0.0,9.0
1775300626.6233296,5.0,0.0,8.0
1775300626.6333296,5.0,0.0,10.0
1775300626.6433296,3.0,4.0,14.0
1775300626.6533296,3.0,3.0,12.0
1775300626.6633296,-2.0,2.0,8.0
1775300626.6733296,-2.0,0.0,11.0
1775300626.6833296,-3.0,2.0,8.0
1775300626.6933296,0.0,2.0,8.0
1775300626.7033296,0.0,0.0,12.0
1775300626.7133296,0.0,1.0,6.0
1775300626.7233295,0.0,0.0,5.0
1775300626.7333295,-2.0,-2.0,9.0
1775300626.7433295,-1.0,-2.0,4.0
1775300626.7533295,-1.0,-1.0,3.0
1775300626.7633295,1.0,1.0,2.0
1775300626.7733295,5.0,1.0,3.0
1775300626.7833295,3.0,-1.0,1.0
1775300626.7933297,5.0,-1.0,7.0
1775300626.8033297,7.0,-3.0,5.0
1775300626.8133297,5.0,-4.0,4.0
1775300626.8233297,5.0,0.0,4.0
1775300626.8333297,5.0,0.0,14.0
1775300626.8433297,5.0,0.0,25.0
1775300626.8533297,7.0,-3.0,18.0
1775300626.8633296,6.0,-4.0,15.0
1775300626.8733296,6.0,0.0,13.0
1775300626.8833296,8.0,6.0,14.0
1775300626.8933296,8.0,2.0,10.0
1775300626.9033296,6.0,2.0,8.0
1775300626.9133296,6.0,0.0,8.0
1775300626.9233296,9.0,0.0,13.0
1775300626.9333296,6.0,-3.0,12.0
1775300626.9433296,2.0,0.0,14.0
1775300626.9533296,-8.0,2.0,13.0
1775300626.9633296,-4.0,4.0,14.0
1775300626.9733295,-1.0,-1.0,8.0
1775300626.9833295,-7.0,0.0,11.0
1775300626.9933295,-9.0,0.0,6.0
1775300627.0033295,-7.0,0.0,3.0
1775300627.0133295,-4.0,-2.0,5.0
1775300627.0233295,0.0,0.0,11.0
1775300627.0333295,0.0,-3.0,8.0
1775300627.0433297,-2.0,-1.0,9.0
1775300627.0533297,-4.0,0.0,9.0
1775300627.0633297,-2.0,0.0,9.0
1775300627.0733297,0.0,0.0,6.0
1775300627.0833297,1.0,2.0,9.0
1775300627.0933297,0.0,-2.0,10.0
1775300627.1033297,-1.0,-2.0,5.0
1775300627.1133296,0.0,2.0,10.0
1775300627.1233296,2.0,2.0,16.0
1775300627.1333296,5.0,1.0,14.0
1775300627.1433296,3.0,-2.0,16.0
1775300627.1533296,0.0,1.0,18.0
1775300627.1633296,0.0,2.0,13.0
1775300627.1733296,1.0,2.0,13.0
1775300627.1833296,0.0,0.0,6.0
1775300627.1933296,1.0,-1.0,-1.0
1775300627.2033296,2.0,-4.0,1.0
1775300627.2133296,-1.0,-3.0,1.0
1775300627.2233295,3.0,-4.0,2.0
1775300627.2333295,0.0,-3.0,-3.0
1775300627.2433295,0.0,2.0,-5.0
1775300627.2533295,0.0,2.0,-6.0
1775300627.2633295,-4.0,0.0,-3.0
1775300627.2733295,-6.0,5.0,0.0
1775300627.2833295,-7.0,7.0,6.0
1775300627.2933297,-6.0,4.0,7.0
1775300627.3033297,-8.0,1.0,10.0
1775300627.3133297,-5.0,1.0,7.0
1775300627.3233297,-5.0,-1.0,12.0
1775300627.3333297,-3.0,-2.0,8.0
1775300627.3433297,-1.0,-1.0,13.0
1775300627.3533297,0.0,-3.0,16.0
1775300627.3633296,-4.0,-6.0,20.0
1775300627.3733296,-5.0,-2.0,25.0
1775300627.3833296,-1.0,-1.0,21.0
1775300627.3933296,1.0,-1.0,16.0
1775300627.4033296,2.0,-2.0,11.0
1775300627.4133296,0.0,-2.0,6.0
1775300627.4233296,-2.0,-3.0,2.0
1775300627.4333296,1.0,0.0,7.0
1775300627.4433296,1.0,0.0,12.0
1775300627.4533296,-3.0,0.0,9.0
1775300627.4633296,-10.0,1.0,9.0
1775300627.4733295,-7.0,3.0,15.0
1775300627.4833295,-6.0,-1.0,14.0
1775300627.4933295,-2.0,-5.0,16.0
1775300627.5033295,-7.0,-6.0,18.0
1775300627.5133295,-5.0,-6.0,14.0
1775300627.5233295,0.0,-5.0,19.0
1775300627.5333295,-3.0,-8.0,17.0
1775300627.5433297,1.0,-2.0,17.0
1775300627.5533297,3.0,-1.0,8.0
1775300627.5633297,-4.0,0.0,21.0
1775300627.5733297,-1.0,-2.0,19.0
1775300627.5833297,1.0,-6.0,15.0
1775300627.5933297,0.0,-10.0,10.0
1775300627.6033297,3.0,-7.0,13.0
1775300627.6133296,4.0,-4.0,13.0
1775300627.6233296,6.0,-3.0,10.0
1775300627.6333296,3.0,0.0,7.0
1775300627.6433296,1.0,2.0,8.0
1775300627.6533296,-1.0,0.0,5.0
1775300627.6633296,-3.0,0.0,6.0
1775300627.6733296,-3.0,-2.0,10.0
1775300627.6833296,-8.0,0.0,8.0
1775300627.6933296,-5.0,5.0,7.0
1775300627.7033296,0.0,6.0,12.0
1775300627.7133296,0.0,1.0,11.0
1775300627.7233295,-3.0,2.0,14.0
1775300627.7343297,-2.0,4.0,12.0
1775300627.7443297,-3.0,7.0,6.0
1775300627.7543297,-2.0,9.0,4.0
1775300627.7643297,0.0,7.0,6.0
1775300627.7743297,4.0,5.0,11.0
1775300627.7843297,4.0,3.0,9.0
1775300627.7943296,0.0,2.0,-2.0
1775300627.8043296,0.0,0.0,1.0
1775300627.8143296,1.0,0.0,3.0
1775300627.8243296,0.0,2.0,4.0
1775300627.8343296,3.0,4.0,2.0
1775300627.8443296,5.0,5.0,14.0
1775300627.8543296,1.0,2.0,14.0
1775300627.8643296,0.0,2.0,13.0
1775300627.8743296,1.0,3.0,19.0
1775300627.8843296,4.0,3.0,26.0
1775300627.8943295,0.0,4.0,25.0
1775300627.9043295,0.0,0.0,19.0
1775300627.9143295,0.0,3.0,19.0
1775300627.9243295,1.0,0.0,13.0
1775300627.9343295,-4.0,-2.0,10.0
1775300627.9443295,-4.0,-4.0,14.0
1775300627.9543295,2.0,-2.0,15.0
1775300627.9643295,1.0,-4.0,16.0
1775300627.9743297,0.0,-5.0,11.0
1775300627.9843297,-1.0,-7.0,9.0
1775300627.9943297,-3.0,-2.0,5.0
1775300628.0043297,0.0,0.0,0.0
1775300628.0143297,1.0,1.0,3.0
1775300628.0243297,-1.0,0.0,16.0
1775300628.0343297,4.0,0.0,16.0
1775300628.0443296,6.0,-1.0,14.0
1775300628.0543296,10.0,-1.0,4.0
1775300628.0643296,6.0,-3.0,2.0
1775300628.0743296,5.0,1.0,9.0
1775300628.0843296,3.0,1.0,7.0
1775300628.0943296,4.0,1.0,6.0
1775300628.1043296,7.0,2.0,10.0
1775300628.1143296,3.0,1.0,6.0
1775300628.1243296,1.0,0.0,8.0
1775300628.1343296,1.0,-1.0,18.0
1775300628.1443295,3.0,0.0,14.0
1775300628.1543295,1.0,-4.0,11.0
1775300628.1643295,-1.0,-4.0,14.0
1775300628.1743295,-3.0,-3.0,15.0
1775300628.1843295,-1.0,-3.0,10.0
1775300628.1943295,-3.0,-1.0,11.0
1775300628.2043295,0.0,-2.0,13.0
1775300628.2143295,4.0,-3.0,10.0
1775300628.2243297,3.0,-3.0,14.0
1775300628.2343297,4.0,-7.0,19.0
1775300628.2443297,1.0,-6.0,12.0
1775300628.2543297,6.0,-2.0,13.0
1775300628.2643297,1.0,0.0,14.0
1775300628.2743297,0.0,3.0,14.0
1775300628.2843297,2.0,1.0,15.0
1775300628.2943296,0.0,2.0,13.0
1775300628.3043296,2.0,2.0,12.0
1775300628.3143296,-1.0,0.0,10.0
1775300628.3243296,0.0,4.0,18.0
1775300628.3343296,-1.0,1.0,13.0
1775300628.3443296,0.0,0.0,9.0
1775300628.3543296,2.0,0.0,4.0
1775300628.3643296,4.0,0.0,3.0
1775300628.3743296,0.0,-4.0,5.0
1775300628.3843296,1.0,0.0,2.0
1775300628.3943295,2.0,5.0,0.0
1775300628.4043295,-1.0,3.0,2.0
1775300628.4143295,-1.0,4.0,0.0
1775300628.4243295,0.0,8.0,4.0
1775300628.4343295,-2.0,4.0,1.0
1775300628.4443295,-3.0,-2.0,3.0
1775300628.4543295,-5.0,-1.0,5.0
1775300628.4643295,-6.0,-1.0,9.0
1775300628.4743297,-6.0,-1.0,3.0
1775300628.4843297,-3.0,-5.0,3.0
1775300628.4943297,-2.0,-7.0,4.0
1775300628.5043297,-2.0,-5.0,0.0
1775300628.5143297,-1.0,-3.0,-7.0
1775300628.5243297,0.0,-4.0,-7.0
1775300628.5343297,1.0,-6.0,0.0
1775300628.5443296,0.0,-6.0,7.0
1775300628.5543296,3.0,-1.0,8.0
1775300628.5643296,5.0,-5.0,11.0
1775300628.5743296,0.0,-3.0,11.0
1775300628.5843296,-1.0,-7.0,9.0
1775300628.5943296,-6.0,-5.0,12.0
1775300628.6043296,-5.0,-4.0,23.0
1775300628.6143296,-2.0,-2.0,13.0
1775300628.6243296,-7.0,-3.0,11.0
1775300628.6343296,0.0,-2.0,9.0
1775300628.6443295,-1.0,0.0,5.0
1775300628.6543295,-4.0,1.0,5.0
1775300628.6643295,-6.0,-3.0,3.0
1775300628.6743295,-4.0,-3.0,2.0
1775300628.6843295,-3.0,-5.0,5.0
1775300628.6943295,-4.0,-4.0,4.0
1775300628.7043295,-4.0,-5.0,6.0
1775300628.7143295,-6.0,-3.0,5.0
1775300628.7243297,-3.0,-3.0,8.0
1775300628.7343297,-4.0,0.0,8.0
1775300628.7443297,0.0,0.0,7.0
1775300628.7543297,-1.0,-4.0,6.0
1775300628.7643297,-2.0,-5.0,4.0
1775300628.7743297,-1.0,-6.0,9.0
1775300628.7843297,1.0,-9.0,9.0
1775300628.7943296,3.0,-9.0,5.0
1775300628.8043296,-2.0,-6.0,7.0
1775300628.8143296,-3.0,-4.0,6.0
1775300628.8243296,0.0,-4.0,4.0
1775300628.8343296,-1.0,-7.0,2.0
1775300628.8443296,1.0,-4.0,8.0
1775300628.8543296,0.0,-1.0,10.0
1775300628.8643296,1.0,-1.0,10.0
1775300628.8743296,1.0,-5.0,5.0
1775300628.8843296,-1.0,-8.0,9.0
1775300628.8943295,2.0,-4.0,12.0
1775300628.9043295,1.0,0.0,16.0
1775300628.9143295,4.0,-3.0,16.0
1775300628.9243295,0.0,-6.0,16.0
1775300628.9343295,3.0,-8.0,12.0
1775300628.9443295,3.0,-7.0,6.0
1775300628.9543295,1.0,-2.0,8.0
1775300628.9643295,0.0,-5.0,6.0
1775300628.9743297,-1.0,0.0,7.0
1775300628.9843297,-1.0,0.0,4.0
1775300628.9943297,-2.0,-2.0,0.0
1775300629.0043297,-2.0,-3.0,3.0
1775300629.0143297,-3.0,-2.0,6.0
1775300629.0243297,-5.0,0.0,10.0
1775300629.0343297,-4.0,0.0,15.0
1775300629.0443296,-4.0,-3.0,14.0
1775300629.0543296,-4.0,0.0,15.0
1775300629.0643296,0.0,1.0,7.0
1775300629.0743296,-1.0,0.0,2.0
1775300629.0843296,0.0,0.0,-3.0
1775300629.0943296,0.0,-1.0,-3.0
1775300629.1043296,3.0,0.0,-5.0
1775300629.1143296,5.0,-5.0,-6.0
1775300629.1243296,8.0,-5.0,-5.0
1775300629.1343296,6.0,-7.0,-2.0
1775300629.1443295,4.0,-6.0,3.0
1775300629.1543295,4.0,-7.0,3.0
1775300629.1643295,1.0,-7.0,5.0
1775300629.1743295,2.0,-5.0,1.0
1775300629.1843295,6.0,-9.0,2.0
1775300629.1943295,0.0,-8.0,0.0
1775300629.2043295,3.0,-10.0,1.0
1775300629.2143295,4.0,-9.0,4.0
1775300629.2243297,1.0,-12.0,3.0
1775300629.2343297,5.0,-12.0,-2.0
1775300629.2443297,7.0,-8.0,0.0
1775300629.2543297,2.0,-10.0,1.0
1775300629.2643297,5.0,-5.0,0.0
1775300629.2743297,6.0,-4.0,10.0
1775300629.2843297,4.0,-7.0,13.0
1775300629.2943296,1.0,-10.0,15.0
1775300629.3043296,2.0,-9.0,13.0
1775300629.3143296,-3.0,-6.0,18.0
1775300629.3243296,-5.0,-4.0,10.0
1775300629.3343296,-5.0,-5.0,6.0
1775300629.3443296,-6.0,-6.0,4.0
1775300629.3543296,-8.0,-7.0,0.0
1775300629.3643296,-5.0,-6.0,8.0
1775300629.3743296,-6.0,-3.0,8.0
1775300629.3843296,-9.0,-4.0,8.0
1775300629.3943295,-6.0,-3.0,3.0
1775300629.4043295,-5.0,-4.0,4.0
1775300629.4143295,-3.0,-3.0,8.0
1775300629.4243295,-3.0,-4.0,4.0
1775300629.4343295,-4.0,-7.0,3.0
1775300629.4443295,-6.0,-1.0,15.0
1775300629.4543295,-4.0,-2.0,20.0
1775300629.4643295,-4.0,-2.0,20.0
1775300629.4743297,-2.0,-1.0,21.0
1775300629.4843297,-5.0,-4.0,18.0
1775300629.4943297,-1.0,-1.0,12.0
1775300629.5043297,-1.0,-1.0,8.0
1775300629.5143297,0.0,2.0,5.0
1775300629.5243297,1.0,-1.0,9.0
1775300629.5343297,-1.0,-1.0,1.0
1775300629.5443296,-5.0,0.0,-3.0
1775300629.5543296,-5.0,-2.0,0.0
1775300629.5643296,-3.0,0.0,7.0
1775300629.5743296,-2.0,-4.0,8.0
1775300629.5843296,-4.0,-7.0,2.0
1775300629.5943296,-6.0,-7.0,5.0
1775300629.6043296,-6.0,-5.0,10.0
1775300629.6143296,-1.0,-3.0,10.0
1775300629.6243296,-1.0,-3.0,6.0
1775300629.6343296,-5.0,-4.0,12.0
1775300629.6443295,-3.0,-4.0,13.0
1775300629.6543295,-1.0,-4.0,8.0
1775300629.6643295,-2.0,-3.0,11.0
1775300629.6743295,-3.0,2.0,15.0
1775300629.6843295,0.0,2.0,9.0
1775300629.6943295,-1.0,1.0,11.0
1775300629.7043295,-3.0,3.0,13.0
1775300629.7143295,-2.0,2.0,17.0
1775300629.7243297,1.0,2.0,18.0
1775300629.7343297,4.0,1.0,18.0
1775300629.7443297,8.0,3.0,18.0
1775300629.7543297,7.0,6.0,13.0
1775300629.7643297,5.0,5.0,12.0
1775300629.7743297,4.0,4.0,9.0
1775300629.7843297,2.0,5.0,8.0
1775300629.7943296,2.0,5.0,13.0
1775300629.8043296,-3.0,2.0,16.0
1775300629.8143296,-2.0,0.0,18.0
1775300629.8243296,1.0,0.0,17.0
1775300629.8343296,3.0,3.0,12.0
1775300629.8443296,2.0,0.0,8.0
1775300629.8543296,0.0,-3.0,9.0
1775300629.8643296,-3.0,-4.0,6.0
1775300629.8743296,-3.0,-4.0,12.0
1775300629.8843296,1.0,-4.0,15.0
1775300629.8943295,1.0,-3.0,20.0
1775300629.9043295,-1.0,-5.0,19.0
1775300629.9143295,1.0,-2.0,20.0
1775300629.9243295,3.0,-1.0,12.0
1775300629.9343295,2.0,-5.0,11.0
1775300629.9443295,0.0,-7.0,14.0
1775300629.9543295,-2.0,-10.0,13.0
1775300629.9643295,-2.0,-9.0,11.0
1775300629.9743297,0.0,-9.0,14.0
1775300629.9843297,2.0,-9.0,12.0
1775300629.9943297,0.0,-4.0,11.0
1775300630.0043297,0.0,-3.0,14.0
1775300630.0153296,-2.0,-8.0,18.0
1775300630.0243297,-3.0,-6.0,17.0
1775300630.0343297,-3.0,-9.0,14.0
1775300630.0453296,0.0,-14.0,9.0
1775300630.0553296,2.0,-11.0,7.0
1775300630.0653296,-1.0,-8.0,6.0
1775300630.0753295,-3.0,-7.0,9.0
1775300630.0853295,-3.0,-5.0,18.0
1775300630.0953295,-4.0,-5.0,21.0
1775300630.1043296,-2.0,-5.0,16.0
1775300630.1153295,-7.0,0.0,17.0
1775300630.1253295,-9.0,0.0,10.0
1775300630.1353295,-9.0,1.0,11.0
1775300630.1453297,-5.0,2.0,2.0
1775300630.1553297,-5.0,0.0,1.0
1775300630.1653297,-2.0,1.0,-1.0
1775300630.1753297,-1.0,-1.0,-5.0
1775300630.1853297,2.0,-4.0,0.0
1775300630.1953297,0.0,-4.0,0.0
1775300630.2053297,3.0,-4.0,3.0
1775300630.2153296,4.0,-3.0,3.0
1775300630.2253296,3.0,-3.0,7.0
1775300630.2353296,3.0,-3.0,5.0
1775300630.2453296,2.0,-5.0,6.0
1775300630.2553296,0.0,-1.0,7.0
1775300630.2653296,-2.0,2.0,10.0
1775300630.2753296,-5.0,0.0,21.0
1775300630.2853296,-4.0,3.0,20.0
1775300630.2953296,-2.0,0.0,17.0
1775300630.3053296,2.0,-4.0,16.0
1775300630.3153296,0.0,-5.0,17.0
1775300630.3253295,2.0,-9.0,21.0
1775300630.3353295,6.0,-4.0,14.0
1775300630.3453295,8.0,-4.0,10.0
1775300630.3553295,5.0,-3.0,7.0
1775300630.3653295,2.0,-2.0,4.0
1775300630.3753295,7.0,-2.0,7.0
1775300630.3853295,1.0,-2.0,8.0
1775300630.3953297,4.0,-5.0,9.0
1775300630.4053297,1.0,-6.0,10.0
1775300630.4153297,0.0,-4.0,16.0
1775300630.4253297,-1.0,-3.0,16.0
1775300630.4353297,-2.0,-3.0,14.0
1775300630.4453297,0.0,-3.0,16.0
1775300630.4553297,-3.0,-2.0,12.0
1775300630.4653296,0.0,0.0,13.0
1775300630.4753296,0.0,0.0,18.0
1775300630.4853296,-2.0,0.0,22.0
1775300630.4953296,-1.0,-6.0,17.0
1775300630.5053296,-2.0,-3.0,12.0
1775300630.5153296,-2.0,-1.0,3.0
1775300630.5253296,0.0,4.0,-1.0
1775300630.5353296,-3.0,8.0,3.0
1775300630.5453296,-2.0,5.0,10.0
1775300630.5553296,-1.0,2.0,10.0
1775300630.5653296,-5.0,2.0,10.0
1775300630.5753295,-3.0,1.0,3.0
1775300630.5853295,4.0,0.0,7.0
1775300630.5953295,5.0,3.0,7.0
1775300630.6053295,3.0,2.0,9.0
1775300630.6153295,0.0,2.0,10.0
1775300630.6253295,0.0,0.0,8.0
1775300630.6353295,3.0,0.0,0.0
1775300630.6453297,2.0,0.0,0.0
1775300630.6553297,0.0,-1.0,-3.0
1775300630.6653297,0.0,0.0,-5.0
1775300630.6753297,3.0,-3.0,-4.0
1775300630.6853297,2.0,-5.0,-4.0
1775300630.6953297,0.0,-5.0,-1.0
1775300630.7053297,3.0,-8.0,-6.0
1775300630.7153296,6.0,-2.0,-2.0
1775300630.7253296,3.0,-7.0,0.0
1775300630.7353296,3.0,-3.0,0.0
1775300630.7453296,5.0,0.0,0.0
1775300630.7553296,0.0,2.0,0.0
1775300630.7653296,-4.0,-1.0,0.0
1775300630.7753296,0.0,0.0,7.0
1775300630.7853296,3.0,-1.0,15.0
1775300630.7953296,5.0,1.0,11.0
1775300630.8053296,8.0,-2.0,7.0
1775300630.8153296,9.0,-9.0,5.0
1775300630.8253295,11.0,-8.0,10.0
1775300630.8353295,9.0,-8.0,15.0
1775300630.8453295,7.0,-7.0,16.0
1775300630.8553295,3.0,-4.0,12.0
1775300630.8653295,-1.0,-4.0,7.0
1775300630.8753295,0.0,-5.0,11.0
1775300630.8853295,0.0,-2.0,12.0
1775300630.8953297,-1.0,-2.0,12.0
1775300630.9053297,0.0,0.0,7.0
1775300630.9153297,0.0,0.0,3.0
1775300630.9253297,0.0,0.0,6.0
1775300630.9353297,1.0,0.0,7.0
1775300630.9453297,3.0,1.0,5.0
1775300630.9553297,3.0,0.0,8.0
1775300630.9653296,3.0,0.0,8.0
1775300630.9753296,0.0,0.0,10.0
1775300630.9853296,0.0,-3.0,6.0
1775300630.9953296,0.0,-3.0,6.0
1775300631.0053296,-7.0,-2.0,9.0
1775300631.0153296,-2.0,-1.0,3.0
1775300631.0253296,-1.0,0.0,-8.0
1775300631.0353296,-5.0,3.0,-3.0
1775300631.0453296,-4.0,1.0,-4.0
1775300631.0553296,-2.0,3.0,-2.0
1775300631.0653296,-3.0,5.0,3.0
1775300631.0753295,0.0,6.0,5.0
1775300631.0853295,0.0,4.0,8.0
1775300631.0953295,0.0,2.0,3.0
1775300631.1053295,-2.0,-1.0,1.0
1775300631.1153295,-2.0,-4.0,0.0
1775300631.1253295,0.0,-2.0,-4.0
1775300631.1353295,-5.0,-2.0,0.0
1775300631.1453297,-6.0,0.0,1.0
1775300631.1553297,-8.0,-3.0,8.0
1775300631.1653297,-8.0,-3.0,6.0
1775300631.1753297,-6.0,-5.0,2.0
1775300631.1853297,0.0,-2.0,2.0
1775300631.1953297,0.0,-2.0,5.0
1775300631.2053297,5.0,-5.0,12.0
1775300631.2153296,3.0,-2.0,13.0
1775300631.2253296,1.0,-9.0,15.0
1775300631.2353296,3.0,-8.0,20.0
1775300631.2453296,3.0,-6.0,19.0
1775300631.2553296,6.0,-11.0,16.0
1775300631.2653296,1.0,-10.0,13.0
1775300631.2753296,2.0,-8.0,13.0
1775300631.2853296,2.0,-6.0,12.0
1775300631.2953296,4.0,-5.0,7.0
1775300631.3053296,1.0,0.0,3.0
1775300631.3153296,3.0,-1.0,5.0
1775300631.3253295,0.0,1.0,10.0
1775300631.3353295,3.0,0.0,13.0
1775300631.3453295,-1.0,0.0,7.0
1775300631.3553295,-1.0,2.0,13.0
1775300631.3653295,0.0,-3.0,15.0
1775300631.3753295,-2.0,-4.0,9.0
1775300631.3853295,0.0,0.0,8.0
1775300631.3953297,2.0,2.0,7.0
1775300631.4053297,-2.0,4.0,4.0
1775300631.4153297,0.0,3.0,2.0
1775300631.4253297,-1.0,-3.0,1.0
1775300631.4353297,-7.0,-3.0,0.0
1775300631.4453297,-8.0,1.0,2.0
1775300631.4553297,-5.0,0.0,-1.0
1775300631.4653296,-3.0,0.0,2.0
1775300631.4753296,4.0,-1.0,0.0
1775300631.4853296,0.0,-1.0,2.0
1775300631.4953296,0.0,-4.0,3.0
1775300631.5053296,-3.0,-5.0,2.0
1775300631.5153296,-2.0,-6.0,4.0
1775300631.5253296,0.0,-5.0,4.0
1775300631.5353296,2.0,-9.0,8.0
1775300631.5453296,3.0,-7.0,11.0
1775300631.5553296,1.0,-3.0,9.0
1775300631.5653296,0.0,0.0,0.0
1775300631.5753295,3.0,-1.0,2.0
1775300631.5853295,4.0,-2.0,5.0
1775300631.5953295,2.0,-1.0,5.0
1775300631.6053295,3.0,0.0,9.0
1775300631.6153295,4.0,3.0,8.0
1775300631.6253295,3.0,2.0,6.0
1775300631.6353295,0.0,4.0,7.0
1775300631.6453297,-4.0,5.0,14.0
1775300631.6553297,-1.0,7.0,9.0
1775300631.6653297,-5.0,6.0,3.0
1775300631.6753297,-4.0,7.0,9.0
1775300631.6853297,-3.0,6.0,9.0
1775300631.6953297,-2.0,1.0,10.0
1775300631.7053297,-3.0,0.0,13.0
1775300631.7153296,-2.0,1.0,14.0
1775300631.7253296,-4.0,2.0,15.0
1775300631.7353296,-6.0,-2.0,19.0
1775300631.7453296,-5.0,-6.0,15.0
1775300631.7553296,-5.0,-8.0,10.0
1775300631.7653296,-1.0,-2.0,5.0
1775300631.7753296,1.0,0.0,4.0
1775300631.7853296,1.0,-4.0,7.0
1775300631.7953296,0.0,-2.0,5.0
1775300631.8053296,-1.0,0.0,7.0
1775300631.8153296,-1.0,3.0,4.0
1775300631.8253295,0.0,0.0,0.0
1775300631.8353295,0.0,-6.0,6.0
1775300631.8453295,-4.0,-4.0,1.0
1775300631.8553295,1.0,-3.0,1.0
1775300631.8653295,3.0,-2.0,0.0
1775300631.8753295,1.0,-2.0,-7.0
1775300631.8853295,4.0,-3.0,-5.0
1775300631.8953297,3.0,-4.0,0.0
1775300631.9053297,7.0,-3.0,7.0
1775300631.9153297,8.0,-4.0,10.0
1775300631.9253297,6.0,-6.0,8.0
1775300631.9353297,7.0,-5.0,4.0
1775300631.9453297,7.0,-2.0,7.0
1775300631.9553297,8.0,1.0,6.0
1775300631.9653296,6.0,-1.0,2.0
1775300631.9753296,6.0,-5.0,0.0
1775300631.9853296,2.0,-4.0,-1.0
1775300631.9953296,2.0,-2.0,-1.0
1775300632.0053296,0.0,-7.0,7.0
1775300632.0153296,-4.0,-4.0,2.0
1775300632.0253296,-2.0,-6.0,9.0
1775300632.0353296,0.0,-7.0,11.0
1775300632.0453296,0.0,-6.0,10.0
1775300632.0553296,-2.0,-6.0,18.0
1775300632.0653296,-3.0,-5.0,19.0
1775300632.0753295,-2.0,-7.0,18.0
1775300632.0853295,-2.0,-4.0,17.0
1775300632.0953295,-1.0,1.0,17.0
1775300632.1053295,0.0,0.0,18.0
1775300632.1153295,1.0,0.0,12.0
1775300632.1253295,2.0,0.0,8.0
1775300632.1353295,3.0,0.0,7.0
1775300632.1453297,3.0,-1.0,4.0
1775300632.1553297,4.0,-3.0,3.0
1775300632.1653297,6.0,-1.0,7.0
1775300632.1753297,2.0,-1.0,1.0
1775300632.1853297,2.0,0.0,0.0
1775300632.1953297,3.0,5.0,1.0
1775300632.2053297,-2.0,3.0,0.0
1775300632.2153296,-8.0,2.0,0.0
1775300632.2253296,-5.0,4.0,3.0
1775300632.2353296,-3.0,2.0,0.0
1775300632.2453296,1.0,3.0,-1.0
1775300632.2553296,2.0,0.0,4.0
1775300632.2653296,4.0,0.0,5.0
1775300632.2753296,0.0,4.0,7.0
1775300632.2853296,2.0,3.0,10.0
1775300632.2953296,5.0,0.0,9.0
1775300632.3063295,1.0,-1.0,10.0
1775300632.3163297,1.0,-6.0,6.0
1775300632.3253295,2.0,-4.0,6.0
1775300632.3363297,5.0,-5.0,5.0
1775300632.3463297,2.0,-8.0,5.0
1775300632.3553295,1.0,-6.0,5.0
1775300632.3663297,3.0,-5.0,3.0
1775300632.3763297,5.0,-2.0,3.0
1775300632.3863297,2.0,-2.0,12.0
1775300632.3963296,3.0,-3.0,10.0
1775300632.4063296,3.0,-1.0,11.0
1775300632.4163296,4.0,-1.0,9.0
1775300632.4263296,2.0,-1.0,6.0
1775300632.4363296,1.0,2.0,5.0
1775300632.4463296,0.0,5.0,5.0
1775300632.4563296,0.0,2.0,6.0
1775300632.4663296,0.0,3.0,11.0
1775300632.4763296,-3.0,2.0,9.0
1775300632.4863296,0.0,2.0,6.0
1775300632.4963295,-3.0,-1.0,4.0
1775300632.5063295,-3.0,-2.0,7.0
1775300632.5163295,-3.0,-6.0,6.0
1775300632.5263295,-1.0,-4.0,7.0
1775300632.5363295,0.0,-2.0,12.0
1775300632.5463295,-2.0,-7.0,19.0
1775300632.5563295,1.0,-7.0,19.0
1775300632.5663297,3.0,-7.0,18.0
1775300632.5763297,2.0,-6.0,17.0
1775300632.5863297,2.0,-1.0,8.0
1775300632.5963297,-1.0,0.0,5.0
1775300632.6063297,-4.0,-2.0,4.0
1775300632.6163297,-10.0,-1.0,12.0
1775300632.6263297,-3.0,-2.0,10.0
1775300632.6363297,0.0,-3.0,13.0
1775300632.6463296,-3.0,-6.0,9.0
1775300632.6563296,-2.0,-10.0,11.0
1775300632.6663296,0.0,-7.0,17.0
1775300632.6763296,-2.0,-6.0,13.0
1775300632.6863296,-6.0,-8.0,13.0
1775300632.6963296,-3.0,-7.0,15.0
1775300632.7063296,-6.0,-4.0,17.0
1775300632.7163296,-2.0,-3.0,18.0
1775300632.7263296,0.0,-5.0,19.0
1775300632.7363296,1.0,0.0,15.0
1775300632.7463295,-3.0,0.0,14.0
1775300632.7563295,-2.0,0.0,13.0
1775300632.7663295,-3.0,0.0,10.0
1775300632.7763295,-2.0,0.0,12.0
1775300632.7863295,-3.0,-1.0,13.0
1775300632.7963295,-1.0,0.0,6.0
1775300632.8063295,-3.0,6.0,6.0
1775300632.8163297,-4.0,4.0,7.0
1775300632.8263297,-4.0,1.0,7.0
1775300632.8363297,-5.0,1.0,8.0
1775300632.8463297,-2.0,1.0,7.0
1775300632.8563297,-1.0,0.0,6.0
1775300632.8663297,-5.0,2.0,8.0
1775300632.8763297,-4.0,0.0,7.0
1775300632.8863297,0.0,-5.0,2.0
1775300632.8963296,0.0,-3.0,9.0
1775300632.9063296,-2.0,0.0,12.0
1775300632.9163296,0.0,-1.0,14.0
1775300632.9263296,1.0,-3.0,21.0
1775300632.9363296,4.0,-2.0,14.0
1775300632.9463296,0.0,-3.0,11.0
1775300632.9563296,-1.0,-6.0,18.0
1775300632.9663296,0.0,-7.0,21.0
1775300632.9763296,2.0,-1.0,17.0
1775300632.9863296,1.0,-1.0,12.0
1775300632.9963295,2.0,0.0,15.0
1775300633.0063295,2.0,3.0,18.0
1775300633.0163295,-1.0,-3.0,12.0
1775300633.0263295,-1.0,-6.0,15.0
1775300633.0363295,1.0,-4.0,16.0
1775300633.0463295,3.0,-1.0,17.0
1775300633.0563295,0.0,-3.0,17.0
1775300633.0663297,-3.0,-2.0,19.0
1775300633.0763297,-6.0,-1.0,17.0
1775300633.0863297,-4.0,-3.0,19.0
1775300633.0963297,-4.0,-1.0,14.0
1775300633.1063297,-7.0,-2.0,11.0
1775300633.1163297,-6.0,-4.0,6.0
1775300633.1263297,-3.0,-6.0,3.0
1775300633.1363297,-3.0,-5.0,8.0
1775300633.1463296,-4.0,-1.0,10.0
1775300633.1563296,-1.0,1.0,5.0
1775300633.1663296,-4.0,2.0,14.0
1775300633.1763296,-3.0,5.0,14.0
1775300633.1863296,0.0,4.0,14.0
1775300633.1963296,0.0,3.0,15.0
1775300633.2063296,-3.0,1.0,14.0
1775300633.2163296,-6.0,2.0,12.0
1775300633.2263296,-6.0,2.0,14.0
1775300633.2363296,-6.0,0.0,15.0
1775300633.2463295,-4.0,-4.0,13.0
1775300633.2563295,-4.0,-5.0,12.0
1775300633.2663295,-4.0,-5.0,11.0
1775300633.2763295,-4.0,-1.0,11.0
1775300633.2863295,-4.0,-1.0,10.0
1775300633.2963295,-1.0,-1.0,5.0
1775300633.3063295,1.0,-2.0,6.0
1775300633.3163297,-1.0,0.0,3.0
1775300633.3263297,-2.0,0.0,1.0
1775300633.3363297,-3.0,2.0,2.0
1775300633.3463297,-2.0,1.0,3.0
1775300633.3563297,0.0,3.0,-1.0
1775300633.3663297,-5.0,4.0,2.0
1775300633.3763297,-7.0,3.0,7.0
1775300633.3863297,-10.0,1.0,8.0
1775300633.3963296,-10.0,0.0,15.0
1775300633.4063296,-10.0,-3.0,14.0
1775300633.4163296,-7.0,-6.0,15.0
1775300633.4263296,-6.0,-5.0,9.0
1775300633.4363296,-2.0,-3.0,14.0
1775300633.4463296,0.0,-2.0,8.0
1775300633.4563296,2.0,-1.0,6.0
1775300633.4663296,2.0,0.0,9.0
1775300633.4763296,0.0,-4.0,12.0
1775300633.4863296,1.0,-3.0,10.0
1775300633.4963295,0.0,-1.0,10.0
1775300633.5063295,0.0,-5.0,8.0
1775300633.5163295,2.0,-3.0,7.0
1775300633.5263295,0.0,-1.0,8.0
1775300633.5363295,0.0,-2.0,6.0
1775300633.5463295,2.0,-5.0,12.0
1775300633.5563295,1.0,-6.0,14.0
1775300633.5663297,-2.0,-8.0,12.0
1775300633.5763297,0.0,-10.0,11.0
1775300633.5863297,0.0,-7.0,9.0
1775300633.5963297,-2.0,-7.0,8.0
1775300633.6063297,0.0,-8.0,11.0
1775300633.6163297,0.0,-8.0,8.0
1775300633.6263297,2.0,-7.0,7.0
1775300633.6363297,0.0,-2.0,1.0
1775300633.6463296,-2.0,0.0,3.0
1775300633.6563296,5.0,3.0,6.0
1775300633.6663296,8.0,-1.0,5.0
1775300633.6763296,5.0,2.0,5.0
1775300633.6863296,2.0,-1.0,5.0
1775300633.6963296,0.0,-5.0,9.0
1775300633.7063296,1.0,0.0,7.0
1775300633.7163296,0.0,5.0,10.0
1775300633.7263296,0.0,-1.0,7.0
1775300633.7363296,-1.0,-1.0,1.0
1775300633.7463295,-3.0,1.0,4.0
1775300633.7563295,-3.0,-4.0,4.0
1775300633.7663295,-5.0,-2.0,11.0
1775300633.7763295,-4.0,-2.0,16.0
1775300633.7863295,-4.0,-7.0,19.0
1775300633.7963295,-7.0,-6.0,17.0
1775300633.8063295,-4.0,-7.0,15.0
1775300633.8163297,-4.0,-6.0,20.0
1775300633.8263297,-7.0,-1.0,10.0
1775300633.8363297,-7.0,-5.0,9.0
1775300633.8463297,0.0,0.0,10.0
1775300633.8563297,0.0,0.0,10.0
1775300633.8663297,1.0,5.0,15.0
1775300633.8763297,1.0,3.0,16.0
1775300633.8863297,1.0,3.0,16.0
1775300633.8963296,0.0,5.0,17.0
1775300633.9063296,-1.0,5.0,10.0
1775300633.9163296,4.0,7.0,7.0
1775300633.9263296,3.0,6.0,10.0
1775300633.9363296,6.0,0.0,17.0
1775300633.9463296,10.0,-3.0,17.0
1775300633.9563296,6.0,-3.0,13.0
1775300633.9663296,1.0,-2.0,14.0
1775300633.9763296,-1.0,2.0,15.0
1775300633.9863296,-3.0,2.0,10.0
1775300633.9963295,0.0,0.0,15.0
1775300634.0063295,2.0,2.0,16.0
1775300634.0163295,-2.0,3.0,22.0
1775300634.0263295,-5.0,0.0,16.0
1775300634.0363295,-4.0,3.0,8.0
1775300634.0463295,-5.0,0.0,7.0
1775300634.0563295,-3.0,-1.0,12.0
1775300634.0663297,-1.0,-2.0,12.0
1775300634.0763297,2.0,-5.0,12.0
1775300634.0863297,6.0,-7.0,12.0
1775300634.0963297,5.0,0.0,10.0
1775300634.1063297,0.0,0.0,17.0
1775300634.1163297,-2.0,0.0,16.0
1775300634.1263297,-1.0,0.0,16.0
1775300634.1363297,-2.0,1.0,21.0
1775300634.1463296,-1.0,0.0,17.0
1775300634.1563296,2.0,-2.0,18.0
1775300634.1663296,3.0,0.0,21.0
1775300634.1763296,3.0,-1.0,18.0
1775300634.1863296,2.0,0.0,16.0
1775300634.1963296,3.0,1.0,20.0
1775300634.2063296,6.0,1.0,14.0
1775300634.2163296,2.0,0.0,7.0
1775300634.2263296,0.0,-5.0,1.0
1775300634.2363296,-1.0,-7.0,1.0
1775300634.2463295,-1.0,-6.0,1.0
1775300634.2563295,-5.0,-1.0,1.0
1775300634.2663295,-6.0,-4.0,10.0
1775300634.2763295,-2.0,-10.0,10.0
1775300634.2863295,-3.0,-9.0,10.0
1775300634.2963295,-4.0,-9.0,5.0
1775300634.3063295,1.0,-13.0,-1.0
1775300634.3163297,2.0,-10.0,2.0
1775300634.3263297,2.0,-11.0,3.0
1775300634.3363297,3.0,-9.0,-2.0
1775300634.3463297,1.0,-6.0,0.0
1775300634.3563297,1.0,-6.0,4.0
1775300634.3663297,-1.0,-4.0,10.0
1775300634.3763297,2.0,-5.0,16.0
1775300634.3863297,-1.0,-5.0,11.0
1775300634.3963296,-7.0,-6.0,6.0
1775300634.4063296,-6.0,-5.0,0.0
1775300634.4163296,-4.0,-7.0,3.0
1775300634.4263296,0.0,-5.0,-2.0
1775300634.4363296,0.0,-3.0,-3.0
1775300634.4463296,0.0,-2.0,-1.0
1775300634.4563296,4.0,1.0,-1.0
1775300634.4663296,2.0,0.0,6.0
1775300634.4763296,2.0,-1.0,7.0
1775300634.4863296,0.0,1.0,6.0
1775300634.4963295,2.0,0.0,9.0
1775300634.5063295,4.0,-1.0,8.0
1775300634.5163295,4.0,-4.0,11.0
1775300634.5263295,7.0,-2.0,13.0
1775300634.5363295,4.0,0.0,10.0
1775300634.5463295,3.0,1.0,8.0
1775300634.5563295,0.0,3.0,7.0
1775300634.5663297,0.0,7.0,9.0
1775300634.5763297,0.0,6.0,3.0
1775300634.5863297,0.0,5.0,0.0
1775300634.5963297,2.0,5.0,3.0
1775300634.6063297,4.0,1.0,8.0
1775300634.6163297,5.0,0.0,10.0
1775300634.6273296,0.0,0.0,9.0
1775300634.6373296,5.0,0.0,3.0
1775300634.6473296,1.0,-3.0,2.0
1775300634.6573296,0.0,0.0,6.0
1775300634.6673295,1.0,-1.0,2.0
1775300634.6773295,0.0,-3.0,3.0
1775300634.6873295,-2.0,-2.0,-1.0
1775300634.6973295,0.0,-1.0,-3.0
1775300634.7073295,0.0,-1.0,-2.0
1775300634.7173295,-1.0,2.0,0.0
1775300634.7273295,-2.0,1.0,0.0
1775300634.7373295,-6.0,0.0,0.0
1775300634.7473297,-7.0,1.0,3.0
1775300634.7573297,-3.0,0.0,1.0
1775300634.7673297,2.0,-1.0,-1.0
1775300634.7773297,2.0,-2.0,-2.0
1775300634.7873297,0.0,-4.0,0.0
1775300634.7973297,-3.0,-5.0,13.0
1775300634.8073297,-2.0,-5.0,11.0
1775300634.8173296,-1.0,-2.0,10.0
1775300634.8273296,-4.0,-1.0,11.0
1775300634.8373296,-5.0,1.0,11.0
1775300634.8473296,-2.0,4.0,9.0
1775300634.8573296,-2.0,5.0,8.0
1775300634.8673296,0.0,3.0,8.0
1775300634.8773296,2.0,0.0,11.0
1775300634.8873296,0.0,1.0,9.0
1775300634.8973296,0.0,3.0,7.0
1775300634.9073296,1.0,2.0,9.0
1775300634.9173295,0.0,0.0,7.0
1775300634.9273295,1.0,0.0,9.0
1775300634.9373295,-1.0,2.0,6.0
1775300634.9473295,2.0,1.0,8.0
1775300634.9573295,2.0,3.0,9.0
1775300634.9673295,4.0,0.0,10.0
1775300634.9773295,3.0,2.0,4.0
1775300634.9873295,0.0,0.0,9.0
1775300634.9973297,-5.0,-1.0,8.0
1775300635.0073297,-6.0,0.0,7.0
1775300635.0173297,-4.0,-3.0,9.0
1775300635.0273297,0.0,-4.0,14.0
1775300635.0373297,0.0,-3.0,14.0
1775300635.0473297,2.0,-3.0,5.0
1775300635.0573297,3.0,-2.0,8.0
1775300635.0673296,4.0,-2.0,7.0
1775300635.0773296,0.0,-6.0,6.0
1775300635.0873296,-5.0,-5.0,9.0
1775300635.0973296,-5.0,-2.0,8.0
1775300635.1073296,-4.0,-1.0,8.0
1775300635.1173296,-2.0,-2.0,9.0
1775300635.1273296,-3.0,-3.0,10.0
1775300635.1373296,-4.0,-7.0,10.0
1775300635.1473296,-2.0,-8.0,5.0
1775300635.1573296,-7.0,-6.0,1.0
1775300635.1673295,-6.0,-8.0,1.0
1775300635.1773295,-2.0,-3.0,0.0
1775300635.1873295,5.0,-3.0,5.0
1775300635.1973295,4.0,-2.0,0.0
1775300635.2073295,0.0,0.0,8.0
1775300635.2173295,-1.0,0.0,7.0
1775300635.2273295,-1.0,0.0,10.0
1775300635.2373295,0.0,-1.0,8.0
1775300635.2473297,-1.0,0.0,14.0
1775300635.2573297,-4.0,-1.0,10.0
1775300635.2673297,0.0,1.0,3.0
1775300635.2773297,0.0,-1.0,9.0
1775300635.2873297,0.0,-3.0,2.0
1775300635.2973297,0.0,-2.0,1.0
1775300635.3073297,2.0,0.0,0.0
1775300635.3173296,-2.0,1.0,2.0
1775300635.3273296,2.0,3.0,3.0
1775300635.3373296,4.0,-1.0,4.0
1775300635.3473296,6.0,4.0,1.0
1775300635.3573296,3.0,0.0,-3.0
1775300635.3673296,-1.0,-1.0,-4.0
1775300635.3773296,-3.0,-1.0,3.0
1775300635.3873296,-4.0,-1.0,7.0
1775300635.3973296,-2.0,-3.0,9.0
1775300635.4073296,2.0,-4.0,11.0
1775300635.4173295,2.0,-3.0,12.0
1775300635.4273295,1.0,-1.0,15.0
1775300635.4373295,0.0,1.0,15.0
1775300635.4473295,-1.0,2.0,23.0
1775300635.4573295,0.0,0.0,25.0
1775300635.4673295,1.0,0.0,22.0
1775300635.4773295,0.0,1.0,19.0
1775300635.4873295,0.0,1.0,10.0
1775300635.4973297,-3.0,0.0,7.0
1775300635.5073297,0.0,0.0,9.0
1775300635.5173297,0.0,-1.0,5.0
1775300635.5273297,0.0,-1.0,5.0
1775300635.5373297,2.0,1.0,5.0
1775300635.5473297,2.0,3.0,5.0
1775300635.5573297,4.0,-1.0,6.0
1775300635.5673296,3.0,-3.0,5.0
1775300635.5773296,-5.0,-1.0,12.0
1775300635.5873296,-8.0,1.0,11.0
1775300635.5973296,-3.0,-2.0,14.0
1775300635.6073296,0.0,-6.0,11.0
1775300635.6173296,0.0,-7.0,7.0
1775300635.6273296,0.0,-6.0,3.0
1775300635.6373296,0.0,-2.0,4.0
1775300635.6473296,2.0,2.0,1.0
1775300635.6573296,3.0,4.0,7.0
1775300635.6673295,6.0,3.0,8.0
1775300635.6773295,4.0,1.0,9.0
1775300635.6873295,1.0,1.0,11.0
1775300635.6973295,-3.0,1.0,10.0
1775300635.7073295,-5.0,2.0,7.0
1775300635.7173295,-4.0,1.0,13.0
1775300635.7273295,-4.0,-4.0,13.0
1775300635.7373295,-5.0,-7.0,17.0
1775300635.7473297,-10.0,-10.0,14.0
1775300635.7573297,-8.0,-9.0,13.0
1775300635.7673297,-2.0,-5.0,16.0
1775300635.7773297,0.0,-4.0,7.0
1775300635.7873297,-4.0,-3.0,9.0
1775300635.7973297,-7.0,-1.0,10.0
1775300635.8073297,-6.0,1.0,10.0
1775300635.8173296,-6.0,0.0,5.0
1775300635.8273296,-7.0,3.0,1.0
1775300635.8373296,-3.0,3.0,0.0
1775300635.8473296,-2.0,4.0,4.0
1775300635.8573296,-5.0,0.0,9.0
1775300635.8673296,-6.0,3.0,12.0
1775300635.8773296,-8.0,4.0,14.0
1775300635.8873296,-8.0,3.0,11.0
1775300635.8973296,0.0,1.0,15.0
1775300635.9073296,8.0,2.0,14.0
1775300635.9173295,6.0,1.0,13.0
1775300635.9273295,7.0,1.0,13.0
1775300635.9373295,5.0,1.0,12.0
1775300635.9473295,3.0,1.0,13.0
1775300635.9573295,0.0,0.0,10.0
1775300635.9673295,-7.0,0.0,15.0
1775300635.9773295,-9.0,4.0,16.0
1775300635.9873295,-3.0,1.0,15.0
1775300635.9973297,-2.0,5.0,10.0
1775300636.0073297,0.0,4.0,7.0
1775300636.0173297,-4.0,4.0,10.0
1775300636.0273297,-5.0,4.0,8.0
1775300636.0373297,-2.0,-1.0,12.0
1775300636.0473297,0.0,-1.0,15.0
1775300636.0573297,-1.0,1.0,12.0
1775300636.0673296,3.0,0.0,12.0
1775300636.0773296,0.0,-1.0,16.0
1775300636.0873296,-2.0,0.0,22.0
1775300636.0973296,-4.0,0.0,15.0
1775300636.1073296,0.0,-1.0,12.0
1775300636.1173296,0.0,-5.0,8.0
1775300636.1273296,-1.0,-7.0,3.0
1775300636.1373296,0.0,-4.0,2.0
1775300636.1473296,1.0,-5.0,1.0
1775300636.1573296,0.0,-6.0,0.0
1775300636.1673295,0.0,0.0,-1.0
1775300636.1773295,1.0,5.0,3.0
1775300636.1873295,2.0,4.0,2.0
1775300636.1973295,1.0,1.0,1.0
1775300636.2073295,0.0,0.0,3.0
1775300636.2173295,0.0,0.0,2.0
1775300636.2273295,-8.0,0.0,-1.0
1775300636.2373295,-6.0,-1.0,-2.0
1775300636.2473297,-3.0,0.0,0.0
1775300636.2573297,1.0,0.0,5.0
1775300636.2673297,0.0,-1.0,5.0
1775300636.2773297,3.0,0.0,4.0
1775300636.2873297,3.0,-1.0,3.0
1775300636.2973297,5.0,-4.0,7.0
1775300636.3073297,5.0,0.0,16.0
1775300636.3173296,5.0,-2.0,9.0
1775300636.3273296,5.0,-2.0,19.0
1775300636.3373296,7.0,-5.0,17.0
1775300636.3473296,5.0,-7.0,18.0
1775300636.3573296,1.0,-8.0,17.0
1775300636.3673296,1.0,-9.0,16.0
1775300636.3773296,5.0,-4.0,16.0
1775300636.3873296,8.0,-3.0,16.0
1775300636.3973296,4.0,-5.0,16.0
1775300636.4073296,-2.0,-4.0,15.0
1775300636.4173295,-1.0,0.0,18.0
1775300636.4273295,1.0,-2.0,19.0
1775300636.4373295,-4.0,-3.0,14.0
1775300636.4473295,-4.0,0.0,13.0
1775300636.4573295,-1.0,-2.0,16.0
1775300636.4673295,-1.0,-3.0,21.0
1775300636.4773295,-3.0,-4.0,20.0
1775300636.4873295,-3.0,-1.0,16.0
1775300636.4973297,-1.0,-1.0,9.0
1775300636.5073297,-3.0,-2.0,8.0
1775300636.5173297,1.0,-4.0,12.0
1775300636.5273297,3.0,-1.0,8.0
1775300636.5373297,7.0,0.0,11.0
1775300636.5473297,11.0,0.0,14.0
1775300636.5573297,4.0,0.0,11.0
1775300636.5673296,4.0,-2.0,9.0
1775300636.5773296,-1.0,0.0,10.0
1775300636.5873296,2.0,1.0,8.0
1775300636.5973296,3.0,0.0,5.0
1775300636.6073296,2.0,1.0,1.0
1775300636.6173296,-1.0,-1.0,1.0
1775300636.6273296,-1.0,-6.0,7.0
1775300636.6373296,0.0,-6.0,8.0
1775300636.6473296,2.0,-6.0,10.0
1775300636.6573296,0.0,-6.0,9.0
1775300636.6673295,-1.0,-4.0,10.0
1775300636.6773295,0.0,-1.0,10.0
1775300636.6873295,1.0,0.0,5.0
1775300636.6973295,-1.0,0.0,2.0
1775300636.7073295,-7.0,1.0,-1.0
1775300636.7173295,-5.0,4.0,2.0
1775300636.7273295,-9.0,2.0,3.0
1775300636.7373295,-4.0,1.0,0.0
1775300636.7473297,-4.0,1.0,-4.0
1775300636.7573297,-3.0,-1.0,-4.0
1775300636.7673297,-1.0,0.0,2.0
1775300636.7773297,0.0,0.0,1.0
1775300636.7873297,-1.0,1.0,1.0
1775300636.7973297,1.0,-4.0,1.0
1775300636.8073297,-3.0,-3.0,4.0
1775300636.8173296,-5.0,-1.0,6.0
1775300636.8273296,0.0,-3.0,8.0
1775300636.8373296,0.0,-3.0,6.0
1775300636.8473296,0.0,-4.0,9.0
1775300636.8573296,4.0,-7.0,11.0
1775300636.8673296,4.0,0.0,13.0
1775300636.8773296,2.0,-4.0,16.0
1775300636.8873296,-1.0,-4.0,14.0
1775300636.8973296,-4.0,-4.0,8.0
1775300636.9083295,-5.0,1.0,5.0
1775300636.9173295,-6.0,3.0,-3.0
1775300636.9283297,-4.0,4.0,-4.0
1775300636.9383297,-2.0,4.0,-8.0
1775300636.9483297,-3.0,3.0,-2.0
1775300636.9583297,-4.0,0.0,0.0
1775300636.9683297,-3.0,1.0,3.0
1775300636.9783297,-2.0,3.0,0.0
1775300636.9883296,-5.0,1.0,7.0
1775300636.9983296,-3.0,-1.0,4.0
1775300637.0083296,0.0,0.0,0.0
1775300637.0183296,0.0,0.0,3.0
1775300637.0283296,-2.0,-2.0,7.0
1775300637.0383296,0.0,-1.0,2.0
1775300637.0483296,-1.0,-2.0,7.0
1775300637.0583296,0.0,0.0,11.0
1775300637.0683296,4.0,-1.0,13.0
1775300637.0783296,7.0,1.0,11.0
1775300637.0883296,2.0,2.0,12.0
1775300637.0983295,-4.0,1.0,1.0
1775300637.1083295,-3.0,-1.0,-3.0
1775300637.1183295,-3.0,3.0,-2.0
1775300637.1283295,-7.0,5.0,0.0
1775300637.1383295,-10.0,6.0,0.0
1775300637.1483295,-4.0,3.0,5.0
1775300637.1583295,-2.0,7.0,8.0
1775300637.1683297,-1.0,8.0,4.0
1775300637.1783297,1.0,9.0,5.0
1775300637.1883297,-5.0,5.0,8.0
1775300637.1983297,-4.0,6.0,11.0
1775300637.2083297,-5.0,4.0,11.0
1775300637.2183297,-8.0,6.0,9.0
1775300637.2283297,-10.0,3.0,14.0
1775300637.2383296,-3.0,2.0,11.0
1775300637.2483296,-1.0,2.0,7.0
1775300637.2583296,-1.0,0.0,10.0
1775300637.2683296,1.0,2.0,7.0
1775300637.2783296,-3.0,2.0,1.0
1775300637.2883296,0.0,3.0,4.0
1775300637.2983296,-4.0,2.0,5.0
1775300637.3083296,-3.0,0.0,10.0
1775300637.3183296,-3.0,3.0,18.0
1775300637.3283296,-4.0,2.0,18.0
1775300637.3383296,-4.0,4.0,16.0
1775300637.3483295,-7.0,6.0,14.0
1775300637.3583295,-5.0,3.0,12.0
1775300637.3683295,-4.0,4.0,10.0
1775300637.3783295,-2.0,1.0,11.0
1775300637.3883295,-1.0,1.0,3.0
1775300637.3983295,1.0,3.0,-1.0
1775300637.4083295,-1.0,7.0,-2.0
1775300637.4183297,-3.0,4.0,6.0
1775300637.4283297,-4.0,2.0,11.0
1775300637.4383297,-5.0,4.0,12.0
1775300637.4483297,-4.0,2.0,14.0
1775300637.4583297,-4.0,3.0,12.0
1775300637.4683297,-1.0,0.0,8.0
1775300637.4783297,-5.0,0.0,1.0
1775300637.4883296,-1.0,2.0,3.0
1775300637.4983296,0.0,5.0,2.0
1775300637.5083296,-1.0,4.0,0.0
1775300637.5183296,-3.0,1.0,1.0
1775300637.5283296,1.0,0.0,1.0
1775300637.5383296,-4.0,-1.0,6.0
1775300637.5483296,-4.0,2.0,9.0
1775300637.5583296,-5.0,3.0,9.0
1775300637.5683296,-5.0,4.0,11.0
1775300637.5783296,0.0,2.0,11.0
1775300637.5883296,2.0,0.0,16.0
1775300637.5983295,-1.0,0.0,18.0
1775300637.6083295,0.0,0.0,23.0
1775300637.6183295,-4.0,4.0,20.0
1775300637.6283295,-5.0,4.0,11.0
1775300637.6383295,-6.0,-5.0,10.0
1775300637.6483295,-6.0,-6.0,4.0
1775300637.6583295,-6.0,-6.0,0.0
1775300637.6683297,-1.0,-4.0,0.0
1775300637.6783297,0.0,-3.0,-2.0
1775300637.6883297,-2.0,-5.0,3.0
1775300637.6983297,2.0,-6.0,8.0
1775300637.7083297,2.0,-10.0,10.0
1775300637.7183297,0.0,-9.0,9.0
1775300637.7283297,1.0,-7.0,16.0
1775300637.7383296,2.0,-4.0,12.0
1775300637.7483296,-1.0,-4.0,15.0
1775300637.7583296,-1.0,-1.0,16.0
1775300637.7683296,2.0,-5.0,14.0
1775300637.7783296,0.0,-3.0,13.0
1775300637.7883296,-3.0,-3.0,13.0
1775300637.7983296,0.0,0.0,10.0
1775300637.8083296,0.0,4.0,11.0
1775300637.8183296,5.0,9.0,13.0
1775300637.8283296,5.0,6.0,18.0
1775300637.8383296,4.0,2.0,18.0
1775300637.8483295,1.0,-1.0,19.0
1775300637.8583295,1.0,-2.0,16.0
1775300637.8683295,-4.0,-2.0,7.0
1775300637.8783295,-3.0,0.0,1.0
1775300637.8883295,-5.0,0.0,6.0
1775300637.8983295,-1.0,0.0,10.0
1775300637.9083295,-1.0,1.0,10.0
1775300637.9183297,-2.0,0.0,8.0
1775300637.9283297,-1.0,2.0,5.0
1775300637.9383297,4.0,1.0,8.0
1775300637.9483297,1.0,0.0,10.0
1775300637.9583297,2.0,-1.0,12.0
1775300637.9683297,2.0,0.0,16.0
1775300637.9783297,1.0,0.0,16.0
1775300637.9883296,-4.0,-3.0,11.0
1775300637.9983296,0.0,-5.0,8.0
1775300638.0083296,5.0,-5.0,7.0
1775300638.0183296,5.0,-1.0,1.0
1775300638.0283296,7.0,0.0,-3.0
1775300638.0383296,6.0,0.0,-4.0
1775300638.0483296,8.0,-5.0,-5.0
1775300638.0583296,2.0,-7.0,-8.0
1775300638.0683296,2.0,-7.0,-5.0
1775300638.0783296,4.0,-6.0,4.0
1775300638.0883296,0.0,-8.0,11.0
1775300638.0983295,3.0,-9.0,21.0
1775300638.1083295,5.0,-4.0,15.0
1775300638.1183295,7.0,-2.0,13.0
1775300638.1283295,6.0,-4.0,9.0
1775300638.1383295,3.0,-6.0,1.0
1775300638.1483295,1.0,-4.0,-3.0
1775300638.1583295,1.0,-1.0,4.0
1775300638.1683297,3.0,-2.0,10.0
1775300638.1783297,4.0,-8.0,17.0
1775300638.1883297,1.0,-7.0,19.0
1775300638.1983297,-1.0,-6.0,20.0
1775300638.2083297,1.0,-7.0,17.0
1775300638.2183297,-4.0,-8.0,17.0
1775300638.2283297,-5.0,-7.0,17.0
1775300638.2383296,-5.0,-11.0,8.0
1775300638.2483296,0.0,-9.0,8.0
1775300638.2583296,-1.0,-6.0,4.0
1775300638.2683296,1.0,-5.0,-2.0
1775300638.2783296,2.0,-6.0,-4.0
1775300638.2883296,0.0,-4.0,-3.0
1775300638.2983296,3.0,-5.0,0.0
1775300638.3083296,-2.0,-4.0,0.0
1775300638.3183296,-2.0,0.0,5.0
1775300638.3283296,-3.0,-2.0,5.0
1775300638.3383296,3.0,-2.0,4.0
1775300638.3483295,4.0,0.0,6.0
1775300638.3583295,1.0,1.0,6.0
1775300638.3683295,-3.0,1.0,-3.0
1775300638.3783295,-1.0,0.0,2.0
1775300638.3883295,0.0,-2.0,2.0
1775300638.3983295,-2.0,-2.0,4.0
1775300638.4083295,-3.0,-2.0,0.0
1775300638.4183297,-3.0,-3.0,-3.0
1775300638.4283297,-5.0,-1.0,-2.0
1775300638.4383297,-6.0,0.0,1.0
1775300638.4483297,-4.0,2.0,5.0
1775300638.4583297,2.0,-1.0,7.0
1775300638.4683297,2.0,-1.0,7.0
1775300638.4783297,-2.0,-1.0,8.0
1775300638.4883296,-1.0,-3.0,7.0
1775300638.4983296,-1.0,-3.0,4.0
1775300638.5083296,-1.0,-5.0,4.0
1775300638.5183296,5.0,-9.0,8.0
1775300638.5283296,3.0,-10.0,9.0
1775300638.5383296,6.0,-9.0,11.0
1775300638.5483296,2.0,-8.0,10.0
1775300638.5583296,1.0,-8.0,4.0
1775300638.5683296,4.0,-8.0,3.0
1775300638.5783296,3.0,-5.0,8.0
1775300638.5883296,0.0,-3.0,9.0
1775300638.5983295,0.0,0.0,5.0
1775300638.6083295,-2.0,-3.0,0.0
1775300638.6183295,-3.0,-1.0,-5.0
1775300638.6283295,-3.0,-1.0,-1.0
1775300638.6383295,0.0,-5.0,0.0
1775300638.6483295,3.0,-8.0,5.0
1775300638.6583295,0.0,-9.0,15.0
1775300638.6683297,3.0,-5.0,15.0
1775300638.6783297,0.0,-4.0,16.0
1775300638.6883297,0.0,-3.0,11.0
1775300638.6983297,1.0,-1.0,11.0
1775300638.7083297,1.0,0.0,14.0
1775300638.7183297,1.0,-1.0,13.0
1775300638.7283297,3.0,1.0,14.0
1775300638.7383296,2.0,-1.0,17.0
1775300638.7483296,2.0,-5.0,14.0
1775300638.7583296,5.0,-6.0,10.0
1775300638.7683296,9.0,-5.0,8.0
1775300638.7783296,10.0,0.0,7.0
1775300638.7883296,6.0,-2.0,12.0
1775300638.7983296,2.0,-2.0,14.0
1775300638.8083296,0.0,-2.0,12.0
1775300638.8183296,2.0,-3.0,16.0
1775300638.8283296,4.0,-11.0,17.0
1775300638.8383296,5.0,-9.0,16.0
1775300638.8483295,5.0,-6.0,20.0
1775300638.8583295,2.0,-8.0,19.0
1775300638.8683295,1.0,-4.0,13.0
1775300638.8783295,1.0,-8.0,6.0
1775300638.8883295,-2.0,-7.0,4.0
1775300638.8983295,-3.0,-10.0,6.0
1775300638.9083295,-7.0,-10.0,7.0
1775300638.9183297,-7.0,-7.0,5.0
1775300638.9283297,-6.0,-5.0,3.0
1775300638.9383297,-7.0,-2.0,0.0
1775300638.9483297,-5.0,-1.0,3.0
1775300638.9583297,-2.0,0.0,3.0
1775300638.9683297,-3.0,0.0,6.0
1775300638.9783297,-2.0,2.0,8.0
1775300638.9883296,-1.0,2.0,14.0
1775300638.9983296,2.0,1.0,12.0
1775300639.0083296,4.0,-2.0,7.0
1775300639.0183296,-2.0,-2.0,1.0
1775300639.0283296,-6.0,-2.0,4.0
1775300639.0383296,-7.0,-1.0,5.0
1775300639.0483296,-1.0,0.0,8.0
1775300639.0583296,-1.0,-1.0,8.0
1775300639.0683296,0.0,-2.0,9.0
1775300639.0783296,1.0,-1.0,7.0
1775300639.0883296,0.0,-3.0,9.0
1775300639.0983295,0.0,-3.0,7.0
1775300639.1083295,-1.0,-3.0,1.0
1775300639.1183295,0.0,-3.0,3.0
1775300639.1283295,-1.0,-2.0,3.0
1775300639.1383295,-2.0,0.0,8.0
1775300639.1483295,-6.0,-2.0,10.0
1775300639.1583295,-1.0,-1.0,15.0
1775300639.1683297,3.0,2.0,11.0
1775300639.1783297,3.0,0.0,8.0
1775300639.1883297,1.0,0.0,11.0
1775300639.1993296,5.0,-2.0,12.0
1775300639.2093296,5.0,0.0,10.0
1775300639.2193296,5.0,-3.0,11.0
1775300639.2283297,6.0,-3.0,15.0
1775300639.2393296,4.0,2.0,18.0
1775300639.2493296,8.0,0.0,14.0
1775300639.2593296,8.0,-2.0,15.0
1775300639.2693295,8.0,-2.0,16.0
1775300639.2793295,6.0,-1.0,5.0
1775300639.2893295,1.0,-3.0,6.0
1775300639.2993295,1.0,-2.0,9.0
1775300639.3093295,4.0,-1.0,8.0
1775300639.3193295,1.0,0.0,13.0
1775300639.3293295,-2.0,0.0,11.0
1775300639.3393295,1.0,0.0,11.0
1775300639.3493297,2.0,2.0,12.0
1775300639.3593297,-2.0,1.0,13.0
1775300639.3693297,-4.0,-1.0,11.0
1775300639.3793297,-4.0,-1.0,12.0
1775300639.3893297,-5.0,-3.0,11.0
1775300639.3993297,-4.0,1.0,7.0
1775300639.4093297,-2.0,4.0,7.0
1775300639.4193296,-1.0,2.0,8.0
1775300639.4293296,-1.0,1.0,7.0
1775300639.4393296,3.0,-1.0,14.0
1775300639.4493296,5.0,-1.0,7.0
1775300639.4593296,1.0,-4.0,6.0
1775300639.4693296,0.0,-5.0,5.0
1775300639.4793296,0.0,-3.0,10.0
1775300639.4893296,0.0,-1.0,10.0
1775300639.4993296,0.0,1.0,10.0
1775300639.5093296,2.0,0.0,8.0
1775300639.5193295,0.0,1.0,10.0
1775300639.5293295,1.0,0.0,4.0
1775300639.5393295,4.0,-1.0,5.0
1775300639.5493295,2.0,-2.0,8.0
1775300639.5593295,2.0,0.0,11.0
1775300639.5693295,1.0,2.0,16.0
1775300639.5793295,1.0,3.0,15.0
1775300639.5893295,-2.0,4.0,10.0
1775300639.5993297,-3.0,2.0,6.0
1775300639.6093297,0.0,-3.0,5.0
1775300639.6193297,-3.0,-5.0,1.0
1775300639.6293297,-2.0,-7.0,1.0
1775300639.6393297,-3.0,-2.0,0.0
1775300639.6493297,-5.0,-3.0,2.0
1775300639.6593297,0.0,-4.0,8.0
1775300639.6693296,2.0,-4.0,10.0
1775300639.6793296,3.0,-5.0,10.0
1775300639.6893296,1.0,-3.0,13.0
1775300639.6993296,-5.0,-4.0,17.0
1775300639.7093296,-5.0,-5.0,14.0
1775300639.7193296,0.0,-5.0,13.0
1775300639.7293296,2.0,-3.0,16.0
1775300639.7393296,-1.0,-3.0,13.0
1775300639.7493296,2.0,-3.0,16.0
1775300639.7593296,0.0,0.0,13.0
1775300639.7693295,0.0,-3.0,20.0
1775300639.7793295,-2.0,-4.0,19.0
1775300639.7893295,4.0,-4.0,16.0
1775300639.7993295,2.0,-1.0,18.0
1775300639.8093295,0.0,-2.0,17.0
1775300639.8193295,3.0,-1.0,23.0
1775300639.8293295,0.0,3.0,21.0
1775300639.8393295,-4.0,4.0,16.0
1775300639.8493297,-4.0,3.0,13.0
1775300639.8593297,-6.0,3.0,15.0
1775300639.8693297,-8.0,0.0,18.0
1775300639.8793297,-7.0,2.0,15.0
1775300639.8893297,-8.0,2.0,20.0
1775300639.8993297,-6.0,-2.0,18.0
1775300639.9093297,-2.0,2.0,16.0
1775300639.9193296,-3.0,2.0,11.0
1775300639.9293296,0.0,6.0,9.0
1775300639.9393296,5.0,8.0,7.0
1775300639.9493296,4.0,5.0,3.0
1775300639.9593296,4.0,5.0,8.0
1775300639.9693296,4.0,5.0,4.0
1775300639.9793296,3.0,4.0,3.0
1775300639.9893296,1.0,4.0,5.0
1775300639.9993296,2.0,1.0,8.0
1775300640.0093296,4.0,0.0,1.0
1775300640.0193295,0.0,1.0,4.0
1775300640.0293295,-2.0,0.0,0.0
1775300640.0393295,-5.0,5.0,7.0
1775300640.0493295,-4.0,5.0,10.0
1775300640.0593295,-6.0,4.0,7.0
1775300640.0693295,-2.0,1.0,5.0
1775300640.0793295,-1.0,0.0,2.0
1775300640.0893295,2.0,1.0,-3.0
1775300640.0993297,6.0,0.0,0.0
1775300640.1093297,5.0,1.0,5.0
1775300640.1193297,3.0,0.0,5.0
1775300640.1293297,5.0,-2.0,10.0
1775300640.1393297,2.0,-2.0,12.0
1775300640.1493297,0.0,-3.0,11.0
1775300640.1593297,-1.0,-2.0,12.0
1775300640.1693296,-5.0,-1.0,16.0
1775300640.1793296,-3.0,1.0,16.0
1775300640.1893296,-2.0,1.0,13.0
1775300640.1993296,1.0,1.0,12.0
1775300640.2093296,4.0,1.0,15.0
1775300640.2193296,3.0,4.0,13.0
1775300640.2293296,3.0,4.0,11.0
1775300640.2393296,-2.0,4.0,11.0
1775300640.2493296,-4.0,5.0,18.0
1775300640.2593296,-11.0,2.0,23.0
1775300640.2693295,-11.0,0.0,23.0
1775300640.2793295,-8.0,3.0,26.0
1775300640.2893295,-5.0,6.0,28.0
1775300640.2993295,-1.0,9.0,27.0
1775300640.3093295,-2.0,7.0,25.0
1775300640.3193295,-6.0,7.0,28.0
1775300640.3293295,-6.0,7.0,23.0
1775300640.3393295,-5.0,7.0,17.0
1775300640.3493297,-8.0,2.0,18.0
1775300640.3593297,-3.0,1.0,16.0
1775300640.3693297,-2.0,4.0,17.0
1775300640.3793297,-1.0,4.0,18.0
1775300640.3893297,-1.0,3.0,12.0
1775300640.3993297,-3.0,2.0,12.0
1775300640.4093297,0.0,0.0,16.0
1775300640.4193296,-1.0,0.0,22.0
1775300640.4293296,-1.0,-1.0,26.0
1775300640.4393296,3.0,-2.0,24.0
1775300640.4493296,0.0,-2.0,22.0
1775300640.4593296,-1.0,0.0,20.0
1775300640.4693296,1.0,0.0,18.0
1775300640.4793296,0.0,-3.0,15.0
1775300640.4893296,0.0,0.0,11.0
1775300640.4993296,-1.0,2.0,7.0
1775300640.5093296,-5.0,2.0,5.0
1775300640.5193295,-5.0,4.0,4.0
1775300640.5303297,-5.0,3.0,4.0
1775300640.5393295,-7.0,0.0,10.0
1775300640.5493295,-6.0,3.0,10.0
1775300640.5593295,-3.0,6.0,14.0
1775300640.5693295,-2.0,3.0,17.0
1775300640.5793295,0.0,0.0,21.0
1775300640.5893295,1.0,-2.0,13.0
1775300640.5993297,1.0,-2.0,13.0
1775300640.6093297,1.0,0.0,14.0
1775300640.6193297,0.0,0.0,11.0
1775300640.6293297,-5.0,2.0,6.0
1775300640.6393297,-2.0,0.0,0.0
1775300640.6493297,-1.0,1.0,4.0
1775300640.6593297,-4.0,1.0,8.0
1775300640.6693296,-2.0,1.0,11.0
1775300640.6793296,-4.0,0.0,9.0
1775300640.6893296,-2.0,0.0,9.0
1775300640.6993296,-1.0,-3.0,15.0
1775300640.7093296,-3.0,-3.0,14.0
1775300640.7193296,-8.0,0.0,14.0
1775300640.7293296,-6.0,-1.0,14.0
1775300640.7393296,-5.0,-2.0,5.0
1775300640.7493296,-5.0,-4.0,10.0
1775300640.7593296,-2.0,0.0,8.0
1775300640.7693295,0.0,4.0,16.0
1775300640.7793295,0.0,2.0,16.0
1775300640.7893295,1.0,6.0,15.0
1775300640.7993295,-1.0,2.0,19.0
1775300640.8093295,-3.0,3.0,17.0
1775300640.8193295,-1.0,0.0,24.0
1775300640.8293295,2.0,-1.0,24.0
1775300640.8393295,0.0,-4.0,22.0
1775300640.8493297,1.0,-6.0,19.0
1775300640.8593297,-3.0,0.0,22.0
1775300640.8693297,-6.0,-2.0,16.0
1775300640.8793297,-2.0,0.0,20.0
1775300640.8893297,0.0,5.0,16.0
1775300640.8993297,1.0,1.0,12.0
1775300640.9093297,2.0,0.0,16.0
1775300640.9193296,0.0,2.0,14.0
1775300640.9293296,-2.0,4.0,13.0
1775300640.9393296,-4.0,3.0,11.0
1775300640.9493296,-3.0,2.0,13.0
1775300640.9593296,-6.0,0.0,13.0
1775300640.9693296,-5.0,0.0,15.0
1775300640.9793296,-3.0,1.0,12.0
1775300640.9893296,-3.0,0.0,10.0
1775300640.9993296,0.0,-1.0,11.0
1775300641.0093296,-4.0,0.0,14.0
1775300641.0193295,-4.0,-2.0,14.0
1775300641.0293295,0.0,-2.0,15.0
1775300641.0393295,-1.0,-1.0,17.0
1775300641.0493295,1.0,0.0,7.0
1775300641.0593295,2.0,-2.0,3.0
1775300641.0693295,6.0,0.0,3.0
1775300641.0793295,2.0,2.0,3.0
1775300641.0893295,2.0,3.0,0.0
1775300641.0993297,-1.0,3.0,-2.0
1775300641.1093297,0.0,10.0,0.0
1775300641.1193297,1.0,8.0,10.0
1775300641.1293297,2.0,7.0,13.0
1775300641.1393297,5.0,6.0,20.0
1775300641.1493297,8.0,8.0,16.0
1775300641.1593297,6.0,6.0,16.0
1775300641.1693296,8.0,4.0,10.0
1775300641.1793296,6.0,3.0,9.0
1775300641.1893296,6.0,-1.0,7.0
1775300641.1993296,1.0,-4.0,10.0
1775300641.2093296,0.0,-4.0,15.0
1775300641.2193296,1.0,-1.0,16.0
1775300641.2293296,2.0,0.0,10.0
1775300641.2393296,2.0,-2.0,12.0
1775300641.2493296,0.0,0.0,18.0
1775300641.2593296,-1.0,0.0,15.0
1775300641.2693295,-2.0,0.0,15.0
1775300641.2793295,-4.0,-2.0,9.0
1775300641.2893295,-4.0,-2.0,8.0
1775300641.2993295,-1.0,0.0,8.0
1775300641.3093295,-2.0,0.0,10.0
1775300641.3193295,0.0,0.0,9.0
1775300641.3293295,0.0,1.0,13.0
1775300641.3393295,0.0,0.0,14.0
1775300641.3493297,0.0,-1.0,11.0
1775300641.3593297,-2.0,0.0,8.0
1775300641.3693297,0.0,0.0,2.0
1775300641.3793297,0.0,1.0,5.0
1775300641.3893297,0.0,3.0,5.0
1775300641.3993297,2.0,0.0,12.0
1775300641.4093297,2.0,-2.0,14.0
1775300641.4193296,1.0,2.0,14.0
1775300641.4293296,-2.0,0.0,17.0
1775300641.4393296,0.0,-2.0,12.0
1775300641.4493296,1.0,-2.0,13.0
1775300641.4593296,1.0,-2.0,7.0
1775300641.4693296,-2.0,-5.0,8.0
1775300641.4793296,-1.0,0.0,6.0
1775300641.4893296,-4.0,-3.0,2.0
1775300641.4993296,2.0,0.0,0.0
1775300641.5103295,0.0,3.0,1.0
1775300641.5203297,-1.0,2.0,8.0
1775300641.5303297,-6.0,2.0,4.0
1775300641.5403297,-7.0,2.0,2.0
1775300641.5503297,-7.0,0.0,7.0
1775300641.5603297,-6.0,0.0,10.0
1775300641.5703297,-2.0,-3.0,11.0
1775300641.5803297,-2.0,-6.0,17.0
1775300641.5903296,0.0,-6.0,11.0
1775300641.6003296,2.0,-5.0,5.0
1775300641.6103296,1.0,-6.0,3.0
1775300641.6203296,0.0,-10.0,2.0
1775300641.6303296,0.0,-11.0,14.0
1775300641.6403296,-4.0,-12.0,20.0
1775300641.6503296,-5.0,-8.0,17.0
1775300641.6603296,-1.0,-7.0,12.0
1775300641.6703296,-2.0,-4.0,1.0
1775300641.6803296,-5.0,-5.0,4.0
1775300641.6903296,-4.0,-5.0,6.0
1775300641.7003295,3.0,-8.0,10.0
1775300641.7103295,3.0,-4.0,11.0
1775300641.7203295,3.0,-3.0,8.0
1775300641.7303295,3.0,-7.0,5.0
1775300641.7403295,3.0,-8.0,4.0
1775300641.7503295,6.0,-5.0,3.0
1775300641.7603295,5.0,0.0,6.0
1775300641.7703297,8.0,-2.0,6.0
1775300641.7803297,7.0,-3.0,4.0
1775300641.7903297,2.0,-5.0,7.0
1775300641.8003297,1.0,-6.0,10.0
1775300641.8103297,-1.0,0.0,18.0
1775300641.8203297,-2.0,1.0,15.0
1775300641.8303297,1.0,1.0,10.0
1775300641.8403296,2.0,-1.0,8.0
1775300641.8503296,6.0,0.0,15.0
1775300641.8603296,1.0,-1.0,17.0
1775300641.8703296,-2.0,-2.0,20.0
1775300641.8803296,-2.0,-2.0,23.0
1775300641.8903296,-3.0,-2.0,25.0
1775300641.9003296,-5.0,-1.0,22.0
1775300641.9103296,-5.0,4.0,17.0
1775300641.9203296,-6.0,3.0,16.0
1775300641.9303296,-2.0,1.0,15.0
1775300641.9403296,-3.0,0.0,13.0
1775300641.9503295,-3.0,2.0,10.0
1775300641.9603295,-2.0,5.0,4.0
1775300641.9703295,2.0,4.0,1.0
1775300641.9803295,5.0,5.0,0.0
1775300641.9903295,7.0,3.0,0.0
1775300642.0003295,5.0,0.0,0.0
1775300642.0103295,0.0,-1.0,0.0
1775300642.0203297,0.0,0.0,-3.0
1775300642.0303297,2.0,6.0,-1.0
1775300642.0403297,0.0,1.0,-1.0
1775300642.0503297,0.0,0.0,0.0
1775300642.0603297,5.0,0.0,0.0
1775300642.0703297,2.0,-3.0,-10.0
1775300642.0803297,0.0,-3.0,-10.0
1775300642.0903296,-4.0,0.0,-7.0
1775300642.1003296,-4.0,0.0,-4.0
1775300642.1103296,1.0,3.0,-4.0
1775300642.1203296,-2.0,2.0,-1.0
1775300642.1303296,-1.0,3.0,9.0
1775300642.1403296,0.0,6.0,10.0
1775300642.1503296,2.0,6.0,11.0
1775300642.1603296,0.0,3.0,7.0
1775300642.1703296,2.0,-1.0,10.0
1775300642.1803296,4.0,-2.0,22.0
1775300642.1903296,0.0,1.0,19.0
1775300642.2003295,4.0,0.0,16.0
1775300642.2103295,1.0,0.0,13.0
1775300642.2203295,-1.0,-2.0,8.0
1775300642.2303295,-2.0,-10.0,15.0
1775300642.2403295,-3.0,-7.0,14.0
1775300642.2503295,-4.0,-6.0,16.0
1775300642.2603295,0.0,-3.0,20.0
1775300642.2703297,0.0,1.0,20.0
1775300642.2803297,0.0,4.0,17.0
1775300642.2903297,-2.0,4.0,23.0
1775300642.3003297,-1.0,4.0,21.0
1775300642.3103297,0.0,0.0,14.0
1775300642.3203297,4.0,0.0,13.0
1775300642.3303297,4.0,-2.0,8.0
1775300642.3403296,5.0,0.0,5.0
1775300642.3503296,7.0,-1.0,6.0
1775300642.3603296,6.0,-2.0,6.0
1775300642.3703296,5.0,-7.0,10.0
1775300642.3803296,3.0,-8.0,7.0
1775300642.3903296,1.0,-3.0,6.0
1775300642.4003296,1.0,-2.0,6.0
1775300642.4103296,0.0,0.0,6.0
1775300642.4203296,5.0,2.0,6.0
1775300642.4303296,0.0,-1.0,5.0
1775300642.4403296,-2.0,-1.0,6.0
1775300642.4503295,-4.0,0.0,5.0
1775300642.4603295,-3.0,-1.0,12.0
1775300642.4703295,-2.0,2.0,12.0
1775300642.4803295,-7.0,3.0,13.0
1775300642.4903295,-7.0,2.0,16.0
1775300642.5003295,-5.0,0.0,11.0
1775300642.5103295,-5.0,4.0,15.0
1775300642.5203297,0.0,3.0,7.0
1775300642.5303297,-2.0,3.0,3.0
1775300642.5403297,-3.0,5.0,4.0
1775300642.5503297,-1.0,1.0,8.0
1775300642.5603297,-4.0,3.0,4.0
1775300642.5703297,-3.0,2.0,1.0
1775300642.5803297,-1.0,0.0,-1.0
1775300642.5903296,0.0,1.0,-1.0
1775300642.6003296,-2.0,-1.0,0.0
1775300642.6103296,0.0,-1.0,-1.0
1775300642.6203296,0.0,0.0,0.0
1775300642.6303296,-1.0,0.0,4.0
1775300642.6403296,-4.0,4.0,10.0
1775300642.6503296,-2.0,-2.0,9.0
1775300642.6603296,0.0,-7.0,12.0
1775300642.6703296,4.0,-6.0,9.0
1775300642.6803296,0.0,-6.0,9.0
1775300642.6903296,-2.0,-5.0,11.0
1775300642.7003295,-3.0,-7.0,9.0
1775300642.7103295,-1.0,-8.0,12.0
1775300642.7203295,-1.0,-6.0,11.0
1775300642.7303295,-1.0,-4.0,10.0
1775300642.7403295,-3.0,-1.0,6.0
1775300642.7503295,-3.0,1.0,6.0
1775300642.7603295,-4.0,-2.0,7.0
1775300642.7703297,-4.0,-3.0,4.0
1775300642.7803297,-5.0,-4.0,2.0
1775300642.7903297,1.0,-8.0,1.0
1775300642.8003297,-1.0,-6.0,3.0
1775300642.8103297,-2.0,-8.0,0.0
1775300642.8203297,4.0,-8.0,0.0
1775300642.8303297,8.0,-6.0,0.0
1775300642.8403296,7.0,-7.0,3.0
1775300642.8503296,4.0,-3.0,6.0
1775300642.8603296,0.0,-2.0,8.0
1775300642.8703296,0.0,-1.0,13.0
1775300642.8803296,1.0,0.0,9.0
1775300642.8903296,2.0,1.0,9.0
1775300642.9003296,2.0,2.0,12.0
1775300642.9103296,2.0,2.0,10.0
1775300642.9203296,3.0,0.0,8.0
1775300642.9303296,2.0,-2.0,8.0
1775300642.9403296,1.0,-5.0,4.0
1775300642.9503295,-2.0,-6.0,6.0
1775300642.9603295,0.0,-4.0,6.0
1775300642.9703295,-2.0,-2.0,5.0
1775300642.9803295,-1.0,-3.0,12.0
1775300642.9903295,0.0,-1.0,7.0
1775300643.0003295,2.0,-5.0,1.0
1775300643.0103295,6.0,-6.0,0.0
1775300643.0203297,5.0,-5.0,-7.0
1775300643.0303297,3.0,-1.0,-4.0
1775300643.0403297,7.0,-1.0,0.0
1775300643.0503297,4.0,-1.0,-2.0
1775300643.0603297,6.0,-2.0,-2.0
1775300643.0703297,7.0,-2.0,7.0
1775300643.0803297,4.0,-1.0,14.0
1775300643.0903296,4.0,-2.0,9.0
1775300643.1003296,3.0,-4.0,7.0
1775300643.1103296,6.0,-2.0,8.0
1775300643.1203296,12.0,0.0,6.0
1775300643.1303296,9.0,-4.0,1.0
1775300643.1403296,8.0,-3.0,4.0
1775300643.1503296,8.0,0.0,2.0
1775300643.1603296,5.0,-1.0,2.0
1775300643.1703296,8.0,1.0,2.0
1775300643.1803296,6.0,2.0,6.0
1775300643.1903296,1.0,0.0,11.0
1775300643.2003295,2.0,2.0,10.0
1775300643.2103295,-1.0,-4.0,11.0
1775300643.2203295,1.0,-5.0,12.0
1775300643.2303295,5.0,-3.0,11.0
1775300643.2403295,4.0,2.0,11.0
1775300643.2503295,5.0,4.0,5.0
1775300643.2603295,5.0,2.0,12.0
1775300643.2703297,5.0,1.0,12.0
1775300643.2803297,4.0,4.0,12.0
1775300643.2903297,6.0,5.0,9.0
1775300643.3003297,6.0,2.0,3.0
1775300643.3103297,6.0,-3.0,3.0
1775300643.3203297,1.0,-3.0,7.0
1775300643.3303297,4.0,-6.0,7.0
1775300643.3403296,3.0,-3.0,6.0
1775300643.3503296,-2.0,-5.0,6.0
1775300643.3603296,-5.0,-8.0,6.0
1775300643.3703296,-4.0,-10.0,8.0
1775300643.3803296,-7.0,-9.0,8.0
1775300643.3903296,-8.0,-9.0,11.0
1775300643.4003296,-6.0,-9.0,7.0
1775300643.4103296,1.0,-7.0,12.0
1775300643.4203296,-3.0,-4.0,17.0
1775300643.4303296,-2.0,0.0,13.0
1775300643.4403296,-2.0,-5.0,8.0
1775300643.4503295,0.0,-6.0,4.0
1775300643.4603295,0.0,-8.0,6.0
1775300643.4703295,1.0,-4.0,13.0
1775300643.4803295,4.0,-3.0,14.0
1775300643.4903295,2.0,-7.0,10.0
1775300643.5003295,3.0,-4.0,9.0
1775300643.5103295,2.0,0.0,7.0
1775300643.5203297,0.0,2.0,7.0
1775300643.5303297,0.0,-1.0,4.0
1775300643.5403297,-1.0,1.0,1.0
1775300643.5503297,-3.0,6.0,2.0
1775300643.5603297,0.0,1.0,9.0
1775300643.5703297,1.0,0.0,17.0
1775300643.5803297,3.0,0.0,20.0
1775300643.5903296,2.0,-3.0,19.0
1775300643.6003296,0.0,-4.0,15.0
1775300643.6103296,3.0,-4.0,9.0
1775300643.6203296,3.0,-1.0,10.0
1775300643.6303296,6.0,0.0,7.0
1775300643.6403296,5.0,-3.0,7.0
1775300643.6503296,3.0,0.0,13.0
1775300643.6603296,3.0,1.0,12.0
1775300643.6703296,5.0,2.0,12.0
1775300643.6803296,2.0,2.0,4.0
1775300643.6903296,5.0,0.0,4.0
1775300643.7003295,6.0,1.0,2.0
1775300643.7103295,7.0,1.0,10.0
1775300643.7203295,0.0,0.0,9.0
1775300643.7303295,1.0,0.0,7.0
1775300643.7403295,-1.0,-1.0,7.0
1775300643.7503295,-3.0,-4.0,12.0
1775300643.7603295,-1.0,-3.0,22.0
1775300643.7703297,0.0,-3.0,19.0
1775300643.7803297,0.0,-3.0,20.0
1775300643.7903297,3.0,-7.0,16.0
1775300643.8003297,3.0,-3.0,12.0
1775300643.8103297,1.0,-2.0,15.0
1775300643.8203297,1.0,-4.0,8.0
1775300643.8313296,2.0,-5.0,13.0
1775300643.8413296,1.0,-5.0,19.0
1775300643.8513296,3.0,-5.0,14.0
1775300643.8613296,5.0,-4.0,12.0
1775300643.8713295,4.0,-1.0,9.0
1775300643.8813295,6.0,-3.0,3.0
1775300643.8913295,2.0,0.0,4.0
1775300643.9013295,-1.0,0.0,4.0
1775300643.9113295,-2.0,0.0,11.0
1775300643.9213295,1.0,0.0,10.0
1775300643.9313295,6.0,0.0,7.0
1775300643.9413297,3.0,0.0,8.0
1775300643.9513297,4.0,1.0,10.0
1775300643.9613297,-1.0,-3.0,3.0
1775300643.9713297,2.0,-3.0,-1.0
1775300643.9813297,-3.0,-2.0,1.0
1775300643.9913297,-3.0,-1.0,7.0
1775300644.0013297,-2.0,-4.0,6.0
1775300644.0113297,1.0,-1.0,6.0
1775300644.0213296,4.0,1.0,3.0
1775300644.0313296,6.0,2.0,3.0
1775300644.0413296,3.0,3.0,15.0
1775300644.0513296,1.0,0.0,12.0
1775300644.0613296,-1.0,0.0,11.0
1775300644.0713296,0.0,1.0,8.0
1775300644.0813296,6.0,-1.0,2.0
1775300644.0913296,5.0,-2.0,6.0
1775300644.1013296,0.0,-3.0,4.0
1775300644.1113296,1.0,-3.0,7.0
1775300644.1213295,-4.0,-7.0,8.0
1775300644.1313295,-3.0,-9.0,6.0
1775300644.1413295,-8.0,-4.0,9.0
1775300644.1513295,-10.0,-8.0,10.0
1775300644.1613295,-14.0,-5.0,3.0
1775300644.1713295,-8.0,-3.0,0.0
1775300644.1813295,-2.0,-3.0,3.0
1775300644.1913297,-5.0,-6.0,7.0
1775300644.2013297,-4.0,-2.0,5.0
1775300644.2113297,-4.0,0.0,4.0
1775300644.2213297,-6.0,2.0,6.0
1775300644.2313297,-4.0,1.0,11.0
1775300644.2413297,-4.0,-1.0,7.0
1775300644.2513297,0.0,-1.0,11.0
1775300644.2613297,-3.0,-3.0,11.0
1775300644.2713296,-7.0,-1.0,8.0
1775300644.2813296,-9.0,0.0,13.0
1775300644.2913296,-9.0,0.0,19.0
1775300644.3013296,-9.0,-7.0,13.0
1775300644.3113296,-5.0,-5.0,10.0
1775300644.3213296,-6.0,-2.0,14.0
1775300644.3313296,-8.0,-5.0,17.0
1775300644.3413296,-9.0,-2.0,11.0
1775300644.3513296,-6.0,-3.0,9.0
1775300644.3613296,-1.0,1.0,7.0
1775300644.3713295,3.0,2.0,6.0
1775300644.3813295,1.0,1.0,10.0
1775300644.3913295,1.0,0.0,13.0
1775300644.4013295,0.0,0.0,5.0
1775300644.4113295,-3.0,-1.0,2.0
1775300644.4213295,-1.0,0.0,-2.0
1775300644.4313295,0.0,0.0,1.0
1775300644.4413297,0.0,1.0,0.0
1775300644.4513297,-2.0,1.0,-1.0
1775300644.4613297,0.0,0.0,0.0
1775300644.4713297,-3.0,1.0,5.0
1775300644.4813297,-3.0,2.0,9.0
1775300644.4913297,-6.0,1.0,11.0
1775300644.5013297,-5.0,-2.0,3.0
1775300644.5113297,-4.0,-4.0,4.0
1775300644.5213296,0.0,-2.0,2.0
1775300644.5313296,0.0,-3.0,-5.0
1775300644.5413296,2.0,0.0,-6.0
1775300644.5513296,2.0,-4.0,-2.0
1775300644.5613296,0.0,-5.0,6.0
1775300644.5713296,-3.0,-5.0,9.0
1775300644.5813296,-1.0,-6.0,5.0
1775300644.5913296,-10.0,-12.0,1.0
1775300644.6013296,-14.0,-14.0,4.0
1775300644.6113296,-12.0,-12.0,10.0
1775300644.6213295,-6.0,-13.0,11.0
1775300644.6313295,-3.0,-11.0,13.0
1775300644.6413295,-4.0,-9.0,13.0
1775300644.6513295,-7.0,-9.0,21.0
1775300644.6613295,-12.0,-7.0,20.0
1775300644.6713295,-16.0,-5.0,21.0
1775300644.6813295,-15.0,-3.0,21.0
1775300644.6913297,-14.0,-4.0,26.0
1775300644.7013297,-18.0,-5.0,22.0
1775300644.7113297,-17.0,-5.0,17.0
1775300644.7213297,-10.0,-1.0,19.0
1775300644.7313297,-8.0,-2.0,12.0
1775300644.7413297,-7.0,-4.0,11.0
1775300644.7513297,-3.0,-6.0,12.0
1775300644.7613297,2.0,3.0,14.0
1775300644.7713296,-2.0,6.0,10.0
1775300644.7813296,0.0,6.0,13.0
1775300644.7913296,0.0,8.0,10.0
1775300644.8013296,1.0,6.0,4.0
1775300644.8113296,0.0,4.0,6.0
1775300644.8213296,0.0,0.0,5.0
1775300644.8313296,0.0,2.0,1.0
1775300644.8413296,2.0,2.0,6.0
1775300644.8513296,3.0,0.0,10.0
1775300644.8613296,0.0,0.0,12.0
1775300644.8713295,2.0,0.0,11.0
1775300644.8813295,1.0,-4.0,13.0
1775300644.8913295,2.0,-4.0,7.0
1775300644.9013295,5.0,-4.0,7.0
1775300644.9113295,3.0,-5.0,5.0
1775300644.9213295,2.0,-4.0,1.0
1775300644.9313295,0.0,-1.0,4.0
1775300644.9413297,-5.0,0.0,9.0
1775300644.9513297,0.0,-2.0,8.0
1775300644.9613297,0.0,0.0,0.0
1775300644.9713297,4.0,0.0,-1.0
1775300644.9813297,3.0,0.0,-5.0
1775300644.9913297,3.0,-2.0,0.0
1775300645.0013297,6.0,0.0,11.0
1775300645.0113297,4.0,2.0,7.0
1775300645.0213296,0.0,0.0,8.0
1775300645.0313296,0.0,-5.0,5.0
1775300645.0413296,0.0,-6.0,4.0
1775300645.0513296,-2.0,-2.0,11.0
1775300645.0613296,-1.0,-4.0,13.0
1775300645.0713296,2.0,-2.0,13.0
1775300645.0813296,5.0,-5.0,16.0
1775300645.0913296,4.0,-2.0,17.0
1775300645.1013296,4.0,-2.0,16.0
1775300645.1113296,3.0,1.0,13.0
1775300645.1213295,3.0,1.0,21.0
1775300645.1313295,4.0,0.0,21.0
1775300645.1413295,0.0,0.0,20.0
1775300645.1513295,2.0,-1.0,16.0
1775300645.1613295,2.0,0.0,18.0
1775300645.1713295,3.0,0.0,18.0
1775300645.1813295,3.0,0.0,14.0
1775300645.1913297,5.0,0.0,20.0
1775300645.2013297,2.0,1.0,17.0
1775300645.2113297,2.0,5.0,10.0
1775300645.2213297,4.0,5.0,10.0
1775300645.2313297,9.0,5.0,5.0
1775300645.2413297,8.0,-1.0,3.0
1775300645.2513297,11.0,-2.0,6.0
1775300645.2613297,10.0,2.0,5.0
1775300645.2713296,5.0,4.0,13.0
1775300645.2813296,2.0,1.0,15.0
1775300645.2913296,4.0,3.0,14.0
1775300645.3013296,2.0,3.0,8.0
1775300645.3113296,0.0,4.0,1.0
1775300645.3213296,3.0,4.0,6.0
1775300645.3313296,5.0,1.0,7.0
1775300645.3413296,8.0,-1.0,4.0
1775300645.3513296,6.0,0.0,6.0
1775300645.3613296,1.0,0.0,6.0
1775300645.3713295,7.0,0.0,7.0
1775300645.3813295,2.0,-1.0,12.0
1775300645.3913295,2.0,-2.0,6.0
1775300645.4013295,6.0,-4.0,0.0
1775300645.4113295,6.0,-6.0,-5.0
1775300645.4213295,3.0,-5.0,-4.0
1775300645.4313295,7.0,-4.0,-9.0
1775300645.4413297,7.0,-3.0,-9.0
1775300645.4513297,1.0,-2.0,-9.0
1775300645.4613297,0.0,-2.0,-8.0
1775300645.4713297,5.0,-6.0,-7.0
1775300645.4813297,3.0,-4.0,-5.0
1775300645.4913297,0.0,0.0,-4.0
1775300645.5013297,2.0,-4.0,-5.0
1775300645.5113297,7.0,-1.0,0.0
1775300645.5213296,4.0,3.0,5.0
1775300645.5313296,3.0,5.0,5.0
1775300645.5413296,4.0,4.0,3.0
1775300645.5513296,1.0,4.0,2.0
1775300645.5613296,0.0,1.0,5.0
1775300645.5713296,0.0,7.0,9.0
1775300645.5813296,0.0,3.0,14.0
1775300645.5913296,2.0,0.0,9.0
1775300645.6013296,-2.0,2.0,10.0
1775300645.6113296,-3.0,2.0,10.0
1775300645.6213295,-2.0,2.0,11.0
1775300645.6313295,-2.0,-2.0,5.0
1775300645.6413295,-5.0,-1.0,5.0
1775300645.6513295,-5.0,0.0,6.0
1775300645.6613295,-3.0,-1.0,8.0
1775300645.6713295,0.0,0.0,13.0
1775300645.6813295,1.0,-1.0,12.0
1775300645.6913297,6.0,-2.0,17.0
1775300645.7013297,8.0,0.0,15.0
1775300645.7113297,3.0,-1.0,8.0
1775300645.7213297,0.0,2.0,3.0
1775300645.7313297,4.0,1.0,2.0
1775300645.7413297,2.0,0.0,0.0
1775300645.7513297,3.0,0.0,2.0
1775300645.7613297,3.0,-1.0,1.0
1775300645.7713296,7.0,0.0,11.0
1775300645.7813296,3.0,0.0,12.0
1775300645.7913296,2.0,1.0,9.0
1775300645.8013296,3.0,1.0,15.0
1775300645.8113296,2.0,0.0,11.0
1775300645.8213296,4.0,0.0,9.0
1775300645.8313296,5.0,1.0,15.0
1775300645.8413296,0.0,2.0,12.0
1775300645.8513296,0.0,8.0,9.0
1775300645.8613296,-2.0,7.0,8.0
1775300645.8713295,-4.0,6.0,8.0
1775300645.8813295,-9.0,1.0,1.0
1775300645.8913295,-9.0,2.0,-3.0
1775300645.9013295,-5.0,1.0,-3.0
1775300645.9113295,-1.0,0.0,4.0
1775300645.9213295,-4.0,-4.0,5.0
1775300645.9313295,0.0,-3.0,9.0
1775300645.9413297,0.0,0.0,6.0
1775300645.9513297,-5.0,-1.0,6.0
1775300645.9613297,-5.0,-3.0,6.0
1775300645.9713297,2.0,-2.0,11.0
1775300645.9813297,4.0,0.0,7.0
1775300645.9913297,2.0,1.0,8.0
1775300646.0013297,2.0,0.0,10.0
1775300646.0113297,-4.0,0.0,9.0
1775300646.0213296,-5.0,-3.0,6.0
1775300646.0313296,-4.0,-2.0,12.0
1775300646.0413296,-1.0,-4.0,12.0
1775300646.0513296,0.0,-3.0,8.0
1775300646.0613296,0.0,0.0,9.0
1775300646.0713296,2.0,-2.0,9.0
1775300646.0813296,2.0,-5.0,7.0
1775300646.0913296,5.0,-3.0,6.0
1775300646.1023295,5.0,-4.0,12.0
1775300646.1123295,0.0,-6.0,9.0
1775300646.1213295,3.0,-1.0,11.0
1775300646.1323297,5.0,0.0,15.0
1775300646.1423297,6.0,-1.0,5.0
1775300646.1523297,0.0,-2.0,12.0
1775300646.1623297,-2.0,-3.0,5.0
1775300646.1723297,-1.0,1.0,5.0
1775300646.1823297,0.0,0.0,4.0
1775300646.1923296,3.0,-2.0,5.0
1775300646.2023296,3.0,2.0,3.0
1775300646.2123296,2.0,2.0,5.0
1775300646.2223296,2.0,0.0,8.0
1775300646.2323296,1.0,3.0,13.0
1775300646.2423296,2.0,0.0,13.0
1775300646.2523296,2.0,-3.0,9.0
1775300646.2623296,-3.0,-1.0,5.0
1775300646.2723296,-3.0,0.0,4.0
1775300646.2823296,-4.0,-2.0,0.0
1775300646.2923295,-1.0,0.0,0.0
1775300646.3023295,-1.0,-3.0,4.0
1775300646.3123295,-1.0,-1.0,6.0
1775300646.3223295,0.0,-1.0,12.0
1775300646.3323295,0.0,2.0,14.0
1775300646.3423295,0.0,-1.0,16.0
1775300646.3523295,2.0,2.0,7.0
1775300646.3623295,2.0,3.0,3.0
1775300646.3723297,0.0,3.0,1.0
1775300646.3823297,0.0,3.0,3.0
1775300646.3923297,3.0,5.0,0.0
1775300646.4023297,2.0,2.0,3.0
1775300646.4123297,0.0,2.0,0.0
1775300646.4223297,1.0,2.0,2.0
1775300646.4323297,3.0,2.0,4.0
1775300646.4423296,4.0,0.0,13.0
1775300646.4523296,5.0,0.0,8.0
1775300646.4623296,4.0,3.0,4.0
1775300646.4723296,3.0,3.0,7.0
1775300646.4823296,2.0,4.0,11.0
1775300646.4923296,2.0,0.0,11.0
1775300646.5023296,4.0,-6.0,3.0
1775300646.5123296,2.0,-6.0,3.0
1775300646.5223296,4.0,-3.0,4.0
1775300646.5323296,3.0,0.0,8.0
1775300646.5423295,0.0,-1.0,13.0
1775300646.5523295,0.0,-1.0,18.0
1775300646.5623295,-2.0,0.0,21.0
1775300646.5723295,0.0,2.0,20.0
1775300646.5823295,0.0,3.0,18.0
1775300646.5923295,-2.0,5.0,11.0
1775300646.6023295,-3.0,2.0,9.0
1775300646.6123295,-1.0,0.0,7.0
1775300646.6223297,-3.0,0.0,9.0
1775300646.6323297,-5.0,1.0,10.0
1775300646.6423297,-7.0,3.0,7.0
1775300646.6523297,-4.0,3.0,7.0
1775300646.6623297,-4.0,2.0,7.0
1775300646.6723297,1.0,0.0,8.0
1775300646.6823297,4.0,1.0,11.0
1775300646.6923296,6.0,3.0,6.0
1775300646.7023296,8.0,6.0,-3.0
1775300646.7123296,14.0,3.0,0.0
1775300646.7223296,14.0,0.0,3.0
1775300646.7323296,8.0,2.0,11.0
1775300646.7423296,5.0,3.0,10.0
1775300646.7523296,10.0,0.0,17.0
1775300646.7623296,7.0,0.0,13.0
1775300646.7723296,4.0,0.0,21.0
1775300646.7823296,-1.0,0.0,21.0
1775300646.7923295,0.0,1.0,17.0
1775300646.8023295,-2.0,6.0,13.0
1775300646.8123295,-1.0,5.0,10.0
1775300646.8223295,1.0,1.0,6.0
1775300646.8323295,0.0,3.0,8.0
1775300646.8423295,2.0,2.0,4.0
1775300646.8523295,0.0,2.0,0.0
1775300646.8623295,0.0,-2.0,-5.0
1775300646.8723297,0.0,-3.0,-5.0
1775300646.8823297,-3.0,0.0,0.0
1775300646.8923297,-2.0,0.0,0.0
1775300646.9023297,-2.0,0.0,-6.0
1775300646.9123297,-1.0,1.0,-8.0
1775300646.9223297,-1.0,0.0,-1.0
1775300646.9323297,-2.0,-1.0,0.0
1775300646.9423296,0.0,1.0,3.0
1775300646.9523296,2.0,-2.0,7.0
1775300646.9623296,2.0,-3.0,7.0
1775300646.9723296,0.0,-4.0,10.0
1775300646.9823296,0.0,-5.0,7.0
1775300646.9923296,-3.0,-7.0,11.0
1775300647.0023296,-5.0,-11.0,12.0
1775300647.0123296,0.0,-10.0,10.0
1775300647.0223296,0.0,-5.0,12.0
1775300647.0323296,-1.0,-1.0,9.0
1775300647.0423295,-1.0,1.0,11.0
1775300647.0523295,0.0,3.0,19.0
1775300647.0623295,2.0,8.0,20.0
1775300647.0723295,2.0,5.0,29.0
1775300647.0823295,2.0,5.0,30.0
1775300647.0923295,4.0,5.0,26.0
1775300647.1023295,2.0,-1.0,18.0
1775300647.1123295,-3.0,-1.0,17.0
1775300647.1223297,0.0,2.0,9.0
1775300647.1323297,4.0,3.0,12.0
1775300647.1423297,6.0,1.0,3.0
1775300647.1523297,5.0,0.0,1.0
1775300647.1623297,0.0,0.0,-1.0
1775300647.1723297,-6.0,-2.0,-3.0
1775300647.1823297,-2.0,-1.0,0.0
1775300647.1923296,-3.0,1.0,8.0
1775300647.2023296,0.0,0.0,9.0
1775300647.2123296,0.0,0.0,9.0
1775300647.2223296,3.0,-1.0,8.0
1775300647.2323296,5.0,1.0,9.0
1775300647.2423296,3.0,1.0,16.0
1775300647.2523296,-1.0,2.0,16.0
1775300647.2623296,-1.0,2.0,13.0
1775300647.2723296,-1.0,-2.0,9.0
1775300647.2823296,2.0,-2.0,5.0
1775300647.2923295,3.0,-2.0,2.0
1775300647.3023295,0.0,0.0,11.0
1775300647.3123295,-2.0,1.0,18.0
1775300647.3223295,-5.0,4.0,14.0
1775300647.3323295,-7.0,6.0,17.0
1775300647.3423295,0.0,5.0,15.0
1775300647.3523295,0.0,2.0,17.0
1775300647.3623295,2.0,2.0,10.0
1775300647.3723297,2.0,4.0,10.0
1775300647.3823297,1.0,0.0,13.0
1775300647.3923297,-1.0,-6.0,12.0
1775300647.4023297,-3.0,-4.0,15.0
1775300647.4123297,-1.0,-1.0,13.0
1775300647.4223297,3.0,0.0,8.0
1775300647.4323297,3.0,-1.0,4.0
1775300647.4423296,6.0,-2.0,7.0
1775300647.4523296,4.0,0.0,7.0
1775300647.4623296,0.0,0.0,3.0
1775300647.4723296,2.0,-4.0,6.0
1775300647.4823296,0.0,-4.0,7.0
1775300647.4923296,-4.0,-2.0,0.0
1775300647.5023296,-1.0,-2.0,0.0
1775300647.5123296,-1.0,-3.0,2.0
1775300647.5223296,0.0,-3.0,7.0
1775300647.5323296,-2.0,-4.0,11.0
1775300647.5423295,0.0,1.0,8.0
1775300647.5523295,0.0,6.0,13.0
1775300647.5623295,2.0,4.0,7.0
1775300647.5723295,1.0,4.0,6.0
1775300647.5823295,4.0,0.0,8.0
1775300647.5923295,0.0,-3.0,7.0
1775300647.6023295,1.0,-2.0,6.0
1775300647.6123295,4.0,-4.0,8.0
1775300647.6223297,5.0,-6.0,8.0
1775300647.6323297,4.0,-5.0,13.0
1775300647.6423297,2.0,-1.0,21.0
1775300647.6523297,5.0,0.0,21.0
1775300647.6623297,4.0,4.0,15.0
1775300647.6723297,5.0,3.0,18.0
1775300647.6823297,5.0,1.0,14.0
1775300647.6923296,8.0,2.0,11.0
1775300647.7023296,7.0,2.0,4.0
1775300647.7123296,4.0,0.0,2.0
1775300647.7223296,3.0,0.0,7.0
1775300647.7323296,3.0,0.0,13.0
1775300647.7423296,1.0,0.0,12.0
1775300647.7523296,5.0,2.0,4.0
1775300647.7623296,4.0,0.0,6.0
1775300647.7723296,4.0,-1.0,8.0
1775300647.7823296,5.0,-2.0,7.0
1775300647.7923295,5.0,0.0,4.0
1775300647.8023295,4.0,2.0,6.0
1775300647.8123295,-2.0,-1.0,9.0
1775300647.8223295,-3.0,-2.0,10.0
1775300647.8323295,0.0,1.0,12.0
1775300647.8423295,3.0,-1.0,10.0
1775300647.8523295,4.0,-2.0,11.0
1775300647.8623295,1.0,-1.0,12.0
1775300647.8723297,1.0,-2.0,12.0
1775300647.8823297,3.0,-3.0,21.0
1775300647.8923297,0.0,-3.0,24.0
1775300647.9023297,-3.0,1.0,22.0
1775300647.9123297,3.0,-1.0,18.0
1775300647.9223297,0.0,-3.0,21.0
1775300647.9323297,2.0,-5.0,26.0
1775300647.9423296,0.0,-3.0,25.0
1775300647.9523296,2.0,-4.0,22.0
1775300647.9623296,-1.0,-5.0,14.0
1775300647.9723296,-5.0,-6.0,15.0
1775300647.9823296,-8.0,-3.0,20.0
1775300647.9923296,-11.0,0.0,21.0
1775300648.0023296,-5.0,1.0,20.0
1775300648.0123296,-2.0,-1.0,25.0
1775300648.0223296,-4.0,-4.0,19.0
1775300648.0323296,-1.0,-5.0,14.0
1775300648.0423295,0.0,-4.0,15.0
1775300648.0523295,0.0,-4.0,16.0
1775300648.0623295,0.0,-3.0,14.0
1775300648.0723295,0.0,0.0,10.0
1775300648.0823295,0.0,-2.0,6.0
1775300648.0923295,0.0,-3.0,4.0
1775300648.1023295,-2.0,0.0,3.0
1775300648.1123295,-5.0,2.0,10.0
1775300648.1223297,-10.0,4.0,12.0
1775300648.1323297,-11.0,3.0,9.0
1775300648.1423297,-10.0,3.0,12.0
1775300648.1523297,-6.0,2.0,11.0
1775300648.1623297,-4.0,3.0,12.0
1775300648.1723297,0.0,0.0,14.0
1775300648.1823297,4.0,-2.0,12.0
1775300648.1923296,4.0,0.0,10.0
1775300648.2023296,1.0,1.0,6.0
1775300648.2123296,0.0,2.0,8.0
1775300648.2223296,0.0,0.0,8.0
1775300648.2323296,3.0,0.0,13.0
1775300648.2423296,3.0,3.0,6.0
1775300648.2523296,4.0,0.0,8.0
1775300648.2623296,1.0,0.0,9.0
1775300648.2723296,1.0,0.0,8.0
1775300648.2823296,1.0,0.0,10.0
1775300648.2923295,-1.0,2.0,8.0
1775300648.3023295,0.0,0.0,3.0
1775300648.3123295,1.0,1.0,3.0
1775300648.3223295,0.0,0.0,8.0
1775300648.3323295,0.0,2.0,8.0
1775300648.3423295,0.0,1.0,2.0
1775300648.3523295,3.0,2.0,1.0
1775300648.3623295,2.0,0.0,7.0
1775300648.3723297,1.0,-2.0,9.0
1775300648.3823297,0.0,-1.0,7.0
1775300648.3923297,1.0,1.0,1.0
1775300648.4033296,0.0,2.0,3.0
1775300648.4133296,-4.0,8.0,2.0
1775300648.4223297,-8.0,8.0,11.0
1775300648.4333296,-9.0,4.0,6.0
1775300648.4423296,-9.0,2.0,6.0
1775300648.4533296,-2.0,1.0,9.0
1775300648.4633296,2.0,-1.0,14.0
1775300648.4733295,2.0,-3.0,15.0
1775300648.4833295,6.0,-1.0,14.0
1775300648.4923296,3.0,3.0,13.0
1775300648.5033295,3.0,1.0,12.0
1775300648.5133295,4.0,0.0,13.0
1775300648.5233295,4.0,1.0,14.0
1775300648.5333295,6.0,3.0,11.0
1775300648.5433297,10.0,0.0,8.0
1775300648.5533297,5.0,0.0,11.0
1775300648.5633297,3.0,0.0,8.0
1775300648.5733297,3.0,-2.0,6.0
1775300648.5833297,0.0,-1.0,6.0
1775300648.5933297,0.0,-1.0,4.0
1775300648.6033297,2.0,-1.0,6.0
1775300648.6133296,0.0,-1.0,6.0
1775300648.6233296,-1.0,-3.0,5.0
1775300648.6333296,-2.0,0.0,10.0
1775300648.6433296,-3.0,3.0,5.0
1775300648.6533296,-1.0,0.0,7.0
1775300648.6633296,3.0,-4.0,10.0
1775300648.6733296,6.0,-2.0,5.0
1775300648.6833296,2.0,-1.0,4.0
1775300648.6933296,-1.0,2.0,1.0
1775300648.7033296,-1.0,2.0,1.0
1775300648.7133296,7.0,2.0,5.0
1775300648.7233295,7.0,1.0,0.0
1775300648.7333295,6.0,0.0,0.0
1775300648.7433295,9.0,-1.0,0.0
1775300648.7533295,5.0,0.0,-1.0
1775300648.7633295,5.0,0.0,-8.0
1775300648.7733295,3.0,1.0,0.0
1775300648.7833295,1.0,0.0,6.0
1775300648.7933297,1.0,-2.0,10.0
1775300648.8033297,2.0,-6.0,12.0
1775300648.8133297,0.0,-6.0,13.0
1775300648.8233297,0.0,-3.0,11.0
1775300648.8333297,0.0,0.0,19.0
1775300648.8433297,-1.0,3.0,17.0
1775300648.8533297,-6.0,2.0,14.0
1775300648.8633296,-4.0,2.0,19.0
1775300648.8733296,-1.0,3.0,22.0
1775300648.8833296,0.0,4.0,16.0
1775300648.8933296,3.0,1.0,10.0
1775300648.9033296,4.0,0.0,11.0
1775300648.9133296,3.0,-1.0,8.0
1775300648.9233296,0.0,-3.0,5.0
1775300648.9333296,-1.0,0.0,0.0
1775300648.9433296,0.0,3.0,-1.0
1775300648.9533296,1.0,2.0,-4.0
1775300648.9633296,3.0,4.0,-1.0
1775300648.9733295,4.0,3.0,1.0
1775300648.9833295,5.0,3.0,-1.0
1775300648.9933295,0.0,3.0,0.0
1775300649.0033295,0.0,1.0,6.0
1775300649.0133295,1.0,2.0,10.0
1775300649.0233295,2.0,4.0,8.0
1775300649.0333295,1.0,4.0,5.0
1775300649.0433297,-1.0,5.0,2.0
1775300649.0533297,0.0,-2.0,2.0
1775300649.0633297,1.0,-4.0,0.0
1775300649.0733297,0.0,-6.0,-1.0
1775300649.0833297,0.0,-6.0,0.0
1775300649.0933297,0.0,-1.0,-4.0
1775300649.1033297,-4.0,0.0,-2.0
1775300649.1133296,-5.0,-2.0,8.0
1775300649.1233296,-7.0,0.0,17.0
1775300649.1333296,-7.0,3.0,17.0
1775300649.1433296,-1.0,0.0,12.0
1775300649.1533296,6.0,1.0,8.0
1775300649.1633296,7.0,1.0,16.0
1775300649.1733296,4.0,3.0,12.0
1775300649.1833296,3.0,0.0,14.0
