time,x,y,z
1769929200.0080533,3,-1,-170
1769929200.0180533,0,0,-167
1769929200.0280533,0,0,-162
1769929200.0380533,3,2,-160
1769929200.0480533,6,-1,-163
1769929200.0580533,4,0,-160
1769929200.0680532,2,0,-165
1769929200.0780532,3,5,-164
1769929200.0880532,5,6,-159
1769929200.0980532,4,4,-157
1769929200.1080532,1,3,-152
1769929200.1180532,0,-1,-151
1769929200.1280532,1,0,-156
1769929200.1380532,1,1,-154
1769929200.1480532,1,3,-156
1769929200.1580532,-1,6,-164
1769929200.1680532,3,5,-169
1769929200.1780531,5,4,-167
1769929200.1880531,4,-1,-166
1769929200.1980531,3,1,-168
1769929200.208053,5,-2,-166
1769929200.218053,4,-2,-167
1769929200.228053,5,-2,-172
1769929200.238053,3,-1,-170
1769929200.2480533,6,-3,-171
1769929200.2580533,9,-5,-169
1769929200.2680533,7,-3,-181
1769929200.2780533,5,-1,-177
1769929200.2880533,4,0,-172
1769929200.2980533,4,0,-171
1769929200.3080533,1,0,-167
1769929200.3180532,1,4,-172
1769929200.3280532,2,4,-170
1769929200.3380532,2,0,-169
1769929200.3480532,0,0,-162
1769929200.3580532,0,3,-166
1769929200.3680532,0,5,-168
1769929200.3780532,0,5,-170
1769929200.3880532,-1,5,-168
1769929200.3980532,-2,2,-165
1769929200.4080532,-1,1,-165
1769929200.4180532,2,0,-162
1769929200.4280531,4,2,-158
1769929200.4380531,4,0,-162
1769929200.4480531,2,0,-162
1769929200.458053,3,-3,-160
1769929200.468053,0,-1,-161
1769929200.478053,4,-5,-159
1769929200.488053,3,-9,-164
1769929200.4980533,0,-5,-161
1769929200.5080533,-1,0,-155
1769929200.5180533,-1,-2,-153
1769929200.5280533,-3,-1,-157
1769929200.5380533,-1,0,-163
1769929200.5480533,-1,0,-164
1769929200.5580533,0,1,-158
1769929200.5680532,1,3,-154
1769929200.5780532,3,2,-159
1769929200.5880532,4,0,-161
1769929200.5980532,3,0,-160
1769929200.6080532,1,1,-159
1769929200.6180532,1,3,-159
1769929200.6280532,0,0,-156
1769929200.6380532,-1,5,-157
1769929200.6480532,-5,0,-154
1769929200.6580532,-8,0,-145
1769929200.6680532,-5,1,-142
1769929200.6780531,-7,2,-147
1769929200.6880531,-9,1,-152
1769929200.6980531,-3,-3,-158
1769929200.708053,2,-4,-157
1769929200.718053,0,-2,-157
1769929200.728053,-2,0,-158
1769929200.738053,-1,3,-162
1769929200.7480533,-1,4,-161
1769929200.7580533,0,3,-162
1769929200.7680533,-2,0,-167
1769929200.7780533,-5,0,-165
1769929200.7880533,-7,-3,-167
1769929200.7980533,-5,-1,-161
1769929200.8080533,0,-1,-155
1769929200.8180532,-3,2,-155
1769929200.8280532,0,6,-158
1769929200.8380532,-4,4,-154
1769929200.8480532,-9,1,-151
1769929200.8580532,-4,0,-155
1769929200.8680532,-6,-4,-155
1769929200.8780532,-3,0,-153
1769929200.8880532,-5,2,-154
1769929200.8980532,0,-2,-155
1769929200.9080532,-1,-1,-160
1769929200.9180532,-1,-1,-162
1769929200.9280531,-1,-1,-156
1769929200.9380531,-2,0,-155
1769929200.9480531,-5,0,-165
1769929200.958053,-7,-3,-170
1769929200.968053,-8,0,-167
1769929200.978053,-8,-5,-162
1769929200.988053,-6,-2,-159
1769929200.9980533,-5,1,-154
1769929201.0080533,-4,4,-154
1769929201.0180533,-5,3,-159
1769929201.0280533,-9,6,-163
1769929201.0380533,-5,0,-163
1769929201.0480533,-7,1,-158
1769929201.0580533,-7,2,-158
1769929201.0680532,-4,0,-156
1769929201.0780532,2,-1,-156
1769929201.0880532,5,-1,-156
1769929201.0980532,5,0,-155
1769929201.1080532,5,1,-158
1769929201.1180532,1,2,-152
1769929201.1280532,0,2,-156
1769929201.1380532,0,2,-157
1769929201.1480532,-1,1,-161
1769929201.1580532,4,1,-160
1769929201.1680532,7,3,-158
1769929201.1780531,8,2,-162
1769929201.1880531,9,2,-161
1769929201.1980531,11,0,-161
1769929201.208053,7,4,-162
1769929201.218053,5,4,-167
1769929201.228053,0,5,-168
1769929201.238053,3,3,-169
1769929201.2480533,5,3,-160
1769929201.2580533,4,3,-164
1769929201.2680533,7,2,-164
1769929201.2780533,5,3,-157
1769929201.2880533,4,5,-160
1769929201.2980533,1,4,-162
1769929201.3080533,1,3,-171
1769929201.3180532,0,2,-173
1769929201.3280532,3,2,-166
1769929201.3380532,3,-3,-163
1769929201.3480532,3,-3,-161
1769929201.3580532,-1,-2,-157
1769929201.3680532,-3,-3,-163
1769929201.3780532,-2,0,-161
1769929201.3880532,3,3,-165
1769929201.3980532,1,0,-165
1769929201.4080532,-1,0,-163
1769929201.4180532,-2,-2,-159
1769929201.4280531,-1,0,-162
1769929201.4380531,0,0,-163
1769929201.4480531,-1,3,-160
1769929201.458053,-2,5,-161
1769929201.468053,0,3,-168
1769929201.478053,1,3,-164
1769929201.488053,0,3,-164
1769929201.4980533,0,1,-163
1769929201.5080533,0,0,-170
1769929201.5180533,0,0,-169
1769929201.5280533,4,0,-169
1769929201.5380533,2,-1,-166
1769929201.5480533,-1,0,-163
1769929201.5580533,-1,-2,-167
1769929201.5680532,0,0,-165
1769929201.5780532,3,-1,-161
1769929201.5880532,2,0,-164
1769929201.5980532,1,0,-166
1769929201.6080532,-1,-1,-168
1769929201.6180532,-3,2,-168
1769929201.6280532,-3,8,-163
1769929201.6380532,-6,8,-165
1769929201.6480532,-7,6,-163
1769929201.6580532,-4,5,-160
1769929201.6680532,-5,0,-160
1769929201.6780531,-1,0,-165
1769929201.6880531,-2,-1,-167
1769929201.6980531,-2,2,-163
1769929201.708053,1,-1,-163
1769929201.718053,-3,0,-159
1769929201.728053,-2,-2,-158
1769929201.738053,0,-7,-162
1769929201.7480533,1,-4,-160
1769929201.7580533,-1,-1,-153
1769929201.7680533,-1,0,-154
1769929201.7780533,-2,-1,-157
1769929201.7880533,-3,0,-155
1769929201.7980533,-2,-1,-154
1769929201.8080533,-2,1,-152
1769929201.8180532,-1,2,-151
1769929201.8280532,2,2,-153
1769929201.8380532,2,1,-153
1769929201.8480532,1,2,-162
1769929201.8580532,0,4,-165
1769929201.8680532,-2,6,-164
1769929201.8780532,-7,9,-161
1769929201.8880532,-8,7,-162
1769929201.8980532,-4,6,-160
1769929201.9080532,-6,1,-159
1769929201.9180532,-1,1,-164
1769929201.9280531,0,3,-161
1769929201.9380531,4,7,-166
1769929201.9480531,1,4,-162
1769929201.958053,1,3,-160
1769929201.968053,4,3,-160
1769929201.978053,1,4,-162
1769929202.0000532,4,0,-165
1769929202.0080533,2,-4,-167
1769929202.0180533,4,-1,-162
1769929202.0280533,7,0,-155
1769929202.0380533,7,-2,-155
1769929202.0480533,8,-4,-159
1769929202.0580533,4,-3,-163
1769929202.0680532,5,-5,-163
1769929202.0780532,4,-6,-160
1769929202.0880532,1,-6,-161
1769929202.0980532,-2,-6,-160
1769929202.1080532,-1,-5,-151
1769929202.1180532,3,-4,-147
1769929202.1280532,2,-2,-153
1769929202.1380532,3,1,-158
1769929202.1480532,4,0,-169
1769929202.1580532,6,-4,-167
1769929202.1680532,5,0,-171
1769929202.1780531,7,0,-177
1769929202.1880531,6,0,-174
1769929202.1980531,5,0,-168
1769929202.208053,4,-6,-173
1769929202.218053,4,-7,-170
1769929202.228053,1,-7,-164
1769929202.238053,0,-7,-164
1769929202.2480533,2,-5,-158
1769929202.2580533,5,-6,-153
1769929202.2680533,1,-3,-157
1769929202.2780533,3,-2,-151
1769929202.2880533,5,-1,-153
1769929202.2980533,2,-4,-160
1769929202.3080533,3,-2,-163
1769929202.3180532,-1,0,-164
1769929202.3280532,-4,-3,-153
1769929202.3380532,-3,-2,-149
1769929202.3480532,-1,-2,-153
1769929202.3580532,0,-1,-155
1769929202.3680532,-2,-2,-155
1769929202.3780532,-1,-3,-153
1769929202.3880532,-1,-1,-153
1769929202.3980532,0,0,-158
1769929202.4080532,-1,4,-161
1769929202.4180532,-3,4,-153
1769929202.4280531,-1,3,-157
1769929202.4380531,-4,4,-159
1769929202.4480531,-1,3,-161
1769929202.458053,-4,0,-158
1769929202.468053,-2,0,-158
1769929202.478053,2,-1,-156
1769929202.488053,2,0,-158
1769929202.4980533,0,4,-163
1769929202.5090532,-2,-1,-166
1769929202.5190532,-4,-3,-163
1769929202.5290532,-4,0,-164
1769929202.5390532,-7,0,-164
1769929202.5490532,-8,1,-160
1769929202.5590532,-5,0,-160
1769929202.5690532,-4,0,-160
1769929202.5790532,-3,1,-160
1769929202.5890532,-1,0,-156
1769929202.5990531,-1,0,-157
1769929202.6090531,-2,2,-152
1769929202.6190531,0,3,-150
1769929202.629053,-2,3,-159
1769929202.639053,0,1,-166
1769929202.649053,1,0,-172
1769929202.659053,1,0,-166
1769929202.6690533,0,2,-165
1769929202.6790533,0,4,-161
1769929202.6890533,0,4,-163
1769929202.6990533,1,2,-164
1769929202.7090533,0,5,-169
1769929202.7190533,1,4,-170
1769929202.7290533,5,3,-174
1769929202.7390532,6,0,-172
1769929202.7490532,6,1,-172
1769929202.7590532,7,2,-165
1769929202.7690532,9,0,-161
1769929202.7790532,6,1,-155
1769929202.7890532,2,2,-157
1769929202.7990532,3,3,-160
1769929202.8090532,2,3,-163
1769929202.8190532,7,2,-162
1769929202.8290532,2,1,-164
1769929202.8390532,0,1,-163
1769929202.8490531,0,3,-165
1769929202.8590531,8,4,-161
1769929202.8690531,7,2,-157
1769929202.879053,7,3,-155
1769929202.889053,5,1,-149
1769929202.899053,2,0,-153
1769929202.909053,6,-3,-150
1769929202.9200532,9,-4,-150
1769929202.9290533,6,-5,-154
1769929202.9390533,5,-5,-158
1769929202.9490533,7,-6,-161
1769929202.9590533,8,-1,-160
1769929202.9690533,4,0,-164
1769929202.9790533,4,0,-171
1769929202.9890532,5,-1,-169
1769929202.9990532,5,-1,-162
1769929203.0090532,3,-4,-159
1769929203.0190532,0,-2,-167
1769929203.0290532,2,-4,-173
1769929203.0390532,3,-3,-174
1769929203.0490532,3,-3,-175
1769929203.0590532,2,-7,-166
1769929203.0690532,-2,-6,-165
1769929203.0790532,-5,-4,-167
1769929203.0890532,-4,-6,-165
1769929203.0990531,-2,-3,-163
1769929203.1090531,2,-3,-170
1769929203.1190531,2,-4,-167
1769929203.129053,-2,-3,-164
1769929203.139053,-3,2,-161
1769929203.149053,2,5,-152
1769929203.159053,3,4,-153
1769929203.1690533,3,1,-152
1769929203.1790533,0,1,-159
1769929203.1890533,-2,2,-168
1769929203.1990533,1,3,-170
1769929203.2090533,4,4,-167
1769929203.2190533,5,4,-162
1769929203.2290533,5,4,-159
1769929203.2390532,6,7,-158
1769929203.2490532,7,3,-155
1769929203.2590532,7,1,-160
1769929203.2690532,4,-1,-160
1769929203.2790532,1,0,-156
1769929203.2890532,0,0,-153
1769929203.2990532,0,-1,-150
1769929203.3090532,0,0,-153
1769929203.3190532,0,-1,-154
1769929203.3290532,4,0,-148
1769929203.3390532,3,-1,-153
1769929203.3490531,3,-1,-157
1769929203.3590531,3,-1,-156
1769929203.3690531,-1,1,-156
1769929203.379053,-4,-2,-159
1769929203.389053,-4,0,-158
1769929203.399053,-3,-2,-152
1769929203.409053,-5,0,-151
1769929203.4190533,-2,0,-150
1769929203.4290533,-1,3,-152
1769929203.4390533,-1,1,-156
1769929203.4490533,-2,3,-158
1769929203.4590533,0,2,-156
1769929203.4690533,-3,-1,-161
1769929203.4790533,-2,-4,-157
1769929203.4890532,0,-2,-164
1769929203.4990532,1,-1,-165
1769929203.5090532,0,2,-164
1769929203.5190532,-1,0,-160
1769929203.5290532,-2,0,-161
1769929203.5390532,0,0,-172
1769929203.5490532,0,3,-176
1769929203.5590532,-1,7,-175
1769929203.5690532,4,7,-169
1769929203.5790532,0,10,-168
1769929203.5890532,0,11,-169
1769929203.5990531,-3,11,-168
1769929203.6090531,-7,7,-165
1769929203.6190531,-6,2,-161
1769929203.629053,-4,2,-160
1769929203.639053,-2,3,-162
1769929203.649053,1,0,-165
1769929203.659053,3,1,-166
1769929203.6690533,2,-4,-164
1769929203.6790533,3,0,-162
1769929203.6890533,-1,0,-163
1769929203.6990533,-3,2,-161
1769929203.7090533,-5,3,-157
1769929203.7190533,-2,3,-161
1769929203.7290533,-3,2,-163
1769929203.7390532,-2,0,-158
1769929203.7490532,0,0,-155
1769929203.7590532,0,0,-157
1769929203.7690532,-2,3,-154
1769929203.7790532,-6,-1,-152
1769929203.7890532,-8,-2,-158
1769929203.7990532,-7,-3,-155
1769929203.8090532,-6,-3,-158
1769929203.8190532,-4,-3,-160
1769929203.8290532,-2,-4,-162
1769929203.8390532,0,0,-163
1769929203.8490531,4,-1,-160
1769929203.8590531,5,-1,-161
1769929203.8690531,4,2,-159
1769929203.879053,3,4,-157
1769929203.889053,3,4,-159
1769929203.899053,7,0,-163
1769929203.909053,9,-4,-162
1769929203.9190533,5,1,-166
1769929203.9290533,10,4,-168
1769929203.9390533,11,0,-167
1769929203.9490533,8,-1,-162
1769929203.9590533,3,0,-161
1769929203.9690533,1,2,-157
1769929203.9790533,0,1,-156
1769929203.9890532,0,1,-158
1769929203.9990532,-2,0,-158
1769929204.0090532,0,1,-153
1769929204.0190532,0,0,-150
1769929204.0290532,-8,-2,-145
1769929204.0390532,-9,-4,-145
1769929204.0490532,-10,-6,-153
1769929204.0590532,-3,-3,-161
1769929204.0690532,-5,-4,-167
1769929204.0790532,0,-1,-166
1769929204.0890532,1,0,-169
1769929204.0990531,4,-2,-164
1769929204.1090531,2,2,-157
1769929204.1190531,2,5,-160
1769929204.129053,4,3,-165
1769929204.139053,4,1,-162
1769929204.149053,2,2,-162
1769929204.159053,1,3,-155
1769929204.1690533,-2,0,-159
1769929204.1790533,-5,-2,-164
1769929204.1890533,-5,-4,-162
1769929204.1990533,-4,-7,-159
1769929204.2090533,-5,-7,-156
1769929204.2190533,-7,-7,-160
1769929204.2290533,-4,-2,-160
1769929204.2390532,-3,1,-161
1769929204.2490532,-3,-2,-166
1769929204.2590532,-2,2,-168
1769929204.2690532,-3,0,-164
1769929204.2790532,-4,0,-166
1769929204.2890532,-6,5,-164
1769929204.2990532,-3,4,-160
1769929204.3090532,-4,1,-157
1769929204.3190532,-1,4,-153
1769929204.3290532,1,4,-161
1769929204.3390532,0,3,-164
1769929204.3490531,3,3,-162
1769929204.3590531,1,2,-160
1769929204.3690531,0,0,-157
1769929204.379053,2,0,-154
1769929204.389053,0,-1,-156
1769929204.399053,1,0,-154
1769929204.409053,6,2,-155
1769929204.4190533,4,0,-161
1769929204.4290533,5,0,-157
1769929204.4390533,2,0,-157
1769929204.4490533,2,-3,-160
1769929204.4590533,1,-2,-162
1769929204.4690533,3,0,-163
1769929204.4790533,3,0,-162
1769929204.4890532,-1,7,-155
1769929204.4990532,1,7,-154
1769929204.5090532,4,3,-157
1769929204.5190532,7,3,-155
1769929204.5290532,6,2,-159
1769929204.5390532,7,1,-163
1769929204.5490532,5,0,-158
1769929204.5590532,4,2,-157
1769929204.5690532,4,3,-159
1769929204.5790532,1,6,-161
1769929204.5890532,6,6,-166
1769929204.5990531,3,4,-162
1769929204.6090531,4,0,-169
1769929204.6190531,4,-3,-169
1769929204.629053,7,-1,-156
1769929204.639053,8,-1,-153
1769929204.649053,9,1,-152
1769929204.659053,2,1,-156
1769929204.6690533,0,1,-155
1769929204.6790533,0,0,-156
1769929204.6890533,1,-1,-156
1769929204.6990533,-2,-1,-151
1769929204.7090533,-3,-3,-150
1769929204.7190533,-6,-1,-158
1769929204.7290533,-5,-2,-155
1769929204.7390532,-2,0,-153
1769929204.7490532,-3,-2,-154
1769929204.7590532,-3,-3,-150
1769929204.7690532,-6,-1,-155
1769929204.7790532,-3,-2,-160
1769929204.7890532,0,-5,-166
1769929204.7990532,2,-4,-167
1769929204.8090532,3,-2,-164
1769929204.8190532,5,-3,-162
1769929204.8290532,3,-5,-160
1769929204.8390532,2,-6,-158
1769929204.8490531,4,-11,-151
1769929204.8590531,6,-10,-149
1769929204.8690531,1,-8,-151
1769929204.879053,6,-6,-155
1769929204.889053,5,-2,-154
1769929204.899053,2,-2,-162
1769929204.909053,0,-3,-158
1769929204.9190533,0,-5,-158
1769929204.9290533,0,-3,-157
1769929204.9390533,3,-1,-157
1769929204.9490533,1,-1,-165
1769929204.9590533,-1,0,-165
1769929204.9690533,-3,0,-166
1769929204.9790533,0,0,-170
1769929204.9890532,6,0,-167
1769929204.9990532,7,-3,-160
1769929205.0090532,5,-4,-162
1769929205.0190532,6,-3,-159
1769929205.0290532,4,-3,-164
1769929205.0390532,8,-5,-161
1769929205.0490532,3,-3,-157
1769929205.0590532,1,-3,-154
1769929205.0690532,0,-2,-158
1769929205.0790532,4,-4,-157
1769929205.0890532,3,-2,-155
1769929205.0990531,4,1,-151
1769929205.1090531,-1,3,-153
1769929205.1190531,0,4,-153
1769929205.129053,2,4,-149
1769929205.139053,1,3,-155
1769929205.149053,-1,1,-155
1769929205.159053,0,1,-154
1769929205.1690533,-4,0,-158
1769929205.1790533,-3,1,-151
1769929205.1890533,0,0,-153
1769929205.1990533,5,-2,-156
1769929205.2090533,11,0,-155
1769929205.2190533,15,6,-155
1769929205.2290533,14,0,-157
1769929205.2390532,18,-3,-154
1769929205.2490532,13,-2,-153
1769929205.2590532,13,-1,-158
1769929205.2690532,6,0,-156
1769929205.2790532,2,2,-149
1769929205.2890532,0,2,-152
1769929205.2990532,-3,-3,-150
1769929205.3090532,0,-3,-151
1769929205.3190532,1,-2,-155
1769929205.3290532,2,-1,-156
1769929205.3390532,4,-3,-154
1769929205.3490531,2,-1,-152
1769929205.3590531,2,2,-154
1769929205.3690531,0,4,-156
1769929205.379053,0,1,-151
1769929205.389053,0,-1,-156
1769929205.399053,0,0,-165
1769929205.409053,-1,2,-163
1769929205.4190533,2,0,-165
1769929205.4290533,4,-2,-162
1769929205.4390533,3,-1,-159
1769929205.4490533,5,0,-166
1769929205.4590533,4,-2,-165
1769929205.4690533,5,-4,-165
1769929205.4790533,8,-5,-163
1769929205.4890532,6,-3,-162
1769929205.4990532,8,-4,-162
1769929205.5090532,5,0,-161
1769929205.5190532,1,0,-160
1769929205.5290532,-1,-2,-158
1769929205.5400531,0,0,-153
1769929205.5500531,-1,2,-150
1769929205.5590532,-5,3,-147
1769929205.570053,-4,3,-153
1769929205.580053,-3,2,-149
1769929205.590053,-8,0,-149
1769929205.6000533,-9,2,-150
1769929205.6100533,-8,5,-154
1769929205.6200533,-5,0,-162
1769929205.6300533,-3,-3,-170
1769929205.6400533,1,0,-165
1769929205.6500533,1,-3,-160
1769929205.6600533,0,-4,-158
1769929205.6700532,9,-9,-155
1769929205.6800532,8,-10,-157
1769929205.6900532,4,-12,-159
1769929205.7000532,4,-12,-154
1769929205.7100532,2,-9,-156
1769929205.7200532,4,-3,-159
1769929205.7300532,0,-3,-159
1769929205.7400532,-4,2,-152
1769929205.7500532,-2,1,-152
1769929205.7600532,0,3,-152
1769929205.7700531,0,4,-156
1769929205.7800531,0,1,-158
1769929205.7900531,2,3,-164
1769929205.8000531,0,-2,-166
1769929205.810053,-6,-6,-168
1769929205.820053,-7,-11,-171
1769929205.830053,-2,-8,-177
1769929205.840053,-4,-9,-175
1769929205.8500533,-7,-3,-167
1769929205.8600533,-6,0,-163
1769929205.8700533,-4,1,-164
1769929205.8800533,-2,2,-161
1769929205.8900533,-1,6,-160
1769929205.9000533,2,3,-156
1769929205.9100533,1,5,-153
1769929205.9200532,1,2,-151
1769929205.9300532,-3,-1,-148
1769929205.9400532,-2,-3,-155
1769929205.9500532,0,-2,-158
1769929205.9600532,-4,0,-155
1769929205.9700532,-4,-3,-155
1769929205.9800532,-3,-4,-149
1769929205.9900532,0,-4,-153
1769929206.0000532,2,1,-153
1769929206.0100532,4,2,-160
1769929206.0200531,1,2,-157
1769929206.0300531,2,2,-158
1769929206.0400531,1,-1,-156
1769929206.0500531,0,-1,-157
1769929206.060053,0,0,-157
1769929206.070053,3,-1,-156
1769929206.080053,7,0,-153
1769929206.090053,7,0,-154
1769929206.1000533,9,-1,-156
1769929206.1100533,5,2,-154
1769929206.1200533,3,5,-158
1769929206.1300533,2,2,-159
1769929206.1400533,1,-1,-154
1769929206.1500533,6,-2,-159
1769929206.1600533,8,-2,-165
1769929206.1700532,1,-3,-167
1769929206.1800532,1,-2,-163
1769929206.1900532,4,-8,-166
1769929206.2000532,1,-4,-168
1769929206.2100532,0,0,-169
1769929206.2200532,-1,-1,-170
1769929206.2300532,3,-4,-162
1769929206.2400532,0,-2,-163
1769929206.2500532,3,-4,-159
1769929206.2600532,3,-2,-148
1769929206.2700531,0,-5,-144
1769929206.2800531,0,0,-144
1769929206.2900531,0,-2,-143
1769929206.3000531,0,-1,-146
1769929206.310053,2,0,-153
1769929206.320053,3,0,-156
1769929206.330053,4,3,-157
1769929206.340053,3,0,-164
1769929206.3500533,7,-1,-167
1769929206.3600533,7,-1,-163
1769929206.3700533,4,-3,-167
1769929206.3800533,2,-2,-163
1769929206.3900533,0,0,-160
1769929206.4000533,0,3,-157
1769929206.4100533,0,0,-160
1769929206.4200532,0,-2,-156
1769929206.4300532,-1,-2,-156
1769929206.4400532,0,-6,-160
1769929206.4500532,-2,-4,-160
1769929206.4600532,-2,-2,-158
1769929206.4700532,-2,-3,-163
1769929206.4800532,-8,-3,-164
1769929206.4900532,-9,-6,-165
1769929206.5000532,-7,-4,-156
1769929206.5100532,-2,-3,-157
1769929206.5200531,-1,-6,-165
1769929206.5300531,2,-6,-169
1769929206.5400531,1,-6,-165
1769929206.5500531,0,-1,-164
1769929206.560053,0,-1,-163
1769929206.570053,0,-1,-164
1769929206.580053,7,0,-158
1769929206.590053,4,-2,-154
1769929206.6000533,1,-5,-158
1769929206.6100533,1,-5,-153
1769929206.6200533,1,-4,-155
1769929206.6300533,0,-1,-159
1769929206.6400533,-3,-2,-160
1769929206.6500533,0,-3,-167
1769929206.6600533,1,-1,-175
1769929206.6700532,5,-1,-167
1769929206.6800532,0,-1,-162
1769929206.6900532,1,-3,-170
1769929206.7000532,0,-3,-167
1769929206.7100532,1,-2,-165
1769929206.7200532,2,1,-163
1769929206.7300532,4,0,-163
1769929206.7400532,2,0,-168
1769929206.7500532,2,0,-172
1769929206.7600532,2,0,-176
1769929206.7700531,8,-3,-172
1769929206.7800531,10,0,-171
1769929206.7900531,11,1,-165
1769929206.8000531,6,2,-161
1769929206.810053,3,1,-160
1769929206.820053,3,-1,-158
1769929206.830053,1,-2,-157
1769929206.840053,0,-2,-160
1769929206.8500533,-1,-3,-167
1769929206.8600533,-1,-1,-168
1769929206.8700533,-1,0,-166
1769929206.8800533,-1,4,-160
1769929206.8900533,-5,0,-159
1769929206.9000533,-8,-2,-158
1769929206.9100533,-10,0,-157
1769929206.9200532,-7,2,-157
1769929206.9300532,-1,2,-155
1769929206.9400532,0,-1,-146
1769929206.9500532,0,0,-153
1769929206.9600532,3,3,-153
1769929206.9700532,0,2,-149
1769929206.9800532,1,-2,-148
1769929206.9900532,4,0,-146
1769929207.0120533,12,2,-155
1769929207.0200531,8,3,-158
1769929207.0300531,1,2,-153
1769929207.0400531,3,3,-152
1769929207.0500531,2,2,-145
1769929207.060053,0,0,-149
1769929207.070053,2,0,-151
1769929207.080053,-2,-1,-151
1769929207.090053,0,0,-149
1769929207.1000533,0,-4,-149
1769929207.1100533,0,-4,-156
1769929207.1200533,0,1,-156
1769929207.1300533,0,2,-158
1769929207.1400533,-1,0,-162
1769929207.1500533,-3,-2,-166
1769929207.1600533,-1,0,-166
1769929207.1700532,0,2,-165
1769929207.1800532,0,2,-165
1769929207.1900532,1,0,-173
1769929207.2000532,0,3,-167
1769929207.2100532,-2,0,-164
1769929207.2200532,0,-1,-158
1769929207.2300532,0,-5,-163
1769929207.2400532,-2,-7,-162
1769929207.2500532,-1,-11,-160
1769929207.2600532,-2,-9,-166
1769929207.2700531,-2,-5,-168
1769929207.2800531,0,-5,-162
1769929207.2900531,-6,-2,-162
1769929207.3000531,0,-6,-157
1769929207.310053,3,-4,-150
1769929207.320053,2,-4,-151
1769929207.330053,1,-6,-157
1769929207.340053,1,-1,-158
1769929207.3500533,0,1,-157
1769929207.3600533,-1,0,-163
1769929207.3700533,1,-2,-164
1769929207.3800533,-2,0,-163
1769929207.3900533,0,0,-168
1769929207.4000533,2,0,-163
1769929207.4100533,2,0,-158
1769929207.4200532,1,0,-155
1769929207.4300532,1,0,-151
1769929207.4400532,0,1,-152
1769929207.4500532,4,0,-154
1769929207.4600532,2,-3,-150
1769929207.4700532,-1,-2,-149
1769929207.4800532,-3,-2,-152
1769929207.4900532,-3,0,-158
1769929207.5000532,-4,1,-159
1769929207.5100532,-6,0,-158
1769929207.5200531,-7,0,-158
1769929207.5300531,-5,0,-162
1769929207.5400531,-1,0,-162
1769929207.5500531,-3,0,-157
1769929207.560053,-4,0,-157
1769929207.570053,-5,0,-156
1769929207.580053,-2,1,-155
1769929207.590053,1,0,-158
1769929207.6000533,1,0,-156
1769929207.6100533,-1,0,-158
1769929207.6200533,-2,-2,-162
1769929207.6300533,0,-4,-159
1769929207.6400533,1,-3,-162
1769929207.6500533,0,0,-163
1769929207.6600533,-3,1,-166
1769929207.6700532,-5,1,-158
1769929207.6800532,-2,2,-159
1769929207.6900532,0,4,-155
1769929207.7000532,-1,6,-160
1769929207.7100532,0,4,-160
1769929207.7200532,1,4,-155
1769929207.7300532,-1,5,-156
1769929207.7400532,-2,4,-150
1769929207.7500532,-2,0,-154
1769929207.7600532,-3,-5,-157
1769929207.7700531,1,-5,-160
1769929207.7800531,0,-4,-160
1769929207.7900531,1,-4,-165
1769929207.8000531,0,-6,-164
1769929207.810053,4,-8,-163
1769929207.820053,3,-4,-155
1769929207.830053,2,-6,-153
1769929207.840053,0,-6,-156
1769929207.8500533,-5,-6,-161
1769929207.8600533,-4,-7,-158
1769929207.8700533,2,-7,-151
1769929207.8800533,-2,-5,-149
1769929207.8900533,0,-7,-146
1769929207.9000533,-2,-4,-152
1769929207.9100533,-4,-1,-151
1769929207.9200532,-4,0,-158
1769929207.9300532,-3,-3,-162
1769929207.9400532,-7,-2,-164
1769929207.9500532,-7,1,-164
1769929207.9600532,-7,0,-166
1769929207.9700532,-6,-2,-165
1769929207.9800532,-5,-3,-165
1769929207.9900532,-2,-1,-169
1769929208.0000532,-1,0,-170
1769929208.0100532,-6,-2,-166
1769929208.0200531,-2,2,-161
1769929208.0300531,0,8,-166
1769929208.0400531,-6,7,-163
1769929208.0500531,1,7,-169
1769929208.060053,3,1,-167
1769929208.070053,2,2,-165
1769929208.080053,2,-1,-157
1769929208.090053,0,1,-151
1769929208.1000533,-1,1,-152
1769929208.1100533,-5,1,-154
1769929208.1200533,0,0,-156
1769929208.1300533,-2,0,-156
1769929208.1400533,-4,0,-156
1769929208.1500533,-3,0,-157
1769929208.1600533,0,-4,-157
1769929208.1700532,0,-2,-159
1769929208.1800532,-2,0,-162
1769929208.1900532,0,0,-164
1769929208.2000532,4,-1,-166
1769929208.2100532,3,-4,-163
1769929208.2200532,6,-5,-162
1769929208.2300532,6,-10,-161
1769929208.2400532,1,-10,-161
1769929208.2500532,-1,-9,-162
1769929208.2600532,0,-9,-156
1769929208.2700531,1,-5,-156
1769929208.2800531,2,-1,-153
1769929208.2900531,7,0,-161
1769929208.3000531,4,-1,-158
1769929208.310053,2,-3,-156
1769929208.320053,2,-2,-157
1769929208.330053,-1,-1,-151
1769929208.340053,-2,-4,-147
1769929208.3500533,-2,-6,-150
1769929208.3600533,-5,-1,-153
1769929208.3700533,-5,0,-153
1769929208.3800533,-5,-3,-159
1769929208.3900533,-2,-6,-161
1769929208.4000533,-5,-9,-166
1769929208.4100533,-4,-5,-166
1769929208.4200532,-3,-2,-165
1769929208.4300532,0,0,-167
1769929208.4400532,-1,1,-167
1769929208.4500532,-2,3,-166
1769929208.4600532,-4,6,-157
1769929208.4700532,-4,4,-158
1769929208.4800532,-3,4,-154
1769929208.4900532,-2,0,-154
1769929208.5000532,-3,1,-145
1769929208.5100532,-4,0,-149
1769929208.5200531,-7,1,-156
1769929208.5300531,-10,2,-158
1769929208.5400531,-9,7,-152
1769929208.5500531,-3,9,-151
1769929208.560053,0,8,-150
1769929208.570053,0,7,-157
1769929208.580053,1,4,-157
1769929208.590053,1,2,-155
1769929208.6010532,4,3,-152
1769929208.6110532,0,2,-155
1769929208.6210532,-2,2,-159
1769929208.6310532,-2,0,-157
1769929208.6410532,-6,1,-153
1769929208.6510532,-5,1,-151
1769929208.6610532,-5,1,-144
1769929208.6710532,-4,-1,-144
1769929208.6810532,0,-1,-148
1769929208.6910532,-1,-3,-151
1769929208.7010531,-3,-6,-155
1769929208.7110531,0,-7,-159
1769929208.7210531,0,-3,-159
1769929208.731053,-2,-5,-156
1769929208.741053,-1,-4,-154
1769929208.751053,-2,-5,-160
1769929208.761053,-4,-4,-159
1769929208.7710533,-4,-1,-159
1769929208.7810533,-4,0,-158
1769929208.7910533,-1,-2,-160
1769929208.8010533,0,-1,-161
1769929208.8110533,5,0,-162
1769929208.8210533,5,0,-163
1769929208.8310533,4,0,-163
1769929208.8410532,6,3,-160
1769929208.8510532,9,4,-162
1769929208.8610532,11,5,-158
1769929208.8710532,6,1,-151
1769929208.8810532,-1,3,-147
1769929208.8910532,-3,2,-151
1769929208.9010532,-2,1,-150
1769929208.9110532,-3,0,-155
1769929208.9210532,-5,-4,-156
1769929208.9310532,-3,-7,-156
1769929208.9410532,2,-6,-160
1769929208.9510531,1,-1,-163
1769929208.9610531,2,-1,-161
1769929208.9710531,3,-2,-158
1769929208.981053,3,-2,-166
1769929208.991053,5,1,-162
1769929209.001053,1,2,-162
1769929209.011053,-2,3,-162
1769929209.0210533,-2,7,-163
1769929209.0310533,-7,6,-163
1769929209.0410533,-6,3,-161
1769929209.0510533,-6,1,-161
1769929209.0610533,-9,-1,-161
1769929209.0710533,-6,-5,-161
1769929209.0810533,-5,-2,-157
1769929209.0910532,-1,-1,-157
1769929209.1010532,-2,3,-159
1769929209.1110532,-1,8,-158
1769929209.1210532,1,7,-163
1769929209.1310532,3,6,-160
1769929209.1410532,6,4,-160
1769929209.1510532,4,3,-164
1769929209.1610532,1,-1,-167
1769929209.1710532,0,-9,-164
1769929209.1810532,-2,-8,-160
1769929209.1910532,-1,-5,-161
1769929209.2010531,0,-1,-166
1769929209.2110531,1,-3,-171
1769929209.2210531,3,-2,-167
1769929209.231053,7,-2,-167
1769929209.241053,8,-1,-168
1769929209.251053,9,-3,-174
1769929209.261053,12,0,-171
1769929209.2710533,6,1,-171
1769929209.2810533,3,2,-168
1769929209.2910533,-3,0,-167
1769929209.3010533,-4,-3,-167
1769929209.3110533,-4,-5,-169
1769929209.3210533,-5,-5,-174
1769929209.3310533,-5,-6,-180
1769929209.3410532,-4,-2,-180
1769929209.3510532,-6,-3,-181
1769929209.3610532,-7,-3,-174
1769929209.3710532,-4,-7,-164
1769929209.3810532,-3,-7,-165
1769929209.3910532,-7,-9,-165
1769929209.4010532,-3,-5,-163
1769929209.4110532,-1,-4,-159
1769929209.4210532,0,-3,-158
1769929209.4310532,-4,-5,-160
1769929209.4410532,-2,-2,-159
1769929209.4510531,-5,0,-160
1769929209.4610531,-2,2,-165
1769929209.4710531,-2,4,-170
1769929209.481053,1,7,-176
1769929209.491053,0,4,-173
1769929209.501053,0,2,-171
1769929209.511053,-1,0,-161
1769929209.5210533,0,0,-156
1769929209.5310533,1,0,-160
1769929209.5410533,1,-2,-156
1769929209.5510533,-1,-1,-159
1769929209.5610533,0,0,-161
1769929209.5710533,0,-4,-162
1769929209.5810533,-1,-2,-161
1769929209.5910532,-4,-3,-159
1769929209.6010532,0,-1,-159
1769929209.6110532,1,-1,-155
1769929209.6210532,0,0,-152
1769929209.6310532,-1,2,-155
1769929209.6410532,1,0,-159
1769929209.6510532,0,-4,-156
1769929209.6610532,0,-3,-152
1769929209.6710532,-2,-3,-156
1769929209.6810532,-4,-5,-154
1769929209.6910532,-6,-7,-158
1769929209.7010531,-1,-6,-170
1769929209.7110531,-1,-3,-170
1769929209.7210531,2,-6,-165
1769929209.731053,1,-5,-161
1769929209.741053,0,-5,-164
1769929209.751053,4,-8,-172
1769929209.761053,5,-7,-174
1769929209.7710533,4,-8,-167
1769929209.7810533,4,-7,-164
1769929209.7910533,5,-8,-163
1769929209.8010533,11,-6,-159
1769929209.8110533,9,-4,-160
1769929209.8210533,10,-1,-155
1769929209.8310533,4,0,-156
1769929209.8410532,1,-1,-155
1769929209.8510532,1,-4,-156
1769929209.8610532,4,-5,-161
1769929209.8710532,3,-1,-162
1769929209.8810532,-1,-5,-161
1769929209.8910532,0,-6,-162
1769929209.9010532,-1,-8,-158
1769929209.9110532,5,-7,-155
1769929209.9210532,5,-5,-167
1769929209.9310532,2,-2,-172
1769929209.9410532,0,-2,-165
1769929209.9510531,-1,-1,-161
1769929209.9610531,-2,-5,-161
1769929209.9710531,-2,-4,-158
1769929209.981053,0,-6,-162
1769929209.991053,1,-8,-154
1769929210.001053,0,-5,-157
1769929210.011053,0,-8,-159
1769929210.0210533,-2,-7,-158
1769929210.0310533,-2,-9,-162
1769929210.0410533,-2,-7,-160
1769929210.0510533,-1,-4,-156
1769929210.0610533,-2,-4,-155
1769929210.0710533,-2,-4,-158
1769929210.0810533,-3,-1,-163
1769929210.0910532,-1,2,-157
1769929210.1010532,2,4,-154
1769929210.1110532,1,2,-152
1769929210.1210532,0,6,-155
1769929210.1310532,-3,5,-148
1769929210.1410532,0,4,-153
1769929210.1510532,-3,4,-162
1769929210.1610532,-2,1,-164
1769929210.1710532,-3,2,-155
1769929210.1810532,2,0,-159
1769929210.1910532,2,1,-155
1769929210.2010531,4,-1,-157
1769929210.2110531,1,-2,-171
1769929210.2210531,0,-2,-160
1769929210.231053,1,-3,-160
1769929210.241053,4,-5,-160
1769929210.251053,2,-5,-158
1769929210.261053,4,-1,-158
1769929210.2710533,2,0,-158
1769929210.2810533,5,1,-162
1769929210.2910533,3,0,-161
1769929210.3010533,3,-3,-159
1769929210.3110533,1,-4,-160
1769929210.3210533,0,-4,-158
1769929210.3310533,1,-1,-154
1769929210.3410532,2,-1,-155
1769929210.3510532,-2,-3,-156
1769929210.3610532,-3,0,-154
1769929210.3710532,-1,0,-158
1769929210.3810532,-5,2,-153
1769929210.3910532,-4,1,-159
1769929210.4010532,-3,0,-161
1769929210.4110532,-4,0,-160
1769929210.4210532,-4,-1,-161
1769929210.4310532,-3,-4,-156
1769929210.4410532,0,-2,-150
1769929210.4510531,2,-1,-150
1769929210.4610531,4,-2,-149
1769929210.4710531,2,-1,-152
1769929210.481053,0,0,-160
1769929210.491053,0,0,-159
1769929210.501053,0,3,-162
1769929210.511053,0,0,-164
1769929210.5210533,3,-3,-160
1769929210.5310533,-2,-2,-156
1769929210.5410533,0,-3,-150
1769929210.5510533,2,-3,-150
1769929210.5610533,0,-4,-148
1769929210.5710533,0,-1,-141
1769929210.5810533,-1,-3,-144
1769929210.5910532,-2,-1,-149
1769929210.6010532,0,-1,-156
1769929210.6110532,-5,-1,-154
1769929210.6210532,-2,1,-151
1769929210.6310532,1,-4,-156
1769929210.6410532,3,-3,-162
1769929210.6510532,0,-1,-158
1769929210.6610532,-1,-3,-158
1769929210.6710532,4,-3,-158
1769929210.6810532,1,-2,-161
1769929210.6910532,-1,1,-155
1769929210.7010531,0,0,-155
1769929210.7110531,0,-2,-159
1769929210.7210531,6,-2,-160
1769929210.731053,6,-9,-154
1769929210.741053,1,-5,-158
1769929210.751053,-1,-1,-159
1769929210.761053,-2,-3,-153
1769929210.7710533,-1,0,-156
1769929210.7810533,-3,1,-163
1769929210.7910533,-3,2,-159
1769929210.8010533,-1,1,-162
1769929210.8110533,2,4,-161
1769929210.8210533,0,2,-168
1769929210.8310533,-4,8,-169
1769929210.8410532,-6,4,-169
1769929210.8510532,0,3,-173
1769929210.8610532,2,0,-169
1769929210.8710532,0,-1,-163
1769929210.8810532,1,-1,-168
1769929210.8910532,1,0,-172
1769929210.9010532,7,0,-170
1769929210.9110532,2,0,-178
1769929210.9210532,4,-2,-178
1769929210.9310532,3,0,-172
1769929210.9410532,-1,-3,-174
1769929210.9510531,0,-4,-177
1769929210.9610531,1,-2,-163
1769929210.9710531,4,0,-157
1769929210.981053,2,-4,-158
1769929210.991053,0,-3,-160
1769929211.001053,3,-6,-157
1769929211.011053,3,-6,-160
1769929211.0210533,2,-1,-160
1769929211.0310533,5,0,-159
1769929211.0410533,7,0,-153
1769929211.0510533,4,-5,-151
1769929211.0610533,3,-4,-146
1769929211.0710533,6,-6,-153
1769929211.0810533,6,-4,-162
1769929211.0910532,7,-6,-165
1769929211.1010532,7,-7,-162
1769929211.1110532,5,-6,-156
1769929211.1210532,6,-7,-155
1769929211.1310532,5,-10,-160
1769929211.1410532,5,-7,-159
1769929211.1510532,5,-6,-162
1769929211.1610532,0,-5,-164
1769929211.1710532,0,-5,-157
1769929211.1810532,0,-4,-157
1769929211.1910532,0,-2,-158
1769929211.2010531,3,-2,-152
1769929211.2110531,2,-1,-151
1769929211.2210531,6,0,-158
1769929211.231053,2,-1,-156
1769929211.241053,2,0,-157
1769929211.251053,2,0,-157
1769929211.261053,2,-1,-160
1769929211.2710533,-2,-1,-164
1769929211.2810533,-4,0,-163
1769929211.2910533,-2,1,-161
1769929211.3010533,-2,0,-154
1769929211.3110533,-4,0,-152
1769929211.3210533,-4,1,-154
1769929211.3310533,0,-2,-154
1769929211.3410532,1,-2,-152
1769929211.3510532,4,-2,-152
1769929211.3610532,5,0,-158
1769929211.3710532,0,0,-161
1769929211.3810532,2,-5,-155
1769929211.3910532,7,-6,-157
1769929211.4010532,10,-4,-156
1769929211.4110532,8,-6,-150
1769929211.4210532,9,-5,-147
1769929211.4310532,3,-8,-147
1769929211.4410532,0,-9,-149
1769929211.4510531,-1,-8,-149
1769929211.4610531,0,-4,-160
1769929211.4710531,0,-1,-162
1769929211.481053,1,0,-159
1769929211.491053,2,-2,-164
1769929211.501053,5,-4,-165
1769929211.511053,2,-3,-169
1769929211.5210533,1,-2,-168
1769929211.5310533,1,-2,-166
1769929211.5410533,1,-3,-166
1769929211.5510533,2,3,-162
1769929211.5610533,1,3,-159
1769929211.5710533,1,-2,-162
1769929211.5810533,3,-4,-160
1769929211.5910532,3,-4,-169
1769929211.6010532,3,-3,-165
1769929211.6120532,3,-6,-164
1769929211.6220531,1,-7,-166
1769929211.6320531,5,-4,-166
1769929211.6420531,3,-5,-163
1769929211.6510532,5,-2,-162
1769929211.662053,5,-6,-163
1769929211.6710532,-1,-6,-163
1769929211.682053,1,-3,-166
1769929211.6920533,4,-1,-165
1769929211.7020533,3,0,-158
1769929211.7120533,2,2,-157
1769929211.7220533,1,0,-154
1769929211.7320533,3,4,-157
1769929211.7420533,3,1,-157
1769929211.7520533,3,0,-158
1769929211.7620533,2,-3,-158
1769929211.7720532,1,0,-159
1769929211.7820532,2,2,-160
1769929211.7920532,0,2,-155
1769929211.8020532,0,2,-156
1769929211.8120532,3,0,-155
1769929211.8220532,1,3,-158
1769929211.8320532,7,1,-156
1769929211.8420532,5,0,-158
1769929211.8520532,6,-1,-160
1769929211.8620532,4,1,-160
1769929211.8720531,2,0,-163
1769929211.8820531,2,-3,-168
1769929211.8920531,5,-4,-171
1769929211.902053,3,-2,-166
1769929211.912053,-1,-2,-162
1769929211.922053,-9,0,-163
1769929211.932053,-7,-6,-163
1769929211.9420533,-2,-6,-166
1769929211.9520533,-8,-4,-164
1769929211.9620533,-11,-2,-159
1769929211.9720533,-8,0,-166
1769929211.9820533,-5,-2,-167
1769929211.9920533,-3,-4,-169
1769929212.0020533,1,-5,-166
1769929212.024053,2,-5,-162
1769929212.0320532,1,-2,-161
1769929212.0420532,0,-2,-158
1769929212.0520532,-1,-6,-156
1769929212.0620532,0,-6,-164
1769929212.0720532,1,-9,-163
1769929212.0820532,2,-9,-166
1769929212.0920532,3,-12,-166
1769929212.1020532,1,-11,-156
1769929212.1120532,1,-13,-156
1769929212.1220531,0,-13,-160
1769929212.1320531,-3,-14,-159
1769929212.1420531,-7,-7,-158
1769929212.152053,-4,-5,-158
1769929212.162053,-4,-9,-159
1769929212.172053,-4,-4,-155
1769929212.182053,-2,-5,-160
1769929212.1920533,2,-6,-159
1769929212.2020533,0,-3,-155
1769929212.2120533,-1,-7,-151
1769929212.2220533,2,-4,-147
1769929212.2320533,0,-6,-145
1769929212.2420533,-1,-6,-143
1769929212.2520533,-3,-3,-144
1769929212.2620533,-2,-1,-151
1769929212.2720532,-3,1,-151
1769929212.2820532,0,0,-149
1769929212.2920532,-1,-1,-158
1769929212.3020532,-3,-4,-164
1769929212.3120532,1,-2,-166
1769929212.3220532,0,0,-156
1769929212.3320532,3,0,-151
1769929212.3420532,3,-3,-150
1769929212.3520532,1,0,-150
1769929212.3620532,0,4,-152
1769929212.3720531,1,3,-160
1769929212.3820531,6,1,-165
1769929212.3920531,5,-1,-167
1769929212.402053,5,0,-162
1769929212.412053,4,-4,-157
1769929212.422053,6,-5,-156
1769929212.432053,5,-4,-156
1769929212.4420533,5,-4,-157
1769929212.4520533,-1,-4,-157
1769929212.4620533,-1,-2,-150
1769929212.4720533,1,-2,-157
1769929212.4820533,2,1,-153
1769929212.4920533,2,1,-152
1769929212.5020533,3,0,-152
1769929212.5120533,3,-4,-155
1769929212.5220532,1,0,-156
1769929212.5320532,6,0,-151
1769929212.5420532,2,-2,-151
1769929212.5520532,0,-3,-145
1769929212.5620532,1,-3,-140
1769929212.5720532,2,-2,-146
1769929212.5820532,-1,0,-153
1769929212.5920532,-3,0,-158
1769929212.6020532,-2,2,-159
1769929212.6120532,0,1,-154
1769929212.6220531,1,0,-151
1769929212.6320531,6,0,-154
1769929212.6420531,3,-1,-163
1769929212.652053,5,-1,-165
1769929212.662053,1,-3,-163
1769929212.672053,1,-1,-156
1769929212.682053,0,-2,-157
1769929212.6920533,1,-2,-161
1769929212.7020533,-1,-3,-164
1769929212.7120533,-4,-2,-168
1769929212.7220533,-1,0,-165
1769929212.7320533,3,0,-164
1769929212.7420533,-1,0,-165
1769929212.7520533,2,1,-167
1769929212.7620533,0,3,-170
1769929212.7720532,-1,3,-170
1769929212.7820532,-1,6,-166
1769929212.7920532,-4,4,-164
1769929212.8020532,-7,0,-159
1769929212.8120532,-8,0,-154
1769929212.8220532,-6,-4,-151
1769929212.8320532,-5,0,-150
1769929212.8420532,-5,0,-156
1769929212.8520532,-3,-1,-156
1769929212.8620532,-6,-1,-149
1769929212.8720531,-7,-1,-155
1769929212.8820531,-4,0,-163
1769929212.8920531,0,1,-159
1769929212.902053,-3,4,-160
1769929212.912053,-2,4,-154
1769929212.922053,1,7,-152
1769929212.932053,-1,5,-150
1769929212.9420533,0,5,-148
1769929212.9520533,2,2,-147
1769929212.9620533,1,3,-150
1769929212.9720533,3,2,-157
1769929212.9820533,2,2,-156
1769929212.9920533,4,3,-159
1769929213.0020533,2,4,-154
1769929213.0120533,1,0,-151
1769929213.0220532,6,0,-152
1769929213.0320532,5,1,-154
1769929213.0420532,4,-1,-154
1769929213.0520532,5,0,-159
1769929213.0620532,4,-1,-156
1769929213.0720532,7,-3,-158
1769929213.0820532,5,-5,-159
1769929213.0920532,6,-5,-165
1769929213.1020532,4,-6,-161
1769929213.1120532,3,-8,-163
1769929213.1220531,2,-9,-164
1769929213.1320531,0,-8,-159
1769929213.1420531,-3,-6,-165
1769929213.152053,0,-7,-167
1769929213.162053,5,-9,-157
1769929213.172053,3,-6,-158
1769929213.182053,0,-9,-158
1769929213.1920533,-2,-10,-153
1769929213.2020533,0,-10,-159
1769929213.2120533,0,-8,-162
1769929213.2220533,3,-3,-168
1769929213.2320533,2,0,-175
1769929213.2420533,3,0,-170
1769929213.2520533,2,2,-176
1769929213.2620533,6,3,-173
1769929213.2720532,9,6,-171
1769929213.2820532,1,5,-169
1769929213.2920532,-2,5,-173
1769929213.3020532,-2,5,-173
1769929213.3120532,0,1,-168
1769929213.3220532,0,1,-168
1769929213.3320532,1,0,-162
1769929213.3420532,6,-3,-164
1769929213.3520532,10,-8,-163
1769929213.3620532,9,-7,-163
1769929213.3720531,8,-4,-163
1769929213.3820531,7,-3,-166
1769929213.3920531,3,-2,-165
1769929213.402053,8,0,-163
1769929213.412053,6,0,-165
1769929213.422053,3,-3,-161
1769929213.432053,4,-1,-167
1769929213.4420533,-3,-4,-164
1769929213.4520533,-4,-4,-164
1769929213.4620533,-2,-4,-164
1769929213.4720533,1,-3,-156
1769929213.4820533,3,0,-152
1769929213.4920533,3,-3,-145
1769929213.5020533,1,-1,-144
1769929213.5120533,1,-1,-145
1769929213.5220532,0,0,-145
1769929213.5320532,0,0,-141
1769929213.5420532,-4,1,-142
1769929213.5520532,-3,3,-146
1769929213.5620532,-2,0,-145
1769929213.5720532,-1,1,-145
1769929213.5820532,1,0,-152
1769929213.5920532,0,-3,-161
1769929213.6020532,-1,-2,-158
1769929213.6120532,0,0,-153
1769929213.6220531,4,1,-149
1769929213.6320531,4,3,-148
1769929213.6420531,3,6,-154
1769929213.652053,0,8,-155
1769929213.662053,5,9,-161
1769929213.672053,6,3,-157
1769929213.682053,6,2,-160
1769929213.6920533,7,-1,-160
1769929213.7020533,4,-2,-159
1769929213.7120533,1,-1,-156
1769929213.7220533,0,0,-153
1769929213.7320533,0,2,-155
1769929213.7420533,1,5,-155
1769929213.7520533,1,4,-160
1769929213.7620533,-1,0,-156
1769929213.7720532,0,1,-160
1769929213.7820532,-2,0,-159
1769929213.7920532,0,1,-164
1769929213.8020532,1,3,-164
1769929213.8120532,6,0,-156
1769929213.8220532,7,-6,-155
1769929213.8320532,6,-3,-160
1769929213.8420532,7,-1,-162
1769929213.8520532,6,-2,-157
1769929213.8620532,4,0,-158
1769929213.8720531,2,1,-159
1769929213.8820531,-3,0,-160
1769929213.8920531,-5,-3,-163
1769929213.902053,-8,-5,-168
1769929213.912053,-4,-3,-167
1769929213.922053,0,2,-172
1769929213.932053,0,9,-172
1769929213.9420533,-1,8,-174
1769929213.9520533,-1,5,-174
1769929213.9620533,-1,3,-165
1769929213.9720533,-3,1,-160
1769929213.9820533,-5,1,-163
1769929213.9920533,-3,0,-159
1769929214.0020533,-4,-3,-160
1769929214.0120533,-5,0,-162
1769929214.0220532,-2,3,-160
1769929214.0320532,1,1,-160
1769929214.0420532,-2,-2,-156
1769929214.0520532,0,0,-158
1769929214.0620532,1,0,-162
1769929214.0720532,0,-1,-161
1769929214.0820532,-2,0,-166
1769929214.0920532,-1,0,-160
1769929214.1020532,0,0,-160
1769929214.1120532,6,-2,-155
1769929214.1220531,7,-2,-158
1769929214.1320531,-1,1,-158
1769929214.1420531,-1,2,-162
1769929214.152053,-4,2,-157
1769929214.162053,-2,4,-155
1769929214.172053,-2,4,-156
1769929214.182053,-7,0,-153
1769929214.1920533,-1,0,-151
1769929214.2020533,0,0,-155
1769929214.2120533,-1,0,-159
1769929214.2220533,0,0,-160
1769929214.2320533,0,1,-157
1769929214.2420533,2,-2,-159
1769929214.2520533,6,-2,-161
1769929214.2620533,6,-6,-162
1769929214.2720532,0,-8,-164
1769929214.2820532,2,-4,-163
1769929214.2920532,1,-6,-165
1769929214.3020532,3,-3,-161
1769929214.3120532,3,-3,-164
1769929214.3220532,3,1,-157
1769929214.3320532,6,1,-148
1769929214.3420532,1,0,-144
1769929214.3520532,0,3,-149
1769929214.3620532,5,0,-148
1769929214.3720531,3,0,-145
1769929214.3820531,4,1,-152
1769929214.3920531,2,1,-160
1769929214.402053,1,2,-158
1769929214.412053,0,2,-157
1769929214.422053,2,0,-161
1769929214.432053,4,-1,-156
1769929214.4420533,0,-1,-155
1769929214.4520533,2,3,-152
1769929214.4620533,4,0,-149
1769929214.4720533,4,1,-159
1769929214.4820533,3,1,-155
1769929214.4920533,5,8,-157
1769929214.5020533,5,8,-164
1769929214.5120533,6,8,-163
1769929214.5220532,1,8,-164
1769929214.5320532,1,4,-159
1769929214.5420532,-1,0,-158
1769929214.5520532,0,3,-155
1769929214.5620532,-3,1,-152
1769929214.5720532,0,0,-152
1769929214.5820532,1,1,-156
1769929214.5920532,2,3,-164
1769929214.6020532,5,2,-157
1769929214.613053,1,1,-157
1769929214.6220531,-2,-1,-155
1769929214.6320531,-5,1,-149
1769929214.6420531,-6,-1,-153
1769929214.652053,-6,0,-154
1769929214.662053,-5,0,-150
1769929214.672053,-5,-1,-153
1769929214.6830533,-3,0,-157
1769929214.6930532,0,0,-165
1769929214.7030532,4,0,-167
1769929214.7130532,7,-3,-163
1769929214.7230532,6,-2,-156
1769929214.7330532,1,-1,-160
1769929214.7430532,-1,-2,-161
1769929214.7530532,0,-4,-161
1769929214.7630532,3,-2,-161
1769929214.7730532,8,-4,-161
1769929214.7830532,6,-6,-159
1769929214.7930532,4,-1,-158
1769929214.8030531,2,0,-159
1769929214.8130531,0,-2,-162
1769929214.8230531,1,1,-159
1769929214.833053,1,0,-164
1769929214.843053,0,-1,-171
1769929214.853053,-1,2,-163
1769929214.863053,-1,4,-161
1769929214.8730533,-8,2,-161
1769929214.8830533,-4,-1,-163
1769929214.8930533,0,0,-164
1769929214.9030533,1,-1,-163
1769929214.9130533,0,-1,-166
1769929214.9230533,-8,0,-169
1769929214.9330533,-12,-2,-166
1769929214.9430532,-5,-4,-167
1769929214.9530532,-3,-4,-162
1769929214.9630532,-3,-2,-162
1769929214.9730532,2,-5,-162
1769929214.9830532,6,-8,-157
1769929214.9930532,5,-11,-163
1769929215.0030532,1,-9,-159
1769929215.0130532,2,-5,-163
1769929215.0230532,5,-4,-161
1769929215.0330532,6,-2,-163
1769929215.0430532,9,-1,-160
1769929215.0530531,11,-6,-160
1769929215.0630531,10,-4,-165
1769929215.0730531,13,-2,-164
1769929215.083053,11,0,-165
1769929215.093053,11,1,-159
1769929215.103053,9,-2,-163
1769929215.113053,2,0,-169
1769929215.1230533,3,-1,-166
1769929215.1330533,1,1,-159
1769929215.1430533,-1,0,-159
1769929215.1530533,-2,1,-159
1769929215.1630533,0,1,-157
1769929215.1730533,-3,0,-153
1769929215.1830533,-2,-2,-155
1769929215.1930532,2,-1,-150
1769929215.2030532,8,0,-151
1769929215.2130532,5,2,-147
1769929215.2230532,4,4,-147
1769929215.2330532,5,0,-143
1769929215.2430532,7,-2,-148
1769929215.2530532,6,-1,-152
1769929215.2630532,2,-7,-150
1769929215.2730532,1,-7,-149
1769929215.2830532,2,-6,-156
1769929215.2930532,0,0,-159
1769929215.3030531,6,2,-157
1769929215.3130531,3,3,-153
1769929215.3230531,3,3,-154
1769929215.333053,1,2,-157
1769929215.343053,5,4,-158
1769929215.353053,4,1,-159
1769929215.363053,2,1,-155
1769929215.3730533,5,2,-156
1769929215.3830533,4,2,-156
1769929215.3930533,4,3,-160
1769929215.4030533,10,0,-159
1769929215.4130533,6,-3,-164
1769929215.4230533,2,-1,-166
1769929215.4330533,1,-2,-171
1769929215.4430532,3,0,-173
1769929215.4530532,2,0,-170
1769929215.4630532,3,-1,-170
1769929215.4730532,5,0,-172
1769929215.4830532,8,3,-172
1769929215.4930532,7,1,-165
1769929215.5030532,3,0,-169
1769929215.5130532,6,0,-160
1769929215.5230532,6,0,-160
1769929215.5330532,4,-2,-162
1769929215.5430532,5,-3,-156
1769929215.5530531,2,-3,-157
1769929215.5630531,1,-2,-155
1769929215.5730531,5,-2,-150
1769929215.583053,4,-3,-146
1769929215.593053,3,0,-161
1769929215.603053,4,2,-159
1769929215.613053,3,2,-156
1769929215.6230533,2,3,-158
1769929215.6330533,5,5,-157
1769929215.6430533,7,2,-162
1769929215.6530533,7,1,-159
1769929215.6630533,4,-1,-153
1769929215.6730533,2,-1,-154
1769929215.6830533,-2,-1,-155
1769929215.6930532,-7,0,-154
1769929215.7030532,-7,0,-154
1769929215.7130532,-4,0,-155
1769929215.7230532,2,-1,-149
1769929215.7330532,0,-2,-156
1769929215.7430532,-4,-3,-158
1769929215.7530532,-6,-4,-152
1769929215.7630532,-5,-6,-148
1769929215.7730532,-4,-3,-149
1769929215.7830532,-4,-5,-152
1769929215.7930532,-2,-8,-149
1769929215.8030531,-3,-7,-150
1769929215.8130531,-3,-8,-152
1769929215.8230531,-2,-5,-152
1769929215.833053,-1,0,-150
1769929215.843053,-1,-2,-151
1769929215.853053,-2,-4,-150
1769929215.863053,-4,-3,-152
1769929215.8730533,0,-8,-152
1769929215.8830533,-4,-7,-151
1769929215.8930533,-7,-6,-153
1769929215.9030533,-7,-3,-158
1769929215.9130533,-8,0,-161
1769929215.9230533,-6,0,-159
1769929215.9330533,-3,0,-151
1769929215.9430532,-3,2,-148
1769929215.9530532,-3,2,-150
1769929215.9630532,-1,3,-150
1769929215.9730532,-2,0,-148
1769929215.9830532,0,1,-154
1769929215.9930532,1,0,-158
1769929216.0030532,0,-1,-156
1769929216.0130532,0,-3,-156
1769929216.0230532,-1,-7,-154
1769929216.0330532,0,-6,-157
1769929216.0430532,0,-6,-160
1769929216.0530531,2,-8,-157
1769929216.0630531,2,-6,-161
1769929216.0730531,-3,-7,-163
1769929216.083053,-9,-1,-165
1769929216.093053,-7,1,-162
1769929216.103053,-4,0,-164
1769929216.113053,0,-2,-170
1769929216.1230533,3,0,-167
1769929216.1330533,5,3,-164
1769929216.1430533,3,3,-166
1769929216.1530533,-1,-2,-161
1769929216.1630533,1,-5,-156
1769929216.1730533,0,-5,-154
1769929216.1830533,6,-1,-156
1769929216.1930532,5,-1,-162
1769929216.2030532,0,-3,-159
1769929216.2130532,-3,-3,-156
1769929216.2230532,-2,0,-148
1769929216.2330532,-1,3,-149
1769929216.2430532,3,6,-159
1769929216.2530532,0,6,-165
1769929216.2630532,-4,6,-173
1769929216.2730532,-5,5,-165
1769929216.2830532,-3,2,-166
1769929216.2930532,0,5,-166
1769929216.3030531,0,6,-170
1769929216.3130531,2,1,-163
1769929216.3230531,0,0,-160
1769929216.333053,-5,0,-163
1769929216.343053,-3,-1,-161
1769929216.353053,-4,0,-161
1769929216.363053,-4,0,-171
1769929216.3730533,-4,3,-169
1769929216.3830533,-7,4,-166
1769929216.3930533,-4,5,-159
1769929216.4030533,0,4,-165
1769929216.4130533,0,0,-163
1769929216.4230533,0,0,-163
1769929216.4330533,-1,-1,-164
1769929216.4430532,0,0,-158
1769929216.4530532,-3,0,-160
1769929216.4630532,3,2,-158
1769929216.4730532,7,1,-161
1769929216.4830532,5,2,-165
1769929216.4930532,5,0,-167
1769929216.5030532,6,1,-165
1769929216.5130532,3,1,-158
1769929216.5230532,2,-2,-158
1769929216.5330532,4,0,-158
1769929216.5430532,4,0,-166
1769929216.5530531,9,0,-163
1769929216.5630531,12,2,-162
1769929216.5730531,9,5,-162
1769929216.583053,5,6,-164
1769929216.593053,2,6,-163
1769929216.603053,1,5,-157
1769929216.613053,4,6,-152
1769929216.6230533,4,4,-151
1769929216.6330533,2,3,-148
1769929216.6430533,1,2,-151
1769929216.6530533,1,4,-157
1769929216.6630533,0,3,-161
1769929216.6730533,3,-1,-157
1769929216.6830533,2,0,-165
1769929216.6930532,7,1,-166
1769929216.7030532,10,-1,-171
1769929216.7130532,10,-5,-171
1769929216.7230532,9,-6,-167
1769929216.7330532,6,-1,-160
1769929216.7430532,4,-1,-157
1769929216.7530532,2,-5,-162
1769929216.7630532,4,-3,-163
1769929216.7730532,2,0,-159
1769929216.7830532,4,0,-155
1769929216.7930532,5,-1,-158
1769929216.8030531,4,-3,-161
1769929216.8130531,9,-7,-167
1769929216.8230531,10,-5,-162
1769929216.833053,8,-4,-162
1769929216.843053,1,-8,-162
1769929216.853053,-1,-6,-166
1769929216.863053,0,-5,-167
1769929216.8730533,-2,-6,-163
1769929216.8830533,-4,-3,-160
1769929216.8930533,0,-1,-163
1769929216.9030533,-1,-2,-163
1769929216.9130533,0,-3,-159
1769929216.9230533,4,-5,-167
1769929216.9330533,6,-4,-163
1769929216.9430532,4,0,-160
1769929216.9530532,5,2,-163
1769929216.9630532,2,2,-157
1769929216.9730532,5,0,-163
1769929216.9830532,1,0,-158
1769929216.9930532,-1,2,-158
1769929217.0030532,-1,2,-157
1769929217.0130532,0,1,-160
1769929217.0350533,-1,1,-154
1769929217.0430532,0,2,-147
1769929217.0530531,3,3,-150
1769929217.0630531,5,5,-154
1769929217.0730531,3,2,-156
1769929217.083053,4,5,-156
1769929217.093053,4,4,-155
1769929217.103053,1,0,-155
1769929217.113053,-6,0,-157
1769929217.1230533,-11,0,-163
1769929217.1330533,-9,0,-169
1769929217.1430533,-6,0,-167
1769929217.1530533,-1,-4,-169
1769929217.1630533,1,-2,-157
1769929217.1730533,2,-2,-150
1769929217.1830533,2,-2,-152
1769929217.1930532,-1,3,-156
1769929217.2030532,-5,3,-154
1769929217.2130532,-5,0,-154
1769929217.2230532,0,0,-160
1769929217.2330532,0,1,-157
1769929217.2430532,0,0,-159
1769929217.2530532,0,-3,-156
1769929217.2630532,0,-2,-158
1769929217.2730532,0,-3,-152
1769929217.2830532,3,-5,-156
1769929217.2930532,0,-1,-157
1769929217.3030531,-1,0,-158
1769929217.3130531,-3,0,-161
1769929217.3230531,-2,-1,-158
1769929217.333053,-1,0,-155
1769929217.343053,3,0,-153
1769929217.353053,2,0,-160
1769929217.363053,0,2,-156
1769929217.3730533,1,-1,-158
1769929217.3830533,2,-8,-160
1769929217.3930533,1,-8,-151
1769929217.4030533,3,-4,-153
1769929217.4130533,0,-4,-147
1769929217.4230533,2,0,-151
1769929217.4330533,2,0,-159
1769929217.4430532,0,-1,-160
1769929217.4530532,2,-1,-163
1769929217.4630532,3,-2,-159
1769929217.4730532,2,-7,-160
1769929217.4830532,4,-6,-160
1769929217.4930532,7,-5,-156
1769929217.5030532,4,-1,-160
1769929217.5130532,2,4,-158
1769929217.5230532,4,2,-160
1769929217.5330532,-1,0,-156
1769929217.5430532,-1,-1,-164
1769929217.5530531,0,0,-161
1769929217.5630531,4,0,-151
1769929217.5730531,6,-4,-151
1769929217.583053,2,-5,-159
1769929217.593053,0,-4,-157
1769929217.603053,2,-2,-160
1769929217.613053,-3,0,-156
1769929217.6230533,-1,1,-155
1769929217.6330533,0,3,-152
1769929217.6430533,0,-1,-151
1769929217.6530533,0,-4,-145
1769929217.6630533,-3,2,-151
1769929217.6730533,2,7,-152
1769929217.6830533,4,4,-156
1769929217.6930532,2,4,-155
1769929217.7040532,-4,5,-153
1769929217.7130532,-5,3,-156
1769929217.7230532,-12,1,-156
1769929217.7330532,-6,2,-157
1769929217.7440531,-3,2,-157
1769929217.7530532,-2,1,-165
1769929217.764053,-6,2,-171
1769929217.774053,-6,1,-170
1769929217.784053,-5,0,-166
1769929217.7940533,-2,-1,-167
1769929217.8040533,-4,-1,-162
1769929217.8140533,-3,-1,-164
1769929217.8240533,-4,0,-163
1769929217.8340533,-3,3,-165
1769929217.8440533,-4,2,-163
1769929217.8540533,-2,3,-160
1769929217.8640532,-3,3,-151
1769929217.8740532,-3,4,-154
1769929217.8840532,0,4,-156
1769929217.8940532,0,5,-159
1769929217.9040532,1,4,-159
1769929217.9140532,1,1,-160
1769929217.9240532,0,6,-160
1769929217.9340532,-3,7,-159
1769929217.9440532,-2,7,-163
1769929217.9540532,-6,5,-168
1769929217.9640532,-5,-2,-172
1769929217.9740531,-2,-6,-172
1769929217.9840531,-6,-8,-173
1769929217.9940531,-2,-7,-168
1769929218.004053,1,-4,-163
1769929218.014053,0,-3,-158
1769929218.024053,-1,-1,-152
1769929218.034053,-7,-1,-155
1769929218.0440533,-1,0,-151
1769929218.0540533,-1,0,-155
1769929218.0640533,0,2,-155
1769929218.0740533,-4,2,-153
1769929218.0840533,0,2,-155
1769929218.0940533,3,1,-158
1769929218.1040533,2,-1,-153
1769929218.1140532,5,0,-151
1769929218.1240532,4,-1,-149
1769929218.1340532,0,-1,-149
1769929218.1440532,-2,2,-147
1769929218.1540532,0,0,-145
1769929218.1640532,5,0,-144
1769929218.1740532,0,-3,-151
1769929218.1840532,-5,-2,-159
1769929218.1940532,-1,1,-164
1769929218.2040532,-1,4,-157
1769929218.2140532,0,2,-154
1769929218.2240531,-1,1,-149
1769929218.2340531,-3,0,-149
1769929218.2440531,-3,0,-151
1769929218.254053,1,0,-154
1769929218.264053,4,3,-158
1769929218.274053,3,3,-160
1769929218.284053,3,2,-159
1769929218.2940533,5,5,-154
1769929218.3040533,5,2,-158
1769929218.3140533,6,4,-158
1769929218.3240533,5,4,-157
1769929218.3340533,7,2,-157
1769929218.3440533,4,3,-160
1769929218.3540533,3,3,-162
1769929218.3640532,3,0,-167
1769929218.3740532,1,0,-168
1769929218.3840532,-2,-4,-167
1769929218.3940532,-1,0,-168
1769929218.4040532,0,-2,-170
1769929218.4140532,-1,-1,-168
1769929218.4240532,0,-1,-165
1769929218.4340532,0,0,-159
1769929218.4440532,3,1,-159
1769929218.4540532,0,2,-157
1769929218.4640532,-1,4,-162
1769929218.4740531,-4,1,-162
1769929218.4840531,-3,2,-160
1769929218.4940531,-3,5,-161
1769929218.504053,-3,3,-162
1769929218.514053,-5,0,-156
1769929218.524053,-2,5,-154
1769929218.534053,1,8,-149
1769929218.5440533,4,7,-154
1769929218.5540533,4,9,-155
1769929218.5640533,3,2,-153
1769929218.5740533,5,1,-160
1769929218.5840533,3,0,-157
1769929218.5940533,0,0,-157
1769929218.6040533,-2,-2,-154
1769929218.6140532,3,-3,-157
1769929218.6240532,5,-4,-167
1769929218.6340532,0,-5,-171
1769929218.6440532,1,-1,-163
1769929218.6540532,0,-4,-161
1769929218.6640532,0,-3,-165
1769929218.6740532,-2,-2,-161
1769929218.6840532,-3,0,-159
1769929218.6940532,0,2,-160
1769929218.7040532,0,1,-159
1769929218.7140532,3,4,-160
1769929218.7240531,6,5,-158
1769929218.7340531,5,4,-154
1769929218.7440531,3,1,-153
1769929218.754053,5,0,-155
1769929218.764053,7,-1,-159
1769929218.774053,5,-1,-154
1769929218.784053,2,-7,-157
1769929218.7940533,4,-6,-162
1769929218.8040533,1,-4,-162
1769929218.8140533,0,-8,-161
1769929218.8240533,-5,-7,-164
1769929218.8340533,-2,-6,-162
1769929218.8440533,-3,-4,-160
1769929218.8540533,-3,-6,-160
1769929218.8640532,0,-4,-165
1769929218.8740532,0,-1,-166
1769929218.8840532,1,-2,-167
1769929218.8950531,0,-2,-168
1769929218.9040532,-4,-3,-170
1769929218.9140532,-1,-2,-172
1769929218.9240532,0,-1,-168
1769929218.9340532,0,-1,-165
1769929218.9440532,0,1,-156
1769929218.9540532,1,4,-152
1769929218.9640532,1,3,-149
1769929218.9740531,3,2,-149
1769929218.9840531,2,5,-154
1769929218.9940531,-3,1,-152
1769929219.004053,-4,-2,-156
1769929219.014053,-2,1,-157
1769929219.024053,8,4,-156
1769929219.034053,5,4,-157
1769929219.0440533,3,1,-157
1769929219.0540533,-2,0,-155
1769929219.0640533,0,0,-155
1769929219.0740533,3,0,-156
1769929219.0840533,2,1,-159
1769929219.0940533,2,1,-163
1769929219.1040533,0,0,-165
1769929219.1140532,0,-7,-162
1769929219.1240532,-2,-4,-166
1769929219.1340532,-3,-1,-163
1769929219.1440532,0,4,-155
1769929219.1540532,-1,0,-153
1769929219.1640532,-3,-4,-146
1769929219.1740532,-3,-6,-149
1769929219.1840532,-5,-4,-156
1769929219.1940532,-6,0,-157
1769929219.2040532,-9,1,-154
1769929219.2140532,-6,3,-156
1769929219.2240531,-4,0,-158
1769929219.2340531,-2,0,-163
1769929219.2440531,-4,3,-158
1769929219.254053,-2,2,-154
1769929219.264053,0,-1,-155
1769929219.274053,0,0,-153
1769929219.284053,0,0,-157
1769929219.2940533,1,0,-146
1769929219.3040533,4,0,-147
1769929219.3140533,0,1,-151
1769929219.3240533,2,1,-147
1769929219.3340533,7,-4,-149
1769929219.3440533,6,-1,-149
1769929219.3540533,2,-2,-157
1769929219.3640532,0,-1,-158
1769929219.3740532,5,0,-162
1769929219.3840532,4,0,-166
1769929219.3940532,3,0,-163
1769929219.4040532,2,0,-161
1769929219.4140532,6,2,-168
1769929219.4240532,3,-3,-169
1769929219.4340532,1,-2,-164
1769929219.4440532,2,-4,-158
1769929219.4540532,2,-3,-155
1769929219.4640532,3,-4,-152
1769929219.4740531,0,-4,-154
1769929219.4840531,2,-7,-156
1769929219.4940531,3,-6,-152
1769929219.504053,7,-2,-147
1769929219.514053,5,1,-149
1769929219.524053,4,2,-149
1769929219.534053,5,5,-148
1769929219.5440533,7,8,-154
1769929219.5540533,0,3,-157
1769929219.5640533,-2,0,-159
1769929219.5740533,1,-2,-153
1769929219.5840533,-1,-1,-159
1769929219.5940533,0,-1,-155
1769929219.6040533,4,-2,-157
1769929219.6140532,3,-7,-150
1769929219.6240532,3,-7,-155
1769929219.6340532,5,-7,-154
1769929219.6440532,5,0,-165
1769929219.6540532,6,1,-162
1769929219.6640532,5,0,-161
1769929219.6740532,5,0,-163
1769929219.6840532,3,-6,-155
1769929219.6940532,5,-6,-152
1769929219.7040532,0,0,-150
1769929219.7140532,4,-5,-149
1769929219.7240531,2,-3,-151
1769929219.7340531,0,-5,-153
1769929219.7440531,-1,-4,-151
1769929219.754053,-1,-4,-155
1769929219.764053,0,2,-153
1769929219.774053,1,2,-155
1769929219.784053,6,4,-152
1769929219.7940533,4,1,-159
1769929219.8040533,6,3,-163
1769929219.8140533,2,4,-169
1769929219.8240533,0,2,-169
1769929219.8340533,-1,1,-167
1769929219.8440533,-1,3,-167
1769929219.8540533,-1,4,-165
1769929219.8640532,0,3,-164
1769929219.8740532,3,1,-165
1769929219.8840532,2,0,-165
1769929219.8940532,2,0,-162
1769929219.9040532,4,0,-164
1769929219.9140532,1,5,-160
1769929219.9240532,2,4,-162
1769929219.9340532,3,0,-161
1769929219.9440532,1,1,-162
1769929219.9540532,-3,1,-165
1769929219.9640532,-1,-3,-163
1769929219.9740531,1,-4,-159
1769929219.9840531,0,-6,-160
1769929219.9940531,2,-5,-159
1769929220.004053,0,-5,-151
1769929220.014053,1,-3,-147
1769929220.024053,4,-1,-146
1769929220.034053,7,0,-146
1769929220.0440533,3,0,-153
1769929220.0540533,5,-5,-165
1769929220.0640533,5,-8,-170
1769929220.0740533,3,-10,-169
1769929220.0840533,1,-6,-170
1769929220.0940533,0,0,-160
1769929220.1040533,3,-1,-158
1769929220.1140532,2,-2,-160
1769929220.1240532,3,-1,-154
1769929220.1340532,4,0,-157
1769929220.1440532,2,-1,-159
1769929220.1540532,1,-1,-158
1769929220.1640532,0,0,-160
1769929220.1740532,5,0,-162
1769929220.1840532,2,2,-154
1769929220.1940532,2,-5,-157
1769929220.2040532,0,-9,-157
1769929220.2140532,-3,-7,-156
1769929220.2240531,-2,-4,-162
1769929220.2340531,0,-6,-157
1769929220.2440531,-3,-3,-157
1769929220.254053,-1,-2,-156
1769929220.264053,2,1,-150
1769929220.274053,7,-1,-155
1769929220.284053,0,-1,-156
1769929220.2940533,0,-1,-153
1769929220.3040533,4,-3,-147
1769929220.3140533,0,-4,-151
1769929220.3240533,0,-6,-147
1769929220.3340533,0,-2,-153
1769929220.3440533,0,2,-149
1769929220.3540533,0,0,-145
1769929220.3640532,-6,-1,-151
1769929220.3740532,-8,-3,-149
1769929220.3840532,-3,0,-151
1769929220.3940532,-5,4,-153
1769929220.4040532,0,5,-158
1769929220.4140532,1,6,-160
1769929220.4240532,-1,10,-159
1769929220.4340532,0,7,-160
1769929220.4440532,-2,4,-165
1769929220.4540532,-1,3,-161
1769929220.4640532,-3,0,-163
1769929220.4740531,-3,-2,-165
1769929220.4840531,-4,-1,-160
1769929220.4940531,-5,1,-160
1769929220.504053,-6,2,-158
1769929220.514053,-8,0,-151
1769929220.524053,-2,1,-157
1769929220.534053,0,-2,-159
1769929220.5440533,1,0,-158
1769929220.5540533,-2,1,-159
1769929220.5640533,-1,1,-157
1769929220.5740533,-3,5,-163
1769929220.5840533,-3,9,-169
1769929220.5940533,0,8,-167
1769929220.6040533,0,3,-161
1769929220.6140532,0,1,-162
1769929220.6240532,0,3,-156
1769929220.6340532,-5,5,-148
1769929220.6440532,-2,5,-144
1769929220.6540532,-2,2,-154
1769929220.6640532,-4,4,-158
1769929220.6740532,-6,3,-164
1769929220.6840532,-3,5,-162
1769929220.6940532,-1,8,-157
1769929220.7040532,0,10,-152
1769929220.7140532,-1,7,-149
1769929220.7240531,-1,6,-143
1769929220.7340531,3,2,-141
1769929220.7440531,2,8,-148
1769929220.7550533,-2,9,-147
1769929220.7650533,-4,9,-146
1769929220.7750533,-6,10,-152
1769929220.7850533,-9,10,-152
1769929220.7950532,-7,11,-151
1769929220.8050532,-8,15,-149
1769929220.8150532,-4,13,-152
1769929220.8250532,5,13,-156
1769929220.8350532,4,11,-166
1769929220.8450532,3,10,-161
1769929220.8550532,0,5,-153
1769929220.8650532,-1,1,-157
1769929220.8750532,2,0,-158
1769929220.8850532,5,-6,-166
1769929220.8950531,6,-6,-170
1769929220.9050531,2,-5,-168
1769929220.9150531,1,-7,-162
1769929220.9250531,4,-9,-164
1769929220.935053,5,-7,-169
1769929220.945053,5,-3,-166
1769929220.955053,4,-3,-166
1769929220.965053,1,0,-161
1769929220.9750533,2,-2,-161
1769929220.9850533,2,-1,-161
1769929220.9950533,1,-1,-165
1769929221.0050533,2,-3,-165
1769929221.0150533,-1,-6,-156
1769929221.0250533,-3,-5,-151
1769929221.0350533,0,-3,-155
1769929221.0450532,1,-4,-157
1769929221.0550532,0,-2,-163
1769929221.0650532,-2,-2,-165
1769929221.0750532,-4,0,-164
1769929221.0850532,-5,-3,-168
1769929221.0950532,1,-3,-165
1769929221.1050532,2,0,-165
1769929221.1150532,0,0,-159
1769929221.1250532,2,0,-156
1769929221.1350532,1,0,-150
1769929221.1450531,-3,-4,-156
1769929221.1550531,2,-6,-158
1769929221.1650531,-4,-4,-157
1769929221.1750531,-7,-2,-155
1769929221.185053,-5,0,-156
1769929221.195053,-7,-2,-157
1769929221.205053,-1,2,-162
1769929221.215053,-2,0,-163
1769929221.2250533,-2,4,-168
1769929221.2350533,-1,0,-166
1769929221.2450533,-3,1,-159
1769929221.2550533,-1,2,-155
1769929221.2650533,-2,2,-162
1769929221.2750533,-3,2,-165
1769929221.2850533,2,0,-163
1769929221.2950532,2,-1,-160
1769929221.3050532,2,1,-157
1769929221.3150532,0,2,-158
1769929221.3250532,0,1,-159
1769929221.3350532,-6,0,-159
1769929221.3450532,-7,0,-161
1769929221.3550532,-3,-5,-159
1769929221.3650532,1,-5,-166
1769929221.3750532,1,-2,-170
1769929221.3850532,-1,0,-170
1769929221.3950531,-4,0,-170
1769929221.4050531,-2,-3,-167
1769929221.4150531,-3,-5,-163
1769929221.4250531,-1,-8,-157
1769929221.435053,-5,-6,-161
1769929221.445053,-4,-4,-168
1769929221.455053,3,-6,-170
1769929221.465053,6,-4,-168
1769929221.4750533,4,-2,-166
1769929221.4850533,5,-3,-166
1769929221.4950533,9,-4,-163
1769929221.5050533,6,-2,-169
1769929221.5150533,3,1,-167
1769929221.5250533,2,4,-162
1769929221.5350533,-2,3,-169
1769929221.5450532,-1,3,-170
1769929221.5550532,-2,0,-166
1769929221.5650532,-1,1,-169
1769929221.5750532,4,1,-166
1769929221.5850532,5,2,-165
1769929221.5950532,3,-1,-164
1769929221.6050532,2,-2,-159
1769929221.6150532,2,0,-160
1769929221.6250532,1,0,-160
1769929221.6350532,-1,-2,-159
1769929221.6450531,-3,0,-158
1769929221.6550531,-1,0,-161
1769929221.6650531,-1,0,-162
1769929221.6750531,-1,2,-162
1769929221.685053,-2,-1,-163
1769929221.695053,-6,-3,-168
1769929221.705053,-4,0,-168
1769929221.715053,-5,-3,-160
1769929221.7250533,-6,-3,-156
1769929221.7350533,-5,0,-159
1769929221.7450533,-2,3,-159
1769929221.7550533,-4,5,-154
1769929221.7650533,-2,2,-155
1769929221.7750533,-1,0,-159
1769929221.7850533,-1,3,-159
1769929221.7950532,-5,3,-158
1769929221.8050532,-5,2,-161
1769929221.8150532,0,2,-159
1769929221.8250532,-2,2,-157
1769929221.8350532,-1,6,-154
1769929221.8450532,-8,8,-155
1769929221.8550532,-10,7,-149
1769929221.8650532,-6,7,-154
1769929221.8750532,-3,4,-161
1769929221.8850532,-5,3,-164
1769929221.8950531,-6,4,-169
1769929221.9050531,-4,0,-164
1769929221.9150531,-4,-4,-164
1769929221.9250531,4,-6,-165
1769929221.935053,4,-9,-164
1769929221.945053,4,-8,-164
1769929221.955053,7,-6,-159
1769929221.965053,6,-7,-157
1769929221.9750533,3,-8,-161
1769929221.9850533,2,-5,-167
1769929221.9950533,-2,2,-162
1769929222.0050533,0,-1,-157
1769929222.0150533,-3,-4,-156
1769929222.0250533,-2,-3,-158
1769929222.047053,-2,-1,-162
1769929222.0550532,-2,0,-163
1769929222.0650532,-4,3,-167
1769929222.0750532,0,5,-162
1769929222.0850532,-1,5,-163
1769929222.0950532,0,3,-157
1769929222.1050532,0,1,-153
1769929222.1150532,2,4,-150
1769929222.1250532,2,3,-150
1769929222.1350532,4,2,-154
1769929222.1450531,2,-1,-158
1769929222.1550531,-1,-1,-158
1769929222.1650531,-1,0,-152
1769929222.1750531,-1,1,-158
1769929222.185053,3,0,-156
1769929222.195053,2,2,-155
1769929222.205053,2,-2,-155
1769929222.215053,3,-4,-152
1769929222.2250533,0,-5,-155
1769929222.2350533,-1,-9,-152
1769929222.2450533,0,-11,-159
1769929222.2550533,2,-11,-162
1769929222.2650533,7,-8,-160
1769929222.2750533,7,-6,-158
1769929222.2850533,-1,-5,-168
1769929222.2950532,-3,-6,-169
1769929222.3050532,-4,-1,-165
1769929222.3150532,-2,0,-158
1769929222.3250532,0,-2,-153
1769929222.3350532,3,0,-160
1769929222.3450532,5,1,-159
1769929222.3550532,3,-2,-164
1769929222.3650532,0,0,-163
1769929222.3750532,-4,1,-165
1769929222.3850532,-3,5,-173
1769929222.3950531,-4,1,-164
1769929222.4050531,-6,-4,-156
1769929222.4150531,-6,-6,-154
1769929222.4250531,-5,-8,-155
1769929222.435053,-5,-3,-158
1769929222.445053,-5,1,-162
1769929222.455053,-5,-4,-163
1769929222.465053,0,-5,-166
1769929222.4750533,-2,-6,-170
1769929222.4850533,-3,-4,-172
1769929222.4950533,-4,-5,-168
1769929222.5050533,-6,-4,-161
1769929222.5150533,-6,0,-155
1769929222.5250533,-4,-1,-151
1769929222.5350533,-3,0,-156
1769929222.5450532,0,-2,-157
1769929222.5550532,-2,-3,-162
1769929222.5650532,-2,0,-154
1769929222.5750532,-1,0,-146
1769929222.5850532,0,0,-151
1769929222.5950532,5,-2,-151
1769929222.6050532,4,-2,-152
1769929222.6150532,2,-6,-156
1769929222.6250532,3,-8,-165
1769929222.6350532,5,-6,-166
1769929222.6450531,4,-5,-164
1769929222.6550531,1,-4,-166
1769929222.6650531,3,-2,-170
1769929222.6750531,2,0,-171
1769929222.685053,0,2,-169
1769929222.695053,0,3,-170
1769929222.705053,3,2,-167
1769929222.715053,2,5,-164
1769929222.7250533,-2,2,-170
1769929222.7350533,0,2,-166
1769929222.7450533,0,1,-165
1769929222.7550533,0,0,-165
1769929222.7650533,3,1,-166
1769929222.7750533,-1,3,-166
1769929222.7850533,0,2,-165
1769929222.7950532,-1,3,-154
1769929222.8050532,0,8,-146
1769929222.8150532,0,5,-145
1769929222.8250532,-3,2,-152
1769929222.8350532,-4,0,-157
1769929222.8450532,0,0,-160
1769929222.8550532,3,1,-163
1769929222.8650532,1,3,-162
1769929222.8750532,0,7,-158
1769929222.8850532,3,5,-161
1769929222.8950531,4,2,-161
1769929222.9050531,-1,0,-161
1769929222.9150531,-8,2,-156
1769929222.9250531,-5,0,-163
1769929222.935053,-7,-2,-159
1769929222.945053,-3,-9,-160
1769929222.955053,-2,-8,-161
1769929222.965053,-6,-4,-162
1769929222.9750533,-6,-2,-158
1769929222.9850533,-4,-4,-160
1769929222.9950533,-4,-3,-158
1769929223.0050533,-1,-8,-153
1769929223.0150533,-2,-5,-150
1769929223.0250533,-2,-2,-150
1769929223.0350533,-1,-1,-156
1769929223.0450532,0,-2,-158
1769929223.0550532,0,-2,-159
1769929223.0650532,3,0,-157
1769929223.0750532,3,-2,-156
1769929223.0850532,0,-3,-160
1769929223.0950532,-2,-1,-158
1769929223.1050532,-4,0,-154
1769929223.1150532,-4,6,-161
1769929223.1250532,-1,6,-161
1769929223.1350532,0,5,-151
1769929223.1450531,1,4,-154
1769929223.1550531,0,1,-154
1769929223.1650531,-5,2,-156
1769929223.1750531,-6,1,-161
1769929223.185053,-6,2,-151
1769929223.195053,-5,1,-153
1769929223.205053,-6,2,-152
1769929223.215053,-5,1,-153
1769929223.2250533,0,2,-153
1769929223.2350533,0,0,-155
1769929223.2450533,-1,0,-160
1769929223.2550533,2,3,-164
1769929223.2650533,6,4,-157
1769929223.2750533,4,4,-153
1769929223.2850533,6,3,-153
1769929223.2950532,8,1,-147
1769929223.3050532,8,2,-147
1769929223.3150532,3,0,-150
1769929223.3250532,0,1,-154
1769929223.3350532,3,3,-157
1769929223.3450532,3,1,-165
1769929223.3550532,7,6,-165
1769929223.3650532,9,7,-159
1769929223.3750532,7,4,-158
1769929223.3850532,5,2,-160
1769929223.3950531,2,-1,-160
1769929223.4050531,0,-3,-161
1769929223.4150531,0,-1,-163
1769929223.4250531,-2,1,-164
1769929223.435053,0,1,-170
1769929223.445053,3,-1,-168
1769929223.455053,2,-1,-164
1769929223.465053,2,-1,-161
1769929223.4750533,0,-3,-155
1769929223.4850533,-1,1,-156
1769929223.4950533,-5,1,-165
1769929223.5050533,0,0,-169
1769929223.5150533,4,0,-161
1769929223.5250533,4,-4,-160
1769929223.5350533,7,-3,-162
1769929223.5450532,7,-1,-159
1769929223.5550532,1,-5,-159
1769929223.5650532,3,-2,-161
1769929223.5750532,1,-2,-161
1769929223.5850532,-3,1,-160
1769929223.5950532,-2,4,-160
1769929223.6050532,0,2,-158
1769929223.6150532,3,0,-158
1769929223.6250532,2,0,-160
1769929223.6350532,4,0,-157
1769929223.6450531,6,-1,-158
1769929223.6550531,3,-4,-161
1769929223.6650531,1,-2,-159
1769929223.6750531,4,-3,-159
1769929223.685053,1,-3,-160
1769929223.695053,0,-3,-163
1769929223.705053,0,-2,-165
1769929223.715053,0,-1,-165
1769929223.7250533,1,0,-160
1769929223.7350533,5,-1,-162
1769929223.7450533,10,2,-167
1769929223.7550533,13,4,-168
1769929223.7650533,13,4,-162
1769929223.7750533,8,1,-156
1769929223.7850533,4,-2,-158
1769929223.7950532,8,-4,-161
1769929223.8050532,9,-2,-162
1769929223.8150532,7,0,-161
1769929223.8250532,6,0,-157
1769929223.8350532,7,-1,-156
1769929223.8450532,6,0,-154
1769929223.856053,6,-2,-157
1769929223.866053,3,-1,-159
1769929223.876053,0,0,-160
1769929223.886053,0,0,-165
1769929223.8960533,0,-1,-168
1769929223.9060533,0,1,-165
1769929223.9160533,0,4,-163
1769929223.9260533,0,0,-164
1769929223.9360533,0,-1,-165
1769929223.9460533,-1,0,-167
1769929223.9560533,0,0,-166
1769929223.9660532,-1,1,-164
1769929223.9760532,-2,2,-158
1769929223.9860532,-4,0,-150
1769929223.9960532,-4,3,-149
1769929224.0060532,-7,5,-154
1769929224.0160532,-3,1,-162
1769929224.0260532,0,2,-158
1769929224.0360532,0,1,-155
1769929224.0460532,2,1,-163
1769929224.0560532,0,-1,-163
1769929224.0660532,1,-1,-162
1769929224.0760531,9,1,-157
1769929224.0860531,8,3,-161
1769929224.0960531,2,3,-164
1769929224.106053,-1,1,-160
1769929224.116053,-2,0,-162
1769929224.126053,-5,0,-159
1769929224.136053,-4,1,-155
1769929224.1460533,-2,-3,-151
1769929224.1560533,0,-3,-154
1769929224.1660533,0,0,-149
1769929224.1760533,0,1,-144
1769929224.1860533,2,-2,-149
1769929224.1960533,0,-1,-147
1769929224.2060533,-3,-2,-148
1769929224.2160532,-6,-5,-149
1769929224.2260532,-5,-4,-151
1769929224.2360532,-8,0,-142
1769929224.2460532,-8,0,-140
1769929224.2560532,-4,-1,-142
1769929224.2660532,-7,2,-149
1769929224.2760532,-8,3,-151
1769929224.2860532,-7,6,-154
1769929224.2960532,-4,2,-153
1769929224.3060532,-1,0,-155
1769929224.3160532,0,1,-160
1769929224.3260531,-4,2,-158
1769929224.3360531,-6,4,-158
1769929224.3460531,-5,2,-157
1769929224.356053,-6,1,-156
1769929224.366053,-4,3,-158
1769929224.376053,-1,0,-159
1769929224.386053,3,0,-158
1769929224.3960533,0,1,-165
1769929224.4060533,0,5,-165
1769929224.4160533,-2,8,-168
1769929224.4260533,0,2,-161
1769929224.4360533,3,-4,-163
1769929224.4460533,5,-7,-160
1769929224.4560533,1,-6,-163
1769929224.4660532,-2,-6,-161
1769929224.4760532,0,-7,-159
1769929224.4860532,0,-7,-158
1769929224.4960532,0,-9,-156
1769929224.5060532,0,-10,-154
1769929224.5160532,2,-4,-150
1769929224.5260532,11,-4,-148
1769929224.5360532,8,-3,-149
1769929224.5460532,9,-1,-147
1769929224.5560532,3,1,-145
1769929224.5660532,4,-1,-150
1769929224.5760531,1,-4,-147
1769929224.5860531,2,-1,-150
1769929224.5960531,4,3,-153
1769929224.606053,4,4,-151
1769929224.616053,3,2,-150
1769929224.626053,0,4,-153
1769929224.636053,1,5,-157
1769929224.6460533,8,2,-163
1769929224.6560533,3,3,-160
1769929224.6660533,2,5,-158
1769929224.6760533,0,2,-160
1769929224.6860533,-1,1,-161
1769929224.6960533,1,0,-160
1769929224.7060533,2,0,-155
1769929224.7160532,-1,0,-152
1769929224.7260532,-7,-1,-156
1769929224.7360532,-5,-1,-165
1769929224.7460532,1,1,-172
1769929224.7560532,2,4,-171
1769929224.7660532,1,6,-175
1769929224.7760532,0,4,-173
1769929224.7860532,3,1,-172
1769929224.7960532,4,1,-170
1769929224.8060532,7,5,-165
1769929224.8160532,4,3,-161
1769929224.8260531,11,-2,-158
1769929224.8360531,4,-4,-159
1769929224.8460531,7,-5,-155
1769929224.856053,8,-5,-146
1769929224.866053,0,-4,-151
1769929224.876053,-6,0,-157
1769929224.886053,-6,3,-157
1769929224.8960533,-3,5,-153
1769929224.9060533,1,2,-152
1769929224.9160533,4,5,-157
1769929224.9260533,6,4,-162
1769929224.9360533,5,0,-158
1769929224.9460533,6,0,-157
1769929224.9560533,7,0,-157
1769929224.9660532,6,-2,-158
1769929224.9760532,0,-3,-163
1769929224.9860532,0,-4,-162
1769929224.9960532,0,-2,-160
1769929225.0060532,-1,0,-159
1769929225.0160532,0,1,-162
1769929225.0260532,1,-1,-157
1769929225.0360532,5,-2,-161
1769929225.0460532,3,-3,-160
1769929225.0560532,3,-5,-160
1769929225.0660532,5,-5,-160
1769929225.0760531,9,-3,-162
1769929225.0860531,13,-1,-165
1769929225.0960531,13,1,-162
1769929225.106053,6,0,-167
1769929225.116053,3,-1,-169
1769929225.126053,1,-4,-172
1769929225.136053,4,0,-169
1769929225.1460533,2,2,-168
1769929225.1560533,0,1,-164
1769929225.1660533,4,0,-162
1769929225.1760533,7,-1,-161
1769929225.1860533,3,0,-163
1769929225.1960533,-1,-1,-159
1769929225.2060533,-1,-1,-160
1769929225.2160532,0,0,-160
1769929225.2260532,0,0,-159
1769929225.2360532,-5,-2,-155
1769929225.2460532,-7,-2,-157
1769929225.2560532,-8,-4,-154
1769929225.2660532,-9,-3,-158
1769929225.2760532,-3,-6,-162
1769929225.2860532,0,-5,-166
1769929225.2960532,-1,-3,-169
1769929225.3060532,-4,-2,-164
1769929225.3160532,0,-4,-156
1769929225.3260531,2,-5,-165
1769929225.3360531,-1,-5,-170
1769929225.3460531,0,-8,-167
1769929225.356053,0,-9,-167
1769929225.366053,3,-8,-161
1769929225.376053,-1,-10,-158
1769929225.386053,-3,-8,-163
1769929225.3960533,-2,-5,-167
1769929225.4060533,-5,-1,-164
1769929225.4160533,-2,0,-162
1769929225.4260533,1,0,-155
1769929225.4360533,0,-3,-155
1769929225.4460533,5,0,-158
1769929225.4560533,7,-1,-163
1769929225.4660532,5,2,-165
1769929225.4760532,0,2,-162
1769929225.4860532,3,2,-162
1769929225.4960532,2,6,-165
1769929225.5060532,0,4,-157
1769929225.5160532,0,1,-163
1769929225.5260532,6,4,-168
1769929225.5360532,2,3,-168
1769929225.5460532,4,6,-166
1769929225.5560532,3,4,-166
1769929225.5660532,2,0,-160
1769929225.5760531,0,3,-164
1769929225.5860531,3,3,-169
1769929225.5960531,2,3,-173
1769929225.606053,0,1,-167
1769929225.616053,-2,1,-163
1769929225.626053,0,1,-152
1769929225.636053,-1,-1,-155
1769929225.6460533,-1,-7,-153
1769929225.6560533,3,-3,-150
1769929225.6660533,4,-3,-150
1769929225.6760533,3,-2,-155
1769929225.6860533,4,-3,-160
1769929225.6960533,6,-2,-159
1769929225.7060533,4,-1,-159
1769929225.7160532,0,-4,-158
1769929225.7260532,2,-1,-152
1769929225.7360532,-2,-5,-157
1769929225.7460532,0,-2,-160
1769929225.7560532,0,-2,-161
1769929225.7660532,2,-4,-161
1769929225.7760532,0,0,-161
1769929225.7860532,0,0,-162
1769929225.7960532,1,0,-164
1769929225.8060532,3,0,-168
1769929225.8160532,7,-1,-165
1769929225.8260531,7,0,-164
1769929225.8360531,2,-2,-170
1769929225.8460531,7,-3,-163
1769929225.856053,8,-5,-160
1769929225.866053,6,-5,-162
1769929225.876053,5,-5,-157
1769929225.886053,0,-6,-153
1769929225.8960533,-4,-5,-148
1769929225.9060533,0,-4,-151
1769929225.9160533,3,-4,-154
1769929225.9260533,-2,-4,-157
1769929225.9360533,-2,0,-151
1769929225.9460533,0,-4,-157
1769929225.9560533,0,-4,-156
1769929225.9660532,-1,-4,-159
1769929225.9760532,-3,-4,-159
1769929225.9860532,-1,0,-151
1769929225.9960532,3,0,-151
1769929226.0060532,3,0,-152
1769929226.0160532,3,-2,-155
1769929226.0260532,2,-1,-158
1769929226.0360532,0,0,-164
1769929226.0460532,-3,0,-157
1769929226.0560532,0,-2,-151
1769929226.0660532,0,0,-145
1769929226.0760531,-2,4,-150
1769929226.0860531,-5,2,-156
1769929226.0960531,-7,-1,-158
1769929226.106053,-6,-2,-156
1769929226.116053,-4,-5,-154
1769929226.126053,-4,-4,-149
1769929226.136053,-7,-5,-154
1769929226.1460533,-8,-8,-151
1769929226.1560533,-11,-5,-155
1769929226.1660533,-10,0,-158
1769929226.1760533,-6,0,-154
1769929226.1860533,0,-1,-156
1769929226.1960533,3,0,-159
1769929226.2060533,-2,2,-160
1769929226.2160532,-2,0,-164
1769929226.2260532,2,1,-163
1769929226.2360532,0,-1,-163
1769929226.2460532,-2,-3,-168
1769929226.2560532,0,-5,-168
1769929226.2660532,2,-1,-160
1769929226.2760532,-1,-1,-159
1769929226.2860532,-1,1,-162
1769929226.2960532,-4,3,-161
1769929226.3060532,-1,-2,-161
1769929226.3160532,-2,-2,-161
1769929226.3260531,0,0,-163
1769929226.3360531,-2,-3,-164
1769929226.3460531,-3,-1,-166
1769929226.356053,-4,-3,-164
1769929226.366053,-2,0,-160
1769929226.376053,-4,-1,-156
1769929226.386053,-4,-3,-160
1769929226.3960533,-2,-6,-168
1769929226.4060533,0,0,-170
1769929226.4160533,0,2,-169
1769929226.4260533,-3,0,-167
1769929226.4360533,-2,-5,-163
1769929226.4460533,-5,-2,-162
1769929226.4560533,-2,1,-166
1769929226.4660532,-1,-1,-166
1769929226.4760532,-6,0,-159
1769929226.4860532,0,0,-158
1769929226.4960532,3,1,-158
1769929226.5060532,4,0,-158
1769929226.5160532,1,1,-149
1769929226.5260532,1,1,-147
1769929226.5360532,-2,0,-149
1769929226.5460532,-4,-1,-151
1769929226.5560532,-1,2,-154
1769929226.5660532,1,0,-161
1769929226.5760531,2,-1,-155
1769929226.5860531,0,-2,-152
1769929226.5960531,6,-2,-157
1769929226.606053,6,2,-155
1769929226.616053,6,1,-159
1769929226.626053,7,4,-164
1769929226.636053,4,0,-160
1769929226.6460533,1,-2,-158
1769929226.6560533,3,-4,-156
1769929226.6660533,5,-2,-166
1769929226.6760533,9,3,-174
1769929226.6860533,9,3,-173
1769929226.6960533,8,-1,-170
1769929226.7060533,5,0,-164
1769929226.7160532,8,2,-166
1769929226.7260532,10,-3,-165
1769929226.7360532,7,-7,-162
1769929226.7460532,7,-6,-165
1769929226.7560532,1,-5,-173
1769929226.7660532,2,-7,-170
1769929226.7760532,-1,-7,-169
1769929226.7860532,-2,0,-167
1769929226.7960532,-2,1,-164
1769929226.8060532,-3,-2,-167
1769929226.8160532,-5,0,-171
1769929226.8260531,-4,2,-169
1769929226.8360531,-6,5,-165
1769929226.8470533,-6,4,-163
1769929226.856053,-5,6,-160
1769929226.8670533,1,3,-156
1769929226.8770533,0,1,-161
1769929226.886053,-2,0,-163
1769929226.8960533,0,3,-166
1769929226.9070532,-1,2,-169
1769929226.9170532,-5,0,-162
1769929226.9270532,-1,-1,-166
1769929226.9370532,-1,3,-163
1769929226.9470532,0,1,-157
1769929226.9570532,2,0,-163
1769929226.9670532,1,0,-157
1769929226.9770532,-3,0,-162
1769929226.9870532,-1,-1,-164
1769929226.9970531,1,-2,-165
1769929227.0070531,0,-5,-163
1769929227.0170531,0,-6,-160
1769929227.027053,-1,-7,-158
1769929227.037053,0,-4,-165
1769929227.0590532,-5,-5,-160
1769929227.0670533,-3,-8,-155
1769929227.0770533,-3,-7,-153
1769929227.0870533,-1,-3,-156
1769929227.0970533,1,0,-159
1769929227.1070533,2,-3,-151
1769929227.1170533,0,-4,-153
1769929227.1270533,3,-5,-157
1769929227.1370533,5,-3,-159
1769929227.1470532,-2,0,-158
1769929227.1570532,0,1,-156
1769929227.1670532,-1,2,-161
1769929227.1770532,0,0,-162
1769929227.1870532,1,-1,-164
1769929227.1970532,4,0,-168
1769929227.2070532,1,0,-177
1769929227.2170532,-1,1,-172
1769929227.2270532,-3,1,-166
1769929227.2370532,1,0,-165
1769929227.2470531,1,-1,-166
1769929227.2570531,0,0,-165
1769929227.2670531,2,2,-159
1769929227.277053,4,1,-154
1769929227.287053,-1,0,-156
1769929227.297053,0,0,-152
1769929227.307053,1,1,-158
1769929227.3170533,2,-1,-164
1769929227.3270533,0,-1,-158
1769929227.3370533,0,0,-158
1769929227.3470533,-2,2,-162
1769929227.3570533,-2,4,-160
1769929227.3670533,-3,5,-156
1769929227.3770533,-4,7,-155
1769929227.3870533,-3,7,-154
1769929227.3970532,-6,5,-159
1769929227.4070532,-6,6,-157
1769929227.4170532,0,4,-160
1769929227.4270532,1,4,-165
1769929227.4370532,1,1,-154
1769929227.4470532,6,3,-151
1769929227.4570532,5,1,-156
1769929227.4670532,2,2,-159
1769929227.4770532,1,3,-159
1769929227.4870532,-3,4,-152
1769929227.4970531,-4,4,-153
1769929227.5070531,-1,6,-157
1769929227.5170531,-3,3,-154
1769929227.527053,-1,2,-154
1769929227.537053,0,0,-163
1769929227.547053,5,0,-163
1769929227.557053,2,1,-163
1769929227.5670533,1,0,-162
1769929227.5770533,1,-3,-151
1769929227.5870533,1,-1,-146
1769929227.5970533,2,-2,-151
1769929227.6070533,3,2,-157
1769929227.6170533,6,4,-157
1769929227.6270533,2,2,-158
1769929227.6370533,7,4,-163
1769929227.6470532,5,2,-164
1769929227.6570532,2,1,-157
1769929227.6670532,2,-2,-161
1769929227.6770532,0,0,-156
1769929227.6870532,2,4,-157
1769929227.6970532,4,3,-155
1769929227.7070532,-2,-1,-163
1769929227.7170532,0,-1,-163
1769929227.7270532,2,0,-159
1769929227.7370532,6,-3,-153
1769929227.7470531,7,-1,-154
1769929227.7570531,4,1,-151
1769929227.7670531,5,-1,-151
1769929227.777053,7,0,-151
1769929227.787053,8,3,-158
1769929227.797053,4,5,-160
1769929227.807053,4,-2,-168
1769929227.8170533,8,-5,-169
1769929227.8270533,5,-1,-157
1769929227.8370533,4,2,-162
1769929227.8470533,5,4,-158
1769929227.8570533,7,1,-154
1769929227.8670533,11,2,-156
1769929227.8770533,5,2,-161
1769929227.8870533,10,0,-159
1769929227.8970532,4,-3,-153
1769929227.9070532,2,-6,-153
1769929227.9170532,-2,-5,-150
1769929227.9270532,-2,-8,-146
1769929227.9370532,-5,-5,-149
1769929227.9470532,-5,-4,-145
1769929227.9570532,-3,-4,-145
1769929227.9670532,-8,-2,-148
1769929227.9770532,-6,-4,-153
1769929227.9870532,-7,-6,-156
1769929227.9970531,-3,-2,-160
1769929228.0070531,-4,0,-164
1769929228.0170531,-6,0,-166
1769929228.027053,-9,-1,-161
1769929228.037053,-6,0,-152
1769929228.047053,-6,-3,-148
1769929228.057053,-4,-6,-148
1769929228.0670533,-3,-8,-151
1769929228.0770533,-5,-6,-155
1769929228.0870533,-6,-9,-158
1769929228.0970533,-8,-9,-153
1769929228.1070533,-3,-13,-157
1769929228.1170533,-3,-8,-161
1769929228.1270533,-3,-4,-160
1769929228.1370533,-3,-1,-164
1769929228.1470532,1,-1,-165
1769929228.1570532,5,-4,-164
1769929228.1670532,5,-1,-166
1769929228.1770532,1,0,-163
1769929228.1870532,-1,2,-167
1769929228.1970532,-2,5,-168
1769929228.2070532,-5,4,-163
1769929228.2170532,-8,7,-157
1769929228.2270532,-7,4,-155
1769929228.2370532,-4,1,-158
1769929228.2470531,-4,0,-153
1769929228.2570531,-4,-1,-158
1769929228.2670531,-3,-4,-152
1769929228.277053,-5,-5,-156
1769929228.287053,-4,-6,-160
1769929228.297053,-4,-6,-155
1769929228.307053,0,0,-152
1769929228.3170533,0,0,-152
1769929228.3270533,0,0,-153
1769929228.3370533,0,1,-152
1769929228.3470533,0,0,-159
1769929228.3570533,-1,-2,-155
1769929228.3670533,2,-2,-152
1769929228.3770533,0,-2,-143
1769929228.3870533,2,-3,-137
1769929228.3970532,-1,-6,-137
1769929228.4070532,-3,-7,-147
1769929228.4170532,-2,-7,-153
1769929228.4270532,2,-6,-153
1769929228.4370532,1,0,-152
1769929228.4470532,0,0,-156
1769929228.4570532,0,2,-158
1769929228.4670532,-4,3,-155
1769929228.4770532,0,5,-153
1769929228.4870532,-4,7,-155
1769929228.4970531,0,0,-161
1769929228.5070531,-1,0,-164
1769929228.5170531,-2,-2,-158
1769929228.527053,-3,-5,-161
1769929228.537053,-3,-5,-165
1769929228.547053,0,-3,-161
1769929228.557053,-1,-1,-166
1769929228.5670533,-2,-3,-166
1769929228.5770533,2,-3,-161
1769929228.5870533,4,-5,-155
1769929228.5970533,-1,-6,-159
1769929228.6070533,-5,-2,-158
1769929228.6170533,-6,-4,-166
1769929228.6270533,0,-5,-168
1769929228.6370533,3,-6,-162
1769929228.6470532,1,-2,-155
1769929228.6570532,0,0,-157
1769929228.6670532,3,3,-159
1769929228.6770532,6,2,-161
1769929228.6870532,3,0,-163
1769929228.6970532,3,0,-158
1769929228.7070532,3,-2,-155
1769929228.7170532,0,-6,-158
1769929228.7270532,2,-6,-156
1769929228.7370532,6,-5,-159
1769929228.7470531,10,-2,-160
1769929228.7570531,2,-1,-156
1769929228.7670531,-3,2,-152
1769929228.777053,1,-1,-154
1769929228.787053,1,1,-155
1769929228.797053,0,0,-153
1769929228.807053,0,-3,-154
1769929228.8170533,-1,-2,-158
1769929228.8270533,-3,-1,-152
1769929228.8370533,-1,-2,-154
1769929228.8470533,0,-3,-160
1769929228.8570533,1,-7,-167
1769929228.8670533,-4,0,-164
1769929228.8770533,-1,0,-164
1769929228.8870533,1,0,-160
1769929228.8970532,3,-4,-153
1769929228.9070532,4,-6,-157
1769929228.9170532,9,-5,-157
1769929228.9270532,7,-5,-156
1769929228.9370532,4,-5,-163
1769929228.9470532,6,-1,-159
1769929228.9570532,1,0,-159
1769929228.9670532,2,3,-163
1769929228.9770532,2,0,-160
1769929228.9870532,5,0,-158
1769929228.9970531,4,-5,-160
1769929229.0070531,4,-5,-165
1769929229.0170531,1,-2,-162
1769929229.027053,5,1,-165
1769929229.037053,-1,3,-161
1769929229.047053,2,1,-159
1769929229.057053,0,1,-161
1769929229.0670533,1,2,-165
1769929229.0770533,0,6,-160
1769929229.0870533,0,5,-158
1769929229.0970533,0,1,-160
1769929229.1070533,5,-1,-161
1769929229.1170533,2,-1,-157
1769929229.1270533,3,0,-154
1769929229.1370533,4,-1,-154
1769929229.1470532,1,1,-157
1769929229.1570532,1,-1,-155
1769929229.1670532,-1,-2,-160
1769929229.1770532,4,-2,-156
1769929229.1870532,3,0,-159
1769929229.1970532,2,2,-158
1769929229.2070532,3,1,-159
1769929229.2170532,2,0,-151
1769929229.2270532,5,3,-143
1769929229.2370532,5,4,-142
1769929229.2470531,8,0,-150
1769929229.2570531,9,-1,-148
1769929229.2670531,5,-2,-158
1769929229.277053,2,-7,-155
1769929229.287053,0,-8,-159
1769929229.297053,0,-8,-159
1769929229.307053,-3,-5,-161
1769929229.3170533,-5,-2,-165
1769929229.3270533,-10,-4,-163
1769929229.3370533,-4,-2,-161
1769929229.3470533,-2,0,-159
1769929229.3570533,0,5,-165
1769929229.3670533,2,9,-166
1769929229.3770533,2,5,-164
1769929229.3870533,0,0,-165
1769929229.3970532,-1,-1,-161
1769929229.4070532,5,-3,-160
1769929229.4170532,4,-6,-159
1769929229.4270532,4,-9,-161
1769929229.4370532,6,-4,-155
1769929229.4470532,5,-3,-150
1769929229.4570532,9,0,-151
1769929229.4670532,9,1,-151
1769929229.4770532,4,-1,-149
1769929229.4870532,0,-5,-151
1769929229.4970531,0,-6,-141
1769929229.5070531,-4,0,-145
1769929229.5170531,-4,1,-151
1769929229.527053,-2,1,-147
1769929229.537053,0,-2,-141
1769929229.547053,0,0,-141
1769929229.557053,0,0,-144
1769929229.5670533,2,-3,-148
1769929229.5770533,-1,-6,-156
1769929229.5870533,-5,-5,-160
1769929229.5970533,-3,-6,-159
1769929229.6070533,0,-6,-165
1769929229.6170533,4,-5,-167
1769929229.6270533,2,-7,-162
1769929229.6370533,5,-5,-165
1769929229.6470532,4,-5,-169
1769929229.6570532,8,-4,-164
1769929229.6670532,10,1,-155
1769929229.6770532,6,0,-155
1769929229.6870532,7,-1,-150
1769929229.6970532,9,1,-150
1769929229.7070532,5,0,-154
1769929229.7170532,6,3,-154
1769929229.7270532,7,3,-157
1769929229.7370532,5,2,-158
1769929229.7470531,0,3,-161
1769929229.7570531,0,4,-163
1769929229.7670531,0,3,-162
1769929229.777053,1,0,-162
1769929229.787053,2,-1,-163
1769929229.797053,4,-3,-160
1769929229.807053,3,0,-164
1769929229.8170533,0,1,-161
1769929229.8270533,0,-1,-159
1769929229.8370533,2,-2,-159
1769929229.8470533,2,0,-158
1769929229.8570533,0,-1,-160
1769929229.8670533,-1,0,-158
1769929229.8770533,0,1,-161
1769929229.8880532,-3,-3,-163
1769929229.8980532,-3,-4,-157
1769929229.9080532,-3,1,-158
1769929229.9180532,-5,4,-160
1769929229.9280531,-3,0,-161
1769929229.9380531,-3,2,-166
1769929229.9480531,0,6,-165
1769929229.958053,-2,4,-161
1769929229.968053,-1,4,-156
1769929229.978053,-2,2,-159
1769929229.988053,-3,1,-160
1769929229.9980533,-1,-1,-162
1769929230.0080533,-6,0,-158
1769929230.0180533,-6,3,-160
1769929230.0280533,-7,1,-169
1769929230.0380533,-3,0,-169
1769929230.0480533,-1,-1,-167
1769929230.0580533,-2,0,-163
1769929230.0680532,-1,1,-162
1769929230.0780532,-4,4,-166
1769929230.0880532,-5,6,-164
1769929230.0980532,-2,5,-162
1769929230.1080532,-1,8,-163
1769929230.1180532,-1,7,-161
1769929230.1280532,-4,5,-164
1769929230.1380532,-4,3,-168
1769929230.1480532,-8,0,-164
1769929230.1580532,-10,0,-171
1769929230.1680532,-3,0,-170
1769929230.1780531,-3,0,-164
1769929230.1880531,-5,-2,-170
1769929230.1980531,-2,-4,-171
1769929230.208053,-3,-5,-175
1769929230.218053,-4,-4,-176
1769929230.228053,-9,-4,-171
1769929230.238053,-11,-2,-164
1769929230.2480533,-9,0,-169
1769929230.2580533,-10,0,-168
1769929230.2680533,-12,1,-167
1769929230.2780533,-5,4,-171
1769929230.2880533,-1,4,-165
1769929230.2980533,-1,1,-166
1769929230.3080533,-7,5,-160
1769929230.3180532,-12,3,-157
1769929230.3280532,-9,3,-161
1769929230.3380532,-6,3,-160
1769929230.3480532,-3,3,-158
1769929230.3580532,-3,0,-164
1769929230.3680532,-1,-2,-163
1769929230.3780532,0,-3,-155
1769929230.3880532,-2,-5,-158
1769929230.3980532,-1,-5,-160
1769929230.4080532,3,-2,-163
1769929230.4180532,-2,0,-166
1769929230.4280531,-2,0,-167
1769929230.4380531,-2,1,-167
1769929230.4480531,-2,3,-167
1769929230.458053,-2,3,-162
1769929230.468053,1,1,-163
1769929230.478053,-3,0,-156
1769929230.488053,0,0,-162
1769929230.4980533,1,-2,-165
1769929230.5080533,3,-3,-160
1769929230.5180533,3,-4,-163
1769929230.5280533,-1,-3,-165
1769929230.5380533,0,3,-163
1769929230.5480533,-1,5,-160
1769929230.5580533,-3,3,-161
1769929230.5690532,-5,5,-150
1769929230.5780532,0,3,-153
1769929230.5880532,1,3,-156
1769929230.5980532,2,4,-155
1769929230.6080532,1,5,-157
1769929230.6180532,0,3,-160
1769929230.6280532,3,1,-160
1769929230.6380532,4,3,-163
1769929230.6480532,2,0,-156
1769929230.6580532,1,1,-153
1769929230.6680532,0,-4,-158
1769929230.6780531,0,-4,-162
1769929230.6880531,-3,-2,-164
1769929230.6980531,2,-1,-161
1769929230.708053,0,0,-162
1769929230.718053,3,-4,-164
1769929230.728053,4,0,-165
1769929230.738053,0,0,-166
1769929230.7480533,3,1,-169
1769929230.7580533,5,1,-165
1769929230.7680533,5,2,-159
1769929230.7780533,3,3,-158
1769929230.7880533,2,0,-154
1769929230.7980533,4,-1,-150
1769929230.8080533,3,-3,-151
1769929230.8180532,3,-2,-152
1769929230.8280532,2,-2,-152
1769929230.8380532,1,-1,-156
1769929230.8480532,0,0,-166
1769929230.8580532,0,1,-172
1769929230.8680532,5,0,-168
1769929230.8780532,3,0,-167
1769929230.8880532,2,3,-167
1769929230.8980532,-2,1,-171
1769929230.9080532,-4,2,-170
1769929230.9180532,-4,5,-174
1769929230.9280531,-3,4,-183
1769929230.9380531,0,6,-178
1769929230.9480531,0,7,-170
1769929230.958053,4,8,-175
1769929230.968053,7,5,-172
1769929230.978053,8,1,-170
1769929230.988053,6,2,-175
1769929230.9980533,5,1,-173
1769929231.0080533,0,2,-168
1769929231.0180533,0,1,-167
1769929231.0280533,-2,-1,-159
1769929231.0380533,4,0,-156
1769929231.0480533,0,3,-155
1769929231.0580533,0,2,-155
1769929231.0680532,0,-1,-152
1769929231.0780532,-4,2,-149
1769929231.0880532,-6,1,-156
1769929231.0980532,-5,3,-164
1769929231.1080532,-2,2,-165
1769929231.1180532,0,0,-163
1769929231.1280532,1,0,-165
1769929231.1380532,1,-2,-159
1769929231.1480532,7,-4,-163
1769929231.1580532,4,-2,-165
1769929231.1680532,4,2,-163
1769929231.1780531,3,-2,-163
1769929231.1880531,6,-2,-161
1769929231.1980531,4,-6,-161
1769929231.208053,7,-6,-166
1769929231.218053,5,-7,-166
1769929231.228053,3,-6,-157
1769929231.238053,1,-2,-159
1769929231.2480533,-1,4,-159
1769929231.2580533,3,2,-162
1769929231.2680533,1,0,-165
1769929231.2780533,0,0,-163
1769929231.2880533,0,0,-162
1769929231.2980533,0,0,-161
1769929231.3080533,-1,2,-161
1769929231.3180532,-4,4,-161
1769929231.3280532,-2,1,-163
1769929231.3380532,-4,-3,-153
1769929231.3480532,-5,-7,-152
1769929231.3580532,-2,-5,-155
1769929231.3680532,1,-4,-156
1769929231.3780532,4,-5,-155
1769929231.3880532,6,-5,-156
1769929231.3980532,3,-9,-164
1769929231.4080532,0,-5,-166
1769929231.4180532,-3,-2,-165
1769929231.4280531,0,-5,-160
1769929231.4380531,0,-4,-159
1769929231.4480531,0,-4,-165
1769929231.458053,0,-3,-165
1769929231.468053,0,-3,-162
1769929231.478053,-1,-5,-163
1769929231.488053,-1,-7,-158
1769929231.4980533,0,-6,-164
1769929231.5080533,0,-6,-159
1769929231.5180533,-3,-3,-160
1769929231.5280533,-6,-3,-160
1769929231.5380533,-5,-5,-158
1769929231.5480533,-2,-8,-157
1769929231.5580533,-6,-6,-152
1769929231.5680532,-3,-4,-153
1769929231.5780532,1,-3,-150
1769929231.5880532,5,-4,-152
1769929231.5980532,1,2,-159
1769929231.6080532,-2,-2,-157
1769929231.6180532,-3,-6,-149
1769929231.6280532,-2,-3,-151
1769929231.6380532,-3,1,-152
1769929231.6480532,-5,-1,-157
1769929231.6580532,-5,0,-163
1769929231.6680532,-10,1,-164
1769929231.6780531,-6,0,-162
1769929231.6880531,-5,0,-161
1769929231.6980531,-5,-4,-162
1769929231.708053,-2,-6,-163
1769929231.718053,0,-7,-162
1769929231.728053,4,-3,-158
1769929231.738053,0,-3,-158
1769929231.7480533,3,-1,-156
1769929231.7580533,3,0,-161
1769929231.7680533,3,0,-167
1769929231.7780533,-1,-1,-167
1769929231.7880533,3,-1,-164
1769929231.7980533,3,-3,-172
1769929231.8080533,2,-5,-167
1769929231.8180532,4,-5,-160
1769929231.8280532,0,-2,-162
1769929231.8380532,2,0,-163
1769929231.8480532,2,-1,-164
1769929231.8580532,1,-1,-164
1769929231.8680532,1,-1,-163
1769929231.8780532,0,1,-160
1769929231.8880532,1,0,-164
1769929231.8980532,2,-2,-164
1769929231.9080532,0,-1,-163
1769929231.9180532,0,-2,-167
1769929231.9280531,4,-3,-164
1769929231.9380531,4,-3,-164
1769929231.9480531,3,-1,-170
1769929231.958053,4,0,-163
1769929231.968053,3,0,-158
1769929231.978053,5,0,-161
1769929231.988053,3,0,-159
1769929231.9980533,4,0,-159
1769929232.0080533,4,3,-159
1769929232.0180533,11,2,-157
1769929232.0280533,10,6,-153
1769929232.0380533,6,5,-153
1769929232.0480533,4,5,-154
1769929232.0700533,-1,-1,-152
1769929232.0780532,-1,-3,-153
1769929232.0880532,1,-4,-149
1769929232.0980532,0,-2,-154
1769929232.1080532,0,-1,-149
1769929232.1180532,-3,-3,-156
1769929232.1280532,-2,-3,-148
1769929232.1380532,-1,-3,-139
1769929232.1480532,-3,-1,-147
1769929232.1580532,0,3,-151
1769929232.1680532,-1,6,-157
1769929232.1780531,2,5,-157
1769929232.1880531,2,7,-155
1769929232.1980531,1,7,-159
1769929232.208053,0,5,-161
1769929232.2180533,2,6,-158
1769929232.2280533,2,3,-160
1769929232.2380533,-1,3,-157
1769929232.2480533,-2,1,-156
1769929232.2580533,0,2,-157
1769929232.2680533,0,-1,-159
1769929232.2780533,5,-3,-158
1769929232.2880533,2,-6,-162
1769929232.2980533,0,-3,-154
1769929232.3080533,0,1,-157
1769929232.3180532,0,3,-161
1769929232.3280532,2,0,-167
1769929232.3380532,7,5,-166
1769929232.3480532,2,1,-172
1769929232.3580532,-1,0,-172
1769929232.3680532,-5,2,-174
1769929232.3780532,-4,4,-167
1769929232.3880532,0,3,-165
1769929232.3980532,0,-2,-166
1769929232.4080532,2,-1,-166
1769929232.4180532,0,0,-163
1769929232.4280531,1,0,-169
1769929232.4380531,4,1,-173
1769929232.4480531,6,-3,-165
1769929232.458053,7,0,-164
1769929232.4680533,7,3,-165
1769929232.4780533,4,4,-162
1769929232.4880533,2,6,-151
1769929232.4980533,6,4,-151
1769929232.5080533,6,0,-155
1769929232.5180533,10,0,-159
1769929232.5280533,9,-2,-152
1769929232.5380533,10,-1,-146
1769929232.5480533,9,0,-143
1769929232.5580533,2,0,-145
1769929232.5680532,3,0,-146
1769929232.5780532,3,-1,-156
1769929232.5880532,-2,2,-148
1769929232.5980532,0,0,-155
1769929232.6080532,1,1,-159
1769929232.6180532,4,0,-161
1769929232.6280532,3,0,-159
1769929232.6380532,-2,-2,-164
1769929232.6480532,3,-3,-165
1769929232.6580532,2,0,-164
1769929232.6680532,5,3,-156
1769929232.6780531,5,0,-158
1769929232.6880531,3,-1,-167
1769929232.6980531,2,1,-163
1769929232.708053,0,-2,-165
1769929232.7180533,4,-5,-167
1769929232.7280533,8,-5,-164
1769929232.7380533,3,0,-159
1769929232.7480533,3,-4,-154
1769929232.7580533,0,-1,-152
1769929232.7680533,-1,-1,-158
1769929232.7780533,2,0,-155
1769929232.7880533,1,0,-154
1769929232.7980533,-3,5,-161
1769929232.8080533,-3,6,-157
1769929232.8180532,-3,0,-155
1769929232.8280532,0,-1,-155
1769929232.8380532,-2,-1,-156
1769929232.8480532,-6,-2,-155
1769929232.8580532,-5,-4,-150
1769929232.8680532,4,-3,-151
1769929232.8780532,5,-3,-156
1769929232.8880532,3,0,-153
1769929232.8980532,4,-4,-156
1769929232.9080532,0,-5,-154
1769929232.9180532,-1,-1,-144
1769929232.9290533,-1,-4,-143
1769929232.9380531,-2,-1,-143
1769929232.9490533,-4,-2,-149
1769929232.9590533,-5,-4,-148
1769929232.9690533,-6,-1,-155
1769929232.9790533,-3,-4,-155
1769929232.9890532,-1,-5,-155
1769929232.9990532,0,-3,-161
1769929233.0090532,0,-3,-163
1769929233.0190532,2,-5,-162
1769929233.0290532,0,0,-161
1769929233.0390532,-2,-2,-167
1769929233.0490532,-2,1,-168
1769929233.0590532,-4,1,-166
1769929233.0690532,0,1,-163
1769929233.0790532,5,3,-161
1769929233.0890532,3,3,-155
1769929233.0990531,2,0,-157
1769929233.1090531,-1,3,-162
1769929233.1190531,-2,5,-165
1769929233.129053,1,6,-161
1769929233.1390533,10,4,-154
1769929233.1490533,7,3,-157
1769929233.1590533,2,0,-153
1769929233.1690533,1,-1,-151
1769929233.1790533,0,-1,-150
1769929233.1890533,2,0,-153
1769929233.1990533,4,0,-151
1769929233.2090533,3,0,-148
1769929233.2190533,0,-3,-152
1769929233.2290533,0,-6,-152
1769929233.2390532,0,-8,-153
1769929233.2490532,2,-2,-152
1769929233.2590532,0,-1,-154
1769929233.2690532,-3,0,-158
1769929233.2790532,-5,-2,-166
1769929233.2890532,-4,-4,-169
1769929233.2990532,0,-4,-171
1769929233.3090532,2,-5,-170
1769929233.3190532,4,-5,-170
1769929233.3290532,4,-3,-161
1769929233.3390532,4,-2,-155
1769929233.3490531,0,0,-152
1769929233.3590531,0,0,-155
1769929233.3690531,0,-2,-150
1769929233.379053,0,-2,-151
1769929233.3890533,0,0,-155
1769929233.3990533,0,0,-161
1769929233.4090533,0,0,-161
1769929233.4190533,-3,2,-160
1769929233.4290533,-3,4,-163
1769929233.4390533,-5,5,-157
1769929233.4490533,-6,5,-161
1769929233.4590533,-7,0,-158
1769929233.4690533,-2,1,-162
1769929233.4790533,-1,2,-159
1769929233.4890532,0,0,-160
1769929233.4990532,0,-3,-163
1769929233.5090532,0,-3,-156
1769929233.5190532,0,-5,-154
1769929233.5290532,3,-4,-153
1769929233.5390532,3,-5,-150
1769929233.5490532,6,-6,-150
1769929233.5590532,5,-2,-153
1769929233.5690532,6,-2,-153
1769929233.5790532,5,-1,-155
1769929233.5890532,6,-3,-159
1769929233.5990531,6,-8,-157
1769929233.6090531,6,-8,-156
1769929233.6190531,6,-7,-155
1769929233.629053,3,-5,-152
1769929233.6390533,1,-1,-157
1769929233.6490533,4,-2,-162
1769929233.6590533,5,-3,-156
1769929233.6690533,8,-4,-159
1769929233.6790533,10,-4,-161
1769929233.6890533,8,0,-167
1769929233.6990533,7,0,-170
1769929233.7090533,6,-2,-160
1769929233.7190533,9,-4,-162
1769929233.7290533,9,-4,-162
1769929233.7390532,5,-2,-154
1769929233.7490532,4,0,-153
1769929233.7590532,5,-3,-154
1769929233.7690532,7,-3,-157
1769929233.7790532,2,-7,-157
1769929233.7890532,3,-6,-158
1769929233.7990532,-1,-4,-161
1769929233.8090532,2,-2,-160
1769929233.8190532,3,-4,-161
1769929233.8290532,6,-2,-165
1769929233.8390532,5,1,-161
1769929233.8490531,1,0,-167
1769929233.8590531,-1,0,-165
1769929233.8690531,2,-3,-167
1769929233.879053,0,0,-162
1769929233.8890533,-3,-1,-162
1769929233.8990533,-4,2,-155
1769929233.9090533,-3,3,-155
1769929233.9190533,-1,0,-151
1769929233.9290533,0,-1,-152
1769929233.9390533,0,-5,-158
1769929233.9490533,0,-3,-163
1769929233.9590533,0,-3,-162
1769929233.9690533,-1,-2,-162
1769929233.9790533,-2,0,-157
1769929233.9890532,0,0,-151
1769929233.9990532,0,-2,-149
1769929234.0090532,1,-7,-157
1769929234.0190532,2,-4,-155
1769929234.0290532,0,-3,-151
1769929234.0390532,0,-2,-153
1769929234.0490532,-3,0,-156
1769929234.0590532,-4,4,-152
1769929234.0690532,-4,4,-150
1769929234.0790532,-6,5,-147
1769929234.0890532,-6,3,-157
1769929234.0990531,-5,1,-151
1769929234.1090531,-4,1,-153
1769929234.1190531,-5,-1,-154
1769929234.129053,-6,0,-156
1769929234.1390533,-6,0,-156
1769929234.1490533,-11,1,-152
1769929234.1590533,-9,0,-161
1769929234.1690533,-7,-1,-164
1769929234.1790533,-2,-2,-161
1769929234.1890533,-2,0,-162
1769929234.1990533,0,1,-166
1769929234.2090533,0,2,-164
1769929234.2190533,-2,1,-159
1769929234.2290533,0,0,-156
1769929234.2390532,-3,0,-155
1769929234.2490532,-4,3,-162
1769929234.2590532,-3,4,-155
1769929234.2690532,0,2,-146
1769929234.2790532,0,0,-150
1769929234.2890532,-2,0,-155
1769929234.2990532,0,-2,-154
1769929234.3090532,0,-1,-153
1769929234.3190532,0,0,-155
1769929234.3290532,1,5,-159
1769929234.3390532,5,3,-158
1769929234.3490531,0,-1,-166
1769929234.3590531,2,0,-171
1769929234.3690531,0,-3,-169
1769929234.379053,0,-2,-168
1769929234.3890533,0,3,-164
1769929234.3990533,-5,1,-161
1769929234.4090533,-2,0,-163
1769929234.4190533,-1,0,-155
1769929234.4290533,-2,0,-153
1769929234.4390533,-3,-5,-157
1769929234.4490533,0,-4,-157
1769929234.4590533,-5,-2,-151
1769929234.4690533,-5,-3,-160
1769929234.4790533,-3,2,-164
1769929234.4890532,-1,-2,-169
1769929234.4990532,-3,0,-169
1769929234.5090532,-5,-1,-165
1769929234.5190532,0,0,-168
1769929234.5290532,0,2,-168
1769929234.5390532,-3,5,-167
1769929234.5490532,0,4,-170
1769929234.5590532,4,2,-173
1769929234.5690532,1,0,-179
1769929234.5790532,3,-1,-172
1769929234.5890532,2,4,-167
1769929234.5990531,3,3,-161
1769929234.6090531,-1,2,-157
1769929234.6190531,-2,1,-153
1769929234.629053,0,-3,-149
1769929234.6390533,6,0,-153
1769929234.6490533,5,3,-161
1769929234.6590533,4,5,-162
1769929234.6690533,3,3,-164
1769929234.6790533,-3,3,-159
1769929234.6890533,0,4,-164
1769929234.6990533,-1,3,-161
1769929234.7090533,1,3,-170
1769929234.7190533,2,0,-167
1769929234.7290533,0,-1,-162
1769929234.7390532,-3,0,-165
1769929234.7490532,-3,0,-167
1769929234.7590532,-3,0,-168
1769929234.7690532,0,-1,-161
1769929234.7790532,3,-6,-169
1769929234.7890532,9,-1,-174
1769929234.7990532,10,-5,-173
1769929234.8090532,11,-9,-171
1769929234.8190532,13,-6,-170
1769929234.8290532,10,-5,-164
1769929234.8390532,7,-5,-163
1769929234.8490531,5,-3,-164
1769929234.8590531,2,0,-161
1769929234.8700533,4,2,-160
1769929234.879053,-2,0,-159
1769929234.8890533,0,-1,-156
1769929234.8990533,-3,-1,-152
1769929234.9090533,-2,0,-154
1769929234.9190533,0,-2,-158
1769929234.9290533,-1,-1,-164
1769929234.9390533,-2,5,-156
1769929234.9490533,-4,6,-156
1769929234.9590533,-2,9,-158
1769929234.9690533,-1,2,-167
1769929234.9790533,0,3,-171
1769929234.9890532,2,0,-164
1769929234.9990532,3,-4,-158
1769929235.0090532,4,-6,-150
1769929235.0190532,1,-5,-153
1769929235.0290532,0,-2,-156
1769929235.0390532,0,-8,-151
1769929235.0490532,-3,-6,-152
1769929235.0590532,0,-6,-152
1769929235.0690532,0,-5,-154
1769929235.0790532,1,-6,-156
1769929235.0890532,-2,-5,-162
1769929235.0990531,3,-5,-167
1769929235.1090531,7,-4,-165
1769929235.1190531,8,-2,-166
1769929235.129053,7,1,-164
1769929235.1390533,7,3,-159
1769929235.1490533,8,4,-154
1769929235.1590533,3,3,-156
1769929235.1690533,0,4,-159
1769929235.1790533,-2,6,-154
1769929235.1890533,-4,8,-155
1769929235.1990533,-6,7,-154
1769929235.2090533,-5,6,-151
1769929235.2190533,-2,5,-151
1769929235.2290533,-2,2,-151
1769929235.2390532,-4,0,-153
1769929235.2490532,-3,0,-154
1769929235.2590532,1,1,-167
1769929235.2690532,0,4,-164
1769929235.2790532,-3,1,-159
1769929235.2890532,-3,0,-160
1769929235.2990532,-3,0,-159
1769929235.3090532,1,-1,-159
1769929235.3190532,0,-5,-159
1769929235.3290532,1,-4,-163
1769929235.3390532,-1,-5,-164
1769929235.3490531,0,-2,-168
1769929235.3590531,0,-4,-170
1769929235.3690531,4,-3,-171
1769929235.379053,2,1,-168
1769929235.3890533,1,1,-159
1769929235.3990533,2,-1,-157
1769929235.4090533,3,2,-165
1769929235.4190533,-4,3,-165
1769929235.4290533,-7,1,-157
1769929235.4390533,-8,2,-153
1769929235.4490533,-4,2,-155
1769929235.4590533,-2,2,-161
1769929235.4690533,-2,2,-156
1769929235.4790533,-3,0,-152
1769929235.4890532,2,-2,-153
1769929235.4990532,2,-1,-162
1769929235.5090532,4,0,-170
1769929235.5190532,8,-2,-167
1769929235.5290532,6,-3,-169
1769929235.5390532,1,-2,-163
1769929235.5490532,2,0,-158
1769929235.5590532,3,-1,-157
1769929235.5690532,1,-1,-157
1769929235.5790532,1,0,-152
1769929235.5890532,9,0,-154
1769929235.5990531,7,-1,-149
1769929235.6090531,8,-1,-148
1769929235.6190531,7,3,-150
1769929235.629053,5,4,-148
1769929235.6390533,6,2,-149
1769929235.6490533,5,4,-158
1769929235.6590533,4,5,-163
1769929235.6690533,1,7,-163
1769929235.6790533,1,3,-161
1769929235.6890533,0,5,-155
1769929235.6990533,0,3,-154
1769929235.7090533,-1,3,-159
1769929235.7190533,-3,8,-150
1769929235.7290533,0,7,-151
1769929235.7390532,2,4,-157
1769929235.7490532,-2,1,-162
1769929235.7590532,-1,-1,-161
1769929235.7690532,0,0,-156
1769929235.7790532,4,-5,-157
1769929235.7890532,4,-5,-155
1769929235.7990532,5,0,-154
1769929235.8090532,5,1,-163
1769929235.8190532,6,3,-165
1769929235.8290532,2,1,-168
1769929235.8390532,0,-4,-163
1769929235.8490531,-1,-8,-161
1769929235.8590531,0,-9,-159
1769929235.8690531,3,-2,-155
1769929235.879053,3,-6,-157
1769929235.8890533,6,-7,-157
1769929235.8990533,3,-4,-157
1769929235.9090533,3,0,-160
1769929235.9190533,3,0,-164
1769929235.9290533,-1,-1,-160
1769929235.9390533,-2,-1,-164
1769929235.9490533,-3,-1,-163
1769929235.9590533,0,2,-156
1769929235.9700532,0,0,-154
1769929235.9790533,-1,-2,-153
1769929235.9890532,-1,-3,-156
1769929235.9990532,-2,-3,-157
1769929236.0100532,3,-5,-158
1769929236.0200531,0,-7,-156
1769929236.0300531,-2,-8,-155
1769929236.0400531,-1,-5,-154
1769929236.0500531,-2,0,-154
1769929236.060053,-3,0,-156
1769929236.0700533,-2,1,-154
1769929236.0800533,2,1,-158
1769929236.0900533,4,2,-158
1769929236.1000533,2,5,-149
1769929236.1100533,1,6,-151
1769929236.1200533,3,3,-147
1769929236.1300533,0,2,-149
1769929236.1400533,-1,4,-151
1769929236.1500533,0,3,-158
1769929236.1600533,-2,0,-159
1769929236.1700532,-1,-4,-155
1769929236.1800532,1,-3,-155
1769929236.1900532,1,-5,-159
1769929236.2000532,5,-7,-168
1769929236.2100532,1,-5,-164
1769929236.2200532,-1,-3,-167
1769929236.2300532,0,-4,-165
1769929236.2400532,0,-2,-163
1769929236.2500532,0,-2,-165
1769929236.2600532,3,0,-163
1769929236.2700531,1,0,-157
1769929236.2800531,-2,0,-153
1769929236.2900531,0,4,-157
1769929236.3000531,5,2,-159
1769929236.310053,4,5,-155
1769929236.3200533,1,3,-151
1769929236.3300533,0,3,-156
1769929236.3400533,0,-1,-157
1769929236.3500533,-1,-1,-157
1769929236.3600533,0,-4,-158
1769929236.3700533,-5,-9,-160
1769929236.3800533,0,-9,-162
1769929236.3900533,4,-7,-160
1769929236.4000533,2,-4,-159
1769929236.4100533,2,-4,-166
1769929236.4200532,6,-1,-164
1769929236.4300532,5,-5,-159
1769929236.4400532,5,-1,-156
1769929236.4500532,10,-3,-157
1769929236.4600532,8,-4,-154
1769929236.4700532,7,-6,-155
1769929236.4800532,10,-7,-162
1769929236.4900532,6,0,-161
1769929236.5000532,3,1,-164
1769929236.5100532,4,0,-162
1769929236.5200531,2,0,-160
1769929236.5300531,0,0,-162
1769929236.5400531,-2,0,-162
1769929236.5500531,-1,-4,-162
1769929236.560053,-3,-4,-159
1769929236.5700533,3,-4,-157
1769929236.5800533,3,-4,-157
1769929236.5900533,0,-1,-153
1769929236.6000533,0,0,-157
1769929236.6100533,-1,2,-163
1769929236.6200533,-2,0,-168
1769929236.6300533,-2,-3,-167
1769929236.6400533,-3,-4,-171
1769929236.6500533,-2,-2,-163
1769929236.6600533,-1,-3,-165
1769929236.6700532,-4,-1,-163
1769929236.6800532,-4,0,-164
1769929236.6900532,-4,0,-163
1769929236.7000532,-4,4,-160
1769929236.7100532,0,6,-159
1769929236.7200532,-1,4,-167
1769929236.7300532,-6,4,-171
1769929236.7400532,-2,2,-163
1769929236.7500532,-1,0,-163
1769929236.7600532,-4,1,-160
1769929236.7700531,0,1,-162
1769929236.7800531,0,0,-164
1769929236.7900531,0,-1,-167
1769929236.8000531,2,-5,-162
1769929236.810053,-1,-4,-163
1769929236.8200533,-2,-4,-165
1769929236.8300533,0,0,-168
1769929236.8400533,1,-3,-166
1769929236.8500533,-1,-1,-160
1769929236.8600533,0,0,-157
1769929236.8700533,0,0,-156
1769929236.8800533,2,-3,-151
1769929236.8900533,2,-2,-149
1769929236.9000533,0,-2,-154
1769929236.9100533,0,-3,-153
1769929236.9200532,5,-4,-157
1769929236.9300532,2,0,-160
1769929236.9400532,1,0,-156
1769929236.9500532,0,2,-156
1769929236.9600532,3,4,-163
1769929236.9700532,2,4,-162
1769929236.9800532,0,1,-157
1769929236.9900532,2,3,-157
1769929237.0000532,5,2,-160
1769929237.0100532,4,-1,-165
1769929237.0200531,3,-1,-162
1769929237.0300531,4,-1,-160
1769929237.0400531,0,-1,-161
1769929237.0500531,0,-1,-162
1769929237.060053,2,-4,-162
