time,x,y,z
1775973600.0036588,2.0,1.0,-112.0
1775973600.0136588,1.0,4.0,-111.0
1775973600.023659,3.0,5.0,-107.0
1775973600.033659,0.0,5.0,-103.0
1775973600.043659,0.0,7.0,-99.0
1775973600.053659,-4.0,8.0,-97.0
1775973600.063659,-4.0,3.0,-95.0
1775973600.073659,0.0,0.0,-102.0
1775973600.083659,-3.0,0.0,-104.0
1775973600.093659,0.0,3.0,-106.0
1775973600.103659,1.0,0.0,-106.0
1775973600.113659,0.0,0.0,-105.0
1775973600.123659,-2.0,-1.0,-106.0
1775973600.133659,-4.0,-5.0,-98.0
1775973600.1436589,-3.0,-3.0,-96.0
1775973600.1536589,-1.0,-3.0,-97.0
1775973600.1636589,1.0,-4.0,-99.0
1775973600.1736588,4.0,-9.0,-95.0
1775973600.1836588,8.0,-6.0,-101.0
1775973600.1936588,3.0,-2.0,-105.0
1775973600.2036588,-2.0,-4.0,-111.0
1775973600.2136588,2.0,-3.0,-109.0
1775973600.2236588,5.0,-5.0,-112.0
1775973600.2336588,4.0,-6.0,-114.0
1775973600.2436588,4.0,-2.0,-114.0
1775973600.2536588,5.0,0.0,-115.0
1775973600.2636588,6.0,0.0,-115.0
1775973600.273659,2.0,0.0,-115.0
1775973600.283659,-1.0,0.0,-112.0
1775973600.293659,0.0,3.0,-108.0
1775973600.303659,-3.0,3.0,-95.0
1775973600.313659,-3.0,3.0,-102.0
1775973600.3246589,0.0,2.0,-103.0
1775973600.3346589,0.0,5.0,-105.0
1775973600.3446589,0.0,4.0,-102.0
1775973600.3546588,-3.0,1.0,-102.0
1775973600.3646588,-2.0,-5.0,-99.0
1775973600.3746588,0.0,-5.0,-100.0
1775973600.3846588,-2.0,-2.0,-101.0
1775973600.3946588,2.0,-3.0,-109.0
1775973600.4046588,6.0,1.0,-110.0
1775973600.4146588,3.0,3.0,-106.0
1775973600.4246588,2.0,3.0,-109.0
1775973600.4346588,4.0,3.0,-112.0
1775973600.444659,1.0,7.0,-104.0
1775973600.454659,-3.0,7.0,-105.0
1775973600.464659,-3.0,0.0,-106.0
1775973600.474659,0.0,0.0,-111.0
1775973600.484659,-1.0,4.0,-109.0
1775973600.494659,-3.0,4.0,-112.0
1775973600.504659,-4.0,3.0,-103.0
1775973600.514659,-3.0,2.0,-103.0
1775973600.524659,-1.0,2.0,-105.0
1775973600.534659,0.0,2.0,-104.0
1775973600.544659,7.0,2.0,-103.0
1775973600.554659,11.0,0.0,-102.0
1775973600.5646589,5.0,2.0,-109.0
1775973600.5746589,5.0,4.0,-109.0
1775973600.5846589,7.0,3.0,-106.0
1775973600.5946589,3.0,3.0,-111.0
1775973600.6046588,1.0,-1.0,-114.0
1775973600.6146588,1.0,2.0,-110.0
1775973600.6246588,-1.0,5.0,-110.0
1775973600.6346588,-4.0,10.0,-112.0
1775973600.6446588,-4.0,9.0,-102.0
1775973600.6546588,-4.0,8.0,-98.0
1775973600.6646588,0.0,7.0,-101.0
1775973600.6746588,0.0,3.0,-100.0
1775973600.6846588,0.0,-1.0,-100.0
1775973600.694659,0.0,-5.0,-104.0
1775973600.704659,1.0,-3.0,-101.0
1775973600.714659,0.0,-3.0,-106.0
1775973600.724659,4.0,-1.0,-107.0
1775973600.734659,0.0,-1.0,-116.0
1775973600.744659,3.0,0.0,-122.0
1775973600.754659,3.0,-3.0,-120.0
1775973600.764659,4.0,-2.0,-115.0
1775973600.774659,2.0,0.0,-119.0
1775973600.784659,1.0,-1.0,-118.0
1775973600.794659,0.0,2.0,-114.0
1775973600.804659,1.0,2.0,-116.0
1775973600.8146589,0.0,4.0,-120.0
1775973600.8246589,-1.0,1.0,-115.0
1775973600.8346589,0.0,2.0,-118.0
1775973600.8446589,3.0,2.0,-118.0
1775973600.8546588,3.0,1.0,-116.0
1775973600.8646588,3.0,1.0,-106.0
1775973600.8746588,3.0,0.0,-104.0
1775973600.8846588,8.0,1.0,-107.0
1775973600.8946588,1.0,0.0,-114.0
1775973600.9046588,-2.0,2.0,-111.0
1775973600.9146588,-5.0,7.0,-115.0
1775973600.9246588,-5.0,4.0,-118.0
1775973600.9346588,-7.0,2.0,-111.0
1775973600.944659,-9.0,-2.0,-108.0
1775973600.954659,-9.0,-1.0,-106.0
1775973600.964659,-8.0,0.0,-100.0
1775973600.974659,-7.0,0.0,-107.0
1775973600.984659,-6.0,-3.0,-105.0
1775973600.994659,-6.0,-4.0,-110.0
1775973601.004659,-5.0,-5.0,-114.0
1775973601.014659,0.0,-2.0,-116.0
1775973601.024659,2.0,-3.0,-122.0
1775973601.034659,0.0,-1.0,-122.0
1775973601.044659,0.0,-1.0,-129.0
1775973601.054659,2.0,0.0,-124.0
1775973601.0646589,4.0,-2.0,-126.0
1775973601.0746589,4.0,0.0,-120.0
1775973601.0846589,5.0,0.0,-113.0
1775973601.0946589,1.0,-1.0,-103.0
1775973601.1046588,-1.0,-5.0,-101.0
1775973601.1146588,0.0,-3.0,-107.0
1775973601.1246588,-1.0,-3.0,-106.0
1775973601.1346588,-4.0,-3.0,-105.0
1775973601.1446588,-1.0,-2.0,-108.0
1775973601.1546588,-1.0,0.0,-111.0
1775973601.1646588,-5.0,2.0,-110.0
1775973601.1746588,-3.0,1.0,-110.0
1775973601.1846588,-4.0,0.0,-109.0
1775973601.194659,0.0,3.0,-107.0
1775973601.204659,0.0,2.0,-113.0
1775973601.214659,0.0,3.0,-114.0
1775973601.224659,2.0,2.0,-117.0
1775973601.234659,1.0,2.0,-119.0
1775973601.244659,-1.0,4.0,-119.0
1775973601.254659,-1.0,2.0,-120.0
1775973601.264659,-2.0,1.0,-118.0
1775973601.274659,0.0,2.0,-113.0
1775973601.284659,3.0,3.0,-111.0
1775973601.294659,2.0,0.0,-117.0
1775973601.304659,0.0,2.0,-115.0
1775973601.3146589,0.0,2.0,-110.0
1775973601.3246589,-2.0,8.0,-107.0
1775973601.3346589,-6.0,5.0,-100.0
1775973601.3446589,-4.0,2.0,-101.0
1775973601.3546588,-2.0,2.0,-96.0
1775973601.3646588,0.0,0.0,-97.0
1775973601.3746588,-2.0,-4.0,-102.0
1775973601.3846588,-3.0,-6.0,-103.0
1775973601.3946588,-7.0,-6.0,-113.0
1775973601.4046588,-7.0,-4.0,-113.0
1775973601.4146588,-3.0,0.0,-116.0
1775973601.4246588,0.0,-2.0,-107.0
1775973601.4346588,-1.0,-5.0,-102.0
1775973601.444659,-6.0,-3.0,-96.0
1775973601.454659,-7.0,0.0,-101.0
1775973601.464659,-6.0,1.0,-101.0
1775973601.474659,-11.0,0.0,-109.0
1775973601.484659,-8.0,4.0,-102.0
1775973601.494659,-9.0,4.0,-100.0
1775973601.504659,-4.0,4.0,-103.0
1775973601.514659,-1.0,1.0,-100.0
1775973601.524659,-3.0,-2.0,-103.0
1775973601.534659,4.0,-5.0,-103.0
1775973601.544659,1.0,-3.0,-107.0
1775973601.554659,2.0,-3.0,-107.0
1775973601.5646589,-1.0,-3.0,-102.0
1775973601.5746589,1.0,-2.0,-101.0
1775973601.5846589,1.0,0.0,-100.0
1775973601.5946589,-2.0,-2.0,-103.0
1775973601.6046588,-3.0,0.0,-108.0
1775973601.6146588,-5.0,4.0,-114.0
1775973601.6246588,-1.0,4.0,-111.0
1775973601.6346588,1.0,2.0,-107.0
1775973601.6446588,-2.0,0.0,-113.0
1775973601.6546588,-7.0,0.0,-116.0
1775973601.6646588,-3.0,-2.0,-115.0
1775973601.6746588,-2.0,-3.0,-113.0
1775973601.6846588,-3.0,-4.0,-116.0
1775973601.694659,-4.0,0.0,-114.0
1775973601.704659,-2.0,2.0,-116.0
1775973601.714659,-5.0,1.0,-107.0
1775973601.724659,-4.0,-2.0,-104.0
1775973601.734659,-3.0,-2.0,-109.0
1775973601.744659,0.0,-2.0,-111.0
1775973601.754659,-5.0,2.0,-104.0
1775973601.764659,-7.0,-1.0,-105.0
1775973601.774659,-10.0,0.0,-103.0
1775973601.784659,-1.0,5.0,-104.0
1775973601.794659,4.0,2.0,-105.0
1775973601.804659,5.0,2.0,-106.0
1775973601.8146589,2.0,0.0,-101.0
1775973601.8246589,0.0,1.0,-103.0
1775973601.8346589,3.0,3.0,-107.0
1775973601.8446589,7.0,1.0,-108.0
1775973601.8546588,6.0,0.0,-109.0
1775973601.8646588,2.0,-3.0,-107.0
1775973601.8746588,3.0,-1.0,-109.0
1775973601.8846588,1.0,-3.0,-103.0
1775973601.8946588,3.0,-4.0,-111.0
1775973601.9046588,1.0,-4.0,-112.0
1775973601.9146588,-1.0,-5.0,-114.0
1775973601.9246588,-6.0,-2.0,-114.0
1775973601.9346588,-1.0,-6.0,-117.0
1775973601.944659,1.0,-4.0,-109.0
1775973601.954659,3.0,-3.0,-107.0
1775973601.964659,5.0,0.0,-104.0
1775973601.974659,1.0,4.0,-104.0
1775973601.984659,3.0,5.0,-105.0
1775973601.994659,4.0,2.0,-109.0
1775973602.004659,3.0,0.0,-113.0
1775973602.014659,3.0,0.0,-110.0
1775973602.024659,3.0,3.0,-103.0
1775973602.034659,0.0,0.0,-108.0
1775973602.044659,4.0,-6.0,-115.0
1775973602.054659,3.0,-7.0,-106.0
1775973602.0646589,4.0,-6.0,-103.0
1775973602.0746589,0.0,-7.0,-100.0
1775973602.0846589,0.0,-4.0,-101.0
1775973602.0946589,0.0,-1.0,-107.0
1775973602.1046588,-2.0,-4.0,-106.0
1775973602.1146588,0.0,-6.0,-109.0
1775973602.1246588,1.0,-6.0,-106.0
1775973602.1346588,1.0,-2.0,-108.0
1775973602.1446588,0.0,1.0,-109.0
1775973602.1546588,-3.0,7.0,-112.0
1775973602.1646588,-4.0,3.0,-108.0
1775973602.1746588,-4.0,2.0,-109.0
1775973602.1846588,0.0,2.0,-111.0
1775973602.194659,1.0,0.0,-110.0
1775973602.204659,3.0,-1.0,-109.0
1775973602.214659,4.0,-2.0,-111.0
1775973602.224659,6.0,-2.0,-113.0
1775973602.234659,5.0,-1.0,-113.0
1775973602.244659,8.0,1.0,-113.0
1775973602.254659,4.0,0.0,-108.0
1775973602.264659,2.0,0.0,-109.0
1775973602.274659,0.0,5.0,-107.0
1775973602.284659,-1.0,8.0,-104.0
1775973602.294659,0.0,6.0,-111.0
1775973602.304659,-3.0,7.0,-115.0
1775973602.3146589,-1.0,5.0,-115.0
1775973602.3246589,-2.0,6.0,-115.0
1775973602.3346589,-1.0,0.0,-114.0
1775973602.3446589,-2.0,-1.0,-111.0
1775973602.3546588,-3.0,-3.0,-108.0
1775973602.3656588,-1.0,-3.0,-102.0
1775973602.375659,-2.0,-4.0,-101.0
1775973602.385659,2.0,-3.0,-99.0
1775973602.395659,0.0,-1.0,-106.0
1775973602.405659,-1.0,0.0,-109.0
1775973602.415659,-5.0,0.0,-108.0
1775973602.425659,-7.0,-3.0,-114.0
1775973602.435659,-3.0,0.0,-114.0
1775973602.445659,-1.0,0.0,-109.0
1775973602.455659,-1.0,0.0,-101.0
1775973602.465659,-3.0,-2.0,-100.0
1775973602.475659,-2.0,-4.0,-97.0
1775973602.485659,-4.0,-3.0,-105.0
1775973602.4956589,-3.0,1.0,-109.0
1775973602.5056589,0.0,4.0,-114.0
1775973602.5156589,0.0,0.0,-111.0
1775973602.5256588,0.0,0.0,-109.0
1775973602.5356588,1.0,2.0,-116.0
1775973602.5456588,4.0,4.0,-118.0
1775973602.5556588,3.0,2.0,-123.0
1775973602.5656588,6.0,2.0,-120.0
1775973602.5756588,8.0,5.0,-115.0
1775973602.5856588,7.0,4.0,-117.0
1775973602.5956588,1.0,4.0,-115.0
1775973602.6056588,-2.0,2.0,-111.0
1775973602.6156588,-1.0,4.0,-113.0
1775973602.625659,0.0,6.0,-119.0
1775973602.635659,-3.0,2.0,-121.0
1775973602.645659,0.0,0.0,-119.0
1775973602.655659,0.0,1.0,-111.0
1775973602.665659,3.0,0.0,-110.0
1775973602.675659,3.0,-2.0,-115.0
1775973602.685659,2.0,-3.0,-107.0
1775973602.695659,5.0,-4.0,-101.0
1775973602.705659,6.0,0.0,-108.0
1775973602.715659,2.0,3.0,-102.0
1775973602.725659,0.0,3.0,-106.0
1775973602.735659,0.0,1.0,-111.0
1775973602.7456589,-7.0,1.0,-114.0
1775973602.7556589,-5.0,1.0,-108.0
1775973602.7656589,0.0,2.0,-117.0
1775973602.7756588,2.0,0.0,-112.0
1775973602.7856588,1.0,2.0,-106.0
1775973602.7956588,-1.0,5.0,-110.0
1775973602.8056588,3.0,5.0,-110.0
1775973602.8156588,0.0,3.0,-110.0
1775973602.8256588,0.0,0.0,-110.0
1775973602.8356588,-2.0,-1.0,-110.0
1775973602.8456588,-1.0,0.0,-106.0
1775973602.8556588,0.0,-6.0,-108.0
1775973602.8656588,-3.0,-5.0,-106.0
1775973602.875659,-4.0,-5.0,-114.0
1775973602.885659,-3.0,-7.0,-112.0
1775973602.895659,-3.0,-4.0,-111.0
1775973602.905659,-2.0,-4.0,-107.0
1775973602.915659,1.0,1.0,-107.0
1775973602.925659,2.0,0.0,-99.0
1775973602.935659,-1.0,2.0,-97.0
1775973602.945659,-2.0,2.0,-98.0
1775973602.955659,-7.0,3.0,-99.0
1775973602.965659,-9.0,2.0,-99.0
1775973602.975659,-5.0,1.0,-99.0
1775973602.985659,-5.0,0.0,-96.0
1775973602.9956589,0.0,2.0,-94.0
1775973603.0056589,3.0,6.0,-94.0
1775973603.0156589,-2.0,6.0,-96.0
1775973603.0256588,-1.0,5.0,-95.0
1775973603.0356588,0.0,5.0,-97.0
1775973603.0456588,2.0,5.0,-94.0
1775973603.0556588,2.0,1.0,-96.0
1775973603.0656588,6.0,-5.0,-101.0
1775973603.0756588,5.0,0.0,-105.0
1775973603.0856588,2.0,-3.0,-106.0
1775973603.0956588,0.0,-3.0,-106.0
1775973603.1056588,-2.0,-1.0,-105.0
1775973603.1156588,-4.0,-1.0,-102.0
1775973603.125659,-4.0,-1.0,-101.0
1775973603.135659,-1.0,-1.0,-102.0
1775973603.145659,1.0,0.0,-107.0
1775973603.155659,1.0,4.0,-110.0
1775973603.165659,1.0,3.0,-115.0
1775973603.175659,6.0,0.0,-117.0
1775973603.185659,2.0,-2.0,-113.0
1775973603.195659,2.0,1.0,-108.0
1775973603.205659,1.0,0.0,-106.0
1775973603.215659,2.0,-2.0,-115.0
1775973603.225659,5.0,-5.0,-117.0
1775973603.235659,0.0,-8.0,-114.0
1775973603.2456589,-3.0,-9.0,-120.0
1775973603.2556589,1.0,-4.0,-121.0
1775973603.2656589,4.0,-1.0,-115.0
1775973603.2756588,6.0,-1.0,-110.0
1775973603.2856588,3.0,2.0,-110.0
1775973603.2956588,-5.0,2.0,-111.0
1775973603.3056588,-2.0,1.0,-111.0
1775973603.3156588,-5.0,-1.0,-109.0
1775973603.3256588,-2.0,-1.0,-110.0
1775973603.3356588,2.0,0.0,-113.0
1775973603.3456588,0.0,-1.0,-117.0
1775973603.3556588,0.0,0.0,-108.0
1775973603.3656588,1.0,-2.0,-107.0
1775973603.375659,0.0,-4.0,-114.0
1775973603.385659,0.0,-3.0,-120.0
1775973603.395659,0.0,-3.0,-119.0
1775973603.405659,0.0,-6.0,-113.0
1775973603.415659,-2.0,-10.0,-112.0
1775973603.425659,0.0,-10.0,-117.0
1775973603.435659,-1.0,-10.0,-115.0
1775973603.445659,-5.0,-6.0,-112.0
1775973603.455659,-3.0,-4.0,-108.0
1775973603.465659,-4.0,-3.0,-105.0
1775973603.475659,-3.0,0.0,-101.0
1775973603.485659,0.0,0.0,-102.0
1775973603.4956589,4.0,0.0,-98.0
1775973603.5056589,0.0,3.0,-101.0
1775973603.5156589,1.0,3.0,-106.0
1775973603.5256588,7.0,0.0,-108.0
1775973603.5356588,5.0,-1.0,-114.0
1775973603.5456588,1.0,-6.0,-115.0
1775973603.5556588,0.0,-7.0,-114.0
1775973603.5656588,1.0,-2.0,-109.0
1775973603.5756588,5.0,1.0,-114.0
1775973603.5856588,3.0,3.0,-111.0
1775973603.5956588,2.0,6.0,-105.0
1775973603.6056588,2.0,4.0,-102.0
1775973603.6156588,0.0,1.0,-100.0
1775973603.625659,-5.0,4.0,-94.0
1775973603.635659,-2.0,1.0,-96.0
1775973603.645659,-1.0,-1.0,-103.0
1775973603.655659,-4.0,-3.0,-111.0
1775973603.665659,-2.0,0.0,-111.0
1775973603.675659,0.0,-1.0,-106.0
1775973603.685659,0.0,0.0,-108.0
1775973603.695659,0.0,-2.0,-103.0
1775973603.705659,0.0,0.0,-111.0
1775973603.715659,0.0,-2.0,-113.0
1775973603.725659,0.0,0.0,-112.0
1775973603.735659,0.0,5.0,-117.0
1775973603.7456589,-1.0,5.0,-117.0
1775973603.7556589,1.0,1.0,-116.0
1775973603.7656589,0.0,0.0,-113.0
1775973603.7756588,-1.0,1.0,-113.0
1775973603.7856588,0.0,5.0,-108.0
1775973603.7956588,0.0,1.0,-110.0
1775973603.8056588,0.0,0.0,-109.0
1775973603.8156588,2.0,0.0,-104.0
1775973603.8256588,2.0,0.0,-107.0
1775973603.8356588,-6.0,2.0,-108.0
1775973603.8456588,-4.0,1.0,-107.0
1775973603.8556588,-1.0,0.0,-102.0
1775973603.8656588,-3.0,2.0,-99.0
1775973603.875659,2.0,0.0,-106.0
1775973603.885659,2.0,2.0,-108.0
1775973603.895659,4.0,1.0,-96.0
1775973603.905659,2.0,1.0,-97.0
1775973603.915659,5.0,1.0,-102.0
1775973603.925659,0.0,-2.0,-106.0
1775973603.935659,1.0,-7.0,-110.0
1775973603.945659,0.0,-9.0,-109.0
1775973603.955659,2.0,-10.0,-108.0
1775973603.965659,2.0,-11.0,-105.0
1775973603.975659,0.0,-8.0,-99.0
1775973603.985659,0.0,-5.0,-105.0
1775973603.9956589,-1.0,-4.0,-108.0
1775973604.0056589,0.0,-2.0,-108.0
1775973604.0156589,1.0,-1.0,-108.0
1775973604.0256588,6.0,2.0,-102.0
1775973604.0356588,8.0,-2.0,-104.0
1775973604.0456588,5.0,-4.0,-95.0
1775973604.0556588,0.0,-3.0,-96.0
1775973604.0656588,-2.0,-4.0,-96.0
1775973604.0756588,4.0,-1.0,-98.0
1775973604.0856588,7.0,-1.0,-89.0
1775973604.0956588,7.0,-1.0,-88.0
1775973604.1056588,2.0,1.0,-97.0
1775973604.1156588,2.0,3.0,-96.0
1775973604.125659,1.0,2.0,-100.0
1775973604.135659,-1.0,-2.0,-101.0
1775973604.145659,0.0,-1.0,-103.0
1775973604.155659,0.0,-2.0,-105.0
1775973604.165659,0.0,-3.0,-110.0
1775973604.175659,-1.0,-3.0,-111.0
1775973604.185659,-1.0,-2.0,-108.0
1775973604.195659,2.0,0.0,-108.0
1775973604.205659,4.0,-2.0,-103.0
1775973604.215659,4.0,-6.0,-108.0
1775973604.225659,5.0,-8.0,-112.0
1775973604.235659,3.0,-7.0,-106.0
1775973604.2456589,0.0,-4.0,-97.0
1775973604.2556589,-2.0,-4.0,-105.0
1775973604.2656589,0.0,-2.0,-107.0
1775973604.2756588,0.0,-1.0,-104.0
1775973604.2856588,2.0,-5.0,-104.0
1775973604.2956588,1.0,-6.0,-101.0
1775973604.3056588,-3.0,-5.0,-104.0
1775973604.3156588,-4.0,-5.0,-108.0
1775973604.3256588,-4.0,-3.0,-107.0
1775973604.3356588,-2.0,-7.0,-107.0
1775973604.3456588,1.0,-10.0,-109.0
1775973604.3556588,1.0,-7.0,-106.0
1775973604.3656588,-1.0,-6.0,-109.0
1775973604.375659,-3.0,-2.0,-113.0
1775973604.385659,0.0,-4.0,-113.0
1775973604.395659,-2.0,0.0,-118.0
1775973604.405659,0.0,3.0,-117.0
1775973604.4166589,-1.0,0.0,-111.0
1775973604.425659,0.0,-5.0,-112.0
1775973604.4366589,1.0,-4.0,-113.0
1775973604.4466588,4.0,-7.0,-113.0
1775973604.4566588,0.0,-8.0,-115.0
1775973604.4666588,-1.0,-8.0,-111.0
1775973604.4766588,-2.0,-4.0,-112.0
1775973604.4866588,0.0,-1.0,-116.0
1775973604.4966588,4.0,1.0,-118.0
1775973604.5066588,5.0,1.0,-118.0
1775973604.5166588,4.0,3.0,-120.0
1775973604.5266588,5.0,3.0,-120.0
1775973604.5366588,6.0,6.0,-115.0
1775973604.546659,9.0,2.0,-114.0
1775973604.556659,11.0,2.0,-108.0
1775973604.566659,4.0,3.0,-104.0
1775973604.576659,0.0,3.0,-103.0
1775973604.586659,0.0,2.0,-102.0
1775973604.596659,-3.0,0.0,-104.0
1775973604.606659,-4.0,0.0,-106.0
1775973604.616659,0.0,0.0,-104.0
1775973604.626659,-1.0,0.0,-106.0
1775973604.636659,0.0,5.0,-102.0
1775973604.646659,0.0,5.0,-106.0
1775973604.656659,0.0,0.0,-110.0
1775973604.6666589,1.0,3.0,-102.0
1775973604.6766589,-1.0,-3.0,-102.0
1775973604.6866589,2.0,-2.0,-103.0
1775973604.6966588,4.0,-4.0,-100.0
1775973604.7066588,-2.0,-4.0,-108.0
1775973604.7166588,0.0,-6.0,-111.0
1775973604.7266588,0.0,-5.0,-110.0
1775973604.7366588,0.0,-1.0,-109.0
1775973604.7466588,1.0,-3.0,-107.0
1775973604.7566588,1.0,-4.0,-109.0
1775973604.7666588,0.0,-6.0,-112.0
1775973604.7766588,-4.0,-4.0,-116.0
1775973604.7866588,0.0,-1.0,-115.0
1775973604.796659,0.0,-2.0,-108.0
1775973604.806659,-3.0,0.0,-112.0
1775973604.816659,-5.0,1.0,-107.0
1775973604.826659,-5.0,1.0,-104.0
1775973604.836659,-9.0,2.0,-105.0
1775973604.846659,-6.0,1.0,-105.0
1775973604.856659,0.0,3.0,-105.0
1775973604.866659,-1.0,2.0,-106.0
1775973604.876659,-4.0,0.0,-105.0
1775973604.886659,-3.0,1.0,-103.0
1775973604.896659,-4.0,0.0,-98.0
1775973604.906659,-7.0,-2.0,-93.0
1775973604.9166589,-6.0,-4.0,-97.0
1775973604.9266589,-6.0,-5.0,-102.0
1775973604.9366589,-9.0,0.0,-105.0
1775973604.9466588,-2.0,0.0,-110.0
1775973604.9566588,1.0,-1.0,-112.0
1775973604.9666588,0.0,-1.0,-112.0
1775973604.9766588,0.0,1.0,-109.0
1775973604.9866588,0.0,0.0,-105.0
1775973604.9966588,-4.0,0.0,-112.0
1775973605.0066588,-7.0,0.0,-107.0
1775973605.0166588,-5.0,2.0,-110.0
1775973605.0266588,-2.0,0.0,-113.0
1775973605.0366588,2.0,-4.0,-109.0
1775973605.046659,1.0,-1.0,-110.0
1775973605.056659,-3.0,0.0,-106.0
1775973605.066659,-9.0,0.0,-113.0
1775973605.076659,-10.0,0.0,-109.0
1775973605.086659,-7.0,-2.0,-112.0
1775973605.096659,-4.0,-2.0,-109.0
1775973605.106659,-1.0,-1.0,-106.0
1775973605.116659,0.0,0.0,-107.0
1775973605.126659,2.0,-1.0,-99.0
1775973605.136659,0.0,0.0,-102.0
1775973605.146659,-2.0,1.0,-104.0
1775973605.156659,-4.0,3.0,-106.0
1775973605.1666589,-6.0,3.0,-103.0
1775973605.1766589,-3.0,2.0,-104.0
1775973605.1866589,-3.0,0.0,-102.0
1775973605.1966588,-5.0,3.0,-102.0
1775973605.2066588,-10.0,1.0,-97.0
1775973605.2166588,-9.0,-2.0,-103.0
1775973605.2266588,-3.0,-4.0,-102.0
1775973605.2366588,-1.0,-4.0,-101.0
1775973605.2466588,0.0,-1.0,-104.0
1775973605.2566588,0.0,0.0,-109.0
1775973605.2666588,3.0,1.0,-109.0
1775973605.2766588,1.0,3.0,-108.0
1775973605.2866588,0.0,4.0,-108.0
1775973605.296659,2.0,2.0,-107.0
1775973605.306659,5.0,1.0,-104.0
1775973605.316659,2.0,5.0,-103.0
1775973605.326659,0.0,7.0,-102.0
1775973605.336659,-1.0,3.0,-104.0
1775973605.346659,0.0,4.0,-104.0
1775973605.356659,0.0,5.0,-103.0
1775973605.366659,2.0,1.0,-109.0
1775973605.376659,1.0,3.0,-111.0
1775973605.386659,4.0,1.0,-110.0
1775973605.396659,5.0,0.0,-110.0
1775973605.406659,1.0,0.0,-111.0
1775973605.4166589,3.0,-1.0,-114.0
1775973605.4266589,3.0,-2.0,-110.0
1775973605.4366589,6.0,-2.0,-106.0
1775973605.4466588,8.0,-2.0,-106.0
1775973605.4566588,5.0,-1.0,-116.0
1775973605.4666588,12.0,0.0,-117.0
1775973605.4766588,11.0,0.0,-115.0
1775973605.4866588,10.0,-3.0,-117.0
1775973605.4966588,9.0,-6.0,-113.0
1775973605.5066588,6.0,-8.0,-112.0
1775973605.5166588,4.0,-7.0,-111.0
1775973605.5266588,4.0,-8.0,-109.0
1775973605.5366588,2.0,-7.0,-104.0
1775973605.546659,-4.0,-5.0,-111.0
1775973605.556659,-2.0,-1.0,-114.0
1775973605.566659,-2.0,0.0,-111.0
1775973605.576659,-4.0,1.0,-107.0
1775973605.586659,-8.0,1.0,-100.0
1775973605.596659,-7.0,2.0,-102.0
1775973605.606659,-4.0,0.0,-107.0
1775973605.616659,1.0,0.0,-108.0
1775973605.626659,-2.0,0.0,-109.0
1775973605.636659,-2.0,1.0,-106.0
1775973605.646659,-2.0,3.0,-106.0
1775973605.656659,-5.0,3.0,-105.0
1775973605.6666589,0.0,0.0,-112.0
1775973605.6766589,-6.0,0.0,-116.0
1775973605.6866589,-8.0,0.0,-115.0
1775973605.6966588,-6.0,-2.0,-111.0
1775973605.7066588,2.0,-3.0,-113.0
1775973605.7166588,6.0,-5.0,-108.0
1775973605.7266588,2.0,-3.0,-103.0
1775973605.7366588,0.0,0.0,-104.0
1775973605.7466588,1.0,2.0,-104.0
1775973605.7566588,2.0,0.0,-102.0
1775973605.7666588,4.0,-1.0,-108.0
1775973605.7766588,2.0,-2.0,-109.0
1775973605.7866588,3.0,-2.0,-108.0
1775973605.796659,5.0,-1.0,-107.0
1775973605.806659,4.0,0.0,-103.0
1775973605.816659,5.0,2.0,-106.0
1775973605.826659,3.0,3.0,-108.0
1775973605.836659,0.0,4.0,-115.0
1775973605.846659,0.0,2.0,-119.0
1775973605.856659,-2.0,-1.0,-113.0
1775973605.866659,0.0,1.0,-109.0
1775973605.876659,-1.0,0.0,-105.0
1775973605.886659,0.0,-2.0,-104.0
1775973605.896659,-4.0,0.0,-108.0
1775973605.906659,0.0,-3.0,-102.0
1775973605.9166589,-5.0,-8.0,-100.0
1775973605.9266589,-8.0,-7.0,-97.0
1775973605.9366589,-7.0,-3.0,-101.0
1775973605.9466588,-5.0,-5.0,-103.0
1775973605.9566588,0.0,-4.0,-100.0
1775973605.9666588,0.0,-4.0,-107.0
1775973605.9766588,-2.0,-1.0,-109.0
1775973605.9866588,-4.0,-1.0,-112.0
1775973605.9966588,-1.0,-1.0,-110.0
1775973606.0066588,-3.0,2.0,-117.0
1775973606.0166588,-4.0,-1.0,-120.0
1775973606.0266588,-5.0,-2.0,-114.0
1775973606.0366588,0.0,-6.0,-108.0
1775973606.046659,0.0,-8.0,-100.0
1775973606.056659,0.0,-8.0,-100.0
1775973606.066659,-2.0,-5.0,-110.0
1775973606.076659,1.0,0.0,-112.0
1775973606.086659,4.0,0.0,-115.0
1775973606.096659,5.0,0.0,-120.0
1775973606.106659,4.0,-2.0,-117.0
1775973606.116659,7.0,-1.0,-110.0
1775973606.126659,2.0,0.0,-109.0
1775973606.136659,0.0,-1.0,-113.0
1775973606.146659,-1.0,1.0,-109.0
1775973606.156659,-1.0,3.0,-112.0
1775973606.1666589,-1.0,-1.0,-116.0
1775973606.1766589,-1.0,-2.0,-112.0
1775973606.1866589,-3.0,-3.0,-115.0
1775973606.1966588,0.0,-1.0,-111.0
1775973606.2066588,-2.0,-1.0,-105.0
1775973606.2166588,3.0,-2.0,-102.0
1775973606.2266588,7.0,-1.0,-104.0
1775973606.2366588,0.0,0.0,-101.0
1775973606.2466588,1.0,-2.0,-105.0
1775973606.2566588,0.0,-4.0,-111.0
1775973606.267659,4.0,-4.0,-113.0
1775973606.2766588,3.0,-5.0,-117.0
1775973606.2866588,2.0,-2.0,-112.0
1775973606.296659,1.0,0.0,-106.0
1775973606.306659,2.0,-3.0,-103.0
1775973606.316659,6.0,-2.0,-109.0
1775973606.326659,4.0,0.0,-110.0
1775973606.336659,6.0,0.0,-106.0
1775973606.346659,5.0,-4.0,-98.0
1775973606.356659,3.0,-5.0,-102.0
1775973606.366659,4.0,-7.0,-100.0
1775973606.376659,1.0,-8.0,-101.0
1775973606.386659,2.0,-7.0,-104.0
1775973606.396659,0.0,-5.0,-113.0
1775973606.406659,-2.0,-6.0,-114.0
1775973606.4166589,0.0,-6.0,-113.0
1775973606.4266589,-2.0,0.0,-112.0
1775973606.4366589,1.0,-1.0,-116.0
1775973606.4466588,2.0,-1.0,-119.0
1775973606.4576588,0.0,0.0,-119.0
1775973606.4676588,1.0,2.0,-110.0
1775973606.477659,-1.0,0.0,-104.0
1775973606.487659,0.0,1.0,-105.0
1775973606.497659,-2.0,1.0,-110.0
1775973606.507659,-1.0,0.0,-114.0
1775973606.517659,-2.0,0.0,-122.0
1775973606.527659,-5.0,-2.0,-125.0
1775973606.537659,-1.0,1.0,-111.0
1775973606.547659,0.0,1.0,-107.0
1775973606.557659,0.0,1.0,-104.0
1775973606.567659,-1.0,-2.0,-104.0
1775973606.577659,-1.0,-3.0,-110.0
1775973606.587659,-1.0,-7.0,-112.0
1775973606.5976589,-1.0,-8.0,-121.0
1775973606.6076589,0.0,-6.0,-117.0
1775973606.6176589,-2.0,-4.0,-121.0
1775973606.6276588,0.0,-1.0,-125.0
1775973606.6376588,0.0,-2.0,-118.0
1775973606.6476588,0.0,-1.0,-107.0
1775973606.6576588,0.0,-5.0,-107.0
1775973606.6676588,-2.0,-2.0,-106.0
1775973606.6776588,-3.0,0.0,-109.0
1775973606.6876588,-2.0,2.0,-105.0
1775973606.6976588,-3.0,2.0,-109.0
1775973606.7076588,1.0,0.0,-115.0
1775973606.7176588,-1.0,-4.0,-110.0
1775973606.727659,-4.0,-7.0,-102.0
1775973606.737659,-4.0,-6.0,-99.0
1775973606.747659,0.0,-6.0,-100.0
1775973606.757659,1.0,-4.0,-100.0
1775973606.767659,2.0,-2.0,-98.0
1775973606.777659,1.0,-6.0,-96.0
1775973606.787659,2.0,-8.0,-99.0
1775973606.797659,-2.0,-5.0,-106.0
1775973606.807659,-2.0,-2.0,-98.0
1775973606.817659,-2.0,-1.0,-102.0
1775973606.827659,-4.0,-2.0,-103.0
1775973606.837659,-3.0,-1.0,-103.0
1775973606.8476589,-2.0,0.0,-101.0
1775973606.8576589,-3.0,0.0,-101.0
1775973606.8676589,0.0,1.0,-105.0
1775973606.8776588,-1.0,-2.0,-104.0
1775973606.8876588,-3.0,-2.0,-108.0
1775973606.8976588,-2.0,0.0,-111.0
1775973606.9076588,-1.0,0.0,-107.0
1775973606.9176588,-3.0,-1.0,-108.0
1775973606.9276588,0.0,-1.0,-115.0
1775973606.9376588,0.0,-1.0,-116.0
1775973606.9476588,-2.0,1.0,-121.0
1775973606.9576588,1.0,6.0,-116.0
1775973606.9676588,3.0,6.0,-112.0
1775973606.977659,3.0,2.0,-104.0
1775973606.987659,2.0,-2.0,-100.0
1775973606.997659,0.0,-6.0,-101.0
1775973607.007659,-1.0,-6.0,-105.0
1775973607.017659,-4.0,-4.0,-112.0
1775973607.027659,-7.0,-2.0,-115.0
1775973607.037659,-9.0,0.0,-115.0
1775973607.047659,-6.0,-2.0,-111.0
1775973607.057659,-1.0,1.0,-119.0
1775973607.067659,0.0,0.0,-113.0
1775973607.077659,1.0,-2.0,-108.0
1775973607.087659,0.0,-1.0,-100.0
1775973607.0976589,-4.0,1.0,-101.0
1775973607.1076589,-4.0,0.0,-107.0
1775973607.1176589,-8.0,-3.0,-113.0
1775973607.1276588,-9.0,-7.0,-106.0
1775973607.1376588,-4.0,0.0,-107.0
1775973607.1476588,-2.0,-1.0,-103.0
1775973607.1576588,-2.0,-3.0,-104.0
1775973607.1676588,-1.0,-3.0,-106.0
1775973607.1776588,0.0,0.0,-97.0
1775973607.1876588,1.0,2.0,-99.0
1775973607.1976588,1.0,-2.0,-99.0
1775973607.2076588,0.0,-2.0,-103.0
1775973607.2176588,2.0,0.0,-104.0
1775973607.227659,2.0,-4.0,-102.0
1775973607.237659,-1.0,-6.0,-107.0
1775973607.247659,0.0,-3.0,-101.0
1775973607.257659,-4.0,-3.0,-100.0
1775973607.267659,-4.0,0.0,-104.0
1775973607.277659,5.0,-1.0,-110.0
1775973607.287659,9.0,-4.0,-116.0
1775973607.297659,6.0,-2.0,-114.0
1775973607.307659,3.0,-2.0,-104.0
1775973607.317659,2.0,-3.0,-103.0
1775973607.327659,0.0,-2.0,-108.0
1775973607.337659,0.0,-1.0,-108.0
1775973607.3476589,-7.0,-2.0,-109.0
1775973607.3576589,-5.0,-4.0,-102.0
1775973607.3676589,-5.0,-3.0,-108.0
1775973607.3776588,-2.0,-2.0,-115.0
1775973607.3876588,0.0,-2.0,-112.0
1775973607.3976588,-2.0,1.0,-113.0
1775973607.4076588,-2.0,-4.0,-120.0
1775973607.4176588,0.0,-3.0,-114.0
1775973607.4276588,-2.0,-5.0,-112.0
1775973607.4376588,-1.0,-5.0,-109.0
1775973607.4476588,0.0,-6.0,-111.0
1775973607.4576588,-3.0,-5.0,-119.0
1775973607.4676588,-1.0,-7.0,-121.0
1775973607.477659,0.0,-6.0,-120.0
1775973607.487659,6.0,-6.0,-115.0
1775973607.497659,6.0,-2.0,-117.0
1775973607.507659,2.0,0.0,-116.0
1775973607.517659,1.0,0.0,-112.0
1775973607.527659,0.0,0.0,-108.0
1775973607.537659,-2.0,3.0,-108.0
1775973607.547659,1.0,3.0,-103.0
1775973607.557659,1.0,4.0,-108.0
1775973607.567659,0.0,1.0,-111.0
1775973607.577659,-3.0,3.0,-111.0
1775973607.587659,-5.0,3.0,-112.0
1775973607.5976589,1.0,7.0,-106.0
1775973607.6076589,0.0,3.0,-107.0
1775973607.6176589,-1.0,1.0,-107.0
1775973607.6276588,-3.0,2.0,-102.0
1775973607.6376588,-1.0,2.0,-99.0
1775973607.6476588,-1.0,0.0,-107.0
1775973607.6576588,1.0,-1.0,-115.0
1775973607.6676588,3.0,-1.0,-119.0
1775973607.6776588,6.0,3.0,-119.0
1775973607.6876588,6.0,2.0,-118.0
1775973607.6976588,2.0,-2.0,-117.0
1775973607.7076588,4.0,-3.0,-114.0
1775973607.7176588,5.0,0.0,-116.0
1775973607.727659,5.0,5.0,-121.0
1775973607.737659,3.0,5.0,-108.0
1775973607.747659,1.0,1.0,-98.0
1775973607.757659,1.0,-2.0,-101.0
1775973607.767659,2.0,0.0,-106.0
1775973607.777659,-3.0,-1.0,-103.0
1775973607.787659,3.0,-2.0,-109.0
1775973607.797659,4.0,-3.0,-109.0
1775973607.807659,1.0,0.0,-104.0
1775973607.817659,0.0,1.0,-102.0
1775973607.827659,-2.0,2.0,-107.0
1775973607.837659,0.0,0.0,-106.0
1775973607.8476589,3.0,-1.0,-105.0
1775973607.8576589,5.0,-2.0,-102.0
1775973607.8676589,4.0,-5.0,-99.0
1775973607.8776588,10.0,-4.0,-104.0
1775973607.8876588,8.0,-3.0,-103.0
1775973607.8976588,6.0,-2.0,-99.0
1775973607.9076588,8.0,-2.0,-99.0
1775973607.9176588,2.0,-5.0,-100.0
1775973607.9276588,1.0,-7.0,-102.0
1775973607.9376588,2.0,-5.0,-109.0
1775973607.9476588,1.0,-7.0,-105.0
1775973607.9576588,7.0,-3.0,-100.0
1775973607.9676588,3.0,-1.0,-98.0
1775973607.977659,8.0,1.0,-106.0
1775973607.987659,6.0,4.0,-110.0
1775973607.997659,2.0,4.0,-118.0
1775973608.007659,0.0,5.0,-113.0
1775973608.017659,-1.0,7.0,-109.0
1775973608.027659,0.0,3.0,-111.0
1775973608.037659,-5.0,4.0,-112.0
1775973608.047659,-4.0,0.0,-112.0
1775973608.057659,-8.0,-3.0,-112.0
1775973608.067659,-7.0,0.0,-112.0
1775973608.077659,-2.0,3.0,-108.0
1775973608.087659,0.0,3.0,-107.0
1775973608.0976589,3.0,0.0,-108.0
1775973608.1076589,1.0,1.0,-107.0
1775973608.1176589,2.0,2.0,-110.0
1775973608.1276588,2.0,-2.0,-107.0
1775973608.1376588,4.0,0.0,-108.0
1775973608.1476588,7.0,-1.0,-99.0
1775973608.1576588,2.0,-3.0,-95.0
1775973608.1676588,3.0,-1.0,-97.0
1775973608.1776588,0.0,-2.0,-100.0
1775973608.1876588,1.0,-5.0,-106.0
1775973608.1976588,0.0,0.0,-111.0
1775973608.2076588,0.0,2.0,-109.0
1775973608.2176588,0.0,2.0,-106.0
1775973608.227659,-3.0,0.0,-104.0
1775973608.237659,-4.0,0.0,-108.0
1775973608.247659,-1.0,-4.0,-106.0
1775973608.257659,-5.0,-1.0,-100.0
1775973608.267659,-4.0,-1.0,-109.0
1775973608.277659,-4.0,0.0,-109.0
1775973608.287659,-1.0,1.0,-108.0
1775973608.297659,1.0,0.0,-108.0
1775973608.307659,3.0,0.0,-108.0
1775973608.317659,3.0,0.0,-104.0
1775973608.327659,4.0,-1.0,-98.0
1775973608.337659,2.0,1.0,-91.0
1775973608.3476589,6.0,2.0,-99.0
1775973608.3576589,3.0,3.0,-108.0
1775973608.3676589,1.0,3.0,-108.0
1775973608.3776588,-3.0,-1.0,-108.0
1775973608.3876588,-5.0,-3.0,-107.0
1775973608.3976588,-8.0,-5.0,-105.0
1775973608.4076588,-5.0,-5.0,-101.0
1775973608.4176588,-1.0,-7.0,-108.0
1775973608.4276588,-1.0,-7.0,-111.0
1775973608.4376588,0.0,-9.0,-111.0
1775973608.4476588,-1.0,-5.0,-115.0
1775973608.4576588,-4.0,-6.0,-106.0
1775973608.4676588,-1.0,-3.0,-103.0
1775973608.477659,0.0,0.0,-99.0
1775973608.487659,0.0,-1.0,-98.0
1775973608.497659,1.0,-2.0,-97.0
1775973608.507659,0.0,-2.0,-99.0
1775973608.517659,0.0,-1.0,-106.0
1775973608.5286589,-3.0,0.0,-102.0
1775973608.5386589,-3.0,0.0,-99.0
1775973608.5486588,0.0,-4.0,-105.0
1775973608.5586588,5.0,-4.0,-102.0
1775973608.5686588,9.0,-2.0,-104.0
1775973608.5786588,9.0,0.0,-104.0
1775973608.5886588,5.0,0.0,-101.0
1775973608.5986588,0.0,-1.0,-105.0
1775973608.6086588,0.0,0.0,-113.0
1775973608.6186588,4.0,-1.0,-113.0
1775973608.6286588,0.0,0.0,-113.0
1775973608.6386588,3.0,0.0,-109.0
1775973608.648659,4.0,0.0,-109.0
1775973608.658659,5.0,3.0,-106.0
1775973608.668659,5.0,3.0,-110.0
1775973608.678659,6.0,2.0,-110.0
1775973608.688659,4.0,0.0,-106.0
1775973608.698659,3.0,0.0,-99.0
1775973608.708659,2.0,2.0,-92.0
1775973608.718659,0.0,1.0,-100.0
1775973608.728659,1.0,2.0,-101.0
1775973608.738659,1.0,-1.0,-100.0
1775973608.748659,-1.0,2.0,-106.0
1775973608.758659,-6.0,2.0,-117.0
1775973608.7686589,-8.0,0.0,-118.0
1775973608.7786589,-3.0,2.0,-114.0
1775973608.7886589,0.0,-1.0,-116.0
1775973608.7986588,1.0,1.0,-114.0
1775973608.8086588,1.0,2.0,-107.0
1775973608.8186588,2.0,5.0,-108.0
1775973608.8286588,0.0,5.0,-108.0
1775973608.8386588,0.0,7.0,-116.0
1775973608.8486588,-2.0,3.0,-111.0
1775973608.8586588,-5.0,-2.0,-106.0
1775973608.8686588,-6.0,-2.0,-108.0
1775973608.8786588,-7.0,-2.0,-106.0
1775973608.8886588,-4.0,-3.0,-111.0
1775973608.898659,-8.0,-4.0,-114.0
1775973608.908659,-6.0,-1.0,-113.0
1775973608.918659,-4.0,-3.0,-115.0
1775973608.928659,-3.0,-2.0,-115.0
1775973608.938659,-3.0,1.0,-119.0
1775973608.948659,-2.0,6.0,-111.0
1775973608.958659,-1.0,2.0,-112.0
1775973608.968659,-1.0,0.0,-112.0
1775973608.978659,-4.0,2.0,-116.0
1775973608.988659,4.0,4.0,-108.0
1775973608.998659,4.0,3.0,-105.0
1775973609.008659,7.0,4.0,-104.0
1775973609.0186589,0.0,2.0,-97.0
1775973609.0286589,0.0,-1.0,-102.0
1775973609.0386589,-3.0,0.0,-105.0
1775973609.0486588,-4.0,0.0,-105.0
1775973609.0586588,-2.0,0.0,-101.0
1775973609.0686588,1.0,1.0,-105.0
1775973609.0786588,-1.0,2.0,-119.0
1775973609.0886588,0.0,-2.0,-112.0
1775973609.0986588,2.0,-6.0,-109.0
1775973609.1086588,1.0,-5.0,-113.0
1775973609.1186588,3.0,-5.0,-114.0
1775973609.1286588,5.0,-4.0,-114.0
1775973609.1386588,3.0,-1.0,-111.0
1775973609.148659,3.0,-2.0,-112.0
1775973609.158659,5.0,-3.0,-109.0
1775973609.168659,5.0,-7.0,-109.0
1775973609.178659,6.0,-7.0,-105.0
1775973609.188659,0.0,-4.0,-106.0
1775973609.198659,1.0,-2.0,-109.0
1775973609.208659,1.0,-4.0,-107.0
1775973609.218659,0.0,1.0,-111.0
1775973609.228659,0.0,2.0,-100.0
1775973609.238659,1.0,0.0,-103.0
1775973609.248659,0.0,-3.0,-105.0
1775973609.258659,4.0,0.0,-105.0
1775973609.2686589,2.0,-2.0,-101.0
1775973609.2786589,4.0,0.0,-93.0
1775973609.2886589,4.0,-3.0,-97.0
1775973609.2986588,3.0,-3.0,-95.0
1775973609.3086588,5.0,3.0,-98.0
1775973609.3186588,5.0,2.0,-100.0
1775973609.3286588,6.0,3.0,-101.0
1775973609.3386588,7.0,1.0,-102.0
1775973609.3486588,0.0,0.0,-103.0
1775973609.3586588,-2.0,1.0,-107.0
1775973609.3686588,2.0,0.0,-104.0
1775973609.3786588,0.0,3.0,-105.0
1775973609.3886588,0.0,6.0,-105.0
1775973609.398659,2.0,7.0,-108.0
1775973609.408659,0.0,3.0,-105.0
1775973609.418659,-1.0,2.0,-113.0
1775973609.428659,0.0,-2.0,-109.0
1775973609.438659,1.0,0.0,-112.0
1775973609.448659,-1.0,0.0,-114.0
1775973609.458659,7.0,3.0,-112.0
1775973609.468659,2.0,7.0,-115.0
1775973609.478659,-1.0,5.0,-112.0
1775973609.488659,-1.0,9.0,-109.0
1775973609.498659,-5.0,5.0,-104.0
1775973609.508659,-2.0,5.0,-107.0
1775973609.5186589,-2.0,4.0,-102.0
1775973609.5286589,-3.0,1.0,-103.0
1775973609.5386589,-2.0,0.0,-104.0
1775973609.5486588,-1.0,1.0,-98.0
1775973609.5586588,3.0,2.0,-101.0
1775973609.5686588,2.0,2.0,-96.0
1775973609.5786588,2.0,2.0,-107.0
1775973609.5886588,-1.0,2.0,-113.0
1775973609.5986588,-2.0,2.0,-115.0
1775973609.6086588,-5.0,-1.0,-110.0
1775973609.6186588,-5.0,-4.0,-106.0
1775973609.6286588,-3.0,-5.0,-105.0
1775973609.6386588,0.0,-5.0,-107.0
1775973609.648659,-3.0,-4.0,-107.0
1775973609.658659,-5.0,-4.0,-109.0
1775973609.668659,-7.0,-5.0,-109.0
1775973609.678659,0.0,-4.0,-110.0
1775973609.688659,0.0,-2.0,-108.0
1775973609.698659,-1.0,-3.0,-107.0
1775973609.708659,0.0,-3.0,-109.0
1775973609.718659,-4.0,0.0,-110.0
1775973609.728659,3.0,3.0,-109.0
1775973609.738659,0.0,0.0,-108.0
1775973609.748659,-1.0,-1.0,-107.0
1775973609.758659,-1.0,-1.0,-103.0
1775973609.7686589,0.0,-4.0,-101.0
1775973609.7786589,-1.0,-2.0,-101.0
1775973609.7886589,-1.0,0.0,-105.0
1775973609.7986588,-2.0,0.0,-102.0
1775973609.8086588,-2.0,3.0,-104.0
1775973609.8186588,-1.0,1.0,-103.0
1775973609.8286588,0.0,-1.0,-104.0
1775973609.8386588,-1.0,-6.0,-103.0
1775973609.8486588,1.0,-6.0,-102.0
1775973609.8586588,1.0,-4.0,-105.0
1775973609.8686588,3.0,-4.0,-106.0
1775973609.8786588,2.0,-4.0,-114.0
1775973609.8886588,0.0,-5.0,-114.0
1775973609.898659,-1.0,-3.0,-116.0
1775973609.908659,-8.0,0.0,-109.0
1775973609.918659,-6.0,0.0,-106.0
1775973609.928659,-5.0,-4.0,-107.0
1775973609.938659,-5.0,-2.0,-108.0
1775973609.948659,-8.0,-3.0,-111.0
1775973609.958659,-4.0,-5.0,-112.0
1775973609.968659,-2.0,-7.0,-112.0
1775973609.978659,-6.0,-2.0,-114.0
1775973609.988659,-11.0,4.0,-115.0
1775973609.998659,-10.0,4.0,-106.0
1775973610.008659,-7.0,2.0,-110.0
1775973610.0186589,-3.0,6.0,-112.0
1775973610.0286589,-1.0,10.0,-111.0
1775973610.0386589,-7.0,9.0,-111.0
1775973610.0486588,-3.0,8.0,-107.0
1775973610.0586588,3.0,5.0,-108.0
1775973610.0686588,6.0,4.0,-106.0
1775973610.0786588,8.0,3.0,-109.0
1775973610.0886588,4.0,4.0,-112.0
1775973610.0986588,5.0,5.0,-113.0
1775973610.1086588,0.0,5.0,-113.0
1775973610.1186588,-2.0,4.0,-121.0
1775973610.1286588,-3.0,1.0,-122.0
1775973610.1386588,0.0,0.0,-119.0
1775973610.148659,0.0,0.0,-112.0
1775973610.158659,3.0,-5.0,-108.0
1775973610.168659,3.0,-1.0,-108.0
1775973610.178659,0.0,1.0,-105.0
1775973610.188659,-3.0,2.0,-105.0
1775973610.198659,-4.0,1.0,-103.0
1775973610.208659,1.0,1.0,-110.0
1775973610.218659,0.0,0.0,-105.0
1775973610.228659,-1.0,5.0,-107.0
1775973610.238659,-3.0,0.0,-110.0
1775973610.248659,-3.0,-1.0,-113.0
1775973610.258659,3.0,-4.0,-115.0
1775973610.2686589,6.0,0.0,-112.0
1775973610.2786589,2.0,-1.0,-116.0
1775973610.2886589,0.0,-5.0,-114.0
1775973610.2986588,3.0,-4.0,-109.0
1775973610.3086588,1.0,0.0,-102.0
1775973610.3186588,1.0,-2.0,-108.0
1775973610.3286588,-1.0,-4.0,-107.0
1775973610.3386588,-1.0,-2.0,-105.0
1775973610.3486588,0.0,1.0,-110.0
1775973610.3586588,0.0,-1.0,-110.0
1775973610.3686588,2.0,-5.0,-102.0
1775973610.3786588,0.0,0.0,-108.0
1775973610.3886588,3.0,1.0,-109.0
1775973610.398659,3.0,0.0,-103.0
1775973610.408659,1.0,1.0,-100.0
1775973610.418659,1.0,0.0,-100.0
1775973610.428659,0.0,0.0,-104.0
1775973610.438659,-5.0,0.0,-106.0
1775973610.448659,-2.0,0.0,-109.0
1775973610.458659,-2.0,2.0,-110.0
1775973610.468659,0.0,-1.0,-109.0
1775973610.478659,-1.0,-4.0,-116.0
1775973610.488659,6.0,0.0,-116.0
1775973610.498659,4.0,0.0,-115.0
1775973610.508659,0.0,1.0,-112.0
1775973610.5186589,3.0,5.0,-114.0
1775973610.5286589,-1.0,7.0,-108.0
1775973610.5386589,1.0,7.0,-111.0
1775973610.5486588,0.0,5.0,-111.0
1775973610.5596588,-2.0,0.0,-113.0
1775973610.569659,0.0,0.0,-111.0
1775973610.579659,2.0,4.0,-114.0
1775973610.5886588,0.0,1.0,-113.0
1775973610.599659,0.0,4.0,-109.0
1775973610.609659,1.0,3.0,-107.0
1775973610.619659,0.0,3.0,-104.0
1775973610.629659,2.0,3.0,-101.0
1775973610.639659,3.0,1.0,-105.0
1775973610.649659,0.0,1.0,-108.0
1775973610.659659,1.0,0.0,-114.0
1775973610.669659,3.0,-4.0,-109.0
1775973610.679659,3.0,-7.0,-110.0
1775973610.6896589,4.0,-3.0,-109.0
1775973610.6996589,5.0,-4.0,-112.0
1775973610.7096589,5.0,-2.0,-112.0
1775973610.7196589,7.0,-2.0,-106.0
1775973610.7296588,5.0,0.0,-94.0
1775973610.7396588,8.0,1.0,-94.0
1775973610.7496588,8.0,-2.0,-102.0
1775973610.7596588,10.0,-5.0,-101.0
1775973610.7696588,3.0,-5.0,-101.0
1775973610.7796588,0.0,-1.0,-104.0
1775973610.7896588,5.0,-1.0,-106.0
1775973610.7996588,3.0,-1.0,-110.0
1775973610.8096588,1.0,0.0,-103.0
1775973610.819659,0.0,0.0,-104.0
1775973610.829659,0.0,0.0,-105.0
1775973610.839659,-3.0,-2.0,-96.0
1775973610.849659,-5.0,-4.0,-99.0
1775973610.859659,0.0,-1.0,-100.0
1775973610.869659,-1.0,0.0,-101.0
1775973610.879659,-2.0,1.0,-105.0
1775973610.889659,-5.0,0.0,-101.0
1775973610.899659,-5.0,3.0,-100.0
1775973610.909659,-3.0,-1.0,-97.0
1775973610.919659,-1.0,0.0,-100.0
1775973610.929659,-1.0,-1.0,-109.0
1775973610.9396589,1.0,-3.0,-106.0
1775973610.9496589,0.0,-3.0,-113.0
1775973610.9596589,2.0,-1.0,-115.0
1775973610.9696589,0.0,0.0,-110.0
1775973610.9796588,5.0,1.0,-109.0
1775973610.9896588,6.0,1.0,-110.0
1775973610.9996588,2.0,0.0,-113.0
1775973611.0096588,0.0,1.0,-111.0
1775973611.0196588,-4.0,0.0,-107.0
1775973611.0296588,-7.0,-5.0,-112.0
1775973611.0396588,-4.0,-2.0,-109.0
1775973611.0496588,0.0,0.0,-113.0
1775973611.0596588,0.0,-1.0,-114.0
1775973611.069659,-1.0,1.0,-111.0
1775973611.080659,3.0,3.0,-111.0
1775973611.089659,4.0,4.0,-107.0
1775973611.099659,2.0,7.0,-116.0
1775973611.109659,2.0,8.0,-119.0
1775973611.119659,2.0,10.0,-117.0
1775973611.129659,1.0,4.0,-113.0
1775973611.139659,1.0,3.0,-104.0
1775973611.149659,1.0,4.0,-101.0
1775973611.159659,-1.0,4.0,-99.0
1775973611.169659,-2.0,0.0,-101.0
1775973611.179659,0.0,3.0,-101.0
1775973611.1896589,-2.0,-1.0,-102.0
1775973611.1996589,-1.0,-3.0,-107.0
1775973611.2096589,-4.0,-4.0,-113.0
1775973611.2196589,-1.0,-5.0,-110.0
1775973611.2296588,3.0,-7.0,-110.0
1775973611.2396588,2.0,-3.0,-117.0
1775973611.2496588,4.0,0.0,-114.0
1775973611.2596588,4.0,0.0,-110.0
1775973611.2696588,3.0,0.0,-109.0
1775973611.2796588,1.0,-1.0,-105.0
1775973611.2896588,4.0,-3.0,-107.0
1775973611.2996588,0.0,-4.0,-105.0
1775973611.3096588,-2.0,-7.0,-108.0
1775973611.319659,-3.0,-4.0,-108.0
1775973611.329659,-1.0,-5.0,-108.0
1775973611.339659,0.0,-3.0,-106.0
1775973611.350659,-3.0,-2.0,-104.0
1775973611.359659,-6.0,0.0,-109.0
1775973611.369659,-2.0,2.0,-109.0
1775973611.379659,1.0,0.0,-110.0
1775973611.389659,1.0,0.0,-114.0
1775973611.399659,0.0,3.0,-117.0
1775973611.409659,2.0,0.0,-116.0
1775973611.419659,-2.0,-1.0,-116.0
1775973611.429659,-4.0,-6.0,-106.0
1775973611.4396589,-1.0,-6.0,-103.0
1775973611.4496589,0.0,-5.0,-102.0
1775973611.4596589,2.0,-2.0,-96.0
1775973611.4696589,3.0,-3.0,-96.0
1775973611.4796588,2.0,-5.0,-99.0
1775973611.4896588,5.0,-2.0,-101.0
1775973611.4996588,1.0,-1.0,-101.0
1775973611.5096588,1.0,-2.0,-100.0
1775973611.5196588,5.0,-2.0,-105.0
1775973611.5296588,5.0,-5.0,-112.0
1775973611.5396588,2.0,-2.0,-109.0
1775973611.5496588,-1.0,-2.0,-112.0
1775973611.5596588,-4.0,-1.0,-116.0
1775973611.569659,-2.0,-2.0,-116.0
1775973611.579659,-1.0,1.0,-113.0
1775973611.589659,0.0,3.0,-113.0
1775973611.599659,1.0,1.0,-116.0
1775973611.609659,0.0,-1.0,-114.0
1775973611.619659,2.0,0.0,-106.0
1775973611.629659,7.0,-4.0,-111.0
1775973611.639659,7.0,0.0,-106.0
1775973611.649659,6.0,-1.0,-112.0
1775973611.659659,10.0,-2.0,-112.0
1775973611.669659,13.0,-2.0,-115.0
1775973611.679659,10.0,-5.0,-115.0
1775973611.6896589,7.0,-4.0,-109.0
1775973611.6996589,7.0,-2.0,-101.0
1775973611.7096589,3.0,-2.0,-99.0
1775973611.7196589,3.0,0.0,-101.0
1775973611.7296588,-1.0,1.0,-105.0
1775973611.7396588,0.0,0.0,-113.0
1775973611.7496588,-2.0,1.0,-118.0
1775973611.7596588,-4.0,3.0,-116.0
1775973611.7696588,0.0,2.0,-118.0
1775973611.7796588,4.0,0.0,-114.0
1775973611.7896588,0.0,-1.0,-115.0
1775973611.7996588,-1.0,3.0,-120.0
1775973611.8096588,-3.0,6.0,-117.0
1775973611.819659,-6.0,5.0,-110.0
1775973611.829659,-8.0,4.0,-110.0
1775973611.839659,-6.0,4.0,-112.0
1775973611.849659,-3.0,3.0,-110.0
1775973611.859659,-6.0,1.0,-111.0
1775973611.869659,-3.0,1.0,-111.0
1775973611.879659,-2.0,-1.0,-113.0
1775973611.889659,-7.0,5.0,-112.0
1775973611.899659,-5.0,2.0,-109.0
1775973611.909659,-3.0,0.0,-111.0
1775973611.919659,-4.0,-5.0,-105.0
1775973611.929659,0.0,0.0,-109.0
1775973611.9396589,2.0,0.0,-110.0
1775973611.9496589,2.0,1.0,-107.0
1775973611.9596589,0.0,4.0,-104.0
1775973611.9696589,-4.0,4.0,-111.0
1775973611.9796588,1.0,0.0,-117.0
1775973611.9896588,1.0,4.0,-115.0
1775973611.9996588,4.0,7.0,-112.0
1775973612.0096588,7.0,5.0,-111.0
1775973612.0196588,5.0,8.0,-109.0
1775973612.0296588,3.0,4.0,-105.0
1775973612.0396588,4.0,1.0,-107.0
1775973612.0496588,2.0,5.0,-104.0
1775973612.0596588,3.0,8.0,-106.0
1775973612.069659,1.0,6.0,-101.0
1775973612.079659,0.0,5.0,-104.0
1775973612.089659,3.0,4.0,-107.0
1775973612.099659,-1.0,4.0,-111.0
1775973612.109659,-4.0,4.0,-112.0
1775973612.119659,-2.0,0.0,-114.0
1775973612.129659,-1.0,3.0,-117.0
1775973612.139659,-2.0,3.0,-112.0
1775973612.149659,0.0,1.0,-106.0
1775973612.159659,-1.0,0.0,-100.0
1775973612.169659,-1.0,0.0,-98.0
1775973612.179659,-6.0,-4.0,-93.0
1775973612.1896589,-4.0,0.0,-95.0
1775973612.1996589,0.0,2.0,-98.0
1775973612.2096589,1.0,-2.0,-104.0
1775973612.2196589,0.0,-1.0,-105.0
1775973612.2296588,0.0,0.0,-109.0
1775973612.2396588,0.0,-3.0,-112.0
1775973612.2496588,1.0,-5.0,-110.0
1775973612.2596588,0.0,-2.0,-110.0
1775973612.2696588,3.0,-4.0,-113.0
1775973612.2796588,2.0,-2.0,-105.0
1775973612.2896588,0.0,-4.0,-105.0
1775973612.2996588,0.0,-4.0,-114.0
1775973612.3096588,0.0,0.0,-107.0
1775973612.319659,5.0,-3.0,-113.0
1775973612.329659,3.0,-3.0,-108.0
1775973612.339659,2.0,-5.0,-101.0
1775973612.349659,1.0,0.0,-104.0
1775973612.359659,1.0,2.0,-108.0
1775973612.369659,0.0,-3.0,-104.0
1775973612.379659,0.0,-5.0,-100.0
1775973612.389659,-3.0,-2.0,-90.0
1775973612.399659,1.0,1.0,-91.0
1775973612.409659,2.0,0.0,-96.0
1775973612.419659,-3.0,0.0,-99.0
1775973612.429659,-3.0,3.0,-96.0
1775973612.4396589,-3.0,0.0,-95.0
1775973612.4496589,-4.0,-1.0,-101.0
1775973612.4596589,-3.0,-4.0,-107.0
1775973612.4696589,-4.0,-3.0,-120.0
1775973612.4796588,0.0,-4.0,-119.0
1775973612.4896588,0.0,0.0,-114.0
1775973612.4996588,2.0,-1.0,-118.0
1775973612.5096588,5.0,0.0,-104.0
1775973612.5196588,7.0,0.0,-99.0
1775973612.5296588,4.0,-2.0,-91.0
1775973612.5396588,6.0,-1.0,-92.0
1775973612.5496588,6.0,-2.0,-98.0
1775973612.5596588,4.0,-4.0,-98.0
1775973612.569659,0.0,-4.0,-103.0
1775973612.579659,-1.0,-4.0,-107.0
1775973612.589659,0.0,-3.0,-110.0
1775973612.599659,4.0,0.0,-114.0
1775973612.610659,3.0,0.0,-117.0
1775973612.6206589,3.0,1.0,-115.0
1775973612.6306589,-1.0,0.0,-113.0
1775973612.6406589,0.0,0.0,-109.0
1775973612.6506588,2.0,4.0,-111.0
1775973612.6606588,2.0,2.0,-116.0
1775973612.6706588,0.0,2.0,-114.0
1775973612.6806588,-2.0,3.0,-112.0
1775973612.6906588,-2.0,-3.0,-110.0
1775973612.7006588,3.0,-3.0,-104.0
1775973612.7106588,-1.0,-7.0,-106.0
1775973612.7206588,0.0,-4.0,-104.0
1775973612.7306588,-2.0,-4.0,-102.0
1775973612.7406588,-3.0,0.0,-102.0
1775973612.750659,-1.0,0.0,-100.0
1775973612.760659,0.0,-2.0,-102.0
1775973612.770659,-2.0,-5.0,-103.0
1775973612.780659,-4.0,-7.0,-104.0
1775973612.790659,-2.0,-10.0,-106.0
1775973612.800659,-9.0,-14.0,-111.0
1775973612.810659,-14.0,-9.0,-111.0
1775973612.820659,-9.0,-6.0,-111.0
1775973612.830659,-10.0,0.0,-109.0
1775973612.840659,-11.0,-2.0,-109.0
1775973612.850659,-14.0,2.0,-112.0
1775973612.860659,-10.0,6.0,-109.0
1775973612.8706589,-8.0,7.0,-100.0
1775973612.8806589,-3.0,5.0,-102.0
1775973612.8906589,-2.0,4.0,-104.0
1775973612.9006588,2.0,4.0,-106.0
1775973612.9106588,3.0,4.0,-111.0
1775973612.9206588,3.0,5.0,-112.0
1775973612.9306588,4.0,4.0,-112.0
1775973612.9406588,0.0,1.0,-117.0
1775973612.9506588,-3.0,2.0,-120.0
1775973612.9606588,-5.0,0.0,-120.0
1775973612.9706588,-2.0,0.0,-126.0
1775973612.9806588,-2.0,1.0,-124.0
1775973612.9906588,0.0,-1.0,-119.0
1775973613.000659,0.0,-2.0,-117.0
1775973613.010659,0.0,-4.0,-106.0
1775973613.020659,0.0,0.0,-101.0
1775973613.030659,-5.0,-2.0,-99.0
1775973613.040659,-5.0,-2.0,-98.0
1775973613.050659,-5.0,-3.0,-103.0
1775973613.060659,-3.0,-1.0,-100.0
1775973613.070659,-6.0,-4.0,-101.0
1775973613.080659,-3.0,-7.0,-103.0
1775973613.090659,1.0,-6.0,-108.0
1775973613.100659,0.0,-4.0,-109.0
1775973613.110659,0.0,-3.0,-109.0
1775973613.1206589,-1.0,-4.0,-100.0
1775973613.1306589,1.0,-1.0,-101.0
1775973613.1406589,1.0,-3.0,-104.0
1775973613.1506588,-1.0,-6.0,-101.0
1775973613.1606588,-4.0,-9.0,-106.0
1775973613.1706588,-4.0,-3.0,-116.0
1775973613.1806588,-4.0,0.0,-115.0
1775973613.1906588,-2.0,0.0,-107.0
1775973613.2006588,-2.0,0.0,-105.0
1775973613.2106588,-2.0,0.0,-100.0
1775973613.2206588,0.0,-2.0,-102.0
1775973613.2306588,0.0,-5.0,-103.0
1775973613.2406588,-2.0,0.0,-105.0
1775973613.250659,-2.0,-1.0,-103.0
1775973613.260659,-3.0,-2.0,-97.0
1775973613.270659,0.0,-1.0,-97.0
1775973613.280659,-2.0,-3.0,-101.0
1775973613.290659,-2.0,0.0,-99.0
1775973613.300659,-2.0,0.0,-100.0
1775973613.310659,6.0,-4.0,-101.0
1775973613.320659,6.0,-3.0,-99.0
1775973613.330659,4.0,-1.0,-99.0
1775973613.340659,1.0,2.0,-104.0
1775973613.350659,2.0,2.0,-105.0
1775973613.360659,0.0,-1.0,-107.0
1775973613.3706589,-2.0,0.0,-103.0
1775973613.3806589,1.0,0.0,-102.0
1775973613.3906589,-2.0,0.0,-107.0
1775973613.4006588,-5.0,-4.0,-110.0
1775973613.4106588,-3.0,-4.0,-115.0
1775973613.4206588,-8.0,-3.0,-119.0
1775973613.4306588,-6.0,-6.0,-117.0
1775973613.4406588,-6.0,-5.0,-117.0
1775973613.4506588,-7.0,-2.0,-121.0
1775973613.4606588,-11.0,-2.0,-121.0
1775973613.4706588,-5.0,-2.0,-117.0
1775973613.4806588,-5.0,-4.0,-113.0
1775973613.4906588,0.0,-1.0,-111.0
1775973613.500659,-1.0,-3.0,-112.0
1775973613.510659,-2.0,-1.0,-108.0
1775973613.520659,0.0,0.0,-108.0
1775973613.530659,-2.0,0.0,-109.0
1775973613.540659,-2.0,0.0,-108.0
1775973613.550659,0.0,0.0,-106.0
1775973613.560659,0.0,1.0,-106.0
1775973613.570659,-2.0,3.0,-103.0
1775973613.580659,0.0,3.0,-105.0
1775973613.590659,1.0,5.0,-111.0
1775973613.600659,0.0,5.0,-107.0
1775973613.610659,-2.0,3.0,-109.0
1775973613.6206589,-4.0,8.0,-107.0
1775973613.6306589,-5.0,3.0,-107.0
1775973613.6406589,-6.0,4.0,-105.0
1775973613.6506588,-8.0,4.0,-106.0
1775973613.6606588,-6.0,1.0,-111.0
1775973613.6706588,-8.0,1.0,-117.0
1775973613.6806588,-5.0,1.0,-110.0
1775973613.6906588,-3.0,2.0,-112.0
1775973613.7006588,-1.0,0.0,-112.0
1775973613.7106588,-1.0,0.0,-109.0
1775973613.7206588,1.0,-3.0,-105.0
1775973613.7306588,0.0,1.0,-108.0
1775973613.7406588,1.0,1.0,-110.0
1775973613.750659,6.0,-1.0,-109.0
1775973613.760659,0.0,-2.0,-98.0
1775973613.770659,2.0,-3.0,-101.0
1775973613.780659,8.0,-4.0,-105.0
1775973613.790659,6.0,-3.0,-105.0
1775973613.800659,6.0,0.0,-115.0
1775973613.810659,4.0,0.0,-108.0
1775973613.820659,5.0,-2.0,-105.0
1775973613.830659,4.0,1.0,-104.0
1775973613.840659,0.0,-2.0,-104.0
1775973613.850659,-2.0,-2.0,-104.0
1775973613.860659,-2.0,0.0,-106.0
1775973613.8706589,0.0,1.0,-108.0
1775973613.8806589,0.0,1.0,-111.0
1775973613.8906589,-1.0,7.0,-112.0
1775973613.9006588,-3.0,9.0,-115.0
1775973613.9106588,-4.0,13.0,-112.0
1775973613.9206588,-4.0,10.0,-100.0
1775973613.9306588,0.0,5.0,-103.0
1775973613.9406588,1.0,0.0,-106.0
1775973613.9506588,-3.0,-1.0,-103.0
1775973613.9606588,-3.0,-1.0,-101.0
1775973613.9706588,-4.0,-1.0,-100.0
1775973613.9806588,-5.0,1.0,-98.0
1775973613.9906588,-3.0,0.0,-101.0
1775973614.000659,-3.0,-3.0,-100.0
1775973614.010659,-2.0,-5.0,-100.0
1775973614.020659,0.0,-2.0,-102.0
1775973614.030659,0.0,-2.0,-106.0
1775973614.040659,0.0,0.0,-103.0
1775973614.050659,-1.0,-2.0,-100.0
1775973614.060659,3.0,-2.0,-100.0
1775973614.070659,5.0,-2.0,-99.0
1775973614.080659,4.0,-1.0,-99.0
1775973614.090659,2.0,1.0,-100.0
1775973614.100659,2.0,3.0,-97.0
1775973614.110659,0.0,0.0,-101.0
1775973614.1206589,4.0,-2.0,-109.0
1775973614.1306589,7.0,0.0,-108.0
1775973614.1406589,11.0,0.0,-104.0
1775973614.1506588,6.0,-3.0,-102.0
1775973614.1606588,6.0,0.0,-101.0
1775973614.1706588,3.0,1.0,-103.0
1775973614.1806588,7.0,0.0,-109.0
1775973614.1906588,3.0,0.0,-112.0
1775973614.2006588,3.0,0.0,-115.0
1775973614.2106588,3.0,-1.0,-111.0
1775973614.2206588,4.0,-4.0,-113.0
1775973614.2306588,5.0,-7.0,-111.0
1775973614.2406588,4.0,-9.0,-114.0
1775973614.250659,1.0,-9.0,-111.0
1775973614.260659,-2.0,-5.0,-110.0
1775973614.270659,-1.0,-5.0,-112.0
1775973614.280659,-3.0,-2.0,-106.0
1775973614.290659,-5.0,0.0,-112.0
1775973614.300659,-3.0,-4.0,-109.0
1775973614.310659,-4.0,-7.0,-109.0
1775973614.320659,-2.0,-11.0,-109.0
1775973614.330659,-3.0,-12.0,-110.0
1775973614.340659,-4.0,-8.0,-107.0
1775973614.350659,-3.0,-3.0,-108.0
1775973614.360659,-3.0,-7.0,-108.0
1775973614.3706589,-2.0,-6.0,-111.0
1775973614.3806589,0.0,-2.0,-109.0
1775973614.3906589,-1.0,1.0,-109.0
1775973614.4006588,-3.0,2.0,-106.0
1775973614.4106588,0.0,2.0,-105.0
1775973614.4206588,1.0,4.0,-109.0
1775973614.4306588,3.0,2.0,-107.0
1775973614.4406588,6.0,0.0,-109.0
1775973614.4506588,5.0,0.0,-107.0
1775973614.4606588,3.0,-3.0,-104.0
1775973614.4706588,0.0,-5.0,-109.0
1775973614.4806588,-1.0,-6.0,-106.0
1775973614.4906588,-1.0,-5.0,-109.0
1775973614.500659,-3.0,-6.0,-112.0
1775973614.510659,-5.0,-2.0,-111.0
1775973614.520659,-5.0,-1.0,-108.0
1775973614.530659,0.0,-2.0,-109.0
1775973614.540659,0.0,-1.0,-113.0
1775973614.550659,-1.0,-1.0,-105.0
1775973614.560659,1.0,-2.0,-109.0
1775973614.570659,2.0,0.0,-113.0
1775973614.580659,3.0,1.0,-113.0
1775973614.590659,0.0,0.0,-118.0
1775973614.600659,5.0,-1.0,-117.0
1775973614.610659,7.0,-6.0,-118.0
1775973614.6206589,12.0,-6.0,-120.0
1775973614.6306589,12.0,-6.0,-114.0
1775973614.6406589,10.0,-7.0,-114.0
1775973614.6506588,6.0,-4.0,-117.0
1775973614.6606588,8.0,-5.0,-118.0
1775973614.671659,11.0,-4.0,-114.0
1775973614.681659,7.0,-4.0,-117.0
1775973614.691659,5.0,-3.0,-110.0
1775973614.7006588,3.0,0.0,-112.0
1775973614.711659,3.0,-3.0,-114.0
1775973614.721659,3.0,0.0,-112.0
1775973614.731659,1.0,-3.0,-111.0
1775973614.741659,-2.0,-2.0,-113.0
1775973614.751659,-9.0,-1.0,-111.0
1775973614.761659,-8.0,-3.0,-113.0
1775973614.771659,-5.0,-5.0,-111.0
1775973614.781659,-2.0,0.0,-119.0
1775973614.7916589,0.0,4.0,-118.0
1775973614.8016589,-1.0,5.0,-120.0
1775973614.8116589,-4.0,0.0,-111.0
1775973614.8216588,-2.0,3.0,-111.0
1775973614.8316588,-3.0,2.0,-108.0
1775973614.8416588,-1.0,0.0,-105.0
1775973614.8516588,-2.0,-1.0,-108.0
1775973614.8616588,-1.0,-3.0,-111.0
1775973614.8716588,0.0,-5.0,-106.0
1775973614.8816588,0.0,-4.0,-98.0
1775973614.8916588,-3.0,-2.0,-99.0
1775973614.9016588,-1.0,0.0,-98.0
1775973614.9116588,0.0,-1.0,-98.0
1775973614.921659,1.0,0.0,-104.0
1775973614.931659,3.0,-2.0,-104.0
1775973614.941659,3.0,-2.0,-101.0
1775973614.951659,1.0,0.0,-104.0
1775973614.961659,-4.0,-3.0,-110.0
1775973614.971659,-1.0,-8.0,-109.0
1775973614.981659,-2.0,-5.0,-107.0
1775973614.991659,-3.0,-6.0,-113.0
1775973615.001659,-1.0,-1.0,-111.0
1775973615.011659,-5.0,-7.0,-111.0
1775973615.021659,0.0,-7.0,-106.0
1775973615.031659,-4.0,-7.0,-101.0
1775973615.0416589,-2.0,-1.0,-101.0
1775973615.0516589,-2.0,1.0,-98.0
1775973615.0616589,0.0,2.0,-101.0
1775973615.0716588,-1.0,2.0,-100.0
1775973615.0816588,-2.0,3.0,-107.0
1775973615.0916588,-5.0,2.0,-113.0
1775973615.1016588,2.0,4.0,-113.0
1775973615.1116588,3.0,5.0,-112.0
1775973615.1216588,-1.0,1.0,-105.0
1775973615.1316588,0.0,0.0,-104.0
1775973615.1416588,0.0,2.0,-97.0
1775973615.1516588,3.0,0.0,-96.0
1775973615.1616588,9.0,0.0,-110.0
1775973615.171659,10.0,1.0,-106.0
1775973615.181659,7.0,0.0,-104.0
1775973615.191659,7.0,-3.0,-113.0
1775973615.201659,1.0,-1.0,-115.0
1775973615.211659,-5.0,0.0,-111.0
1775973615.221659,-11.0,5.0,-110.0
1775973615.231659,-10.0,5.0,-113.0
1775973615.241659,-9.0,2.0,-110.0
1775973615.251659,-15.0,-2.0,-102.0
1775973615.261659,-16.0,1.0,-97.0
1775973615.271659,-11.0,1.0,-98.0
1775973615.281659,-12.0,0.0,-102.0
1775973615.2916589,-5.0,-2.0,-102.0
1775973615.3016589,-2.0,-2.0,-108.0
1775973615.3116589,0.0,-1.0,-108.0
1775973615.3216588,5.0,-2.0,-109.0
1775973615.3316588,3.0,-2.0,-111.0
1775973615.3416588,3.0,0.0,-108.0
1775973615.3516588,4.0,-5.0,-109.0
1775973615.3616588,-1.0,-8.0,-110.0
1775973615.3716588,-4.0,-8.0,-109.0
1775973615.3816588,-4.0,-7.0,-106.0
1775973615.3916588,-4.0,-3.0,-107.0
1775973615.4016588,-6.0,-4.0,-111.0
1775973615.4116588,-8.0,-3.0,-110.0
1775973615.421659,-6.0,-2.0,-105.0
1775973615.431659,-3.0,0.0,-106.0
1775973615.441659,-6.0,1.0,-107.0
1775973615.451659,-6.0,2.0,-111.0
1775973615.461659,-5.0,1.0,-114.0
1775973615.471659,-4.0,3.0,-121.0
1775973615.481659,-2.0,2.0,-120.0
1775973615.491659,-4.0,1.0,-114.0
1775973615.501659,-1.0,2.0,-117.0
1775973615.511659,-5.0,0.0,-120.0
1775973615.521659,-1.0,0.0,-110.0
1775973615.531659,1.0,-1.0,-108.0
1775973615.5416589,2.0,0.0,-106.0
1775973615.5516589,-1.0,-3.0,-115.0
1775973615.5616589,-4.0,-4.0,-108.0
1775973615.5716588,-3.0,-2.0,-106.0
1775973615.5816588,-2.0,0.0,-103.0
1775973615.5916588,0.0,0.0,-101.0
1775973615.6016588,-2.0,-1.0,-99.0
1775973615.6116588,-3.0,-3.0,-93.0
1775973615.6216588,-1.0,-2.0,-95.0
1775973615.6316588,0.0,-1.0,-97.0
1775973615.6416588,-2.0,0.0,-102.0
1775973615.6516588,-6.0,0.0,-108.0
1775973615.6616588,-1.0,-1.0,-108.0
1775973615.671659,-4.0,-4.0,-98.0
1775973615.681659,0.0,-3.0,-95.0
1775973615.691659,-1.0,-3.0,-101.0
1775973615.701659,-2.0,-4.0,-102.0
1775973615.711659,-1.0,-4.0,-107.0
1775973615.721659,-2.0,-5.0,-106.0
1775973615.731659,-5.0,-8.0,-102.0
1775973615.741659,-7.0,-1.0,-100.0
1775973615.751659,-5.0,-4.0,-105.0
1775973615.761659,-4.0,-4.0,-104.0
1775973615.771659,-4.0,0.0,-105.0
1775973615.781659,-2.0,0.0,-114.0
1775973615.7916589,-4.0,-2.0,-111.0
1775973615.8016589,2.0,-1.0,-112.0
1775973615.8116589,4.0,-4.0,-110.0
1775973615.8216588,0.0,-3.0,-110.0
1775973615.8316588,-2.0,-3.0,-110.0
1775973615.8416588,1.0,-8.0,-116.0
1775973615.8516588,1.0,-8.0,-119.0
1775973615.8616588,0.0,-13.0,-118.0
1775973615.8716588,-2.0,-9.0,-120.0
1775973615.8816588,-4.0,-8.0,-122.0
1775973615.8916588,3.0,-8.0,-119.0
1775973615.9016588,4.0,-5.0,-116.0
1775973615.9116588,9.0,-4.0,-116.0
1775973615.921659,9.0,-1.0,-115.0
1775973615.931659,9.0,1.0,-104.0
1775973615.941659,9.0,0.0,-101.0
1775973615.951659,9.0,-3.0,-111.0
1775973615.961659,8.0,-5.0,-111.0
1775973615.971659,3.0,0.0,-105.0
1775973615.981659,-1.0,0.0,-108.0
1775973615.991659,-5.0,0.0,-108.0
1775973616.001659,-3.0,1.0,-108.0
1775973616.011659,0.0,3.0,-111.0
1775973616.021659,3.0,5.0,-100.0
1775973616.031659,1.0,5.0,-103.0
1775973616.0416589,-1.0,1.0,-104.0
1775973616.0516589,0.0,0.0,-112.0
1775973616.0616589,0.0,2.0,-115.0
1775973616.0716588,0.0,0.0,-117.0
1775973616.0816588,2.0,0.0,-115.0
1775973616.0916588,6.0,-3.0,-113.0
1775973616.1016588,1.0,-6.0,-112.0
1775973616.1116588,-2.0,-5.0,-107.0
1775973616.1216588,0.0,-4.0,-108.0
1775973616.1316588,0.0,-5.0,-114.0
1775973616.1416588,-1.0,-5.0,-120.0
1775973616.1516588,-7.0,-3.0,-117.0
1775973616.1616588,-5.0,1.0,-109.0
1775973616.171659,-3.0,4.0,-110.0
1775973616.181659,-6.0,1.0,-105.0
1775973616.191659,-4.0,-1.0,-100.0
1775973616.201659,-1.0,-5.0,-95.0
1775973616.211659,-1.0,-2.0,-102.0
1775973616.221659,4.0,-2.0,-107.0
1775973616.231659,1.0,-2.0,-112.0
1775973616.241659,0.0,-2.0,-115.0
1775973616.251659,1.0,6.0,-113.0
1775973616.261659,2.0,3.0,-107.0
1775973616.271659,0.0,4.0,-103.0
1775973616.281659,-2.0,3.0,-105.0
1775973616.2916589,-9.0,1.0,-105.0
1775973616.3016589,-6.0,1.0,-106.0
1775973616.3116589,-7.0,7.0,-105.0
1775973616.3216588,-6.0,7.0,-113.0
1775973616.3316588,-5.0,7.0,-115.0
1775973616.3416588,-7.0,4.0,-119.0
1775973616.3516588,-4.0,-2.0,-116.0
1775973616.3616588,-7.0,0.0,-113.0
1775973616.3716588,-7.0,2.0,-110.0
1775973616.3816588,-5.0,3.0,-111.0
1775973616.3916588,-7.0,7.0,-114.0
1775973616.4016588,-5.0,-1.0,-113.0
1775973616.4116588,-1.0,-6.0,-112.0
1775973616.421659,1.0,-5.0,-106.0
1775973616.431659,4.0,-7.0,-112.0
1775973616.441659,6.0,-1.0,-104.0
1775973616.451659,5.0,0.0,-105.0
1775973616.461659,7.0,3.0,-108.0
1775973616.471659,7.0,1.0,-108.0
1775973616.481659,4.0,0.0,-104.0
1775973616.491659,4.0,-1.0,-105.0
1775973616.501659,4.0,0.0,-100.0
1775973616.511659,2.0,0.0,-98.0
1775973616.521659,3.0,-3.0,-95.0
1775973616.531659,4.0,-3.0,-99.0
1775973616.5416589,4.0,-5.0,-106.0
1775973616.5516589,2.0,-5.0,-103.0
1775973616.5616589,3.0,-6.0,-102.0
1775973616.5716588,1.0,-2.0,-105.0
1775973616.5816588,1.0,-1.0,-106.0
1775973616.5916588,-2.0,0.0,-106.0
1775973616.6016588,-2.0,2.0,-105.0
1775973616.6116588,-3.0,5.0,-106.0
1775973616.6216588,-3.0,3.0,-109.0
1775973616.6316588,-6.0,4.0,-111.0
1775973616.6416588,-4.0,3.0,-107.0
1775973616.6516588,0.0,0.0,-113.0
1775973616.6616588,0.0,-3.0,-113.0
1775973616.671659,-2.0,-4.0,-113.0
1775973616.681659,0.0,-4.0,-107.0
1775973616.691659,4.0,-2.0,-109.0
1775973616.701659,9.0,3.0,-110.0
1775973616.711659,7.0,5.0,-112.0
1775973616.721659,2.0,2.0,-111.0
1775973616.7326589,0.0,0.0,-110.0
1775973616.7426589,-4.0,3.0,-111.0
1775973616.7526588,-5.0,0.0,-113.0
1775973616.761659,-3.0,-2.0,-114.0
1775973616.7726588,-5.0,-3.0,-113.0
1775973616.7826588,-8.0,-3.0,-114.0
1775973616.7926588,-5.0,1.0,-106.0
1775973616.8026588,-1.0,5.0,-99.0
1775973616.8126588,3.0,4.0,-99.0
1775973616.8226588,3.0,4.0,-91.0
1775973616.8326588,0.0,0.0,-96.0
1775973616.8426588,-3.0,-1.0,-94.0
1775973616.852659,-2.0,-1.0,-100.0
1775973616.862659,-2.0,-3.0,-102.0
1775973616.872659,-2.0,0.0,-101.0
1775973616.882659,-1.0,-2.0,-95.0
1775973616.892659,0.0,1.0,-98.0
1775973616.902659,0.0,3.0,-104.0
1775973616.912659,2.0,4.0,-106.0
1775973616.922659,0.0,5.0,-98.0
1775973616.932659,1.0,6.0,-105.0
1775973616.942659,3.0,8.0,-115.0
1775973616.952659,3.0,7.0,-116.0
1775973616.962659,-3.0,1.0,-113.0
1775973616.9726589,-8.0,0.0,-110.0
1775973616.9826589,-12.0,-4.0,-109.0
1775973616.9926589,-9.0,-9.0,-108.0
1775973617.0026588,-8.0,-6.0,-106.0
1775973617.0126588,-7.0,-4.0,-108.0
1775973617.0226588,-2.0,-4.0,-108.0
1775973617.0326588,1.0,-2.0,-111.0
1775973617.0426588,-3.0,0.0,-112.0
1775973617.0526588,-6.0,-1.0,-113.0
1775973617.0626588,-6.0,-1.0,-113.0
1775973617.0726588,-6.0,3.0,-110.0
1775973617.0826588,-3.0,1.0,-106.0
1775973617.0926588,-2.0,4.0,-111.0
1775973617.102659,-7.0,1.0,-109.0
1775973617.112659,-3.0,4.0,-114.0
1775973617.122659,0.0,5.0,-120.0
1775973617.132659,-1.0,6.0,-115.0
1775973617.142659,0.0,7.0,-108.0
1775973617.152659,1.0,4.0,-101.0
1775973617.162659,-3.0,-1.0,-97.0
1775973617.172659,0.0,-1.0,-95.0
1775973617.182659,-2.0,-2.0,-96.0
1775973617.192659,0.0,-3.0,-99.0
1775973617.202659,2.0,-3.0,-103.0
1775973617.212659,4.0,2.0,-103.0
1775973617.2226589,4.0,1.0,-107.0
1775973617.2326589,1.0,-4.0,-109.0
1775973617.2426589,1.0,-2.0,-103.0
1775973617.2526588,-1.0,-3.0,-107.0
1775973617.2626588,-4.0,-7.0,-107.0
1775973617.2726588,-4.0,-3.0,-105.0
1775973617.2826588,0.0,0.0,-103.0
1775973617.2926588,-1.0,0.0,-105.0
1775973617.3026588,0.0,-1.0,-109.0
1775973617.3126588,0.0,-2.0,-111.0
1775973617.3226588,1.0,-3.0,-115.0
1775973617.3326588,0.0,0.0,-114.0
1775973617.3426588,-1.0,0.0,-113.0
1775973617.352659,-1.0,2.0,-111.0
1775973617.362659,-3.0,3.0,-110.0
1775973617.372659,-6.0,1.0,-103.0
1775973617.382659,-4.0,4.0,-107.0
1775973617.392659,-4.0,2.0,-109.0
1775973617.402659,0.0,0.0,-105.0
1775973617.412659,0.0,-1.0,-106.0
1775973617.422659,0.0,-1.0,-108.0
1775973617.432659,0.0,0.0,-108.0
1775973617.442659,1.0,-1.0,-103.0
1775973617.452659,0.0,-5.0,-100.0
1775973617.462659,0.0,-6.0,-106.0
1775973617.4726589,0.0,-7.0,-106.0
1775973617.4826589,-3.0,-7.0,-105.0
1775973617.4926589,-8.0,-6.0,-108.0
1775973617.5026588,-6.0,-6.0,-113.0
1775973617.5126588,-7.0,-9.0,-114.0
1775973617.5226588,-5.0,-9.0,-113.0
1775973617.5326588,-5.0,-4.0,-115.0
1775973617.5426588,-6.0,0.0,-112.0
1775973617.5526588,-8.0,4.0,-111.0
1775973617.5626588,-9.0,2.0,-113.0
1775973617.5726588,-10.0,2.0,-111.0
1775973617.5826588,-8.0,2.0,-110.0
1775973617.5926588,-4.0,3.0,-113.0
1775973617.602659,-5.0,1.0,-113.0
1775973617.612659,-5.0,2.0,-106.0
1775973617.622659,-3.0,-1.0,-105.0
1775973617.632659,-2.0,0.0,-110.0
1775973617.642659,3.0,6.0,-112.0
1775973617.652659,3.0,6.0,-114.0
1775973617.662659,3.0,2.0,-111.0
1775973617.672659,1.0,0.0,-113.0
1775973617.682659,-1.0,-1.0,-114.0
1775973617.692659,-3.0,0.0,-117.0
1775973617.702659,-6.0,-2.0,-116.0
1775973617.712659,-6.0,-2.0,-110.0
1775973617.7226589,-9.0,-5.0,-110.0
1775973617.7326589,-8.0,-8.0,-103.0
1775973617.7426589,-2.0,-5.0,-110.0
1775973617.7526588,0.0,0.0,-106.0
1775973617.7626588,-2.0,8.0,-105.0
1775973617.7726588,4.0,3.0,-105.0
1775973617.7826588,3.0,-1.0,-110.0
1775973617.7926588,-1.0,2.0,-116.0
1775973617.8026588,-5.0,5.0,-118.0
1775973617.8126588,0.0,2.0,-113.0
1775973617.8226588,1.0,0.0,-112.0
1775973617.8326588,0.0,-2.0,-112.0
1775973617.8426588,0.0,0.0,-116.0
1775973617.852659,5.0,0.0,-121.0
1775973617.862659,1.0,-5.0,-123.0
1775973617.872659,4.0,0.0,-127.0
1775973617.882659,-1.0,1.0,-125.0
1775973617.892659,4.0,6.0,-115.0
1775973617.902659,2.0,1.0,-112.0
1775973617.912659,3.0,1.0,-114.0
1775973617.922659,2.0,-5.0,-109.0
1775973617.932659,2.0,-6.0,-110.0
1775973617.942659,-2.0,-3.0,-107.0
1775973617.952659,-3.0,-6.0,-103.0
1775973617.962659,0.0,-8.0,-106.0
1775973617.9726589,-2.0,-8.0,-104.0
1775973617.9826589,-4.0,-9.0,-112.0
1775973617.9926589,-3.0,-6.0,-111.0
1775973618.0026588,-7.0,-4.0,-105.0
1775973618.0126588,-5.0,-6.0,-105.0
1775973618.0226588,-1.0,-3.0,-108.0
1775973618.0326588,0.0,-2.0,-105.0
1775973618.0426588,4.0,-3.0,-105.0
1775973618.0526588,5.0,-4.0,-109.0
1775973618.0626588,8.0,-5.0,-114.0
1775973618.0726588,7.0,-3.0,-114.0
1775973618.0826588,11.0,-1.0,-111.0
1775973618.0926588,10.0,0.0,-113.0
1775973618.102659,7.0,0.0,-113.0
1775973618.112659,2.0,-2.0,-113.0
1775973618.122659,-4.0,-5.0,-108.0
1775973618.132659,-4.0,-6.0,-102.0
1775973618.142659,-1.0,0.0,-92.0
1775973618.152659,-4.0,-1.0,-92.0
1775973618.162659,-5.0,1.0,-91.0
1775973618.172659,-2.0,2.0,-93.0
1775973618.182659,-1.0,0.0,-91.0
1775973618.192659,0.0,-6.0,-90.0
1775973618.202659,-1.0,-9.0,-93.0
1775973618.212659,-3.0,-6.0,-98.0
1775973618.2226589,-4.0,-4.0,-100.0
1775973618.2326589,-2.0,-4.0,-103.0
1775973618.2426589,-5.0,0.0,-107.0
1775973618.2526588,-3.0,0.0,-106.0
1775973618.2626588,-3.0,0.0,-107.0
1775973618.2726588,-2.0,0.0,-108.0
1775973618.2826588,0.0,-1.0,-109.0
1775973618.2926588,-1.0,1.0,-109.0
1775973618.3026588,-2.0,-4.0,-111.0
1775973618.3126588,-4.0,-5.0,-106.0
1775973618.3226588,-3.0,-3.0,-108.0
1775973618.3326588,-3.0,-2.0,-111.0
1775973618.3426588,-2.0,1.0,-110.0
1775973618.352659,0.0,3.0,-107.0
1775973618.362659,0.0,4.0,-104.0
1775973618.372659,-1.0,3.0,-106.0
1775973618.382659,0.0,3.0,-108.0
1775973618.392659,-1.0,2.0,-112.0
1775973618.402659,-5.0,1.0,-113.0
1775973618.412659,-6.0,1.0,-112.0
1775973618.422659,-4.0,-1.0,-104.0
1775973618.432659,-8.0,0.0,-108.0
1775973618.442659,-5.0,1.0,-108.0
1775973618.452659,-6.0,3.0,-106.0
1775973618.462659,-2.0,4.0,-101.0
1775973618.4726589,-5.0,2.0,-102.0
1775973618.4826589,2.0,0.0,-94.0
1775973618.4926589,1.0,3.0,-99.0
1775973618.5026588,-2.0,5.0,-105.0
1775973618.5126588,-4.0,5.0,-109.0
1775973618.5226588,-2.0,3.0,-102.0
1775973618.5326588,2.0,0.0,-99.0
1775973618.5426588,1.0,-1.0,-94.0
1775973618.5526588,1.0,-3.0,-96.0
1775973618.5626588,1.0,-1.0,-102.0
1775973618.5726588,4.0,-1.0,-110.0
1775973618.5826588,4.0,-1.0,-112.0
1775973618.5926588,1.0,-2.0,-104.0
1775973618.602659,0.0,-6.0,-103.0
1775973618.612659,2.0,-5.0,-105.0
1775973618.622659,-3.0,-4.0,-106.0
1775973618.632659,-3.0,-3.0,-109.0
1775973618.642659,0.0,2.0,-106.0
1775973618.652659,-1.0,1.0,-104.0
1775973618.662659,1.0,3.0,-105.0
1775973618.672659,1.0,4.0,-101.0
1775973618.682659,-1.0,0.0,-100.0
1775973618.692659,0.0,0.0,-97.0
1775973618.702659,0.0,-1.0,-99.0
1775973618.712659,0.0,-7.0,-102.0
1775973618.7226589,-3.0,-6.0,-104.0
1775973618.7326589,-2.0,-3.0,-109.0
1775973618.7426589,1.0,-6.0,-110.0
1775973618.7526588,0.0,-4.0,-109.0
1775973618.7626588,0.0,-6.0,-102.0
1775973618.773659,5.0,-4.0,-101.0
1775973618.783659,9.0,-4.0,-98.0
1775973618.793659,8.0,-3.0,-100.0
1775973618.803659,4.0,-3.0,-96.0
1775973618.813659,6.0,0.0,-100.0
1775973618.823659,4.0,-1.0,-102.0
1775973618.833659,2.0,1.0,-101.0
1775973618.843659,-1.0,0.0,-99.0
1775973618.853659,-2.0,-1.0,-99.0
1775973618.863659,-2.0,0.0,-103.0
1775973618.873659,0.0,2.0,-106.0
1775973618.883659,0.0,2.0,-102.0
1775973618.8936589,0.0,2.0,-98.0
1775973618.9036589,-4.0,1.0,-103.0
1775973618.9136589,-1.0,1.0,-107.0
1775973618.9236588,0.0,0.0,-103.0
1775973618.9336588,-6.0,0.0,-107.0
1775973618.9436588,-5.0,-1.0,-107.0
1775973618.9536588,-2.0,0.0,-114.0
1775973618.9636588,-1.0,0.0,-118.0
1775973618.9736588,2.0,2.0,-111.0
1775973618.9836588,5.0,3.0,-109.0
1775973618.9936588,1.0,2.0,-108.0
1775973619.0036588,0.0,3.0,-107.0
1775973619.0136588,2.0,3.0,-108.0
1775973619.023659,4.0,5.0,-98.0
1775973619.033659,4.0,3.0,-104.0
1775973619.043659,6.0,0.0,-103.0
1775973619.053659,3.0,0.0,-103.0
1775973619.063659,-1.0,-3.0,-107.0
1775973619.073659,-1.0,-2.0,-105.0
1775973619.083659,0.0,-1.0,-102.0
1775973619.093659,5.0,-1.0,-107.0
1775973619.103659,6.0,-2.0,-107.0
1775973619.113659,6.0,-4.0,-110.0
1775973619.123659,7.0,-2.0,-110.0
1775973619.133659,4.0,3.0,-114.0
1775973619.1436589,5.0,4.0,-114.0
1775973619.1536589,0.0,0.0,-116.0
1775973619.1636589,1.0,3.0,-115.0
1775973619.1736588,0.0,4.0,-112.0
1775973619.1836588,-1.0,1.0,-115.0
1775973619.1936588,-4.0,-3.0,-112.0
1775973619.2036588,-4.0,-3.0,-111.0
1775973619.2136588,-2.0,-4.0,-118.0
1775973619.2236588,-1.0,-8.0,-117.0
1775973619.2336588,0.0,-5.0,-114.0
1775973619.2436588,1.0,-5.0,-108.0
1775973619.2536588,-1.0,-5.0,-110.0
1775973619.2636588,-2.0,-2.0,-112.0
1775973619.273659,-1.0,0.0,-117.0
1775973619.283659,-1.0,0.0,-108.0
1775973619.293659,-1.0,-2.0,-107.0
1775973619.303659,-1.0,-3.0,-107.0
1775973619.313659,3.0,0.0,-111.0
1775973619.323659,3.0,-1.0,-111.0
1775973619.333659,3.0,0.0,-109.0
1775973619.343659,2.0,0.0,-106.0
1775973619.353659,3.0,0.0,-106.0
1775973619.363659,4.0,-3.0,-104.0
1775973619.373659,0.0,-1.0,-95.0
1775973619.383659,-1.0,1.0,-98.0
1775973619.3936589,-1.0,1.0,-101.0
1775973619.4036589,-2.0,8.0,-104.0
1775973619.4136589,-1.0,7.0,-104.0
1775973619.4236588,2.0,3.0,-111.0
1775973619.4336588,2.0,2.0,-105.0
1775973619.4436588,4.0,7.0,-106.0
1775973619.4536588,4.0,7.0,-106.0
1775973619.4636588,0.0,9.0,-111.0
1775973619.4736588,-3.0,4.0,-112.0
1775973619.4836588,0.0,4.0,-111.0
1775973619.4936588,4.0,2.0,-109.0
1775973619.5036588,2.0,4.0,-114.0
1775973619.5136588,-4.0,0.0,-114.0
1775973619.523659,-1.0,1.0,-114.0
1775973619.533659,-3.0,6.0,-113.0
1775973619.543659,3.0,7.0,-106.0
1775973619.553659,5.0,5.0,-107.0
1775973619.563659,3.0,0.0,-103.0
1775973619.573659,5.0,0.0,-106.0
1775973619.583659,3.0,4.0,-104.0
1775973619.593659,6.0,2.0,-104.0
1775973619.603659,6.0,2.0,-107.0
1775973619.613659,4.0,7.0,-104.0
1775973619.623659,-2.0,11.0,-105.0
1775973619.633659,0.0,8.0,-109.0
1775973619.6436589,3.0,5.0,-109.0
1775973619.6536589,0.0,3.0,-107.0
1775973619.6636589,-1.0,1.0,-105.0
1775973619.6736588,0.0,2.0,-108.0
1775973619.6836588,-1.0,1.0,-106.0
1775973619.6936588,-7.0,0.0,-96.0
1775973619.7036588,-3.0,1.0,-95.0
1775973619.7136588,-4.0,1.0,-96.0
1775973619.7236588,-4.0,4.0,-97.0
1775973619.7336588,-4.0,1.0,-99.0
1775973619.7436588,0.0,1.0,-100.0
1775973619.7536588,-2.0,0.0,-103.0
1775973619.7636588,-1.0,0.0,-103.0
1775973619.773659,0.0,1.0,-105.0
1775973619.783659,4.0,1.0,-99.0
1775973619.793659,1.0,0.0,-104.0
1775973619.803659,-3.0,-1.0,-101.0
1775973619.813659,-3.0,-3.0,-102.0
1775973619.823659,-1.0,-8.0,-102.0
1775973619.833659,-2.0,-9.0,-101.0
1775973619.843659,0.0,-6.0,-96.0
1775973619.853659,-1.0,-7.0,-101.0
1775973619.863659,-2.0,-5.0,-102.0
1775973619.873659,-3.0,-5.0,-107.0
1775973619.883659,0.0,-5.0,-108.0
1775973619.8936589,2.0,-5.0,-110.0
1775973619.9036589,2.0,-5.0,-107.0
1775973619.9136589,-3.0,-3.0,-108.0
1775973619.9236588,0.0,-1.0,-110.0
1775973619.9336588,0.0,-2.0,-107.0
1775973619.9436588,0.0,-2.0,-108.0
1775973619.9536588,0.0,0.0,-110.0
1775973619.9636588,-5.0,-1.0,-112.0
1775973619.9736588,-4.0,-8.0,-108.0
1775973619.9836588,-2.0,-9.0,-105.0
1775973619.9936588,3.0,-12.0,-105.0
1775973620.0036588,4.0,-13.0,-102.0
1775973620.0136588,0.0,-11.0,-103.0
1775973620.023659,-1.0,-8.0,-103.0
1775973620.033659,0.0,-3.0,-103.0
1775973620.043659,1.0,-3.0,-98.0
1775973620.053659,3.0,-3.0,-101.0
1775973620.063659,3.0,-7.0,-104.0
1775973620.073659,8.0,-8.0,-105.0
1775973620.083659,3.0,-5.0,-110.0
1775973620.093659,4.0,-2.0,-110.0
1775973620.103659,0.0,-1.0,-109.0
1775973620.113659,2.0,0.0,-113.0
1775973620.123659,0.0,-1.0,-119.0
1775973620.133659,-7.0,1.0,-120.0
1775973620.1436589,-6.0,5.0,-119.0
1775973620.1536589,-1.0,1.0,-115.0
1775973620.1636589,0.0,0.0,-110.0
1775973620.1736588,0.0,-3.0,-108.0
1775973620.1836588,-1.0,-5.0,-107.0
1775973620.194659,0.0,-5.0,-112.0
1775973620.2036588,-4.0,-9.0,-113.0
1775973620.2136588,-3.0,-6.0,-114.0
1775973620.2236588,0.0,0.0,-117.0
1775973620.2336588,1.0,2.0,-117.0
1775973620.2436588,1.0,2.0,-104.0
1775973620.2536588,0.0,-5.0,-102.0
1775973620.2636588,-2.0,-4.0,-107.0
1775973620.273659,2.0,-4.0,-110.0
1775973620.283659,2.0,-2.0,-103.0
1775973620.293659,3.0,-2.0,-101.0
1775973620.303659,6.0,0.0,-100.0
1775973620.313659,7.0,-1.0,-100.0
1775973620.323659,9.0,-1.0,-99.0
1775973620.333659,2.0,-2.0,-103.0
1775973620.343659,3.0,-1.0,-106.0
1775973620.353659,1.0,0.0,-110.0
1775973620.363659,0.0,0.0,-103.0
1775973620.373659,8.0,-4.0,-101.0
1775973620.383659,9.0,-4.0,-103.0
1775973620.3936589,10.0,1.0,-104.0
1775973620.4036589,4.0,1.0,-115.0
1775973620.4136589,5.0,1.0,-108.0
1775973620.4236588,0.0,1.0,-111.0
1775973620.4336588,-1.0,2.0,-110.0
1775973620.4436588,0.0,4.0,-104.0
1775973620.4536588,0.0,2.0,-107.0
1775973620.4636588,-4.0,0.0,-106.0
1775973620.4736588,-4.0,1.0,-109.0
1775973620.4836588,-1.0,-2.0,-115.0
1775973620.4936588,-2.0,-1.0,-115.0
1775973620.5036588,0.0,-3.0,-109.0
1775973620.5136588,3.0,0.0,-114.0
1775973620.523659,0.0,0.0,-113.0
1775973620.533659,-3.0,0.0,-112.0
1775973620.543659,-2.0,1.0,-118.0
1775973620.553659,3.0,1.0,-123.0
1775973620.563659,6.0,2.0,-120.0
1775973620.573659,7.0,5.0,-118.0
1775973620.583659,6.0,8.0,-108.0
1775973620.593659,7.0,9.0,-106.0
1775973620.603659,3.0,8.0,-104.0
1775973620.613659,3.0,3.0,-107.0
1775973620.623659,9.0,3.0,-107.0
1775973620.633659,7.0,2.0,-105.0
1775973620.6436589,2.0,0.0,-106.0
1775973620.6536589,0.0,-1.0,-108.0
1775973620.6636589,-2.0,-2.0,-106.0
1775973620.6736588,-2.0,-6.0,-104.0
1775973620.6836588,0.0,-6.0,-107.0
1775973620.6936588,0.0,-3.0,-107.0
1775973620.7036588,0.0,-1.0,-102.0
1775973620.7136588,2.0,0.0,-102.0
1775973620.7236588,0.0,2.0,-107.0
1775973620.7336588,0.0,6.0,-109.0
1775973620.7436588,-1.0,3.0,-110.0
1775973620.7536588,-1.0,2.0,-107.0
1775973620.7636588,-5.0,4.0,-114.0
1775973620.773659,-4.0,4.0,-109.0
1775973620.783659,-2.0,3.0,-112.0
1775973620.794659,3.0,1.0,-110.0
1775973620.804659,4.0,1.0,-106.0
1775973620.8146589,4.0,6.0,-113.0
1775973620.8246589,4.0,8.0,-112.0
1775973620.8346589,0.0,10.0,-108.0
1775973620.8446589,1.0,11.0,-116.0
1775973620.8546588,3.0,9.0,-112.0
1775973620.8646588,3.0,7.0,-114.0
1775973620.8746588,2.0,3.0,-111.0
1775973620.8846588,2.0,1.0,-112.0
1775973620.8946588,0.0,1.0,-113.0
1775973620.9046588,1.0,4.0,-110.0
1775973620.9146588,2.0,3.0,-108.0
1775973620.9246588,6.0,1.0,-106.0
1775973620.9346588,6.0,1.0,-102.0
1775973620.944659,11.0,-1.0,-103.0
1775973620.954659,7.0,3.0,-99.0
1775973620.964659,3.0,4.0,-111.0
1775973620.974659,4.0,4.0,-117.0
1775973620.984659,5.0,4.0,-113.0
1775973620.994659,3.0,0.0,-115.0
1775973621.004659,0.0,-1.0,-119.0
1775973621.014659,2.0,-3.0,-120.0
1775973621.024659,2.0,-5.0,-123.0
1775973621.034659,1.0,-4.0,-116.0
1775973621.044659,0.0,-1.0,-117.0
1775973621.054659,1.0,1.0,-114.0
1775973621.0646589,0.0,1.0,-114.0
1775973621.0746589,1.0,0.0,-108.0
1775973621.0846589,2.0,-1.0,-107.0
1775973621.0946589,2.0,-1.0,-106.0
1775973621.1046588,1.0,2.0,-103.0
1775973621.1146588,-2.0,1.0,-101.0
1775973621.1246588,0.0,-3.0,-106.0
1775973621.1346588,0.0,-2.0,-115.0
1775973621.1446588,0.0,-3.0,-112.0
1775973621.1546588,0.0,-4.0,-112.0
1775973621.1646588,2.0,-1.0,-114.0
1775973621.1746588,2.0,0.0,-105.0
1775973621.1846588,4.0,-1.0,-105.0
1775973621.194659,3.0,-1.0,-100.0
1775973621.204659,0.0,0.0,-106.0
1775973621.214659,1.0,0.0,-107.0
1775973621.224659,-3.0,-5.0,-109.0
1775973621.234659,-2.0,-4.0,-108.0
1775973621.244659,2.0,-2.0,-105.0
1775973621.254659,1.0,0.0,-102.0
1775973621.264659,1.0,-1.0,-103.0
1775973621.274659,0.0,-3.0,-108.0
1775973621.284659,5.0,-6.0,-108.0
1775973621.294659,1.0,-5.0,-108.0
1775973621.304659,-1.0,-6.0,-115.0
1775973621.3146589,-7.0,0.0,-120.0
1775973621.3246589,-5.0,-4.0,-119.0
1775973621.3346589,-3.0,-1.0,-114.0
1775973621.3446589,-1.0,-2.0,-111.0
1775973621.3546588,1.0,-7.0,-113.0
1775973621.3646588,0.0,-6.0,-115.0
1775973621.3746588,0.0,-7.0,-117.0
1775973621.3846588,-1.0,-3.0,-115.0
1775973621.3946588,1.0,-4.0,-117.0
1775973621.4046588,3.0,-7.0,-118.0
1775973621.4146588,3.0,-6.0,-122.0
1775973621.4246588,1.0,-5.0,-116.0
1775973621.4346588,-1.0,-8.0,-110.0
1775973621.444659,-6.0,-8.0,-109.0
1775973621.454659,-5.0,-8.0,-111.0
1775973621.464659,-3.0,-6.0,-107.0
1775973621.474659,1.0,-4.0,-110.0
1775973621.484659,1.0,-1.0,-110.0
1775973621.494659,0.0,0.0,-105.0
1775973621.504659,0.0,-5.0,-110.0
1775973621.514659,-1.0,-4.0,-107.0
1775973621.524659,-5.0,0.0,-104.0
1775973621.534659,0.0,0.0,-98.0
1775973621.544659,0.0,0.0,-95.0
1775973621.554659,0.0,2.0,-97.0
1775973621.5646589,-8.0,2.0,-96.0
1775973621.5746589,-3.0,4.0,-102.0
1775973621.5846589,-3.0,7.0,-106.0
1775973621.5946589,0.0,9.0,-110.0
1775973621.6046588,-5.0,11.0,-108.0
1775973621.6146588,-6.0,9.0,-106.0
1775973621.6246588,-2.0,6.0,-105.0
1775973621.6346588,0.0,6.0,-105.0
1775973621.6446588,3.0,4.0,-104.0
1775973621.6546588,1.0,2.0,-106.0
1775973621.6646588,5.0,1.0,-101.0
1775973621.6746588,0.0,-1.0,-101.0
1775973621.6846588,1.0,-4.0,-101.0
1775973621.694659,1.0,-3.0,-106.0
1775973621.704659,-5.0,-1.0,-103.0
1775973621.714659,-4.0,-3.0,-104.0
1775973621.724659,1.0,-2.0,-107.0
1775973621.734659,2.0,-5.0,-113.0
1775973621.744659,1.0,-6.0,-108.0
1775973621.754659,-2.0,0.0,-102.0
1775973621.764659,-7.0,0.0,-105.0
1775973621.774659,-2.0,-1.0,-107.0
1775973621.784659,-1.0,-4.0,-106.0
1775973621.794659,1.0,-7.0,-106.0
1775973621.804659,-1.0,-3.0,-102.0
1775973621.8146589,-2.0,-4.0,-104.0
1775973621.8246589,-6.0,-3.0,-103.0
1775973621.8346589,-3.0,-5.0,-96.0
1775973621.8446589,-4.0,-2.0,-96.0
1775973621.8546588,-3.0,-2.0,-97.0
1775973621.8646588,-2.0,-2.0,-103.0
1775973621.8746588,0.0,-1.0,-107.0
1775973621.8846588,-1.0,-2.0,-108.0
1775973621.8946588,-3.0,0.0,-102.0
1775973621.9046588,-6.0,1.0,-107.0
1775973621.9146588,-5.0,3.0,-107.0
1775973621.9246588,-2.0,8.0,-99.0
1775973621.9346588,-2.0,9.0,-97.0
1775973621.944659,1.0,2.0,-102.0
1775973621.954659,0.0,2.0,-106.0
1775973621.964659,-5.0,0.0,-108.0
1775973621.974659,-5.0,-1.0,-109.0
1775973621.984659,1.0,-2.0,-112.0
1775973621.994659,4.0,-2.0,-106.0
1775973622.004659,5.0,-7.0,-111.0
1775973622.014659,1.0,-9.0,-112.0
1775973622.024659,0.0,-3.0,-117.0
1775973622.034659,1.0,-3.0,-112.0
1775973622.044659,3.0,-4.0,-113.0
1775973622.054659,2.0,0.0,-113.0
1775973622.0646589,-2.0,0.0,-112.0
1775973622.0746589,1.0,0.0,-113.0
1775973622.0846589,1.0,0.0,-112.0
1775973622.0946589,4.0,4.0,-107.0
1775973622.1046588,3.0,4.0,-105.0
1775973622.1146588,4.0,4.0,-102.0
1775973622.1246588,3.0,2.0,-106.0
1775973622.1346588,1.0,0.0,-105.0
1775973622.1446588,7.0,-1.0,-106.0
1775973622.1546588,2.0,-2.0,-109.0
1775973622.1646588,3.0,-1.0,-109.0
1775973622.1746588,3.0,0.0,-106.0
1775973622.1846588,5.0,1.0,-106.0
1775973622.194659,5.0,1.0,-106.0
1775973622.204659,8.0,0.0,-116.0
1775973622.214659,4.0,0.0,-112.0
1775973622.224659,5.0,-2.0,-112.0
1775973622.234659,8.0,-4.0,-109.0
1775973622.244659,6.0,-2.0,-103.0
1775973622.254659,3.0,-2.0,-105.0
1775973622.264659,-1.0,-4.0,-104.0
1775973622.274659,-2.0,-2.0,-111.0
1775973622.284659,0.0,1.0,-102.0
1775973622.294659,4.0,3.0,-103.0
1775973622.304659,2.0,0.0,-103.0
1775973622.3146589,-1.0,-1.0,-99.0
1775973622.3246589,0.0,0.0,-102.0
1775973622.3346589,-2.0,0.0,-96.0
1775973622.3446589,0.0,0.0,-102.0
1775973622.3546588,-3.0,1.0,-103.0
1775973622.3646588,0.0,-1.0,-109.0
1775973622.3746588,0.0,-2.0,-110.0
1775973622.3846588,0.0,-2.0,-108.0
1775973622.3946588,-1.0,-5.0,-113.0
1775973622.4046588,2.0,-5.0,-117.0
1775973622.4146588,1.0,-3.0,-110.0
1775973622.4246588,0.0,0.0,-112.0
1775973622.4346588,-1.0,4.0,-110.0
1775973622.444659,-6.0,7.0,-104.0
1775973622.454659,-4.0,4.0,-101.0
1775973622.464659,-4.0,1.0,-99.0
1775973622.474659,-7.0,3.0,-108.0
1775973622.484659,-5.0,1.0,-106.0
1775973622.494659,-2.0,2.0,-103.0
1775973622.504659,0.0,3.0,-105.0
1775973622.514659,-1.0,3.0,-111.0
1775973622.524659,0.0,1.0,-113.0
1775973622.534659,1.0,-1.0,-111.0
1775973622.544659,2.0,-3.0,-116.0
1775973622.554659,0.0,-2.0,-117.0
1775973622.5646589,-1.0,0.0,-115.0
1775973622.5746589,-4.0,3.0,-115.0
1775973622.5846589,-6.0,-2.0,-117.0
1775973622.5946589,-8.0,-1.0,-114.0
1775973622.6046588,-8.0,1.0,-106.0
1775973622.6146588,-1.0,-1.0,-101.0
1775973622.6246588,2.0,0.0,-98.0
1775973622.6346588,1.0,6.0,-97.0
1775973622.6446588,4.0,2.0,-98.0
1775973622.6546588,3.0,0.0,-97.0
1775973622.6646588,5.0,1.0,-107.0
1775973622.6746588,9.0,3.0,-106.0
1775973622.6846588,4.0,3.0,-110.0
1775973622.694659,4.0,1.0,-111.0
1775973622.704659,5.0,0.0,-110.0
1775973622.714659,3.0,0.0,-110.0
1775973622.724659,2.0,3.0,-109.0
1775973622.734659,0.0,4.0,-106.0
1775973622.744659,2.0,4.0,-106.0
1775973622.754659,7.0,6.0,-100.0
1775973622.764659,0.0,6.0,-97.0
1775973622.774659,-2.0,4.0,-98.0
1775973622.784659,0.0,4.0,-103.0
1775973622.794659,-1.0,8.0,-106.0
1775973622.804659,0.0,9.0,-107.0
1775973622.8146589,-2.0,6.0,-109.0
1775973622.8246589,-2.0,2.0,-106.0
1775973622.8346589,-4.0,0.0,-110.0
1775973622.8446589,-4.0,2.0,-113.0
1775973622.8546588,-3.0,1.0,-113.0
1775973622.8646588,-2.0,0.0,-112.0
1775973622.875659,0.0,7.0,-108.0
1775973622.885659,-3.0,4.0,-110.0
1775973622.895659,-2.0,6.0,-111.0
1775973622.905659,-3.0,5.0,-110.0
1775973622.915659,-5.0,4.0,-110.0
1775973622.925659,0.0,3.0,-112.0
1775973622.935659,2.0,1.0,-118.0
1775973622.945659,1.0,-3.0,-120.0
1775973622.955659,5.0,-2.0,-114.0
1775973622.965659,2.0,-1.0,-110.0
1775973622.975659,5.0,-3.0,-104.0
1775973622.985659,5.0,-3.0,-106.0
1775973622.9956589,9.0,-4.0,-105.0
1775973623.0056589,9.0,-3.0,-107.0
1775973623.0156589,4.0,-5.0,-103.0
1775973623.0256588,1.0,-9.0,-103.0
1775973623.0356588,1.0,-7.0,-100.0
1775973623.0456588,0.0,-4.0,-101.0
1775973623.0556588,-1.0,-2.0,-102.0
1775973623.0656588,0.0,-5.0,-99.0
1775973623.0756588,1.0,-7.0,-98.0
1775973623.0856588,0.0,-5.0,-102.0
1775973623.0956588,0.0,-8.0,-108.0
1775973623.1056588,1.0,-6.0,-111.0
1775973623.1156588,0.0,-5.0,-114.0
1775973623.125659,1.0,-9.0,-114.0
1775973623.135659,-1.0,-6.0,-115.0
1775973623.145659,0.0,-3.0,-111.0
1775973623.155659,0.0,0.0,-107.0
1775973623.165659,-6.0,-3.0,-107.0
1775973623.175659,-5.0,-6.0,-109.0
1775973623.185659,-4.0,-11.0,-110.0
1775973623.195659,-3.0,-7.0,-110.0
1775973623.205659,-2.0,-8.0,-104.0
1775973623.215659,0.0,-9.0,-98.0
1775973623.225659,1.0,-6.0,-101.0
1775973623.235659,4.0,-2.0,-101.0
1775973623.2456589,0.0,0.0,-102.0
1775973623.2556589,-4.0,-2.0,-102.0
1775973623.2656589,-4.0,-1.0,-107.0
1775973623.2756588,-1.0,-3.0,-115.0
1775973623.2856588,-1.0,-4.0,-114.0
1775973623.2956588,3.0,-5.0,-110.0
1775973623.3056588,3.0,-5.0,-112.0
1775973623.3156588,1.0,-8.0,-110.0
1775973623.3256588,3.0,-5.0,-107.0
1775973623.3356588,2.0,-1.0,-108.0
1775973623.3456588,0.0,-5.0,-108.0
1775973623.3556588,0.0,-2.0,-106.0
1775973623.3656588,-1.0,0.0,-113.0
1775973623.375659,0.0,0.0,-113.0
1775973623.385659,-2.0,-1.0,-108.0
1775973623.395659,3.0,3.0,-106.0
1775973623.405659,6.0,5.0,-108.0
1775973623.415659,5.0,4.0,-106.0
1775973623.425659,4.0,-1.0,-107.0
1775973623.435659,0.0,-1.0,-111.0
1775973623.445659,1.0,-3.0,-112.0
1775973623.455659,-1.0,-4.0,-113.0
1775973623.465659,-6.0,-4.0,-103.0
1775973623.475659,-12.0,1.0,-109.0
1775973623.485659,-11.0,2.0,-115.0
1775973623.4956589,-4.0,-2.0,-112.0
1775973623.5056589,0.0,0.0,-110.0
1775973623.5156589,1.0,-5.0,-114.0
1775973623.5256588,1.0,-8.0,-112.0
1775973623.5356588,0.0,-4.0,-113.0
1775973623.5456588,0.0,0.0,-114.0
1775973623.5556588,3.0,1.0,-113.0
1775973623.5656588,1.0,3.0,-113.0
1775973623.5756588,2.0,7.0,-112.0
1775973623.5856588,3.0,7.0,-115.0
1775973623.5956588,-2.0,4.0,-116.0
1775973623.6056588,-4.0,1.0,-112.0
1775973623.6156588,-2.0,-1.0,-111.0
1775973623.625659,-2.0,0.0,-108.0
1775973623.635659,4.0,-2.0,-105.0
1775973623.645659,1.0,-2.0,-100.0
1775973623.655659,0.0,4.0,-104.0
1775973623.665659,3.0,5.0,-97.0
1775973623.675659,1.0,2.0,-93.0
1775973623.685659,1.0,2.0,-99.0
1775973623.695659,0.0,-4.0,-103.0
1775973623.705659,1.0,-1.0,-104.0
1775973623.715659,2.0,0.0,-115.0
1775973623.725659,-3.0,1.0,-110.0
1775973623.735659,-5.0,1.0,-109.0
1775973623.7456589,-5.0,6.0,-113.0
1775973623.7556589,-11.0,1.0,-106.0
1775973623.7656589,-3.0,0.0,-105.0
1775973623.7756588,0.0,0.0,-96.0
1775973623.7856588,0.0,1.0,-99.0
1775973623.7956588,5.0,-1.0,-108.0
1775973623.8056588,8.0,3.0,-113.0
1775973623.8156588,8.0,6.0,-108.0
1775973623.8256588,3.0,6.0,-106.0
1775973623.8356588,3.0,3.0,-103.0
1775973623.8456588,2.0,0.0,-105.0
1775973623.8556588,-1.0,2.0,-107.0
1775973623.8656588,-4.0,8.0,-106.0
1775973623.875659,-5.0,7.0,-108.0
1775973623.885659,-5.0,6.0,-106.0
1775973623.895659,-2.0,1.0,-108.0
1775973623.905659,-2.0,-1.0,-105.0
1775973623.915659,-2.0,-1.0,-105.0
1775973623.925659,-4.0,1.0,-104.0
1775973623.935659,-2.0,-1.0,-106.0
1775973623.945659,-5.0,2.0,-115.0
1775973623.955659,-7.0,5.0,-115.0
1775973623.965659,-2.0,5.0,-113.0
1775973623.975659,3.0,4.0,-109.0
1775973623.985659,0.0,1.0,-103.0
1775973623.9956589,-2.0,0.0,-99.0
1775973624.0056589,-3.0,2.0,-103.0
1775973624.0156589,0.0,3.0,-100.0
1775973624.0256588,0.0,3.0,-98.0
1775973624.0356588,0.0,3.0,-95.0
1775973624.0456588,0.0,-1.0,-105.0
1775973624.0556588,3.0,-3.0,-106.0
1775973624.0656588,4.0,-2.0,-99.0
1775973624.0756588,5.0,0.0,-96.0
1775973624.0856588,5.0,0.0,-102.0
1775973624.0956588,3.0,-1.0,-110.0
1775973624.1056588,2.0,0.0,-111.0
1775973624.1156588,0.0,-1.0,-114.0
1775973624.125659,-1.0,1.0,-106.0
1775973624.135659,1.0,1.0,-108.0
1775973624.145659,0.0,6.0,-108.0
1775973624.155659,0.0,2.0,-111.0
1775973624.165659,3.0,0.0,-113.0
1775973624.175659,6.0,0.0,-110.0
1775973624.185659,5.0,-1.0,-111.0
1775973624.195659,5.0,3.0,-111.0
1775973624.205659,7.0,0.0,-111.0
1775973624.215659,3.0,1.0,-111.0
1775973624.225659,4.0,-1.0,-111.0
1775973624.235659,3.0,-4.0,-116.0
1775973624.2456589,1.0,-1.0,-114.0
1775973624.2556589,-2.0,-1.0,-114.0
1775973624.2656589,-7.0,-4.0,-116.0
1775973624.2756588,-6.0,-5.0,-120.0
1775973624.2856588,-7.0,-6.0,-116.0
1775973624.2956588,-2.0,-7.0,-113.0
1775973624.3056588,-1.0,-9.0,-114.0
1775973624.3156588,0.0,-3.0,-109.0
1775973624.3256588,1.0,-1.0,-107.0
1775973624.3356588,2.0,-3.0,-102.0
1775973624.3456588,0.0,-2.0,-109.0
1775973624.3556588,-1.0,-2.0,-111.0
1775973624.3656588,1.0,0.0,-112.0
1775973624.375659,7.0,1.0,-107.0
1775973624.385659,7.0,0.0,-113.0
1775973624.395659,4.0,-2.0,-112.0
1775973624.405659,5.0,-2.0,-110.0
1775973624.415659,5.0,1.0,-105.0
1775973624.425659,1.0,-2.0,-99.0
1775973624.435659,1.0,-2.0,-101.0
1775973624.445659,-3.0,-3.0,-100.0
1775973624.455659,-6.0,-2.0,-98.0
1775973624.465659,-1.0,0.0,-100.0
1775973624.475659,2.0,0.0,-105.0
1775973624.485659,1.0,0.0,-111.0
1775973624.4956589,2.0,0.0,-109.0
1775973624.5056589,2.0,0.0,-107.0
1775973624.5156589,6.0,0.0,-103.0
1775973624.5256588,3.0,0.0,-100.0
1775973624.5356588,0.0,0.0,-98.0
1775973624.5456588,0.0,-1.0,-101.0
1775973624.5556588,-1.0,-5.0,-104.0
1775973624.5656588,-1.0,-4.0,-102.0
1775973624.5756588,0.0,-1.0,-103.0
1775973624.5856588,1.0,-3.0,-107.0
1775973624.5956588,-1.0,-4.0,-101.0
1775973624.6056588,-2.0,-3.0,-104.0
1775973624.6156588,0.0,0.0,-101.0
1775973624.625659,0.0,0.0,-103.0
1775973624.635659,2.0,4.0,-111.0
1775973624.645659,4.0,6.0,-116.0
1775973624.655659,5.0,0.0,-111.0
1775973624.665659,4.0,0.0,-99.0
1775973624.675659,4.0,1.0,-98.0
1775973624.685659,1.0,2.0,-98.0
1775973624.695659,4.0,1.0,-104.0
1775973624.705659,1.0,0.0,-104.0
1775973624.715659,4.0,0.0,-108.0
1775973624.725659,5.0,1.0,-112.0
1775973624.735659,1.0,0.0,-110.0
1775973624.7456589,0.0,-1.0,-108.0
1775973624.7556589,0.0,-1.0,-103.0
1775973624.7656589,-1.0,-4.0,-95.0
1775973624.7756588,3.0,-2.0,-95.0
1775973624.7856588,5.0,-3.0,-101.0
1775973624.7956588,2.0,-1.0,-103.0
1775973624.8056588,4.0,0.0,-109.0
1775973624.8156588,2.0,0.0,-111.0
1775973624.8256588,1.0,3.0,-117.0
1775973624.8356588,0.0,1.0,-112.0
1775973624.8456588,-1.0,-1.0,-111.0
1775973624.8556588,-3.0,-2.0,-120.0
1775973624.8656588,-1.0,-2.0,-120.0
1775973624.875659,-2.0,0.0,-121.0
1775973624.885659,0.0,-2.0,-118.0
1775973624.895659,-1.0,0.0,-120.0
1775973624.906659,-3.0,0.0,-117.0
1775973624.9166589,-1.0,-1.0,-121.0
1775973624.9266589,-1.0,1.0,-114.0
1775973624.9366589,-1.0,0.0,-113.0
1775973624.9466588,-2.0,-2.0,-107.0
1775973624.9566588,4.0,-2.0,-103.0
1775973624.9666588,6.0,-6.0,-102.0
1775973624.9766588,4.0,-8.0,-103.0
1775973624.9866588,3.0,-6.0,-102.0
1775973624.9966588,0.0,-4.0,-108.0
1775973625.0066588,-3.0,-1.0,-106.0
1775973625.0166588,-4.0,-3.0,-108.0
1775973625.0266588,0.0,-2.0,-109.0
1775973625.0366588,0.0,-3.0,-107.0
1775973625.046659,0.0,0.0,-112.0
1775973625.056659,1.0,-1.0,-119.0
1775973625.066659,5.0,-1.0,-117.0
1775973625.076659,3.0,2.0,-115.0
1775973625.086659,2.0,2.0,-112.0
1775973625.096659,0.0,2.0,-110.0
1775973625.106659,-2.0,0.0,-109.0
1775973625.116659,-1.0,0.0,-107.0
1775973625.126659,-2.0,5.0,-108.0
1775973625.136659,-3.0,8.0,-115.0
1775973625.146659,-7.0,6.0,-115.0
1775973625.156659,-2.0,4.0,-119.0
1775973625.1666589,-7.0,0.0,-125.0
1775973625.1766589,-7.0,-2.0,-119.0
1775973625.1866589,-8.0,-2.0,-111.0
1775973625.1966588,-3.0,-1.0,-107.0
1775973625.2066588,3.0,0.0,-102.0
1775973625.2166588,1.0,0.0,-95.0
1775973625.2266588,2.0,0.0,-96.0
1775973625.2366588,1.0,1.0,-111.0
1775973625.2466588,0.0,2.0,-115.0
1775973625.2566588,-2.0,4.0,-116.0
1775973625.2666588,-2.0,-3.0,-117.0
1775973625.2766588,-2.0,-2.0,-118.0
1775973625.2866588,-1.0,-2.0,-115.0
1775973625.296659,2.0,-3.0,-108.0
1775973625.306659,0.0,-5.0,-106.0
1775973625.316659,-1.0,-5.0,-107.0
1775973625.326659,-2.0,-3.0,-113.0
1775973625.336659,4.0,-1.0,-110.0
1775973625.346659,3.0,-3.0,-104.0
1775973625.356659,1.0,-1.0,-100.0
1775973625.366659,-2.0,-1.0,-101.0
1775973625.376659,-2.0,1.0,-101.0
1775973625.386659,-2.0,1.0,-100.0
1775973625.396659,-5.0,-1.0,-97.0
1775973625.406659,-4.0,-3.0,-97.0
1775973625.4166589,-7.0,-4.0,-100.0
1775973625.4266589,-5.0,-6.0,-99.0
1775973625.4366589,-5.0,-7.0,-99.0
1775973625.4466588,-7.0,-5.0,-97.0
1775973625.4566588,-4.0,0.0,-97.0
1775973625.4666588,-3.0,2.0,-100.0
1775973625.4766588,-3.0,1.0,-101.0
1775973625.4866588,-3.0,0.0,-99.0
1775973625.4966588,-4.0,-2.0,-98.0
1775973625.5066588,-4.0,-5.0,-106.0
1775973625.5166588,-3.0,-5.0,-112.0
1775973625.5266588,-3.0,-2.0,-113.0
1775973625.5366588,-4.0,4.0,-123.0
1775973625.546659,-5.0,3.0,-122.0
1775973625.556659,-3.0,0.0,-120.0
1775973625.566659,-4.0,0.0,-126.0
1775973625.576659,0.0,-4.0,-121.0
1775973625.586659,0.0,-1.0,-114.0
1775973625.596659,0.0,-1.0,-113.0
1775973625.606659,0.0,-1.0,-112.0
1775973625.616659,-3.0,-1.0,-117.0
1775973625.626659,-2.0,1.0,-109.0
1775973625.636659,1.0,-2.0,-101.0
1775973625.646659,2.0,-2.0,-99.0
1775973625.656659,0.0,0.0,-105.0
1775973625.6666589,0.0,3.0,-105.0
1775973625.6766589,0.0,2.0,-106.0
1775973625.6866589,-2.0,1.0,-113.0
1775973625.6966588,0.0,1.0,-113.0
1775973625.7066588,5.0,-2.0,-111.0
1775973625.7166588,5.0,-5.0,-114.0
1775973625.7266588,6.0,-4.0,-120.0
1775973625.7366588,3.0,0.0,-111.0
1775973625.7466588,5.0,0.0,-107.0
1775973625.7566588,4.0,-3.0,-106.0
1775973625.7666588,2.0,-3.0,-106.0
1775973625.7766588,-2.0,-8.0,-106.0
1775973625.7866588,-4.0,-1.0,-109.0
1775973625.796659,0.0,0.0,-112.0
1775973625.806659,5.0,4.0,-110.0
1775973625.816659,4.0,2.0,-107.0
1775973625.826659,0.0,3.0,-107.0
1775973625.836659,2.0,0.0,-106.0
1775973625.846659,7.0,-1.0,-102.0
1775973625.856659,6.0,-1.0,-97.0
1775973625.866659,6.0,-2.0,-104.0
1775973625.876659,3.0,0.0,-101.0
1775973625.886659,4.0,1.0,-102.0
1775973625.896659,3.0,2.0,-103.0
1775973625.906659,5.0,-1.0,-109.0
1775973625.9166589,2.0,0.0,-113.0
1775973625.9266589,-1.0,2.0,-112.0
1775973625.9366589,1.0,1.0,-111.0
1775973625.9466588,1.0,0.0,-104.0
1775973625.9566588,-2.0,0.0,-101.0
1775973625.9666588,0.0,0.0,-100.0
1775973625.9766588,-2.0,2.0,-108.0
1775973625.9866588,0.0,3.0,-109.0
1775973625.9966588,-1.0,7.0,-106.0
1775973626.0066588,1.0,7.0,-107.0
1775973626.0166588,1.0,7.0,-105.0
1775973626.0266588,3.0,8.0,-105.0
1775973626.0366588,0.0,4.0,-105.0
1775973626.046659,-3.0,-1.0,-109.0
1775973626.056659,-1.0,-3.0,-110.0
1775973626.066659,-2.0,-2.0,-103.0
1775973626.076659,-3.0,0.0,-100.0
1775973626.086659,-4.0,2.0,-99.0
1775973626.096659,-5.0,0.0,-102.0
1775973626.106659,-3.0,-2.0,-102.0
1775973626.116659,-2.0,-2.0,-101.0
1775973626.126659,-5.0,-2.0,-106.0
1775973626.136659,-5.0,4.0,-102.0
1775973626.146659,-1.0,2.0,-104.0
1775973626.156659,-2.0,0.0,-104.0
1775973626.1666589,-5.0,-1.0,-99.0
1775973626.1766589,-4.0,-1.0,-101.0
1775973626.1866589,-4.0,-2.0,-100.0
1775973626.1966588,-4.0,-1.0,-101.0
1775973626.2066588,-3.0,0.0,-107.0
1775973626.2166588,-3.0,0.0,-111.0
1775973626.2266588,-6.0,0.0,-113.0
1775973626.2366588,-4.0,-2.0,-115.0
1775973626.2466588,0.0,3.0,-110.0
1775973626.2566588,0.0,2.0,-111.0
1775973626.2666588,2.0,2.0,-114.0
1775973626.2766588,4.0,1.0,-114.0
1775973626.2866588,1.0,0.0,-110.0
1775973626.296659,-3.0,2.0,-108.0
1775973626.306659,1.0,-3.0,-109.0
1775973626.316659,-2.0,-6.0,-108.0
1775973626.326659,1.0,-4.0,-105.0
1775973626.336659,1.0,-6.0,-103.0
1775973626.346659,1.0,-8.0,-108.0
1775973626.356659,1.0,-5.0,-108.0
1775973626.366659,2.0,-4.0,-101.0
1775973626.376659,0.0,-1.0,-98.0
1775973626.386659,-3.0,0.0,-95.0
1775973626.396659,-1.0,2.0,-102.0
1775973626.406659,-2.0,4.0,-106.0
1775973626.4166589,-1.0,4.0,-104.0
1775973626.4266589,-2.0,5.0,-102.0
1775973626.4366589,-2.0,6.0,-99.0
1775973626.4466588,-5.0,2.0,-103.0
1775973626.4566588,-5.0,0.0,-105.0
1775973626.4666588,-7.0,-3.0,-102.0
1775973626.4766588,-4.0,-6.0,-102.0
1775973626.4866588,1.0,-5.0,-105.0
1775973626.4966588,1.0,-4.0,-104.0
1775973626.5066588,0.0,-1.0,-104.0
1775973626.5166588,0.0,-2.0,-107.0
1775973626.5266588,2.0,-2.0,-104.0
1775973626.5366588,2.0,0.0,-103.0
1775973626.546659,2.0,0.0,-106.0
1775973626.556659,0.0,2.0,-101.0
1775973626.566659,-2.0,1.0,-99.0
1775973626.576659,-3.0,-2.0,-104.0
1775973626.586659,-4.0,-3.0,-114.0
1775973626.596659,-5.0,-8.0,-115.0
1775973626.606659,-4.0,-6.0,-115.0
1775973626.616659,-6.0,-4.0,-116.0
1775973626.626659,-1.0,-3.0,-116.0
1775973626.636659,1.0,-3.0,-116.0
1775973626.646659,-4.0,-4.0,-114.0
1775973626.656659,-4.0,-4.0,-106.0
1775973626.6666589,-3.0,-3.0,-109.0
1775973626.6766589,3.0,-5.0,-117.0
1775973626.6866589,5.0,-6.0,-119.0
1775973626.6966588,7.0,-9.0,-114.0
1775973626.7066588,5.0,-8.0,-114.0
1775973626.7166588,10.0,-4.0,-115.0
1775973626.7266588,8.0,0.0,-114.0
1775973626.7366588,4.0,0.0,-115.0
1775973626.7466588,0.0,-1.0,-116.0
1775973626.7566588,1.0,0.0,-112.0
1775973626.7666588,0.0,0.0,-111.0
1775973626.7766588,-2.0,-1.0,-108.0
1775973626.7866588,-2.0,-3.0,-107.0
1775973626.796659,0.0,-5.0,-103.0
1775973626.806659,-3.0,-2.0,-104.0
1775973626.816659,-4.0,-5.0,-103.0
1775973626.826659,1.0,-9.0,-104.0
1775973626.836659,0.0,-6.0,-104.0
1775973626.846659,-1.0,-7.0,-105.0
1775973626.856659,-3.0,-2.0,-102.0
1775973626.866659,-1.0,-3.0,-99.0
1775973626.876659,-1.0,-2.0,-102.0
1775973626.886659,0.0,-6.0,-100.0
1775973626.896659,4.0,-5.0,-102.0
1775973626.906659,3.0,-5.0,-98.0
1775973626.9166589,1.0,-2.0,-97.0
1775973626.9266589,-4.0,-4.0,-95.0
1775973626.9376588,-6.0,-4.0,-97.0
1775973626.9466588,-7.0,0.0,-101.0
1775973626.9566588,-5.0,0.0,-97.0
1775973626.9676588,-4.0,4.0,-101.0
1775973626.977659,-3.0,3.0,-97.0
1775973626.987659,-2.0,6.0,-108.0
1775973626.997659,-6.0,6.0,-116.0
1775973627.007659,-4.0,3.0,-116.0
1775973627.017659,1.0,2.0,-118.0
1775973627.027659,-1.0,0.0,-115.0
1775973627.037659,-7.0,0.0,-119.0
1775973627.047659,-3.0,0.0,-121.0
1775973627.057659,0.0,-2.0,-120.0
1775973627.067659,-3.0,-1.0,-116.0
1775973627.077659,-1.0,0.0,-121.0
1775973627.087659,3.0,0.0,-120.0
1775973627.0976589,4.0,1.0,-122.0
1775973627.1076589,4.0,0.0,-115.0
1775973627.1176589,5.0,0.0,-119.0
1775973627.1276588,3.0,-1.0,-114.0
1775973627.1376588,2.0,-1.0,-104.0
1775973627.1476588,6.0,4.0,-96.0
1775973627.1576588,4.0,6.0,-92.0
1775973627.1676588,0.0,3.0,-95.0
1775973627.1776588,-1.0,-1.0,-95.0
1775973627.1876588,-5.0,0.0,-90.0
1775973627.1976588,-2.0,2.0,-94.0
1775973627.2076588,-1.0,3.0,-100.0
1775973627.2176588,5.0,2.0,-105.0
1775973627.227659,8.0,-1.0,-109.0
1775973627.237659,6.0,-4.0,-105.0
1775973627.247659,5.0,-1.0,-106.0
1775973627.257659,8.0,0.0,-106.0
1775973627.267659,4.0,0.0,-107.0
1775973627.277659,4.0,0.0,-109.0
1775973627.287659,7.0,0.0,-111.0
1775973627.297659,6.0,-1.0,-109.0
1775973627.307659,1.0,-2.0,-109.0
1775973627.317659,2.0,-1.0,-107.0
1775973627.327659,3.0,1.0,-114.0
1775973627.337659,1.0,-4.0,-116.0
1775973627.3476589,2.0,-7.0,-116.0
1775973627.3576589,-1.0,-8.0,-109.0
1775973627.3676589,2.0,-9.0,-109.0
1775973627.3776588,1.0,-7.0,-107.0
1775973627.3876588,-4.0,-6.0,-106.0
1775973627.3976588,-2.0,-6.0,-105.0
1775973627.4076588,-1.0,-2.0,-102.0
1775973627.4176588,0.0,1.0,-101.0
1775973627.4276588,0.0,1.0,-107.0
1775973627.4376588,0.0,1.0,-109.0
1775973627.4476588,2.0,0.0,-112.0
1775973627.4576588,-2.0,-2.0,-106.0
1775973627.4676588,-2.0,-2.0,-103.0
1775973627.477659,-1.0,-4.0,-95.0
1775973627.487659,-1.0,-8.0,-97.0
1775973627.497659,-1.0,-4.0,-99.0
1775973627.507659,-2.0,0.0,-102.0
1775973627.517659,3.0,2.0,-111.0
1775973627.527659,8.0,0.0,-110.0
1775973627.537659,4.0,1.0,-115.0
1775973627.547659,1.0,2.0,-112.0
1775973627.557659,1.0,3.0,-111.0
1775973627.567659,-1.0,7.0,-114.0
1775973627.577659,-3.0,6.0,-108.0
1775973627.587659,-3.0,4.0,-109.0
1775973627.5976589,-6.0,3.0,-105.0
1775973627.6076589,-1.0,0.0,-109.0
1775973627.6176589,0.0,-2.0,-114.0
1775973627.6276588,-5.0,-1.0,-112.0
1775973627.6376588,-5.0,2.0,-106.0
1775973627.6476588,-4.0,6.0,-105.0
1775973627.6576588,-5.0,2.0,-105.0
1775973627.6676588,-2.0,4.0,-105.0
1775973627.6776588,-5.0,2.0,-103.0
1775973627.6876588,-2.0,1.0,-110.0
1775973627.6976588,-4.0,0.0,-113.0
1775973627.7076588,-2.0,0.0,-108.0
1775973627.7176588,0.0,1.0,-107.0
1775973627.727659,3.0,0.0,-112.0
1775973627.737659,5.0,-4.0,-117.0
1775973627.747659,6.0,-6.0,-122.0
1775973627.757659,6.0,-1.0,-114.0
1775973627.767659,5.0,0.0,-109.0
1775973627.777659,3.0,0.0,-96.0
1775973627.787659,1.0,5.0,-94.0
1775973627.797659,1.0,4.0,-94.0
1775973627.807659,1.0,2.0,-95.0
1775973627.817659,0.0,5.0,-91.0
1775973627.827659,-2.0,2.0,-98.0
1775973627.837659,-5.0,4.0,-98.0
1775973627.8476589,-2.0,4.0,-97.0
1775973627.8576589,-1.0,0.0,-105.0
1775973627.8676589,-9.0,-2.0,-103.0
1775973627.8776588,-12.0,-1.0,-101.0
1775973627.8876588,-8.0,-1.0,-107.0
1775973627.8976588,-7.0,-3.0,-105.0
1775973627.9076588,-8.0,-1.0,-107.0
1775973627.9176588,-7.0,-1.0,-106.0
1775973627.9276588,-7.0,1.0,-107.0
1775973627.9376588,-5.0,2.0,-103.0
1775973627.9476588,-3.0,4.0,-110.0
1775973627.9576588,0.0,4.0,-110.0
1775973627.9676588,4.0,3.0,-108.0
1775973627.977659,1.0,5.0,-108.0
1775973627.987659,3.0,7.0,-106.0
1775973627.997659,0.0,5.0,-109.0
1775973628.007659,1.0,2.0,-109.0
1775973628.017659,1.0,2.0,-110.0
1775973628.027659,2.0,1.0,-108.0
1775973628.037659,0.0,-2.0,-112.0
1775973628.047659,-7.0,0.0,-112.0
1775973628.057659,-2.0,-2.0,-105.0
1775973628.067659,1.0,-2.0,-100.0
1775973628.077659,-3.0,-4.0,-100.0
1775973628.087659,-3.0,-8.0,-101.0
1775973628.0976589,-1.0,-7.0,-99.0
1775973628.1076589,0.0,-4.0,-105.0
1775973628.1176589,2.0,-3.0,-110.0
1775973628.1276588,0.0,-7.0,-109.0
1775973628.1376588,-3.0,-6.0,-109.0
1775973628.1476588,-5.0,-7.0,-115.0
1775973628.1576588,-4.0,-7.0,-115.0
1775973628.1676588,-5.0,-3.0,-109.0
1775973628.1776588,-2.0,-4.0,-111.0
1775973628.1876588,-7.0,-1.0,-111.0
1775973628.1976588,-6.0,-1.0,-106.0
1775973628.2076588,-6.0,-6.0,-102.0
1775973628.2176588,-6.0,-8.0,-95.0
1775973628.227659,-6.0,-6.0,-97.0
1775973628.237659,-5.0,-3.0,-100.0
1775973628.247659,-1.0,-2.0,-108.0
1775973628.257659,-1.0,-2.0,-99.0
1775973628.267659,-3.0,-3.0,-94.0
1775973628.277659,-2.0,-1.0,-102.0
1775973628.287659,-4.0,0.0,-107.0
1775973628.297659,-4.0,0.0,-112.0
1775973628.307659,-4.0,-1.0,-113.0
1775973628.317659,-5.0,0.0,-107.0
1775973628.327659,-2.0,2.0,-108.0
1775973628.337659,1.0,4.0,-107.0
1775973628.3476589,-3.0,3.0,-106.0
1775973628.3576589,-1.0,-2.0,-112.0
1775973628.3676589,1.0,-1.0,-113.0
1775973628.3776588,1.0,-2.0,-108.0
1775973628.3876588,-2.0,-2.0,-110.0
1775973628.3976588,-7.0,0.0,-114.0
1775973628.4076588,-3.0,0.0,-113.0
1775973628.4176588,0.0,1.0,-114.0
1775973628.4276588,0.0,0.0,-118.0
1775973628.4376588,1.0,6.0,-114.0
1775973628.4476588,-1.0,3.0,-114.0
1775973628.4576588,0.0,2.0,-114.0
1775973628.4676588,-6.0,2.0,-113.0
1775973628.477659,-2.0,0.0,-109.0
1775973628.487659,-5.0,3.0,-121.0
1775973628.497659,-3.0,3.0,-118.0
1775973628.507659,-3.0,0.0,-117.0
1775973628.517659,0.0,-3.0,-114.0
1775973628.527659,1.0,-2.0,-107.0
1775973628.537659,5.0,1.0,-108.0
1775973628.547659,10.0,-1.0,-108.0
1775973628.557659,4.0,-3.0,-101.0
1775973628.567659,0.0,-2.0,-105.0
1775973628.577659,1.0,-6.0,-108.0
1775973628.587659,2.0,-7.0,-111.0
1775973628.5976589,2.0,-6.0,-114.0
1775973628.6076589,0.0,-5.0,-117.0
1775973628.6176589,1.0,-8.0,-115.0
1775973628.6276588,4.0,-2.0,-114.0
1775973628.6376588,0.0,-2.0,-120.0
1775973628.6476588,0.0,-3.0,-117.0
1775973628.6576588,0.0,-1.0,-120.0
1775973628.6676588,4.0,0.0,-126.0
1775973628.6776588,1.0,-1.0,-122.0
1775973628.6876588,-2.0,6.0,-114.0
1775973628.6976588,-1.0,4.0,-118.0
1775973628.7076588,1.0,0.0,-113.0
1775973628.7176588,2.0,1.0,-108.0
1775973628.727659,-4.0,-3.0,-105.0
1775973628.737659,-5.0,-6.0,-102.0
1775973628.747659,-4.0,-5.0,-104.0
1775973628.757659,-1.0,-3.0,-102.0
1775973628.767659,-1.0,-1.0,-102.0
1775973628.777659,0.0,-2.0,-106.0
1775973628.787659,1.0,-1.0,-108.0
1775973628.797659,2.0,-2.0,-110.0
1775973628.807659,2.0,1.0,-109.0
1775973628.817659,2.0,3.0,-111.0
1775973628.827659,2.0,6.0,-108.0
1775973628.837659,4.0,6.0,-107.0
1775973628.8476589,3.0,2.0,-111.0
1775973628.8576589,-3.0,5.0,-113.0
1775973628.8676589,-1.0,3.0,-110.0
1775973628.8776588,3.0,4.0,-99.0
1775973628.8876588,3.0,2.0,-95.0
1775973628.8976588,2.0,3.0,-95.0
1775973628.9076588,0.0,3.0,-97.0
1775973628.9176588,3.0,2.0,-102.0
1775973628.9276588,2.0,2.0,-92.0
1775973628.9376588,-3.0,2.0,-89.0
1775973628.9476588,-4.0,0.0,-93.0
1775973628.9576588,-7.0,-6.0,-102.0
1775973628.9676588,-3.0,-1.0,-105.0
1775973628.977659,-1.0,0.0,-99.0
1775973628.987659,-3.0,0.0,-96.0
1775973628.997659,-7.0,0.0,-100.0
1775973629.007659,-7.0,-1.0,-106.0
1775973629.017659,-3.0,0.0,-102.0
1775973629.0286589,-2.0,1.0,-116.0
1775973629.0386589,0.0,1.0,-116.0
1775973629.0486588,1.0,0.0,-117.0
1775973629.0586588,0.0,-1.0,-117.0
1775973629.0686588,0.0,-2.0,-110.0
1775973629.0786588,-2.0,-2.0,-110.0
1775973629.0886588,-3.0,-5.0,-114.0
1775973629.0986588,-1.0,-2.0,-112.0
1775973629.1086588,1.0,-1.0,-112.0
1775973629.1186588,1.0,-4.0,-108.0
1775973629.1286588,-3.0,-8.0,-105.0
1775973629.1386588,-5.0,-6.0,-98.0
1775973629.148659,-6.0,-6.0,-99.0
1775973629.158659,-3.0,-6.0,-94.0
1775973629.168659,-5.0,-1.0,-93.0
1775973629.178659,-5.0,-1.0,-104.0
1775973629.188659,-3.0,-4.0,-104.0
1775973629.198659,-3.0,-2.0,-107.0
1775973629.208659,1.0,2.0,-113.0
1775973629.218659,0.0,4.0,-114.0
1775973629.228659,-2.0,1.0,-115.0
1775973629.238659,-5.0,1.0,-112.0
1775973629.248659,-2.0,5.0,-109.0
1775973629.258659,-6.0,1.0,-106.0
1775973629.2686589,0.0,0.0,-101.0
1775973629.2786589,-3.0,-2.0,-99.0
1775973629.2886589,-7.0,0.0,-103.0
1775973629.2986588,-5.0,5.0,-109.0
1775973629.3086588,-8.0,5.0,-109.0
1775973629.3186588,-6.0,5.0,-116.0
1775973629.3286588,-6.0,6.0,-111.0
1775973629.3386588,-3.0,6.0,-98.0
1775973629.3486588,-3.0,3.0,-98.0
1775973629.3586588,1.0,3.0,-98.0
1775973629.3686588,-2.0,0.0,-102.0
1775973629.3786588,-2.0,-1.0,-106.0
1775973629.3886588,-5.0,-3.0,-112.0
1775973629.398659,-5.0,-5.0,-115.0
1775973629.408659,-5.0,-4.0,-115.0
1775973629.418659,-4.0,-9.0,-110.0
1775973629.428659,-5.0,-5.0,-111.0
1775973629.438659,-9.0,-1.0,-113.0
1775973629.448659,-9.0,-4.0,-113.0
1775973629.458659,-3.0,-7.0,-109.0
1775973629.468659,-2.0,-3.0,-112.0
1775973629.478659,0.0,0.0,-111.0
1775973629.488659,1.0,0.0,-107.0
1775973629.498659,1.0,3.0,-107.0
1775973629.508659,0.0,3.0,-101.0
1775973629.5186589,0.0,0.0,-104.0
1775973629.5286589,2.0,-1.0,-107.0
1775973629.5386589,2.0,0.0,-105.0
1775973629.5486588,5.0,-2.0,-103.0
1775973629.5586588,0.0,-2.0,-107.0
1775973629.5686588,0.0,-3.0,-115.0
1775973629.5786588,-2.0,-3.0,-112.0
1775973629.5886588,-3.0,-3.0,-111.0
1775973629.5986588,-9.0,0.0,-109.0
1775973629.6086588,-12.0,4.0,-99.0
1775973629.6186588,-11.0,0.0,-98.0
1775973629.6286588,-11.0,-1.0,-100.0
1775973629.6386588,-10.0,-1.0,-105.0
1775973629.648659,-7.0,-2.0,-109.0
1775973629.658659,-2.0,-1.0,-107.0
1775973629.668659,-1.0,0.0,-109.0
1775973629.678659,1.0,-1.0,-116.0
1775973629.688659,-2.0,0.0,-118.0
1775973629.698659,-2.0,-2.0,-120.0
1775973629.708659,-4.0,-6.0,-122.0
1775973629.718659,-1.0,-4.0,-122.0
1775973629.728659,1.0,-4.0,-114.0
1775973629.738659,0.0,-8.0,-118.0
1775973629.748659,0.0,-7.0,-119.0
1775973629.758659,0.0,-5.0,-115.0
1775973629.7686589,-4.0,-4.0,-114.0
1775973629.7786589,-5.0,-6.0,-105.0
1775973629.7886589,-5.0,-3.0,-102.0
1775973629.7986588,-6.0,-3.0,-101.0
1775973629.8086588,-1.0,-2.0,-102.0
1775973629.8186588,-4.0,-2.0,-98.0
1775973629.8286588,-8.0,4.0,-96.0
1775973629.8386588,-4.0,7.0,-98.0
1775973629.8486588,-4.0,11.0,-102.0
1775973629.8586588,-2.0,7.0,-101.0
1775973629.8686588,-6.0,5.0,-94.0
1775973629.8786588,-6.0,3.0,-98.0
1775973629.8886588,-5.0,-1.0,-101.0
1775973629.898659,-2.0,0.0,-110.0
1775973629.908659,-6.0,-5.0,-110.0
1775973629.918659,-5.0,-3.0,-107.0
1775973629.928659,-5.0,-4.0,-110.0
1775973629.938659,0.0,-3.0,-110.0
1775973629.948659,2.0,-3.0,-111.0
1775973629.958659,1.0,-1.0,-113.0
1775973629.968659,0.0,0.0,-112.0
1775973629.978659,1.0,0.0,-111.0
1775973629.988659,0.0,2.0,-112.0
1775973629.998659,1.0,0.0,-110.0
1775973630.008659,3.0,4.0,-113.0
1775973630.0186589,1.0,4.0,-108.0
1775973630.0286589,1.0,6.0,-110.0
1775973630.0386589,2.0,4.0,-108.0
1775973630.0486588,3.0,3.0,-105.0
1775973630.0586588,2.0,4.0,-105.0
1775973630.0686588,5.0,4.0,-105.0
1775973630.0786588,5.0,1.0,-111.0
1775973630.0886588,6.0,-2.0,-114.0
1775973630.0986588,3.0,-4.0,-109.0
1775973630.1086588,1.0,-3.0,-104.0
1775973630.1186588,0.0,-2.0,-109.0
1775973630.1286588,1.0,-3.0,-114.0
1775973630.1386588,2.0,-3.0,-117.0
1775973630.148659,7.0,0.0,-122.0
1775973630.158659,6.0,3.0,-114.0
1775973630.168659,3.0,4.0,-112.0
1775973630.178659,0.0,3.0,-110.0
1775973630.188659,0.0,4.0,-115.0
1775973630.198659,1.0,6.0,-114.0
1775973630.208659,-1.0,7.0,-119.0
1775973630.218659,-1.0,9.0,-113.0
1775973630.228659,-1.0,7.0,-113.0
1775973630.238659,-1.0,7.0,-109.0
1775973630.248659,-1.0,6.0,-102.0
1775973630.258659,-2.0,7.0,-99.0
1775973630.2686589,0.0,9.0,-101.0
1775973630.2786589,0.0,7.0,-108.0
1775973630.2886589,0.0,4.0,-111.0
1775973630.2986588,-2.0,2.0,-110.0
1775973630.3086588,-3.0,1.0,-113.0
1775973630.3186588,-8.0,0.0,-110.0
1775973630.3286588,-7.0,0.0,-109.0
1775973630.3386588,-6.0,1.0,-116.0
1775973630.3486588,-2.0,0.0,-122.0
1775973630.3586588,-5.0,-3.0,-117.0
1775973630.3686588,-7.0,-6.0,-106.0
1775973630.3786588,-1.0,-6.0,-110.0
1775973630.3886588,-5.0,-7.0,-112.0
1775973630.398659,-3.0,0.0,-111.0
1775973630.408659,-3.0,1.0,-106.0
1775973630.418659,-2.0,0.0,-114.0
1775973630.428659,1.0,-4.0,-110.0
1775973630.438659,-5.0,-7.0,-114.0
1775973630.448659,-6.0,-8.0,-117.0
1775973630.458659,-7.0,-8.0,-109.0
1775973630.468659,-8.0,-10.0,-113.0
1775973630.478659,0.0,-11.0,-116.0
1775973630.488659,-1.0,-8.0,-119.0
1775973630.498659,-2.0,-6.0,-116.0
1775973630.508659,0.0,-2.0,-112.0
1775973630.5186589,-1.0,-2.0,-113.0
1775973630.5286589,1.0,-2.0,-103.0
1775973630.5386589,1.0,-2.0,-100.0
1775973630.5486588,-1.0,-1.0,-97.0
1775973630.5586588,-1.0,0.0,-99.0
1775973630.5686588,1.0,-3.0,-104.0
1775973630.5786588,0.0,-3.0,-105.0
1775973630.5886588,-3.0,-3.0,-104.0
1775973630.5986588,0.0,-2.0,-100.0
1775973630.6086588,1.0,-3.0,-106.0
1775973630.6186588,2.0,0.0,-107.0
1775973630.6286588,-4.0,1.0,-109.0
1775973630.6386588,-3.0,-1.0,-109.0
1775973630.648659,-7.0,-4.0,-111.0
1775973630.658659,-5.0,-2.0,-108.0
1775973630.668659,-7.0,0.0,-101.0
1775973630.678659,-8.0,1.0,-100.0
1775973630.688659,-2.0,0.0,-105.0
1775973630.698659,-6.0,-3.0,-105.0
1775973630.708659,-7.0,-4.0,-110.0
1775973630.718659,-1.0,-3.0,-106.0
1775973630.728659,1.0,-4.0,-111.0
1775973630.738659,0.0,-1.0,-116.0
1775973630.748659,2.0,-2.0,-112.0
1775973630.758659,4.0,0.0,-109.0
1775973630.7686589,3.0,4.0,-113.0
1775973630.7786589,0.0,3.0,-110.0
1775973630.7886589,-1.0,2.0,-111.0
1775973630.7986588,-3.0,0.0,-115.0
1775973630.8086588,3.0,2.0,-118.0
1775973630.8186588,0.0,4.0,-120.0
1775973630.8286588,0.0,0.0,-120.0
1775973630.8386588,-3.0,5.0,-122.0
1775973630.8486588,-4.0,6.0,-117.0
1775973630.8586588,0.0,4.0,-111.0
1775973630.8686588,1.0,0.0,-107.0
1775973630.8786588,0.0,-2.0,-103.0
1775973630.8886588,0.0,-5.0,-107.0
1775973630.898659,-3.0,-3.0,-105.0
1775973630.908659,-1.0,-2.0,-104.0
1775973630.918659,-3.0,0.0,-104.0
1775973630.928659,-5.0,-6.0,-110.0
1775973630.938659,-7.0,-4.0,-110.0
1775973630.948659,-5.0,-2.0,-108.0
1775973630.958659,-5.0,0.0,-108.0
1775973630.968659,-2.0,-6.0,-104.0
1775973630.978659,-6.0,-5.0,-115.0
1775973630.988659,-8.0,-2.0,-109.0
1775973630.998659,-11.0,0.0,-107.0
1775973631.008659,-7.0,1.0,-110.0
1775973631.0186589,-7.0,0.0,-119.0
1775973631.0286589,-5.0,2.0,-119.0
1775973631.0386589,-6.0,0.0,-121.0
1775973631.0496588,-9.0,-1.0,-121.0
1775973631.0596588,-9.0,-3.0,-124.0
1775973631.069659,-9.0,-1.0,-129.0
1775973631.079659,-4.0,-1.0,-124.0
1775973631.089659,-2.0,-4.0,-118.0
1775973631.099659,-4.0,-6.0,-115.0
1775973631.109659,-4.0,-8.0,-109.0
1775973631.119659,-5.0,-8.0,-100.0
1775973631.129659,-7.0,-7.0,-96.0
1775973631.139659,-3.0,-8.0,-102.0
1775973631.149659,-1.0,-8.0,-108.0
1775973631.159659,0.0,-8.0,-104.0
1775973631.169659,-1.0,-6.0,-100.0
1775973631.179659,-3.0,-5.0,-102.0
1775973631.1896589,0.0,-5.0,-105.0
1775973631.1996589,-1.0,-3.0,-104.0
1775973631.2096589,3.0,0.0,-102.0
1775973631.2196589,5.0,3.0,-101.0
1775973631.2296588,2.0,-2.0,-101.0
1775973631.2396588,0.0,-3.0,-102.0
1775973631.2496588,3.0,-5.0,-102.0
1775973631.2596588,-1.0,-5.0,-100.0
1775973631.2696588,1.0,-6.0,-104.0
1775973631.2796588,0.0,-4.0,-100.0
1775973631.2896588,-1.0,-4.0,-104.0
1775973631.2996588,0.0,-4.0,-105.0
1775973631.3096588,-7.0,0.0,-104.0
1775973631.319659,-4.0,0.0,-105.0
1775973631.329659,-7.0,-1.0,-107.0
1775973631.339659,-8.0,0.0,-108.0
1775973631.349659,-2.0,3.0,-100.0
1775973631.359659,0.0,2.0,-105.0
1775973631.369659,5.0,-1.0,-105.0
1775973631.379659,7.0,0.0,-105.0
1775973631.389659,7.0,0.0,-105.0
1775973631.399659,6.0,1.0,-107.0
1775973631.409659,6.0,3.0,-105.0
1775973631.419659,6.0,1.0,-107.0
1775973631.429659,6.0,0.0,-106.0
1775973631.4396589,4.0,1.0,-103.0
1775973631.4496589,4.0,2.0,-109.0
1775973631.4596589,4.0,6.0,-107.0
1775973631.4696589,8.0,3.0,-95.0
1775973631.4796588,11.0,5.0,-95.0
1775973631.4896588,9.0,6.0,-100.0
1775973631.4996588,8.0,4.0,-96.0
1775973631.5096588,9.0,2.0,-101.0
1775973631.5196588,9.0,2.0,-98.0
1775973631.5296588,6.0,3.0,-98.0
1775973631.5396588,0.0,1.0,-104.0
1775973631.5496588,-8.0,4.0,-98.0
1775973631.5596588,-8.0,5.0,-105.0
1775973631.569659,0.0,7.0,-108.0
1775973631.579659,2.0,7.0,-109.0
1775973631.589659,-1.0,1.0,-112.0
1775973631.599659,-2.0,0.0,-109.0
1775973631.609659,0.0,-2.0,-98.0
1775973631.619659,0.0,-3.0,-99.0
1775973631.629659,-1.0,-5.0,-98.0
1775973631.639659,-1.0,-1.0,-104.0
1775973631.649659,-2.0,-2.0,-103.0
1775973631.659659,0.0,-1.0,-99.0
1775973631.669659,3.0,2.0,-101.0
1775973631.679659,-3.0,0.0,-97.0
1775973631.6896589,-7.0,0.0,-97.0
1775973631.6996589,-9.0,-1.0,-101.0
1775973631.7096589,-9.0,0.0,-109.0
1775973631.7196589,-7.0,0.0,-112.0
1775973631.7296588,-6.0,0.0,-111.0
1775973631.7396588,-7.0,0.0,-117.0
1775973631.7496588,0.0,0.0,-107.0
1775973631.7596588,4.0,1.0,-101.0
1775973631.7696588,0.0,5.0,-95.0
1775973631.7796588,-5.0,1.0,-100.0
1775973631.7896588,-2.0,2.0,-103.0
1775973631.7996588,2.0,2.0,-108.0
1775973631.8096588,0.0,0.0,-108.0
1775973631.819659,-4.0,0.0,-110.0
1775973631.829659,4.0,0.0,-111.0
1775973631.839659,3.0,1.0,-116.0
1775973631.849659,1.0,3.0,-116.0
1775973631.859659,4.0,3.0,-119.0
1775973631.869659,2.0,2.0,-117.0
1775973631.879659,5.0,0.0,-116.0
1775973631.889659,4.0,0.0,-120.0
1775973631.899659,3.0,1.0,-114.0
1775973631.909659,4.0,-3.0,-121.0
1775973631.919659,5.0,-5.0,-121.0
1775973631.929659,3.0,-4.0,-118.0
1775973631.9396589,0.0,-7.0,-115.0
1775973631.9496589,0.0,-3.0,-109.0
1775973631.9596589,-2.0,-2.0,-110.0
1775973631.9696589,-4.0,-4.0,-105.0
1775973631.9796588,-9.0,-5.0,-108.0
1775973631.9896588,-6.0,-4.0,-111.0
1775973631.9996588,-6.0,-4.0,-109.0
1775973632.0096588,-2.0,-5.0,-111.0
1775973632.0196588,-5.0,-3.0,-113.0
1775973632.0296588,-4.0,1.0,-118.0
1775973632.0396588,-4.0,3.0,-120.0
1775973632.0496588,-1.0,6.0,-117.0
1775973632.0596588,1.0,8.0,-115.0
1775973632.069659,0.0,6.0,-109.0
1775973632.079659,3.0,2.0,-105.0
1775973632.089659,-1.0,-2.0,-113.0
1775973632.099659,0.0,1.0,-112.0
1775973632.109659,-1.0,6.0,-112.0
1775973632.119659,-3.0,5.0,-113.0
1775973632.129659,-5.0,4.0,-117.0
1775973632.139659,-8.0,0.0,-115.0
1775973632.149659,-8.0,2.0,-110.0
1775973632.159659,-8.0,7.0,-110.0
1775973632.169659,-9.0,8.0,-112.0
1775973632.179659,-9.0,3.0,-114.0
1775973632.1896589,-1.0,0.0,-114.0
1775973632.1996589,2.0,2.0,-116.0
1775973632.2096589,3.0,6.0,-120.0
1775973632.2196589,0.0,4.0,-116.0
1775973632.2296588,1.0,5.0,-107.0
1775973632.2396588,9.0,4.0,-103.0
1775973632.2496588,7.0,1.0,-99.0
1775973632.2596588,-1.0,-2.0,-99.0
1775973632.2696588,-6.0,-3.0,-97.0
1775973632.2796588,-4.0,-3.0,-101.0
1775973632.2896588,-4.0,-3.0,-103.0
1775973632.2996588,-1.0,-8.0,-98.0
1775973632.3096588,1.0,-6.0,-98.0
1775973632.319659,8.0,-4.0,-103.0
1775973632.329659,7.0,-2.0,-104.0
1775973632.339659,6.0,0.0,-109.0
1775973632.349659,3.0,3.0,-111.0
1775973632.359659,3.0,4.0,-105.0
1775973632.369659,-2.0,5.0,-104.0
1775973632.3806589,-3.0,3.0,-106.0
1775973632.389659,-6.0,2.0,-104.0
1775973632.399659,-6.0,1.0,-108.0
1775973632.409659,-3.0,-4.0,-107.0
1775973632.419659,-1.0,-7.0,-105.0
1775973632.429659,0.0,-9.0,-109.0
1775973632.4396589,0.0,-6.0,-108.0
1775973632.4496589,3.0,-7.0,-104.0
1775973632.4596589,3.0,-6.0,-107.0
1775973632.4696589,3.0,-2.0,-111.0
1775973632.4796588,3.0,-2.0,-114.0
1775973632.4896588,1.0,-3.0,-114.0
1775973632.4996588,0.0,-3.0,-112.0
1775973632.5096588,2.0,-2.0,-117.0
1775973632.5196588,0.0,0.0,-120.0
1775973632.5296588,-3.0,7.0,-117.0
1775973632.5396588,-4.0,7.0,-108.0
1775973632.5496588,-5.0,5.0,-106.0
1775973632.5596588,-2.0,3.0,-106.0
1775973632.569659,0.0,0.0,-101.0
1775973632.579659,-3.0,0.0,-97.0
1775973632.589659,-5.0,-3.0,-96.0
1775973632.599659,-7.0,-1.0,-96.0
1775973632.609659,-5.0,0.0,-101.0
1775973632.619659,0.0,-1.0,-102.0
1775973632.629659,0.0,1.0,-97.0
1775973632.639659,0.0,0.0,-96.0
1775973632.649659,-1.0,-1.0,-102.0
1775973632.659659,1.0,-5.0,-99.0
1775973632.669659,1.0,0.0,-102.0
1775973632.679659,-3.0,0.0,-107.0
1775973632.6896589,0.0,-1.0,-102.0
1775973632.6996589,1.0,1.0,-101.0
1775973632.7096589,1.0,1.0,-94.0
1775973632.7196589,-2.0,-4.0,-96.0
1775973632.7296588,-2.0,-4.0,-104.0
1775973632.7396588,0.0,0.0,-104.0
1775973632.7496588,0.0,2.0,-95.0
1775973632.7596588,2.0,3.0,-98.0
1775973632.7696588,0.0,8.0,-101.0
1775973632.7796588,-1.0,3.0,-97.0
1775973632.7896588,-3.0,-3.0,-98.0
1775973632.7996588,-2.0,-8.0,-94.0
1775973632.8096588,0.0,-10.0,-94.0
1775973632.819659,-2.0,-10.0,-100.0
1775973632.829659,-5.0,-9.0,-95.0
1775973632.839659,-2.0,-6.0,-98.0
1775973632.849659,-4.0,-5.0,-98.0
1775973632.859659,-10.0,-5.0,-101.0
1775973632.869659,-6.0,-6.0,-103.0
1775973632.879659,-3.0,-6.0,-106.0
1775973632.889659,-1.0,-6.0,-100.0
1775973632.899659,-4.0,-4.0,-101.0
1775973632.909659,-2.0,-2.0,-102.0
1775973632.919659,-1.0,-3.0,-105.0
1775973632.929659,-7.0,-4.0,-110.0
1775973632.9396589,-7.0,-2.0,-115.0
1775973632.9496589,-9.0,-1.0,-113.0
1775973632.9596589,-6.0,1.0,-116.0
1775973632.9696589,-2.0,1.0,-119.0
1775973632.9796588,1.0,0.0,-125.0
1775973632.9896588,2.0,-3.0,-123.0
1775973632.9996588,4.0,-5.0,-111.0
1775973633.0096588,12.0,-3.0,-112.0
1775973633.0196588,9.0,-6.0,-112.0
1775973633.0296588,8.0,-7.0,-114.0
1775973633.0396588,3.0,-7.0,-115.0
1775973633.0496588,2.0,-4.0,-113.0
1775973633.0596588,0.0,-4.0,-110.0
1775973633.069659,0.0,-3.0,-110.0
1775973633.079659,2.0,-5.0,-112.0
1775973633.089659,4.0,1.0,-112.0
1775973633.099659,3.0,-1.0,-117.0
1775973633.109659,0.0,-1.0,-119.0
1775973633.119659,-5.0,-3.0,-115.0
1775973633.1306589,-3.0,-7.0,-104.0
1775973633.1406589,-4.0,-7.0,-100.0
1775973633.1506588,-2.0,-7.0,-104.0
1775973633.1606588,0.0,-4.0,-101.0
1775973633.1706588,0.0,-1.0,-107.0
1775973633.1806588,-1.0,0.0,-105.0
1775973633.1906588,1.0,0.0,-108.0
1775973633.2006588,4.0,-1.0,-113.0
1775973633.2106588,5.0,0.0,-106.0
1775973633.2206588,2.0,0.0,-102.0
1775973633.2306588,0.0,3.0,-99.0
1775973633.2406588,-4.0,3.0,-104.0
1775973633.250659,-6.0,3.0,-109.0
1775973633.260659,-9.0,0.0,-107.0
1775973633.270659,-8.0,0.0,-101.0
1775973633.280659,-7.0,0.0,-100.0
1775973633.290659,-5.0,-1.0,-105.0
1775973633.300659,-4.0,3.0,-109.0
1775973633.310659,-6.0,0.0,-111.0
1775973633.320659,-3.0,2.0,-108.0
1775973633.330659,1.0,0.0,-109.0
1775973633.340659,2.0,2.0,-109.0
1775973633.350659,4.0,-1.0,-110.0
1775973633.360659,5.0,-4.0,-110.0
1775973633.3706589,5.0,-4.0,-114.0
1775973633.3806589,5.0,-2.0,-119.0
1775973633.3906589,4.0,-4.0,-121.0
1775973633.4006588,2.0,-6.0,-119.0
1775973633.4106588,2.0,-9.0,-118.0
1775973633.4206588,0.0,-8.0,-115.0
1775973633.4306588,3.0,-4.0,-102.0
1775973633.4406588,5.0,-6.0,-101.0
1775973633.4506588,0.0,-6.0,-105.0
1775973633.4606588,4.0,-4.0,-103.0
1775973633.4706588,0.0,-4.0,-102.0
1775973633.4806588,0.0,-2.0,-108.0
1775973633.4906588,3.0,-1.0,-104.0
1775973633.500659,3.0,0.0,-107.0
1775973633.510659,4.0,0.0,-108.0
1775973633.520659,8.0,1.0,-113.0
1775973633.530659,2.0,1.0,-111.0
1775973633.540659,5.0,-1.0,-113.0
1775973633.550659,5.0,0.0,-113.0
1775973633.560659,2.0,2.0,-109.0
1775973633.570659,0.0,5.0,-115.0
1775973633.580659,0.0,7.0,-111.0
1775973633.590659,1.0,6.0,-115.0
1775973633.600659,0.0,0.0,-108.0
1775973633.610659,0.0,0.0,-113.0
1775973633.6206589,2.0,1.0,-113.0
1775973633.6306589,3.0,2.0,-115.0
1775973633.6406589,2.0,5.0,-105.0
1775973633.6506588,-3.0,4.0,-97.0
1775973633.6606588,-4.0,4.0,-98.0
1775973633.6706588,-2.0,5.0,-105.0
1775973633.6806588,-3.0,3.0,-115.0
1775973633.6906588,-2.0,0.0,-118.0
1775973633.7006588,0.0,-3.0,-115.0
1775973633.7106588,4.0,-5.0,-106.0
1775973633.7206588,-1.0,-3.0,-106.0
1775973633.7306588,2.0,-5.0,-107.0
1775973633.7406588,2.0,-4.0,-108.0
1775973633.750659,-3.0,0.0,-115.0
1775973633.760659,-7.0,0.0,-115.0
1775973633.770659,-7.0,-1.0,-112.0
1775973633.780659,-9.0,-1.0,-106.0
1775973633.790659,-8.0,-1.0,-102.0
1775973633.800659,-10.0,-2.0,-105.0
1775973633.810659,-9.0,-6.0,-110.0
1775973633.820659,-7.0,-8.0,-110.0
1775973633.830659,-5.0,-3.0,-105.0
1775973633.840659,-6.0,-3.0,-100.0
1775973633.850659,-9.0,-7.0,-98.0
1775973633.860659,-10.0,-4.0,-103.0
1775973633.8706589,-4.0,1.0,-105.0
1775973633.8806589,-1.0,2.0,-103.0
1775973633.8906589,-2.0,3.0,-94.0
1775973633.9006588,-3.0,4.0,-95.0
1775973633.9106588,-1.0,4.0,-99.0
1775973633.9206588,0.0,4.0,-97.0
1775973633.9306588,-3.0,0.0,-106.0
1775973633.9406588,-2.0,0.0,-106.0
1775973633.9506588,-2.0,0.0,-106.0
1775973633.9606588,-5.0,-1.0,-109.0
1775973633.9706588,-4.0,-6.0,-119.0
1775973633.9806588,-1.0,0.0,-117.0
1775973633.9906588,-1.0,1.0,-115.0
1775973634.000659,-2.0,3.0,-105.0
1775973634.010659,-4.0,7.0,-101.0
1775973634.020659,-1.0,7.0,-102.0
1775973634.030659,0.0,4.0,-106.0
1775973634.040659,-1.0,3.0,-110.0
1775973634.050659,0.0,6.0,-110.0
1775973634.060659,1.0,7.0,-103.0
1775973634.070659,3.0,3.0,-104.0
1775973634.080659,2.0,2.0,-104.0
1775973634.090659,4.0,1.0,-107.0
1775973634.100659,0.0,4.0,-106.0
1775973634.110659,-3.0,3.0,-111.0
1775973634.1206589,-3.0,0.0,-109.0
1775973634.1306589,-1.0,-2.0,-117.0
1775973634.1406589,1.0,-2.0,-119.0
1775973634.1506588,3.0,-6.0,-124.0
1775973634.1606588,-1.0,-7.0,-122.0
1775973634.1706588,-2.0,0.0,-124.0
1775973634.1806588,-7.0,-5.0,-117.0
1775973634.1906588,-4.0,-5.0,-114.0
1775973634.2006588,-1.0,-6.0,-109.0
1775973634.2106588,4.0,-4.0,-108.0
1775973634.2206588,-2.0,-4.0,-112.0
1775973634.2306588,-6.0,-5.0,-112.0
1775973634.2406588,-4.0,-2.0,-110.0
1775973634.250659,-3.0,-3.0,-111.0
1775973634.260659,-2.0,-1.0,-117.0
1775973634.270659,0.0,-3.0,-113.0
1775973634.280659,-3.0,-7.0,-112.0
1775973634.290659,-2.0,-2.0,-108.0
1775973634.300659,0.0,-1.0,-108.0
1775973634.310659,2.0,-3.0,-109.0
1775973634.320659,-5.0,-3.0,-107.0
1775973634.330659,-10.0,-2.0,-107.0
1775973634.340659,-5.0,0.0,-106.0
1775973634.350659,-8.0,0.0,-108.0
1775973634.360659,-8.0,-2.0,-108.0
1775973634.3706589,-8.0,1.0,-106.0
1775973634.3806589,-10.0,3.0,-105.0
1775973634.3906589,-10.0,2.0,-106.0
1775973634.4006588,-3.0,-2.0,-106.0
1775973634.4106588,0.0,-4.0,-108.0
1775973634.4206588,-7.0,-1.0,-109.0
1775973634.4306588,-6.0,-1.0,-109.0
1775973634.4406588,-8.0,-3.0,-114.0
1775973634.4506588,-9.0,-1.0,-114.0
1775973634.4606588,-6.0,0.0,-112.0
1775973634.4706588,-6.0,0.0,-112.0
1775973634.4806588,-8.0,0.0,-117.0
1775973634.4906588,-6.0,-3.0,-117.0
1775973634.500659,0.0,-5.0,-117.0
1775973634.510659,4.0,-6.0,-115.0
1775973634.520659,2.0,-3.0,-110.0
1775973634.530659,4.0,-1.0,-109.0
1775973634.540659,3.0,1.0,-103.0
1775973634.550659,2.0,1.0,-108.0
1775973634.560659,5.0,-2.0,-113.0
1775973634.570659,10.0,-4.0,-106.0
1775973634.580659,7.0,-5.0,-101.0
1775973634.590659,6.0,-4.0,-107.0
1775973634.600659,6.0,-2.0,-111.0
1775973634.610659,6.0,-2.0,-115.0
1775973634.6206589,9.0,-5.0,-114.0
1775973634.6306589,8.0,-1.0,-109.0
1775973634.6406589,8.0,-4.0,-110.0
1775973634.6506588,3.0,-7.0,-108.0
1775973634.6606588,4.0,-4.0,-113.0
1775973634.6706588,5.0,-4.0,-114.0
1775973634.6806588,4.0,-3.0,-112.0
1775973634.6906588,3.0,2.0,-108.0
1775973634.7006588,2.0,3.0,-106.0
1775973634.7106588,0.0,2.0,-104.0
1775973634.7206588,-2.0,0.0,-109.0
1775973634.7306588,-5.0,-2.0,-105.0
1775973634.7406588,-4.0,0.0,-97.0
1775973634.750659,2.0,0.0,-102.0
1775973634.760659,7.0,2.0,-103.0
1775973634.770659,1.0,0.0,-96.0
1775973634.780659,-3.0,-1.0,-97.0
1775973634.790659,-8.0,-1.0,-104.0
1775973634.800659,-10.0,0.0,-112.0
1775973634.810659,-9.0,-2.0,-119.0
1775973634.820659,-7.0,-3.0,-119.0
1775973634.830659,-6.0,-3.0,-113.0
1775973634.840659,-10.0,-5.0,-111.0
1775973634.850659,-8.0,-2.0,-115.0
1775973634.860659,-10.0,-3.0,-113.0
1775973634.8706589,-8.0,-3.0,-116.0
1775973634.8806589,-5.0,-3.0,-112.0
1775973634.8906589,-4.0,-5.0,-111.0
1775973634.9006588,-2.0,-1.0,-104.0
1775973634.9106588,-6.0,-3.0,-106.0
1775973634.9206588,-7.0,-6.0,-110.0
1775973634.9306588,-1.0,-3.0,-113.0
1775973634.9406588,-3.0,-2.0,-110.0
1775973634.9506588,-1.0,-6.0,-116.0
1775973634.9606588,0.0,-7.0,-114.0
1775973634.9706588,3.0,-7.0,-112.0
1775973634.9806588,3.0,-7.0,-112.0
1775973634.9906588,3.0,-1.0,-116.0
1775973635.000659,-1.0,2.0,-116.0
1775973635.010659,-6.0,1.0,-114.0
1775973635.020659,-3.0,0.0,-112.0
1775973635.030659,-1.0,1.0,-114.0
1775973635.040659,0.0,2.0,-117.0
1775973635.050659,-1.0,1.0,-118.0
1775973635.060659,0.0,2.0,-115.0
1775973635.070659,2.0,1.0,-113.0
1775973635.080659,7.0,0.0,-106.0
1775973635.090659,6.0,-1.0,-100.0
1775973635.100659,4.0,1.0,-104.0
1775973635.110659,4.0,5.0,-102.0
1775973635.1206589,3.0,4.0,-97.0
1775973635.1306589,0.0,8.0,-102.0
1775973635.1406589,1.0,6.0,-104.0
1775973635.1506588,1.0,3.0,-112.0
1775973635.1606588,0.0,4.0,-110.0
1775973635.1706588,0.0,3.0,-107.0
1775973635.181659,0.0,5.0,-105.0
1775973635.191659,-1.0,5.0,-104.0
1775973635.201659,-3.0,5.0,-97.0
1775973635.211659,0.0,8.0,-102.0
1775973635.221659,-6.0,8.0,-99.0
1775973635.231659,-6.0,3.0,-97.0
1775973635.241659,-2.0,1.0,-94.0
1775973635.251659,-4.0,0.0,-95.0
1775973635.261659,-9.0,-2.0,-98.0
1775973635.271659,-8.0,2.0,-106.0
1775973635.281659,-5.0,2.0,-112.0
1775973635.2916589,-1.0,0.0,-117.0
1775973635.3016589,-1.0,-5.0,-111.0
1775973635.3116589,-4.0,-2.0,-110.0
1775973635.3216588,-5.0,-1.0,-103.0
1775973635.3316588,2.0,-1.0,-101.0
1775973635.3416588,3.0,1.0,-100.0
1775973635.3516588,3.0,3.0,-103.0
1775973635.3616588,5.0,2.0,-104.0
1775973635.3716588,7.0,0.0,-104.0
1775973635.3816588,5.0,1.0,-108.0
1775973635.3916588,7.0,0.0,-101.0
1775973635.4016588,4.0,-1.0,-105.0
1775973635.4116588,-2.0,-4.0,-109.0
1775973635.421659,-2.0,-5.0,-108.0
1775973635.431659,-2.0,-2.0,-100.0
1775973635.441659,3.0,-4.0,-106.0
1775973635.451659,6.0,-7.0,-105.0
1775973635.461659,7.0,-8.0,-112.0
1775973635.471659,7.0,-12.0,-108.0
1775973635.481659,6.0,-9.0,-103.0
1775973635.491659,5.0,-8.0,-111.0
1775973635.501659,4.0,-8.0,-114.0
1775973635.511659,1.0,-6.0,-120.0
1775973635.521659,-2.0,-2.0,-115.0
1775973635.531659,1.0,-3.0,-113.0
1775973635.5416589,-1.0,0.0,-118.0
1775973635.5516589,-1.0,1.0,-115.0
1775973635.5616589,-1.0,-2.0,-114.0
1775973635.5716588,1.0,-5.0,-114.0
1775973635.5816588,1.0,-4.0,-113.0
1775973635.5916588,2.0,1.0,-112.0
1775973635.6016588,0.0,0.0,-108.0
1775973635.6116588,-2.0,0.0,-110.0
1775973635.6216588,-1.0,0.0,-108.0
1775973635.6316588,-2.0,-2.0,-104.0
1775973635.6416588,-4.0,-5.0,-104.0
1775973635.6516588,-1.0,-7.0,-111.0
1775973635.6616588,0.0,-5.0,-102.0
1775973635.671659,0.0,-3.0,-103.0
1775973635.681659,-10.0,-7.0,-107.0
1775973635.691659,-7.0,-7.0,-109.0
1775973635.701659,-3.0,-5.0,-106.0
1775973635.711659,-7.0,-2.0,-107.0
1775973635.721659,-10.0,-2.0,-107.0
1775973635.731659,-11.0,-4.0,-114.0
1775973635.741659,-4.0,-5.0,-113.0
1775973635.751659,-2.0,-4.0,-121.0
1775973635.761659,-3.0,-4.0,-120.0
1775973635.771659,-2.0,-4.0,-116.0
1775973635.781659,-1.0,-6.0,-112.0
1775973635.7916589,0.0,-8.0,-107.0
1775973635.8016589,2.0,-7.0,-108.0
1775973635.8116589,0.0,-5.0,-103.0
1775973635.8216588,0.0,-3.0,-98.0
1775973635.8316588,3.0,0.0,-100.0
1775973635.8416588,1.0,0.0,-102.0
1775973635.8516588,0.0,-1.0,-111.0
1775973635.8616588,-4.0,-3.0,-108.0
1775973635.8716588,-7.0,-2.0,-110.0
1775973635.8816588,-7.0,1.0,-106.0
1775973635.8916588,1.0,2.0,-104.0
1775973635.9016588,4.0,-3.0,-100.0
1775973635.9116588,7.0,-2.0,-101.0
1775973635.921659,6.0,-7.0,-106.0
1775973635.931659,2.0,-3.0,-102.0
1775973635.941659,1.0,-1.0,-106.0
1775973635.951659,-2.0,0.0,-106.0
1775973635.961659,-4.0,-1.0,-106.0
1775973635.971659,-6.0,1.0,-108.0
1775973635.981659,-6.0,4.0,-109.0
1775973635.991659,-4.0,2.0,-111.0
1775973636.001659,-5.0,-1.0,-113.0
1775973636.011659,-7.0,-1.0,-116.0
1775973636.021659,-3.0,0.0,-113.0
1775973636.031659,-2.0,0.0,-107.0
1775973636.0416589,-2.0,2.0,-113.0
1775973636.0516589,-4.0,3.0,-121.0
1775973636.0616589,-3.0,0.0,-117.0
1775973636.0716588,-4.0,-3.0,-112.0
1775973636.0816588,-9.0,0.0,-110.0
1775973636.0916588,-8.0,2.0,-112.0
1775973636.1016588,-7.0,2.0,-113.0
1775973636.1116588,-6.0,5.0,-109.0
1775973636.1216588,-6.0,7.0,-106.0
1775973636.1316588,0.0,9.0,-111.0
1775973636.1416588,-3.0,5.0,-113.0
1775973636.1516588,-9.0,7.0,-115.0
1775973636.1616588,-9.0,4.0,-114.0
1775973636.171659,-5.0,-4.0,-115.0
1775973636.181659,-7.0,-5.0,-112.0
1775973636.191659,-4.0,-4.0,-114.0
1775973636.201659,-4.0,0.0,-117.0
1775973636.211659,-4.0,0.0,-113.0
1775973636.221659,-2.0,2.0,-115.0
1775973636.231659,-5.0,1.0,-117.0
1775973636.241659,-6.0,2.0,-117.0
1775973636.251659,-3.0,0.0,-113.0
1775973636.261659,-4.0,2.0,-115.0
1775973636.271659,-10.0,1.0,-123.0
1775973636.281659,-8.0,2.0,-112.0
1775973636.2916589,-6.0,3.0,-110.0
1775973636.3016589,-3.0,1.0,-107.0
1775973636.3116589,-1.0,1.0,-108.0
1775973636.3216588,-3.0,0.0,-107.0
1775973636.3316588,-4.0,0.0,-105.0
1775973636.3416588,-4.0,-2.0,-102.0
1775973636.3516588,-9.0,-3.0,-100.0
1775973636.3616588,-8.0,-3.0,-101.0
1775973636.3716588,-6.0,3.0,-102.0
1775973636.3816588,-11.0,6.0,-100.0
1775973636.3916588,-14.0,5.0,-101.0
1775973636.4016588,-14.0,5.0,-104.0
1775973636.4116588,-8.0,7.0,-109.0
1775973636.421659,-7.0,2.0,-103.0
1775973636.431659,-4.0,1.0,-105.0
1775973636.441659,-1.0,-1.0,-104.0
1775973636.451659,0.0,2.0,-108.0
1775973636.461659,0.0,4.0,-103.0
1775973636.471659,-2.0,7.0,-102.0
1775973636.481659,-4.0,2.0,-99.0
1775973636.491659,-7.0,0.0,-97.0
1775973636.501659,-1.0,0.0,-95.0
1775973636.511659,-3.0,-4.0,-100.0
1775973636.521659,-4.0,0.0,-100.0
1775973636.531659,-1.0,0.0,-100.0
1775973636.5416589,1.0,0.0,-97.0
1775973636.5516589,0.0,0.0,-98.0
1775973636.5616589,-3.0,-3.0,-96.0
1775973636.5716588,-1.0,-4.0,-101.0
1775973636.5816588,0.0,3.0,-99.0
1775973636.5916588,5.0,4.0,-100.0
1775973636.6016588,3.0,2.0,-100.0
1775973636.6116588,1.0,0.0,-102.0
1775973636.6216588,-3.0,0.0,-103.0
1775973636.6316588,0.0,1.0,-105.0
1775973636.6416588,-1.0,-1.0,-108.0
1775973636.6516588,2.0,-2.0,-108.0
1775973636.6616588,1.0,-2.0,-109.0
1775973636.671659,1.0,-1.0,-108.0
1775973636.681659,0.0,3.0,-108.0
1775973636.691659,-2.0,2.0,-104.0
1775973636.701659,-2.0,0.0,-112.0
1775973636.711659,1.0,2.0,-109.0
1775973636.721659,5.0,5.0,-116.0
1775973636.731659,6.0,4.0,-112.0
1775973636.741659,6.0,2.0,-105.0
1775973636.751659,3.0,1.0,-103.0
1775973636.761659,6.0,2.0,-109.0
1775973636.771659,8.0,-1.0,-112.0
1775973636.781659,5.0,-1.0,-109.0
1775973636.7916589,3.0,-2.0,-113.0
1775973636.8016589,-4.0,0.0,-114.0
1775973636.8116589,-5.0,1.0,-113.0
1775973636.8216588,-4.0,3.0,-114.0
1775973636.8316588,0.0,2.0,-112.0
1775973636.8416588,-3.0,0.0,-103.0
1775973636.8516588,0.0,2.0,-101.0
1775973636.8616588,-1.0,0.0,-105.0
1775973636.8716588,-2.0,0.0,-107.0
1775973636.8816588,0.0,1.0,-116.0
1775973636.8916588,2.0,5.0,-118.0
1775973636.9016588,1.0,3.0,-115.0
1775973636.9116588,-2.0,3.0,-115.0
1775973636.921659,-1.0,0.0,-117.0
1775973636.931659,-2.0,-1.0,-117.0
1775973636.941659,-2.0,-1.0,-110.0
1775973636.951659,-3.0,0.0,-107.0
1775973636.961659,-6.0,1.0,-105.0
1775973636.971659,-4.0,0.0,-103.0
1775973636.981659,-4.0,0.0,-111.0
1775973636.991659,-2.0,-1.0,-115.0
1775973637.001659,-1.0,-3.0,-109.0
1775973637.011659,-3.0,-4.0,-107.0
1775973637.021659,-1.0,0.0,-113.0
1775973637.031659,1.0,-3.0,-117.0
1775973637.0416589,0.0,-1.0,-116.0
1775973637.0516589,0.0,-1.0,-111.0
1775973637.0616589,0.0,-3.0,-115.0
1775973637.0716588,6.0,-3.0,-111.0
1775973637.0816588,4.0,-4.0,-110.0
1775973637.0916588,5.0,-7.0,-102.0
1775973637.1016588,4.0,-6.0,-104.0
1775973637.1116588,4.0,-7.0,-109.0
1775973637.1216588,7.0,-8.0,-106.0
1775973637.1316588,5.0,-8.0,-103.0
1775973637.1416588,0.0,-7.0,-105.0
1775973637.1516588,-4.0,-5.0,-105.0
1775973637.1616588,-9.0,-4.0,-105.0
1775973637.171659,-7.0,-4.0,-105.0
1775973637.181659,-6.0,-5.0,-103.0
1775973637.191659,-3.0,-2.0,-99.0
1775973637.201659,-2.0,0.0,-104.0
1775973637.211659,-6.0,-1.0,-109.0
1775973637.2226589,-6.0,-2.0,-109.0
1775973637.2326589,-3.0,-1.0,-108.0
1775973637.2426589,-6.0,0.0,-103.0
1775973637.2526588,0.0,3.0,-110.0
1775973637.2626588,2.0,2.0,-109.0
1775973637.2726588,1.0,1.0,-113.0
1775973637.2826588,2.0,2.0,-109.0
1775973637.2926588,4.0,6.0,-109.0
1775973637.3026588,0.0,5.0,-109.0
1775973637.3116589,4.0,3.0,-109.0
1775973637.3226588,7.0,5.0,-120.0
1775973637.3326588,4.0,3.0,-111.0
1775973637.3426588,5.0,7.0,-104.0
1775973637.352659,4.0,8.0,-103.0
1775973637.362659,0.0,6.0,-106.0
1775973637.372659,0.0,4.0,-104.0
1775973637.382659,0.0,3.0,-105.0
1775973637.392659,0.0,-1.0,-109.0
1775973637.402659,-1.0,-1.0,-107.0
1775973637.412659,0.0,-4.0,-112.0
1775973637.422659,1.0,-4.0,-109.0
1775973637.432659,2.0,-5.0,-110.0
1775973637.442659,5.0,-5.0,-107.0
1775973637.452659,7.0,0.0,-107.0
1775973637.462659,1.0,2.0,-108.0
1775973637.4726589,1.0,1.0,-111.0
1775973637.4826589,-2.0,1.0,-114.0
1775973637.4926589,-1.0,-2.0,-111.0
1775973637.5026588,0.0,0.0,-111.0
1775973637.5126588,1.0,-5.0,-108.0
1775973637.5226588,3.0,-6.0,-106.0
1775973637.5326588,2.0,-4.0,-103.0
1775973637.5426588,0.0,-6.0,-105.0
1775973637.5526588,-4.0,-2.0,-101.0
1775973637.5626588,-2.0,-1.0,-102.0
1775973637.5726588,1.0,-2.0,-98.0
1775973637.5826588,3.0,-3.0,-98.0
1775973637.5926588,3.0,-1.0,-94.0
1775973637.602659,3.0,1.0,-98.0
1775973637.612659,1.0,-2.0,-104.0
1775973637.622659,5.0,-5.0,-105.0
1775973637.632659,6.0,-2.0,-98.0
1775973637.642659,3.0,-1.0,-100.0
1775973637.652659,5.0,0.0,-97.0
1775973637.662659,5.0,3.0,-95.0
1775973637.672659,6.0,1.0,-100.0
1775973637.682659,6.0,-2.0,-98.0
1775973637.692659,6.0,-2.0,-104.0
1775973637.702659,2.0,-8.0,-104.0
1775973637.712659,0.0,-10.0,-102.0
1775973637.7226589,0.0,-9.0,-103.0
1775973637.7326589,0.0,-8.0,-102.0
1775973637.7426589,0.0,-6.0,-100.0
1775973637.7526588,3.0,-9.0,-101.0
1775973637.7626588,-1.0,-11.0,-99.0
1775973637.7726588,0.0,-11.0,-98.0
1775973637.7826588,5.0,-7.0,-94.0
1775973637.7926588,0.0,-6.0,-96.0
1775973637.8026588,2.0,-5.0,-97.0
1775973637.8126588,1.0,-4.0,-102.0
1775973637.8226588,4.0,-4.0,-108.0
1775973637.8326588,8.0,-3.0,-104.0
1775973637.8426588,7.0,0.0,-97.0
1775973637.852659,3.0,1.0,-90.0
1775973637.862659,2.0,3.0,-93.0
1775973637.872659,5.0,4.0,-99.0
1775973637.882659,2.0,3.0,-103.0
1775973637.892659,2.0,2.0,-109.0
1775973637.902659,0.0,2.0,-107.0
1775973637.912659,0.0,1.0,-106.0
1775973637.922659,2.0,1.0,-108.0
1775973637.932659,5.0,3.0,-109.0
1775973637.942659,5.0,3.0,-111.0
1775973637.952659,2.0,1.0,-115.0
1775973637.962659,0.0,1.0,-114.0
1775973637.9726589,-2.0,-2.0,-114.0
1775973637.9826589,-4.0,-3.0,-107.0
1775973637.9926589,-1.0,-2.0,-103.0
1775973638.0026588,0.0,2.0,-103.0
1775973638.0126588,3.0,5.0,-102.0
1775973638.0226588,0.0,6.0,-101.0
1775973638.0326588,-3.0,2.0,-102.0
1775973638.0426588,0.0,4.0,-100.0
1775973638.0526588,-4.0,4.0,-107.0
1775973638.0626588,-2.0,7.0,-104.0
1775973638.0726588,-2.0,0.0,-108.0
1775973638.0826588,-6.0,0.0,-114.0
1775973638.0926588,-7.0,2.0,-113.0
1775973638.102659,-4.0,0.0,-114.0
1775973638.112659,-2.0,-2.0,-112.0
1775973638.122659,-2.0,-3.0,-110.0
1775973638.132659,-2.0,-2.0,-111.0
1775973638.142659,-2.0,0.0,-110.0
1775973638.152659,-1.0,0.0,-116.0
1775973638.162659,-1.0,0.0,-115.0
1775973638.172659,-3.0,-3.0,-110.0
1775973638.182659,-1.0,-2.0,-111.0
1775973638.192659,-1.0,-4.0,-115.0
1775973638.202659,5.0,0.0,-115.0
1775973638.212659,3.0,0.0,-118.0
1775973638.2226589,0.0,0.0,-117.0
1775973638.2326589,-3.0,0.0,-110.0
1775973638.2426589,-3.0,1.0,-107.0
1775973638.2526588,0.0,1.0,-110.0
1775973638.2626588,-2.0,0.0,-106.0
1775973638.2726588,0.0,2.0,-109.0
1775973638.2826588,-1.0,-1.0,-109.0
1775973638.2926588,-1.0,0.0,-111.0
1775973638.3026588,-5.0,2.0,-105.0
1775973638.3126588,0.0,4.0,-105.0
1775973638.3226588,3.0,0.0,-99.0
1775973638.3326588,3.0,-1.0,-104.0
1775973638.3426588,4.0,-3.0,-101.0
1775973638.352659,-1.0,-8.0,-101.0
1775973638.362659,-2.0,-4.0,-102.0
1775973638.372659,2.0,-2.0,-105.0
1775973638.382659,1.0,-2.0,-105.0
1775973638.392659,1.0,-4.0,-99.0
1775973638.402659,1.0,-2.0,-100.0
1775973638.412659,3.0,0.0,-100.0
1775973638.422659,2.0,-1.0,-104.0
1775973638.432659,3.0,5.0,-98.0
1775973638.442659,0.0,2.0,-100.0
1775973638.452659,-1.0,1.0,-104.0
1775973638.462659,0.0,6.0,-106.0
1775973638.4726589,-1.0,4.0,-107.0
1775973638.4826589,-1.0,2.0,-109.0
1775973638.4926589,-2.0,0.0,-113.0
1775973638.5026588,-6.0,0.0,-114.0
1775973638.5126588,-2.0,-5.0,-111.0
1775973638.5226588,1.0,-4.0,-114.0
1775973638.5326588,1.0,-1.0,-113.0
1775973638.5426588,3.0,3.0,-112.0
1775973638.5526588,4.0,5.0,-112.0
1775973638.5626588,1.0,5.0,-107.0
1775973638.5726588,1.0,4.0,-105.0
1775973638.5826588,3.0,3.0,-94.0
1775973638.5926588,-2.0,2.0,-97.0
1775973638.602659,-7.0,2.0,-101.0
1775973638.612659,-4.0,0.0,-100.0
1775973638.622659,-6.0,7.0,-104.0
1775973638.632659,-4.0,2.0,-108.0
1775973638.6436589,-4.0,5.0,-108.0
1775973638.652659,-4.0,6.0,-114.0
1775973638.662659,-2.0,2.0,-110.0
1775973638.672659,1.0,0.0,-108.0
1775973638.682659,7.0,0.0,-112.0
1775973638.692659,8.0,0.0,-105.0
1775973638.702659,6.0,0.0,-100.0
1775973638.712659,1.0,2.0,-99.0
1775973638.7226589,-6.0,2.0,-101.0
1775973638.7326589,-8.0,1.0,-102.0
1775973638.7426589,-7.0,-1.0,-103.0
1775973638.7526588,-6.0,-2.0,-101.0
1775973638.7626588,-5.0,-2.0,-101.0
1775973638.7726588,-5.0,0.0,-110.0
1775973638.7826588,-7.0,0.0,-111.0
1775973638.7926588,-7.0,-4.0,-111.0
1775973638.8026588,-7.0,-6.0,-108.0
1775973638.8126588,0.0,-6.0,-108.0
1775973638.8226588,-1.0,-7.0,-98.0
1775973638.8326588,0.0,-10.0,-102.0
1775973638.8426588,3.0,-7.0,-108.0
1775973638.852659,-1.0,-2.0,-108.0
1775973638.862659,0.0,-5.0,-111.0
1775973638.872659,3.0,-4.0,-109.0
1775973638.882659,1.0,-1.0,-103.0
1775973638.892659,2.0,6.0,-101.0
1775973638.902659,2.0,8.0,-105.0
1775973638.912659,3.0,3.0,-108.0
1775973638.922659,-1.0,4.0,-102.0
1775973638.932659,1.0,3.0,-108.0
1775973638.942659,0.0,4.0,-110.0
1775973638.952659,0.0,3.0,-108.0
1775973638.962659,0.0,3.0,-108.0
1775973638.9726589,-2.0,1.0,-116.0
1775973638.9826589,-4.0,1.0,-114.0
1775973638.9926589,-2.0,0.0,-112.0
1775973639.0026588,1.0,1.0,-105.0
1775973639.0126588,3.0,2.0,-103.0
1775973639.0226588,0.0,2.0,-103.0
1775973639.0326588,0.0,1.0,-100.0
1775973639.0426588,3.0,1.0,-99.0
1775973639.0526588,1.0,3.0,-104.0
1775973639.0626588,-1.0,2.0,-107.0
1775973639.0726588,0.0,2.0,-106.0
1775973639.0826588,2.0,1.0,-101.0
1775973639.0926588,0.0,-1.0,-104.0
1775973639.102659,3.0,-1.0,-105.0
1775973639.112659,1.0,-2.0,-100.0
1775973639.122659,0.0,-7.0,-104.0
1775973639.132659,0.0,-9.0,-107.0
1775973639.142659,0.0,-8.0,-107.0
1775973639.152659,0.0,-6.0,-109.0
1775973639.162659,-1.0,-6.0,-104.0
1775973639.172659,-1.0,-5.0,-101.0
1775973639.182659,0.0,-11.0,-98.0
1775973639.192659,-2.0,-9.0,-104.0
1775973639.202659,-2.0,-5.0,-113.0
1775973639.212659,-3.0,-2.0,-112.0
1775973639.2226589,-6.0,0.0,-111.0
1775973639.2326589,-7.0,2.0,-111.0
1775973639.2426589,-7.0,0.0,-115.0
1775973639.2526588,-6.0,-6.0,-112.0
1775973639.2626588,-6.0,-5.0,-111.0
1775973639.273659,-6.0,-3.0,-107.0
1775973639.2826588,-3.0,4.0,-109.0
1775973639.293659,-7.0,4.0,-111.0
1775973639.303659,-9.0,3.0,-106.0
1775973639.313659,-6.0,4.0,-107.0
1775973639.323659,-3.0,0.0,-113.0
1775973639.333659,-2.0,-1.0,-116.0
1775973639.343659,-1.0,0.0,-117.0
1775973639.353659,-2.0,7.0,-111.0
1775973639.363659,0.0,6.0,-108.0
1775973639.373659,0.0,6.0,-107.0
1775973639.383659,-1.0,0.0,-113.0
1775973639.3936589,4.0,-5.0,-116.0
1775973639.4036589,5.0,-5.0,-118.0
1775973639.4136589,2.0,-4.0,-114.0
1775973639.4236588,0.0,-1.0,-112.0
1775973639.4336588,0.0,-1.0,-106.0
1775973639.4436588,0.0,-2.0,-106.0
1775973639.4536588,0.0,-1.0,-112.0
1775973639.4636588,-3.0,0.0,-108.0
1775973639.4736588,0.0,0.0,-109.0
1775973639.4836588,0.0,-5.0,-115.0
1775973639.4936588,0.0,0.0,-120.0
1775973639.5036588,0.0,0.0,-118.0
1775973639.5136588,4.0,-1.0,-118.0
1775973639.523659,1.0,0.0,-118.0
1775973639.533659,-1.0,2.0,-105.0
1775973639.543659,-1.0,1.0,-105.0
1775973639.553659,-1.0,-1.0,-111.0
1775973639.563659,-1.0,1.0,-111.0
1775973639.573659,-5.0,8.0,-104.0
1775973639.583659,-6.0,2.0,-103.0
1775973639.593659,-8.0,1.0,-106.0
1775973639.603659,-3.0,1.0,-112.0
1775973639.613659,-4.0,-2.0,-113.0
1775973639.623659,-4.0,-4.0,-111.0
1775973639.633659,-3.0,-1.0,-110.0
1775973639.6436589,-3.0,0.0,-107.0
1775973639.6536589,-4.0,0.0,-104.0
1775973639.6636589,-6.0,-4.0,-102.0
1775973639.6736588,-2.0,2.0,-107.0
1775973639.6836588,-3.0,3.0,-115.0
1775973639.6936588,-4.0,3.0,-118.0
1775973639.7036588,-4.0,3.0,-118.0
1775973639.7136588,-2.0,0.0,-114.0
1775973639.7236588,0.0,-1.0,-112.0
1775973639.7336588,3.0,-2.0,-109.0
1775973639.7436588,1.0,-3.0,-111.0
1775973639.7536588,-2.0,-5.0,-104.0
1775973639.7636588,-3.0,-3.0,-104.0
1775973639.773659,-6.0,0.0,-105.0
1775973639.783659,-9.0,3.0,-105.0
1775973639.793659,-5.0,3.0,-104.0
1775973639.803659,0.0,2.0,-103.0
1775973639.813659,0.0,6.0,-99.0
1775973639.823659,0.0,1.0,-103.0
1775973639.833659,0.0,0.0,-108.0
1775973639.843659,3.0,0.0,-110.0
1775973639.853659,1.0,3.0,-107.0
1775973639.863659,-3.0,0.0,-106.0
1775973639.873659,0.0,0.0,-112.0
1775973639.883659,-2.0,2.0,-108.0
1775973639.8936589,-2.0,2.0,-111.0
1775973639.9036589,-8.0,1.0,-107.0
1775973639.9136589,-14.0,0.0,-109.0
1775973639.9236588,-12.0,-1.0,-114.0
1775973639.9336588,-13.0,-3.0,-116.0
1775973639.9436588,-10.0,-7.0,-117.0
1775973639.9536588,-8.0,1.0,-110.0
1775973639.9636588,-6.0,2.0,-105.0
1775973639.9736588,-3.0,-2.0,-104.0
1775973639.9836588,-3.0,-6.0,-104.0
1775973639.9936588,-5.0,-5.0,-111.0
1775973640.0036588,1.0,0.0,-114.0
1775973640.0136588,0.0,4.0,-105.0
1775973640.023659,-4.0,3.0,-104.0
1775973640.033659,-6.0,2.0,-100.0
1775973640.043659,-2.0,0.0,-99.0
1775973640.053659,-1.0,-3.0,-102.0
1775973640.063659,-5.0,-4.0,-101.0
1775973640.073659,-7.0,-2.0,-104.0
1775973640.083659,-7.0,0.0,-103.0
1775973640.093659,-4.0,2.0,-108.0
1775973640.103659,0.0,2.0,-109.0
1775973640.113659,1.0,7.0,-105.0
1775973640.123659,0.0,7.0,-97.0
1775973640.133659,0.0,4.0,-97.0
1775973640.1436589,2.0,7.0,-99.0
1775973640.1536589,2.0,8.0,-103.0
1775973640.1636589,3.0,4.0,-104.0
1775973640.1736588,4.0,3.0,-103.0
1775973640.1836588,5.0,5.0,-99.0
1775973640.1936588,5.0,8.0,-102.0
1775973640.2036588,4.0,11.0,-105.0
1775973640.2136588,1.0,8.0,-101.0
1775973640.2236588,-2.0,6.0,-102.0
1775973640.2336588,-2.0,5.0,-105.0
1775973640.2436588,-1.0,5.0,-95.0
1775973640.2536588,4.0,3.0,-100.0
1775973640.2636588,-3.0,4.0,-105.0
1775973640.273659,-2.0,3.0,-111.0
1775973640.283659,-5.0,2.0,-112.0
1775973640.293659,-6.0,0.0,-107.0
1775973640.303659,-10.0,-4.0,-114.0
1775973640.313659,-11.0,-8.0,-119.0
1775973640.323659,-9.0,-4.0,-121.0
1775973640.333659,-13.0,-2.0,-116.0
1775973640.343659,-9.0,-2.0,-116.0
1775973640.353659,-4.0,1.0,-121.0
1775973640.363659,-5.0,5.0,-117.0
1775973640.373659,-2.0,7.0,-115.0
1775973640.383659,0.0,6.0,-117.0
1775973640.3936589,-1.0,0.0,-117.0
1775973640.4036589,-1.0,-4.0,-114.0
1775973640.4136589,5.0,-9.0,-112.0
1775973640.4236588,0.0,-7.0,-107.0
1775973640.4336588,-1.0,-4.0,-107.0
1775973640.4436588,-3.0,0.0,-109.0
1775973640.4536588,-10.0,-4.0,-112.0
1775973640.4636588,-10.0,0.0,-115.0
1775973640.4736588,-12.0,-3.0,-109.0
1775973640.4836588,-9.0,-6.0,-109.0
1775973640.4936588,-8.0,-2.0,-111.0
1775973640.5036588,-4.0,-2.0,-119.0
1775973640.5136588,-5.0,-5.0,-114.0
1775973640.523659,-1.0,-2.0,-111.0
1775973640.533659,0.0,-1.0,-111.0
1775973640.543659,1.0,-1.0,-110.0
1775973640.553659,1.0,0.0,-107.0
1775973640.563659,-1.0,0.0,-104.0
1775973640.573659,-7.0,0.0,-107.0
1775973640.583659,-9.0,1.0,-108.0
1775973640.593659,-6.0,4.0,-109.0
1775973640.603659,-5.0,0.0,-107.0
1775973640.613659,-6.0,0.0,-109.0
1775973640.623659,-4.0,0.0,-104.0
1775973640.633659,0.0,0.0,-104.0
1775973640.6436589,-1.0,0.0,-106.0
1775973640.6536589,-3.0,0.0,-111.0
1775973640.6636589,-2.0,2.0,-106.0
1775973640.6736588,-8.0,4.0,-112.0
1775973640.6836588,-1.0,3.0,-110.0
1775973640.6936588,-2.0,2.0,-105.0
1775973640.7036588,-1.0,2.0,-98.0
1775973640.7136588,-7.0,5.0,-100.0
1775973640.7236588,-8.0,7.0,-102.0
1775973640.7336588,-3.0,4.0,-106.0
1775973640.7436588,0.0,0.0,-110.0
1775973640.7536588,0.0,-4.0,-108.0
1775973640.7636588,0.0,-3.0,-108.0
1775973640.773659,0.0,-6.0,-103.0
1775973640.783659,-5.0,-5.0,-96.0
1775973640.793659,-7.0,-2.0,-98.0
1775973640.803659,-5.0,0.0,-104.0
1775973640.813659,-3.0,0.0,-104.0
1775973640.823659,-4.0,1.0,-115.0
1775973640.833659,-2.0,-1.0,-121.0
1775973640.843659,-1.0,0.0,-113.0
1775973640.853659,-2.0,0.0,-116.0
1775973640.863659,-3.0,-4.0,-113.0
1775973640.873659,0.0,-4.0,-109.0
1775973640.883659,2.0,-1.0,-102.0
1775973640.8936589,4.0,-3.0,-97.0
1775973640.9036589,0.0,-3.0,-93.0
1775973640.9136589,1.0,-3.0,-97.0
1775973640.9236588,2.0,1.0,-96.0
1775973640.9336588,2.0,1.0,-98.0
1775973640.9436588,4.0,4.0,-100.0
1775973640.9536588,3.0,2.0,-99.0
1775973640.9636588,1.0,1.0,-104.0
1775973640.9736588,2.0,0.0,-98.0
1775973640.9836588,0.0,0.0,-99.0
1775973640.9936588,0.0,1.0,-93.0
1775973641.0036588,0.0,0.0,-92.0
1775973641.0136588,3.0,-2.0,-96.0
1775973641.023659,6.0,-2.0,-98.0
1775973641.033659,7.0,-5.0,-100.0
1775973641.043659,4.0,-6.0,-100.0
1775973641.053659,7.0,-7.0,-101.0
1775973641.063659,10.0,-4.0,-104.0
1775973641.073659,8.0,-3.0,-109.0
1775973641.083659,8.0,0.0,-109.0
1775973641.093659,2.0,-1.0,-113.0
1775973641.103659,2.0,-3.0,-112.0
1775973641.113659,0.0,-4.0,-122.0
1775973641.123659,0.0,-3.0,-127.0
1775973641.133659,0.0,-4.0,-120.0
1775973641.1436589,3.0,-3.0,-114.0
1775973641.1536589,6.0,-5.0,-115.0
1775973641.1636589,5.0,-2.0,-119.0
1775973641.1736588,3.0,-2.0,-122.0
1775973641.1836588,2.0,-3.0,-112.0
1775973641.1936588,-1.0,-6.0,-108.0
1775973641.2036588,-2.0,-4.0,-109.0
1775973641.2136588,-3.0,-3.0,-103.0
1775973641.2236588,0.0,-1.0,-104.0
1775973641.2336588,-1.0,0.0,-107.0
1775973641.2436588,1.0,0.0,-101.0
1775973641.2536588,-2.0,0.0,-100.0
1775973641.2636588,-5.0,-2.0,-101.0
1775973641.273659,-7.0,-4.0,-101.0
1775973641.283659,-8.0,-4.0,-103.0
1775973641.294659,-5.0,-7.0,-105.0
1775973641.304659,0.0,-4.0,-97.0
1775973641.3146589,-1.0,-3.0,-100.0
1775973641.3246589,1.0,-1.0,-109.0
1775973641.3346589,-2.0,-1.0,-107.0
1775973641.3446589,-7.0,-5.0,-108.0
1775973641.3546588,-6.0,0.0,-108.0
1775973641.3646588,-7.0,1.0,-106.0
1775973641.3746588,-3.0,1.0,-112.0
1775973641.3846588,-1.0,0.0,-110.0
1775973641.3946588,-4.0,6.0,-112.0
1775973641.4046588,-4.0,1.0,-111.0
1775973641.4146588,-3.0,-1.0,-113.0
1775973641.4246588,-2.0,-1.0,-107.0
1775973641.4346588,0.0,0.0,-110.0
1775973641.444659,1.0,0.0,-108.0
1775973641.454659,0.0,-3.0,-107.0
1775973641.464659,-2.0,-1.0,-111.0
1775973641.474659,-3.0,-4.0,-105.0
1775973641.484659,-2.0,-3.0,-105.0
1775973641.494659,0.0,0.0,-106.0
1775973641.504659,-1.0,6.0,-104.0
1775973641.514659,2.0,5.0,-99.0
1775973641.524659,1.0,6.0,-108.0
1775973641.534659,-3.0,6.0,-111.0
1775973641.544659,-6.0,2.0,-107.0
1775973641.554659,-5.0,3.0,-102.0
1775973641.5646589,-4.0,2.0,-100.0
1775973641.5746589,-9.0,2.0,-102.0
1775973641.5846589,-8.0,0.0,-104.0
1775973641.5946589,-4.0,-4.0,-105.0
1775973641.6046588,-6.0,-5.0,-99.0
1775973641.6146588,-7.0,-5.0,-99.0
1775973641.6246588,-8.0,-8.0,-103.0
1775973641.6346588,-10.0,-8.0,-109.0
1775973641.6446588,-11.0,-6.0,-107.0
1775973641.6546588,-9.0,-2.0,-105.0
1775973641.6646588,-9.0,-5.0,-106.0
1775973641.6746588,-5.0,-5.0,-112.0
1775973641.6846588,-1.0,-5.0,-114.0
1775973641.694659,1.0,-10.0,-114.0
1775973641.704659,-1.0,-10.0,-111.0
1775973641.714659,-1.0,-4.0,-108.0
1775973641.724659,-5.0,-3.0,-115.0
1775973641.734659,-5.0,-3.0,-116.0
1775973641.744659,-5.0,-1.0,-120.0
1775973641.754659,-8.0,-5.0,-118.0
1775973641.764659,-3.0,-3.0,-116.0
1775973641.774659,-4.0,-3.0,-111.0
1775973641.784659,-6.0,0.0,-109.0
1775973641.794659,-9.0,0.0,-109.0
1775973641.804659,-7.0,0.0,-106.0
1775973641.8146589,-4.0,-4.0,-105.0
1775973641.8246589,-5.0,-4.0,-108.0
1775973641.8346589,-10.0,-6.0,-105.0
1775973641.8446589,-11.0,-3.0,-103.0
1775973641.8546588,-10.0,1.0,-100.0
1775973641.8646588,-6.0,1.0,-102.0
1775973641.8746588,-3.0,1.0,-100.0
1775973641.8846588,0.0,2.0,-103.0
1775973641.8946588,-4.0,0.0,-105.0
1775973641.9046588,-7.0,-4.0,-104.0
1775973641.9146588,-3.0,-4.0,-108.0
1775973641.9246588,0.0,0.0,-111.0
1775973641.9346588,-1.0,-3.0,-111.0
1775973641.944659,-6.0,-5.0,-119.0
1775973641.954659,-2.0,-10.0,-124.0
1775973641.964659,1.0,-7.0,-118.0
1775973641.974659,7.0,-6.0,-115.0
1775973641.984659,5.0,-4.0,-112.0
1775973641.994659,6.0,-4.0,-109.0
1775973642.004659,2.0,-3.0,-104.0
1775973642.014659,4.0,4.0,-109.0
1775973642.024659,3.0,0.0,-113.0
1775973642.034659,3.0,0.0,-114.0
1775973642.044659,1.0,-1.0,-114.0
1775973642.054659,-2.0,-2.0,-114.0
1775973642.0646589,-1.0,-3.0,-116.0
1775973642.0746589,-2.0,-1.0,-118.0
1775973642.0846589,-3.0,2.0,-105.0
1775973642.0946589,-2.0,6.0,-103.0
1775973642.1046588,-2.0,1.0,-104.0
1775973642.1146588,-2.0,0.0,-109.0
1775973642.1246588,3.0,-2.0,-116.0
1775973642.1346588,2.0,-3.0,-115.0
1775973642.1446588,6.0,-1.0,-112.0
1775973642.1546588,1.0,-4.0,-113.0
1775973642.1646588,0.0,1.0,-110.0
1775973642.1746588,2.0,-2.0,-106.0
1775973642.1846588,3.0,-2.0,-105.0
1775973642.194659,0.0,-1.0,-104.0
1775973642.204659,0.0,-2.0,-110.0
1775973642.214659,-5.0,-3.0,-107.0
1775973642.224659,-1.0,-4.0,-106.0
1775973642.234659,1.0,-3.0,-105.0
1775973642.244659,1.0,-2.0,-106.0
1775973642.254659,3.0,-1.0,-103.0
1775973642.264659,0.0,-1.0,-104.0
1775973642.274659,-3.0,-6.0,-109.0
1775973642.284659,-3.0,-8.0,-108.0
1775973642.294659,-1.0,-4.0,-113.0
1775973642.304659,0.0,-4.0,-111.0
1775973642.3146589,-3.0,-3.0,-101.0
1775973642.3246589,-2.0,-4.0,-98.0
1775973642.3346589,0.0,-6.0,-103.0
1775973642.3446589,0.0,-4.0,-98.0
1775973642.3546588,0.0,0.0,-103.0
1775973642.3646588,2.0,0.0,-104.0
1775973642.3746588,0.0,1.0,-105.0
1775973642.3846588,0.0,-2.0,-106.0
1775973642.3946588,3.0,0.0,-107.0
1775973642.4046588,4.0,1.0,-112.0
1775973642.4146588,2.0,4.0,-113.0
1775973642.4246588,-1.0,7.0,-112.0
1775973642.4346588,-2.0,6.0,-115.0
1775973642.444659,-1.0,3.0,-106.0
1775973642.454659,0.0,3.0,-101.0
1775973642.464659,-1.0,0.0,-98.0
1775973642.474659,0.0,0.0,-97.0
1775973642.484659,2.0,2.0,-99.0
1775973642.494659,5.0,2.0,-96.0
1775973642.504659,7.0,5.0,-99.0
1775973642.514659,5.0,8.0,-105.0
1775973642.524659,6.0,4.0,-105.0
1775973642.534659,2.0,0.0,-102.0
1775973642.544659,2.0,1.0,-111.0
1775973642.554659,-3.0,-1.0,-113.0
1775973642.5646589,-2.0,-2.0,-116.0
1775973642.5746589,-3.0,-5.0,-110.0
1775973642.5846589,-1.0,-8.0,-115.0
1775973642.5946589,-2.0,-9.0,-110.0
1775973642.6046588,-2.0,-3.0,-113.0
1775973642.6146588,-4.0,-2.0,-109.0
1775973642.6246588,-1.0,-2.0,-103.0
1775973642.6346588,-2.0,-2.0,-105.0
1775973642.6446588,-3.0,-2.0,-107.0
1775973642.6546588,0.0,-4.0,-106.0
1775973642.6646588,0.0,-3.0,-111.0
1775973642.6746588,0.0,-4.0,-113.0
1775973642.6846588,4.0,-4.0,-114.0
1775973642.694659,7.0,2.0,-113.0
1775973642.704659,8.0,2.0,-110.0
1775973642.714659,4.0,0.0,-110.0
1775973642.724659,0.0,-5.0,-114.0
1775973642.734659,-2.0,-8.0,-113.0
1775973642.744659,-1.0,-2.0,-113.0
1775973642.754659,-2.0,-2.0,-117.0
1775973642.764659,-1.0,-3.0,-111.0
1775973642.774659,2.0,-3.0,-111.0
1775973642.784659,1.0,-4.0,-108.0
1775973642.794659,1.0,-2.0,-114.0
1775973642.804659,7.0,-1.0,-118.0
1775973642.8146589,6.0,-3.0,-122.0
1775973642.8246589,5.0,0.0,-120.0
1775973642.8346589,7.0,1.0,-120.0
1775973642.8446589,7.0,0.0,-115.0
1775973642.8546588,7.0,0.0,-117.0
1775973642.8646588,4.0,0.0,-114.0
1775973642.8746588,0.0,0.0,-112.0
1775973642.8846588,-1.0,0.0,-118.0
1775973642.8946588,-2.0,0.0,-123.0
1775973642.9046588,-3.0,0.0,-125.0
1775973642.9146588,-5.0,-1.0,-127.0
1775973642.9246588,-5.0,-1.0,-127.0
1775973642.9346588,-7.0,0.0,-116.0
1775973642.944659,-4.0,-2.0,-116.0
1775973642.954659,-1.0,-5.0,-113.0
1775973642.964659,-5.0,-5.0,-109.0
1775973642.974659,-3.0,-2.0,-105.0
1775973642.984659,-2.0,0.0,-110.0
1775973642.994659,2.0,0.0,-101.0
1775973643.004659,-1.0,1.0,-100.0
1775973643.014659,0.0,3.0,-98.0
1775973643.024659,-3.0,2.0,-102.0
1775973643.034659,-4.0,1.0,-105.0
1775973643.044659,-2.0,-1.0,-100.0
1775973643.054659,0.0,-1.0,-101.0
1775973643.0646589,3.0,-3.0,-106.0
1775973643.0746589,2.0,-5.0,-98.0
1775973643.0846589,0.0,-4.0,-98.0
1775973643.0946589,2.0,-2.0,-103.0
1775973643.1046588,-2.0,3.0,-102.0
1775973643.1146588,-6.0,4.0,-106.0
1775973643.1246588,-5.0,0.0,-100.0
1775973643.1346588,-4.0,2.0,-98.0
1775973643.1446588,-5.0,6.0,-105.0
1775973643.1546588,-6.0,3.0,-107.0
1775973643.1646588,-5.0,4.0,-108.0
1775973643.1746588,-3.0,2.0,-108.0
1775973643.1846588,-2.0,0.0,-102.0
1775973643.194659,-7.0,-4.0,-96.0
1775973643.204659,-3.0,-3.0,-97.0
1775973643.214659,0.0,-2.0,-103.0
1775973643.224659,-2.0,0.0,-103.0
1775973643.234659,-2.0,2.0,-104.0
1775973643.244659,-5.0,0.0,-107.0
1775973643.254659,-5.0,2.0,-99.0
1775973643.264659,-5.0,3.0,-100.0
1775973643.274659,-3.0,1.0,-100.0
1775973643.284659,-4.0,-1.0,-104.0
1775973643.294659,-3.0,-3.0,-107.0
1775973643.304659,-3.0,-5.0,-111.0
1775973643.3146589,-5.0,-3.0,-113.0
1775973643.3246589,-4.0,-3.0,-116.0
1775973643.3356588,0.0,-3.0,-111.0
1775973643.3456588,2.0,-4.0,-106.0
1775973643.3546588,6.0,0.0,-106.0
1775973643.3656588,2.0,-2.0,-105.0
1775973643.3746588,1.0,1.0,-109.0
1775973643.385659,-1.0,2.0,-111.0
1775973643.395659,-1.0,1.0,-112.0
1775973643.405659,1.0,0.0,-112.0
1775973643.415659,-2.0,0.0,-108.0
1775973643.425659,0.0,-1.0,-104.0
1775973643.435659,-2.0,-4.0,-106.0
1775973643.445659,-2.0,-6.0,-105.0
1775973643.455659,-4.0,-3.0,-100.0
1775973643.465659,3.0,-5.0,-104.0
1775973643.475659,4.0,-4.0,-105.0
1775973643.485659,4.0,-2.0,-105.0
1775973643.4956589,4.0,1.0,-109.0
1775973643.5056589,3.0,1.0,-109.0
1775973643.5156589,6.0,0.0,-111.0
1775973643.5256588,5.0,-4.0,-113.0
1775973643.5356588,2.0,-3.0,-108.0
1775973643.5456588,2.0,0.0,-102.0
1775973643.5556588,5.0,0.0,-109.0
1775973643.5656588,5.0,-2.0,-107.0
1775973643.5756588,5.0,-2.0,-106.0
1775973643.5856588,5.0,1.0,-111.0
1775973643.5956588,-1.0,4.0,-113.0
1775973643.6056588,0.0,4.0,-111.0
1775973643.6156588,-1.0,4.0,-110.0
1775973643.625659,0.0,1.0,-109.0
1775973643.635659,-3.0,-4.0,-110.0
1775973643.645659,-5.0,-1.0,-105.0
1775973643.655659,-3.0,0.0,-108.0
1775973643.665659,2.0,1.0,-109.0
1775973643.675659,6.0,1.0,-104.0
1775973643.685659,4.0,0.0,-109.0
1775973643.695659,4.0,0.0,-113.0
1775973643.705659,1.0,0.0,-113.0
1775973643.715659,-2.0,-5.0,-107.0
1775973643.725659,0.0,-3.0,-106.0
1775973643.735659,2.0,-4.0,-106.0
1775973643.7456589,0.0,-4.0,-103.0
1775973643.7556589,1.0,-1.0,-108.0
1775973643.7656589,5.0,-2.0,-112.0
1775973643.7756588,3.0,-3.0,-108.0
1775973643.7856588,0.0,0.0,-113.0
1775973643.7956588,2.0,-3.0,-115.0
1775973643.8056588,1.0,-2.0,-114.0
1775973643.8156588,4.0,-1.0,-116.0
1775973643.8256588,4.0,-3.0,-111.0
1775973643.8356588,0.0,-2.0,-112.0
1775973643.8456588,2.0,0.0,-118.0
1775973643.8556588,1.0,0.0,-116.0
1775973643.8656588,1.0,0.0,-115.0
1775973643.875659,4.0,0.0,-115.0
1775973643.885659,0.0,-1.0,-114.0
1775973643.895659,-4.0,0.0,-114.0
1775973643.905659,-6.0,0.0,-115.0
1775973643.915659,-8.0,0.0,-111.0
1775973643.925659,-8.0,0.0,-114.0
1775973643.935659,-6.0,0.0,-122.0
1775973643.945659,-2.0,-4.0,-118.0
1775973643.955659,0.0,-4.0,-114.0
1775973643.965659,1.0,-9.0,-107.0
1775973643.975659,-3.0,-8.0,-110.0
1775973643.985659,-8.0,-8.0,-113.0
1775973643.9956589,-5.0,-4.0,-110.0
1775973644.0056589,-5.0,0.0,-113.0
1775973644.0156589,-4.0,1.0,-108.0
1775973644.0256588,0.0,0.0,-111.0
1775973644.0356588,-4.0,-3.0,-109.0
1775973644.0456588,-5.0,-5.0,-108.0
1775973644.0556588,-7.0,-4.0,-107.0
1775973644.0656588,-7.0,-1.0,-99.0
1775973644.0756588,-5.0,-2.0,-95.0
1775973644.0856588,-9.0,0.0,-101.0
1775973644.0956588,-5.0,2.0,-110.0
1775973644.1056588,-1.0,2.0,-109.0
1775973644.1156588,1.0,0.0,-108.0
1775973644.125659,0.0,-2.0,-110.0
1775973644.135659,-1.0,-5.0,-116.0
1775973644.145659,4.0,-5.0,-116.0
1775973644.155659,0.0,-5.0,-114.0
1775973644.165659,-1.0,-6.0,-115.0
1775973644.175659,-1.0,-8.0,-111.0
1775973644.185659,-3.0,-9.0,-115.0
1775973644.195659,0.0,-6.0,-105.0
1775973644.205659,2.0,-6.0,-103.0
1775973644.215659,0.0,-6.0,-98.0
1775973644.225659,-2.0,-4.0,-91.0
1775973644.235659,-5.0,-5.0,-95.0
1775973644.2456589,-3.0,0.0,-102.0
1775973644.2556589,0.0,0.0,-101.0
1775973644.2656589,0.0,1.0,-105.0
1775973644.2756588,2.0,-1.0,-107.0
1775973644.2856588,6.0,-1.0,-105.0
1775973644.2956588,7.0,-6.0,-105.0
1775973644.3056588,5.0,-1.0,-106.0
1775973644.3156588,7.0,-1.0,-107.0
1775973644.3256588,6.0,-1.0,-110.0
1775973644.3356588,8.0,-2.0,-105.0
1775973644.3456588,6.0,-2.0,-112.0
1775973644.3556588,1.0,-1.0,-109.0
1775973644.3656588,-5.0,0.0,-113.0
1775973644.375659,-8.0,-2.0,-112.0
1775973644.385659,-7.0,-3.0,-111.0
1775973644.395659,-3.0,-7.0,-107.0
1775973644.405659,0.0,0.0,-105.0
1775973644.415659,-1.0,-1.0,-101.0
1775973644.425659,0.0,3.0,-105.0
1775973644.435659,1.0,1.0,-101.0
1775973644.445659,2.0,0.0,-103.0
1775973644.455659,2.0,1.0,-109.0
1775973644.465659,2.0,-1.0,-110.0
1775973644.475659,5.0,-2.0,-113.0
1775973644.485659,1.0,-2.0,-107.0
1775973644.4956589,0.0,0.0,-109.0
1775973644.5056589,-2.0,0.0,-113.0
1775973644.5156589,1.0,-2.0,-110.0
1775973644.5256588,0.0,-4.0,-108.0
1775973644.5356588,3.0,-3.0,-107.0
1775973644.5456588,0.0,-4.0,-114.0
1775973644.5556588,-1.0,-3.0,-112.0
1775973644.5656588,0.0,-3.0,-112.0
1775973644.5756588,-1.0,-2.0,-111.0
1775973644.5856588,2.0,-5.0,-111.0
1775973644.5956588,-1.0,-6.0,-114.0
1775973644.6056588,-2.0,-5.0,-115.0
1775973644.6156588,-1.0,-5.0,-113.0
1775973644.625659,0.0,-2.0,-108.0
1775973644.635659,3.0,2.0,-108.0
1775973644.645659,3.0,-2.0,-110.0
1775973644.655659,2.0,-7.0,-113.0
1775973644.665659,2.0,-5.0,-123.0
1775973644.675659,3.0,-4.0,-119.0
1775973644.685659,4.0,-3.0,-117.0
1775973644.695659,1.0,-6.0,-115.0
1775973644.705659,5.0,-5.0,-118.0
1775973644.715659,3.0,-2.0,-126.0
1775973644.725659,4.0,0.0,-128.0
1775973644.735659,5.0,-2.0,-127.0
1775973644.7456589,7.0,0.0,-129.0
1775973644.7556589,5.0,-1.0,-121.0
1775973644.7656589,3.0,-4.0,-116.0
1775973644.7756588,5.0,-1.0,-113.0
1775973644.7856588,5.0,-6.0,-118.0
1775973644.7956588,0.0,-5.0,-119.0
1775973644.8056588,0.0,0.0,-116.0
1775973644.8156588,1.0,2.0,-112.0
1775973644.8256588,2.0,-3.0,-107.0
1775973644.8356588,3.0,-2.0,-103.0
1775973644.8456588,0.0,-1.0,-104.0
1775973644.8556588,0.0,-2.0,-106.0
1775973644.8656588,0.0,-5.0,-103.0
1775973644.875659,3.0,-7.0,-108.0
1775973644.885659,6.0,-3.0,-108.0
1775973644.895659,3.0,-4.0,-114.0
1775973644.905659,0.0,-2.0,-113.0
1775973644.915659,2.0,-4.0,-110.0
1775973644.925659,2.0,-9.0,-107.0
1775973644.935659,0.0,-9.0,-104.0
1775973644.945659,0.0,-5.0,-102.0
1775973644.955659,0.0,-3.0,-106.0
1775973644.965659,-5.0,-1.0,-101.0
1775973644.975659,-2.0,0.0,-96.0
1775973644.985659,-5.0,1.0,-101.0
1775973644.9956589,-7.0,1.0,-103.0
1775973645.0056589,-6.0,0.0,-101.0
1775973645.0156589,-3.0,0.0,-106.0
1775973645.0256588,-8.0,0.0,-103.0
1775973645.0356588,-8.0,0.0,-105.0
1775973645.0456588,-6.0,1.0,-103.0
1775973645.0556588,-4.0,3.0,-108.0
1775973645.0656588,-6.0,6.0,-104.0
1775973645.0756588,-3.0,1.0,-98.0
1775973645.0856588,-5.0,0.0,-102.0
1775973645.0956588,0.0,0.0,-109.0
1775973645.1056588,1.0,-2.0,-115.0
1775973645.1156588,1.0,-1.0,-109.0
1775973645.125659,1.0,-1.0,-111.0
1775973645.135659,-1.0,-3.0,-103.0
1775973645.145659,-4.0,-5.0,-104.0
1775973645.155659,-9.0,-4.0,-107.0
1775973645.165659,-8.0,-5.0,-113.0
1775973645.175659,-6.0,-6.0,-114.0
1775973645.185659,-6.0,-2.0,-113.0
1775973645.195659,-3.0,-3.0,-107.0
1775973645.205659,-1.0,-3.0,-106.0
1775973645.215659,-1.0,-4.0,-103.0
1775973645.225659,-6.0,-2.0,-100.0
1775973645.235659,-13.0,0.0,-101.0
1775973645.2456589,-9.0,0.0,-100.0
1775973645.2556589,-4.0,-3.0,-104.0
1775973645.2656589,0.0,-8.0,-95.0
1775973645.2756588,0.0,-7.0,-99.0
1775973645.2856588,-4.0,-8.0,-100.0
1775973645.2956588,-3.0,-9.0,-104.0
1775973645.3056588,-3.0,-6.0,-108.0
1775973645.3156588,-2.0,-4.0,-117.0
1775973645.3256588,0.0,-2.0,-115.0
1775973645.3356588,3.0,-3.0,-113.0
1775973645.3456588,4.0,-3.0,-105.0
1775973645.3556588,1.0,-1.0,-107.0
1775973645.3656588,0.0,-4.0,-106.0
1775973645.375659,-3.0,-4.0,-105.0
1775973645.385659,-7.0,-1.0,-108.0
1775973645.395659,-10.0,1.0,-101.0
1775973645.406659,-8.0,3.0,-104.0
1775973645.4166589,-4.0,2.0,-105.0
1775973645.4266589,-4.0,5.0,-110.0
1775973645.4366589,0.0,1.0,-111.0
1775973645.4466588,-2.0,0.0,-107.0
1775973645.4566588,-3.0,-1.0,-107.0
1775973645.4666588,-5.0,-4.0,-105.0
1775973645.4766588,-5.0,-4.0,-106.0
1775973645.4866588,-7.0,-2.0,-99.0
1775973645.4966588,-2.0,-2.0,-100.0
1775973645.5066588,2.0,0.0,-96.0
1775973645.5166588,0.0,1.0,-99.0
1775973645.5266588,2.0,3.0,-99.0
1775973645.5366588,4.0,4.0,-100.0
1775973645.546659,3.0,3.0,-105.0
1775973645.556659,7.0,3.0,-103.0
1775973645.566659,4.0,3.0,-103.0
1775973645.576659,5.0,1.0,-105.0
1775973645.586659,4.0,3.0,-105.0
1775973645.596659,0.0,1.0,-110.0
1775973645.606659,2.0,0.0,-107.0
1775973645.616659,0.0,-2.0,-116.0
1775973645.626659,2.0,-4.0,-114.0
1775973645.636659,1.0,-2.0,-116.0
1775973645.646659,0.0,1.0,-114.0
1775973645.656659,-1.0,1.0,-109.0
1775973645.6666589,0.0,1.0,-102.0
1775973645.6766589,2.0,0.0,-104.0
1775973645.6866589,2.0,-2.0,-115.0
1775973645.6966588,2.0,0.0,-116.0
1775973645.7066588,0.0,-4.0,-114.0
1775973645.7166588,1.0,-6.0,-112.0
1775973645.7266588,0.0,-10.0,-112.0
1775973645.7366588,-3.0,-10.0,-114.0
1775973645.7466588,-1.0,-6.0,-105.0
1775973645.7566588,0.0,-8.0,-101.0
1775973645.7666588,1.0,-6.0,-100.0
1775973645.7766588,0.0,-7.0,-103.0
1775973645.7866588,4.0,-8.0,-111.0
1775973645.796659,4.0,-10.0,-113.0
1775973645.806659,0.0,-3.0,-111.0
1775973645.816659,3.0,-3.0,-109.0
1775973645.826659,6.0,-2.0,-107.0
1775973645.836659,1.0,1.0,-106.0
1775973645.846659,1.0,2.0,-104.0
1775973645.856659,4.0,3.0,-105.0
1775973645.866659,3.0,-1.0,-104.0
1775973645.876659,2.0,0.0,-104.0
1775973645.886659,4.0,-2.0,-113.0
1775973645.896659,0.0,-1.0,-108.0
1775973645.906659,0.0,-1.0,-111.0
1775973645.9166589,-4.0,2.0,-105.0
1775973645.9266589,-5.0,2.0,-103.0
1775973645.9366589,-4.0,3.0,-108.0
1775973645.9466588,-4.0,2.0,-107.0
1775973645.9566588,-1.0,3.0,-111.0
1775973645.9666588,-1.0,0.0,-115.0
1775973645.9766588,0.0,-1.0,-110.0
1775973645.9866588,-3.0,-1.0,-111.0
1775973645.9966588,-5.0,-3.0,-111.0
1775973646.0066588,0.0,-2.0,-106.0
1775973646.0166588,2.0,1.0,-107.0
1775973646.0266588,-2.0,0.0,-109.0
1775973646.0366588,2.0,-2.0,-109.0
1775973646.046659,3.0,-1.0,-115.0
1775973646.056659,2.0,-3.0,-111.0
1775973646.066659,0.0,-4.0,-109.0
1775973646.076659,-3.0,-4.0,-106.0
1775973646.086659,-2.0,-6.0,-108.0
1775973646.096659,1.0,-4.0,-113.0
1775973646.106659,0.0,-3.0,-122.0
1775973646.116659,-1.0,0.0,-126.0
1775973646.126659,-3.0,-1.0,-122.0
1775973646.136659,-8.0,0.0,-117.0
1775973646.146659,-6.0,-2.0,-112.0
1775973646.156659,-3.0,-1.0,-113.0
1775973646.1666589,-5.0,-4.0,-109.0
1775973646.1766589,-4.0,-7.0,-102.0
1775973646.1866589,-5.0,-7.0,-96.0
1775973646.1966588,-2.0,-7.0,-97.0
1775973646.2066588,-1.0,-10.0,-103.0
1775973646.2166588,-2.0,-10.0,-108.0
1775973646.2266588,-5.0,-7.0,-110.0
1775973646.2366588,-3.0,-8.0,-112.0
1775973646.2466588,-5.0,-4.0,-115.0
1775973646.2566588,-4.0,-3.0,-111.0
1775973646.2666588,-2.0,-5.0,-108.0
1775973646.2766588,-5.0,-3.0,-99.0
1775973646.2866588,0.0,-1.0,-105.0
1775973646.296659,1.0,-4.0,-107.0
1775973646.306659,0.0,-2.0,-116.0
1775973646.316659,1.0,-2.0,-118.0
1775973646.326659,0.0,-3.0,-123.0
1775973646.336659,-2.0,-2.0,-117.0
1775973646.346659,0.0,1.0,-112.0
1775973646.356659,0.0,2.0,-102.0
1775973646.366659,1.0,-2.0,-104.0
1775973646.376659,0.0,-2.0,-107.0
1775973646.386659,2.0,0.0,-113.0
1775973646.396659,1.0,2.0,-115.0
1775973646.406659,-1.0,5.0,-109.0
1775973646.4166589,0.0,6.0,-108.0
1775973646.4266589,-1.0,7.0,-109.0
1775973646.4366589,0.0,7.0,-104.0
1775973646.4466588,1.0,6.0,-102.0
1775973646.4566588,-5.0,6.0,-98.0
1775973646.4666588,-6.0,4.0,-98.0
1775973646.4766588,-4.0,0.0,-93.0
1775973646.4866588,-4.0,-2.0,-96.0
1775973646.4966588,-3.0,-1.0,-100.0
1775973646.5066588,-4.0,0.0,-101.0
1775973646.5166588,3.0,0.0,-101.0
1775973646.5266588,4.0,-6.0,-96.0
1775973646.5366588,0.0,-6.0,-98.0
1775973646.546659,4.0,-3.0,-101.0
1775973646.556659,3.0,-3.0,-100.0
1775973646.566659,3.0,0.0,-98.0
1775973646.576659,5.0,0.0,-104.0
1775973646.586659,7.0,2.0,-108.0
1775973646.596659,5.0,0.0,-107.0
1775973646.606659,6.0,-1.0,-104.0
1775973646.616659,2.0,1.0,-102.0
1775973646.626659,0.0,1.0,-101.0
1775973646.636659,2.0,2.0,-105.0
1775973646.646659,2.0,1.0,-107.0
1775973646.656659,0.0,2.0,-102.0
1775973646.6666589,-5.0,0.0,-98.0
1775973646.6766589,-4.0,-4.0,-101.0
1775973646.6866589,-3.0,-6.0,-105.0
1775973646.6966588,-3.0,-5.0,-115.0
1775973646.7066588,-5.0,-5.0,-113.0
1775973646.7166588,0.0,-4.0,-115.0
1775973646.7266588,0.0,-5.0,-116.0
1775973646.7366588,0.0,-2.0,-118.0
1775973646.7466588,-2.0,-3.0,-113.0
1775973646.7566588,-2.0,-1.0,-106.0
1775973646.7666588,-4.0,0.0,-107.0
1775973646.7766588,-10.0,-1.0,-109.0
1775973646.7866588,-9.0,-2.0,-106.0
1775973646.796659,-11.0,-5.0,-110.0
1775973646.806659,-11.0,-4.0,-113.0
1775973646.816659,-4.0,-4.0,-116.0
1775973646.826659,-1.0,-4.0,-110.0
1775973646.836659,-3.0,-6.0,-104.0
1775973646.846659,-2.0,-6.0,-102.0
1775973646.856659,3.0,-3.0,-108.0
1775973646.866659,1.0,0.0,-106.0
1775973646.876659,0.0,0.0,-101.0
1775973646.886659,0.0,-1.0,-100.0
1775973646.896659,-1.0,-1.0,-108.0
1775973646.906659,-1.0,0.0,-109.0
1775973646.9166589,-7.0,-4.0,-111.0
1775973646.9266589,-2.0,-1.0,-114.0
1775973646.9366589,1.0,0.0,-120.0
1775973646.9466588,0.0,0.0,-116.0
1775973646.9566588,-3.0,-2.0,-111.0
1775973646.9666588,-2.0,0.0,-108.0
1775973646.9766588,-3.0,1.0,-108.0
1775973646.9866588,-3.0,3.0,-111.0
1775973646.9966588,-2.0,1.0,-104.0
1775973647.0066588,-2.0,0.0,-107.0
1775973647.0166588,-3.0,2.0,-108.0
1775973647.0266588,-2.0,6.0,-110.0
1775973647.0366588,2.0,3.0,-112.0
1775973647.046659,4.0,2.0,-108.0
1775973647.056659,6.0,0.0,-107.0
1775973647.066659,6.0,-4.0,-108.0
1775973647.076659,11.0,-3.0,-100.0
1775973647.086659,7.0,-1.0,-104.0
1775973647.096659,5.0,-1.0,-112.0
1775973647.106659,4.0,-5.0,-112.0
1775973647.116659,0.0,-7.0,-109.0
1775973647.126659,0.0,-4.0,-108.0
1775973647.136659,4.0,-1.0,-104.0
1775973647.146659,3.0,3.0,-100.0
1775973647.156659,4.0,2.0,-99.0
1775973647.1666589,2.0,1.0,-101.0
1775973647.1766589,0.0,2.0,-103.0
1775973647.1866589,-1.0,0.0,-105.0
1775973647.1966588,-4.0,2.0,-112.0
1775973647.2066588,-4.0,5.0,-109.0
1775973647.2166588,-2.0,6.0,-107.0
1775973647.2266588,-1.0,6.0,-112.0
1775973647.2366588,1.0,5.0,-108.0
1775973647.2466588,-2.0,3.0,-105.0
1775973647.2566588,-1.0,4.0,-105.0
1775973647.2666588,-2.0,2.0,-110.0
1775973647.2766588,-7.0,6.0,-112.0
1775973647.2866588,-14.0,6.0,-108.0
1775973647.296659,-15.0,5.0,-106.0
1775973647.306659,-8.0,5.0,-104.0
1775973647.316659,-8.0,4.0,-102.0
1775973647.326659,-10.0,1.0,-102.0
1775973647.336659,-10.0,1.0,-105.0
1775973647.346659,-7.0,0.0,-108.0
1775973647.356659,0.0,2.0,-112.0
1775973647.366659,0.0,1.0,-106.0
1775973647.376659,0.0,1.0,-106.0
1775973647.386659,4.0,0.0,-103.0
1775973647.396659,4.0,-1.0,-102.0
1775973647.406659,5.0,-3.0,-102.0
1775973647.4166589,3.0,-1.0,-107.0
1775973647.4266589,0.0,-4.0,-111.0
1775973647.4366589,-4.0,-7.0,-113.0
1775973647.4466588,-4.0,-5.0,-110.0
1775973647.4566588,-2.0,-1.0,-106.0
1775973647.4676588,0.0,-4.0,-106.0
1775973647.477659,0.0,-6.0,-108.0
1775973647.487659,0.0,-5.0,-99.0
1775973647.497659,-3.0,-5.0,-99.0
1775973647.507659,-7.0,-4.0,-102.0
1775973647.517659,-1.0,-6.0,-104.0
1775973647.527659,-1.0,-6.0,-109.0
1775973647.537659,-1.0,-3.0,-112.0
1775973647.547659,0.0,0.0,-112.0
1775973647.557659,-5.0,-1.0,-108.0
1775973647.567659,-5.0,-1.0,-107.0
1775973647.577659,3.0,-2.0,-111.0
1775973647.587659,4.0,-2.0,-111.0
1775973647.5976589,0.0,-6.0,-107.0
1775973647.6076589,3.0,-4.0,-102.0
1775973647.6176589,2.0,-2.0,-95.0
1775973647.6276588,2.0,-6.0,-103.0
1775973647.6376588,0.0,-3.0,-105.0
1775973647.6476588,0.0,-6.0,-108.0
1775973647.6576588,-8.0,-5.0,-110.0
1775973647.6676588,-2.0,-2.0,-108.0
1775973647.6776588,0.0,-1.0,-110.0
1775973647.6876588,5.0,0.0,-114.0
1775973647.6976588,2.0,-3.0,-113.0
1775973647.7076588,0.0,-8.0,-114.0
1775973647.7176588,-4.0,-8.0,-109.0
1775973647.727659,-2.0,-6.0,-105.0
1775973647.737659,0.0,-2.0,-106.0
1775973647.747659,2.0,-4.0,-114.0
1775973647.757659,4.0,-3.0,-110.0
1775973647.767659,11.0,-5.0,-105.0
1775973647.777659,9.0,-2.0,-104.0
1775973647.787659,7.0,-1.0,-101.0
1775973647.797659,4.0,4.0,-104.0
1775973647.807659,6.0,2.0,-103.0
1775973647.817659,7.0,1.0,-107.0
1775973647.827659,7.0,2.0,-110.0
1775973647.837659,6.0,0.0,-119.0
1775973647.8476589,4.0,0.0,-119.0
1775973647.8576589,5.0,-1.0,-112.0
1775973647.8676589,4.0,-1.0,-108.0
1775973647.8776588,4.0,-3.0,-109.0
1775973647.8876588,0.0,-1.0,-105.0
1775973647.8976588,1.0,-4.0,-101.0
1775973647.9076588,3.0,-5.0,-99.0
1775973647.9176588,0.0,-1.0,-97.0
1775973647.9276588,-1.0,0.0,-96.0
1775973647.9376588,-6.0,1.0,-94.0
1775973647.9476588,-5.0,5.0,-95.0
1775973647.9576588,-2.0,4.0,-100.0
1775973647.9676588,-2.0,4.0,-106.0
1775973647.977659,-2.0,3.0,-107.0
1775973647.987659,-1.0,1.0,-103.0
1775973647.997659,-2.0,2.0,-99.0
1775973648.007659,-3.0,2.0,-103.0
1775973648.017659,-8.0,1.0,-105.0
1775973648.027659,-8.0,1.0,-112.0
1775973648.037659,-5.0,-1.0,-109.0
1775973648.047659,-6.0,-1.0,-105.0
1775973648.057659,-2.0,-2.0,-106.0
1775973648.067659,0.0,-6.0,-112.0
1775973648.077659,0.0,-4.0,-111.0
1775973648.087659,0.0,-4.0,-116.0
1775973648.0976589,-5.0,-3.0,-119.0
1775973648.1076589,-6.0,-1.0,-114.0
1775973648.1176589,-4.0,0.0,-111.0
1775973648.1276588,-4.0,-1.0,-108.0
1775973648.1376588,-7.0,-2.0,-113.0
1775973648.1476588,-11.0,0.0,-111.0
1775973648.1576588,-7.0,-3.0,-111.0
1775973648.1676588,-6.0,-3.0,-107.0
1775973648.1776588,0.0,-5.0,-108.0
1775973648.1876588,-1.0,-6.0,-105.0
1775973648.1976588,0.0,-2.0,-107.0
1775973648.2076588,-1.0,0.0,-106.0
1775973648.2176588,2.0,-1.0,-108.0
1775973648.227659,3.0,-1.0,-109.0
1775973648.237659,7.0,-1.0,-104.0
1775973648.247659,8.0,2.0,-97.0
1775973648.257659,10.0,2.0,-100.0
1775973648.267659,6.0,0.0,-100.0
1775973648.277659,7.0,3.0,-103.0
1775973648.287659,8.0,2.0,-101.0
1775973648.297659,3.0,2.0,-99.0
1775973648.307659,0.0,1.0,-104.0
1775973648.317659,3.0,0.0,-98.0
1775973648.327659,3.0,0.0,-95.0
1775973648.337659,4.0,0.0,-99.0
1775973648.3476589,6.0,2.0,-104.0
1775973648.3576589,6.0,5.0,-109.0
1775973648.3676589,4.0,4.0,-112.0
1775973648.3776588,5.0,5.0,-108.0
1775973648.3876588,5.0,5.0,-115.0
1775973648.3976588,2.0,0.0,-112.0
1775973648.4076588,1.0,-1.0,-110.0
1775973648.4176588,0.0,-1.0,-109.0
1775973648.4276588,0.0,-3.0,-113.0
1775973648.4376588,0.0,-2.0,-111.0
1775973648.4476588,2.0,-5.0,-104.0
1775973648.4576588,4.0,-5.0,-98.0
1775973648.4676588,3.0,-1.0,-99.0
1775973648.477659,4.0,-2.0,-101.0
1775973648.487659,3.0,-4.0,-107.0
1775973648.497659,3.0,-7.0,-105.0
1775973648.507659,0.0,-7.0,-106.0
1775973648.517659,-1.0,-7.0,-108.0
1775973648.527659,0.0,-8.0,-109.0
1775973648.537659,3.0,-8.0,-106.0
1775973648.547659,-2.0,-7.0,-106.0
1775973648.557659,1.0,-6.0,-106.0
1775973648.567659,-1.0,-7.0,-104.0
1775973648.577659,0.0,-7.0,-108.0
1775973648.587659,-3.0,-3.0,-104.0
1775973648.5976589,-6.0,-4.0,-100.0
1775973648.6076589,-12.0,0.0,-101.0
1775973648.6176589,-10.0,-2.0,-101.0
1775973648.6276588,-7.0,-7.0,-98.0
1775973648.6376588,-4.0,-6.0,-103.0
1775973648.6476588,-3.0,-2.0,-109.0
1775973648.6576588,-3.0,-3.0,-106.0
1775973648.6676588,0.0,-5.0,-109.0
1775973648.6776588,6.0,-2.0,-111.0
1775973648.6876588,3.0,1.0,-114.0
1775973648.6976588,0.0,1.0,-110.0
1775973648.7076588,-2.0,-1.0,-105.0
1775973648.7176588,-5.0,1.0,-99.0
1775973648.727659,-8.0,1.0,-101.0
1775973648.737659,-12.0,-1.0,-104.0
1775973648.747659,-10.0,-1.0,-103.0
1775973648.757659,-10.0,-2.0,-100.0
1775973648.767659,-8.0,1.0,-107.0
1775973648.777659,-7.0,0.0,-112.0
1775973648.787659,-6.0,1.0,-114.0
1775973648.797659,-8.0,5.0,-112.0
1775973648.807659,-7.0,8.0,-111.0
1775973648.817659,-5.0,6.0,-110.0
1775973648.827659,-1.0,4.0,-109.0
1775973648.837659,-3.0,7.0,-106.0
1775973648.8476589,-3.0,6.0,-113.0
1775973648.8576589,-5.0,8.0,-110.0
1775973648.8676589,-4.0,7.0,-106.0
1775973648.8776588,-4.0,4.0,-108.0
1775973648.8876588,-2.0,4.0,-112.0
1775973648.8976588,0.0,3.0,-107.0
1775973648.9076588,0.0,1.0,-98.0
1775973648.9176588,0.0,1.0,-99.0
1775973648.9276588,1.0,-1.0,-102.0
1775973648.9376588,4.0,1.0,-103.0
1775973648.9476588,6.0,2.0,-107.0
1775973648.9576588,6.0,2.0,-105.0
1775973648.9676588,8.0,2.0,-111.0
1775973648.977659,11.0,7.0,-113.0
1775973648.987659,6.0,4.0,-111.0
1775973648.997659,3.0,-1.0,-113.0
1775973649.007659,4.0,-3.0,-117.0
1775973649.017659,4.0,-6.0,-111.0
1775973649.027659,0.0,-3.0,-105.0
1775973649.037659,-1.0,-4.0,-110.0
1775973649.047659,-2.0,-1.0,-106.0
1775973649.057659,0.0,1.0,-109.0
1775973649.067659,-1.0,0.0,-111.0
1775973649.077659,0.0,-1.0,-109.0
1775973649.087659,0.0,-3.0,-108.0
1775973649.0976589,5.0,-1.0,-105.0
1775973649.1076589,1.0,0.0,-109.0
1775973649.1176589,-4.0,0.0,-112.0
1775973649.1276588,-4.0,-1.0,-106.0
1775973649.1376588,-3.0,-4.0,-106.0
1775973649.1476588,-5.0,0.0,-101.0
1775973649.1576588,-7.0,0.0,-97.0
1775973649.1676588,-7.0,-2.0,-100.0
1775973649.1776588,-9.0,4.0,-100.0
1775973649.1876588,-4.0,6.0,-104.0
1775973649.1976588,-2.0,5.0,-104.0
1775973649.2076588,0.0,5.0,-100.0
1775973649.2176588,2.0,4.0,-104.0
1775973649.227659,0.0,2.0,-99.0
1775973649.237659,-1.0,0.0,-95.0
1775973649.247659,0.0,-1.0,-94.0
1775973649.257659,0.0,-4.0,-97.0
1775973649.267659,0.0,1.0,-90.0
1775973649.277659,4.0,4.0,-98.0
1775973649.287659,0.0,-2.0,-107.0
1775973649.297659,2.0,-7.0,-107.0
1775973649.307659,4.0,-4.0,-106.0
1775973649.317659,6.0,-2.0,-109.0
1775973649.327659,4.0,-3.0,-104.0
1775973649.337659,3.0,0.0,-102.0
1775973649.3476589,3.0,0.0,-108.0
1775973649.3576589,5.0,-2.0,-112.0
1775973649.3676589,5.0,-1.0,-106.0
1775973649.3776588,2.0,-1.0,-104.0
1775973649.3876588,0.0,-2.0,-109.0
1775973649.3976588,-1.0,-3.0,-103.0
1775973649.4076588,0.0,-2.0,-107.0
1775973649.4176588,-1.0,0.0,-106.0
1775973649.4276588,-2.0,0.0,-105.0
1775973649.4376588,2.0,0.0,-110.0
1775973649.4476588,3.0,-6.0,-110.0
1775973649.4576588,2.0,-4.0,-108.0
1775973649.4676588,0.0,-5.0,-100.0
1775973649.477659,0.0,-2.0,-109.0
1775973649.487659,2.0,0.0,-110.0
1775973649.497659,1.0,2.0,-108.0
1775973649.507659,-4.0,0.0,-106.0
1775973649.517659,-4.0,3.0,-106.0
1775973649.5286589,-7.0,1.0,-103.0
1775973649.5386589,-5.0,1.0,-108.0
1775973649.5486588,-4.0,-2.0,-109.0
1775973649.5586588,-6.0,-1.0,-108.0
1775973649.5686588,-6.0,0.0,-107.0
1775973649.5786588,-10.0,0.0,-106.0
1775973649.5886588,-9.0,-1.0,-100.0
1775973649.5986588,-1.0,-1.0,-100.0
1775973649.6086588,-3.0,-1.0,-99.0
1775973649.6186588,-2.0,1.0,-104.0
1775973649.6286588,3.0,-2.0,-109.0
1775973649.6386588,3.0,-3.0,-108.0
1775973649.648659,0.0,-3.0,-108.0
1775973649.658659,0.0,-3.0,-102.0
1775973649.668659,-6.0,-3.0,-108.0
1775973649.678659,-5.0,-1.0,-112.0
1775973649.688659,-7.0,0.0,-111.0
1775973649.698659,-1.0,1.0,-114.0
1775973649.708659,3.0,1.0,-113.0
1775973649.718659,2.0,-3.0,-112.0
1775973649.728659,2.0,-6.0,-110.0
1775973649.738659,9.0,-8.0,-113.0
1775973649.748659,4.0,-5.0,-106.0
1775973649.758659,3.0,-3.0,-106.0
1775973649.7686589,0.0,-4.0,-108.0
1775973649.7786589,1.0,-4.0,-107.0
1775973649.7886589,2.0,-9.0,-111.0
1775973649.7986588,3.0,-6.0,-113.0
1775973649.8086588,0.0,-3.0,-117.0
1775973649.8186588,2.0,-4.0,-114.0
1775973649.8286588,4.0,-2.0,-120.0
1775973649.8386588,-1.0,-2.0,-119.0
1775973649.8486588,-2.0,0.0,-116.0
1775973649.8586588,-2.0,-1.0,-114.0
1775973649.8686588,-1.0,3.0,-112.0
1775973649.8786588,-1.0,1.0,-110.0
1775973649.8886588,2.0,-3.0,-107.0
1775973649.898659,0.0,-1.0,-106.0
1775973649.908659,1.0,-3.0,-105.0
1775973649.918659,3.0,0.0,-104.0
1775973649.928659,4.0,0.0,-105.0
1775973649.938659,3.0,-1.0,-107.0
1775973649.948659,3.0,0.0,-111.0
1775973649.958659,0.0,0.0,-109.0
1775973649.968659,0.0,0.0,-111.0
1775973649.978659,3.0,-1.0,-108.0
1775973649.988659,1.0,-2.0,-97.0
1775973649.998659,0.0,-3.0,-97.0
1775973650.008659,0.0,-4.0,-97.0
1775973650.0186589,0.0,-2.0,-96.0
1775973650.0286589,4.0,-1.0,-98.0
1775973650.0386589,-1.0,0.0,-103.0
1775973650.0486588,3.0,1.0,-108.0
1775973650.0586588,4.0,8.0,-104.0
1775973650.0686588,1.0,6.0,-109.0
1775973650.0786588,0.0,4.0,-99.0
1775973650.0886588,0.0,1.0,-99.0
1775973650.0986588,1.0,-2.0,-102.0
1775973650.1086588,0.0,0.0,-102.0
1775973650.1186588,-2.0,-1.0,-106.0
1775973650.1286588,0.0,0.0,-106.0
1775973650.1386588,0.0,0.0,-104.0
1775973650.148659,2.0,-1.0,-103.0
1775973650.158659,3.0,-4.0,-104.0
1775973650.168659,1.0,-3.0,-106.0
1775973650.178659,0.0,-1.0,-105.0
1775973650.188659,-1.0,0.0,-104.0
1775973650.198659,1.0,1.0,-109.0
1775973650.208659,4.0,6.0,-113.0
1775973650.218659,0.0,8.0,-105.0
1775973650.228659,-3.0,7.0,-103.0
1775973650.238659,-5.0,4.0,-106.0
1775973650.248659,-6.0,2.0,-104.0
1775973650.258659,-5.0,-1.0,-108.0
1775973650.2686589,-2.0,0.0,-101.0
1775973650.2786589,0.0,0.0,-108.0
1775973650.2886589,0.0,2.0,-109.0
1775973650.2986588,-1.0,0.0,-112.0
1775973650.3086588,-3.0,-2.0,-117.0
1775973650.3186588,0.0,-2.0,-114.0
1775973650.3286588,-2.0,-4.0,-113.0
1775973650.3386588,1.0,-5.0,-107.0
1775973650.3486588,1.0,0.0,-104.0
1775973650.3586588,2.0,2.0,-111.0
1775973650.3686588,3.0,3.0,-108.0
1775973650.3786588,1.0,0.0,-108.0
1775973650.3886588,3.0,-2.0,-109.0
1775973650.398659,1.0,-3.0,-108.0
1775973650.408659,-3.0,-4.0,-108.0
1775973650.418659,0.0,-3.0,-105.0
1775973650.428659,2.0,-3.0,-103.0
1775973650.438659,1.0,-7.0,-107.0
1775973650.448659,3.0,-2.0,-109.0
1775973650.458659,6.0,0.0,-113.0
1775973650.468659,3.0,0.0,-121.0
1775973650.478659,0.0,-4.0,-122.0
1775973650.488659,-2.0,-3.0,-114.0
1775973650.498659,-2.0,-8.0,-115.0
1775973650.508659,-7.0,-2.0,-117.0
1775973650.5186589,-6.0,1.0,-118.0
1775973650.5286589,1.0,0.0,-114.0
1775973650.5386589,3.0,0.0,-113.0
1775973650.5486588,1.0,-5.0,-108.0
1775973650.5586588,-1.0,-3.0,-103.0
1775973650.5686588,-3.0,0.0,-106.0
1775973650.5786588,0.0,0.0,-113.0
1775973650.5886588,-4.0,-2.0,-109.0
1775973650.5986588,-2.0,-3.0,-113.0
1775973650.6086588,2.0,1.0,-108.0
1775973650.6186588,3.0,3.0,-110.0
1775973650.6286588,2.0,1.0,-117.0
1775973650.6386588,2.0,-1.0,-115.0
1775973650.648659,0.0,-1.0,-104.0
1775973650.658659,-2.0,-3.0,-110.0
1775973650.668659,2.0,-2.0,-112.0
1775973650.678659,2.0,-1.0,-111.0
1775973650.688659,6.0,1.0,-107.0
1775973650.698659,2.0,2.0,-109.0
1775973650.708659,0.0,1.0,-103.0
1775973650.718659,-1.0,0.0,-97.0
1775973650.728659,-1.0,-1.0,-99.0
1775973650.738659,-3.0,-1.0,-104.0
1775973650.748659,-2.0,-5.0,-106.0
1775973650.758659,-3.0,-8.0,-107.0
1775973650.7686589,-7.0,-6.0,-96.0
1775973650.7786589,-5.0,-8.0,-98.0
1775973650.7886589,-2.0,-5.0,-108.0
1775973650.7986588,-2.0,-4.0,-116.0
1775973650.8086588,-3.0,-4.0,-115.0
1775973650.8186588,-2.0,-6.0,-117.0
1775973650.8286588,-1.0,0.0,-116.0
1775973650.8386588,0.0,-4.0,-114.0
1775973650.8486588,3.0,-2.0,-115.0
1775973650.8586588,1.0,-1.0,-117.0
1775973650.8686588,-2.0,-6.0,-120.0
1775973650.8786588,-6.0,-5.0,-115.0
1775973650.8886588,-7.0,-6.0,-114.0
1775973650.898659,-9.0,-3.0,-115.0
1775973650.908659,-7.0,-2.0,-111.0
1775973650.918659,-5.0,0.0,-114.0
1775973650.928659,-4.0,0.0,-114.0
1775973650.938659,-5.0,-3.0,-113.0
1775973650.948659,-4.0,-6.0,-119.0
1775973650.958659,-5.0,-3.0,-119.0
1775973650.968659,-5.0,-2.0,-111.0
1775973650.978659,-4.0,1.0,-109.0
1775973650.988659,-8.0,3.0,-107.0
1775973650.998659,-9.0,0.0,-114.0
1775973651.008659,-4.0,-1.0,-110.0
1775973651.0186589,-2.0,0.0,-112.0
1775973651.0286589,-2.0,2.0,-116.0
1775973651.0386589,-4.0,3.0,-115.0
1775973651.0486588,-3.0,4.0,-112.0
1775973651.0586588,-7.0,0.0,-112.0
1775973651.0686588,-11.0,0.0,-113.0
1775973651.0786588,-8.0,-4.0,-110.0
1775973651.0886588,-6.0,-1.0,-109.0
1775973651.0986588,-7.0,-3.0,-108.0
1775973651.1086588,-3.0,-2.0,-112.0
1775973651.1186588,0.0,-4.0,-116.0
1775973651.1286588,1.0,2.0,-111.0
1775973651.1386588,1.0,0.0,-105.0
1775973651.148659,1.0,0.0,-106.0
1775973651.158659,2.0,-2.0,-111.0
1775973651.168659,1.0,2.0,-115.0
1775973651.178659,0.0,2.0,-117.0
1775973651.188659,0.0,5.0,-116.0
1775973651.198659,0.0,1.0,-112.0
1775973651.208659,0.0,0.0,-103.0
1775973651.218659,0.0,-4.0,-104.0
1775973651.228659,5.0,-3.0,-102.0
1775973651.238659,5.0,-8.0,-99.0
1775973651.248659,6.0,-11.0,-104.0
1775973651.258659,3.0,-12.0,-103.0
1775973651.2686589,1.0,-8.0,-103.0
1775973651.2786589,4.0,-6.0,-102.0
1775973651.2886589,1.0,-1.0,-111.0
1775973651.2986588,0.0,0.0,-107.0
1775973651.3086588,5.0,0.0,-100.0
1775973651.3186588,5.0,2.0,-99.0
1775973651.3286588,3.0,5.0,-96.0
1775973651.3386588,0.0,2.0,-102.0
1775973651.3486588,0.0,-1.0,-99.0
1775973651.3586588,-3.0,-2.0,-103.0
1775973651.3686588,-3.0,-4.0,-102.0
1775973651.3786588,-5.0,-1.0,-103.0
1775973651.3886588,-5.0,0.0,-107.0
1775973651.398659,-6.0,-4.0,-115.0
1775973651.408659,-5.0,-4.0,-112.0
1775973651.418659,-6.0,-1.0,-108.0
1775973651.428659,-4.0,2.0,-105.0
1775973651.438659,-2.0,2.0,-101.0
1775973651.448659,-1.0,-1.0,-102.0
1775973651.458659,-3.0,-1.0,-108.0
1775973651.468659,-6.0,-3.0,-98.0
1775973651.478659,-4.0,-3.0,-102.0
1775973651.488659,0.0,1.0,-99.0
1775973651.498659,-4.0,2.0,-104.0
1775973651.508659,-7.0,0.0,-107.0
1775973651.5186589,-4.0,0.0,-104.0
1775973651.5286589,-6.0,2.0,-100.0
1775973651.5396588,-4.0,-1.0,-99.0
1775973651.5496588,-7.0,0.0,-101.0
1775973651.5596588,-6.0,2.0,-107.0
1775973651.569659,-5.0,0.0,-104.0
1775973651.579659,-3.0,-2.0,-104.0
1775973651.589659,-3.0,-1.0,-114.0
1775973651.599659,-4.0,0.0,-120.0
1775973651.609659,-3.0,0.0,-113.0
1775973651.619659,-4.0,0.0,-112.0
1775973651.629659,0.0,0.0,-108.0
1775973651.6386588,1.0,-4.0,-103.0
1775973651.649659,4.0,-4.0,-99.0
1775973651.659659,6.0,-6.0,-105.0
1775973651.669659,7.0,-8.0,-111.0
1775973651.679659,4.0,-9.0,-105.0
1775973651.6896589,5.0,-5.0,-104.0
1775973651.6996589,0.0,-2.0,-110.0
1775973651.7096589,-1.0,0.0,-110.0
1775973651.7196589,-10.0,-4.0,-113.0
1775973651.7296588,-10.0,-5.0,-108.0
1775973651.7396588,-12.0,-4.0,-104.0
1775973651.7496588,-9.0,-1.0,-100.0
1775973651.7596588,-10.0,-1.0,-100.0
1775973651.7696588,-6.0,-1.0,-104.0
1775973651.7796588,-5.0,0.0,-105.0
1775973651.7896588,0.0,-3.0,-104.0
1775973651.7996588,0.0,0.0,-97.0
1775973651.8096588,0.0,4.0,-99.0
1775973651.819659,-5.0,3.0,-98.0
1775973651.829659,-7.0,1.0,-101.0
1775973651.839659,-7.0,0.0,-101.0
1775973651.849659,-4.0,-1.0,-103.0
1775973651.859659,-4.0,-3.0,-102.0
1775973651.869659,-4.0,-3.0,-108.0
1775973651.879659,-3.0,-2.0,-108.0
1775973651.889659,-3.0,-2.0,-112.0
1775973651.899659,-6.0,-2.0,-111.0
1775973651.909659,-8.0,-2.0,-107.0
1775973651.919659,-13.0,2.0,-112.0
1775973651.929659,-8.0,0.0,-117.0
1775973651.9396589,-10.0,1.0,-119.0
1775973651.9496589,-7.0,4.0,-121.0
1775973651.9596589,-6.0,7.0,-121.0
1775973651.9696589,-12.0,6.0,-118.0
1775973651.9796588,-13.0,5.0,-116.0
1775973651.9896588,-12.0,2.0,-114.0
1775973651.9996588,-11.0,3.0,-118.0
1775973652.0096588,-12.0,1.0,-118.0
1775973652.0196588,-12.0,0.0,-116.0
1775973652.0296588,-6.0,2.0,-117.0
1775973652.0396588,-2.0,0.0,-112.0
1775973652.0496588,-1.0,-1.0,-108.0
1775973652.0596588,0.0,-1.0,-105.0
1775973652.069659,1.0,0.0,-107.0
1775973652.079659,5.0,0.0,-103.0
1775973652.089659,5.0,-1.0,-102.0
1775973652.099659,-2.0,-1.0,-100.0
1775973652.109659,-2.0,-3.0,-96.0
1775973652.119659,4.0,-2.0,-94.0
1775973652.129659,8.0,-1.0,-93.0
1775973652.139659,4.0,0.0,-103.0
1775973652.149659,2.0,-1.0,-108.0
1775973652.159659,2.0,-1.0,-108.0
1775973652.169659,0.0,-4.0,-106.0
1775973652.179659,-1.0,-6.0,-105.0
1775973652.1896589,-1.0,-3.0,-107.0
1775973652.1996589,-2.0,0.0,-105.0
1775973652.2096589,-3.0,0.0,-103.0
1775973652.2196589,-3.0,0.0,-101.0
1775973652.2296588,-5.0,1.0,-95.0
1775973652.2396588,-5.0,-1.0,-100.0
1775973652.2496588,0.0,-2.0,-104.0
1775973652.2596588,-1.0,-3.0,-105.0
1775973652.2696588,1.0,-7.0,-100.0
1775973652.2796588,3.0,-3.0,-95.0
1775973652.2896588,6.0,-4.0,-97.0
1775973652.2996588,1.0,-5.0,-102.0
1775973652.3096588,2.0,-3.0,-105.0
1775973652.319659,4.0,-2.0,-114.0
1775973652.329659,5.0,-2.0,-116.0
1775973652.339659,2.0,-5.0,-111.0
1775973652.349659,3.0,-4.0,-108.0
1775973652.359659,3.0,-1.0,-115.0
1775973652.369659,1.0,1.0,-111.0
1775973652.379659,0.0,0.0,-117.0
1775973652.389659,-3.0,-5.0,-119.0
1775973652.399659,-5.0,-4.0,-110.0
1775973652.409659,-5.0,-5.0,-113.0
1775973652.419659,-11.0,-5.0,-107.0
1775973652.429659,-3.0,-1.0,-106.0
1775973652.4396589,-1.0,-4.0,-101.0
1775973652.4496589,-5.0,-5.0,-101.0
1775973652.4596589,-1.0,0.0,-106.0
1775973652.4696589,0.0,1.0,-111.0
1775973652.4796588,0.0,0.0,-115.0
1775973652.4896588,0.0,0.0,-112.0
1775973652.4996588,3.0,-1.0,-109.0
1775973652.5096588,6.0,-2.0,-110.0
1775973652.5196588,8.0,-1.0,-114.0
1775973652.5296588,13.0,-3.0,-111.0
1775973652.5396588,10.0,-4.0,-112.0
1775973652.5496588,6.0,0.0,-109.0
1775973652.5596588,6.0,0.0,-110.0
1775973652.569659,5.0,2.0,-109.0
1775973652.579659,1.0,2.0,-110.0
1775973652.589659,-1.0,3.0,-111.0
1775973652.599659,0.0,0.0,-107.0
1775973652.609659,0.0,1.0,-105.0
1775973652.619659,1.0,1.0,-106.0
1775973652.629659,0.0,-2.0,-105.0
1775973652.639659,1.0,-1.0,-107.0
1775973652.649659,6.0,-3.0,-106.0
1775973652.659659,5.0,-9.0,-101.0
1775973652.669659,2.0,-8.0,-100.0
1775973652.679659,6.0,-12.0,-98.0
1775973652.6896589,8.0,-9.0,-102.0
1775973652.6996589,5.0,-7.0,-104.0
1775973652.7096589,1.0,-6.0,-107.0
1775973652.7196589,2.0,-5.0,-109.0
1775973652.7296588,4.0,-3.0,-107.0
1775973652.7396588,4.0,-4.0,-103.0
1775973652.7496588,1.0,-2.0,-109.0
1775973652.7596588,1.0,0.0,-104.0
1775973652.7696588,-2.0,-1.0,-107.0
1775973652.7796588,-3.0,-2.0,-102.0
1775973652.7896588,-3.0,0.0,-107.0
1775973652.7996588,0.0,2.0,-107.0
1775973652.8096588,0.0,0.0,-112.0
1775973652.819659,-6.0,2.0,-109.0
1775973652.829659,-5.0,0.0,-105.0
1775973652.839659,1.0,0.0,-101.0
1775973652.849659,1.0,-2.0,-97.0
1775973652.859659,2.0,-4.0,-97.0
1775973652.869659,10.0,-2.0,-101.0
1775973652.879659,5.0,-3.0,-101.0
1775973652.889659,0.0,-5.0,-102.0
1775973652.899659,0.0,-4.0,-101.0
1775973652.909659,1.0,-1.0,-107.0
1775973652.919659,0.0,-2.0,-112.0
1775973652.929659,1.0,-2.0,-105.0
1775973652.9396589,0.0,-1.0,-106.0
1775973652.9496589,1.0,-1.0,-103.0
1775973652.9596589,0.0,-5.0,-109.0
1775973652.9696589,0.0,-4.0,-103.0
1775973652.9796588,-1.0,0.0,-101.0
1775973652.9896588,2.0,3.0,-95.0
1775973652.9996588,3.0,2.0,-101.0
1775973653.0096588,3.0,3.0,-102.0
1775973653.0196588,0.0,5.0,-108.0
1775973653.0296588,2.0,4.0,-107.0
1775973653.0396588,4.0,2.0,-109.0
1775973653.0496588,0.0,5.0,-103.0
1775973653.0596588,1.0,2.0,-104.0
1775973653.069659,0.0,0.0,-104.0
1775973653.079659,1.0,-3.0,-103.0
1775973653.089659,4.0,-1.0,-106.0
1775973653.099659,2.0,0.0,-102.0
1775973653.109659,0.0,0.0,-103.0
1775973653.119659,0.0,0.0,-103.0
1775973653.129659,1.0,3.0,-101.0
1775973653.139659,-3.0,0.0,-97.0
1775973653.149659,0.0,1.0,-106.0
1775973653.159659,-3.0,0.0,-108.0
1775973653.169659,0.0,1.0,-113.0
1775973653.179659,2.0,-2.0,-112.0
1775973653.1896589,8.0,-8.0,-109.0
1775973653.1996589,5.0,-10.0,-107.0
1775973653.2096589,7.0,-12.0,-109.0
1775973653.2196589,5.0,-7.0,-113.0
1775973653.2296588,5.0,-3.0,-117.0
1775973653.2396588,7.0,0.0,-113.0
1775973653.2496588,9.0,0.0,-109.0
1775973653.2596588,8.0,2.0,-111.0
1775973653.2696588,3.0,3.0,-108.0
1775973653.2796588,0.0,0.0,-116.0
1775973653.2896588,2.0,1.0,-115.0
1775973653.2996588,0.0,2.0,-112.0
1775973653.3096588,0.0,0.0,-110.0
1775973653.319659,0.0,0.0,-109.0
1775973653.329659,0.0,1.0,-111.0
1775973653.339659,-4.0,-1.0,-112.0
1775973653.349659,-4.0,-2.0,-110.0
1775973653.359659,-1.0,-3.0,-115.0
1775973653.369659,4.0,-5.0,-112.0
1775973653.379659,0.0,-3.0,-103.0
1775973653.389659,2.0,-3.0,-107.0
1775973653.399659,-1.0,-5.0,-100.0
1775973653.409659,-9.0,-4.0,-106.0
1775973653.419659,-10.0,-7.0,-109.0
1775973653.429659,-7.0,-6.0,-110.0
1775973653.4396589,-9.0,-7.0,-106.0
1775973653.4496589,-8.0,-6.0,-107.0
1775973653.4596589,-5.0,-5.0,-110.0
1775973653.4696589,-1.0,0.0,-110.0
1775973653.4796588,0.0,-2.0,-113.0
1775973653.4896588,0.0,2.0,-113.0
1775973653.4996588,2.0,4.0,-113.0
1775973653.5096588,2.0,2.0,-109.0
1775973653.5196588,4.0,4.0,-104.0
1775973653.5296588,2.0,3.0,-108.0
1775973653.5396588,1.0,2.0,-110.0
1775973653.5496588,-2.0,1.0,-104.0
1775973653.5596588,-2.0,0.0,-105.0
1775973653.569659,-4.0,1.0,-98.0
1775973653.579659,-1.0,-2.0,-106.0
1775973653.589659,-3.0,-5.0,-109.0
1775973653.599659,0.0,0.0,-109.0
1775973653.610659,-2.0,-1.0,-109.0
1775973653.619659,-2.0,-1.0,-108.0
1775973653.6306589,-1.0,1.0,-109.0
1775973653.6406589,-3.0,3.0,-98.0
1775973653.6506588,-4.0,1.0,-99.0
1775973653.6606588,-2.0,2.0,-110.0
1775973653.6706588,-4.0,-2.0,-109.0
1775973653.6806588,-5.0,-2.0,-111.0
1775973653.6906588,0.0,0.0,-119.0
1775973653.7006588,3.0,1.0,-121.0
1775973653.7106588,0.0,-1.0,-112.0
1775973653.7206588,-3.0,2.0,-109.0
1775973653.7306588,1.0,5.0,-105.0
1775973653.7406588,1.0,5.0,-102.0
1775973653.750659,-4.0,3.0,-100.0
1775973653.761659,-8.0,2.0,-112.0
1775973653.770659,-5.0,2.0,-113.0
1775973653.780659,-5.0,1.0,-113.0
1775973653.790659,-6.0,1.0,-115.0
1775973653.800659,-8.0,1.0,-117.0
1775973653.810659,-11.0,0.0,-118.0
1775973653.820659,-10.0,2.0,-116.0
1775973653.830659,-6.0,2.0,-114.0
1775973653.840659,4.0,2.0,-107.0
1775973653.850659,3.0,0.0,-104.0
1775973653.860659,4.0,1.0,-108.0
1775973653.8706589,-3.0,0.0,-105.0
1775973653.8806589,-6.0,2.0,-106.0
1775973653.8906589,-3.0,-2.0,-110.0
1775973653.9006588,-2.0,-4.0,-110.0
1775973653.9106588,0.0,-5.0,-107.0
1775973653.9206588,-1.0,-8.0,-109.0
1775973653.9306588,2.0,-5.0,-110.0
1775973653.9406588,3.0,-4.0,-107.0
1775973653.9506588,5.0,-1.0,-103.0
1775973653.9606588,7.0,-1.0,-104.0
1775973653.9706588,8.0,1.0,-101.0
1775973653.9806588,9.0,1.0,-102.0
1775973653.9906588,6.0,0.0,-105.0
1775973654.000659,4.0,-4.0,-113.0
1775973654.010659,1.0,-5.0,-117.0
1775973654.020659,-1.0,3.0,-118.0
1775973654.030659,-1.0,6.0,-118.0
1775973654.040659,2.0,8.0,-117.0
1775973654.050659,-1.0,7.0,-121.0
1775973654.060659,-2.0,4.0,-123.0
1775973654.070659,0.0,2.0,-116.0
1775973654.080659,0.0,0.0,-116.0
1775973654.090659,2.0,-2.0,-113.0
1775973654.100659,4.0,-5.0,-114.0
1775973654.110659,1.0,-3.0,-111.0
1775973654.1206589,4.0,-9.0,-118.0
1775973654.1306589,4.0,-11.0,-118.0
1775973654.1406589,5.0,-6.0,-114.0
1775973654.1506588,3.0,-5.0,-112.0
1775973654.1606588,0.0,-2.0,-111.0
1775973654.1706588,1.0,-1.0,-103.0
1775973654.1806588,2.0,-4.0,-103.0
1775973654.1906588,6.0,-8.0,-107.0
1775973654.2006588,5.0,-8.0,-106.0
1775973654.2106588,3.0,-5.0,-110.0
1775973654.2206588,2.0,-2.0,-105.0
1775973654.2306588,2.0,0.0,-102.0
1775973654.2406588,4.0,-2.0,-106.0
1775973654.250659,0.0,-4.0,-111.0
1775973654.260659,2.0,-4.0,-107.0
1775973654.270659,2.0,-1.0,-107.0
1775973654.280659,1.0,0.0,-106.0
1775973654.290659,1.0,1.0,-105.0
1775973654.300659,1.0,3.0,-105.0
1775973654.310659,0.0,-1.0,-107.0
1775973654.320659,1.0,-3.0,-107.0
1775973654.330659,2.0,-2.0,-106.0
1775973654.340659,-1.0,-4.0,-107.0
1775973654.350659,-1.0,-2.0,-110.0
1775973654.360659,-1.0,-1.0,-108.0
1775973654.3706589,0.0,1.0,-113.0
1775973654.3806589,-5.0,0.0,-115.0
1775973654.3906589,0.0,0.0,-119.0
1775973654.4006588,0.0,0.0,-118.0
1775973654.4106588,2.0,0.0,-114.0
1775973654.4206588,6.0,2.0,-110.0
1775973654.4306588,2.0,0.0,-105.0
1775973654.4406588,5.0,0.0,-104.0
1775973654.4506588,10.0,-6.0,-104.0
1775973654.4606588,9.0,-7.0,-107.0
1775973654.4706588,2.0,-6.0,-103.0
1775973654.4806588,5.0,-4.0,-104.0
1775973654.4906588,4.0,-6.0,-102.0
1775973654.500659,0.0,-9.0,-96.0
1775973654.510659,3.0,-9.0,-99.0
1775973654.520659,4.0,-7.0,-96.0
1775973654.530659,4.0,-5.0,-97.0
1775973654.540659,4.0,1.0,-97.0
1775973654.550659,6.0,0.0,-100.0
1775973654.560659,4.0,-2.0,-105.0
1775973654.570659,2.0,-4.0,-103.0
1775973654.580659,2.0,-5.0,-98.0
1775973654.590659,4.0,-5.0,-98.0
1775973654.600659,2.0,0.0,-97.0
1775973654.610659,4.0,1.0,-98.0
1775973654.6206589,4.0,2.0,-102.0
1775973654.6306589,5.0,1.0,-94.0
1775973654.6406589,6.0,-2.0,-93.0
1775973654.6506588,8.0,-2.0,-102.0
1775973654.6606588,8.0,-3.0,-101.0
1775973654.6706588,5.0,-5.0,-101.0
1775973654.6806588,3.0,-5.0,-107.0
1775973654.6906588,1.0,-1.0,-108.0
1775973654.7006588,-4.0,0.0,-113.0
1775973654.7106588,-4.0,0.0,-111.0
1775973654.7206588,-2.0,0.0,-114.0
1775973654.7306588,4.0,0.0,-115.0
1775973654.7406588,7.0,1.0,-110.0
1775973654.750659,5.0,4.0,-112.0
1775973654.760659,3.0,2.0,-111.0
1775973654.770659,7.0,0.0,-108.0
1775973654.780659,6.0,-2.0,-103.0
1775973654.790659,6.0,0.0,-101.0
1775973654.800659,3.0,0.0,-98.0
1775973654.810659,1.0,6.0,-101.0
1775973654.820659,-2.0,8.0,-101.0
1775973654.830659,-5.0,8.0,-102.0
1775973654.840659,-3.0,4.0,-105.0
1775973654.850659,-9.0,5.0,-105.0
1775973654.860659,-9.0,1.0,-105.0
1775973654.8706589,-1.0,2.0,-104.0
1775973654.8806589,6.0,-2.0,-107.0
1775973654.8906589,3.0,-2.0,-112.0
1775973654.9006588,0.0,-1.0,-110.0
1775973654.9106588,-2.0,-3.0,-109.0
1775973654.9206588,0.0,0.0,-109.0
1775973654.9306588,0.0,0.0,-117.0
1775973654.9406588,0.0,-4.0,-116.0
1775973654.9506588,1.0,-4.0,-110.0
1775973654.9606588,0.0,-1.0,-111.0
1775973654.9706588,1.0,0.0,-105.0
1775973654.9806588,5.0,0.0,-107.0
1775973654.9906588,0.0,2.0,-104.0
1775973655.000659,0.0,3.0,-104.0
1775973655.010659,0.0,2.0,-109.0
1775973655.020659,3.0,3.0,-111.0
1775973655.030659,1.0,2.0,-116.0
1775973655.040659,2.0,0.0,-114.0
1775973655.050659,5.0,5.0,-119.0
1775973655.060659,0.0,2.0,-117.0
1775973655.070659,0.0,3.0,-118.0
1775973655.080659,0.0,3.0,-113.0
1775973655.090659,-2.0,3.0,-112.0
1775973655.100659,-7.0,4.0,-110.0
1775973655.110659,-5.0,3.0,-111.0
1775973655.1206589,-1.0,2.0,-113.0
1775973655.1306589,-1.0,6.0,-113.0
1775973655.1406589,-2.0,5.0,-117.0
1775973655.1506588,-2.0,4.0,-119.0
1775973655.1606588,0.0,3.0,-121.0
1775973655.1706588,3.0,2.0,-116.0
1775973655.1806588,6.0,-3.0,-115.0
1775973655.1906588,5.0,-3.0,-113.0
1775973655.2006588,1.0,-7.0,-111.0
1775973655.2106588,3.0,-7.0,-106.0
1775973655.2206588,1.0,-5.0,-101.0
1775973655.2306588,0.0,-7.0,-100.0
1775973655.2406588,0.0,-4.0,-99.0
1775973655.250659,-7.0,-3.0,-101.0
1775973655.260659,-6.0,-2.0,-108.0
1775973655.270659,-2.0,1.0,-113.0
1775973655.280659,0.0,2.0,-113.0
1775973655.290659,-2.0,2.0,-115.0
1775973655.300659,-4.0,-1.0,-114.0
1775973655.310659,-1.0,-2.0,-115.0
1775973655.320659,1.0,-5.0,-111.0
1775973655.330659,3.0,2.0,-112.0
1775973655.340659,4.0,3.0,-110.0
1775973655.350659,2.0,2.0,-109.0
1775973655.360659,1.0,-1.0,-112.0
1775973655.3706589,0.0,-4.0,-112.0
1775973655.3806589,2.0,-6.0,-111.0
1775973655.3906589,0.0,-2.0,-105.0
1775973655.4006588,0.0,-2.0,-110.0
1775973655.4106588,0.0,0.0,-106.0
1775973655.4206588,-8.0,0.0,-112.0
1775973655.4306588,-7.0,0.0,-114.0
1775973655.4406588,-1.0,0.0,-113.0
1775973655.4506588,-1.0,0.0,-107.0
1775973655.4606588,-3.0,2.0,-112.0
1775973655.4706588,-1.0,2.0,-113.0
1775973655.4806588,-1.0,3.0,-118.0
1775973655.4906588,1.0,4.0,-119.0
1775973655.500659,3.0,3.0,-112.0
1775973655.510659,2.0,1.0,-112.0
1775973655.520659,0.0,0.0,-110.0
1775973655.530659,-3.0,-1.0,-108.0
1775973655.540659,-3.0,1.0,-105.0
1775973655.550659,-1.0,0.0,-106.0
1775973655.560659,-6.0,-1.0,-101.0
1775973655.570659,-7.0,-2.0,-93.0
1775973655.580659,-6.0,-4.0,-100.0
1775973655.590659,-7.0,-7.0,-95.0
1775973655.600659,-9.0,-5.0,-98.0
1775973655.6116588,-11.0,-6.0,-99.0
1775973655.6206589,-13.0,-7.0,-98.0
1775973655.6306589,-10.0,-7.0,-95.0
1775973655.6406589,-8.0,-11.0,-92.0
1775973655.6506588,-11.0,-9.0,-92.0
1775973655.6616588,-4.0,-6.0,-100.0
1775973655.671659,0.0,-5.0,-98.0
1775973655.681659,4.0,-3.0,-96.0
1775973655.691659,0.0,-7.0,-98.0
1775973655.7006588,0.0,-5.0,-100.0
1775973655.711659,0.0,-3.0,-100.0
1775973655.721659,-2.0,-4.0,-102.0
1775973655.731659,-2.0,-6.0,-102.0
1775973655.741659,-9.0,-5.0,-105.0
1775973655.751659,-7.0,-6.0,-106.0
1775973655.761659,-5.0,-4.0,-100.0
1775973655.771659,-4.0,-3.0,-109.0
1775973655.781659,-2.0,-2.0,-113.0
1775973655.7916589,-7.0,-5.0,-109.0
1775973655.8016589,-7.0,-1.0,-109.0
1775973655.8116589,-6.0,0.0,-110.0
1775973655.8216588,-1.0,6.0,-109.0
1775973655.8316588,0.0,3.0,-109.0
1775973655.8416588,0.0,4.0,-112.0
1775973655.8516588,-2.0,3.0,-108.0
1775973655.8616588,0.0,3.0,-109.0
1775973655.8716588,-1.0,7.0,-109.0
1775973655.8816588,-1.0,6.0,-112.0
1775973655.8916588,0.0,8.0,-103.0
1775973655.9016588,-7.0,6.0,-103.0
1775973655.9116588,-7.0,6.0,-103.0
1775973655.921659,-3.0,5.0,-109.0
1775973655.931659,-1.0,2.0,-115.0
1775973655.941659,2.0,2.0,-110.0
1775973655.951659,0.0,0.0,-103.0
1775973655.961659,-5.0,2.0,-103.0
1775973655.971659,-7.0,0.0,-100.0
1775973655.981659,-6.0,0.0,-103.0
1775973655.991659,-6.0,-2.0,-103.0
1775973656.001659,-7.0,-4.0,-105.0
1775973656.011659,-7.0,-7.0,-110.0
1775973656.021659,-8.0,-3.0,-108.0
1775973656.031659,-7.0,-3.0,-104.0
1775973656.0416589,-3.0,0.0,-102.0
1775973656.0516589,-2.0,-1.0,-98.0
1775973656.0616589,-5.0,1.0,-101.0
1775973656.0716588,0.0,1.0,-100.0
1775973656.0816588,0.0,0.0,-101.0
1775973656.0916588,0.0,0.0,-101.0
1775973656.1016588,2.0,0.0,-97.0
1775973656.1116588,2.0,-5.0,-104.0
1775973656.1216588,-2.0,-3.0,-112.0
1775973656.1316588,-4.0,-1.0,-112.0
1775973656.1416588,-1.0,0.0,-110.0
1775973656.1516588,0.0,0.0,-110.0
1775973656.1616588,-1.0,0.0,-114.0
1775973656.171659,-2.0,-1.0,-118.0
1775973656.181659,1.0,0.0,-118.0
1775973656.191659,-5.0,2.0,-122.0
1775973656.201659,-5.0,0.0,-106.0
1775973656.211659,-2.0,-3.0,-104.0
1775973656.221659,-5.0,-1.0,-116.0
1775973656.231659,-2.0,-5.0,-118.0
1775973656.241659,-2.0,-6.0,-109.0
1775973656.251659,-1.0,-5.0,-109.0
1775973656.261659,-2.0,-6.0,-119.0
1775973656.271659,-4.0,-5.0,-125.0
1775973656.281659,-4.0,-3.0,-116.0
1775973656.2916589,-2.0,-2.0,-110.0
1775973656.3016589,-3.0,0.0,-110.0
1775973656.3116589,0.0,-4.0,-104.0
1775973656.3216588,-1.0,-4.0,-106.0
1775973656.3316588,-1.0,-3.0,-99.0
1775973656.3416588,-1.0,0.0,-92.0
1775973656.3516588,1.0,1.0,-93.0
1775973656.3616588,0.0,-2.0,-98.0
1775973656.3716588,-2.0,-3.0,-102.0
1775973656.3816588,2.0,-5.0,-105.0
1775973656.3916588,0.0,-3.0,-108.0
1775973656.4016588,0.0,-1.0,-102.0
1775973656.4116588,-2.0,0.0,-105.0
1775973656.421659,-3.0,1.0,-103.0
1775973656.431659,-4.0,3.0,-101.0
1775973656.441659,-1.0,2.0,-106.0
1775973656.451659,1.0,5.0,-107.0
1775973656.461659,-2.0,4.0,-108.0
1775973656.471659,-5.0,6.0,-109.0
1775973656.481659,0.0,6.0,-110.0
1775973656.491659,-5.0,0.0,-109.0
1775973656.501659,0.0,-1.0,-105.0
1775973656.511659,1.0,-3.0,-107.0
1775973656.521659,3.0,0.0,-110.0
1775973656.531659,7.0,0.0,-104.0
1775973656.5416589,10.0,-2.0,-98.0
1775973656.5516589,11.0,-2.0,-100.0
1775973656.5616589,8.0,1.0,-99.0
1775973656.5716588,10.0,3.0,-99.0
1775973656.5816588,8.0,-1.0,-101.0
1775973656.5916588,7.0,0.0,-97.0
1775973656.6016588,5.0,0.0,-92.0
1775973656.6116588,5.0,-1.0,-93.0
1775973656.6216588,2.0,-4.0,-102.0
1775973656.6316588,-1.0,-1.0,-108.0
1775973656.6416588,0.0,-2.0,-106.0
1775973656.6516588,-2.0,0.0,-110.0
1775973656.6616588,-3.0,1.0,-108.0
1775973656.671659,-7.0,2.0,-112.0
1775973656.681659,-4.0,-1.0,-109.0
1775973656.691659,-2.0,-1.0,-107.0
1775973656.701659,-2.0,0.0,-103.0
1775973656.711659,0.0,2.0,-100.0
1775973656.721659,2.0,5.0,-103.0
1775973656.731659,0.0,6.0,-102.0
1775973656.741659,0.0,8.0,-108.0
1775973656.751659,1.0,7.0,-113.0
1775973656.761659,3.0,3.0,-118.0
1775973656.771659,-3.0,0.0,-112.0
1775973656.781659,-3.0,-4.0,-115.0
1775973656.7916589,-2.0,-2.0,-110.0
1775973656.8016589,-5.0,2.0,-107.0
1775973656.8116589,-3.0,5.0,-103.0
1775973656.8216588,-5.0,5.0,-90.0
1775973656.8316588,-6.0,10.0,-87.0
1775973656.8416588,-3.0,3.0,-98.0
1775973656.8516588,-5.0,3.0,-106.0
1775973656.8616588,-2.0,0.0,-108.0
1775973656.8716588,-3.0,0.0,-105.0
1775973656.8816588,0.0,-1.0,-104.0
1775973656.8916588,-1.0,-5.0,-108.0
1775973656.9016588,-1.0,-1.0,-107.0
1775973656.9116588,0.0,-2.0,-107.0
1775973656.921659,2.0,-1.0,-105.0
1775973656.931659,0.0,-2.0,-100.0
1775973656.941659,0.0,0.0,-103.0
1775973656.951659,1.0,1.0,-104.0
1775973656.961659,-1.0,-1.0,-107.0
1775973656.971659,1.0,-4.0,-110.0
1775973656.981659,-4.0,-3.0,-109.0
1775973656.991659,-5.0,-5.0,-113.0
1775973657.001659,-7.0,-7.0,-112.0
1775973657.011659,-6.0,-8.0,-112.0
1775973657.021659,-1.0,-6.0,-112.0
1775973657.031659,-2.0,-6.0,-119.0
1775973657.0416589,-3.0,-9.0,-116.0
1775973657.0516589,-3.0,-6.0,-116.0
1775973657.0616589,0.0,-3.0,-111.0
1775973657.0716588,3.0,1.0,-110.0
1775973657.0816588,-3.0,-2.0,-109.0
1775973657.0916588,0.0,-3.0,-99.0
1775973657.1016588,-1.0,-3.0,-104.0
1775973657.1116588,1.0,-5.0,-107.0
1775973657.1216588,-2.0,-3.0,-101.0
1775973657.1316588,-3.0,1.0,-99.0
1775973657.1416588,-3.0,2.0,-95.0
1775973657.1516588,-7.0,5.0,-95.0
1775973657.1616588,-6.0,3.0,-98.0
1775973657.171659,-5.0,2.0,-94.0
1775973657.181659,-3.0,0.0,-98.0
1775973657.191659,-5.0,-4.0,-101.0
1775973657.201659,-4.0,-7.0,-102.0
1775973657.211659,-3.0,-9.0,-106.0
1775973657.221659,0.0,-9.0,-106.0
1775973657.231659,-1.0,-3.0,-102.0
1775973657.241659,0.0,-3.0,-98.0
1775973657.251659,-4.0,-9.0,-101.0
1775973657.261659,-5.0,-9.0,-105.0
1775973657.271659,-5.0,-2.0,-106.0
1775973657.281659,-4.0,-1.0,-112.0
1775973657.2916589,0.0,0.0,-119.0
1775973657.3016589,1.0,-1.0,-108.0
1775973657.3116589,4.0,-3.0,-106.0
1775973657.3216588,2.0,-3.0,-111.0
1775973657.3316588,0.0,-6.0,-111.0
1775973657.3416588,-6.0,-4.0,-104.0
1775973657.3516588,-4.0,0.0,-101.0
1775973657.3616588,-4.0,-1.0,-108.0
1775973657.3716588,-8.0,-6.0,-107.0
1775973657.3816588,-7.0,-4.0,-103.0
1775973657.3916588,-1.0,0.0,-105.0
1775973657.4016588,0.0,-3.0,-96.0
1775973657.4116588,-3.0,-6.0,-94.0
1775973657.421659,0.0,-8.0,-95.0
1775973657.431659,-1.0,-6.0,-95.0
1775973657.441659,-3.0,-6.0,-97.0
1775973657.451659,1.0,-3.0,-99.0
1775973657.461659,0.0,1.0,-103.0
1775973657.471659,0.0,3.0,-103.0
1775973657.481659,0.0,-2.0,-99.0
1775973657.491659,2.0,-6.0,-103.0
1775973657.501659,-2.0,-9.0,-101.0
1775973657.511659,0.0,-7.0,-103.0
1775973657.521659,-3.0,-5.0,-103.0
1775973657.531659,-6.0,-5.0,-104.0
1775973657.5416589,-6.0,-5.0,-103.0
1775973657.5516589,-3.0,-8.0,-103.0
1775973657.5616589,0.0,-7.0,-108.0
1775973657.5716588,0.0,-6.0,-106.0
1775973657.5816588,-3.0,-3.0,-108.0
1775973657.5916588,-1.0,0.0,-106.0
1775973657.6016588,2.0,-1.0,-107.0
1775973657.6116588,-3.0,-1.0,-103.0
1775973657.6216588,0.0,-1.0,-106.0
1775973657.6316588,-1.0,-3.0,-104.0
1775973657.6416588,-6.0,-5.0,-102.0
1775973657.6516588,-9.0,-4.0,-108.0
1775973657.6616588,-7.0,-5.0,-111.0
1775973657.671659,-6.0,-3.0,-116.0
1775973657.681659,-6.0,-3.0,-110.0
1775973657.691659,-8.0,-4.0,-115.0
1775973657.702659,-11.0,-2.0,-117.0
1775973657.711659,-12.0,0.0,-112.0
1775973657.7226589,-11.0,-3.0,-110.0
1775973657.7326589,-9.0,0.0,-106.0
1775973657.7426589,-7.0,2.0,-113.0
1775973657.7526588,-6.0,3.0,-117.0
1775973657.7626588,-9.0,3.0,-113.0
1775973657.7726588,-7.0,3.0,-112.0
1775973657.7826588,-7.0,2.0,-109.0
1775973657.7926588,-6.0,0.0,-106.0
1775973657.8026588,-1.0,-1.0,-102.0
1775973657.8126588,-2.0,-2.0,-103.0
1775973657.8226588,-2.0,-3.0,-99.0
1775973657.8326588,-6.0,0.0,-108.0
1775973657.8426588,-5.0,1.0,-110.0
1775973657.852659,-6.0,0.0,-110.0
1775973657.862659,-8.0,-1.0,-102.0
1775973657.872659,-6.0,-1.0,-97.0
1775973657.882659,-5.0,-2.0,-99.0
1775973657.892659,-6.0,-4.0,-103.0
1775973657.902659,-1.0,-5.0,-107.0
1775973657.912659,2.0,-5.0,-112.0
1775973657.922659,0.0,-2.0,-109.0
1775973657.932659,0.0,-4.0,-112.0
1775973657.942659,1.0,-4.0,-114.0
1775973657.952659,4.0,-4.0,-106.0
1775973657.962659,3.0,2.0,-104.0
1775973657.9726589,1.0,2.0,-111.0
1775973657.9826589,6.0,3.0,-118.0
1775973657.9926589,8.0,4.0,-114.0
1775973658.0026588,11.0,3.0,-112.0
1775973658.0126588,12.0,0.0,-113.0
1775973658.0226588,13.0,1.0,-109.0
1775973658.0326588,10.0,1.0,-116.0
1775973658.0426588,6.0,3.0,-119.0
1775973658.0526588,4.0,-1.0,-109.0
1775973658.0626588,-1.0,0.0,-104.0
1775973658.0726588,-2.0,-1.0,-107.0
1775973658.0826588,0.0,2.0,-110.0
1775973658.0926588,3.0,1.0,-109.0
1775973658.102659,0.0,3.0,-109.0
1775973658.112659,-1.0,3.0,-111.0
1775973658.122659,-2.0,6.0,-108.0
1775973658.132659,-3.0,2.0,-108.0
1775973658.142659,-1.0,-4.0,-104.0
1775973658.152659,0.0,-5.0,-103.0
1775973658.162659,0.0,-2.0,-100.0
1775973658.172659,0.0,-1.0,-102.0
1775973658.182659,-1.0,-3.0,-104.0
1775973658.192659,1.0,-4.0,-108.0
1775973658.202659,0.0,-6.0,-104.0
1775973658.212659,2.0,-5.0,-112.0
1775973658.2226589,-1.0,0.0,-121.0
1775973658.2326589,-3.0,-1.0,-115.0
1775973658.2426589,-6.0,-3.0,-105.0
1775973658.2526588,-3.0,-1.0,-103.0
1775973658.2626588,-2.0,0.0,-107.0
1775973658.2726588,-1.0,-2.0,-109.0
1775973658.2826588,0.0,-3.0,-103.0
1775973658.2926588,0.0,-4.0,-100.0
1775973658.3026588,-2.0,-8.0,-102.0
1775973658.3126588,-2.0,-5.0,-103.0
1775973658.3226588,-2.0,-7.0,-104.0
1775973658.3326588,-3.0,-7.0,-103.0
1775973658.3426588,-1.0,-7.0,-102.0
1775973658.352659,0.0,1.0,-99.0
1775973658.362659,0.0,-2.0,-99.0
1775973658.372659,-1.0,-7.0,-101.0
1775973658.382659,-3.0,-7.0,-100.0
1775973658.392659,-4.0,-7.0,-103.0
1775973658.402659,-4.0,-4.0,-105.0
1775973658.412659,-10.0,-3.0,-100.0
1775973658.422659,-14.0,-4.0,-105.0
1775973658.432659,-12.0,2.0,-104.0
1775973658.442659,-8.0,3.0,-103.0
1775973658.452659,-4.0,0.0,-104.0
1775973658.462659,-3.0,-4.0,-100.0
1775973658.4726589,-2.0,-1.0,-95.0
1775973658.4826589,0.0,-1.0,-101.0
1775973658.4936588,2.0,0.0,-102.0
1775973658.5026588,2.0,4.0,-102.0
1775973658.5126588,6.0,2.0,-104.0
1775973658.5226588,8.0,0.0,-103.0
1775973658.5326588,11.0,0.0,-103.0
1775973658.5426588,7.0,-6.0,-102.0
1775973658.5526588,7.0,-4.0,-93.0
1775973658.5626588,8.0,-2.0,-100.0
1775973658.5726588,4.0,-4.0,-101.0
1775973658.5826588,4.0,-1.0,-103.0
1775973658.5926588,3.0,2.0,-105.0
1775973658.602659,-1.0,2.0,-101.0
1775973658.612659,1.0,2.0,-100.0
1775973658.622659,3.0,-2.0,-100.0
1775973658.632659,4.0,-3.0,-103.0
1775973658.642659,6.0,-2.0,-104.0
1775973658.652659,3.0,-1.0,-111.0
1775973658.662659,1.0,3.0,-112.0
1775973658.672659,2.0,1.0,-111.0
1775973658.682659,3.0,-1.0,-106.0
1775973658.692659,4.0,-1.0,-107.0
1775973658.702659,2.0,0.0,-112.0
1775973658.712659,3.0,-1.0,-110.0
1775973658.7226589,3.0,-1.0,-108.0
1775973658.7326589,0.0,4.0,-102.0
1775973658.7426589,5.0,1.0,-107.0
1775973658.7526588,8.0,-3.0,-99.0
1775973658.7626588,7.0,1.0,-95.0
1775973658.7726588,5.0,0.0,-100.0
1775973658.7826588,4.0,-4.0,-101.0
1775973658.7926588,2.0,-7.0,-103.0
1775973658.8026588,0.0,-7.0,-96.0
1775973658.8126588,1.0,-5.0,-104.0
1775973658.8226588,-2.0,-5.0,-105.0
1775973658.8326588,-2.0,-6.0,-106.0
1775973658.8426588,2.0,-5.0,-107.0
1775973658.852659,4.0,-6.0,-107.0
1775973658.862659,6.0,-5.0,-104.0
1775973658.872659,4.0,-5.0,-110.0
1775973658.882659,6.0,-5.0,-105.0
1775973658.892659,6.0,-7.0,-99.0
1775973658.902659,7.0,-7.0,-101.0
1775973658.912659,6.0,-4.0,-108.0
1775973658.922659,0.0,0.0,-106.0
1775973658.932659,-3.0,-3.0,-111.0
1775973658.942659,-3.0,0.0,-111.0
1775973658.952659,-4.0,2.0,-110.0
1775973658.962659,-2.0,-1.0,-103.0
1775973658.9726589,-2.0,3.0,-102.0
1775973658.9826589,-3.0,1.0,-95.0
1775973658.9926589,-3.0,2.0,-97.0
1775973659.0026588,-2.0,4.0,-102.0
1775973659.0126588,2.0,2.0,-104.0
1775973659.0226588,6.0,6.0,-106.0
1775973659.0326588,5.0,4.0,-107.0
1775973659.0426588,3.0,4.0,-103.0
1775973659.0526588,3.0,6.0,-101.0
1775973659.0626588,5.0,1.0,-103.0
1775973659.0726588,5.0,1.0,-104.0
1775973659.0826588,0.0,0.0,-101.0
1775973659.0926588,0.0,1.0,-98.0
1775973659.102659,-1.0,2.0,-97.0
1775973659.112659,0.0,1.0,-97.0
1775973659.122659,-6.0,1.0,-100.0
1775973659.132659,-10.0,3.0,-108.0
1775973659.142659,-6.0,2.0,-113.0
1775973659.152659,-4.0,2.0,-110.0
1775973659.162659,-3.0,2.0,-109.0
1775973659.172659,-4.0,4.0,-110.0
1775973659.182659,-2.0,7.0,-114.0
1775973659.192659,0.0,5.0,-103.0
1775973659.202659,-2.0,3.0,-98.0
1775973659.212659,3.0,0.0,-97.0
1775973659.2226589,4.0,-1.0,-101.0
1775973659.2326589,3.0,-1.0,-102.0
1775973659.2426589,2.0,-3.0,-108.0
1775973659.2526588,0.0,-5.0,-109.0
1775973659.2626588,-3.0,-5.0,-111.0
1775973659.2726588,-6.0,-3.0,-104.0
1775973659.2826588,-7.0,-8.0,-99.0
1775973659.2926588,-7.0,-5.0,-101.0
1775973659.3026588,-8.0,-4.0,-101.0
1775973659.3126588,-6.0,-1.0,-101.0
1775973659.3226588,-6.0,0.0,-100.0
1775973659.3326588,0.0,1.0,-96.0
1775973659.3426588,-3.0,2.0,-97.0
1775973659.352659,-4.0,3.0,-102.0
1775973659.362659,-3.0,6.0,-95.0
1775973659.372659,-4.0,6.0,-92.0
1775973659.382659,-2.0,8.0,-102.0
1775973659.392659,-6.0,6.0,-105.0
1775973659.402659,-7.0,5.0,-110.0
1775973659.412659,-8.0,7.0,-111.0
1775973659.422659,-6.0,5.0,-114.0
1775973659.432659,-11.0,5.0,-115.0
1775973659.442659,-10.0,5.0,-113.0
1775973659.452659,-7.0,6.0,-108.0
1775973659.462659,-5.0,5.0,-114.0
1775973659.4726589,-4.0,5.0,-111.0
1775973659.4826589,-1.0,3.0,-109.0
1775973659.4926589,-1.0,2.0,-115.0
1775973659.5026588,-3.0,-2.0,-108.0
1775973659.5126588,-5.0,-3.0,-108.0
1775973659.5226588,-3.0,-3.0,-103.0
1775973659.5326588,2.0,0.0,-101.0
1775973659.5426588,1.0,1.0,-100.0
1775973659.5526588,0.0,0.0,-102.0
1775973659.5626588,1.0,1.0,-104.0
1775973659.5726588,3.0,2.0,-104.0
1775973659.5826588,8.0,2.0,-101.0
1775973659.5926588,5.0,0.0,-99.0
1775973659.602659,4.0,-2.0,-101.0
1775973659.612659,7.0,-4.0,-103.0
1775973659.622659,2.0,-1.0,-101.0
1775973659.632659,0.0,1.0,-97.0
1775973659.642659,1.0,0.0,-101.0
1775973659.652659,-1.0,0.0,-107.0
1775973659.662659,-1.0,-1.0,-108.0
1775973659.672659,1.0,0.0,-114.0
1775973659.682659,1.0,-2.0,-104.0
1775973659.692659,0.0,-1.0,-101.0
1775973659.702659,2.0,1.0,-100.0
1775973659.712659,5.0,2.0,-96.0
1775973659.7226589,5.0,0.0,-88.0
1775973659.7326589,1.0,0.0,-87.0
1775973659.7426589,-1.0,-2.0,-88.0
1775973659.7526588,-3.0,-1.0,-85.0
1775973659.7636588,-8.0,0.0,-92.0
1775973659.773659,-9.0,-2.0,-94.0
1775973659.783659,-7.0,-1.0,-101.0
1775973659.793659,-3.0,-3.0,-109.0
1775973659.803659,-5.0,-5.0,-120.0
1775973659.813659,-4.0,-6.0,-120.0
1775973659.823659,0.0,-5.0,-114.0
1775973659.833659,-2.0,-3.0,-107.0
1775973659.843659,0.0,-4.0,-102.0
1775973659.853659,-2.0,-4.0,-101.0
1775973659.863659,-4.0,-2.0,-101.0
1775973659.873659,-2.0,0.0,-110.0
1775973659.883659,-2.0,-1.0,-108.0
1775973659.8936589,0.0,0.0,-101.0
1775973659.9036589,-3.0,-1.0,-104.0
1775973659.9136589,-3.0,0.0,-106.0
1775973659.9236588,-6.0,2.0,-105.0
1775973659.9336588,-3.0,0.0,-102.0
1775973659.9436588,-5.0,1.0,-107.0
1775973659.9536588,0.0,1.0,-105.0
1775973659.9636588,2.0,0.0,-102.0
1775973659.9736588,1.0,1.0,-104.0
1775973659.9836588,-2.0,4.0,-113.0
1775973659.9936588,-2.0,3.0,-105.0
1775973660.0036588,-4.0,4.0,-105.0
1775973660.0136588,0.0,6.0,-107.0
1775973660.023659,1.0,3.0,-99.0
1775973660.033659,-2.0,0.0,-97.0
1775973660.043659,-3.0,0.0,-103.0
1775973660.053659,1.0,-2.0,-108.0
1775973660.063659,0.0,-4.0,-106.0
1775973660.073659,-2.0,-5.0,-104.0
1775973660.083659,-1.0,-3.0,-114.0
1775973660.093659,-5.0,-4.0,-110.0
1775973660.103659,-4.0,-5.0,-110.0
1775973660.113659,-4.0,-3.0,-111.0
1775973660.123659,0.0,0.0,-110.0
1775973660.133659,4.0,2.0,-110.0
1775973660.1436589,2.0,0.0,-113.0
1775973660.1536589,5.0,-1.0,-107.0
1775973660.1636589,4.0,-1.0,-109.0
1775973660.1736588,8.0,-3.0,-114.0
1775973660.1836588,7.0,-1.0,-114.0
1775973660.1936588,1.0,1.0,-122.0
1775973660.2036588,-2.0,-2.0,-119.0
1775973660.2136588,0.0,-4.0,-118.0
1775973660.2236588,-2.0,-4.0,-115.0
1775973660.2336588,0.0,-5.0,-118.0
1775973660.2436588,7.0,0.0,-122.0
1775973660.2536588,2.0,1.0,-112.0
1775973660.2636588,-2.0,3.0,-105.0
1775973660.273659,0.0,2.0,-104.0
1775973660.283659,1.0,1.0,-109.0
1775973660.293659,0.0,3.0,-108.0
1775973660.303659,0.0,4.0,-105.0
1775973660.313659,-1.0,0.0,-94.0
1775973660.323659,0.0,0.0,-94.0
1775973660.333659,2.0,0.0,-95.0
1775973660.343659,1.0,-1.0,-98.0
1775973660.353659,1.0,1.0,-96.0
1775973660.363659,1.0,-1.0,-92.0
1775973660.373659,1.0,-4.0,-94.0
1775973660.383659,-1.0,-5.0,-100.0
1775973660.3936589,0.0,-3.0,-101.0
1775973660.4036589,4.0,-8.0,-103.0
1775973660.4136589,8.0,-3.0,-108.0
1775973660.4236588,10.0,0.0,-106.0
1775973660.4336588,9.0,-1.0,-107.0
1775973660.4436588,2.0,-4.0,-105.0
1775973660.4536588,-1.0,-6.0,-103.0
1775973660.4636588,-2.0,-3.0,-104.0
1775973660.4736588,-2.0,-3.0,-110.0
1775973660.4836588,0.0,-2.0,-115.0
1775973660.4936588,1.0,2.0,-113.0
1775973660.5036588,-4.0,2.0,-114.0
1775973660.5136588,-2.0,0.0,-114.0
1775973660.523659,-4.0,-1.0,-113.0
1775973660.533659,-2.0,0.0,-111.0
1775973660.543659,0.0,-2.0,-113.0
1775973660.553659,-4.0,-2.0,-118.0
1775973660.563659,-5.0,-2.0,-115.0
1775973660.573659,-4.0,-4.0,-110.0
1775973660.583659,-3.0,0.0,-102.0
1775973660.593659,-5.0,-2.0,-108.0
1775973660.603659,-4.0,-2.0,-114.0
1775973660.613659,-5.0,-3.0,-119.0
1775973660.623659,0.0,-1.0,-122.0
1775973660.633659,0.0,-4.0,-119.0
1775973660.6436589,-1.0,-1.0,-116.0
1775973660.6536589,0.0,0.0,-115.0
1775973660.6636589,0.0,4.0,-108.0
1775973660.6736588,4.0,3.0,-106.0
1775973660.6836588,-3.0,1.0,-100.0
1775973660.6936588,-2.0,4.0,-105.0
1775973660.7036588,-2.0,4.0,-110.0
1775973660.7136588,-1.0,2.0,-111.0
1775973660.7236588,-6.0,0.0,-115.0
1775973660.7336588,-8.0,-4.0,-112.0
1775973660.7436588,-8.0,-2.0,-109.0
1775973660.7536588,-6.0,-3.0,-102.0
1775973660.7636588,-6.0,-1.0,-102.0
1775973660.773659,-3.0,0.0,-98.0
1775973660.783659,-1.0,2.0,-100.0
1775973660.793659,-6.0,2.0,-100.0
1775973660.803659,2.0,-4.0,-96.0
1775973660.813659,4.0,-5.0,-94.0
1775973660.823659,2.0,-3.0,-97.0
1775973660.833659,-1.0,-5.0,-101.0
1775973660.843659,0.0,-5.0,-106.0
1775973660.853659,2.0,-1.0,-112.0
1775973660.863659,6.0,-5.0,-119.0
1775973660.873659,6.0,-10.0,-116.0
1775973660.883659,6.0,-13.0,-114.0
1775973660.8936589,4.0,-13.0,-116.0
1775973660.9036589,0.0,-10.0,-113.0
1775973660.9136589,0.0,-3.0,-114.0
1775973660.9236588,0.0,-5.0,-114.0
1775973660.9336588,2.0,-1.0,-111.0
1775973660.9436588,1.0,2.0,-113.0
1775973660.9536588,8.0,0.0,-110.0
1775973660.9636588,7.0,-4.0,-112.0
1775973660.9736588,6.0,-7.0,-112.0
1775973660.9836588,0.0,-2.0,-113.0
1775973660.9936588,0.0,-2.0,-119.0
1775973661.0036588,-4.0,-3.0,-115.0
1775973661.0136588,0.0,-1.0,-114.0
1775973661.023659,-2.0,-4.0,-119.0
1775973661.033659,-3.0,0.0,-119.0
1775973661.043659,-2.0,2.0,-118.0
1775973661.053659,0.0,1.0,-120.0
1775973661.063659,5.0,0.0,-117.0
1775973661.073659,6.0,0.0,-116.0
1775973661.083659,5.0,-1.0,-113.0
1775973661.093659,5.0,-1.0,-109.0
1775973661.103659,5.0,-2.0,-104.0
1775973661.113659,6.0,2.0,-107.0
1775973661.123659,7.0,0.0,-108.0
1775973661.133659,11.0,-1.0,-110.0
1775973661.1436589,9.0,-1.0,-109.0
1775973661.1536589,11.0,-3.0,-116.0
1775973661.1636589,9.0,-2.0,-110.0
1775973661.1736588,4.0,-3.0,-108.0
1775973661.1836588,0.0,-7.0,-116.0
1775973661.1936588,0.0,-7.0,-116.0
1775973661.2036588,3.0,-9.0,-114.0
1775973661.2136588,7.0,-6.0,-112.0
1775973661.2236588,7.0,-1.0,-116.0
1775973661.2336588,5.0,1.0,-111.0
1775973661.2436588,3.0,-2.0,-112.0
1775973661.2536588,1.0,-4.0,-114.0
1775973661.2636588,1.0,-5.0,-107.0
1775973661.273659,4.0,-3.0,-109.0
1775973661.283659,5.0,0.0,-108.0
1775973661.293659,0.0,-1.0,-104.0
1775973661.303659,-1.0,-4.0,-103.0
1775973661.313659,-3.0,-4.0,-109.0
1775973661.323659,-6.0,-7.0,-106.0
1775973661.333659,-2.0,-8.0,-108.0
1775973661.343659,-4.0,-3.0,-111.0
1775973661.353659,-3.0,0.0,-105.0
1775973661.363659,-6.0,0.0,-110.0
1775973661.373659,-6.0,0.0,-111.0
1775973661.383659,-6.0,-2.0,-111.0
1775973661.3936589,-5.0,-3.0,-112.0
1775973661.4036589,-4.0,-4.0,-112.0
1775973661.4136589,-6.0,-4.0,-104.0
1775973661.4236588,-5.0,0.0,-103.0
1775973661.4336588,-3.0,0.0,-104.0
1775973661.4436588,-1.0,1.0,-110.0
1775973661.4536588,1.0,-1.0,-110.0
1775973661.4636588,0.0,-4.0,-107.0
1775973661.4736588,1.0,-1.0,-107.0
1775973661.4836588,5.0,2.0,-108.0
1775973661.4936588,3.0,1.0,-112.0
1775973661.5036588,0.0,0.0,-109.0
1775973661.5136588,1.0,0.0,-107.0
1775973661.523659,1.0,3.0,-108.0
1775973661.533659,0.0,4.0,-103.0
1775973661.543659,0.0,4.0,-98.0
1775973661.553659,-2.0,1.0,-96.0
1775973661.563659,0.0,4.0,-97.0
1775973661.573659,0.0,8.0,-103.0
1775973661.583659,-1.0,5.0,-103.0
1775973661.593659,0.0,0.0,-104.0
1775973661.603659,2.0,0.0,-105.0
1775973661.613659,0.0,-3.0,-107.0
1775973661.623659,-6.0,1.0,-114.0
1775973661.633659,-5.0,-1.0,-111.0
1775973661.6436589,-3.0,-1.0,-107.0
1775973661.6536589,-2.0,-4.0,-110.0
1775973661.6636589,1.0,-3.0,-103.0
1775973661.6736588,1.0,-3.0,-105.0
1775973661.6836588,0.0,0.0,-103.0
1775973661.6936588,-1.0,-4.0,-106.0
1775973661.7036588,-2.0,-5.0,-104.0
1775973661.7136588,-2.0,-3.0,-99.0
1775973661.7236588,-3.0,-2.0,-97.0
1775973661.7336588,-3.0,-6.0,-98.0
1775973661.7436588,-3.0,-2.0,-103.0
1775973661.7536588,0.0,-2.0,-107.0
1775973661.7636588,2.0,-4.0,-110.0
1775973661.773659,-3.0,-4.0,-113.0
1775973661.783659,-7.0,-6.0,-111.0
1775973661.794659,-9.0,-5.0,-113.0
1775973661.804659,-8.0,-3.0,-111.0
1775973661.8146589,-4.0,-4.0,-107.0
1775973661.8246589,0.0,0.0,-97.0
1775973661.8346589,0.0,0.0,-99.0
1775973661.8446589,-1.0,1.0,-101.0
1775973661.8546588,1.0,0.0,-98.0
1775973661.8646588,4.0,0.0,-96.0
1775973661.8746588,0.0,-2.0,-102.0
1775973661.8846588,-3.0,-1.0,-111.0
1775973661.8946588,1.0,1.0,-112.0
1775973661.9046588,3.0,-1.0,-108.0
1775973661.9146588,-1.0,0.0,-105.0
1775973661.9246588,-1.0,-1.0,-109.0
1775973661.9346588,-2.0,-3.0,-110.0
1775973661.944659,-2.0,-1.0,-109.0
1775973661.954659,-4.0,-1.0,-114.0
1775973661.964659,-1.0,-3.0,-111.0
1775973661.974659,0.0,-5.0,-107.0
1775973661.984659,2.0,-1.0,-108.0
1775973661.994659,5.0,0.0,-106.0
1775973662.004659,4.0,-4.0,-103.0
1775973662.014659,2.0,-4.0,-102.0
1775973662.024659,2.0,-4.0,-96.0
1775973662.034659,0.0,0.0,-92.0
1775973662.044659,-4.0,0.0,-92.0
1775973662.054659,-3.0,-3.0,-95.0
1775973662.0646589,-1.0,0.0,-98.0
1775973662.0746589,5.0,-1.0,-104.0
1775973662.0846589,4.0,-4.0,-99.0
1775973662.0946589,7.0,-5.0,-101.0
1775973662.1046588,3.0,-5.0,-97.0
1775973662.1146588,2.0,-3.0,-96.0
1775973662.1246588,0.0,-2.0,-97.0
1775973662.1346588,2.0,-1.0,-104.0
1775973662.1446588,4.0,0.0,-103.0
1775973662.1546588,4.0,-2.0,-103.0
1775973662.1646588,5.0,1.0,-101.0
1775973662.1746588,2.0,-1.0,-99.0
1775973662.1846588,0.0,0.0,-111.0
1775973662.194659,-4.0,-1.0,-118.0
1775973662.204659,-4.0,-1.0,-117.0
1775973662.214659,-5.0,-4.0,-115.0
1775973662.224659,-7.0,-2.0,-119.0
1775973662.234659,-8.0,-4.0,-119.0
1775973662.244659,-7.0,-9.0,-115.0
1775973662.254659,-4.0,-6.0,-113.0
1775973662.264659,-4.0,-7.0,-107.0
1775973662.274659,-2.0,-4.0,-105.0
1775973662.284659,2.0,0.0,-104.0
1775973662.294659,6.0,0.0,-99.0
1775973662.304659,6.0,1.0,-110.0
1775973662.3146589,3.0,1.0,-113.0
1775973662.3246589,0.0,1.0,-109.0
1775973662.3346589,2.0,5.0,-115.0
1775973662.3446589,1.0,4.0,-114.0
1775973662.3546588,-1.0,0.0,-107.0
1775973662.3646588,-8.0,0.0,-98.0
1775973662.3746588,-11.0,1.0,-98.0
1775973662.3846588,-10.0,4.0,-96.0
1775973662.3946588,-7.0,2.0,-102.0
1775973662.4046588,0.0,0.0,-101.0
1775973662.4146588,5.0,0.0,-100.0
1775973662.4246588,2.0,0.0,-98.0
1775973662.4346588,0.0,0.0,-95.0
1775973662.444659,-3.0,-2.0,-96.0
1775973662.454659,0.0,-1.0,-101.0
1775973662.464659,0.0,-3.0,-103.0
1775973662.474659,5.0,-4.0,-107.0
1775973662.484659,8.0,0.0,-108.0
1775973662.494659,7.0,0.0,-113.0
1775973662.504659,5.0,1.0,-115.0
1775973662.514659,5.0,3.0,-116.0
1775973662.524659,2.0,2.0,-116.0
1775973662.534659,3.0,2.0,-116.0
1775973662.544659,7.0,5.0,-115.0
1775973662.554659,9.0,5.0,-112.0
1775973662.5646589,8.0,5.0,-108.0
1775973662.5746589,4.0,2.0,-107.0
1775973662.5846589,2.0,2.0,-109.0
1775973662.5946589,-4.0,-4.0,-104.0
1775973662.6046588,-4.0,-3.0,-105.0
1775973662.6146588,-2.0,0.0,-106.0
1775973662.6246588,0.0,0.0,-109.0
1775973662.6346588,0.0,0.0,-103.0
1775973662.6446588,1.0,1.0,-103.0
1775973662.6546588,3.0,1.0,-104.0
1775973662.6646588,1.0,0.0,-102.0
1775973662.6746588,1.0,-1.0,-104.0
1775973662.6846588,5.0,5.0,-106.0
1775973662.694659,5.0,4.0,-105.0
1775973662.704659,3.0,5.0,-102.0
1775973662.714659,4.0,5.0,-101.0
1775973662.724659,2.0,2.0,-98.0
1775973662.734659,0.0,0.0,-98.0
1775973662.744659,-1.0,-1.0,-98.0
1775973662.754659,-3.0,0.0,-93.0
1775973662.764659,-8.0,-2.0,-94.0
1775973662.774659,-11.0,-5.0,-94.0
1775973662.784659,-5.0,-3.0,-100.0
1775973662.794659,-4.0,-2.0,-106.0
1775973662.804659,-3.0,-6.0,-109.0
1775973662.8146589,-2.0,-7.0,-111.0
1775973662.8246589,-3.0,-5.0,-108.0
1775973662.8346589,3.0,-4.0,-105.0
1775973662.8446589,6.0,-1.0,-102.0
1775973662.8546588,4.0,-2.0,-103.0
1775973662.8646588,4.0,-5.0,-103.0
1775973662.8746588,3.0,-9.0,-103.0
1775973662.8846588,5.0,-12.0,-109.0
1775973662.8946588,3.0,-7.0,-108.0
1775973662.9046588,6.0,-6.0,-107.0
1775973662.9146588,4.0,-3.0,-102.0
1775973662.9246588,1.0,1.0,-101.0
1775973662.9346588,-1.0,4.0,-104.0
1775973662.944659,-1.0,3.0,-108.0
1775973662.954659,1.0,0.0,-108.0
1775973662.964659,3.0,1.0,-107.0
1775973662.974659,1.0,2.0,-105.0
1775973662.984659,1.0,-1.0,-99.0
1775973662.994659,0.0,0.0,-97.0
1775973663.004659,-2.0,0.0,-97.0
1775973663.014659,-2.0,-3.0,-103.0
1775973663.024659,-1.0,-1.0,-100.0
1775973663.034659,0.0,-2.0,-99.0
1775973663.044659,5.0,-6.0,-104.0
1775973663.054659,-1.0,-6.0,-104.0
1775973663.0646589,-3.0,-6.0,-104.0
1775973663.0746589,-6.0,0.0,-105.0
1775973663.0846589,-7.0,0.0,-99.0
1775973663.0946589,0.0,0.0,-101.0
1775973663.1046588,3.0,2.0,-103.0
1775973663.1146588,2.0,8.0,-99.0
1775973663.1246588,2.0,10.0,-104.0
1775973663.1346588,2.0,8.0,-97.0
1775973663.1446588,-4.0,5.0,-97.0
1775973663.1546588,-3.0,2.0,-101.0
1775973663.1646588,-3.0,-1.0,-107.0
1775973663.1746588,-2.0,-5.0,-109.0
1775973663.1846588,-4.0,-1.0,-108.0
1775973663.194659,-7.0,-2.0,-105.0
1775973663.204659,-2.0,-2.0,-104.0
1775973663.214659,-1.0,-4.0,-103.0
1775973663.224659,0.0,-5.0,-102.0
1775973663.234659,1.0,-4.0,-114.0
1775973663.244659,0.0,0.0,-112.0
1775973663.254659,-2.0,2.0,-109.0
1775973663.264659,-3.0,1.0,-108.0
1775973663.274659,-8.0,-1.0,-108.0
1775973663.284659,-7.0,1.0,-95.0
1775973663.294659,-6.0,0.0,-90.0
1775973663.304659,-2.0,0.0,-93.0
1775973663.3146589,0.0,-1.0,-100.0
1775973663.3246589,0.0,-2.0,-107.0
1775973663.3346589,1.0,-6.0,-108.0
1775973663.3446589,4.0,-9.0,-110.0
1775973663.3546588,9.0,-8.0,-114.0
1775973663.3646588,7.0,-7.0,-113.0
1775973663.3746588,5.0,-2.0,-113.0
1775973663.3846588,2.0,-1.0,-111.0
1775973663.3946588,-1.0,0.0,-105.0
1775973663.4046588,-3.0,-2.0,-102.0
1775973663.4146588,-1.0,-1.0,-106.0
1775973663.4246588,-1.0,1.0,-105.0
1775973663.4346588,-1.0,2.0,-106.0
1775973663.444659,0.0,6.0,-103.0
1775973663.454659,-1.0,5.0,-104.0
1775973663.464659,2.0,9.0,-107.0
1775973663.474659,0.0,4.0,-110.0
1775973663.484659,0.0,4.0,-111.0
1775973663.494659,0.0,4.0,-111.0
1775973663.504659,-5.0,3.0,-116.0
1775973663.514659,-5.0,1.0,-116.0
1775973663.524659,-6.0,2.0,-115.0
1775973663.534659,-8.0,2.0,-108.0
1775973663.544659,-4.0,3.0,-104.0
1775973663.554659,-2.0,3.0,-101.0
1775973663.5646589,-4.0,-2.0,-107.0
1775973663.5746589,-4.0,-2.0,-119.0
1775973663.5846589,-3.0,-2.0,-118.0
1775973663.5946589,0.0,-1.0,-116.0
1775973663.6046588,0.0,-7.0,-111.0
1775973663.6146588,-2.0,-5.0,-116.0
1775973663.6246588,-6.0,-6.0,-114.0
1775973663.6346588,-5.0,-6.0,-112.0
1775973663.6446588,-9.0,-5.0,-119.0
1775973663.6546588,-10.0,-9.0,-117.0
1775973663.6646588,-9.0,-6.0,-117.0
1775973663.6746588,-3.0,-6.0,-111.0
1775973663.6846588,-2.0,-8.0,-112.0
1775973663.694659,-1.0,-4.0,-102.0
1775973663.704659,-2.0,0.0,-101.0
1775973663.714659,-1.0,1.0,-109.0
1775973663.724659,-2.0,3.0,-103.0
1775973663.734659,-1.0,-2.0,-100.0
1775973663.744659,4.0,-2.0,-99.0
1775973663.754659,1.0,0.0,-103.0
1775973663.764659,-3.0,2.0,-104.0
1775973663.774659,-1.0,0.0,-106.0
1775973663.784659,3.0,-2.0,-110.0
1775973663.794659,4.0,-1.0,-108.0
1775973663.804659,4.0,0.0,-105.0
1775973663.8146589,2.0,-3.0,-98.0
1775973663.8246589,2.0,0.0,-99.0
1775973663.8346589,1.0,-3.0,-106.0
1775973663.8446589,1.0,-5.0,-98.0
1775973663.8556588,1.0,-9.0,-105.0
1775973663.8646588,1.0,-7.0,-102.0
1775973663.875659,-1.0,-2.0,-105.0
1775973663.885659,-2.0,-1.0,-101.0
1775973663.895659,0.0,0.0,-105.0
1775973663.905659,-2.0,-2.0,-106.0
1775973663.915659,0.0,-4.0,-102.0
1775973663.925659,4.0,-6.0,-107.0
1775973663.935659,3.0,-5.0,-108.0
1775973663.945659,3.0,-5.0,-112.0
1775973663.955659,3.0,-4.0,-110.0
1775973663.965659,4.0,1.0,-108.0
1775973663.975659,3.0,0.0,-111.0
1775973663.985659,4.0,0.0,-112.0
1775973663.9956589,5.0,0.0,-113.0
1775973664.0056589,0.0,0.0,-114.0
1775973664.0156589,-1.0,-1.0,-113.0
1775973664.0256588,0.0,-4.0,-114.0
1775973664.0356588,-4.0,-5.0,-112.0
1775973664.0456588,-2.0,-1.0,-115.0
1775973664.0556588,-2.0,0.0,-115.0
1775973664.0656588,-4.0,-2.0,-114.0
1775973664.0756588,-5.0,0.0,-112.0
1775973664.0856588,-2.0,3.0,-109.0
1775973664.0956588,-3.0,4.0,-105.0
1775973664.1056588,-7.0,7.0,-97.0
1775973664.1156588,-6.0,5.0,-106.0
1775973664.125659,-9.0,3.0,-109.0
1775973664.135659,-9.0,0.0,-107.0
1775973664.145659,-7.0,-3.0,-109.0
1775973664.155659,-2.0,-1.0,-106.0
1775973664.165659,1.0,0.0,-106.0
1775973664.175659,2.0,0.0,-109.0
1775973664.185659,2.0,-2.0,-109.0
1775973664.195659,-1.0,-4.0,-104.0
1775973664.205659,1.0,-1.0,-97.0
1775973664.215659,-4.0,2.0,-97.0
1775973664.225659,-3.0,4.0,-95.0
1775973664.235659,-2.0,4.0,-93.0
1775973664.2456589,-3.0,1.0,-97.0
1775973664.2556589,0.0,4.0,-94.0
1775973664.2656589,0.0,4.0,-95.0
1775973664.2756588,-4.0,2.0,-100.0
1775973664.2856588,-3.0,3.0,-102.0
1775973664.2956588,-3.0,5.0,-111.0
1775973664.3056588,0.0,4.0,-116.0
1775973664.3156588,0.0,5.0,-114.0
1775973664.3256588,1.0,3.0,-114.0
1775973664.3356588,1.0,2.0,-108.0
1775973664.3456588,0.0,3.0,-106.0
1775973664.3556588,-2.0,-1.0,-101.0
1775973664.3656588,-1.0,0.0,-109.0
1775973664.375659,3.0,0.0,-110.0
1775973664.385659,-1.0,0.0,-108.0
1775973664.395659,-2.0,2.0,-112.0
1775973664.405659,-1.0,0.0,-118.0
1775973664.415659,0.0,0.0,-116.0
1775973664.425659,1.0,-2.0,-114.0
1775973664.435659,0.0,-3.0,-108.0
1775973664.445659,0.0,-5.0,-112.0
1775973664.455659,5.0,-7.0,-110.0
1775973664.465659,9.0,-4.0,-107.0
1775973664.475659,8.0,-3.0,-108.0
1775973664.485659,3.0,-5.0,-112.0
1775973664.4956589,5.0,-4.0,-111.0
1775973664.5056589,0.0,-1.0,-111.0
1775973664.5156589,-4.0,0.0,-107.0
1775973664.5256588,-7.0,0.0,-105.0
1775973664.5356588,-4.0,-6.0,-110.0
1775973664.5456588,-4.0,-8.0,-107.0
1775973664.5556588,-5.0,-3.0,-108.0
1775973664.5656588,-6.0,0.0,-115.0
1775973664.5756588,-3.0,-1.0,-114.0
1775973664.5856588,-1.0,0.0,-111.0
1775973664.5956588,-1.0,2.0,-103.0
1775973664.6056588,-6.0,0.0,-106.0
1775973664.6156588,-1.0,-2.0,-98.0
1775973664.625659,0.0,0.0,-95.0
1775973664.635659,-3.0,0.0,-109.0
1775973664.645659,-1.0,-2.0,-112.0
1775973664.655659,0.0,-3.0,-106.0
1775973664.665659,-2.0,-3.0,-103.0
1775973664.675659,-4.0,-3.0,-108.0
1775973664.685659,-5.0,-1.0,-110.0
1775973664.695659,-6.0,-4.0,-114.0
1775973664.705659,-5.0,-1.0,-111.0
1775973664.715659,-1.0,0.0,-108.0
1775973664.725659,0.0,0.0,-108.0
1775973664.735659,-4.0,-1.0,-108.0
1775973664.7456589,-6.0,2.0,-107.0
1775973664.7556589,-8.0,3.0,-103.0
1775973664.7656589,-4.0,0.0,-110.0
1775973664.7756588,-1.0,0.0,-112.0
1775973664.7856588,0.0,-3.0,-109.0
1775973664.7956588,-3.0,-3.0,-104.0
1775973664.8056588,-1.0,-2.0,-101.0
1775973664.8156588,-3.0,-4.0,-106.0
1775973664.8256588,-2.0,-2.0,-105.0
1775973664.8356588,-3.0,-2.0,-104.0
1775973664.8456588,-6.0,-1.0,-102.0
1775973664.8556588,-4.0,-1.0,-109.0
1775973664.8656588,-2.0,-3.0,-107.0
1775973664.875659,0.0,0.0,-105.0
1775973664.885659,-1.0,-1.0,-104.0
1775973664.895659,-5.0,1.0,-103.0
1775973664.905659,-1.0,1.0,-100.0
1775973664.915659,1.0,-2.0,-100.0
1775973664.925659,2.0,1.0,-105.0
1775973664.935659,0.0,4.0,-106.0
1775973664.945659,0.0,0.0,-112.0
1775973664.955659,2.0,3.0,-112.0
1775973664.965659,-3.0,3.0,-110.0
1775973664.975659,-4.0,0.0,-109.0
1775973664.985659,-6.0,-3.0,-113.0
1775973664.9956589,-4.0,-2.0,-115.0
1775973665.0056589,-2.0,0.0,-110.0
1775973665.0156589,-2.0,2.0,-116.0
1775973665.0256588,-1.0,4.0,-118.0
1775973665.0356588,1.0,2.0,-115.0
1775973665.0456588,2.0,-2.0,-114.0
1775973665.0556588,-1.0,-5.0,-116.0
1775973665.0656588,-6.0,-6.0,-109.0
1775973665.0756588,-6.0,-7.0,-114.0
1775973665.0856588,-4.0,-6.0,-113.0
1775973665.0956588,-3.0,-6.0,-116.0
1775973665.1056588,-4.0,-3.0,-118.0
1775973665.1156588,-1.0,-1.0,-116.0
1775973665.125659,-2.0,4.0,-118.0
1775973665.135659,0.0,11.0,-114.0
1775973665.145659,2.0,9.0,-116.0
1775973665.155659,0.0,8.0,-115.0
1775973665.165659,-3.0,3.0,-111.0
1775973665.175659,-3.0,4.0,-111.0
1775973665.185659,-3.0,6.0,-108.0
1775973665.195659,0.0,2.0,-105.0
1775973665.205659,-1.0,1.0,-106.0
1775973665.215659,3.0,3.0,-103.0
1775973665.225659,6.0,4.0,-109.0
1775973665.235659,0.0,-1.0,-111.0
1775973665.2456589,-1.0,0.0,-110.0
1775973665.2556589,0.0,0.0,-102.0
1775973665.2656589,1.0,-1.0,-99.0
1775973665.2756588,5.0,-1.0,-100.0
1775973665.2856588,0.0,-4.0,-104.0
1775973665.2956588,1.0,-5.0,-106.0
1775973665.3056588,-4.0,-9.0,-109.0
1775973665.3156588,-4.0,-7.0,-105.0
1775973665.3256588,-6.0,-8.0,-104.0
1775973665.3356588,-5.0,-9.0,-102.0
1775973665.3456588,-7.0,-9.0,-96.0
1775973665.3556588,-2.0,-7.0,-100.0
1775973665.3656588,0.0,-9.0,-109.0
1775973665.375659,-2.0,-5.0,-114.0
1775973665.385659,0.0,-5.0,-113.0
1775973665.395659,-1.0,-5.0,-113.0
1775973665.405659,-6.0,-2.0,-106.0
1775973665.415659,-6.0,-5.0,-105.0
1775973665.425659,-2.0,-6.0,-110.0
1775973665.435659,0.0,-6.0,-109.0
1775973665.445659,2.0,-4.0,-111.0
1775973665.455659,0.0,-4.0,-103.0
1775973665.465659,-2.0,-2.0,-101.0
1775973665.475659,0.0,-3.0,-97.0
1775973665.485659,4.0,0.0,-92.0
1775973665.4956589,8.0,-1.0,-97.0
1775973665.5056589,14.0,-2.0,-98.0
1775973665.5156589,10.0,-1.0,-99.0
1775973665.5256588,7.0,1.0,-100.0
1775973665.5356588,5.0,1.0,-103.0
1775973665.5456588,1.0,0.0,-103.0
1775973665.5556588,0.0,-2.0,-105.0
1775973665.5656588,3.0,-1.0,-111.0
1775973665.5756588,6.0,-2.0,-105.0
1775973665.5856588,4.0,-1.0,-106.0
1775973665.5956588,3.0,-4.0,-107.0
1775973665.6056588,0.0,-2.0,-107.0
1775973665.6156588,-4.0,1.0,-116.0
1775973665.625659,-7.0,-2.0,-117.0
1775973665.635659,-2.0,-1.0,-117.0
1775973665.645659,3.0,0.0,-113.0
1775973665.655659,3.0,-2.0,-110.0
1775973665.665659,0.0,-4.0,-103.0
1775973665.675659,0.0,-8.0,-96.0
1775973665.685659,0.0,-10.0,-104.0
1775973665.695659,1.0,-5.0,-110.0
1775973665.705659,7.0,-6.0,-101.0
1775973665.715659,9.0,-5.0,-104.0
1775973665.725659,9.0,-6.0,-107.0
1775973665.735659,6.0,-1.0,-109.0
1775973665.7456589,4.0,-2.0,-102.0
1775973665.7556589,2.0,-1.0,-102.0
1775973665.7656589,-1.0,0.0,-102.0
1775973665.7756588,-4.0,-2.0,-100.0
1775973665.7856588,-6.0,-1.0,-100.0
1775973665.7956588,-1.0,-1.0,-98.0
1775973665.8056588,0.0,0.0,-101.0
1775973665.8156588,0.0,-1.0,-108.0
1775973665.8256588,0.0,1.0,-105.0
1775973665.8356588,-3.0,0.0,-100.0
1775973665.8456588,-7.0,0.0,-102.0
1775973665.8556588,-10.0,0.0,-100.0
1775973665.8656588,-5.0,-3.0,-103.0
1775973665.875659,0.0,0.0,-110.0
1775973665.885659,1.0,0.0,-125.0
1775973665.896659,0.0,-4.0,-126.0
1775973665.905659,-1.0,-6.0,-118.0
1775973665.9166589,0.0,0.0,-115.0
1775973665.9266589,-2.0,-4.0,-113.0
1775973665.9366589,-3.0,-6.0,-113.0
1775973665.9466588,-2.0,-5.0,-111.0
1775973665.9566588,-5.0,-3.0,-116.0
1775973665.9666588,-5.0,-1.0,-108.0
1775973665.9766588,0.0,2.0,-107.0
1775973665.9866588,-4.0,4.0,-110.0
1775973665.9966588,-9.0,4.0,-110.0
1775973666.0066588,-8.0,5.0,-114.0
1775973666.0166588,-9.0,5.0,-112.0
1775973666.0266588,-10.0,2.0,-106.0
1775973666.0366588,-3.0,6.0,-106.0
1775973666.046659,1.0,1.0,-109.0
1775973666.056659,4.0,3.0,-104.0
1775973666.066659,5.0,1.0,-102.0
1775973666.076659,7.0,0.0,-105.0
1775973666.086659,3.0,-2.0,-106.0
1775973666.096659,2.0,-2.0,-103.0
1775973666.106659,4.0,-3.0,-105.0
1775973666.116659,2.0,-3.0,-108.0
1775973666.126659,0.0,-2.0,-99.0
1775973666.136659,1.0,-2.0,-98.0
1775973666.146659,1.0,-5.0,-101.0
1775973666.156659,5.0,-6.0,-99.0
1775973666.1666589,7.0,-5.0,-95.0
1775973666.1766589,11.0,-5.0,-91.0
1775973666.1866589,12.0,-6.0,-87.0
1775973666.1966588,14.0,-3.0,-92.0
1775973666.2066588,7.0,-1.0,-93.0
1775973666.2166588,1.0,-1.0,-97.0
1775973666.2266588,-2.0,0.0,-93.0
1775973666.2366588,-4.0,1.0,-99.0
1775973666.2466588,-7.0,-1.0,-99.0
1775973666.2566588,-6.0,-3.0,-95.0
1775973666.2666588,-2.0,-2.0,-93.0
1775973666.2766588,-3.0,-7.0,-94.0
1775973666.2866588,-1.0,-8.0,-99.0
1775973666.296659,-2.0,-5.0,-101.0
1775973666.306659,-3.0,-2.0,-103.0
1775973666.316659,0.0,-2.0,-100.0
1775973666.326659,1.0,-5.0,-98.0
1775973666.336659,-2.0,-6.0,-102.0
1775973666.346659,-7.0,-6.0,-100.0
1775973666.356659,-7.0,-4.0,-102.0
1775973666.366659,-9.0,-6.0,-104.0
1775973666.376659,-8.0,-8.0,-104.0
1775973666.386659,-4.0,-8.0,-99.0
1775973666.396659,0.0,-8.0,-104.0
1775973666.406659,1.0,-11.0,-105.0
1775973666.4166589,-3.0,-8.0,-100.0
1775973666.4266589,-6.0,-8.0,-104.0
1775973666.4366589,-9.0,0.0,-104.0
1775973666.4466588,-14.0,-1.0,-109.0
1775973666.4566588,-11.0,-3.0,-114.0
1775973666.4666588,-8.0,-2.0,-110.0
1775973666.4766588,-4.0,0.0,-109.0
1775973666.4866588,-4.0,1.0,-110.0
1775973666.4966588,-6.0,0.0,-101.0
1775973666.5066588,-3.0,0.0,-95.0
1775973666.5166588,2.0,0.0,-97.0
1775973666.5266588,-1.0,-4.0,-97.0
1775973666.5366588,-2.0,-2.0,-100.0
1775973666.546659,1.0,-2.0,-108.0
1775973666.556659,2.0,-3.0,-112.0
1775973666.566659,-2.0,-3.0,-117.0
1775973666.576659,-4.0,0.0,-118.0
1775973666.586659,-7.0,1.0,-127.0
1775973666.596659,-6.0,1.0,-122.0
1775973666.606659,-7.0,2.0,-118.0
1775973666.616659,-2.0,0.0,-115.0
1775973666.626659,0.0,-2.0,-112.0
1775973666.636659,2.0,-2.0,-113.0
1775973666.646659,2.0,-5.0,-115.0
1775973666.656659,3.0,0.0,-111.0
1775973666.6666589,2.0,1.0,-105.0
1775973666.6766589,3.0,0.0,-107.0
1775973666.6866589,1.0,-2.0,-108.0
1775973666.6966588,0.0,-1.0,-106.0
1775973666.7066588,3.0,-1.0,-103.0
1775973666.7166588,-3.0,-3.0,-105.0
1775973666.7266588,-6.0,-4.0,-102.0
1775973666.7366588,-8.0,-4.0,-106.0
1775973666.7466588,-6.0,-4.0,-105.0
1775973666.7566588,-1.0,-3.0,-103.0
1775973666.7666588,-4.0,-1.0,-109.0
1775973666.7766588,0.0,-3.0,-106.0
1775973666.7866588,0.0,-2.0,-110.0
1775973666.796659,0.0,-2.0,-109.0
1775973666.806659,1.0,-2.0,-112.0
1775973666.816659,3.0,0.0,-112.0
1775973666.826659,0.0,-2.0,-115.0
1775973666.836659,0.0,-5.0,-116.0
1775973666.846659,3.0,0.0,-111.0
1775973666.856659,0.0,-1.0,-114.0
1775973666.866659,0.0,0.0,-114.0
1775973666.876659,-1.0,-2.0,-114.0
1775973666.886659,0.0,-3.0,-110.0
1775973666.896659,0.0,-3.0,-107.0
1775973666.906659,2.0,-4.0,-108.0
1775973666.9166589,0.0,-2.0,-111.0
1775973666.9266589,0.0,-1.0,-110.0
1775973666.9366589,0.0,0.0,-106.0
1775973666.9466588,-2.0,0.0,-108.0
1775973666.9566588,0.0,0.0,-107.0
1775973666.9666588,0.0,0.0,-111.0
1775973666.9766588,1.0,0.0,-116.0
1775973666.9866588,1.0,4.0,-121.0
1775973666.9966588,-3.0,7.0,-116.0
1775973667.0066588,-5.0,3.0,-112.0
1775973667.0166588,-5.0,0.0,-106.0
1775973667.0266588,-4.0,-2.0,-109.0
1775973667.0366588,-6.0,0.0,-114.0
1775973667.046659,-6.0,0.0,-116.0
1775973667.056659,-5.0,1.0,-106.0
1775973667.066659,-3.0,-5.0,-112.0
1775973667.076659,-4.0,-5.0,-111.0
1775973667.086659,-5.0,-1.0,-111.0
1775973667.096659,-6.0,0.0,-114.0
1775973667.106659,-8.0,-1.0,-114.0
1775973667.116659,-5.0,0.0,-111.0
1775973667.126659,-1.0,-2.0,-114.0
1775973667.136659,-3.0,0.0,-111.0
1775973667.146659,-6.0,-1.0,-102.0
1775973667.156659,-3.0,-3.0,-104.0
1775973667.1666589,-1.0,-2.0,-105.0
1775973667.1766589,-3.0,-1.0,-107.0
1775973667.1866589,-3.0,0.0,-110.0
1775973667.1966588,-1.0,3.0,-109.0
1775973667.2066588,3.0,4.0,-106.0
1775973667.2166588,2.0,4.0,-113.0
1775973667.2266588,3.0,2.0,-112.0
1775973667.2366588,-1.0,1.0,-110.0
1775973667.2466588,-1.0,-3.0,-114.0
1775973667.2566588,-3.0,0.0,-114.0
1775973667.2666588,-1.0,0.0,-118.0
1775973667.2766588,-3.0,0.0,-119.0
1775973667.2866588,-3.0,-2.0,-120.0
1775973667.296659,-2.0,-3.0,-120.0
1775973667.306659,0.0,3.0,-124.0
1775973667.316659,9.0,5.0,-121.0
1775973667.326659,11.0,3.0,-119.0
1775973667.336659,6.0,-1.0,-113.0
1775973667.346659,6.0,0.0,-106.0
1775973667.356659,6.0,-4.0,-101.0
1775973667.366659,4.0,-3.0,-104.0
1775973667.376659,7.0,-1.0,-109.0
1775973667.386659,6.0,0.0,-108.0
1775973667.396659,3.0,0.0,-109.0
1775973667.406659,2.0,4.0,-114.0
1775973667.4166589,2.0,3.0,-116.0
1775973667.4266589,1.0,3.0,-113.0
1775973667.4366589,-2.0,1.0,-110.0
1775973667.4466588,-1.0,1.0,-102.0
1775973667.4566588,-2.0,0.0,-105.0
1775973667.4666588,-2.0,-1.0,-99.0
1775973667.4766588,-1.0,-3.0,-96.0
1775973667.4866588,0.0,-5.0,-98.0
1775973667.4966588,0.0,-5.0,-100.0
1775973667.5066588,-1.0,-4.0,-101.0
1775973667.5166588,4.0,-8.0,-99.0
1775973667.5266588,0.0,-9.0,-96.0
1775973667.5366588,2.0,-6.0,-103.0
1775973667.546659,6.0,-2.0,-103.0
1775973667.556659,9.0,0.0,-103.0
1775973667.566659,7.0,0.0,-98.0
1775973667.576659,3.0,0.0,-103.0
1775973667.586659,2.0,0.0,-108.0
1775973667.596659,3.0,0.0,-107.0
1775973667.6076589,1.0,-1.0,-111.0
1775973667.616659,0.0,0.0,-113.0
1775973667.626659,0.0,-1.0,-116.0
1775973667.636659,0.0,1.0,-109.0
1775973667.646659,-1.0,1.0,-109.0
1775973667.656659,0.0,0.0,-107.0
1775973667.6666589,-2.0,0.0,-109.0
1775973667.6766589,-2.0,0.0,-104.0
1775973667.6866589,-2.0,4.0,-100.0
1775973667.6966588,1.0,2.0,-96.0
1775973667.7066588,0.0,0.0,-94.0
1775973667.7166588,0.0,0.0,-95.0
1775973667.7266588,6.0,1.0,-104.0
1775973667.7366588,5.0,0.0,-108.0
1775973667.7466588,3.0,1.0,-111.0
1775973667.7566588,-1.0,0.0,-115.0
1775973667.7666588,-2.0,-4.0,-114.0
1775973667.7766588,0.0,-2.0,-115.0
1775973667.7866588,0.0,0.0,-113.0
1775973667.796659,1.0,0.0,-111.0
1775973667.806659,-1.0,-4.0,-108.0
1775973667.816659,0.0,-5.0,-109.0
1775973667.826659,0.0,-4.0,-113.0
1775973667.836659,-3.0,-4.0,-109.0
1775973667.846659,-4.0,-5.0,-112.0
1775973667.856659,-2.0,-4.0,-114.0
1775973667.866659,0.0,-1.0,-113.0
1775973667.876659,0.0,-3.0,-112.0
1775973667.886659,3.0,-6.0,-116.0
1775973667.896659,5.0,-2.0,-117.0
1775973667.906659,3.0,-4.0,-113.0
1775973667.9166589,3.0,-2.0,-112.0
1775973667.9266589,-2.0,-3.0,-110.0
1775973667.9366589,0.0,-4.0,-107.0
1775973667.9466588,-1.0,-5.0,-104.0
1775973667.9576588,0.0,0.0,-99.0
1775973667.9666588,5.0,-4.0,-101.0
1775973667.9766588,3.0,-1.0,-100.0
1775973667.987659,2.0,1.0,-99.0
1775973667.997659,1.0,-3.0,-102.0
1775973668.007659,2.0,-5.0,-102.0
1775973668.017659,4.0,-6.0,-103.0
1775973668.027659,3.0,-1.0,-111.0
1775973668.037659,4.0,-2.0,-106.0
1775973668.047659,5.0,0.0,-105.0
1775973668.057659,7.0,-1.0,-113.0
1775973668.067659,7.0,0.0,-109.0
1775973668.077659,6.0,2.0,-112.0
1775973668.087659,4.0,0.0,-113.0
1775973668.0976589,0.0,-2.0,-116.0
1775973668.1076589,-1.0,-4.0,-118.0
1775973668.1176589,1.0,-2.0,-115.0
1775973668.1276588,0.0,0.0,-113.0
1775973668.1376588,2.0,1.0,-111.0
1775973668.1476588,0.0,0.0,-108.0
1775973668.1576588,1.0,2.0,-106.0
1775973668.1676588,1.0,5.0,-106.0
1775973668.1776588,-3.0,6.0,-108.0
1775973668.1876588,-3.0,0.0,-111.0
1775973668.1976588,-2.0,0.0,-113.0
1775973668.2076588,-6.0,1.0,-111.0
1775973668.2176588,-7.0,2.0,-109.0
1775973668.227659,-4.0,1.0,-108.0
1775973668.237659,-5.0,0.0,-108.0
1775973668.247659,-4.0,-1.0,-109.0
1775973668.257659,-1.0,-5.0,-112.0
1775973668.267659,-2.0,-1.0,-111.0
1775973668.277659,-2.0,-4.0,-107.0
1775973668.287659,-4.0,-3.0,-109.0
1775973668.297659,-6.0,-3.0,-102.0
1775973668.307659,-1.0,-5.0,-105.0
1775973668.317659,-2.0,0.0,-107.0
1775973668.327659,-1.0,-1.0,-104.0
1775973668.337659,-5.0,1.0,-102.0
1775973668.3476589,-3.0,-1.0,-104.0
1775973668.3576589,-4.0,-1.0,-107.0
1775973668.3676589,-2.0,-1.0,-111.0
1775973668.3776588,-5.0,-1.0,-111.0
1775973668.3876588,-1.0,-5.0,-107.0
1775973668.3976588,4.0,-1.0,-104.0
1775973668.4076588,8.0,0.0,-104.0
1775973668.4176588,10.0,3.0,-107.0
1775973668.4276588,8.0,3.0,-108.0
1775973668.4376588,9.0,3.0,-103.0
1775973668.4476588,11.0,1.0,-106.0
1775973668.4576588,4.0,2.0,-112.0
1775973668.4676588,1.0,-1.0,-108.0
1775973668.477659,0.0,-3.0,-108.0
1775973668.487659,3.0,-2.0,-111.0
1775973668.497659,5.0,-3.0,-115.0
1775973668.507659,3.0,0.0,-116.0
1775973668.517659,7.0,1.0,-118.0
1775973668.527659,4.0,1.0,-110.0
1775973668.537659,3.0,1.0,-110.0
1775973668.547659,5.0,2.0,-110.0
1775973668.557659,0.0,4.0,-112.0
1775973668.567659,0.0,6.0,-107.0
1775973668.577659,1.0,8.0,-102.0
1775973668.587659,5.0,7.0,-102.0
1775973668.5976589,4.0,4.0,-104.0
1775973668.6076589,3.0,3.0,-104.0
1775973668.6176589,1.0,0.0,-103.0
1775973668.6276588,3.0,1.0,-97.0
1775973668.6376588,6.0,0.0,-107.0
1775973668.6476588,1.0,1.0,-118.0
1775973668.6576588,0.0,0.0,-116.0
1775973668.6676588,-5.0,1.0,-111.0
1775973668.6776588,-8.0,0.0,-118.0
1775973668.6876588,-7.0,0.0,-121.0
1775973668.6976588,-6.0,-2.0,-115.0
1775973668.7076588,-6.0,-1.0,-115.0
1775973668.7176588,-5.0,-1.0,-124.0
1775973668.727659,0.0,0.0,-122.0
1775973668.737659,-1.0,3.0,-117.0
1775973668.747659,3.0,3.0,-113.0
1775973668.757659,-1.0,5.0,-109.0
1775973668.767659,-2.0,5.0,-107.0
1775973668.777659,-4.0,4.0,-105.0
1775973668.787659,-5.0,1.0,-104.0
1775973668.797659,-3.0,0.0,-110.0
1775973668.807659,-1.0,-5.0,-107.0
1775973668.817659,-3.0,-2.0,-104.0
1775973668.827659,-2.0,0.0,-111.0
1775973668.837659,1.0,0.0,-111.0
1775973668.8476589,-1.0,-1.0,-108.0
1775973668.8576589,-2.0,-2.0,-104.0
1775973668.8676589,-3.0,-1.0,-102.0
1775973668.8776588,-8.0,-2.0,-104.0
1775973668.8876588,-6.0,-2.0,-102.0
1775973668.8976588,-3.0,-5.0,-101.0
1775973668.9076588,-1.0,-4.0,-105.0
1775973668.9176588,-1.0,-3.0,-108.0
1775973668.9276588,1.0,2.0,-109.0
1775973668.9376588,3.0,0.0,-112.0
1775973668.9476588,7.0,0.0,-112.0
1775973668.9576588,6.0,-6.0,-111.0
1775973668.9676588,10.0,-1.0,-110.0
1775973668.977659,11.0,2.0,-109.0
1775973668.987659,12.0,4.0,-107.0
1775973668.997659,11.0,1.0,-111.0
1775973669.007659,8.0,1.0,-117.0
1775973669.017659,7.0,4.0,-118.0
1775973669.027659,5.0,4.0,-122.0
1775973669.037659,0.0,2.0,-120.0
1775973669.047659,1.0,2.0,-117.0
1775973669.057659,4.0,0.0,-116.0
1775973669.067659,1.0,-2.0,-114.0
1775973669.077659,-1.0,0.0,-113.0
1775973669.087659,0.0,-1.0,-109.0
1775973669.0976589,0.0,-3.0,-111.0
1775973669.1076589,-2.0,-2.0,-109.0
1775973669.1176589,1.0,-3.0,-101.0
1775973669.1276588,2.0,-3.0,-102.0
1775973669.1376588,-2.0,0.0,-103.0
1775973669.1476588,1.0,3.0,-101.0
1775973669.1576588,3.0,3.0,-104.0
1775973669.1676588,0.0,0.0,-115.0
1775973669.1776588,0.0,-5.0,-118.0
1775973669.1876588,1.0,-4.0,-114.0
1775973669.1976588,0.0,-5.0,-111.0
1775973669.2076588,0.0,-1.0,-109.0
1775973669.2176588,2.0,0.0,-113.0
1775973669.227659,0.0,0.0,-110.0
1775973669.237659,1.0,-1.0,-111.0
1775973669.247659,2.0,0.0,-119.0
1775973669.257659,1.0,0.0,-116.0
1775973669.267659,0.0,1.0,-115.0
1775973669.277659,-1.0,0.0,-111.0
1775973669.287659,0.0,-2.0,-111.0
1775973669.297659,5.0,-8.0,-112.0
1775973669.307659,6.0,-3.0,-114.0
1775973669.317659,3.0,-4.0,-114.0
1775973669.327659,4.0,-4.0,-118.0
1775973669.337659,3.0,-5.0,-122.0
1775973669.3476589,2.0,-5.0,-121.0
1775973669.3576589,1.0,-3.0,-119.0
1775973669.3676589,1.0,-1.0,-122.0
1775973669.3776588,0.0,-2.0,-120.0
1775973669.3876588,0.0,0.0,-113.0
1775973669.3976588,3.0,-1.0,-114.0
1775973669.4076588,4.0,-4.0,-119.0
1775973669.4176588,3.0,-5.0,-113.0
1775973669.4276588,0.0,-6.0,-111.0
1775973669.4376588,-2.0,-5.0,-114.0
1775973669.4476588,-3.0,-6.0,-115.0
1775973669.4576588,-3.0,-7.0,-119.0
1775973669.4676588,0.0,-5.0,-117.0
1775973669.477659,2.0,-5.0,-112.0
1775973669.487659,2.0,-7.0,-105.0
1775973669.497659,0.0,-8.0,-106.0
1775973669.507659,-2.0,-9.0,-100.0
1775973669.517659,-3.0,-3.0,-101.0
1775973669.527659,-1.0,-6.0,-108.0
1775973669.537659,-3.0,-6.0,-113.0
1775973669.547659,-2.0,-7.0,-120.0
1775973669.557659,0.0,-8.0,-119.0
1775973669.567659,0.0,-9.0,-118.0
1775973669.577659,-1.0,-8.0,-117.0
1775973669.587659,-7.0,-4.0,-117.0
1775973669.5976589,-5.0,-1.0,-113.0
1775973669.6076589,-2.0,-2.0,-107.0
1775973669.6176589,-1.0,-4.0,-107.0
1775973669.6276588,0.0,-4.0,-104.0
1775973669.6376588,-1.0,0.0,-100.0
1775973669.6476588,0.0,0.0,-102.0
1775973669.6576588,0.0,-2.0,-101.0
1775973669.6676588,0.0,0.0,-102.0
1775973669.6776588,0.0,2.0,-104.0
1775973669.6876588,4.0,1.0,-101.0
1775973669.6976588,3.0,3.0,-99.0
1775973669.7076588,6.0,1.0,-104.0
1775973669.7176588,0.0,0.0,-103.0
1775973669.727659,-5.0,0.0,-105.0
1775973669.737659,-6.0,0.0,-109.0
1775973669.747659,-3.0,-3.0,-116.0
1775973669.757659,-6.0,-1.0,-111.0
1775973669.767659,-1.0,0.0,-104.0
1775973669.777659,0.0,0.0,-97.0
1775973669.787659,-3.0,3.0,-98.0
1775973669.797659,-5.0,4.0,-96.0
1775973669.807659,-9.0,5.0,-97.0
1775973669.817659,-6.0,2.0,-94.0
1775973669.827659,-4.0,0.0,-91.0
1775973669.837659,-3.0,2.0,-90.0
1775973669.8476589,-5.0,0.0,-96.0
1775973669.8576589,-5.0,0.0,-105.0
1775973669.8676589,-5.0,-1.0,-106.0
1775973669.8776588,-8.0,0.0,-104.0
1775973669.8876588,-7.0,-1.0,-105.0
1775973669.8976588,-8.0,2.0,-99.0
1775973669.9076588,-6.0,6.0,-105.0
1775973669.9176588,-6.0,7.0,-107.0
1775973669.9276588,-2.0,3.0,-106.0
1775973669.9376588,-3.0,5.0,-107.0
1775973669.9476588,-4.0,3.0,-108.0
1775973669.9576588,-1.0,0.0,-107.0
1775973669.968659,-3.0,3.0,-97.0
1775973669.977659,-5.0,-1.0,-94.0
1775973669.987659,-6.0,-2.0,-97.0
1775973669.998659,-7.0,-2.0,-95.0
1775973670.007659,-2.0,-3.0,-91.0
1775973670.0186589,0.0,-6.0,-88.0
1775973670.0286589,1.0,-7.0,-86.0
1775973670.0386589,4.0,-8.0,-95.0
1775973670.0486588,2.0,-8.0,-95.0
1775973670.0586588,6.0,-5.0,-97.0
1775973670.0686588,7.0,0.0,-99.0
1775973670.0786588,2.0,0.0,-95.0
1775973670.0886588,3.0,0.0,-100.0
1775973670.0986588,0.0,3.0,-104.0
1775973670.1086588,0.0,5.0,-112.0
1775973670.1186588,1.0,6.0,-109.0
1775973670.1286588,-1.0,7.0,-104.0
1775973670.1386588,0.0,9.0,-109.0
1775973670.148659,-3.0,5.0,-112.0
1775973670.158659,-5.0,8.0,-109.0
1775973670.168659,-4.0,9.0,-111.0
1775973670.178659,-3.0,5.0,-107.0
1775973670.188659,-2.0,7.0,-103.0
1775973670.198659,-4.0,2.0,-109.0
1775973670.208659,-6.0,-3.0,-117.0
1775973670.218659,-6.0,-5.0,-115.0
1775973670.228659,-8.0,-4.0,-111.0
1775973670.238659,-9.0,-1.0,-111.0
1775973670.248659,-3.0,-2.0,-105.0
1775973670.258659,-2.0,-4.0,-103.0
1775973670.2686589,-1.0,0.0,-106.0
1775973670.2786589,-4.0,0.0,-112.0
1775973670.2886589,-4.0,-2.0,-110.0
1775973670.2986588,-5.0,-2.0,-109.0
1775973670.3086588,-6.0,-3.0,-108.0
1775973670.3186588,-6.0,2.0,-108.0
1775973670.3286588,-8.0,0.0,-112.0
1775973670.3386588,-4.0,-2.0,-108.0
1775973670.3486588,1.0,-3.0,-117.0
1775973670.3586588,1.0,-4.0,-121.0
1775973670.3686588,-2.0,-5.0,-120.0
1775973670.3786588,-1.0,-4.0,-119.0
1775973670.3886588,-4.0,-3.0,-115.0
1775973670.398659,-4.0,-2.0,-114.0
1775973670.408659,0.0,0.0,-110.0
1775973670.418659,0.0,-3.0,-112.0
1775973670.428659,3.0,-4.0,-111.0
1775973670.438659,8.0,-1.0,-102.0
1775973670.448659,9.0,0.0,-106.0
1775973670.458659,10.0,-3.0,-115.0
1775973670.468659,9.0,-1.0,-114.0
1775973670.478659,2.0,-3.0,-112.0
1775973670.488659,0.0,0.0,-116.0
1775973670.498659,1.0,0.0,-117.0
1775973670.508659,1.0,-4.0,-119.0
1775973670.5186589,-1.0,-4.0,-116.0
1775973670.5286589,-5.0,-4.0,-119.0
1775973670.5386589,-6.0,-6.0,-118.0
1775973670.5486588,-5.0,-1.0,-114.0
1775973670.5586588,-6.0,0.0,-111.0
1775973670.5686588,-5.0,0.0,-106.0
1775973670.5786588,-7.0,-2.0,-103.0
1775973670.5886588,-9.0,-2.0,-96.0
1775973670.5986588,-7.0,-4.0,-95.0
1775973670.6086588,-6.0,-4.0,-100.0
1775973670.6186588,-5.0,0.0,-96.0
1775973670.6286588,-2.0,-4.0,-101.0
1775973670.6386588,-1.0,-4.0,-96.0
1775973670.648659,0.0,-2.0,-98.0
1775973670.658659,-4.0,-1.0,-99.0
1775973670.668659,-6.0,-2.0,-99.0
1775973670.678659,-4.0,0.0,-101.0
1775973670.688659,1.0,6.0,-101.0
1775973670.698659,2.0,3.0,-96.0
1775973670.708659,3.0,0.0,-98.0
1775973670.718659,3.0,0.0,-102.0
1775973670.728659,2.0,0.0,-108.0
1775973670.738659,3.0,1.0,-112.0
1775973670.748659,2.0,3.0,-112.0
1775973670.758659,1.0,6.0,-111.0
1775973670.7686589,0.0,4.0,-115.0
1775973670.7786589,0.0,1.0,-116.0
1775973670.7886589,0.0,1.0,-119.0
1775973670.7986588,1.0,0.0,-118.0
1775973670.8086588,-1.0,-2.0,-117.0
1775973670.8186588,-1.0,0.0,-117.0
1775973670.8286588,-1.0,0.0,-112.0
1775973670.8386588,0.0,-2.0,-115.0
1775973670.8486588,-3.0,-2.0,-115.0
1775973670.8586588,-6.0,1.0,-108.0
1775973670.8686588,-5.0,-1.0,-104.0
1775973670.8786588,-2.0,-2.0,-108.0
1775973670.8886588,-5.0,-1.0,-105.0
1775973670.898659,-1.0,0.0,-105.0
1775973670.908659,0.0,0.0,-101.0
1775973670.918659,0.0,-4.0,-100.0
1775973670.928659,0.0,-3.0,-108.0
1775973670.938659,1.0,-1.0,-109.0
1775973670.948659,1.0,2.0,-112.0
1775973670.958659,-1.0,0.0,-119.0
1775973670.968659,1.0,0.0,-114.0
1775973670.978659,-1.0,3.0,-113.0
1775973670.988659,-2.0,6.0,-108.0
1775973670.998659,-4.0,3.0,-109.0
1775973671.008659,0.0,0.0,-102.0
1775973671.0186589,0.0,-1.0,-102.0
1775973671.0286589,-4.0,-1.0,-107.0
1775973671.0386589,-7.0,0.0,-109.0
1775973671.0486588,-5.0,0.0,-108.0
1775973671.0586588,-4.0,-1.0,-106.0
1775973671.0686588,-3.0,-1.0,-97.0
1775973671.0786588,0.0,-3.0,-93.0
1775973671.0886588,3.0,-4.0,-93.0
1775973671.0986588,0.0,-4.0,-101.0
1775973671.1086588,2.0,0.0,-106.0
1775973671.1186588,0.0,2.0,-112.0
1775973671.1286588,-4.0,0.0,-108.0
1775973671.1386588,-3.0,-1.0,-102.0
1775973671.148659,-5.0,1.0,-104.0
1775973671.158659,-1.0,1.0,-104.0
1775973671.168659,-6.0,7.0,-109.0
1775973671.178659,-5.0,2.0,-108.0
1775973671.188659,-3.0,2.0,-103.0
1775973671.198659,0.0,-1.0,-106.0
1775973671.208659,0.0,0.0,-105.0
1775973671.218659,1.0,-1.0,-103.0
1775973671.228659,1.0,-2.0,-103.0
1775973671.238659,0.0,-3.0,-108.0
1775973671.248659,0.0,-1.0,-110.0
1775973671.258659,-4.0,-3.0,-109.0
1775973671.2686589,-6.0,-4.0,-102.0
1775973671.2786589,-3.0,-2.0,-101.0
1775973671.2886589,-7.0,-3.0,-94.0
1775973671.2986588,-10.0,-4.0,-103.0
1775973671.3086588,-9.0,-4.0,-106.0
1775973671.3186588,-9.0,-7.0,-110.0
1775973671.3286588,-8.0,-8.0,-113.0
1775973671.3386588,-5.0,-3.0,-114.0
1775973671.3486588,-5.0,-1.0,-118.0
1775973671.3586588,0.0,-3.0,-113.0
1775973671.3686588,-2.0,-3.0,-114.0
1775973671.3786588,0.0,-2.0,-110.0
1775973671.3886588,4.0,-1.0,-108.0
1775973671.398659,0.0,-5.0,-103.0
1775973671.408659,0.0,-3.0,-106.0
1775973671.418659,-2.0,-7.0,-107.0
1775973671.428659,0.0,-3.0,-102.0
1775973671.438659,0.0,-2.0,-103.0
1775973671.448659,0.0,0.0,-107.0
1775973671.458659,2.0,5.0,-109.0
1775973671.468659,0.0,2.0,-111.0
1775973671.478659,0.0,-4.0,-115.0
1775973671.488659,2.0,-3.0,-116.0
1775973671.498659,3.0,0.0,-118.0
1775973671.508659,0.0,2.0,-118.0
1775973671.5186589,-3.0,1.0,-114.0
1775973671.5286589,-6.0,0.0,-114.0
1775973671.5386589,-7.0,-4.0,-106.0
1775973671.5486588,-4.0,-5.0,-109.0
1775973671.5586588,-4.0,0.0,-109.0
1775973671.5686588,-2.0,0.0,-108.0
1775973671.5786588,2.0,3.0,-115.0
1775973671.5886588,-4.0,0.0,-114.0
1775973671.5986588,-2.0,-4.0,-111.0
1775973671.6086588,-2.0,-1.0,-113.0
1775973671.6186588,0.0,-1.0,-120.0
1775973671.6286588,-1.0,0.0,-106.0
1775973671.6386588,0.0,2.0,-101.0
1775973671.648659,-3.0,3.0,-106.0
1775973671.658659,0.0,0.0,-104.0
1775973671.668659,0.0,0.0,-112.0
1775973671.678659,1.0,0.0,-106.0
1775973671.688659,0.0,0.0,-106.0
1775973671.698659,0.0,-3.0,-101.0
1775973671.708659,0.0,-2.0,-99.0
1775973671.718659,2.0,0.0,-104.0
1775973671.728659,5.0,0.0,-108.0
1775973671.738659,3.0,0.0,-110.0
1775973671.748659,3.0,0.0,-111.0
1775973671.758659,3.0,1.0,-112.0
1775973671.7686589,4.0,0.0,-116.0
1775973671.7786589,1.0,-3.0,-116.0
1775973671.7886589,3.0,-6.0,-118.0
1775973671.7986588,1.0,-4.0,-127.0
1775973671.8086588,1.0,-7.0,-122.0
1775973671.8186588,0.0,-7.0,-121.0
1775973671.8286588,1.0,-10.0,-119.0
1775973671.8386588,-1.0,-13.0,-113.0
1775973671.8486588,-1.0,-12.0,-110.0
1775973671.8586588,-3.0,-7.0,-114.0
1775973671.8686588,-3.0,0.0,-112.0
1775973671.8786588,-3.0,1.0,-113.0
1775973671.8886588,0.0,0.0,-112.0
1775973671.898659,2.0,1.0,-110.0
1775973671.908659,-1.0,1.0,-116.0
1775973671.918659,0.0,0.0,-118.0
1775973671.928659,0.0,-2.0,-118.0
1775973671.938659,0.0,0.0,-118.0
1775973671.948659,-1.0,2.0,-125.0
1775973671.958659,-3.0,4.0,-117.0
1775973671.968659,-3.0,1.0,-110.0
1775973671.9796588,-5.0,3.0,-112.0
1775973671.988659,-4.0,2.0,-108.0
1775973671.998659,-7.0,1.0,-107.0
1775973672.008659,-6.0,0.0,-110.0
1775973672.0186589,-4.0,0.0,-106.0
1775973672.0286589,-3.0,0.0,-105.0
1775973672.0386589,0.0,-1.0,-108.0
1775973672.0496588,1.0,-2.0,-110.0
1775973672.0596588,0.0,-2.0,-108.0
1775973672.069659,0.0,0.0,-109.0
1775973672.079659,-1.0,-1.0,-113.0
1775973672.089659,0.0,-2.0,-109.0
1775973672.099659,0.0,-2.0,-106.0
1775973672.109659,0.0,2.0,-110.0
1775973672.119659,-1.0,3.0,-103.0
1775973672.129659,0.0,0.0,-102.0
1775973672.139659,-4.0,1.0,-111.0
1775973672.149659,-5.0,6.0,-114.0
1775973672.159659,-8.0,4.0,-113.0
1775973672.169659,-4.0,9.0,-117.0
1775973672.179659,-7.0,6.0,-113.0
1775973672.1896589,-3.0,5.0,-99.0
1775973672.1996589,-2.0,3.0,-97.0
1775973672.2096589,0.0,4.0,-95.0
1775973672.2196589,-2.0,1.0,-94.0
1775973672.2296588,-3.0,0.0,-95.0
1775973672.2396588,-5.0,0.0,-98.0
1775973672.2496588,-5.0,2.0,-104.0
1775973672.2596588,-6.0,1.0,-106.0
1775973672.2696588,-8.0,0.0,-105.0
1775973672.2796588,-3.0,0.0,-98.0
1775973672.2896588,-5.0,0.0,-105.0
1775973672.2996588,-3.0,3.0,-102.0
1775973672.3096588,0.0,1.0,-107.0
1775973672.319659,1.0,2.0,-111.0
1775973672.329659,1.0,1.0,-112.0
1775973672.339659,0.0,2.0,-108.0
1775973672.349659,3.0,0.0,-109.0
1775973672.359659,3.0,2.0,-106.0
1775973672.369659,8.0,5.0,-105.0
1775973672.379659,5.0,7.0,-104.0
1775973672.389659,5.0,7.0,-105.0
1775973672.399659,4.0,2.0,-105.0
1775973672.409659,0.0,1.0,-103.0
1775973672.419659,2.0,3.0,-102.0
1775973672.429659,2.0,6.0,-103.0
1775973672.4396589,6.0,6.0,-98.0
1775973672.4496589,7.0,1.0,-97.0
1775973672.4596589,7.0,-3.0,-100.0
1775973672.4696589,7.0,-3.0,-103.0
1775973672.4796588,6.0,-5.0,-105.0
1775973672.4896588,9.0,-8.0,-104.0
1775973672.4996588,7.0,-2.0,-97.0
1775973672.5096588,3.0,-2.0,-104.0
1775973672.5196588,3.0,0.0,-100.0
1775973672.5296588,3.0,2.0,-98.0
1775973672.5396588,4.0,1.0,-102.0
1775973672.5496588,4.0,0.0,-100.0
1775973672.5596588,2.0,-2.0,-100.0
1775973672.569659,4.0,-2.0,-98.0
1775973672.579659,3.0,0.0,-104.0
1775973672.589659,4.0,-3.0,-105.0
1775973672.599659,0.0,-4.0,-109.0
1775973672.609659,-1.0,-3.0,-104.0
1775973672.619659,0.0,-4.0,-103.0
1775973672.629659,0.0,0.0,-102.0
1775973672.639659,0.0,-2.0,-112.0
1775973672.649659,-2.0,-1.0,-111.0
1775973672.659659,-1.0,-2.0,-110.0
1775973672.669659,-2.0,-2.0,-116.0
1775973672.679659,0.0,0.0,-114.0
1775973672.6896589,0.0,1.0,-115.0
1775973672.6996589,-1.0,0.0,-112.0
1775973672.7096589,-3.0,3.0,-111.0
1775973672.7196589,-3.0,4.0,-110.0
1775973672.7296588,-1.0,5.0,-107.0
1775973672.7396588,2.0,2.0,-103.0
1775973672.7496588,2.0,0.0,-104.0
1775973672.7596588,5.0,0.0,-104.0
1775973672.7696588,2.0,-1.0,-113.0
1775973672.7796588,1.0,-4.0,-112.0
1775973672.7896588,0.0,-2.0,-99.0
1775973672.7996588,1.0,-1.0,-99.0
1775973672.8096588,-4.0,0.0,-102.0
1775973672.819659,-12.0,0.0,-106.0
1775973672.829659,-8.0,-3.0,-110.0
1775973672.839659,-8.0,-5.0,-111.0
1775973672.849659,-5.0,-3.0,-111.0
1775973672.859659,-6.0,-4.0,-106.0
1775973672.869659,-3.0,-5.0,-110.0
1775973672.879659,-5.0,-7.0,-107.0
1775973672.889659,-7.0,-3.0,-107.0
1775973672.899659,-7.0,-2.0,-107.0
1775973672.909659,-1.0,0.0,-105.0
1775973672.919659,0.0,-5.0,-114.0
1775973672.929659,0.0,-2.0,-111.0
1775973672.9396589,0.0,0.0,-103.0
1775973672.9496589,0.0,7.0,-100.0
1775973672.9596589,0.0,4.0,-105.0
1775973672.9696589,2.0,5.0,-106.0
1775973672.9796588,5.0,7.0,-107.0
1775973672.9896588,5.0,3.0,-108.0
1775973672.9996588,3.0,4.0,-104.0
1775973673.0096588,2.0,8.0,-98.0
1775973673.0196588,2.0,5.0,-95.0
1775973673.0296588,3.0,3.0,-98.0
1775973673.0396588,2.0,5.0,-104.0
1775973673.0496588,0.0,3.0,-98.0
1775973673.0596588,1.0,0.0,-101.0
1775973673.069659,0.0,-2.0,-107.0
1775973673.079659,0.0,-7.0,-108.0
1775973673.089659,0.0,-9.0,-105.0
1775973673.099659,2.0,-7.0,-105.0
1775973673.109659,1.0,-1.0,-109.0
1775973673.119659,2.0,-3.0,-114.0
1775973673.129659,5.0,-7.0,-108.0
1775973673.139659,3.0,-5.0,-106.0
1775973673.149659,3.0,-4.0,-106.0
1775973673.159659,-4.0,-5.0,-108.0
1775973673.169659,-3.0,-1.0,-108.0
1775973673.179659,-1.0,0.0,-106.0
1775973673.1896589,-1.0,0.0,-109.0
1775973673.1996589,-6.0,0.0,-111.0
1775973673.2096589,0.0,0.0,-119.0
1775973673.2196589,0.0,-2.0,-112.0
1775973673.2296588,0.0,0.0,-111.0
1775973673.2396588,0.0,0.0,-113.0
1775973673.2496588,3.0,0.0,-110.0
1775973673.2596588,2.0,-1.0,-104.0
1775973673.2696588,4.0,-1.0,-107.0
1775973673.2796588,0.0,-3.0,-108.0
1775973673.2896588,-4.0,-4.0,-103.0
1775973673.2996588,-5.0,-5.0,-102.0
1775973673.3096588,-4.0,-5.0,-104.0
1775973673.319659,-2.0,-3.0,-107.0
1775973673.329659,-4.0,-2.0,-102.0
1775973673.339659,0.0,-3.0,-104.0
1775973673.349659,1.0,-8.0,-102.0
1775973673.359659,-2.0,-5.0,-106.0
1775973673.369659,0.0,0.0,-101.0
1775973673.379659,1.0,0.0,-99.0
1775973673.389659,0.0,2.0,-102.0
1775973673.399659,-4.0,0.0,-112.0
1775973673.409659,-8.0,-1.0,-111.0
1775973673.419659,-7.0,-2.0,-107.0
1775973673.429659,-6.0,-2.0,-103.0
1775973673.4396589,-5.0,-3.0,-105.0
1775973673.4496589,0.0,2.0,-107.0
1775973673.4596589,1.0,3.0,-107.0
1775973673.4696589,-3.0,-1.0,-105.0
1775973673.4796588,-3.0,0.0,-106.0
1775973673.4896588,-1.0,0.0,-111.0
1775973673.4996588,-4.0,4.0,-106.0
1775973673.5096588,0.0,1.0,-100.0
1775973673.5196588,0.0,1.0,-104.0
1775973673.5296588,-2.0,-3.0,-109.0
1775973673.5396588,-2.0,-1.0,-103.0
1775973673.5496588,-2.0,0.0,-103.0
1775973673.5596588,0.0,-2.0,-108.0
1775973673.569659,1.0,1.0,-109.0
1775973673.579659,0.0,-1.0,-106.0
1775973673.589659,2.0,1.0,-106.0
1775973673.599659,-1.0,-1.0,-112.0
1775973673.609659,-1.0,-1.0,-108.0
1775973673.619659,-2.0,0.0,-108.0
1775973673.629659,7.0,-3.0,-100.0
1775973673.639659,7.0,-6.0,-99.0
1775973673.649659,6.0,-5.0,-96.0
1775973673.659659,3.0,-5.0,-98.0
1775973673.669659,8.0,-6.0,-97.0
1775973673.679659,9.0,-7.0,-95.0
1775973673.6896589,7.0,-5.0,-93.0
1775973673.6996589,6.0,-6.0,-98.0
1775973673.7096589,6.0,-4.0,-98.0
1775973673.7196589,5.0,-4.0,-104.0
1775973673.7296588,0.0,-4.0,-110.0
1775973673.7396588,0.0,-4.0,-109.0
1775973673.7496588,0.0,-2.0,-104.0
1775973673.7596588,0.0,-4.0,-103.0
1775973673.7696588,0.0,3.0,-110.0
1775973673.7796588,0.0,5.0,-111.0
1775973673.7896588,-7.0,3.0,-106.0
1775973673.7996588,-12.0,5.0,-113.0
1775973673.8096588,-14.0,5.0,-114.0
1775973673.819659,-11.0,5.0,-117.0
1775973673.829659,-6.0,8.0,-118.0
1775973673.839659,-3.0,6.0,-115.0
1775973673.849659,-1.0,3.0,-114.0
1775973673.859659,-2.0,5.0,-110.0
1775973673.869659,-5.0,2.0,-112.0
1775973673.879659,-5.0,1.0,-109.0
1775973673.889659,-3.0,-4.0,-106.0
1775973673.899659,-2.0,-4.0,-106.0
1775973673.909659,1.0,-3.0,-103.0
1775973673.919659,5.0,-1.0,-107.0
1775973673.929659,9.0,0.0,-110.0
1775973673.9396589,9.0,0.0,-106.0
1775973673.9496589,5.0,-4.0,-108.0
1775973673.9596589,3.0,-1.0,-103.0
1775973673.9696589,2.0,-1.0,-105.0
1775973673.9796588,0.0,0.0,-100.0
1775973673.9896588,-2.0,-3.0,-102.0
1775973673.9996588,2.0,-4.0,-104.0
1775973674.0096588,4.0,0.0,-108.0
1775973674.0196588,8.0,1.0,-106.0
1775973674.0296588,6.0,2.0,-107.0
1775973674.0396588,6.0,-3.0,-107.0
1775973674.0496588,6.0,0.0,-104.0
1775973674.0596588,8.0,-1.0,-102.0
1775973674.069659,7.0,-4.0,-104.0
1775973674.079659,6.0,-2.0,-102.0
1775973674.089659,4.0,-2.0,-101.0
1775973674.099659,7.0,-2.0,-105.0
1775973674.110659,5.0,-2.0,-108.0
1775973674.1206589,5.0,-3.0,-111.0
1775973674.1306589,0.0,-6.0,-111.0
1775973674.1406589,1.0,-5.0,-112.0
1775973674.1506588,0.0,-3.0,-113.0
1775973674.1606588,-1.0,-1.0,-117.0
1775973674.1706588,-3.0,-3.0,-117.0
1775973674.1806588,-3.0,-2.0,-111.0
1775973674.1906588,-2.0,-3.0,-103.0
1775973674.2006588,-2.0,0.0,-106.0
1775973674.2106588,-2.0,-1.0,-106.0
1775973674.2206588,-5.0,-4.0,-109.0
1775973674.2306588,-7.0,-6.0,-102.0
1775973674.2406588,-5.0,0.0,-98.0
1775973674.250659,-3.0,0.0,-107.0
1775973674.260659,-4.0,2.0,-107.0
1775973674.270659,-4.0,7.0,-108.0
1775973674.280659,-1.0,6.0,-106.0
1775973674.290659,-3.0,3.0,-105.0
1775973674.300659,-3.0,-2.0,-109.0
1775973674.310659,-1.0,-1.0,-116.0
1775973674.320659,1.0,-2.0,-115.0
1775973674.330659,-1.0,-1.0,-115.0
1775973674.340659,-4.0,-6.0,-112.0
1775973674.350659,-1.0,-6.0,-110.0
1775973674.360659,-1.0,-4.0,-105.0
1775973674.3706589,-1.0,-4.0,-103.0
1775973674.3806589,0.0,-1.0,-106.0
1775973674.3906589,5.0,0.0,-105.0
1775973674.4006588,4.0,1.0,-104.0
1775973674.4106588,3.0,-2.0,-107.0
1775973674.4206588,4.0,-5.0,-105.0
1775973674.4306588,7.0,-6.0,-107.0
1775973674.4406588,7.0,-5.0,-110.0
1775973674.4506588,10.0,-5.0,-114.0
1775973674.4606588,6.0,-6.0,-114.0
1775973674.4706588,4.0,-4.0,-110.0
1775973674.4806588,5.0,-2.0,-105.0
1775973674.4906588,3.0,3.0,-108.0
1775973674.500659,3.0,2.0,-113.0
1775973674.510659,1.0,7.0,-111.0
1775973674.520659,0.0,5.0,-108.0
1775973674.530659,-1.0,3.0,-109.0
1775973674.540659,0.0,2.0,-116.0
1775973674.550659,3.0,0.0,-121.0
1775973674.560659,6.0,0.0,-118.0
1775973674.570659,8.0,-4.0,-111.0
1775973674.580659,6.0,-7.0,-119.0
1775973674.590659,-1.0,0.0,-117.0
1775973674.600659,-3.0,1.0,-115.0
1775973674.610659,0.0,1.0,-116.0
1775973674.6206589,-1.0,0.0,-116.0
1775973674.6306589,2.0,-1.0,-113.0
1775973674.6406589,2.0,0.0,-113.0
1775973674.6506588,-1.0,0.0,-111.0
1775973674.6606588,0.0,-2.0,-115.0
1775973674.6706588,-6.0,5.0,-117.0
1775973674.6806588,-4.0,5.0,-116.0
1775973674.6906588,0.0,7.0,-118.0
1775973674.7006588,4.0,2.0,-120.0
1775973674.7106588,5.0,3.0,-113.0
1775973674.7206588,2.0,6.0,-108.0
1775973674.7306588,2.0,4.0,-107.0
1775973674.7406588,0.0,3.0,-108.0
1775973674.750659,1.0,3.0,-102.0
1775973674.760659,0.0,4.0,-103.0
1775973674.770659,0.0,2.0,-111.0
1775973674.780659,-1.0,-1.0,-117.0
1775973674.790659,2.0,-5.0,-110.0
1775973674.800659,2.0,-9.0,-107.0
1775973674.810659,0.0,-8.0,-116.0
1775973674.820659,1.0,-4.0,-119.0
1775973674.830659,3.0,-2.0,-117.0
1775973674.840659,3.0,-4.0,-110.0
1775973674.850659,3.0,-6.0,-108.0
1775973674.860659,3.0,-8.0,-110.0
1775973674.8706589,2.0,-11.0,-110.0
1775973674.8806589,-1.0,-8.0,-114.0
1775973674.8906589,-2.0,-9.0,-117.0
1775973674.9006588,-4.0,-3.0,-111.0
1775973674.9106588,-2.0,-1.0,-103.0
1775973674.9206588,0.0,-2.0,-105.0
1775973674.9306588,0.0,-1.0,-105.0
1775973674.9406588,0.0,-2.0,-110.0
1775973674.9506588,-2.0,-1.0,-106.0
1775973674.9606588,-5.0,-1.0,-108.0
1775973674.9706588,-9.0,-1.0,-108.0
1775973674.9806588,-7.0,-1.0,-107.0
1775973674.9906588,-7.0,-1.0,-113.0
1775973675.000659,-5.0,-3.0,-114.0
1775973675.010659,0.0,-5.0,-107.0
1775973675.020659,0.0,-2.0,-108.0
1775973675.030659,-4.0,1.0,-108.0
1775973675.040659,-4.0,6.0,-112.0
1775973675.050659,0.0,5.0,-112.0
1775973675.060659,5.0,4.0,-110.0
1775973675.070659,3.0,5.0,-108.0
1775973675.080659,0.0,6.0,-113.0
1775973675.090659,0.0,8.0,-107.0
1775973675.100659,-2.0,7.0,-110.0
1775973675.110659,-4.0,4.0,-107.0
1775973675.1206589,-4.0,2.0,-114.0
1775973675.1306589,-1.0,1.0,-117.0
1775973675.1406589,-4.0,0.0,-114.0
1775973675.1506588,-2.0,-3.0,-109.0
1775973675.1606588,0.0,-5.0,-109.0
1775973675.1706588,1.0,-4.0,-109.0
1775973675.1806588,0.0,-5.0,-108.0
1775973675.1906588,0.0,-2.0,-106.0
1775973675.2006588,-2.0,-4.0,-108.0
1775973675.2106588,-2.0,-7.0,-105.0
1775973675.2206588,-2.0,-9.0,-111.0
1775973675.2306588,-2.0,-6.0,-112.0
1775973675.2406588,-3.0,-4.0,-107.0
1775973675.250659,-2.0,-3.0,-107.0
1775973675.260659,-1.0,-4.0,-112.0
1775973675.270659,1.0,0.0,-114.0
1775973675.280659,4.0,1.0,-112.0
1775973675.290659,0.0,0.0,-110.0
1775973675.300659,0.0,0.0,-106.0
1775973675.310659,2.0,1.0,-107.0
1775973675.320659,4.0,6.0,-118.0
1775973675.330659,4.0,5.0,-117.0
1775973675.340659,2.0,0.0,-112.0
1775973675.350659,1.0,1.0,-114.0
1775973675.360659,1.0,3.0,-109.0
1775973675.3706589,2.0,3.0,-109.0
1775973675.3806589,5.0,2.0,-107.0
1775973675.3906589,4.0,2.0,-101.0
1775973675.4006588,-1.0,2.0,-94.0
1775973675.4106588,-3.0,2.0,-95.0
1775973675.4206588,0.0,-1.0,-100.0
1775973675.4306588,6.0,-4.0,-102.0
1775973675.4406588,8.0,-1.0,-101.0
1775973675.4506588,7.0,-3.0,-97.0
1775973675.4606588,3.0,-3.0,-107.0
1775973675.4706588,1.0,0.0,-106.0
1775973675.4806588,5.0,0.0,-106.0
1775973675.4906588,8.0,1.0,-106.0
1775973675.500659,5.0,-1.0,-102.0
1775973675.510659,1.0,-5.0,-92.0
1775973675.520659,1.0,-7.0,-93.0
1775973675.530659,2.0,-10.0,-101.0
1775973675.540659,4.0,-9.0,-97.0
1775973675.550659,2.0,-3.0,-94.0
1775973675.560659,1.0,-4.0,-91.0
1775973675.570659,0.0,-3.0,-96.0
1775973675.580659,1.0,0.0,-103.0
1775973675.590659,-4.0,-2.0,-107.0
1775973675.600659,-9.0,0.0,-110.0
1775973675.610659,-3.0,1.0,-106.0
1775973675.6206589,-3.0,4.0,-110.0
1775973675.6306589,-5.0,3.0,-105.0
1775973675.6406589,-4.0,2.0,-105.0
1775973675.6506588,-1.0,1.0,-107.0
1775973675.6606588,-2.0,0.0,-107.0
1775973675.6706588,-4.0,-2.0,-104.0
1775973675.6806588,-1.0,-4.0,-107.0
1775973675.6906588,0.0,-7.0,-105.0
1775973675.7006588,0.0,-2.0,-109.0
1775973675.7106588,-3.0,-4.0,-110.0
1775973675.7206588,-3.0,-6.0,-109.0
1775973675.7306588,-4.0,-6.0,-105.0
1775973675.7406588,-3.0,-7.0,-101.0
1775973675.750659,-2.0,-9.0,-100.0
1775973675.760659,-1.0,-1.0,-97.0
1775973675.770659,0.0,1.0,-100.0
1775973675.780659,3.0,2.0,-106.0
1775973675.790659,1.0,0.0,-109.0
1775973675.800659,1.0,0.0,-110.0
1775973675.810659,3.0,0.0,-105.0
1775973675.820659,2.0,3.0,-111.0
1775973675.830659,1.0,-1.0,-113.0
1775973675.840659,1.0,-4.0,-113.0
1775973675.850659,0.0,-8.0,-116.0
1775973675.860659,1.0,-6.0,-116.0
1775973675.8706589,2.0,-5.0,-121.0
1775973675.8806589,-4.0,-4.0,-118.0
1775973675.8906589,0.0,-3.0,-111.0
1775973675.9006588,-1.0,0.0,-104.0
1775973675.9106588,-4.0,0.0,-105.0
1775973675.9206588,-5.0,0.0,-103.0
1775973675.9306588,-3.0,-1.0,-103.0
1775973675.9406588,-4.0,2.0,-101.0
1775973675.9506588,-3.0,0.0,-96.0
1775973675.9606588,-2.0,0.0,-100.0
1775973675.9706588,0.0,-1.0,-102.0
1775973675.9806588,1.0,-4.0,-105.0
1775973675.9906588,2.0,-6.0,-109.0
1775973676.000659,1.0,-2.0,-105.0
1775973676.010659,0.0,-1.0,-101.0
1775973676.020659,2.0,-2.0,-103.0
1775973676.030659,4.0,-1.0,-106.0
1775973676.040659,1.0,4.0,-111.0
1775973676.050659,1.0,2.0,-108.0
1775973676.060659,1.0,0.0,-103.0
1775973676.070659,2.0,-4.0,-104.0
1775973676.080659,4.0,-6.0,-106.0
1775973676.090659,8.0,-7.0,-107.0
1775973676.100659,7.0,-6.0,-107.0
1775973676.110659,8.0,-7.0,-115.0
1775973676.1206589,4.0,-3.0,-119.0
1775973676.1306589,3.0,-2.0,-119.0
1775973676.1406589,2.0,-2.0,-123.0
1775973676.1506588,0.0,0.0,-120.0
1775973676.1606588,0.0,0.0,-117.0
1775973676.171659,-2.0,-1.0,-112.0
1775973676.181659,-1.0,-3.0,-109.0
1775973676.1906588,3.0,-3.0,-106.0
1775973676.201659,0.0,-3.0,-106.0
1775973676.211659,2.0,-5.0,-107.0
1775973676.221659,3.0,-6.0,-106.0
1775973676.231659,9.0,-3.0,-104.0
1775973676.241659,10.0,-2.0,-101.0
1775973676.251659,8.0,-1.0,-105.0
1775973676.261659,2.0,1.0,-110.0
1775973676.271659,-2.0,1.0,-114.0
1775973676.281659,-3.0,3.0,-111.0
1775973676.2916589,-2.0,5.0,-109.0
1775973676.3016589,-2.0,3.0,-103.0
1775973676.3116589,-1.0,2.0,-98.0
1775973676.3216588,-1.0,0.0,-95.0
1775973676.3316588,5.0,3.0,-98.0
1775973676.3416588,8.0,3.0,-103.0
1775973676.3516588,8.0,5.0,-107.0
1775973676.3616588,-1.0,4.0,-111.0
1775973676.3716588,-2.0,3.0,-111.0
1775973676.3816588,0.0,2.0,-102.0
1775973676.3916588,0.0,1.0,-102.0
1775973676.4016588,-3.0,0.0,-107.0
1775973676.4116588,-6.0,-4.0,-104.0
1775973676.421659,-6.0,-3.0,-107.0
1775973676.431659,-9.0,-2.0,-108.0
1775973676.441659,-6.0,-2.0,-112.0
1775973676.451659,0.0,-4.0,-116.0
1775973676.461659,0.0,-5.0,-113.0
1775973676.471659,3.0,-1.0,-113.0
1775973676.481659,7.0,-1.0,-108.0
1775973676.491659,9.0,-2.0,-111.0
1775973676.501659,0.0,-4.0,-118.0
1775973676.511659,-5.0,-4.0,-111.0
1775973676.521659,-2.0,-7.0,-112.0
1775973676.531659,0.0,-1.0,-108.0
1775973676.5416589,2.0,0.0,-105.0
1775973676.5516589,2.0,8.0,-102.0
1775973676.5616589,5.0,6.0,-99.0
1775973676.5716588,2.0,8.0,-101.0
1775973676.5816588,2.0,11.0,-101.0
1775973676.5916588,0.0,9.0,-102.0
1775973676.6016588,-3.0,6.0,-104.0
1775973676.6116588,-3.0,8.0,-96.0
1775973676.6216588,0.0,12.0,-96.0
1775973676.6316588,1.0,10.0,-101.0
1775973676.6416588,5.0,4.0,-108.0
1775973676.6516588,3.0,1.0,-106.0
1775973676.6616588,1.0,0.0,-103.0
1775973676.671659,2.0,4.0,-102.0
1775973676.681659,4.0,3.0,-106.0
1775973676.691659,2.0,0.0,-100.0
1775973676.701659,-4.0,2.0,-99.0
1775973676.711659,-9.0,0.0,-104.0
1775973676.721659,-5.0,-4.0,-102.0
1775973676.731659,-2.0,-2.0,-104.0
1775973676.741659,-7.0,1.0,-110.0
1775973676.751659,-8.0,2.0,-111.0
1775973676.761659,-7.0,5.0,-106.0
1775973676.771659,-6.0,0.0,-101.0
1775973676.781659,-10.0,-1.0,-105.0
1775973676.7916589,-10.0,2.0,-104.0
1775973676.8016589,-8.0,1.0,-114.0
1775973676.8116589,-7.0,0.0,-117.0
1775973676.8216588,-1.0,0.0,-115.0
1775973676.8316588,2.0,0.0,-113.0
1775973676.8416588,0.0,1.0,-107.0
1775973676.8516588,0.0,-1.0,-109.0
1775973676.8616588,4.0,0.0,-111.0
1775973676.8716588,8.0,1.0,-105.0
1775973676.8816588,7.0,1.0,-104.0
1775973676.8916588,2.0,4.0,-103.0
1775973676.9016588,3.0,1.0,-109.0
1775973676.9116588,0.0,1.0,-112.0
1775973676.921659,1.0,-3.0,-116.0
1775973676.931659,1.0,-3.0,-113.0
1775973676.941659,1.0,-1.0,-109.0
1775973676.951659,4.0,-3.0,-111.0
1775973676.961659,5.0,-5.0,-120.0
1775973676.971659,2.0,-2.0,-114.0
1775973676.981659,-2.0,2.0,-113.0
1775973676.991659,-6.0,7.0,-114.0
1775973677.001659,-1.0,8.0,-108.0
1775973677.011659,2.0,4.0,-108.0
1775973677.021659,2.0,2.0,-107.0
1775973677.031659,0.0,0.0,-111.0
1775973677.0416589,0.0,-2.0,-110.0
1775973677.0516589,1.0,-4.0,-111.0
1775973677.0616589,0.0,-5.0,-112.0
1775973677.0716588,1.0,-6.0,-117.0
1775973677.0816588,-2.0,-7.0,-117.0
1775973677.0916588,0.0,-4.0,-113.0
1775973677.1016588,5.0,-5.0,-115.0
1775973677.1116588,4.0,-4.0,-110.0
1775973677.1216588,2.0,-3.0,-109.0
1775973677.1316588,-1.0,-1.0,-107.0
1775973677.1416588,-1.0,0.0,-110.0
1775973677.1516588,-2.0,-1.0,-107.0
1775973677.1616588,0.0,-2.0,-109.0
1775973677.171659,0.0,0.0,-111.0
1775973677.181659,-2.0,0.0,-113.0
1775973677.191659,0.0,3.0,-115.0
1775973677.201659,2.0,0.0,-109.0
1775973677.211659,2.0,-2.0,-105.0
1775973677.221659,0.0,0.0,-106.0
1775973677.231659,-1.0,1.0,-102.0
1775973677.241659,-3.0,0.0,-99.0
1775973677.251659,-4.0,-2.0,-96.0
1775973677.261659,-4.0,-1.0,-102.0
1775973677.271659,-7.0,1.0,-105.0
1775973677.281659,-1.0,6.0,-109.0
1775973677.2916589,0.0,6.0,-108.0
1775973677.3016589,-4.0,1.0,-112.0
1775973677.3116589,-6.0,0.0,-118.0
1775973677.3216588,-6.0,-2.0,-113.0
1775973677.3316588,-7.0,-5.0,-113.0
1775973677.3416588,-2.0,-3.0,-115.0
1775973677.3516588,-1.0,0.0,-108.0
1775973677.3616588,0.0,-2.0,-109.0
1775973677.3716588,0.0,-1.0,-111.0
1775973677.3816588,-3.0,-2.0,-109.0
1775973677.3916588,0.0,-1.0,-115.0
1775973677.4016588,5.0,0.0,-111.0
1775973677.4116588,5.0,-4.0,-102.0
1775973677.421659,7.0,-5.0,-102.0
1775973677.431659,3.0,-4.0,-108.0
1775973677.441659,0.0,0.0,-111.0
1775973677.451659,-2.0,1.0,-116.0
1775973677.461659,-4.0,1.0,-111.0
1775973677.471659,-2.0,1.0,-116.0
1775973677.481659,-3.0,3.0,-117.0
1775973677.491659,-3.0,6.0,-120.0
1775973677.501659,0.0,4.0,-121.0
1775973677.511659,2.0,7.0,-116.0
1775973677.521659,5.0,9.0,-113.0
1775973677.531659,0.0,5.0,-109.0
1775973677.5416589,1.0,1.0,-110.0
1775973677.5516589,1.0,1.0,-106.0
1775973677.5616589,1.0,0.0,-108.0
1775973677.5716588,1.0,1.0,-108.0
1775973677.5816588,3.0,2.0,-105.0
1775973677.5916588,1.0,0.0,-104.0
1775973677.6016588,-1.0,2.0,-110.0
1775973677.6116588,-4.0,0.0,-110.0
1775973677.6216588,0.0,2.0,-111.0
1775973677.6316588,1.0,0.0,-113.0
1775973677.6416588,0.0,-4.0,-112.0
1775973677.6516588,1.0,-4.0,-108.0
1775973677.6616588,1.0,-3.0,-108.0
1775973677.671659,1.0,1.0,-109.0
1775973677.681659,1.0,0.0,-108.0
1775973677.691659,0.0,5.0,-109.0
1775973677.701659,-3.0,5.0,-112.0
1775973677.711659,0.0,7.0,-107.0
1775973677.721659,0.0,7.0,-106.0
1775973677.731659,7.0,1.0,-112.0
1775973677.741659,8.0,0.0,-118.0
1775973677.751659,8.0,-2.0,-121.0
1775973677.761659,5.0,0.0,-120.0
1775973677.771659,6.0,0.0,-117.0
1775973677.781659,5.0,0.0,-114.0
1775973677.7916589,2.0,3.0,-115.0
1775973677.8016589,7.0,1.0,-104.0
1775973677.8116589,6.0,3.0,-104.0
1775973677.8216588,4.0,1.0,-107.0
1775973677.8316588,-2.0,0.0,-115.0
1775973677.8416588,0.0,-1.0,-113.0
1775973677.8516588,0.0,-2.0,-114.0
1775973677.8616588,0.0,-6.0,-116.0
1775973677.8716588,3.0,-5.0,-118.0
1775973677.8816588,2.0,-6.0,-105.0
1775973677.8916588,3.0,-8.0,-106.0
1775973677.9016588,0.0,-8.0,-108.0
1775973677.9116588,0.0,-6.0,-113.0
1775973677.921659,2.0,-6.0,-113.0
1775973677.931659,0.0,-7.0,-111.0
1775973677.941659,1.0,-6.0,-108.0
1775973677.951659,1.0,-3.0,-107.0
1775973677.961659,0.0,-2.0,-107.0
1775973677.971659,0.0,4.0,-109.0
1775973677.981659,0.0,7.0,-115.0
1775973677.991659,-3.0,11.0,-117.0
1775973678.001659,-2.0,9.0,-119.0
1775973678.011659,0.0,5.0,-118.0
1775973678.021659,-1.0,2.0,-120.0
1775973678.031659,0.0,1.0,-118.0
1775973678.0416589,1.0,4.0,-114.0
1775973678.0516589,2.0,8.0,-114.0
1775973678.0616589,1.0,8.0,-119.0
1775973678.0716588,1.0,7.0,-121.0
1775973678.0816588,1.0,1.0,-119.0
1775973678.0916588,0.0,0.0,-116.0
1775973678.1016588,0.0,4.0,-112.0
1775973678.1116588,1.0,2.0,-111.0
1775973678.1216588,-1.0,1.0,-106.0
1775973678.1316588,-2.0,3.0,-105.0
1775973678.1416588,-5.0,1.0,-106.0
1775973678.1516588,-6.0,1.0,-108.0
1775973678.1616588,-1.0,-1.0,-105.0
1775973678.172659,1.0,-2.0,-103.0
1775973678.181659,0.0,-7.0,-109.0
1775973678.192659,0.0,-2.0,-108.0
1775973678.201659,0.0,-6.0,-110.0
1775973678.211659,0.0,-4.0,-106.0
1775973678.2226589,-6.0,-3.0,-103.0
1775973678.231659,-5.0,-3.0,-108.0
1775973678.2426589,0.0,-1.0,-116.0
1775973678.2526588,1.0,-1.0,-119.0
1775973678.2626588,2.0,-3.0,-115.0
1775973678.2726588,4.0,-2.0,-117.0
1775973678.2826588,4.0,-5.0,-114.0
1775973678.2926588,5.0,-4.0,-111.0
1775973678.3026588,6.0,0.0,-117.0
1775973678.3126588,3.0,0.0,-119.0
1775973678.3226588,5.0,-2.0,-121.0
1775973678.3326588,2.0,0.0,-117.0
1775973678.3426588,6.0,-2.0,-122.0
1775973678.352659,5.0,-3.0,-123.0
1775973678.362659,-1.0,-1.0,-121.0
1775973678.372659,-5.0,2.0,-120.0
1775973678.382659,-4.0,5.0,-118.0
1775973678.392659,-1.0,5.0,-119.0
1775973678.402659,-2.0,0.0,-117.0
1775973678.412659,1.0,3.0,-113.0
1775973678.422659,2.0,0.0,-112.0
1775973678.432659,5.0,-1.0,-111.0
1775973678.442659,3.0,-1.0,-106.0
1775973678.452659,7.0,1.0,-112.0
1775973678.462659,5.0,0.0,-115.0
1775973678.4726589,2.0,-1.0,-115.0
1775973678.4826589,2.0,-2.0,-116.0
1775973678.4926589,0.0,-3.0,-112.0
1775973678.5026588,0.0,-5.0,-113.0
1775973678.5126588,-1.0,-1.0,-111.0
1775973678.5226588,-2.0,-1.0,-113.0
1775973678.5326588,0.0,-1.0,-115.0
1775973678.5426588,0.0,0.0,-112.0
1775973678.5526588,-1.0,0.0,-111.0
1775973678.5626588,0.0,-2.0,-108.0
1775973678.5726588,-1.0,-7.0,-106.0
1775973678.5826588,0.0,-6.0,-106.0
1775973678.5926588,0.0,-2.0,-104.0
1775973678.602659,0.0,-1.0,-98.0
1775973678.612659,-2.0,-3.0,-99.0
1775973678.622659,-2.0,-3.0,-100.0
1775973678.632659,-2.0,-5.0,-107.0
1775973678.642659,-2.0,-2.0,-108.0
1775973678.652659,-3.0,0.0,-109.0
1775973678.662659,0.0,-1.0,-111.0
1775973678.672659,2.0,-2.0,-114.0
1775973678.682659,2.0,-4.0,-115.0
1775973678.692659,2.0,-10.0,-112.0
1775973678.702659,0.0,-11.0,-113.0
1775973678.712659,-4.0,-7.0,-112.0
1775973678.7226589,-4.0,-5.0,-108.0
1775973678.7326589,-5.0,-3.0,-107.0
1775973678.7426589,-6.0,-3.0,-108.0
1775973678.7526588,-5.0,-4.0,-104.0
1775973678.7626588,-11.0,-1.0,-112.0
1775973678.7726588,-9.0,0.0,-111.0
1775973678.7826588,-6.0,-4.0,-117.0
1775973678.7926588,-5.0,-3.0,-115.0
1775973678.8026588,-4.0,-1.0,-113.0
1775973678.8126588,-4.0,0.0,-111.0
1775973678.8226588,-8.0,0.0,-111.0
1775973678.8326588,-10.0,-1.0,-114.0
1775973678.8426588,-9.0,0.0,-111.0
1775973678.852659,-6.0,0.0,-108.0
1775973678.862659,-2.0,-3.0,-105.0
1775973678.872659,-3.0,-9.0,-110.0
1775973678.882659,-3.0,-9.0,-107.0
1775973678.892659,-4.0,-7.0,-99.0
1775973678.902659,-2.0,-2.0,-107.0
1775973678.912659,0.0,-2.0,-108.0
1775973678.922659,2.0,1.0,-107.0
1775973678.932659,3.0,4.0,-108.0
1775973678.942659,1.0,4.0,-108.0
1775973678.952659,-2.0,4.0,-114.0
1775973678.962659,0.0,2.0,-117.0
1775973678.9726589,-3.0,2.0,-120.0
1775973678.9826589,-2.0,2.0,-122.0
1775973678.9926589,-3.0,1.0,-116.0
1775973679.0026588,-4.0,1.0,-121.0
1775973679.0126588,-1.0,0.0,-119.0
1775973679.0226588,-4.0,1.0,-120.0
1775973679.0326588,-4.0,3.0,-116.0
1775973679.0426588,-5.0,1.0,-113.0
1775973679.0526588,-5.0,2.0,-110.0
1775973679.0626588,-7.0,0.0,-108.0
1775973679.0726588,-4.0,0.0,-108.0
1775973679.0826588,-9.0,0.0,-109.0
1775973679.0926588,-6.0,-3.0,-107.0
1775973679.102659,-3.0,-1.0,-103.0
1775973679.112659,-4.0,-1.0,-100.0
1775973679.122659,-6.0,0.0,-97.0
1775973679.132659,-2.0,3.0,-101.0
1775973679.142659,-3.0,7.0,-100.0
1775973679.152659,-1.0,9.0,-100.0
1775973679.162659,-1.0,6.0,-102.0
1775973679.172659,0.0,5.0,-103.0
1775973679.182659,-2.0,3.0,-109.0
1775973679.192659,-2.0,8.0,-105.0
1775973679.202659,-1.0,7.0,-102.0
1775973679.212659,-2.0,5.0,-99.0
1775973679.2226589,-2.0,1.0,-97.0
1775973679.2326589,0.0,2.0,-101.0
1775973679.2426589,2.0,1.0,-101.0
1775973679.2526588,7.0,0.0,-100.0
1775973679.2626588,5.0,-4.0,-102.0
1775973679.2726588,4.0,-2.0,-107.0
1775973679.2826588,4.0,-4.0,-107.0
1775973679.2926588,3.0,-4.0,-107.0
1775973679.3026588,6.0,-2.0,-109.0
1775973679.3126588,7.0,-2.0,-110.0
1775973679.3226588,2.0,0.0,-105.0
1775973679.3326588,0.0,4.0,-107.0
1775973679.3426588,-2.0,2.0,-108.0
1775973679.352659,1.0,0.0,-112.0
1775973679.362659,0.0,-1.0,-113.0
1775973679.372659,-2.0,1.0,-112.0
1775973679.382659,-1.0,1.0,-110.0
1775973679.392659,0.0,1.0,-106.0
1775973679.402659,0.0,1.0,-108.0
1775973679.412659,-2.0,4.0,-114.0
1775973679.422659,-3.0,-3.0,-115.0
1775973679.432659,-6.0,-3.0,-108.0
1775973679.442659,-5.0,-3.0,-104.0
1775973679.452659,-5.0,-3.0,-103.0
1775973679.462659,-2.0,-4.0,-102.0
1775973679.4726589,-2.0,-6.0,-107.0
1775973679.4826589,-5.0,-4.0,-105.0
1775973679.4926589,-7.0,-1.0,-107.0
1775973679.5026588,-6.0,0.0,-103.0
1775973679.5126588,-9.0,1.0,-100.0
1775973679.5226588,-6.0,4.0,-91.0
1775973679.5326588,-6.0,5.0,-94.0
1775973679.5426588,-7.0,3.0,-104.0
1775973679.5526588,-1.0,1.0,-106.0
1775973679.5626588,0.0,1.0,-100.0
1775973679.5726588,0.0,3.0,-102.0
1775973679.5826588,-2.0,6.0,-101.0
1775973679.5926588,-2.0,4.0,-103.0
1775973679.602659,0.0,2.0,-103.0
1775973679.612659,4.0,2.0,-107.0
1775973679.622659,5.0,2.0,-107.0
1775973679.632659,-3.0,1.0,-110.0
1775973679.642659,-3.0,0.0,-109.0
1775973679.652659,-4.0,2.0,-109.0
1775973679.662659,-5.0,3.0,-108.0
1775973679.672659,-5.0,0.0,-112.0
1775973679.682659,-6.0,1.0,-108.0
1775973679.692659,-7.0,-2.0,-106.0
1775973679.702659,-2.0,-5.0,-107.0
1775973679.712659,-4.0,-4.0,-107.0
1775973679.7226589,-4.0,-1.0,-110.0
1775973679.7326589,-3.0,0.0,-105.0
1775973679.7426589,-2.0,0.0,-110.0
1775973679.7526588,2.0,-4.0,-112.0
1775973679.7626588,0.0,-4.0,-111.0
1775973679.7726588,2.0,-5.0,-106.0
1775973679.7826588,8.0,-5.0,-108.0
1775973679.793659,10.0,-6.0,-110.0
1775973679.8026588,9.0,-6.0,-113.0
1775973679.8126588,10.0,-6.0,-108.0
1775973679.8226588,9.0,-2.0,-107.0
1775973679.8326588,4.0,0.0,-105.0
1775973679.8426588,-1.0,0.0,-102.0
1775973679.852659,0.0,0.0,-101.0
1775973679.862659,0.0,2.0,-105.0
1775973679.872659,0.0,0.0,-105.0
1775973679.882659,5.0,1.0,-106.0
1775973679.892659,7.0,4.0,-105.0
1775973679.902659,5.0,2.0,-105.0
1775973679.912659,1.0,1.0,-108.0
1775973679.922659,0.0,2.0,-111.0
1775973679.932659,4.0,3.0,-111.0
1775973679.942659,6.0,1.0,-104.0
1775973679.952659,4.0,-1.0,-107.0
1775973679.962659,4.0,1.0,-113.0
1775973679.9726589,6.0,1.0,-110.0
1775973679.9826589,6.0,4.0,-116.0
1775973679.9926589,0.0,6.0,-114.0
1775973680.0026588,-2.0,5.0,-107.0
1775973680.0126588,0.0,7.0,-99.0
1775973680.0226588,0.0,4.0,-96.0
1775973680.0326588,-3.0,9.0,-100.0
1775973680.0426588,-5.0,5.0,-102.0
1775973680.0526588,-2.0,2.0,-105.0
1775973680.0626588,1.0,4.0,-110.0
1775973680.0726588,0.0,5.0,-107.0
1775973680.0826588,-4.0,2.0,-110.0
1775973680.0926588,-6.0,1.0,-113.0
1775973680.102659,-3.0,0.0,-114.0
1775973680.112659,0.0,-4.0,-121.0
1775973680.122659,2.0,-3.0,-118.0
1775973680.132659,4.0,-3.0,-118.0
1775973680.142659,-3.0,-4.0,-117.0
1775973680.152659,-4.0,-7.0,-114.0
1775973680.162659,-4.0,-6.0,-104.0
1775973680.172659,-3.0,-5.0,-104.0
1775973680.182659,-2.0,-3.0,-115.0
1775973680.192659,-2.0,-3.0,-116.0
1775973680.202659,1.0,-1.0,-111.0
1775973680.212659,2.0,1.0,-105.0
1775973680.2226589,0.0,4.0,-105.0
1775973680.2326589,-1.0,1.0,-107.0
1775973680.2426589,-10.0,0.0,-104.0
1775973680.2536588,-11.0,0.0,-102.0
1775973680.2636588,-9.0,3.0,-100.0
1775973680.273659,-4.0,-1.0,-99.0
1775973680.283659,-4.0,-1.0,-106.0
1775973680.293659,-2.0,0.0,-112.0
1775973680.303659,-2.0,1.0,-112.0
1775973680.313659,-2.0,1.0,-119.0
1775973680.323659,-6.0,0.0,-117.0
1775973680.333659,0.0,0.0,-118.0
1775973680.343659,0.0,4.0,-122.0
1775973680.353659,0.0,6.0,-119.0
1775973680.363659,-1.0,1.0,-110.0
1775973680.373659,-3.0,2.0,-109.0
1775973680.383659,-6.0,3.0,-107.0
1775973680.3936589,-8.0,2.0,-104.0
1775973680.4036589,-9.0,2.0,-110.0
1775973680.4136589,-2.0,-4.0,-107.0
1775973680.4236588,1.0,-2.0,-104.0
1775973680.4336588,-1.0,-4.0,-102.0
1775973680.4436588,-3.0,-4.0,-100.0
1775973680.4536588,-6.0,-3.0,-104.0
1775973680.4636588,-3.0,0.0,-107.0
1775973680.4736588,1.0,0.0,-105.0
1775973680.4836588,2.0,-1.0,-107.0
1775973680.4936588,1.0,-3.0,-103.0
1775973680.5036588,1.0,-6.0,-107.0
1775973680.5136588,2.0,-1.0,-110.0
1775973680.523659,0.0,-3.0,-105.0
1775973680.533659,1.0,-4.0,-104.0
1775973680.543659,1.0,-3.0,-108.0
1775973680.553659,0.0,0.0,-106.0
1775973680.563659,1.0,0.0,-103.0
1775973680.573659,2.0,0.0,-105.0
1775973680.583659,2.0,3.0,-106.0
1775973680.593659,5.0,4.0,-110.0
1775973680.603659,5.0,2.0,-106.0
1775973680.613659,3.0,1.0,-107.0
1775973680.623659,3.0,1.0,-104.0
1775973680.633659,-1.0,0.0,-107.0
1775973680.6436589,-2.0,1.0,-114.0
1775973680.6536589,-2.0,0.0,-118.0
1775973680.6636589,-2.0,-4.0,-118.0
1775973680.6736588,-4.0,-4.0,-121.0
1775973680.6836588,0.0,-4.0,-103.0
1775973680.6936588,-3.0,-6.0,-101.0
1775973680.7036588,-2.0,-7.0,-102.0
1775973680.7136588,-3.0,-5.0,-103.0
1775973680.7236588,-7.0,-3.0,-107.0
1775973680.7336588,-2.0,-2.0,-111.0
1775973680.7436588,-2.0,-4.0,-117.0
1775973680.7536588,3.0,-7.0,-126.0
1775973680.7636588,1.0,-10.0,-126.0
1775973680.773659,3.0,-10.0,-122.0
1775973680.783659,-1.0,-8.0,-118.0
1775973680.793659,-1.0,-8.0,-107.0
1775973680.803659,0.0,-3.0,-110.0
1775973680.813659,-2.0,0.0,-113.0
1775973680.823659,-3.0,-1.0,-113.0
1775973680.833659,-5.0,-2.0,-114.0
1775973680.843659,-2.0,-1.0,-119.0
1775973680.853659,-7.0,-3.0,-117.0
1775973680.863659,-2.0,-4.0,-114.0
1775973680.873659,1.0,-6.0,-113.0
1775973680.883659,0.0,-6.0,-114.0
1775973680.8936589,0.0,-2.0,-114.0
1775973680.9036589,-1.0,0.0,-111.0
1775973680.9136589,4.0,2.0,-109.0
1775973680.9236588,5.0,5.0,-109.0
1775973680.9336588,2.0,4.0,-103.0
1775973680.9436588,3.0,0.0,-108.0
1775973680.9536588,8.0,-1.0,-108.0
1775973680.9636588,7.0,-2.0,-112.0
1775973680.9736588,3.0,0.0,-117.0
1775973680.9836588,3.0,-4.0,-117.0
1775973680.9936588,0.0,-5.0,-112.0
1775973681.0036588,0.0,-6.0,-108.0
1775973681.0136588,4.0,-2.0,-109.0
1775973681.023659,7.0,3.0,-110.0
1775973681.033659,6.0,5.0,-108.0
1775973681.043659,3.0,5.0,-104.0
1775973681.053659,2.0,2.0,-104.0
1775973681.063659,1.0,0.0,-103.0
1775973681.073659,3.0,0.0,-98.0
1775973681.083659,4.0,-1.0,-98.0
1775973681.093659,1.0,-3.0,-104.0
1775973681.103659,0.0,-5.0,-107.0
1775973681.113659,7.0,-6.0,-103.0
1775973681.123659,4.0,-6.0,-103.0
1775973681.133659,0.0,-6.0,-109.0
1775973681.1436589,0.0,-6.0,-113.0
1775973681.1536589,-4.0,-4.0,-112.0
1775973681.1636589,-6.0,-4.0,-111.0
1775973681.1736588,-4.0,-3.0,-108.0
1775973681.1836588,-1.0,0.0,-114.0
1775973681.1936588,0.0,4.0,-110.0
1775973681.2036588,5.0,0.0,-101.0
1775973681.2136588,3.0,-5.0,-105.0
1775973681.2236588,3.0,-5.0,-102.0
1775973681.2336588,2.0,-3.0,-106.0
1775973681.2436588,5.0,-4.0,-99.0
1775973681.2536588,3.0,-3.0,-93.0
1775973681.2636588,-2.0,0.0,-94.0
1775973681.273659,0.0,-2.0,-99.0
1775973681.283659,0.0,0.0,-101.0
1775973681.293659,-3.0,4.0,-99.0
1775973681.303659,-8.0,9.0,-100.0
1775973681.313659,-5.0,6.0,-103.0
1775973681.323659,-3.0,4.0,-110.0
1775973681.333659,-5.0,1.0,-115.0
1775973681.343659,-8.0,2.0,-115.0
1775973681.353659,-4.0,1.0,-110.0
1775973681.363659,-1.0,-1.0,-110.0
1775973681.373659,0.0,0.0,-117.0
1775973681.383659,1.0,-2.0,-124.0
1775973681.3936589,0.0,-5.0,-121.0
1775973681.4036589,-2.0,-4.0,-121.0
1775973681.4136589,-2.0,-5.0,-124.0
1775973681.4236588,-3.0,-3.0,-117.0
1775973681.4336588,0.0,0.0,-108.0
1775973681.4436588,-1.0,-1.0,-106.0
1775973681.4536588,-2.0,-4.0,-114.0
1775973681.4636588,-2.0,-3.0,-113.0
1775973681.4736588,-5.0,-2.0,-111.0
1775973681.4836588,-5.0,0.0,-111.0
1775973681.4936588,-9.0,1.0,-117.0
1775973681.5036588,-7.0,1.0,-114.0
1775973681.5136588,-10.0,1.0,-114.0
1775973681.523659,-7.0,0.0,-117.0
1775973681.533659,-2.0,-1.0,-115.0
1775973681.543659,0.0,0.0,-116.0
1775973681.553659,0.0,0.0,-108.0
1775973681.563659,4.0,-3.0,-107.0
1775973681.573659,3.0,-3.0,-107.0
1775973681.583659,1.0,0.0,-111.0
1775973681.593659,0.0,0.0,-107.0
1775973681.603659,3.0,0.0,-109.0
1775973681.613659,1.0,-3.0,-108.0
1775973681.623659,-5.0,-1.0,-104.0
1775973681.633659,-2.0,2.0,-106.0
1775973681.6436589,-3.0,4.0,-103.0
1775973681.6536589,2.0,4.0,-99.0
1775973681.6636589,1.0,4.0,-100.0
1775973681.6736588,2.0,1.0,-103.0
1775973681.6836588,3.0,2.0,-107.0
1775973681.6936588,3.0,2.0,-111.0
1775973681.7036588,1.0,5.0,-113.0
1775973681.7136588,0.0,5.0,-106.0
1775973681.7236588,1.0,3.0,-104.0
1775973681.7336588,4.0,-2.0,-106.0
1775973681.7436588,7.0,-5.0,-107.0
1775973681.7536588,4.0,-5.0,-108.0
1775973681.7636588,1.0,-3.0,-106.0
1775973681.773659,0.0,0.0,-105.0
1775973681.783659,0.0,0.0,-99.0
1775973681.793659,3.0,1.0,-107.0
1775973681.803659,3.0,1.0,-107.0
1775973681.813659,2.0,-2.0,-105.0
1775973681.823659,-1.0,-3.0,-108.0
1775973681.833659,-3.0,0.0,-108.0
1775973681.843659,-8.0,-2.0,-101.0
1775973681.853659,-4.0,0.0,-111.0
1775973681.863659,-2.0,4.0,-110.0
1775973681.873659,-2.0,11.0,-105.0
1775973681.883659,-1.0,6.0,-102.0
1775973681.8936589,0.0,0.0,-98.0
1775973681.9036589,-3.0,0.0,-106.0
1775973681.9136589,-8.0,-2.0,-111.0
1775973681.9236588,-5.0,-2.0,-110.0
1775973681.9336588,-1.0,-1.0,-116.0
1775973681.9436588,2.0,-3.0,-113.0
1775973681.9536588,5.0,0.0,-104.0
1775973681.9636588,7.0,4.0,-97.0
1775973681.9736588,5.0,5.0,-100.0
1775973681.9836588,0.0,1.0,-105.0
1775973681.9936588,0.0,1.0,-111.0
1775973682.0036588,1.0,0.0,-114.0
1775973682.0136588,2.0,1.0,-121.0
1775973682.023659,2.0,3.0,-117.0
1775973682.033659,0.0,2.0,-122.0
1775973682.043659,0.0,3.0,-117.0
1775973682.053659,3.0,1.0,-113.0
1775973682.063659,1.0,-1.0,-111.0
1775973682.073659,2.0,0.0,-111.0
1775973682.083659,-1.0,4.0,-112.0
1775973682.093659,0.0,4.0,-113.0
1775973682.103659,-4.0,4.0,-108.0
1775973682.113659,-4.0,-2.0,-109.0
1775973682.123659,0.0,-3.0,-109.0
1775973682.133659,0.0,-4.0,-111.0
1775973682.1436589,4.0,-6.0,-117.0
1775973682.1536589,-3.0,0.0,-112.0
1775973682.1636589,0.0,1.0,-106.0
1775973682.1736588,1.0,2.0,-108.0
1775973682.1836588,6.0,6.0,-112.0
1775973682.1936588,0.0,9.0,-112.0
1775973682.2036588,0.0,5.0,-113.0
1775973682.2136588,0.0,1.0,-115.0
1775973682.2236588,0.0,1.0,-118.0
1775973682.2336588,0.0,3.0,-119.0
1775973682.2436588,0.0,2.0,-116.0
1775973682.2536588,-1.0,2.0,-119.0
1775973682.2636588,-1.0,4.0,-120.0
1775973682.273659,-4.0,1.0,-124.0
1775973682.283659,-4.0,0.0,-115.0
1775973682.293659,-2.0,0.0,-109.0
1775973682.304659,0.0,0.0,-107.0
1775973682.3146589,0.0,-1.0,-101.0
1775973682.3246589,1.0,3.0,-103.0
1775973682.3346589,3.0,2.0,-105.0
1775973682.3446589,3.0,-2.0,-105.0
1775973682.3546588,1.0,-5.0,-98.0
1775973682.3646588,4.0,-5.0,-100.0
1775973682.3746588,5.0,-7.0,-104.0
1775973682.3846588,3.0,-8.0,-104.0
1775973682.3946588,2.0,-9.0,-107.0
1775973682.4046588,2.0,-3.0,-109.0
1775973682.4146588,4.0,-1.0,-112.0
1775973682.4246588,0.0,2.0,-119.0
1775973682.4346588,1.0,0.0,-108.0
1775973682.444659,3.0,0.0,-110.0
1775973682.454659,3.0,-4.0,-113.0
1775973682.464659,2.0,-1.0,-106.0
1775973682.474659,4.0,0.0,-101.0
1775973682.484659,4.0,3.0,-102.0
1775973682.494659,4.0,4.0,-100.0
1775973682.504659,7.0,4.0,-99.0
1775973682.514659,11.0,3.0,-100.0
1775973682.524659,8.0,5.0,-103.0
1775973682.534659,7.0,3.0,-95.0
1775973682.544659,4.0,1.0,-99.0
1775973682.554659,6.0,3.0,-106.0
1775973682.5646589,3.0,2.0,-107.0
1775973682.5746589,8.0,4.0,-108.0
1775973682.5846589,10.0,-1.0,-121.0
1775973682.5946589,7.0,-2.0,-120.0
1775973682.6046588,5.0,-2.0,-115.0
1775973682.6146588,0.0,-8.0,-107.0
1775973682.6246588,1.0,-10.0,-103.0
1775973682.6346588,-1.0,-12.0,-97.0
1775973682.6446588,-3.0,-11.0,-100.0
1775973682.6546588,0.0,-10.0,-102.0
1775973682.6646588,0.0,-10.0,-102.0
1775973682.6746588,1.0,-9.0,-103.0
1775973682.6846588,1.0,-5.0,-104.0
1775973682.694659,-2.0,-3.0,-105.0
1775973682.704659,0.0,3.0,-109.0
1775973682.714659,0.0,-2.0,-110.0
1775973682.724659,0.0,-3.0,-114.0
1775973682.734659,5.0,-1.0,-120.0
1775973682.744659,4.0,0.0,-116.0
1775973682.754659,3.0,1.0,-115.0
1775973682.764659,3.0,1.0,-112.0
1775973682.774659,0.0,-2.0,-104.0
1775973682.784659,0.0,-1.0,-113.0
1775973682.794659,8.0,0.0,-112.0
1775973682.804659,1.0,-3.0,-116.0
1775973682.8146589,-1.0,-1.0,-110.0
1775973682.8246589,4.0,-4.0,-105.0
1775973682.8346589,0.0,0.0,-104.0
1775973682.8446589,-6.0,0.0,-112.0
1775973682.8546588,-9.0,1.0,-112.0
1775973682.8646588,-3.0,3.0,-116.0
1775973682.8746588,0.0,3.0,-111.0
1775973682.8846588,-1.0,1.0,-110.0
1775973682.8946588,-4.0,-3.0,-117.0
1775973682.9046588,-2.0,-2.0,-117.0
1775973682.9146588,0.0,0.0,-117.0
1775973682.9246588,-2.0,5.0,-110.0
1775973682.9346588,-3.0,4.0,-108.0
1775973682.944659,0.0,3.0,-105.0
1775973682.954659,0.0,6.0,-105.0
1775973682.964659,-3.0,6.0,-104.0
1775973682.974659,-3.0,6.0,-111.0
1775973682.984659,-6.0,4.0,-104.0
1775973682.994659,-8.0,0.0,-109.0
1775973683.004659,-4.0,-3.0,-109.0
1775973683.014659,-1.0,0.0,-113.0
1775973683.024659,0.0,-4.0,-112.0
1775973683.034659,5.0,-3.0,-115.0
1775973683.044659,7.0,-4.0,-117.0
1775973683.054659,4.0,-1.0,-112.0
1775973683.0646589,2.0,-1.0,-110.0
1775973683.0746589,3.0,1.0,-103.0
1775973683.0846589,0.0,1.0,-101.0
1775973683.0946589,-4.0,-2.0,-102.0
1775973683.1046588,-7.0,-2.0,-105.0
1775973683.1146588,-4.0,1.0,-110.0
1775973683.1246588,-1.0,0.0,-110.0
1775973683.1346588,1.0,-4.0,-109.0
1775973683.1446588,2.0,0.0,-113.0
1775973683.1546588,6.0,0.0,-116.0
1775973683.1646588,4.0,-1.0,-118.0
1775973683.1746588,2.0,2.0,-114.0
1775973683.1846588,1.0,2.0,-112.0
1775973683.194659,2.0,0.0,-108.0
1775973683.204659,1.0,-1.0,-108.0
1775973683.214659,0.0,-3.0,-106.0
1775973683.224659,-1.0,-3.0,-115.0
1775973683.234659,-8.0,-4.0,-108.0
1775973683.244659,-6.0,-3.0,-111.0
1775973683.254659,-8.0,-4.0,-100.0
1775973683.264659,-9.0,-3.0,-96.0
1775973683.274659,-6.0,-1.0,-103.0
1775973683.284659,-6.0,2.0,-106.0
1775973683.294659,-6.0,5.0,-105.0
1775973683.304659,-7.0,4.0,-106.0
1775973683.3146589,-1.0,4.0,-104.0
1775973683.3246589,-1.0,8.0,-105.0
1775973683.3346589,-5.0,7.0,-102.0
1775973683.3446589,-2.0,3.0,-101.0
1775973683.3546588,0.0,0.0,-109.0
1775973683.3646588,-2.0,-1.0,-109.0
1775973683.3746588,-7.0,0.0,-100.0
1775973683.3846588,-11.0,-5.0,-100.0
1775973683.3946588,-6.0,-5.0,-100.0
1775973683.4046588,0.0,-4.0,-95.0
1775973683.4146588,1.0,-1.0,-102.0
1775973683.4246588,1.0,-1.0,-101.0
1775973683.4346588,5.0,-4.0,-106.0
1775973683.444659,2.0,-1.0,-110.0
1775973683.454659,8.0,4.0,-107.0
1775973683.464659,11.0,1.0,-102.0
1775973683.474659,8.0,2.0,-100.0
1775973683.484659,2.0,0.0,-96.0
1775973683.494659,2.0,0.0,-101.0
1775973683.504659,5.0,-3.0,-107.0
1775973683.514659,4.0,-4.0,-109.0
1775973683.524659,2.0,-2.0,-109.0
1775973683.534659,3.0,-5.0,-109.0
1775973683.544659,5.0,-3.0,-103.0
1775973683.554659,2.0,-4.0,-104.0
1775973683.5646589,-1.0,-6.0,-101.0
1775973683.5746589,-1.0,-10.0,-101.0
1775973683.5846589,-3.0,-12.0,-99.0
1775973683.5946589,0.0,-11.0,-99.0
1775973683.6046588,0.0,-11.0,-98.0
1775973683.6146588,1.0,-9.0,-98.0
1775973683.6246588,7.0,-9.0,-107.0
1775973683.6346588,7.0,-8.0,-106.0
1775973683.6446588,7.0,-4.0,-103.0
1775973683.6546588,5.0,0.0,-107.0
1775973683.6646588,-1.0,-1.0,-108.0
1775973683.6746588,-4.0,0.0,-112.0
1775973683.6846588,-6.0,1.0,-109.0
1775973683.694659,-5.0,0.0,-106.0
1775973683.704659,-6.0,-3.0,-97.0
1775973683.714659,-7.0,-1.0,-97.0
1775973683.724659,-5.0,-2.0,-100.0
1775973683.734659,-9.0,-2.0,-103.0
1775973683.744659,-5.0,0.0,-111.0
1775973683.754659,-6.0,0.0,-111.0
1775973683.764659,-6.0,-2.0,-111.0
1775973683.774659,-5.0,-2.0,-115.0
1775973683.784659,-3.0,0.0,-116.0
1775973683.794659,0.0,-6.0,-111.0
1775973683.804659,4.0,-7.0,-112.0
1775973683.8146589,3.0,-6.0,-113.0
1775973683.8246589,2.0,-5.0,-112.0
1775973683.8346589,-1.0,-4.0,-108.0
1775973683.8446589,1.0,-2.0,-108.0
1775973683.8546588,0.0,0.0,-111.0
1775973683.8646588,0.0,0.0,-103.0
1775973683.8746588,1.0,0.0,-105.0
1775973683.8846588,0.0,2.0,-104.0
1775973683.8946588,2.0,1.0,-105.0
1775973683.9046588,-3.0,0.0,-109.0
1775973683.9146588,0.0,0.0,-116.0
1775973683.9246588,0.0,1.0,-124.0
1775973683.9346588,8.0,1.0,-120.0
1775973683.944659,8.0,-1.0,-113.0
1775973683.954659,3.0,0.0,-107.0
1775973683.964659,2.0,2.0,-107.0
1775973683.974659,0.0,-1.0,-105.0
1775973683.984659,1.0,-3.0,-101.0
1775973683.994659,-2.0,-2.0,-102.0
1775973684.004659,-4.0,0.0,-99.0
1775973684.014659,-3.0,2.0,-105.0
1775973684.024659,-4.0,1.0,-107.0
1775973684.034659,0.0,3.0,-105.0
1775973684.044659,2.0,3.0,-108.0
1775973684.054659,1.0,1.0,-113.0
1775973684.0646589,-2.0,0.0,-114.0
1775973684.0746589,-1.0,-1.0,-107.0
1775973684.0846589,-6.0,-4.0,-109.0
1775973684.0946589,-7.0,0.0,-104.0
1775973684.1046588,-4.0,-1.0,-109.0
1775973684.1146588,-5.0,0.0,-105.0
1775973684.1246588,-6.0,0.0,-106.0
1775973684.1346588,-6.0,1.0,-103.0
1775973684.1446588,-4.0,1.0,-104.0
1775973684.1546588,-6.0,2.0,-106.0
1775973684.1646588,-7.0,-2.0,-98.0
1775973684.1746588,-6.0,-3.0,-98.0
1775973684.1846588,-2.0,-1.0,-101.0
1775973684.194659,-1.0,2.0,-104.0
1775973684.204659,0.0,2.0,-105.0
1775973684.214659,-1.0,2.0,-104.0
1775973684.224659,3.0,5.0,-102.0
1775973684.234659,5.0,5.0,-102.0
1775973684.244659,4.0,1.0,-102.0
1775973684.254659,6.0,-4.0,-107.0
1775973684.264659,6.0,-9.0,-109.0
1775973684.274659,9.0,-5.0,-103.0
1775973684.284659,6.0,0.0,-97.0
1775973684.294659,0.0,0.0,-98.0
1775973684.304659,-2.0,5.0,-104.0
1775973684.3146589,-3.0,3.0,-101.0
1775973684.3256588,-8.0,2.0,-97.0
1775973684.3346589,-3.0,3.0,-103.0
1775973684.3446589,-3.0,0.0,-109.0
1775973684.3546588,0.0,-1.0,-108.0
1775973684.3656588,2.0,-2.0,-109.0
1775973684.375659,1.0,-1.0,-110.0
1775973684.385659,4.0,-4.0,-107.0
1775973684.395659,1.0,-4.0,-107.0
1775973684.405659,0.0,-4.0,-111.0
1775973684.415659,0.0,-4.0,-108.0
1775973684.425659,-1.0,-2.0,-107.0
1775973684.435659,-4.0,-1.0,-111.0
1775973684.445659,-2.0,-1.0,-111.0
1775973684.455659,-3.0,-3.0,-110.0
1775973684.465659,1.0,-5.0,-110.0
1775973684.475659,0.0,-6.0,-115.0
1775973684.485659,-1.0,-3.0,-107.0
1775973684.4956589,0.0,1.0,-100.0
1775973684.5056589,1.0,-2.0,-93.0
1775973684.5156589,-1.0,-4.0,-99.0
1775973684.5256588,0.0,-3.0,-104.0
1775973684.5356588,0.0,-1.0,-116.0
1775973684.5456588,0.0,-1.0,-121.0
1775973684.5556588,4.0,-3.0,-121.0
1775973684.5656588,4.0,2.0,-116.0
1775973684.5756588,3.0,-4.0,-116.0
1775973684.5856588,6.0,-4.0,-110.0
1775973684.5956588,0.0,0.0,-118.0
1775973684.606659,8.0,-3.0,-113.0
1775973684.6156588,2.0,-5.0,-114.0
1775973684.625659,1.0,-5.0,-118.0
1775973684.635659,-3.0,-3.0,-118.0
1775973684.645659,0.0,-2.0,-113.0
1775973684.655659,0.0,-4.0,-107.0
1775973684.665659,-3.0,-2.0,-109.0
1775973684.675659,-1.0,2.0,-110.0
1775973684.685659,0.0,0.0,-106.0
1775973684.695659,3.0,-5.0,-101.0
1775973684.705659,-1.0,-5.0,-104.0
1775973684.715659,2.0,-9.0,-108.0
1775973684.725659,5.0,-10.0,-106.0
1775973684.735659,7.0,-8.0,-107.0
1775973684.7456589,7.0,-2.0,-103.0
1775973684.7556589,7.0,2.0,-106.0
1775973684.7656589,3.0,2.0,-107.0
1775973684.7756588,5.0,1.0,-109.0
1775973684.7856588,3.0,3.0,-111.0
1775973684.7956588,7.0,5.0,-114.0
1775973684.8056588,6.0,5.0,-109.0
1775973684.8156588,6.0,5.0,-108.0
1775973684.8256588,3.0,6.0,-115.0
1775973684.8356588,-3.0,3.0,-117.0
1775973684.8456588,-3.0,-1.0,-113.0
1775973684.8556588,-6.0,0.0,-108.0
1775973684.8656588,-10.0,-1.0,-105.0
1775973684.875659,-7.0,-2.0,-101.0
1775973684.885659,0.0,-3.0,-107.0
1775973684.895659,-2.0,0.0,-102.0
1775973684.905659,-3.0,0.0,-97.0
1775973684.915659,-4.0,0.0,-100.0
1775973684.925659,-6.0,0.0,-99.0
1775973684.935659,-8.0,3.0,-100.0
1775973684.945659,-7.0,3.0,-101.0
1775973684.955659,0.0,1.0,-99.0
1775973684.965659,0.0,0.0,-107.0
1775973684.975659,0.0,-2.0,-107.0
1775973684.985659,4.0,-2.0,-113.0
1775973684.9956589,6.0,-1.0,-114.0
1775973685.0056589,8.0,0.0,-113.0
1775973685.0156589,7.0,-1.0,-102.0
1775973685.0256588,11.0,1.0,-105.0
1775973685.0356588,14.0,1.0,-107.0
1775973685.0456588,13.0,1.0,-104.0
1775973685.0556588,9.0,4.0,-107.0
1775973685.0656588,7.0,3.0,-121.0
1775973685.0756588,8.0,1.0,-118.0
1775973685.0856588,3.0,2.0,-112.0
1775973685.0956588,1.0,2.0,-108.0
1775973685.1056588,0.0,-3.0,-104.0
1775973685.1156588,0.0,-4.0,-106.0
1775973685.125659,4.0,-3.0,-100.0
1775973685.135659,5.0,0.0,-103.0
1775973685.145659,8.0,3.0,-105.0
1775973685.155659,7.0,2.0,-108.0
1775973685.165659,6.0,0.0,-107.0
1775973685.175659,7.0,0.0,-110.0
1775973685.185659,3.0,4.0,-113.0
1775973685.195659,3.0,1.0,-110.0
1775973685.205659,7.0,1.0,-109.0
1775973685.215659,3.0,4.0,-112.0
1775973685.225659,3.0,3.0,-121.0
1775973685.235659,-2.0,4.0,-124.0
1775973685.2456589,-2.0,4.0,-129.0
1775973685.2556589,-5.0,2.0,-119.0
1775973685.2656589,-2.0,1.0,-117.0
1775973685.2756588,-1.0,0.0,-120.0
1775973685.2856588,0.0,0.0,-118.0
1775973685.2956588,1.0,2.0,-108.0
1775973685.3056588,1.0,3.0,-107.0
1775973685.3156588,0.0,7.0,-106.0
1775973685.3256588,-2.0,5.0,-108.0
1775973685.3356588,1.0,6.0,-109.0
1775973685.3456588,0.0,5.0,-112.0
1775973685.3556588,-2.0,2.0,-110.0
1775973685.3656588,0.0,0.0,-113.0
1775973685.375659,0.0,-3.0,-110.0
1775973685.385659,4.0,-3.0,-106.0
1775973685.395659,4.0,-6.0,-111.0
1775973685.405659,6.0,0.0,-122.0
1775973685.415659,7.0,-3.0,-116.0
1775973685.425659,5.0,0.0,-117.0
1775973685.435659,3.0,0.0,-115.0
1775973685.445659,4.0,-1.0,-117.0
1775973685.455659,4.0,0.0,-111.0
1775973685.465659,2.0,-2.0,-105.0
1775973685.475659,-1.0,-2.0,-111.0
1775973685.485659,-1.0,-1.0,-113.0
1775973685.4956589,-2.0,0.0,-111.0
1775973685.5056589,1.0,4.0,-108.0
1775973685.5156589,2.0,7.0,-111.0
1775973685.5256588,0.0,5.0,-113.0
1775973685.5356588,0.0,1.0,-115.0
1775973685.5456588,-2.0,1.0,-116.0
1775973685.5556588,0.0,-3.0,-117.0
1775973685.5656588,1.0,0.0,-117.0
1775973685.5756588,3.0,0.0,-118.0
1775973685.5856588,7.0,0.0,-113.0
1775973685.5956588,7.0,-2.0,-108.0
1775973685.6056588,3.0,-1.0,-107.0
1775973685.6156588,1.0,0.0,-108.0
1775973685.625659,0.0,2.0,-106.0
1775973685.635659,-3.0,0.0,-104.0
1775973685.645659,-5.0,-1.0,-107.0
1775973685.655659,-6.0,2.0,-104.0
1775973685.665659,-4.0,0.0,-99.0
1775973685.675659,-5.0,1.0,-99.0
1775973685.685659,-8.0,-2.0,-98.0
1775973685.695659,-5.0,-3.0,-102.0
1775973685.705659,0.0,-1.0,-106.0
1775973685.715659,1.0,0.0,-107.0
1775973685.725659,0.0,-1.0,-106.0
1775973685.735659,1.0,-2.0,-108.0
1775973685.7456589,-1.0,-2.0,-115.0
1775973685.7556589,-3.0,-1.0,-117.0
1775973685.7656589,-3.0,-6.0,-120.0
1775973685.7756588,-2.0,-5.0,-120.0
1775973685.7856588,-2.0,-6.0,-120.0
1775973685.7956588,1.0,-9.0,-116.0
1775973685.8056588,0.0,-7.0,-116.0
1775973685.8156588,1.0,-3.0,-115.0
1775973685.8256588,4.0,-7.0,-108.0
1775973685.8356588,2.0,-9.0,-109.0
1775973685.8456588,2.0,-8.0,-107.0
1775973685.8556588,-2.0,-6.0,-103.0
1775973685.8656588,-2.0,-6.0,-111.0
1775973685.875659,-4.0,-10.0,-110.0
1775973685.885659,-1.0,-3.0,-111.0
1775973685.895659,-3.0,-2.0,-111.0
1775973685.905659,-6.0,-1.0,-109.0
1775973685.915659,-1.0,-2.0,-106.0
1775973685.925659,3.0,-2.0,-109.0
1775973685.935659,0.0,-1.0,-104.0
1775973685.945659,2.0,0.0,-101.0
1775973685.955659,0.0,1.0,-99.0
1775973685.965659,-6.0,0.0,-97.0
1775973685.975659,-6.0,-1.0,-100.0
1775973685.985659,-4.0,-1.0,-101.0
1775973685.9956589,2.0,-7.0,-103.0
1775973686.0056589,3.0,-6.0,-101.0
1775973686.0156589,-1.0,-5.0,-107.0
1775973686.0256588,-1.0,-5.0,-114.0
1775973686.0356588,-2.0,-3.0,-118.0
1775973686.0456588,0.0,0.0,-115.0
1775973686.0556588,1.0,-1.0,-112.0
1775973686.0656588,3.0,-2.0,-117.0
1775973686.0756588,1.0,1.0,-115.0
1775973686.0856588,0.0,2.0,-124.0
1775973686.0956588,-1.0,4.0,-127.0
1775973686.1056588,0.0,5.0,-116.0
1775973686.1156588,0.0,6.0,-109.0
1775973686.125659,0.0,2.0,-106.0
1775973686.135659,-4.0,-3.0,-114.0
1775973686.145659,-2.0,0.0,-114.0
1775973686.155659,-4.0,1.0,-111.0
1775973686.165659,-1.0,4.0,-110.0
1775973686.175659,-3.0,1.0,-107.0
1775973686.185659,1.0,-2.0,-109.0
1775973686.195659,3.0,0.0,-108.0
1775973686.205659,7.0,-1.0,-106.0
1775973686.215659,11.0,-1.0,-100.0
1775973686.225659,12.0,0.0,-94.0
1775973686.235659,8.0,6.0,-98.0
1775973686.2456589,3.0,8.0,-104.0
1775973686.2556589,0.0,3.0,-103.0
1775973686.2656589,-2.0,0.0,-104.0
1775973686.2756588,-2.0,-2.0,-105.0
1775973686.2856588,-4.0,-3.0,-101.0
1775973686.2956588,-4.0,-7.0,-108.0
1775973686.3056588,-6.0,-6.0,-101.0
1775973686.3156588,-6.0,-5.0,-98.0
1775973686.3256588,-4.0,-1.0,-107.0
1775973686.3356588,-5.0,0.0,-113.0
1775973686.3456588,-4.0,1.0,-110.0
1775973686.3556588,-3.0,0.0,-116.0
1775973686.3656588,1.0,1.0,-113.0
1775973686.375659,0.0,0.0,-111.0
1775973686.385659,4.0,3.0,-112.0
1775973686.395659,9.0,3.0,-107.0
1775973686.406659,7.0,2.0,-103.0
1775973686.4166589,4.0,-2.0,-101.0
1775973686.4266589,0.0,-5.0,-99.0
1775973686.4366589,0.0,-4.0,-103.0
1775973686.4466588,-1.0,-5.0,-103.0
1775973686.4566588,-5.0,-7.0,-99.0
1775973686.4666588,-4.0,-7.0,-99.0
1775973686.4766588,-3.0,-5.0,-100.0
1775973686.4866588,-1.0,-5.0,-104.0
1775973686.4966588,0.0,-1.0,-102.0
1775973686.5066588,5.0,1.0,-96.0
1775973686.5166588,4.0,3.0,-101.0
1775973686.5266588,6.0,1.0,-101.0
1775973686.5366588,4.0,-1.0,-108.0
1775973686.546659,5.0,-3.0,-107.0
1775973686.556659,5.0,-6.0,-101.0
1775973686.566659,0.0,-6.0,-97.0
1775973686.576659,-4.0,-7.0,-100.0
1775973686.586659,-4.0,-8.0,-97.0
1775973686.596659,-2.0,-3.0,-98.0
1775973686.606659,-3.0,0.0,-92.0
1775973686.616659,-2.0,-3.0,-93.0
1775973686.626659,1.0,-7.0,-98.0
1775973686.636659,0.0,0.0,-99.0
1775973686.646659,2.0,0.0,-100.0
1775973686.656659,0.0,0.0,-99.0
1775973686.6666589,0.0,-2.0,-100.0
1775973686.6766589,0.0,-2.0,-109.0
1775973686.6866589,1.0,0.0,-105.0
1775973686.6966588,3.0,2.0,-105.0
1775973686.7066588,2.0,-3.0,-103.0
1775973686.7166588,0.0,-4.0,-107.0
1775973686.7266588,0.0,-2.0,-110.0
1775973686.7366588,-4.0,-3.0,-112.0
1775973686.7466588,-2.0,-5.0,-105.0
1775973686.7566588,0.0,-1.0,-109.0
1775973686.7666588,0.0,-1.0,-110.0
1775973686.7766588,0.0,-2.0,-105.0
1775973686.7866588,0.0,-3.0,-107.0
1775973686.796659,4.0,0.0,-110.0
1775973686.806659,6.0,4.0,-108.0
1775973686.816659,7.0,6.0,-107.0
1775973686.826659,9.0,3.0,-110.0
1775973686.836659,9.0,1.0,-109.0
1775973686.846659,6.0,2.0,-108.0
1775973686.856659,4.0,1.0,-110.0
1775973686.866659,-2.0,0.0,-111.0
1775973686.876659,-3.0,-1.0,-105.0
1775973686.886659,-2.0,-1.0,-112.0
1775973686.896659,-2.0,-1.0,-115.0
1775973686.906659,-8.0,0.0,-113.0
1775973686.9166589,-7.0,2.0,-104.0
1775973686.9266589,-6.0,0.0,-110.0
1775973686.9366589,-8.0,0.0,-108.0
1775973686.9466588,-3.0,0.0,-109.0
1775973686.9566588,-1.0,2.0,-113.0
1775973686.9666588,0.0,2.0,-111.0
1775973686.9766588,-6.0,0.0,-117.0
1775973686.9866588,-4.0,-7.0,-117.0
1775973686.9966588,-6.0,-7.0,-118.0
1775973687.0066588,-1.0,-4.0,-124.0
1775973687.0166588,-2.0,-4.0,-119.0
1775973687.0266588,-5.0,-2.0,-114.0
1775973687.0366588,-8.0,0.0,-114.0
1775973687.046659,-4.0,1.0,-116.0
1775973687.056659,-1.0,0.0,-115.0
1775973687.066659,0.0,-4.0,-109.0
1775973687.076659,-2.0,-3.0,-105.0
1775973687.086659,-5.0,-5.0,-111.0
1775973687.096659,-6.0,-4.0,-113.0
1775973687.106659,-6.0,-4.0,-115.0
1775973687.116659,-6.0,-5.0,-114.0
1775973687.126659,-5.0,-3.0,-111.0
1775973687.136659,-5.0,-1.0,-110.0
1775973687.146659,-5.0,0.0,-102.0
1775973687.156659,0.0,1.0,-107.0
1775973687.1666589,-1.0,1.0,-114.0
1775973687.1766589,-2.0,-3.0,-114.0
1775973687.1866589,-2.0,-1.0,-108.0
1775973687.1966588,-1.0,1.0,-111.0
1775973687.2066588,0.0,0.0,-110.0
1775973687.2166588,-3.0,-2.0,-109.0
1775973687.2266588,-6.0,-3.0,-108.0
1775973687.2366588,-7.0,-2.0,-114.0
1775973687.2466588,-9.0,-3.0,-115.0
1775973687.2566588,-4.0,-1.0,-114.0
1775973687.2666588,-3.0,-2.0,-112.0
1775973687.2766588,-3.0,0.0,-107.0
1775973687.2866588,-2.0,0.0,-105.0
1775973687.296659,-3.0,-2.0,-102.0
1775973687.306659,-6.0,-1.0,-104.0
1775973687.316659,-3.0,1.0,-108.0
1775973687.326659,1.0,2.0,-112.0
1775973687.336659,0.0,0.0,-111.0
1775973687.346659,2.0,-2.0,-110.0
1775973687.356659,4.0,-3.0,-109.0
1775973687.366659,2.0,0.0,-107.0
1775973687.376659,0.0,0.0,-102.0
1775973687.386659,6.0,-3.0,-107.0
1775973687.396659,6.0,-5.0,-102.0
1775973687.406659,2.0,-3.0,-102.0
1775973687.4166589,1.0,-2.0,-99.0
1775973687.4266589,0.0,0.0,-98.0
1775973687.4366589,-2.0,-1.0,-101.0
1775973687.4466588,-3.0,1.0,-97.0
1775973687.4566588,-6.0,-1.0,-104.0
1775973687.4666588,-8.0,-4.0,-111.0
1775973687.4766588,-9.0,-4.0,-107.0
1775973687.4866588,-6.0,-6.0,-111.0
1775973687.4966588,-6.0,-3.0,-113.0
1775973687.5066588,-3.0,-5.0,-111.0
1775973687.5166588,0.0,-2.0,-107.0
1775973687.5266588,-9.0,-2.0,-107.0
1775973687.5366588,-5.0,-2.0,-105.0
1775973687.546659,0.0,-2.0,-98.0
1775973687.556659,1.0,-3.0,-100.0
1775973687.566659,3.0,-3.0,-93.0
1775973687.576659,4.0,-4.0,-98.0
1775973687.586659,5.0,-2.0,-105.0
1775973687.596659,3.0,0.0,-110.0
1775973687.606659,1.0,0.0,-110.0
1775973687.616659,0.0,1.0,-105.0
1775973687.626659,-1.0,0.0,-98.0
1775973687.636659,-1.0,6.0,-99.0
1775973687.646659,-2.0,9.0,-101.0
1775973687.656659,-3.0,10.0,-102.0
1775973687.6666589,-11.0,5.0,-102.0
1775973687.6766589,-11.0,4.0,-104.0
1775973687.6866589,-11.0,3.0,-104.0
1775973687.6966588,-8.0,3.0,-113.0
1775973687.7066588,-1.0,3.0,-119.0
1775973687.7166588,0.0,0.0,-124.0
1775973687.7266588,-1.0,3.0,-120.0
1775973687.7366588,-6.0,1.0,-111.0
1775973687.7466588,-4.0,1.0,-102.0
1775973687.7566588,0.0,0.0,-110.0
1775973687.7666588,2.0,6.0,-114.0
1775973687.7766588,2.0,4.0,-117.0
1775973687.7866588,0.0,2.0,-120.0
1775973687.796659,-1.0,1.0,-117.0
1775973687.806659,0.0,0.0,-120.0
1775973687.816659,-1.0,-1.0,-121.0
1775973687.826659,3.0,-5.0,-123.0
1775973687.836659,3.0,-5.0,-117.0
1775973687.846659,4.0,-4.0,-118.0
1775973687.856659,0.0,-2.0,-109.0
1775973687.866659,-4.0,1.0,-110.0
1775973687.876659,-9.0,-1.0,-114.0
1775973687.886659,-2.0,2.0,-111.0
1775973687.896659,-2.0,-1.0,-111.0
1775973687.906659,0.0,-1.0,-105.0
1775973687.9166589,0.0,0.0,-106.0
1775973687.9266589,-2.0,2.0,-108.0
1775973687.9366589,0.0,3.0,-104.0
1775973687.9466588,-1.0,1.0,-101.0
1775973687.9566588,-3.0,-1.0,-104.0
1775973687.9666588,-2.0,0.0,-101.0
1775973687.9766588,0.0,-6.0,-101.0
1775973687.9866588,5.0,-2.0,-100.0
1775973687.9966588,2.0,-4.0,-108.0
1775973688.0066588,3.0,-6.0,-108.0
1775973688.0166588,1.0,-4.0,-104.0
1775973688.0266588,-3.0,0.0,-104.0
1775973688.0366588,-6.0,2.0,-107.0
1775973688.046659,-7.0,2.0,-110.0
1775973688.056659,-4.0,2.0,-110.0
1775973688.066659,-4.0,3.0,-105.0
1775973688.076659,-3.0,1.0,-106.0
1775973688.086659,-5.0,2.0,-107.0
1775973688.096659,-8.0,7.0,-106.0
1775973688.106659,-5.0,7.0,-103.0
1775973688.116659,-3.0,11.0,-107.0
1775973688.126659,-5.0,8.0,-99.0
1775973688.136659,-5.0,1.0,-94.0
1775973688.146659,-3.0,0.0,-94.0
1775973688.156659,-2.0,0.0,-99.0
1775973688.1666589,1.0,0.0,-106.0
1775973688.1766589,3.0,0.0,-111.0
1775973688.1866589,7.0,2.0,-110.0
1775973688.1966588,3.0,2.0,-103.0
1775973688.2066588,0.0,2.0,-106.0
1775973688.2166588,3.0,3.0,-114.0
1775973688.2266588,0.0,4.0,-115.0
1775973688.2366588,1.0,4.0,-110.0
1775973688.2466588,4.0,-2.0,-108.0
1775973688.2566588,6.0,-4.0,-107.0
1775973688.2666588,4.0,-2.0,-100.0
1775973688.2766588,0.0,-2.0,-105.0
1775973688.2866588,-1.0,-7.0,-105.0
1775973688.296659,0.0,-10.0,-106.0
1775973688.306659,5.0,-7.0,-106.0
1775973688.316659,5.0,-6.0,-106.0
1775973688.326659,7.0,-4.0,-102.0
1775973688.336659,2.0,-2.0,-97.0
1775973688.346659,-1.0,-1.0,-104.0
1775973688.356659,-4.0,-2.0,-105.0
1775973688.366659,-4.0,-2.0,-106.0
1775973688.376659,-3.0,-4.0,-107.0
1775973688.386659,-5.0,-2.0,-105.0
1775973688.396659,-2.0,-3.0,-102.0
1775973688.406659,0.0,-8.0,-106.0
1775973688.4166589,1.0,-6.0,-108.0
1775973688.4266589,3.0,-1.0,-113.0
1775973688.4366589,2.0,0.0,-115.0
1775973688.4466588,0.0,0.0,-112.0
1775973688.4576588,0.0,-1.0,-114.0
1775973688.4676588,-4.0,2.0,-112.0
1775973688.477659,-3.0,0.0,-109.0
1775973688.487659,-5.0,3.0,-103.0
1775973688.497659,-6.0,1.0,-104.0
1775973688.507659,-3.0,0.0,-102.0
1775973688.517659,1.0,-2.0,-111.0
1775973688.527659,1.0,-1.0,-117.0
1775973688.537659,3.0,-3.0,-118.0
1775973688.547659,4.0,-4.0,-114.0
1775973688.557659,3.0,-8.0,-114.0
1775973688.567659,6.0,-4.0,-107.0
1775973688.577659,5.0,-5.0,-113.0
1775973688.587659,9.0,-4.0,-111.0
1775973688.5976589,5.0,-1.0,-105.0
1775973688.6076589,0.0,0.0,-101.0
1775973688.6176589,-5.0,1.0,-99.0
1775973688.6276588,-4.0,2.0,-96.0
1775973688.6376588,0.0,2.0,-100.0
1775973688.6476588,0.0,3.0,-101.0
1775973688.6576588,-2.0,2.0,-98.0
1775973688.6676588,2.0,0.0,-101.0
1775973688.6776588,6.0,8.0,-103.0
1775973688.6876588,2.0,7.0,-103.0
1775973688.6976588,1.0,3.0,-99.0
1775973688.7076588,3.0,4.0,-99.0
1775973688.7176588,6.0,0.0,-95.0
1775973688.727659,6.0,0.0,-94.0
1775973688.737659,8.0,-2.0,-100.0
1775973688.747659,3.0,-2.0,-106.0
1775973688.757659,4.0,-1.0,-110.0
1775973688.767659,3.0,0.0,-113.0
1775973688.777659,5.0,0.0,-112.0
1775973688.787659,1.0,1.0,-113.0
1775973688.797659,1.0,5.0,-122.0
1775973688.807659,0.0,5.0,-122.0
1775973688.817659,2.0,5.0,-112.0
1775973688.827659,0.0,3.0,-108.0
1775973688.837659,0.0,4.0,-110.0
1775973688.8476589,1.0,0.0,-112.0
1775973688.8576589,1.0,1.0,-116.0
1775973688.8676589,-2.0,-5.0,-119.0
1775973688.8776588,-2.0,-2.0,-113.0
1775973688.8876588,-4.0,-2.0,-115.0
1775973688.8976588,-2.0,0.0,-117.0
1775973688.9076588,-3.0,3.0,-107.0
1775973688.9176588,0.0,3.0,-103.0
1775973688.9276588,-5.0,3.0,-106.0
1775973688.9376588,-5.0,2.0,-105.0
1775973688.9476588,-6.0,-1.0,-100.0
1775973688.9576588,-6.0,-4.0,-96.0
1775973688.9676588,-10.0,-4.0,-97.0
1775973688.977659,-10.0,-2.0,-100.0
1775973688.987659,-1.0,0.0,-103.0
1775973688.997659,-4.0,-1.0,-106.0
1775973689.007659,0.0,-1.0,-110.0
1775973689.017659,0.0,-4.0,-101.0
1775973689.027659,-2.0,-5.0,-94.0
1775973689.037659,-3.0,-4.0,-96.0
1775973689.047659,0.0,-4.0,-97.0
1775973689.057659,1.0,-5.0,-99.0
1775973689.067659,0.0,-5.0,-104.0
1775973689.077659,2.0,0.0,-108.0
1775973689.087659,0.0,2.0,-105.0
1775973689.0976589,2.0,0.0,-112.0
1775973689.1076589,6.0,0.0,-109.0
1775973689.1176589,8.0,3.0,-104.0
1775973689.1276588,6.0,2.0,-106.0
1775973689.1376588,0.0,2.0,-112.0
1775973689.1476588,3.0,2.0,-109.0
1775973689.156659,7.0,-1.0,-105.0
1775973689.1676588,8.0,-1.0,-111.0
1775973689.1776588,9.0,-2.0,-108.0
1775973689.1876588,5.0,1.0,-103.0
1775973689.1976588,3.0,0.0,-106.0
1775973689.2076588,3.0,-1.0,-103.0
1775973689.2176588,2.0,0.0,-103.0
1775973689.227659,2.0,-2.0,-105.0
1775973689.237659,0.0,-3.0,-104.0
1775973689.247659,5.0,-1.0,-107.0
1775973689.257659,5.0,2.0,-104.0
1775973689.267659,1.0,1.0,-102.0
1775973689.277659,1.0,-1.0,-101.0
1775973689.287659,1.0,-2.0,-107.0
1775973689.297659,0.0,0.0,-110.0
1775973689.307659,4.0,-1.0,-110.0
1775973689.317659,9.0,0.0,-113.0
1775973689.327659,6.0,0.0,-107.0
1775973689.337659,2.0,-2.0,-106.0
1775973689.3476589,0.0,4.0,-108.0
1775973689.3576589,3.0,3.0,-113.0
1775973689.3676589,1.0,1.0,-115.0
1775973689.3776588,4.0,-3.0,-117.0
1775973689.3876588,5.0,-2.0,-113.0
1775973689.3976588,5.0,-1.0,-109.0
1775973689.4076588,4.0,0.0,-109.0
1775973689.4176588,-1.0,-4.0,-106.0
1775973689.4276588,1.0,-6.0,-102.0
1775973689.4376588,3.0,-7.0,-109.0
1775973689.4476588,4.0,-8.0,-116.0
1775973689.4576588,0.0,-9.0,-116.0
1775973689.4676588,-1.0,-8.0,-112.0
1775973689.477659,-2.0,-9.0,-109.0
1775973689.487659,-5.0,-8.0,-105.0
1775973689.497659,-3.0,-11.0,-102.0
1775973689.507659,0.0,-11.0,-107.0
1775973689.517659,0.0,-4.0,-106.0
1775973689.527659,0.0,-9.0,-102.0
1775973689.537659,-1.0,-7.0,-100.0
1775973689.547659,0.0,-4.0,-99.0
1775973689.557659,-4.0,-3.0,-105.0
1775973689.567659,-6.0,-2.0,-106.0
1775973689.577659,-6.0,-1.0,-98.0
1775973689.587659,-5.0,0.0,-97.0
1775973689.5976589,-6.0,-4.0,-98.0
1775973689.6076589,-4.0,-2.0,-96.0
1775973689.6176589,-11.0,0.0,-95.0
1775973689.6276588,-13.0,-1.0,-90.0
1775973689.6376588,-10.0,-2.0,-92.0
1775973689.6476588,-5.0,-3.0,-92.0
1775973689.6576588,1.0,-3.0,-93.0
1775973689.6676588,1.0,-5.0,-94.0
1775973689.6776588,-2.0,-5.0,-91.0
1775973689.6876588,0.0,-3.0,-97.0
1775973689.6976588,1.0,-1.0,-104.0
1775973689.7076588,-3.0,-1.0,-112.0
1775973689.7176588,-3.0,-1.0,-113.0
1775973689.727659,-3.0,2.0,-113.0
1775973689.737659,-1.0,1.0,-109.0
1775973689.747659,1.0,3.0,-100.0
1775973689.757659,0.0,-2.0,-99.0
1775973689.767659,1.0,-6.0,-102.0
1775973689.777659,4.0,-3.0,-102.0
1775973689.787659,2.0,-2.0,-104.0
1775973689.797659,2.0,-7.0,-105.0
1775973689.807659,2.0,-6.0,-98.0
1775973689.817659,2.0,-9.0,-101.0
1775973689.827659,-1.0,-5.0,-98.0
1775973689.837659,-2.0,0.0,-99.0
1775973689.8476589,7.0,2.0,-100.0
1775973689.8576589,11.0,3.0,-110.0
1775973689.8676589,10.0,1.0,-114.0
1775973689.8776588,12.0,2.0,-108.0
1775973689.8876588,9.0,0.0,-107.0
1775973689.8976588,6.0,-1.0,-109.0
1775973689.9076588,5.0,-5.0,-111.0
1775973689.9176588,2.0,-4.0,-114.0
1775973689.9276588,0.0,-6.0,-113.0
1775973689.9376588,-5.0,-4.0,-108.0
1775973689.9476588,-5.0,-4.0,-115.0
1775973689.9576588,-3.0,-6.0,-113.0
1775973689.9676588,-2.0,-6.0,-114.0
1775973689.977659,-1.0,-4.0,-112.0
1775973689.987659,-1.0,0.0,-110.0
1775973689.997659,-3.0,-3.0,-108.0
1775973690.007659,0.0,-5.0,-113.0
1775973690.017659,-1.0,-6.0,-108.0
1775973690.027659,-2.0,-7.0,-107.0
1775973690.037659,-1.0,-6.0,-105.0
1775973690.047659,1.0,-4.0,-100.0
1775973690.057659,0.0,-7.0,-99.0
1775973690.067659,0.0,-5.0,-99.0
1775973690.077659,0.0,-4.0,-107.0
1775973690.087659,5.0,-3.0,-106.0
1775973690.0976589,3.0,-4.0,-107.0
1775973690.1076589,4.0,-6.0,-109.0
1775973690.1176589,4.0,-7.0,-108.0
1775973690.1276588,6.0,-5.0,-107.0
1775973690.1376588,7.0,-5.0,-111.0
1775973690.1476588,4.0,0.0,-111.0
1775973690.1576588,0.0,1.0,-117.0
1775973690.1676588,-8.0,3.0,-110.0
1775973690.1776588,-8.0,2.0,-108.0
1775973690.1876588,-5.0,1.0,-111.0
1775973690.1976588,-7.0,-1.0,-109.0
1775973690.2076588,0.0,-1.0,-102.0
1775973690.2176588,3.0,-2.0,-102.0
1775973690.227659,5.0,-3.0,-107.0
1775973690.237659,2.0,-3.0,-111.0
1775973690.247659,1.0,-5.0,-113.0
1775973690.257659,-1.0,-3.0,-110.0
1775973690.267659,1.0,-6.0,-101.0
1775973690.277659,1.0,-5.0,-105.0
1775973690.287659,2.0,-4.0,-109.0
1775973690.297659,6.0,-2.0,-108.0
1775973690.307659,5.0,-2.0,-100.0
1775973690.317659,7.0,-2.0,-101.0
1775973690.327659,7.0,0.0,-106.0
1775973690.337659,2.0,0.0,-109.0
1775973690.3476589,2.0,2.0,-113.0
1775973690.3576589,6.0,-1.0,-112.0
1775973690.3676589,4.0,-1.0,-111.0
1775973690.3776588,6.0,0.0,-119.0
1775973690.3876588,5.0,-3.0,-122.0
1775973690.3976588,0.0,-3.0,-117.0
1775973690.4076588,1.0,0.0,-115.0
1775973690.4176588,-4.0,3.0,-117.0
1775973690.4276588,-5.0,6.0,-112.0
1775973690.438659,-2.0,8.0,-107.0
1775973690.4476588,0.0,13.0,-110.0
1775973690.4576588,3.0,7.0,-114.0
1775973690.4676588,4.0,6.0,-110.0
1775973690.478659,4.0,10.0,-119.0
1775973690.487659,0.0,10.0,-117.0
1775973690.498659,0.0,11.0,-111.0
1775973690.508659,0.0,6.0,-116.0
1775973690.5186589,1.0,0.0,-114.0
1775973690.5286589,2.0,-1.0,-107.0
1775973690.5386589,-2.0,-3.0,-100.0
1775973690.5486588,-3.0,-2.0,-103.0
1775973690.5586588,-4.0,-5.0,-107.0
1775973690.5686588,-4.0,-6.0,-107.0
1775973690.5786588,-2.0,-5.0,-109.0
1775973690.5886588,-3.0,0.0,-118.0
1775973690.5986588,-5.0,0.0,-116.0
1775973690.6086588,-3.0,0.0,-115.0
1775973690.6186588,-2.0,-2.0,-117.0
1775973690.6286588,4.0,-2.0,-120.0
1775973690.6386588,3.0,-1.0,-124.0
1775973690.648659,7.0,-1.0,-126.0
1775973690.658659,6.0,-3.0,-118.0
1775973690.668659,5.0,-5.0,-114.0
1775973690.678659,3.0,-3.0,-112.0
1775973690.688659,-1.0,-1.0,-112.0
1775973690.698659,-3.0,-2.0,-116.0
1775973690.708659,-2.0,-3.0,-115.0
1775973690.718659,-2.0,1.0,-110.0
1775973690.728659,-7.0,-2.0,-105.0
1775973690.738659,-4.0,0.0,-105.0
1775973690.748659,-3.0,0.0,-105.0
1775973690.758659,-4.0,0.0,-105.0
1775973690.7686589,-1.0,2.0,-103.0
1775973690.7786589,2.0,2.0,-111.0
1775973690.7886589,5.0,-1.0,-120.0
1775973690.7986588,5.0,-5.0,-123.0
1775973690.8086588,5.0,0.0,-120.0
1775973690.8186588,1.0,-1.0,-119.0
1775973690.8286588,-2.0,1.0,-113.0
1775973690.8386588,-5.0,-1.0,-109.0
1775973690.8486588,-5.0,-4.0,-103.0
1775973690.8586588,-6.0,-3.0,-98.0
1775973690.8686588,-5.0,-4.0,-101.0
1775973690.8786588,-1.0,-7.0,-106.0
1775973690.8886588,2.0,-4.0,-105.0
1775973690.898659,0.0,-7.0,-105.0
1775973690.908659,-1.0,-2.0,-106.0
1775973690.918659,-3.0,-1.0,-109.0
1775973690.928659,-2.0,0.0,-107.0
1775973690.938659,-5.0,0.0,-107.0
1775973690.948659,-2.0,2.0,-102.0
1775973690.958659,3.0,-1.0,-99.0
1775973690.968659,0.0,-2.0,-93.0
1775973690.978659,0.0,-4.0,-95.0
1775973690.988659,-2.0,-8.0,-102.0
1775973690.998659,-4.0,-8.0,-100.0
1775973691.008659,-2.0,-6.0,-103.0
1775973691.0186589,-1.0,-5.0,-104.0
1775973691.0286589,0.0,-6.0,-105.0
1775973691.0386589,-2.0,-2.0,-108.0
1775973691.0486588,-3.0,-5.0,-111.0
1775973691.0586588,0.0,-5.0,-121.0
1775973691.0686588,4.0,-9.0,-115.0
1775973691.0786588,3.0,-10.0,-110.0
1775973691.0886588,4.0,-12.0,-109.0
1775973691.0986588,1.0,-11.0,-113.0
1775973691.1086588,0.0,-7.0,-112.0
1775973691.1186588,-4.0,-5.0,-111.0
1775973691.1286588,-7.0,-7.0,-112.0
1775973691.1386588,-4.0,-7.0,-109.0
1775973691.148659,-4.0,-6.0,-111.0
1775973691.158659,-1.0,-4.0,-109.0
1775973691.168659,-2.0,-2.0,-109.0
1775973691.178659,-5.0,-3.0,-112.0
1775973691.188659,-2.0,-2.0,-110.0
1775973691.198659,-8.0,2.0,-112.0
1775973691.208659,-10.0,0.0,-106.0
1775973691.218659,-8.0,0.0,-104.0
1775973691.228659,-6.0,1.0,-105.0
1775973691.238659,-1.0,3.0,-109.0
1775973691.248659,0.0,6.0,-105.0
1775973691.258659,-5.0,6.0,-107.0
1775973691.2686589,-6.0,6.0,-110.0
1775973691.2786589,-2.0,7.0,-107.0
1775973691.2886589,-3.0,6.0,-103.0
1775973691.2986588,-5.0,5.0,-103.0
1775973691.3086588,-7.0,5.0,-100.0
1775973691.3186588,-8.0,7.0,-103.0
1775973691.3286588,-6.0,2.0,-109.0
1775973691.3386588,-5.0,-4.0,-106.0
1775973691.3486588,-6.0,-4.0,-114.0
1775973691.3586588,-4.0,-1.0,-109.0
1775973691.3686588,-1.0,-2.0,-104.0
1775973691.3786588,0.0,-2.0,-105.0
1775973691.3886588,4.0,4.0,-98.0
1775973691.398659,0.0,3.0,-101.0
1775973691.408659,-6.0,4.0,-99.0
1775973691.418659,-7.0,3.0,-102.0
1775973691.428659,-5.0,0.0,-113.0
1775973691.438659,-2.0,-3.0,-118.0
1775973691.448659,0.0,-4.0,-124.0
1775973691.458659,0.0,0.0,-120.0
1775973691.468659,-2.0,0.0,-113.0
1775973691.478659,-2.0,0.0,-114.0
1775973691.488659,0.0,-1.0,-104.0
1775973691.498659,0.0,1.0,-97.0
1775973691.508659,-9.0,2.0,-97.0
1775973691.5186589,-5.0,0.0,-106.0
1775973691.5286589,-3.0,3.0,-102.0
1775973691.5386589,-5.0,6.0,-103.0
1775973691.5486588,-9.0,1.0,-106.0
1775973691.5586588,-6.0,1.0,-103.0
1775973691.5686588,-4.0,-1.0,-110.0
1775973691.5786588,0.0,-2.0,-113.0
1775973691.5886588,1.0,-3.0,-117.0
1775973691.5986588,1.0,-3.0,-107.0
1775973691.6086588,0.0,-2.0,-97.0
1775973691.6186588,0.0,-1.0,-106.0
1775973691.6286588,0.0,-2.0,-108.0
1775973691.6386588,0.0,2.0,-109.0
1775973691.648659,-3.0,1.0,-111.0
1775973691.658659,-3.0,3.0,-108.0
1775973691.668659,-3.0,2.0,-103.0
1775973691.678659,-3.0,0.0,-108.0
1775973691.688659,-1.0,-1.0,-107.0
1775973691.698659,-2.0,-4.0,-108.0
1775973691.708659,0.0,-1.0,-111.0
1775973691.718659,-2.0,-2.0,-111.0
1775973691.728659,-5.0,-5.0,-114.0
1775973691.738659,-6.0,-4.0,-113.0
1775973691.748659,-2.0,-3.0,-111.0
1775973691.758659,0.0,-5.0,-107.0
1775973691.7686589,5.0,-1.0,-106.0
1775973691.7786589,3.0,-3.0,-106.0
1775973691.7886589,3.0,-3.0,-101.0
1775973691.7986588,1.0,-4.0,-103.0
1775973691.8086588,0.0,-5.0,-105.0
1775973691.8186588,3.0,-6.0,-101.0
1775973691.8286588,5.0,-4.0,-105.0
1775973691.8386588,2.0,-1.0,-112.0
1775973691.8486588,5.0,0.0,-112.0
1775973691.8586588,3.0,2.0,-110.0
1775973691.8686588,2.0,8.0,-105.0
1775973691.8786588,0.0,10.0,-107.0
1775973691.8886588,-2.0,6.0,-115.0
1775973691.898659,0.0,3.0,-115.0
1775973691.908659,3.0,2.0,-117.0
1775973691.918659,3.0,4.0,-115.0
1775973691.928659,6.0,4.0,-119.0
1775973691.938659,8.0,0.0,-118.0
1775973691.948659,4.0,-2.0,-112.0
1775973691.958659,0.0,-4.0,-113.0
1775973691.968659,-1.0,-1.0,-115.0
1775973691.978659,0.0,2.0,-119.0
1775973691.988659,-3.0,2.0,-121.0
1775973691.998659,1.0,4.0,-119.0
1775973692.008659,-1.0,4.0,-119.0
1775973692.0186589,-2.0,7.0,-120.0
1775973692.0286589,0.0,7.0,-115.0
1775973692.0386589,2.0,5.0,-113.0
1775973692.0486588,1.0,1.0,-109.0
1775973692.0586588,1.0,0.0,-110.0
1775973692.0686588,0.0,1.0,-111.0
1775973692.0786588,0.0,0.0,-109.0
1775973692.0886588,-1.0,-8.0,-101.0
1775973692.0986588,-1.0,-7.0,-100.0
1775973692.1086588,1.0,-3.0,-105.0
1775973692.1186588,2.0,-4.0,-105.0
1775973692.1286588,-1.0,-5.0,-100.0
1775973692.1386588,-3.0,-1.0,-100.0
1775973692.148659,-3.0,0.0,-106.0
1775973692.158659,-5.0,-1.0,-104.0
1775973692.168659,-3.0,0.0,-101.0
1775973692.178659,-3.0,0.0,-105.0
1775973692.188659,-5.0,2.0,-104.0
1775973692.198659,-3.0,4.0,-104.0
1775973692.208659,-1.0,1.0,-104.0
1775973692.218659,0.0,0.0,-107.0
1775973692.228659,0.0,-2.0,-106.0
1775973692.238659,1.0,0.0,-103.0
1775973692.248659,0.0,0.0,-106.0
1775973692.258659,2.0,-2.0,-111.0
1775973692.2686589,-1.0,-4.0,-113.0
1775973692.2786589,-2.0,-4.0,-112.0
1775973692.2886589,-2.0,-6.0,-112.0
1775973692.2986588,1.0,-4.0,-115.0
1775973692.3086588,0.0,-1.0,-112.0
1775973692.3186588,2.0,1.0,-110.0
1775973692.3286588,2.0,1.0,-113.0
1775973692.3386588,1.0,2.0,-114.0
1775973692.3486588,3.0,2.0,-111.0
1775973692.3586588,1.0,3.0,-117.0
1775973692.3686588,0.0,5.0,-117.0
1775973692.3786588,-3.0,1.0,-119.0
1775973692.3886588,-1.0,0.0,-110.0
1775973692.398659,-1.0,-2.0,-104.0
1775973692.408659,-1.0,-4.0,-99.0
1775973692.418659,-1.0,-1.0,-107.0
1775973692.428659,0.0,1.0,-108.0
1775973692.438659,2.0,2.0,-105.0
1775973692.448659,4.0,0.0,-102.0
1775973692.458659,3.0,-4.0,-102.0
1775973692.468659,4.0,-3.0,-106.0
1775973692.478659,2.0,-4.0,-112.0
1775973692.488659,-3.0,0.0,-116.0
1775973692.498659,-5.0,0.0,-117.0
1775973692.5096588,-7.0,-6.0,-116.0
1775973692.5196588,-4.0,-6.0,-117.0
1775973692.5286589,-1.0,-7.0,-116.0
1775973692.5386589,3.0,-5.0,-118.0
1775973692.5496588,0.0,-5.0,-110.0
1775973692.5596588,2.0,-2.0,-109.0
1775973692.569659,2.0,-2.0,-114.0
1775973692.5786588,2.0,-2.0,-116.0
1775973692.589659,1.0,-1.0,-118.0
1775973692.599659,0.0,0.0,-119.0
1775973692.609659,-1.0,-1.0,-120.0
1775973692.619659,-1.0,2.0,-118.0
1775973692.629659,-5.0,-3.0,-114.0
1775973692.639659,-2.0,-7.0,-115.0
1775973692.649659,-1.0,-5.0,-115.0
1775973692.659659,0.0,-6.0,-113.0
1775973692.669659,0.0,-7.0,-112.0
1775973692.679659,3.0,-4.0,-113.0
1775973692.6896589,2.0,-6.0,-113.0
1775973692.6996589,3.0,-5.0,-114.0
1775973692.7096589,4.0,-6.0,-113.0
1775973692.7196589,0.0,-3.0,-113.0
1775973692.7296588,3.0,-4.0,-112.0
1775973692.7396588,-7.0,-1.0,-108.0
1775973692.7496588,-5.0,-2.0,-99.0
1775973692.7596588,-4.0,-3.0,-98.0
1775973692.7696588,-7.0,-1.0,-98.0
1775973692.7796588,-7.0,-3.0,-100.0
1775973692.7896588,-4.0,-2.0,-103.0
1775973692.7996588,-5.0,0.0,-101.0
1775973692.8096588,-3.0,2.0,-98.0
1775973692.819659,-6.0,0.0,-101.0
1775973692.829659,-5.0,0.0,-101.0
1775973692.839659,-4.0,0.0,-101.0
1775973692.849659,2.0,0.0,-106.0
1775973692.859659,1.0,-2.0,-106.0
1775973692.869659,-2.0,-1.0,-110.0
1775973692.879659,0.0,-3.0,-114.0
1775973692.889659,1.0,-5.0,-113.0
1775973692.899659,7.0,-6.0,-104.0
1775973692.909659,6.0,-1.0,-104.0
1775973692.919659,0.0,0.0,-106.0
1775973692.929659,-1.0,0.0,-99.0
1775973692.9396589,-8.0,-5.0,-103.0
1775973692.9496589,-6.0,-6.0,-102.0
1775973692.9596589,-7.0,-1.0,-94.0
1775973692.9696589,-1.0,-2.0,-94.0
1775973692.9796588,1.0,-3.0,-104.0
1775973692.9896588,0.0,-2.0,-109.0
1775973692.9996588,-3.0,-1.0,-103.0
1775973693.0096588,-3.0,2.0,-103.0
1775973693.0196588,-2.0,-2.0,-101.0
1775973693.0296588,-3.0,0.0,-97.0
1775973693.0396588,-6.0,-2.0,-95.0
1775973693.0496588,-4.0,-4.0,-101.0
1775973693.0596588,-4.0,2.0,-103.0
1775973693.069659,-5.0,-2.0,-109.0
1775973693.079659,-7.0,-4.0,-111.0
1775973693.089659,-6.0,-4.0,-113.0
1775973693.099659,-5.0,-4.0,-110.0
1775973693.109659,-3.0,-5.0,-110.0
1775973693.119659,-2.0,0.0,-110.0
1775973693.129659,-7.0,-1.0,-111.0
1775973693.139659,-9.0,1.0,-106.0
1775973693.149659,-6.0,-1.0,-99.0
1775973693.159659,-5.0,-2.0,-99.0
1775973693.169659,-6.0,-4.0,-102.0
1775973693.179659,-3.0,-2.0,-106.0
1775973693.1896589,-4.0,-1.0,-108.0
1775973693.1996589,3.0,0.0,-110.0
1775973693.2096589,5.0,0.0,-111.0
1775973693.2196589,0.0,4.0,-111.0
1775973693.2296588,-2.0,3.0,-114.0
1775973693.2396588,-1.0,3.0,-113.0
1775973693.2496588,-6.0,4.0,-116.0
1775973693.2596588,-9.0,1.0,-114.0
1775973693.2696588,-6.0,0.0,-107.0
1775973693.2796588,-1.0,-2.0,-112.0
1775973693.2896588,-2.0,-1.0,-112.0
1775973693.2996588,0.0,-3.0,-115.0
1775973693.3096588,-2.0,-3.0,-108.0
1775973693.319659,-5.0,-1.0,-105.0
1775973693.329659,-6.0,-2.0,-110.0
1775973693.339659,-5.0,1.0,-112.0
1775973693.349659,-5.0,3.0,-112.0
1775973693.359659,-5.0,1.0,-114.0
1775973693.369659,-4.0,0.0,-109.0
1775973693.379659,-2.0,-2.0,-106.0
1775973693.389659,-4.0,3.0,-101.0
1775973693.399659,-2.0,4.0,-96.0
1775973693.409659,0.0,5.0,-96.0
1775973693.419659,-1.0,3.0,-97.0
1775973693.429659,0.0,-2.0,-103.0
1775973693.4396589,0.0,-4.0,-106.0
1775973693.4496589,-4.0,-2.0,-104.0
1775973693.4596589,-5.0,-3.0,-105.0
1775973693.4696589,-4.0,-4.0,-107.0
1775973693.4796588,-2.0,-7.0,-107.0
1775973693.4896588,-1.0,-3.0,-116.0
1775973693.4996588,0.0,-1.0,-117.0
1775973693.5096588,0.0,-1.0,-119.0
1775973693.5196588,1.0,4.0,-118.0
1775973693.5296588,0.0,2.0,-118.0
1775973693.5396588,-2.0,0.0,-113.0
1775973693.5496588,-5.0,1.0,-110.0
1775973693.5596588,-4.0,3.0,-112.0
1775973693.569659,-6.0,1.0,-110.0
1775973693.579659,-2.0,-1.0,-103.0
1775973693.589659,2.0,-4.0,-111.0
1775973693.599659,5.0,-3.0,-112.0
1775973693.609659,3.0,-3.0,-118.0
1775973693.619659,0.0,-3.0,-115.0
1775973693.629659,-8.0,-5.0,-105.0
1775973693.639659,-8.0,-8.0,-97.0
1775973693.649659,-3.0,-3.0,-101.0
1775973693.659659,-1.0,-2.0,-108.0
1775973693.669659,1.0,0.0,-107.0
1775973693.679659,-2.0,0.0,-101.0
1775973693.6896589,-2.0,-3.0,-100.0
1775973693.6996589,-4.0,-5.0,-100.0
1775973693.7096589,-4.0,-8.0,-103.0
1775973693.7196589,-4.0,-7.0,-102.0
1775973693.7296588,-3.0,-5.0,-102.0
1775973693.7396588,-5.0,-6.0,-99.0
1775973693.7496588,-1.0,-3.0,-95.0
1775973693.7596588,0.0,0.0,-101.0
1775973693.7696588,-3.0,5.0,-105.0
1775973693.7796588,-2.0,2.0,-103.0
1775973693.7896588,0.0,0.0,-108.0
1775973693.7996588,0.0,1.0,-110.0
1775973693.8096588,-6.0,0.0,-114.0
1775973693.819659,-3.0,-3.0,-118.0
1775973693.829659,1.0,-2.0,-112.0
1775973693.839659,5.0,0.0,-112.0
1775973693.849659,4.0,1.0,-122.0
1775973693.859659,5.0,2.0,-116.0
1775973693.869659,2.0,2.0,-120.0
1775973693.879659,1.0,1.0,-114.0
1775973693.889659,1.0,0.0,-111.0
1775973693.899659,1.0,-2.0,-115.0
1775973693.909659,0.0,-1.0,-122.0
1775973693.919659,3.0,-2.0,-119.0
1775973693.929659,3.0,-1.0,-114.0
1775973693.9396589,2.0,1.0,-119.0
1775973693.9496589,4.0,2.0,-112.0
1775973693.9596589,3.0,1.0,-110.0
1775973693.9696589,1.0,-2.0,-110.0
1775973693.9796588,-4.0,-2.0,-111.0
1775973693.9896588,-4.0,-1.0,-113.0
1775973693.9996588,-7.0,-1.0,-112.0
1775973694.0096588,-5.0,-4.0,-115.0
1775973694.0196588,-1.0,1.0,-117.0
1775973694.0296588,-1.0,1.0,-116.0
1775973694.0396588,-2.0,0.0,-120.0
1775973694.0496588,0.0,-2.0,-116.0
1775973694.0596588,-1.0,0.0,-117.0
1775973694.069659,1.0,-6.0,-116.0
1775973694.079659,2.0,-3.0,-117.0
1775973694.089659,-4.0,-1.0,-113.0
1775973694.099659,-5.0,-4.0,-108.0
1775973694.109659,-5.0,-5.0,-108.0
1775973694.119659,-5.0,-3.0,-112.0
1775973694.129659,-4.0,-1.0,-111.0
1775973694.139659,-3.0,1.0,-107.0
1775973694.149659,-2.0,2.0,-108.0
1775973694.159659,-3.0,1.0,-111.0
1775973694.169659,-1.0,2.0,-112.0
1775973694.179659,-8.0,4.0,-110.0
1775973694.1896589,-9.0,1.0,-111.0
1775973694.1996589,-7.0,3.0,-105.0
1775973694.2096589,-2.0,2.0,-107.0
1775973694.2196589,0.0,1.0,-105.0
1775973694.2296588,-1.0,0.0,-99.0
1775973694.2396588,-1.0,1.0,-99.0
1775973694.2496588,-2.0,6.0,-106.0
1775973694.2596588,-4.0,6.0,-109.0
1775973694.2696588,-1.0,3.0,-118.0
1775973694.2796588,-1.0,2.0,-112.0
1775973694.2896588,-4.0,1.0,-116.0
1775973694.2996588,-6.0,-1.0,-111.0
1775973694.3096588,-2.0,3.0,-112.0
1775973694.319659,-4.0,-1.0,-106.0
1775973694.329659,-1.0,-4.0,-107.0
1775973694.339659,0.0,-6.0,-108.0
1775973694.349659,2.0,-4.0,-111.0
1775973694.359659,0.0,-5.0,-108.0
1775973694.369659,-4.0,-4.0,-100.0
1775973694.379659,1.0,-1.0,-107.0
1775973694.389659,1.0,-1.0,-114.0
1775973694.399659,0.0,1.0,-109.0
1775973694.409659,0.0,0.0,-110.0
1775973694.419659,0.0,0.0,-108.0
1775973694.429659,0.0,0.0,-104.0
1775973694.4396589,-1.0,-1.0,-105.0
1775973694.4496589,-5.0,-1.0,-108.0
1775973694.4596589,-7.0,1.0,-107.0
1775973694.4696589,-4.0,6.0,-109.0
1775973694.4796588,-6.0,6.0,-109.0
1775973694.4896588,-1.0,2.0,-112.0
1775973694.4996588,1.0,-1.0,-111.0
1775973694.5096588,0.0,-2.0,-112.0
1775973694.5196588,0.0,0.0,-111.0
1775973694.5296588,5.0,0.0,-118.0
1775973694.5396588,4.0,0.0,-125.0
1775973694.5496588,0.0,2.0,-122.0
1775973694.5596588,0.0,1.0,-117.0
1775973694.569659,2.0,1.0,-114.0
1775973694.580659,-1.0,3.0,-118.0
1775973694.589659,-4.0,3.0,-108.0
1775973694.599659,-3.0,3.0,-110.0
1775973694.610659,-5.0,6.0,-113.0
1775973694.6206589,-2.0,6.0,-112.0
1775973694.6306589,-5.0,5.0,-118.0
1775973694.6406589,-4.0,8.0,-121.0
1775973694.6506588,-1.0,6.0,-119.0
1775973694.6606588,3.0,6.0,-119.0
1775973694.6706588,3.0,3.0,-120.0
1775973694.6806588,0.0,-1.0,-115.0
1775973694.6906588,0.0,-1.0,-114.0
1775973694.7006588,-3.0,-2.0,-109.0
1775973694.7106588,-3.0,-2.0,-111.0
1775973694.7206588,0.0,1.0,-113.0
1775973694.7306588,1.0,1.0,-113.0
1775973694.7406588,0.0,-1.0,-109.0
1775973694.750659,4.0,-7.0,-114.0
1775973694.760659,4.0,-8.0,-114.0
1775973694.770659,4.0,-12.0,-117.0
1775973694.780659,2.0,-6.0,-110.0
1775973694.790659,0.0,-3.0,-114.0
1775973694.800659,-4.0,-8.0,-120.0
1775973694.810659,-1.0,-6.0,-116.0
1775973694.820659,-2.0,-4.0,-115.0
1775973694.830659,0.0,-1.0,-110.0
1775973694.840659,0.0,-1.0,-116.0
1775973694.850659,2.0,-2.0,-116.0
1775973694.860659,1.0,-6.0,-115.0
1775973694.8706589,0.0,-2.0,-118.0
1775973694.8806589,0.0,-3.0,-111.0
1775973694.8906589,4.0,-8.0,-109.0
1775973694.9006588,5.0,-7.0,-107.0
1775973694.9106588,6.0,-6.0,-109.0
1775973694.9206588,4.0,-2.0,-103.0
1775973694.9306588,2.0,-5.0,-104.0
1775973694.9406588,0.0,-2.0,-104.0
1775973694.9506588,-2.0,-2.0,-104.0
1775973694.9606588,-2.0,-2.0,-108.0
1775973694.9706588,1.0,-4.0,-112.0
1775973694.9806588,0.0,-3.0,-110.0
1775973694.9906588,2.0,-1.0,-103.0
1775973695.000659,0.0,3.0,-99.0
1775973695.010659,0.0,1.0,-103.0
1775973695.020659,-2.0,2.0,-107.0
1775973695.030659,-5.0,0.0,-110.0
1775973695.040659,-12.0,0.0,-111.0
1775973695.050659,-7.0,-1.0,-116.0
1775973695.060659,-5.0,0.0,-123.0
1775973695.070659,-4.0,-7.0,-128.0
1775973695.080659,-1.0,-2.0,-129.0
1775973695.090659,0.0,-1.0,-123.0
1775973695.100659,0.0,1.0,-118.0
1775973695.110659,-1.0,2.0,-112.0
1775973695.1206589,-5.0,1.0,-110.0
1775973695.1306589,-2.0,3.0,-114.0
1775973695.1406589,0.0,2.0,-116.0
1775973695.1506588,-2.0,4.0,-108.0
1775973695.1606588,-4.0,1.0,-101.0
1775973695.1706588,1.0,-1.0,-104.0
1775973695.1806588,0.0,-4.0,-108.0
1775973695.1906588,-3.0,0.0,-109.0
1775973695.2006588,0.0,1.0,-107.0
1775973695.2106588,0.0,1.0,-112.0
1775973695.2206588,4.0,-2.0,-109.0
1775973695.2306588,1.0,-1.0,-110.0
1775973695.2406588,2.0,0.0,-105.0
1775973695.250659,3.0,-2.0,-101.0
1775973695.260659,0.0,2.0,-103.0
1775973695.270659,0.0,7.0,-105.0
1775973695.280659,2.0,2.0,-105.0
1775973695.290659,2.0,3.0,-109.0
1775973695.300659,0.0,1.0,-108.0
1775973695.310659,-3.0,0.0,-115.0
1775973695.320659,-2.0,1.0,-111.0
1775973695.330659,-4.0,0.0,-110.0
1775973695.340659,-4.0,-1.0,-111.0
1775973695.350659,-4.0,0.0,-112.0
1775973695.360659,-2.0,4.0,-109.0
1775973695.3706589,0.0,3.0,-109.0
1775973695.3806589,-1.0,0.0,-103.0
1775973695.3906589,-2.0,-3.0,-101.0
1775973695.4006588,-2.0,-5.0,-101.0
1775973695.4106588,-2.0,-3.0,-101.0
1775973695.4206588,-2.0,-5.0,-105.0
1775973695.4306588,-3.0,-7.0,-108.0
1775973695.4406588,-4.0,-8.0,-103.0
1775973695.4506588,-6.0,-13.0,-100.0
1775973695.4606588,-2.0,-11.0,-101.0
1775973695.4706588,-3.0,-7.0,-105.0
1775973695.4806588,-6.0,-1.0,-106.0
1775973695.4906588,-3.0,1.0,-107.0
1775973695.500659,-6.0,1.0,-102.0
1775973695.510659,-6.0,0.0,-103.0
1775973695.520659,-3.0,2.0,-107.0
1775973695.530659,1.0,2.0,-98.0
1775973695.540659,-1.0,4.0,-103.0
1775973695.550659,-5.0,2.0,-104.0
1775973695.560659,-2.0,4.0,-104.0
1775973695.570659,1.0,7.0,-103.0
1775973695.580659,1.0,5.0,-103.0
1775973695.590659,0.0,4.0,-102.0
1775973695.600659,0.0,1.0,-98.0
1775973695.610659,-2.0,-2.0,-101.0
1775973695.6206589,2.0,-4.0,-103.0
1775973695.6306589,-4.0,0.0,-109.0
1775973695.6406589,-4.0,-2.0,-108.0
1775973695.6506588,0.0,-3.0,-108.0
1775973695.6606588,0.0,1.0,-110.0
1775973695.6706588,0.0,3.0,-117.0
1775973695.6806588,1.0,6.0,-122.0
1775973695.6906588,0.0,6.0,-120.0
1775973695.7006588,-7.0,7.0,-120.0
1775973695.7106588,-5.0,2.0,-126.0
1775973695.7206588,-2.0,4.0,-124.0
1775973695.7306588,-1.0,-2.0,-116.0
1775973695.7406588,-1.0,-6.0,-115.0
1775973695.750659,-2.0,-8.0,-113.0
1775973695.760659,0.0,-5.0,-108.0
1775973695.770659,1.0,-2.0,-109.0
1775973695.780659,2.0,-4.0,-108.0
1775973695.790659,5.0,0.0,-107.0
1775973695.800659,7.0,0.0,-109.0
1775973695.810659,4.0,-2.0,-110.0
1775973695.820659,1.0,-1.0,-107.0
1775973695.830659,-2.0,2.0,-112.0
1775973695.840659,-6.0,0.0,-112.0
1775973695.850659,-4.0,5.0,-109.0
1775973695.860659,-8.0,5.0,-109.0
1775973695.8706589,-7.0,1.0,-105.0
1775973695.8806589,-4.0,1.0,-108.0
1775973695.8906589,-7.0,1.0,-106.0
1775973695.9006588,-8.0,-4.0,-110.0
1775973695.9106588,-8.0,-2.0,-111.0
1775973695.9206588,-6.0,-1.0,-114.0
1775973695.9306588,-2.0,-2.0,-114.0
1775973695.9406588,-4.0,-4.0,-109.0
1775973695.9506588,-4.0,-2.0,-111.0
1775973695.9606588,-6.0,-3.0,-119.0
1775973695.9706588,-8.0,-7.0,-123.0
1775973695.9806588,-5.0,-3.0,-118.0
1775973695.9906588,-6.0,-6.0,-123.0
1775973696.000659,-3.0,-2.0,-121.0
1775973696.010659,-2.0,0.0,-112.0
1775973696.020659,-3.0,0.0,-111.0
1775973696.030659,2.0,2.0,-106.0
1775973696.040659,0.0,1.0,-107.0
1775973696.050659,1.0,3.0,-104.0
1775973696.060659,3.0,1.0,-105.0
1775973696.070659,3.0,0.0,-110.0
1775973696.080659,5.0,0.0,-107.0
1775973696.090659,6.0,-3.0,-110.0
1775973696.100659,3.0,-4.0,-111.0
1775973696.110659,4.0,0.0,-109.0
1775973696.1206589,1.0,-1.0,-109.0
1775973696.1306589,1.0,-3.0,-110.0
1775973696.1406589,0.0,-1.0,-110.0
1775973696.1506588,-1.0,-2.0,-111.0
1775973696.1606588,0.0,-3.0,-112.0
1775973696.1706588,-2.0,0.0,-107.0
1775973696.1806588,-4.0,-1.0,-110.0
1775973696.1906588,-1.0,1.0,-109.0
1775973696.2006588,-3.0,3.0,-113.0
1775973696.2106588,-6.0,5.0,-114.0
1775973696.2206588,-10.0,5.0,-108.0
1775973696.2306588,-6.0,4.0,-107.0
1775973696.2406588,-3.0,0.0,-105.0
1775973696.250659,-1.0,0.0,-106.0
1775973696.260659,-1.0,3.0,-111.0
1775973696.270659,0.0,5.0,-114.0
1775973696.280659,0.0,3.0,-108.0
1775973696.290659,2.0,2.0,-114.0
1775973696.300659,0.0,0.0,-119.0
1775973696.310659,1.0,1.0,-118.0
1775973696.320659,2.0,-1.0,-118.0
1775973696.330659,-2.0,-4.0,-119.0
1775973696.340659,-1.0,-5.0,-122.0
1775973696.350659,-3.0,-3.0,-122.0
1775973696.360659,-2.0,-1.0,-123.0
1775973696.3706589,-5.0,-3.0,-116.0
1775973696.3806589,-4.0,0.0,-117.0
1775973696.3906589,0.0,-4.0,-117.0
1775973696.4006588,0.0,-3.0,-117.0
1775973696.4106588,1.0,0.0,-114.0
1775973696.4206588,2.0,-1.0,-114.0
1775973696.4306588,6.0,0.0,-115.0
1775973696.4406588,6.0,1.0,-112.0
1775973696.4506588,0.0,4.0,-114.0
1775973696.4606588,0.0,3.0,-116.0
1775973696.4706588,2.0,-2.0,-114.0
1775973696.4806588,5.0,-1.0,-109.0
1775973696.4906588,4.0,2.0,-109.0
1775973696.500659,-1.0,5.0,-109.0
1775973696.510659,0.0,2.0,-111.0
1775973696.520659,1.0,3.0,-111.0
1775973696.530659,0.0,5.0,-109.0
1775973696.540659,-2.0,1.0,-106.0
1775973696.550659,0.0,0.0,-107.0
1775973696.560659,5.0,0.0,-110.0
1775973696.570659,2.0,3.0,-107.0
1775973696.580659,2.0,4.0,-106.0
1775973696.590659,0.0,2.0,-110.0
1775973696.600659,2.0,4.0,-111.0
1775973696.610659,0.0,6.0,-116.0
1775973696.6206589,0.0,4.0,-111.0
1775973696.6316588,0.0,0.0,-107.0
1775973696.6406589,-3.0,-1.0,-107.0
1775973696.6506588,-3.0,-1.0,-105.0
1775973696.6616588,-1.0,-2.0,-106.0
1775973696.671659,-3.0,2.0,-106.0
1775973696.681659,-4.0,4.0,-108.0
1775973696.691659,-4.0,3.0,-107.0
1775973696.701659,-4.0,1.0,-107.0
1775973696.711659,1.0,5.0,-106.0
1775973696.721659,-2.0,4.0,-107.0
1775973696.731659,0.0,0.0,-107.0
1775973696.741659,-2.0,-2.0,-111.0
1775973696.751659,1.0,-1.0,-114.0
1775973696.761659,0.0,0.0,-111.0
1775973696.771659,-2.0,1.0,-109.0
1775973696.781659,-5.0,4.0,-113.0
1775973696.7916589,-4.0,3.0,-112.0
1775973696.8016589,-2.0,2.0,-110.0
1775973696.8116589,-2.0,1.0,-113.0
1775973696.8216588,-3.0,2.0,-110.0
1775973696.8316588,0.0,-1.0,-107.0
1775973696.8416588,-4.0,-3.0,-110.0
1775973696.8516588,0.0,-2.0,-112.0
1775973696.8616588,0.0,-5.0,-112.0
1775973696.8716588,-4.0,-3.0,-112.0
1775973696.8816588,-1.0,-3.0,-104.0
1775973696.8916588,2.0,3.0,-103.0
1775973696.9016588,0.0,1.0,-106.0
1775973696.9116588,0.0,1.0,-103.0
1775973696.921659,-5.0,0.0,-105.0
1775973696.931659,-3.0,1.0,-101.0
1775973696.941659,-4.0,3.0,-99.0
1775973696.951659,-6.0,0.0,-104.0
1775973696.961659,-5.0,-1.0,-107.0
1775973696.971659,-5.0,-1.0,-102.0
1775973696.981659,-8.0,-6.0,-97.0
1775973696.991659,-4.0,-6.0,-100.0
1775973697.001659,-5.0,-9.0,-95.0
1775973697.011659,-7.0,-9.0,-98.0
1775973697.021659,-10.0,-8.0,-100.0
1775973697.031659,-7.0,-3.0,-98.0
1775973697.0416589,-3.0,-2.0,-103.0
1775973697.0516589,-4.0,0.0,-104.0
1775973697.0616589,-5.0,2.0,-101.0
1775973697.0716588,-3.0,2.0,-104.0
1775973697.0816588,0.0,2.0,-101.0
1775973697.0916588,0.0,5.0,-102.0
1775973697.1016588,0.0,0.0,-103.0
1775973697.1116588,0.0,1.0,-108.0
1775973697.1216588,-4.0,-2.0,-104.0
1775973697.1316588,-6.0,-2.0,-104.0
1775973697.1416588,-3.0,-3.0,-102.0
1775973697.1516588,-2.0,-3.0,-114.0
1775973697.1616588,-1.0,-5.0,-113.0
1775973697.171659,2.0,-7.0,-107.0
1775973697.181659,0.0,-9.0,-105.0
1775973697.191659,1.0,-8.0,-103.0
1775973697.201659,0.0,-11.0,-106.0
1775973697.211659,0.0,-5.0,-111.0
1775973697.221659,2.0,-6.0,-111.0
1775973697.231659,0.0,0.0,-106.0
1775973697.241659,3.0,1.0,-109.0
1775973697.251659,3.0,-1.0,-108.0
1775973697.261659,0.0,1.0,-117.0
1775973697.271659,-3.0,0.0,-114.0
1775973697.281659,0.0,-1.0,-113.0
1775973697.2916589,2.0,0.0,-108.0
1775973697.3016589,1.0,-2.0,-100.0
1775973697.3116589,-1.0,-2.0,-102.0
1775973697.3216588,0.0,-2.0,-102.0
1775973697.3316588,3.0,1.0,-98.0
1775973697.3416588,3.0,-1.0,-101.0
1775973697.3516588,2.0,-1.0,-109.0
1775973697.3616588,2.0,-1.0,-114.0
1775973697.3716588,2.0,1.0,-111.0
1775973697.3816588,5.0,2.0,-115.0
1775973697.3916588,6.0,1.0,-112.0
1775973697.4016588,0.0,-3.0,-115.0
1775973697.4116588,-5.0,-2.0,-117.0
1775973697.421659,-3.0,-3.0,-113.0
1775973697.431659,-2.0,0.0,-108.0
1775973697.441659,-3.0,0.0,-116.0
1775973697.451659,-5.0,0.0,-108.0
1775973697.461659,-5.0,2.0,-110.0
1775973697.471659,-5.0,0.0,-116.0
1775973697.481659,-5.0,0.0,-116.0
1775973697.491659,-2.0,-1.0,-111.0
1775973697.501659,-3.0,-3.0,-108.0
1775973697.511659,0.0,0.0,-107.0
1775973697.521659,-7.0,0.0,-109.0
1775973697.531659,-11.0,0.0,-108.0
1775973697.5416589,-10.0,0.0,-110.0
1775973697.5516589,-7.0,0.0,-99.0
1775973697.5616589,-4.0,3.0,-103.0
1775973697.5716588,-4.0,4.0,-104.0
1775973697.5816588,-4.0,5.0,-106.0
1775973697.5916588,1.0,2.0,-107.0
1775973697.6016588,4.0,0.0,-109.0
1775973697.6116588,5.0,3.0,-116.0
1775973697.6216588,6.0,-1.0,-109.0
1775973697.6316588,1.0,1.0,-104.0
1775973697.6416588,-3.0,5.0,-97.0
1775973697.6516588,-9.0,4.0,-96.0
1775973697.6616588,-4.0,2.0,-98.0
1775973697.671659,-3.0,0.0,-96.0
1775973697.681659,0.0,-1.0,-103.0
1775973697.691659,5.0,0.0,-112.0
1775973697.701659,4.0,-2.0,-112.0
1775973697.711659,4.0,-5.0,-109.0
1775973697.721659,0.0,-4.0,-105.0
1775973697.731659,2.0,-3.0,-107.0
1775973697.741659,4.0,0.0,-104.0
1775973697.751659,0.0,1.0,-112.0
1775973697.761659,0.0,4.0,-113.0
1775973697.771659,1.0,4.0,-118.0
1775973697.781659,0.0,1.0,-114.0
1775973697.7916589,4.0,1.0,-106.0
1775973697.8016589,4.0,0.0,-113.0
1775973697.8116589,1.0,0.0,-119.0
1775973697.8216588,-3.0,0.0,-120.0
1775973697.8316588,-4.0,0.0,-119.0
1775973697.8416588,-6.0,-1.0,-112.0
1775973697.8516588,-9.0,-3.0,-114.0
1775973697.8616588,-8.0,-2.0,-113.0
1775973697.8716588,-3.0,2.0,-109.0
1775973697.8816588,0.0,3.0,-108.0
1775973697.8916588,2.0,4.0,-109.0
1775973697.9016588,0.0,2.0,-114.0
1775973697.9116588,-2.0,-1.0,-112.0
1775973697.921659,-2.0,-3.0,-117.0
1775973697.931659,-1.0,-7.0,-115.0
1775973697.941659,1.0,-5.0,-117.0
1775973697.951659,0.0,0.0,-122.0
1775973697.961659,-3.0,3.0,-108.0
1775973697.971659,-4.0,0.0,-108.0
1775973697.981659,-3.0,1.0,-114.0
1775973697.991659,-6.0,3.0,-106.0
1775973698.001659,-11.0,3.0,-106.0
1775973698.011659,-12.0,2.0,-104.0
1775973698.021659,-11.0,0.0,-102.0
1775973698.031659,-5.0,-6.0,-106.0
1775973698.0416589,-1.0,-4.0,-106.0
1775973698.0516589,0.0,-2.0,-103.0
1775973698.0616589,1.0,0.0,-105.0
1775973698.0716588,0.0,-4.0,-106.0
1775973698.0816588,0.0,-1.0,-104.0
1775973698.0916588,-1.0,-1.0,-100.0
1775973698.1016588,-2.0,0.0,-105.0
1775973698.1116588,-2.0,-2.0,-110.0
1775973698.1216588,0.0,-3.0,-111.0
1775973698.1316588,0.0,3.0,-112.0
1775973698.1416588,0.0,5.0,-111.0
1775973698.1516588,-4.0,6.0,-110.0
1775973698.1616588,-4.0,5.0,-112.0
1775973698.171659,-7.0,5.0,-106.0
1775973698.181659,-11.0,6.0,-104.0
1775973698.191659,-7.0,7.0,-106.0
1775973698.201659,-6.0,6.0,-113.0
1775973698.211659,-8.0,3.0,-110.0
1775973698.221659,-7.0,2.0,-118.0
1775973698.231659,-5.0,0.0,-115.0
1775973698.241659,-6.0,-3.0,-107.0
1775973698.251659,-10.0,-3.0,-110.0
1775973698.261659,-12.0,0.0,-112.0
1775973698.271659,-8.0,-1.0,-113.0
1775973698.281659,-4.0,-7.0,-110.0
1775973698.2916589,-9.0,-6.0,-107.0
1775973698.3016589,-8.0,-2.0,-106.0
1775973698.3116589,-1.0,-6.0,-106.0
1775973698.3216588,-1.0,-3.0,-110.0
1775973698.3316588,3.0,-2.0,-103.0
1775973698.3416588,-2.0,-5.0,-101.0
1775973698.3516588,-6.0,-6.0,-101.0
1775973698.3616588,-6.0,-3.0,-109.0
1775973698.3716588,-5.0,-2.0,-116.0
1775973698.3816588,-5.0,0.0,-117.0
1775973698.3916588,-9.0,0.0,-114.0
1775973698.4016588,-8.0,-1.0,-114.0
1775973698.4116588,-2.0,-3.0,-113.0
1775973698.421659,-6.0,-1.0,-115.0
1775973698.431659,-8.0,1.0,-118.0
1775973698.441659,-8.0,2.0,-111.0
1775973698.451659,-7.0,3.0,-106.0
1775973698.461659,-3.0,-1.0,-112.0
1775973698.471659,-3.0,-3.0,-111.0
1775973698.481659,-3.0,-2.0,-117.0
1775973698.491659,-2.0,-1.0,-116.0
1775973698.501659,-2.0,-5.0,-112.0
1775973698.511659,2.0,-1.0,-111.0
1775973698.521659,7.0,0.0,-111.0
1775973698.531659,5.0,-3.0,-114.0
1775973698.5416589,0.0,-2.0,-111.0
1775973698.5516589,3.0,0.0,-110.0
1775973698.5616589,3.0,1.0,-103.0
1775973698.5716588,5.0,0.0,-105.0
1775973698.5816588,4.0,2.0,-107.0
1775973698.5916588,6.0,-1.0,-105.0
1775973698.6016588,10.0,-3.0,-108.0
1775973698.6116588,8.0,-2.0,-110.0
1775973698.6216588,9.0,-3.0,-113.0
1775973698.6316588,11.0,-4.0,-113.0
1775973698.6416588,8.0,-6.0,-107.0
1775973698.652659,8.0,-2.0,-113.0
1775973698.6616588,5.0,-1.0,-108.0
1775973698.672659,6.0,0.0,-112.0
1775973698.681659,4.0,-5.0,-109.0
1775973698.692659,3.0,-6.0,-108.0
1775973698.702659,0.0,-5.0,-105.0
1775973698.712659,0.0,0.0,-111.0
1775973698.7226589,0.0,-2.0,-111.0
1775973698.7326589,0.0,-6.0,-104.0
1775973698.7426589,1.0,-5.0,-109.0
1775973698.7526588,4.0,0.0,-108.0
1775973698.7626588,4.0,0.0,-105.0
1775973698.7726588,4.0,1.0,-99.0
1775973698.7826588,7.0,0.0,-101.0
1775973698.7926588,4.0,0.0,-108.0
1775973698.8026588,3.0,6.0,-106.0
1775973698.8126588,1.0,3.0,-100.0
1775973698.8226588,-3.0,0.0,-106.0
1775973698.8326588,3.0,1.0,-108.0
1775973698.8426588,3.0,2.0,-107.0
1775973698.852659,1.0,3.0,-106.0
1775973698.862659,4.0,1.0,-110.0
1775973698.872659,8.0,0.0,-112.0
1775973698.882659,6.0,0.0,-104.0
1775973698.892659,4.0,0.0,-103.0
1775973698.902659,1.0,0.0,-102.0
1775973698.912659,4.0,0.0,-99.0
1775973698.922659,6.0,3.0,-98.0
1775973698.932659,3.0,0.0,-97.0
1775973698.942659,2.0,-3.0,-98.0
1775973698.952659,4.0,0.0,-98.0
1775973698.962659,5.0,-3.0,-97.0
1775973698.9726589,3.0,-1.0,-96.0
1775973698.9826589,1.0,-1.0,-107.0
1775973698.9926589,2.0,-1.0,-102.0
1775973699.0026588,4.0,0.0,-100.0
1775973699.0126588,2.0,-2.0,-105.0
1775973699.0226588,0.0,-1.0,-108.0
1775973699.0326588,2.0,-1.0,-111.0
1775973699.0426588,2.0,-3.0,-108.0
1775973699.0526588,0.0,-3.0,-104.0
1775973699.0626588,1.0,-3.0,-106.0
1775973699.0726588,0.0,1.0,-103.0
1775973699.0826588,-2.0,4.0,-104.0
1775973699.0926588,2.0,6.0,-102.0
1775973699.102659,4.0,6.0,-104.0
1775973699.112659,1.0,3.0,-103.0
1775973699.122659,0.0,4.0,-103.0
1775973699.132659,1.0,5.0,-105.0
1775973699.142659,2.0,8.0,-109.0
1775973699.152659,3.0,7.0,-114.0
1775973699.162659,2.0,4.0,-111.0
1775973699.172659,5.0,6.0,-110.0
1775973699.182659,3.0,3.0,-104.0
1775973699.192659,0.0,1.0,-99.0
1775973699.202659,-1.0,4.0,-101.0
1775973699.212659,0.0,4.0,-103.0
1775973699.2226589,0.0,0.0,-101.0
1775973699.2326589,-1.0,-1.0,-100.0
1775973699.2426589,-2.0,-2.0,-98.0
1775973699.2526588,-3.0,-3.0,-100.0
1775973699.2626588,-1.0,-3.0,-108.0
1775973699.2726588,-5.0,-6.0,-105.0
1775973699.2826588,-9.0,-4.0,-106.0
1775973699.2926588,-6.0,-2.0,-112.0
1775973699.3026588,-6.0,-2.0,-119.0
1775973699.3126588,-1.0,3.0,-115.0
1775973699.3226588,1.0,3.0,-103.0
1775973699.3326588,-3.0,0.0,-102.0
1775973699.3426588,-4.0,-4.0,-101.0
1775973699.352659,-5.0,-6.0,-109.0
1775973699.362659,-3.0,-3.0,-104.0
1775973699.372659,-1.0,0.0,-104.0
1775973699.382659,3.0,-2.0,-107.0
1775973699.392659,0.0,-3.0,-111.0
1775973699.402659,-1.0,0.0,-111.0
1775973699.412659,0.0,0.0,-104.0
1775973699.422659,3.0,2.0,-105.0
1775973699.432659,0.0,3.0,-104.0
1775973699.442659,0.0,6.0,-110.0
1775973699.452659,1.0,3.0,-115.0
1775973699.462659,2.0,2.0,-115.0
1775973699.4726589,3.0,5.0,-115.0
1775973699.4826589,2.0,4.0,-118.0
1775973699.4926589,-2.0,1.0,-116.0
1775973699.5026588,-4.0,-1.0,-111.0
1775973699.5126588,-2.0,0.0,-108.0
1775973699.5226588,-2.0,0.0,-109.0
1775973699.5326588,-2.0,3.0,-106.0
1775973699.5426588,-1.0,1.0,-107.0
1775973699.5526588,-2.0,0.0,-108.0
1775973699.5626588,-1.0,0.0,-106.0
1775973699.5726588,-3.0,0.0,-103.0
1775973699.5826588,-3.0,2.0,-104.0
1775973699.5926588,-1.0,3.0,-106.0
1775973699.602659,1.0,4.0,-100.0
1775973699.612659,2.0,2.0,-102.0
1775973699.622659,2.0,1.0,-102.0
1775973699.632659,0.0,0.0,-109.0
1775973699.642659,3.0,-2.0,-113.0
1775973699.652659,3.0,-1.0,-113.0
1775973699.662659,4.0,-2.0,-116.0
1775973699.672659,5.0,-2.0,-113.0
1775973699.682659,0.0,-3.0,-113.0
1775973699.692659,-7.0,0.0,-114.0
1775973699.702659,-12.0,-3.0,-122.0
1775973699.712659,-6.0,-6.0,-116.0
1775973699.7226589,-4.0,-1.0,-115.0
1775973699.7326589,0.0,0.0,-116.0
1775973699.7426589,-2.0,0.0,-116.0
1775973699.7526588,-2.0,-1.0,-116.0
1775973699.7626588,0.0,-4.0,-122.0
1775973699.7726588,-4.0,-6.0,-118.0
1775973699.7826588,-6.0,-5.0,-119.0
1775973699.7926588,-7.0,-4.0,-115.0
1775973699.8026588,-4.0,0.0,-112.0
1775973699.8126588,1.0,0.0,-108.0
1775973699.8226588,4.0,0.0,-108.0
1775973699.8326588,5.0,1.0,-103.0
1775973699.8426588,6.0,2.0,-104.0
1775973699.852659,4.0,1.0,-98.0
1775973699.862659,1.0,-1.0,-98.0
1775973699.872659,-1.0,-1.0,-100.0
1775973699.882659,-2.0,1.0,-102.0
1775973699.892659,0.0,3.0,-103.0
1775973699.902659,1.0,1.0,-104.0
1775973699.912659,0.0,4.0,-101.0
1775973699.922659,-1.0,4.0,-99.0
1775973699.932659,-2.0,4.0,-99.0
1775973699.942659,2.0,4.0,-100.0
1775973699.952659,0.0,0.0,-102.0
1775973699.962659,-2.0,1.0,-108.0
1775973699.9726589,3.0,2.0,-112.0
1775973699.9826589,3.0,0.0,-111.0
1775973699.9926589,1.0,2.0,-113.0
1775973700.0026588,1.0,2.0,-109.0
1775973700.0126588,-2.0,4.0,-104.0
1775973700.0226588,-1.0,6.0,-103.0
1775973700.0326588,-1.0,1.0,-102.0
1775973700.0426588,3.0,0.0,-107.0
1775973700.0526588,6.0,-3.0,-107.0
1775973700.0626588,6.0,-4.0,-108.0
1775973700.0726588,3.0,-5.0,-106.0
1775973700.0826588,6.0,-1.0,-108.0
1775973700.0926588,4.0,0.0,-111.0
1775973700.102659,6.0,0.0,-103.0
1775973700.112659,4.0,-3.0,-102.0
1775973700.122659,0.0,-4.0,-102.0
1775973700.132659,0.0,-3.0,-104.0
1775973700.142659,1.0,-3.0,-107.0
1775973700.152659,-2.0,0.0,-104.0
1775973700.162659,0.0,3.0,-106.0
1775973700.172659,-1.0,4.0,-114.0
1775973700.182659,-1.0,1.0,-121.0
1775973700.192659,-1.0,-1.0,-120.0
1775973700.202659,-3.0,1.0,-114.0
1775973700.212659,-6.0,2.0,-109.0
1775973700.2226589,-5.0,0.0,-111.0
1775973700.2326589,-5.0,-1.0,-117.0
1775973700.2426589,-8.0,0.0,-118.0
1775973700.2526588,-8.0,2.0,-115.0
1775973700.2626588,-9.0,1.0,-107.0
1775973700.2726588,-3.0,3.0,-107.0
1775973700.2826588,-3.0,7.0,-113.0
1775973700.2926588,-5.0,5.0,-113.0
1775973700.3026588,-3.0,5.0,-112.0
1775973700.3126588,-4.0,4.0,-116.0
1775973700.3226588,-6.0,0.0,-117.0
1775973700.3326588,-7.0,-4.0,-118.0
1775973700.3426588,-6.0,-5.0,-112.0
1775973700.352659,-6.0,-4.0,-108.0
1775973700.362659,-4.0,-2.0,-105.0
1775973700.372659,0.0,-5.0,-107.0
1775973700.382659,2.0,-8.0,-119.0
1775973700.392659,0.0,-6.0,-116.0
1775973700.402659,0.0,-5.0,-106.0
1775973700.412659,2.0,-3.0,-106.0
1775973700.422659,2.0,1.0,-108.0
1775973700.432659,0.0,0.0,-119.0
1775973700.442659,-1.0,2.0,-130.0
1775973700.452659,-2.0,5.0,-122.0
1775973700.462659,-5.0,4.0,-119.0
1775973700.4726589,-9.0,4.0,-120.0
1775973700.4826589,-3.0,5.0,-116.0
1775973700.4926589,-4.0,7.0,-115.0
1775973700.5026588,-2.0,3.0,-118.0
1775973700.5126588,-7.0,4.0,-120.0
1775973700.5226588,-10.0,5.0,-112.0
1775973700.5326588,-8.0,1.0,-116.0
1775973700.5426588,-6.0,0.0,-111.0
1775973700.5526588,-6.0,0.0,-109.0
1775973700.5626588,-1.0,-1.0,-102.0
1775973700.5726588,3.0,2.0,-107.0
1775973700.5826588,6.0,8.0,-101.0
1775973700.5926588,3.0,6.0,-99.0
1775973700.602659,0.0,1.0,-97.0
1775973700.612659,1.0,0.0,-99.0
1775973700.622659,4.0,-2.0,-96.0
1775973700.632659,0.0,-6.0,-97.0
1775973700.642659,1.0,0.0,-105.0
1775973700.652659,3.0,0.0,-106.0
1775973700.662659,1.0,-2.0,-105.0
1775973700.672659,-1.0,1.0,-101.0
1775973700.682659,0.0,1.0,-99.0
1775973700.692659,0.0,-4.0,-100.0
1775973700.702659,0.0,-1.0,-100.0
1775973700.712659,-2.0,0.0,-94.0
1775973700.7236588,0.0,0.0,-91.0
1775973700.7336588,0.0,-1.0,-101.0
1775973700.7436588,1.0,0.0,-106.0
1775973700.7536588,3.0,-3.0,-103.0
1775973700.7636588,0.0,-5.0,-96.0
1775973700.773659,-3.0,-4.0,-98.0
1775973700.783659,-2.0,-4.0,-101.0
1775973700.793659,-2.0,-7.0,-97.0
1775973700.803659,2.0,-3.0,-100.0
1775973700.813659,2.0,2.0,-104.0
1775973700.823659,5.0,0.0,-104.0
1775973700.833659,5.0,0.0,-102.0
1775973700.843659,3.0,2.0,-106.0
1775973700.853659,3.0,3.0,-99.0
1775973700.863659,4.0,0.0,-100.0
1775973700.873659,5.0,1.0,-105.0
1775973700.883659,2.0,1.0,-110.0
1775973700.8936589,2.0,-1.0,-113.0
1775973700.9036589,3.0,-3.0,-115.0
1775973700.9136589,5.0,-7.0,-116.0
1775973700.9236588,5.0,-8.0,-116.0
1775973700.9336588,6.0,-4.0,-116.0
1775973700.9436588,1.0,-8.0,-114.0
1775973700.9536588,0.0,-10.0,-111.0
1775973700.9636588,-1.0,-7.0,-112.0
1775973700.9736588,4.0,-7.0,-110.0
1775973700.9836588,6.0,-8.0,-107.0
1775973700.9936588,5.0,-8.0,-101.0
1775973701.0036588,3.0,-4.0,-101.0
1775973701.0136588,2.0,-5.0,-103.0
1775973701.023659,0.0,-2.0,-103.0
1775973701.033659,1.0,0.0,-104.0
1775973701.043659,1.0,3.0,-110.0
1775973701.053659,-1.0,5.0,-112.0
1775973701.063659,-2.0,9.0,-112.0
1775973701.073659,2.0,5.0,-116.0
1775973701.083659,6.0,0.0,-116.0
1775973701.093659,4.0,-2.0,-120.0
1775973701.103659,-2.0,0.0,-117.0
1775973701.113659,0.0,-4.0,-119.0
1775973701.123659,0.0,-4.0,-124.0
1775973701.133659,0.0,-3.0,-117.0
1775973701.1436589,0.0,-5.0,-114.0
1775973701.1536589,0.0,-7.0,-114.0
1775973701.1636589,-4.0,-8.0,-111.0
1775973701.1736588,-3.0,-3.0,-108.0
1775973701.1836588,0.0,-2.0,-99.0
1775973701.1936588,0.0,0.0,-99.0
1775973701.2036588,-3.0,4.0,-102.0
1775973701.2136588,-4.0,5.0,-102.0
1775973701.2236588,-4.0,5.0,-103.0
1775973701.2336588,-4.0,2.0,-101.0
1775973701.2436588,-2.0,0.0,-101.0
1775973701.2536588,-6.0,0.0,-100.0
1775973701.2636588,-4.0,4.0,-102.0
1775973701.273659,-2.0,3.0,-101.0
1775973701.283659,-2.0,-2.0,-109.0
1775973701.293659,0.0,-7.0,-110.0
1775973701.303659,0.0,-7.0,-114.0
1775973701.313659,0.0,-5.0,-109.0
1775973701.323659,-3.0,-5.0,-112.0
1775973701.333659,0.0,-1.0,-116.0
1775973701.343659,0.0,0.0,-113.0
1775973701.353659,0.0,0.0,-116.0
1775973701.363659,-2.0,-1.0,-119.0
1775973701.373659,-2.0,1.0,-116.0
1775973701.383659,-4.0,1.0,-113.0
1775973701.3936589,-5.0,6.0,-106.0
1775973701.4036589,0.0,7.0,-105.0
1775973701.4136589,-1.0,4.0,-109.0
1775973701.4236588,0.0,4.0,-109.0
1775973701.4336588,-1.0,6.0,-114.0
1775973701.4436588,0.0,3.0,-110.0
1775973701.4536588,0.0,0.0,-106.0
1775973701.4636588,0.0,-1.0,-108.0
1775973701.4736588,-1.0,-3.0,-112.0
1775973701.4836588,1.0,0.0,-110.0
1775973701.4936588,2.0,1.0,-106.0
1775973701.5036588,2.0,0.0,-112.0
1775973701.5136588,1.0,0.0,-111.0
1775973701.523659,-3.0,0.0,-111.0
1775973701.533659,-3.0,0.0,-102.0
1775973701.543659,-5.0,-3.0,-105.0
1775973701.553659,-4.0,-1.0,-106.0
1775973701.563659,-4.0,-4.0,-110.0
1775973701.573659,-4.0,-6.0,-109.0
1775973701.583659,-1.0,-5.0,-109.0
1775973701.593659,0.0,-4.0,-107.0
1775973701.603659,0.0,-4.0,-104.0
1775973701.613659,5.0,-3.0,-111.0
1775973701.623659,5.0,-5.0,-114.0
1775973701.633659,5.0,-3.0,-116.0
1775973701.6436589,2.0,-3.0,-111.0
1775973701.6536589,1.0,-1.0,-116.0
1775973701.6636589,-1.0,-2.0,-114.0
1775973701.6736588,-1.0,-2.0,-108.0
1775973701.6836588,0.0,-3.0,-112.0
1775973701.6936588,-1.0,-4.0,-116.0
1775973701.7036588,-1.0,-1.0,-117.0
1775973701.7136588,0.0,-2.0,-117.0
1775973701.7236588,0.0,-1.0,-121.0
1775973701.7336588,1.0,-3.0,-124.0
1775973701.7436588,6.0,0.0,-118.0
1775973701.7536588,3.0,-3.0,-117.0
1775973701.7636588,0.0,-2.0,-117.0
1775973701.773659,-1.0,-2.0,-122.0
1775973701.783659,-2.0,-1.0,-109.0
1775973701.793659,0.0,1.0,-114.0
1775973701.803659,1.0,3.0,-113.0
1775973701.813659,2.0,3.0,-113.0
1775973701.823659,0.0,2.0,-112.0
1775973701.833659,2.0,6.0,-114.0
1775973701.843659,-2.0,2.0,-114.0
1775973701.853659,-3.0,4.0,-115.0
1775973701.863659,-3.0,5.0,-108.0
1775973701.873659,-4.0,5.0,-107.0
1775973701.883659,-8.0,6.0,-107.0
1775973701.8936589,-8.0,6.0,-111.0
1775973701.9036589,-8.0,1.0,-113.0
1775973701.9136589,-8.0,2.0,-111.0
1775973701.9236588,-1.0,3.0,-112.0
1775973701.9336588,-2.0,2.0,-116.0
1775973701.9436588,-2.0,3.0,-113.0
1775973701.9536588,0.0,-1.0,-109.0
1775973701.9636588,1.0,-4.0,-104.0
1775973701.9736588,4.0,-1.0,-103.0
1775973701.9836588,1.0,-6.0,-102.0
1775973701.9936588,-2.0,-4.0,-100.0
1775973702.0036588,-6.0,-1.0,-103.0
1775973702.0136588,-3.0,3.0,-95.0
1775973702.023659,-1.0,6.0,-93.0
1775973702.033659,-5.0,1.0,-98.0
1775973702.043659,-6.0,2.0,-99.0
1775973702.053659,-8.0,2.0,-99.0
1775973702.063659,-2.0,0.0,-103.0
1775973702.073659,0.0,2.0,-103.0
1775973702.083659,1.0,4.0,-106.0
1775973702.093659,5.0,6.0,-107.0
1775973702.103659,3.0,4.0,-106.0
1775973702.113659,3.0,2.0,-114.0
1775973702.123659,2.0,0.0,-119.0
1775973702.133659,4.0,0.0,-120.0
1775973702.1436589,2.0,3.0,-115.0
1775973702.1536589,1.0,4.0,-108.0
1775973702.1636589,0.0,1.0,-108.0
1775973702.1736588,1.0,0.0,-110.0
1775973702.1836588,-3.0,-3.0,-104.0
1775973702.1936588,-3.0,0.0,-110.0
1775973702.2036588,0.0,-2.0,-117.0
1775973702.2136588,-3.0,-7.0,-121.0
1775973702.2236588,-2.0,-5.0,-121.0
1775973702.2336588,-1.0,-5.0,-128.0
1775973702.2436588,0.0,-7.0,-119.0
1775973702.2536588,0.0,-6.0,-112.0
1775973702.2636588,1.0,-6.0,-110.0
1775973702.273659,8.0,-5.0,-107.0
1775973702.283659,6.0,-5.0,-106.0
1775973702.293659,3.0,0.0,-109.0
1775973702.303659,6.0,3.0,-109.0
1775973702.313659,5.0,0.0,-103.0
1775973702.323659,0.0,-2.0,-101.0
1775973702.333659,0.0,-3.0,-101.0
1775973702.343659,0.0,-2.0,-100.0
1775973702.353659,-5.0,0.0,-102.0
1775973702.363659,-6.0,-4.0,-101.0
1775973702.373659,-3.0,-2.0,-105.0
1775973702.383659,0.0,-2.0,-105.0
1775973702.3936589,0.0,-6.0,-110.0
1775973702.4036589,-1.0,-4.0,-114.0
1775973702.4136589,4.0,-5.0,-114.0
1775973702.4236588,0.0,-3.0,-119.0
1775973702.4336588,-1.0,1.0,-113.0
1775973702.4436588,-7.0,0.0,-113.0
1775973702.4536588,-5.0,-2.0,-116.0
1775973702.4636588,-5.0,-2.0,-112.0
1775973702.4736588,-3.0,-4.0,-111.0
1775973702.4836588,-7.0,0.0,-107.0
1775973702.4936588,-7.0,-2.0,-109.0
1775973702.5036588,-4.0,-5.0,-116.0
1775973702.5136588,-2.0,-6.0,-114.0
1775973702.523659,-3.0,-4.0,-107.0
1775973702.533659,-7.0,0.0,-108.0
1775973702.543659,-10.0,-3.0,-109.0
1775973702.553659,-10.0,-3.0,-116.0
1775973702.563659,-9.0,1.0,-114.0
1775973702.573659,-13.0,1.0,-114.0
1775973702.583659,-5.0,2.0,-122.0
1775973702.593659,-7.0,0.0,-121.0
1775973702.603659,-5.0,1.0,-114.0
1775973702.613659,-4.0,1.0,-110.0
1775973702.623659,-2.0,-1.0,-108.0
1775973702.633659,-7.0,-1.0,-111.0
1775973702.6436589,-5.0,0.0,-115.0
1775973702.6536589,-3.0,0.0,-114.0
1775973702.6636589,3.0,-3.0,-108.0
1775973702.6736588,5.0,-2.0,-115.0
1775973702.6836588,4.0,-3.0,-111.0
1775973702.6936588,4.0,-1.0,-108.0
1775973702.7036588,0.0,-1.0,-109.0
1775973702.7136588,0.0,-2.0,-107.0
1775973702.7236588,1.0,-2.0,-106.0
1775973702.7336588,-1.0,0.0,-107.0
1775973702.7436588,0.0,-5.0,-102.0
1775973702.7536588,0.0,-4.0,-103.0
1775973702.7636588,-1.0,-6.0,-99.0
1775973702.773659,-5.0,-9.0,-97.0
1775973702.784659,-1.0,-9.0,-103.0
1775973702.794659,4.0,-6.0,-113.0
1775973702.804659,5.0,-4.0,-115.0
1775973702.8146589,7.0,-2.0,-111.0
1775973702.8246589,6.0,-4.0,-105.0
1775973702.8346589,2.0,-3.0,-106.0
1775973702.8446589,-2.0,-4.0,-99.0
1775973702.8546588,0.0,-4.0,-104.0
1775973702.8646588,2.0,-3.0,-111.0
1775973702.8746588,0.0,-5.0,-107.0
1775973702.8846588,1.0,-3.0,-102.0
1775973702.8946588,0.0,-1.0,-102.0
1775973702.9046588,-1.0,1.0,-106.0
1775973702.9146588,0.0,0.0,-112.0
1775973702.9246588,1.0,3.0,-118.0
1775973702.9346588,-2.0,2.0,-116.0
1775973702.944659,0.0,1.0,-116.0
1775973702.954659,-1.0,6.0,-117.0
1775973702.964659,-1.0,8.0,-111.0
1775973702.974659,0.0,4.0,-115.0
1775973702.984659,-3.0,0.0,-104.0
1775973702.994659,-4.0,-2.0,-104.0
1775973703.004659,-4.0,-2.0,-104.0
1775973703.014659,-5.0,0.0,-107.0
1775973703.024659,0.0,1.0,-110.0
1775973703.034659,-1.0,3.0,-111.0
1775973703.044659,-8.0,2.0,-107.0
1775973703.054659,-7.0,0.0,-104.0
1775973703.0646589,-5.0,-3.0,-105.0
1775973703.0746589,-5.0,-6.0,-108.0
1775973703.0846589,-5.0,-3.0,-104.0
1775973703.0946589,-1.0,-5.0,-107.0
1775973703.1046588,-3.0,-3.0,-113.0
1775973703.1146588,0.0,-1.0,-117.0
1775973703.1246588,2.0,-3.0,-119.0
1775973703.1346588,3.0,-4.0,-115.0
1775973703.1446588,-6.0,0.0,-112.0
1775973703.1546588,-5.0,0.0,-110.0
1775973703.1646588,-1.0,0.0,-113.0
1775973703.1746588,0.0,-1.0,-108.0
1775973703.1846588,0.0,0.0,-106.0
1775973703.194659,-1.0,0.0,-104.0
1775973703.204659,-2.0,4.0,-107.0
1775973703.214659,-2.0,8.0,-103.0
1775973703.224659,0.0,7.0,-102.0
1775973703.234659,2.0,9.0,-105.0
1775973703.244659,8.0,4.0,-104.0
1775973703.254659,6.0,2.0,-101.0
1775973703.264659,1.0,1.0,-95.0
1775973703.274659,-1.0,-3.0,-97.0
1775973703.284659,2.0,-4.0,-106.0
1775973703.294659,2.0,-4.0,-113.0
1775973703.304659,1.0,-4.0,-119.0
1775973703.3146589,-1.0,-2.0,-116.0
1775973703.3246589,1.0,-3.0,-112.0
1775973703.3346589,0.0,-4.0,-110.0
1775973703.3446589,2.0,-5.0,-104.0
1775973703.3546588,0.0,-3.0,-98.0
1775973703.3646588,0.0,-4.0,-98.0
1775973703.3746588,2.0,-8.0,-101.0
1775973703.3846588,4.0,-7.0,-103.0
1775973703.3946588,3.0,-2.0,-108.0
1775973703.4046588,4.0,-4.0,-115.0
1775973703.4146588,3.0,-3.0,-113.0
1775973703.4246588,2.0,-2.0,-110.0
1775973703.4346588,-1.0,0.0,-103.0
1775973703.444659,-5.0,7.0,-105.0
1775973703.454659,-7.0,7.0,-102.0
1775973703.464659,-8.0,8.0,-101.0
1775973703.474659,-9.0,6.0,-105.0
1775973703.484659,-3.0,6.0,-109.0
1775973703.494659,0.0,4.0,-112.0
1775973703.504659,-3.0,7.0,-113.0
1775973703.514659,-5.0,5.0,-109.0
1775973703.524659,-8.0,0.0,-109.0
1775973703.534659,-6.0,-1.0,-107.0
1775973703.544659,-4.0,-2.0,-103.0
1775973703.554659,-1.0,-2.0,-110.0
1775973703.5646589,3.0,-2.0,-110.0
1775973703.5746589,3.0,-1.0,-106.0
1775973703.5846589,3.0,-1.0,-103.0
1775973703.5946589,3.0,-1.0,-99.0
1775973703.6046588,2.0,0.0,-98.0
1775973703.6146588,3.0,4.0,-103.0
1775973703.6246588,2.0,3.0,-106.0
1775973703.6346588,-1.0,0.0,-112.0
1775973703.6446588,0.0,0.0,-112.0
1775973703.6546588,-3.0,-1.0,-112.0
1775973703.6646588,-2.0,0.0,-108.0
1775973703.6746588,-2.0,-1.0,-100.0
1775973703.6846588,-1.0,0.0,-103.0
1775973703.694659,-4.0,0.0,-108.0
1775973703.704659,-7.0,1.0,-112.0
1775973703.714659,-2.0,2.0,-113.0
1775973703.724659,-2.0,7.0,-110.0
1775973703.734659,0.0,7.0,-108.0
1775973703.744659,-4.0,3.0,-103.0
1775973703.754659,-2.0,1.0,-101.0
1775973703.764659,-2.0,2.0,-100.0
1775973703.774659,1.0,0.0,-101.0
1775973703.784659,-1.0,3.0,-99.0
1775973703.794659,-4.0,3.0,-103.0
1775973703.804659,0.0,3.0,-100.0
1775973703.8146589,1.0,3.0,-108.0
1775973703.8246589,2.0,2.0,-108.0
1775973703.8346589,0.0,2.0,-107.0
1775973703.8446589,0.0,1.0,-112.0
1775973703.8546588,3.0,0.0,-113.0
1775973703.8646588,4.0,1.0,-108.0
1775973703.8746588,4.0,0.0,-105.0
1775973703.8846588,2.0,2.0,-107.0
1775973703.8946588,-1.0,0.0,-111.0
1775973703.9046588,-3.0,3.0,-112.0
1775973703.9146588,-1.0,4.0,-111.0
1775973703.9246588,-4.0,0.0,-111.0
1775973703.9346588,-1.0,0.0,-113.0
1775973703.944659,0.0,0.0,-110.0
1775973703.954659,0.0,-2.0,-109.0
1775973703.964659,0.0,-3.0,-112.0
1775973703.974659,0.0,-1.0,-115.0
1775973703.984659,2.0,0.0,-111.0
1775973703.994659,5.0,0.0,-111.0
1775973704.004659,5.0,-1.0,-118.0
1775973704.014659,3.0,-2.0,-121.0
1775973704.024659,5.0,0.0,-115.0
1775973704.034659,1.0,-4.0,-114.0
1775973704.044659,-2.0,-8.0,-112.0
1775973704.054659,-3.0,-4.0,-110.0
1775973704.0646589,-6.0,-6.0,-111.0
1775973704.0746589,-8.0,-3.0,-107.0
1775973704.0846589,-6.0,0.0,-104.0
1775973704.0946589,-5.0,-2.0,-104.0
1775973704.1046588,-4.0,0.0,-105.0
1775973704.1146588,1.0,0.0,-99.0
1775973704.1246588,0.0,-1.0,-104.0
1775973704.1346588,0.0,-3.0,-102.0
1775973704.1446588,-3.0,-5.0,-106.0
1775973704.1546588,-5.0,-8.0,-100.0
1775973704.1646588,0.0,-3.0,-106.0
1775973704.1746588,1.0,-6.0,-106.0
1775973704.1846588,1.0,-6.0,-105.0
1775973704.194659,2.0,-3.0,-112.0
1775973704.204659,1.0,-4.0,-108.0
1775973704.214659,-3.0,-1.0,-103.0
1775973704.224659,-1.0,0.0,-104.0
1775973704.234659,0.0,-2.0,-107.0
1775973704.244659,0.0,0.0,-105.0
1775973704.254659,4.0,0.0,-102.0
1775973704.264659,4.0,0.0,-104.0
1775973704.274659,2.0,0.0,-107.0
1775973704.284659,-1.0,2.0,-113.0
1775973704.294659,-5.0,1.0,-113.0
1775973704.304659,-4.0,4.0,-107.0
1775973704.3146589,-2.0,7.0,-108.0
1775973704.3246589,-2.0,3.0,-109.0
1775973704.3346589,-2.0,6.0,-106.0
1775973704.3446589,-4.0,3.0,-103.0
1775973704.3546588,1.0,3.0,-104.0
1775973704.3646588,1.0,2.0,-102.0
1775973704.3746588,-1.0,0.0,-104.0
1775973704.3846588,-4.0,0.0,-102.0
1775973704.3946588,-6.0,0.0,-107.0
1775973704.4046588,-8.0,0.0,-102.0
1775973704.4146588,-6.0,-1.0,-104.0
1775973704.4246588,-4.0,-1.0,-105.0
1775973704.4346588,-4.0,-3.0,-104.0
1775973704.444659,-4.0,-8.0,-103.0
1775973704.454659,-7.0,-8.0,-101.0
1775973704.464659,-5.0,-8.0,-104.0
1775973704.474659,-3.0,-6.0,-106.0
1775973704.484659,-4.0,-4.0,-108.0
1775973704.494659,-3.0,-5.0,-108.0
1775973704.504659,1.0,-1.0,-106.0
1775973704.514659,1.0,1.0,-103.0
1775973704.524659,1.0,0.0,-103.0
1775973704.534659,-1.0,-2.0,-106.0
1775973704.544659,-1.0,1.0,-107.0
1775973704.554659,0.0,1.0,-109.0
1775973704.5646589,0.0,2.0,-109.0
1775973704.5746589,-4.0,3.0,-107.0
1775973704.5846589,-5.0,2.0,-106.0
1775973704.5946589,-5.0,-1.0,-107.0
1775973704.6046588,-3.0,-2.0,-107.0
1775973704.6146588,1.0,-6.0,-107.0
1775973704.6246588,0.0,-4.0,-108.0
1775973704.6346588,0.0,1.0,-107.0
1775973704.6446588,-2.0,3.0,-110.0
1775973704.6546588,-1.0,6.0,-110.0
1775973704.6646588,0.0,5.0,-112.0
1775973704.6746588,-2.0,4.0,-111.0
1775973704.6846588,0.0,4.0,-114.0
1775973704.694659,2.0,-1.0,-111.0
1775973704.704659,6.0,0.0,-108.0
1775973704.714659,4.0,-1.0,-99.0
1775973704.724659,1.0,-7.0,-103.0
1775973704.734659,3.0,-7.0,-101.0
1775973704.744659,3.0,-7.0,-108.0
1775973704.754659,0.0,-6.0,-111.0
1775973704.764659,3.0,-5.0,-112.0
1775973704.774659,2.0,-4.0,-112.0
1775973704.784659,-2.0,-3.0,-108.0
1775973704.7956588,-2.0,-5.0,-102.0
1775973704.804659,-2.0,-5.0,-105.0
1775973704.8146589,-1.0,-1.0,-100.0
1775973704.8246589,-2.0,0.0,-98.0
1775973704.8356588,-1.0,0.0,-98.0
1775973704.8456588,2.0,0.0,-96.0
1775973704.8556588,6.0,-2.0,-99.0
1775973704.8656588,4.0,-1.0,-110.0
1775973704.875659,1.0,-5.0,-106.0
1775973704.885659,3.0,-6.0,-106.0
1775973704.895659,0.0,-2.0,-111.0
1775973704.905659,-4.0,-1.0,-110.0
1775973704.915659,-5.0,0.0,-103.0
1775973704.925659,-3.0,-1.0,-101.0
1775973704.935659,0.0,-1.0,-104.0
1775973704.945659,-4.0,0.0,-108.0
1775973704.955659,0.0,-2.0,-110.0
1775973704.965659,0.0,0.0,-115.0
1775973704.975659,-1.0,-2.0,-120.0
1775973704.985659,-6.0,-3.0,-124.0
1775973704.9956589,-4.0,-4.0,-124.0
1775973705.0056589,-1.0,-3.0,-121.0
1775973705.0156589,-3.0,0.0,-122.0
1775973705.0256588,1.0,-4.0,-121.0
1775973705.0356588,2.0,-3.0,-124.0
1775973705.0456588,1.0,-3.0,-112.0
1775973705.0556588,2.0,-1.0,-115.0
1775973705.0656588,5.0,0.0,-121.0
1775973705.0756588,4.0,0.0,-119.0
1775973705.0856588,0.0,-2.0,-111.0
1775973705.0956588,0.0,-5.0,-107.0
1775973705.1056588,1.0,-6.0,-107.0
1775973705.1156588,0.0,-3.0,-100.0
1775973705.125659,-1.0,0.0,-96.0
1775973705.135659,-5.0,0.0,-95.0
1775973705.145659,-4.0,-5.0,-101.0
1775973705.155659,-2.0,-7.0,-93.0
1775973705.165659,1.0,-9.0,-92.0
1775973705.175659,-3.0,-4.0,-95.0
1775973705.185659,-5.0,-3.0,-98.0
1775973705.195659,-1.0,0.0,-93.0
1775973705.205659,-1.0,0.0,-101.0
1775973705.215659,-1.0,-2.0,-109.0
1775973705.225659,0.0,0.0,-104.0
1775973705.235659,2.0,1.0,-108.0
1775973705.2456589,2.0,0.0,-104.0
1775973705.2556589,0.0,-3.0,-109.0
1775973705.2656589,0.0,-2.0,-102.0
1775973705.2756588,0.0,-1.0,-103.0
1775973705.2856588,0.0,-3.0,-106.0
1775973705.2956588,-3.0,-3.0,-105.0
1775973705.3056588,0.0,0.0,-105.0
1775973705.3156588,6.0,-1.0,-106.0
1775973705.3256588,8.0,4.0,-104.0
1775973705.3356588,7.0,10.0,-107.0
1775973705.3456588,1.0,9.0,-107.0
1775973705.3556588,-2.0,7.0,-109.0
1775973705.3656588,-2.0,1.0,-112.0
1775973705.375659,1.0,2.0,-103.0
1775973705.385659,1.0,0.0,-106.0
1775973705.395659,0.0,0.0,-108.0
1775973705.405659,0.0,1.0,-110.0
1775973705.415659,2.0,-2.0,-107.0
1775973705.425659,2.0,-1.0,-110.0
1775973705.435659,1.0,0.0,-105.0
1775973705.445659,0.0,6.0,-97.0
1775973705.455659,3.0,7.0,-92.0
1775973705.465659,6.0,8.0,-102.0
1775973705.475659,3.0,5.0,-106.0
1775973705.485659,0.0,2.0,-105.0
1775973705.4956589,0.0,3.0,-105.0
1775973705.5056589,1.0,0.0,-104.0
1775973705.5156589,-1.0,4.0,-107.0
1775973705.5256588,-5.0,5.0,-106.0
1775973705.5356588,-6.0,4.0,-107.0
1775973705.5456588,-2.0,5.0,-105.0
1775973705.5556588,0.0,6.0,-103.0
1775973705.5656588,1.0,5.0,-106.0
1775973705.5756588,-2.0,4.0,-111.0
1775973705.5856588,-3.0,1.0,-116.0
1775973705.5956588,-4.0,0.0,-116.0
1775973705.6056588,-2.0,-3.0,-115.0
1775973705.6156588,-3.0,-7.0,-120.0
1775973705.625659,-5.0,-11.0,-119.0
1775973705.635659,0.0,-10.0,-115.0
1775973705.645659,0.0,-9.0,-115.0
1775973705.655659,0.0,-7.0,-105.0
1775973705.665659,0.0,-4.0,-106.0
1775973705.675659,-2.0,-6.0,-109.0
1775973705.685659,-3.0,-4.0,-108.0
1775973705.695659,-3.0,-3.0,-117.0
1775973705.705659,0.0,-7.0,-118.0
1775973705.715659,2.0,-6.0,-119.0
1775973705.725659,0.0,-7.0,-113.0
1775973705.735659,-1.0,-6.0,-108.0
1775973705.7456589,-5.0,-9.0,-110.0
1775973705.7556589,-5.0,-3.0,-112.0
1775973705.7656589,-7.0,0.0,-114.0
1775973705.7756588,-8.0,1.0,-113.0
1775973705.7856588,-11.0,-3.0,-117.0
1775973705.7956588,-15.0,-7.0,-113.0
1775973705.8056588,-10.0,-1.0,-117.0
1775973705.8156588,-11.0,2.0,-119.0
1775973705.8256588,-7.0,4.0,-114.0
1775973705.8356588,-3.0,5.0,-110.0
1775973705.8456588,-4.0,5.0,-107.0
1775973705.8556588,-5.0,0.0,-106.0
1775973705.8656588,-2.0,-2.0,-107.0
1775973705.875659,-1.0,-4.0,-108.0
1775973705.885659,1.0,-2.0,-109.0
1775973705.895659,-1.0,-3.0,-109.0
1775973705.906659,-2.0,-7.0,-103.0
1775973705.915659,-2.0,-4.0,-100.0
1775973705.925659,0.0,-5.0,-101.0
1775973705.935659,3.0,-5.0,-107.0
1775973705.945659,1.0,-4.0,-112.0
1775973705.955659,0.0,-6.0,-104.0
1775973705.965659,-2.0,-9.0,-110.0
1775973705.975659,-3.0,-10.0,-106.0
1775973705.985659,0.0,-6.0,-107.0
1775973705.9956589,-1.0,-1.0,-105.0
1775973706.0056589,-2.0,0.0,-104.0
1775973706.0156589,1.0,1.0,-109.0
1775973706.0256588,2.0,3.0,-112.0
1775973706.0356588,2.0,5.0,-107.0
1775973706.0456588,-1.0,1.0,-106.0
1775973706.0556588,-2.0,3.0,-106.0
1775973706.0656588,-3.0,3.0,-112.0
1775973706.0756588,-2.0,4.0,-114.0
1775973706.0856588,-5.0,3.0,-107.0
1775973706.0956588,-4.0,3.0,-110.0
1775973706.1056588,-5.0,0.0,-113.0
1775973706.1156588,-3.0,-3.0,-111.0
1775973706.125659,-1.0,0.0,-110.0
1775973706.135659,-3.0,-3.0,-107.0
1775973706.145659,-1.0,-5.0,-107.0
1775973706.155659,-3.0,-3.0,-99.0
1775973706.165659,-5.0,-2.0,-103.0
1775973706.175659,-2.0,0.0,-101.0
1775973706.185659,-6.0,2.0,-108.0
1775973706.195659,-2.0,0.0,-106.0
1775973706.205659,3.0,4.0,-105.0
1775973706.215659,-1.0,6.0,-97.0
1775973706.225659,0.0,3.0,-103.0
1775973706.235659,0.0,1.0,-102.0
1775973706.2456589,0.0,1.0,-103.0
1775973706.2556589,1.0,-1.0,-104.0
1775973706.2656589,3.0,-2.0,-107.0
1775973706.2756588,5.0,-6.0,-107.0
1775973706.2856588,8.0,-10.0,-107.0
1775973706.2956588,4.0,-9.0,-112.0
1775973706.3056588,3.0,-7.0,-116.0
1775973706.3156588,2.0,-6.0,-114.0
1775973706.3256588,1.0,-3.0,-117.0
1775973706.3356588,1.0,0.0,-114.0
1775973706.3456588,5.0,1.0,-112.0
1775973706.3556588,5.0,0.0,-117.0
1775973706.3656588,5.0,0.0,-109.0
1775973706.375659,3.0,-1.0,-110.0
1775973706.385659,4.0,-3.0,-112.0
1775973706.395659,2.0,-2.0,-113.0
1775973706.405659,-1.0,0.0,-106.0
1775973706.415659,-4.0,0.0,-112.0
1775973706.425659,-3.0,3.0,-115.0
1775973706.435659,-1.0,4.0,-116.0
1775973706.445659,2.0,3.0,-123.0
1775973706.455659,3.0,-2.0,-128.0
1775973706.465659,2.0,-2.0,-120.0
1775973706.475659,1.0,0.0,-119.0
1775973706.485659,5.0,-6.0,-117.0
1775973706.4956589,2.0,-2.0,-115.0
1775973706.5056589,0.0,-3.0,-116.0
1775973706.5156589,0.0,-2.0,-115.0
1775973706.5256588,3.0,0.0,-119.0
1775973706.5356588,4.0,0.0,-117.0
1775973706.5456588,2.0,1.0,-114.0
1775973706.5556588,2.0,2.0,-113.0
1775973706.5656588,1.0,0.0,-112.0
1775973706.5756588,-2.0,-3.0,-107.0
1775973706.5856588,0.0,-1.0,-108.0
1775973706.5956588,0.0,-2.0,-104.0
1775973706.6056588,0.0,0.0,-105.0
1775973706.6156588,0.0,3.0,-97.0
1775973706.625659,2.0,2.0,-99.0
1775973706.635659,2.0,3.0,-97.0
1775973706.645659,0.0,0.0,-99.0
1775973706.655659,-4.0,1.0,-103.0
1775973706.665659,-3.0,-3.0,-103.0
1775973706.675659,-1.0,-3.0,-106.0
1775973706.685659,-2.0,-6.0,-105.0
1775973706.695659,-6.0,-2.0,-108.0
1775973706.705659,-9.0,0.0,-107.0
1775973706.715659,-7.0,0.0,-111.0
1775973706.725659,-3.0,1.0,-115.0
1775973706.735659,-4.0,3.0,-117.0
1775973706.7456589,-3.0,0.0,-113.0
1775973706.7556589,-8.0,-3.0,-114.0
1775973706.7656589,-8.0,0.0,-114.0
1775973706.7756588,-5.0,1.0,-115.0
1775973706.7856588,-7.0,0.0,-117.0
1775973706.7956588,-7.0,-1.0,-115.0
1775973706.8056588,-7.0,-5.0,-115.0
1775973706.8156588,-9.0,-2.0,-112.0
1775973706.8256588,-12.0,-5.0,-106.0
1775973706.8356588,-7.0,-5.0,-105.0
1775973706.8456588,-8.0,-3.0,-103.0
1775973706.8556588,-3.0,-2.0,-101.0
1775973706.8656588,1.0,-3.0,-93.0
1775973706.875659,0.0,-6.0,-97.0
1775973706.886659,0.0,-8.0,-101.0
1775973706.896659,0.0,-7.0,-99.0
1775973706.906659,5.0,-7.0,-101.0
1775973706.9166589,0.0,-7.0,-105.0
1775973706.9266589,-2.0,-1.0,-118.0
1775973706.9366589,-3.0,-2.0,-117.0
1775973706.9466588,-2.0,-4.0,-114.0
1775973706.9566588,0.0,-9.0,-114.0
1775973706.9666588,4.0,-6.0,-112.0
1775973706.9766588,4.0,-1.0,-113.0
1775973706.9866588,3.0,2.0,-107.0
1775973706.9966588,4.0,3.0,-106.0
1775973707.0066588,2.0,4.0,-104.0
1775973707.0166588,1.0,6.0,-96.0
1775973707.0266588,2.0,4.0,-98.0
1775973707.0366588,3.0,5.0,-102.0
1775973707.046659,7.0,3.0,-103.0
1775973707.056659,3.0,2.0,-107.0
1775973707.066659,-4.0,2.0,-103.0
1775973707.076659,-2.0,1.0,-109.0
1775973707.086659,0.0,0.0,-109.0
1775973707.096659,0.0,1.0,-112.0
1775973707.106659,2.0,3.0,-112.0
1775973707.116659,4.0,0.0,-106.0
1775973707.126659,6.0,0.0,-109.0
1775973707.136659,4.0,-3.0,-108.0
1775973707.146659,0.0,-4.0,-106.0
1775973707.156659,0.0,-5.0,-103.0
1775973707.1666589,-1.0,0.0,-107.0
1775973707.1766589,-3.0,2.0,-108.0
1775973707.1866589,-3.0,4.0,-110.0
1775973707.1966588,-1.0,2.0,-112.0
1775973707.2066588,2.0,1.0,-109.0
1775973707.2166588,5.0,-4.0,-105.0
1775973707.2266588,2.0,-5.0,-101.0
1775973707.2366588,0.0,-2.0,-97.0
1775973707.2466588,-1.0,0.0,-92.0
1775973707.2566588,-2.0,0.0,-90.0
1775973707.2666588,-2.0,-1.0,-91.0
1775973707.2766588,-5.0,-3.0,-95.0
1775973707.2866588,-3.0,-2.0,-100.0
1775973707.296659,0.0,0.0,-97.0
1775973707.306659,-5.0,-1.0,-96.0
1775973707.316659,-2.0,1.0,-96.0
1775973707.326659,1.0,2.0,-97.0
1775973707.336659,1.0,2.0,-106.0
1775973707.346659,-1.0,4.0,-109.0
1775973707.356659,-2.0,5.0,-108.0
1775973707.366659,0.0,4.0,-112.0
1775973707.376659,-1.0,2.0,-116.0
1775973707.386659,-1.0,-1.0,-112.0
1775973707.396659,-3.0,-1.0,-114.0
1775973707.406659,-8.0,0.0,-111.0
1775973707.4166589,-5.0,2.0,-109.0
1775973707.4266589,-2.0,-1.0,-108.0
1775973707.4366589,1.0,-1.0,-105.0
1775973707.4466588,3.0,-2.0,-106.0
1775973707.4566588,2.0,-3.0,-100.0
1775973707.4666588,0.0,-2.0,-105.0
1775973707.4766588,-2.0,-1.0,-109.0
1775973707.4866588,3.0,-4.0,-114.0
1775973707.4966588,-2.0,-4.0,-115.0
1775973707.5066588,-2.0,-2.0,-115.0
1775973707.5166588,-2.0,1.0,-114.0
1775973707.5266588,-3.0,2.0,-113.0
1775973707.5366588,-3.0,-2.0,-109.0
1775973707.546659,0.0,-5.0,-113.0
1775973707.556659,4.0,-4.0,-111.0
1775973707.566659,2.0,-5.0,-110.0
1775973707.576659,1.0,-7.0,-106.0
1775973707.586659,1.0,-6.0,-111.0
1775973707.596659,1.0,-3.0,-115.0
1775973707.606659,3.0,-3.0,-110.0
1775973707.616659,3.0,-2.0,-111.0
1775973707.626659,6.0,-5.0,-111.0
1775973707.636659,7.0,-6.0,-108.0
1775973707.646659,4.0,-6.0,-108.0
1775973707.656659,3.0,-9.0,-109.0
1775973707.6666589,6.0,-10.0,-109.0
1775973707.6766589,3.0,-5.0,-107.0
1775973707.6866589,0.0,-4.0,-106.0
1775973707.6966588,-2.0,-4.0,-106.0
1775973707.7066588,1.0,-3.0,-106.0
1775973707.7166588,0.0,-4.0,-101.0
1775973707.7266588,1.0,-2.0,-101.0
1775973707.7366588,-2.0,-2.0,-105.0
1775973707.7466588,-3.0,-1.0,-106.0
1775973707.7566588,-3.0,0.0,-106.0
1775973707.7666588,-4.0,-3.0,-108.0
1775973707.7766588,-3.0,-5.0,-106.0
1775973707.7866588,0.0,-3.0,-106.0
1775973707.796659,-4.0,1.0,-105.0
1775973707.806659,-5.0,2.0,-104.0
1775973707.816659,-4.0,1.0,-104.0
1775973707.826659,-1.0,-1.0,-104.0
1775973707.836659,-2.0,-2.0,-110.0
1775973707.846659,1.0,0.0,-116.0
1775973707.856659,0.0,2.0,-115.0
1775973707.866659,-3.0,1.0,-115.0
1775973707.876659,-6.0,1.0,-111.0
1775973707.886659,-3.0,0.0,-108.0
1775973707.896659,-4.0,-1.0,-113.0
1775973707.906659,-5.0,-2.0,-108.0
1775973707.9166589,-8.0,-2.0,-110.0
1775973707.9266589,-7.0,-2.0,-110.0
1775973707.9366589,-4.0,-3.0,-111.0
1775973707.9466588,-5.0,-1.0,-107.0
1775973707.9566588,-7.0,-4.0,-98.0
1775973707.9666588,-4.0,-6.0,-94.0
1775973707.9766588,-3.0,-5.0,-102.0
1775973707.9866588,-1.0,-1.0,-99.0
1775973707.9966588,1.0,0.0,-101.0
1775973708.0066588,0.0,1.0,-108.0
1775973708.0166588,-1.0,1.0,-113.0
1775973708.0266588,0.0,-1.0,-107.0
1775973708.0366588,-1.0,-3.0,-105.0
1775973708.046659,-2.0,-4.0,-105.0
1775973708.056659,-2.0,-3.0,-102.0
1775973708.066659,-4.0,-3.0,-105.0
1775973708.076659,-5.0,-3.0,-106.0
1775973708.086659,-1.0,1.0,-114.0
1775973708.096659,0.0,2.0,-116.0
1775973708.106659,-2.0,0.0,-116.0
1775973708.116659,-2.0,-3.0,-118.0
1775973708.126659,-4.0,-7.0,-115.0
1775973708.136659,-7.0,-6.0,-106.0
1775973708.146659,-6.0,-8.0,-104.0
1775973708.156659,-9.0,-6.0,-103.0
1775973708.1666589,-3.0,-5.0,-101.0
1775973708.1766589,-1.0,-1.0,-104.0
1775973708.1866589,-1.0,1.0,-108.0
1775973708.1966588,-6.0,0.0,-106.0
1775973708.2066588,-7.0,0.0,-104.0
1775973708.2166588,-8.0,3.0,-108.0
1775973708.2266588,-5.0,3.0,-115.0
1775973708.2366588,-2.0,2.0,-121.0
1775973708.2466588,-4.0,0.0,-120.0
1775973708.2566588,-3.0,0.0,-123.0
1775973708.2666588,-3.0,1.0,-112.0
1775973708.2766588,-3.0,4.0,-110.0
1775973708.2866588,-1.0,5.0,-111.0
1775973708.296659,-1.0,5.0,-115.0
1775973708.306659,-2.0,4.0,-111.0
1775973708.316659,-5.0,2.0,-107.0
1775973708.326659,-3.0,0.0,-107.0
1775973708.336659,0.0,0.0,-102.0
1775973708.346659,-3.0,-2.0,-104.0
1775973708.356659,-4.0,-2.0,-105.0
1775973708.366659,-7.0,-3.0,-107.0
1775973708.376659,-4.0,0.0,-109.0
1775973708.386659,-9.0,-1.0,-114.0
1775973708.396659,-6.0,-6.0,-118.0
1775973708.406659,-2.0,-2.0,-109.0
1775973708.4166589,0.0,-1.0,-105.0
1775973708.4266589,-1.0,0.0,-102.0
1775973708.4366589,1.0,3.0,-96.0
1775973708.4466588,-1.0,2.0,-92.0
1775973708.4566588,-1.0,1.0,-93.0
1775973708.4666588,0.0,2.0,-99.0
1775973708.4766588,-4.0,-1.0,-101.0
1775973708.4866588,-3.0,-5.0,-104.0
1775973708.4966588,-4.0,-6.0,-107.0
1775973708.5066588,-3.0,-3.0,-109.0
1775973708.5166588,-6.0,-3.0,-110.0
1775973708.5266588,-8.0,-4.0,-102.0
1775973708.5366588,-8.0,-7.0,-100.0
1775973708.546659,-7.0,-3.0,-98.0
1775973708.556659,-2.0,1.0,-101.0
1775973708.566659,-5.0,0.0,-101.0
1775973708.576659,-2.0,-2.0,-101.0
1775973708.586659,0.0,-3.0,-101.0
1775973708.596659,1.0,-4.0,-95.0
1775973708.606659,2.0,-7.0,-96.0
1775973708.616659,2.0,-4.0,-99.0
1775973708.626659,0.0,0.0,-101.0
1775973708.636659,0.0,3.0,-107.0
1775973708.646659,-3.0,2.0,-105.0
1775973708.656659,-1.0,4.0,-107.0
1775973708.6666589,-2.0,4.0,-111.0
1775973708.6766589,-2.0,1.0,-112.0
1775973708.6866589,1.0,-1.0,-110.0
1775973708.6966588,4.0,0.0,-106.0
1775973708.7066588,4.0,0.0,-105.0
1775973708.7166588,6.0,-6.0,-100.0
1775973708.7266588,1.0,-10.0,-100.0
1775973708.7366588,0.0,-9.0,-99.0
1775973708.7466588,-5.0,-4.0,-102.0
1775973708.7566588,-2.0,-3.0,-99.0
1775973708.7666588,0.0,-1.0,-101.0
1775973708.7766588,0.0,1.0,-102.0
1775973708.7866588,0.0,2.0,-103.0
1775973708.796659,2.0,-3.0,-111.0
1775973708.806659,0.0,-2.0,-116.0
1775973708.816659,0.0,1.0,-118.0
1775973708.826659,-1.0,0.0,-116.0
1775973708.836659,-6.0,0.0,-117.0
1775973708.846659,-7.0,3.0,-118.0
1775973708.856659,-1.0,1.0,-114.0
1775973708.866659,-4.0,2.0,-116.0
1775973708.876659,-8.0,0.0,-113.0
1775973708.886659,-5.0,-1.0,-110.0
1775973708.896659,-1.0,-4.0,-112.0
1775973708.906659,0.0,-3.0,-108.0
1775973708.9176588,0.0,0.0,-102.0
1775973708.9276588,-1.0,0.0,-97.0
1775973708.9366589,-3.0,1.0,-100.0
1775973708.9476588,-4.0,1.0,-100.0
1775973708.9566588,-1.0,2.0,-97.0
1775973708.9676588,-3.0,1.0,-96.0
1775973708.977659,-1.0,1.0,-101.0
1775973708.987659,-3.0,1.0,-98.0
1775973708.997659,-5.0,0.0,-105.0
1775973709.007659,-3.0,0.0,-108.0
1775973709.017659,-1.0,-4.0,-110.0
1775973709.027659,-5.0,-5.0,-113.0
1775973709.037659,-4.0,-8.0,-114.0
1775973709.047659,-2.0,-4.0,-116.0
1775973709.057659,-2.0,-2.0,-119.0
1775973709.067659,-2.0,0.0,-124.0
1775973709.077659,-3.0,3.0,-125.0
1775973709.087659,-1.0,1.0,-116.0
1775973709.0976589,0.0,1.0,-110.0
1775973709.1076589,0.0,0.0,-105.0
1775973709.1176589,0.0,-2.0,-104.0
1775973709.1276588,1.0,-1.0,-102.0
1775973709.1376588,4.0,0.0,-94.0
1775973709.1476588,-3.0,2.0,-97.0
1775973709.1576588,-3.0,2.0,-99.0
1775973709.1676588,-6.0,2.0,-105.0
1775973709.1776588,-5.0,2.0,-101.0
1775973709.1876588,-3.0,1.0,-97.0
1775973709.1976588,0.0,-4.0,-99.0
1775973709.2076588,0.0,-2.0,-103.0
1775973709.2176588,3.0,-2.0,-108.0
1775973709.227659,5.0,-3.0,-111.0
1775973709.237659,3.0,-4.0,-113.0
1775973709.247659,2.0,1.0,-110.0
1775973709.257659,5.0,0.0,-113.0
1775973709.267659,4.0,1.0,-113.0
1775973709.277659,0.0,-1.0,-116.0
1775973709.287659,-4.0,0.0,-112.0
1775973709.297659,-8.0,1.0,-111.0
1775973709.307659,-5.0,-2.0,-114.0
1775973709.317659,-6.0,0.0,-113.0
1775973709.327659,-5.0,-3.0,-115.0
1775973709.337659,-5.0,-4.0,-112.0
1775973709.3476589,-7.0,-1.0,-107.0
1775973709.3576589,-7.0,1.0,-111.0
1775973709.3676589,-7.0,1.0,-108.0
1775973709.3776588,-3.0,2.0,-108.0
1775973709.3876588,-9.0,1.0,-111.0
1775973709.3976588,-7.0,3.0,-110.0
1775973709.4076588,-4.0,3.0,-114.0
1775973709.4176588,-3.0,0.0,-116.0
1775973709.4276588,-2.0,3.0,-113.0
1775973709.4376588,-2.0,1.0,-108.0
1775973709.4476588,0.0,3.0,-106.0
1775973709.4576588,0.0,3.0,-106.0
1775973709.4676588,-1.0,2.0,-110.0
1775973709.477659,0.0,5.0,-114.0
1775973709.487659,3.0,8.0,-118.0
1775973709.497659,2.0,7.0,-113.0
1775973709.507659,4.0,7.0,-110.0
1775973709.517659,8.0,2.0,-109.0
1775973709.527659,3.0,-2.0,-107.0
1775973709.537659,0.0,-4.0,-105.0
1775973709.547659,0.0,0.0,-108.0
1775973709.557659,-3.0,0.0,-110.0
1775973709.567659,0.0,-3.0,-115.0
1775973709.577659,-5.0,-5.0,-110.0
1775973709.587659,-7.0,-6.0,-117.0
1775973709.5976589,-7.0,0.0,-124.0
1775973709.6076589,-6.0,-6.0,-124.0
1775973709.6176589,-4.0,-9.0,-121.0
1775973709.6276588,-3.0,-7.0,-118.0
1775973709.6376588,-7.0,-6.0,-118.0
1775973709.6476588,-10.0,-7.0,-116.0
1775973709.6576588,-5.0,-3.0,-105.0
1775973709.6676588,2.0,-3.0,-106.0
1775973709.6776588,0.0,0.0,-107.0
1775973709.6876588,-5.0,-1.0,-106.0
1775973709.6976588,-3.0,-1.0,-106.0
1775973709.7076588,-4.0,-1.0,-108.0
1775973709.7176588,-5.0,-1.0,-117.0
1775973709.727659,-6.0,-1.0,-113.0
1775973709.737659,-8.0,-2.0,-105.0
1775973709.747659,-8.0,-1.0,-107.0
1775973709.757659,-8.0,0.0,-106.0
1775973709.767659,-6.0,1.0,-109.0
1775973709.777659,-1.0,1.0,-108.0
1775973709.787659,0.0,5.0,-106.0
1775973709.797659,0.0,1.0,-105.0
1775973709.807659,0.0,2.0,-105.0
1775973709.817659,-2.0,2.0,-105.0
1775973709.827659,-5.0,1.0,-117.0
1775973709.837659,-1.0,4.0,-115.0
1775973709.8476589,1.0,1.0,-115.0
1775973709.8576589,0.0,2.0,-114.0
1775973709.8676589,0.0,1.0,-112.0
1775973709.8776588,1.0,0.0,-112.0
1775973709.8876588,3.0,2.0,-117.0
1775973709.8976588,3.0,2.0,-120.0
1775973709.9076588,0.0,3.0,-119.0
1775973709.9176588,-6.0,2.0,-116.0
1775973709.9276588,-7.0,3.0,-123.0
1775973709.9376588,-6.0,2.0,-122.0
1775973709.9476588,-3.0,1.0,-120.0
1775973709.9576588,-1.0,0.0,-114.0
1775973709.9676588,1.0,-2.0,-112.0
1775973709.977659,2.0,-3.0,-115.0
1775973709.987659,2.0,0.0,-114.0
1775973709.997659,4.0,2.0,-113.0
1775973710.007659,2.0,-2.0,-114.0
1775973710.017659,2.0,-4.0,-109.0
1775973710.027659,2.0,-2.0,-106.0
1775973710.037659,0.0,-1.0,-112.0
1775973710.047659,0.0,-2.0,-114.0
1775973710.057659,-2.0,-2.0,-107.0
1775973710.067659,-4.0,-6.0,-109.0
1775973710.077659,1.0,-6.0,-109.0
1775973710.087659,2.0,-1.0,-106.0
1775973710.0976589,6.0,-1.0,-96.0
1775973710.1076589,6.0,1.0,-95.0
1775973710.1176589,3.0,3.0,-96.0
1775973710.1276588,2.0,3.0,-94.0
1775973710.1376588,3.0,0.0,-100.0
1775973710.1476588,2.0,-2.0,-100.0
1775973710.1576588,-2.0,-4.0,-104.0
1775973710.1676588,-5.0,-6.0,-105.0
1775973710.1776588,-5.0,-1.0,-106.0
1775973710.1876588,-2.0,-4.0,-113.0
1775973710.1976588,2.0,-4.0,-118.0
1775973710.2076588,2.0,-2.0,-122.0
1775973710.2176588,1.0,-4.0,-119.0
1775973710.227659,0.0,-3.0,-114.0
1775973710.237659,1.0,0.0,-111.0
1775973710.247659,0.0,0.0,-112.0
1775973710.257659,-2.0,-1.0,-108.0
1775973710.267659,-4.0,0.0,-104.0
1775973710.277659,0.0,0.0,-109.0
1775973710.287659,7.0,0.0,-105.0
1775973710.297659,6.0,1.0,-109.0
1775973710.307659,3.0,3.0,-116.0
1775973710.317659,1.0,0.0,-118.0
1775973710.327659,0.0,2.0,-119.0
1775973710.337659,-2.0,1.0,-117.0
1775973710.3476589,2.0,0.0,-117.0
1775973710.3576589,2.0,0.0,-109.0
1775973710.3676589,4.0,0.0,-109.0
1775973710.3776588,3.0,-1.0,-118.0
1775973710.3876588,1.0,0.0,-119.0
1775973710.3976588,0.0,-4.0,-114.0
1775973710.4076588,0.0,0.0,-112.0
1775973710.4176588,1.0,-1.0,-103.0
1775973710.4276588,4.0,-2.0,-95.0
1775973710.4376588,4.0,-7.0,-95.0
1775973710.4476588,5.0,-6.0,-96.0
1775973710.4576588,8.0,-6.0,-100.0
1775973710.4676588,7.0,-7.0,-98.0
1775973710.477659,4.0,-4.0,-99.0
1775973710.487659,1.0,-6.0,-107.0
1775973710.497659,2.0,-1.0,-109.0
1775973710.507659,1.0,-1.0,-107.0
1775973710.517659,-3.0,-1.0,-110.0
1775973710.527659,-5.0,-3.0,-107.0
1775973710.537659,-1.0,-5.0,-103.0
1775973710.547659,0.0,-2.0,-101.0
1775973710.557659,-3.0,-6.0,-112.0
1775973710.567659,-7.0,-2.0,-118.0
1775973710.577659,-7.0,0.0,-112.0
1775973710.587659,-5.0,0.0,-108.0
1775973710.5976589,-3.0,0.0,-110.0
1775973710.6076589,0.0,1.0,-109.0
1775973710.6176589,-2.0,0.0,-106.0
1775973710.6276588,0.0,0.0,-111.0
1775973710.6376588,3.0,2.0,-109.0
1775973710.6476588,1.0,-3.0,-102.0
1775973710.6576588,1.0,-6.0,-96.0
1775973710.6676588,3.0,-9.0,-99.0
1775973710.6776588,10.0,-9.0,-98.0
1775973710.6876588,12.0,-4.0,-100.0
1775973710.6976588,14.0,-2.0,-97.0
1775973710.7076588,8.0,0.0,-99.0
1775973710.7176588,5.0,2.0,-104.0
1775973710.727659,0.0,4.0,-101.0
1775973710.737659,1.0,4.0,-101.0
1775973710.747659,3.0,2.0,-111.0
1775973710.757659,3.0,0.0,-112.0
1775973710.767659,1.0,0.0,-110.0
1775973710.777659,0.0,-3.0,-104.0
1775973710.787659,1.0,0.0,-102.0
1775973710.797659,1.0,-2.0,-100.0
1775973710.807659,3.0,0.0,-106.0
1775973710.817659,-2.0,0.0,-102.0
1775973710.827659,0.0,0.0,-99.0
1775973710.837659,-3.0,1.0,-101.0
1775973710.8476589,-6.0,0.0,-98.0
1775973710.8576589,-9.0,-5.0,-100.0
1775973710.8676589,-10.0,-6.0,-108.0
1775973710.8776588,-10.0,-6.0,-110.0
1775973710.8876588,-6.0,-4.0,-116.0
1775973710.8976588,-2.0,0.0,-114.0
1775973710.9076588,4.0,0.0,-113.0
1775973710.9176588,2.0,1.0,-112.0
1775973710.9276588,-1.0,1.0,-113.0
1775973710.9376588,0.0,0.0,-112.0
1775973710.9476588,0.0,2.0,-114.0
1775973710.9576588,4.0,2.0,-114.0
1775973710.9676588,6.0,1.0,-109.0
1775973710.978659,4.0,2.0,-105.0
1775973710.988659,4.0,-1.0,-108.0
1775973710.998659,3.0,-3.0,-113.0
1775973711.008659,3.0,-6.0,-111.0
1775973711.0186589,0.0,-5.0,-109.0
1775973711.0286589,-3.0,-4.0,-110.0
1775973711.0386589,-2.0,-2.0,-113.0
1775973711.0486588,-1.0,-3.0,-117.0
1775973711.0586588,-2.0,-2.0,-113.0
1775973711.0686588,-2.0,-2.0,-114.0
1775973711.0786588,0.0,-2.0,-112.0
1775973711.0886588,1.0,-1.0,-113.0
1775973711.0986588,-2.0,0.0,-112.0
1775973711.1086588,-8.0,2.0,-111.0
1775973711.1186588,-3.0,2.0,-107.0
1775973711.1286588,-1.0,0.0,-108.0
1775973711.1386588,0.0,-5.0,-112.0
1775973711.148659,-1.0,-4.0,-111.0
1775973711.158659,-3.0,-3.0,-102.0
1775973711.168659,-4.0,1.0,-103.0
1775973711.178659,-3.0,3.0,-104.0
1775973711.188659,-7.0,0.0,-109.0
1775973711.198659,-7.0,0.0,-110.0
1775973711.208659,-8.0,0.0,-108.0
1775973711.218659,-5.0,-1.0,-114.0
1775973711.228659,-7.0,1.0,-118.0
1775973711.238659,-7.0,3.0,-119.0
1775973711.248659,-8.0,2.0,-122.0
1775973711.258659,-8.0,4.0,-126.0
1775973711.2686589,-8.0,1.0,-120.0
1775973711.2786589,-9.0,2.0,-125.0
1775973711.2886589,-4.0,5.0,-112.0
1775973711.2986588,-3.0,3.0,-114.0
1775973711.3086588,-6.0,0.0,-117.0
1775973711.3186588,-7.0,-5.0,-111.0
1775973711.3286588,-5.0,-3.0,-109.0
1775973711.3386588,-4.0,-2.0,-108.0
1775973711.3486588,-1.0,-1.0,-103.0
1775973711.3586588,0.0,0.0,-105.0
1775973711.3686588,0.0,0.0,-107.0
1775973711.3786588,-1.0,0.0,-110.0
1775973711.3886588,2.0,-1.0,-111.0
1775973711.398659,2.0,-2.0,-108.0
1775973711.408659,2.0,-1.0,-112.0
1775973711.418659,2.0,-4.0,-113.0
1775973711.428659,-2.0,-8.0,-107.0
1775973711.438659,-2.0,-6.0,-111.0
1775973711.448659,0.0,-4.0,-108.0
1775973711.458659,5.0,-5.0,-110.0
1775973711.468659,4.0,-3.0,-106.0
1775973711.478659,3.0,0.0,-107.0
1775973711.488659,1.0,-3.0,-105.0
1775973711.498659,-3.0,-5.0,-109.0
1775973711.508659,2.0,-4.0,-107.0
1775973711.5186589,1.0,-3.0,-106.0
1775973711.5286589,0.0,-2.0,-108.0
1775973711.5386589,-2.0,0.0,-102.0
1775973711.5486588,-3.0,1.0,-96.0
1775973711.5586588,-6.0,0.0,-96.0
1775973711.5686588,-3.0,0.0,-101.0
1775973711.5786588,0.0,-2.0,-104.0
1775973711.5886588,-2.0,-3.0,-111.0
1775973711.5986588,-4.0,2.0,-112.0
1775973711.6086588,-7.0,0.0,-117.0
1775973711.6186588,-8.0,-4.0,-118.0
1775973711.6286588,-9.0,-5.0,-112.0
1775973711.6386588,-4.0,-6.0,-107.0
1775973711.648659,-6.0,-3.0,-104.0
1775973711.658659,-9.0,-3.0,-103.0
1775973711.668659,-11.0,-6.0,-105.0
1775973711.678659,-4.0,-8.0,-105.0
1775973711.688659,-5.0,-2.0,-104.0
1775973711.698659,-3.0,-2.0,-102.0
1775973711.708659,1.0,-2.0,-101.0
1775973711.718659,1.0,-4.0,-107.0
1775973711.728659,-2.0,-5.0,-103.0
1775973711.738659,-1.0,1.0,-105.0
1775973711.748659,-3.0,-1.0,-109.0
1775973711.758659,-2.0,-6.0,-106.0
1775973711.7686589,0.0,-3.0,-111.0
1775973711.7786589,-3.0,-4.0,-115.0
1775973711.7886589,0.0,-2.0,-114.0
1775973711.7986588,2.0,-1.0,-113.0
1775973711.8086588,2.0,-2.0,-111.0
1775973711.8186588,6.0,-3.0,-112.0
1775973711.8286588,8.0,-7.0,-115.0
1775973711.8386588,8.0,-9.0,-116.0
1775973711.8486588,7.0,-5.0,-120.0
1775973711.8586588,6.0,-7.0,-119.0
1775973711.8686588,4.0,-11.0,-115.0
1775973711.8786588,3.0,-9.0,-106.0
1775973711.8886588,2.0,-7.0,-104.0
1775973711.898659,2.0,-5.0,-105.0
1775973711.908659,0.0,0.0,-103.0
1775973711.918659,-5.0,-5.0,-101.0
1775973711.928659,-5.0,-2.0,-108.0
1775973711.938659,-5.0,-3.0,-112.0
1775973711.948659,-5.0,-4.0,-107.0
1775973711.958659,3.0,-2.0,-104.0
1775973711.968659,4.0,-1.0,-104.0
1775973711.978659,0.0,-1.0,-103.0
1775973711.988659,3.0,-1.0,-105.0
1775973711.998659,3.0,-3.0,-101.0
1775973712.008659,5.0,-5.0,-99.0
1775973712.0186589,4.0,-4.0,-104.0
1775973712.0286589,5.0,-3.0,-111.0
1775973712.0386589,7.0,-3.0,-106.0
1775973712.0486588,4.0,-1.0,-111.0
1775973712.0586588,2.0,-1.0,-113.0
1775973712.0686588,-1.0,0.0,-115.0
1775973712.0786588,-2.0,-1.0,-114.0
1775973712.0886588,-3.0,-4.0,-116.0
1775973712.0986588,-2.0,-2.0,-116.0
1775973712.1086588,3.0,-4.0,-113.0
1775973712.1186588,0.0,-2.0,-117.0
1775973712.1286588,0.0,-5.0,-115.0
1775973712.1386588,-3.0,0.0,-117.0
1775973712.148659,-2.0,3.0,-120.0
1775973712.158659,0.0,3.0,-114.0
1775973712.168659,2.0,2.0,-110.0
1775973712.178659,0.0,-2.0,-109.0
1775973712.188659,-1.0,-1.0,-104.0
1775973712.198659,0.0,1.0,-97.0
1775973712.208659,-2.0,0.0,-102.0
1775973712.218659,-5.0,-2.0,-102.0
1775973712.228659,0.0,0.0,-108.0
1775973712.238659,2.0,-1.0,-106.0
1775973712.248659,-3.0,-1.0,-109.0
1775973712.258659,0.0,-1.0,-115.0
1775973712.2686589,0.0,-1.0,-112.0
1775973712.2786589,2.0,1.0,-114.0
1775973712.2886589,4.0,0.0,-110.0
1775973712.2986588,3.0,-3.0,-109.0
1775973712.3086588,0.0,-3.0,-109.0
1775973712.3186588,1.0,0.0,-107.0
1775973712.3286588,0.0,2.0,-114.0
1775973712.3386588,-1.0,-2.0,-118.0
1775973712.3486588,-5.0,-4.0,-116.0
1775973712.3586588,-5.0,0.0,-116.0
1775973712.3686588,-5.0,1.0,-112.0
1775973712.3786588,-8.0,0.0,-108.0
1775973712.3886588,-8.0,-1.0,-110.0
1775973712.398659,-2.0,-2.0,-109.0
1775973712.408659,-3.0,1.0,-114.0
1775973712.418659,-3.0,0.0,-113.0
1775973712.428659,-3.0,-1.0,-112.0
1775973712.438659,5.0,0.0,-112.0
1775973712.448659,8.0,-1.0,-112.0
1775973712.458659,2.0,0.0,-109.0
1775973712.468659,0.0,0.0,-112.0
1775973712.478659,2.0,1.0,-115.0
1775973712.488659,3.0,0.0,-111.0
1775973712.498659,5.0,5.0,-109.0
1775973712.508659,3.0,8.0,-111.0
1775973712.5186589,4.0,6.0,-109.0
1775973712.5286589,5.0,6.0,-101.0
1775973712.5386589,8.0,6.0,-104.0
1775973712.5486588,11.0,9.0,-104.0
1775973712.5586588,12.0,8.0,-104.0
1775973712.5686588,8.0,5.0,-101.0
1775973712.5786588,5.0,3.0,-107.0
1775973712.5886588,4.0,1.0,-111.0
1775973712.5986588,2.0,-2.0,-114.0
1775973712.6086588,3.0,-5.0,-108.0
1775973712.6186588,1.0,-5.0,-109.0
1775973712.6286588,0.0,-3.0,-109.0
1775973712.6386588,-2.0,-4.0,-101.0
1775973712.648659,-1.0,-2.0,-96.0
1775973712.658659,-1.0,-1.0,-95.0
1775973712.668659,-1.0,-2.0,-99.0
1775973712.678659,0.0,-7.0,-106.0
1775973712.688659,-5.0,-9.0,-106.0
1775973712.698659,-8.0,-7.0,-112.0
1775973712.708659,-6.0,-6.0,-102.0
1775973712.718659,-7.0,-5.0,-107.0
1775973712.728659,-8.0,-6.0,-106.0
1775973712.738659,-8.0,-2.0,-109.0
1775973712.748659,-2.0,-5.0,-113.0
1775973712.758659,1.0,-4.0,-113.0
1775973712.7686589,3.0,-6.0,-117.0
1775973712.7786589,6.0,-6.0,-119.0
1775973712.7886589,4.0,-4.0,-120.0
1775973712.7986588,4.0,-6.0,-112.0
1775973712.8086588,5.0,-3.0,-110.0
1775973712.8186588,0.0,-5.0,-116.0
1775973712.8286588,2.0,-4.0,-116.0
1775973712.8386588,1.0,-3.0,-116.0
1775973712.8486588,4.0,0.0,-109.0
1775973712.8586588,1.0,2.0,-106.0
1775973712.8686588,2.0,2.0,-103.0
1775973712.8786588,4.0,2.0,-107.0
1775973712.8886588,3.0,-2.0,-105.0
1775973712.898659,6.0,-4.0,-110.0
1775973712.908659,4.0,-4.0,-113.0
1775973712.918659,6.0,0.0,-110.0
1775973712.928659,6.0,-1.0,-107.0
1775973712.938659,5.0,0.0,-102.0
1775973712.948659,1.0,0.0,-101.0
1775973712.958659,2.0,2.0,-108.0
1775973712.968659,2.0,1.0,-112.0
1775973712.978659,0.0,0.0,-111.0
1775973712.988659,-4.0,0.0,-119.0
1775973712.998659,-8.0,6.0,-118.0
1775973713.008659,-7.0,2.0,-110.0
1775973713.0186589,-1.0,2.0,-113.0
1775973713.0286589,3.0,1.0,-109.0
1775973713.0396588,4.0,-4.0,-105.0
1775973713.0496588,7.0,-6.0,-106.0
1775973713.0596588,6.0,-6.0,-107.0
1775973713.069659,0.0,-4.0,-104.0
1775973713.079659,0.0,-7.0,-101.0
1775973713.089659,-4.0,-8.0,-102.0
1775973713.099659,0.0,-2.0,-107.0
1775973713.109659,-1.0,2.0,-109.0
1775973713.119659,1.0,3.0,-105.0
1775973713.129659,0.0,6.0,-97.0
1775973713.139659,-6.0,4.0,-100.0
1775973713.149659,-4.0,8.0,-102.0
1775973713.159659,-4.0,6.0,-98.0
1775973713.169659,-8.0,2.0,-102.0
1775973713.179659,-10.0,1.0,-106.0
1775973713.1896589,-7.0,3.0,-109.0
1775973713.1996589,-7.0,6.0,-112.0
1775973713.2096589,-9.0,1.0,-108.0
1775973713.2196589,-3.0,-2.0,-109.0
1775973713.2296588,0.0,-3.0,-106.0
1775973713.2396588,0.0,-6.0,-117.0
1775973713.2496588,1.0,-3.0,-117.0
1775973713.2596588,1.0,-1.0,-111.0
1775973713.2696588,2.0,0.0,-109.0
1775973713.2796588,4.0,0.0,-102.0
1775973713.2896588,0.0,4.0,-100.0
1775973713.2996588,-2.0,6.0,-101.0
1775973713.3096588,0.0,7.0,-99.0
1775973713.319659,-3.0,4.0,-106.0
1775973713.329659,-4.0,1.0,-108.0
1775973713.339659,-3.0,-1.0,-103.0
1775973713.349659,-3.0,-1.0,-106.0
1775973713.359659,-1.0,0.0,-104.0
1775973713.369659,-7.0,0.0,-103.0
1775973713.379659,-7.0,1.0,-98.0
1775973713.389659,-6.0,6.0,-99.0
1775973713.399659,-4.0,4.0,-97.0
1775973713.409659,-8.0,0.0,-103.0
1775973713.419659,-3.0,0.0,-102.0
1775973713.429659,-3.0,-4.0,-105.0
1775973713.4396589,-6.0,-7.0,-104.0
1775973713.4496589,-5.0,-7.0,-102.0
1775973713.4596589,-4.0,-2.0,-93.0
1775973713.4696589,-5.0,-5.0,-104.0
1775973713.4796588,-2.0,-4.0,-109.0
1775973713.4896588,-2.0,-2.0,-109.0
1775973713.4996588,1.0,0.0,-106.0
1775973713.5096588,-3.0,0.0,-104.0
1775973713.5196588,-8.0,-1.0,-103.0
1775973713.5296588,-9.0,1.0,-99.0
1775973713.5396588,-6.0,-1.0,-102.0
1775973713.5496588,-3.0,-2.0,-108.0
1775973713.5596588,3.0,2.0,-105.0
1775973713.569659,0.0,-2.0,-103.0
1775973713.579659,0.0,-6.0,-108.0
1775973713.589659,2.0,-2.0,-111.0
1775973713.599659,1.0,-3.0,-117.0
1775973713.609659,0.0,-4.0,-113.0
1775973713.619659,-3.0,-5.0,-107.0
1775973713.629659,0.0,-5.0,-114.0
1775973713.639659,1.0,0.0,-110.0
1775973713.649659,-5.0,-1.0,-108.0
1775973713.659659,-1.0,1.0,-111.0
1775973713.669659,-4.0,1.0,-110.0
1775973713.679659,0.0,2.0,-118.0
1775973713.6896589,4.0,0.0,-120.0
1775973713.6996589,2.0,1.0,-120.0
1775973713.7096589,0.0,2.0,-114.0
1775973713.7196589,-4.0,5.0,-119.0
1775973713.7296588,0.0,8.0,-118.0
1775973713.7396588,3.0,12.0,-118.0
1775973713.7496588,3.0,8.0,-109.0
1775973713.7596588,6.0,0.0,-109.0
1775973713.7696588,7.0,-1.0,-108.0
1775973713.7796588,2.0,-3.0,-106.0
1775973713.7896588,-4.0,-2.0,-107.0
1775973713.7996588,-6.0,0.0,-110.0
1775973713.8096588,-8.0,0.0,-103.0
1775973713.819659,-9.0,-4.0,-104.0
1775973713.829659,-9.0,-2.0,-106.0
1775973713.839659,-8.0,2.0,-104.0
1775973713.849659,-6.0,2.0,-111.0
1775973713.859659,0.0,6.0,-113.0
1775973713.869659,-2.0,6.0,-111.0
1775973713.879659,-6.0,0.0,-119.0
1775973713.889659,-3.0,-3.0,-122.0
1775973713.899659,-3.0,-3.0,-121.0
1775973713.909659,-2.0,-2.0,-114.0
1775973713.919659,-3.0,-3.0,-105.0
1775973713.929659,2.0,-6.0,-104.0
1775973713.9396589,2.0,-2.0,-105.0
1775973713.9496589,-1.0,-5.0,-103.0
1775973713.9596589,-7.0,-8.0,-100.0
1775973713.9696589,-6.0,-6.0,-99.0
1775973713.9796588,-1.0,-4.0,-98.0
1775973713.9896588,-3.0,-3.0,-99.0
1775973713.9996588,-1.0,0.0,-109.0
1775973714.0096588,4.0,-6.0,-112.0
1775973714.0196588,3.0,-9.0,-114.0
1775973714.0296588,3.0,-10.0,-110.0
1775973714.0396588,2.0,-13.0,-107.0
1775973714.0496588,3.0,-14.0,-104.0
1775973714.0596588,4.0,-15.0,-98.0
1775973714.069659,8.0,-10.0,-98.0
1775973714.079659,7.0,-7.0,-99.0
1775973714.089659,6.0,-4.0,-99.0
1775973714.099659,2.0,-5.0,-101.0
1775973714.109659,0.0,-2.0,-100.0
1775973714.119659,0.0,-4.0,-98.0
1775973714.129659,-1.0,-6.0,-93.0
1775973714.139659,0.0,0.0,-91.0
1775973714.149659,-4.0,3.0,-95.0
1775973714.159659,0.0,1.0,-104.0
1775973714.169659,-1.0,2.0,-102.0
1775973714.179659,-1.0,2.0,-108.0
1775973714.1896589,0.0,3.0,-109.0
1775973714.1996589,-1.0,2.0,-107.0
1775973714.2096589,4.0,0.0,-104.0
1775973714.2196589,3.0,-1.0,-101.0
1775973714.2296588,2.0,0.0,-106.0
1775973714.2396588,0.0,-1.0,-108.0
1775973714.2496588,2.0,0.0,-105.0
1775973714.2596588,1.0,-4.0,-105.0
1775973714.2696588,1.0,-4.0,-111.0
1775973714.2796588,3.0,0.0,-111.0
1775973714.2896588,0.0,0.0,-111.0
1775973714.2996588,-4.0,0.0,-110.0
1775973714.3096588,-2.0,-2.0,-108.0
1775973714.319659,-2.0,-2.0,-107.0
1775973714.329659,-1.0,0.0,-107.0
1775973714.339659,-1.0,0.0,-107.0
1775973714.349659,-5.0,-3.0,-106.0
1775973714.359659,-4.0,-2.0,-108.0
1775973714.369659,-1.0,1.0,-112.0
1775973714.379659,-3.0,0.0,-114.0
1775973714.389659,-6.0,3.0,-115.0
1775973714.399659,-5.0,6.0,-111.0
1775973714.409659,-2.0,1.0,-112.0
1775973714.419659,1.0,-2.0,-110.0
1775973714.429659,2.0,0.0,-114.0
1775973714.4396589,0.0,2.0,-112.0
1775973714.4496589,0.0,0.0,-117.0
1775973714.4596589,2.0,-1.0,-124.0
1775973714.4696589,2.0,0.0,-125.0
1775973714.4796588,4.0,-2.0,-115.0
1775973714.4896588,3.0,1.0,-111.0
1775973714.4996588,2.0,0.0,-111.0
1775973714.5096588,1.0,0.0,-102.0
1775973714.5196588,-5.0,2.0,-102.0
1775973714.5296588,-7.0,3.0,-102.0
1775973714.5396588,-4.0,3.0,-107.0
1775973714.5496588,-5.0,3.0,-104.0
1775973714.5596588,-4.0,5.0,-109.0
1775973714.569659,-4.0,6.0,-111.0
1775973714.579659,-5.0,5.0,-116.0
1775973714.589659,-6.0,4.0,-109.0
1775973714.599659,-6.0,4.0,-116.0
1775973714.609659,-1.0,0.0,-115.0
1775973714.619659,-1.0,0.0,-112.0
1775973714.629659,3.0,-3.0,-114.0
1775973714.639659,4.0,-6.0,-116.0
1775973714.649659,1.0,0.0,-118.0
1775973714.659659,3.0,-1.0,-111.0
1775973714.669659,-2.0,-3.0,-114.0
1775973714.679659,-5.0,-1.0,-109.0
1775973714.6896589,-2.0,0.0,-103.0
1775973714.6996589,-1.0,-4.0,-107.0
1775973714.7096589,-1.0,-4.0,-105.0
1775973714.7196589,-4.0,-4.0,-109.0
1775973714.7296588,-1.0,-5.0,-113.0
1775973714.7396588,-5.0,-7.0,-115.0
1775973714.7496588,-4.0,-6.0,-114.0
1775973714.7596588,0.0,-8.0,-107.0
1775973714.7696588,-3.0,-5.0,-112.0
1775973714.7796588,-7.0,-5.0,-112.0
1775973714.7896588,-4.0,-6.0,-111.0
1775973714.7996588,-4.0,-6.0,-111.0
1775973714.8096588,-6.0,-9.0,-111.0
1775973714.819659,-12.0,-4.0,-104.0
1775973714.829659,-9.0,-2.0,-97.0
1775973714.839659,-3.0,-2.0,-99.0
1775973714.849659,-4.0,0.0,-99.0
1775973714.859659,-4.0,0.0,-99.0
1775973714.869659,-6.0,-1.0,-98.0
1775973714.879659,-5.0,1.0,-103.0
1775973714.889659,-5.0,6.0,-108.0
1775973714.899659,-4.0,2.0,-100.0
1775973714.909659,-4.0,0.0,-102.0
1775973714.919659,-1.0,1.0,-98.0
1775973714.929659,3.0,2.0,-107.0
1775973714.9396589,2.0,3.0,-108.0
1775973714.9496589,4.0,2.0,-110.0
1775973714.9596589,5.0,-3.0,-108.0
1775973714.9696589,2.0,-4.0,-106.0
1775973714.9796588,4.0,-2.0,-104.0
1775973714.9896588,3.0,0.0,-101.0
1775973714.9996588,0.0,2.0,-101.0
1775973715.0096588,1.0,2.0,-99.0
1775973715.0196588,0.0,2.0,-97.0
1775973715.0296588,0.0,1.0,-99.0
1775973715.0396588,1.0,3.0,-97.0
1775973715.0496588,5.0,0.0,-101.0
1775973715.0596588,1.0,1.0,-104.0
1775973715.070659,1.0,0.0,-106.0
1775973715.079659,4.0,0.0,-104.0
1775973715.089659,4.0,1.0,-102.0
1775973715.099659,5.0,0.0,-105.0
1775973715.110659,1.0,-2.0,-107.0
1775973715.1206589,2.0,-4.0,-108.0
1775973715.1306589,2.0,-2.0,-107.0
1775973715.1406589,-2.0,-1.0,-113.0
1775973715.1506588,0.0,-1.0,-112.0
1775973715.1606588,2.0,-1.0,-115.0
1775973715.1706588,6.0,1.0,-113.0
1775973715.1806588,3.0,3.0,-114.0
1775973715.1906588,5.0,0.0,-115.0
1775973715.2006588,2.0,-1.0,-112.0
1775973715.2106588,4.0,0.0,-108.0
1775973715.2206588,4.0,4.0,-106.0
1775973715.2306588,5.0,-1.0,-102.0
1775973715.2406588,1.0,0.0,-101.0
1775973715.250659,3.0,-4.0,-96.0
1775973715.260659,4.0,-5.0,-103.0
1775973715.270659,3.0,-2.0,-95.0
1775973715.280659,6.0,0.0,-105.0
1775973715.290659,7.0,0.0,-111.0
1775973715.300659,4.0,-2.0,-105.0
1775973715.310659,7.0,1.0,-106.0
1775973715.320659,8.0,0.0,-103.0
1775973715.330659,5.0,2.0,-96.0
1775973715.340659,2.0,1.0,-94.0
1775973715.350659,0.0,0.0,-93.0
1775973715.360659,-2.0,-5.0,-99.0
1775973715.3706589,-2.0,-5.0,-101.0
1775973715.3806589,-1.0,-4.0,-105.0
1775973715.3906589,3.0,-3.0,-103.0
1775973715.4006588,0.0,-2.0,-96.0
1775973715.4106588,0.0,0.0,-100.0
1775973715.4206588,1.0,2.0,-100.0
1775973715.4306588,3.0,0.0,-95.0
1775973715.4406588,6.0,0.0,-104.0
1775973715.4506588,7.0,0.0,-108.0
1775973715.4606588,6.0,0.0,-109.0
1775973715.4706588,3.0,1.0,-107.0
1775973715.4806588,1.0,0.0,-109.0
1775973715.4906588,4.0,0.0,-106.0
1775973715.500659,0.0,-1.0,-100.0
1775973715.510659,0.0,-2.0,-101.0
1775973715.520659,2.0,-3.0,-100.0
1775973715.530659,3.0,-6.0,-100.0
1775973715.540659,3.0,-7.0,-95.0
1775973715.550659,0.0,-8.0,-96.0
1775973715.560659,0.0,-5.0,-96.0
1775973715.570659,1.0,-2.0,-99.0
1775973715.580659,3.0,-3.0,-101.0
1775973715.590659,2.0,1.0,-100.0
1775973715.600659,0.0,0.0,-96.0
1775973715.610659,-5.0,2.0,-91.0
1775973715.6206589,0.0,1.0,-95.0
1775973715.6306589,2.0,1.0,-101.0
1775973715.6406589,1.0,3.0,-104.0
1775973715.6506588,1.0,4.0,-111.0
1775973715.6606588,-1.0,4.0,-108.0
1775973715.6706588,-2.0,0.0,-113.0
1775973715.6806588,-2.0,-1.0,-114.0
1775973715.6906588,0.0,-3.0,-114.0
1775973715.7006588,4.0,-4.0,-111.0
1775973715.7106588,0.0,-3.0,-113.0
1775973715.7206588,0.0,-1.0,-115.0
1775973715.7306588,-3.0,-3.0,-111.0
1775973715.7406588,-1.0,-4.0,-114.0
1775973715.750659,1.0,-5.0,-113.0
1775973715.760659,0.0,-4.0,-113.0
1775973715.770659,2.0,-3.0,-116.0
1775973715.780659,-2.0,-8.0,-117.0
1775973715.790659,2.0,-9.0,-115.0
1775973715.800659,5.0,-10.0,-110.0
1775973715.810659,4.0,-6.0,-109.0
1775973715.820659,1.0,-8.0,-105.0
1775973715.830659,-2.0,-5.0,-104.0
1775973715.840659,-1.0,-4.0,-112.0
1775973715.850659,-2.0,-7.0,-110.0
1775973715.860659,-2.0,-2.0,-110.0
1775973715.8706589,-5.0,-1.0,-107.0
1775973715.8806589,-3.0,-2.0,-114.0
1775973715.8906589,0.0,-1.0,-118.0
1775973715.9006588,0.0,-2.0,-117.0
1775973715.9106588,-2.0,-2.0,-122.0
1775973715.9206588,0.0,-6.0,-121.0
1775973715.9306588,0.0,-3.0,-123.0
1775973715.9406588,-2.0,0.0,-123.0
1775973715.9506588,-8.0,-1.0,-115.0
1775973715.9606588,-8.0,0.0,-107.0
1775973715.9706588,-6.0,0.0,-114.0
1775973715.9806588,-2.0,1.0,-111.0
1775973715.9906588,0.0,-1.0,-109.0
1775973716.000659,-3.0,0.0,-108.0
1775973716.010659,-4.0,0.0,-115.0
1775973716.020659,-1.0,-2.0,-113.0
1775973716.030659,-6.0,-2.0,-113.0
1775973716.040659,-10.0,0.0,-105.0
1775973716.050659,-10.0,0.0,-107.0
1775973716.060659,-5.0,-1.0,-113.0
1775973716.070659,0.0,0.0,-115.0
1775973716.080659,-1.0,-4.0,-111.0
1775973716.090659,-4.0,-5.0,-109.0
1775973716.100659,-4.0,-8.0,-106.0
1775973716.110659,-3.0,-9.0,-110.0
1775973716.1206589,-2.0,-10.0,-110.0
1775973716.1306589,-4.0,-7.0,-111.0
1775973716.1406589,-2.0,-1.0,-108.0
1775973716.1506588,2.0,0.0,-110.0
1775973716.1606588,0.0,-2.0,-111.0
1775973716.1706588,1.0,-5.0,-113.0
1775973716.1806588,-1.0,3.0,-113.0
1775973716.1906588,-1.0,1.0,-110.0
1775973716.2006588,-3.0,0.0,-108.0
1775973716.2106588,-3.0,-1.0,-102.0
1775973716.2206588,-1.0,-2.0,-107.0
1775973716.2306588,-5.0,-3.0,-108.0
1775973716.2406588,-5.0,-3.0,-107.0
1775973716.250659,-4.0,-3.0,-107.0
1775973716.260659,0.0,-4.0,-108.0
1775973716.270659,-6.0,-1.0,-109.0
1775973716.280659,-7.0,-2.0,-106.0
1775973716.290659,-7.0,-5.0,-99.0
1775973716.300659,-9.0,-6.0,-94.0
1775973716.310659,-1.0,-7.0,-99.0
1775973716.320659,1.0,-7.0,-98.0
1775973716.330659,3.0,-7.0,-106.0
1775973716.340659,2.0,-6.0,-108.0
1775973716.350659,0.0,-5.0,-112.0
1775973716.360659,-5.0,-1.0,-113.0
1775973716.3706589,-7.0,-4.0,-113.0
1775973716.3806589,-3.0,-5.0,-108.0
1775973716.3906589,0.0,-10.0,-104.0
1775973716.4006588,4.0,-9.0,-102.0
1775973716.4106588,7.0,-8.0,-106.0
1775973716.4206588,6.0,-6.0,-103.0
1775973716.4306588,5.0,-3.0,-101.0
1775973716.4406588,6.0,-6.0,-101.0
1775973716.4506588,4.0,-6.0,-99.0
1775973716.4606588,2.0,-5.0,-97.0
1775973716.4706588,0.0,0.0,-101.0
1775973716.4806588,-3.0,3.0,-98.0
1775973716.4906588,0.0,7.0,-106.0
1775973716.500659,4.0,4.0,-105.0
1775973716.510659,9.0,4.0,-106.0
1775973716.520659,3.0,4.0,-111.0
1775973716.530659,4.0,10.0,-111.0
1775973716.540659,7.0,11.0,-111.0
1775973716.550659,8.0,12.0,-112.0
1775973716.560659,4.0,8.0,-105.0
1775973716.570659,4.0,4.0,-104.0
1775973716.580659,-2.0,0.0,-111.0
1775973716.590659,-5.0,-2.0,-107.0
1775973716.600659,-3.0,-3.0,-106.0
1775973716.610659,-3.0,-3.0,-105.0
1775973716.6206589,-2.0,-4.0,-106.0
1775973716.6306589,-1.0,-2.0,-109.0
1775973716.6406589,-4.0,-2.0,-104.0
1775973716.6506588,-5.0,-4.0,-102.0
1775973716.6606588,-5.0,-2.0,-104.0
1775973716.6706588,-2.0,1.0,-111.0
1775973716.6806588,-2.0,1.0,-114.0
1775973716.6906588,-4.0,0.0,-109.0
1775973716.7006588,-4.0,-1.0,-109.0
1775973716.7106588,-8.0,-5.0,-111.0
1775973716.7206588,-6.0,-1.0,-112.0
1775973716.7306588,-4.0,0.0,-106.0
1775973716.7406588,-4.0,0.0,-105.0
1775973716.750659,-6.0,0.0,-103.0
1775973716.760659,-7.0,-2.0,-102.0
1775973716.770659,-4.0,-5.0,-99.0
1775973716.780659,1.0,-4.0,-104.0
1775973716.790659,2.0,-9.0,-113.0
1775973716.800659,5.0,-8.0,-112.0
1775973716.810659,3.0,-8.0,-110.0
1775973716.820659,-1.0,-5.0,-109.0
1775973716.830659,-2.0,-6.0,-109.0
1775973716.840659,-7.0,-1.0,-98.0
1775973716.850659,-2.0,0.0,-97.0
1775973716.860659,-1.0,1.0,-101.0
1775973716.8706589,0.0,-2.0,-102.0
1775973716.8806589,0.0,-1.0,-108.0
1775973716.8906589,0.0,2.0,-107.0
1775973716.9006588,-1.0,0.0,-98.0
1775973716.9106588,2.0,-2.0,-98.0
1775973716.9206588,0.0,-3.0,-102.0
1775973716.9306588,0.0,-7.0,-107.0
1775973716.9406588,0.0,-5.0,-106.0
1775973716.9506588,-1.0,-4.0,-106.0
1775973716.9606588,0.0,-2.0,-100.0
1775973716.9706588,-4.0,4.0,-100.0
1775973716.9806588,-1.0,0.0,-105.0
1775973716.9906588,0.0,-4.0,-112.0
1775973717.000659,3.0,-3.0,-113.0
1775973717.010659,0.0,-5.0,-105.0
1775973717.020659,0.0,-1.0,-105.0
1775973717.030659,-4.0,0.0,-109.0
1775973717.040659,-7.0,0.0,-106.0
1775973717.050659,0.0,-3.0,-108.0
1775973717.060659,-2.0,-5.0,-106.0
1775973717.070659,-1.0,-5.0,-106.0
1775973717.080659,-1.0,-4.0,-107.0
1775973717.090659,1.0,-2.0,-106.0
1775973717.100659,6.0,-2.0,-111.0
1775973717.110659,3.0,0.0,-116.0
1775973717.1206589,6.0,-1.0,-122.0
1775973717.1306589,6.0,-6.0,-120.0
1775973717.1416588,2.0,-7.0,-116.0
1775973717.1516588,2.0,-5.0,-117.0
1775973717.1606588,-3.0,-4.0,-116.0
1775973717.1706588,0.0,0.0,-113.0
1775973717.181659,0.0,0.0,-113.0
1775973717.191659,-2.0,-6.0,-116.0
1775973717.201659,-4.0,-8.0,-126.0
1775973717.211659,-5.0,-6.0,-123.0
1775973717.221659,-2.0,-7.0,-123.0
1775973717.231659,-4.0,-4.0,-122.0
1775973717.241659,-4.0,-2.0,-112.0
1775973717.251659,-4.0,0.0,-110.0
1775973717.261659,-11.0,2.0,-111.0
1775973717.271659,-12.0,0.0,-109.0
1775973717.281659,-13.0,-1.0,-107.0
1775973717.2916589,-9.0,-1.0,-110.0
1775973717.3016589,-2.0,-2.0,-105.0
1775973717.3116589,0.0,4.0,-98.0
1775973717.3216588,-2.0,5.0,-105.0
1775973717.3316588,-2.0,3.0,-107.0
1775973717.3416588,-2.0,3.0,-106.0
1775973717.3516588,-9.0,5.0,-102.0
1775973717.3616588,-9.0,5.0,-106.0
1775973717.3716588,-5.0,6.0,-109.0
1775973717.3816588,-6.0,1.0,-108.0
1775973717.3916588,-9.0,-1.0,-104.0
1775973717.4016588,-7.0,1.0,-99.0
1775973717.4116588,-9.0,-1.0,-95.0
1775973717.421659,-6.0,-3.0,-100.0
1775973717.431659,-4.0,-1.0,-94.0
1775973717.441659,-2.0,-1.0,-93.0
1775973717.451659,-7.0,-2.0,-92.0
1775973717.461659,-7.0,-4.0,-88.0
1775973717.471659,-9.0,-4.0,-96.0
1775973717.481659,-6.0,-6.0,-100.0
1775973717.491659,-5.0,-8.0,-103.0
1775973717.501659,-3.0,-7.0,-111.0
1775973717.511659,-1.0,-3.0,-115.0
1775973717.521659,-3.0,-4.0,-109.0
1775973717.531659,-8.0,-2.0,-103.0
1775973717.5416589,-5.0,1.0,-98.0
1775973717.5516589,-7.0,1.0,-99.0
1775973717.5616589,-3.0,-2.0,-100.0
1775973717.5716588,-2.0,-4.0,-98.0
1775973717.5816588,2.0,-3.0,-97.0
1775973717.5916588,0.0,-4.0,-108.0
1775973717.6016588,-2.0,-2.0,-108.0
1775973717.6116588,-1.0,1.0,-113.0
1775973717.6216588,0.0,-3.0,-119.0
1775973717.6316588,-1.0,-3.0,-117.0
1775973717.6416588,-3.0,-4.0,-113.0
1775973717.6516588,0.0,-7.0,-111.0
1775973717.6616588,2.0,0.0,-109.0
1775973717.671659,2.0,1.0,-106.0
1775973717.681659,-1.0,0.0,-99.0
1775973717.691659,-3.0,-1.0,-98.0
1775973717.701659,-5.0,-1.0,-102.0
1775973717.711659,-6.0,-2.0,-105.0
1775973717.721659,-5.0,-2.0,-99.0
1775973717.731659,-3.0,-2.0,-103.0
1775973717.741659,-1.0,0.0,-104.0
1775973717.751659,-2.0,5.0,-104.0
1775973717.761659,0.0,2.0,-110.0
1775973717.771659,-1.0,0.0,-113.0
1775973717.781659,0.0,-1.0,-113.0
1775973717.7916589,-4.0,-1.0,-113.0
1775973717.8016589,-6.0,-4.0,-106.0
1775973717.8116589,-5.0,-2.0,-108.0
1775973717.8216588,1.0,-2.0,-101.0
1775973717.8316588,1.0,-2.0,-102.0
1775973717.8416588,0.0,-4.0,-97.0
1775973717.8516588,0.0,-2.0,-98.0
1775973717.8616588,3.0,-2.0,-99.0
1775973717.8716588,0.0,-4.0,-102.0
1775973717.8816588,5.0,-1.0,-109.0
1775973717.8916588,5.0,-2.0,-107.0
1775973717.9016588,2.0,0.0,-111.0
1775973717.9116588,1.0,0.0,-108.0
1775973717.921659,3.0,0.0,-105.0
1775973717.931659,2.0,0.0,-107.0
1775973717.941659,1.0,0.0,-113.0
1775973717.951659,4.0,1.0,-116.0
1775973717.961659,6.0,1.0,-114.0
1775973717.971659,6.0,4.0,-116.0
1775973717.981659,4.0,4.0,-124.0
1775973717.991659,0.0,1.0,-126.0
1775973718.001659,0.0,-2.0,-122.0
1775973718.011659,-1.0,-1.0,-122.0
1775973718.021659,-4.0,-3.0,-118.0
1775973718.031659,1.0,-2.0,-110.0
1775973718.0416589,0.0,0.0,-102.0
1775973718.0516589,0.0,1.0,-100.0
1775973718.0616589,8.0,2.0,-106.0
1775973718.0716588,5.0,1.0,-111.0
1775973718.0816588,2.0,1.0,-112.0
1775973718.0926588,2.0,0.0,-111.0
1775973718.1016588,2.0,-2.0,-107.0
1775973718.1116588,0.0,-1.0,-104.0
1775973718.1216588,-6.0,-3.0,-98.0
1775973718.1316588,-5.0,-6.0,-96.0
1775973718.1416588,-10.0,-11.0,-102.0
1775973718.1516588,-8.0,-9.0,-104.0
1775973718.1616588,-3.0,-6.0,-104.0
1775973718.171659,-2.0,-3.0,-104.0
1775973718.181659,-2.0,-4.0,-104.0
1775973718.191659,0.0,-4.0,-103.0
1775973718.201659,0.0,0.0,-112.0
1775973718.211659,1.0,-1.0,-109.0
1775973718.221659,0.0,-4.0,-114.0
1775973718.231659,-3.0,-6.0,-113.0
1775973718.241659,0.0,-2.0,-114.0
1775973718.251659,-4.0,-1.0,-113.0
1775973718.261659,-6.0,8.0,-116.0
1775973718.271659,-2.0,5.0,-109.0
1775973718.281659,-1.0,4.0,-112.0
1775973718.2916589,3.0,0.0,-109.0
1775973718.3016589,4.0,0.0,-114.0
1775973718.3116589,1.0,2.0,-115.0
1775973718.3216588,2.0,0.0,-110.0
1775973718.3316588,-2.0,0.0,-107.0
1775973718.3416588,-1.0,1.0,-110.0
1775973718.3516588,3.0,1.0,-104.0
1775973718.3616588,4.0,0.0,-110.0
1775973718.3716588,1.0,-4.0,-108.0
1775973718.3816588,-2.0,-1.0,-111.0
1775973718.3916588,-1.0,-2.0,-107.0
1775973718.4016588,-3.0,-5.0,-111.0
1775973718.4116588,-9.0,-7.0,-114.0
1775973718.421659,-8.0,-8.0,-115.0
1775973718.431659,-5.0,-10.0,-109.0
1775973718.441659,-7.0,-3.0,-105.0
1775973718.451659,-6.0,-6.0,-105.0
1775973718.461659,-3.0,-8.0,-112.0
1775973718.471659,0.0,-8.0,-112.0
1775973718.481659,0.0,-6.0,-111.0
1775973718.491659,2.0,-5.0,-105.0
1775973718.501659,5.0,-3.0,-103.0
1775973718.511659,-1.0,-2.0,-100.0
1775973718.521659,-6.0,0.0,-103.0
1775973718.531659,-5.0,-2.0,-103.0
1775973718.5416589,-3.0,-3.0,-105.0
1775973718.5516589,0.0,0.0,-107.0
1775973718.5616589,-2.0,2.0,-108.0
1775973718.5716588,0.0,3.0,-106.0
1775973718.5816588,4.0,3.0,-106.0
1775973718.5916588,3.0,6.0,-108.0
1775973718.6016588,-1.0,5.0,-105.0
1775973718.6116588,-3.0,0.0,-111.0
1775973718.6216588,-2.0,-3.0,-112.0
1775973718.6316588,-1.0,-3.0,-118.0
1775973718.6416588,-2.0,-3.0,-116.0
1775973718.6516588,0.0,-4.0,-124.0
1775973718.6616588,1.0,-2.0,-124.0
1775973718.671659,4.0,-1.0,-122.0
1775973718.681659,6.0,-2.0,-121.0
1775973718.691659,2.0,-6.0,-124.0
1775973718.701659,2.0,-7.0,-128.0
1775973718.711659,3.0,-7.0,-117.0
1775973718.721659,5.0,-7.0,-112.0
1775973718.731659,3.0,-5.0,-112.0
1775973718.741659,4.0,-5.0,-114.0
1775973718.751659,0.0,-1.0,-114.0
1775973718.761659,-3.0,0.0,-119.0
1775973718.771659,-4.0,4.0,-115.0
1775973718.781659,-3.0,7.0,-113.0
1775973718.7916589,0.0,10.0,-116.0
1775973718.8016589,1.0,10.0,-117.0
1775973718.8116589,0.0,4.0,-114.0
1775973718.8216588,2.0,2.0,-110.0
1775973718.8316588,1.0,0.0,-104.0
1775973718.8416588,-4.0,1.0,-100.0
1775973718.8516588,-7.0,6.0,-106.0
1775973718.8616588,-5.0,5.0,-110.0
1775973718.8716588,0.0,2.0,-111.0
1775973718.8816588,-1.0,1.0,-111.0
1775973718.8916588,-4.0,2.0,-110.0
1775973718.9016588,-2.0,1.0,-109.0
1775973718.9116588,-4.0,0.0,-105.0
1775973718.921659,-3.0,1.0,-98.0
1775973718.931659,-4.0,0.0,-99.0
1775973718.941659,-3.0,-2.0,-103.0
1775973718.951659,-8.0,-3.0,-100.0
1775973718.961659,-12.0,-7.0,-104.0
1775973718.971659,-8.0,0.0,-113.0
1775973718.981659,-3.0,1.0,-115.0
1775973718.991659,0.0,0.0,-126.0
1775973719.001659,0.0,-4.0,-122.0
1775973719.011659,2.0,-7.0,-116.0
1775973719.021659,2.0,-2.0,-119.0
1775973719.031659,3.0,1.0,-123.0
1775973719.0416589,1.0,2.0,-115.0
1775973719.0516589,0.0,5.0,-108.0
1775973719.0616589,0.0,5.0,-108.0
1775973719.0716588,2.0,3.0,-110.0
1775973719.0816588,4.0,1.0,-111.0
1775973719.0916588,0.0,0.0,-109.0
1775973719.1016588,-4.0,0.0,-106.0
1775973719.1116588,-2.0,0.0,-114.0
1775973719.1216588,0.0,-2.0,-116.0
1775973719.1316588,-2.0,-4.0,-116.0
1775973719.1416588,-6.0,-3.0,-120.0
1775973719.1516588,-8.0,-4.0,-121.0
1775973719.162659,-7.0,-3.0,-117.0
1775973719.171659,-7.0,-5.0,-117.0
1775973719.182659,-4.0,-8.0,-118.0
1775973719.192659,-1.0,-4.0,-117.0
1775973719.202659,2.0,-5.0,-115.0
1775973719.212659,0.0,-2.0,-121.0
1775973719.2226589,-1.0,-2.0,-117.0
1775973719.2326589,1.0,-1.0,-113.0
1775973719.2426589,1.0,-4.0,-111.0
1775973719.2526588,0.0,-2.0,-109.0
1775973719.2626588,-2.0,-6.0,-107.0
1775973719.2726588,-4.0,0.0,-105.0
1775973719.2826588,-1.0,0.0,-108.0
1775973719.2926588,1.0,-1.0,-113.0
1775973719.3026588,3.0,0.0,-109.0
1775973719.3126588,1.0,-1.0,-105.0
1775973719.3226588,0.0,-3.0,-104.0
1775973719.3326588,1.0,-3.0,-101.0
1775973719.3426588,-1.0,-1.0,-103.0
1775973719.352659,-6.0,-2.0,-112.0
1775973719.362659,-6.0,0.0,-112.0
1775973719.372659,-5.0,0.0,-107.0
1775973719.382659,-5.0,-2.0,-101.0
1775973719.392659,-8.0,-1.0,-106.0
1775973719.402659,-4.0,0.0,-110.0
1775973719.412659,-6.0,-1.0,-109.0
1775973719.422659,-7.0,3.0,-105.0
1775973719.432659,-2.0,-1.0,-105.0
1775973719.442659,0.0,-6.0,-112.0
1775973719.452659,-2.0,-3.0,-115.0
1775973719.462659,0.0,-6.0,-116.0
1775973719.4726589,-1.0,-6.0,-112.0
1775973719.4826589,-1.0,-3.0,-116.0
1775973719.4926589,0.0,-4.0,-110.0
1775973719.5026588,2.0,-6.0,-112.0
1775973719.5126588,0.0,-6.0,-107.0
1775973719.5226588,-4.0,-5.0,-104.0
1775973719.5326588,-5.0,-3.0,-103.0
1775973719.5426588,-5.0,-1.0,-109.0
1775973719.5526588,-4.0,-1.0,-110.0
1775973719.5626588,-1.0,-1.0,-115.0
1775973719.5726588,1.0,0.0,-118.0
1775973719.5826588,3.0,-1.0,-116.0
1775973719.5926588,2.0,-6.0,-110.0
1775973719.602659,0.0,-7.0,-106.0
1775973719.612659,0.0,-4.0,-108.0
1775973719.622659,-3.0,-6.0,-112.0
1775973719.632659,-5.0,-7.0,-115.0
1775973719.642659,-7.0,-8.0,-108.0
1775973719.652659,-8.0,-6.0,-105.0
1775973719.662659,-7.0,-5.0,-103.0
1775973719.672659,-5.0,-4.0,-110.0
1775973719.682659,-7.0,-3.0,-111.0
1775973719.692659,-3.0,-2.0,-110.0
1775973719.702659,-4.0,-3.0,-102.0
1775973719.712659,-4.0,-5.0,-100.0
1775973719.7226589,0.0,-1.0,-106.0
1775973719.7326589,4.0,-6.0,-109.0
1775973719.7426589,2.0,-6.0,-105.0
1775973719.7526588,0.0,-3.0,-104.0
1775973719.7626588,0.0,-1.0,-100.0
1775973719.7726588,1.0,-1.0,-101.0
1775973719.7826588,3.0,0.0,-101.0
1775973719.7926588,4.0,2.0,-109.0
1775973719.8026588,3.0,2.0,-112.0
1775973719.8126588,1.0,4.0,-112.0
1775973719.8226588,0.0,4.0,-111.0
1775973719.833659,-2.0,3.0,-105.0
1775973719.8426588,-3.0,0.0,-107.0
1775973719.852659,-1.0,0.0,-114.0
1775973719.862659,0.0,1.0,-110.0
1775973719.872659,0.0,0.0,-108.0
1775973719.882659,-4.0,-2.0,-110.0
1775973719.892659,0.0,0.0,-109.0
1775973719.902659,2.0,-1.0,-104.0
1775973719.912659,4.0,0.0,-102.0
1775973719.922659,8.0,0.0,-101.0
1775973719.932659,6.0,2.0,-103.0
1775973719.942659,8.0,1.0,-105.0
1775973719.952659,0.0,2.0,-105.0
1775973719.962659,0.0,6.0,-105.0
1775973719.9726589,-1.0,6.0,-103.0
1775973719.9826589,-5.0,6.0,-106.0
1775973719.9926589,-3.0,3.0,-109.0
1775973720.0026588,2.0,-1.0,-109.0
1775973720.0126588,2.0,-3.0,-106.0
1775973720.0226588,3.0,0.0,-107.0
1775973720.0326588,3.0,2.0,-101.0
1775973720.0426588,5.0,4.0,-99.0
1775973720.0526588,0.0,4.0,-105.0
1775973720.0626588,0.0,7.0,-105.0
1775973720.0726588,2.0,5.0,-101.0
1775973720.0826588,-1.0,6.0,-100.0
1775973720.0926588,6.0,7.0,-102.0
1775973720.102659,11.0,3.0,-98.0
1775973720.112659,7.0,4.0,-100.0
1775973720.122659,6.0,4.0,-96.0
1775973720.132659,4.0,4.0,-95.0
1775973720.142659,3.0,0.0,-102.0
1775973720.152659,3.0,-4.0,-110.0
1775973720.162659,-2.0,-1.0,-113.0
1775973720.172659,-9.0,-2.0,-110.0
1775973720.182659,-8.0,-3.0,-106.0
1775973720.192659,-6.0,2.0,-97.0
1775973720.202659,-3.0,-3.0,-89.0
1775973720.212659,-2.0,-4.0,-90.0
1775973720.2226589,-3.0,-8.0,-103.0
1775973720.2326589,-2.0,-9.0,-106.0
1775973720.2426589,-3.0,-5.0,-118.0
1775973720.2526588,-4.0,-3.0,-118.0
1775973720.2626588,-1.0,-3.0,-116.0
1775973720.2726588,0.0,-2.0,-115.0
1775973720.2826588,1.0,-2.0,-104.0
1775973720.2926588,-3.0,-4.0,-101.0
1775973720.3026588,-3.0,-6.0,-100.0
1775973720.3126588,-1.0,-4.0,-106.0
1775973720.3226588,0.0,-6.0,-110.0
1775973720.3326588,3.0,-6.0,-109.0
1775973720.3426588,-1.0,-6.0,-112.0
1775973720.352659,-5.0,-1.0,-113.0
1775973720.362659,-4.0,0.0,-109.0
1775973720.372659,-1.0,0.0,-109.0
1775973720.382659,0.0,1.0,-104.0
1775973720.392659,0.0,0.0,-104.0
1775973720.402659,0.0,-4.0,-103.0
1775973720.412659,4.0,-6.0,-102.0
1775973720.422659,6.0,-2.0,-106.0
1775973720.432659,0.0,-1.0,-102.0
1775973720.442659,0.0,-5.0,-103.0
1775973720.452659,0.0,-6.0,-110.0
1775973720.462659,-3.0,-6.0,-115.0
1775973720.4726589,-5.0,-9.0,-117.0
1775973720.4826589,-6.0,-7.0,-111.0
1775973720.4926589,-4.0,-2.0,-107.0
1775973720.5026588,-6.0,-2.0,-115.0
1775973720.5126588,-6.0,0.0,-126.0
1775973720.5226588,-4.0,0.0,-126.0
1775973720.5326588,-3.0,0.0,-120.0
1775973720.5426588,0.0,-9.0,-119.0
1775973720.5526588,-1.0,-6.0,-110.0
1775973720.5626588,-2.0,-6.0,-108.0
1775973720.5726588,-5.0,-6.0,-105.0
1775973720.5826588,-5.0,-8.0,-104.0
1775973720.5926588,-5.0,-7.0,-107.0
1775973720.602659,-8.0,-2.0,-105.0
1775973720.612659,-7.0,0.0,-113.0
1775973720.622659,-4.0,5.0,-117.0
1775973720.632659,-5.0,-1.0,-118.0
1775973720.642659,-1.0,-1.0,-119.0
1775973720.652659,0.0,4.0,-113.0
1775973720.662659,-2.0,4.0,-109.0
1775973720.672659,0.0,0.0,-105.0
1775973720.682659,-1.0,2.0,-107.0
1775973720.692659,-5.0,0.0,-114.0
1775973720.702659,-7.0,1.0,-114.0
1775973720.712659,0.0,-4.0,-114.0
1775973720.7226589,1.0,-8.0,-115.0
1775973720.7326589,4.0,-3.0,-115.0
1775973720.7426589,4.0,-3.0,-113.0
1775973720.7526588,4.0,-1.0,-111.0
1775973720.7626588,0.0,-1.0,-115.0
1775973720.7726588,1.0,-1.0,-113.0
1775973720.7826588,-1.0,0.0,-114.0
1775973720.7926588,-3.0,2.0,-113.0
1775973720.8026588,0.0,1.0,-100.0
1775973720.8126588,0.0,0.0,-107.0
1775973720.8226588,0.0,-2.0,-110.0
1775973720.8326588,2.0,-3.0,-118.0
1775973720.8426588,0.0,-4.0,-119.0
1775973720.852659,0.0,0.0,-112.0
1775973720.862659,0.0,2.0,-107.0
1775973720.872659,0.0,1.0,-111.0
1775973720.882659,1.0,4.0,-104.0
1775973720.892659,1.0,4.0,-100.0
1775973720.902659,2.0,1.0,-103.0
1775973720.912659,0.0,1.0,-108.0
1775973720.922659,-7.0,1.0,-110.0
1775973720.932659,-9.0,2.0,-112.0
1775973720.942659,-6.0,1.0,-114.0
1775973720.952659,-2.0,-1.0,-113.0
1775973720.962659,-3.0,0.0,-112.0
1775973720.9726589,-2.0,1.0,-111.0
1775973720.9826589,-3.0,-1.0,-117.0
1775973720.9926589,-4.0,1.0,-109.0
1775973721.0026588,-7.0,0.0,-107.0
1775973721.0126588,-6.0,-2.0,-105.0
1775973721.0226588,-3.0,-5.0,-101.0
1775973721.0326588,-2.0,0.0,-102.0
1775973721.0426588,0.0,1.0,-112.0
1775973721.0526588,0.0,-1.0,-109.0
1775973721.0626588,2.0,-3.0,-111.0
1775973721.0726588,3.0,-4.0,-113.0
1775973721.0826588,0.0,-2.0,-114.0
1775973721.0926588,0.0,-1.0,-114.0
1775973721.102659,1.0,-3.0,-112.0
1775973721.112659,1.0,-2.0,-119.0
1775973721.122659,3.0,-4.0,-123.0
1775973721.132659,1.0,-1.0,-117.0
1775973721.142659,1.0,0.0,-112.0
1775973721.152659,-2.0,3.0,-115.0
1775973721.162659,-1.0,3.0,-115.0
1775973721.172659,0.0,7.0,-111.0
1775973721.182659,2.0,9.0,-113.0
1775973721.192659,0.0,9.0,-111.0
1775973721.202659,0.0,5.0,-113.0
1775973721.212659,0.0,4.0,-116.0
1775973721.2226589,0.0,2.0,-110.0
1775973721.2326589,2.0,5.0,-111.0
1775973721.2436588,0.0,1.0,-111.0
1775973721.2526588,-3.0,0.0,-104.0
1775973721.2636588,0.0,3.0,-109.0
1775973721.273659,-1.0,2.0,-105.0
1775973721.283659,3.0,0.0,-107.0
1775973721.293659,6.0,-4.0,-112.0
1775973721.303659,5.0,-1.0,-118.0
1775973721.313659,3.0,1.0,-118.0
1775973721.323659,0.0,0.0,-118.0
1775973721.333659,-4.0,-4.0,-114.0
1775973721.343659,-3.0,-3.0,-104.0
1775973721.353659,-2.0,-9.0,-106.0
1775973721.363659,1.0,-10.0,-109.0
1775973721.373659,4.0,-10.0,-113.0
1775973721.383659,4.0,-3.0,-110.0
1775973721.3936589,5.0,0.0,-108.0
1775973721.4036589,5.0,0.0,-102.0
1775973721.4136589,5.0,-2.0,-108.0
1775973721.4236588,5.0,-6.0,-115.0
1775973721.4336588,3.0,-3.0,-118.0
1775973721.4436588,8.0,0.0,-114.0
1775973721.4536588,13.0,3.0,-112.0
1775973721.4636588,13.0,6.0,-109.0
1775973721.4736588,9.0,6.0,-114.0
1775973721.4836588,9.0,7.0,-113.0
1775973721.4936588,6.0,5.0,-111.0
1775973721.5036588,2.0,0.0,-114.0
1775973721.5136588,4.0,0.0,-111.0
1775973721.523659,3.0,0.0,-109.0
1775973721.533659,4.0,-1.0,-107.0
1775973721.543659,2.0,-4.0,-106.0
1775973721.553659,3.0,-2.0,-110.0
1775973721.563659,0.0,0.0,-107.0
1775973721.573659,-5.0,-2.0,-97.0
1775973721.583659,0.0,-4.0,-94.0
1775973721.593659,0.0,-6.0,-98.0
1775973721.603659,-1.0,-4.0,-101.0
1775973721.613659,-2.0,-1.0,-100.0
1775973721.623659,0.0,-2.0,-113.0
1775973721.633659,0.0,-4.0,-116.0
1775973721.6436589,2.0,-6.0,-117.0
1775973721.6536589,1.0,-8.0,-113.0
1775973721.6636589,0.0,-5.0,-111.0
1775973721.6736588,-2.0,-1.0,-105.0
1775973721.6836588,-2.0,-5.0,-108.0
1775973721.6936588,0.0,-8.0,-111.0
1775973721.7036588,-4.0,-6.0,-111.0
1775973721.7136588,-3.0,-3.0,-110.0
1775973721.7236588,-6.0,-6.0,-123.0
1775973721.7336588,-3.0,-5.0,-121.0
1775973721.7436588,0.0,0.0,-117.0
1775973721.7536588,1.0,4.0,-114.0
1775973721.7636588,-1.0,3.0,-114.0
1775973721.773659,2.0,3.0,-115.0
1775973721.783659,-1.0,2.0,-116.0
1775973721.793659,-4.0,0.0,-113.0
1775973721.803659,-4.0,-4.0,-117.0
1775973721.813659,-1.0,-3.0,-114.0
1775973721.823659,-2.0,-4.0,-112.0
1775973721.833659,-5.0,-6.0,-116.0
1775973721.843659,-8.0,-7.0,-112.0
1775973721.853659,-4.0,-2.0,-115.0
1775973721.863659,-5.0,1.0,-115.0
1775973721.873659,-6.0,0.0,-112.0
1775973721.883659,-6.0,-3.0,-109.0
1775973721.8936589,-5.0,-5.0,-104.0
1775973721.9036589,-2.0,-2.0,-96.0
1775973721.9136589,-6.0,-7.0,-103.0
1775973721.9236588,-5.0,-2.0,-102.0
1775973721.9336588,-7.0,0.0,-103.0
1775973721.9436588,-9.0,0.0,-103.0
1775973721.9536588,-13.0,-1.0,-108.0
1775973721.9636588,-10.0,0.0,-112.0
1775973721.9736588,-6.0,2.0,-109.0
1775973721.9836588,-4.0,2.0,-107.0
1775973721.9936588,-7.0,6.0,-107.0
1775973722.0036588,-3.0,5.0,-106.0
1775973722.0136588,-3.0,2.0,-103.0
1775973722.023659,1.0,3.0,-100.0
1775973722.033659,3.0,1.0,-104.0
1775973722.043659,3.0,-1.0,-111.0
1775973722.053659,3.0,-3.0,-111.0
1775973722.063659,1.0,-3.0,-111.0
1775973722.073659,0.0,-1.0,-110.0
1775973722.083659,-4.0,1.0,-107.0
1775973722.093659,-4.0,5.0,-101.0
1775973722.103659,0.0,3.0,-99.0
1775973722.113659,1.0,1.0,-103.0
1775973722.123659,2.0,0.0,-110.0
1775973722.133659,4.0,-2.0,-108.0
1775973722.1436589,2.0,0.0,-105.0
1775973722.1536589,1.0,-4.0,-107.0
1775973722.1636589,1.0,-3.0,-104.0
1775973722.1736588,-1.0,-3.0,-109.0
1775973722.1836588,0.0,-1.0,-116.0
1775973722.1936588,0.0,1.0,-121.0
1775973722.2036588,-3.0,0.0,-126.0
1775973722.2136588,-4.0,0.0,-119.0
1775973722.2236588,-1.0,0.0,-119.0
1775973722.2336588,0.0,0.0,-109.0
1775973722.2436588,1.0,-2.0,-108.0
1775973722.2536588,2.0,0.0,-109.0
1775973722.2636588,3.0,4.0,-112.0
1775973722.273659,6.0,2.0,-116.0
1775973722.283659,5.0,2.0,-116.0
1775973722.293659,5.0,3.0,-112.0
1775973722.303659,5.0,0.0,-111.0
1775973722.313659,6.0,0.0,-106.0
1775973722.323659,5.0,3.0,-105.0
1775973722.333659,9.0,2.0,-106.0
1775973722.343659,7.0,4.0,-107.0
1775973722.353659,6.0,0.0,-98.0
1775973722.363659,3.0,0.0,-101.0
1775973722.373659,2.0,-3.0,-108.0
1775973722.383659,2.0,-5.0,-108.0
1775973722.3936589,0.0,-4.0,-106.0
1775973722.4036589,1.0,-3.0,-108.0
1775973722.4136589,5.0,-1.0,-112.0
1775973722.4236588,3.0,1.0,-113.0
1775973722.4336588,1.0,0.0,-111.0
1775973722.4436588,4.0,0.0,-110.0
1775973722.4536588,1.0,3.0,-109.0
1775973722.4636588,0.0,4.0,-97.0
1775973722.4736588,-4.0,6.0,-92.0
1775973722.4836588,0.0,7.0,-99.0
1775973722.4936588,0.0,4.0,-101.0
1775973722.5036588,-1.0,2.0,-105.0
1775973722.5136588,0.0,4.0,-105.0
1775973722.523659,2.0,6.0,-107.0
1775973722.533659,7.0,8.0,-106.0
1775973722.543659,8.0,4.0,-112.0
1775973722.553659,6.0,3.0,-111.0
1775973722.563659,7.0,3.0,-106.0
1775973722.573659,5.0,0.0,-99.0
1775973722.583659,4.0,3.0,-98.0
1775973722.593659,3.0,1.0,-104.0
1775973722.603659,1.0,1.0,-103.0
1775973722.613659,0.0,-1.0,-103.0
1775973722.623659,0.0,1.0,-105.0
1775973722.633659,3.0,4.0,-108.0
1775973722.6436589,4.0,1.0,-108.0
1775973722.6536589,0.0,0.0,-109.0
1775973722.6636589,0.0,2.0,-107.0
1775973722.6736588,-3.0,-1.0,-103.0
1775973722.6836588,-4.0,0.0,-113.0
1775973722.6936588,-1.0,0.0,-112.0
1775973722.7036588,2.0,1.0,-105.0
1775973722.7136588,-1.0,2.0,-105.0
1775973722.7236588,-3.0,0.0,-113.0
1775973722.7336588,-5.0,-4.0,-109.0
1775973722.7436588,-1.0,-3.0,-105.0
1775973722.7536588,-2.0,-3.0,-105.0
1775973722.7636588,-1.0,-5.0,-105.0
1775973722.773659,-4.0,-6.0,-104.0
1775973722.783659,-6.0,-8.0,-109.0
1775973722.793659,-4.0,-6.0,-104.0
1775973722.803659,-5.0,-4.0,-100.0
1775973722.813659,-5.0,-2.0,-100.0
1775973722.823659,0.0,-1.0,-96.0
1775973722.833659,0.0,0.0,-100.0
1775973722.843659,4.0,1.0,-102.0
1775973722.853659,7.0,-7.0,-96.0
1775973722.863659,4.0,-6.0,-98.0
1775973722.873659,2.0,-5.0,-109.0
1775973722.883659,0.0,-2.0,-117.0
1775973722.8936589,-1.0,-4.0,-121.0
1775973722.9036589,-3.0,-4.0,-117.0
1775973722.9136589,-4.0,-4.0,-111.0
1775973722.9236588,0.0,-4.0,-108.0
1775973722.9336588,-3.0,-3.0,-101.0
1775973722.9436588,-2.0,-4.0,-102.0
1775973722.9536588,0.0,0.0,-105.0
1775973722.9636588,1.0,-2.0,-109.0
1775973722.9736588,1.0,-1.0,-114.0
1775973722.9836588,3.0,0.0,-111.0
1775973722.9936588,2.0,1.0,-107.0
1775973723.0036588,2.0,0.0,-108.0
1775973723.0136588,0.0,0.0,-108.0
1775973723.023659,0.0,1.0,-107.0
1775973723.033659,0.0,2.0,-107.0
1775973723.043659,-3.0,-2.0,-105.0
1775973723.053659,-6.0,1.0,-102.0
1775973723.063659,-10.0,3.0,-99.0
1775973723.073659,-11.0,2.0,-96.0
1775973723.083659,-15.0,1.0,-97.0
1775973723.093659,-16.0,0.0,-100.0
1775973723.103659,-11.0,0.0,-105.0
1775973723.113659,-10.0,0.0,-106.0
1775973723.123659,-8.0,1.0,-110.0
1775973723.133659,-2.0,-2.0,-111.0
1775973723.1436589,-4.0,-3.0,-109.0
1775973723.1536589,-5.0,-4.0,-102.0
1775973723.1636589,-5.0,-2.0,-99.0
1775973723.1736588,-5.0,-3.0,-103.0
1775973723.1836588,-6.0,-1.0,-109.0
1775973723.1936588,-3.0,1.0,-115.0
1775973723.2036588,1.0,1.0,-117.0
1775973723.2136588,4.0,4.0,-114.0
1775973723.2236588,0.0,2.0,-114.0
1775973723.2336588,-3.0,0.0,-112.0
1775973723.2436588,-5.0,0.0,-109.0
1775973723.2536588,-1.0,1.0,-110.0
1775973723.2636588,0.0,0.0,-107.0
1775973723.274659,0.0,1.0,-105.0
1775973723.284659,2.0,0.0,-104.0
1775973723.294659,-1.0,0.0,-104.0
1775973723.304659,0.0,0.0,-107.0
1775973723.3146589,0.0,0.0,-114.0
1775973723.3246589,-1.0,3.0,-112.0
1775973723.3346589,-1.0,3.0,-107.0
1775973723.3446589,0.0,6.0,-110.0
1775973723.3546588,-4.0,4.0,-113.0
1775973723.3646588,-9.0,4.0,-111.0
1775973723.3746588,-9.0,-3.0,-105.0
1775973723.3846588,-3.0,-3.0,-107.0
1775973723.3946588,-2.0,0.0,-103.0
1775973723.4046588,-1.0,-3.0,-106.0
1775973723.4146588,2.0,-5.0,-104.0
1775973723.4246588,5.0,-6.0,-107.0
1775973723.4346588,3.0,-4.0,-99.0
1775973723.444659,0.0,-2.0,-101.0
1775973723.454659,-2.0,-1.0,-101.0
1775973723.464659,-2.0,2.0,-105.0
1775973723.474659,-3.0,0.0,-110.0
1775973723.484659,0.0,0.0,-112.0
1775973723.494659,3.0,1.0,-109.0
1775973723.504659,2.0,0.0,-107.0
1775973723.514659,0.0,0.0,-100.0
1775973723.524659,-4.0,0.0,-93.0
1775973723.534659,0.0,-2.0,-91.0
1775973723.544659,5.0,3.0,-92.0
1775973723.554659,1.0,5.0,-95.0
1775973723.5646589,2.0,6.0,-109.0
1775973723.5746589,0.0,7.0,-107.0
1775973723.5846589,-4.0,2.0,-100.0
1775973723.5946589,0.0,1.0,-95.0
1775973723.6046588,-2.0,0.0,-97.0
1775973723.6146588,-1.0,2.0,-97.0
1775973723.6246588,-5.0,2.0,-97.0
1775973723.6346588,-7.0,0.0,-93.0
1775973723.6446588,-1.0,0.0,-98.0
1775973723.6546588,-3.0,0.0,-96.0
1775973723.6646588,-2.0,-1.0,-103.0
1775973723.6746588,-3.0,1.0,-109.0
1775973723.6846588,-3.0,1.0,-112.0
1775973723.694659,-6.0,-1.0,-105.0
1775973723.704659,-4.0,4.0,-105.0
1775973723.714659,-7.0,6.0,-109.0
1775973723.724659,-10.0,8.0,-108.0
1775973723.734659,-11.0,6.0,-101.0
1775973723.744659,-3.0,3.0,-108.0
1775973723.754659,2.0,-1.0,-107.0
1775973723.764659,6.0,-2.0,-107.0
1775973723.774659,8.0,0.0,-107.0
1775973723.784659,9.0,4.0,-118.0
1775973723.794659,8.0,6.0,-112.0
1775973723.804659,7.0,7.0,-105.0
1775973723.8146589,4.0,5.0,-105.0
1775973723.8246589,-4.0,3.0,-106.0
1775973723.8346589,-4.0,1.0,-104.0
1775973723.8446589,-3.0,-1.0,-104.0
1775973723.8546588,1.0,1.0,-107.0
1775973723.8646588,2.0,-1.0,-102.0
1775973723.8746588,5.0,2.0,-100.0
1775973723.8846588,7.0,2.0,-104.0
1775973723.8946588,8.0,1.0,-104.0
1775973723.9046588,7.0,-1.0,-103.0
1775973723.9146588,3.0,-6.0,-99.0
1775973723.9246588,4.0,-7.0,-105.0
1775973723.9346588,-2.0,-2.0,-103.0
1775973723.944659,-5.0,-1.0,-102.0
1775973723.954659,-1.0,0.0,-112.0
1775973723.964659,0.0,0.0,-112.0
1775973723.974659,0.0,3.0,-109.0
1775973723.984659,-3.0,2.0,-113.0
1775973723.994659,-4.0,3.0,-106.0
1775973724.004659,-4.0,5.0,-109.0
1775973724.014659,-7.0,4.0,-104.0
1775973724.024659,-6.0,3.0,-101.0
1775973724.034659,-6.0,0.0,-106.0
1775973724.044659,-4.0,0.0,-109.0
1775973724.054659,-6.0,-1.0,-114.0
1775973724.0646589,-6.0,-2.0,-111.0
1775973724.0746589,-6.0,-3.0,-112.0
1775973724.0846589,-4.0,-2.0,-109.0
1775973724.0946589,-6.0,0.0,-105.0
1775973724.1046588,-4.0,-1.0,-103.0
1775973724.1146588,0.0,0.0,-103.0
1775973724.1246588,2.0,-1.0,-104.0
1775973724.1346588,1.0,-1.0,-104.0
1775973724.1446588,-4.0,-1.0,-107.0
1775973724.1546588,-2.0,-1.0,-113.0
1775973724.1646588,-3.0,-4.0,-114.0
1775973724.1746588,-7.0,-4.0,-116.0
1775973724.1846588,-8.0,-8.0,-110.0
1775973724.194659,-2.0,-7.0,-106.0
1775973724.204659,-1.0,-8.0,-97.0
1775973724.214659,0.0,-9.0,-103.0
1775973724.224659,2.0,-8.0,-104.0
1775973724.234659,1.0,-3.0,-103.0
1775973724.244659,-1.0,-2.0,-104.0
1775973724.254659,-2.0,-2.0,-101.0
1775973724.264659,0.0,0.0,-102.0
1775973724.274659,1.0,2.0,-105.0
1775973724.284659,0.0,1.0,-113.0
1775973724.294659,-3.0,3.0,-105.0
1775973724.304659,-2.0,3.0,-105.0
1775973724.3146589,0.0,0.0,-112.0
1775973724.3246589,0.0,-1.0,-106.0
1775973724.3346589,-3.0,2.0,-101.0
1775973724.3446589,0.0,-1.0,-103.0
1775973724.3546588,0.0,-3.0,-109.0
1775973724.3646588,0.0,-2.0,-106.0
1775973724.3746588,0.0,-1.0,-110.0
1775973724.3846588,-1.0,0.0,-111.0
1775973724.3946588,0.0,-1.0,-115.0
1775973724.4046588,-2.0,-2.0,-113.0
1775973724.4146588,-3.0,-1.0,-112.0
1775973724.4246588,-9.0,-2.0,-106.0
1775973724.4346588,-9.0,-7.0,-110.0
1775973724.444659,-8.0,-6.0,-106.0
1775973724.454659,-3.0,-1.0,-106.0
1775973724.464659,-3.0,0.0,-101.0
1775973724.474659,-5.0,0.0,-101.0
1775973724.484659,0.0,-1.0,-100.0
1775973724.494659,-2.0,0.0,-103.0
1775973724.504659,-6.0,0.0,-102.0
1775973724.514659,-6.0,-2.0,-103.0
1775973724.524659,-7.0,-2.0,-106.0
1775973724.534659,-8.0,-2.0,-104.0
1775973724.544659,-6.0,-3.0,-107.0
1775973724.554659,-1.0,-2.0,-109.0
1775973724.5646589,0.0,-1.0,-111.0
1775973724.5746589,3.0,-3.0,-110.0
1775973724.5846589,4.0,-4.0,-114.0
1775973724.5946589,5.0,-1.0,-111.0
1775973724.6046588,5.0,-2.0,-110.0
1775973724.6146588,1.0,4.0,-109.0
1775973724.6246588,4.0,0.0,-110.0
1775973724.6346588,2.0,2.0,-118.0
1775973724.6446588,1.0,4.0,-115.0
1775973724.6546588,4.0,4.0,-109.0
1775973724.6646588,6.0,6.0,-113.0
1775973724.6746588,4.0,6.0,-112.0
1775973724.6846588,6.0,3.0,-117.0
1775973724.694659,6.0,6.0,-108.0
1775973724.704659,2.0,7.0,-108.0
1775973724.714659,4.0,6.0,-109.0
1775973724.724659,0.0,1.0,-105.0
1775973724.734659,-1.0,0.0,-105.0
1775973724.744659,0.0,-1.0,-105.0
1775973724.754659,0.0,2.0,-104.0
1775973724.764659,0.0,2.0,-101.0
1775973724.774659,-9.0,2.0,-114.0
1775973724.784659,-9.0,2.0,-116.0
1775973724.794659,-7.0,2.0,-110.0
1775973724.804659,-6.0,-2.0,-106.0
1775973724.8146589,-6.0,-3.0,-108.0
1775973724.8246589,-4.0,-4.0,-110.0
1775973724.8346589,0.0,-1.0,-111.0
1775973724.8446589,1.0,-2.0,-117.0
1775973724.8546588,0.0,0.0,-112.0
1775973724.8646588,0.0,2.0,-113.0
1775973724.8746588,-3.0,-1.0,-113.0
1775973724.8846588,-2.0,1.0,-112.0
1775973724.8946588,-1.0,2.0,-113.0
1775973724.9046588,-5.0,0.0,-114.0
1775973724.9146588,-9.0,-3.0,-110.0
1775973724.9246588,-9.0,-2.0,-109.0
1775973724.9346588,-5.0,-4.0,-116.0
1775973724.944659,-3.0,-3.0,-117.0
1775973724.954659,-3.0,-1.0,-115.0
1775973724.964659,-4.0,2.0,-116.0
1775973724.974659,-6.0,0.0,-120.0
1775973724.984659,-8.0,1.0,-120.0
1775973724.994659,-10.0,4.0,-117.0
1775973725.004659,-7.0,3.0,-120.0
1775973725.014659,-8.0,3.0,-114.0
1775973725.024659,-10.0,1.0,-105.0
1775973725.034659,-12.0,-1.0,-108.0
1775973725.044659,-7.0,-3.0,-104.0
1775973725.054659,-6.0,-5.0,-106.0
1775973725.0646589,-6.0,-3.0,-112.0
1775973725.0746589,-8.0,-4.0,-110.0
1775973725.0846589,-5.0,-1.0,-102.0
1775973725.0946589,-4.0,-4.0,-97.0
1775973725.1046588,-6.0,-1.0,-93.0
1775973725.1146588,-1.0,2.0,-95.0
1775973725.1246588,0.0,0.0,-96.0
1775973725.1346588,1.0,4.0,-97.0
1775973725.1446588,2.0,6.0,-99.0
1775973725.1546588,-3.0,6.0,-98.0
1775973725.1646588,-3.0,7.0,-96.0
1775973725.1746588,-1.0,9.0,-102.0
1775973725.1846588,-2.0,8.0,-107.0
1775973725.194659,0.0,4.0,-107.0
1775973725.204659,1.0,1.0,-110.0
1775973725.214659,3.0,0.0,-104.0
1775973725.224659,1.0,1.0,-110.0
1775973725.234659,-2.0,3.0,-108.0
1775973725.244659,-3.0,5.0,-110.0
1775973725.254659,-1.0,4.0,-115.0
1775973725.264659,2.0,3.0,-116.0
1775973725.274659,8.0,3.0,-107.0
1775973725.284659,5.0,4.0,-107.0
1775973725.294659,6.0,4.0,-110.0
1775973725.3056588,3.0,3.0,-120.0
1775973725.3156588,3.0,0.0,-114.0
1775973725.3256588,3.0,2.0,-109.0
1775973725.3346589,0.0,3.0,-108.0
1775973725.3446589,1.0,6.0,-110.0
1775973725.3556588,-2.0,7.0,-111.0
1775973725.3656588,0.0,1.0,-102.0
1775973725.375659,-2.0,1.0,-101.0
1775973725.385659,-8.0,-1.0,-102.0
1775973725.395659,-7.0,0.0,-104.0
1775973725.405659,-5.0,0.0,-104.0
1775973725.415659,-5.0,3.0,-104.0
1775973725.425659,-6.0,-1.0,-100.0
1775973725.435659,-3.0,4.0,-106.0
1775973725.445659,0.0,0.0,-110.0
1775973725.455659,0.0,-3.0,-115.0
1775973725.465659,0.0,-5.0,-112.0
1775973725.475659,-5.0,-4.0,-106.0
1775973725.485659,-5.0,-3.0,-98.0
1775973725.4956589,-3.0,-2.0,-102.0
1775973725.5056589,-3.0,-4.0,-105.0
1775973725.5156589,0.0,-7.0,-102.0
1775973725.5256588,0.0,-7.0,-105.0
1775973725.534659,-1.0,-2.0,-102.0
1775973725.5456588,-3.0,-2.0,-96.0
1775973725.5556588,-3.0,-1.0,-93.0
1775973725.5656588,0.0,-1.0,-93.0
1775973725.5756588,3.0,1.0,-97.0
1775973725.5856588,0.0,0.0,-95.0
1775973725.5956588,-3.0,0.0,-99.0
1775973725.6056588,-7.0,0.0,-96.0
1775973725.6156588,-7.0,-1.0,-96.0
1775973725.625659,-8.0,-1.0,-99.0
1775973725.635659,-7.0,0.0,-108.0
1775973725.645659,-6.0,-1.0,-110.0
1775973725.655659,-3.0,0.0,-109.0
1775973725.665659,-2.0,-2.0,-112.0
1775973725.675659,-9.0,-4.0,-113.0
1775973725.685659,-12.0,-4.0,-106.0
1775973725.695659,-4.0,-1.0,-95.0
1775973725.705659,-6.0,0.0,-97.0
1775973725.715659,-5.0,-3.0,-100.0
1775973725.725659,-3.0,-7.0,-105.0
1775973725.735659,-2.0,-1.0,-99.0
1775973725.7456589,-1.0,-2.0,-100.0
1775973725.7556589,-5.0,-7.0,-94.0
1775973725.7656589,-3.0,-6.0,-93.0
1775973725.7756588,0.0,-2.0,-103.0
1775973725.7856588,2.0,0.0,-104.0
1775973725.7956588,3.0,0.0,-103.0
1775973725.8056588,-3.0,0.0,-106.0
1775973725.8156588,-1.0,3.0,-106.0
1775973725.8256588,1.0,1.0,-106.0
1775973725.8356588,0.0,0.0,-110.0
1775973725.8456588,6.0,2.0,-107.0
1775973725.8556588,2.0,1.0,-107.0
1775973725.8656588,0.0,0.0,-107.0
1775973725.875659,-1.0,-3.0,-108.0
1775973725.885659,2.0,-6.0,-105.0
1775973725.895659,4.0,-7.0,-106.0
1775973725.905659,1.0,-5.0,-109.0
1775973725.915659,2.0,-6.0,-108.0
1775973725.925659,3.0,-4.0,-104.0
1775973725.935659,5.0,-1.0,-111.0
1775973725.945659,4.0,-1.0,-112.0
1775973725.955659,2.0,-5.0,-112.0
1775973725.965659,0.0,-6.0,-112.0
1775973725.975659,1.0,-3.0,-121.0
1775973725.985659,2.0,-3.0,-119.0
1775973725.9956589,2.0,-1.0,-113.0
1775973726.0056589,2.0,-1.0,-118.0
1775973726.0156589,0.0,-5.0,-117.0
1775973726.0256588,-3.0,0.0,-107.0
1775973726.0356588,0.0,2.0,-108.0
1775973726.0456588,0.0,4.0,-109.0
1775973726.0556588,0.0,7.0,-110.0
1775973726.0656588,2.0,2.0,-116.0
1775973726.0756588,1.0,2.0,-115.0
1775973726.0856588,0.0,3.0,-107.0
1775973726.0956588,0.0,4.0,-99.0
1775973726.1056588,-2.0,1.0,-96.0
1775973726.1156588,-2.0,2.0,-97.0
1775973726.125659,0.0,0.0,-96.0
1775973726.135659,-2.0,0.0,-96.0
1775973726.145659,1.0,0.0,-101.0
1775973726.155659,1.0,-1.0,-97.0
1775973726.165659,3.0,3.0,-99.0
1775973726.175659,1.0,0.0,-108.0
1775973726.185659,0.0,-1.0,-108.0
1775973726.195659,-3.0,1.0,-114.0
1775973726.205659,-4.0,0.0,-117.0
1775973726.215659,-4.0,-3.0,-116.0
1775973726.225659,-1.0,-3.0,-110.0
1775973726.235659,0.0,-5.0,-113.0
1775973726.2456589,-5.0,-6.0,-110.0
1775973726.2556589,-6.0,-5.0,-108.0
1775973726.2656589,-5.0,-3.0,-111.0
1775973726.2756588,-4.0,-3.0,-113.0
1775973726.2856588,-3.0,0.0,-115.0
1775973726.2956588,-5.0,0.0,-108.0
1775973726.3056588,-2.0,1.0,-103.0
1775973726.3156588,-2.0,4.0,-106.0
1775973726.3256588,0.0,4.0,-103.0
1775973726.3356588,-1.0,4.0,-101.0
1775973726.3456588,-1.0,6.0,-109.0
1775973726.3556588,-1.0,11.0,-113.0
1775973726.3656588,-1.0,6.0,-112.0
1775973726.375659,1.0,3.0,-113.0
1775973726.385659,0.0,0.0,-109.0
1775973726.395659,-1.0,1.0,-112.0
1775973726.405659,-2.0,-1.0,-112.0
1775973726.415659,-11.0,-3.0,-107.0
1775973726.425659,-8.0,-5.0,-101.0
1775973726.435659,-5.0,-5.0,-108.0
1775973726.445659,-2.0,-1.0,-110.0
1775973726.455659,0.0,0.0,-115.0
1775973726.465659,0.0,-2.0,-121.0
1775973726.475659,5.0,-1.0,-118.0
1775973726.485659,6.0,0.0,-115.0
1775973726.4956589,8.0,3.0,-112.0
1775973726.5056589,3.0,2.0,-110.0
1775973726.5156589,6.0,3.0,-106.0
1775973726.5256588,0.0,2.0,-108.0
1775973726.5356588,-1.0,1.0,-108.0
1775973726.5456588,-3.0,-1.0,-108.0
1775973726.5556588,-1.0,1.0,-106.0
1775973726.5656588,0.0,2.0,-106.0
1775973726.5756588,-2.0,1.0,-111.0
1775973726.5856588,0.0,-2.0,-107.0
1775973726.5956588,-3.0,-6.0,-105.0
1775973726.6056588,-2.0,-3.0,-95.0
1775973726.6156588,-3.0,-1.0,-97.0
1775973726.625659,1.0,0.0,-102.0
1775973726.635659,6.0,1.0,-100.0
1775973726.645659,7.0,4.0,-100.0
1775973726.655659,5.0,5.0,-109.0
1775973726.665659,8.0,4.0,-112.0
1775973726.675659,6.0,0.0,-110.0
1775973726.685659,5.0,-1.0,-104.0
1775973726.695659,2.0,1.0,-103.0
1775973726.705659,1.0,2.0,-101.0
1775973726.715659,3.0,0.0,-107.0
1775973726.725659,3.0,-1.0,-106.0
1775973726.735659,0.0,-1.0,-110.0
1775973726.7456589,0.0,-5.0,-112.0
1775973726.7556589,-2.0,-1.0,-107.0
1775973726.7656589,-4.0,-3.0,-111.0
1775973726.7756588,-7.0,0.0,-115.0
1775973726.7856588,-6.0,0.0,-116.0
1775973726.7956588,-4.0,-1.0,-114.0
1775973726.8056588,-4.0,1.0,-112.0
1775973726.8156588,-2.0,0.0,-111.0
1775973726.8256588,-3.0,3.0,-109.0
1775973726.8356588,0.0,4.0,-106.0
1775973726.8456588,-2.0,1.0,-111.0
1775973726.8556588,-5.0,0.0,-112.0
1775973726.8656588,-10.0,0.0,-111.0
1775973726.875659,-6.0,3.0,-114.0
1775973726.885659,-4.0,5.0,-116.0
1775973726.895659,-3.0,5.0,-115.0
1775973726.905659,-9.0,1.0,-115.0
1775973726.915659,-11.0,-1.0,-117.0
1775973726.925659,-9.0,-2.0,-118.0
1775973726.935659,-6.0,-2.0,-112.0
1775973726.945659,-1.0,0.0,-109.0
1775973726.955659,0.0,-1.0,-106.0
1775973726.965659,0.0,0.0,-112.0
1775973726.975659,1.0,5.0,-119.0
1775973726.985659,0.0,0.0,-119.0
1775973726.9956589,0.0,-2.0,-117.0
1775973727.0056589,0.0,0.0,-113.0
1775973727.0156589,-1.0,0.0,-107.0
1775973727.0256588,-1.0,-3.0,-106.0
1775973727.0356588,-3.0,0.0,-103.0
1775973727.0456588,-1.0,-2.0,-100.0
1775973727.0556588,-2.0,0.0,-98.0
1775973727.0656588,-4.0,-4.0,-103.0
1775973727.0756588,0.0,-4.0,-107.0
1775973727.0856588,-1.0,0.0,-109.0
1775973727.0956588,-3.0,0.0,-106.0
1775973727.1056588,-2.0,-1.0,-108.0
1775973727.1156588,0.0,-2.0,-107.0
1775973727.125659,-1.0,-2.0,-109.0
1775973727.135659,-2.0,-4.0,-103.0
1775973727.145659,-8.0,-7.0,-107.0
1775973727.155659,-6.0,-4.0,-102.0
1775973727.165659,-2.0,-4.0,-104.0
1775973727.175659,-3.0,-5.0,-109.0
1775973727.185659,-7.0,-3.0,-107.0
1775973727.195659,-6.0,0.0,-106.0
1775973727.2066588,-10.0,-2.0,-117.0
1775973727.215659,-3.0,-2.0,-119.0
1775973727.225659,0.0,-2.0,-116.0
1775973727.235659,3.0,3.0,-115.0
1775973727.2456589,5.0,4.0,-114.0
1775973727.2556589,4.0,2.0,-116.0
1775973727.2656589,4.0,3.0,-120.0
1775973727.2756588,1.0,0.0,-113.0
1775973727.2856588,4.0,0.0,-108.0
1775973727.2956588,3.0,4.0,-106.0
1775973727.3056588,2.0,2.0,-103.0
1775973727.3156588,1.0,0.0,-107.0
1775973727.3256588,4.0,0.0,-112.0
1775973727.3356588,3.0,0.0,-110.0
1775973727.3456588,11.0,1.0,-111.0
1775973727.356659,11.0,5.0,-110.0
1775973727.366659,7.0,7.0,-109.0
1775973727.375659,4.0,7.0,-112.0
1775973727.386659,4.0,6.0,-110.0
1775973727.396659,7.0,3.0,-112.0
1775973727.406659,4.0,0.0,-112.0
1775973727.4166589,0.0,0.0,-104.0
1775973727.4266589,0.0,0.0,-112.0
1775973727.4366589,-1.0,0.0,-112.0
1775973727.4466588,0.0,2.0,-116.0
1775973727.4566588,0.0,0.0,-111.0
1775973727.4666588,0.0,-1.0,-108.0
1775973727.4766588,3.0,-7.0,-107.0
1775973727.4866588,-2.0,-2.0,-110.0
1775973727.4966588,-4.0,0.0,-117.0
1775973727.5066588,-3.0,-1.0,-119.0
1775973727.5166588,-1.0,-3.0,-120.0
1775973727.5266588,0.0,-6.0,-119.0
1775973727.5366588,2.0,-8.0,-119.0
1775973727.546659,1.0,-8.0,-123.0
1775973727.556659,0.0,-2.0,-115.0
1775973727.566659,-2.0,1.0,-110.0
1775973727.576659,-1.0,4.0,-109.0
1775973727.586659,0.0,4.0,-111.0
1775973727.596659,0.0,4.0,-115.0
1775973727.606659,-1.0,3.0,-117.0
1775973727.616659,-7.0,-2.0,-110.0
1775973727.626659,-7.0,-3.0,-109.0
1775973727.636659,0.0,-1.0,-106.0
1775973727.646659,-1.0,-2.0,-110.0
1775973727.656659,4.0,-6.0,-116.0
1775973727.6666589,2.0,-1.0,-110.0
1775973727.6766589,-1.0,-1.0,-102.0
1775973727.6866589,0.0,-6.0,-103.0
1775973727.6966588,1.0,-5.0,-107.0
1775973727.7066588,4.0,-7.0,-108.0
1775973727.7166588,1.0,-5.0,-110.0
1775973727.7266588,3.0,-4.0,-112.0
1775973727.7366588,-1.0,-4.0,-111.0
1775973727.7466588,2.0,-4.0,-112.0
1775973727.7566588,-3.0,-6.0,-114.0
1775973727.7666588,-1.0,-5.0,-112.0
1775973727.7766588,-2.0,0.0,-112.0
1775973727.7866588,-4.0,2.0,-111.0
1775973727.796659,-9.0,4.0,-114.0
1775973727.806659,-4.0,1.0,-108.0
1775973727.816659,-5.0,0.0,-109.0
1775973727.826659,-3.0,0.0,-112.0
1775973727.836659,-2.0,0.0,-108.0
1775973727.846659,-2.0,-3.0,-117.0
1775973727.856659,0.0,0.0,-117.0
1775973727.866659,-1.0,0.0,-108.0
1775973727.876659,0.0,-2.0,-111.0
1775973727.886659,-3.0,-1.0,-111.0
1775973727.896659,-1.0,0.0,-108.0
1775973727.906659,-5.0,-2.0,-108.0
1775973727.9166589,-4.0,-1.0,-114.0
1775973727.9266589,-5.0,1.0,-112.0
1775973727.9366589,-3.0,-1.0,-111.0
1775973727.9466588,-6.0,-2.0,-111.0
1775973727.9566588,-4.0,-1.0,-101.0
1775973727.9666588,-3.0,0.0,-106.0
1775973727.9766588,-3.0,-1.0,-108.0
1775973727.9866588,-6.0,-2.0,-103.0
1775973727.9966588,-8.0,0.0,-102.0
1775973728.0066588,-9.0,0.0,-105.0
1775973728.0166588,-13.0,-1.0,-115.0
1775973728.0266588,-6.0,-6.0,-110.0
1775973728.0366588,-6.0,-3.0,-110.0
1775973728.046659,-2.0,-2.0,-116.0
1775973728.056659,0.0,-1.0,-112.0
1775973728.066659,2.0,0.0,-112.0
1775973728.076659,3.0,2.0,-112.0
1775973728.086659,2.0,6.0,-105.0
1775973728.096659,0.0,2.0,-104.0
1775973728.106659,0.0,-1.0,-103.0
1775973728.116659,0.0,0.0,-107.0
1775973728.126659,0.0,-3.0,-108.0
1775973728.136659,0.0,-2.0,-111.0
1775973728.146659,0.0,0.0,-115.0
1775973728.156659,1.0,3.0,-115.0
1775973728.1666589,2.0,2.0,-114.0
1775973728.1766589,4.0,4.0,-114.0
1775973728.1866589,0.0,0.0,-120.0
1775973728.1966588,-6.0,-2.0,-122.0
1775973728.2066588,-3.0,-5.0,-125.0
1775973728.2166588,-4.0,-5.0,-119.0
1775973728.2266588,-3.0,-5.0,-121.0
1775973728.2366588,-4.0,-4.0,-126.0
1775973728.2466588,-6.0,-5.0,-126.0
1775973728.2566588,-6.0,-4.0,-125.0
1775973728.2666588,-1.0,-7.0,-117.0
1775973728.2766588,0.0,-2.0,-107.0
1775973728.2866588,-1.0,3.0,-109.0
1775973728.296659,-4.0,5.0,-111.0
1775973728.306659,-2.0,6.0,-106.0
1775973728.316659,0.0,7.0,-108.0
1775973728.326659,0.0,2.0,-107.0
1775973728.336659,6.0,5.0,-105.0
1775973728.346659,6.0,3.0,-108.0
1775973728.356659,3.0,1.0,-107.0
1775973728.366659,0.0,2.0,-108.0
1775973728.376659,5.0,1.0,-107.0
1775973728.386659,6.0,0.0,-102.0
1775973728.396659,5.0,-4.0,-101.0
1775973728.406659,1.0,-3.0,-110.0
1775973728.4166589,-1.0,-6.0,-107.0
1775973728.4266589,-5.0,-5.0,-107.0
1775973728.4366589,0.0,-4.0,-107.0
1775973728.4466588,0.0,0.0,-108.0
1775973728.4566588,1.0,3.0,-108.0
1775973728.4666588,2.0,2.0,-111.0
1775973728.4766588,1.0,1.0,-113.0
1775973728.4866588,3.0,-2.0,-114.0
1775973728.4966588,4.0,-3.0,-108.0
1775973728.5066588,5.0,-1.0,-109.0
1775973728.5166588,6.0,-2.0,-105.0
1775973728.5266588,4.0,-1.0,-98.0
1775973728.5366588,3.0,-2.0,-94.0
1775973728.546659,2.0,-2.0,-98.0
1775973728.556659,1.0,-2.0,-100.0
1775973728.566659,1.0,0.0,-101.0
1775973728.576659,-1.0,-2.0,-102.0
1775973728.586659,-2.0,2.0,-103.0
1775973728.596659,-4.0,2.0,-97.0
1775973728.606659,-4.0,-1.0,-100.0
1775973728.616659,-4.0,-1.0,-103.0
1775973728.626659,-6.0,0.0,-102.0
1775973728.636659,-8.0,-2.0,-100.0
1775973728.646659,-8.0,3.0,-104.0
1775973728.656659,-2.0,8.0,-101.0
1775973728.6666589,-1.0,6.0,-99.0
1775973728.6766589,1.0,1.0,-97.0
1775973728.6866589,-1.0,0.0,-100.0
1775973728.6966588,0.0,-1.0,-97.0
1775973728.7066588,4.0,-1.0,-98.0
1775973728.7166588,0.0,-2.0,-110.0
1775973728.7266588,3.0,-4.0,-111.0
1775973728.7366588,6.0,-4.0,-106.0
1775973728.7466588,4.0,-5.0,-104.0
1775973728.7566588,4.0,-4.0,-104.0
1775973728.7666588,8.0,-2.0,-101.0
1775973728.7766588,3.0,-3.0,-100.0
1775973728.7866588,0.0,-5.0,-97.0
1775973728.796659,-1.0,-2.0,-104.0
1775973728.806659,0.0,1.0,-111.0
1775973728.816659,-4.0,-3.0,-114.0
1775973728.826659,0.0,-4.0,-114.0
1775973728.836659,1.0,-2.0,-114.0
1775973728.846659,0.0,-3.0,-117.0
1775973728.856659,-3.0,-4.0,-112.0
1775973728.866659,-4.0,-1.0,-113.0
1775973728.876659,-2.0,-3.0,-112.0
1775973728.886659,1.0,-3.0,-104.0
1775973728.896659,-1.0,-8.0,-106.0
1775973728.906659,0.0,-9.0,-104.0
1775973728.9166589,0.0,0.0,-93.0
1775973728.9266589,2.0,0.0,-95.0
1775973728.9366589,0.0,2.0,-95.0
1775973728.9466588,-1.0,2.0,-96.0
1775973728.9566588,-3.0,5.0,-100.0
1775973728.9666588,-4.0,4.0,-102.0
1775973728.9766588,-6.0,1.0,-95.0
1775973728.9866588,-7.0,0.0,-93.0
1775973728.9966588,-4.0,0.0,-93.0
1775973729.0066588,1.0,-2.0,-89.0
1775973729.0166588,0.0,-5.0,-87.0
1775973729.0266588,-1.0,-4.0,-90.0
1775973729.0366588,0.0,-2.0,-91.0
1775973729.046659,0.0,-8.0,-98.0
1775973729.056659,0.0,-12.0,-103.0
1775973729.066659,-1.0,-11.0,-102.0
1775973729.076659,-2.0,-5.0,-98.0
1775973729.086659,-3.0,-3.0,-102.0
1775973729.096659,-3.0,-4.0,-97.0
1775973729.106659,0.0,-4.0,-102.0
1775973729.116659,0.0,-3.0,-106.0
1775973729.126659,-1.0,-1.0,-108.0
1775973729.136659,-1.0,-2.0,-110.0
1775973729.146659,0.0,0.0,-112.0
1775973729.156659,-2.0,0.0,-109.0
1775973729.1666589,0.0,1.0,-109.0
1775973729.1766589,0.0,2.0,-112.0
1775973729.1866589,-4.0,2.0,-110.0
1775973729.1966588,-5.0,3.0,-114.0
1775973729.2066588,-5.0,2.0,-115.0
1775973729.2166588,0.0,2.0,-111.0
1775973729.2266588,0.0,2.0,-106.0
1775973729.2366588,0.0,0.0,-108.0
1775973729.2466588,0.0,-3.0,-108.0
1775973729.2566588,2.0,-3.0,-105.0
1775973729.2666588,3.0,-1.0,-107.0
1775973729.2766588,6.0,-3.0,-104.0
1775973729.2866588,3.0,-4.0,-104.0
1775973729.296659,-3.0,0.0,-106.0
1775973729.306659,-4.0,-1.0,-111.0
1775973729.316659,-8.0,0.0,-118.0
1775973729.326659,-3.0,1.0,-119.0
1775973729.336659,3.0,-2.0,-121.0
1775973729.346659,1.0,-4.0,-120.0
1775973729.356659,2.0,-2.0,-118.0
1775973729.366659,0.0,-1.0,-116.0
1775973729.376659,1.0,0.0,-112.0
1775973729.386659,0.0,-2.0,-110.0
1775973729.396659,0.0,-4.0,-108.0
1775973729.406659,0.0,-3.0,-113.0
1775973729.4166589,2.0,-2.0,-117.0
1775973729.4266589,2.0,-4.0,-115.0
1775973729.4366589,0.0,-3.0,-114.0
1775973729.4476588,-1.0,0.0,-121.0
1775973729.4576588,-1.0,3.0,-119.0
1775973729.4676588,1.0,4.0,-115.0
1775973729.477659,0.0,4.0,-110.0
1775973729.487659,-5.0,0.0,-109.0
1775973729.497659,-5.0,0.0,-106.0
1775973729.507659,-2.0,-2.0,-109.0
1775973729.517659,-4.0,-3.0,-111.0
1775973729.527659,-3.0,-3.0,-117.0
1775973729.537659,-5.0,-4.0,-112.0
1775973729.547659,-6.0,-4.0,-110.0
1775973729.557659,-4.0,-3.0,-113.0
1775973729.567659,-3.0,-1.0,-109.0
1775973729.577659,0.0,-6.0,-111.0
1775973729.587659,1.0,-5.0,-112.0
1775973729.5976589,5.0,-3.0,-110.0
1775973729.6076589,2.0,-2.0,-109.0
1775973729.6176589,2.0,-5.0,-105.0
1775973729.6276588,1.0,-6.0,-107.0
1775973729.6376588,1.0,-8.0,-111.0
1775973729.6476588,2.0,-6.0,-110.0
1775973729.6576588,-2.0,-5.0,-116.0
1775973729.6676588,-4.0,-2.0,-119.0
1775973729.6776588,-2.0,1.0,-113.0
1775973729.6876588,0.0,0.0,-111.0
1775973729.6976588,-1.0,0.0,-115.0
1775973729.7076588,-1.0,-3.0,-108.0
1775973729.7176588,-5.0,-3.0,-104.0
1775973729.727659,-7.0,-5.0,-104.0
1775973729.737659,-1.0,-5.0,-98.0
1775973729.747659,-2.0,-3.0,-100.0
1775973729.757659,-2.0,-6.0,-103.0
1775973729.767659,-3.0,-6.0,-99.0
1775973729.777659,-1.0,-5.0,-99.0
1775973729.787659,4.0,-2.0,-100.0
1775973729.797659,0.0,-4.0,-103.0
1775973729.807659,2.0,-3.0,-102.0
1775973729.817659,5.0,-2.0,-101.0
1775973729.827659,3.0,-4.0,-104.0
1775973729.837659,4.0,-7.0,-100.0
1775973729.8476589,3.0,-4.0,-95.0
1775973729.8576589,0.0,-4.0,-93.0
1775973729.8676589,-5.0,-2.0,-93.0
1775973729.8776588,-10.0,-4.0,-98.0
1775973729.8876588,-8.0,-2.0,-103.0
1775973729.8976588,-3.0,-4.0,-101.0
1775973729.9076588,0.0,-4.0,-98.0
1775973729.9176588,3.0,-1.0,-97.0
1775973729.9276588,1.0,-2.0,-99.0
1775973729.9376588,3.0,0.0,-99.0
1775973729.9476588,4.0,-2.0,-97.0
1775973729.9576588,7.0,-4.0,-103.0
1775973729.9676588,6.0,-6.0,-107.0
1775973729.977659,0.0,-4.0,-114.0
1775973729.987659,-2.0,-6.0,-112.0
1775973729.997659,-3.0,-6.0,-108.0
1775973730.007659,-6.0,-5.0,-111.0
1775973730.017659,-5.0,-4.0,-107.0
1775973730.027659,-5.0,-3.0,-105.0
1775973730.037659,-5.0,-2.0,-109.0
1775973730.047659,-2.0,-5.0,-111.0
1775973730.057659,-2.0,-6.0,-112.0
1775973730.067659,-2.0,-9.0,-110.0
1775973730.077659,0.0,-10.0,-111.0
1775973730.087659,5.0,-10.0,-115.0
1775973730.0976589,5.0,-10.0,-109.0
1775973730.1076589,4.0,-7.0,-110.0
1775973730.1176589,4.0,-4.0,-112.0
1775973730.1276588,5.0,-2.0,-111.0
1775973730.1376588,3.0,-2.0,-106.0
1775973730.1476588,-1.0,-7.0,-110.0
1775973730.1576588,0.0,-6.0,-112.0
1775973730.1676588,0.0,-2.0,-111.0
1775973730.1776588,1.0,-2.0,-108.0
1775973730.1876588,4.0,0.0,-104.0
1775973730.1976588,4.0,0.0,-103.0
1775973730.2076588,4.0,1.0,-105.0
1775973730.2176588,5.0,1.0,-103.0
1775973730.227659,0.0,2.0,-97.0
1775973730.237659,-1.0,3.0,-101.0
1775973730.247659,1.0,2.0,-99.0
1775973730.257659,5.0,3.0,-97.0
1775973730.267659,4.0,6.0,-98.0
1775973730.277659,6.0,5.0,-98.0
1775973730.287659,2.0,4.0,-101.0
1775973730.297659,-4.0,4.0,-105.0
1775973730.307659,-5.0,5.0,-108.0
1775973730.317659,-2.0,3.0,-109.0
1775973730.327659,-1.0,-1.0,-107.0
1775973730.337659,0.0,-1.0,-103.0
1775973730.3476589,5.0,-6.0,-108.0
1775973730.3576589,7.0,-9.0,-105.0
1775973730.3676589,8.0,-5.0,-110.0
1775973730.3776588,5.0,-3.0,-106.0
1775973730.3876588,5.0,-4.0,-104.0
1775973730.3976588,7.0,1.0,-110.0
1775973730.4076588,7.0,1.0,-107.0
1775973730.4176588,6.0,2.0,-107.0
1775973730.4276588,0.0,5.0,-115.0
1775973730.4376588,-2.0,3.0,-122.0
1775973730.4476588,-1.0,0.0,-115.0
1775973730.4576588,-7.0,1.0,-114.0
1775973730.4676588,-5.0,5.0,-113.0
1775973730.477659,0.0,7.0,-118.0
1775973730.487659,-3.0,2.0,-118.0
1775973730.497659,-5.0,-2.0,-115.0
1775973730.507659,-4.0,-2.0,-114.0
1775973730.517659,0.0,-1.0,-111.0
1775973730.527659,-4.0,0.0,-113.0
1775973730.537659,-1.0,0.0,-110.0
1775973730.547659,2.0,2.0,-112.0
1775973730.557659,0.0,2.0,-113.0
1775973730.567659,0.0,1.0,-110.0
1775973730.577659,-1.0,0.0,-111.0
1775973730.587659,-2.0,5.0,-106.0
1775973730.5976589,-1.0,2.0,-101.0
1775973730.6076589,0.0,0.0,-101.0
1775973730.6176589,2.0,2.0,-102.0
1775973730.6276588,0.0,5.0,-104.0
1775973730.6376588,1.0,4.0,-109.0
1775973730.6476588,0.0,3.0,-112.0
1775973730.6576588,0.0,4.0,-117.0
1775973730.6676588,-1.0,3.0,-112.0
1775973730.6776588,0.0,6.0,-104.0
1775973730.6876588,1.0,5.0,-108.0
1775973730.6976588,-4.0,6.0,-113.0
1775973730.7076588,-6.0,1.0,-114.0
1775973730.7176588,-1.0,1.0,-113.0
1775973730.727659,-1.0,0.0,-105.0
1775973730.737659,-3.0,0.0,-103.0
1775973730.747659,-1.0,1.0,-99.0
1775973730.757659,-1.0,3.0,-108.0
1775973730.767659,0.0,0.0,-108.0
1775973730.777659,0.0,-1.0,-107.0
1775973730.787659,-3.0,-3.0,-112.0
1775973730.797659,-3.0,-1.0,-112.0
1775973730.807659,-3.0,-2.0,-104.0
1775973730.817659,-4.0,-3.0,-102.0
1775973730.827659,-8.0,-1.0,-103.0
1775973730.837659,-7.0,-1.0,-105.0
1775973730.8476589,-3.0,-1.0,-97.0
1775973730.8576589,-1.0,-3.0,-100.0
1775973730.8676589,0.0,-3.0,-101.0
1775973730.8776588,3.0,1.0,-107.0
1775973730.8876588,3.0,7.0,-112.0
1775973730.8976588,0.0,9.0,-110.0
1775973730.9076588,1.0,8.0,-116.0
1775973730.9176588,2.0,9.0,-116.0
1775973730.9276588,0.0,7.0,-118.0
1775973730.9376588,0.0,6.0,-111.0
1775973730.9476588,-4.0,8.0,-112.0
1775973730.9576588,-7.0,7.0,-114.0
1775973730.9676588,-4.0,8.0,-113.0
1775973730.977659,-3.0,3.0,-108.0
1775973730.987659,-3.0,5.0,-111.0
1775973730.997659,-1.0,5.0,-110.0
1775973731.007659,-6.0,5.0,-112.0
1775973731.017659,-5.0,6.0,-111.0
1775973731.027659,-5.0,4.0,-115.0
1775973731.037659,-5.0,1.0,-109.0
1775973731.047659,-2.0,2.0,-108.0
1775973731.057659,-4.0,1.0,-108.0
1775973731.067659,-5.0,0.0,-112.0
1775973731.077659,0.0,1.0,-112.0
1775973731.087659,-2.0,0.0,-111.0
1775973731.0976589,-8.0,3.0,-112.0
1775973731.1076589,0.0,0.0,-113.0
1775973731.1176589,2.0,0.0,-107.0
1775973731.1276588,0.0,6.0,-104.0
1775973731.1376588,0.0,9.0,-102.0
1775973731.1476588,2.0,6.0,-101.0
1775973731.1576588,4.0,3.0,-106.0
1775973731.1676588,5.0,1.0,-109.0
1775973731.1776588,3.0,0.0,-103.0
1775973731.1876588,1.0,1.0,-101.0
1775973731.1976588,2.0,-2.0,-104.0
1775973731.2076588,2.0,0.0,-98.0
1775973731.2176588,3.0,2.0,-100.0
1775973731.227659,3.0,5.0,-104.0
1775973731.237659,4.0,6.0,-103.0
1775973731.247659,5.0,7.0,-105.0
1775973731.257659,0.0,5.0,-111.0
1775973731.267659,0.0,5.0,-113.0
1775973731.277659,-2.0,1.0,-109.0
1775973731.287659,-2.0,1.0,-110.0
1775973731.297659,0.0,1.0,-108.0
1775973731.307659,2.0,6.0,-101.0
1775973731.317659,3.0,5.0,-106.0
1775973731.327659,2.0,5.0,-105.0
1775973731.337659,2.0,4.0,-104.0
1775973731.3476589,0.0,3.0,-104.0
1775973731.3576589,-2.0,-2.0,-106.0
1775973731.3676589,-2.0,-1.0,-105.0
1775973731.3776588,-5.0,1.0,-110.0
1775973731.3876588,-6.0,4.0,-114.0
1775973731.3976588,-8.0,0.0,-113.0
1775973731.4076588,-11.0,-1.0,-109.0
1775973731.4176588,-11.0,1.0,-108.0
1775973731.4276588,-8.0,0.0,-110.0
1775973731.4376588,-4.0,-1.0,-105.0
1775973731.4476588,-2.0,2.0,-101.0
1775973731.4576588,-4.0,3.0,-102.0
1775973731.4676588,-2.0,3.0,-107.0
1775973731.478659,-1.0,3.0,-108.0
1775973731.488659,-5.0,4.0,-113.0
1775973731.498659,-1.0,5.0,-116.0
1775973731.508659,1.0,0.0,-112.0
1775973731.5186589,0.0,2.0,-105.0
1775973731.5286589,-3.0,1.0,-101.0
1775973731.5386589,-4.0,0.0,-104.0
1775973731.5486588,-7.0,-4.0,-105.0
1775973731.5586588,-5.0,-8.0,-108.0
1775973731.5686588,-3.0,-8.0,-109.0
1775973731.5786588,1.0,-1.0,-115.0
1775973731.5886588,-3.0,-6.0,-111.0
1775973731.5986588,-6.0,-8.0,-107.0
1775973731.6086588,-1.0,-7.0,-111.0
1775973731.6186588,-2.0,-5.0,-112.0
1775973731.6286588,0.0,0.0,-113.0
1775973731.6386588,2.0,2.0,-106.0
1775973731.648659,1.0,3.0,-107.0
1775973731.658659,0.0,4.0,-97.0
1775973731.668659,2.0,3.0,-94.0
1775973731.678659,6.0,2.0,-95.0
1775973731.688659,3.0,1.0,-98.0
1775973731.698659,1.0,0.0,-94.0
1775973731.708659,-1.0,-3.0,-97.0
1775973731.718659,-3.0,-5.0,-92.0
1775973731.728659,-2.0,-6.0,-100.0
1775973731.738659,4.0,-2.0,-100.0
1775973731.748659,0.0,3.0,-104.0
1775973731.758659,-2.0,3.0,-99.0
1775973731.7686589,-4.0,2.0,-102.0
1775973731.7786589,-2.0,4.0,-95.0
1775973731.7886589,-3.0,4.0,-97.0
1775973731.7986588,-10.0,3.0,-99.0
1775973731.8086588,-9.0,2.0,-101.0
1775973731.8186588,-9.0,2.0,-107.0
1775973731.8286588,-8.0,0.0,-104.0
1775973731.8386588,-5.0,2.0,-104.0
1775973731.8486588,-4.0,-1.0,-105.0
1775973731.8586588,-4.0,-6.0,-107.0
1775973731.8686588,-3.0,-1.0,-101.0
1775973731.8786588,-2.0,-5.0,-99.0
1775973731.8886588,-4.0,-4.0,-103.0
1775973731.898659,-5.0,-1.0,-105.0
1775973731.908659,-7.0,0.0,-109.0
1775973731.918659,-14.0,3.0,-114.0
1775973731.928659,-14.0,2.0,-109.0
1775973731.938659,-12.0,0.0,-104.0
1775973731.948659,-11.0,0.0,-100.0
1775973731.958659,-9.0,0.0,-100.0
1775973731.968659,-5.0,0.0,-101.0
1775973731.978659,-1.0,0.0,-104.0
1775973731.988659,-1.0,0.0,-107.0
1775973731.998659,-2.0,-4.0,-114.0
1775973732.008659,-2.0,-2.0,-114.0
1775973732.0196588,-1.0,-1.0,-107.0
1775973732.0286589,-4.0,-2.0,-106.0
1775973732.0386589,-5.0,-1.0,-109.0
1775973732.0486588,-5.0,0.0,-113.0
1775973732.0586588,-9.0,1.0,-110.0
1775973732.0686588,-5.0,2.0,-110.0
1775973732.0786588,-8.0,4.0,-100.0
1775973732.0886588,-7.0,2.0,-102.0
1775973732.0986588,-5.0,1.0,-103.0
1775973732.1086588,-7.0,2.0,-97.0
1775973732.1186588,-4.0,2.0,-106.0
1775973732.1286588,-4.0,2.0,-112.0
1775973732.1386588,1.0,0.0,-114.0
1775973732.148659,3.0,1.0,-111.0
1775973732.158659,-1.0,0.0,-109.0
1775973732.168659,0.0,4.0,-105.0
1775973732.178659,0.0,0.0,-105.0
1775973732.188659,1.0,0.0,-109.0
1775973732.198659,1.0,0.0,-111.0
1775973732.208659,0.0,-1.0,-113.0
1775973732.218659,2.0,0.0,-113.0
1775973732.228659,4.0,2.0,-115.0
1775973732.238659,5.0,4.0,-115.0
1775973732.248659,1.0,4.0,-112.0
1775973732.258659,-1.0,3.0,-111.0
1775973732.2686589,0.0,1.0,-105.0
1775973732.2786589,3.0,-1.0,-109.0
1775973732.2886589,2.0,0.0,-103.0
1775973732.2986588,1.0,-1.0,-105.0
1775973732.3086588,0.0,-3.0,-103.0
1775973732.3186588,-2.0,-6.0,-105.0
1775973732.3286588,-3.0,-3.0,-112.0
1775973732.3386588,-5.0,-7.0,-116.0
1775973732.3486588,-6.0,-7.0,-118.0
1775973732.3586588,0.0,-2.0,-116.0
1775973732.3686588,-2.0,-2.0,-119.0
1775973732.3786588,3.0,2.0,-119.0
1775973732.3886588,3.0,5.0,-112.0
1775973732.398659,2.0,5.0,-113.0
1775973732.408659,1.0,3.0,-113.0
1775973732.418659,-2.0,1.0,-108.0
1775973732.428659,-4.0,2.0,-112.0
1775973732.438659,-3.0,2.0,-112.0
1775973732.448659,-1.0,5.0,-110.0
1775973732.458659,0.0,5.0,-104.0
1775973732.468659,5.0,4.0,-107.0
1775973732.478659,5.0,2.0,-106.0
1775973732.488659,4.0,0.0,-108.0
1775973732.498659,8.0,4.0,-107.0
1775973732.508659,8.0,4.0,-113.0
1775973732.5186589,4.0,3.0,-112.0
1775973732.5286589,1.0,1.0,-114.0
1775973732.5386589,-4.0,0.0,-119.0
1775973732.5486588,-11.0,0.0,-117.0
1775973732.5586588,-10.0,1.0,-120.0
1775973732.5686588,-7.0,1.0,-120.0
1775973732.5786588,-1.0,1.0,-119.0
1775973732.5886588,-1.0,1.0,-124.0
1775973732.5986588,-2.0,-1.0,-118.0
1775973732.6086588,1.0,-4.0,-119.0
1775973732.6186588,0.0,-7.0,-120.0
1775973732.6286588,2.0,-7.0,-117.0
1775973732.6386588,3.0,-5.0,-118.0
1775973732.648659,2.0,-2.0,-118.0
1775973732.658659,5.0,0.0,-123.0
1775973732.668659,7.0,2.0,-116.0
1775973732.678659,8.0,0.0,-112.0
1775973732.688659,5.0,0.0,-107.0
1775973732.698659,0.0,-1.0,-116.0
1775973732.708659,-3.0,-3.0,-107.0
1775973732.718659,-4.0,-1.0,-108.0
1775973732.728659,-3.0,0.0,-102.0
1775973732.738659,0.0,-1.0,-97.0
1775973732.748659,0.0,1.0,-91.0
1775973732.758659,-2.0,0.0,-93.0
1775973732.7686589,-1.0,4.0,-94.0
1775973732.7786589,0.0,6.0,-97.0
1775973732.7886589,0.0,4.0,-102.0
1775973732.7986588,2.0,0.0,-102.0
1775973732.8086588,0.0,0.0,-104.0
1775973732.8186588,1.0,0.0,-100.0
1775973732.8286588,1.0,1.0,-100.0
1775973732.8386588,0.0,0.0,-102.0
1775973732.8486588,-5.0,2.0,-101.0
1775973732.8586588,-10.0,0.0,-105.0
1775973732.8686588,-11.0,0.0,-108.0
1775973732.8786588,-4.0,-4.0,-109.0
1775973732.8886588,-5.0,-1.0,-106.0
1775973732.898659,-2.0,0.0,-105.0
1775973732.908659,0.0,-1.0,-97.0
1775973732.918659,0.0,-3.0,-97.0
1775973732.928659,0.0,-3.0,-96.0
1775973732.938659,2.0,-2.0,-101.0
1775973732.948659,3.0,0.0,-103.0
1775973732.958659,0.0,-2.0,-106.0
1775973732.968659,1.0,-2.0,-110.0
1775973732.978659,6.0,-2.0,-111.0
1775973732.988659,5.0,-1.0,-110.0
1775973732.998659,5.0,0.0,-114.0
1775973733.008659,5.0,-2.0,-108.0
1775973733.0186589,2.0,-3.0,-105.0
1775973733.0286589,-2.0,-7.0,-102.0
1775973733.0386589,0.0,-9.0,-110.0
1775973733.0486588,0.0,-12.0,-110.0
1775973733.0586588,0.0,-8.0,-112.0
1775973733.0686588,2.0,-6.0,-109.0
1775973733.0786588,3.0,-3.0,-114.0
1775973733.0886588,0.0,0.0,-112.0
1775973733.0986588,-1.0,-3.0,-109.0
1775973733.1086588,1.0,-2.0,-106.0
1775973733.1186588,3.0,-1.0,-102.0
1775973733.1286588,2.0,-3.0,-103.0
1775973733.1386588,3.0,-3.0,-100.0
1775973733.148659,0.0,-3.0,-100.0
1775973733.158659,3.0,0.0,-110.0
1775973733.168659,7.0,3.0,-105.0
1775973733.178659,0.0,4.0,-102.0
1775973733.188659,-3.0,2.0,-102.0
1775973733.198659,-3.0,4.0,-108.0
1775973733.208659,-2.0,3.0,-113.0
1775973733.218659,-1.0,1.0,-113.0
1775973733.228659,-2.0,2.0,-111.0
1775973733.238659,-3.0,0.0,-113.0
1775973733.248659,1.0,0.0,-115.0
1775973733.258659,4.0,-3.0,-110.0
1775973733.2686589,6.0,-4.0,-105.0
1775973733.2786589,8.0,1.0,-109.0
1775973733.2886589,4.0,3.0,-111.0
1775973733.2986588,0.0,2.0,-110.0
1775973733.3086588,-2.0,1.0,-103.0
1775973733.3186588,-5.0,1.0,-106.0
1775973733.3286588,-6.0,1.0,-112.0
1775973733.3386588,-2.0,2.0,-116.0
1775973733.3486588,0.0,3.0,-109.0
1775973733.3586588,0.0,0.0,-104.0
1775973733.3686588,-4.0,1.0,-102.0
1775973733.3786588,-4.0,0.0,-110.0
1775973733.3886588,-3.0,0.0,-108.0
1775973733.398659,0.0,-1.0,-111.0
1775973733.408659,6.0,-1.0,-112.0
1775973733.418659,4.0,-3.0,-113.0
1775973733.428659,1.0,-3.0,-107.0
1775973733.438659,3.0,0.0,-106.0
1775973733.448659,1.0,3.0,-105.0
1775973733.458659,-5.0,6.0,-103.0
1775973733.468659,-1.0,6.0,-99.0
1775973733.478659,-5.0,5.0,-97.0
1775973733.488659,-5.0,6.0,-95.0
1775973733.498659,-3.0,6.0,-95.0
1775973733.5096588,-2.0,4.0,-98.0
1775973733.5186589,-2.0,4.0,-102.0
1775973733.5286589,0.0,1.0,-107.0
1775973733.5396588,1.0,2.0,-104.0
1775973733.5486588,7.0,0.0,-108.0
1775973733.5596588,7.0,-1.0,-111.0
1775973733.569659,7.0,-6.0,-115.0
1775973733.579659,2.0,-6.0,-113.0
1775973733.589659,5.0,-2.0,-117.0
1775973733.599659,11.0,-4.0,-115.0
1775973733.609659,10.0,-3.0,-107.0
1775973733.619659,7.0,-1.0,-101.0
1775973733.629659,7.0,1.0,-99.0
1775973733.639659,8.0,0.0,-106.0
1775973733.649659,6.0,0.0,-109.0
1775973733.659659,5.0,2.0,-111.0
1775973733.669659,5.0,6.0,-112.0
1775973733.679659,7.0,2.0,-113.0
1775973733.6896589,8.0,1.0,-114.0
1775973733.6996589,8.0,0.0,-112.0
1775973733.7096589,4.0,-1.0,-111.0
1775973733.7196589,4.0,-1.0,-118.0
1775973733.7296588,6.0,-2.0,-118.0
1775973733.7396588,5.0,-3.0,-114.0
1775973733.7496588,5.0,-6.0,-115.0
1775973733.7596588,4.0,-6.0,-116.0
1775973733.7696588,-2.0,-3.0,-121.0
1775973733.7796588,-1.0,-4.0,-114.0
1775973733.7896588,-2.0,-2.0,-111.0
1775973733.7996588,-2.0,-1.0,-111.0
1775973733.8096588,-1.0,3.0,-110.0
1775973733.819659,0.0,3.0,-108.0
1775973733.829659,-5.0,0.0,-111.0
1775973733.839659,-8.0,1.0,-110.0
1775973733.849659,-2.0,0.0,-117.0
1775973733.859659,-1.0,0.0,-123.0
1775973733.869659,-2.0,-3.0,-125.0
1775973733.879659,-4.0,-6.0,-123.0
1775973733.889659,0.0,-6.0,-116.0
1775973733.899659,0.0,-9.0,-112.0
1775973733.909659,1.0,-6.0,-109.0
1775973733.919659,1.0,-3.0,-107.0
1775973733.929659,0.0,-6.0,-104.0
1775973733.9396589,0.0,-4.0,-107.0
1775973733.9496589,-1.0,-5.0,-109.0
1775973733.9596589,-1.0,-6.0,-110.0
1775973733.9696589,-4.0,-3.0,-99.0
1775973733.9796588,-5.0,-4.0,-93.0
1775973733.9896588,-1.0,-4.0,-93.0
1775973733.9996588,-1.0,0.0,-86.0
1775973734.0096588,0.0,0.0,-87.0
1775973734.0196588,2.0,-2.0,-92.0
1775973734.0296588,6.0,-2.0,-96.0
1775973734.0396588,1.0,4.0,-98.0
1775973734.0496588,5.0,5.0,-102.0
1775973734.0596588,4.0,4.0,-101.0
1775973734.069659,4.0,5.0,-108.0
1775973734.079659,4.0,2.0,-108.0
1775973734.089659,4.0,0.0,-110.0
1775973734.099659,1.0,-3.0,-122.0
1775973734.109659,0.0,-3.0,-111.0
1775973734.119659,0.0,1.0,-106.0
1775973734.129659,2.0,0.0,-99.0
1775973734.139659,2.0,0.0,-109.0
1775973734.149659,4.0,2.0,-118.0
1775973734.159659,0.0,-1.0,-117.0
1775973734.169659,0.0,0.0,-123.0
1775973734.179659,1.0,3.0,-122.0
1775973734.1896589,-1.0,4.0,-123.0
1775973734.1996589,1.0,4.0,-120.0
1775973734.2096589,1.0,6.0,-111.0
1775973734.2196589,5.0,5.0,-113.0
1775973734.2296588,4.0,7.0,-114.0
1775973734.2396588,4.0,7.0,-117.0
1775973734.2496588,3.0,4.0,-112.0
1775973734.2596588,2.0,4.0,-108.0
1775973734.2696588,6.0,1.0,-108.0
1775973734.2796588,3.0,0.0,-112.0
1775973734.2896588,0.0,-2.0,-119.0
1775973734.2996588,-2.0,0.0,-121.0
1775973734.3096588,-8.0,0.0,-122.0
1775973734.319659,-9.0,-2.0,-112.0
1775973734.329659,-8.0,0.0,-113.0
1775973734.339659,-4.0,0.0,-111.0
1775973734.349659,-6.0,-3.0,-114.0
1775973734.359659,-1.0,-4.0,-107.0
1775973734.369659,1.0,-3.0,-106.0
1775973734.379659,0.0,-4.0,-101.0
1775973734.389659,-1.0,-7.0,-96.0
1775973734.399659,2.0,-5.0,-103.0
1775973734.409659,3.0,-3.0,-109.0
1775973734.419659,0.0,-2.0,-112.0
1775973734.429659,6.0,-2.0,-111.0
1775973734.4396589,4.0,-3.0,-116.0
1775973734.4496589,6.0,-3.0,-116.0
1775973734.4596589,5.0,0.0,-120.0
1775973734.4696589,3.0,-2.0,-117.0
1775973734.4796588,5.0,-1.0,-120.0
1775973734.4896588,4.0,-2.0,-119.0
1775973734.4996588,3.0,1.0,-121.0
1775973734.5096588,7.0,3.0,-123.0
1775973734.5196588,6.0,2.0,-123.0
1775973734.5296588,6.0,0.0,-129.0
1775973734.5396588,0.0,-2.0,-122.0
1775973734.5496588,-2.0,-3.0,-118.0
1775973734.5596588,0.0,-4.0,-113.0
1775973734.569659,-1.0,-4.0,-116.0
1775973734.579659,0.0,-4.0,-112.0
1775973734.589659,-2.0,-5.0,-109.0
1775973734.599659,-6.0,-7.0,-104.0
1775973734.609659,-2.0,-5.0,-101.0
1775973734.619659,-3.0,0.0,-102.0
1775973734.629659,0.0,2.0,-106.0
1775973734.639659,5.0,4.0,-104.0
1775973734.649659,8.0,1.0,-106.0
1775973734.659659,6.0,0.0,-102.0
1775973734.669659,6.0,0.0,-98.0
1775973734.679659,5.0,0.0,-94.0
1775973734.6896589,7.0,-4.0,-94.0
1775973734.6996589,8.0,-5.0,-99.0
1775973734.7096589,3.0,-2.0,-104.0
1775973734.7196589,4.0,-4.0,-105.0
1775973734.7296588,-3.0,-5.0,-106.0
1775973734.7396588,0.0,-7.0,-106.0
1775973734.7496588,0.0,-4.0,-103.0
1775973734.7596588,2.0,-3.0,-99.0
1775973734.7696588,-3.0,-5.0,-101.0
1775973734.7796588,-7.0,-2.0,-97.0
1775973734.7896588,-8.0,0.0,-95.0
1775973734.7996588,-10.0,-6.0,-99.0
1775973734.8096588,-10.0,-5.0,-100.0
1775973734.819659,-8.0,-5.0,-100.0
1775973734.829659,-5.0,-6.0,-95.0
1775973734.839659,-2.0,-6.0,-89.0
1775973734.849659,2.0,-2.0,-87.0
1775973734.859659,5.0,-1.0,-89.0
1775973734.869659,8.0,-1.0,-89.0
1775973734.879659,9.0,-2.0,-93.0
1775973734.889659,5.0,0.0,-90.0
1775973734.899659,1.0,1.0,-94.0
1775973734.909659,-1.0,1.0,-101.0
1775973734.919659,2.0,0.0,-105.0
1775973734.929659,-1.0,3.0,-109.0
1775973734.9396589,-4.0,6.0,-107.0
1775973734.9496589,-6.0,6.0,-107.0
1775973734.9596589,-5.0,6.0,-113.0
1775973734.9696589,-2.0,7.0,-115.0
1775973734.9796588,-1.0,8.0,-117.0
1775973734.9896588,5.0,5.0,-113.0
1775973734.9996588,5.0,7.0,-114.0
1775973735.0096588,0.0,6.0,-109.0
1775973735.0196588,-3.0,0.0,-111.0
1775973735.0296588,0.0,-1.0,-111.0
1775973735.0396588,2.0,-3.0,-106.0
1775973735.0496588,0.0,-2.0,-101.0
1775973735.0596588,-4.0,0.0,-104.0
1775973735.069659,-2.0,0.0,-106.0
1775973735.079659,-2.0,1.0,-111.0
1775973735.089659,-4.0,5.0,-118.0
1775973735.099659,-4.0,7.0,-120.0
1775973735.109659,-1.0,7.0,-115.0
1775973735.119659,3.0,8.0,-108.0
1775973735.129659,1.0,2.0,-106.0
1775973735.139659,0.0,4.0,-103.0
1775973735.149659,-5.0,2.0,-104.0
1775973735.159659,-6.0,-3.0,-103.0
1775973735.169659,-6.0,0.0,-114.0
1775973735.179659,-8.0,-2.0,-111.0
1775973735.1896589,-6.0,-9.0,-108.0
1775973735.1996589,-9.0,-3.0,-112.0
1775973735.2096589,-6.0,0.0,-106.0
1775973735.2196589,-2.0,0.0,-105.0
1775973735.2296588,0.0,2.0,-103.0
1775973735.2396588,-3.0,4.0,-102.0
1775973735.2496588,1.0,4.0,-100.0
1775973735.2596588,3.0,2.0,-92.0
1775973735.2696588,1.0,4.0,-96.0
1775973735.2796588,1.0,5.0,-101.0
1775973735.2896588,4.0,-1.0,-106.0
1775973735.2996588,5.0,-3.0,-103.0
1775973735.3096588,4.0,-3.0,-107.0
1775973735.319659,1.0,-2.0,-105.0
1775973735.329659,1.0,-2.0,-113.0
1775973735.339659,2.0,2.0,-109.0
1775973735.349659,2.0,2.0,-107.0
1775973735.359659,0.0,0.0,-109.0
1775973735.369659,-2.0,0.0,-107.0
1775973735.379659,-1.0,0.0,-107.0
1775973735.389659,-2.0,-2.0,-110.0
1775973735.399659,-5.0,0.0,-108.0
1775973735.409659,-3.0,-1.0,-108.0
1775973735.419659,0.0,0.0,-112.0
1775973735.429659,3.0,0.0,-114.0
1775973735.4396589,0.0,1.0,-107.0
1775973735.4496589,2.0,1.0,-111.0
1775973735.4596589,1.0,0.0,-110.0
1775973735.4696589,0.0,-2.0,-111.0
1775973735.4796588,-3.0,-3.0,-112.0
1775973735.4896588,-6.0,-4.0,-115.0
1775973735.4996588,-4.0,-5.0,-111.0
1775973735.5096588,-7.0,-4.0,-105.0
1775973735.5196588,-5.0,-5.0,-110.0
1775973735.5296588,0.0,-6.0,-112.0
1775973735.5396588,2.0,-2.0,-111.0
1775973735.550659,3.0,-3.0,-116.0
1775973735.5596588,1.0,-1.0,-119.0
1775973735.569659,0.0,-5.0,-115.0
1775973735.579659,-2.0,-3.0,-116.0
1775973735.590659,0.0,-3.0,-109.0
1775973735.600659,0.0,-2.0,-108.0
1775973735.610659,-1.0,0.0,-106.0
1775973735.619659,-4.0,-2.0,-109.0
1775973735.6306589,-2.0,-5.0,-111.0
1775973735.6406589,-2.0,-5.0,-110.0
1775973735.6506588,0.0,-2.0,-116.0
1775973735.6606588,4.0,-3.0,-115.0
1775973735.6706588,1.0,-4.0,-109.0
1775973735.6806588,-3.0,-3.0,-108.0
1775973735.6906588,-4.0,-3.0,-99.0
1775973735.7006588,0.0,-1.0,-99.0
1775973735.7106588,0.0,-2.0,-100.0
1775973735.7206588,3.0,-1.0,-103.0
1775973735.7306588,2.0,-4.0,-108.0
1775973735.7406588,1.0,-6.0,-106.0
1775973735.750659,2.0,-3.0,-108.0
1775973735.760659,3.0,-3.0,-107.0
1775973735.770659,1.0,-2.0,-105.0
1775973735.780659,2.0,-3.0,-109.0
1775973735.790659,0.0,-2.0,-105.0
1775973735.800659,1.0,-2.0,-104.0
1775973735.810659,4.0,-3.0,-105.0
1775973735.820659,0.0,-1.0,-111.0
1775973735.830659,-4.0,-4.0,-113.0
1775973735.840659,-3.0,-7.0,-116.0
1775973735.850659,-3.0,-10.0,-120.0
1775973735.860659,-5.0,-7.0,-112.0
1775973735.8706589,-6.0,-6.0,-114.0
1775973735.8806589,-6.0,-5.0,-121.0
1775973735.8906589,-7.0,-6.0,-112.0
1775973735.9006588,-5.0,-5.0,-113.0
1775973735.9106588,-4.0,-3.0,-113.0
1775973735.9206588,-7.0,0.0,-108.0
1775973735.9306588,-1.0,-2.0,-102.0
1775973735.9406588,-2.0,1.0,-107.0
1775973735.9506588,-4.0,-3.0,-105.0
1775973735.9606588,0.0,-3.0,-104.0
1775973735.9706588,1.0,-3.0,-105.0
1775973735.9806588,-2.0,-2.0,-101.0
1775973735.9906588,-3.0,1.0,-98.0
1775973736.000659,-1.0,0.0,-102.0
1775973736.010659,0.0,-1.0,-101.0
1775973736.020659,1.0,-1.0,-104.0
1775973736.030659,0.0,0.0,-107.0
1775973736.040659,-2.0,-1.0,-109.0
1775973736.050659,0.0,-2.0,-110.0
1775973736.060659,0.0,-3.0,-106.0
1775973736.070659,0.0,-7.0,-109.0
1775973736.080659,0.0,-8.0,-112.0
1775973736.090659,0.0,-7.0,-119.0
1775973736.100659,-1.0,-4.0,-112.0
1775973736.110659,-3.0,-8.0,-117.0
1775973736.1206589,-3.0,-6.0,-122.0
1775973736.1306589,-1.0,-8.0,-124.0
1775973736.1406589,-2.0,-6.0,-116.0
1775973736.1506588,-7.0,-5.0,-111.0
1775973736.1606588,-8.0,-3.0,-106.0
1775973736.1706588,-9.0,-8.0,-106.0
1775973736.1806588,-8.0,-9.0,-113.0
1775973736.1906588,-8.0,-7.0,-109.0
1775973736.2006588,-7.0,-3.0,-107.0
1775973736.2106588,-5.0,-3.0,-108.0
1775973736.2206588,-4.0,-2.0,-111.0
1775973736.2306588,-2.0,-1.0,-114.0
1775973736.2406588,-4.0,-1.0,-112.0
1775973736.250659,-4.0,-4.0,-112.0
1775973736.260659,-3.0,-6.0,-114.0
1775973736.270659,-2.0,-4.0,-107.0
1775973736.280659,-2.0,-4.0,-103.0
1775973736.290659,-2.0,-1.0,-105.0
1775973736.300659,2.0,0.0,-105.0
1775973736.310659,0.0,-1.0,-93.0
1775973736.320659,2.0,-1.0,-96.0
1775973736.330659,-1.0,-5.0,-94.0
1775973736.340659,-1.0,-5.0,-97.0
1775973736.350659,-3.0,-5.0,-99.0
1775973736.360659,-2.0,-3.0,-97.0
1775973736.3706589,-6.0,-5.0,-96.0
1775973736.3806589,-12.0,-6.0,-101.0
1775973736.3906589,-9.0,-5.0,-102.0
1775973736.4006588,-7.0,-1.0,-100.0
1775973736.4106588,-1.0,0.0,-105.0
1775973736.4206588,1.0,0.0,-110.0
1775973736.4306588,2.0,2.0,-106.0
1775973736.4406588,2.0,4.0,-99.0
1775973736.4506588,0.0,5.0,-99.0
1775973736.4606588,0.0,1.0,-111.0
1775973736.4706588,0.0,-1.0,-112.0
1775973736.4806588,0.0,-1.0,-105.0
1775973736.4906588,0.0,2.0,-105.0
1775973736.500659,0.0,0.0,-107.0
1775973736.510659,-6.0,0.0,-105.0
1775973736.520659,0.0,-4.0,-109.0
1775973736.530659,0.0,-5.0,-111.0
1775973736.540659,-4.0,-3.0,-108.0
1775973736.550659,0.0,-5.0,-110.0
1775973736.560659,0.0,-4.0,-114.0
1775973736.570659,-2.0,-8.0,-112.0
1775973736.580659,0.0,-9.0,-111.0
1775973736.590659,3.0,-6.0,-110.0
1775973736.600659,4.0,-7.0,-103.0
1775973736.610659,1.0,-9.0,-101.0
1775973736.6206589,6.0,-7.0,-107.0
1775973736.6306589,4.0,-7.0,-114.0
1775973736.6406589,6.0,-4.0,-106.0
1775973736.6506588,10.0,-3.0,-101.0
1775973736.6606588,10.0,-2.0,-105.0
1775973736.6706588,9.0,0.0,-105.0
1775973736.6806588,11.0,0.0,-106.0
1775973736.6906588,6.0,0.0,-107.0
1775973736.7006588,2.0,0.0,-104.0
1775973736.7106588,6.0,-1.0,-101.0
1775973736.7206588,4.0,-3.0,-107.0
1775973736.7306588,-2.0,-1.0,-115.0
1775973736.7406588,-1.0,0.0,-112.0
1775973736.750659,-1.0,0.0,-107.0
1775973736.760659,-1.0,-1.0,-104.0
1775973736.770659,-3.0,-3.0,-101.0
1775973736.780659,-2.0,-3.0,-104.0
1775973736.790659,1.0,-4.0,-105.0
1775973736.800659,2.0,-4.0,-105.0
1775973736.810659,5.0,-7.0,-102.0
1775973736.820659,4.0,-7.0,-91.0
1775973736.830659,4.0,-7.0,-94.0
1775973736.840659,1.0,-5.0,-95.0
1775973736.850659,2.0,0.0,-97.0
1775973736.860659,0.0,0.0,-102.0
1775973736.8706589,2.0,-2.0,-98.0
1775973736.8806589,1.0,-1.0,-105.0
1775973736.8906589,0.0,-4.0,-108.0
1775973736.9006588,0.0,-5.0,-111.0
1775973736.9106588,-2.0,-6.0,-109.0
1775973736.9206588,0.0,-6.0,-108.0
1775973736.9306588,4.0,-7.0,-110.0
1775973736.9406588,2.0,-8.0,-116.0
1775973736.9506588,-1.0,-10.0,-116.0
1775973736.9606588,-1.0,-10.0,-104.0
1775973736.9706588,0.0,-8.0,-98.0
1775973736.9806588,3.0,-9.0,-99.0
1775973736.9906588,4.0,-6.0,-99.0
1775973737.000659,5.0,-2.0,-104.0
1775973737.010659,7.0,-1.0,-103.0
1775973737.020659,5.0,2.0,-98.0
1775973737.030659,9.0,4.0,-96.0
1775973737.040659,8.0,0.0,-99.0
1775973737.050659,4.0,-3.0,-100.0
1775973737.060659,0.0,0.0,-105.0
1775973737.070659,0.0,1.0,-108.0
1775973737.080659,1.0,-1.0,-105.0
1775973737.090659,-1.0,-4.0,-103.0
1775973737.100659,-3.0,-7.0,-106.0
1775973737.110659,-2.0,-8.0,-107.0
1775973737.1206589,-3.0,-5.0,-104.0
1775973737.1306589,-2.0,-2.0,-96.0
1775973737.1406589,1.0,-3.0,-100.0
1775973737.1506588,-2.0,-4.0,-106.0
1775973737.1606588,0.0,-4.0,-112.0
1775973737.1706588,0.0,0.0,-116.0
1775973737.1806588,-2.0,-1.0,-114.0
1775973737.1906588,-5.0,0.0,-113.0
1775973737.2006588,-1.0,0.0,-106.0
1775973737.2106588,-2.0,2.0,-109.0
1775973737.2206588,-4.0,4.0,-112.0
1775973737.2306588,-2.0,0.0,-113.0
1775973737.2406588,0.0,-2.0,-115.0
1775973737.250659,0.0,-4.0,-107.0
1775973737.260659,-3.0,-4.0,-100.0
1775973737.270659,-2.0,-2.0,-102.0
1775973737.280659,-3.0,-1.0,-103.0
1775973737.290659,-4.0,-1.0,-105.0
1775973737.300659,-4.0,-2.0,-103.0
1775973737.310659,0.0,1.0,-102.0
1775973737.320659,0.0,-1.0,-106.0
1775973737.330659,3.0,0.0,-102.0
1775973737.340659,6.0,0.0,-100.0
1775973737.350659,10.0,3.0,-104.0
1775973737.360659,4.0,6.0,-107.0
1775973737.3706589,0.0,5.0,-109.0
1775973737.3806589,1.0,3.0,-104.0
1775973737.3906589,0.0,2.0,-102.0
1775973737.4006588,-3.0,1.0,-101.0
1775973737.4106588,-2.0,6.0,-103.0
1775973737.4206588,-2.0,8.0,-110.0
1775973737.4306588,-4.0,8.0,-116.0
1775973737.4406588,-7.0,6.0,-114.0
1775973737.4506588,-4.0,-1.0,-108.0
1775973737.4606588,-7.0,-4.0,-110.0
1775973737.4706588,-8.0,-5.0,-111.0
1775973737.4806588,-3.0,-5.0,-110.0
1775973737.4906588,-6.0,0.0,-102.0
1775973737.500659,-5.0,2.0,-109.0
1775973737.510659,-2.0,0.0,-114.0
1775973737.520659,-2.0,-1.0,-123.0
1775973737.530659,-2.0,-2.0,-119.0
1775973737.540659,-6.0,2.0,-119.0
1775973737.550659,-4.0,-3.0,-115.0
1775973737.560659,-3.0,-4.0,-107.0
1775973737.570659,-2.0,-3.0,-108.0
1775973737.580659,-4.0,-5.0,-112.0
1775973737.590659,-7.0,-5.0,-109.0
1775973737.6016588,-3.0,-6.0,-109.0
1775973737.6116588,0.0,-7.0,-108.0
1775973737.6206589,0.0,-8.0,-107.0
1775973737.6306589,3.0,-4.0,-107.0
1775973737.6416588,2.0,-3.0,-106.0
1775973737.6516588,6.0,1.0,-110.0
1775973737.6616588,4.0,4.0,-108.0
1775973737.671659,0.0,3.0,-110.0
1775973737.681659,-1.0,4.0,-101.0
1775973737.691659,-3.0,0.0,-93.0
1775973737.701659,0.0,-1.0,-96.0
1775973737.711659,-2.0,-1.0,-99.0
1775973737.721659,-1.0,-1.0,-97.0
1775973737.731659,0.0,-1.0,-98.0
1775973737.741659,-2.0,-5.0,-102.0
1775973737.751659,-4.0,-5.0,-98.0
1775973737.761659,-3.0,-8.0,-102.0
1775973737.771659,-2.0,-7.0,-100.0
1775973737.781659,0.0,-5.0,-100.0
1775973737.7916589,0.0,-6.0,-103.0
1775973737.8016589,0.0,-10.0,-106.0
1775973737.8116589,1.0,-10.0,-101.0
1775973737.8216588,3.0,-9.0,-98.0
1775973737.8316588,2.0,-7.0,-101.0
1775973737.8416588,4.0,-9.0,-105.0
1775973737.8516588,2.0,-8.0,-107.0
1775973737.8616588,0.0,-5.0,-104.0
1775973737.8716588,0.0,-3.0,-106.0
1775973737.8816588,0.0,0.0,-104.0
1775973737.8916588,1.0,-1.0,-109.0
1775973737.9016588,2.0,0.0,-113.0
1775973737.9116588,2.0,1.0,-112.0
1775973737.921659,1.0,0.0,-112.0
1775973737.931659,2.0,-3.0,-108.0
1775973737.941659,2.0,-5.0,-106.0
1775973737.951659,1.0,-4.0,-101.0
1775973737.961659,-3.0,3.0,-100.0
1775973737.971659,-4.0,2.0,-93.0
1775973737.981659,-3.0,0.0,-98.0
1775973737.991659,-3.0,-4.0,-103.0
1775973738.001659,-1.0,-4.0,-104.0
1775973738.011659,0.0,-1.0,-105.0
1775973738.021659,2.0,1.0,-111.0
1775973738.031659,1.0,-2.0,-113.0
1775973738.0416589,0.0,-1.0,-115.0
1775973738.0516589,0.0,-4.0,-115.0
1775973738.0616589,-2.0,-8.0,-116.0
1775973738.0716588,-3.0,-5.0,-110.0
1775973738.0816588,-5.0,-3.0,-101.0
1775973738.0916588,-4.0,-2.0,-106.0
1775973738.1016588,-6.0,-4.0,-101.0
1775973738.1116588,-2.0,-4.0,-102.0
1775973738.1216588,-3.0,-2.0,-110.0
1775973738.1316588,-2.0,-2.0,-98.0
1775973738.1416588,0.0,-3.0,-96.0
1775973738.1516588,2.0,0.0,-98.0
1775973738.1616588,5.0,0.0,-108.0
1775973738.171659,4.0,-2.0,-116.0
1775973738.181659,0.0,-4.0,-113.0
1775973738.191659,-4.0,0.0,-109.0
1775973738.201659,-1.0,-1.0,-109.0
1775973738.211659,-3.0,-2.0,-110.0
1775973738.221659,-1.0,2.0,-107.0
1775973738.231659,0.0,3.0,-101.0
1775973738.241659,-6.0,2.0,-101.0
1775973738.251659,-5.0,1.0,-106.0
1775973738.261659,-10.0,3.0,-111.0
1775973738.271659,-13.0,5.0,-102.0
1775973738.281659,-15.0,2.0,-108.0
1775973738.2916589,-8.0,1.0,-110.0
1775973738.3016589,0.0,1.0,-116.0
1775973738.3116589,2.0,-4.0,-113.0
1775973738.3216588,2.0,-1.0,-109.0
1775973738.3316588,1.0,-2.0,-111.0
1775973738.3416588,2.0,0.0,-109.0
1775973738.3516588,-1.0,0.0,-106.0
1775973738.3616588,0.0,3.0,-111.0
1775973738.3716588,0.0,0.0,-112.0
1775973738.3816588,3.0,0.0,-118.0
1775973738.3916588,0.0,-3.0,-114.0
1775973738.4016588,-1.0,0.0,-111.0
1775973738.4116588,-1.0,-1.0,-111.0
1775973738.421659,-2.0,-6.0,-111.0
1775973738.431659,1.0,-8.0,-114.0
1775973738.441659,6.0,-7.0,-113.0
1775973738.451659,7.0,-6.0,-116.0
1775973738.461659,6.0,-5.0,-116.0
1775973738.471659,7.0,-4.0,-115.0
1775973738.481659,1.0,-2.0,-117.0
1775973738.491659,-5.0,-4.0,-111.0
1775973738.501659,-3.0,-5.0,-109.0
1775973738.511659,-3.0,-5.0,-111.0
1775973738.521659,-3.0,-4.0,-105.0
1775973738.531659,-2.0,-6.0,-97.0
1775973738.5416589,3.0,-4.0,-104.0
1775973738.5516589,6.0,-1.0,-108.0
1775973738.5616589,1.0,-4.0,-108.0
1775973738.5716588,-1.0,-3.0,-113.0
1775973738.5816588,0.0,-3.0,-114.0
1775973738.5916588,0.0,-2.0,-114.0
1775973738.6016588,2.0,-2.0,-116.0
1775973738.6116588,1.0,-4.0,-108.0
1775973738.6216588,0.0,-3.0,-110.0
1775973738.6316588,0.0,-2.0,-107.0
1775973738.6416588,-1.0,0.0,-104.0
1775973738.6516588,-5.0,0.0,-101.0
1775973738.6616588,-3.0,-5.0,-98.0
1775973738.671659,4.0,-3.0,-100.0
1775973738.681659,4.0,0.0,-104.0
1775973738.691659,4.0,-1.0,-102.0
1775973738.701659,5.0,-3.0,-104.0
1775973738.711659,4.0,3.0,-109.0
1775973738.721659,-3.0,0.0,-105.0
1775973738.731659,0.0,-5.0,-105.0
1775973738.741659,6.0,-5.0,-97.0
1775973738.751659,11.0,-1.0,-100.0
1775973738.761659,12.0,-1.0,-100.0
1775973738.771659,8.0,-1.0,-104.0
1775973738.781659,3.0,-4.0,-107.0
1775973738.7916589,7.0,1.0,-108.0
1775973738.8016589,5.0,1.0,-115.0
1775973738.8116589,3.0,0.0,-115.0
1775973738.8216588,2.0,0.0,-112.0
1775973738.8316588,4.0,0.0,-111.0
1775973738.8416588,5.0,-1.0,-103.0
1775973738.8516588,4.0,0.0,-110.0
1775973738.8616588,4.0,0.0,-110.0
1775973738.8716588,4.0,1.0,-107.0
1775973738.8816588,1.0,0.0,-108.0
1775973738.8916588,0.0,0.0,-112.0
1775973738.9016588,0.0,-1.0,-106.0
1775973738.9116588,5.0,-2.0,-103.0
1775973738.921659,9.0,-5.0,-103.0
1775973738.931659,13.0,-6.0,-100.0
1775973738.941659,8.0,-3.0,-105.0
1775973738.951659,5.0,-2.0,-110.0
1775973738.961659,4.0,2.0,-109.0
1775973738.971659,4.0,-1.0,-109.0
1775973738.981659,6.0,-2.0,-115.0
1775973738.991659,6.0,-3.0,-114.0
1775973739.001659,1.0,-4.0,-114.0
1775973739.011659,2.0,-4.0,-117.0
1775973739.021659,0.0,-5.0,-114.0
1775973739.031659,1.0,1.0,-114.0
1775973739.0416589,0.0,0.0,-117.0
1775973739.0516589,-5.0,3.0,-115.0
1775973739.0616589,-6.0,1.0,-116.0
1775973739.0716588,-4.0,0.0,-117.0
1775973739.0816588,-1.0,0.0,-111.0
1775973739.0916588,0.0,3.0,-104.0
1775973739.1016588,-3.0,6.0,-96.0
1775973739.1116588,-5.0,2.0,-97.0
1775973739.1216588,-5.0,0.0,-103.0
1775973739.1316588,-2.0,-5.0,-102.0
1775973739.1416588,-4.0,-6.0,-106.0
1775973739.1516588,-7.0,-5.0,-111.0
1775973739.1616588,-10.0,-3.0,-114.0
1775973739.171659,-9.0,-5.0,-114.0
1775973739.181659,-1.0,-8.0,-108.0
1775973739.191659,1.0,-7.0,-116.0
1775973739.201659,1.0,-4.0,-111.0
1775973739.211659,-1.0,-1.0,-104.0
1775973739.221659,2.0,1.0,-102.0
1775973739.231659,-2.0,1.0,-100.0
1775973739.241659,-3.0,2.0,-104.0
1775973739.251659,-4.0,2.0,-98.0
1775973739.261659,-2.0,0.0,-105.0
1775973739.271659,1.0,0.0,-109.0
1775973739.281659,2.0,-5.0,-109.0
1775973739.2916589,0.0,0.0,-114.0
1775973739.3016589,-2.0,-3.0,-108.0
1775973739.3116589,-2.0,-2.0,-109.0
1775973739.3216588,-4.0,-4.0,-105.0
1775973739.3316588,-4.0,0.0,-103.0
1775973739.3416588,2.0,-1.0,-104.0
1775973739.3516588,-1.0,-2.0,-113.0
1775973739.3616588,-7.0,-4.0,-117.0
1775973739.3716588,-7.0,-7.0,-110.0
1775973739.3816588,-5.0,-8.0,-116.0
1775973739.392659,-4.0,-7.0,-113.0
1775973739.4016588,-5.0,-6.0,-113.0
1775973739.4116588,-5.0,-10.0,-115.0
1775973739.421659,-3.0,-8.0,-112.0
1775973739.431659,-3.0,-7.0,-115.0
1775973739.441659,-5.0,-6.0,-113.0
1775973739.451659,-7.0,-6.0,-119.0
1775973739.461659,-4.0,-5.0,-116.0
1775973739.471659,0.0,1.0,-110.0
1775973739.481659,1.0,4.0,-104.0
1775973739.491659,-1.0,0.0,-103.0
1775973739.501659,0.0,4.0,-110.0
1775973739.511659,8.0,0.0,-116.0
1775973739.521659,8.0,-1.0,-120.0
1775973739.531659,3.0,1.0,-116.0
1775973739.5416589,0.0,5.0,-115.0
1775973739.5516589,0.0,5.0,-119.0
1775973739.5616589,0.0,0.0,-117.0
1775973739.5716588,-3.0,0.0,-114.0
1775973739.5816588,0.0,0.0,-119.0
1775973739.5916588,2.0,2.0,-118.0
1775973739.6016588,1.0,-1.0,-107.0
1775973739.6116588,1.0,-5.0,-109.0
1775973739.6216588,0.0,-4.0,-109.0
1775973739.6316588,2.0,-3.0,-106.0
1775973739.642659,0.0,-3.0,-101.0
1775973739.6516588,-5.0,-3.0,-104.0
1775973739.662659,-8.0,-2.0,-100.0
1775973739.671659,-9.0,-2.0,-95.0
1775973739.681659,-7.0,2.0,-96.0
1775973739.692659,-6.0,4.0,-101.0
1775973739.702659,-4.0,3.0,-107.0
1775973739.712659,-2.0,2.0,-108.0
1775973739.7226589,0.0,1.0,-111.0
1775973739.7326589,3.0,0.0,-119.0
1775973739.7426589,4.0,0.0,-116.0
1775973739.7526588,6.0,0.0,-122.0
1775973739.7626588,1.0,0.0,-124.0
1775973739.7726588,2.0,-2.0,-122.0
1775973739.7826588,0.0,-5.0,-123.0
1775973739.7926588,-4.0,-7.0,-118.0
1775973739.8026588,-5.0,-3.0,-118.0
1775973739.8126588,-5.0,-3.0,-115.0
1775973739.8226588,-10.0,-1.0,-116.0
1775973739.8326588,-10.0,0.0,-118.0
1775973739.8426588,-6.0,1.0,-110.0
1775973739.852659,0.0,3.0,-107.0
1775973739.862659,1.0,2.0,-112.0
1775973739.872659,4.0,-1.0,-115.0
1775973739.882659,4.0,2.0,-112.0
1775973739.892659,7.0,5.0,-109.0
1775973739.902659,7.0,6.0,-111.0
1775973739.912659,5.0,0.0,-115.0
1775973739.922659,3.0,-4.0,-113.0
1775973739.932659,1.0,-8.0,-111.0
1775973739.942659,0.0,-2.0,-110.0
1775973739.952659,-1.0,0.0,-102.0
1775973739.962659,-1.0,3.0,-103.0
1775973739.9726589,2.0,5.0,-108.0
1775973739.9826589,1.0,3.0,-101.0
1775973739.9926589,0.0,3.0,-102.0
1775973740.0026588,0.0,2.0,-108.0
1775973740.0126588,-4.0,0.0,-111.0
1775973740.0226588,-4.0,0.0,-113.0
1775973740.0326588,0.0,3.0,-112.0
1775973740.0426588,0.0,4.0,-107.0
1775973740.0526588,1.0,7.0,-110.0
1775973740.0626588,8.0,4.0,-113.0
1775973740.0726588,6.0,3.0,-110.0
1775973740.0826588,2.0,4.0,-107.0
1775973740.0926588,3.0,1.0,-105.0
1775973740.102659,3.0,-1.0,-105.0
1775973740.112659,2.0,-4.0,-106.0
1775973740.122659,-2.0,-2.0,-100.0
1775973740.132659,2.0,-3.0,-96.0
1775973740.142659,4.0,-6.0,-104.0
1775973740.152659,1.0,-10.0,-103.0
1775973740.162659,2.0,-10.0,-100.0
1775973740.172659,3.0,-5.0,-108.0
1775973740.182659,-1.0,-5.0,-120.0
1775973740.192659,-6.0,-6.0,-109.0
1775973740.202659,-5.0,-5.0,-114.0
1775973740.212659,-3.0,-2.0,-113.0
1775973740.2226589,-1.0,-7.0,-110.0
1775973740.2326589,0.0,-8.0,-108.0
1775973740.2426589,3.0,-3.0,-102.0
1775973740.2526588,8.0,-2.0,-104.0
1775973740.2626588,0.0,-2.0,-104.0
1775973740.2726588,-4.0,-3.0,-105.0
1775973740.2826588,-3.0,-3.0,-107.0
1775973740.2926588,0.0,-3.0,-110.0
1775973740.3026588,0.0,-4.0,-108.0
1775973740.3126588,0.0,-8.0,-110.0
1775973740.3226588,3.0,-7.0,-106.0
1775973740.3326588,4.0,-10.0,-105.0
1775973740.3426588,2.0,-11.0,-108.0
1775973740.352659,4.0,-10.0,-106.0
1775973740.362659,1.0,-4.0,-103.0
1775973740.372659,1.0,-1.0,-108.0
1775973740.382659,0.0,-1.0,-115.0
1775973740.392659,3.0,0.0,-118.0
1775973740.402659,0.0,0.0,-111.0
1775973740.412659,0.0,2.0,-107.0
1775973740.422659,1.0,1.0,-108.0
1775973740.432659,5.0,-2.0,-104.0
1775973740.442659,4.0,-4.0,-106.0
1775973740.452659,2.0,-1.0,-105.0
1775973740.462659,-1.0,0.0,-105.0
1775973740.4726589,-3.0,-1.0,-106.0
1775973740.4826589,-4.0,-5.0,-107.0
1775973740.4926589,-4.0,-6.0,-105.0
1775973740.5026588,-3.0,-10.0,-107.0
1775973740.5126588,-1.0,-8.0,-110.0
1775973740.5226588,0.0,-8.0,-115.0
1775973740.5326588,1.0,-7.0,-116.0
1775973740.5426588,2.0,-2.0,-119.0
1775973740.5526588,-3.0,-4.0,-111.0
1775973740.5626588,0.0,0.0,-112.0
1775973740.5726588,0.0,0.0,-113.0
1775973740.5826588,-1.0,1.0,-112.0
1775973740.5926588,-5.0,0.0,-117.0
1775973740.602659,-8.0,3.0,-112.0
1775973740.612659,-5.0,6.0,-108.0
1775973740.622659,-3.0,2.0,-111.0
1775973740.632659,0.0,1.0,-116.0
1775973740.642659,-1.0,-1.0,-108.0
1775973740.652659,0.0,-2.0,-105.0
1775973740.662659,6.0,3.0,-103.0
1775973740.672659,3.0,4.0,-106.0
1775973740.682659,3.0,0.0,-110.0
1775973740.692659,0.0,0.0,-116.0
1775973740.702659,1.0,2.0,-111.0
1775973740.712659,0.0,6.0,-110.0
1775973740.7226589,0.0,7.0,-115.0
1775973740.7326589,5.0,9.0,-115.0
1775973740.7426589,7.0,6.0,-117.0
1775973740.7526588,5.0,0.0,-114.0
1775973740.7626588,6.0,-2.0,-106.0
1775973740.7726588,7.0,-6.0,-104.0
1775973740.7826588,3.0,-6.0,-108.0
1775973740.7926588,3.0,-5.0,-108.0
1775973740.8026588,9.0,-7.0,-105.0
1775973740.8126588,9.0,-4.0,-105.0
1775973740.8226588,5.0,-5.0,-105.0
1775973740.8326588,3.0,-4.0,-108.0
1775973740.8426588,3.0,-5.0,-109.0
1775973740.852659,0.0,-4.0,-104.0
1775973740.862659,1.0,-4.0,-102.0
1775973740.872659,-1.0,-6.0,-108.0
1775973740.882659,-5.0,-7.0,-108.0
1775973740.892659,-7.0,-6.0,-105.0
1775973740.902659,-4.0,-4.0,-106.0
1775973740.912659,-4.0,-5.0,-94.0
1775973740.922659,-1.0,-1.0,-93.0
1775973740.932659,0.0,-2.0,-94.0
1775973740.942659,-3.0,-1.0,-94.0
1775973740.952659,-5.0,-3.0,-101.0
1775973740.962659,-2.0,-6.0,-95.0
1775973740.9726589,3.0,-6.0,-104.0
1775973740.9826589,3.0,-3.0,-100.0
1775973740.9926589,0.0,-3.0,-98.0
1775973741.0026588,-1.0,-1.0,-104.0
1775973741.0126588,-4.0,-1.0,-106.0
1775973741.0226588,-2.0,-4.0,-101.0
1775973741.0326588,-1.0,-1.0,-99.0
1775973741.0426588,-4.0,-2.0,-93.0
1775973741.0526588,-4.0,-1.0,-94.0
1775973741.0626588,-4.0,0.0,-100.0
1775973741.0726588,-4.0,0.0,-102.0
1775973741.0826588,-6.0,-2.0,-103.0
1775973741.0926588,-5.0,-3.0,-100.0
1775973741.102659,-6.0,-2.0,-102.0
1775973741.112659,-4.0,0.0,-108.0
1775973741.122659,-1.0,-4.0,-116.0
1775973741.133659,-2.0,-6.0,-113.0
1775973741.142659,0.0,-5.0,-110.0
1775973741.152659,-3.0,-1.0,-102.0
1775973741.162659,-6.0,-3.0,-104.0
1775973741.172659,-5.0,-2.0,-106.0
1775973741.182659,-3.0,-4.0,-106.0
1775973741.192659,-2.0,-3.0,-102.0
1775973741.202659,0.0,-4.0,-110.0
1775973741.212659,-2.0,-1.0,-113.0
1775973741.2226589,2.0,-2.0,-108.0
1775973741.2326589,4.0,-5.0,-113.0
1775973741.2426589,2.0,-7.0,-109.0
1775973741.2526588,5.0,-6.0,-108.0
1775973741.2626588,5.0,-2.0,-114.0
1775973741.2726588,5.0,1.0,-111.0
1775973741.2826588,0.0,0.0,-113.0
1775973741.2926588,-4.0,0.0,-111.0
1775973741.3026588,-6.0,2.0,-111.0
1775973741.3126588,-6.0,1.0,-108.0
1775973741.3226588,-6.0,-3.0,-116.0
1775973741.3326588,-6.0,-5.0,-111.0
1775973741.3426588,-7.0,-7.0,-107.0
1775973741.352659,-6.0,-3.0,-102.0
1775973741.362659,2.0,-6.0,-102.0
1775973741.372659,0.0,-5.0,-99.0
1775973741.382659,-1.0,0.0,-105.0
1775973741.392659,0.0,-2.0,-104.0
1775973741.402659,-6.0,-4.0,-102.0
1775973741.412659,-10.0,-3.0,-106.0
1775973741.422659,-10.0,-4.0,-107.0
1775973741.432659,-6.0,-8.0,-110.0
1775973741.442659,-5.0,-2.0,-110.0
1775973741.452659,-3.0,0.0,-113.0
1775973741.462659,-3.0,1.0,-111.0
1775973741.4726589,0.0,3.0,-113.0
1775973741.4826589,-3.0,1.0,-106.0
1775973741.4926589,-3.0,2.0,-103.0
1775973741.5026588,-6.0,2.0,-110.0
1775973741.5126588,-3.0,3.0,-115.0
1775973741.5226588,0.0,1.0,-119.0
1775973741.5326588,2.0,1.0,-114.0
1775973741.5426588,3.0,2.0,-113.0
1775973741.5526588,6.0,1.0,-108.0
1775973741.5626588,2.0,0.0,-108.0
1775973741.5726588,3.0,-1.0,-109.0
1775973741.5826588,4.0,-2.0,-112.0
1775973741.5926588,4.0,-2.0,-116.0
1775973741.602659,0.0,0.0,-112.0
1775973741.612659,0.0,-4.0,-112.0
1775973741.622659,1.0,-6.0,-114.0
1775973741.632659,2.0,-10.0,-110.0
1775973741.642659,0.0,-15.0,-103.0
1775973741.652659,-2.0,-14.0,-108.0
1775973741.662659,-2.0,-10.0,-108.0
1775973741.672659,0.0,-9.0,-98.0
1775973741.682659,0.0,-7.0,-97.0
1775973741.692659,0.0,-5.0,-101.0
1775973741.702659,0.0,-2.0,-104.0
1775973741.7136588,0.0,0.0,-104.0
1775973741.7236588,0.0,1.0,-103.0
1775973741.7326589,1.0,0.0,-103.0
1775973741.7426589,5.0,-3.0,-109.0
1775973741.7536588,4.0,1.0,-111.0
1775973741.7636588,1.0,2.0,-106.0
1775973741.773659,4.0,2.0,-114.0
1775973741.783659,3.0,0.0,-113.0
1775973741.793659,4.0,1.0,-110.0
1775973741.803659,4.0,0.0,-115.0
1775973741.813659,5.0,3.0,-116.0
1775973741.823659,3.0,2.0,-113.0
1775973741.833659,1.0,0.0,-115.0
1775973741.843659,0.0,1.0,-118.0
1775973741.853659,-2.0,3.0,-118.0
1775973741.863659,-2.0,2.0,-114.0
1775973741.873659,-5.0,5.0,-109.0
1775973741.883659,-2.0,7.0,-111.0
1775973741.8936589,-5.0,4.0,-109.0
1775973741.9036589,-6.0,0.0,-106.0
1775973741.9136589,-6.0,0.0,-104.0
1775973741.9236588,-4.0,-2.0,-108.0
1775973741.9336588,-2.0,-6.0,-110.0
1775973741.9436588,-1.0,-5.0,-108.0
1775973741.9536588,-2.0,-3.0,-100.0
1775973741.9636588,-4.0,-3.0,-99.0
1775973741.9736588,-4.0,-2.0,-102.0
1775973741.9836588,-11.0,-5.0,-103.0
1775973741.9936588,-12.0,-4.0,-99.0
1775973742.0036588,-10.0,-3.0,-101.0
1775973742.0136588,-8.0,-1.0,-98.0
1775973742.023659,-5.0,-7.0,-96.0
1775973742.033659,-7.0,-5.0,-102.0
1775973742.043659,-4.0,0.0,-103.0
1775973742.053659,-1.0,1.0,-102.0
1775973742.063659,0.0,4.0,-107.0
1775973742.073659,-2.0,0.0,-116.0
1775973742.083659,-7.0,0.0,-116.0
1775973742.093659,-4.0,3.0,-110.0
1775973742.103659,-6.0,4.0,-107.0
1775973742.113659,-5.0,4.0,-108.0
1775973742.123659,2.0,1.0,-106.0
1775973742.133659,4.0,3.0,-110.0
1775973742.1436589,2.0,4.0,-106.0
1775973742.1536589,-1.0,3.0,-106.0
1775973742.1636589,-2.0,0.0,-106.0
1775973742.1736588,-1.0,2.0,-106.0
1775973742.1836588,-2.0,2.0,-106.0
1775973742.1936588,-3.0,0.0,-103.0
1775973742.2036588,0.0,-2.0,-104.0
1775973742.2136588,0.0,-3.0,-106.0
1775973742.2236588,3.0,-4.0,-107.0
1775973742.2336588,4.0,0.0,-103.0
1775973742.2436588,1.0,2.0,-102.0
1775973742.2536588,6.0,4.0,-111.0
1775973742.2636588,6.0,2.0,-118.0
1775973742.273659,8.0,0.0,-112.0
1775973742.283659,5.0,1.0,-115.0
1775973742.293659,3.0,1.0,-109.0
1775973742.303659,6.0,1.0,-111.0
1775973742.313659,8.0,0.0,-113.0
1775973742.323659,7.0,2.0,-110.0
1775973742.333659,4.0,6.0,-110.0
1775973742.343659,5.0,0.0,-104.0
1775973742.353659,4.0,1.0,-113.0
1775973742.363659,0.0,1.0,-110.0
1775973742.373659,0.0,-1.0,-114.0
1775973742.383659,0.0,-4.0,-117.0
1775973742.3936589,-1.0,-2.0,-116.0
1775973742.4036589,-1.0,0.0,-115.0
1775973742.4136589,-3.0,2.0,-108.0
1775973742.4236588,-2.0,0.0,-106.0
1775973742.4336588,0.0,-3.0,-111.0
1775973742.4436588,4.0,0.0,-110.0
1775973742.4536588,5.0,0.0,-114.0
1775973742.4636588,1.0,3.0,-111.0
1775973742.4736588,0.0,6.0,-113.0
1775973742.4836588,-5.0,4.0,-109.0
1775973742.4936588,-5.0,3.0,-116.0
1775973742.5036588,-7.0,1.0,-118.0
1775973742.5136588,-7.0,3.0,-113.0
1775973742.523659,-8.0,5.0,-110.0
1775973742.533659,-6.0,2.0,-106.0
1775973742.543659,-5.0,0.0,-107.0
1775973742.553659,-2.0,4.0,-100.0
1775973742.563659,0.0,4.0,-106.0
1775973742.573659,2.0,4.0,-107.0
1775973742.583659,4.0,2.0,-108.0
1775973742.593659,0.0,3.0,-108.0
1775973742.603659,0.0,0.0,-108.0
1775973742.613659,-1.0,0.0,-106.0
1775973742.623659,2.0,0.0,-104.0
1775973742.633659,3.0,-1.0,-104.0
1775973742.6436589,-1.0,2.0,-106.0
1775973742.6536589,0.0,4.0,-103.0
1775973742.6636589,-5.0,5.0,-111.0
1775973742.6736588,-6.0,3.0,-103.0
1775973742.6836588,-3.0,2.0,-105.0
1775973742.6936588,-4.0,-2.0,-106.0
1775973742.7036588,-7.0,-3.0,-102.0
1775973742.7136588,-10.0,-5.0,-107.0
1775973742.7236588,-10.0,-7.0,-111.0
1775973742.7336588,-8.0,-4.0,-102.0
1775973742.7436588,-3.0,-2.0,-103.0
1775973742.7536588,-3.0,-3.0,-103.0
1775973742.7636588,-8.0,-5.0,-97.0
1775973742.773659,-7.0,-1.0,-99.0
1775973742.783659,-7.0,0.0,-102.0
1775973742.793659,-7.0,1.0,-104.0
1775973742.803659,-3.0,1.0,-108.0
1775973742.813659,0.0,-1.0,-111.0
1775973742.823659,-3.0,-1.0,-103.0
1775973742.833659,-2.0,0.0,-106.0
1775973742.843659,-2.0,-1.0,-108.0
1775973742.853659,-4.0,-7.0,-104.0
1775973742.863659,-3.0,-9.0,-100.0
1775973742.873659,0.0,-8.0,-97.0
1775973742.883659,5.0,-5.0,-95.0
1775973742.8936589,8.0,-5.0,-94.0
1775973742.9036589,5.0,-9.0,-99.0
1775973742.9136589,3.0,-6.0,-108.0
1775973742.9236588,0.0,-5.0,-109.0
1775973742.9336588,-2.0,-4.0,-112.0
1775973742.9436588,0.0,-4.0,-108.0
1775973742.9536588,2.0,-4.0,-102.0
1775973742.9636588,2.0,-3.0,-99.0
1775973742.9736588,2.0,-1.0,-97.0
1775973742.9836588,0.0,1.0,-104.0
1775973742.9936588,1.0,0.0,-104.0
1775973743.0036588,-7.0,-3.0,-105.0
1775973743.0136588,-7.0,-2.0,-109.0
1775973743.023659,-2.0,0.0,-96.0
1775973743.033659,-5.0,4.0,-91.0
1775973743.043659,-4.0,5.0,-90.0
1775973743.053659,-3.0,4.0,-93.0
1775973743.063659,-4.0,1.0,-96.0
1775973743.073659,1.0,3.0,-99.0
1775973743.083659,1.0,-1.0,-101.0
1775973743.093659,0.0,-2.0,-106.0
1775973743.103659,0.0,0.0,-107.0
1775973743.113659,0.0,-2.0,-103.0
1775973743.123659,1.0,-1.0,-105.0
1775973743.133659,1.0,-5.0,-103.0
1775973743.1436589,2.0,-1.0,-99.0
1775973743.1536589,1.0,-3.0,-102.0
1775973743.1636589,2.0,-3.0,-101.0
1775973743.1736588,7.0,-4.0,-100.0
1775973743.1836588,8.0,-4.0,-103.0
1775973743.1936588,3.0,-4.0,-102.0
1775973743.2036588,1.0,-3.0,-104.0
1775973743.2136588,3.0,0.0,-109.0
1775973743.2236588,1.0,0.0,-113.0
1775973743.2336588,0.0,0.0,-112.0
1775973743.2436588,0.0,2.0,-113.0
1775973743.2536588,-1.0,2.0,-108.0
1775973743.2636588,4.0,0.0,-102.0
1775973743.273659,2.0,0.0,-101.0
1775973743.283659,8.0,0.0,-103.0
1775973743.293659,7.0,0.0,-104.0
1775973743.303659,4.0,0.0,-105.0
1775973743.313659,0.0,-1.0,-109.0
1775973743.323659,-5.0,2.0,-107.0
1775973743.333659,-5.0,5.0,-109.0
1775973743.343659,-5.0,6.0,-112.0
1775973743.353659,0.0,12.0,-110.0
1775973743.363659,3.0,6.0,-107.0
1775973743.373659,4.0,4.0,-109.0
1775973743.383659,0.0,0.0,-105.0
1775973743.3936589,-2.0,-1.0,-110.0
1775973743.4036589,-7.0,0.0,-111.0
1775973743.4136589,-8.0,5.0,-108.0
1775973743.4236588,-3.0,6.0,-111.0
1775973743.4336588,-2.0,3.0,-107.0
1775973743.4436588,-1.0,3.0,-110.0
1775973743.4536588,-3.0,3.0,-103.0
1775973743.4636588,-6.0,2.0,-96.0
1775973743.4736588,-5.0,0.0,-96.0
1775973743.4836588,-5.0,0.0,-96.0
1775973743.4936588,-3.0,0.0,-92.0
1775973743.5036588,-2.0,-5.0,-86.0
1775973743.5136588,2.0,-2.0,-89.0
1775973743.523659,0.0,0.0,-96.0
1775973743.533659,1.0,0.0,-100.0
1775973743.543659,0.0,-1.0,-106.0
1775973743.553659,0.0,0.0,-104.0
1775973743.563659,1.0,3.0,-102.0
1775973743.573659,0.0,1.0,-106.0
1775973743.583659,0.0,-4.0,-109.0
1775973743.593659,0.0,-1.0,-109.0
1775973743.603659,-1.0,0.0,-109.0
1775973743.613659,-6.0,-2.0,-106.0
1775973743.623659,-6.0,0.0,-105.0
1775973743.633659,0.0,-4.0,-108.0
1775973743.6436589,3.0,-5.0,-110.0
1775973743.6536589,3.0,-2.0,-112.0
1775973743.6636589,1.0,0.0,-111.0
1775973743.6736588,0.0,-3.0,-114.0
1775973743.6836588,1.0,-2.0,-110.0
1775973743.6936588,0.0,-3.0,-106.0
1775973743.7036588,2.0,-6.0,-106.0
1775973743.7136588,0.0,-6.0,-107.0
1775973743.7236588,0.0,-2.0,-101.0
1775973743.7336588,0.0,-2.0,-99.0
1775973743.744659,-4.0,-2.0,-103.0
1775973743.7536588,1.0,0.0,-104.0
1775973743.764659,2.0,0.0,-112.0
1775973743.773659,0.0,0.0,-109.0
1775973743.783659,0.0,0.0,-114.0
1775973743.794659,0.0,-2.0,-110.0
1775973743.804659,-3.0,-2.0,-111.0
1775973743.8146589,-1.0,2.0,-111.0
1775973743.8246589,-2.0,2.0,-107.0
1775973743.8346589,0.0,1.0,-104.0
1775973743.8446589,2.0,-1.0,-109.0
1775973743.8546588,0.0,-2.0,-106.0
1775973743.8646588,3.0,0.0,-106.0
1775973743.8746588,5.0,2.0,-98.0
1775973743.8846588,5.0,4.0,-97.0
1775973743.8946588,3.0,2.0,-101.0
1775973743.9046588,3.0,5.0,-106.0
1775973743.9146588,6.0,5.0,-108.0
1775973743.9246588,5.0,5.0,-105.0
1775973743.9346588,6.0,8.0,-104.0
1775973743.944659,5.0,4.0,-110.0
1775973743.954659,0.0,3.0,-115.0
1775973743.964659,-2.0,4.0,-115.0
1775973743.974659,-1.0,6.0,-114.0
1775973743.984659,-3.0,3.0,-106.0
1775973743.994659,-3.0,0.0,-101.0
1775973744.004659,-3.0,-2.0,-101.0
1775973744.014659,-4.0,-4.0,-95.0
1775973744.024659,-1.0,-2.0,-101.0
1775973744.034659,0.0,0.0,-102.0
1775973744.044659,1.0,-4.0,-98.0
1775973744.054659,0.0,-7.0,-96.0
1775973744.0646589,0.0,-8.0,-99.0
1775973744.0746589,1.0,-6.0,-111.0
1775973744.0846589,-5.0,-6.0,-106.0
1775973744.0946589,-7.0,-2.0,-110.0
1775973744.1046588,-5.0,0.0,-111.0
1775973744.1146588,-1.0,1.0,-115.0
1775973744.1246588,0.0,1.0,-120.0
1775973744.1346588,1.0,4.0,-122.0
1775973744.1446588,4.0,4.0,-121.0
1775973744.1546588,4.0,2.0,-119.0
1775973744.1646588,5.0,1.0,-115.0
1775973744.1746588,3.0,1.0,-114.0
1775973744.1846588,1.0,-1.0,-109.0
1775973744.194659,-5.0,-2.0,-105.0
1775973744.205659,-9.0,-1.0,-110.0
1775973744.214659,-5.0,-3.0,-121.0
1775973744.224659,-1.0,-2.0,-119.0
1775973744.234659,0.0,3.0,-121.0
1775973744.244659,3.0,2.0,-119.0
1775973744.254659,7.0,0.0,-120.0
1775973744.264659,9.0,0.0,-118.0
1775973744.274659,4.0,1.0,-111.0
1775973744.284659,-1.0,-1.0,-105.0
1775973744.294659,-1.0,-3.0,-116.0
1775973744.304659,0.0,-4.0,-111.0
1775973744.3146589,0.0,-2.0,-108.0
1775973744.3246589,-3.0,0.0,-100.0
1775973744.3346589,-4.0,0.0,-103.0
1775973744.3446589,-1.0,0.0,-110.0
1775973744.3546588,-6.0,0.0,-106.0
1775973744.3646588,-5.0,4.0,-103.0
1775973744.3746588,-1.0,6.0,-101.0
1775973744.3846588,-2.0,3.0,-102.0
1775973744.3946588,2.0,2.0,-102.0
1775973744.4046588,1.0,1.0,-98.0
1775973744.4146588,0.0,-1.0,-93.0
1775973744.4246588,2.0,-1.0,-99.0
1775973744.4346588,3.0,0.0,-99.0
1775973744.444659,3.0,0.0,-105.0
1775973744.454659,0.0,1.0,-107.0
1775973744.464659,-2.0,1.0,-110.0
1775973744.474659,0.0,1.0,-114.0
1775973744.484659,1.0,3.0,-112.0
1775973744.494659,0.0,4.0,-118.0
1775973744.504659,0.0,6.0,-120.0
1775973744.514659,1.0,7.0,-111.0
1775973744.524659,0.0,4.0,-109.0
1775973744.534659,-4.0,0.0,-116.0
1775973744.544659,-2.0,2.0,-116.0
1775973744.554659,0.0,3.0,-114.0
1775973744.5646589,2.0,2.0,-112.0
1775973744.5746589,6.0,0.0,-108.0
1775973744.5846589,7.0,-3.0,-100.0
1775973744.5946589,7.0,2.0,-103.0
1775973744.6046588,3.0,4.0,-101.0
1775973744.6146588,3.0,0.0,-108.0
1775973744.6246588,2.0,-1.0,-107.0
1775973744.6346588,-2.0,2.0,-104.0
1775973744.6446588,-3.0,3.0,-109.0
1775973744.6546588,-6.0,1.0,-112.0
1775973744.6646588,-3.0,2.0,-110.0
1775973744.6746588,-2.0,2.0,-111.0
1775973744.6846588,-3.0,0.0,-115.0
1775973744.694659,-3.0,1.0,-116.0
1775973744.704659,-3.0,-1.0,-117.0
1775973744.714659,-3.0,-3.0,-115.0
1775973744.724659,-1.0,-4.0,-117.0
1775973744.734659,-5.0,-4.0,-119.0
1775973744.744659,-2.0,-6.0,-112.0
1775973744.754659,-2.0,-3.0,-109.0
1775973744.764659,0.0,0.0,-108.0
1775973744.774659,-1.0,5.0,-113.0
1775973744.784659,-2.0,6.0,-111.0
1775973744.794659,0.0,2.0,-110.0
1775973744.804659,7.0,0.0,-104.0
1775973744.8146589,10.0,2.0,-108.0
1775973744.8246589,12.0,1.0,-107.0
1775973744.8346589,5.0,-5.0,-112.0
1775973744.8446589,2.0,-3.0,-117.0
1775973744.8546588,-2.0,0.0,-118.0
1775973744.8646588,-2.0,0.0,-115.0
1775973744.8746588,0.0,0.0,-109.0
1775973744.8846588,3.0,3.0,-106.0
1775973744.8946588,2.0,7.0,-108.0
1775973744.9046588,1.0,6.0,-103.0
1775973744.9146588,0.0,5.0,-99.0
1775973744.9246588,1.0,1.0,-109.0
1775973744.9346588,-4.0,3.0,-107.0
1775973744.944659,-3.0,3.0,-101.0
1775973744.954659,-3.0,5.0,-109.0
1775973744.964659,-4.0,3.0,-106.0
1775973744.974659,-3.0,3.0,-97.0
1775973744.984659,-4.0,3.0,-95.0
1775973744.994659,-3.0,0.0,-95.0
1775973745.004659,-2.0,-1.0,-98.0
1775973745.014659,-6.0,0.0,-102.0
1775973745.024659,-6.0,-1.0,-102.0
1775973745.034659,-4.0,-1.0,-103.0
1775973745.044659,0.0,-3.0,-101.0
1775973745.054659,0.0,-2.0,-106.0
1775973745.0646589,1.0,-3.0,-106.0
1775973745.0746589,0.0,-5.0,-106.0
1775973745.0846589,0.0,-7.0,-110.0
1775973745.0946589,-4.0,-4.0,-105.0
1775973745.1046588,-2.0,-4.0,-106.0
1775973745.1146588,-2.0,0.0,-107.0
1775973745.1246588,-3.0,0.0,-103.0
1775973745.1346588,-3.0,0.0,-104.0
1775973745.1446588,-4.0,2.0,-104.0
1775973745.1546588,-7.0,0.0,-106.0
1775973745.1646588,-5.0,6.0,-112.0
1775973745.1746588,-7.0,9.0,-108.0
1775973745.1846588,2.0,6.0,-109.0
1775973745.194659,2.0,4.0,-112.0
1775973745.204659,0.0,0.0,-111.0
1775973745.214659,-9.0,0.0,-111.0
1775973745.224659,-5.0,-2.0,-114.0
1775973745.234659,-4.0,-5.0,-105.0
1775973745.244659,-7.0,-4.0,-106.0
1775973745.254659,-7.0,-1.0,-108.0
1775973745.264659,-3.0,2.0,-114.0
1775973745.274659,0.0,4.0,-120.0
1775973745.284659,-4.0,3.0,-118.0
1775973745.294659,-5.0,0.0,-113.0
1775973745.304659,-5.0,0.0,-109.0
1775973745.3146589,-1.0,-1.0,-107.0
1775973745.3246589,-3.0,-5.0,-114.0
1775973745.3346589,-2.0,0.0,-113.0
1775973745.3446589,-6.0,-1.0,-106.0
1775973745.3546588,-10.0,0.0,-102.0
1775973745.3646588,-11.0,1.0,-97.0
1775973745.3746588,-10.0,3.0,-100.0
1775973745.3846588,-11.0,4.0,-105.0
1775973745.3946588,-6.0,2.0,-94.0
1775973745.4046588,-5.0,-1.0,-94.0
1775973745.4146588,-9.0,0.0,-96.0
1775973745.4246588,-9.0,-2.0,-102.0
1775973745.4346588,-9.0,-1.0,-117.0
1775973745.444659,-2.0,0.0,-116.0
1775973745.454659,-1.0,-3.0,-112.0
1775973745.464659,-1.0,1.0,-112.0
1775973745.474659,0.0,1.0,-112.0
1775973745.484659,0.0,1.0,-106.0
1775973745.494659,-1.0,-4.0,-109.0
1775973745.504659,-4.0,-2.0,-122.0
1775973745.514659,-2.0,0.0,-124.0
1775973745.524659,0.0,-3.0,-124.0
1775973745.534659,0.0,-3.0,-123.0
1775973745.544659,0.0,0.0,-119.0
1775973745.554659,0.0,-1.0,-116.0
1775973745.5646589,0.0,0.0,-115.0
1775973745.5746589,0.0,0.0,-111.0
1775973745.5846589,2.0,-1.0,-112.0
1775973745.5946589,2.0,0.0,-110.0
1775973745.6046588,0.0,0.0,-100.0
1775973745.6146588,0.0,0.0,-97.0
1775973745.6246588,1.0,0.0,-99.0
1775973745.6346588,2.0,0.0,-101.0
1775973745.6446588,4.0,4.0,-104.0
1775973745.6546588,2.0,2.0,-113.0
1775973745.6646588,-3.0,1.0,-108.0
1775973745.6746588,-3.0,1.0,-112.0
1775973745.6846588,2.0,0.0,-108.0
1775973745.694659,1.0,2.0,-110.0
1775973745.704659,-2.0,-2.0,-106.0
1775973745.714659,-6.0,0.0,-107.0
1775973745.724659,-7.0,1.0,-112.0
1775973745.734659,-2.0,-2.0,-104.0
1775973745.744659,-3.0,-2.0,-103.0
1775973745.754659,-9.0,-1.0,-105.0
1775973745.764659,-9.0,1.0,-110.0
1775973745.774659,-7.0,2.0,-114.0
1775973745.7856588,-6.0,0.0,-112.0
1775973745.794659,-2.0,0.0,-110.0
1775973745.8056588,-4.0,-3.0,-106.0
1775973745.8156588,0.0,0.0,-105.0
1775973745.8256588,-1.0,-1.0,-104.0
1775973745.8356588,0.0,0.0,-103.0
1775973745.8456588,0.0,0.0,-106.0
1775973745.8556588,-3.0,-2.0,-111.0
1775973745.8656588,-1.0,-3.0,-100.0
1775973745.875659,0.0,-3.0,-104.0
1775973745.885659,-1.0,0.0,-102.0
1775973745.895659,1.0,0.0,-106.0
1775973745.905659,0.0,0.0,-102.0
1775973745.915659,-3.0,-1.0,-99.0
1775973745.925659,-3.0,2.0,-107.0
1775973745.935659,0.0,2.0,-111.0
1775973745.9466588,0.0,1.0,-112.0
1775973745.955659,4.0,3.0,-114.0
1775973745.965659,0.0,-2.0,-117.0
1775973745.975659,0.0,-7.0,-112.0
1775973745.985659,-3.0,-5.0,-113.0
1775973745.9956589,-2.0,-3.0,-115.0
1775973746.0056589,-6.0,-2.0,-112.0
1775973746.0156589,-5.0,-4.0,-112.0
1775973746.0256588,-4.0,-6.0,-114.0
1775973746.0356588,-8.0,-7.0,-107.0
1775973746.0456588,-5.0,-1.0,-102.0
1775973746.0556588,-6.0,-4.0,-101.0
1775973746.0656588,-5.0,-4.0,-96.0
1775973746.0756588,-3.0,-1.0,-98.0
1775973746.0856588,-4.0,0.0,-99.0
1775973746.0956588,-5.0,3.0,-99.0
1775973746.1056588,-4.0,3.0,-102.0
1775973746.1156588,-2.0,5.0,-104.0
1775973746.125659,-1.0,4.0,-102.0
1775973746.135659,0.0,0.0,-103.0
1775973746.145659,5.0,0.0,-103.0
1775973746.155659,6.0,-1.0,-104.0
1775973746.165659,5.0,-2.0,-113.0
1775973746.175659,5.0,-5.0,-113.0
1775973746.185659,4.0,-6.0,-107.0
1775973746.195659,0.0,-4.0,-102.0
1775973746.205659,-1.0,-2.0,-105.0
1775973746.215659,-2.0,0.0,-109.0
1775973746.225659,-3.0,0.0,-109.0
1775973746.235659,0.0,0.0,-105.0
1775973746.2456589,-5.0,-2.0,-107.0
1775973746.2556589,-5.0,-2.0,-117.0
1775973746.2656589,-2.0,0.0,-116.0
1775973746.2756588,-1.0,3.0,-115.0
1775973746.2856588,0.0,4.0,-111.0
1775973746.2956588,-2.0,1.0,-111.0
1775973746.3056588,-4.0,0.0,-116.0
1775973746.3156588,-4.0,-1.0,-115.0
1775973746.3256588,-1.0,-1.0,-113.0
1775973746.3356588,0.0,-4.0,-113.0
1775973746.3456588,-3.0,-3.0,-112.0
1775973746.3556588,-5.0,-2.0,-106.0
1775973746.3656588,-2.0,-4.0,-104.0
1775973746.375659,-1.0,-4.0,-102.0
1775973746.385659,0.0,-3.0,-100.0
1775973746.395659,1.0,-2.0,-108.0
1775973746.405659,2.0,0.0,-110.0
1775973746.415659,2.0,-1.0,-112.0
1775973746.425659,1.0,-1.0,-117.0
1775973746.435659,-4.0,-2.0,-114.0
1775973746.445659,-3.0,-2.0,-117.0
1775973746.455659,-8.0,-1.0,-119.0
1775973746.465659,-3.0,0.0,-120.0
1775973746.475659,-1.0,0.0,-121.0
1775973746.485659,-4.0,-3.0,-116.0
1775973746.4956589,-5.0,-1.0,-109.0
1775973746.5056589,-8.0,-3.0,-114.0
1775973746.5156589,-8.0,0.0,-115.0
1775973746.5256588,-2.0,0.0,-116.0
1775973746.5356588,-3.0,2.0,-115.0
1775973746.5456588,-1.0,-1.0,-124.0
1775973746.5556588,-1.0,-1.0,-120.0
1775973746.5656588,-3.0,-1.0,-117.0
1775973746.5756588,-3.0,0.0,-110.0
1775973746.5856588,-4.0,-1.0,-108.0
1775973746.5956588,-7.0,-5.0,-106.0
1775973746.6056588,-3.0,-4.0,-103.0
1775973746.6156588,-1.0,2.0,-99.0
1775973746.625659,4.0,-1.0,-97.0
1775973746.635659,3.0,0.0,-93.0
1775973746.645659,3.0,0.0,-101.0
1775973746.655659,4.0,0.0,-107.0
1775973746.665659,-1.0,0.0,-109.0
1775973746.675659,4.0,-2.0,-111.0
1775973746.685659,7.0,0.0,-106.0
1775973746.695659,4.0,0.0,-102.0
1775973746.705659,1.0,-2.0,-101.0
1775973746.715659,0.0,-4.0,-105.0
1775973746.725659,0.0,-5.0,-101.0
1775973746.735659,1.0,-2.0,-94.0
1775973746.7456589,5.0,0.0,-97.0
1775973746.7556589,5.0,-3.0,-97.0
1775973746.7656589,6.0,-4.0,-99.0
1775973746.7756588,6.0,-3.0,-101.0
1775973746.7856588,0.0,-3.0,-104.0
1775973746.7956588,-2.0,-1.0,-110.0
1775973746.8056588,0.0,-2.0,-111.0
1775973746.8156588,0.0,-1.0,-116.0
1775973746.8256588,1.0,1.0,-122.0
1775973746.8356588,0.0,2.0,-118.0
1775973746.8456588,1.0,5.0,-113.0
1775973746.8556588,-1.0,7.0,-111.0
1775973746.8656588,-3.0,4.0,-111.0
1775973746.875659,-2.0,4.0,-117.0
1775973746.885659,-5.0,3.0,-111.0
1775973746.895659,-1.0,3.0,-104.0
1775973746.905659,4.0,3.0,-107.0
1775973746.915659,3.0,8.0,-111.0
1775973746.925659,1.0,6.0,-111.0
1775973746.935659,-2.0,-1.0,-106.0
1775973746.945659,-1.0,0.0,-109.0
1775973746.955659,0.0,-2.0,-108.0
1775973746.965659,4.0,-4.0,-106.0
1775973746.975659,1.0,1.0,-109.0
1775973746.985659,3.0,0.0,-116.0
1775973746.9956589,0.0,-1.0,-112.0
1775973747.0056589,-1.0,-1.0,-111.0
1775973747.0156589,-1.0,-3.0,-109.0
1775973747.0256588,-2.0,-6.0,-102.0
1775973747.0356588,-2.0,-1.0,-98.0
1775973747.0456588,-2.0,-3.0,-101.0
1775973747.0556588,0.0,2.0,-106.0
1775973747.0656588,0.0,2.0,-109.0
1775973747.0756588,-3.0,2.0,-109.0
1775973747.0856588,-1.0,2.0,-113.0
1775973747.0956588,0.0,1.0,-119.0
1775973747.1056588,0.0,1.0,-114.0
1775973747.1156588,1.0,-4.0,-110.0
1775973747.125659,0.0,-5.0,-106.0
1775973747.135659,0.0,-6.0,-106.0
1775973747.145659,0.0,-4.0,-103.0
1775973747.155659,1.0,-3.0,-99.0
1775973747.165659,2.0,-5.0,-89.0
1775973747.175659,0.0,-2.0,-90.0
1775973747.185659,1.0,0.0,-98.0
1775973747.195659,2.0,-2.0,-106.0
1775973747.205659,1.0,-6.0,-114.0
1775973747.215659,2.0,-4.0,-118.0
1775973747.225659,1.0,-5.0,-113.0
1775973747.235659,0.0,-5.0,-114.0
1775973747.2456589,0.0,-4.0,-112.0
1775973747.2556589,-3.0,-6.0,-111.0
1775973747.2656589,-2.0,-2.0,-102.0
1775973747.2756588,-2.0,0.0,-99.0
1775973747.2856588,0.0,1.0,-98.0
1775973747.2956588,-2.0,2.0,-96.0
1775973747.3056588,1.0,2.0,-92.0
1775973747.3156588,2.0,4.0,-96.0
1775973747.3256588,2.0,0.0,-103.0
1775973747.3356588,0.0,-1.0,-97.0
1775973747.3456588,0.0,1.0,-102.0
1775973747.3556588,-8.0,1.0,-105.0
1775973747.3656588,-7.0,0.0,-115.0
1775973747.375659,-5.0,-1.0,-111.0
1775973747.385659,0.0,-2.0,-118.0
1775973747.395659,0.0,3.0,-113.0
1775973747.405659,-2.0,4.0,-115.0
1775973747.415659,3.0,4.0,-110.0
1775973747.425659,0.0,4.0,-105.0
1775973747.435659,-4.0,3.0,-107.0
1775973747.445659,-7.0,1.0,-115.0
1775973747.455659,-5.0,0.0,-109.0
1775973747.465659,-9.0,1.0,-112.0
1775973747.475659,-9.0,1.0,-110.0
1775973747.485659,-5.0,0.0,-113.0
1775973747.4956589,-7.0,-3.0,-111.0
1775973747.5056589,-5.0,-2.0,-109.0
1775973747.5156589,-5.0,-5.0,-113.0
1775973747.5256588,-1.0,-7.0,-111.0
1775973747.5356588,2.0,-5.0,-108.0
1775973747.5456588,0.0,-5.0,-114.0
1775973747.5556588,3.0,-7.0,-115.0
1775973747.5656588,4.0,-6.0,-106.0
1775973747.5756588,5.0,-6.0,-106.0
1775973747.5856588,6.0,-5.0,-112.0
1775973747.5956588,6.0,-5.0,-118.0
1775973747.6056588,3.0,-3.0,-113.0
1775973747.6156588,2.0,0.0,-109.0
1775973747.625659,3.0,0.0,-111.0
1775973747.635659,2.0,1.0,-115.0
1775973747.645659,4.0,2.0,-119.0
1775973747.655659,5.0,0.0,-114.0
1775973747.665659,10.0,-3.0,-115.0
1775973747.675659,10.0,-6.0,-113.0
1775973747.685659,12.0,-4.0,-117.0
1775973747.695659,6.0,-5.0,-120.0
1775973747.705659,4.0,-5.0,-117.0
1775973747.715659,1.0,-6.0,-109.0
1775973747.725659,-1.0,-10.0,-105.0
1775973747.735659,-4.0,-4.0,-111.0
1775973747.7456589,-6.0,-3.0,-112.0
1775973747.7556589,-3.0,-4.0,-111.0
1775973747.7656589,-5.0,-5.0,-115.0
1775973747.7756588,0.0,-7.0,-118.0
1775973747.7856588,1.0,-10.0,-112.0
1775973747.7956588,0.0,-5.0,-111.0
1775973747.8056588,0.0,-4.0,-111.0
1775973747.8156588,-4.0,-4.0,-114.0
1775973747.8256588,0.0,-4.0,-113.0
1775973747.8356588,-6.0,-7.0,-110.0
1775973747.8456588,-6.0,-4.0,-106.0
1775973747.8556588,-8.0,-2.0,-107.0
1775973747.8656588,-8.0,-1.0,-107.0
1775973747.876659,-9.0,1.0,-111.0
1775973747.886659,-6.0,-2.0,-110.0
1775973747.896659,-10.0,1.0,-107.0
1775973747.906659,-8.0,1.0,-108.0
1775973747.9166589,-7.0,3.0,-113.0
1775973747.9266589,-3.0,2.0,-115.0
1775973747.9366589,-1.0,0.0,-113.0
1775973747.9466588,1.0,1.0,-106.0
1775973747.9566588,3.0,0.0,-108.0
1775973747.9666588,-3.0,1.0,-108.0
1775973747.9766588,-3.0,0.0,-111.0
1775973747.9866588,-4.0,3.0,-109.0
1775973747.9966588,-9.0,0.0,-112.0
1775973748.0066588,-9.0,-2.0,-110.0
1775973748.0166588,-12.0,-2.0,-109.0
1775973748.0266588,-13.0,-2.0,-113.0
1775973748.0366588,-15.0,-4.0,-110.0
1775973748.046659,-10.0,-5.0,-116.0
1775973748.056659,-11.0,-6.0,-110.0
1775973748.066659,-4.0,-6.0,-107.0
1775973748.076659,-4.0,-8.0,-105.0
1775973748.086659,-5.0,-4.0,-101.0
1775973748.096659,-1.0,-6.0,-103.0
1775973748.106659,0.0,-6.0,-107.0
1775973748.116659,1.0,-3.0,-105.0
1775973748.126659,-1.0,0.0,-108.0
1775973748.136659,-4.0,1.0,-108.0
1775973748.146659,-4.0,1.0,-105.0
1775973748.156659,-2.0,6.0,-110.0
1775973748.1666589,-1.0,7.0,-106.0
1775973748.1766589,-3.0,8.0,-102.0
1775973748.1866589,-5.0,4.0,-99.0
1775973748.1966588,-3.0,1.0,-96.0
1775973748.2066588,0.0,0.0,-95.0
1775973748.2166588,0.0,0.0,-100.0
1775973748.2266588,-5.0,2.0,-107.0
1775973748.2366588,-5.0,2.0,-109.0
1775973748.2466588,-5.0,6.0,-104.0
1775973748.2566588,-3.0,4.0,-107.0
1775973748.2666588,-1.0,0.0,-105.0
1775973748.2766588,-8.0,-3.0,-103.0
1775973748.2866588,-7.0,-2.0,-104.0
1775973748.296659,-2.0,-2.0,-105.0
1775973748.306659,-4.0,0.0,-101.0
1775973748.316659,-8.0,0.0,-104.0
1775973748.326659,-6.0,0.0,-102.0
1775973748.336659,0.0,3.0,-109.0
1775973748.346659,2.0,2.0,-114.0
1775973748.356659,2.0,0.0,-112.0
1775973748.366659,6.0,-1.0,-108.0
1775973748.376659,3.0,-1.0,-106.0
1775973748.386659,3.0,-2.0,-108.0
1775973748.396659,3.0,1.0,-109.0
1775973748.406659,3.0,0.0,-109.0
1775973748.4166589,9.0,-3.0,-102.0
1775973748.4266589,8.0,-2.0,-98.0
1775973748.4366589,3.0,-3.0,-98.0
1775973748.4466588,3.0,0.0,-93.0
1775973748.4566588,3.0,0.0,-91.0
1775973748.4666588,4.0,-3.0,-96.0
1775973748.4766588,3.0,-6.0,-102.0
1775973748.4866588,7.0,-5.0,-100.0
1775973748.4966588,1.0,-3.0,-109.0
1775973748.5066588,1.0,1.0,-112.0
1775973748.5166588,2.0,1.0,-108.0
1775973748.5266588,2.0,0.0,-110.0
1775973748.5366588,6.0,1.0,-114.0
1775973748.546659,7.0,0.0,-113.0
1775973748.556659,6.0,-2.0,-106.0
1775973748.566659,1.0,-1.0,-96.0
1775973748.576659,1.0,0.0,-98.0
1775973748.586659,5.0,0.0,-107.0
1775973748.596659,-1.0,-1.0,-103.0
1775973748.606659,-6.0,-3.0,-97.0
1775973748.616659,-4.0,-5.0,-95.0
1775973748.626659,-1.0,-4.0,-100.0
1775973748.636659,-2.0,-5.0,-100.0
1775973748.646659,-1.0,-6.0,-102.0
1775973748.656659,1.0,-3.0,-99.0
1775973748.6666589,0.0,0.0,-101.0
1775973748.6766589,0.0,2.0,-108.0
1775973748.6866589,0.0,-1.0,-102.0
1775973748.6966588,1.0,-2.0,-102.0
1775973748.7066588,1.0,-4.0,-105.0
1775973748.7166588,0.0,-1.0,-106.0
1775973748.7266588,-2.0,-1.0,-108.0
1775973748.7366588,2.0,-1.0,-106.0
1775973748.7466588,3.0,1.0,-116.0
1775973748.7566588,0.0,3.0,-113.0
1775973748.7666588,-1.0,3.0,-114.0
1775973748.7766588,4.0,1.0,-106.0
1775973748.7866588,3.0,0.0,-107.0
1775973748.796659,1.0,-1.0,-110.0
1775973748.806659,2.0,0.0,-113.0
1775973748.816659,-1.0,0.0,-104.0
1775973748.826659,-5.0,-1.0,-104.0
1775973748.836659,-2.0,0.0,-104.0
1775973748.846659,-1.0,-3.0,-108.0
1775973748.856659,-3.0,-8.0,-112.0
1775973748.866659,1.0,-9.0,-113.0
1775973748.876659,3.0,-6.0,-102.0
1775973748.886659,3.0,-5.0,-103.0
1775973748.896659,0.0,-1.0,-101.0
1775973748.906659,0.0,0.0,-103.0
1775973748.9166589,2.0,1.0,-106.0
1775973748.9266589,-2.0,6.0,-100.0
1775973748.9366589,-2.0,3.0,-104.0
1775973748.9466588,-2.0,1.0,-99.0
1775973748.9566588,-3.0,2.0,-102.0
1775973748.9666588,-2.0,1.0,-102.0
1775973748.9766588,-9.0,2.0,-115.0
1775973748.9866588,-5.0,5.0,-114.0
1775973748.9966588,0.0,5.0,-112.0
1775973749.0066588,-2.0,4.0,-107.0
1775973749.0166588,3.0,2.0,-105.0
1775973749.0266588,3.0,3.0,-113.0
1775973749.0366588,2.0,4.0,-109.0
1775973749.046659,-3.0,8.0,-109.0
1775973749.056659,-2.0,5.0,-108.0
1775973749.066659,-1.0,3.0,-106.0
1775973749.076659,-3.0,3.0,-109.0
1775973749.086659,0.0,-1.0,-111.0
1775973749.096659,2.0,0.0,-110.0
1775973749.106659,1.0,1.0,-106.0
1775973749.116659,0.0,5.0,-111.0
1775973749.126659,-3.0,1.0,-112.0
1775973749.136659,-3.0,3.0,-104.0
1775973749.146659,1.0,2.0,-98.0
1775973749.156659,1.0,0.0,-102.0
1775973749.1666589,1.0,-3.0,-100.0
1775973749.1766589,6.0,-3.0,-98.0
1775973749.1866589,10.0,-8.0,-100.0
1775973749.1966588,8.0,-7.0,-104.0
1775973749.2066588,0.0,-7.0,-104.0
1775973749.2166588,1.0,-6.0,-106.0
1775973749.2266588,2.0,-2.0,-109.0
1775973749.2366588,4.0,0.0,-109.0
1775973749.2466588,8.0,2.0,-104.0
1775973749.2566588,7.0,1.0,-94.0
1775973749.2666588,4.0,-4.0,-95.0
1775973749.2766588,3.0,-3.0,-103.0
1775973749.2866588,0.0,-3.0,-107.0
1775973749.296659,-1.0,-4.0,-106.0
1775973749.306659,2.0,-3.0,-106.0
1775973749.316659,5.0,-5.0,-108.0
1775973749.326659,4.0,-2.0,-106.0
1775973749.336659,0.0,-2.0,-107.0
1775973749.346659,0.0,-1.0,-109.0
1775973749.356659,-1.0,-1.0,-109.0
1775973749.366659,3.0,-1.0,-105.0
1775973749.376659,1.0,-2.0,-109.0
1775973749.386659,0.0,-1.0,-107.0
1775973749.396659,2.0,0.0,-101.0
1775973749.406659,-1.0,-2.0,-100.0
1775973749.4166589,0.0,-3.0,-104.0
1775973749.4266589,-3.0,0.0,-105.0
1775973749.4366589,-3.0,0.0,-102.0
1775973749.4466588,-2.0,1.0,-111.0
1775973749.4566588,-3.0,0.0,-116.0
1775973749.4666588,-3.0,-3.0,-116.0
1775973749.4766588,-2.0,0.0,-113.0
1775973749.4866588,-4.0,0.0,-121.0
1775973749.4966588,-1.0,-3.0,-121.0
1775973749.5066588,1.0,-2.0,-116.0
1775973749.5166588,2.0,-2.0,-121.0
1775973749.5266588,-2.0,0.0,-116.0
1775973749.5366588,-1.0,0.0,-112.0
1775973749.546659,1.0,-4.0,-117.0
1775973749.556659,-2.0,-6.0,-112.0
1775973749.566659,0.0,-5.0,-112.0
1775973749.576659,3.0,-6.0,-118.0
1775973749.586659,4.0,-6.0,-118.0
1775973749.596659,1.0,-5.0,-113.0
1775973749.606659,2.0,-3.0,-108.0
1775973749.616659,4.0,2.0,-106.0
1775973749.626659,7.0,0.0,-105.0
1775973749.636659,6.0,-5.0,-112.0
1775973749.646659,5.0,-8.0,-113.0
1775973749.656659,-2.0,-9.0,-108.0
1775973749.6666589,0.0,-3.0,-106.0
1775973749.6766589,3.0,0.0,-110.0
1775973749.6866589,3.0,5.0,-110.0
1775973749.6966588,1.0,7.0,-110.0
1775973749.7066588,3.0,3.0,-111.0
1775973749.7166588,0.0,0.0,-115.0
1775973749.7266588,-3.0,2.0,-113.0
1775973749.7366588,-3.0,1.0,-119.0
1775973749.7466588,-4.0,0.0,-113.0
1775973749.7566588,-2.0,-2.0,-109.0
1775973749.7666588,1.0,-1.0,-114.0
1775973749.7766588,2.0,0.0,-112.0
1775973749.7866588,7.0,-3.0,-120.0
1775973749.796659,10.0,-3.0,-119.0
1775973749.806659,4.0,-2.0,-114.0
1775973749.816659,4.0,-3.0,-116.0
1775973749.826659,0.0,-4.0,-113.0
1775973749.836659,0.0,-3.0,-113.0
1775973749.846659,0.0,0.0,-112.0
1775973749.856659,3.0,-1.0,-110.0
1775973749.866659,3.0,2.0,-106.0
1775973749.876659,4.0,4.0,-104.0
1775973749.886659,4.0,4.0,-110.0
1775973749.896659,9.0,3.0,-119.0
1775973749.9076588,7.0,3.0,-110.0
1775973749.9166589,8.0,0.0,-103.0
1775973749.9276588,3.0,1.0,-101.0
1775973749.9376588,2.0,0.0,-101.0
1775973749.9476588,3.0,2.0,-102.0
1775973749.9576588,0.0,3.0,-103.0
1775973749.9676588,-1.0,1.0,-103.0
1775973749.977659,-2.0,3.0,-111.0
1775973749.987659,1.0,0.0,-112.0
1775973749.997659,0.0,0.0,-107.0
1775973750.007659,0.0,1.0,-106.0
1775973750.017659,2.0,1.0,-102.0
1775973750.027659,-2.0,2.0,-104.0
1775973750.037659,-4.0,7.0,-104.0
1775973750.047659,-1.0,9.0,-108.0
1775973750.057659,1.0,10.0,-108.0
1775973750.067659,0.0,9.0,-108.0
1775973750.077659,-2.0,11.0,-107.0
1775973750.087659,-1.0,7.0,-100.0
1775973750.0976589,-4.0,4.0,-102.0
1775973750.1076589,-11.0,0.0,-105.0
1775973750.1176589,-9.0,0.0,-103.0
1775973750.1276588,-8.0,0.0,-102.0
1775973750.1376588,-11.0,1.0,-95.0
1775973750.1476588,-10.0,-2.0,-100.0
1775973750.1576588,-12.0,0.0,-102.0
1775973750.1676588,-9.0,0.0,-106.0
1775973750.1776588,-13.0,-4.0,-106.0
1775973750.1876588,-4.0,-5.0,-99.0
1775973750.1976588,-5.0,0.0,-103.0
1775973750.2076588,-8.0,4.0,-101.0
1775973750.2176588,-10.0,2.0,-97.0
1775973750.227659,-13.0,6.0,-98.0
1775973750.237659,-8.0,3.0,-103.0
1775973750.247659,-12.0,2.0,-99.0
1775973750.257659,-12.0,6.0,-97.0
1775973750.267659,-6.0,7.0,-100.0
1775973750.277659,-2.0,4.0,-93.0
1775973750.287659,-4.0,-1.0,-98.0
1775973750.297659,-2.0,0.0,-100.0
1775973750.307659,0.0,-3.0,-101.0
1775973750.317659,0.0,-1.0,-108.0
1775973750.327659,1.0,-2.0,-107.0
1775973750.337659,1.0,0.0,-106.0
1775973750.3476589,4.0,0.0,-102.0
1775973750.3576589,1.0,1.0,-107.0
1775973750.3676589,0.0,0.0,-111.0
1775973750.3776588,0.0,2.0,-113.0
1775973750.3876588,2.0,1.0,-106.0
1775973750.3976588,8.0,-1.0,-111.0
1775973750.4076588,4.0,-2.0,-115.0
1775973750.4176588,2.0,-4.0,-105.0
1775973750.4276588,-2.0,-7.0,-93.0
1775973750.4376588,-2.0,-7.0,-95.0
1775973750.4476588,-4.0,-9.0,-97.0
1775973750.4576588,-5.0,-5.0,-98.0
1775973750.4676588,-3.0,-3.0,-105.0
1775973750.477659,0.0,-7.0,-104.0
1775973750.487659,5.0,-8.0,-104.0
1775973750.497659,3.0,-5.0,-104.0
1775973750.507659,1.0,-5.0,-101.0
1775973750.517659,-1.0,-6.0,-99.0
1775973750.527659,0.0,-9.0,-96.0
1775973750.537659,3.0,-2.0,-100.0
1775973750.547659,4.0,-5.0,-114.0
1775973750.557659,2.0,-8.0,-115.0
1775973750.567659,0.0,-2.0,-114.0
1775973750.577659,-2.0,-2.0,-110.0
1775973750.587659,-5.0,-1.0,-109.0
1775973750.5976589,-2.0,2.0,-119.0
1775973750.6076589,1.0,-1.0,-121.0
1775973750.6176589,0.0,0.0,-117.0
1775973750.6276588,2.0,3.0,-116.0
1775973750.6376588,0.0,2.0,-115.0
1775973750.6476588,4.0,0.0,-109.0
1775973750.6576588,3.0,2.0,-113.0
1775973750.6676588,0.0,4.0,-111.0
1775973750.6776588,0.0,5.0,-112.0
1775973750.6876588,1.0,3.0,-114.0
1775973750.6976588,2.0,5.0,-111.0
1775973750.7076588,0.0,4.0,-101.0
1775973750.7176588,-1.0,4.0,-99.0
1775973750.727659,-4.0,2.0,-108.0
1775973750.737659,-2.0,2.0,-106.0
1775973750.747659,0.0,4.0,-101.0
1775973750.757659,0.0,1.0,-107.0
1775973750.767659,2.0,1.0,-110.0
1775973750.777659,2.0,6.0,-114.0
1775973750.787659,0.0,5.0,-114.0
1775973750.797659,0.0,5.0,-114.0
1775973750.807659,0.0,2.0,-116.0
1775973750.817659,-2.0,3.0,-112.0
1775973750.827659,-1.0,2.0,-111.0
1775973750.837659,0.0,5.0,-107.0
1775973750.8476589,-1.0,7.0,-106.0
1775973750.8576589,-6.0,7.0,-103.0
1775973750.8676589,-6.0,4.0,-103.0
1775973750.8776588,-3.0,0.0,-107.0
1775973750.8876588,4.0,0.0,-109.0
1775973750.8976588,5.0,0.0,-105.0
1775973750.9076588,3.0,0.0,-103.0
1775973750.9176588,0.0,-3.0,-108.0
1775973750.9276588,0.0,-4.0,-111.0
1775973750.9376588,1.0,-3.0,-113.0
1775973750.9476588,6.0,-4.0,-113.0
1775973750.9576588,2.0,-4.0,-112.0
1775973750.9676588,4.0,-7.0,-102.0
1775973750.977659,2.0,-7.0,-102.0
1775973750.987659,-3.0,0.0,-99.0
1775973750.997659,0.0,-1.0,-96.0
1775973751.007659,0.0,-2.0,-95.0
1775973751.017659,-1.0,-2.0,-98.0
1775973751.027659,-1.0,-5.0,-100.0
1775973751.037659,-1.0,-6.0,-106.0
1775973751.047659,-1.0,-7.0,-106.0
1775973751.057659,-3.0,-4.0,-113.0
1775973751.067659,-4.0,-2.0,-104.0
1775973751.077659,-5.0,0.0,-107.0
1775973751.087659,-2.0,-3.0,-109.0
1775973751.0976589,0.0,-4.0,-111.0
1775973751.1076589,1.0,0.0,-112.0
1775973751.1176589,-1.0,4.0,-118.0
1775973751.1276588,-4.0,4.0,-120.0
1775973751.1376588,0.0,3.0,-107.0
1775973751.1476588,0.0,8.0,-106.0
1775973751.1576588,0.0,3.0,-105.0
1775973751.1676588,1.0,-1.0,-113.0
1775973751.1776588,-1.0,0.0,-117.0
1775973751.1876588,-2.0,-3.0,-112.0
1775973751.1976588,1.0,-4.0,-114.0
1775973751.2076588,3.0,-4.0,-105.0
1775973751.2176588,0.0,-4.0,-105.0
1775973751.227659,0.0,-2.0,-109.0
1775973751.237659,1.0,-2.0,-112.0
1775973751.247659,0.0,-2.0,-112.0
1775973751.257659,-2.0,-3.0,-111.0
1775973751.267659,-1.0,-5.0,-112.0
1775973751.277659,-1.0,-3.0,-103.0
1775973751.287659,-2.0,3.0,-105.0
1775973751.297659,-3.0,7.0,-101.0
1775973751.307659,0.0,3.0,-103.0
1775973751.317659,3.0,3.0,-106.0
1775973751.327659,0.0,6.0,-108.0
1775973751.337659,0.0,5.0,-108.0
1775973751.3476589,3.0,2.0,-113.0
1775973751.3576589,0.0,2.0,-108.0
1775973751.3676589,4.0,0.0,-109.0
1775973751.3776588,3.0,0.0,-107.0
1775973751.3876588,-2.0,1.0,-112.0
1775973751.3976588,0.0,2.0,-116.0
1775973751.4076588,-1.0,-1.0,-106.0
1775973751.4176588,1.0,0.0,-107.0
1775973751.4276588,5.0,1.0,-108.0
1775973751.4376588,5.0,0.0,-105.0
1775973751.4476588,0.0,2.0,-108.0
1775973751.4576588,1.0,5.0,-110.0
1775973751.4676588,0.0,2.0,-111.0
1775973751.477659,0.0,3.0,-111.0
1775973751.487659,-1.0,-1.0,-108.0
1775973751.497659,-1.0,0.0,-108.0
1775973751.507659,-1.0,0.0,-109.0
1775973751.517659,-1.0,0.0,-105.0
1775973751.527659,-7.0,0.0,-103.0
1775973751.537659,-3.0,-4.0,-97.0
1775973751.547659,-6.0,-4.0,-98.0
1775973751.557659,-4.0,-5.0,-106.0
1775973751.567659,0.0,-4.0,-105.0
1775973751.577659,1.0,-3.0,-109.0
1775973751.587659,-2.0,0.0,-107.0
1775973751.5976589,-3.0,0.0,-101.0
1775973751.6076589,0.0,-1.0,-106.0
1775973751.6176589,1.0,-1.0,-106.0
1775973751.6276588,1.0,0.0,-107.0
1775973751.6376588,2.0,0.0,-104.0
1775973751.6476588,4.0,-2.0,-101.0
1775973751.6576588,3.0,1.0,-99.0
1775973751.6676588,-1.0,-1.0,-104.0
1775973751.6776588,-7.0,-4.0,-107.0
1775973751.6876588,-8.0,-7.0,-111.0
1775973751.6976588,-8.0,-8.0,-108.0
1775973751.7076588,-9.0,-3.0,-107.0
1775973751.7176588,-5.0,0.0,-106.0
1775973751.727659,0.0,0.0,-106.0
1775973751.737659,4.0,1.0,-107.0
1775973751.747659,1.0,-3.0,-104.0
1775973751.757659,3.0,-2.0,-102.0
1775973751.767659,0.0,0.0,-109.0
1775973751.777659,3.0,0.0,-116.0
1775973751.787659,3.0,-1.0,-113.0
1775973751.797659,3.0,1.0,-114.0
1775973751.807659,4.0,4.0,-114.0
1775973751.817659,2.0,7.0,-109.0
1775973751.827659,3.0,6.0,-105.0
1775973751.837659,4.0,7.0,-108.0
1775973751.8476589,5.0,1.0,-105.0
1775973751.8576589,5.0,0.0,-108.0
1775973751.8676589,4.0,-1.0,-103.0
1775973751.8776588,0.0,-1.0,-106.0
1775973751.8876588,-3.0,-2.0,-108.0
1775973751.8976588,-7.0,-6.0,-107.0
1775973751.9076588,-7.0,-7.0,-108.0
1775973751.9176588,-2.0,-9.0,-109.0
1775973751.9276588,1.0,-7.0,-105.0
1775973751.9376588,0.0,-3.0,-105.0
1775973751.9476588,-1.0,-8.0,-105.0
1775973751.958659,0.0,-14.0,-102.0
1775973751.968659,2.0,-14.0,-105.0
1775973751.978659,2.0,-7.0,-108.0
1775973751.987659,0.0,-4.0,-111.0
1775973751.998659,0.0,-6.0,-114.0
1775973752.008659,-3.0,-4.0,-116.0
1775973752.0186589,-5.0,0.0,-114.0
1775973752.0286589,0.0,0.0,-117.0
1775973752.0386589,6.0,-1.0,-123.0
1775973752.0486588,8.0,1.0,-127.0
1775973752.0586588,5.0,0.0,-123.0
1775973752.0686588,1.0,3.0,-115.0
1775973752.0786588,-4.0,0.0,-114.0
1775973752.0886588,-1.0,2.0,-123.0
1775973752.0986588,0.0,1.0,-113.0
1775973752.1086588,1.0,-2.0,-111.0
1775973752.1186588,1.0,-3.0,-107.0
1775973752.1286588,0.0,-1.0,-106.0
1775973752.1386588,-2.0,-4.0,-106.0
1775973752.148659,-2.0,-5.0,-111.0
1775973752.158659,0.0,-1.0,-110.0
1775973752.168659,-1.0,-2.0,-106.0
1775973752.178659,-1.0,-4.0,-102.0
1775973752.188659,-3.0,-1.0,-104.0
1775973752.198659,-7.0,-2.0,-99.0
1775973752.208659,-4.0,-3.0,-100.0
1775973752.218659,0.0,0.0,-95.0
1775973752.228659,2.0,0.0,-99.0
1775973752.238659,1.0,3.0,-99.0
1775973752.248659,-1.0,7.0,-102.0
1775973752.258659,-3.0,4.0,-104.0
1775973752.2686589,-8.0,3.0,-105.0
1775973752.2786589,-3.0,0.0,-107.0
1775973752.2886589,-3.0,2.0,-111.0
1775973752.2986588,-2.0,1.0,-112.0
1775973752.3086588,3.0,4.0,-108.0
1775973752.3186588,1.0,0.0,-108.0
1775973752.3286588,-1.0,-1.0,-102.0
1775973752.3386588,-1.0,-6.0,-99.0
1775973752.3486588,-2.0,-4.0,-99.0
1775973752.3586588,-6.0,0.0,-95.0
1775973752.3686588,-9.0,3.0,-95.0
1775973752.3786588,-10.0,0.0,-103.0
1775973752.3886588,-3.0,2.0,-113.0
1775973752.398659,-2.0,4.0,-118.0
1775973752.408659,-1.0,4.0,-117.0
1775973752.418659,-2.0,0.0,-111.0
1775973752.428659,0.0,-2.0,-107.0
1775973752.438659,0.0,0.0,-109.0
1775973752.448659,-1.0,0.0,-107.0
1775973752.458659,1.0,0.0,-110.0
1775973752.468659,6.0,0.0,-113.0
1775973752.478659,6.0,-2.0,-110.0
1775973752.488659,1.0,0.0,-113.0
1775973752.498659,0.0,-1.0,-118.0
1775973752.508659,-1.0,-1.0,-117.0
1775973752.5186589,-5.0,-4.0,-117.0
1775973752.5286589,-4.0,-2.0,-111.0
1775973752.5386589,-2.0,0.0,-110.0
1775973752.5486588,-2.0,-1.0,-108.0
1775973752.5586588,-4.0,0.0,-106.0
1775973752.5686588,-6.0,0.0,-104.0
1775973752.5786588,-5.0,-4.0,-111.0
1775973752.5886588,-5.0,-3.0,-115.0
1775973752.5986588,-4.0,-7.0,-111.0
1775973752.6086588,-5.0,-2.0,-108.0
1775973752.6186588,-6.0,0.0,-105.0
1775973752.6286588,-2.0,1.0,-107.0
1775973752.6386588,-2.0,-1.0,-108.0
1775973752.648659,0.0,0.0,-112.0
1775973752.658659,0.0,-1.0,-114.0
1775973752.668659,1.0,-2.0,-115.0
1775973752.678659,-2.0,-4.0,-108.0
1775973752.688659,0.0,-1.0,-102.0
1775973752.698659,-2.0,1.0,-94.0
1775973752.708659,-1.0,0.0,-93.0
1775973752.718659,2.0,0.0,-100.0
1775973752.728659,4.0,-2.0,-99.0
1775973752.738659,3.0,-2.0,-102.0
1775973752.748659,0.0,-2.0,-106.0
1775973752.758659,0.0,-2.0,-107.0
1775973752.7686589,1.0,-3.0,-109.0
1775973752.7786589,4.0,-2.0,-111.0
1775973752.7886589,1.0,0.0,-108.0
1775973752.7986588,0.0,8.0,-105.0
1775973752.8086588,0.0,6.0,-103.0
1775973752.8186588,1.0,3.0,-104.0
1775973752.8286588,0.0,4.0,-103.0
1775973752.8386588,-1.0,4.0,-105.0
1775973752.8486588,-3.0,4.0,-102.0
1775973752.8586588,-2.0,5.0,-103.0
1775973752.8686588,-3.0,5.0,-103.0
1775973752.8786588,0.0,2.0,-102.0
1775973752.8886588,0.0,3.0,-108.0
1775973752.898659,-1.0,4.0,-118.0
1775973752.908659,-2.0,1.0,-110.0
1775973752.918659,-4.0,0.0,-107.0
1775973752.928659,-2.0,-5.0,-109.0
1775973752.938659,-4.0,-8.0,-108.0
1775973752.948659,0.0,-11.0,-106.0
1775973752.958659,3.0,-9.0,-103.0
1775973752.968659,-1.0,-5.0,-107.0
1775973752.978659,-4.0,-4.0,-108.0
1775973752.988659,-7.0,-5.0,-100.0
1775973752.998659,-7.0,-7.0,-103.0
1775973753.008659,-3.0,-4.0,-106.0
1775973753.0186589,0.0,-2.0,-102.0
1775973753.0286589,2.0,-8.0,-106.0
1775973753.0386589,5.0,-9.0,-104.0
1775973753.0486588,3.0,-3.0,-105.0
1775973753.0586588,0.0,-2.0,-99.0
1775973753.0686588,0.0,-1.0,-98.0
1775973753.0786588,-4.0,-2.0,-95.0
1775973753.0886588,-4.0,1.0,-103.0
1775973753.0986588,-1.0,0.0,-104.0
1775973753.1086588,-1.0,-1.0,-101.0
1775973753.1186588,-1.0,1.0,-102.0
1775973753.1286588,0.0,0.0,-103.0
1775973753.1386588,-3.0,2.0,-107.0
1775973753.148659,0.0,0.0,-103.0
1775973753.158659,-3.0,0.0,-107.0
1775973753.168659,-5.0,-1.0,-103.0
1775973753.178659,-2.0,-5.0,-99.0
1775973753.188659,-4.0,-6.0,-104.0
1775973753.198659,-3.0,-2.0,-111.0
1775973753.208659,1.0,0.0,-114.0
1775973753.218659,0.0,0.0,-111.0
1775973753.228659,2.0,0.0,-107.0
1775973753.238659,1.0,3.0,-108.0
1775973753.248659,-1.0,1.0,-105.0
1775973753.258659,-1.0,0.0,-107.0
1775973753.2686589,2.0,-2.0,-109.0
1775973753.2786589,1.0,-3.0,-113.0
1775973753.2886589,-1.0,-4.0,-111.0
1775973753.2986588,-5.0,-7.0,-108.0
1775973753.3086588,-2.0,-5.0,-115.0
1775973753.319659,-2.0,-4.0,-112.0
1775973753.3286588,-1.0,1.0,-105.0
1775973753.3386588,-4.0,0.0,-99.0
1775973753.3486588,0.0,0.0,-95.0
1775973753.3586588,1.0,-3.0,-97.0
1775973753.3686588,2.0,-5.0,-103.0
1775973753.3786588,0.0,-4.0,-100.0
1775973753.3886588,-1.0,-3.0,-105.0
1775973753.398659,1.0,-5.0,-100.0
1775973753.408659,2.0,-9.0,-103.0
1775973753.418659,-1.0,-9.0,-96.0
1775973753.428659,-5.0,-3.0,-99.0
1775973753.438659,-4.0,-3.0,-101.0
1775973753.448659,-4.0,0.0,-103.0
1775973753.458659,2.0,1.0,-97.0
1775973753.468659,5.0,-1.0,-99.0
1775973753.478659,1.0,0.0,-101.0
1775973753.488659,-4.0,-2.0,-106.0
1775973753.498659,-7.0,-3.0,-104.0
1775973753.508659,-5.0,0.0,-100.0
1775973753.5186589,-3.0,1.0,-101.0
1775973753.5286589,-8.0,3.0,-104.0
1775973753.5386589,-9.0,-3.0,-103.0
1775973753.5486588,-4.0,-2.0,-110.0
1775973753.5586588,-1.0,-1.0,-115.0
1775973753.5686588,1.0,0.0,-113.0
1775973753.5786588,1.0,-1.0,-111.0
1775973753.5886588,1.0,-1.0,-106.0
1775973753.5986588,4.0,0.0,-105.0
1775973753.6086588,4.0,-3.0,-108.0
1775973753.6186588,3.0,-4.0,-106.0
1775973753.6286588,0.0,-2.0,-109.0
1775973753.6386588,-4.0,-6.0,-110.0
1775973753.648659,-2.0,0.0,-112.0
1775973753.658659,0.0,1.0,-116.0
1775973753.668659,2.0,2.0,-116.0
1775973753.678659,5.0,1.0,-119.0
1775973753.688659,3.0,-1.0,-117.0
1775973753.698659,1.0,-3.0,-112.0
1775973753.708659,-3.0,-5.0,-118.0
1775973753.718659,-5.0,-4.0,-115.0
1775973753.728659,-3.0,-5.0,-112.0
1775973753.738659,-6.0,-4.0,-113.0
1775973753.748659,-5.0,-2.0,-108.0
1775973753.758659,-2.0,-3.0,-113.0
1775973753.7686589,0.0,0.0,-114.0
1775973753.7786589,-3.0,-1.0,-113.0
1775973753.7886589,-2.0,0.0,-112.0
1775973753.7986588,-1.0,2.0,-114.0
1775973753.8086588,-1.0,5.0,-111.0
1775973753.8186588,3.0,4.0,-106.0
1775973753.8286588,0.0,7.0,-102.0
1775973753.8386588,-6.0,1.0,-109.0
1775973753.8486588,-4.0,-4.0,-117.0
1775973753.8586588,-6.0,-6.0,-115.0
1775973753.8686588,-6.0,-6.0,-105.0
1775973753.8786588,-2.0,-3.0,-107.0
1775973753.8886588,-3.0,-4.0,-102.0
1775973753.898659,-8.0,-1.0,-103.0
1775973753.908659,-7.0,-1.0,-102.0
1775973753.918659,-8.0,-1.0,-102.0
1775973753.928659,-4.0,-2.0,-109.0
1775973753.938659,-6.0,0.0,-111.0
1775973753.948659,-5.0,-4.0,-110.0
1775973753.958659,-2.0,1.0,-103.0
1775973753.968659,-2.0,-3.0,-99.0
1775973753.978659,-2.0,-1.0,-99.0
1775973753.988659,-2.0,1.0,-95.0
1775973753.998659,-1.0,2.0,-94.0
1775973754.008659,-1.0,0.0,-100.0
1775973754.0196588,-3.0,2.0,-103.0
1775973754.0296588,-4.0,-1.0,-107.0
1775973754.0396588,-5.0,-3.0,-107.0
1775973754.0496588,0.0,-1.0,-105.0
1775973754.0596588,4.0,-6.0,-110.0
1775973754.069659,3.0,-6.0,-111.0
1775973754.079659,1.0,-5.0,-117.0
1775973754.089659,-1.0,-3.0,-110.0
1775973754.099659,-1.0,2.0,-110.0
1775973754.109659,0.0,3.0,-110.0
1775973754.119659,0.0,4.0,-107.0
1775973754.129659,-2.0,4.0,-106.0
1775973754.139659,-4.0,4.0,-107.0
1775973754.149659,-8.0,2.0,-106.0
1775973754.159659,-5.0,1.0,-106.0
1775973754.169659,-3.0,-1.0,-113.0
1775973754.179659,-3.0,0.0,-117.0
1775973754.1896589,-1.0,0.0,-114.0
1775973754.1996589,-2.0,-1.0,-119.0
1775973754.2096589,4.0,0.0,-115.0
1775973754.2196589,2.0,-3.0,-114.0
1775973754.2296588,0.0,0.0,-111.0
1775973754.2396588,0.0,2.0,-111.0
1775973754.2496588,0.0,3.0,-106.0
1775973754.2596588,2.0,0.0,-105.0
1775973754.2696588,2.0,0.0,-102.0
1775973754.2796588,5.0,-2.0,-103.0
1775973754.2896588,6.0,0.0,-110.0
1775973754.2996588,7.0,2.0,-107.0
1775973754.3096588,7.0,5.0,-106.0
1775973754.319659,4.0,5.0,-103.0
1775973754.329659,3.0,2.0,-110.0
1775973754.339659,1.0,1.0,-106.0
1775973754.349659,0.0,-2.0,-105.0
1775973754.359659,0.0,-2.0,-110.0
1775973754.369659,0.0,-1.0,-109.0
1775973754.379659,0.0,1.0,-107.0
1775973754.389659,0.0,2.0,-103.0
1775973754.399659,-1.0,-3.0,-101.0
1775973754.409659,-2.0,0.0,-106.0
1775973754.419659,-7.0,-1.0,-108.0
1775973754.429659,-1.0,0.0,-105.0
1775973754.4396589,0.0,0.0,-106.0
1775973754.4496589,0.0,-1.0,-104.0
1775973754.4596589,-2.0,-7.0,-103.0
1775973754.4696589,-4.0,-9.0,-100.0
1775973754.4796588,-5.0,-9.0,-103.0
1775973754.4896588,-5.0,-10.0,-108.0
1775973754.4996588,-2.0,-7.0,-113.0
1775973754.5096588,6.0,-7.0,-116.0
1775973754.5196588,-2.0,-10.0,-109.0
1775973754.5296588,-2.0,-10.0,-112.0
1775973754.5396588,0.0,-8.0,-109.0
1775973754.5496588,-3.0,-4.0,-114.0
1775973754.5596588,-5.0,0.0,-107.0
1775973754.569659,-3.0,3.0,-109.0
1775973754.579659,-4.0,6.0,-107.0
1775973754.589659,-7.0,6.0,-102.0
1775973754.599659,-8.0,5.0,-108.0
1775973754.609659,-7.0,7.0,-108.0
1775973754.619659,-8.0,4.0,-109.0
1775973754.629659,-5.0,5.0,-109.0
1775973754.639659,-1.0,6.0,-107.0
1775973754.649659,0.0,5.0,-108.0
1775973754.659659,-2.0,3.0,-106.0
1775973754.669659,-2.0,3.0,-99.0
1775973754.679659,-4.0,7.0,-96.0
1775973754.6896589,-4.0,3.0,-95.0
1775973754.6996589,-2.0,1.0,-100.0
1775973754.7096589,2.0,0.0,-105.0
1775973754.7196589,1.0,1.0,-103.0
1775973754.7296588,3.0,0.0,-102.0
1775973754.7396588,6.0,1.0,-109.0
1775973754.7496588,0.0,0.0,-110.0
1775973754.7596588,1.0,-2.0,-111.0
1775973754.7696588,1.0,-3.0,-113.0
1775973754.7796588,-2.0,-3.0,-110.0
1775973754.7896588,-5.0,-2.0,-107.0
1775973754.7996588,-3.0,-1.0,-106.0
1775973754.8096588,-4.0,1.0,-105.0
1775973754.819659,-4.0,0.0,-104.0
1775973754.829659,-2.0,0.0,-103.0
1775973754.839659,-2.0,0.0,-100.0
1775973754.849659,-2.0,1.0,-102.0
1775973754.859659,-3.0,0.0,-102.0
1775973754.869659,2.0,1.0,-104.0
1775973754.879659,-2.0,1.0,-103.0
1775973754.889659,-7.0,3.0,-98.0
1775973754.899659,-8.0,3.0,-103.0
1775973754.909659,-6.0,1.0,-97.0
1775973754.919659,-1.0,4.0,-104.0
1775973754.929659,1.0,4.0,-103.0
1775973754.9396589,0.0,4.0,-108.0
1775973754.9496589,0.0,3.0,-104.0
1775973754.9596589,0.0,3.0,-110.0
1775973754.9696589,0.0,1.0,-112.0
1775973754.9796588,-1.0,0.0,-116.0
1775973754.9896588,-4.0,-3.0,-121.0
1775973754.9996588,-6.0,-3.0,-117.0
1775973755.0096588,-10.0,-1.0,-116.0
1775973755.0196588,-5.0,3.0,-115.0
1775973755.0296588,-2.0,2.0,-126.0
1775973755.0396588,-3.0,3.0,-121.0
1775973755.0496588,-5.0,3.0,-116.0
1775973755.0596588,-5.0,2.0,-112.0
1775973755.069659,-7.0,2.0,-115.0
1775973755.079659,-6.0,5.0,-118.0
1775973755.089659,-13.0,6.0,-122.0
1775973755.099659,-12.0,5.0,-130.0
1775973755.109659,-12.0,5.0,-128.0
1775973755.119659,-10.0,5.0,-123.0
1775973755.129659,-4.0,3.0,-124.0
1775973755.139659,-4.0,1.0,-114.0
1775973755.149659,-5.0,1.0,-115.0
1775973755.159659,0.0,-1.0,-110.0
1775973755.169659,0.0,0.0,-105.0
1775973755.179659,-3.0,0.0,-108.0
1775973755.1896589,-6.0,1.0,-110.0
1775973755.1996589,-7.0,0.0,-112.0
1775973755.2096589,-2.0,-1.0,-112.0
1775973755.2196589,2.0,-2.0,-112.0
1775973755.2296588,1.0,-6.0,-115.0
1775973755.2396588,1.0,-7.0,-115.0
1775973755.2496588,2.0,-3.0,-114.0
1775973755.2596588,-1.0,0.0,-113.0
1775973755.2696588,-1.0,2.0,-121.0
1775973755.2796588,0.0,2.0,-121.0
1775973755.2896588,-3.0,1.0,-117.0
1775973755.2996588,-2.0,6.0,-113.0
1775973755.3096588,-5.0,9.0,-118.0
1775973755.319659,-4.0,8.0,-110.0
1775973755.329659,-5.0,5.0,-113.0
1775973755.339659,-5.0,-4.0,-112.0
1775973755.349659,-5.0,-2.0,-113.0
1775973755.359659,-6.0,-6.0,-112.0
1775973755.369659,0.0,-2.0,-108.0
1775973755.379659,1.0,0.0,-108.0
1775973755.389659,0.0,2.0,-109.0
1775973755.399659,-1.0,0.0,-105.0
1775973755.409659,-3.0,-1.0,-101.0
1775973755.419659,-3.0,0.0,-104.0
1775973755.429659,0.0,0.0,-110.0
1775973755.4396589,1.0,6.0,-110.0
1775973755.4496589,2.0,5.0,-113.0
1775973755.4596589,-1.0,6.0,-112.0
1775973755.4696589,-6.0,2.0,-110.0
1775973755.4796588,-3.0,-2.0,-105.0
1775973755.4896588,2.0,-4.0,-100.0
1775973755.4996588,4.0,-2.0,-103.0
1775973755.5096588,0.0,-2.0,-103.0
1775973755.5196588,-5.0,-2.0,-107.0
1775973755.5296588,-4.0,-2.0,-105.0
1775973755.5396588,-6.0,0.0,-106.0
1775973755.5496588,-4.0,-1.0,-99.0
1775973755.5596588,-1.0,0.0,-100.0
1775973755.569659,-1.0,-1.0,-99.0
1775973755.579659,-2.0,-4.0,-101.0
1775973755.589659,-1.0,-2.0,-106.0
1775973755.599659,-3.0,-1.0,-100.0
1775973755.609659,-8.0,0.0,-95.0
1775973755.619659,-7.0,0.0,-98.0
1775973755.629659,-4.0,2.0,-103.0
1775973755.639659,-2.0,3.0,-107.0
1775973755.649659,-3.0,3.0,-102.0
1775973755.659659,-3.0,0.0,-101.0
1775973755.669659,-4.0,0.0,-99.0
1775973755.679659,0.0,-4.0,-103.0
1775973755.6896589,5.0,0.0,-106.0
1775973755.6996589,4.0,-1.0,-108.0
1775973755.7096589,7.0,0.0,-108.0
1775973755.7196589,8.0,2.0,-106.0
1775973755.7296588,6.0,3.0,-103.0
1775973755.7396588,4.0,4.0,-103.0
1775973755.7496588,2.0,6.0,-101.0
1775973755.7596588,5.0,6.0,-104.0
1775973755.7696588,1.0,4.0,-105.0
1775973755.7796588,3.0,5.0,-109.0
1775973755.7896588,5.0,6.0,-104.0
1775973755.7996588,6.0,8.0,-112.0
1775973755.8096588,3.0,8.0,-109.0
1775973755.819659,5.0,6.0,-108.0
1775973755.830659,6.0,6.0,-109.0
1775973755.839659,4.0,4.0,-107.0
1775973755.849659,0.0,0.0,-108.0
1775973755.859659,0.0,0.0,-108.0
1775973755.869659,-1.0,-4.0,-115.0
1775973755.879659,-1.0,-2.0,-106.0
1775973755.889659,0.0,-1.0,-101.0
1775973755.899659,-1.0,-3.0,-97.0
1775973755.909659,-4.0,-6.0,-102.0
1775973755.919659,1.0,-7.0,-106.0
1775973755.929659,0.0,-9.0,-109.0
1775973755.9396589,1.0,-9.0,-100.0
1775973755.9496589,2.0,-8.0,-106.0
1775973755.9596589,-1.0,-7.0,-100.0
1775973755.9696589,-4.0,-5.0,-103.0
1775973755.9796588,-6.0,-6.0,-104.0
1775973755.9896588,-5.0,-4.0,-101.0
1775973755.9996588,-2.0,-4.0,-101.0
1775973756.0096588,-3.0,-4.0,-103.0
1775973756.0196588,-6.0,-8.0,-97.0
1775973756.030659,-6.0,-7.0,-96.0
1775973756.0396588,-4.0,0.0,-91.0
1775973756.0496588,-2.0,0.0,-89.0
1775973756.060659,-1.0,0.0,-95.0
1775973756.070659,0.0,2.0,-96.0
1775973756.080659,3.0,7.0,-96.0
1775973756.090659,4.0,5.0,-93.0
1775973756.100659,1.0,-2.0,-92.0
1775973756.110659,5.0,-1.0,-94.0
1775973756.1206589,6.0,-2.0,-104.0
1775973756.1306589,7.0,5.0,-113.0
1775973756.1406589,11.0,2.0,-118.0
1775973756.1506588,14.0,0.0,-118.0
1775973756.1606588,14.0,-2.0,-121.0
1775973756.1706588,9.0,-4.0,-115.0
1775973756.1806588,5.0,-2.0,-113.0
1775973756.1906588,2.0,1.0,-105.0
1775973756.2006588,4.0,1.0,-98.0
1775973756.2106588,4.0,0.0,-99.0
1775973756.2206588,3.0,-3.0,-104.0
1775973756.2306588,1.0,-3.0,-110.0
1775973756.2406588,3.0,-3.0,-112.0
1775973756.250659,0.0,-5.0,-106.0
1775973756.260659,-1.0,-3.0,-104.0
1775973756.270659,-1.0,-2.0,-105.0
1775973756.280659,-1.0,-4.0,-106.0
1775973756.290659,0.0,-4.0,-107.0
1775973756.300659,0.0,0.0,-104.0
1775973756.310659,1.0,1.0,-103.0
1775973756.320659,-2.0,2.0,-100.0
1775973756.330659,-5.0,-1.0,-105.0
1775973756.340659,-7.0,4.0,-102.0
1775973756.350659,-6.0,7.0,-99.0
1775973756.360659,-3.0,7.0,-93.0
1775973756.3706589,0.0,8.0,-94.0
1775973756.3806589,0.0,6.0,-103.0
1775973756.3906589,0.0,7.0,-103.0
1775973756.4006588,-1.0,3.0,-103.0
1775973756.4106588,1.0,0.0,-105.0
1775973756.4206588,1.0,0.0,-113.0
1775973756.4306588,0.0,4.0,-104.0
1775973756.4406588,-3.0,0.0,-98.0
1775973756.4506588,-2.0,-2.0,-105.0
1775973756.4606588,-1.0,-3.0,-107.0
1775973756.4706588,-2.0,0.0,-110.0
1775973756.4806588,2.0,-2.0,-110.0
1775973756.4906588,7.0,-4.0,-111.0
1775973756.500659,5.0,0.0,-111.0
1775973756.510659,4.0,1.0,-109.0
1775973756.520659,3.0,0.0,-107.0
1775973756.530659,1.0,1.0,-107.0
1775973756.540659,3.0,4.0,-107.0
1775973756.550659,5.0,4.0,-107.0
1775973756.560659,2.0,2.0,-105.0
1775973756.570659,-1.0,0.0,-109.0
1775973756.580659,0.0,-3.0,-106.0
1775973756.590659,1.0,-3.0,-109.0
1775973756.600659,2.0,3.0,-115.0
1775973756.610659,0.0,3.0,-109.0
1775973756.6206589,0.0,-2.0,-99.0
1775973756.6306589,0.0,-1.0,-102.0
1775973756.6406589,2.0,0.0,-104.0
1775973756.6506588,1.0,2.0,-103.0
1775973756.6606588,0.0,1.0,-98.0
1775973756.6706588,-1.0,2.0,-102.0
1775973756.6806588,0.0,2.0,-105.0
1775973756.6906588,0.0,1.0,-106.0
1775973756.7006588,1.0,3.0,-104.0
1775973756.7106588,2.0,1.0,-109.0
1775973756.7206588,-3.0,4.0,-110.0
1775973756.7306588,-3.0,3.0,-111.0
1775973756.7406588,-3.0,1.0,-112.0
1775973756.750659,-1.0,0.0,-117.0
1775973756.760659,-2.0,2.0,-120.0
1775973756.770659,-2.0,0.0,-118.0
1775973756.780659,4.0,4.0,-117.0
1775973756.790659,7.0,5.0,-110.0
1775973756.800659,2.0,7.0,-114.0
1775973756.810659,-2.0,4.0,-109.0
1775973756.820659,-3.0,1.0,-106.0
1775973756.830659,-1.0,2.0,-108.0
1775973756.840659,0.0,0.0,-115.0
1775973756.850659,-1.0,0.0,-118.0
1775973756.860659,0.0,0.0,-115.0
1775973756.8706589,2.0,2.0,-116.0
1775973756.8806589,1.0,1.0,-117.0
1775973756.8906589,-1.0,0.0,-111.0
1775973756.9006588,0.0,-1.0,-107.0
1775973756.9106588,0.0,-4.0,-103.0
1775973756.9206588,4.0,-3.0,-105.0
1775973756.9306588,7.0,-4.0,-99.0
1775973756.9406588,1.0,0.0,-104.0
1775973756.9506588,-3.0,0.0,-112.0
1775973756.9606588,-2.0,5.0,-114.0
1775973756.9706588,-3.0,0.0,-110.0
1775973756.9806588,-3.0,-1.0,-104.0
1775973756.9906588,-3.0,-2.0,-101.0
1775973757.000659,-5.0,-3.0,-107.0
1775973757.010659,-6.0,-1.0,-112.0
1775973757.020659,-2.0,1.0,-113.0
1775973757.030659,-6.0,-1.0,-117.0
1775973757.040659,-4.0,3.0,-119.0
1775973757.050659,-8.0,2.0,-113.0
1775973757.060659,-7.0,2.0,-117.0
1775973757.070659,-5.0,0.0,-114.0
1775973757.080659,-2.0,-3.0,-111.0
1775973757.090659,-1.0,-4.0,-113.0
1775973757.100659,-4.0,-1.0,-114.0
1775973757.110659,-2.0,-2.0,-114.0
1775973757.1206589,-1.0,-1.0,-118.0
1775973757.1306589,-7.0,-3.0,-117.0
1775973757.1406589,-4.0,0.0,-113.0
1775973757.1506588,-4.0,5.0,-115.0
1775973757.1606588,-4.0,6.0,-113.0
1775973757.1706588,-1.0,6.0,-109.0
1775973757.1806588,1.0,0.0,-105.0
1775973757.1906588,-1.0,-1.0,-108.0
1775973757.2006588,0.0,-3.0,-110.0
1775973757.2106588,-4.0,0.0,-107.0
1775973757.2206588,-8.0,-2.0,-112.0
1775973757.2306588,-5.0,-6.0,-114.0
1775973757.2406588,-7.0,-9.0,-114.0
1775973757.250659,-2.0,-6.0,-112.0
1775973757.260659,0.0,-3.0,-116.0
1775973757.270659,-1.0,-4.0,-117.0
1775973757.280659,-8.0,2.0,-118.0
1775973757.290659,-7.0,8.0,-115.0
1775973757.300659,-3.0,9.0,-113.0
1775973757.310659,0.0,9.0,-114.0
1775973757.320659,-2.0,11.0,-116.0
1775973757.330659,-3.0,7.0,-115.0
1775973757.340659,-4.0,5.0,-112.0
1775973757.350659,-1.0,4.0,-111.0
1775973757.360659,0.0,1.0,-105.0
1775973757.3706589,0.0,-2.0,-104.0
1775973757.3806589,0.0,-3.0,-102.0
1775973757.3906589,0.0,-1.0,-105.0
1775973757.4006588,-3.0,-5.0,-104.0
1775973757.4106588,-1.0,-6.0,-105.0
1775973757.4206588,0.0,-7.0,-101.0
1775973757.4306588,3.0,-9.0,-104.0
1775973757.4406588,4.0,-5.0,-101.0
1775973757.4506588,2.0,-4.0,-96.0
1775973757.4606588,-2.0,-1.0,-94.0
1775973757.4706588,-1.0,0.0,-99.0
1775973757.4806588,1.0,1.0,-104.0
1775973757.4906588,4.0,1.0,-104.0
1775973757.500659,1.0,4.0,-102.0
1775973757.510659,1.0,3.0,-97.0
1775973757.520659,2.0,0.0,-101.0
1775973757.530659,2.0,-6.0,-105.0
1775973757.540659,2.0,-8.0,-105.0
1775973757.550659,2.0,-12.0,-104.0
1775973757.560659,0.0,-9.0,-106.0
1775973757.570659,-3.0,-6.0,-105.0
1775973757.580659,-4.0,-6.0,-104.0
1775973757.590659,0.0,-5.0,-108.0
1775973757.600659,2.0,-5.0,-108.0
1775973757.610659,-1.0,-4.0,-104.0
1775973757.6206589,-1.0,-1.0,-107.0
1775973757.6306589,1.0,-2.0,-110.0
1775973757.6406589,0.0,-1.0,-112.0
1775973757.6506588,-3.0,-1.0,-107.0
1775973757.6606588,-3.0,1.0,-108.0
1775973757.6706588,0.0,2.0,-107.0
1775973757.6806588,0.0,2.0,-101.0
1775973757.6906588,-2.0,0.0,-94.0
1775973757.7006588,-2.0,1.0,-89.0
1775973757.7106588,1.0,3.0,-96.0
1775973757.7206588,2.0,4.0,-98.0
1775973757.7306588,0.0,0.0,-101.0
1775973757.7406588,0.0,2.0,-101.0
1775973757.750659,-3.0,2.0,-104.0
1775973757.760659,-4.0,4.0,-104.0
1775973757.770659,-6.0,4.0,-105.0
1775973757.780659,-4.0,2.0,-107.0
1775973757.790659,-2.0,2.0,-103.0
1775973757.800659,0.0,1.0,-101.0
1775973757.810659,-1.0,-5.0,-107.0
1775973757.820659,0.0,-2.0,-104.0
1775973757.830659,2.0,-1.0,-105.0
1775973757.840659,2.0,3.0,-108.0
1775973757.850659,0.0,2.0,-110.0
1775973757.860659,-3.0,0.0,-112.0
1775973757.8706589,0.0,-2.0,-113.0
1775973757.8806589,0.0,0.0,-108.0
1775973757.8906589,0.0,5.0,-106.0
1775973757.9006588,2.0,5.0,-107.0
1775973757.9106588,5.0,7.0,-106.0
1775973757.9206588,5.0,4.0,-104.0
1775973757.9306588,0.0,0.0,-102.0
1775973757.9406588,-1.0,0.0,-104.0
1775973757.9506588,0.0,-2.0,-104.0
1775973757.9606588,0.0,0.0,-100.0
1775973757.9706588,-3.0,-4.0,-101.0
1775973757.9806588,-6.0,-4.0,-105.0
1775973757.9906588,-3.0,0.0,-107.0
1775973758.000659,-3.0,2.0,-107.0
1775973758.010659,1.0,0.0,-103.0
1775973758.020659,0.0,0.0,-98.0
1775973758.030659,3.0,1.0,-104.0
1775973758.040659,4.0,2.0,-103.0
1775973758.050659,0.0,3.0,-100.0
1775973758.060659,0.0,2.0,-100.0
1775973758.070659,-2.0,2.0,-102.0
1775973758.080659,-4.0,0.0,-102.0
1775973758.090659,-1.0,-1.0,-105.0
1775973758.100659,0.0,-4.0,-104.0
1775973758.1116588,0.0,-2.0,-109.0
1775973758.1206589,-4.0,-3.0,-110.0
1775973758.132659,-5.0,-4.0,-112.0
1775973758.1416588,-4.0,-4.0,-109.0
1775973758.1516588,-6.0,0.0,-119.0
1775973758.1616588,-13.0,2.0,-113.0
1775973758.171659,-11.0,4.0,-113.0
1775973758.181659,-13.0,3.0,-110.0
1775973758.191659,-11.0,4.0,-105.0
1775973758.201659,-7.0,0.0,-99.0
1775973758.211659,-5.0,-2.0,-98.0
1775973758.221659,-1.0,-5.0,-106.0
1775973758.231659,-2.0,0.0,-111.0
1775973758.241659,-6.0,-5.0,-113.0
1775973758.251659,-6.0,-12.0,-108.0
1775973758.261659,2.0,-7.0,-113.0
1775973758.271659,0.0,-5.0,-109.0
1775973758.281659,0.0,-4.0,-105.0
1775973758.2916589,-2.0,-7.0,-112.0
1775973758.3016589,-7.0,-5.0,-108.0
1775973758.3116589,-8.0,-3.0,-111.0
1775973758.3216588,-6.0,-3.0,-112.0
1775973758.3316588,-3.0,-6.0,-117.0
1775973758.3416588,-2.0,-7.0,-114.0
1775973758.3516588,0.0,-7.0,-118.0
1775973758.3616588,3.0,-6.0,-119.0
1775973758.3716588,4.0,-4.0,-111.0
1775973758.3816588,0.0,-3.0,-105.0
1775973758.3916588,-1.0,-5.0,-102.0
1775973758.4016588,-3.0,-5.0,-105.0
1775973758.4116588,-4.0,-6.0,-114.0
1775973758.421659,0.0,-5.0,-113.0
1775973758.431659,0.0,-2.0,-112.0
1775973758.441659,0.0,-4.0,-106.0
1775973758.451659,-1.0,0.0,-96.0
1775973758.461659,1.0,0.0,-97.0
1775973758.471659,5.0,0.0,-95.0
1775973758.481659,6.0,1.0,-102.0
1775973758.491659,6.0,0.0,-106.0
1775973758.501659,3.0,-1.0,-105.0
1775973758.511659,1.0,0.0,-100.0
1775973758.521659,0.0,0.0,-97.0
1775973758.531659,1.0,-1.0,-100.0
1775973758.5416589,0.0,-2.0,-106.0
1775973758.5516589,2.0,0.0,-107.0
1775973758.5616589,1.0,-4.0,-108.0
1775973758.5716588,0.0,-4.0,-111.0
1775973758.5816588,3.0,-1.0,-112.0
1775973758.5916588,4.0,0.0,-108.0
1775973758.6016588,-1.0,0.0,-108.0
1775973758.6116588,1.0,1.0,-112.0
1775973758.6216588,4.0,2.0,-109.0
1775973758.6316588,1.0,2.0,-112.0
1775973758.6416588,5.0,6.0,-108.0
1775973758.6516588,4.0,3.0,-108.0
1775973758.6616588,1.0,0.0,-105.0
1775973758.671659,-2.0,-2.0,-104.0
1775973758.681659,-1.0,-2.0,-101.0
1775973758.691659,-1.0,-2.0,-103.0
1775973758.701659,-3.0,-4.0,-100.0
1775973758.711659,-3.0,-5.0,-100.0
1775973758.721659,-2.0,-4.0,-100.0
1775973758.731659,-3.0,0.0,-99.0
1775973758.741659,-1.0,0.0,-106.0
1775973758.751659,-1.0,1.0,-106.0
1775973758.761659,2.0,1.0,-102.0
1775973758.771659,2.0,-2.0,-106.0
1775973758.781659,2.0,-2.0,-98.0
1775973758.7916589,4.0,-1.0,-103.0
1775973758.8016589,5.0,2.0,-107.0
1775973758.8116589,-1.0,-1.0,-105.0
1775973758.8216588,-5.0,-1.0,-107.0
1775973758.8316588,-8.0,-4.0,-106.0
1775973758.8416588,-8.0,0.0,-104.0
1775973758.8516588,-8.0,1.0,-99.0
1775973758.8616588,-5.0,2.0,-106.0
1775973758.8716588,-2.0,5.0,-101.0
1775973758.8816588,-3.0,8.0,-109.0
1775973758.8916588,0.0,3.0,-108.0
1775973758.9016588,3.0,0.0,-106.0
1775973758.9116588,0.0,-2.0,-104.0
1775973758.921659,1.0,0.0,-104.0
1775973758.931659,0.0,-3.0,-105.0
1775973758.941659,-7.0,0.0,-105.0
1775973758.951659,-3.0,1.0,-113.0
1775973758.961659,-2.0,-1.0,-111.0
1775973758.971659,-1.0,-2.0,-111.0
1775973758.981659,2.0,2.0,-111.0
1775973758.991659,2.0,2.0,-116.0
1775973759.001659,0.0,0.0,-113.0
1775973759.011659,1.0,-1.0,-112.0
1775973759.021659,0.0,-1.0,-110.0
1775973759.031659,-3.0,-2.0,-113.0
1775973759.0416589,-3.0,-2.0,-115.0
1775973759.0516589,-2.0,-1.0,-110.0
1775973759.0616589,-7.0,-1.0,-103.0
1775973759.0716588,-5.0,0.0,-98.0
1775973759.0816588,-1.0,-1.0,-98.0
1775973759.0916588,0.0,6.0,-102.0
1775973759.1016588,0.0,7.0,-105.0
1775973759.1116588,0.0,5.0,-112.0
1775973759.1216588,-7.0,0.0,-111.0
1775973759.1316588,-8.0,-1.0,-104.0
1775973759.1416588,-11.0,-1.0,-101.0
1775973759.1516588,-10.0,0.0,-101.0
1775973759.1616588,-6.0,-2.0,-99.0
1775973759.171659,-5.0,-2.0,-99.0
1775973759.181659,0.0,-1.0,-108.0
1775973759.191659,0.0,-4.0,-103.0
1775973759.201659,-2.0,-2.0,-108.0
1775973759.211659,-3.0,2.0,-100.0
1775973759.221659,-4.0,1.0,-105.0
1775973759.231659,-3.0,0.0,-106.0
1775973759.241659,-2.0,1.0,-104.0
1775973759.251659,0.0,0.0,-105.0
1775973759.261659,-1.0,0.0,-102.0
1775973759.271659,-2.0,2.0,-109.0
1775973759.281659,1.0,2.0,-111.0
1775973759.2916589,-1.0,3.0,-104.0
1775973759.3016589,4.0,3.0,-109.0
1775973759.3116589,3.0,4.0,-108.0
1775973759.3216588,2.0,3.0,-105.0
1775973759.3316588,1.0,-2.0,-107.0
1775973759.3416588,0.0,-4.0,-107.0
1775973759.3516588,0.0,-3.0,-111.0
1775973759.3616588,1.0,-1.0,-108.0
1775973759.3716588,2.0,0.0,-113.0
1775973759.3816588,1.0,-4.0,-114.0
1775973759.3916588,5.0,-3.0,-115.0
1775973759.4016588,3.0,-1.0,-117.0
1775973759.4116588,0.0,-4.0,-120.0
1775973759.421659,-4.0,-2.0,-126.0
1775973759.431659,-6.0,-4.0,-121.0
1775973759.441659,-8.0,0.0,-117.0
1775973759.451659,-8.0,2.0,-116.0
1775973759.461659,-6.0,0.0,-112.0
1775973759.471659,-3.0,0.0,-112.0
1775973759.481659,0.0,0.0,-104.0
1775973759.491659,2.0,0.0,-106.0
1775973759.501659,0.0,0.0,-110.0
1775973759.511659,0.0,2.0,-107.0
1775973759.521659,3.0,0.0,-112.0
1775973759.531659,0.0,0.0,-104.0
1775973759.5416589,-1.0,1.0,-103.0
1775973759.5516589,0.0,2.0,-110.0
1775973759.5616589,-3.0,2.0,-111.0
1775973759.5716588,-8.0,4.0,-112.0
1775973759.5816588,-8.0,4.0,-112.0
1775973759.5916588,-6.0,7.0,-110.0
1775973759.6016588,-6.0,5.0,-117.0
1775973759.6116588,-10.0,3.0,-116.0
1775973759.6216588,-6.0,1.0,-107.0
1775973759.6316588,-5.0,-1.0,-101.0
1775973759.6416588,-5.0,0.0,-97.0
1775973759.6516588,0.0,-1.0,-99.0
1775973759.6616588,0.0,-2.0,-105.0
1775973759.671659,3.0,0.0,-109.0
1775973759.681659,1.0,0.0,-110.0
1775973759.691659,2.0,-1.0,-107.0
1775973759.701659,6.0,-1.0,-107.0
1775973759.711659,4.0,-3.0,-108.0
1775973759.721659,-4.0,-5.0,-104.0
1775973759.731659,-2.0,-4.0,-104.0
1775973759.741659,1.0,-2.0,-100.0
1775973759.751659,-2.0,0.0,-100.0
1775973759.761659,-4.0,0.0,-102.0
1775973759.771659,-1.0,-1.0,-105.0
1775973759.781659,3.0,0.0,-106.0
1775973759.7916589,3.0,0.0,-108.0
1775973759.8016589,1.0,1.0,-105.0
1775973759.8116589,2.0,-2.0,-109.0
1775973759.8216588,0.0,-3.0,-111.0
1775973759.8316588,-2.0,-7.0,-110.0
1775973759.8416588,-6.0,-5.0,-104.0
1775973759.8516588,-6.0,-2.0,-109.0
1775973759.8616588,-6.0,-1.0,-104.0
1775973759.8716588,-6.0,0.0,-101.0
1775973759.8816588,-4.0,0.0,-102.0
1775973759.8916588,-5.0,-1.0,-100.0
1775973759.9016588,-5.0,-5.0,-105.0
1775973759.9116588,2.0,-1.0,-109.0
1775973759.921659,0.0,-1.0,-113.0
1775973759.931659,0.0,-3.0,-106.0
1775973759.941659,1.0,-1.0,-107.0
1775973759.951659,1.0,0.0,-104.0
1775973759.961659,3.0,0.0,-105.0
1775973759.971659,0.0,-1.0,-107.0
1775973759.981659,3.0,-2.0,-112.0
1775973759.991659,-2.0,-3.0,-107.0
1775973760.001659,-3.0,-3.0,-104.0
1775973760.011659,0.0,-1.0,-103.0
1775973760.021659,0.0,5.0,-110.0
1775973760.031659,-2.0,4.0,-98.0
1775973760.0416589,-1.0,2.0,-96.0
1775973760.0516589,-4.0,4.0,-96.0
1775973760.0616589,5.0,4.0,-100.0
1775973760.0716588,8.0,3.0,-97.0
1775973760.0816588,5.0,2.0,-106.0
1775973760.0916588,5.0,2.0,-104.0
1775973760.1016588,5.0,4.0,-101.0
1775973760.1116588,6.0,5.0,-108.0
1775973760.1216588,5.0,3.0,-108.0
1775973760.1316588,6.0,3.0,-107.0
1775973760.1416588,8.0,8.0,-109.0
1775973760.1516588,8.0,9.0,-105.0
1775973760.1616588,5.0,7.0,-111.0
1775973760.172659,4.0,8.0,-116.0
1775973760.182659,0.0,7.0,-121.0
1775973760.192659,1.0,8.0,-119.0
1775973760.202659,2.0,4.0,-117.0
1775973760.212659,1.0,0.0,-111.0
1775973760.2226589,0.0,0.0,-106.0
1775973760.2326589,-5.0,0.0,-102.0
1775973760.2426589,-2.0,0.0,-103.0
1775973760.2526588,-3.0,3.0,-105.0
1775973760.2626588,-6.0,5.0,-103.0
1775973760.2726588,-6.0,2.0,-106.0
1775973760.2826588,-3.0,-1.0,-104.0
1775973760.2926588,-4.0,0.0,-102.0
1775973760.3026588,-1.0,2.0,-94.0
1775973760.3126588,-2.0,5.0,-93.0
1775973760.3226588,1.0,3.0,-101.0
1775973760.3326588,4.0,-1.0,-103.0
1775973760.3426588,-1.0,-4.0,-107.0
1775973760.352659,-3.0,-2.0,-110.0
1775973760.362659,-3.0,-1.0,-104.0
1775973760.372659,-1.0,0.0,-106.0
1775973760.382659,-1.0,-2.0,-108.0
1775973760.392659,1.0,-7.0,-112.0
1775973760.402659,3.0,-12.0,-108.0
1775973760.412659,4.0,-10.0,-102.0
1775973760.422659,0.0,-13.0,-96.0
1775973760.432659,1.0,-10.0,-97.0
1775973760.442659,3.0,-8.0,-98.0
1775973760.452659,5.0,-10.0,-106.0
1775973760.462659,4.0,-5.0,-105.0
1775973760.4726589,0.0,-5.0,-114.0
1775973760.4826589,5.0,0.0,-113.0
1775973760.4926589,1.0,2.0,-111.0
1775973760.5026588,-2.0,0.0,-114.0
1775973760.5126588,1.0,0.0,-116.0
1775973760.5226588,1.0,-1.0,-118.0
1775973760.5326588,-3.0,2.0,-114.0
1775973760.5426588,-6.0,4.0,-110.0
1775973760.5526588,-8.0,4.0,-114.0
1775973760.5626588,-4.0,2.0,-122.0
1775973760.5726588,-1.0,3.0,-117.0
1775973760.5826588,-2.0,4.0,-110.0
1775973760.5926588,1.0,2.0,-112.0
1775973760.602659,4.0,0.0,-116.0
1775973760.612659,5.0,-2.0,-113.0
1775973760.622659,7.0,1.0,-114.0
1775973760.632659,6.0,3.0,-108.0
1775973760.642659,5.0,2.0,-110.0
1775973760.652659,7.0,-3.0,-103.0
1775973760.662659,11.0,-6.0,-109.0
1775973760.672659,8.0,-3.0,-112.0
1775973760.682659,6.0,-5.0,-112.0
1775973760.692659,7.0,-5.0,-114.0
1775973760.702659,6.0,-3.0,-109.0
1775973760.712659,4.0,-3.0,-111.0
1775973760.7226589,0.0,-1.0,-112.0
1775973760.7326589,-6.0,0.0,-120.0
1775973760.7426589,-5.0,0.0,-117.0
1775973760.7526588,-5.0,0.0,-113.0
1775973760.7626588,-5.0,1.0,-109.0
1775973760.7726588,-8.0,3.0,-109.0
1775973760.7826588,-5.0,1.0,-106.0
1775973760.7926588,-1.0,0.0,-111.0
1775973760.8026588,1.0,-1.0,-110.0
1775973760.8126588,1.0,0.0,-114.0
1775973760.8226588,-2.0,0.0,-113.0
1775973760.8326588,-3.0,0.0,-112.0
1775973760.8426588,-4.0,0.0,-108.0
1775973760.852659,-2.0,-4.0,-99.0
1775973760.862659,-3.0,-6.0,-102.0
1775973760.872659,-5.0,-5.0,-105.0
1775973760.882659,-5.0,-4.0,-102.0
1775973760.892659,-3.0,-3.0,-98.0
1775973760.902659,-4.0,-3.0,-103.0
1775973760.912659,-5.0,0.0,-98.0
1775973760.922659,-4.0,-1.0,-102.0
1775973760.932659,-2.0,0.0,-105.0
1775973760.942659,-2.0,-3.0,-104.0
1775973760.952659,1.0,-2.0,-105.0
1775973760.962659,-1.0,-3.0,-112.0
1775973760.9726589,-3.0,0.0,-110.0
1775973760.9826589,-2.0,0.0,-108.0
1775973760.9926589,-5.0,2.0,-111.0
1775973761.0026588,-3.0,-2.0,-113.0
1775973761.0126588,-1.0,0.0,-115.0
1775973761.0226588,0.0,2.0,-120.0
1775973761.0326588,-5.0,2.0,-119.0
1775973761.0426588,-1.0,3.0,-115.0
1775973761.0526588,0.0,3.0,-107.0
1775973761.0626588,2.0,0.0,-110.0
1775973761.0726588,1.0,-5.0,-112.0
1775973761.0826588,-1.0,-4.0,-113.0
1775973761.0926588,-3.0,-4.0,-117.0
1775973761.102659,-5.0,-2.0,-116.0
1775973761.112659,-4.0,-5.0,-117.0
1775973761.122659,-8.0,-4.0,-123.0
1775973761.132659,-10.0,-2.0,-121.0
1775973761.142659,-10.0,-4.0,-117.0
1775973761.152659,-8.0,-8.0,-103.0
1775973761.162659,-8.0,-5.0,-103.0
1775973761.172659,-7.0,-2.0,-104.0
1775973761.182659,-8.0,0.0,-102.0
1775973761.192659,-11.0,2.0,-102.0
1775973761.202659,-10.0,3.0,-96.0
1775973761.212659,-9.0,2.0,-96.0
1775973761.2226589,-2.0,0.0,-91.0
1775973761.2326589,0.0,-2.0,-86.0
1775973761.2426589,-2.0,-5.0,-96.0
1775973761.2526588,-4.0,1.0,-97.0
1775973761.2626588,-3.0,0.0,-100.0
1775973761.2726588,0.0,-1.0,-99.0
1775973761.2826588,-2.0,0.0,-111.0
1775973761.2926588,-1.0,-1.0,-105.0
1775973761.3026588,-1.0,0.0,-104.0
1775973761.3126588,-1.0,6.0,-105.0
1775973761.3226588,2.0,2.0,-108.0
1775973761.3326588,1.0,-3.0,-111.0
1775973761.3426588,-2.0,-2.0,-113.0
1775973761.352659,-6.0,0.0,-107.0
1775973761.362659,-8.0,-3.0,-107.0
1775973761.372659,-6.0,0.0,-110.0
1775973761.382659,-7.0,1.0,-111.0
1775973761.392659,-9.0,0.0,-108.0
1775973761.402659,-6.0,1.0,-101.0
1775973761.412659,-3.0,1.0,-103.0
1775973761.422659,-4.0,-1.0,-104.0
1775973761.432659,-2.0,0.0,-101.0
1775973761.442659,0.0,-3.0,-111.0
1775973761.452659,-2.0,-3.0,-112.0
1775973761.462659,-3.0,1.0,-110.0
1775973761.4726589,0.0,5.0,-115.0
1775973761.4826589,-4.0,5.0,-115.0
1775973761.4926589,0.0,6.0,-114.0
1775973761.5026588,2.0,7.0,-108.0
1775973761.5126588,2.0,8.0,-108.0
1775973761.5226588,3.0,6.0,-98.0
1775973761.5326588,5.0,5.0,-95.0
1775973761.5426588,1.0,6.0,-96.0
1775973761.5526588,2.0,5.0,-103.0
1775973761.5626588,2.0,0.0,-104.0
1775973761.5726588,1.0,0.0,-106.0
1775973761.5826588,1.0,-1.0,-98.0
1775973761.5926588,-3.0,1.0,-93.0
1775973761.602659,0.0,2.0,-101.0
1775973761.612659,1.0,5.0,-110.0
1775973761.622659,2.0,4.0,-114.0
1775973761.632659,6.0,2.0,-113.0
1775973761.642659,4.0,4.0,-113.0
1775973761.652659,0.0,0.0,-110.0
1775973761.662659,2.0,1.0,-108.0
1775973761.672659,4.0,5.0,-102.0
1775973761.682659,0.0,6.0,-106.0
1775973761.692659,-2.0,5.0,-108.0
1775973761.702659,-1.0,4.0,-107.0
1775973761.712659,-4.0,4.0,-108.0
1775973761.7226589,-3.0,5.0,-106.0
1775973761.7326589,4.0,5.0,-112.0
1775973761.7426589,5.0,0.0,-113.0
1775973761.7526588,4.0,-2.0,-116.0
1775973761.7626588,1.0,-3.0,-111.0
1775973761.7726588,3.0,-1.0,-103.0
1775973761.7826588,2.0,0.0,-102.0
1775973761.7926588,1.0,0.0,-109.0
1775973761.8026588,3.0,-2.0,-113.0
1775973761.8126588,3.0,-1.0,-116.0
1775973761.8226588,1.0,1.0,-113.0
1775973761.8326588,-2.0,3.0,-116.0
1775973761.8426588,-1.0,8.0,-119.0
1775973761.852659,-5.0,7.0,-117.0
1775973761.862659,-7.0,5.0,-115.0
1775973761.872659,-8.0,1.0,-118.0
1775973761.882659,-4.0,-1.0,-105.0
1775973761.892659,-6.0,-2.0,-103.0
1775973761.902659,-2.0,-5.0,-106.0
1775973761.912659,-5.0,-4.0,-106.0
1775973761.922659,-8.0,0.0,-106.0
1775973761.932659,-10.0,-1.0,-109.0
1775973761.942659,-5.0,0.0,-117.0
1775973761.952659,-4.0,-3.0,-121.0
1775973761.962659,-6.0,-3.0,-121.0
1775973761.9726589,-6.0,-1.0,-117.0
1775973761.9826589,-8.0,-1.0,-119.0
1775973761.9926589,-8.0,-1.0,-123.0
1775973762.0026588,-7.0,0.0,-122.0
1775973762.0126588,-6.0,1.0,-114.0
1775973762.0226588,-1.0,-2.0,-108.0
1775973762.0326588,0.0,-2.0,-109.0
1775973762.0426588,-2.0,-1.0,-113.0
1775973762.0526588,1.0,-5.0,-116.0
1775973762.0626588,0.0,-6.0,-120.0
1775973762.0726588,-5.0,-6.0,-119.0
1775973762.0826588,-6.0,-1.0,-125.0
1775973762.0926588,-6.0,0.0,-124.0
1775973762.102659,-6.0,-4.0,-120.0
1775973762.112659,-3.0,-4.0,-118.0
1775973762.122659,-3.0,-1.0,-123.0
1775973762.132659,1.0,0.0,-129.0
1775973762.142659,0.0,-4.0,-124.0
1775973762.152659,-2.0,-5.0,-117.0
1775973762.162659,1.0,-3.0,-114.0
1775973762.172659,1.0,-2.0,-108.0
1775973762.182659,3.0,0.0,-105.0
1775973762.1936588,3.0,2.0,-109.0
1775973762.202659,3.0,3.0,-103.0
1775973762.2136588,4.0,2.0,-102.0
1775973762.2236588,7.0,3.0,-105.0
1775973762.2326589,4.0,1.0,-105.0
1775973762.2436588,8.0,3.0,-105.0
1775973762.2536588,3.0,6.0,-105.0
1775973762.2636588,3.0,1.0,-102.0
1775973762.273659,0.0,0.0,-104.0
1775973762.283659,-1.0,-1.0,-104.0
1775973762.293659,-1.0,-6.0,-108.0
1775973762.303659,2.0,-6.0,-107.0
1775973762.313659,0.0,2.0,-108.0
1775973762.323659,0.0,0.0,-111.0
1775973762.333659,-2.0,0.0,-113.0
1775973762.343659,-6.0,-1.0,-114.0
1775973762.353659,-6.0,-5.0,-116.0
1775973762.363659,-6.0,-4.0,-115.0
1775973762.373659,-3.0,-5.0,-110.0
1775973762.383659,-2.0,-6.0,-104.0
1775973762.3936589,-4.0,-8.0,-102.0
1775973762.4036589,-4.0,-7.0,-102.0
1775973762.4136589,-2.0,-2.0,-102.0
1775973762.4236588,4.0,-3.0,-100.0
1775973762.4336588,1.0,-9.0,-93.0
1775973762.4436588,0.0,-3.0,-100.0
1775973762.4536588,2.0,3.0,-105.0
1775973762.4636588,3.0,1.0,-110.0
1775973762.4736588,5.0,3.0,-112.0
1775973762.4836588,2.0,3.0,-107.0
1775973762.4936588,3.0,0.0,-105.0
1775973762.5036588,6.0,2.0,-104.0
1775973762.5136588,10.0,1.0,-100.0
1775973762.523659,8.0,0.0,-100.0
1775973762.533659,5.0,0.0,-103.0
1775973762.543659,1.0,1.0,-102.0
1775973762.553659,1.0,2.0,-103.0
1775973762.563659,2.0,3.0,-107.0
1775973762.573659,0.0,0.0,-106.0
1775973762.583659,-3.0,-2.0,-105.0
1775973762.593659,-5.0,-3.0,-102.0
1775973762.603659,-5.0,-1.0,-107.0
1775973762.613659,-5.0,0.0,-108.0
1775973762.623659,-4.0,-1.0,-111.0
1775973762.633659,0.0,0.0,-114.0
1775973762.6436589,-4.0,0.0,-107.0
1775973762.6536589,-1.0,1.0,-113.0
1775973762.6636589,1.0,1.0,-110.0
1775973762.6736588,6.0,1.0,-107.0
1775973762.6836588,5.0,1.0,-109.0
1775973762.6936588,-1.0,-2.0,-109.0
1775973762.7036588,-2.0,-5.0,-112.0
1775973762.7136588,-3.0,-6.0,-113.0
1775973762.7236588,0.0,-4.0,-109.0
1775973762.7336588,0.0,0.0,-110.0
1775973762.7436588,0.0,0.0,-109.0
1775973762.7536588,0.0,2.0,-107.0
1775973762.7636588,1.0,2.0,-104.0
1775973762.773659,-1.0,1.0,-107.0
1775973762.783659,-4.0,1.0,-111.0
1775973762.793659,0.0,2.0,-112.0
1775973762.803659,-2.0,2.0,-116.0
1775973762.813659,-5.0,1.0,-120.0
1775973762.823659,-3.0,-1.0,-110.0
1775973762.833659,-2.0,-3.0,-112.0
1775973762.843659,-2.0,-2.0,-113.0
1775973762.853659,1.0,-1.0,-109.0
1775973762.863659,2.0,-2.0,-104.0
1775973762.873659,5.0,-1.0,-101.0
1775973762.883659,4.0,1.0,-102.0
1775973762.8936589,3.0,-2.0,-104.0
1775973762.9036589,0.0,-2.0,-106.0
1775973762.9136589,-2.0,0.0,-103.0
1775973762.9236588,-3.0,-1.0,-113.0
1775973762.9336588,0.0,5.0,-112.0
1775973762.9436588,1.0,5.0,-105.0
1775973762.9536588,0.0,4.0,-110.0
1775973762.9636588,-2.0,0.0,-113.0
1775973762.9736588,2.0,0.0,-107.0
1775973762.9836588,3.0,-3.0,-105.0
1775973762.9936588,8.0,1.0,-110.0
1775973763.0036588,7.0,0.0,-107.0
1775973763.0136588,4.0,-4.0,-106.0
1775973763.023659,3.0,-8.0,-98.0
1775973763.033659,4.0,-8.0,-99.0
1775973763.043659,3.0,-7.0,-101.0
1775973763.053659,3.0,-6.0,-97.0
1775973763.063659,1.0,-2.0,-95.0
1775973763.073659,1.0,-3.0,-93.0
1775973763.083659,-5.0,-4.0,-94.0
1775973763.093659,-5.0,0.0,-104.0
1775973763.103659,5.0,1.0,-114.0
1775973763.113659,3.0,0.0,-114.0
1775973763.123659,3.0,0.0,-114.0
1775973763.133659,3.0,-2.0,-106.0
1775973763.1436589,2.0,-4.0,-113.0
1775973763.1536589,0.0,-4.0,-110.0
1775973763.1636589,-2.0,-4.0,-107.0
1775973763.1736588,0.0,-3.0,-110.0
1775973763.1836588,1.0,-3.0,-112.0
1775973763.1936588,5.0,0.0,-113.0
1775973763.2036588,4.0,0.0,-112.0
1775973763.2136588,4.0,0.0,-111.0
1775973763.2236588,4.0,0.0,-112.0
1775973763.2336588,4.0,1.0,-103.0
1775973763.2436588,4.0,2.0,-102.0
1775973763.2536588,2.0,1.0,-101.0
1775973763.2636588,-4.0,-3.0,-112.0
1775973763.273659,-3.0,-2.0,-115.0
1775973763.283659,-3.0,0.0,-117.0
1775973763.293659,-2.0,-2.0,-118.0
1775973763.303659,-1.0,0.0,-118.0
1775973763.313659,-1.0,-5.0,-117.0
1775973763.323659,0.0,-6.0,-121.0
1775973763.333659,1.0,-4.0,-118.0
1775973763.343659,4.0,0.0,-114.0
1775973763.353659,2.0,0.0,-116.0
1775973763.363659,0.0,-1.0,-118.0
1775973763.373659,0.0,0.0,-117.0
1775973763.383659,0.0,3.0,-108.0
1775973763.3936589,3.0,1.0,-110.0
1775973763.4036589,7.0,1.0,-108.0
1775973763.4136589,5.0,0.0,-108.0
1775973763.4236588,3.0,0.0,-109.0
1775973763.4336588,2.0,1.0,-113.0
1775973763.4436588,5.0,2.0,-112.0
1775973763.4536588,0.0,2.0,-111.0
1775973763.4636588,0.0,4.0,-115.0
1775973763.4736588,2.0,4.0,-111.0
1775973763.4836588,-3.0,0.0,-105.0
1775973763.4936588,-1.0,3.0,-98.0
1775973763.5036588,0.0,-3.0,-107.0
1775973763.5136588,5.0,-2.0,-113.0
1775973763.523659,6.0,0.0,-107.0
1775973763.533659,5.0,0.0,-103.0
1775973763.543659,5.0,0.0,-104.0
1775973763.553659,9.0,-1.0,-103.0
1775973763.563659,6.0,-3.0,-105.0
1775973763.573659,0.0,-2.0,-113.0
1775973763.583659,2.0,-2.0,-110.0
1775973763.593659,-1.0,-6.0,-110.0
1775973763.603659,-2.0,-3.0,-109.0
1775973763.613659,-4.0,0.0,-109.0
1775973763.623659,0.0,5.0,-107.0
1775973763.633659,0.0,6.0,-105.0
1775973763.6436589,0.0,6.0,-100.0
1775973763.6536589,2.0,2.0,-96.0
1775973763.6636589,1.0,1.0,-99.0
1775973763.6736588,1.0,9.0,-107.0
1775973763.6836588,2.0,5.0,-108.0
1775973763.6936588,6.0,2.0,-108.0
1775973763.7036588,4.0,0.0,-107.0
1775973763.7136588,4.0,-1.0,-114.0
1775973763.7236588,2.0,0.0,-116.0
1775973763.7336588,0.0,1.0,-113.0
1775973763.7436588,1.0,0.0,-106.0
1775973763.7536588,5.0,2.0,-106.0
1775973763.7636588,6.0,2.0,-104.0
1775973763.773659,5.0,3.0,-108.0
1775973763.783659,6.0,9.0,-108.0
1775973763.793659,6.0,9.0,-108.0
1775973763.803659,-1.0,2.0,-103.0
1775973763.813659,-2.0,1.0,-108.0
1775973763.823659,-1.0,-2.0,-107.0
1775973763.833659,-1.0,3.0,-110.0
1775973763.843659,-1.0,4.0,-108.0
1775973763.853659,-3.0,9.0,-111.0
1775973763.863659,0.0,8.0,-113.0
1775973763.873659,0.0,4.0,-104.0
1775973763.883659,0.0,4.0,-99.0
1775973763.8936589,0.0,5.0,-96.0
1775973763.9036589,-1.0,3.0,-97.0
1775973763.9136589,-1.0,5.0,-97.0
1775973763.9236588,0.0,5.0,-100.0
1775973763.9336588,1.0,5.0,-101.0
1775973763.9436588,2.0,4.0,-105.0
1775973763.9536588,-2.0,4.0,-104.0
1775973763.9636588,-4.0,3.0,-104.0
1775973763.9736588,-5.0,-1.0,-103.0
1775973763.9836588,-6.0,0.0,-106.0
1775973763.9936588,-3.0,4.0,-100.0
1775973764.0036588,-5.0,1.0,-96.0
1775973764.0136588,-9.0,0.0,-101.0
1775973764.023659,-9.0,1.0,-107.0
1775973764.033659,-5.0,1.0,-101.0
1775973764.043659,-5.0,7.0,-105.0
1775973764.053659,-8.0,12.0,-109.0
1775973764.063659,-5.0,6.0,-106.0
1775973764.073659,-2.0,-1.0,-102.0
1775973764.083659,0.0,-2.0,-106.0
1775973764.093659,-2.0,-6.0,-104.0
1775973764.103659,-4.0,-5.0,-103.0
1775973764.113659,-6.0,-5.0,-99.0
1775973764.123659,-2.0,-2.0,-98.0
1775973764.133659,-2.0,0.0,-102.0
1775973764.1436589,-3.0,1.0,-102.0
1775973764.1536589,0.0,0.0,-101.0
1775973764.1636589,-1.0,-2.0,-100.0
1775973764.1736588,2.0,-4.0,-105.0
1775973764.1836588,0.0,-4.0,-102.0
1775973764.1936588,1.0,-5.0,-105.0
1775973764.2036588,1.0,-3.0,-101.0
1775973764.2136588,3.0,-9.0,-102.0
1775973764.2236588,5.0,-6.0,-114.0
1775973764.2336588,4.0,-4.0,-117.0
1775973764.2436588,-1.0,-2.0,-111.0
1775973764.254659,-1.0,0.0,-108.0
1775973764.2636588,-3.0,3.0,-107.0
1775973764.274659,-4.0,3.0,-113.0
1775973764.284659,0.0,3.0,-112.0
1775973764.294659,0.0,4.0,-114.0
1775973764.304659,3.0,1.0,-106.0
1775973764.3146589,1.0,0.0,-112.0
1775973764.3246589,-4.0,-1.0,-109.0
1775973764.3346589,-6.0,1.0,-107.0
1775973764.3446589,-6.0,-1.0,-104.0
1775973764.3546588,-10.0,-2.0,-106.0
1775973764.3646588,-7.0,0.0,-103.0
1775973764.3746588,-5.0,0.0,-100.0
1775973764.3846588,-6.0,0.0,-105.0
1775973764.3946588,-4.0,2.0,-107.0
1775973764.4046588,0.0,3.0,-106.0
1775973764.4146588,0.0,3.0,-108.0
1775973764.4246588,2.0,0.0,-106.0
1775973764.4346588,3.0,-3.0,-107.0
1775973764.444659,3.0,-1.0,-103.0
1775973764.454659,2.0,-2.0,-102.0
1775973764.464659,0.0,-5.0,-104.0
1775973764.474659,-2.0,-5.0,-109.0
1775973764.484659,2.0,-4.0,-106.0
1775973764.494659,4.0,-3.0,-103.0
1775973764.504659,6.0,-2.0,-105.0
1775973764.514659,2.0,-4.0,-100.0
1775973764.524659,1.0,-2.0,-101.0
1775973764.534659,1.0,-5.0,-102.0
1775973764.544659,7.0,-5.0,-107.0
1775973764.554659,4.0,-7.0,-110.0
1775973764.5646589,4.0,-2.0,-106.0
1775973764.5746589,0.0,-5.0,-98.0
1775973764.5846589,0.0,-6.0,-98.0
1775973764.5946589,2.0,-3.0,-103.0
1775973764.6046588,0.0,-3.0,-107.0
1775973764.6146588,-1.0,-5.0,-101.0
1775973764.6246588,0.0,-5.0,-106.0
1775973764.6346588,-2.0,-10.0,-105.0
1775973764.6446588,-4.0,-8.0,-94.0
1775973764.6546588,-7.0,-7.0,-100.0
1775973764.6646588,-9.0,-8.0,-98.0
1775973764.6746588,-5.0,-9.0,-102.0
1775973764.6846588,-4.0,-9.0,-103.0
1775973764.694659,-2.0,-6.0,-98.0
1775973764.704659,-2.0,0.0,-98.0
1775973764.714659,-6.0,-2.0,-99.0
1775973764.724659,-5.0,-5.0,-104.0
1775973764.734659,-2.0,-6.0,-106.0
1775973764.744659,-1.0,-7.0,-104.0
1775973764.754659,-3.0,-2.0,-104.0
1775973764.764659,-2.0,-6.0,-106.0
1775973764.774659,1.0,-3.0,-104.0
1775973764.784659,7.0,-3.0,-103.0
1775973764.794659,7.0,-1.0,-98.0
1775973764.804659,3.0,2.0,-104.0
1775973764.8146589,2.0,4.0,-103.0
1775973764.8246589,3.0,3.0,-101.0
1775973764.8346589,2.0,0.0,-107.0
1775973764.8446589,2.0,0.0,-107.0
1775973764.8546588,1.0,2.0,-106.0
1775973764.8646588,3.0,6.0,-111.0
1775973764.8746588,5.0,6.0,-104.0
1775973764.8846588,5.0,11.0,-105.0
1775973764.8946588,2.0,7.0,-102.0
1775973764.9046588,5.0,4.0,-100.0
1775973764.9146588,4.0,4.0,-100.0
1775973764.9246588,5.0,3.0,-103.0
1775973764.9346588,5.0,2.0,-108.0
1775973764.944659,1.0,0.0,-115.0
1775973764.954659,-1.0,0.0,-117.0
1775973764.964659,3.0,-1.0,-114.0
1775973764.974659,7.0,-1.0,-106.0
1775973764.984659,3.0,1.0,-111.0
1775973764.994659,2.0,1.0,-110.0
1775973765.004659,1.0,1.0,-107.0
1775973765.014659,0.0,0.0,-113.0
1775973765.024659,0.0,4.0,-111.0
1775973765.034659,-1.0,1.0,-107.0
1775973765.044659,1.0,-5.0,-112.0
1775973765.054659,1.0,-3.0,-114.0
1775973765.0646589,-1.0,-2.0,-117.0
1775973765.0746589,0.0,-3.0,-118.0
1775973765.0846589,5.0,-2.0,-118.0
1775973765.0946589,6.0,0.0,-117.0
1775973765.1046588,7.0,0.0,-113.0
1775973765.1146588,12.0,-2.0,-102.0
1775973765.1246588,6.0,0.0,-105.0
1775973765.1346588,5.0,3.0,-106.0
1775973765.1446588,2.0,2.0,-106.0
1775973765.1546588,1.0,2.0,-107.0
1775973765.1646588,0.0,0.0,-106.0
1775973765.1746588,0.0,0.0,-107.0
1775973765.1846588,-2.0,1.0,-108.0
1775973765.194659,-1.0,2.0,-108.0
1775973765.204659,0.0,6.0,-112.0
1775973765.214659,-1.0,8.0,-114.0
1775973765.224659,-2.0,4.0,-115.0
1775973765.234659,-3.0,0.0,-113.0
1775973765.244659,-4.0,2.0,-112.0
1775973765.254659,-4.0,1.0,-107.0
1775973765.264659,-3.0,0.0,-105.0
1775973765.274659,-6.0,-2.0,-108.0
1775973765.284659,-2.0,-5.0,-115.0
1775973765.294659,0.0,-6.0,-112.0
1775973765.304659,0.0,-8.0,-112.0
1775973765.3146589,1.0,-5.0,-113.0
1775973765.3246589,0.0,0.0,-108.0
1775973765.3346589,0.0,6.0,-109.0
1775973765.3446589,-5.0,6.0,-116.0
1775973765.3546588,-6.0,2.0,-113.0
1775973765.3646588,-7.0,-1.0,-110.0
1775973765.3746588,-7.0,-1.0,-111.0
1775973765.3846588,-5.0,0.0,-109.0
1775973765.3946588,-5.0,-3.0,-104.0
1775973765.4046588,-2.0,0.0,-107.0
1775973765.4146588,-2.0,-3.0,-103.0
1775973765.4246588,-5.0,-4.0,-98.0
1775973765.4346588,-1.0,1.0,-96.0
1775973765.444659,-8.0,0.0,-96.0
1775973765.454659,-1.0,0.0,-101.0
1775973765.464659,1.0,0.0,-101.0
1775973765.474659,1.0,-1.0,-97.0
1775973765.484659,-6.0,0.0,-96.0
1775973765.494659,-3.0,-3.0,-95.0
1775973765.5056589,-4.0,-5.0,-106.0
1775973765.514659,1.0,-5.0,-112.0
1775973765.524659,1.0,-5.0,-112.0
1775973765.534659,-2.0,-3.0,-107.0
1775973765.544659,-2.0,-1.0,-108.0
1775973765.554659,-2.0,-5.0,-110.0
1775973765.5646589,-6.0,-6.0,-112.0
1775973765.5746589,-5.0,-6.0,-122.0
1775973765.5846589,-8.0,-4.0,-116.0
1775973765.5946589,-6.0,-5.0,-119.0
1775973765.6046588,-8.0,-6.0,-118.0
1775973765.6146588,-6.0,-6.0,-120.0
1775973765.6246588,-4.0,0.0,-117.0
1775973765.6346588,-1.0,0.0,-113.0
1775973765.6446588,0.0,-1.0,-112.0
1775973765.6546588,2.0,-1.0,-118.0
1775973765.6646588,1.0,0.0,-127.0
1775973765.6746588,-2.0,3.0,-123.0
1775973765.6846588,-4.0,2.0,-111.0
1775973765.694659,-1.0,4.0,-116.0
1775973765.704659,-3.0,2.0,-118.0
1775973765.714659,-8.0,6.0,-118.0
1775973765.724659,-5.0,8.0,-104.0
1775973765.734659,1.0,2.0,-109.0
1775973765.744659,4.0,1.0,-110.0
1775973765.754659,3.0,0.0,-99.0
1775973765.764659,-3.0,-4.0,-101.0
1775973765.774659,-5.0,1.0,-98.0
1775973765.784659,-4.0,2.0,-103.0
1775973765.794659,-9.0,-1.0,-104.0
1775973765.804659,-10.0,-1.0,-107.0
1775973765.8146589,-7.0,0.0,-110.0
1775973765.8246589,-5.0,1.0,-109.0
1775973765.8346589,-5.0,0.0,-111.0
1775973765.8446589,-2.0,-1.0,-113.0
1775973765.8546588,-1.0,0.0,-114.0
1775973765.8646588,0.0,1.0,-116.0
1775973765.8746588,0.0,-1.0,-111.0
1775973765.8846588,-2.0,0.0,-111.0
1775973765.8946588,-3.0,-1.0,-106.0
1775973765.9046588,0.0,1.0,-108.0
1775973765.9146588,0.0,-3.0,-111.0
1775973765.9246588,0.0,0.0,-112.0
1775973765.9346588,0.0,1.0,-109.0
1775973765.944659,2.0,2.0,-111.0
1775973765.954659,0.0,3.0,-115.0
1775973765.964659,-3.0,4.0,-111.0
1775973765.974659,-10.0,2.0,-116.0
1775973765.984659,-5.0,4.0,-118.0
1775973765.994659,-1.0,2.0,-118.0
1775973766.004659,-2.0,-2.0,-115.0
1775973766.014659,-3.0,-6.0,-108.0
1775973766.024659,-5.0,-9.0,-99.0
1775973766.034659,-6.0,-6.0,-93.0
1775973766.044659,-4.0,-1.0,-98.0
1775973766.054659,-4.0,0.0,-98.0
1775973766.0646589,-6.0,0.0,-95.0
1775973766.0746589,-8.0,1.0,-92.0
1775973766.0846589,-6.0,4.0,-90.0
1775973766.0946589,0.0,5.0,-89.0
1775973766.1046588,-1.0,5.0,-93.0
1775973766.1146588,-1.0,3.0,-91.0
1775973766.1246588,-4.0,4.0,-95.0
1775973766.1346588,-3.0,4.0,-100.0
1775973766.1446588,1.0,2.0,-106.0
1775973766.1546588,1.0,2.0,-106.0
1775973766.1646588,8.0,2.0,-105.0
1775973766.1746588,6.0,3.0,-110.0
1775973766.1846588,6.0,2.0,-111.0
1775973766.194659,3.0,0.0,-105.0
1775973766.204659,0.0,1.0,-108.0
1775973766.214659,1.0,3.0,-111.0
1775973766.224659,2.0,1.0,-116.0
1775973766.234659,2.0,0.0,-112.0
1775973766.244659,-3.0,4.0,-110.0
1775973766.254659,0.0,0.0,-106.0
1775973766.264659,4.0,-3.0,-104.0
1775973766.274659,6.0,-3.0,-102.0
1775973766.2856588,5.0,-8.0,-100.0
1775973766.294659,3.0,-7.0,-101.0
1775973766.304659,2.0,-9.0,-97.0
1775973766.3156588,2.0,-3.0,-102.0
1775973766.3256588,1.0,-3.0,-106.0
1775973766.3356588,7.0,-3.0,-104.0
1775973766.3456588,9.0,-2.0,-103.0
1775973766.3556588,5.0,-2.0,-98.0
1775973766.3656588,5.0,-1.0,-104.0
1775973766.375659,8.0,-6.0,-111.0
1775973766.385659,9.0,-8.0,-113.0
1775973766.395659,3.0,-7.0,-111.0
1775973766.405659,2.0,-8.0,-119.0
1775973766.415659,0.0,-7.0,-119.0
1775973766.425659,-3.0,-7.0,-118.0
1775973766.435659,-5.0,-8.0,-116.0
1775973766.445659,-8.0,-9.0,-110.0
1775973766.455659,-10.0,-9.0,-109.0
1775973766.465659,-8.0,-7.0,-103.0
1775973766.475659,-5.0,-5.0,-103.0
1775973766.485659,-1.0,-8.0,-98.0
1775973766.4956589,-5.0,-5.0,-106.0
1775973766.5056589,-5.0,-8.0,-105.0
1775973766.5156589,-5.0,-6.0,-103.0
1775973766.5256588,-7.0,-1.0,-104.0
1775973766.5356588,-6.0,-1.0,-103.0
1775973766.5456588,-3.0,-1.0,-104.0
1775973766.5556588,-2.0,-3.0,-101.0
1775973766.5656588,2.0,0.0,-98.0
1775973766.5756588,3.0,-1.0,-103.0
1775973766.5856588,1.0,-1.0,-106.0
1775973766.5956588,2.0,-7.0,-109.0
1775973766.6056588,5.0,-11.0,-114.0
1775973766.6156588,7.0,-7.0,-112.0
1775973766.625659,5.0,-8.0,-107.0
1775973766.635659,7.0,-5.0,-109.0
1775973766.645659,3.0,-1.0,-105.0
1775973766.655659,2.0,0.0,-106.0
1775973766.665659,0.0,-4.0,-107.0
1775973766.675659,-6.0,-7.0,-114.0
1775973766.685659,-7.0,-5.0,-105.0
1775973766.695659,-6.0,-2.0,-105.0
1775973766.705659,-2.0,0.0,-104.0
1775973766.715659,0.0,-2.0,-104.0
1775973766.725659,0.0,-5.0,-104.0
1775973766.735659,0.0,-2.0,-114.0
1775973766.7456589,6.0,-6.0,-107.0
1775973766.7556589,7.0,-9.0,-109.0
1775973766.7656589,6.0,-8.0,-105.0
1775973766.7756588,0.0,-9.0,-100.0
1775973766.7856588,0.0,-11.0,-99.0
1775973766.7956588,-1.0,-6.0,-96.0
1775973766.8056588,-1.0,-4.0,-105.0
1775973766.8156588,-1.0,-3.0,-111.0
1775973766.8256588,-6.0,1.0,-107.0
1775973766.8356588,-9.0,3.0,-107.0
1775973766.8456588,-5.0,1.0,-108.0
1775973766.8556588,-1.0,2.0,-106.0
1775973766.8656588,-3.0,2.0,-106.0
1775973766.875659,-2.0,2.0,-105.0
1775973766.885659,0.0,2.0,-110.0
1775973766.895659,2.0,-3.0,-114.0
1775973766.905659,1.0,-5.0,-116.0
1775973766.915659,0.0,-3.0,-112.0
1775973766.925659,0.0,-5.0,-116.0
1775973766.935659,2.0,-5.0,-117.0
1775973766.945659,5.0,-5.0,-112.0
1775973766.955659,3.0,-5.0,-113.0
1775973766.965659,4.0,-7.0,-115.0
1775973766.975659,1.0,-8.0,-110.0
1775973766.985659,-3.0,-6.0,-107.0
1775973766.9956589,-2.0,-4.0,-103.0
1775973767.0056589,1.0,1.0,-104.0
1775973767.0156589,0.0,3.0,-109.0
1775973767.0256588,-1.0,1.0,-115.0
1775973767.0356588,-9.0,1.0,-112.0
1775973767.0456588,-11.0,3.0,-111.0
1775973767.0556588,-8.0,2.0,-104.0
1775973767.0656588,-2.0,1.0,-102.0
1775973767.0756588,2.0,2.0,-98.0
1775973767.0856588,5.0,4.0,-94.0
1775973767.0956588,0.0,0.0,-101.0
1775973767.1056588,-2.0,0.0,-106.0
1775973767.1156588,-6.0,-1.0,-102.0
1775973767.125659,-7.0,-2.0,-97.0
1775973767.135659,-1.0,-2.0,-98.0
1775973767.145659,0.0,-2.0,-98.0
1775973767.155659,-2.0,0.0,-97.0
1775973767.165659,0.0,0.0,-99.0
1775973767.175659,0.0,0.0,-98.0
1775973767.185659,0.0,0.0,-97.0
1775973767.195659,-1.0,3.0,-101.0
1775973767.205659,1.0,2.0,-112.0
1775973767.215659,0.0,3.0,-103.0
1775973767.225659,-2.0,1.0,-100.0
1775973767.235659,0.0,2.0,-99.0
1775973767.2456589,3.0,1.0,-102.0
1775973767.2556589,0.0,-2.0,-97.0
1775973767.2656589,-1.0,-1.0,-94.0
1775973767.2756588,2.0,0.0,-97.0
1775973767.2856588,3.0,2.0,-103.0
1775973767.2956588,0.0,3.0,-103.0
1775973767.3056588,1.0,8.0,-103.0
1775973767.3156588,-1.0,10.0,-110.0
1775973767.3256588,-2.0,12.0,-105.0
1775973767.3356588,-3.0,8.0,-102.0
1775973767.3456588,-4.0,9.0,-105.0
1775973767.3556588,-6.0,8.0,-112.0
1775973767.3656588,-2.0,5.0,-112.0
1775973767.375659,-4.0,1.0,-106.0
1775973767.385659,-5.0,0.0,-102.0
1775973767.395659,-1.0,-2.0,-102.0
1775973767.405659,-2.0,-1.0,-102.0
1775973767.415659,-1.0,0.0,-106.0
1775973767.425659,-3.0,2.0,-108.0
1775973767.435659,-4.0,0.0,-105.0
1775973767.445659,-4.0,1.0,-111.0
1775973767.455659,0.0,4.0,-110.0
1775973767.465659,2.0,0.0,-111.0
1775973767.475659,0.0,-6.0,-107.0
1775973767.485659,0.0,-10.0,-105.0
1775973767.4956589,1.0,-9.0,-103.0
1775973767.5056589,0.0,-8.0,-98.0
1775973767.5156589,0.0,-4.0,-99.0
1775973767.5256588,-2.0,-1.0,-103.0
1775973767.5356588,-4.0,-2.0,-104.0
1775973767.5456588,-2.0,-2.0,-95.0
1775973767.5556588,-4.0,-4.0,-94.0
1775973767.5656588,0.0,-3.0,-97.0
1775973767.5756588,0.0,-3.0,-94.0
1775973767.5856588,0.0,-5.0,-101.0
1775973767.5956588,2.0,-4.0,-107.0
1775973767.6056588,2.0,-4.0,-106.0
1775973767.6156588,0.0,-3.0,-107.0
1775973767.625659,2.0,-2.0,-112.0
1775973767.635659,1.0,-6.0,-115.0
1775973767.645659,-5.0,-5.0,-111.0
1775973767.655659,-8.0,-4.0,-112.0
1775973767.665659,-9.0,-6.0,-104.0
1775973767.675659,-3.0,-6.0,-105.0
1775973767.685659,0.0,-6.0,-112.0
1775973767.695659,3.0,-6.0,-113.0
1775973767.705659,1.0,-2.0,-110.0
1775973767.715659,-2.0,0.0,-114.0
1775973767.725659,0.0,0.0,-105.0
1775973767.735659,2.0,1.0,-103.0
1775973767.7456589,-3.0,1.0,-107.0
1775973767.7556589,0.0,3.0,-113.0
1775973767.7656589,2.0,3.0,-113.0
1775973767.7756588,2.0,5.0,-117.0
1775973767.7856588,4.0,4.0,-112.0
1775973767.7956588,0.0,6.0,-105.0
1775973767.8056588,0.0,9.0,-99.0
1775973767.8156588,2.0,6.0,-96.0
1775973767.8256588,0.0,5.0,-100.0
1775973767.8356588,2.0,2.0,-96.0
1775973767.8456588,3.0,5.0,-95.0
1775973767.8556588,1.0,2.0,-90.0
1775973767.8656588,2.0,0.0,-97.0
1775973767.875659,5.0,-1.0,-104.0
1775973767.885659,3.0,-3.0,-111.0
1775973767.895659,-2.0,0.0,-113.0
1775973767.905659,-3.0,0.0,-105.0
1775973767.915659,-1.0,3.0,-102.0
1775973767.925659,-6.0,5.0,-109.0
1775973767.935659,-5.0,3.0,-116.0
1775973767.945659,-10.0,-2.0,-120.0
1775973767.955659,-10.0,0.0,-116.0
1775973767.965659,-6.0,-1.0,-111.0
1775973767.975659,-7.0,0.0,-113.0
1775973767.985659,-5.0,0.0,-102.0
1775973767.9956589,-6.0,1.0,-103.0
1775973768.0056589,-6.0,0.0,-100.0
1775973768.0156589,-4.0,3.0,-96.0
1775973768.0256588,-2.0,0.0,-96.0
1775973768.0356588,0.0,0.0,-96.0
1775973768.0456588,-2.0,-1.0,-96.0
1775973768.0556588,-1.0,-1.0,-103.0
1775973768.0656588,-3.0,0.0,-107.0
1775973768.0756588,-3.0,-3.0,-102.0
1775973768.0856588,-3.0,-2.0,-95.0
1775973768.0956588,-4.0,-4.0,-93.0
1775973768.1056588,-4.0,-6.0,-94.0
1775973768.1156588,-3.0,-7.0,-96.0
1775973768.125659,0.0,-4.0,-97.0
1775973768.135659,3.0,-4.0,-99.0
1775973768.145659,4.0,-5.0,-103.0
1775973768.155659,5.0,-4.0,-110.0
1775973768.165659,7.0,0.0,-111.0
1775973768.175659,7.0,1.0,-104.0
1775973768.185659,8.0,0.0,-100.0
1775973768.195659,7.0,-2.0,-100.0
1775973768.205659,1.0,2.0,-101.0
1775973768.215659,-3.0,1.0,-105.0
1775973768.225659,-5.0,2.0,-102.0
1775973768.235659,-6.0,3.0,-110.0
1775973768.2456589,-5.0,4.0,-105.0
1775973768.2556589,-7.0,9.0,-106.0
1775973768.2656589,-7.0,9.0,-111.0
1775973768.2756588,-9.0,8.0,-105.0
1775973768.2856588,-8.0,8.0,-102.0
1775973768.2956588,-3.0,12.0,-96.0
1775973768.3056588,-6.0,9.0,-96.0
1775973768.3156588,-5.0,6.0,-102.0
1775973768.3256588,-5.0,3.0,-109.0
1775973768.336659,0.0,0.0,-110.0
1775973768.346659,1.0,1.0,-116.0
1775973768.3556588,5.0,1.0,-115.0
1775973768.366659,6.0,0.0,-113.0
1775973768.376659,3.0,1.0,-110.0
1775973768.386659,0.0,4.0,-112.0
1775973768.396659,-2.0,0.0,-116.0
1775973768.406659,1.0,-3.0,-121.0
1775973768.4166589,6.0,-1.0,-116.0
1775973768.4266589,5.0,0.0,-121.0
1775973768.4366589,6.0,0.0,-122.0
1775973768.4466588,0.0,2.0,-118.0
1775973768.4566588,-1.0,-2.0,-119.0
1775973768.4666588,-3.0,1.0,-116.0
1775973768.4766588,-1.0,1.0,-108.0
1775973768.4866588,-4.0,0.0,-99.0
1775973768.4966588,-6.0,0.0,-100.0
1775973768.5066588,-7.0,0.0,-96.0
1775973768.5166588,-8.0,-5.0,-103.0
1775973768.5266588,-8.0,-6.0,-101.0
1775973768.5366588,-10.0,-5.0,-102.0
1775973768.546659,-8.0,-5.0,-106.0
1775973768.556659,-8.0,-1.0,-105.0
1775973768.566659,-4.0,-2.0,-109.0
1775973768.576659,0.0,-6.0,-110.0
1775973768.586659,0.0,-2.0,-109.0
1775973768.596659,-1.0,-3.0,-111.0
1775973768.606659,-6.0,-3.0,-102.0
1775973768.616659,-9.0,-1.0,-102.0
1775973768.626659,-8.0,1.0,-105.0
1775973768.636659,-5.0,0.0,-104.0
1775973768.646659,-2.0,0.0,-107.0
1775973768.656659,-2.0,0.0,-106.0
1775973768.6666589,-2.0,2.0,-108.0
1775973768.6766589,-1.0,8.0,-109.0
1775973768.6866589,-2.0,7.0,-112.0
1775973768.6966588,2.0,3.0,-109.0
1775973768.7066588,0.0,2.0,-106.0
1775973768.7166588,0.0,1.0,-104.0
1775973768.7266588,-1.0,0.0,-105.0
1775973768.7366588,-1.0,0.0,-106.0
1775973768.7466588,1.0,-1.0,-97.0
1775973768.7566588,0.0,-4.0,-96.0
1775973768.7666588,-2.0,-11.0,-102.0
1775973768.7766588,-2.0,-10.0,-104.0
1775973768.7866588,-2.0,-10.0,-101.0
1775973768.796659,0.0,-7.0,-95.0
1775973768.806659,2.0,-5.0,-96.0
1775973768.816659,0.0,-3.0,-109.0
1775973768.826659,0.0,-3.0,-103.0
1775973768.836659,-2.0,-4.0,-104.0
1775973768.846659,-2.0,1.0,-101.0
1775973768.856659,1.0,5.0,-101.0
1775973768.866659,0.0,6.0,-105.0
1775973768.876659,2.0,5.0,-112.0
1775973768.886659,3.0,2.0,-116.0
1775973768.896659,2.0,-2.0,-115.0
1775973768.906659,0.0,0.0,-106.0
1775973768.9166589,-1.0,0.0,-103.0
1775973768.9266589,0.0,-2.0,-107.0
1775973768.9366589,1.0,-9.0,-106.0
1775973768.9466588,1.0,-8.0,-105.0
1775973768.9566588,0.0,-7.0,-105.0
1775973768.9666588,3.0,0.0,-107.0
1775973768.977659,2.0,0.0,-116.0
1775973768.9866588,3.0,3.0,-110.0
1775973768.9966588,2.0,3.0,-107.0
1775973769.0066588,4.0,3.0,-110.0
1775973769.0166588,3.0,7.0,-108.0
1775973769.0266588,1.0,6.0,-109.0
1775973769.0366588,2.0,3.0,-111.0
1775973769.046659,3.0,1.0,-112.0
1775973769.056659,1.0,2.0,-108.0
1775973769.066659,4.0,1.0,-99.0
1775973769.076659,10.0,3.0,-99.0
1775973769.086659,6.0,4.0,-108.0
1775973769.096659,0.0,4.0,-112.0
1775973769.106659,-2.0,4.0,-114.0
1775973769.116659,-2.0,2.0,-110.0
1775973769.126659,0.0,-1.0,-108.0
1775973769.136659,0.0,0.0,-112.0
1775973769.146659,1.0,0.0,-112.0
1775973769.156659,0.0,0.0,-114.0
1775973769.1666589,0.0,-1.0,-107.0
1775973769.1766589,-4.0,-4.0,-110.0
1775973769.1866589,0.0,-5.0,-111.0
1775973769.1966588,0.0,-5.0,-109.0
1775973769.2066588,-4.0,-7.0,-101.0
1775973769.2166588,-1.0,-9.0,-99.0
1775973769.2266588,-3.0,-12.0,-98.0
1775973769.2366588,0.0,-10.0,-102.0
1775973769.2466588,-4.0,-9.0,-105.0
1775973769.2566588,-6.0,-7.0,-99.0
1775973769.2666588,-7.0,-3.0,-95.0
1775973769.2766588,-7.0,0.0,-102.0
1775973769.2866588,-4.0,-1.0,-107.0
1775973769.296659,-6.0,-3.0,-108.0
1775973769.306659,-6.0,-4.0,-104.0
1775973769.316659,-6.0,-3.0,-105.0
1775973769.326659,-5.0,-2.0,-110.0
1775973769.336659,-2.0,1.0,-108.0
1775973769.346659,-2.0,0.0,-101.0
1775973769.356659,-5.0,-1.0,-104.0
1775973769.366659,-4.0,0.0,-103.0
1775973769.376659,-2.0,0.0,-108.0
1775973769.386659,-2.0,1.0,-113.0
1775973769.396659,0.0,1.0,-112.0
1775973769.406659,0.0,0.0,-112.0
1775973769.4166589,0.0,0.0,-113.0
1775973769.4266589,3.0,3.0,-110.0
1775973769.4366589,5.0,0.0,-103.0
1775973769.4466588,5.0,-2.0,-101.0
1775973769.4566588,7.0,3.0,-107.0
1775973769.4666588,9.0,3.0,-102.0
1775973769.4766588,7.0,1.0,-95.0
1775973769.4866588,7.0,0.0,-93.0
1775973769.4966588,6.0,-1.0,-94.0
1775973769.5066588,4.0,-6.0,-96.0
1775973769.5166588,3.0,-4.0,-95.0
1775973769.5266588,1.0,-1.0,-93.0
1775973769.5366588,1.0,-1.0,-97.0
1775973769.546659,6.0,-3.0,-102.0
1775973769.556659,5.0,-4.0,-106.0
1775973769.566659,4.0,-2.0,-111.0
1775973769.576659,1.0,0.0,-113.0
1775973769.586659,2.0,2.0,-108.0
1775973769.596659,4.0,1.0,-104.0
1775973769.606659,6.0,-4.0,-104.0
1775973769.616659,3.0,-6.0,-105.0
1775973769.626659,0.0,-6.0,-101.0
1775973769.636659,0.0,-5.0,-108.0
1775973769.646659,0.0,-5.0,-110.0
1775973769.656659,0.0,-2.0,-106.0
1775973769.6666589,0.0,-3.0,-109.0
1775973769.6766589,2.0,-4.0,-107.0
1775973769.6866589,1.0,-3.0,-110.0
1775973769.6966588,1.0,-1.0,-109.0
1775973769.7066588,0.0,-1.0,-110.0
1775973769.7166588,2.0,-2.0,-106.0
1775973769.7266588,0.0,-4.0,-109.0
1775973769.7366588,3.0,-6.0,-106.0
1775973769.7466588,3.0,-3.0,-105.0
1775973769.7566588,2.0,-5.0,-108.0
1775973769.7666588,1.0,-2.0,-116.0
1775973769.7766588,5.0,-4.0,-118.0
1775973769.7866588,7.0,0.0,-118.0
1775973769.796659,2.0,1.0,-120.0
1775973769.806659,2.0,2.0,-116.0
1775973769.816659,4.0,0.0,-116.0
1775973769.826659,8.0,2.0,-111.0
1775973769.836659,9.0,2.0,-116.0
1775973769.846659,5.0,2.0,-115.0
1775973769.856659,2.0,2.0,-114.0
1775973769.866659,4.0,-2.0,-116.0
1775973769.876659,2.0,-2.0,-115.0
1775973769.886659,3.0,-1.0,-119.0
1775973769.896659,0.0,-6.0,-114.0
1775973769.906659,0.0,-2.0,-112.0
1775973769.9166589,0.0,-2.0,-103.0
1775973769.9266589,2.0,-2.0,-103.0
1775973769.9366589,1.0,0.0,-107.0
1775973769.9466588,0.0,0.0,-107.0
1775973769.9566588,2.0,1.0,-102.0
1775973769.9666588,0.0,-3.0,-96.0
1775973769.9766588,-2.0,0.0,-99.0
1775973769.9866588,-6.0,1.0,-98.0
1775973769.9966588,-2.0,1.0,-101.0
1775973770.0066588,-2.0,0.0,-101.0
1775973770.0166588,-3.0,3.0,-104.0
1775973770.0266588,-1.0,4.0,-103.0
1775973770.0366588,-3.0,11.0,-109.0
1775973770.046659,0.0,8.0,-104.0
1775973770.056659,-2.0,7.0,-101.0
1775973770.066659,2.0,6.0,-103.0
1775973770.076659,0.0,5.0,-101.0
1775973770.086659,1.0,5.0,-105.0
1775973770.096659,-1.0,3.0,-104.0
1775973770.106659,-1.0,1.0,-107.0
1775973770.116659,0.0,1.0,-114.0
1775973770.126659,-2.0,0.0,-109.0
1775973770.136659,-5.0,1.0,-100.0
1775973770.146659,-4.0,-1.0,-103.0
1775973770.156659,-10.0,-2.0,-106.0
1775973770.1666589,-7.0,0.0,-112.0
1775973770.1766589,-7.0,0.0,-119.0
1775973770.1866589,-8.0,2.0,-110.0
1775973770.1966588,-4.0,0.0,-113.0
1775973770.2066588,-4.0,-2.0,-110.0
1775973770.2166588,-2.0,-1.0,-116.0
1775973770.2266588,-4.0,-3.0,-112.0
1775973770.2366588,-1.0,0.0,-112.0
1775973770.2466588,-3.0,-1.0,-108.0
1775973770.2566588,-2.0,-1.0,-109.0
1775973770.2666588,1.0,-1.0,-107.0
1775973770.2766588,1.0,-1.0,-105.0
1775973770.2866588,1.0,1.0,-100.0
1775973770.296659,-3.0,2.0,-102.0
1775973770.306659,-1.0,0.0,-103.0
1775973770.316659,2.0,-3.0,-108.0
1775973770.326659,8.0,-5.0,-102.0
1775973770.336659,8.0,-8.0,-101.0
1775973770.346659,11.0,-9.0,-103.0
1775973770.356659,8.0,-10.0,-105.0
1775973770.366659,4.0,-8.0,-101.0
1775973770.376659,2.0,-8.0,-107.0
1775973770.386659,1.0,-5.0,-102.0
1775973770.396659,5.0,-5.0,-91.0
1775973770.406659,-1.0,-4.0,-89.0
1775973770.4176588,-9.0,-5.0,-95.0
1775973770.4276588,-12.0,-2.0,-98.0
1775973770.4376588,-10.0,-3.0,-98.0
1775973770.4476588,-7.0,-1.0,-103.0
1775973770.4576588,-7.0,-1.0,-99.0
1775973770.4676588,-2.0,1.0,-96.0
1775973770.477659,-1.0,7.0,-96.0
1775973770.487659,1.0,2.0,-94.0
1775973770.497659,3.0,0.0,-91.0
1775973770.507659,3.0,-2.0,-81.0
1775973770.517659,3.0,-2.0,-82.0
1775973770.527659,0.0,0.0,-83.0
1775973770.537659,-5.0,1.0,-86.0
1775973770.547659,-6.0,-2.0,-89.0
1775973770.557659,-6.0,1.0,-91.0
1775973770.567659,-8.0,3.0,-96.0
1775973770.577659,-7.0,3.0,-98.0
1775973770.587659,-11.0,2.0,-103.0
1775973770.5976589,-6.0,-3.0,-106.0
1775973770.6076589,-4.0,1.0,-101.0
1775973770.6176589,-6.0,0.0,-104.0
1775973770.6276588,-5.0,0.0,-103.0
1775973770.6376588,-1.0,-2.0,-104.0
1775973770.6476588,-1.0,-2.0,-105.0
1775973770.6576588,-1.0,-5.0,-102.0
1775973770.6676588,-4.0,-2.0,-101.0
1775973770.6776588,-2.0,-1.0,-96.0
1775973770.6876588,0.0,-3.0,-98.0
1775973770.6976588,0.0,-4.0,-99.0
1775973770.7076588,6.0,0.0,-104.0
1775973770.7176588,6.0,1.0,-100.0
1775973770.727659,2.0,3.0,-100.0
1775973770.737659,5.0,-1.0,-107.0
1775973770.747659,7.0,-4.0,-115.0
1775973770.757659,5.0,-5.0,-113.0
1775973770.767659,1.0,-4.0,-115.0
1775973770.777659,-1.0,-6.0,-114.0
1775973770.787659,0.0,-3.0,-116.0
1775973770.797659,3.0,-2.0,-113.0
1775973770.807659,4.0,1.0,-114.0
1775973770.817659,1.0,-2.0,-112.0
1775973770.827659,6.0,0.0,-120.0
1775973770.837659,6.0,1.0,-120.0
1775973770.8476589,5.0,-5.0,-118.0
1775973770.8576589,7.0,-7.0,-118.0
1775973770.8676589,5.0,-4.0,-120.0
1775973770.8776588,2.0,-4.0,-117.0
1775973770.8876588,2.0,-6.0,-111.0
1775973770.8976588,2.0,-6.0,-109.0
1775973770.9076588,3.0,-2.0,-105.0
1775973770.9176588,1.0,-2.0,-106.0
1775973770.9276588,2.0,0.0,-105.0
1775973770.9376588,0.0,0.0,-101.0
1775973770.9476588,-2.0,-2.0,-105.0
1775973770.9576588,-4.0,-4.0,-107.0
1775973770.9676588,-4.0,-5.0,-113.0
1775973770.977659,-2.0,-3.0,-110.0
1775973770.987659,-2.0,-5.0,-108.0
1775973770.997659,-7.0,-7.0,-109.0
1775973771.007659,-4.0,-5.0,-113.0
1775973771.017659,-4.0,-2.0,-111.0
1775973771.027659,-6.0,0.0,-109.0
1775973771.037659,-3.0,0.0,-103.0
1775973771.047659,-2.0,0.0,-103.0
1775973771.057659,-4.0,-1.0,-99.0
1775973771.067659,1.0,0.0,-99.0
1775973771.077659,0.0,5.0,-94.0
1775973771.087659,0.0,3.0,-98.0
1775973771.0976589,0.0,3.0,-105.0
1775973771.1076589,2.0,0.0,-109.0
1775973771.1176589,1.0,-1.0,-104.0
1775973771.1276588,0.0,-1.0,-107.0
1775973771.1376588,0.0,0.0,-107.0
1775973771.1476588,-4.0,-1.0,-108.0
1775973771.1576588,-6.0,-2.0,-107.0
1775973771.1676588,-2.0,-2.0,-115.0
1775973771.1776588,-6.0,1.0,-114.0
1775973771.1876588,-5.0,-1.0,-109.0
1775973771.1976588,-3.0,-4.0,-109.0
1775973771.2076588,0.0,-7.0,-108.0
1775973771.2176588,-3.0,-9.0,-111.0
1775973771.227659,0.0,-5.0,-106.0
1775973771.237659,1.0,-5.0,-108.0
1775973771.247659,0.0,-6.0,-107.0
1775973771.257659,-3.0,-2.0,-103.0
1775973771.267659,-1.0,-1.0,-103.0
1775973771.277659,-3.0,0.0,-107.0
1775973771.287659,-4.0,-1.0,-115.0
1775973771.297659,-5.0,0.0,-111.0
1775973771.307659,-4.0,-1.0,-102.0
1775973771.317659,-2.0,-3.0,-108.0
1775973771.327659,-2.0,-6.0,-106.0
1775973771.337659,-2.0,0.0,-106.0
1775973771.3476589,-2.0,-2.0,-112.0
1775973771.3576589,0.0,-7.0,-108.0
1775973771.3676589,8.0,-3.0,-108.0
1775973771.3776588,12.0,1.0,-113.0
1775973771.3876588,9.0,2.0,-108.0
1775973771.3976588,12.0,0.0,-103.0
1775973771.4076588,14.0,2.0,-106.0
1775973771.4176588,9.0,0.0,-112.0
1775973771.4276588,9.0,-2.0,-108.0
1775973771.4376588,7.0,-2.0,-108.0
1775973771.4476588,1.0,-2.0,-104.0
1775973771.4576588,-2.0,0.0,-111.0
1775973771.4676588,1.0,-3.0,-111.0
1775973771.477659,6.0,-1.0,-110.0
1775973771.487659,5.0,-7.0,-107.0
1775973771.497659,2.0,-7.0,-109.0
1775973771.507659,0.0,-3.0,-112.0
1775973771.517659,2.0,-2.0,-111.0
1775973771.527659,3.0,-2.0,-108.0
1775973771.537659,3.0,-5.0,-108.0
1775973771.547659,3.0,-5.0,-105.0
1775973771.557659,1.0,-1.0,-104.0
1775973771.567659,0.0,0.0,-103.0
1775973771.577659,-1.0,-1.0,-98.0
1775973771.587659,0.0,0.0,-107.0
1775973771.5976589,-1.0,0.0,-107.0
1775973771.6076589,-1.0,0.0,-110.0
1775973771.6176589,0.0,0.0,-107.0
1775973771.6276588,-1.0,-1.0,-105.0
1775973771.6376588,0.0,0.0,-104.0
1775973771.6476588,-3.0,1.0,-110.0
1775973771.6576588,-4.0,-1.0,-107.0
1775973771.6676588,-4.0,-3.0,-101.0
1775973771.6776588,-4.0,-5.0,-100.0
1775973771.6876588,-8.0,-4.0,-96.0
1775973771.6976588,-11.0,-2.0,-97.0
1775973771.7076588,-3.0,-2.0,-96.0
1775973771.7176588,3.0,2.0,-98.0
1775973771.727659,6.0,1.0,-105.0
1775973771.737659,3.0,0.0,-105.0
1775973771.747659,2.0,2.0,-101.0
1775973771.757659,6.0,2.0,-95.0
1775973771.767659,10.0,0.0,-99.0
1775973771.777659,5.0,-4.0,-107.0
1775973771.787659,0.0,-6.0,-112.0
1775973771.797659,-2.0,-2.0,-108.0
1775973771.807659,0.0,-2.0,-106.0
1775973771.817659,-2.0,3.0,-103.0
1775973771.827659,-1.0,0.0,-107.0
1775973771.837659,6.0,0.0,-108.0
1775973771.8476589,6.0,0.0,-110.0
1775973771.8576589,6.0,2.0,-106.0
1775973771.8676589,4.0,3.0,-110.0
1775973771.8776588,0.0,0.0,-113.0
1775973771.8876588,2.0,0.0,-111.0
1775973771.8976588,0.0,3.0,-109.0
1775973771.9076588,-3.0,6.0,-112.0
1775973771.9176588,-3.0,3.0,-114.0
1775973771.9276588,0.0,4.0,-114.0
1775973771.9376588,0.0,4.0,-112.0
1775973771.9476588,0.0,3.0,-110.0
1775973771.9576588,-6.0,5.0,-109.0
1775973771.9676588,-10.0,2.0,-100.0
1775973771.977659,-8.0,0.0,-98.0
1775973771.987659,-11.0,-2.0,-95.0
1775973771.997659,-9.0,-3.0,-100.0
1775973772.007659,-7.0,-4.0,-95.0
1775973772.017659,-4.0,-2.0,-92.0
1775973772.027659,-5.0,0.0,-94.0
1775973772.037659,-6.0,0.0,-98.0
1775973772.047659,-5.0,0.0,-103.0
1775973772.057659,-5.0,-2.0,-106.0
1775973772.067659,-7.0,-2.0,-101.0
1775973772.077659,-2.0,-2.0,-104.0
1775973772.087659,-4.0,-2.0,-108.0
1775973772.0976589,-4.0,-3.0,-114.0
1775973772.1076589,1.0,-7.0,-121.0
1775973772.1176589,1.0,-7.0,-112.0
1775973772.1276588,0.0,-4.0,-111.0
1775973772.1376588,0.0,0.0,-116.0
1775973772.1476588,-1.0,0.0,-113.0
1775973772.1576588,0.0,1.0,-112.0
1775973772.1676588,-1.0,-4.0,-104.0
1775973772.1776588,0.0,-3.0,-108.0
1775973772.1876588,2.0,-4.0,-112.0
1775973772.1976588,0.0,0.0,-112.0
1775973772.2076588,0.0,2.0,-114.0
1775973772.2176588,0.0,3.0,-114.0
1775973772.227659,0.0,5.0,-114.0
1775973772.237659,2.0,0.0,-115.0
1775973772.247659,3.0,-3.0,-113.0
1775973772.257659,1.0,-3.0,-118.0
1775973772.267659,0.0,-3.0,-122.0
1775973772.277659,0.0,-4.0,-123.0
1775973772.287659,4.0,-7.0,-126.0
1775973772.297659,-2.0,-6.0,-122.0
1775973772.307659,-2.0,-5.0,-121.0
1775973772.317659,-3.0,-3.0,-117.0
1775973772.327659,-4.0,-4.0,-108.0
1775973772.337659,-5.0,-1.0,-99.0
1775973772.3476589,0.0,0.0,-109.0
1775973772.3576589,2.0,2.0,-112.0
1775973772.3676589,-2.0,2.0,-114.0
1775973772.3776588,-2.0,0.0,-111.0
1775973772.3876588,0.0,-4.0,-113.0
1775973772.3976588,-3.0,-4.0,-111.0
1775973772.4076588,-6.0,-6.0,-111.0
1775973772.4176588,-13.0,-4.0,-113.0
1775973772.4276588,-15.0,-4.0,-108.0
1775973772.438659,-13.0,-6.0,-105.0
1775973772.4476588,-13.0,-6.0,-106.0
1775973772.4576588,-10.0,-6.0,-111.0
1775973772.468659,-9.0,-4.0,-104.0
1775973772.478659,-1.0,0.0,-102.0
1775973772.488659,-3.0,-1.0,-101.0
1775973772.498659,0.0,-5.0,-101.0
1775973772.508659,0.0,-1.0,-107.0
1775973772.5186589,0.0,2.0,-109.0
1775973772.5286589,-4.0,0.0,-111.0
1775973772.5386589,-3.0,-2.0,-114.0
1775973772.5486588,0.0,1.0,-115.0
1775973772.5586588,-7.0,6.0,-106.0
1775973772.5686588,-4.0,5.0,-114.0
1775973772.5786588,-5.0,1.0,-116.0
1775973772.5886588,-3.0,0.0,-113.0
1775973772.5986588,-3.0,1.0,-115.0
1775973772.6086588,-1.0,1.0,-114.0
1775973772.6186588,-1.0,5.0,-114.0
1775973772.6286588,-1.0,0.0,-115.0
1775973772.6386588,0.0,0.0,-112.0
1775973772.648659,-6.0,1.0,-105.0
1775973772.658659,-9.0,1.0,-109.0
1775973772.668659,-6.0,0.0,-115.0
1775973772.678659,-5.0,-1.0,-114.0
1775973772.688659,-7.0,0.0,-113.0
1775973772.698659,-7.0,0.0,-121.0
1775973772.708659,-4.0,-2.0,-120.0
1775973772.718659,-2.0,-1.0,-111.0
1775973772.728659,-3.0,-1.0,-107.0
1775973772.738659,-4.0,0.0,-106.0
1775973772.748659,-4.0,-1.0,-102.0
1775973772.758659,-3.0,-3.0,-101.0
1775973772.7686589,-2.0,-4.0,-109.0
1775973772.7786589,-4.0,-3.0,-117.0
1775973772.7886589,-1.0,-3.0,-113.0
1775973772.7986588,0.0,0.0,-114.0
1775973772.8086588,4.0,0.0,-108.0
1775973772.8186588,2.0,-1.0,-107.0
1775973772.8286588,1.0,2.0,-109.0
1775973772.8386588,0.0,3.0,-108.0
1775973772.8486588,-3.0,-1.0,-111.0
1775973772.8586588,0.0,-3.0,-108.0
1775973772.8686588,0.0,-4.0,-109.0
1775973772.8786588,2.0,-2.0,-108.0
1775973772.8886588,2.0,-3.0,-103.0
1775973772.898659,1.0,-2.0,-105.0
1775973772.908659,-2.0,-1.0,-104.0
1775973772.918659,-4.0,-1.0,-106.0
1775973772.928659,-3.0,-3.0,-101.0
1775973772.938659,-4.0,-3.0,-99.0
1775973772.948659,-3.0,3.0,-105.0
1775973772.958659,-1.0,9.0,-107.0
1775973772.968659,-3.0,8.0,-111.0
1775973772.978659,-7.0,4.0,-114.0
1775973772.988659,-5.0,0.0,-114.0
1775973772.998659,-8.0,0.0,-109.0
1775973773.008659,-5.0,0.0,-109.0
1775973773.0186589,-1.0,0.0,-112.0
1775973773.0286589,0.0,0.0,-108.0
1775973773.0386589,-1.0,0.0,-107.0
1775973773.0486588,1.0,-1.0,-106.0
1775973773.0586588,-2.0,-3.0,-104.0
1775973773.0686588,-5.0,-2.0,-101.0
1775973773.0786588,-5.0,-1.0,-104.0
1775973773.0886588,-4.0,-2.0,-107.0
1775973773.0986588,-3.0,-3.0,-101.0
1775973773.1086588,0.0,-6.0,-99.0
1775973773.1186588,-2.0,-3.0,-101.0
1775973773.1286588,-4.0,-4.0,-99.0
1775973773.1386588,-3.0,-4.0,-101.0
1775973773.148659,-5.0,-3.0,-102.0
1775973773.158659,-4.0,-2.0,-101.0
1775973773.168659,-3.0,-1.0,-101.0
1775973773.178659,-3.0,0.0,-94.0
1775973773.188659,-8.0,3.0,-99.0
1775973773.198659,-1.0,6.0,-96.0
1775973773.208659,2.0,5.0,-100.0
1775973773.218659,2.0,0.0,-104.0
1775973773.228659,-2.0,0.0,-105.0
1775973773.238659,-3.0,0.0,-106.0
1775973773.248659,-3.0,2.0,-108.0
1775973773.258659,3.0,4.0,-112.0
1775973773.2686589,2.0,3.0,-113.0
1775973773.2786589,3.0,1.0,-110.0
1775973773.2886589,0.0,0.0,-111.0
1775973773.2986588,0.0,1.0,-110.0
1775973773.3086588,3.0,2.0,-107.0
1775973773.3186588,-1.0,3.0,-104.0
1775973773.3286588,-4.0,6.0,-107.0
1775973773.3386588,-4.0,2.0,-108.0
1775973773.3486588,-4.0,1.0,-111.0
1775973773.3586588,-5.0,-1.0,-114.0
1775973773.3686588,-4.0,-1.0,-118.0
1775973773.3786588,-4.0,-2.0,-113.0
1775973773.3886588,-1.0,-3.0,-111.0
1775973773.398659,4.0,-7.0,-115.0
1775973773.408659,6.0,-4.0,-115.0
1775973773.418659,3.0,-3.0,-108.0
1775973773.428659,4.0,-3.0,-119.0
1775973773.438659,4.0,0.0,-124.0
1775973773.448659,2.0,2.0,-119.0
1775973773.458659,1.0,3.0,-114.0
1775973773.468659,3.0,6.0,-114.0
1775973773.478659,4.0,5.0,-104.0
1775973773.488659,0.0,4.0,-106.0
1775973773.498659,3.0,2.0,-106.0
1775973773.508659,4.0,2.0,-110.0
1775973773.5186589,1.0,1.0,-115.0
1775973773.5286589,0.0,3.0,-116.0
1775973773.5386589,0.0,2.0,-118.0
1775973773.5486588,-3.0,-2.0,-115.0
1775973773.5586588,-7.0,-6.0,-114.0
1775973773.5686588,-7.0,-10.0,-108.0
1775973773.5786588,-3.0,-11.0,-106.0
1775973773.5886588,2.0,-8.0,-111.0
1775973773.5986588,0.0,-7.0,-112.0
1775973773.6086588,0.0,-7.0,-114.0
1775973773.6186588,-3.0,-6.0,-105.0
1775973773.6286588,1.0,-2.0,-108.0
1775973773.6386588,-1.0,-5.0,-103.0
1775973773.648659,-4.0,-3.0,-102.0
1775973773.658659,-4.0,-7.0,-103.0
1775973773.668659,-3.0,-6.0,-104.0
1775973773.678659,-1.0,-4.0,-103.0
1775973773.688659,-4.0,-2.0,-105.0
1775973773.698659,-4.0,-2.0,-109.0
1775973773.708659,-1.0,0.0,-110.0
1775973773.718659,-2.0,0.0,-107.0
1775973773.728659,0.0,1.0,-112.0
1775973773.738659,0.0,1.0,-114.0
1775973773.748659,-1.0,0.0,-109.0
1775973773.758659,-3.0,-1.0,-107.0
1775973773.7686589,-6.0,-6.0,-114.0
1775973773.7786589,-9.0,-7.0,-107.0
1775973773.7886589,-2.0,-8.0,-101.0
1775973773.7986588,-4.0,-5.0,-98.0
1775973773.8086588,-2.0,-4.0,-98.0
1775973773.8186588,-2.0,-1.0,-102.0
1775973773.8286588,-3.0,1.0,-104.0
1775973773.8386588,-3.0,0.0,-113.0
1775973773.8486588,0.0,-2.0,-112.0
1775973773.8586588,-4.0,2.0,-111.0
1775973773.8686588,-2.0,3.0,-109.0
1775973773.8786588,0.0,8.0,-112.0
1775973773.8886588,-1.0,2.0,-111.0
1775973773.898659,-2.0,2.0,-111.0
1775973773.908659,-2.0,1.0,-117.0
1775973773.918659,-3.0,0.0,-110.0
1775973773.928659,1.0,-1.0,-112.0
1775973773.938659,-3.0,-3.0,-109.0
1775973773.948659,-3.0,-3.0,-114.0
1775973773.958659,3.0,-7.0,-117.0
1775973773.968659,6.0,-9.0,-120.0
1775973773.978659,9.0,-6.0,-116.0
1775973773.988659,8.0,-7.0,-108.0
1775973773.998659,10.0,-3.0,-110.0
1775973774.008659,7.0,0.0,-108.0
1775973774.0186589,7.0,1.0,-105.0
1775973774.0286589,4.0,3.0,-109.0
1775973774.0386589,1.0,6.0,-108.0
1775973774.0486588,-1.0,3.0,-106.0
1775973774.0586588,-1.0,4.0,-113.0
1775973774.0686588,-2.0,1.0,-115.0
1775973774.0786588,-4.0,-2.0,-111.0
1775973774.0886588,-4.0,-2.0,-123.0
1775973774.0986588,-3.0,-1.0,-125.0
1775973774.1086588,-1.0,-1.0,-121.0
1775973774.1186588,0.0,-5.0,-113.0
1775973774.1286588,0.0,-3.0,-109.0
1775973774.1386588,2.0,0.0,-107.0
1775973774.148659,5.0,-2.0,-107.0
1775973774.158659,0.0,-3.0,-109.0
1775973774.168659,0.0,-3.0,-111.0
1775973774.178659,0.0,-6.0,-107.0
1775973774.188659,-1.0,-10.0,-107.0
1775973774.198659,-2.0,-9.0,-104.0
1775973774.208659,-6.0,-8.0,-107.0
1775973774.218659,-7.0,-8.0,-101.0
1775973774.228659,-5.0,-7.0,-101.0
1775973774.238659,-2.0,-7.0,-100.0
1775973774.248659,-1.0,-6.0,-98.0
1775973774.258659,-1.0,-4.0,-102.0
1775973774.2686589,-2.0,-4.0,-110.0
1775973774.2786589,-2.0,-4.0,-111.0
1775973774.2886589,4.0,-6.0,-111.0
1775973774.2986588,4.0,-3.0,-121.0
1775973774.3086588,1.0,-4.0,-118.0
1775973774.3186588,0.0,-8.0,-115.0
1775973774.3286588,-2.0,-6.0,-115.0
1775973774.3386588,-4.0,-7.0,-119.0
1775973774.3486588,-1.0,-8.0,-108.0
1775973774.3586588,0.0,-10.0,-109.0
1775973774.3686588,-3.0,-10.0,-104.0
1775973774.3786588,1.0,-7.0,-103.0
1775973774.3886588,5.0,-5.0,-105.0
1775973774.398659,4.0,-2.0,-99.0
1775973774.408659,2.0,2.0,-101.0
1775973774.418659,-1.0,0.0,-106.0
1775973774.428659,0.0,-1.0,-105.0
1775973774.438659,-1.0,1.0,-110.0
1775973774.448659,-4.0,-4.0,-108.0
1775973774.458659,-2.0,0.0,-109.0
1775973774.468659,-4.0,2.0,-112.0
1775973774.478659,-2.0,4.0,-110.0
1775973774.488659,-2.0,3.0,-108.0
1775973774.498659,2.0,-2.0,-108.0
1775973774.508659,2.0,0.0,-117.0
1775973774.5196588,3.0,1.0,-119.0
1775973774.5296588,7.0,2.0,-122.0
1775973774.5396588,4.0,2.0,-114.0
1775973774.5496588,-1.0,0.0,-109.0
1775973774.5596588,0.0,0.0,-116.0
1775973774.569659,-1.0,-4.0,-114.0
1775973774.579659,-2.0,0.0,-110.0
1775973774.589659,-5.0,1.0,-109.0
1775973774.599659,-7.0,2.0,-109.0
1775973774.609659,-6.0,0.0,-103.0
1775973774.619659,-1.0,0.0,-108.0
1775973774.629659,0.0,4.0,-106.0
1775973774.639659,-1.0,3.0,-104.0
1775973774.649659,-4.0,2.0,-112.0
1775973774.659659,-6.0,0.0,-113.0
1775973774.669659,-4.0,-1.0,-117.0
1775973774.679659,-6.0,1.0,-117.0
1775973774.6896589,-9.0,0.0,-111.0
1775973774.6996589,-5.0,1.0,-110.0
1775973774.7096589,-2.0,-3.0,-105.0
1775973774.7196589,-5.0,-3.0,-103.0
1775973774.7296588,-1.0,-2.0,-97.0
1775973774.7396588,-1.0,0.0,-95.0
1775973774.7496588,0.0,1.0,-97.0
1775973774.7596588,-1.0,2.0,-101.0
1775973774.7696588,-7.0,0.0,-111.0
1775973774.7796588,-6.0,0.0,-111.0
1775973774.7896588,0.0,-1.0,-111.0
1775973774.7996588,-2.0,-5.0,-109.0
1775973774.8096588,-3.0,-7.0,-111.0
1775973774.819659,-1.0,-3.0,-108.0
1775973774.829659,-4.0,1.0,-111.0
1775973774.839659,-3.0,0.0,-112.0
1775973774.849659,-1.0,2.0,-111.0
1775973774.859659,-4.0,5.0,-111.0
1775973774.869659,-3.0,3.0,-106.0
1775973774.879659,-2.0,2.0,-107.0
1775973774.889659,-5.0,0.0,-99.0
1775973774.899659,-2.0,0.0,-104.0
1775973774.909659,0.0,-1.0,-111.0
1775973774.919659,2.0,-3.0,-114.0
1775973774.929659,0.0,-5.0,-111.0
1775973774.9396589,3.0,0.0,-116.0
1775973774.9496589,2.0,2.0,-117.0
1775973774.9596589,0.0,0.0,-115.0
1775973774.9696589,-1.0,-1.0,-114.0
1775973774.9796588,-3.0,-3.0,-112.0
1775973774.9896588,-5.0,-3.0,-108.0
1775973774.9996588,-8.0,-3.0,-106.0
1775973775.0096588,-3.0,-5.0,-111.0
1775973775.0196588,-3.0,-8.0,-117.0
1775973775.0296588,0.0,-9.0,-114.0
1775973775.0396588,1.0,-13.0,-116.0
1775973775.0496588,6.0,-9.0,-114.0
1775973775.0596588,4.0,-8.0,-115.0
1775973775.069659,1.0,-11.0,-112.0
1775973775.079659,2.0,-9.0,-112.0
1775973775.089659,3.0,-7.0,-108.0
1775973775.099659,1.0,-5.0,-108.0
1775973775.109659,0.0,-3.0,-113.0
1775973775.119659,0.0,-3.0,-105.0
1775973775.129659,0.0,-2.0,-101.0
1775973775.139659,-4.0,-2.0,-108.0
1775973775.149659,-4.0,0.0,-104.0
1775973775.159659,-7.0,-2.0,-107.0
1775973775.169659,-4.0,0.0,-105.0
1775973775.179659,-1.0,0.0,-106.0
1775973775.1896589,-1.0,-1.0,-105.0
1775973775.1996589,0.0,2.0,-110.0
1775973775.2096589,-1.0,4.0,-109.0
1775973775.2196589,-2.0,3.0,-111.0
1775973775.2296588,0.0,4.0,-110.0
1775973775.2396588,-2.0,4.0,-114.0
1775973775.2496588,-3.0,4.0,-106.0
1775973775.2596588,-4.0,3.0,-105.0
1775973775.2696588,-1.0,1.0,-110.0
1775973775.2796588,0.0,-1.0,-113.0
1775973775.2896588,0.0,0.0,-113.0
1775973775.2996588,-2.0,1.0,-113.0
1775973775.3096588,-2.0,-1.0,-106.0
1775973775.319659,-6.0,0.0,-109.0
1775973775.329659,-5.0,0.0,-108.0
1775973775.339659,-2.0,0.0,-106.0
1775973775.349659,-3.0,-3.0,-103.0
1775973775.359659,-3.0,-4.0,-101.0
1775973775.369659,0.0,-8.0,-107.0
1775973775.379659,0.0,-9.0,-101.0
1775973775.389659,-2.0,-5.0,-102.0
1775973775.399659,-2.0,-6.0,-105.0
1775973775.409659,-4.0,-5.0,-106.0
1775973775.419659,-4.0,-4.0,-110.0
1775973775.429659,-8.0,-5.0,-110.0
1775973775.4396589,-12.0,-2.0,-108.0
1775973775.4496589,-6.0,-2.0,-109.0
1775973775.4596589,-4.0,-3.0,-108.0
1775973775.4696589,-3.0,3.0,-103.0
1775973775.4796588,0.0,2.0,-104.0
1775973775.4896588,-3.0,7.0,-99.0
1775973775.4996588,-2.0,8.0,-95.0
1775973775.5096588,1.0,2.0,-99.0
1775973775.5196588,0.0,2.0,-96.0
1775973775.5296588,0.0,5.0,-95.0
1775973775.5396588,0.0,3.0,-97.0
1775973775.5496588,0.0,0.0,-102.0
1775973775.5596588,0.0,1.0,-105.0
1775973775.569659,-1.0,3.0,-105.0
1775973775.579659,0.0,-2.0,-112.0
1775973775.589659,0.0,0.0,-112.0
1775973775.599659,-4.0,2.0,-111.0
1775973775.609659,-8.0,3.0,-111.0
1775973775.619659,-7.0,2.0,-105.0
1775973775.629659,-6.0,1.0,-107.0
1775973775.639659,-2.0,5.0,-101.0
1775973775.649659,-2.0,3.0,-95.0
1775973775.659659,0.0,-1.0,-96.0
1775973775.669659,0.0,0.0,-94.0
1775973775.679659,2.0,0.0,-97.0
1775973775.6896589,0.0,0.0,-116.0
1775973775.6996589,-1.0,0.0,-113.0
1775973775.7096589,-2.0,0.0,-109.0
1775973775.7196589,-4.0,1.0,-105.0
1775973775.7296588,0.0,-2.0,-110.0
1775973775.7396588,-5.0,-2.0,-111.0
1775973775.7496588,-4.0,-3.0,-110.0
1775973775.7596588,-3.0,-1.0,-109.0
1775973775.7696588,-7.0,2.0,-108.0
1775973775.7796588,-7.0,0.0,-103.0
1775973775.7896588,-8.0,0.0,-105.0
1775973775.7996588,-7.0,-1.0,-104.0
1775973775.8096588,-7.0,-5.0,-100.0
1775973775.819659,-5.0,-5.0,-98.0
1775973775.829659,-2.0,0.0,-101.0
1775973775.839659,0.0,0.0,-102.0
1775973775.849659,0.0,3.0,-96.0
1775973775.859659,3.0,-4.0,-95.0
1775973775.869659,4.0,-4.0,-95.0
1775973775.879659,2.0,-2.0,-97.0
1775973775.889659,3.0,0.0,-96.0
1775973775.899659,3.0,-1.0,-100.0
1775973775.909659,0.0,-7.0,-105.0
1775973775.919659,4.0,-4.0,-106.0
1775973775.929659,4.0,-4.0,-109.0
1775973775.9396589,0.0,-1.0,-112.0
1775973775.9496589,0.0,-2.0,-117.0
1775973775.9596589,-2.0,-1.0,-121.0
1775973775.9696589,-4.0,5.0,-114.0
1775973775.9796588,-3.0,4.0,-114.0
1775973775.9896588,-5.0,4.0,-109.0
1775973775.9996588,-2.0,1.0,-111.0
1775973776.0096588,-1.0,-4.0,-119.0
1775973776.0196588,-1.0,-6.0,-114.0
1775973776.0296588,0.0,-5.0,-109.0
1775973776.0396588,2.0,-1.0,-111.0
1775973776.0496588,0.0,-3.0,-108.0
1775973776.0596588,3.0,-7.0,-112.0
1775973776.069659,3.0,-6.0,-113.0
1775973776.079659,0.0,-5.0,-111.0
1775973776.089659,1.0,-4.0,-110.0
1775973776.099659,0.0,-4.0,-111.0
1775973776.109659,-2.0,-8.0,-109.0
1775973776.119659,-3.0,-5.0,-111.0
1775973776.129659,-3.0,-6.0,-114.0
1775973776.139659,-9.0,-5.0,-116.0
1775973776.149659,-6.0,-8.0,-114.0
1775973776.159659,-3.0,-8.0,-107.0
1775973776.169659,-4.0,-11.0,-104.0
1775973776.179659,-3.0,-9.0,-104.0
1775973776.1896589,0.0,-9.0,-100.0
1775973776.1996589,-7.0,-8.0,-98.0
1775973776.2096589,-5.0,-5.0,-98.0
1775973776.2196589,-6.0,-2.0,-105.0
1775973776.2296588,-2.0,0.0,-113.0
1775973776.2396588,-2.0,0.0,-110.0
1775973776.2496588,-3.0,1.0,-108.0
1775973776.2596588,-1.0,4.0,-105.0
1775973776.2696588,-1.0,5.0,-102.0
1775973776.2796588,0.0,4.0,-108.0
1775973776.2896588,0.0,1.0,-109.0
1775973776.2996588,0.0,3.0,-103.0
1775973776.3096588,1.0,5.0,-100.0
1775973776.319659,4.0,2.0,-103.0
1775973776.329659,4.0,4.0,-106.0
1775973776.339659,3.0,7.0,-109.0
1775973776.349659,0.0,6.0,-107.0
1775973776.359659,-1.0,4.0,-111.0
1775973776.369659,-1.0,2.0,-121.0
1775973776.379659,1.0,-2.0,-123.0
1775973776.389659,3.0,-5.0,-116.0
1775973776.399659,0.0,-1.0,-120.0
1775973776.409659,-4.0,0.0,-118.0
1775973776.419659,-4.0,0.0,-112.0
1775973776.429659,-5.0,-6.0,-112.0
1775973776.4396589,-5.0,-3.0,-112.0
1775973776.4496589,-3.0,-1.0,-107.0
1775973776.4596589,1.0,0.0,-107.0
1775973776.4696589,0.0,-2.0,-108.0
1775973776.4796588,0.0,-2.0,-117.0
1775973776.4896588,-4.0,-8.0,-117.0
1775973776.4996588,-4.0,-8.0,-113.0
1775973776.5096588,-5.0,-9.0,-111.0
1775973776.5196588,-1.0,-11.0,-105.0
1775973776.530659,1.0,-8.0,-101.0
1775973776.540659,3.0,-3.0,-105.0
1775973776.550659,4.0,-4.0,-105.0
1775973776.560659,1.0,-2.0,-105.0
1775973776.570659,9.0,-4.0,-113.0
1775973776.580659,8.0,-8.0,-117.0
1775973776.590659,8.0,-5.0,-113.0
1775973776.600659,6.0,-5.0,-116.0
1775973776.610659,5.0,-1.0,-121.0
1775973776.6206589,7.0,-3.0,-117.0
1775973776.6306589,7.0,-6.0,-111.0
1775973776.6406589,5.0,-10.0,-113.0
1775973776.6506588,4.0,-6.0,-111.0
1775973776.6606588,2.0,-4.0,-111.0
1775973776.6706588,1.0,-9.0,-108.0
1775973776.6806588,0.0,-9.0,-114.0
1775973776.6906588,1.0,-9.0,-108.0
1775973776.7006588,-4.0,-4.0,-107.0
1775973776.7106588,0.0,-1.0,-105.0
1775973776.7206588,0.0,-2.0,-109.0
1775973776.7306588,1.0,-5.0,-112.0
1775973776.7406588,2.0,-3.0,-110.0
1775973776.750659,3.0,-4.0,-110.0
1775973776.760659,4.0,-2.0,-108.0
1775973776.770659,2.0,4.0,-111.0
1775973776.780659,-1.0,5.0,-111.0
1775973776.790659,-1.0,0.0,-113.0
1775973776.800659,-3.0,-3.0,-117.0
1775973776.810659,-3.0,-2.0,-119.0
1775973776.820659,-4.0,0.0,-114.0
1775973776.830659,-4.0,3.0,-107.0
1775973776.840659,0.0,6.0,-106.0
1775973776.850659,1.0,3.0,-106.0
1775973776.860659,3.0,0.0,-114.0
1775973776.8706589,3.0,0.0,-108.0
1775973776.8806589,3.0,-1.0,-100.0
1775973776.8906589,4.0,-2.0,-98.0
1775973776.9006588,8.0,-1.0,-96.0
1775973776.9106588,4.0,-4.0,-93.0
1775973776.9206588,2.0,-6.0,-94.0
1775973776.9306588,4.0,-7.0,-96.0
1775973776.9406588,-1.0,-8.0,-99.0
1775973776.9506588,-1.0,-6.0,-104.0
1775973776.9606588,0.0,-1.0,-109.0
1775973776.9706588,-4.0,3.0,-113.0
1775973776.9806588,0.0,3.0,-114.0
1775973776.9906588,-1.0,5.0,-117.0
1775973777.000659,1.0,6.0,-114.0
1775973777.010659,4.0,1.0,-113.0
1775973777.020659,6.0,1.0,-106.0
1775973777.030659,3.0,1.0,-107.0
1775973777.040659,-1.0,1.0,-115.0
1775973777.050659,-2.0,2.0,-114.0
1775973777.060659,-3.0,7.0,-117.0
1775973777.070659,-2.0,8.0,-111.0
1775973777.080659,-1.0,4.0,-115.0
1775973777.090659,0.0,1.0,-109.0
1775973777.100659,-1.0,4.0,-110.0
1775973777.110659,5.0,5.0,-107.0
1775973777.1206589,1.0,3.0,-102.0
1775973777.1306589,0.0,2.0,-95.0
1775973777.1406589,6.0,1.0,-96.0
1775973777.1506588,4.0,-1.0,-90.0
1775973777.1606588,1.0,-1.0,-96.0
1775973777.1706588,2.0,0.0,-105.0
1775973777.1806588,4.0,0.0,-106.0
1775973777.1906588,2.0,-2.0,-104.0
1775973777.2006588,1.0,-3.0,-105.0
1775973777.2106588,3.0,-2.0,-108.0
1775973777.2206588,4.0,-1.0,-110.0
1775973777.2306588,4.0,-7.0,-114.0
1775973777.2406588,3.0,-9.0,-104.0
1775973777.250659,1.0,-2.0,-103.0
1775973777.260659,-1.0,-4.0,-107.0
1775973777.270659,-3.0,-2.0,-106.0
1775973777.280659,-5.0,-7.0,-112.0
1775973777.290659,-7.0,-9.0,-114.0
1775973777.300659,-3.0,-8.0,-108.0
1775973777.310659,0.0,-4.0,-107.0
1775973777.320659,5.0,-6.0,-103.0
1775973777.330659,0.0,-6.0,-110.0
1775973777.340659,-7.0,-5.0,-107.0
1775973777.350659,-8.0,-10.0,-114.0
1775973777.360659,-8.0,-8.0,-112.0
1775973777.3706589,-7.0,-7.0,-106.0
1775973777.3806589,-5.0,0.0,-105.0
1775973777.3906589,-4.0,-1.0,-107.0
1775973777.4006588,-4.0,-3.0,-109.0
1775973777.4106588,-3.0,-7.0,-108.0
1775973777.4206588,3.0,-4.0,-104.0
1775973777.4306588,6.0,0.0,-102.0
1775973777.4406588,0.0,1.0,-115.0
1775973777.4506588,3.0,0.0,-113.0
1775973777.4606588,1.0,-2.0,-115.0
1775973777.4706588,2.0,-3.0,-119.0
1775973777.4806588,-2.0,-4.0,-117.0
1775973777.4906588,-1.0,-7.0,-120.0
1775973777.500659,0.0,-2.0,-123.0
1775973777.510659,-2.0,-7.0,-114.0
1775973777.520659,-1.0,-8.0,-111.0
1775973777.530659,-2.0,-6.0,-112.0
1775973777.540659,0.0,-5.0,-112.0
1775973777.550659,-2.0,-7.0,-114.0
1775973777.560659,-1.0,-6.0,-114.0
1775973777.570659,1.0,-4.0,-108.0
1775973777.580659,4.0,-1.0,-104.0
1775973777.590659,1.0,-2.0,-102.0
1775973777.600659,0.0,-1.0,-101.0
1775973777.610659,3.0,-5.0,-103.0
1775973777.6206589,6.0,-8.0,-109.0
1775973777.6306589,1.0,-4.0,-100.0
1775973777.6406589,3.0,-1.0,-104.0
1775973777.6506588,5.0,-1.0,-104.0
1775973777.6606588,3.0,0.0,-105.0
1775973777.6706588,0.0,0.0,-111.0
1775973777.6806588,-1.0,4.0,-112.0
1775973777.6906588,0.0,7.0,-114.0
1775973777.7006588,0.0,6.0,-116.0
1775973777.7106588,-2.0,2.0,-113.0
1775973777.7206588,-2.0,-2.0,-114.0
1775973777.7306588,0.0,-3.0,-111.0
1775973777.7406588,0.0,-8.0,-110.0
1775973777.750659,0.0,-7.0,-107.0
1775973777.760659,0.0,-4.0,-107.0
1775973777.770659,1.0,-4.0,-115.0
1775973777.780659,1.0,-6.0,-107.0
1775973777.790659,4.0,-3.0,-100.0
1775973777.800659,2.0,-3.0,-102.0
1775973777.810659,0.0,-6.0,-101.0
1775973777.820659,5.0,-7.0,-101.0
1775973777.830659,4.0,-3.0,-94.0
1775973777.840659,3.0,-2.0,-91.0
1775973777.850659,0.0,0.0,-95.0
1775973777.860659,-3.0,1.0,-91.0
1775973777.8706589,0.0,1.0,-99.0
1775973777.8806589,0.0,0.0,-109.0
1775973777.8906589,-1.0,-1.0,-109.0
1775973777.9006588,0.0,0.0,-106.0
1775973777.9106588,-1.0,0.0,-104.0
1775973777.9206588,-6.0,1.0,-101.0
1775973777.9306588,-3.0,-1.0,-108.0
1775973777.9406588,-3.0,-1.0,-108.0
1775973777.9506588,0.0,0.0,-105.0
1775973777.9606588,1.0,-3.0,-104.0
1775973777.9706588,0.0,-2.0,-109.0
1775973777.9806588,0.0,-1.0,-106.0
1775973777.9906588,0.0,0.0,-109.0
1775973778.000659,-4.0,-1.0,-107.0
1775973778.010659,-3.0,-3.0,-103.0
1775973778.020659,-6.0,-2.0,-104.0
1775973778.030659,-7.0,0.0,-112.0
1775973778.040659,-2.0,0.0,-113.0
1775973778.050659,0.0,-1.0,-109.0
1775973778.060659,4.0,-1.0,-104.0
1775973778.070659,3.0,-4.0,-97.0
1775973778.080659,1.0,-3.0,-100.0
1775973778.090659,3.0,0.0,-100.0
1775973778.100659,3.0,6.0,-99.0
1775973778.110659,0.0,9.0,-101.0
1775973778.1206589,-3.0,9.0,-104.0
1775973778.1306589,0.0,9.0,-109.0
1775973778.1406589,-1.0,4.0,-105.0
1775973778.1506588,-3.0,3.0,-102.0
1775973778.1606588,-3.0,3.0,-104.0
1775973778.1706588,-6.0,0.0,-109.0
1775973778.1806588,-6.0,-2.0,-112.0
1775973778.1906588,-6.0,0.0,-111.0
1775973778.2006588,-7.0,3.0,-111.0
1775973778.2106588,-5.0,2.0,-112.0
1775973778.2206588,-8.0,6.0,-114.0
1775973778.2306588,-8.0,6.0,-112.0
1775973778.2406588,-4.0,2.0,-106.0
1775973778.250659,-4.0,-2.0,-97.0
1775973778.260659,-6.0,-1.0,-103.0
1775973778.270659,-4.0,-2.0,-100.0
1775973778.280659,-7.0,-3.0,-104.0
1775973778.290659,-5.0,-4.0,-102.0
1775973778.300659,-4.0,-6.0,-100.0
1775973778.310659,-5.0,-5.0,-104.0
1775973778.320659,-4.0,0.0,-103.0
1775973778.330659,-2.0,-1.0,-102.0
1775973778.340659,-4.0,-3.0,-99.0
1775973778.350659,-9.0,-4.0,-101.0
1775973778.360659,-5.0,-5.0,-109.0
1775973778.3706589,-10.0,-7.0,-110.0
1775973778.3806589,-4.0,0.0,-111.0
1775973778.3906589,-6.0,3.0,-109.0
1775973778.4006588,-6.0,5.0,-102.0
1775973778.4106588,-4.0,2.0,-99.0
1775973778.4206588,-5.0,3.0,-99.0
1775973778.4306588,-2.0,6.0,-102.0
1775973778.4406588,0.0,6.0,-102.0
1775973778.4506588,0.0,6.0,-104.0
1775973778.4606588,-2.0,4.0,-100.0
1775973778.4706588,0.0,1.0,-106.0
1775973778.4806588,-1.0,-2.0,-111.0
1775973778.4906588,-2.0,-4.0,-108.0
1775973778.500659,0.0,-3.0,-102.0
1775973778.510659,4.0,-5.0,-104.0
1775973778.520659,1.0,-8.0,-97.0
1775973778.530659,5.0,-6.0,-102.0
1775973778.540659,7.0,-3.0,-105.0
1775973778.550659,7.0,-1.0,-109.0
1775973778.560659,4.0,0.0,-116.0
1775973778.570659,0.0,1.0,-115.0
1775973778.580659,-4.0,0.0,-115.0
1775973778.590659,-2.0,-1.0,-112.0
1775973778.6016588,1.0,0.0,-112.0
1775973778.6116588,0.0,0.0,-109.0
1775973778.6216588,0.0,-2.0,-111.0
1775973778.6316588,0.0,-1.0,-112.0
1775973778.6416588,-2.0,-1.0,-113.0
1775973778.6516588,-2.0,-3.0,-118.0
1775973778.6616588,1.0,-2.0,-119.0
1775973778.671659,3.0,-3.0,-119.0
1775973778.681659,4.0,-2.0,-116.0
1775973778.691659,5.0,-1.0,-107.0
1775973778.701659,6.0,-5.0,-97.0
1775973778.711659,0.0,-4.0,-94.0
1775973778.721659,0.0,-5.0,-97.0
1775973778.731659,0.0,-5.0,-98.0
1775973778.741659,-2.0,-3.0,-100.0
1775973778.751659,0.0,-3.0,-97.0
1775973778.761659,3.0,0.0,-104.0
1775973778.771659,2.0,0.0,-103.0
1775973778.781659,0.0,-1.0,-107.0
1775973778.7916589,1.0,4.0,-108.0
1775973778.8016589,-1.0,3.0,-110.0
1775973778.8116589,0.0,4.0,-107.0
1775973778.8216588,4.0,2.0,-108.0
1775973778.8316588,5.0,2.0,-110.0
1775973778.8416588,4.0,1.0,-109.0
1775973778.8516588,2.0,0.0,-113.0
1775973778.8616588,0.0,-3.0,-113.0
1775973778.8716588,3.0,-4.0,-117.0
1775973778.8816588,-1.0,-6.0,-118.0
1775973778.8916588,0.0,-4.0,-111.0
1775973778.9016588,1.0,-6.0,-101.0
1775973778.9116588,2.0,-6.0,-103.0
1775973778.921659,4.0,-5.0,-97.0
1775973778.931659,9.0,-5.0,-95.0
1775973778.941659,8.0,0.0,-93.0
1775973778.951659,6.0,-1.0,-90.0
1775973778.961659,7.0,-2.0,-98.0
1775973778.971659,4.0,1.0,-101.0
1775973778.981659,0.0,0.0,-104.0
1775973778.991659,-2.0,4.0,-101.0
1775973779.001659,-1.0,6.0,-103.0
1775973779.011659,0.0,2.0,-106.0
1775973779.021659,-5.0,4.0,-109.0
1775973779.031659,-7.0,0.0,-109.0
1775973779.0416589,-5.0,-3.0,-114.0
1775973779.0516589,-4.0,-2.0,-109.0
1775973779.0616589,3.0,-4.0,-112.0
1775973779.0716588,1.0,-3.0,-110.0
1775973779.0816588,1.0,0.0,-116.0
1775973779.0916588,2.0,-1.0,-117.0
1775973779.1016588,3.0,-3.0,-115.0
1775973779.1116588,0.0,-6.0,-115.0
1775973779.1216588,0.0,-5.0,-122.0
1775973779.1316588,-1.0,-10.0,-119.0
1775973779.1416588,-6.0,-11.0,-107.0
1775973779.1516588,-6.0,-12.0,-104.0
1775973779.1616588,0.0,-11.0,-104.0
1775973779.171659,0.0,-5.0,-106.0
1775973779.181659,-2.0,-3.0,-105.0
1775973779.191659,2.0,0.0,-106.0
1775973779.201659,4.0,1.0,-104.0
1775973779.211659,5.0,-1.0,-101.0
1775973779.221659,3.0,-6.0,-100.0
1775973779.231659,-1.0,-5.0,-110.0
1775973779.241659,-1.0,-6.0,-112.0
1775973779.251659,-3.0,-1.0,-109.0
1775973779.261659,-4.0,0.0,-110.0
1775973779.271659,-1.0,-2.0,-111.0
1775973779.281659,-8.0,-3.0,-109.0
1775973779.2916589,-4.0,-1.0,-104.0
1775973779.3016589,0.0,-1.0,-105.0
1775973779.3116589,0.0,-2.0,-97.0
1775973779.3216588,0.0,0.0,-98.0
1775973779.3316588,-2.0,-2.0,-101.0
1775973779.3416588,0.0,-3.0,-102.0
1775973779.3516588,-5.0,0.0,-103.0
1775973779.3616588,-3.0,0.0,-113.0
1775973779.3716588,-2.0,0.0,-109.0
1775973779.3816588,0.0,0.0,-107.0
1775973779.3916588,1.0,-2.0,-105.0
1775973779.4016588,0.0,-5.0,-109.0
1775973779.4116588,2.0,-3.0,-111.0
1775973779.421659,0.0,-3.0,-106.0
1775973779.432659,-2.0,-4.0,-100.0
1775973779.441659,-3.0,-5.0,-96.0
1775973779.451659,-3.0,-5.0,-94.0
1775973779.461659,-5.0,-2.0,-98.0
1775973779.471659,-8.0,0.0,-102.0
1775973779.481659,-3.0,0.0,-98.0
1775973779.491659,0.0,0.0,-100.0
1775973779.501659,0.0,1.0,-104.0
1775973779.511659,3.0,3.0,-110.0
1775973779.521659,0.0,2.0,-110.0
1775973779.531659,3.0,2.0,-116.0
1775973779.5416589,3.0,1.0,-119.0
1775973779.5516589,1.0,1.0,-124.0
1775973779.5616589,0.0,2.0,-118.0
1775973779.5716588,2.0,3.0,-111.0
1775973779.5816588,2.0,1.0,-109.0
1775973779.5916588,6.0,0.0,-107.0
1775973779.6016588,7.0,0.0,-104.0
1775973779.6116588,8.0,2.0,-98.0
1775973779.6216588,4.0,5.0,-103.0
1775973779.6316588,0.0,3.0,-95.0
1775973779.6416588,-2.0,4.0,-98.0
1775973779.6516588,0.0,2.0,-91.0
1775973779.6616588,0.0,-2.0,-96.0
1775973779.671659,0.0,-6.0,-94.0
1775973779.681659,1.0,-8.0,-93.0
1775973779.691659,0.0,-10.0,-96.0
1775973779.701659,4.0,-3.0,-101.0
1775973779.711659,2.0,-5.0,-100.0
1775973779.721659,1.0,-1.0,-108.0
1775973779.731659,3.0,-4.0,-106.0
1775973779.741659,6.0,-5.0,-102.0
1775973779.751659,4.0,-1.0,-101.0
1775973779.761659,3.0,0.0,-102.0
1775973779.771659,5.0,-1.0,-99.0
1775973779.781659,4.0,-3.0,-108.0
1775973779.7916589,2.0,-1.0,-107.0
1775973779.8016589,-4.0,-2.0,-109.0
1775973779.8116589,-1.0,-1.0,-105.0
1775973779.8216588,-3.0,-3.0,-104.0
1775973779.8316588,-4.0,-4.0,-101.0
1775973779.8416588,-3.0,-3.0,-102.0
1775973779.8516588,0.0,-1.0,-100.0
1775973779.8616588,0.0,2.0,-102.0
1775973779.8716588,0.0,2.0,-110.0
1775973779.8816588,4.0,4.0,-114.0
1775973779.8916588,0.0,2.0,-111.0
1775973779.9016588,-2.0,1.0,-116.0
1775973779.9116588,0.0,0.0,-118.0
1775973779.921659,0.0,2.0,-118.0
1775973779.931659,0.0,3.0,-114.0
1775973779.941659,2.0,3.0,-117.0
1775973779.951659,1.0,0.0,-119.0
1775973779.961659,0.0,0.0,-123.0
1775973779.971659,-7.0,0.0,-119.0
1775973779.981659,-6.0,-1.0,-115.0
1775973779.991659,-5.0,-5.0,-114.0
1775973780.001659,-3.0,-5.0,-116.0
1775973780.011659,-3.0,-4.0,-116.0
1775973780.021659,0.0,1.0,-116.0
1775973780.031659,1.0,-2.0,-115.0
1775973780.0416589,2.0,0.0,-109.0
1775973780.0516589,4.0,-3.0,-108.0
1775973780.0616589,5.0,-6.0,-110.0
1775973780.0716588,2.0,-3.0,-103.0
1775973780.0816588,0.0,-3.0,-104.0
1775973780.0916588,-5.0,-4.0,-106.0
1775973780.1016588,-6.0,-5.0,-107.0
1775973780.1116588,-6.0,0.0,-107.0
1775973780.1216588,-8.0,0.0,-97.0
1775973780.1316588,0.0,0.0,-100.0
1775973780.1416588,3.0,-1.0,-101.0
1775973780.1516588,5.0,-2.0,-106.0
1775973780.1616588,-1.0,-1.0,-104.0
1775973780.171659,-4.0,-5.0,-108.0
1775973780.181659,-3.0,-1.0,-109.0
1775973780.191659,-3.0,0.0,-108.0
1775973780.201659,-5.0,0.0,-117.0
1775973780.211659,-5.0,3.0,-115.0
1775973780.221659,-7.0,5.0,-110.0
1775973780.231659,-7.0,1.0,-113.0
1775973780.241659,0.0,-1.0,-108.0
1775973780.251659,0.0,-5.0,-108.0
1775973780.261659,1.0,-1.0,-115.0
1775973780.271659,0.0,0.0,-115.0
1775973780.281659,0.0,0.0,-112.0
1775973780.2916589,3.0,0.0,-115.0
1775973780.3016589,2.0,-1.0,-117.0
1775973780.3116589,0.0,-4.0,-120.0
1775973780.3216588,-1.0,-1.0,-114.0
1775973780.3316588,0.0,-1.0,-114.0
1775973780.3416588,0.0,-1.0,-105.0
1775973780.3516588,5.0,5.0,-106.0
1775973780.3616588,0.0,1.0,-107.0
1775973780.3716588,-5.0,4.0,-104.0
1775973780.3816588,-8.0,5.0,-104.0
1775973780.3916588,-4.0,2.0,-104.0
1775973780.4016588,-9.0,-2.0,-98.0
1775973780.4116588,-2.0,-1.0,-96.0
1775973780.421659,0.0,-1.0,-100.0
1775973780.431659,4.0,-1.0,-104.0
1775973780.441659,2.0,-1.0,-106.0
1775973780.451659,4.0,-2.0,-104.0
1775973780.461659,2.0,0.0,-101.0
1775973780.471659,1.0,-3.0,-97.0
1775973780.481659,1.0,0.0,-98.0
1775973780.491659,0.0,2.0,-106.0
1775973780.501659,0.0,5.0,-102.0
1775973780.511659,-6.0,3.0,-103.0
1775973780.521659,-9.0,4.0,-106.0
1775973780.531659,-3.0,0.0,-102.0
1775973780.5416589,-5.0,-4.0,-104.0
1775973780.5516589,0.0,1.0,-106.0
1775973780.5616589,-1.0,1.0,-106.0
1775973780.5716588,-2.0,1.0,-104.0
1775973780.5816588,0.0,0.0,-111.0
1775973780.5916588,1.0,0.0,-111.0
1775973780.6016588,2.0,1.0,-110.0
1775973780.612659,-2.0,3.0,-108.0
1775973780.6216588,0.0,6.0,-107.0
1775973780.6316588,3.0,3.0,-106.0
1775973780.642659,5.0,0.0,-107.0
1775973780.6516588,4.0,2.0,-107.0
1775973780.662659,1.0,4.0,-107.0
1775973780.672659,1.0,5.0,-101.0
1775973780.682659,0.0,3.0,-101.0
1775973780.692659,-2.0,3.0,-102.0
1775973780.702659,4.0,0.0,-101.0
1775973780.712659,7.0,2.0,-102.0
1775973780.7226589,1.0,0.0,-104.0
1775973780.7326589,5.0,0.0,-109.0
1775973780.7426589,6.0,-5.0,-113.0
1775973780.7526588,3.0,-1.0,-114.0
1775973780.7626588,0.0,4.0,-111.0
1775973780.7726588,0.0,3.0,-118.0
1775973780.7826588,2.0,0.0,-119.0
1775973780.7926588,3.0,-1.0,-117.0
1775973780.8026588,5.0,-1.0,-112.0
1775973780.8126588,6.0,-4.0,-112.0
1775973780.8226588,9.0,-1.0,-111.0
1775973780.8326588,8.0,0.0,-110.0
1775973780.8426588,7.0,-3.0,-110.0
1775973780.852659,10.0,-2.0,-110.0
1775973780.862659,6.0,-2.0,-109.0
1775973780.872659,2.0,-3.0,-104.0
1775973780.882659,3.0,-3.0,-109.0
1775973780.892659,0.0,0.0,-110.0
1775973780.902659,0.0,-1.0,-108.0
1775973780.912659,-1.0,-3.0,-111.0
1775973780.922659,-3.0,-3.0,-110.0
1775973780.932659,-1.0,-1.0,-106.0
1775973780.942659,-1.0,-5.0,-107.0
1775973780.952659,-1.0,-8.0,-106.0
1775973780.962659,0.0,-6.0,-103.0
1775973780.9726589,-1.0,-5.0,-112.0
1775973780.9826589,4.0,-1.0,-107.0
1775973780.9926589,1.0,-6.0,-107.0
1775973781.0026588,0.0,-9.0,-106.0
1775973781.0126588,-3.0,-8.0,-112.0
1775973781.0226588,-8.0,-8.0,-111.0
1775973781.0326588,-5.0,-5.0,-112.0
1775973781.0426588,-3.0,-3.0,-111.0
1775973781.0526588,3.0,-3.0,-107.0
1775973781.0626588,2.0,-3.0,-103.0
1775973781.0726588,0.0,-4.0,-98.0
1775973781.0826588,3.0,0.0,-95.0
1775973781.0926588,5.0,0.0,-97.0
1775973781.102659,3.0,-3.0,-95.0
1775973781.112659,-4.0,-1.0,-106.0
1775973781.122659,-8.0,3.0,-101.0
1775973781.132659,-9.0,-2.0,-103.0
1775973781.142659,-8.0,-5.0,-103.0
1775973781.152659,-10.0,-6.0,-98.0
1775973781.162659,-12.0,-5.0,-101.0
1775973781.172659,-13.0,-8.0,-110.0
1775973781.182659,-10.0,-8.0,-116.0
1775973781.192659,-6.0,-7.0,-114.0
1775973781.202659,-5.0,-1.0,-118.0
1775973781.212659,-6.0,-8.0,-120.0
1775973781.2226589,-3.0,-4.0,-127.0
1775973781.2326589,-2.0,0.0,-124.0
1775973781.2426589,0.0,-3.0,-120.0
1775973781.2526588,-4.0,-1.0,-115.0
1775973781.2626588,-1.0,1.0,-116.0
1775973781.2726588,-5.0,3.0,-110.0
1775973781.2826588,0.0,1.0,-109.0
1775973781.2926588,-6.0,0.0,-114.0
1775973781.3026588,-6.0,3.0,-112.0
1775973781.3126588,-3.0,7.0,-117.0
1775973781.3226588,-6.0,5.0,-118.0
1775973781.3326588,-8.0,6.0,-113.0
1775973781.3426588,-8.0,4.0,-111.0
1775973781.352659,-2.0,0.0,-110.0
1775973781.362659,1.0,-3.0,-113.0
1775973781.372659,2.0,-6.0,-113.0
1775973781.382659,3.0,-2.0,-112.0
1775973781.392659,4.0,-3.0,-112.0
1775973781.402659,5.0,-1.0,-114.0
1775973781.412659,2.0,1.0,-110.0
1775973781.422659,1.0,0.0,-102.0
1775973781.432659,-3.0,-3.0,-103.0
1775973781.442659,-2.0,0.0,-109.0
1775973781.452659,1.0,1.0,-107.0
1775973781.462659,-2.0,2.0,-106.0
1775973781.4726589,-3.0,3.0,-109.0
1775973781.4826589,-3.0,1.0,-105.0
1775973781.4926589,-4.0,2.0,-99.0
1775973781.5026588,-7.0,3.0,-93.0
1775973781.5126588,-8.0,4.0,-95.0
1775973781.5226588,-10.0,4.0,-98.0
1775973781.5326588,0.0,3.0,-94.0
1775973781.5426588,-2.0,0.0,-99.0
1775973781.5526588,-5.0,-3.0,-100.0
1775973781.5626588,0.0,-2.0,-101.0
1775973781.5726588,5.0,-3.0,-106.0
1775973781.5826588,7.0,-7.0,-101.0
1775973781.5926588,3.0,-4.0,-104.0
1775973781.602659,-1.0,-1.0,-108.0
1775973781.612659,1.0,1.0,-112.0
1775973781.622659,-3.0,0.0,-112.0
1775973781.632659,0.0,-4.0,-117.0
1775973781.642659,-2.0,-5.0,-109.0
1775973781.652659,0.0,-4.0,-107.0
1775973781.662659,0.0,-4.0,-107.0
1775973781.672659,-4.0,-6.0,-106.0
1775973781.682659,-7.0,-1.0,-105.0
1775973781.692659,-8.0,0.0,-102.0
1775973781.702659,-8.0,0.0,-102.0
1775973781.712659,-8.0,1.0,-105.0
1775973781.7226589,-9.0,1.0,-112.0
1775973781.7326589,-8.0,0.0,-111.0
1775973781.7426589,-7.0,1.0,-112.0
1775973781.7526588,-4.0,-3.0,-112.0
1775973781.7626588,0.0,-1.0,-112.0
1775973781.7726588,1.0,-1.0,-110.0
1775973781.7826588,5.0,-2.0,-104.0
1775973781.7926588,5.0,-2.0,-107.0
1775973781.8026588,6.0,-3.0,-105.0
1775973781.8126588,3.0,-2.0,-105.0
1775973781.8226588,0.0,1.0,-103.0
1775973781.8326588,0.0,4.0,-104.0
1775973781.8426588,-1.0,2.0,-100.0
1775973781.852659,0.0,6.0,-97.0
1775973781.862659,1.0,3.0,-105.0
1775973781.872659,2.0,-1.0,-108.0
1775973781.882659,0.0,-3.0,-108.0
1775973781.892659,4.0,-3.0,-109.0
1775973781.902659,7.0,-4.0,-100.0
1775973781.912659,8.0,-3.0,-109.0
1775973781.922659,9.0,-4.0,-112.0
1775973781.932659,7.0,-6.0,-112.0
1775973781.942659,7.0,-4.0,-108.0
1775973781.952659,5.0,-1.0,-106.0
1775973781.962659,3.0,0.0,-100.0
1775973781.9726589,4.0,-1.0,-102.0
1775973781.9826589,2.0,1.0,-100.0
1775973781.9926589,-2.0,0.0,-111.0
1775973782.0026588,0.0,0.0,-113.0
1775973782.0126588,-1.0,2.0,-116.0
1775973782.0226588,0.0,-2.0,-114.0
1775973782.0326588,-3.0,0.0,-113.0
1775973782.0426588,-4.0,0.0,-111.0
1775973782.0526588,-6.0,0.0,-109.0
1775973782.0626588,-5.0,3.0,-108.0
1775973782.0726588,-2.0,0.0,-112.0
1775973782.0826588,2.0,-1.0,-109.0
1775973782.0926588,2.0,2.0,-112.0
1775973782.102659,-1.0,0.0,-114.0
1775973782.112659,0.0,-1.0,-119.0
1775973782.122659,3.0,-1.0,-121.0
1775973782.132659,0.0,-1.0,-122.0
1775973782.142659,0.0,-5.0,-118.0
1775973782.152659,1.0,-4.0,-119.0
1775973782.162659,1.0,-6.0,-116.0
1775973782.172659,0.0,-10.0,-109.0
1775973782.182659,-4.0,-10.0,-110.0
1775973782.192659,-7.0,-6.0,-110.0
1775973782.202659,-7.0,-9.0,-110.0
1775973782.212659,-6.0,-10.0,-103.0
1775973782.2226589,-4.0,-14.0,-107.0
1775973782.2326589,-7.0,-13.0,-110.0
1775973782.2426589,-11.0,-12.0,-115.0
1775973782.2526588,-5.0,-8.0,-119.0
1775973782.2626588,-4.0,-9.0,-120.0
1775973782.2726588,-5.0,-8.0,-122.0
1775973782.2826588,-1.0,-2.0,-119.0
1775973782.2926588,1.0,-4.0,-122.0
1775973782.3026588,7.0,-2.0,-117.0
1775973782.3126588,3.0,0.0,-123.0
1775973782.3226588,2.0,3.0,-123.0
1775973782.3326588,3.0,2.0,-111.0
1775973782.3426588,0.0,0.0,-102.0
1775973782.352659,0.0,3.0,-101.0
1775973782.362659,-4.0,1.0,-109.0
1775973782.372659,-6.0,-1.0,-115.0
1775973782.382659,-5.0,0.0,-108.0
1775973782.392659,-1.0,0.0,-110.0
1775973782.402659,0.0,0.0,-112.0
1775973782.412659,5.0,-1.0,-110.0
1775973782.422659,3.0,-1.0,-105.0
1775973782.432659,0.0,-2.0,-100.0
1775973782.442659,1.0,-3.0,-102.0
1775973782.452659,2.0,-1.0,-101.0
1775973782.462659,2.0,-5.0,-107.0
1775973782.4726589,0.0,-3.0,-106.0
1775973782.4826589,1.0,-3.0,-103.0
1775973782.4926589,1.0,0.0,-103.0
1775973782.5026588,0.0,0.0,-107.0
1775973782.5126588,0.0,0.0,-107.0
1775973782.5226588,-1.0,-3.0,-104.0
1775973782.5326588,0.0,-8.0,-103.0
1775973782.5426588,1.0,-10.0,-96.0
1775973782.5526588,0.0,-10.0,-99.0
1775973782.5626588,1.0,-9.0,-102.0
1775973782.5726588,3.0,-6.0,-108.0
1775973782.5826588,4.0,-5.0,-109.0
1775973782.5926588,0.0,-6.0,-105.0
1775973782.602659,-2.0,-5.0,-108.0
1775973782.612659,0.0,-3.0,-115.0
1775973782.622659,-1.0,-4.0,-111.0
1775973782.632659,-5.0,-3.0,-110.0
1775973782.642659,-8.0,-1.0,-108.0
1775973782.652659,-8.0,0.0,-110.0
1775973782.662659,-2.0,0.0,-108.0
1775973782.672659,-1.0,-2.0,-110.0
1775973782.682659,0.0,-2.0,-108.0
1775973782.692659,-1.0,-2.0,-100.0
1775973782.702659,1.0,1.0,-98.0
1775973782.7136588,-4.0,1.0,-107.0
1775973782.7236588,-3.0,1.0,-109.0
1775973782.7336588,-7.0,1.0,-111.0
1775973782.7436588,-4.0,-3.0,-110.0
1775973782.7536588,-1.0,-5.0,-106.0
1775973782.7636588,-3.0,-9.0,-114.0
1775973782.773659,-1.0,-10.0,-121.0
1775973782.783659,2.0,-6.0,-120.0
1775973782.793659,4.0,-5.0,-118.0
1775973782.803659,0.0,-9.0,-117.0
1775973782.813659,2.0,-8.0,-114.0
1775973782.823659,-1.0,-7.0,-108.0
1775973782.833659,0.0,-7.0,-106.0
1775973782.843659,1.0,-5.0,-104.0
1775973782.853659,0.0,-9.0,-108.0
1775973782.863659,2.0,-9.0,-106.0
1775973782.873659,1.0,-7.0,-103.0
1775973782.883659,6.0,-4.0,-100.0
1775973782.8936589,7.0,-1.0,-106.0
1775973782.9036589,6.0,-2.0,-106.0
1775973782.9136589,2.0,-1.0,-98.0
1775973782.9236588,0.0,-5.0,-102.0
1775973782.9336588,1.0,-4.0,-104.0
1775973782.9436588,0.0,-5.0,-109.0
1775973782.9536588,-3.0,-3.0,-106.0
1775973782.9636588,0.0,-3.0,-108.0
1775973782.9736588,0.0,-3.0,-112.0
1775973782.9836588,1.0,-2.0,-107.0
1775973782.9936588,1.0,-1.0,-110.0
1775973783.0036588,-2.0,0.0,-110.0
1775973783.0136588,-4.0,-3.0,-111.0
1775973783.023659,-5.0,-6.0,-114.0
1775973783.033659,-6.0,-2.0,-112.0
1775973783.043659,-9.0,-1.0,-105.0
1775973783.053659,-7.0,0.0,-103.0
1775973783.063659,-10.0,2.0,-110.0
1775973783.073659,-7.0,2.0,-104.0
1775973783.083659,-5.0,4.0,-108.0
1775973783.093659,-2.0,0.0,-102.0
1775973783.103659,3.0,-2.0,-105.0
1775973783.113659,6.0,0.0,-109.0
1775973783.123659,9.0,0.0,-110.0
1775973783.133659,3.0,0.0,-114.0
1775973783.1436589,0.0,-1.0,-111.0
1775973783.1536589,-3.0,-1.0,-110.0
1775973783.1636589,-4.0,-3.0,-108.0
1775973783.1736588,-3.0,-2.0,-114.0
1775973783.1836588,-1.0,1.0,-104.0
1775973783.1936588,1.0,6.0,-101.0
1775973783.2036588,4.0,3.0,-94.0
1775973783.2136588,4.0,0.0,-93.0
1775973783.2236588,4.0,0.0,-96.0
1775973783.2336588,4.0,2.0,-98.0
1775973783.2436588,7.0,0.0,-103.0
1775973783.254659,7.0,0.0,-110.0
1775973783.2636588,10.0,0.0,-113.0
1775973783.273659,14.0,-3.0,-121.0
1775973783.283659,13.0,-7.0,-118.0
1775973783.293659,7.0,-4.0,-118.0
1775973783.303659,8.0,-6.0,-116.0
1775973783.313659,4.0,-4.0,-111.0
1775973783.323659,5.0,0.0,-112.0
1775973783.333659,6.0,0.0,-109.0
1775973783.343659,4.0,1.0,-111.0
1775973783.353659,0.0,4.0,-114.0
1775973783.363659,-4.0,0.0,-114.0
1775973783.373659,0.0,3.0,-112.0
1775973783.383659,3.0,4.0,-113.0
1775973783.3936589,4.0,2.0,-110.0
1775973783.4036589,3.0,1.0,-107.0
1775973783.4136589,4.0,-1.0,-109.0
1775973783.4236588,-4.0,3.0,-109.0
1775973783.4336588,-7.0,3.0,-106.0
1775973783.4436588,-3.0,1.0,-102.0
1775973783.4536588,1.0,1.0,-104.0
1775973783.4636588,1.0,2.0,-108.0
1775973783.4736588,0.0,0.0,-107.0
1775973783.4836588,0.0,-1.0,-113.0
1775973783.4936588,-3.0,1.0,-108.0
1775973783.5036588,0.0,2.0,-103.0
1775973783.5136588,-1.0,0.0,-103.0
1775973783.523659,-2.0,0.0,-97.0
1775973783.533659,-2.0,2.0,-101.0
1775973783.543659,0.0,1.0,-103.0
1775973783.553659,1.0,1.0,-99.0
1775973783.563659,3.0,0.0,-100.0
1775973783.573659,-1.0,0.0,-103.0
1775973783.583659,-4.0,-3.0,-101.0
1775973783.593659,-6.0,0.0,-98.0
1775973783.603659,-6.0,1.0,-105.0
1775973783.613659,-1.0,-2.0,-103.0
1775973783.623659,-4.0,1.0,-102.0
1775973783.633659,-3.0,0.0,-101.0
1775973783.6436589,-3.0,1.0,-104.0
1775973783.6536589,-5.0,2.0,-108.0
1775973783.6636589,-4.0,3.0,-106.0
1775973783.6736588,-7.0,0.0,-104.0
1775973783.6836588,-5.0,-2.0,-103.0
1775973783.6936588,-7.0,-5.0,-105.0
1775973783.7036588,-5.0,-11.0,-104.0
1775973783.7136588,-4.0,-10.0,-112.0
1775973783.7236588,-5.0,-6.0,-110.0
1775973783.7336588,-1.0,-7.0,-107.0
1775973783.7436588,3.0,-9.0,-111.0
1775973783.7536588,1.0,-6.0,-105.0
1775973783.7636588,3.0,-1.0,-108.0
1775973783.773659,7.0,-2.0,-106.0
1775973783.783659,4.0,-2.0,-112.0
1775973783.793659,3.0,-4.0,-115.0
1775973783.803659,3.0,-3.0,-112.0
1775973783.813659,3.0,-3.0,-121.0
1775973783.823659,-1.0,-3.0,-124.0
1775973783.833659,0.0,-1.0,-122.0
1775973783.843659,2.0,1.0,-121.0
1775973783.853659,5.0,1.0,-124.0
1775973783.863659,4.0,5.0,-120.0
1775973783.873659,5.0,4.0,-123.0
1775973783.883659,5.0,4.0,-121.0
1775973783.8936589,3.0,0.0,-115.0
1775973783.9036589,5.0,0.0,-114.0
1775973783.9136589,-2.0,-3.0,-114.0
1775973783.9236588,0.0,0.0,-121.0
1775973783.9336588,0.0,-2.0,-114.0
1775973783.9436588,-4.0,2.0,-113.0
1775973783.9536588,-4.0,0.0,-109.0
1775973783.9636588,-1.0,0.0,-107.0
1775973783.9736588,0.0,0.0,-107.0
1775973783.9836588,-1.0,-2.0,-107.0
1775973783.9936588,-4.0,0.0,-109.0
1775973784.0036588,-2.0,-1.0,-117.0
1775973784.0136588,-3.0,-7.0,-116.0
1775973784.023659,-3.0,-2.0,-112.0
1775973784.033659,0.0,1.0,-116.0
1775973784.043659,1.0,5.0,-108.0
1775973784.053659,0.0,4.0,-112.0
1775973784.063659,-1.0,3.0,-109.0
1775973784.073659,-1.0,1.0,-110.0
1775973784.083659,0.0,1.0,-109.0
1775973784.093659,-2.0,4.0,-118.0
1775973784.103659,-5.0,3.0,-121.0
1775973784.113659,-4.0,1.0,-116.0
1775973784.123659,-5.0,2.0,-112.0
1775973784.133659,-1.0,3.0,-110.0
1775973784.1436589,-1.0,3.0,-113.0
1775973784.1536589,-5.0,3.0,-111.0
1775973784.1636589,-9.0,2.0,-104.0
1775973784.1736588,-8.0,5.0,-101.0
1775973784.1836588,-3.0,3.0,-102.0
1775973784.1936588,-2.0,0.0,-103.0
1775973784.2036588,0.0,-6.0,-106.0
1775973784.2136588,0.0,-6.0,-102.0
1775973784.2236588,-1.0,-1.0,-105.0
1775973784.2336588,3.0,0.0,-108.0
1775973784.2436588,6.0,-2.0,-103.0
1775973784.2536588,3.0,-4.0,-104.0
1775973784.2636588,0.0,-5.0,-99.0
1775973784.273659,-1.0,-6.0,-101.0
1775973784.283659,-1.0,-9.0,-105.0
1775973784.293659,-1.0,-9.0,-113.0
1775973784.303659,-1.0,-7.0,-118.0
1775973784.313659,-5.0,-6.0,-113.0
1775973784.323659,-6.0,-5.0,-108.0
1775973784.333659,-5.0,-8.0,-111.0
1775973784.343659,-9.0,-5.0,-113.0
1775973784.353659,-3.0,-5.0,-110.0
1775973784.363659,1.0,-3.0,-108.0
1775973784.373659,0.0,-2.0,-107.0
1775973784.383659,0.0,-2.0,-112.0
1775973784.3936589,0.0,-4.0,-114.0
1775973784.4036589,0.0,-7.0,-117.0
1775973784.4136589,-3.0,-6.0,-112.0
1775973784.4236588,0.0,-7.0,-105.0
1775973784.4336588,1.0,-6.0,-109.0
1775973784.4436588,4.0,-10.0,-114.0
1775973784.4536588,0.0,-8.0,-115.0
1775973784.4636588,0.0,-6.0,-115.0
1775973784.4736588,0.0,-4.0,-110.0
1775973784.4836588,-1.0,-6.0,-107.0
1775973784.4936588,-3.0,-6.0,-102.0
1775973784.5036588,-9.0,-6.0,-96.0
1775973784.5136588,-8.0,-7.0,-100.0
1775973784.523659,-3.0,-7.0,-103.0
1775973784.533659,0.0,-8.0,-109.0
1775973784.543659,-1.0,-9.0,-109.0
1775973784.553659,-2.0,-7.0,-105.0
1775973784.563659,-1.0,-5.0,-107.0
1775973784.573659,-6.0,-2.0,-111.0
1775973784.583659,-7.0,-3.0,-109.0
1775973784.593659,-9.0,-3.0,-107.0
1775973784.603659,-11.0,-4.0,-106.0
1775973784.613659,-6.0,0.0,-107.0
1775973784.623659,-3.0,-1.0,-104.0
1775973784.633659,0.0,2.0,-111.0
1775973784.6436589,2.0,3.0,-115.0
1775973784.6536589,2.0,3.0,-111.0
1775973784.6636589,5.0,0.0,-102.0
1775973784.6736588,2.0,2.0,-103.0
1775973784.6836588,0.0,-1.0,-107.0
1775973784.6936588,5.0,0.0,-106.0
1775973784.7036588,4.0,0.0,-100.0
1775973784.7136588,3.0,-1.0,-108.0
1775973784.7236588,2.0,-1.0,-109.0
1775973784.7336588,0.0,-4.0,-107.0
1775973784.744659,1.0,-2.0,-109.0
1775973784.754659,4.0,-2.0,-116.0
1775973784.764659,1.0,0.0,-115.0
1775973784.774659,-2.0,2.0,-114.0
1775973784.784659,-7.0,1.0,-118.0
1775973784.794659,-9.0,0.0,-118.0
1775973784.804659,-11.0,-6.0,-115.0
1775973784.8146589,-11.0,-8.0,-111.0
1775973784.8246589,-5.0,-4.0,-108.0
1775973784.8346589,-3.0,0.0,-105.0
1775973784.8446589,-3.0,-2.0,-95.0
1775973784.8546588,0.0,-4.0,-97.0
1775973784.8646588,-1.0,-6.0,-97.0
1775973784.8746588,-1.0,-5.0,-101.0
1775973784.8846588,-4.0,-5.0,-103.0
1775973784.8946588,-5.0,-3.0,-107.0
1775973784.9046588,-5.0,1.0,-99.0
1775973784.9146588,-9.0,0.0,-100.0
1775973784.9246588,-6.0,0.0,-100.0
1775973784.9346588,0.0,2.0,-104.0
1775973784.944659,1.0,1.0,-106.0
1775973784.954659,2.0,0.0,-117.0
1775973784.964659,0.0,1.0,-113.0
1775973784.974659,-1.0,3.0,-112.0
1775973784.984659,-2.0,3.0,-106.0
1775973784.994659,-7.0,2.0,-104.0
1775973785.004659,-5.0,1.0,-108.0
1775973785.014659,-3.0,0.0,-106.0
1775973785.024659,-4.0,-1.0,-109.0
1775973785.034659,-4.0,-1.0,-114.0
1775973785.044659,-2.0,4.0,-107.0
1775973785.054659,-1.0,1.0,-109.0
1775973785.0646589,1.0,-1.0,-103.0
1775973785.0746589,-2.0,-2.0,-100.0
1775973785.0846589,-2.0,-7.0,-110.0
1775973785.0946589,-6.0,-5.0,-104.0
1775973785.1046588,-6.0,-6.0,-102.0
1775973785.1146588,-3.0,-6.0,-99.0
1775973785.1246588,-3.0,-3.0,-102.0
1775973785.1346588,-3.0,-1.0,-103.0
1775973785.1446588,-2.0,-5.0,-97.0
1775973785.1546588,-2.0,-7.0,-104.0
1775973785.1646588,-6.0,-6.0,-102.0
1775973785.1746588,-4.0,2.0,-102.0
1775973785.1846588,-6.0,4.0,-100.0
1775973785.194659,-7.0,0.0,-98.0
1775973785.204659,-3.0,-2.0,-103.0
1775973785.214659,2.0,-6.0,-106.0
1775973785.224659,5.0,-4.0,-105.0
1775973785.234659,0.0,0.0,-104.0
1775973785.244659,-5.0,-2.0,-104.0
1775973785.2556589,-4.0,-1.0,-106.0
1775973785.264659,-1.0,-1.0,-99.0
1775973785.274659,1.0,-1.0,-101.0
1775973785.284659,0.0,-5.0,-107.0
1775973785.294659,0.0,-9.0,-105.0
1775973785.304659,0.0,-7.0,-109.0
1775973785.3146589,0.0,-6.0,-112.0
1775973785.3246589,-2.0,-3.0,-108.0
1775973785.3346589,-3.0,-5.0,-108.0
1775973785.3446589,-4.0,-3.0,-107.0
1775973785.3546588,0.0,-3.0,-107.0
1775973785.3646588,0.0,2.0,-114.0
1775973785.3746588,-5.0,1.0,-114.0
1775973785.3846588,-8.0,-2.0,-113.0
1775973785.3946588,-13.0,0.0,-121.0
1775973785.4046588,-13.0,-1.0,-118.0
1775973785.4146588,-16.0,-3.0,-117.0
1775973785.4246588,-13.0,-5.0,-117.0
1775973785.4346588,-7.0,-4.0,-119.0
1775973785.444659,-4.0,0.0,-123.0
1775973785.454659,-2.0,1.0,-122.0
1775973785.464659,0.0,0.0,-123.0
1775973785.474659,1.0,0.0,-128.0
1775973785.484659,0.0,0.0,-122.0
1775973785.494659,1.0,-2.0,-116.0
1775973785.504659,4.0,0.0,-116.0
1775973785.514659,7.0,-3.0,-116.0
1775973785.524659,5.0,-2.0,-108.0
1775973785.534659,0.0,-1.0,-107.0
1775973785.544659,0.0,0.0,-108.0
1775973785.554659,1.0,-2.0,-117.0
1775973785.5646589,-3.0,1.0,-114.0
1775973785.5746589,-9.0,0.0,-110.0
1775973785.5846589,-7.0,-3.0,-99.0
1775973785.5946589,-5.0,0.0,-99.0
1775973785.6046588,-4.0,-6.0,-97.0
1775973785.6146588,-5.0,-2.0,-105.0
1775973785.6246588,-2.0,0.0,-114.0
1775973785.6346588,3.0,1.0,-110.0
1775973785.6446588,5.0,0.0,-111.0
1775973785.6546588,6.0,-4.0,-113.0
1775973785.6646588,5.0,-4.0,-110.0
1775973785.6746588,0.0,-1.0,-108.0
1775973785.6846588,0.0,0.0,-106.0
1775973785.694659,-2.0,-1.0,-99.0
1775973785.704659,-5.0,-2.0,-99.0
1775973785.714659,-1.0,-4.0,-102.0
1775973785.724659,0.0,-1.0,-99.0
1775973785.734659,0.0,-5.0,-105.0
1775973785.744659,1.0,-8.0,-111.0
1775973785.754659,0.0,-3.0,-116.0
1775973785.764659,-3.0,-1.0,-120.0
1775973785.774659,-6.0,-6.0,-124.0
1775973785.784659,-6.0,-7.0,-119.0
1775973785.794659,-1.0,-4.0,-117.0
1775973785.804659,-2.0,-3.0,-118.0
1775973785.8146589,0.0,-3.0,-122.0
1775973785.8246589,0.0,-1.0,-121.0
1775973785.8346589,4.0,-2.0,-116.0
1775973785.8446589,3.0,0.0,-112.0
1775973785.8546588,3.0,-1.0,-111.0
1775973785.8646588,5.0,0.0,-109.0
1775973785.8746588,1.0,-2.0,-106.0
1775973785.8846588,3.0,-7.0,-106.0
1775973785.8946588,2.0,-9.0,-108.0
1775973785.9046588,1.0,-6.0,-108.0
1775973785.9146588,0.0,-2.0,-110.0
1775973785.9246588,-4.0,-2.0,-114.0
1775973785.9346588,-3.0,-2.0,-106.0
1775973785.944659,1.0,-1.0,-104.0
1775973785.954659,0.0,-1.0,-104.0
1775973785.964659,2.0,2.0,-110.0
1775973785.974659,-1.0,7.0,-106.0
1775973785.984659,-2.0,5.0,-104.0
1775973785.994659,-5.0,3.0,-104.0
1775973786.004659,-7.0,5.0,-101.0
1775973786.014659,-5.0,3.0,-100.0
1775973786.024659,0.0,-1.0,-105.0
1775973786.034659,2.0,-4.0,-101.0
1775973786.044659,3.0,-5.0,-103.0
1775973786.054659,0.0,-10.0,-105.0
1775973786.0646589,1.0,-8.0,-110.0
1775973786.0746589,-1.0,-9.0,-107.0
1775973786.0846589,-1.0,-3.0,-106.0
1775973786.0946589,-4.0,-2.0,-105.0
1775973786.1046588,-7.0,-6.0,-115.0
1775973786.1146588,-7.0,-7.0,-112.0
1775973786.1246588,-7.0,-4.0,-111.0
1775973786.1346588,-7.0,-3.0,-111.0
1775973786.1446588,-4.0,-5.0,-112.0
1775973786.1546588,-2.0,-7.0,-102.0
1775973786.1646588,-3.0,-4.0,-100.0
1775973786.1746588,-5.0,-4.0,-103.0
1775973786.1846588,-3.0,-2.0,-101.0
1775973786.194659,-2.0,0.0,-100.0
1775973786.204659,-5.0,0.0,-101.0
1775973786.214659,-4.0,-1.0,-100.0
1775973786.224659,0.0,-2.0,-105.0
1775973786.234659,2.0,-3.0,-108.0
1775973786.244659,1.0,-6.0,-103.0
1775973786.254659,-2.0,-7.0,-98.0
1775973786.264659,-3.0,-6.0,-96.0
1775973786.274659,-8.0,-7.0,-99.0
1775973786.284659,-11.0,-2.0,-101.0
1775973786.294659,-8.0,-1.0,-107.0
1775973786.304659,-9.0,-1.0,-110.0
1775973786.3146589,-8.0,-2.0,-107.0
1775973786.3246589,-6.0,-1.0,-100.0
1775973786.3346589,-8.0,1.0,-102.0
1775973786.3446589,-5.0,1.0,-107.0
1775973786.3546588,-2.0,-1.0,-111.0
1775973786.3646588,-3.0,-4.0,-107.0
1775973786.3746588,0.0,-5.0,-112.0
1775973786.3846588,4.0,-6.0,-108.0
1775973786.3946588,1.0,-6.0,-110.0
1775973786.4046588,0.0,-4.0,-106.0
1775973786.4146588,1.0,-7.0,-108.0
1775973786.4246588,-2.0,-9.0,-114.0
1775973786.4346588,-2.0,-7.0,-118.0
1775973786.444659,0.0,-7.0,-108.0
1775973786.454659,0.0,-4.0,-102.0
1775973786.464659,-1.0,-3.0,-106.0
1775973786.474659,-4.0,-1.0,-106.0
1775973786.484659,-4.0,-2.0,-106.0
1775973786.494659,0.0,0.0,-108.0
1775973786.504659,0.0,0.0,-107.0
1775973786.514659,-3.0,-3.0,-100.0
1775973786.524659,-2.0,-6.0,-102.0
1775973786.534659,-1.0,-8.0,-110.0
1775973786.544659,0.0,-2.0,-118.0
1775973786.554659,-2.0,-2.0,-111.0
1775973786.5646589,0.0,-5.0,-112.0
1775973786.5746589,0.0,-5.0,-115.0
1775973786.5846589,1.0,0.0,-118.0
1775973786.5946589,3.0,2.0,-116.0
1775973786.6046588,-1.0,2.0,-114.0
1775973786.6146588,-2.0,2.0,-111.0
1775973786.6246588,-2.0,-3.0,-104.0
1775973786.6346588,0.0,1.0,-102.0
1775973786.6446588,-2.0,1.0,-103.0
1775973786.6546588,1.0,2.0,-106.0
1775973786.6646588,1.0,9.0,-109.0
1775973786.6746588,2.0,7.0,-112.0
1775973786.6846588,4.0,3.0,-115.0
1775973786.694659,2.0,2.0,-114.0
1775973786.704659,6.0,0.0,-107.0
1775973786.714659,3.0,-5.0,-111.0
1775973786.724659,2.0,-5.0,-112.0
1775973786.734659,1.0,-6.0,-110.0
1775973786.744659,3.0,-4.0,-113.0
1775973786.754659,6.0,-5.0,-115.0
1775973786.764659,1.0,-1.0,-113.0
1775973786.774659,0.0,-1.0,-117.0
1775973786.7856588,1.0,-3.0,-121.0
1775973786.7956588,-2.0,-2.0,-117.0
1775973786.8056588,3.0,1.0,-116.0
1775973786.8156588,1.0,-1.0,-112.0
1775973786.8256588,1.0,-6.0,-111.0
1775973786.8356588,5.0,-5.0,-117.0
1775973786.8456588,6.0,-3.0,-115.0
1775973786.8556588,4.0,0.0,-117.0
1775973786.8656588,3.0,4.0,-112.0
1775973786.875659,2.0,7.0,-112.0
1775973786.885659,0.0,9.0,-109.0
1775973786.895659,-2.0,10.0,-113.0
1775973786.905659,0.0,12.0,-108.0
1775973786.915659,2.0,8.0,-108.0
1775973786.925659,0.0,5.0,-116.0
1775973786.935659,0.0,0.0,-116.0
1775973786.945659,2.0,-5.0,-113.0
1775973786.955659,3.0,-5.0,-115.0
1775973786.965659,6.0,-5.0,-113.0
1775973786.975659,8.0,-2.0,-112.0
1775973786.985659,5.0,-5.0,-107.0
1775973786.9956589,2.0,-7.0,-110.0
1775973787.0056589,-2.0,-6.0,-118.0
1775973787.0156589,0.0,-8.0,-120.0
1775973787.0256588,-5.0,-5.0,-121.0
1775973787.0356588,-3.0,-4.0,-129.0
1775973787.0456588,-2.0,-5.0,-123.0
1775973787.0556588,0.0,0.0,-121.0
1775973787.0656588,6.0,0.0,-117.0
1775973787.0756588,0.0,0.0,-115.0
1775973787.0856588,0.0,-2.0,-114.0
1775973787.0956588,0.0,-4.0,-113.0
1775973787.1056588,0.0,-6.0,-120.0
1775973787.1156588,-3.0,-6.0,-113.0
1775973787.125659,-5.0,-8.0,-112.0
1775973787.135659,-8.0,-14.0,-115.0
1775973787.145659,-6.0,-13.0,-120.0
1775973787.155659,-8.0,-11.0,-120.0
1775973787.165659,-4.0,-13.0,-121.0
1775973787.175659,-5.0,-7.0,-119.0
1775973787.185659,-6.0,-3.0,-116.0
1775973787.195659,-4.0,-2.0,-109.0
1775973787.205659,-6.0,-4.0,-105.0
1775973787.215659,-10.0,-5.0,-106.0
1775973787.225659,-5.0,-4.0,-111.0
1775973787.235659,-1.0,-1.0,-113.0
1775973787.2456589,-1.0,-1.0,-114.0
1775973787.2556589,-6.0,-1.0,-112.0
1775973787.2656589,-6.0,-4.0,-117.0
1775973787.2756588,0.0,-1.0,-119.0
1775973787.2856588,-3.0,1.0,-118.0
1775973787.2956588,0.0,-1.0,-119.0
1775973787.3056588,3.0,-5.0,-112.0
1775973787.3156588,1.0,-3.0,-111.0
1775973787.3256588,-2.0,-5.0,-110.0
1775973787.3356588,-2.0,-2.0,-108.0
1775973787.3456588,-7.0,-2.0,-111.0
1775973787.3556588,-8.0,1.0,-117.0
1775973787.3656588,-1.0,5.0,-113.0
1775973787.375659,1.0,5.0,-114.0
1775973787.385659,5.0,0.0,-114.0
1775973787.395659,9.0,0.0,-114.0
1775973787.405659,8.0,0.0,-109.0
1775973787.415659,8.0,5.0,-107.0
1775973787.425659,7.0,3.0,-106.0
1775973787.435659,2.0,1.0,-104.0
1775973787.445659,3.0,-1.0,-97.0
1775973787.455659,-1.0,-5.0,-96.0
1775973787.465659,0.0,-4.0,-94.0
1775973787.475659,-6.0,-4.0,-92.0
1775973787.485659,-7.0,-7.0,-100.0
1775973787.4956589,-4.0,-5.0,-103.0
1775973787.5056589,0.0,-3.0,-105.0
1775973787.5156589,-1.0,0.0,-110.0
1775973787.5256588,3.0,0.0,-112.0
1775973787.5356588,0.0,3.0,-114.0
1775973787.5456588,2.0,0.0,-114.0
1775973787.5556588,1.0,-1.0,-112.0
1775973787.5656588,1.0,0.0,-107.0
1775973787.5756588,3.0,0.0,-115.0
1775973787.5856588,5.0,0.0,-115.0
1775973787.5956588,6.0,1.0,-122.0
1775973787.6056588,4.0,-2.0,-124.0
1775973787.6156588,5.0,-4.0,-113.0
1775973787.625659,2.0,-6.0,-112.0
1775973787.635659,4.0,-6.0,-108.0
1775973787.645659,6.0,-2.0,-109.0
1775973787.655659,2.0,0.0,-108.0
1775973787.665659,0.0,0.0,-109.0
1775973787.675659,2.0,2.0,-111.0
1775973787.685659,1.0,0.0,-109.0
1775973787.695659,3.0,-4.0,-110.0
1775973787.705659,0.0,0.0,-105.0
1775973787.715659,4.0,-1.0,-102.0
1775973787.725659,6.0,0.0,-94.0
1775973787.735659,8.0,1.0,-94.0
1775973787.7456589,3.0,-5.0,-101.0
1775973787.7556589,3.0,-2.0,-92.0
1775973787.7656589,0.0,-1.0,-95.0
1775973787.7756588,2.0,0.0,-101.0
1775973787.7856588,0.0,0.0,-100.0
1775973787.7956588,-2.0,-3.0,-106.0
1775973787.8056588,2.0,-3.0,-113.0
1775973787.8156588,0.0,-6.0,-110.0
1775973787.8256588,0.0,-2.0,-111.0
1775973787.8356588,2.0,-2.0,-114.0
1775973787.8456588,4.0,-5.0,-113.0
1775973787.8556588,4.0,-1.0,-106.0
1775973787.8656588,8.0,0.0,-107.0
1775973787.875659,7.0,-2.0,-107.0
1775973787.885659,9.0,-1.0,-109.0
1775973787.895659,7.0,-1.0,-110.0
1775973787.905659,4.0,4.0,-110.0
1775973787.915659,1.0,8.0,-109.0
1775973787.925659,0.0,5.0,-108.0
1775973787.935659,-2.0,6.0,-102.0
1775973787.945659,-4.0,3.0,-100.0
1775973787.955659,-6.0,3.0,-106.0
1775973787.965659,-9.0,2.0,-110.0
1775973787.975659,-7.0,2.0,-107.0
1775973787.985659,-8.0,0.0,-106.0
1775973787.9956589,-1.0,0.0,-111.0
1775973788.0056589,0.0,0.0,-107.0
1775973788.0156589,3.0,2.0,-107.0
1775973788.0256588,5.0,3.0,-104.0
1775973788.0356588,2.0,5.0,-96.0
1775973788.0456588,5.0,3.0,-93.0
1775973788.0556588,5.0,1.0,-91.0
1775973788.0656588,1.0,1.0,-96.0
1775973788.0756588,0.0,1.0,-97.0
1775973788.0856588,0.0,2.0,-102.0
1775973788.0956588,-1.0,-4.0,-102.0
1775973788.1056588,-5.0,-7.0,-105.0
1775973788.1156588,-7.0,-6.0,-103.0
1775973788.125659,-9.0,-5.0,-99.0
1775973788.135659,-4.0,-4.0,-103.0
1775973788.145659,-6.0,-2.0,-104.0
1775973788.155659,-7.0,-2.0,-107.0
1775973788.165659,-3.0,0.0,-103.0
1775973788.175659,-2.0,2.0,-108.0
1775973788.185659,0.0,7.0,-109.0
1775973788.195659,-1.0,5.0,-105.0
1775973788.205659,-2.0,4.0,-102.0
1775973788.215659,1.0,3.0,-106.0
1775973788.225659,2.0,-1.0,-100.0
1775973788.235659,6.0,-3.0,-101.0
1775973788.2456589,6.0,-1.0,-105.0
1775973788.2566588,5.0,-4.0,-109.0
1775973788.2656589,5.0,-3.0,-105.0
1775973788.2756588,3.0,-3.0,-107.0
1775973788.2856588,0.0,-3.0,-110.0
1775973788.2956588,5.0,-5.0,-111.0
1775973788.3056588,4.0,-1.0,-112.0
1775973788.3156588,-1.0,-1.0,-113.0
1775973788.3256588,1.0,0.0,-115.0
1775973788.3356588,0.0,2.0,-115.0
1775973788.3456588,-4.0,1.0,-113.0
1775973788.3556588,-4.0,3.0,-114.0
1775973788.3656588,3.0,0.0,-117.0
1775973788.375659,6.0,-1.0,-117.0
1775973788.385659,4.0,0.0,-117.0
1775973788.395659,4.0,2.0,-118.0
1775973788.405659,0.0,0.0,-119.0
1775973788.415659,3.0,3.0,-107.0
1775973788.425659,1.0,5.0,-107.0
1775973788.435659,0.0,7.0,-114.0
1775973788.445659,0.0,3.0,-116.0
1775973788.455659,-1.0,1.0,-113.0
1775973788.465659,-2.0,2.0,-117.0
1775973788.475659,0.0,0.0,-113.0
1775973788.485659,-3.0,-2.0,-112.0
1775973788.4956589,-1.0,-5.0,-112.0
1775973788.5056589,-6.0,-5.0,-120.0
1775973788.5156589,-6.0,-3.0,-115.0
1775973788.5256588,-6.0,-5.0,-112.0
1775973788.5356588,-5.0,-8.0,-109.0
1775973788.5456588,-2.0,-9.0,-111.0
1775973788.5556588,-3.0,-1.0,-109.0
1775973788.5656588,-5.0,-3.0,-109.0
1775973788.5756588,-8.0,-5.0,-101.0
1775973788.5856588,-8.0,0.0,-99.0
1775973788.5956588,-11.0,0.0,-103.0
1775973788.6056588,-10.0,3.0,-104.0
1775973788.6156588,-7.0,2.0,-111.0
1775973788.625659,-1.0,-1.0,-105.0
1775973788.635659,4.0,-6.0,-105.0
1775973788.645659,4.0,-8.0,-107.0
1775973788.655659,4.0,-4.0,-104.0
1775973788.665659,4.0,-6.0,-104.0
1775973788.675659,6.0,-3.0,-108.0
1775973788.685659,5.0,-5.0,-110.0
1775973788.695659,0.0,-4.0,-108.0
1775973788.705659,-1.0,-1.0,-103.0
1775973788.715659,3.0,-2.0,-109.0
1775973788.725659,5.0,-3.0,-113.0
1775973788.735659,0.0,-3.0,-114.0
1775973788.7456589,-2.0,-6.0,-110.0
1775973788.7556589,0.0,-6.0,-109.0
1775973788.7656589,0.0,-8.0,-105.0
1775973788.7756588,0.0,-6.0,-98.0
1775973788.7856588,-1.0,-8.0,-99.0
1775973788.7956588,-3.0,-7.0,-104.0
1775973788.8056588,-3.0,-8.0,-102.0
1775973788.8156588,-2.0,-8.0,-101.0
1775973788.8256588,-3.0,-6.0,-101.0
1775973788.8356588,-2.0,-6.0,-100.0
1775973788.8456588,-3.0,-2.0,-102.0
1775973788.8556588,0.0,-2.0,-101.0
1775973788.866659,0.0,-5.0,-99.0
1775973788.876659,0.0,-5.0,-98.0
1775973788.885659,3.0,-8.0,-99.0
1775973788.896659,5.0,-7.0,-105.0
1775973788.906659,5.0,-1.0,-110.0
1775973788.9166589,7.0,-4.0,-110.0
1775973788.9266589,5.0,2.0,-106.0
1775973788.935659,-1.0,-2.0,-108.0
1775973788.9466588,0.0,-3.0,-116.0
1775973788.9566588,-3.0,-4.0,-111.0
1775973788.9666588,-2.0,-8.0,-110.0
1775973788.9766588,-3.0,-5.0,-101.0
1775973788.9866588,-1.0,-5.0,-100.0
1775973788.9966588,0.0,-5.0,-97.0
1775973789.0066588,0.0,1.0,-102.0
1775973789.0166588,0.0,-1.0,-107.0
1775973789.0266588,1.0,0.0,-101.0
1775973789.0366588,-6.0,0.0,-101.0
1775973789.046659,-10.0,-1.0,-113.0
1775973789.056659,-9.0,0.0,-109.0
1775973789.066659,-7.0,-1.0,-111.0
1775973789.076659,-8.0,-2.0,-111.0
1775973789.086659,-6.0,-2.0,-110.0
1775973789.096659,-7.0,-4.0,-115.0
1775973789.106659,-8.0,-5.0,-114.0
1775973789.116659,-5.0,-5.0,-114.0
1775973789.126659,-7.0,-4.0,-116.0
1775973789.136659,-4.0,1.0,-112.0
1775973789.146659,0.0,3.0,-110.0
1775973789.156659,-3.0,5.0,-107.0
1775973789.1666589,5.0,4.0,-106.0
1775973789.1766589,8.0,5.0,-96.0
1775973789.1866589,6.0,5.0,-103.0
1775973789.1966588,4.0,4.0,-106.0
1775973789.2076588,1.0,3.0,-100.0
1775973789.2166588,0.0,4.0,-105.0
1775973789.2266588,-3.0,1.0,-106.0
1775973789.2366588,-7.0,0.0,-110.0
1775973789.2466588,-5.0,1.0,-117.0
1775973789.2566588,-2.0,2.0,-127.0
1775973789.2666588,-2.0,4.0,-125.0
1775973789.2766588,-5.0,5.0,-125.0
1775973789.2866588,-2.0,7.0,-127.0
1775973789.296659,-1.0,8.0,-118.0
1775973789.306659,0.0,11.0,-110.0
1775973789.316659,0.0,10.0,-103.0
1775973789.326659,-2.0,9.0,-103.0
1775973789.336659,0.0,3.0,-109.0
1775973789.346659,1.0,-2.0,-109.0
1775973789.356659,1.0,1.0,-103.0
1775973789.366659,2.0,0.0,-98.0
1775973789.376659,2.0,1.0,-108.0
1775973789.386659,-1.0,0.0,-108.0
1775973789.396659,-1.0,0.0,-104.0
1775973789.406659,1.0,0.0,-99.0
1775973789.4166589,0.0,0.0,-98.0
1775973789.4266589,0.0,3.0,-98.0
1775973789.4366589,0.0,2.0,-101.0
1775973789.4466588,-3.0,5.0,-100.0
1775973789.4566588,-1.0,4.0,-104.0
1775973789.4666588,-3.0,8.0,-112.0
1775973789.4766588,0.0,8.0,-114.0
1775973789.4866588,-2.0,4.0,-112.0
1775973789.4966588,-6.0,3.0,-111.0
1775973789.5066588,-7.0,0.0,-116.0
1775973789.5166588,-7.0,2.0,-115.0
1775973789.5266588,-7.0,0.0,-114.0
1775973789.5366588,-6.0,3.0,-107.0
1775973789.546659,-4.0,1.0,-104.0
1775973789.556659,-7.0,2.0,-104.0
1775973789.566659,-6.0,1.0,-111.0
1775973789.576659,-1.0,-4.0,-114.0
1775973789.586659,0.0,0.0,-113.0
1775973789.596659,-2.0,-3.0,-109.0
1775973789.606659,-1.0,-4.0,-105.0
1775973789.616659,-2.0,-6.0,-102.0
1775973789.626659,-5.0,-5.0,-98.0
1775973789.636659,-3.0,-3.0,-100.0
1775973789.646659,-8.0,-4.0,-105.0
1775973789.656659,-8.0,-4.0,-109.0
1775973789.6666589,-2.0,-5.0,-109.0
1775973789.6766589,-2.0,-3.0,-111.0
1775973789.6866589,0.0,-1.0,-113.0
1775973789.6966588,2.0,1.0,-108.0
1775973789.7066588,4.0,5.0,-109.0
1775973789.7166588,5.0,7.0,-112.0
1775973789.7266588,6.0,5.0,-114.0
1775973789.7366588,5.0,1.0,-116.0
1775973789.7466588,5.0,0.0,-115.0
1775973789.7566588,4.0,6.0,-118.0
1775973789.7666588,1.0,2.0,-106.0
1775973789.7766588,0.0,2.0,-103.0
1775973789.7866588,-4.0,-1.0,-112.0
1775973789.796659,0.0,0.0,-107.0
1775973789.806659,0.0,-3.0,-112.0
1775973789.816659,-2.0,-2.0,-114.0
1775973789.826659,2.0,1.0,-114.0
1775973789.836659,5.0,2.0,-117.0
1775973789.846659,2.0,1.0,-112.0
1775973789.856659,0.0,-1.0,-107.0
1775973789.866659,0.0,-1.0,-102.0
1775973789.876659,-2.0,1.0,-102.0
1775973789.886659,-4.0,0.0,-99.0
1775973789.896659,-2.0,-2.0,-107.0
1775973789.906659,-4.0,-2.0,-113.0
1775973789.9166589,-2.0,-6.0,-118.0
1775973789.9266589,-5.0,-2.0,-119.0
1775973789.9366589,-5.0,-4.0,-106.0
1775973789.9466588,-8.0,-2.0,-105.0
1775973789.9566588,-7.0,1.0,-106.0
1775973789.9666588,-5.0,1.0,-103.0
1775973789.9766588,-5.0,1.0,-105.0
1775973789.9866588,-4.0,4.0,-108.0
1775973789.9966588,-3.0,7.0,-102.0
1775973790.0066588,-3.0,7.0,-107.0
1775973790.0166588,-2.0,4.0,-103.0
1775973790.0266588,0.0,3.0,-104.0
1775973790.0366588,4.0,6.0,-107.0
1775973790.046659,4.0,10.0,-108.0
1775973790.056659,-3.0,8.0,-109.0
1775973790.066659,-3.0,4.0,-111.0
1775973790.076659,0.0,0.0,-116.0
1775973790.086659,0.0,3.0,-122.0
1775973790.096659,-1.0,0.0,-120.0
1775973790.106659,2.0,-2.0,-112.0
1775973790.116659,0.0,-2.0,-111.0
1775973790.126659,-2.0,0.0,-113.0
1775973790.136659,2.0,0.0,-110.0
1775973790.146659,0.0,-4.0,-109.0
1775973790.156659,3.0,-2.0,-106.0
1775973790.1666589,3.0,0.0,-108.0
1775973790.1766589,0.0,2.0,-112.0
1775973790.1866589,0.0,-1.0,-112.0
1775973790.1966588,4.0,-3.0,-111.0
1775973790.2066588,0.0,-7.0,-112.0
1775973790.2166588,0.0,-8.0,-111.0
1775973790.2266588,1.0,-4.0,-105.0
1775973790.2366588,1.0,-2.0,-112.0
1775973790.2466588,0.0,-2.0,-109.0
1775973790.2566588,0.0,1.0,-106.0
1775973790.2666588,-1.0,1.0,-103.0
1775973790.2766588,0.0,2.0,-103.0
1775973790.2866588,6.0,2.0,-101.0
1775973790.296659,3.0,2.0,-113.0
1775973790.306659,2.0,-1.0,-110.0
1775973790.316659,2.0,-1.0,-109.0
1775973790.326659,4.0,-2.0,-103.0
1775973790.336659,6.0,-4.0,-108.0
1775973790.346659,3.0,-7.0,-112.0
1775973790.356659,3.0,-5.0,-114.0
1775973790.366659,0.0,-2.0,-111.0
1775973790.376659,0.0,-1.0,-114.0
1775973790.386659,1.0,1.0,-113.0
1775973790.396659,2.0,1.0,-104.0
1775973790.406659,0.0,2.0,-105.0
1775973790.4166589,1.0,-1.0,-112.0
1775973790.4266589,2.0,1.0,-115.0
1775973790.4366589,0.0,0.0,-113.0
1775973790.4466588,0.0,-2.0,-103.0
1775973790.4566588,1.0,-1.0,-103.0
1775973790.4666588,2.0,-3.0,-108.0
1775973790.4766588,0.0,-3.0,-107.0
1775973790.4866588,-1.0,-3.0,-106.0
1775973790.4966588,0.0,-1.0,-103.0
1775973790.5066588,1.0,0.0,-101.0
1775973790.5166588,1.0,-1.0,-109.0
1775973790.5266588,2.0,0.0,-107.0
1775973790.5366588,6.0,-6.0,-114.0
1775973790.546659,5.0,-2.0,-120.0
1775973790.556659,5.0,-1.0,-120.0
1775973790.566659,4.0,0.0,-119.0
1775973790.576659,5.0,3.0,-119.0
1775973790.586659,2.0,4.0,-117.0
1775973790.596659,0.0,2.0,-114.0
1775973790.606659,0.0,6.0,-106.0
1775973790.616659,-1.0,9.0,-105.0
1775973790.626659,-1.0,5.0,-111.0
1775973790.636659,-3.0,-3.0,-108.0
1775973790.646659,-5.0,-7.0,-113.0
1775973790.656659,-5.0,-3.0,-111.0
1775973790.6666589,-3.0,-2.0,-111.0
1775973790.6766589,-3.0,1.0,-104.0
1775973790.6866589,2.0,2.0,-112.0
1775973790.6966588,3.0,5.0,-111.0
1775973790.7066588,2.0,6.0,-113.0
1775973790.7166588,0.0,3.0,-115.0
1775973790.7266588,1.0,2.0,-109.0
1775973790.7366588,-2.0,3.0,-112.0
1775973790.7466588,-7.0,0.0,-113.0
1775973790.7566588,-8.0,-1.0,-114.0
1775973790.7666588,-8.0,0.0,-118.0
1775973790.7766588,-5.0,0.0,-112.0
1775973790.7866588,-5.0,1.0,-114.0
1775973790.796659,-3.0,-2.0,-117.0
1775973790.806659,0.0,1.0,-115.0
1775973790.816659,-1.0,0.0,-109.0
1775973790.826659,-4.0,2.0,-109.0
1775973790.836659,-3.0,0.0,-106.0
1775973790.846659,-6.0,-1.0,-98.0
1775973790.856659,-4.0,-5.0,-102.0
1775973790.866659,-5.0,-6.0,-107.0
1775973790.876659,-5.0,-1.0,-113.0
1775973790.886659,-8.0,-2.0,-113.0
1775973790.8976588,-9.0,-2.0,-110.0
1775973790.9076588,0.0,0.0,-111.0
1775973790.9176588,2.0,1.0,-112.0
1775973790.9276588,3.0,0.0,-111.0
1775973790.9376588,1.0,1.0,-110.0
1775973790.9476588,2.0,-7.0,-106.0
1775973790.9576588,1.0,-5.0,-103.0
1775973790.9676588,-5.0,-4.0,-106.0
1775973790.977659,-5.0,-1.0,-107.0
1775973790.987659,-3.0,0.0,-107.0
1775973790.997659,0.0,0.0,-108.0
1775973791.007659,2.0,-3.0,-114.0
1775973791.017659,4.0,-1.0,-115.0
1775973791.027659,4.0,-2.0,-117.0
1775973791.037659,3.0,-1.0,-115.0
1775973791.047659,0.0,-3.0,-112.0
1775973791.057659,-1.0,-2.0,-107.0
1775973791.067659,0.0,2.0,-107.0
1775973791.077659,0.0,4.0,-107.0
1775973791.087659,7.0,2.0,-110.0
1775973791.0976589,5.0,0.0,-113.0
1775973791.1076589,5.0,-3.0,-113.0
1775973791.1176589,3.0,-4.0,-108.0
1775973791.1276588,-1.0,0.0,-109.0
1775973791.1376588,1.0,-4.0,-114.0
1775973791.1476588,0.0,-4.0,-119.0
1775973791.1576588,2.0,0.0,-116.0
1775973791.1676588,0.0,0.0,-116.0
1775973791.1776588,4.0,0.0,-114.0
1775973791.1876588,0.0,4.0,-112.0
1775973791.1976588,-4.0,2.0,-112.0
1775973791.2076588,-5.0,1.0,-110.0
1775973791.2176588,-1.0,4.0,-111.0
1775973791.227659,-3.0,2.0,-113.0
1775973791.237659,-4.0,5.0,-112.0
1775973791.247659,-1.0,4.0,-110.0
1775973791.257659,1.0,4.0,-111.0
1775973791.267659,0.0,1.0,-114.0
1775973791.277659,2.0,0.0,-120.0
1775973791.287659,2.0,0.0,-122.0
1775973791.297659,0.0,1.0,-117.0
1775973791.307659,0.0,-1.0,-109.0
1775973791.317659,-1.0,-1.0,-111.0
1775973791.327659,0.0,0.0,-104.0
1775973791.337659,0.0,1.0,-105.0
1775973791.3476589,0.0,-1.0,-104.0
1775973791.3576589,2.0,-1.0,-101.0
1775973791.3676589,4.0,-2.0,-100.0
1775973791.3776588,1.0,-1.0,-102.0
1775973791.3876588,-2.0,-4.0,-100.0
1775973791.3976588,-8.0,-5.0,-101.0
1775973791.4076588,-9.0,-5.0,-108.0
1775973791.4176588,-5.0,-3.0,-111.0
1775973791.4276588,-7.0,-4.0,-107.0
1775973791.4376588,-6.0,-6.0,-106.0
1775973791.4476588,-5.0,-3.0,-100.0
1775973791.4576588,-4.0,-1.0,-105.0
1775973791.4676588,0.0,-6.0,-103.0
1775973791.477659,0.0,-3.0,-109.0
1775973791.487659,5.0,-7.0,-110.0
1775973791.497659,8.0,-9.0,-110.0
1775973791.507659,7.0,-8.0,-103.0
1775973791.517659,7.0,-8.0,-104.0
1775973791.527659,2.0,-7.0,-105.0
1775973791.537659,2.0,-8.0,-104.0
1775973791.547659,2.0,-3.0,-103.0
1775973791.557659,-2.0,-5.0,-105.0
1775973791.567659,2.0,-3.0,-98.0
1775973791.577659,8.0,-3.0,-93.0
1775973791.587659,7.0,0.0,-97.0
1775973791.5976589,5.0,-3.0,-105.0
1775973791.6076589,0.0,0.0,-109.0
1775973791.6186588,-2.0,0.0,-110.0
1775973791.6276588,-4.0,0.0,-107.0
1775973791.6376588,-1.0,0.0,-108.0
1775973791.6476588,0.0,-2.0,-105.0
1775973791.6576588,5.0,0.0,-102.0
1775973791.6676588,5.0,0.0,-104.0
1775973791.6776588,5.0,0.0,-105.0
1775973791.6876588,3.0,0.0,-101.0
1775973791.6976588,-1.0,-1.0,-104.0
1775973791.7076588,0.0,1.0,-107.0
1775973791.7176588,-2.0,0.0,-107.0
1775973791.727659,0.0,0.0,-105.0
1775973791.737659,0.0,1.0,-99.0
1775973791.747659,-2.0,1.0,-99.0
1775973791.757659,1.0,-1.0,-97.0
1775973791.767659,-1.0,1.0,-104.0
1775973791.777659,3.0,0.0,-105.0
1775973791.787659,2.0,0.0,-106.0
1775973791.797659,1.0,-4.0,-111.0
1775973791.807659,0.0,-3.0,-105.0
1775973791.817659,-1.0,-5.0,-102.0
1775973791.827659,-2.0,0.0,-103.0
1775973791.837659,-3.0,-3.0,-100.0
1775973791.8476589,-4.0,0.0,-101.0
1775973791.8576589,-1.0,-1.0,-105.0
1775973791.8676589,3.0,-8.0,-109.0
1775973791.8776588,4.0,-7.0,-105.0
1775973791.8876588,5.0,-6.0,-102.0
1775973791.8976588,5.0,-9.0,-100.0
1775973791.9076588,6.0,-6.0,-99.0
1775973791.9176588,5.0,-3.0,-100.0
1775973791.9276588,3.0,-2.0,-107.0
1775973791.9376588,5.0,1.0,-108.0
1775973791.9476588,5.0,1.0,-110.0
1775973791.9576588,7.0,1.0,-105.0
1775973791.9676588,5.0,0.0,-104.0
1775973791.977659,4.0,0.0,-108.0
1775973791.987659,2.0,-2.0,-105.0
1775973791.997659,0.0,1.0,-100.0
1775973792.007659,0.0,1.0,-103.0
1775973792.017659,0.0,5.0,-103.0
1775973792.027659,-1.0,2.0,-108.0
1775973792.037659,0.0,-1.0,-99.0
1775973792.047659,2.0,0.0,-98.0
1775973792.057659,-3.0,1.0,-96.0
1775973792.067659,-6.0,3.0,-98.0
1775973792.077659,-1.0,7.0,-105.0
1775973792.087659,1.0,5.0,-109.0
1775973792.0976589,1.0,6.0,-114.0
1775973792.1076589,0.0,4.0,-109.0
1775973792.1176589,0.0,7.0,-108.0
1775973792.1276588,1.0,5.0,-109.0
1775973792.1376588,-2.0,0.0,-110.0
1775973792.1476588,0.0,4.0,-114.0
1775973792.1576588,0.0,6.0,-113.0
1775973792.1676588,3.0,3.0,-109.0
1775973792.1776588,2.0,2.0,-103.0
1775973792.1876588,-3.0,-1.0,-107.0
1775973792.1976588,-6.0,-3.0,-107.0
1775973792.2076588,-5.0,2.0,-107.0
1775973792.2176588,-3.0,-1.0,-114.0
1775973792.227659,1.0,1.0,-110.0
1775973792.237659,0.0,1.0,-112.0
1775973792.247659,-4.0,0.0,-111.0
1775973792.257659,-4.0,0.0,-110.0
1775973792.267659,-4.0,3.0,-113.0
1775973792.277659,-2.0,5.0,-112.0
1775973792.287659,0.0,6.0,-104.0
1775973792.297659,2.0,7.0,-100.0
1775973792.307659,2.0,6.0,-98.0
1775973792.317659,-1.0,8.0,-98.0
1775973792.327659,-4.0,3.0,-104.0
1775973792.337659,-7.0,5.0,-104.0
1775973792.3476589,-2.0,7.0,-107.0
1775973792.3576589,4.0,6.0,-113.0
1775973792.3676589,5.0,5.0,-106.0
1775973792.3776588,0.0,5.0,-108.0
1775973792.3876588,1.0,2.0,-111.0
1775973792.3976588,1.0,0.0,-107.0
1775973792.4076588,0.0,-3.0,-102.0
1775973792.4176588,0.0,1.0,-97.0
1775973792.4276588,1.0,1.0,-100.0
1775973792.4376588,0.0,0.0,-100.0
1775973792.4476588,0.0,1.0,-99.0
1775973792.4576588,0.0,0.0,-105.0
1775973792.4676588,-6.0,2.0,-111.0
1775973792.477659,-7.0,3.0,-113.0
1775973792.487659,-5.0,1.0,-116.0
1775973792.497659,0.0,0.0,-116.0
1775973792.507659,2.0,0.0,-118.0
1775973792.517659,2.0,3.0,-120.0
1775973792.527659,1.0,2.0,-119.0
1775973792.537659,0.0,2.0,-121.0
1775973792.547659,0.0,2.0,-117.0
1775973792.557659,-3.0,5.0,-119.0
1775973792.567659,-2.0,1.0,-118.0
1775973792.577659,-3.0,1.0,-116.0
1775973792.587659,0.0,1.0,-111.0
1775973792.5976589,0.0,0.0,-112.0
1775973792.6076589,0.0,0.0,-107.0
1775973792.6176589,2.0,2.0,-106.0
1775973792.6276588,2.0,3.0,-101.0
1775973792.6376588,1.0,3.0,-94.0
1775973792.6476588,3.0,7.0,-98.0
1775973792.6576588,1.0,3.0,-103.0
1775973792.6676588,1.0,-3.0,-109.0
1775973792.6776588,-3.0,-2.0,-114.0
1775973792.6876588,-4.0,-4.0,-106.0
1775973792.6976588,-5.0,-5.0,-106.0
1775973792.7076588,-4.0,-2.0,-104.0
1775973792.7176588,-4.0,0.0,-113.0
1775973792.727659,-4.0,0.0,-114.0
1775973792.737659,-6.0,1.0,-114.0
1775973792.747659,-2.0,2.0,-110.0
1775973792.757659,-4.0,2.0,-106.0
1775973792.767659,-2.0,3.0,-106.0
1775973792.777659,-4.0,0.0,-110.0
1775973792.787659,-4.0,0.0,-105.0
1775973792.797659,0.0,0.0,-101.0
1775973792.807659,-1.0,-2.0,-100.0
1775973792.817659,1.0,-3.0,-107.0
1775973792.827659,-2.0,-5.0,-107.0
1775973792.837659,-1.0,-3.0,-111.0
1775973792.8476589,-3.0,-3.0,-114.0
1775973792.8576589,-6.0,-4.0,-111.0
1775973792.8676589,-4.0,-1.0,-105.0
1775973792.8776588,-1.0,-2.0,-108.0
1775973792.8876588,-1.0,-4.0,-109.0
1775973792.8976588,-5.0,-3.0,-109.0
1775973792.9076588,-5.0,0.0,-102.0
1775973792.9176588,0.0,0.0,-102.0
1775973792.928659,0.0,-5.0,-98.0
1775973792.938659,-3.0,-6.0,-97.0
1775973792.948659,-3.0,-6.0,-98.0
1775973792.958659,-3.0,-7.0,-98.0
1775973792.968659,-5.0,-4.0,-97.0
1775973792.978659,-2.0,-1.0,-100.0
1775973792.988659,3.0,-5.0,-103.0
1775973792.998659,5.0,-5.0,-106.0
1775973793.008659,6.0,-1.0,-109.0
1775973793.0186589,4.0,4.0,-112.0
1775973793.0286589,2.0,7.0,-109.0
1775973793.0386589,3.0,7.0,-113.0
1775973793.0486588,7.0,6.0,-116.0
1775973793.0586588,8.0,5.0,-119.0
1775973793.0686588,6.0,6.0,-121.0
1775973793.0786588,5.0,3.0,-116.0
1775973793.0886588,5.0,2.0,-109.0
1775973793.0986588,6.0,-3.0,-112.0
1775973793.1086588,4.0,-3.0,-109.0
1775973793.1186588,1.0,-6.0,-112.0
1775973793.1286588,0.0,-7.0,-122.0
1775973793.1386588,0.0,-1.0,-130.0
1775973793.148659,-2.0,1.0,-127.0
1775973793.158659,-3.0,2.0,-119.0
1775973793.168659,-6.0,0.0,-122.0
1775973793.178659,-2.0,4.0,-117.0
1775973793.188659,0.0,5.0,-120.0
1775973793.198659,2.0,7.0,-120.0
1775973793.208659,4.0,6.0,-120.0
1775973793.218659,4.0,2.0,-116.0
1775973793.228659,0.0,0.0,-118.0
1775973793.238659,-2.0,-3.0,-108.0
1775973793.248659,0.0,-3.0,-110.0
1775973793.258659,4.0,-5.0,-110.0
1775973793.2686589,1.0,-2.0,-107.0
1775973793.2786589,0.0,1.0,-109.0
1775973793.2886589,5.0,0.0,-108.0
1775973793.2986588,5.0,-1.0,-111.0
1775973793.3086588,6.0,-3.0,-108.0
1775973793.3186588,5.0,-4.0,-104.0
1775973793.3286588,-3.0,-3.0,-109.0
1775973793.3386588,-1.0,-2.0,-109.0
1775973793.3486588,-3.0,0.0,-113.0
1775973793.3586588,-5.0,-1.0,-113.0
1775973793.3686588,0.0,-3.0,-110.0
1775973793.3786588,0.0,-4.0,-107.0
1775973793.3886588,1.0,-2.0,-106.0
1775973793.398659,-2.0,0.0,-105.0
1775973793.408659,-3.0,5.0,-105.0
1775973793.418659,-2.0,5.0,-102.0
1775973793.428659,3.0,4.0,-103.0
1775973793.438659,4.0,3.0,-104.0
1775973793.448659,3.0,2.0,-106.0
1775973793.458659,4.0,-1.0,-110.0
1775973793.468659,3.0,-1.0,-112.0
1775973793.478659,2.0,-1.0,-107.0
1775973793.488659,1.0,2.0,-105.0
1775973793.498659,1.0,3.0,-103.0
1775973793.508659,2.0,3.0,-103.0
1775973793.5186589,4.0,0.0,-105.0
1775973793.5286589,10.0,-3.0,-109.0
1775973793.5386589,5.0,-1.0,-111.0
1775973793.5486588,-1.0,3.0,-112.0
1775973793.5586588,-7.0,5.0,-109.0
1775973793.5686588,-9.0,1.0,-112.0
1775973793.5786588,-8.0,0.0,-117.0
1775973793.5886588,-6.0,-1.0,-115.0
1775973793.5986588,-2.0,-2.0,-116.0
1775973793.6086588,0.0,-5.0,-113.0
1775973793.6186588,0.0,0.0,-107.0
1775973793.6286588,0.0,-2.0,-105.0
1775973793.6386588,-2.0,-3.0,-115.0
1775973793.648659,0.0,-2.0,-117.0
1775973793.658659,1.0,0.0,-114.0
1775973793.668659,0.0,0.0,-109.0
1775973793.678659,0.0,0.0,-109.0
1775973793.688659,0.0,-3.0,-111.0
1775973793.698659,-2.0,-4.0,-100.0
1775973793.708659,-3.0,-7.0,-102.0
1775973793.718659,-2.0,-6.0,-109.0
1775973793.728659,-1.0,-2.0,-108.0
1775973793.738659,-2.0,2.0,-110.0
1775973793.748659,-4.0,2.0,-105.0
1775973793.758659,-8.0,4.0,-103.0
1775973793.7686589,-11.0,2.0,-102.0
1775973793.7786589,-7.0,0.0,-103.0
1775973793.7886589,-2.0,0.0,-101.0
1775973793.7986588,-1.0,-1.0,-106.0
1775973793.8086588,-3.0,2.0,-107.0
1775973793.8186588,-12.0,2.0,-108.0
1775973793.8286588,-11.0,3.0,-108.0
1775973793.8386588,-9.0,4.0,-104.0
1775973793.8486588,-1.0,0.0,-107.0
1775973793.8586588,0.0,1.0,-106.0
1775973793.8686588,1.0,-2.0,-114.0
1775973793.8786588,1.0,-2.0,-111.0
1775973793.8886588,1.0,-4.0,-111.0
1775973793.898659,0.0,-4.0,-109.0
1775973793.908659,3.0,-2.0,-106.0
1775973793.918659,1.0,0.0,-102.0
1775973793.928659,2.0,-1.0,-108.0
1775973793.938659,0.0,-4.0,-109.0
1775973793.948659,1.0,-5.0,-113.0
1775973793.958659,4.0,-6.0,-117.0
1775973793.968659,0.0,-7.0,-114.0
1775973793.978659,0.0,-7.0,-107.0
1775973793.988659,-4.0,-10.0,-107.0
1775973793.998659,0.0,-8.0,-107.0
1775973794.008659,0.0,-5.0,-107.0
1775973794.0186589,0.0,-6.0,-107.0
1775973794.0286589,6.0,-6.0,-103.0
1775973794.0386589,5.0,-4.0,-102.0
1775973794.0486588,0.0,-4.0,-104.0
1775973794.0586588,-1.0,0.0,-100.0
1775973794.0686588,-1.0,3.0,-98.0
1775973794.0786588,0.0,2.0,-100.0
1775973794.0886588,0.0,1.0,-109.0
1775973794.0986588,0.0,2.0,-102.0
1775973794.1086588,-2.0,-1.0,-101.0
1775973794.1186588,-1.0,-3.0,-100.0
1775973794.1286588,-1.0,-5.0,-105.0
1775973794.1386588,0.0,-4.0,-108.0
1775973794.148659,0.0,0.0,-108.0
1775973794.158659,-1.0,0.0,-103.0
1775973794.168659,0.0,0.0,-109.0
1775973794.178659,0.0,1.0,-103.0
1775973794.188659,2.0,5.0,-102.0
1775973794.198659,-2.0,0.0,-104.0
1775973794.208659,-6.0,0.0,-108.0
1775973794.218659,-9.0,-1.0,-109.0
1775973794.228659,-7.0,2.0,-109.0
1775973794.238659,-7.0,0.0,-107.0
1775973794.248659,-5.0,0.0,-107.0
1775973794.258659,-4.0,0.0,-98.0
1775973794.2686589,-2.0,3.0,-99.0
1775973794.2786589,3.0,1.0,-101.0
1775973794.2886589,4.0,-1.0,-104.0
1775973794.2986588,1.0,-3.0,-108.0
1775973794.3086588,-6.0,0.0,-111.0
1775973794.3186588,-9.0,0.0,-115.0
1775973794.3286588,-4.0,0.0,-114.0
1775973794.3386588,-1.0,0.0,-116.0
1775973794.3486588,-1.0,2.0,-117.0
1775973794.3586588,2.0,5.0,-113.0
1775973794.3686588,-1.0,4.0,-110.0
1775973794.3786588,-2.0,0.0,-115.0
1775973794.3886588,-4.0,-3.0,-118.0
1775973794.398659,-2.0,-3.0,-119.0
1775973794.408659,-2.0,0.0,-116.0
1775973794.418659,-5.0,0.0,-109.0
1775973794.428659,-6.0,0.0,-109.0
1775973794.438659,-5.0,0.0,-105.0
1775973794.448659,-5.0,2.0,-104.0
1775973794.458659,-2.0,-2.0,-109.0
1775973794.468659,-2.0,-2.0,-108.0
1775973794.478659,-2.0,-4.0,-112.0
1775973794.488659,0.0,-5.0,-114.0
1775973794.498659,-1.0,-5.0,-115.0
1775973794.508659,-5.0,-4.0,-113.0
1775973794.5186589,-5.0,-6.0,-118.0
1775973794.5286589,3.0,-6.0,-120.0
1775973794.5386589,2.0,-5.0,-116.0
1775973794.5486588,-2.0,-4.0,-115.0
1775973794.5586588,-6.0,0.0,-119.0
1775973794.5686588,-2.0,-2.0,-120.0
1775973794.5786588,-5.0,-4.0,-121.0
1775973794.5886588,-9.0,-7.0,-120.0
1775973794.5986588,-10.0,-3.0,-117.0
1775973794.6086588,-10.0,0.0,-108.0
1775973794.6186588,-6.0,0.0,-104.0
1775973794.6286588,-6.0,1.0,-106.0
1775973794.6386588,-6.0,-2.0,-102.0
1775973794.648659,-6.0,0.0,-106.0
1775973794.658659,-2.0,-3.0,-102.0
1775973794.668659,-3.0,-2.0,-102.0
1775973794.678659,-3.0,1.0,-99.0
1775973794.688659,-5.0,1.0,-101.0
1775973794.698659,-4.0,0.0,-100.0
1775973794.708659,-1.0,6.0,-104.0
1775973794.718659,-4.0,3.0,-101.0
1775973794.728659,-7.0,-4.0,-101.0
1775973794.738659,-6.0,-5.0,-95.0
1775973794.748659,-4.0,-8.0,-95.0
1775973794.758659,-2.0,0.0,-106.0
1775973794.7686589,2.0,-2.0,-103.0
1775973794.7786589,2.0,-5.0,-104.0
1775973794.7886589,3.0,-1.0,-102.0
1775973794.7986588,0.0,2.0,-102.0
1775973794.8086588,-1.0,1.0,-100.0
1775973794.8186588,-1.0,0.0,-100.0
1775973794.8286588,-1.0,3.0,-106.0
1775973794.8386588,1.0,3.0,-101.0
1775973794.8486588,-1.0,7.0,-101.0
1775973794.8586588,-5.0,4.0,-104.0
1775973794.8686588,-6.0,2.0,-104.0
1775973794.8786588,-6.0,3.0,-107.0
1775973794.8886588,-2.0,1.0,-102.0
1775973794.898659,-5.0,-1.0,-100.0
1775973794.908659,-5.0,-6.0,-102.0
1775973794.918659,-4.0,-1.0,-102.0
1775973794.928659,0.0,-1.0,-105.0
1775973794.938659,6.0,-1.0,-109.0
1775973794.948659,6.0,0.0,-106.0
1775973794.9596589,5.0,1.0,-116.0
1775973794.968659,0.0,0.0,-113.0
1775973794.978659,-4.0,-1.0,-109.0
1775973794.9896588,-4.0,-2.0,-101.0
1775973794.9996588,-5.0,-4.0,-103.0
1775973795.0096588,-5.0,-4.0,-103.0
1775973795.0196588,0.0,-1.0,-106.0
1775973795.0296588,-1.0,0.0,-110.0
1775973795.0396588,1.0,1.0,-108.0
1775973795.0496588,3.0,1.0,-113.0
1775973795.0596588,1.0,1.0,-118.0
1775973795.069659,1.0,4.0,-113.0
1775973795.079659,2.0,2.0,-112.0
1775973795.089659,-1.0,0.0,-106.0
1775973795.099659,-1.0,3.0,-97.0
1775973795.109659,1.0,2.0,-103.0
1775973795.119659,4.0,0.0,-109.0
1775973795.129659,4.0,-2.0,-109.0
1775973795.139659,-2.0,-3.0,-110.0
1775973795.149659,-6.0,-2.0,-111.0
1775973795.159659,-2.0,-3.0,-106.0
1775973795.169659,-1.0,-4.0,-111.0
1775973795.179659,-3.0,-2.0,-104.0
1775973795.1896589,-10.0,-4.0,-108.0
1775973795.1996589,-8.0,-2.0,-111.0
1775973795.2096589,-6.0,-2.0,-109.0
1775973795.2196589,-4.0,-1.0,-101.0
1775973795.2296588,-5.0,0.0,-107.0
1775973795.2396588,-5.0,0.0,-98.0
1775973795.2496588,-3.0,-4.0,-100.0
1775973795.2596588,0.0,0.0,-96.0
1775973795.2696588,3.0,0.0,-99.0
1775973795.2796588,8.0,-1.0,-106.0
1775973795.2896588,5.0,3.0,-116.0
1775973795.2996588,0.0,2.0,-115.0
1775973795.3096588,2.0,-1.0,-114.0
1775973795.319659,0.0,-2.0,-112.0
1775973795.329659,2.0,0.0,-116.0
1775973795.339659,0.0,-4.0,-115.0
1775973795.349659,1.0,-8.0,-111.0
1775973795.359659,4.0,-9.0,-107.0
1775973795.369659,1.0,-5.0,-112.0
1775973795.379659,-4.0,-7.0,-110.0
1775973795.389659,1.0,-5.0,-107.0
1775973795.399659,3.0,0.0,-109.0
1775973795.409659,1.0,5.0,-112.0
1775973795.419659,3.0,2.0,-107.0
1775973795.429659,0.0,3.0,-111.0
1775973795.4396589,-1.0,2.0,-107.0
1775973795.4496589,-2.0,-1.0,-104.0
1775973795.4596589,0.0,-2.0,-98.0
1775973795.4696589,1.0,0.0,-99.0
1775973795.4796588,1.0,0.0,-101.0
1775973795.4896588,5.0,-2.0,-109.0
1775973795.4996588,4.0,2.0,-110.0
1775973795.5096588,0.0,0.0,-110.0
1775973795.5196588,-4.0,1.0,-110.0
1775973795.5296588,-4.0,1.0,-110.0
1775973795.5396588,-5.0,0.0,-103.0
1775973795.5496588,-2.0,-5.0,-104.0
1775973795.5596588,0.0,0.0,-111.0
1775973795.569659,0.0,0.0,-110.0
1775973795.579659,-1.0,-1.0,-107.0
1775973795.589659,0.0,0.0,-111.0
1775973795.599659,1.0,0.0,-113.0
1775973795.609659,-1.0,0.0,-115.0
1775973795.619659,-1.0,-3.0,-116.0
1775973795.629659,-1.0,-6.0,-113.0
1775973795.639659,-1.0,-6.0,-113.0
1775973795.649659,-3.0,-3.0,-112.0
1775973795.659659,-2.0,-2.0,-113.0
1775973795.669659,0.0,0.0,-113.0
1775973795.679659,-5.0,2.0,-111.0
1775973795.6896589,-4.0,3.0,-110.0
1775973795.6996589,0.0,0.0,-107.0
1775973795.7096589,0.0,2.0,-102.0
1775973795.7196589,3.0,3.0,-105.0
1775973795.7296588,0.0,6.0,-108.0
1775973795.7396588,-2.0,3.0,-116.0
1775973795.7496588,0.0,1.0,-122.0
1775973795.7596588,-3.0,-1.0,-119.0
1775973795.7696588,1.0,-3.0,-117.0
1775973795.7796588,0.0,-2.0,-111.0
1775973795.7896588,-3.0,0.0,-111.0
1775973795.7996588,1.0,-2.0,-112.0
1775973795.8096588,0.0,-4.0,-115.0
1775973795.819659,2.0,-2.0,-109.0
1775973795.829659,2.0,0.0,-108.0
1775973795.839659,0.0,1.0,-107.0
1775973795.849659,4.0,-1.0,-102.0
1775973795.859659,2.0,0.0,-99.0
1775973795.869659,2.0,0.0,-104.0
1775973795.879659,2.0,0.0,-107.0
1775973795.889659,1.0,1.0,-108.0
1775973795.899659,5.0,0.0,-109.0
1775973795.909659,3.0,1.0,-104.0
1775973795.919659,2.0,7.0,-110.0
1775973795.929659,-1.0,8.0,-110.0
1775973795.9396589,-3.0,6.0,-106.0
1775973795.9496589,-2.0,3.0,-108.0
1775973795.9596589,-2.0,1.0,-110.0
1775973795.9696589,-2.0,4.0,-110.0
1775973795.9796588,-3.0,2.0,-102.0
1775973795.9896588,-1.0,0.0,-97.0
1775973795.9996588,1.0,-5.0,-99.0
1775973796.0096588,0.0,-1.0,-101.0
1775973796.0196588,0.0,-2.0,-103.0
1775973796.0296588,0.0,-3.0,-100.0
1775973796.0396588,-1.0,-1.0,-101.0
1775973796.0496588,1.0,-4.0,-101.0
1775973796.0596588,5.0,0.0,-95.0
1775973796.069659,7.0,1.0,-96.0
1775973796.079659,5.0,-4.0,-101.0
1775973796.089659,-1.0,-3.0,-103.0
1775973796.099659,-1.0,-3.0,-107.0
1775973796.109659,-4.0,0.0,-110.0
1775973796.119659,0.0,0.0,-105.0
1775973796.129659,-1.0,-1.0,-115.0
1775973796.139659,-7.0,-2.0,-109.0
1775973796.149659,-7.0,-4.0,-106.0
1775973796.159659,-8.0,0.0,-102.0
1775973796.169659,-5.0,0.0,-103.0
1775973796.179659,-2.0,3.0,-107.0
1775973796.1896589,-1.0,3.0,-102.0
1775973796.1996589,-5.0,4.0,-97.0
1775973796.2096589,0.0,1.0,-99.0
1775973796.2196589,5.0,0.0,-101.0
1775973796.2296588,2.0,4.0,-102.0
1775973796.2396588,0.0,2.0,-107.0
1775973796.2496588,1.0,0.0,-104.0
1775973796.2596588,5.0,-1.0,-103.0
1775973796.2696588,0.0,-2.0,-98.0
1775973796.2796588,-2.0,-2.0,-100.0
1775973796.2896588,-4.0,-3.0,-100.0
1775973796.2996588,-5.0,0.0,-108.0
1775973796.3096588,-13.0,-1.0,-110.0
1775973796.319659,-13.0,0.0,-106.0
1775973796.329659,-9.0,1.0,-106.0
1775973796.339659,-5.0,5.0,-107.0
1775973796.349659,-1.0,2.0,-104.0
1775973796.359659,0.0,1.0,-114.0
1775973796.369659,0.0,0.0,-108.0
1775973796.379659,-2.0,1.0,-110.0
1775973796.389659,-6.0,1.0,-108.0
1775973796.399659,-3.0,2.0,-105.0
1775973796.409659,-3.0,-3.0,-107.0
1775973796.419659,-4.0,-2.0,-112.0
1775973796.429659,-3.0,0.0,-107.0
1775973796.4396589,-4.0,0.0,-107.0
1775973796.4496589,-5.0,-1.0,-108.0
1775973796.4596589,-5.0,-4.0,-108.0
1775973796.4696589,-2.0,-3.0,-116.0
1775973796.4796588,-2.0,-3.0,-112.0
1775973796.4896588,-3.0,-1.0,-101.0
1775973796.4996588,-1.0,0.0,-97.0
1775973796.5096588,0.0,-2.0,-100.0
1775973796.5196588,2.0,-2.0,-103.0
1775973796.5296588,0.0,-1.0,-103.0
1775973796.5396588,1.0,-4.0,-101.0
1775973796.5496588,4.0,-4.0,-105.0
1775973796.5596588,6.0,-4.0,-109.0
1775973796.569659,5.0,1.0,-107.0
1775973796.579659,4.0,1.0,-106.0
1775973796.589659,5.0,0.0,-107.0
1775973796.599659,5.0,1.0,-107.0
1775973796.609659,0.0,0.0,-102.0
1775973796.619659,-2.0,-1.0,-93.0
1775973796.629659,0.0,0.0,-95.0
1775973796.639659,0.0,-2.0,-100.0
1775973796.649659,1.0,-3.0,-103.0
1775973796.659659,1.0,-6.0,-101.0
1775973796.669659,4.0,-5.0,-100.0
1775973796.679659,7.0,-1.0,-105.0
1775973796.6896589,3.0,-3.0,-110.0
1775973796.6996589,4.0,-5.0,-113.0
1775973796.7096589,0.0,-4.0,-110.0
1775973796.7196589,-5.0,-4.0,-120.0
1775973796.7296588,-5.0,-4.0,-115.0
1775973796.7396588,-3.0,-5.0,-110.0
1775973796.7496588,-1.0,-5.0,-115.0
1775973796.7596588,0.0,-1.0,-117.0
1775973796.7696588,1.0,-5.0,-115.0
1775973796.7796588,0.0,-2.0,-112.0
1775973796.7896588,-3.0,0.0,-104.0
1775973796.7996588,-5.0,1.0,-108.0
1775973796.8096588,-2.0,-5.0,-104.0
1775973796.819659,0.0,-6.0,-101.0
1775973796.829659,-1.0,-2.0,-100.0
1775973796.839659,-2.0,-1.0,-107.0
1775973796.849659,-7.0,-3.0,-108.0
1775973796.859659,-8.0,-4.0,-105.0
1775973796.869659,-5.0,1.0,-103.0
1775973796.879659,-1.0,4.0,-104.0
1775973796.889659,1.0,1.0,-105.0
1775973796.899659,0.0,0.0,-102.0
1775973796.909659,-1.0,-3.0,-109.0
1775973796.919659,-6.0,-3.0,-113.0
1775973796.929659,-2.0,-2.0,-113.0
1775973796.9396589,0.0,-1.0,-111.0
1775973796.9496589,0.0,-1.0,-102.0
1775973796.9596589,-3.0,0.0,-106.0
1775973796.9696589,-1.0,-5.0,-107.0
1775973796.9796588,0.0,0.0,-100.0
1775973796.9896588,-2.0,1.0,-105.0
1775973796.9996588,-1.0,0.0,-113.0
1775973797.0096588,0.0,0.0,-114.0
1775973797.020659,-1.0,0.0,-117.0
1775973797.030659,-2.0,-4.0,-116.0
1775973797.040659,-6.0,-5.0,-118.0
1775973797.050659,-6.0,-2.0,-115.0
1775973797.060659,-2.0,-1.0,-112.0
1775973797.070659,-2.0,0.0,-112.0
1775973797.080659,-3.0,1.0,-109.0
1775973797.090659,-3.0,2.0,-115.0
1775973797.100659,-7.0,2.0,-117.0
1775973797.110659,-9.0,1.0,-114.0
1775973797.1206589,-10.0,1.0,-113.0
1775973797.1306589,-9.0,-3.0,-115.0
1775973797.1406589,-7.0,-7.0,-115.0
1775973797.1506588,-7.0,-7.0,-117.0
1775973797.1606588,-1.0,-7.0,-116.0
1775973797.1706588,-3.0,-3.0,-112.0
1775973797.1806588,-1.0,-2.0,-112.0
1775973797.1906588,-2.0,-1.0,-108.0
1775973797.2006588,4.0,-3.0,-108.0
1775973797.2106588,7.0,-5.0,-108.0
1775973797.2206588,8.0,-2.0,-112.0
1775973797.2306588,9.0,0.0,-113.0
1775973797.2406588,5.0,0.0,-107.0
1775973797.250659,0.0,0.0,-108.0
1775973797.260659,0.0,0.0,-107.0
1775973797.270659,2.0,0.0,-108.0
1775973797.280659,0.0,2.0,-107.0
1775973797.290659,0.0,1.0,-104.0
1775973797.300659,0.0,0.0,-105.0
1775973797.310659,1.0,0.0,-108.0
1775973797.320659,0.0,-2.0,-106.0
1775973797.330659,2.0,-4.0,-114.0
1775973797.340659,-3.0,-1.0,-110.0
1775973797.350659,-4.0,-3.0,-104.0
1775973797.360659,-6.0,-1.0,-105.0
1775973797.3706589,0.0,-2.0,-106.0
1775973797.3806589,2.0,-3.0,-102.0
1775973797.3906589,5.0,-4.0,-100.0
1775973797.4006588,2.0,-5.0,-103.0
1775973797.4106588,0.0,-4.0,-111.0
1775973797.4206588,3.0,0.0,-111.0
1775973797.4306588,-1.0,-2.0,-113.0
1775973797.4406588,-7.0,-2.0,-117.0
1775973797.4506588,-4.0,-1.0,-111.0
1775973797.4606588,-1.0,0.0,-111.0
1775973797.4706588,-3.0,0.0,-116.0
1775973797.4806588,-3.0,0.0,-114.0
1775973797.4906588,-5.0,1.0,-106.0
1775973797.500659,-2.0,1.0,-105.0
1775973797.510659,2.0,1.0,-106.0
1775973797.520659,3.0,0.0,-105.0
1775973797.530659,2.0,1.0,-105.0
1775973797.540659,3.0,4.0,-107.0
1775973797.550659,1.0,5.0,-110.0
1775973797.560659,2.0,2.0,-108.0
1775973797.570659,6.0,1.0,-113.0
1775973797.580659,9.0,5.0,-116.0
1775973797.590659,8.0,2.0,-114.0
1775973797.600659,6.0,5.0,-111.0
1775973797.610659,5.0,4.0,-108.0
1775973797.6206589,4.0,4.0,-102.0
1775973797.6306589,4.0,2.0,-105.0
1775973797.6406589,-1.0,-2.0,-101.0
1775973797.6506588,-5.0,-4.0,-100.0
1775973797.6606588,0.0,-5.0,-108.0
1775973797.6706588,0.0,-4.0,-113.0
1775973797.6806588,-2.0,-1.0,-109.0
1775973797.6906588,-6.0,0.0,-109.0
1775973797.7006588,-5.0,2.0,-112.0
1775973797.7106588,-8.0,2.0,-113.0
1775973797.7206588,-8.0,9.0,-109.0
1775973797.7306588,-9.0,5.0,-114.0
1775973797.7406588,-12.0,4.0,-119.0
1775973797.750659,-6.0,2.0,-120.0
1775973797.760659,-4.0,5.0,-119.0
1775973797.770659,-3.0,5.0,-116.0
1775973797.780659,1.0,2.0,-112.0
1775973797.790659,2.0,1.0,-108.0
1775973797.800659,0.0,0.0,-111.0
1775973797.810659,0.0,-2.0,-116.0
1775973797.820659,4.0,-1.0,-110.0
1775973797.830659,1.0,-1.0,-108.0
1775973797.840659,3.0,-4.0,-108.0
1775973797.850659,2.0,-7.0,-103.0
1775973797.860659,4.0,-4.0,-105.0
1775973797.8706589,6.0,-4.0,-108.0
1775973797.8806589,3.0,-10.0,-104.0
1775973797.8906589,0.0,-7.0,-102.0
1775973797.9006588,0.0,0.0,-106.0
1775973797.9106588,0.0,-1.0,-105.0
1775973797.9206588,-3.0,-3.0,-109.0
1775973797.9306588,-3.0,-5.0,-108.0
1775973797.9406588,-3.0,-1.0,-107.0
1775973797.9506588,0.0,-1.0,-111.0
1775973797.9606588,0.0,-5.0,-104.0
1775973797.9706588,1.0,-4.0,-104.0
1775973797.9806588,-5.0,-3.0,-105.0
1775973797.9906588,-5.0,-5.0,-104.0
1775973798.000659,-9.0,-6.0,-103.0
1775973798.010659,-4.0,-8.0,-99.0
1775973798.020659,-5.0,-10.0,-100.0
1775973798.030659,5.0,-11.0,-100.0
1775973798.040659,4.0,-10.0,-101.0
1775973798.050659,-1.0,-12.0,-98.0
1775973798.060659,0.0,-13.0,-97.0
1775973798.070659,-1.0,-10.0,-96.0
1775973798.080659,0.0,-7.0,-91.0
1775973798.090659,2.0,-4.0,-91.0
1775973798.100659,5.0,-2.0,-89.0
1775973798.110659,2.0,0.0,-89.0
1775973798.1206589,0.0,-1.0,-97.0
1775973798.1306589,0.0,-1.0,-105.0
1775973798.1406589,-1.0,-4.0,-102.0
1775973798.1506588,1.0,-6.0,-106.0
1775973798.1606588,4.0,-1.0,-108.0
1775973798.1706588,3.0,-3.0,-110.0
1775973798.1806588,0.0,0.0,-118.0
1775973798.1906588,-2.0,0.0,-121.0
1775973798.2006588,-6.0,-1.0,-123.0
1775973798.2106588,-5.0,-3.0,-112.0
1775973798.2206588,-6.0,-1.0,-105.0
1775973798.2306588,-5.0,1.0,-107.0
1775973798.2406588,-2.0,2.0,-109.0
1775973798.250659,1.0,0.0,-112.0
1775973798.260659,0.0,-1.0,-108.0
1775973798.270659,0.0,-3.0,-104.0
1775973798.280659,2.0,-3.0,-103.0
1775973798.290659,0.0,-3.0,-106.0
1775973798.300659,1.0,-3.0,-111.0
1775973798.310659,-3.0,0.0,-121.0
1775973798.320659,-4.0,0.0,-125.0
1775973798.330659,-7.0,-4.0,-118.0
1775973798.340659,-4.0,-4.0,-120.0
1775973798.350659,-1.0,-5.0,-115.0
1775973798.360659,-1.0,-6.0,-110.0
1775973798.3706589,-3.0,-5.0,-115.0
1775973798.3806589,2.0,-5.0,-116.0
1775973798.3906589,0.0,-3.0,-114.0
1775973798.4006588,-4.0,-3.0,-112.0
1775973798.4106588,-3.0,-1.0,-109.0
1775973798.4206588,-1.0,-3.0,-111.0
1775973798.4306588,-1.0,0.0,-110.0
1775973798.4406588,-1.0,-1.0,-111.0
1775973798.4506588,0.0,0.0,-110.0
1775973798.4606588,0.0,0.0,-115.0
1775973798.4706588,0.0,-3.0,-115.0
1775973798.4806588,0.0,-5.0,-115.0
1775973798.4906588,-2.0,-4.0,-113.0
1775973798.500659,-6.0,-1.0,-117.0
1775973798.510659,-11.0,-3.0,-118.0
1775973798.520659,-10.0,-8.0,-114.0
1775973798.530659,-8.0,-3.0,-111.0
1775973798.540659,-8.0,0.0,-109.0
1775973798.550659,-7.0,2.0,-109.0
1775973798.560659,-5.0,4.0,-111.0
1775973798.570659,-3.0,3.0,-105.0
1775973798.580659,-2.0,3.0,-101.0
1775973798.590659,0.0,0.0,-99.0
1775973798.600659,2.0,-3.0,-98.0
1775973798.610659,0.0,-4.0,-101.0
1775973798.6206589,-2.0,0.0,-101.0
1775973798.6306589,-1.0,-2.0,-109.0
1775973798.6406589,1.0,-5.0,-109.0
1775973798.6506588,1.0,-4.0,-110.0
1775973798.6606588,-1.0,0.0,-115.0
1775973798.6706588,-2.0,-1.0,-111.0
1775973798.6806588,-3.0,0.0,-108.0
1775973798.6906588,-6.0,2.0,-114.0
1775973798.7006588,-4.0,1.0,-115.0
1775973798.7106588,-6.0,2.0,-114.0
1775973798.7206588,-9.0,1.0,-116.0
1775973798.7306588,-7.0,1.0,-109.0
1775973798.7406588,-10.0,1.0,-109.0
1775973798.750659,-11.0,3.0,-106.0
1775973798.760659,-8.0,4.0,-104.0
1775973798.770659,-8.0,0.0,-105.0
1775973798.780659,-5.0,2.0,-100.0
1775973798.790659,-4.0,1.0,-102.0
1775973798.800659,-3.0,-2.0,-105.0
1775973798.810659,-2.0,-1.0,-106.0
1775973798.820659,-1.0,0.0,-105.0
1775973798.830659,3.0,4.0,-101.0
1775973798.840659,1.0,2.0,-103.0
1775973798.850659,-1.0,0.0,-105.0
1775973798.860659,-3.0,0.0,-102.0
1775973798.8706589,-3.0,-2.0,-103.0
1775973798.8806589,-2.0,-6.0,-105.0
1775973798.8906589,-3.0,-5.0,-100.0
1775973798.9006588,-6.0,-3.0,-98.0
1775973798.9106588,-4.0,-3.0,-106.0
1775973798.9206588,-6.0,-1.0,-106.0
1775973798.9306588,-7.0,-3.0,-104.0
1775973798.9406588,-3.0,-4.0,-115.0
1775973798.9506588,3.0,-6.0,-112.0
1775973798.9606588,4.0,-4.0,-107.0
1775973798.9706588,3.0,-5.0,-103.0
1775973798.9806588,5.0,-4.0,-101.0
1775973798.9906588,-5.0,-1.0,-93.0
1775973799.000659,-6.0,1.0,-93.0
1775973799.010659,-3.0,-1.0,-96.0
1775973799.020659,-2.0,-1.0,-99.0
1775973799.030659,1.0,1.0,-101.0
1775973799.040659,1.0,2.0,-108.0
1775973799.050659,0.0,1.0,-109.0
1775973799.0616589,-6.0,0.0,-108.0
1775973799.0716588,0.0,-1.0,-105.0
1775973799.0816588,-4.0,1.0,-106.0
1775973799.090659,-4.0,-2.0,-107.0
1775973799.1016588,-6.0,-3.0,-105.0
1775973799.1116588,-2.0,-6.0,-105.0
1775973799.1216588,-7.0,-7.0,-106.0
1775973799.1316588,-2.0,-4.0,-104.0
1775973799.1416588,-3.0,-7.0,-104.0
1775973799.1516588,-1.0,-1.0,-99.0
1775973799.1616588,-2.0,0.0,-103.0
1775973799.171659,-2.0,-1.0,-109.0
1775973799.181659,0.0,-3.0,-112.0
1775973799.191659,4.0,0.0,-114.0
1775973799.201659,2.0,-2.0,-111.0
1775973799.211659,0.0,-4.0,-113.0
1775973799.221659,-3.0,-7.0,-115.0
1775973799.231659,-5.0,-2.0,-111.0
1775973799.241659,-6.0,-4.0,-107.0
1775973799.251659,-5.0,-5.0,-107.0
1775973799.261659,-3.0,-9.0,-116.0
1775973799.271659,3.0,-9.0,-117.0
1775973799.281659,0.0,-6.0,-120.0
1775973799.2916589,3.0,-6.0,-119.0
1775973799.3016589,0.0,-6.0,-120.0
1775973799.3116589,0.0,-6.0,-118.0
1775973799.3216588,-1.0,-5.0,-123.0
1775973799.3316588,-2.0,-6.0,-117.0
1775973799.3416588,0.0,-5.0,-110.0
1775973799.3516588,0.0,-3.0,-114.0
1775973799.3616588,2.0,0.0,-110.0
1775973799.3716588,-1.0,-2.0,-108.0
1775973799.3816588,3.0,-9.0,-106.0
1775973799.3916588,-1.0,-15.0,-108.0
1775973799.4016588,-4.0,-13.0,-108.0
1775973799.4116588,-6.0,-9.0,-114.0
1775973799.421659,-5.0,-8.0,-119.0
1775973799.431659,-5.0,-10.0,-119.0
1775973799.441659,-1.0,-8.0,-114.0
1775973799.451659,-3.0,-8.0,-115.0
1775973799.461659,-9.0,-5.0,-105.0
1775973799.471659,-12.0,0.0,-99.0
1775973799.481659,-10.0,1.0,-99.0
1775973799.491659,-5.0,-1.0,-95.0
1775973799.501659,-1.0,-2.0,-99.0
1775973799.511659,-5.0,-6.0,-97.0
1775973799.521659,-5.0,-7.0,-104.0
1775973799.531659,-4.0,-4.0,-106.0
1775973799.5416589,0.0,-5.0,-111.0
1775973799.5516589,-1.0,-4.0,-106.0
1775973799.5616589,0.0,-2.0,-109.0
1775973799.5716588,2.0,-4.0,-107.0
1775973799.5816588,4.0,0.0,-107.0
1775973799.5916588,4.0,-3.0,-108.0
1775973799.6016588,8.0,-1.0,-108.0
1775973799.6116588,2.0,-3.0,-111.0
1775973799.6216588,-4.0,-2.0,-112.0
1775973799.6316588,0.0,-4.0,-113.0
1775973799.6416588,0.0,-4.0,-114.0
1775973799.6516588,-3.0,-3.0,-110.0
1775973799.6616588,-4.0,-1.0,-118.0
1775973799.671659,0.0,-2.0,-122.0
1775973799.681659,-1.0,0.0,-119.0
1775973799.691659,1.0,0.0,-115.0
1775973799.701659,2.0,1.0,-111.0
1775973799.711659,2.0,0.0,-110.0
1775973799.721659,2.0,3.0,-109.0
1775973799.731659,2.0,3.0,-111.0
1775973799.741659,0.0,4.0,-111.0
1775973799.751659,0.0,3.0,-107.0
1775973799.761659,0.0,3.0,-106.0
1775973799.771659,-5.0,1.0,-106.0
1775973799.781659,0.0,-2.0,-109.0
1775973799.7916589,-3.0,-4.0,-110.0
1775973799.8016589,-4.0,-4.0,-107.0
1775973799.8116589,-1.0,-3.0,-109.0
1775973799.8216588,0.0,-4.0,-107.0
1775973799.8316588,2.0,-5.0,-106.0
1775973799.8416588,5.0,-4.0,-110.0
1775973799.8516588,7.0,-4.0,-107.0
1775973799.8616588,8.0,-1.0,-106.0
1775973799.8716588,6.0,0.0,-102.0
1775973799.8816588,4.0,-4.0,-97.0
1775973799.8916588,9.0,-5.0,-93.0
1775973799.9016588,7.0,-2.0,-98.0
1775973799.9116588,4.0,-1.0,-103.0
1775973799.921659,3.0,-3.0,-104.0
1775973799.931659,4.0,-1.0,-111.0
1775973799.941659,2.0,-2.0,-107.0
1775973799.951659,2.0,-2.0,-104.0
1775973799.961659,0.0,0.0,-105.0
1775973799.971659,-3.0,0.0,-106.0
1775973799.981659,-3.0,1.0,-106.0
1775973799.991659,-1.0,-2.0,-110.0
1775973800.001659,0.0,-2.0,-109.0
1775973800.011659,0.0,0.0,-111.0
1775973800.021659,0.0,0.0,-111.0
1775973800.031659,2.0,-5.0,-110.0
1775973800.0416589,4.0,-5.0,-107.0
1775973800.0516589,5.0,-7.0,-109.0
1775973800.0616589,4.0,-7.0,-109.0
1775973800.0716588,2.0,-6.0,-108.0
1775973800.0816588,3.0,-3.0,-106.0
1775973800.0916588,5.0,-2.0,-106.0
1775973800.1016588,3.0,1.0,-100.0
1775973800.1116588,5.0,2.0,-99.0
1775973800.1216588,4.0,1.0,-96.0
1775973800.1316588,-1.0,-1.0,-105.0
1775973800.1416588,-5.0,0.0,-112.0
1775973800.1516588,-7.0,-2.0,-113.0
1775973800.1616588,0.0,-2.0,-106.0
1775973800.171659,0.0,-5.0,-106.0
1775973800.181659,-3.0,0.0,-109.0
1775973800.191659,2.0,6.0,-107.0
1775973800.201659,3.0,8.0,-107.0
1775973800.211659,2.0,6.0,-109.0
1775973800.221659,4.0,8.0,-113.0
1775973800.231659,0.0,5.0,-120.0
1775973800.241659,-3.0,0.0,-115.0
1775973800.251659,-2.0,1.0,-113.0
1775973800.261659,2.0,0.0,-109.0
1775973800.271659,4.0,1.0,-110.0
1775973800.281659,0.0,1.0,-110.0
1775973800.2916589,-1.0,0.0,-109.0
1775973800.3016589,-4.0,-4.0,-111.0
1775973800.3116589,-6.0,0.0,-112.0
1775973800.3216588,-4.0,-2.0,-105.0
1775973800.3316588,-5.0,0.0,-102.0
1775973800.3416588,-7.0,0.0,-106.0
1775973800.3516588,-6.0,0.0,-111.0
1775973800.3616588,-2.0,0.0,-114.0
1775973800.3716588,-4.0,-1.0,-114.0
1775973800.3816588,-2.0,-5.0,-112.0
1775973800.3916588,-6.0,-2.0,-111.0
1775973800.4016588,-7.0,-2.0,-107.0
1775973800.4116588,0.0,-2.0,-107.0
1775973800.421659,-2.0,-5.0,-100.0
1775973800.431659,-1.0,-1.0,-105.0
1775973800.441659,-2.0,1.0,-107.0
1775973800.451659,0.0,0.0,-110.0
1775973800.461659,-3.0,0.0,-104.0
1775973800.471659,-4.0,-1.0,-100.0
1775973800.481659,-4.0,0.0,-99.0
1775973800.491659,-9.0,0.0,-99.0
1775973800.501659,-6.0,1.0,-102.0
1775973800.511659,-5.0,1.0,-104.0
1775973800.521659,-5.0,-1.0,-111.0
1775973800.531659,0.0,0.0,-112.0
1775973800.5416589,3.0,0.0,-112.0
1775973800.5516589,7.0,3.0,-105.0
1775973800.5616589,2.0,3.0,-105.0
1775973800.5716588,0.0,2.0,-108.0
1775973800.5816588,-1.0,0.0,-117.0
1775973800.5916588,-1.0,-3.0,-114.0
1775973800.6016588,-3.0,-2.0,-119.0
1775973800.6116588,-3.0,-6.0,-119.0
1775973800.6216588,0.0,-5.0,-113.0
1775973800.6316588,0.0,-3.0,-109.0
1775973800.6416588,-3.0,1.0,-112.0
1775973800.6516588,-3.0,0.0,-115.0
1775973800.6616588,-1.0,-3.0,-116.0
1775973800.671659,0.0,-2.0,-114.0
1775973800.681659,2.0,-7.0,-110.0
1775973800.691659,5.0,-9.0,-107.0
1775973800.701659,1.0,-6.0,-103.0
1775973800.711659,2.0,-5.0,-106.0
1775973800.721659,6.0,-9.0,-104.0
1775973800.7326589,4.0,-11.0,-103.0
1775973800.741659,1.0,-8.0,-100.0
1775973800.751659,4.0,-7.0,-109.0
1775973800.761659,2.0,-9.0,-104.0
1775973800.771659,0.0,-4.0,-104.0
1775973800.781659,1.0,1.0,-100.0
1775973800.7916589,0.0,-3.0,-97.0
1775973800.8016589,-1.0,-5.0,-103.0
1775973800.8116589,-4.0,-2.0,-104.0
1775973800.8216588,-1.0,0.0,-105.0
1775973800.8316588,1.0,-1.0,-110.0
1775973800.8416588,0.0,-3.0,-108.0
1775973800.8516588,2.0,0.0,-107.0
1775973800.8616588,3.0,1.0,-106.0
1775973800.8716588,6.0,3.0,-109.0
1775973800.8816588,6.0,2.0,-109.0
1775973800.8916588,1.0,-1.0,-107.0
1775973800.9016588,-1.0,-2.0,-111.0
1775973800.9116588,-3.0,-2.0,-115.0
1775973800.921659,-3.0,1.0,-114.0
1775973800.931659,-2.0,0.0,-109.0
1775973800.941659,-3.0,0.0,-108.0
1775973800.951659,-1.0,0.0,-105.0
1775973800.961659,-1.0,-1.0,-107.0
1775973800.971659,2.0,-5.0,-108.0
1775973800.981659,2.0,-6.0,-111.0
1775973800.991659,5.0,-6.0,-107.0
1775973801.001659,1.0,-3.0,-107.0
1775973801.011659,-4.0,-1.0,-103.0
1775973801.021659,-5.0,-3.0,-103.0
1775973801.031659,-5.0,-1.0,-104.0
1775973801.0416589,-6.0,-3.0,-106.0
1775973801.0516589,-1.0,-7.0,-104.0
1775973801.0616589,0.0,-6.0,-105.0
1775973801.0716588,0.0,-8.0,-110.0
1775973801.0816588,3.0,-6.0,-113.0
1775973801.0916588,5.0,-6.0,-111.0
1775973801.1016588,3.0,-8.0,-109.0
1775973801.1116588,-3.0,-7.0,-112.0
1775973801.1216588,-2.0,-6.0,-111.0
1775973801.1316588,0.0,-1.0,-108.0
1775973801.142659,-1.0,3.0,-113.0
1775973801.1516588,-5.0,2.0,-119.0
1775973801.162659,-6.0,0.0,-113.0
1775973801.172659,-3.0,4.0,-111.0
1775973801.182659,0.0,6.0,-113.0
1775973801.192659,-1.0,9.0,-113.0
1775973801.202659,-2.0,5.0,-109.0
1775973801.212659,0.0,2.0,-112.0
1775973801.2226589,0.0,4.0,-103.0
1775973801.2326589,-2.0,4.0,-100.0
1775973801.2426589,-1.0,0.0,-104.0
1775973801.2526588,0.0,1.0,-106.0
1775973801.2626588,0.0,1.0,-106.0
1775973801.2726588,1.0,-3.0,-105.0
1775973801.2826588,1.0,-2.0,-103.0
1775973801.2926588,-1.0,-2.0,-99.0
1775973801.303659,2.0,-3.0,-101.0
1775973801.3126588,3.0,-4.0,-96.0
1775973801.3226588,3.0,0.0,-99.0
1775973801.3326588,5.0,0.0,-101.0
1775973801.3426588,7.0,-4.0,-100.0
1775973801.352659,1.0,-6.0,-99.0
1775973801.362659,-4.0,-7.0,-95.0
1775973801.372659,-4.0,-5.0,-93.0
1775973801.382659,-3.0,-1.0,-98.0
1775973801.392659,-4.0,0.0,-100.0
1775973801.402659,-6.0,3.0,-101.0
1775973801.412659,-4.0,3.0,-103.0
1775973801.422659,-5.0,0.0,-101.0
1775973801.432659,2.0,-1.0,-93.0
1775973801.442659,2.0,-1.0,-104.0
1775973801.452659,0.0,-3.0,-109.0
1775973801.462659,0.0,-4.0,-110.0
1775973801.4726589,-1.0,-4.0,-114.0
1775973801.4826589,0.0,-2.0,-114.0
1775973801.4926589,0.0,0.0,-117.0
1775973801.5026588,-4.0,2.0,-112.0
1775973801.5126588,-2.0,3.0,-110.0
1775973801.5226588,-4.0,5.0,-104.0
1775973801.5326588,-3.0,8.0,-99.0
1775973801.5426588,0.0,4.0,-102.0
1775973801.5526588,1.0,4.0,-105.0
1775973801.5626588,0.0,3.0,-111.0
1775973801.5726588,2.0,3.0,-112.0
1775973801.5826588,1.0,2.0,-108.0
1775973801.5926588,1.0,0.0,-110.0
1775973801.602659,-1.0,-5.0,-111.0
1775973801.612659,-1.0,-9.0,-103.0
1775973801.622659,0.0,-9.0,-98.0
1775973801.632659,-3.0,-5.0,-103.0
1775973801.642659,-4.0,-2.0,-104.0
1775973801.652659,-3.0,-5.0,-112.0
1775973801.662659,0.0,-7.0,-116.0
1775973801.672659,1.0,-7.0,-118.0
1775973801.682659,-2.0,-6.0,-117.0
1775973801.692659,-5.0,-3.0,-106.0
1775973801.702659,-1.0,-2.0,-105.0
1775973801.712659,2.0,0.0,-110.0
1775973801.7226589,0.0,-1.0,-110.0
1775973801.7326589,-1.0,-1.0,-108.0
1775973801.7426589,-6.0,-1.0,-104.0
1775973801.7526588,-12.0,-1.0,-103.0
1775973801.7626588,-13.0,-2.0,-106.0
1775973801.7726588,-15.0,-2.0,-109.0
1775973801.7826588,-15.0,0.0,-103.0
1775973801.7926588,-15.0,-2.0,-103.0
1775973801.8026588,-15.0,-3.0,-105.0
1775973801.8126588,-9.0,-3.0,-110.0
1775973801.8226588,-6.0,-6.0,-104.0
1775973801.8326588,-4.0,-5.0,-103.0
1775973801.8426588,-4.0,-2.0,-104.0
1775973801.852659,0.0,-1.0,-111.0
1775973801.862659,0.0,-1.0,-111.0
1775973801.872659,1.0,0.0,-105.0
1775973801.882659,-2.0,0.0,-105.0
1775973801.892659,-5.0,3.0,-100.0
1775973801.902659,-4.0,1.0,-102.0
1775973801.912659,-8.0,-3.0,-111.0
1775973801.922659,-8.0,-4.0,-109.0
1775973801.932659,-9.0,1.0,-117.0
1775973801.942659,-6.0,2.0,-118.0
1775973801.952659,-4.0,2.0,-124.0
1775973801.962659,-5.0,2.0,-121.0
1775973801.9726589,-6.0,-1.0,-116.0
1775973801.9826589,-7.0,0.0,-110.0
1775973801.9926589,-7.0,-2.0,-103.0
1775973802.0026588,-6.0,0.0,-107.0
1775973802.0126588,-3.0,0.0,-107.0
1775973802.0226588,-5.0,-2.0,-111.0
1775973802.0326588,-3.0,-5.0,-109.0
1775973802.0426588,0.0,-1.0,-118.0
1775973802.0526588,2.0,-1.0,-119.0
1775973802.0626588,1.0,-2.0,-119.0
1775973802.0726588,-1.0,-4.0,-118.0
1775973802.0826588,-1.0,-5.0,-114.0
1775973802.0926588,3.0,-4.0,-111.0
1775973802.102659,4.0,-4.0,-108.0
1775973802.112659,2.0,-4.0,-102.0
1775973802.122659,2.0,-8.0,-106.0
1775973802.132659,4.0,-4.0,-110.0
1775973802.142659,1.0,-1.0,-108.0
1775973802.152659,-2.0,0.0,-112.0
1775973802.162659,-3.0,-2.0,-110.0
1775973802.172659,-2.0,-2.0,-107.0
1775973802.182659,0.0,-1.0,-101.0
1775973802.192659,5.0,0.0,-106.0
1775973802.202659,2.0,8.0,-106.0
1775973802.212659,0.0,10.0,-112.0
1775973802.2226589,0.0,8.0,-113.0
1775973802.2326589,3.0,6.0,-112.0
1775973802.2426589,2.0,5.0,-116.0
1775973802.2526588,3.0,4.0,-119.0
1775973802.2626588,0.0,1.0,-113.0
1775973802.2726588,3.0,0.0,-110.0
1775973802.2826588,2.0,0.0,-108.0
1775973802.2926588,6.0,1.0,-105.0
1775973802.3026588,7.0,-2.0,-104.0
1775973802.3126588,9.0,1.0,-103.0
1775973802.3226588,6.0,1.0,-101.0
1775973802.3326588,5.0,1.0,-103.0
1775973802.3426588,0.0,0.0,-108.0
1775973802.352659,0.0,-2.0,-109.0
1775973802.362659,1.0,-1.0,-114.0
1775973802.372659,4.0,-1.0,-110.0
1775973802.382659,5.0,-4.0,-109.0
1775973802.392659,0.0,-4.0,-102.0
1775973802.402659,-2.0,-5.0,-100.0
1775973802.412659,-8.0,-6.0,-104.0
1775973802.422659,-4.0,-5.0,-108.0
1775973802.432659,-4.0,-4.0,-97.0
1775973802.442659,-5.0,-2.0,-99.0
1775973802.452659,-2.0,-3.0,-95.0
1775973802.462659,-2.0,-1.0,-109.0
1775973802.4726589,0.0,0.0,-116.0
1775973802.4826589,1.0,-1.0,-115.0
1775973802.4926589,0.0,-2.0,-109.0
1775973802.5026588,-2.0,-1.0,-103.0
1775973802.5126588,-7.0,0.0,-102.0
1775973802.5226588,-6.0,0.0,-102.0
1775973802.5326588,-3.0,-1.0,-104.0
1775973802.5426588,-1.0,-2.0,-99.0
1775973802.5526588,0.0,-3.0,-98.0
1775973802.5626588,0.0,-3.0,-99.0
1775973802.5726588,0.0,-3.0,-103.0
1775973802.5826588,2.0,-4.0,-102.0
1775973802.5926588,-2.0,-7.0,-106.0
1775973802.602659,-2.0,-9.0,-103.0
1775973802.612659,0.0,-8.0,-98.0
1775973802.622659,1.0,-2.0,-97.0
1775973802.632659,3.0,0.0,-96.0
1775973802.642659,1.0,1.0,-101.0
1775973802.652659,3.0,0.0,-103.0
1775973802.662659,0.0,-1.0,-105.0
1775973802.672659,-4.0,0.0,-109.0
1775973802.682659,-6.0,-1.0,-110.0
1775973802.692659,-4.0,-3.0,-118.0
1775973802.702659,-2.0,-4.0,-114.0
1775973802.712659,-1.0,-2.0,-110.0
1775973802.7226589,-2.0,0.0,-110.0
1775973802.7326589,0.0,2.0,-106.0
1775973802.7426589,0.0,3.0,-109.0
1775973802.7526588,3.0,3.0,-105.0
1775973802.7626588,0.0,-3.0,-107.0
1775973802.7726588,0.0,-1.0,-111.0
1775973802.7826588,-2.0,0.0,-117.0
1775973802.7926588,0.0,4.0,-112.0
1775973802.8026588,-3.0,2.0,-116.0
1775973802.8126588,-2.0,0.0,-115.0
1775973802.8226588,0.0,0.0,-112.0
1775973802.8326588,1.0,-1.0,-106.0
1775973802.8426588,2.0,3.0,-109.0
1775973802.852659,0.0,4.0,-105.0
1775973802.862659,-2.0,4.0,-99.0
1775973802.872659,0.0,3.0,-101.0
1775973802.882659,1.0,1.0,-102.0
1775973802.892659,0.0,3.0,-104.0
1775973802.902659,-2.0,2.0,-102.0
1775973802.912659,-2.0,2.0,-96.0
1775973802.922659,-2.0,1.0,-101.0
1775973802.932659,-2.0,3.0,-103.0
1775973802.942659,0.0,4.0,-105.0
1775973802.952659,-2.0,4.0,-103.0
1775973802.962659,-3.0,1.0,-103.0
1775973802.9726589,-1.0,1.0,-114.0
1775973802.9826589,0.0,2.0,-116.0
1775973802.9926589,3.0,2.0,-108.0
1775973803.0026588,0.0,-2.0,-108.0
1775973803.0126588,0.0,-1.0,-112.0
1775973803.0226588,1.0,-1.0,-117.0
1775973803.0326588,1.0,0.0,-117.0
1775973803.0426588,2.0,0.0,-113.0
1775973803.0526588,3.0,2.0,-111.0
1775973803.0626588,0.0,1.0,-112.0
1775973803.0726588,-1.0,0.0,-112.0
1775973803.0826588,0.0,0.0,-104.0
1775973803.0926588,0.0,0.0,-97.0
1775973803.102659,0.0,1.0,-98.0
1775973803.112659,5.0,0.0,-101.0
1775973803.122659,6.0,0.0,-102.0
1775973803.132659,8.0,2.0,-99.0
1775973803.142659,7.0,0.0,-101.0
1775973803.152659,5.0,-2.0,-108.0
1775973803.162659,8.0,-4.0,-108.0
1775973803.172659,7.0,-4.0,-105.0
1775973803.1836588,-1.0,-6.0,-93.0
1775973803.1936588,-4.0,-5.0,-99.0
1775973803.2036588,-5.0,-4.0,-101.0
1775973803.2136588,-5.0,-1.0,-107.0
1775973803.2236588,-5.0,-2.0,-105.0
1775973803.2336588,-2.0,-3.0,-108.0
1775973803.2436588,-1.0,-7.0,-109.0
1775973803.2536588,-1.0,-2.0,-112.0
1775973803.2636588,-5.0,-1.0,-117.0
1775973803.273659,0.0,-1.0,-118.0
1775973803.283659,0.0,-1.0,-118.0
1775973803.293659,2.0,0.0,-111.0
1775973803.303659,4.0,0.0,-106.0
1775973803.313659,4.0,1.0,-109.0
1775973803.323659,0.0,2.0,-109.0
1775973803.333659,1.0,2.0,-111.0
1775973803.343659,2.0,0.0,-120.0
1775973803.353659,3.0,-1.0,-113.0
1775973803.363659,2.0,-2.0,-102.0
1775973803.373659,-1.0,0.0,-104.0
1775973803.383659,2.0,-2.0,-106.0
1775973803.3936589,-2.0,1.0,-113.0
1775973803.4036589,-2.0,0.0,-108.0
1775973803.4136589,-1.0,2.0,-110.0
1775973803.4236588,-4.0,3.0,-105.0
1775973803.4336588,-4.0,1.0,-109.0
1775973803.4436588,-5.0,0.0,-105.0
1775973803.4536588,-6.0,-2.0,-104.0
1775973803.4636588,-11.0,-1.0,-109.0
1775973803.4736588,-8.0,1.0,-110.0
1775973803.4836588,-7.0,0.0,-109.0
1775973803.4936588,-4.0,0.0,-114.0
1775973803.5036588,-3.0,0.0,-110.0
1775973803.5136588,-3.0,-1.0,-111.0
1775973803.523659,-1.0,-3.0,-111.0
1775973803.533659,0.0,-5.0,-109.0
1775973803.543659,0.0,-3.0,-104.0
1775973803.553659,-1.0,-2.0,-109.0
1775973803.563659,-3.0,-4.0,-105.0
1775973803.573659,-3.0,-4.0,-105.0
1775973803.583659,-1.0,-5.0,-111.0
1775973803.593659,1.0,-5.0,-107.0
1775973803.603659,1.0,-7.0,-107.0
1775973803.613659,-2.0,-6.0,-115.0
1775973803.623659,0.0,-8.0,-115.0
1775973803.633659,2.0,-10.0,-116.0
1775973803.6436589,1.0,-9.0,-121.0
1775973803.6536589,2.0,-3.0,-120.0
1775973803.6636589,1.0,-2.0,-118.0
1775973803.6736588,4.0,-7.0,-111.0
1775973803.6836588,1.0,-9.0,-104.0
1775973803.6936588,0.0,-1.0,-103.0
1775973803.7036588,-1.0,0.0,-103.0
1775973803.7136588,0.0,0.0,-108.0
1775973803.7236588,1.0,0.0,-110.0
1775973803.7336588,1.0,-2.0,-110.0
1775973803.7436588,3.0,-6.0,-114.0
1775973803.7536588,4.0,-4.0,-115.0
1775973803.7636588,6.0,-4.0,-114.0
1775973803.773659,6.0,-4.0,-105.0
1775973803.783659,6.0,0.0,-104.0
1775973803.793659,2.0,0.0,-104.0
1775973803.804659,2.0,-2.0,-108.0
1775973803.813659,2.0,-1.0,-105.0
1775973803.823659,2.0,-4.0,-103.0
1775973803.833659,0.0,-4.0,-99.0
1775973803.843659,3.0,-2.0,-102.0
1775973803.853659,3.0,0.0,-104.0
1775973803.863659,4.0,-1.0,-108.0
1775973803.873659,5.0,-4.0,-111.0
1775973803.883659,3.0,-4.0,-109.0
1775973803.8936589,0.0,-1.0,-111.0
1775973803.9036589,-1.0,2.0,-114.0
1775973803.9136589,0.0,5.0,-113.0
1775973803.9236588,1.0,5.0,-112.0
1775973803.9336588,8.0,3.0,-108.0
1775973803.9436588,4.0,1.0,-110.0
1775973803.9536588,7.0,1.0,-103.0
1775973803.9636588,1.0,2.0,-110.0
1775973803.9736588,5.0,1.0,-103.0
1775973803.9836588,4.0,-2.0,-106.0
1775973803.9936588,1.0,0.0,-109.0
1775973804.0036588,-2.0,0.0,-110.0
1775973804.0136588,-6.0,-2.0,-109.0
1775973804.023659,-8.0,-4.0,-113.0
1775973804.033659,-6.0,-2.0,-117.0
1775973804.043659,-5.0,-4.0,-122.0
1775973804.053659,-4.0,-8.0,-120.0
1775973804.063659,1.0,-6.0,-114.0
1775973804.073659,1.0,-3.0,-118.0
1775973804.083659,1.0,-5.0,-113.0
1775973804.093659,-1.0,-5.0,-115.0
1775973804.103659,-4.0,-3.0,-114.0
1775973804.113659,0.0,-1.0,-104.0
1775973804.123659,0.0,0.0,-106.0
1775973804.133659,3.0,4.0,-108.0
1775973804.1436589,4.0,7.0,-114.0
1775973804.1536589,0.0,10.0,-112.0
1775973804.1636589,2.0,10.0,-100.0
1775973804.1736588,0.0,7.0,-99.0
1775973804.1836588,-1.0,4.0,-97.0
1775973804.1936588,2.0,3.0,-98.0
1775973804.2036588,6.0,1.0,-97.0
1775973804.2136588,6.0,1.0,-97.0
1775973804.2236588,3.0,3.0,-96.0
1775973804.2336588,1.0,1.0,-103.0
1775973804.2436588,0.0,1.0,-103.0
1775973804.2536588,3.0,0.0,-109.0
1775973804.2636588,6.0,0.0,-109.0
1775973804.273659,3.0,0.0,-113.0
1775973804.283659,0.0,-5.0,-109.0
1775973804.293659,0.0,-8.0,-104.0
1775973804.303659,0.0,-5.0,-103.0
1775973804.313659,0.0,-4.0,-103.0
1775973804.323659,2.0,-7.0,-105.0
1775973804.333659,2.0,-5.0,-103.0
1775973804.343659,2.0,-2.0,-105.0
1775973804.353659,-1.0,-1.0,-112.0
1775973804.363659,1.0,-3.0,-120.0
1775973804.373659,6.0,-10.0,-110.0
1775973804.383659,7.0,-5.0,-111.0
1775973804.3936589,2.0,-7.0,-109.0
1775973804.4036589,2.0,-8.0,-113.0
1775973804.4136589,0.0,-7.0,-110.0
1775973804.4236588,0.0,-10.0,-108.0
1775973804.4336588,-8.0,-7.0,-103.0
1775973804.4436588,-7.0,-8.0,-102.0
1775973804.4536588,-8.0,-7.0,-106.0
1775973804.4636588,-9.0,-6.0,-102.0
1775973804.4736588,-11.0,-4.0,-99.0
1775973804.4836588,-4.0,-4.0,-102.0
1775973804.4936588,0.0,0.0,-105.0
1775973804.5036588,2.0,8.0,-110.0
1775973804.5136588,5.0,3.0,-108.0
1775973804.523659,5.0,1.0,-107.0
1775973804.533659,5.0,3.0,-110.0
1775973804.543659,1.0,4.0,-108.0
1775973804.553659,2.0,3.0,-105.0
1775973804.563659,1.0,5.0,-110.0
1775973804.573659,6.0,8.0,-111.0
1775973804.583659,10.0,1.0,-112.0
1775973804.593659,4.0,0.0,-116.0
1775973804.603659,1.0,2.0,-114.0
1775973804.613659,0.0,0.0,-120.0
1775973804.623659,-2.0,0.0,-122.0
1775973804.633659,-5.0,0.0,-114.0
1775973804.6436589,-3.0,0.0,-112.0
1775973804.6536589,-5.0,4.0,-112.0
1775973804.6636589,-2.0,6.0,-113.0
1775973804.6736588,-2.0,5.0,-108.0
1775973804.6836588,0.0,10.0,-107.0
1775973804.6936588,1.0,9.0,-109.0
1775973804.7036588,2.0,9.0,-108.0
1775973804.7136588,7.0,6.0,-112.0
1775973804.7236588,5.0,5.0,-113.0
1775973804.7336588,3.0,1.0,-110.0
1775973804.7436588,2.0,1.0,-97.0
1775973804.7536588,2.0,1.0,-97.0
1775973804.7636588,3.0,0.0,-97.0
1775973804.773659,5.0,0.0,-94.0
1775973804.783659,2.0,5.0,-96.0
1775973804.793659,-3.0,1.0,-100.0
1775973804.803659,-5.0,4.0,-93.0
1775973804.813659,-1.0,7.0,-103.0
1775973804.823659,0.0,7.0,-108.0
1775973804.833659,0.0,4.0,-109.0
1775973804.843659,-1.0,7.0,-98.0
1775973804.853659,0.0,6.0,-99.0
1775973804.863659,-3.0,4.0,-102.0
1775973804.873659,-4.0,4.0,-102.0
1775973804.883659,-8.0,1.0,-102.0
1775973804.8936589,-5.0,0.0,-103.0
1775973804.9036589,-5.0,-6.0,-110.0
1775973804.9136589,-2.0,-6.0,-115.0
1775973804.9236588,0.0,-2.0,-116.0
1775973804.9336588,0.0,-3.0,-111.0
1775973804.9436588,1.0,0.0,-116.0
1775973804.9536588,-3.0,-2.0,-112.0
1775973804.9636588,-4.0,-1.0,-111.0
1775973804.9736588,-5.0,0.0,-112.0
1775973804.9836588,-4.0,-1.0,-113.0
1775973804.9936588,-1.0,0.0,-110.0
1775973805.0036588,0.0,0.0,-110.0
1775973805.0136588,-2.0,0.0,-115.0
1775973805.023659,-2.0,-3.0,-116.0
1775973805.033659,-3.0,-4.0,-115.0
1775973805.043659,-1.0,-5.0,-115.0
1775973805.053659,3.0,0.0,-111.0
1775973805.063659,1.0,3.0,-114.0
1775973805.073659,-2.0,2.0,-112.0
1775973805.083659,-1.0,0.0,-113.0
1775973805.093659,-8.0,3.0,-114.0
1775973805.103659,-7.0,2.0,-109.0
1775973805.113659,-7.0,0.0,-100.0
1775973805.123659,-4.0,2.0,-99.0
1775973805.133659,-1.0,-2.0,-105.0
1775973805.1436589,0.0,-6.0,-107.0
1775973805.1536589,1.0,-7.0,-109.0
1775973805.1636589,0.0,-6.0,-115.0
1775973805.1736588,-4.0,-2.0,-118.0
1775973805.1836588,-7.0,-4.0,-107.0
1775973805.1936588,-4.0,-4.0,-107.0
1775973805.2036588,1.0,-3.0,-109.0
1775973805.214659,3.0,-3.0,-113.0
1775973805.2236588,4.0,-4.0,-114.0
1775973805.234659,2.0,-5.0,-117.0
1775973805.244659,-1.0,-5.0,-114.0
1775973805.254659,-4.0,-4.0,-115.0
1775973805.264659,-5.0,-4.0,-114.0
1775973805.274659,-4.0,-3.0,-119.0
1775973805.284659,-4.0,-5.0,-114.0
1775973805.294659,-2.0,1.0,-117.0
1775973805.304659,-2.0,2.0,-122.0
1775973805.3146589,-2.0,2.0,-117.0
1775973805.3246589,-6.0,0.0,-116.0
1775973805.3346589,-5.0,-1.0,-112.0
1775973805.3446589,-2.0,-3.0,-111.0
1775973805.3546588,-5.0,-1.0,-107.0
1775973805.363659,-11.0,-1.0,-108.0
1775973805.3746588,-7.0,-1.0,-104.0
1775973805.3846588,-5.0,0.0,-106.0
1775973805.3946588,-6.0,2.0,-109.0
1775973805.4046588,-12.0,2.0,-110.0
1775973805.4146588,-9.0,-2.0,-112.0
1775973805.4246588,-8.0,-3.0,-114.0
1775973805.4346588,-2.0,-5.0,-111.0
1775973805.444659,-3.0,-2.0,-104.0
1775973805.454659,-1.0,-3.0,-102.0
1775973805.464659,1.0,-4.0,-102.0
1775973805.474659,1.0,-6.0,-103.0
1775973805.484659,0.0,-6.0,-102.0
1775973805.494659,4.0,-4.0,-96.0
1775973805.504659,4.0,-4.0,-99.0
1775973805.514659,3.0,-4.0,-95.0
1775973805.524659,0.0,-2.0,-94.0
1775973805.534659,-2.0,0.0,-96.0
1775973805.544659,-2.0,4.0,-96.0
1775973805.554659,0.0,5.0,-97.0
1775973805.5646589,3.0,5.0,-100.0
1775973805.5746589,1.0,1.0,-103.0
1775973805.5846589,-3.0,0.0,-104.0
1775973805.5946589,1.0,-1.0,-101.0
1775973805.6046588,0.0,-4.0,-106.0
1775973805.6146588,1.0,-7.0,-108.0
1775973805.6246588,1.0,1.0,-108.0
1775973805.6346588,2.0,1.0,-108.0
1775973805.6446588,0.0,1.0,-103.0
1775973805.6546588,0.0,2.0,-104.0
1775973805.6646588,0.0,0.0,-111.0
1775973805.6746588,-3.0,3.0,-105.0
1775973805.6846588,0.0,1.0,-105.0
1775973805.694659,1.0,3.0,-106.0
1775973805.704659,2.0,2.0,-100.0
1775973805.714659,0.0,2.0,-98.0
1775973805.724659,-1.0,0.0,-99.0
1775973805.734659,-2.0,-3.0,-106.0
1775973805.744659,-3.0,-2.0,-104.0
1775973805.754659,1.0,-5.0,-106.0
1775973805.764659,0.0,-3.0,-108.0
1775973805.774659,-2.0,-2.0,-112.0
1775973805.784659,-5.0,-4.0,-117.0
1775973805.794659,-6.0,-3.0,-116.0
1775973805.804659,-11.0,-3.0,-122.0
1775973805.8146589,-7.0,-2.0,-121.0
1775973805.8246589,-2.0,2.0,-116.0
1775973805.8346589,-2.0,1.0,-119.0
1775973805.8446589,-2.0,-1.0,-126.0
1775973805.8546588,-1.0,0.0,-124.0
1775973805.8646588,0.0,-1.0,-117.0
1775973805.8746588,-3.0,0.0,-112.0
1775973805.8846588,-3.0,0.0,-114.0
1775973805.8946588,-6.0,0.0,-111.0
1775973805.9046588,-7.0,2.0,-107.0
1775973805.9146588,-7.0,-1.0,-108.0
1775973805.9246588,-7.0,0.0,-104.0
1775973805.9346588,-7.0,0.0,-106.0
1775973805.944659,-7.0,-1.0,-109.0
1775973805.954659,-7.0,0.0,-106.0
1775973805.964659,-7.0,-2.0,-105.0
1775973805.974659,-6.0,0.0,-105.0
1775973805.984659,-2.0,2.0,-100.0
1775973805.994659,0.0,-1.0,-107.0
1775973806.004659,0.0,-3.0,-110.0
1775973806.014659,-3.0,-6.0,-105.0
1775973806.024659,-5.0,-4.0,-97.0
1775973806.034659,-4.0,0.0,-97.0
1775973806.044659,-4.0,-1.0,-97.0
1775973806.054659,-2.0,-7.0,-97.0
1775973806.0646589,0.0,-7.0,-99.0
1775973806.0746589,2.0,-4.0,-101.0
1775973806.0846589,2.0,-2.0,-104.0
1775973806.0946589,2.0,0.0,-105.0
1775973806.1046588,1.0,0.0,-104.0
1775973806.1146588,-2.0,1.0,-104.0
1775973806.1246588,1.0,1.0,-103.0
1775973806.1346588,3.0,2.0,-106.0
1775973806.1446588,5.0,-1.0,-102.0
1775973806.1546588,3.0,-6.0,-104.0
1775973806.1646588,-1.0,-8.0,-100.0
1775973806.1746588,1.0,-9.0,-97.0
1775973806.1846588,-3.0,-5.0,-103.0
1775973806.194659,-1.0,-1.0,-106.0
1775973806.204659,-2.0,-1.0,-104.0
1775973806.214659,-2.0,-1.0,-112.0
1775973806.224659,-2.0,-5.0,-113.0
1775973806.234659,-1.0,-5.0,-115.0
1775973806.244659,-2.0,-3.0,-113.0
1775973806.254659,-3.0,-6.0,-105.0
1775973806.264659,-5.0,-7.0,-105.0
1775973806.274659,-4.0,-8.0,-109.0
1775973806.284659,-7.0,-5.0,-108.0
1775973806.294659,-11.0,-1.0,-107.0
1775973806.304659,-15.0,0.0,-108.0
1775973806.3146589,-13.0,0.0,-106.0
1775973806.3246589,-12.0,-3.0,-101.0
1775973806.3346589,-9.0,-3.0,-96.0
1775973806.3446589,-9.0,-7.0,-100.0
1775973806.3546588,-7.0,-8.0,-103.0
1775973806.3646588,1.0,-8.0,-113.0
1775973806.3746588,0.0,-8.0,-111.0
1775973806.3846588,2.0,-8.0,-114.0
1775973806.3946588,3.0,-8.0,-117.0
1775973806.4046588,0.0,-6.0,-112.0
1775973806.4146588,0.0,-5.0,-106.0
1775973806.4246588,1.0,-6.0,-113.0
1775973806.4346588,0.0,-7.0,-111.0
1775973806.444659,8.0,-10.0,-109.0
1775973806.454659,6.0,-11.0,-106.0
1775973806.464659,5.0,-11.0,-109.0
1775973806.474659,1.0,-10.0,-110.0
1775973806.484659,-1.0,-4.0,-111.0
1775973806.494659,0.0,-2.0,-108.0
1775973806.504659,2.0,-2.0,-107.0
1775973806.514659,1.0,-1.0,-104.0
1775973806.524659,6.0,3.0,-102.0
1775973806.534659,6.0,6.0,-104.0
1775973806.544659,2.0,6.0,-103.0
1775973806.554659,0.0,8.0,-109.0
1775973806.5646589,3.0,6.0,-103.0
1775973806.5746589,5.0,2.0,-106.0
1775973806.5846589,5.0,0.0,-103.0
1775973806.5946589,3.0,2.0,-107.0
1775973806.6046588,0.0,-4.0,-104.0
1775973806.6146588,-1.0,-5.0,-103.0
1775973806.6246588,-1.0,-4.0,-104.0
1775973806.6346588,-3.0,-3.0,-112.0
1775973806.6446588,-1.0,-1.0,-107.0
1775973806.6546588,0.0,0.0,-109.0
1775973806.6646588,4.0,0.0,-118.0
1775973806.6746588,-2.0,4.0,-117.0
1775973806.6846588,-5.0,3.0,-115.0
1775973806.694659,-4.0,-3.0,-115.0
1775973806.704659,-4.0,-5.0,-109.0
1775973806.714659,-2.0,-6.0,-111.0
1775973806.724659,1.0,-9.0,-104.0
1775973806.734659,3.0,-9.0,-104.0
1775973806.744659,2.0,-5.0,-102.0
1775973806.754659,1.0,-6.0,-109.0
1775973806.764659,2.0,-5.0,-120.0
1775973806.774659,5.0,-5.0,-117.0
1775973806.784659,4.0,0.0,-115.0
1775973806.794659,3.0,0.0,-108.0
1775973806.804659,4.0,0.0,-107.0
1775973806.8146589,0.0,2.0,-103.0
1775973806.8246589,1.0,0.0,-102.0
1775973806.8346589,2.0,0.0,-105.0
1775973806.8446589,4.0,1.0,-105.0
1775973806.8546588,4.0,0.0,-105.0
1775973806.8646588,5.0,2.0,-103.0
1775973806.8746588,6.0,3.0,-109.0
1775973806.8846588,4.0,2.0,-102.0
1775973806.8946588,1.0,0.0,-102.0
1775973806.9046588,1.0,1.0,-102.0
1775973806.9146588,0.0,0.0,-100.0
1775973806.9246588,-4.0,1.0,-101.0
1775973806.9346588,-2.0,2.0,-108.0
1775973806.944659,-2.0,-2.0,-107.0
1775973806.954659,-3.0,-1.0,-109.0
1775973806.964659,-4.0,-3.0,-108.0
1775973806.974659,-5.0,-6.0,-107.0
1775973806.984659,-6.0,-9.0,-104.0
1775973806.994659,-6.0,-9.0,-101.0
1775973807.004659,-6.0,-8.0,-109.0
1775973807.014659,-10.0,-4.0,-103.0
1775973807.024659,-13.0,-6.0,-103.0
1775973807.034659,-8.0,-5.0,-108.0
1775973807.044659,-6.0,-3.0,-105.0
1775973807.054659,-3.0,-2.0,-110.0
1775973807.0646589,0.0,-1.0,-111.0
1775973807.0746589,0.0,1.0,-105.0
1775973807.0846589,3.0,1.0,-100.0
1775973807.0946589,0.0,1.0,-96.0
1775973807.1046588,1.0,0.0,-94.0
1775973807.1146588,3.0,0.0,-91.0
1775973807.1246588,-1.0,0.0,-94.0
1775973807.1346588,-2.0,0.0,-102.0
1775973807.1446588,0.0,0.0,-107.0
1775973807.1546588,6.0,0.0,-105.0
1775973807.1646588,4.0,-6.0,-104.0
1775973807.1746588,-1.0,0.0,-111.0
1775973807.1846588,-1.0,3.0,-110.0
1775973807.194659,-3.0,2.0,-104.0
1775973807.204659,-5.0,-1.0,-106.0
1775973807.214659,-2.0,-2.0,-104.0
1775973807.224659,-3.0,-6.0,-104.0
1775973807.234659,-4.0,-5.0,-102.0
1775973807.244659,-4.0,-7.0,-103.0
1775973807.254659,-5.0,-5.0,-95.0
1775973807.264659,-4.0,-1.0,-98.0
1775973807.2756588,-1.0,0.0,-102.0
1775973807.284659,-3.0,-2.0,-100.0
1775973807.2956588,-1.0,-7.0,-103.0
1775973807.3056588,-3.0,-9.0,-99.0
1775973807.3156588,0.0,-4.0,-101.0
1775973807.3256588,1.0,-2.0,-105.0
1775973807.3356588,0.0,0.0,-113.0
1775973807.3456588,-3.0,0.0,-111.0
1775973807.3556588,-7.0,-1.0,-107.0
1775973807.3656588,-2.0,0.0,-108.0
1775973807.375659,1.0,-1.0,-107.0
1775973807.385659,1.0,0.0,-115.0
1775973807.395659,-1.0,1.0,-112.0
1775973807.405659,-2.0,1.0,-111.0
1775973807.415659,-2.0,1.0,-115.0
1775973807.425659,-4.0,0.0,-116.0
1775973807.435659,-4.0,3.0,-114.0
1775973807.445659,-3.0,0.0,-119.0
1775973807.455659,-5.0,-1.0,-114.0
1775973807.465659,-7.0,0.0,-110.0
1775973807.475659,-6.0,1.0,-111.0
1775973807.485659,-5.0,0.0,-118.0
1775973807.4956589,-5.0,-1.0,-124.0
1775973807.5056589,-6.0,-1.0,-120.0
1775973807.5156589,-6.0,-4.0,-115.0
1775973807.5256588,-8.0,-3.0,-119.0
1775973807.5356588,-6.0,-1.0,-118.0
1775973807.5456588,-5.0,1.0,-114.0
1775973807.5556588,-3.0,5.0,-106.0
1775973807.5656588,-3.0,3.0,-104.0
1775973807.5756588,-7.0,3.0,-111.0
1775973807.5856588,-7.0,4.0,-117.0
1775973807.5956588,-4.0,0.0,-114.0
1775973807.6056588,0.0,1.0,-111.0
1775973807.6156588,0.0,-1.0,-107.0
1775973807.625659,4.0,-3.0,-108.0
1775973807.635659,7.0,-5.0,-107.0
1775973807.645659,9.0,-3.0,-108.0
1775973807.655659,10.0,-6.0,-111.0
1775973807.665659,5.0,-4.0,-105.0
1775973807.675659,5.0,-7.0,-106.0
1775973807.685659,4.0,-5.0,-110.0
1775973807.695659,3.0,-6.0,-110.0
1775973807.705659,5.0,-2.0,-115.0
1775973807.715659,4.0,-4.0,-117.0
1775973807.725659,8.0,-5.0,-112.0
1775973807.735659,4.0,-7.0,-110.0
1775973807.7456589,-1.0,-8.0,-121.0
1775973807.7556589,-7.0,-4.0,-117.0
1775973807.7656589,-7.0,-1.0,-109.0
1775973807.7756588,-2.0,-4.0,-110.0
1775973807.7856588,1.0,-8.0,-109.0
1775973807.7956588,0.0,-9.0,-114.0
1775973807.8056588,0.0,-5.0,-114.0
1775973807.8156588,-2.0,-5.0,-111.0
1775973807.8256588,-6.0,-6.0,-108.0
1775973807.8356588,-5.0,-5.0,-118.0
1775973807.8456588,1.0,-4.0,-120.0
1775973807.8556588,4.0,-1.0,-118.0
1775973807.8656588,2.0,1.0,-109.0
1775973807.875659,1.0,-1.0,-102.0
1775973807.885659,-1.0,2.0,-101.0
1775973807.895659,-5.0,-1.0,-100.0
1775973807.905659,-1.0,-2.0,-113.0
1775973807.915659,3.0,-1.0,-112.0
1775973807.925659,5.0,-6.0,-110.0
1775973807.935659,6.0,-4.0,-107.0
1775973807.945659,4.0,-4.0,-109.0
1775973807.955659,0.0,-3.0,-104.0
1775973807.965659,1.0,0.0,-100.0
1775973807.975659,4.0,0.0,-105.0
1775973807.985659,2.0,0.0,-107.0
1775973807.9956589,4.0,0.0,-113.0
1775973808.0056589,4.0,3.0,-111.0
1775973808.0156589,4.0,2.0,-110.0
1775973808.0256588,0.0,-3.0,-109.0
1775973808.0356588,0.0,-2.0,-110.0
1775973808.0456588,3.0,1.0,-112.0
1775973808.0556588,2.0,2.0,-109.0
1775973808.0656588,4.0,4.0,-103.0
1775973808.0756588,0.0,5.0,-107.0
1775973808.0856588,-1.0,6.0,-107.0
1775973808.0956588,-1.0,4.0,-117.0
1775973808.1056588,0.0,7.0,-116.0
1775973808.1156588,-1.0,6.0,-108.0
1775973808.125659,-4.0,5.0,-110.0
1775973808.135659,-3.0,1.0,-113.0
1775973808.145659,0.0,0.0,-110.0
1775973808.155659,2.0,-5.0,-121.0
1775973808.165659,2.0,-2.0,-119.0
1775973808.175659,3.0,-1.0,-114.0
1775973808.185659,2.0,0.0,-105.0
1775973808.195659,2.0,-2.0,-103.0
1775973808.205659,0.0,-1.0,-101.0
1775973808.215659,2.0,-1.0,-104.0
1775973808.225659,2.0,-3.0,-105.0
1775973808.235659,-2.0,-1.0,-106.0
1775973808.2456589,-3.0,-3.0,-109.0
1775973808.2556589,-1.0,-6.0,-106.0
1775973808.2656589,-2.0,-12.0,-100.0
1775973808.2756588,-1.0,-10.0,-101.0
1775973808.2856588,-2.0,-5.0,-103.0
1775973808.2956588,1.0,-4.0,-102.0
1775973808.3056588,0.0,-8.0,-101.0
1775973808.3156588,1.0,-9.0,-104.0
1775973808.3256588,2.0,-7.0,-105.0
1775973808.3356588,2.0,-5.0,-103.0
1775973808.3456588,0.0,-5.0,-103.0
1775973808.3556588,1.0,-2.0,-102.0
1775973808.3656588,0.0,0.0,-101.0
1775973808.375659,0.0,0.0,-100.0
1775973808.385659,-2.0,0.0,-101.0
1775973808.395659,-2.0,-1.0,-104.0
1775973808.405659,0.0,-1.0,-106.0
1775973808.415659,0.0,-3.0,-110.0
1775973808.425659,1.0,-5.0,-108.0
1775973808.435659,0.0,-4.0,-110.0
1775973808.445659,3.0,-2.0,-109.0
1775973808.455659,4.0,-2.0,-109.0
1775973808.465659,3.0,-4.0,-111.0
1775973808.475659,5.0,-6.0,-112.0
1775973808.485659,2.0,-4.0,-111.0
1775973808.4956589,5.0,-3.0,-108.0
1775973808.5056589,2.0,-2.0,-104.0
1775973808.5156589,4.0,0.0,-101.0
1775973808.5256588,5.0,-1.0,-98.0
1775973808.5356588,1.0,-3.0,-100.0
1775973808.5456588,0.0,-5.0,-100.0
1775973808.5556588,3.0,0.0,-101.0
1775973808.5656588,7.0,1.0,-97.0
1775973808.5756588,2.0,1.0,-96.0
1775973808.5856588,1.0,-1.0,-94.0
1775973808.5956588,7.0,0.0,-96.0
1775973808.6056588,8.0,0.0,-103.0
1775973808.6156588,7.0,-1.0,-104.0
1775973808.625659,6.0,-2.0,-110.0
1775973808.635659,1.0,0.0,-114.0
1775973808.645659,1.0,2.0,-113.0
1775973808.655659,3.0,3.0,-108.0
1775973808.665659,8.0,3.0,-113.0
1775973808.675659,4.0,3.0,-114.0
1775973808.685659,5.0,7.0,-119.0
1775973808.695659,4.0,3.0,-116.0
1775973808.705659,-1.0,4.0,-118.0
1775973808.715659,0.0,0.0,-124.0
1775973808.725659,6.0,0.0,-123.0
1775973808.735659,7.0,-2.0,-122.0
1775973808.7456589,7.0,-3.0,-118.0
1775973808.7556589,2.0,0.0,-109.0
1775973808.7656589,2.0,2.0,-110.0
1775973808.7756588,6.0,1.0,-107.0
1775973808.7856588,6.0,0.0,-114.0
1775973808.7956588,5.0,2.0,-112.0
1775973808.8056588,4.0,-2.0,-113.0
1775973808.8156588,1.0,-1.0,-117.0
1775973808.8256588,1.0,-1.0,-117.0
1775973808.8356588,2.0,2.0,-118.0
1775973808.8456588,6.0,2.0,-117.0
1775973808.8556588,2.0,-3.0,-114.0
1775973808.8656588,1.0,-6.0,-116.0
1775973808.875659,4.0,-8.0,-107.0
1775973808.885659,3.0,-15.0,-111.0
1775973808.895659,4.0,-13.0,-105.0
1775973808.905659,4.0,-12.0,-104.0
1775973808.915659,1.0,-11.0,-105.0
1775973808.925659,0.0,-5.0,-100.0
1775973808.935659,2.0,-3.0,-104.0
1775973808.945659,1.0,-6.0,-111.0
1775973808.955659,2.0,-1.0,-104.0
1775973808.965659,1.0,0.0,-108.0
1775973808.975659,4.0,0.0,-114.0
1775973808.985659,2.0,0.0,-108.0
1775973808.9956589,1.0,2.0,-109.0
1775973809.0056589,-3.0,0.0,-114.0
1775973809.0156589,0.0,2.0,-119.0
1775973809.0256588,2.0,-3.0,-120.0
1775973809.0356588,3.0,-7.0,-114.0
1775973809.0456588,-1.0,-6.0,-109.0
1775973809.0556588,-6.0,-2.0,-109.0
1775973809.0656588,-4.0,-1.0,-114.0
1775973809.0756588,-4.0,0.0,-115.0
1775973809.0856588,-4.0,3.0,-113.0
1775973809.0956588,-2.0,1.0,-110.0
1775973809.1056588,-3.0,3.0,-112.0
1775973809.1156588,-6.0,5.0,-113.0
1775973809.125659,-6.0,0.0,-117.0
1775973809.135659,-1.0,0.0,-112.0
1775973809.145659,0.0,-2.0,-113.0
1775973809.155659,-2.0,0.0,-112.0
1775973809.165659,-3.0,-3.0,-113.0
1775973809.175659,-6.0,-2.0,-110.0
1775973809.185659,-8.0,-3.0,-96.0
1775973809.195659,-5.0,1.0,-99.0
1775973809.205659,-3.0,7.0,-107.0
1775973809.215659,-3.0,9.0,-106.0
1775973809.225659,-4.0,6.0,-106.0
1775973809.235659,-4.0,2.0,-103.0
1775973809.2456589,-3.0,0.0,-105.0
1775973809.2556589,-2.0,0.0,-109.0
1775973809.2656589,-3.0,-2.0,-111.0
1775973809.2756588,0.0,-5.0,-110.0
1775973809.2856588,-1.0,-4.0,-101.0
1775973809.2956588,-1.0,-4.0,-103.0
1775973809.3056588,-3.0,-5.0,-104.0
1775973809.316659,0.0,-3.0,-101.0
1775973809.326659,-1.0,0.0,-103.0
1775973809.336659,0.0,3.0,-105.0
1775973809.346659,4.0,2.0,-106.0
1775973809.356659,0.0,2.0,-116.0
1775973809.366659,-5.0,1.0,-115.0
1775973809.376659,-4.0,-9.0,-114.0
1775973809.386659,-6.0,-10.0,-110.0
1775973809.396659,-2.0,-10.0,-104.0
1775973809.406659,1.0,-10.0,-107.0
1775973809.4166589,0.0,-8.0,-108.0
1775973809.4266589,4.0,-8.0,-110.0
1775973809.4366589,2.0,-4.0,-112.0
1775973809.4466588,0.0,-1.0,-115.0
1775973809.4566588,-1.0,-3.0,-114.0
1775973809.4666588,0.0,-1.0,-111.0
1775973809.4766588,-3.0,-7.0,-110.0
1775973809.4866588,-2.0,-7.0,-106.0
1775973809.4966588,-3.0,-5.0,-103.0
1775973809.5066588,0.0,-4.0,-101.0
1775973809.5166588,-4.0,-8.0,-103.0
1775973809.5266588,-2.0,-7.0,-107.0
1775973809.5366588,-3.0,-4.0,-108.0
1775973809.546659,-5.0,-4.0,-107.0
1775973809.556659,-6.0,-3.0,-100.0
1775973809.566659,-3.0,-4.0,-103.0
1775973809.576659,-3.0,-3.0,-102.0
1775973809.586659,-1.0,-5.0,-103.0
1775973809.596659,-5.0,-5.0,-108.0
1775973809.606659,-6.0,-3.0,-106.0
1775973809.616659,-7.0,-3.0,-100.0
1775973809.626659,-4.0,-4.0,-93.0
1775973809.636659,1.0,-6.0,-87.0
1775973809.646659,0.0,-5.0,-91.0
1775973809.656659,-3.0,0.0,-102.0
1775973809.6666589,-6.0,-3.0,-101.0
1775973809.6766589,-7.0,-2.0,-95.0
1775973809.6866589,-7.0,-2.0,-94.0
1775973809.6966588,-4.0,0.0,-101.0
1775973809.7066588,-4.0,-2.0,-96.0
1775973809.7166588,-3.0,1.0,-98.0
1775973809.7266588,-4.0,-2.0,-97.0
1775973809.7366588,-8.0,-6.0,-96.0
1775973809.7466588,-3.0,-5.0,-96.0
1775973809.7566588,0.0,-4.0,-103.0
1775973809.7666588,0.0,-5.0,-109.0
1775973809.7766588,1.0,-3.0,-112.0
1775973809.7866588,1.0,-5.0,-111.0
1775973809.796659,-1.0,-6.0,-109.0
1775973809.806659,-1.0,-3.0,-107.0
1775973809.816659,-2.0,-1.0,-113.0
1775973809.826659,-7.0,0.0,-120.0
1775973809.836659,-6.0,1.0,-111.0
1775973809.846659,-3.0,1.0,-110.0
1775973809.856659,-1.0,1.0,-117.0
1775973809.866659,0.0,2.0,-116.0
1775973809.876659,3.0,0.0,-114.0
1775973809.886659,6.0,0.0,-116.0
1775973809.896659,8.0,0.0,-118.0
1775973809.906659,2.0,0.0,-114.0
1775973809.9166589,0.0,2.0,-103.0
1775973809.9266589,-1.0,0.0,-110.0
1775973809.9366589,-2.0,-1.0,-110.0
1775973809.9466588,-1.0,-4.0,-109.0
1775973809.9566588,0.0,-4.0,-114.0
1775973809.9666588,3.0,-3.0,-112.0
1775973809.9766588,4.0,-2.0,-113.0
1775973809.9866588,3.0,-2.0,-109.0
1775973809.9966588,4.0,1.0,-108.0
1775973810.0066588,0.0,3.0,-104.0
1775973810.0166588,-1.0,0.0,-101.0
1775973810.0266588,-5.0,1.0,-100.0
1775973810.0366588,-4.0,1.0,-102.0
1775973810.046659,0.0,0.0,-102.0
1775973810.056659,-3.0,-1.0,-103.0
1775973810.066659,-2.0,-3.0,-100.0
1775973810.076659,-1.0,0.0,-110.0
1775973810.086659,1.0,1.0,-109.0
1775973810.096659,-1.0,1.0,-105.0
1775973810.106659,-1.0,-1.0,-103.0
1775973810.116659,1.0,3.0,-105.0
1775973810.126659,-2.0,9.0,-102.0
1775973810.136659,-2.0,12.0,-107.0
1775973810.146659,-2.0,8.0,-116.0
1775973810.156659,-1.0,0.0,-121.0
1775973810.1666589,-5.0,-1.0,-123.0
1775973810.1766589,-3.0,0.0,-122.0
1775973810.1866589,2.0,0.0,-121.0
1775973810.1966588,2.0,1.0,-118.0
1775973810.2066588,3.0,0.0,-118.0
1775973810.2166588,5.0,-1.0,-114.0
1775973810.2266588,5.0,0.0,-108.0
1775973810.2366588,2.0,-3.0,-101.0
1775973810.2466588,2.0,-3.0,-102.0
1775973810.2566588,1.0,-1.0,-101.0
1775973810.2666588,0.0,-1.0,-101.0
1775973810.2766588,-1.0,-3.0,-100.0
1775973810.2866588,-4.0,-1.0,-98.0
1775973810.296659,-8.0,-1.0,-102.0
1775973810.306659,-4.0,-3.0,-101.0
1775973810.316659,-5.0,1.0,-99.0
1775973810.326659,-6.0,4.0,-103.0
1775973810.336659,0.0,5.0,-110.0
1775973810.346659,1.0,4.0,-114.0
1775973810.356659,3.0,5.0,-117.0
1775973810.366659,3.0,5.0,-117.0
1775973810.376659,2.0,-1.0,-106.0
1775973810.386659,5.0,2.0,-107.0
1775973810.396659,5.0,5.0,-107.0
1775973810.406659,6.0,4.0,-110.0
1775973810.4166589,5.0,2.0,-107.0
1775973810.4266589,3.0,-1.0,-107.0
1775973810.4366589,2.0,-1.0,-107.0
1775973810.4466588,3.0,0.0,-111.0
1775973810.4566588,2.0,2.0,-109.0
1775973810.4666588,3.0,1.0,-106.0
1775973810.4766588,5.0,3.0,-107.0
1775973810.4866588,6.0,1.0,-112.0
1775973810.4966588,1.0,-2.0,-108.0
1775973810.5066588,1.0,0.0,-104.0
1775973810.5166588,0.0,4.0,-103.0
1775973810.5266588,2.0,2.0,-105.0
1775973810.5366588,4.0,1.0,-111.0
1775973810.546659,6.0,0.0,-108.0
1775973810.556659,6.0,-4.0,-105.0
1775973810.566659,2.0,-4.0,-105.0
1775973810.576659,1.0,-3.0,-104.0
1775973810.586659,0.0,-3.0,-110.0
1775973810.596659,-2.0,0.0,-109.0
1775973810.606659,-1.0,-4.0,-110.0
1775973810.616659,-4.0,-8.0,-114.0
1775973810.626659,-5.0,-8.0,-108.0
1775973810.636659,-3.0,-6.0,-100.0
1775973810.646659,1.0,-5.0,-100.0
1775973810.656659,0.0,-6.0,-103.0
1775973810.6666589,1.0,-1.0,-103.0
1775973810.6766589,1.0,-1.0,-107.0
1775973810.6866589,0.0,-5.0,-109.0
1775973810.6966588,-1.0,-6.0,-100.0
1775973810.7066588,-3.0,-7.0,-99.0
1775973810.7166588,-2.0,-7.0,-96.0
1775973810.7266588,0.0,-7.0,-99.0
1775973810.7366588,0.0,-5.0,-105.0
1775973810.7466588,-5.0,-6.0,-108.0
1775973810.7566588,-4.0,-10.0,-108.0
1775973810.7666588,0.0,-9.0,-105.0
1775973810.7766588,1.0,-4.0,-108.0
1775973810.7866588,0.0,-5.0,-106.0
1775973810.796659,0.0,-5.0,-111.0
1775973810.806659,1.0,-6.0,-109.0
1775973810.816659,0.0,-6.0,-107.0
1775973810.826659,0.0,-5.0,-106.0
1775973810.836659,3.0,-4.0,-106.0
1775973810.846659,0.0,0.0,-100.0
1775973810.856659,3.0,-1.0,-107.0
1775973810.866659,4.0,-3.0,-110.0
1775973810.876659,3.0,-4.0,-110.0
1775973810.886659,4.0,-6.0,-111.0
1775973810.896659,-1.0,-6.0,-111.0
1775973810.906659,0.0,-3.0,-115.0
1775973810.9166589,-2.0,0.0,-117.0
1775973810.9266589,-1.0,2.0,-115.0
1775973810.9366589,0.0,1.0,-118.0
1775973810.9466588,-1.0,0.0,-119.0
1775973810.9566588,0.0,-2.0,-115.0
1775973810.9666588,-1.0,0.0,-110.0
1775973810.9766588,0.0,0.0,-106.0
1775973810.9866588,1.0,-6.0,-111.0
1775973810.9966588,2.0,-10.0,-113.0
1775973811.0066588,-1.0,-10.0,-109.0
1775973811.0166588,0.0,-8.0,-112.0
1775973811.0266588,0.0,-11.0,-104.0
1775973811.0366588,2.0,-8.0,-107.0
1775973811.046659,0.0,-10.0,-109.0
1775973811.056659,4.0,-6.0,-109.0
1775973811.066659,6.0,-1.0,-108.0
1775973811.076659,2.0,-1.0,-107.0
1775973811.086659,2.0,0.0,-105.0
1775973811.096659,2.0,-1.0,-99.0
1775973811.106659,1.0,-1.0,-102.0
1775973811.116659,-1.0,-3.0,-108.0
1775973811.126659,0.0,-2.0,-112.0
1775973811.136659,-5.0,-3.0,-113.0
1775973811.146659,-7.0,-5.0,-112.0
1775973811.156659,-7.0,-5.0,-102.0
1775973811.1666589,-3.0,-1.0,-100.0
1775973811.1766589,-2.0,1.0,-108.0
1775973811.1866589,-7.0,5.0,-110.0
1775973811.1966588,-8.0,2.0,-107.0
1775973811.2066588,-6.0,4.0,-102.0
1775973811.2166588,-2.0,0.0,-107.0
1775973811.2266588,0.0,1.0,-100.0
1775973811.2366588,3.0,-3.0,-103.0
1775973811.2466588,2.0,-3.0,-100.0
1775973811.2566588,1.0,-4.0,-94.0
1775973811.2666588,2.0,-7.0,-95.0
1775973811.2766588,1.0,-6.0,-101.0
1775973811.2866588,0.0,-6.0,-101.0
1775973811.296659,5.0,-6.0,-104.0
1775973811.306659,5.0,-7.0,-98.0
1775973811.316659,1.0,-7.0,-97.0
1775973811.326659,0.0,-3.0,-102.0
1775973811.336659,0.0,-1.0,-107.0
1775973811.3476589,0.0,-1.0,-114.0
1775973811.356659,-2.0,-2.0,-114.0
1775973811.3676589,0.0,-5.0,-118.0
1775973811.3776588,0.0,-8.0,-116.0
1775973811.3876588,-1.0,-9.0,-109.0
1775973811.3976588,0.0,-4.0,-103.0
1775973811.406659,0.0,-1.0,-103.0
1775973811.4176588,2.0,-3.0,-101.0
1775973811.4276588,2.0,-3.0,-100.0
1775973811.4376588,-3.0,-2.0,-107.0
1775973811.4476588,-5.0,-4.0,-108.0
1775973811.4576588,-6.0,0.0,-104.0
1775973811.4676588,-5.0,-3.0,-103.0
1775973811.477659,-5.0,-2.0,-98.0
1775973811.487659,-6.0,-4.0,-100.0
1775973811.497659,-1.0,-6.0,-105.0
1775973811.507659,-5.0,-7.0,-98.0
1775973811.517659,-7.0,0.0,-103.0
1775973811.527659,-3.0,0.0,-107.0
1775973811.537659,2.0,1.0,-100.0
1775973811.547659,-3.0,0.0,-104.0
1775973811.557659,-4.0,1.0,-103.0
1775973811.567659,-3.0,0.0,-103.0
1775973811.577659,-3.0,-4.0,-95.0
1775973811.587659,-1.0,-4.0,-98.0
1775973811.5976589,0.0,-7.0,-97.0
1775973811.6076589,2.0,-8.0,-97.0
1775973811.6176589,-1.0,-7.0,-96.0
1775973811.6276588,-3.0,-6.0,-96.0
1775973811.6376588,-6.0,-2.0,-99.0
1775973811.6476588,-4.0,-3.0,-95.0
1775973811.6576588,-1.0,-2.0,-97.0
1775973811.6676588,0.0,-2.0,-103.0
1775973811.6776588,-1.0,-2.0,-103.0
1775973811.6876588,-4.0,0.0,-102.0
1775973811.6976588,-9.0,2.0,-101.0
1775973811.7076588,-6.0,0.0,-100.0
1775973811.7176588,-3.0,0.0,-104.0
1775973811.727659,-1.0,-1.0,-103.0
1775973811.737659,0.0,-3.0,-107.0
1775973811.747659,-1.0,-4.0,-105.0
1775973811.757659,0.0,-3.0,-104.0
1775973811.767659,-2.0,-5.0,-113.0
1775973811.777659,-6.0,-9.0,-108.0
1775973811.787659,-3.0,-11.0,-106.0
1775973811.797659,-5.0,-3.0,-111.0
1775973811.807659,-4.0,-3.0,-109.0
1775973811.817659,1.0,-3.0,-104.0
1775973811.827659,4.0,0.0,-99.0
1775973811.837659,5.0,-3.0,-102.0
1775973811.8476589,6.0,-2.0,-104.0
1775973811.8576589,0.0,0.0,-108.0
1775973811.8676589,0.0,5.0,-115.0
1775973811.8776588,1.0,9.0,-111.0
1775973811.8876588,0.0,3.0,-105.0
1775973811.8976588,0.0,2.0,-99.0
1775973811.9076588,-2.0,0.0,-100.0
1775973811.9176588,-5.0,-4.0,-98.0
1775973811.9276588,-1.0,-5.0,-97.0
1775973811.9376588,-1.0,-6.0,-99.0
1775973811.9476588,-7.0,-4.0,-101.0
1775973811.9576588,-8.0,-4.0,-102.0
1775973811.9676588,-5.0,-8.0,-103.0
1775973811.977659,-3.0,-5.0,-103.0
1775973811.987659,-3.0,-2.0,-99.0
1775973811.997659,0.0,-4.0,-105.0
1775973812.007659,-4.0,-1.0,-105.0
1775973812.017659,-6.0,0.0,-98.0
1775973812.027659,-5.0,1.0,-96.0
1775973812.037659,-3.0,2.0,-101.0
1775973812.047659,0.0,6.0,-108.0
1775973812.057659,0.0,6.0,-105.0
1775973812.067659,-1.0,2.0,-103.0
1775973812.077659,0.0,0.0,-106.0
1775973812.087659,-1.0,-3.0,-103.0
1775973812.0976589,-3.0,-3.0,-104.0
1775973812.1076589,1.0,-3.0,-101.0
1775973812.1176589,1.0,-3.0,-105.0
1775973812.1276588,5.0,-7.0,-110.0
1775973812.1376588,0.0,-4.0,-112.0
1775973812.1476588,-2.0,-5.0,-112.0
1775973812.1576588,-6.0,-6.0,-111.0
1775973812.1676588,-6.0,-6.0,-108.0
1775973812.1776588,0.0,-3.0,-114.0
1775973812.1876588,-3.0,-1.0,-118.0
1775973812.1976588,-3.0,0.0,-118.0
1775973812.2076588,-1.0,1.0,-118.0
1775973812.2176588,3.0,3.0,-108.0
1775973812.227659,2.0,5.0,-105.0
1775973812.237659,-1.0,4.0,-106.0
1775973812.247659,-3.0,-1.0,-103.0
1775973812.257659,-3.0,0.0,-109.0
1775973812.267659,0.0,-3.0,-103.0
1775973812.277659,0.0,-3.0,-108.0
1775973812.287659,0.0,-3.0,-113.0
1775973812.297659,2.0,0.0,-110.0
1775973812.307659,-2.0,-2.0,-111.0
1775973812.317659,-2.0,-2.0,-108.0
1775973812.327659,-2.0,-6.0,-106.0
1775973812.337659,0.0,-5.0,-101.0
1775973812.3476589,6.0,-8.0,-106.0
1775973812.3576589,7.0,-7.0,-110.0
1775973812.3676589,8.0,-5.0,-109.0
1775973812.3776588,10.0,-6.0,-115.0
1775973812.3876588,8.0,-5.0,-120.0
1775973812.3976588,2.0,-9.0,-124.0
1775973812.4076588,3.0,-11.0,-125.0
1775973812.4176588,0.0,-10.0,-116.0
1775973812.4276588,0.0,-6.0,-110.0
1775973812.4376588,2.0,-6.0,-105.0
1775973812.4476588,4.0,-5.0,-98.0
1775973812.4576588,6.0,-1.0,-104.0
1775973812.4676588,3.0,-6.0,-112.0
1775973812.477659,0.0,-8.0,-112.0
1775973812.487659,-2.0,-10.0,-107.0
1775973812.497659,-3.0,-5.0,-108.0
1775973812.507659,0.0,-4.0,-112.0
1775973812.517659,6.0,-1.0,-106.0
1775973812.527659,3.0,-1.0,-108.0
1775973812.537659,-1.0,-3.0,-112.0
1775973812.547659,0.0,-4.0,-105.0
1775973812.557659,0.0,0.0,-99.0
1775973812.567659,-1.0,-5.0,-103.0
1775973812.577659,-4.0,-8.0,-104.0
1775973812.587659,-5.0,-6.0,-101.0
1775973812.5976589,0.0,-3.0,-108.0
1775973812.6076589,5.0,0.0,-109.0
1775973812.6176589,8.0,7.0,-110.0
1775973812.6276588,4.0,7.0,-109.0
1775973812.6376588,4.0,7.0,-111.0
1775973812.6476588,-2.0,4.0,-108.0
1775973812.6576588,1.0,5.0,-104.0
1775973812.6676588,0.0,5.0,-106.0
1775973812.6776588,4.0,4.0,-105.0
1775973812.6876588,1.0,4.0,-106.0
1775973812.6976588,2.0,5.0,-104.0
1775973812.7076588,1.0,3.0,-107.0
1775973812.7176588,0.0,0.0,-110.0
1775973812.727659,0.0,1.0,-104.0
1775973812.737659,-1.0,0.0,-100.0
1775973812.747659,-3.0,0.0,-96.0
1775973812.757659,-2.0,-1.0,-100.0
1775973812.767659,-2.0,1.0,-95.0
1775973812.777659,-4.0,1.0,-90.0
1775973812.787659,-3.0,0.0,-99.0
1775973812.797659,-2.0,1.0,-105.0
1775973812.807659,-5.0,-3.0,-110.0
1775973812.817659,-6.0,-3.0,-118.0
1775973812.827659,0.0,-2.0,-111.0
1775973812.837659,0.0,-4.0,-107.0
1775973812.8476589,-1.0,-2.0,-107.0
1775973812.8576589,2.0,0.0,-112.0
1775973812.8676589,3.0,-1.0,-119.0
1775973812.8776588,11.0,-2.0,-120.0
1775973812.8876588,4.0,-3.0,-124.0
1775973812.8976588,0.0,-3.0,-123.0
1775973812.9076588,0.0,-5.0,-119.0
1775973812.918659,3.0,-9.0,-127.0
1775973812.9276588,6.0,-7.0,-120.0
1775973812.9376588,0.0,-3.0,-114.0
1775973812.9476588,0.0,-3.0,-112.0
1775973812.9576588,-2.0,-4.0,-112.0
1775973812.9676588,-2.0,-3.0,-108.0
1775973812.977659,-4.0,-3.0,-106.0
1775973812.987659,-3.0,-2.0,-110.0
1775973812.997659,-1.0,-1.0,-110.0
1775973813.007659,0.0,-3.0,-111.0
1775973813.017659,0.0,-2.0,-107.0
1775973813.027659,2.0,0.0,-105.0
1775973813.037659,5.0,2.0,-103.0
1775973813.047659,3.0,2.0,-107.0
1775973813.057659,0.0,1.0,-102.0
1775973813.067659,4.0,-1.0,-94.0
1775973813.077659,1.0,0.0,-100.0
1775973813.087659,0.0,0.0,-104.0
1775973813.0976589,-1.0,-2.0,-104.0
1775973813.1076589,-4.0,-2.0,-108.0
1775973813.1176589,2.0,-5.0,-111.0
1775973813.1276588,4.0,-6.0,-111.0
1775973813.1376588,6.0,-4.0,-111.0
1775973813.1476588,1.0,-3.0,-118.0
1775973813.1576588,0.0,0.0,-115.0
1775973813.1676588,-3.0,-1.0,-111.0
1775973813.1776588,-1.0,-2.0,-108.0
1775973813.1876588,-1.0,-1.0,-104.0
1775973813.1976588,3.0,-3.0,-108.0
1775973813.2076588,-3.0,1.0,-111.0
1775973813.2176588,-6.0,0.0,-110.0
1775973813.227659,-7.0,-2.0,-103.0
1775973813.237659,-7.0,-3.0,-107.0
1775973813.247659,-6.0,-2.0,-103.0
1775973813.257659,-4.0,-3.0,-103.0
1775973813.267659,-3.0,-5.0,-108.0
1775973813.277659,1.0,-5.0,-107.0
1775973813.287659,-1.0,-5.0,-107.0
1775973813.297659,-2.0,0.0,-106.0
1775973813.307659,-1.0,-2.0,-104.0
1775973813.317659,3.0,3.0,-105.0
1775973813.327659,4.0,5.0,-104.0
1775973813.337659,3.0,4.0,-105.0
1775973813.3476589,1.0,0.0,-108.0
1775973813.3576589,3.0,1.0,-104.0
1775973813.3676589,4.0,-1.0,-107.0
1775973813.3776588,4.0,0.0,-111.0
1775973813.3876588,0.0,-1.0,-109.0
1775973813.3976588,0.0,-5.0,-108.0
1775973813.4076588,2.0,-2.0,-114.0
1775973813.4176588,0.0,-5.0,-123.0
1775973813.428659,0.0,-8.0,-117.0
1775973813.438659,-1.0,-9.0,-120.0
1775973813.448659,1.0,-8.0,-123.0
1775973813.458659,3.0,-1.0,-124.0
1775973813.468659,4.0,0.0,-120.0
1775973813.478659,2.0,-2.0,-114.0
1775973813.488659,2.0,-1.0,-110.0
1775973813.498659,2.0,-1.0,-109.0
1775973813.508659,3.0,0.0,-108.0
1775973813.5186589,0.0,0.0,-104.0
1775973813.5286589,0.0,-6.0,-105.0
1775973813.5386589,-1.0,-5.0,-108.0
1775973813.5486588,2.0,-6.0,-108.0
1775973813.5586588,0.0,-7.0,-106.0
1775973813.5686588,2.0,-5.0,-100.0
1775973813.5786588,4.0,0.0,-92.0
1775973813.5886588,1.0,-4.0,-97.0
1775973813.5986588,1.0,0.0,-102.0
1775973813.6086588,1.0,1.0,-102.0
1775973813.6186588,2.0,1.0,-108.0
1775973813.6286588,0.0,2.0,-114.0
1775973813.6386588,2.0,0.0,-111.0
1775973813.648659,8.0,-1.0,-108.0
1775973813.658659,5.0,-3.0,-106.0
1775973813.668659,9.0,0.0,-103.0
1775973813.678659,10.0,-1.0,-104.0
1775973813.688659,0.0,0.0,-103.0
1775973813.698659,4.0,0.0,-105.0
1775973813.708659,1.0,0.0,-109.0
1775973813.718659,0.0,1.0,-113.0
1775973813.728659,2.0,3.0,-116.0
1775973813.738659,6.0,3.0,-108.0
1775973813.748659,4.0,1.0,-112.0
1775973813.758659,3.0,0.0,-111.0
1775973813.7686589,2.0,0.0,-107.0
1775973813.7786589,4.0,0.0,-105.0
1775973813.7886589,1.0,0.0,-108.0
1775973813.7986588,0.0,-2.0,-106.0
1775973813.8086588,0.0,-4.0,-103.0
1775973813.8186588,-2.0,-9.0,-100.0
1775973813.8286588,3.0,-3.0,-101.0
1775973813.8386588,3.0,-1.0,-99.0
1775973813.8486588,0.0,-1.0,-104.0
1775973813.8586588,0.0,1.0,-95.0
1775973813.8686588,0.0,6.0,-99.0
1775973813.8786588,0.0,0.0,-101.0
1775973813.8886588,-3.0,2.0,-102.0
1775973813.898659,0.0,4.0,-104.0
1775973813.908659,0.0,0.0,-104.0
1775973813.918659,2.0,3.0,-105.0
1775973813.928659,9.0,1.0,-102.0
1775973813.938659,7.0,0.0,-98.0
1775973813.948659,0.0,-2.0,-106.0
1775973813.958659,0.0,-5.0,-109.0
1775973813.968659,0.0,-7.0,-112.0
1775973813.978659,3.0,-6.0,-111.0
1775973813.988659,2.0,-3.0,-113.0
1775973813.998659,1.0,-1.0,-102.0
1775973814.008659,-3.0,-3.0,-104.0
1775973814.0186589,-2.0,0.0,-101.0
1775973814.0286589,-1.0,0.0,-98.0
1775973814.0386589,-3.0,1.0,-101.0
1775973814.0486588,-3.0,4.0,-94.0
1775973814.0586588,-4.0,3.0,-95.0
1775973814.0686588,-4.0,0.0,-99.0
1775973814.0786588,-3.0,-1.0,-100.0
1775973814.0886588,-3.0,-3.0,-98.0
1775973814.0986588,-5.0,-5.0,-94.0
1775973814.1086588,-5.0,-5.0,-92.0
1775973814.1186588,-3.0,-6.0,-97.0
1775973814.1286588,-5.0,-6.0,-104.0
1775973814.1386588,-8.0,-8.0,-111.0
1775973814.148659,-9.0,-10.0,-111.0
1775973814.158659,-3.0,-10.0,-108.0
1775973814.168659,-1.0,-8.0,-107.0
1775973814.178659,1.0,-5.0,-96.0
1775973814.188659,2.0,0.0,-96.0
1775973814.198659,1.0,0.0,-98.0
1775973814.208659,5.0,-4.0,-103.0
1775973814.218659,2.0,-4.0,-112.0
1775973814.228659,-4.0,-4.0,-109.0
1775973814.238659,1.0,-3.0,-112.0
1775973814.248659,2.0,-3.0,-108.0
1775973814.258659,-1.0,-3.0,-105.0
1775973814.2686589,-3.0,-3.0,-109.0
1775973814.2786589,-3.0,1.0,-110.0
1775973814.2886589,2.0,3.0,-108.0
1775973814.2986588,0.0,4.0,-111.0
1775973814.3086588,-6.0,3.0,-116.0
1775973814.3186588,-3.0,3.0,-107.0
1775973814.3286588,-4.0,4.0,-103.0
1775973814.3386588,0.0,3.0,-100.0
1775973814.3486588,0.0,1.0,-94.0
1775973814.3586588,0.0,0.0,-92.0
1775973814.3686588,-2.0,-2.0,-94.0
1775973814.3786588,-7.0,-4.0,-93.0
1775973814.3886588,-8.0,-5.0,-101.0
1775973814.398659,-4.0,-3.0,-108.0
1775973814.408659,-4.0,-3.0,-105.0
1775973814.418659,-2.0,-4.0,-112.0
1775973814.428659,0.0,-3.0,-106.0
1775973814.438659,-2.0,0.0,-104.0
1775973814.448659,1.0,-2.0,-104.0
1775973814.458659,-1.0,-3.0,-105.0
1775973814.468659,-6.0,-2.0,-99.0
1775973814.478659,-6.0,-1.0,-102.0
1775973814.488659,-8.0,4.0,-106.0
1775973814.498659,-4.0,4.0,-110.0
1775973814.508659,-3.0,1.0,-110.0
1775973814.5186589,0.0,0.0,-109.0
1775973814.5286589,-8.0,-1.0,-107.0
1775973814.5386589,-6.0,-2.0,-109.0
1775973814.5486588,-8.0,-2.0,-109.0
1775973814.5586588,-8.0,-3.0,-111.0
1775973814.5686588,-8.0,-4.0,-111.0
1775973814.5786588,-6.0,-2.0,-111.0
1775973814.5886588,-2.0,-4.0,-107.0
1775973814.5986588,2.0,-4.0,-100.0
1775973814.6086588,3.0,-3.0,-96.0
1775973814.6186588,7.0,-2.0,-103.0
1775973814.6286588,6.0,-4.0,-102.0
1775973814.6386588,7.0,-3.0,-107.0
1775973814.648659,4.0,0.0,-103.0
1775973814.659659,-2.0,0.0,-105.0
1775973814.668659,1.0,0.0,-103.0
1775973814.678659,5.0,0.0,-100.0
1775973814.688659,7.0,1.0,-97.0
1775973814.698659,6.0,-2.0,-96.0
1775973814.708659,4.0,-3.0,-100.0
1775973814.718659,3.0,-4.0,-98.0
1775973814.728659,6.0,-1.0,-100.0
1775973814.738659,5.0,-3.0,-105.0
1775973814.748659,7.0,-2.0,-104.0
1775973814.758659,7.0,-3.0,-104.0
1775973814.7686589,4.0,-4.0,-107.0
1775973814.7786589,4.0,-6.0,-102.0
1775973814.7886589,2.0,-2.0,-102.0
1775973814.7986588,-2.0,1.0,-98.0
1775973814.8086588,-4.0,1.0,-94.0
1775973814.8186588,-3.0,2.0,-92.0
1775973814.8286588,-1.0,-2.0,-90.0
1775973814.8386588,0.0,-5.0,-89.0
1775973814.8486588,1.0,-4.0,-96.0
1775973814.8586588,0.0,-2.0,-100.0
1775973814.8686588,0.0,2.0,-103.0
1775973814.8786588,0.0,6.0,-102.0
1775973814.8886588,0.0,6.0,-106.0
1775973814.898659,1.0,5.0,-109.0
1775973814.908659,-5.0,1.0,-107.0
1775973814.918659,-6.0,1.0,-111.0
1775973814.928659,-5.0,4.0,-109.0
1775973814.938659,-11.0,1.0,-110.0
1775973814.948659,-11.0,3.0,-108.0
1775973814.958659,-7.0,0.0,-104.0
1775973814.968659,-7.0,-3.0,-104.0
1775973814.978659,-6.0,0.0,-98.0
1775973814.988659,-7.0,0.0,-103.0
1775973814.998659,-6.0,-1.0,-110.0
1775973815.008659,-2.0,-3.0,-115.0
1775973815.0186589,-2.0,-4.0,-115.0
1775973815.0286589,-6.0,-5.0,-105.0
1775973815.0386589,-8.0,-4.0,-100.0
1775973815.0486588,-2.0,-4.0,-101.0
1775973815.0586588,-1.0,-2.0,-103.0
1775973815.0686588,-6.0,-5.0,-110.0
1775973815.0786588,-7.0,-6.0,-107.0
1775973815.0886588,-5.0,-3.0,-109.0
1775973815.0986588,0.0,0.0,-104.0
1775973815.1086588,0.0,-1.0,-104.0
1775973815.1186588,0.0,-1.0,-104.0
1775973815.1286588,-4.0,-5.0,-106.0
1775973815.1386588,0.0,-8.0,-107.0
1775973815.148659,0.0,-6.0,-106.0
1775973815.158659,-1.0,-6.0,-101.0
1775973815.168659,-4.0,-9.0,-98.0
1775973815.178659,0.0,-7.0,-108.0
1775973815.188659,4.0,-9.0,-104.0
1775973815.198659,5.0,-6.0,-102.0
1775973815.208659,3.0,-2.0,-107.0
1775973815.218659,1.0,-6.0,-111.0
1775973815.228659,-4.0,-5.0,-106.0
1775973815.238659,-4.0,-3.0,-103.0
1775973815.248659,-4.0,-3.0,-105.0
1775973815.258659,0.0,0.0,-109.0
1775973815.2686589,0.0,2.0,-114.0
1775973815.2786589,4.0,2.0,-117.0
1775973815.2886589,4.0,2.0,-112.0
1775973815.2986588,4.0,3.0,-115.0
1775973815.3086588,6.0,5.0,-118.0
1775973815.3186588,6.0,5.0,-113.0
1775973815.3286588,1.0,-1.0,-108.0
1775973815.3386588,4.0,0.0,-106.0
1775973815.3486588,-1.0,2.0,-104.0
1775973815.3586588,-4.0,0.0,-98.0
1775973815.3686588,-1.0,0.0,-98.0
1775973815.3786588,1.0,0.0,-100.0
1775973815.3886588,0.0,1.0,-106.0
1775973815.398659,0.0,1.0,-104.0
1775973815.408659,0.0,0.0,-109.0
1775973815.418659,0.0,-3.0,-110.0
1775973815.428659,-1.0,-1.0,-102.0
1775973815.438659,-1.0,3.0,-109.0
1775973815.448659,3.0,6.0,-113.0
1775973815.458659,3.0,5.0,-114.0
1775973815.4696589,8.0,5.0,-110.0
1775973815.4796588,11.0,0.0,-106.0
1775973815.4896588,11.0,2.0,-102.0
1775973815.4996588,7.0,2.0,-105.0
1775973815.5096588,4.0,-1.0,-104.0
1775973815.5196588,1.0,-3.0,-103.0
1775973815.5296588,-2.0,-3.0,-102.0
1775973815.5396588,-5.0,-4.0,-100.0
1775973815.5496588,-6.0,-4.0,-110.0
1775973815.5596588,-6.0,-5.0,-111.0
1775973815.569659,-3.0,-1.0,-109.0
1775973815.579659,-3.0,-1.0,-113.0
1775973815.589659,-6.0,-2.0,-118.0
1775973815.599659,-5.0,0.0,-109.0
1775973815.609659,-3.0,0.0,-103.0
1775973815.619659,-2.0,-3.0,-103.0
1775973815.629659,-3.0,-6.0,-103.0
1775973815.639659,-1.0,-9.0,-102.0
1775973815.649659,3.0,-9.0,-101.0
1775973815.659659,1.0,-11.0,-107.0
1775973815.669659,5.0,-7.0,-112.0
1775973815.679659,14.0,-4.0,-112.0
1775973815.6896589,12.0,-3.0,-113.0
1775973815.6996589,11.0,-6.0,-113.0
1775973815.7096589,12.0,-8.0,-109.0
1775973815.7196589,12.0,-12.0,-106.0
1775973815.7296588,6.0,-11.0,-110.0
1775973815.7396588,3.0,-8.0,-111.0
1775973815.7496588,3.0,-5.0,-106.0
1775973815.7596588,1.0,-4.0,-109.0
1775973815.7696588,6.0,-7.0,-105.0
1775973815.7796588,8.0,-8.0,-107.0
1775973815.7896588,5.0,-4.0,-107.0
1775973815.7996588,3.0,-1.0,-113.0
1775973815.8096588,0.0,-1.0,-105.0
1775973815.819659,0.0,0.0,-104.0
1775973815.829659,-3.0,-3.0,-106.0
1775973815.839659,-7.0,-1.0,-98.0
1775973815.849659,-5.0,0.0,-105.0
1775973815.859659,-2.0,-2.0,-107.0
1775973815.869659,-4.0,0.0,-106.0
1775973815.879659,-2.0,2.0,-106.0
1775973815.889659,0.0,0.0,-102.0
1775973815.899659,-3.0,-1.0,-101.0
1775973815.909659,-3.0,-1.0,-105.0
1775973815.919659,-6.0,0.0,-107.0
1775973815.929659,-3.0,0.0,-112.0
1775973815.9396589,-4.0,3.0,-115.0
1775973815.9496589,-7.0,1.0,-115.0
1775973815.9596589,-9.0,4.0,-113.0
1775973815.9696589,-8.0,2.0,-109.0
1775973815.9796588,-2.0,2.0,-107.0
1775973815.9896588,0.0,2.0,-104.0
1775973815.9996588,-8.0,-1.0,-105.0
1775973816.0096588,-6.0,-3.0,-109.0
1775973816.0196588,-10.0,1.0,-105.0
1775973816.0296588,-5.0,1.0,-105.0
1775973816.0396588,0.0,8.0,-111.0
1775973816.0496588,-1.0,9.0,-116.0
1775973816.0596588,-1.0,5.0,-122.0
1775973816.069659,-4.0,2.0,-119.0
1775973816.079659,-4.0,2.0,-114.0
1775973816.089659,-4.0,-4.0,-115.0
1775973816.099659,-2.0,-3.0,-108.0
1775973816.109659,-1.0,-4.0,-110.0
1775973816.119659,-6.0,-6.0,-108.0
1775973816.129659,-5.0,-3.0,-110.0
1775973816.139659,-4.0,0.0,-114.0
1775973816.149659,-5.0,0.0,-120.0
1775973816.159659,-5.0,4.0,-116.0
1775973816.169659,-2.0,5.0,-118.0
1775973816.179659,-2.0,11.0,-116.0
1775973816.1896589,-4.0,10.0,-115.0
1775973816.1996589,-7.0,8.0,-116.0
1775973816.2096589,-4.0,8.0,-114.0
1775973816.2196589,-6.0,7.0,-110.0
1775973816.2296588,-3.0,3.0,-118.0
1775973816.2396588,0.0,0.0,-123.0
1775973816.2496588,-1.0,0.0,-129.0
1775973816.2596588,-1.0,0.0,-127.0
1775973816.2696588,3.0,-4.0,-123.0
1775973816.2796588,5.0,-3.0,-120.0
1775973816.2896588,9.0,0.0,-115.0
1775973816.2996588,3.0,-1.0,-105.0
1775973816.3096588,4.0,-3.0,-101.0
1775973816.319659,2.0,-4.0,-109.0
1775973816.329659,3.0,-4.0,-108.0
1775973816.339659,0.0,-4.0,-115.0
1775973816.349659,1.0,-3.0,-118.0
1775973816.359659,2.0,-7.0,-117.0
1775973816.369659,8.0,-4.0,-114.0
1775973816.379659,9.0,2.0,-111.0
1775973816.389659,8.0,3.0,-105.0
1775973816.399659,4.0,0.0,-107.0
1775973816.409659,2.0,3.0,-99.0
1775973816.419659,4.0,0.0,-102.0
1775973816.429659,8.0,1.0,-101.0
1775973816.4396589,8.0,-1.0,-96.0
1775973816.4496589,5.0,-2.0,-99.0
1775973816.4596589,3.0,-2.0,-100.0
1775973816.4696589,1.0,-2.0,-105.0
1775973816.4796588,2.0,-1.0,-103.0
1775973816.4896588,1.0,-4.0,-100.0
1775973816.4996588,2.0,-4.0,-103.0
1775973816.5096588,3.0,-3.0,-109.0
1775973816.5196588,4.0,-4.0,-117.0
1775973816.5296588,3.0,-5.0,-123.0
1775973816.5396588,4.0,-7.0,-120.0
1775973816.5496588,3.0,-9.0,-120.0
1775973816.5596588,1.0,-11.0,-117.0
1775973816.569659,-1.0,-7.0,-114.0
1775973816.579659,0.0,-5.0,-108.0
1775973816.589659,0.0,-1.0,-107.0
1775973816.599659,-5.0,0.0,-105.0
1775973816.609659,-2.0,-4.0,-104.0
1775973816.619659,4.0,-4.0,-104.0
1775973816.629659,4.0,-1.0,-108.0
1775973816.639659,4.0,-2.0,-113.0
1775973816.649659,2.0,-5.0,-113.0
1775973816.659659,3.0,-1.0,-104.0
1775973816.669659,3.0,1.0,-97.0
1775973816.679659,1.0,-1.0,-93.0
1775973816.6896589,2.0,-5.0,-98.0
1775973816.6996589,1.0,0.0,-102.0
1775973816.7096589,-1.0,0.0,-97.0
1775973816.7196589,-1.0,-1.0,-97.0
1775973816.7296588,-3.0,0.0,-104.0
1775973816.7396588,-3.0,0.0,-107.0
1775973816.7496588,-3.0,0.0,-110.0
1775973816.7596588,-2.0,0.0,-112.0
1775973816.7696588,-3.0,0.0,-110.0
1775973816.7796588,-1.0,0.0,-107.0
1775973816.7896588,-3.0,3.0,-105.0
1775973816.7996588,0.0,-1.0,-101.0
1775973816.8096588,-2.0,0.0,-97.0
1775973816.819659,-2.0,1.0,-99.0
1775973816.829659,0.0,-1.0,-101.0
1775973816.839659,1.0,-4.0,-97.0
1775973816.849659,1.0,-6.0,-99.0
1775973816.859659,1.0,-7.0,-95.0
1775973816.869659,5.0,-9.0,-107.0
1775973816.879659,2.0,-10.0,-112.0
1775973816.889659,3.0,-6.0,-115.0
1775973816.899659,5.0,-3.0,-106.0
1775973816.909659,4.0,-3.0,-110.0
1775973816.919659,3.0,0.0,-108.0
1775973816.929659,5.0,1.0,-109.0
1775973816.9396589,0.0,2.0,-102.0
1775973816.9496589,2.0,3.0,-98.0
1775973816.9596589,1.0,0.0,-97.0
1775973816.9696589,-4.0,4.0,-96.0
1775973816.9796588,-3.0,10.0,-98.0
1775973816.9896588,-2.0,6.0,-101.0
1775973816.9996588,-1.0,2.0,-110.0
1775973817.0096588,3.0,-1.0,-109.0
1775973817.0196588,6.0,0.0,-106.0
1775973817.0296588,1.0,3.0,-102.0
1775973817.0396588,-5.0,4.0,-101.0
1775973817.0496588,-5.0,6.0,-95.0
1775973817.0596588,0.0,5.0,-97.0
1775973817.069659,-1.0,3.0,-97.0
1775973817.079659,1.0,2.0,-99.0
1775973817.089659,-1.0,1.0,-102.0
1775973817.099659,0.0,3.0,-106.0
1775973817.109659,0.0,3.0,-107.0
1775973817.119659,2.0,5.0,-112.0
1775973817.129659,-1.0,1.0,-112.0
1775973817.139659,1.0,2.0,-112.0
1775973817.149659,-1.0,0.0,-108.0
1775973817.159659,-2.0,-3.0,-112.0
1775973817.169659,-6.0,-2.0,-110.0
1775973817.179659,-5.0,-8.0,-104.0
1775973817.1896589,-3.0,-5.0,-105.0
1775973817.1996589,0.0,-1.0,-102.0
1775973817.2096589,1.0,-2.0,-99.0
1775973817.2196589,3.0,-3.0,-98.0
1775973817.2296588,2.0,-4.0,-102.0
1775973817.2396588,1.0,-4.0,-105.0
1775973817.2496588,1.0,-5.0,-107.0
1775973817.2596588,0.0,-4.0,-102.0
1775973817.2696588,0.0,-2.0,-104.0
1775973817.2796588,2.0,-1.0,-101.0
1775973817.2896588,-3.0,0.0,-102.0
1775973817.2996588,-7.0,-1.0,-109.0
1775973817.3096588,-8.0,1.0,-105.0
1775973817.319659,-6.0,4.0,-109.0
1775973817.329659,-2.0,7.0,-115.0
1775973817.339659,1.0,4.0,-118.0
1775973817.349659,6.0,4.0,-116.0
1775973817.359659,3.0,0.0,-112.0
1775973817.369659,-2.0,0.0,-104.0
1775973817.379659,0.0,0.0,-109.0
1775973817.389659,4.0,3.0,-106.0
1775973817.399659,0.0,4.0,-104.0
1775973817.409659,0.0,3.0,-105.0
1775973817.419659,2.0,5.0,-107.0
1775973817.429659,7.0,3.0,-107.0
1775973817.4396589,6.0,0.0,-108.0
1775973817.4496589,7.0,-7.0,-106.0
1775973817.4606588,5.0,-8.0,-106.0
1775973817.4696589,5.0,-8.0,-101.0
1775973817.4796588,7.0,-7.0,-108.0
1775973817.4896588,7.0,-7.0,-105.0
1775973817.500659,2.0,-5.0,-103.0
1775973817.5096588,0.0,-6.0,-106.0
1775973817.5196588,0.0,-6.0,-111.0
1775973817.530659,1.0,-4.0,-108.0
1775973817.540659,0.0,-3.0,-111.0
1775973817.550659,-4.0,-2.0,-102.0
1775973817.560659,-3.0,-5.0,-99.0
1775973817.570659,-2.0,-1.0,-103.0
1775973817.580659,0.0,-4.0,-104.0
1775973817.590659,-5.0,-4.0,-102.0
1775973817.600659,-3.0,-3.0,-101.0
1775973817.610659,-5.0,-3.0,-102.0
1775973817.6206589,-5.0,0.0,-105.0
1775973817.6306589,-9.0,-1.0,-104.0
1775973817.6406589,-8.0,0.0,-101.0
1775973817.6506588,-9.0,0.0,-101.0
1775973817.6606588,-6.0,-1.0,-105.0
1775973817.6706588,-4.0,-1.0,-109.0
1775973817.6806588,-5.0,-2.0,-108.0
1775973817.6906588,-2.0,-4.0,-109.0
1775973817.7006588,0.0,-2.0,-109.0
1775973817.7106588,3.0,0.0,-112.0
1775973817.7206588,1.0,0.0,-109.0
1775973817.7306588,-3.0,0.0,-118.0
1775973817.7406588,-3.0,1.0,-116.0
1775973817.750659,-5.0,1.0,-119.0
1775973817.760659,-2.0,3.0,-115.0
1775973817.770659,-2.0,2.0,-108.0
1775973817.780659,1.0,2.0,-111.0
1775973817.790659,0.0,3.0,-105.0
1775973817.800659,5.0,2.0,-117.0
1775973817.810659,5.0,-1.0,-116.0
1775973817.820659,5.0,0.0,-107.0
1775973817.830659,1.0,0.0,-109.0
1775973817.840659,0.0,0.0,-110.0
1775973817.850659,-3.0,-2.0,-112.0
1775973817.860659,-5.0,0.0,-111.0
1775973817.8706589,-11.0,0.0,-114.0
1775973817.8806589,-9.0,2.0,-108.0
1775973817.8906589,-9.0,5.0,-111.0
1775973817.9006588,-7.0,3.0,-114.0
1775973817.9106588,-9.0,3.0,-103.0
1775973817.9206588,-8.0,2.0,-102.0
1775973817.9306588,-6.0,2.0,-103.0
1775973817.9406588,-2.0,-1.0,-109.0
1775973817.9506588,-2.0,-1.0,-96.0
1775973817.9606588,1.0,3.0,-93.0
1775973817.9706588,-4.0,2.0,-95.0
1775973817.9806588,-6.0,2.0,-99.0
1775973817.9906588,-2.0,0.0,-105.0
1775973818.000659,0.0,-2.0,-107.0
1775973818.010659,0.0,-5.0,-113.0
1775973818.020659,5.0,-4.0,-111.0
1775973818.030659,4.0,-3.0,-109.0
1775973818.040659,0.0,-1.0,-110.0
1775973818.050659,0.0,-3.0,-107.0
1775973818.060659,2.0,-5.0,-104.0
1775973818.070659,0.0,-3.0,-109.0
1775973818.080659,1.0,-2.0,-110.0
1775973818.090659,0.0,0.0,-106.0
1775973818.100659,0.0,-1.0,-103.0
1775973818.110659,-2.0,-7.0,-106.0
1775973818.1206589,0.0,-11.0,-108.0
1775973818.1306589,-2.0,-9.0,-108.0
1775973818.1406589,-4.0,-6.0,-111.0
1775973818.1506588,-7.0,-8.0,-112.0
1775973818.1606588,-4.0,-8.0,-114.0
1775973818.1706588,-1.0,-6.0,-114.0
1775973818.1806588,-7.0,-5.0,-121.0
1775973818.1906588,-6.0,-6.0,-120.0
1775973818.2006588,-3.0,-5.0,-116.0
1775973818.2106588,-6.0,0.0,-119.0
1775973818.2206588,-8.0,-3.0,-118.0
1775973818.2306588,-4.0,-4.0,-113.0
1775973818.2406588,-4.0,-7.0,-112.0
1775973818.250659,-5.0,-7.0,-116.0
1775973818.260659,-7.0,-3.0,-118.0
1775973818.270659,-5.0,0.0,-110.0
1775973818.280659,-6.0,-1.0,-113.0
1775973818.290659,-5.0,-3.0,-111.0
1775973818.300659,-6.0,-1.0,-102.0
1775973818.310659,-8.0,-1.0,-100.0
1775973818.320659,-7.0,1.0,-101.0
1775973818.330659,-9.0,4.0,-98.0
1775973818.340659,-10.0,2.0,-102.0
1775973818.350659,-9.0,4.0,-97.0
1775973818.360659,-2.0,6.0,-101.0
1775973818.3706589,2.0,0.0,-100.0
1775973818.3806589,2.0,-3.0,-101.0
1775973818.3906589,-2.0,0.0,-105.0
1775973818.4006588,-2.0,4.0,-107.0
1775973818.4106588,-5.0,2.0,-107.0
1775973818.4206588,-3.0,2.0,-106.0
1775973818.4306588,-5.0,-1.0,-108.0
1775973818.4406588,-3.0,-2.0,-115.0
1775973818.4506588,-2.0,-2.0,-105.0
1775973818.4606588,-6.0,-2.0,-106.0
1775973818.4706588,-7.0,-1.0,-103.0
1775973818.4806588,-5.0,0.0,-101.0
1775973818.4906588,-5.0,-2.0,-102.0
1775973818.500659,-3.0,-3.0,-101.0
1775973818.510659,-3.0,-1.0,-108.0
1775973818.520659,0.0,-2.0,-107.0
1775973818.530659,0.0,-7.0,-106.0
1775973818.540659,-4.0,-5.0,-108.0
1775973818.550659,-6.0,-5.0,-110.0
1775973818.560659,-4.0,-8.0,-112.0
1775973818.570659,-3.0,-7.0,-109.0
1775973818.580659,0.0,-6.0,-107.0
1775973818.590659,5.0,-4.0,-103.0
1775973818.600659,10.0,-2.0,-99.0
1775973818.610659,5.0,-1.0,-104.0
1775973818.6206589,2.0,2.0,-101.0
1775973818.6306589,2.0,4.0,-101.0
1775973818.6406589,1.0,1.0,-108.0
1775973818.6506588,0.0,2.0,-109.0
1775973818.6606588,5.0,5.0,-107.0
1775973818.6706588,6.0,3.0,-100.0
1775973818.6806588,11.0,3.0,-100.0
1775973818.6906588,8.0,4.0,-106.0
1775973818.7006588,6.0,1.0,-107.0
1775973818.7106588,7.0,-1.0,-110.0
1775973818.7206588,7.0,-2.0,-107.0
1775973818.7306588,4.0,-3.0,-107.0
1775973818.7406588,6.0,-2.0,-107.0
1775973818.750659,1.0,0.0,-101.0
1775973818.760659,0.0,-2.0,-105.0
1775973818.770659,-1.0,-1.0,-107.0
1775973818.780659,2.0,0.0,-113.0
1775973818.790659,0.0,-3.0,-111.0
1775973818.800659,3.0,0.0,-104.0
1775973818.810659,0.0,0.0,-102.0
1775973818.820659,0.0,4.0,-107.0
1775973818.830659,-2.0,2.0,-101.0
1775973818.840659,-1.0,-1.0,-99.0
1775973818.850659,-1.0,0.0,-97.0
1775973818.860659,3.0,3.0,-102.0
1775973818.8706589,6.0,2.0,-108.0
1775973818.8806589,3.0,0.0,-108.0
1775973818.8906589,5.0,0.0,-110.0
1775973818.9006588,5.0,0.0,-112.0
1775973818.9106588,7.0,-5.0,-109.0
1775973818.9206588,1.0,-3.0,-108.0
1775973818.9306588,0.0,0.0,-114.0
1775973818.9406588,2.0,-2.0,-116.0
1775973818.9506588,2.0,-4.0,-110.0
1775973818.9606588,2.0,-6.0,-111.0
1775973818.9706588,0.0,-2.0,-111.0
1775973818.9806588,5.0,-2.0,-115.0
1775973818.9906588,7.0,0.0,-114.0
1775973819.000659,5.0,-3.0,-108.0
1775973819.010659,6.0,-4.0,-112.0
1775973819.020659,4.0,-4.0,-112.0
1775973819.030659,4.0,-2.0,-111.0
1775973819.040659,3.0,0.0,-111.0
1775973819.050659,2.0,3.0,-105.0
1775973819.060659,1.0,4.0,-103.0
1775973819.070659,1.0,2.0,-102.0
1775973819.080659,0.0,1.0,-100.0
1775973819.090659,-3.0,4.0,-100.0
1775973819.100659,0.0,4.0,-100.0
1775973819.110659,-1.0,0.0,-106.0
1775973819.1206589,-1.0,-1.0,-109.0
1775973819.1306589,-2.0,1.0,-109.0
1775973819.1406589,-3.0,-1.0,-111.0
1775973819.1506588,3.0,-2.0,-111.0
1775973819.1606588,0.0,3.0,-109.0
1775973819.1706588,0.0,2.0,-100.0
1775973819.1806588,1.0,4.0,-101.0
1775973819.1906588,0.0,6.0,-105.0
1775973819.2006588,0.0,-3.0,-106.0
1775973819.2106588,-3.0,-1.0,-104.0
1775973819.2206588,-4.0,-1.0,-106.0
1775973819.2306588,-2.0,-2.0,-105.0
1775973819.2406588,-1.0,-4.0,-110.0
1775973819.250659,-5.0,-3.0,-111.0
1775973819.260659,-5.0,-3.0,-114.0
1775973819.270659,-7.0,-4.0,-118.0
1775973819.280659,-9.0,-1.0,-113.0
1775973819.290659,-11.0,-1.0,-110.0
1775973819.300659,-12.0,-1.0,-113.0
1775973819.310659,-6.0,0.0,-111.0
1775973819.320659,-7.0,3.0,-107.0
1775973819.330659,-7.0,2.0,-101.0
1775973819.340659,-4.0,3.0,-102.0
1775973819.350659,-4.0,4.0,-102.0
1775973819.360659,-2.0,3.0,-104.0
1775973819.3706589,1.0,0.0,-107.0
1775973819.3806589,3.0,0.0,-111.0
1775973819.3906589,0.0,0.0,-103.0
1775973819.4006588,0.0,0.0,-100.0
1775973819.4106588,0.0,0.0,-101.0
1775973819.4206588,-4.0,0.0,-95.0
1775973819.4306588,-7.0,1.0,-101.0
1775973819.4406588,-8.0,-1.0,-99.0
1775973819.4506588,-4.0,1.0,-103.0
1775973819.4606588,-3.0,-1.0,-108.0
1775973819.4706588,-2.0,0.0,-107.0
1775973819.4806588,-1.0,-4.0,-111.0
1775973819.4906588,-1.0,-8.0,-110.0
1775973819.500659,0.0,-9.0,-111.0
1775973819.510659,1.0,-8.0,-108.0
1775973819.520659,4.0,-5.0,-106.0
1775973819.530659,5.0,-4.0,-107.0
1775973819.540659,5.0,-7.0,-101.0
1775973819.550659,4.0,-6.0,-111.0
1775973819.560659,0.0,-2.0,-109.0
1775973819.570659,-2.0,-4.0,-105.0
1775973819.5816588,-4.0,-5.0,-112.0
1775973819.5916588,-4.0,-5.0,-113.0
1775973819.6016588,-3.0,-3.0,-116.0
1775973819.6116588,-2.0,0.0,-114.0
1775973819.6216588,-2.0,2.0,-109.0
1775973819.6316588,-4.0,3.0,-109.0
1775973819.6416588,0.0,3.0,-109.0
1775973819.6516588,2.0,3.0,-108.0
1775973819.6616588,7.0,7.0,-107.0
1775973819.671659,8.0,3.0,-111.0
1775973819.681659,6.0,5.0,-117.0
1775973819.691659,7.0,2.0,-119.0
1775973819.701659,2.0,0.0,-117.0
1775973819.711659,1.0,2.0,-116.0
1775973819.721659,0.0,3.0,-114.0
1775973819.731659,4.0,4.0,-115.0
1775973819.741659,4.0,4.0,-106.0
1775973819.751659,6.0,2.0,-100.0
1775973819.761659,2.0,1.0,-109.0
1775973819.771659,6.0,0.0,-106.0
1775973819.781659,2.0,-2.0,-105.0
1775973819.7916589,-1.0,-1.0,-113.0
1775973819.8016589,0.0,-3.0,-109.0
1775973819.8116589,0.0,-3.0,-113.0
1775973819.8216588,0.0,-2.0,-118.0
1775973819.8316588,0.0,-4.0,-118.0
1775973819.8416588,0.0,-2.0,-118.0
1775973819.8516588,0.0,1.0,-112.0
1775973819.8616588,1.0,0.0,-110.0
1775973819.8716588,0.0,-1.0,-107.0
1775973819.8816588,3.0,2.0,-105.0
1775973819.8916588,1.0,0.0,-106.0
1775973819.9016588,1.0,0.0,-112.0
1775973819.9116588,2.0,4.0,-110.0
1775973819.921659,1.0,3.0,-112.0
1775973819.931659,4.0,3.0,-108.0
1775973819.941659,4.0,3.0,-107.0
1775973819.951659,5.0,5.0,-105.0
1775973819.961659,10.0,1.0,-108.0
1775973819.971659,10.0,0.0,-105.0
1775973819.981659,6.0,1.0,-104.0
1775973819.991659,6.0,6.0,-107.0
1775973820.001659,12.0,5.0,-102.0
1775973820.011659,9.0,6.0,-102.0
1775973820.021659,7.0,5.0,-106.0
1775973820.031659,11.0,4.0,-105.0
1775973820.0416589,9.0,1.0,-108.0
1775973820.0516589,3.0,-1.0,-107.0
1775973820.0616589,2.0,2.0,-116.0
1775973820.0716588,3.0,3.0,-117.0
1775973820.0816588,0.0,2.0,-114.0
1775973820.0916588,-1.0,0.0,-112.0
1775973820.1016588,0.0,-1.0,-113.0
1775973820.1116588,-2.0,-1.0,-116.0
1775973820.1216588,-6.0,0.0,-122.0
1775973820.1316588,-5.0,0.0,-114.0
1775973820.1416588,-2.0,2.0,-111.0
1775973820.1516588,-3.0,4.0,-112.0
1775973820.1616588,0.0,4.0,-118.0
1775973820.171659,4.0,0.0,-118.0
1775973820.181659,4.0,-2.0,-125.0
1775973820.191659,0.0,-5.0,-122.0
1775973820.201659,1.0,-2.0,-115.0
1775973820.211659,0.0,-1.0,-110.0
1775973820.221659,-5.0,-1.0,-107.0
1775973820.231659,-5.0,0.0,-109.0
1775973820.241659,-7.0,-3.0,-116.0
1775973820.251659,-12.0,-7.0,-121.0
1775973820.261659,-11.0,-8.0,-122.0
1775973820.271659,-6.0,-10.0,-119.0
1775973820.281659,-1.0,-13.0,-115.0
1775973820.2916589,-1.0,-15.0,-117.0
1775973820.3016589,3.0,-10.0,-113.0
1775973820.3116589,6.0,-8.0,-113.0
1775973820.3216588,6.0,-5.0,-109.0
1775973820.3316588,2.0,-2.0,-99.0
1775973820.3416588,0.0,3.0,-98.0
1775973820.3516588,0.0,3.0,-98.0
1775973820.3616588,-3.0,8.0,-98.0
1775973820.3716588,-5.0,5.0,-98.0
1775973820.3816588,-6.0,1.0,-97.0
1775973820.3916588,-2.0,1.0,-98.0
1775973820.4016588,-1.0,0.0,-104.0
1775973820.4116588,0.0,-3.0,-113.0
1775973820.421659,0.0,-4.0,-113.0
1775973820.431659,0.0,-2.0,-118.0
1775973820.441659,2.0,-1.0,-115.0
1775973820.451659,0.0,0.0,-115.0
1775973820.461659,3.0,3.0,-108.0
1775973820.471659,0.0,2.0,-110.0
1775973820.481659,-7.0,3.0,-113.0
1775973820.491659,-5.0,0.0,-110.0
1775973820.501659,-6.0,0.0,-112.0
1775973820.511659,-1.0,-2.0,-106.0
1775973820.521659,0.0,-4.0,-106.0
1775973820.531659,1.0,-5.0,-110.0
1775973820.5416589,-1.0,-5.0,-105.0
1775973820.5516589,0.0,-6.0,-106.0
1775973820.5616589,-2.0,-9.0,-104.0
1775973820.5716588,0.0,-5.0,-107.0
1775973820.5816588,3.0,-4.0,-104.0
1775973820.5916588,3.0,0.0,-102.0
1775973820.6016588,4.0,-2.0,-104.0
1775973820.6116588,2.0,2.0,-110.0
1775973820.6216588,-2.0,1.0,-113.0
1775973820.6316588,-4.0,6.0,-107.0
1775973820.6416588,-1.0,8.0,-106.0
1775973820.6516588,0.0,5.0,-103.0
1775973820.6616588,0.0,1.0,-104.0
1775973820.671659,-2.0,3.0,-110.0
1775973820.681659,0.0,5.0,-111.0
1775973820.691659,-2.0,6.0,-106.0
1775973820.701659,-6.0,7.0,-99.0
1775973820.711659,-5.0,6.0,-93.0
1775973820.721659,-2.0,2.0,-101.0
1775973820.731659,0.0,1.0,-111.0
1775973820.741659,-4.0,0.0,-120.0
1775973820.751659,-2.0,2.0,-119.0
1775973820.761659,2.0,2.0,-120.0
1775973820.771659,-1.0,3.0,-114.0
1775973820.781659,-2.0,0.0,-113.0
1775973820.7916589,-3.0,0.0,-110.0
1775973820.8016589,-5.0,-3.0,-108.0
1775973820.8116589,-4.0,-3.0,-108.0
1775973820.8216588,0.0,-1.0,-107.0
1775973820.8316588,0.0,-5.0,-106.0
1775973820.8416588,1.0,0.0,-106.0
1775973820.8516588,1.0,5.0,-104.0
1775973820.8616588,2.0,5.0,-104.0
1775973820.8716588,2.0,7.0,-105.0
1775973820.8816588,1.0,4.0,-103.0
1775973820.8916588,1.0,1.0,-104.0
1775973820.9016588,3.0,4.0,-101.0
1775973820.9116588,6.0,5.0,-102.0
1775973820.921659,5.0,2.0,-98.0
1775973820.931659,4.0,-1.0,-95.0
1775973820.941659,5.0,1.0,-96.0
1775973820.951659,4.0,5.0,-93.0
1775973820.961659,0.0,6.0,-102.0
1775973820.971659,4.0,3.0,-106.0
1775973820.981659,-2.0,-2.0,-102.0
1775973820.991659,0.0,-3.0,-106.0
1775973821.001659,-7.0,0.0,-109.0
1775973821.011659,-9.0,1.0,-110.0
1775973821.021659,-8.0,-1.0,-115.0
1775973821.031659,-6.0,1.0,-114.0
1775973821.0416589,3.0,2.0,-117.0
1775973821.0516589,3.0,0.0,-113.0
1775973821.0616589,-1.0,2.0,-109.0
1775973821.0716588,-3.0,0.0,-107.0
1775973821.0816588,-2.0,0.0,-109.0
1775973821.0916588,0.0,0.0,-107.0
1775973821.1016588,0.0,0.0,-108.0
1775973821.1116588,0.0,0.0,-113.0
1775973821.1216588,5.0,0.0,-114.0
1775973821.1316588,-1.0,-4.0,-114.0
1775973821.1416588,-4.0,-8.0,-121.0
1775973821.1516588,-2.0,-9.0,-120.0
1775973821.1616588,-2.0,-6.0,-116.0
1775973821.171659,0.0,-8.0,-112.0
1775973821.181659,-5.0,-6.0,-108.0
1775973821.191659,-3.0,0.0,-114.0
1775973821.201659,-3.0,-2.0,-108.0
1775973821.211659,-2.0,-1.0,-106.0
1775973821.221659,2.0,-4.0,-106.0
1775973821.231659,5.0,-8.0,-107.0
1775973821.241659,2.0,-9.0,-109.0
1775973821.251659,8.0,-10.0,-114.0
1775973821.261659,10.0,-9.0,-113.0
1775973821.271659,10.0,-6.0,-114.0
1775973821.281659,12.0,-5.0,-108.0
1775973821.2916589,10.0,-4.0,-109.0
1775973821.3016589,12.0,0.0,-112.0
1775973821.3116589,10.0,-2.0,-105.0
1775973821.3216588,10.0,0.0,-105.0
1775973821.3316588,10.0,-4.0,-104.0
1775973821.3416588,11.0,-1.0,-108.0
1775973821.3516588,4.0,-3.0,-106.0
1775973821.3616588,0.0,-3.0,-103.0
1775973821.3716588,-2.0,-8.0,-108.0
1775973821.3816588,2.0,-8.0,-104.0
1775973821.3916588,-1.0,-8.0,-105.0
1775973821.4016588,-5.0,-7.0,-108.0
1775973821.4116588,1.0,-8.0,-111.0
1775973821.421659,3.0,-6.0,-115.0
1775973821.431659,0.0,-1.0,-119.0
1775973821.441659,-4.0,0.0,-108.0
1775973821.451659,0.0,-1.0,-106.0
1775973821.461659,2.0,-2.0,-102.0
1775973821.471659,0.0,-5.0,-101.0
1775973821.481659,0.0,-6.0,-103.0
1775973821.491659,-1.0,-7.0,-106.0
1775973821.501659,-1.0,-6.0,-112.0
1775973821.511659,-1.0,-5.0,-111.0
1775973821.521659,-2.0,-6.0,-112.0
1775973821.531659,-1.0,-4.0,-113.0
1775973821.5416589,-2.0,-3.0,-114.0
1775973821.5516589,0.0,-3.0,-125.0
1775973821.5616589,3.0,-1.0,-127.0
1775973821.5716588,-2.0,0.0,-129.0
1775973821.5826588,-2.0,2.0,-121.0
1775973821.5916588,-2.0,4.0,-109.0
1775973821.602659,3.0,3.0,-111.0
1775973821.612659,2.0,0.0,-108.0
1775973821.622659,0.0,5.0,-106.0
1775973821.632659,1.0,5.0,-103.0
1775973821.642659,2.0,4.0,-104.0
1775973821.652659,1.0,6.0,-108.0
1775973821.662659,-1.0,6.0,-107.0
1775973821.672659,-2.0,4.0,-103.0
1775973821.682659,0.0,2.0,-101.0
1775973821.692659,0.0,1.0,-102.0
1775973821.702659,-1.0,3.0,-106.0
1775973821.712659,-7.0,1.0,-106.0
1775973821.7226589,-7.0,1.0,-107.0
1775973821.7326589,-6.0,1.0,-111.0
1775973821.7426589,-1.0,0.0,-105.0
1775973821.7526588,-3.0,-1.0,-109.0
1775973821.7626588,-2.0,0.0,-107.0
1775973821.7726588,-1.0,-1.0,-104.0
1775973821.7826588,-1.0,-5.0,-110.0
1775973821.7926588,-3.0,-3.0,-113.0
1775973821.8026588,-4.0,-1.0,-111.0
1775973821.8126588,-3.0,2.0,-112.0
1775973821.8226588,0.0,2.0,-111.0
1775973821.8326588,0.0,-1.0,-114.0
1775973821.8426588,5.0,-5.0,-108.0
1775973821.852659,3.0,-6.0,-103.0
1775973821.862659,0.0,-6.0,-105.0
1775973821.872659,1.0,-6.0,-110.0
1775973821.882659,3.0,-9.0,-112.0
1775973821.892659,4.0,-5.0,-111.0
1775973821.902659,2.0,-5.0,-117.0
1775973821.912659,1.0,-6.0,-109.0
1775973821.922659,0.0,-4.0,-110.0
1775973821.932659,2.0,-3.0,-113.0
1775973821.942659,-3.0,-4.0,-109.0
1775973821.952659,-3.0,-10.0,-111.0
1775973821.962659,-6.0,-9.0,-117.0
1775973821.9726589,-4.0,-7.0,-113.0
1775973821.9826589,-4.0,-3.0,-110.0
1775973821.9926589,-2.0,-1.0,-110.0
1775973822.0026588,-2.0,-5.0,-112.0
1775973822.0126588,-2.0,-2.0,-113.0
1775973822.0226588,1.0,1.0,-113.0
1775973822.0326588,4.0,4.0,-108.0
1775973822.0426588,3.0,5.0,-107.0
1775973822.0526588,-1.0,5.0,-112.0
1775973822.0626588,-8.0,0.0,-109.0
1775973822.0726588,-10.0,0.0,-115.0
1775973822.0826588,-8.0,2.0,-118.0
1775973822.0926588,-11.0,0.0,-119.0
1775973822.102659,-6.0,-3.0,-118.0
1775973822.112659,-2.0,-5.0,-113.0
1775973822.122659,-1.0,-5.0,-111.0
1775973822.132659,0.0,-7.0,-112.0
1775973822.142659,1.0,-3.0,-108.0
1775973822.152659,0.0,-4.0,-104.0
1775973822.162659,0.0,-5.0,-101.0
1775973822.172659,0.0,-3.0,-106.0
1775973822.182659,6.0,0.0,-111.0
1775973822.192659,0.0,0.0,-113.0
1775973822.202659,-3.0,0.0,-108.0
1775973822.212659,-5.0,1.0,-112.0
1775973822.2226589,-3.0,0.0,-110.0
1775973822.2326589,0.0,-1.0,-102.0
1775973822.2426589,-1.0,0.0,-97.0
1775973822.2526588,1.0,-2.0,-101.0
1775973822.2626588,0.0,0.0,-101.0
1775973822.2726588,-3.0,0.0,-101.0
1775973822.2826588,-5.0,2.0,-103.0
1775973822.2926588,-9.0,1.0,-100.0
1775973822.3026588,-7.0,2.0,-100.0
1775973822.3126588,-6.0,0.0,-99.0
1775973822.3226588,0.0,2.0,-96.0
1775973822.3326588,3.0,-2.0,-93.0
1775973822.3426588,4.0,0.0,-96.0
1775973822.352659,0.0,2.0,-94.0
1775973822.362659,-3.0,7.0,-95.0
1775973822.372659,-7.0,6.0,-91.0
1775973822.382659,-8.0,6.0,-91.0
1775973822.392659,-12.0,4.0,-95.0
1775973822.402659,-18.0,5.0,-102.0
1775973822.412659,-15.0,0.0,-102.0
1775973822.422659,-13.0,0.0,-104.0
1775973822.432659,-11.0,1.0,-99.0
1775973822.442659,-12.0,1.0,-100.0
1775973822.452659,-12.0,1.0,-99.0
1775973822.462659,-14.0,3.0,-106.0
1775973822.4726589,-11.0,2.0,-105.0
1775973822.4826589,-9.0,4.0,-106.0
1775973822.4926589,-4.0,5.0,-108.0
1775973822.5026588,0.0,6.0,-104.0
1775973822.5126588,0.0,7.0,-106.0
1775973822.5226588,-2.0,7.0,-108.0
1775973822.5326588,-6.0,4.0,-102.0
1775973822.5426588,-7.0,-1.0,-99.0
1775973822.5526588,-4.0,0.0,-99.0
1775973822.5626588,0.0,-4.0,-102.0
1775973822.5726588,-1.0,0.0,-101.0
1775973822.5826588,-2.0,0.0,-102.0
1775973822.5926588,0.0,-2.0,-109.0
1775973822.602659,-8.0,-2.0,-110.0
1775973822.612659,-4.0,-4.0,-111.0
1775973822.622659,-5.0,0.0,-109.0
1775973822.632659,-5.0,-3.0,-105.0
1775973822.642659,-3.0,-4.0,-103.0
1775973822.652659,-5.0,0.0,-109.0
1775973822.662659,-4.0,-1.0,-116.0
1775973822.672659,0.0,0.0,-119.0
1775973822.682659,0.0,0.0,-114.0
1775973822.692659,-1.0,-3.0,-110.0
1775973822.702659,0.0,-5.0,-108.0
1775973822.712659,1.0,-3.0,-106.0
1775973822.7226589,2.0,-5.0,-105.0
1775973822.7326589,5.0,-5.0,-106.0
1775973822.7426589,2.0,-6.0,-101.0
1775973822.7526588,1.0,-3.0,-100.0
1775973822.7626588,1.0,0.0,-101.0
1775973822.7726588,1.0,0.0,-99.0
1775973822.7826588,2.0,3.0,-98.0
1775973822.7926588,2.0,3.0,-102.0
1775973822.8026588,3.0,4.0,-95.0
1775973822.8126588,2.0,2.0,-96.0
1775973822.8226588,6.0,4.0,-96.0
1775973822.8326588,9.0,3.0,-98.0
1775973822.8426588,6.0,6.0,-105.0
1775973822.852659,4.0,4.0,-109.0
1775973822.862659,-2.0,3.0,-109.0
1775973822.872659,-7.0,6.0,-111.0
1775973822.882659,-5.0,5.0,-117.0
1775973822.892659,-6.0,0.0,-114.0
1775973822.902659,-8.0,0.0,-113.0
1775973822.912659,-7.0,1.0,-107.0
1775973822.922659,-6.0,0.0,-105.0
1775973822.932659,-5.0,-1.0,-100.0
1775973822.942659,-4.0,0.0,-105.0
1775973822.952659,-3.0,0.0,-109.0
1775973822.962659,-5.0,-1.0,-109.0
1775973822.9726589,-2.0,-6.0,-107.0
1775973822.9826589,2.0,-4.0,-111.0
1775973822.9926589,0.0,2.0,-108.0
1775973823.0026588,1.0,4.0,-105.0
1775973823.0126588,5.0,3.0,-101.0
1775973823.0226588,2.0,2.0,-99.0
1775973823.0326588,-3.0,0.0,-100.0
1775973823.0426588,-2.0,2.0,-101.0
1775973823.0526588,-2.0,3.0,-101.0
1775973823.0626588,-1.0,2.0,-104.0
1775973823.0726588,-1.0,1.0,-108.0
1775973823.0826588,-3.0,2.0,-108.0
1775973823.0926588,-4.0,5.0,-109.0
1775973823.102659,1.0,7.0,-107.0
1775973823.112659,0.0,7.0,-103.0
1775973823.122659,0.0,7.0,-98.0
1775973823.132659,2.0,-1.0,-101.0
1775973823.142659,3.0,-2.0,-106.0
1775973823.152659,2.0,-2.0,-108.0
1775973823.162659,0.0,-2.0,-107.0
1775973823.172659,0.0,0.0,-97.0
1775973823.182659,-2.0,-1.0,-98.0
1775973823.192659,0.0,0.0,-101.0
1775973823.202659,2.0,2.0,-107.0
1775973823.212659,3.0,2.0,-117.0
1775973823.2226589,8.0,1.0,-118.0
1775973823.2326589,6.0,2.0,-118.0
1775973823.2426589,6.0,1.0,-111.0
1775973823.2526588,1.0,-2.0,-113.0
1775973823.2626588,1.0,-3.0,-112.0
1775973823.2726588,0.0,-5.0,-116.0
1775973823.2826588,0.0,-3.0,-117.0
1775973823.2926588,-1.0,-6.0,-113.0
1775973823.3026588,-2.0,-5.0,-113.0
1775973823.3126588,-8.0,-6.0,-112.0
1775973823.3226588,-14.0,-3.0,-111.0
1775973823.3326588,-15.0,-6.0,-108.0
1775973823.3426588,-8.0,-5.0,-104.0
1775973823.352659,-6.0,-4.0,-105.0
1775973823.362659,-9.0,-5.0,-111.0
1775973823.372659,-10.0,-8.0,-114.0
1775973823.382659,-7.0,-4.0,-112.0
1775973823.392659,-7.0,-3.0,-108.0
1775973823.402659,-11.0,-5.0,-108.0
1775973823.412659,-7.0,-1.0,-105.0
1775973823.422659,-4.0,0.0,-99.0
1775973823.432659,0.0,1.0,-98.0
1775973823.442659,0.0,1.0,-104.0
1775973823.452659,0.0,1.0,-105.0
1775973823.462659,1.0,-3.0,-109.0
1775973823.4726589,-7.0,3.0,-112.0
1775973823.4826589,-4.0,3.0,-112.0
1775973823.4926589,-4.0,0.0,-108.0
1775973823.5026588,-4.0,-1.0,-104.0
1775973823.5126588,-4.0,0.0,-108.0
1775973823.5226588,-7.0,3.0,-107.0
1775973823.5326588,-9.0,1.0,-104.0
1775973823.5426588,-3.0,0.0,-103.0
1775973823.5526588,-4.0,0.0,-101.0
1775973823.5626588,0.0,0.0,-102.0
1775973823.5726588,-2.0,0.0,-102.0
1775973823.5826588,1.0,1.0,-109.0
1775973823.5926588,4.0,6.0,-109.0
1775973823.602659,4.0,3.0,-106.0
1775973823.612659,2.0,3.0,-105.0
1775973823.622659,0.0,3.0,-105.0
1775973823.632659,2.0,5.0,-104.0
1775973823.642659,0.0,2.0,-107.0
1775973823.652659,1.0,-1.0,-108.0
1775973823.6636589,2.0,0.0,-108.0
1775973823.6736588,4.0,0.0,-107.0
1775973823.6836588,1.0,-2.0,-109.0
1775973823.6936588,-3.0,0.0,-112.0
1775973823.7036588,-8.0,-2.0,-115.0
1775973823.7136588,-9.0,-5.0,-120.0
1775973823.7236588,-8.0,-2.0,-113.0
1775973823.7336588,-8.0,-1.0,-120.0
1775973823.7436588,-8.0,3.0,-116.0
1775973823.7536588,-3.0,8.0,-113.0
1775973823.7636588,0.0,6.0,-117.0
1775973823.773659,1.0,1.0,-112.0
1775973823.783659,4.0,2.0,-111.0
1775973823.793659,4.0,10.0,-112.0
1775973823.803659,0.0,12.0,-113.0
1775973823.813659,0.0,7.0,-111.0
1775973823.823659,0.0,6.0,-109.0
1775973823.833659,-2.0,2.0,-108.0
1775973823.843659,-4.0,2.0,-118.0
1775973823.853659,-3.0,2.0,-110.0
1775973823.863659,0.0,3.0,-103.0
1775973823.873659,-2.0,0.0,-103.0
1775973823.883659,0.0,0.0,-110.0
1775973823.8936589,2.0,1.0,-107.0
1775973823.9036589,0.0,1.0,-107.0
1775973823.9136589,2.0,-1.0,-113.0
1775973823.9236588,4.0,-2.0,-116.0
1775973823.9336588,0.0,0.0,-113.0
1775973823.9436588,-3.0,3.0,-116.0
1775973823.9536588,-4.0,6.0,-115.0
1775973823.9636588,-5.0,5.0,-112.0
1775973823.9736588,-6.0,0.0,-111.0
1775973823.9836588,-5.0,-2.0,-111.0
1775973823.9936588,-8.0,0.0,-114.0
1775973824.0036588,-5.0,3.0,-116.0
1775973824.0136588,-6.0,6.0,-111.0
1775973824.023659,-4.0,5.0,-103.0
1775973824.033659,0.0,3.0,-99.0
1775973824.043659,3.0,1.0,-101.0
1775973824.053659,0.0,3.0,-104.0
1775973824.063659,3.0,5.0,-109.0
1775973824.073659,2.0,4.0,-104.0
1775973824.083659,0.0,7.0,-99.0
1775973824.093659,0.0,5.0,-105.0
1775973824.103659,-1.0,5.0,-105.0
1775973824.113659,4.0,0.0,-108.0
1775973824.123659,0.0,2.0,-110.0
1775973824.133659,-7.0,3.0,-114.0
1775973824.1436589,-6.0,5.0,-117.0
1775973824.1536589,-3.0,5.0,-119.0
1775973824.1636589,0.0,0.0,-116.0
1775973824.1736588,-4.0,-2.0,-113.0
1775973824.1836588,-7.0,2.0,-110.0
1775973824.1936588,-6.0,4.0,-113.0
1775973824.2036588,-3.0,4.0,-115.0
1775973824.2136588,-7.0,3.0,-107.0
1775973824.2236588,-7.0,1.0,-103.0
1775973824.2336588,-4.0,-1.0,-106.0
1775973824.2436588,0.0,-1.0,-106.0
1775973824.2536588,-2.0,-4.0,-104.0
1775973824.2636588,-1.0,0.0,-101.0
1775973824.273659,0.0,0.0,-107.0
1775973824.283659,0.0,-2.0,-108.0
1775973824.293659,0.0,-1.0,-104.0
1775973824.303659,1.0,-7.0,-98.0
1775973824.313659,-3.0,-7.0,-101.0
1775973824.323659,-3.0,-1.0,-110.0
1775973824.333659,0.0,-1.0,-104.0
1775973824.343659,0.0,1.0,-103.0
1775973824.353659,-1.0,2.0,-106.0
1775973824.363659,2.0,1.0,-101.0
1775973824.373659,3.0,1.0,-103.0
1775973824.383659,0.0,-2.0,-105.0
1775973824.3936589,2.0,-1.0,-115.0
1775973824.4036589,3.0,1.0,-114.0
1775973824.4136589,1.0,0.0,-109.0
1775973824.4236588,0.0,1.0,-113.0
1775973824.4336588,-4.0,0.0,-114.0
1775973824.4436588,-2.0,-1.0,-110.0
1775973824.4536588,3.0,0.0,-110.0
1775973824.4636588,2.0,-3.0,-111.0
1775973824.4736588,-1.0,-5.0,-104.0
1775973824.4836588,-1.0,-3.0,-107.0
1775973824.4936588,1.0,-3.0,-105.0
1775973824.5036588,0.0,-3.0,-103.0
1775973824.5136588,-1.0,3.0,-110.0
1775973824.523659,-3.0,3.0,-111.0
1775973824.533659,-4.0,0.0,-113.0
1775973824.543659,-9.0,2.0,-119.0
1775973824.553659,-13.0,4.0,-112.0
1775973824.563659,-12.0,10.0,-111.0
1775973824.573659,-5.0,7.0,-111.0
1775973824.583659,-3.0,6.0,-104.0
1775973824.593659,-3.0,6.0,-104.0
1775973824.603659,-7.0,1.0,-102.0
1775973824.613659,-5.0,4.0,-98.0
1775973824.623659,-9.0,2.0,-104.0
1775973824.633659,-8.0,2.0,-101.0
1775973824.6436589,-7.0,2.0,-102.0
1775973824.6536589,-10.0,5.0,-107.0
1775973824.6636589,-8.0,4.0,-110.0
1775973824.6736588,-8.0,7.0,-113.0
1775973824.6836588,-5.0,8.0,-112.0
1775973824.6936588,-1.0,7.0,-111.0
1775973824.7036588,-1.0,5.0,-109.0
1775973824.7136588,1.0,1.0,-111.0
1775973824.7236588,4.0,2.0,-108.0
1775973824.7336588,5.0,3.0,-105.0
1775973824.7436588,5.0,5.0,-105.0
1775973824.7536588,2.0,3.0,-106.0
1775973824.7636588,1.0,-4.0,-107.0
1775973824.773659,2.0,-2.0,-107.0
1775973824.783659,5.0,0.0,-106.0
1775973824.793659,3.0,0.0,-108.0
1775973824.803659,-1.0,-1.0,-113.0
1775973824.813659,1.0,3.0,-117.0
1775973824.823659,5.0,4.0,-120.0
1775973824.833659,6.0,5.0,-112.0
1775973824.843659,4.0,6.0,-117.0
1775973824.853659,2.0,7.0,-112.0
1775973824.863659,0.0,8.0,-112.0
1775973824.873659,6.0,7.0,-115.0
1775973824.883659,8.0,10.0,-104.0
1775973824.8936589,2.0,10.0,-101.0
1775973824.9036589,1.0,7.0,-106.0
1775973824.9136589,4.0,2.0,-105.0
1775973824.9236588,2.0,2.0,-105.0
1775973824.9336588,-1.0,1.0,-103.0
1775973824.9436588,0.0,-3.0,-104.0
1775973824.9536588,-3.0,-3.0,-105.0
1775973824.9636588,-2.0,-5.0,-105.0
1775973824.9736588,-5.0,-3.0,-102.0
1775973824.9836588,-9.0,-4.0,-107.0
1775973824.9936588,-4.0,-5.0,-105.0
1775973825.0036588,-5.0,-5.0,-106.0
1775973825.0136588,-5.0,-6.0,-113.0
1775973825.023659,-1.0,-4.0,-114.0
1775973825.033659,-2.0,-3.0,-115.0
1775973825.043659,-6.0,-4.0,-111.0
1775973825.053659,-4.0,-4.0,-113.0
1775973825.063659,-2.0,-1.0,-115.0
1775973825.073659,-3.0,-8.0,-115.0
1775973825.083659,-1.0,-6.0,-112.0
1775973825.093659,3.0,-2.0,-110.0
1775973825.103659,2.0,0.0,-108.0
1775973825.113659,5.0,-1.0,-111.0
1775973825.123659,6.0,-2.0,-115.0
1775973825.133659,1.0,4.0,-113.0
1775973825.1436589,-1.0,5.0,-107.0
1775973825.1536589,5.0,6.0,-104.0
1775973825.1636589,1.0,8.0,-108.0
1775973825.1736588,0.0,9.0,-111.0
1775973825.1836588,-2.0,5.0,-113.0
1775973825.1936588,-4.0,2.0,-106.0
1775973825.2036588,-4.0,-1.0,-105.0
1775973825.2136588,-5.0,-1.0,-107.0
1775973825.2236588,0.0,-1.0,-109.0
1775973825.2336588,4.0,-3.0,-111.0
1775973825.2436588,2.0,-1.0,-112.0
1775973825.2536588,-1.0,-1.0,-108.0
1775973825.2636588,-2.0,-1.0,-109.0
1775973825.273659,-2.0,-5.0,-114.0
1775973825.283659,-3.0,-2.0,-116.0
1775973825.293659,-2.0,1.0,-120.0
1775973825.303659,-4.0,4.0,-113.0
1775973825.313659,-5.0,3.0,-113.0
1775973825.323659,-5.0,3.0,-108.0
1775973825.333659,-5.0,0.0,-107.0
1775973825.343659,-4.0,0.0,-111.0
1775973825.353659,-6.0,-1.0,-116.0
1775973825.363659,0.0,-1.0,-115.0
1775973825.373659,5.0,-2.0,-114.0
1775973825.383659,2.0,-3.0,-111.0
1775973825.3936589,3.0,-4.0,-112.0
1775973825.4036589,3.0,0.0,-111.0
1775973825.4136589,1.0,3.0,-111.0
1775973825.4236588,3.0,6.0,-116.0
1775973825.4336588,3.0,5.0,-113.0
1775973825.4436588,2.0,6.0,-111.0
1775973825.4536588,0.0,6.0,-105.0
1775973825.4636588,0.0,4.0,-106.0
1775973825.4736588,1.0,4.0,-108.0
1775973825.4836588,0.0,2.0,-115.0
1775973825.4936588,0.0,1.0,-117.0
1775973825.5036588,0.0,3.0,-119.0
1775973825.5136588,4.0,2.0,-117.0
1775973825.523659,5.0,4.0,-123.0
1775973825.533659,-1.0,9.0,-121.0
1775973825.543659,-3.0,2.0,-120.0
1775973825.553659,-1.0,0.0,-112.0
1775973825.563659,0.0,1.0,-115.0
1775973825.573659,-1.0,0.0,-116.0
1775973825.583659,-1.0,0.0,-119.0
1775973825.593659,-1.0,3.0,-118.0
1775973825.603659,-1.0,0.0,-125.0
1775973825.613659,-7.0,1.0,-121.0
1775973825.623659,-3.0,2.0,-115.0
1775973825.633659,-1.0,0.0,-113.0
1775973825.6436589,2.0,0.0,-110.0
1775973825.6536589,6.0,0.0,-108.0
1775973825.6636589,0.0,0.0,-112.0
1775973825.6736588,3.0,0.0,-115.0
1775973825.6836588,2.0,0.0,-111.0
1775973825.6936588,0.0,0.0,-107.0
1775973825.7036588,2.0,-3.0,-109.0
1775973825.714659,-1.0,-3.0,-107.0
1775973825.724659,-1.0,3.0,-111.0
1775973825.734659,0.0,1.0,-112.0
1775973825.744659,3.0,-3.0,-111.0
1775973825.754659,4.0,-4.0,-112.0
1775973825.764659,6.0,-6.0,-117.0
1775973825.774659,6.0,-4.0,-114.0
1775973825.784659,7.0,-5.0,-107.0
1775973825.794659,6.0,-1.0,-112.0
1775973825.804659,1.0,-1.0,-107.0
1775973825.8146589,0.0,-1.0,-106.0
1775973825.8246589,-5.0,0.0,-114.0
1775973825.8346589,-6.0,-1.0,-116.0
1775973825.8446589,-7.0,-3.0,-118.0
1775973825.8546588,-8.0,-2.0,-113.0
1775973825.8646588,-5.0,-1.0,-109.0
1775973825.8746588,-4.0,-2.0,-114.0
1775973825.8846588,-2.0,-3.0,-109.0
1775973825.8946588,0.0,-3.0,-111.0
1775973825.9046588,-2.0,-7.0,-111.0
1775973825.9146588,0.0,-10.0,-113.0
1775973825.9246588,3.0,-8.0,-121.0
1775973825.9346588,0.0,-6.0,-117.0
1775973825.944659,0.0,-7.0,-122.0
1775973825.954659,0.0,-9.0,-123.0
1775973825.964659,3.0,-9.0,-118.0
1775973825.974659,2.0,-9.0,-120.0
1775973825.984659,5.0,-12.0,-116.0
1775973825.994659,3.0,-10.0,-118.0
1775973826.004659,0.0,-6.0,-112.0
1775973826.014659,-1.0,-6.0,-110.0
1775973826.024659,-2.0,-1.0,-111.0
1775973826.034659,-1.0,-3.0,-110.0
1775973826.044659,3.0,-7.0,-98.0
1775973826.054659,-3.0,-6.0,-93.0
1775973826.0646589,-4.0,-3.0,-97.0
1775973826.0746589,-4.0,0.0,-105.0
1775973826.0846589,0.0,0.0,-101.0
1775973826.0946589,1.0,0.0,-102.0
1775973826.1046588,0.0,0.0,-103.0
1775973826.1146588,1.0,0.0,-111.0
1775973826.1246588,-1.0,-1.0,-109.0
1775973826.1346588,1.0,0.0,-107.0
1775973826.1446588,0.0,-2.0,-106.0
1775973826.1546588,-6.0,-4.0,-105.0
1775973826.1646588,-7.0,-3.0,-111.0
1775973826.1746588,-6.0,-2.0,-112.0
1775973826.1846588,-3.0,0.0,-115.0
1775973826.194659,0.0,-3.0,-117.0
1775973826.204659,2.0,-5.0,-112.0
1775973826.214659,0.0,-6.0,-108.0
1775973826.224659,1.0,-4.0,-109.0
1775973826.234659,-1.0,-4.0,-110.0
1775973826.244659,-2.0,-4.0,-111.0
1775973826.254659,1.0,-1.0,-113.0
1775973826.264659,-1.0,0.0,-106.0
1775973826.274659,-2.0,0.0,-105.0
1775973826.284659,-3.0,-2.0,-103.0
1775973826.294659,-1.0,-3.0,-103.0
1775973826.304659,1.0,-6.0,-108.0
1775973826.3146589,5.0,-6.0,-107.0
1775973826.3246589,6.0,-7.0,-107.0
1775973826.3346589,6.0,-4.0,-114.0
1775973826.3446589,0.0,-5.0,-122.0
1775973826.3546588,-2.0,-4.0,-120.0
1775973826.3646588,1.0,-4.0,-116.0
1775973826.3746588,0.0,0.0,-107.0
1775973826.3846588,-4.0,1.0,-106.0
1775973826.3946588,-4.0,0.0,-105.0
1775973826.4046588,1.0,-3.0,-99.0
1775973826.4146588,2.0,-7.0,-101.0
1775973826.4246588,5.0,-7.0,-103.0
1775973826.4346588,6.0,-5.0,-97.0
1775973826.444659,4.0,-3.0,-102.0
1775973826.454659,1.0,-3.0,-106.0
1775973826.464659,-3.0,-4.0,-105.0
1775973826.474659,-4.0,-3.0,-102.0
1775973826.484659,-3.0,-2.0,-108.0
1775973826.494659,0.0,0.0,-108.0
1775973826.504659,-1.0,-1.0,-105.0
1775973826.514659,-4.0,-4.0,-101.0
1775973826.524659,-4.0,-3.0,-104.0
1775973826.534659,-1.0,-1.0,-111.0
1775973826.544659,-2.0,0.0,-115.0
1775973826.554659,-2.0,-3.0,-116.0
1775973826.5646589,-2.0,-2.0,-113.0
1775973826.5746589,0.0,0.0,-116.0
1775973826.5846589,0.0,-1.0,-118.0
1775973826.5946589,0.0,0.0,-119.0
1775973826.6046588,1.0,-2.0,-117.0
1775973826.6146588,1.0,-1.0,-110.0
1775973826.6246588,-2.0,0.0,-113.0
1775973826.6346588,-2.0,2.0,-108.0
1775973826.6446588,-6.0,1.0,-114.0
1775973826.6546588,-7.0,0.0,-123.0
1775973826.6646588,-5.0,-4.0,-125.0
1775973826.6746588,-2.0,-6.0,-118.0
1775973826.6846588,-1.0,-5.0,-110.0
1775973826.694659,0.0,-1.0,-107.0
1775973826.704659,0.0,0.0,-106.0
1775973826.714659,0.0,2.0,-103.0
1775973826.724659,-1.0,3.0,-101.0
1775973826.734659,-6.0,0.0,-98.0
1775973826.744659,-5.0,-4.0,-95.0
1775973826.754659,-3.0,-2.0,-100.0
1775973826.764659,-3.0,-1.0,-106.0
1775973826.774659,-5.0,-5.0,-102.0
1775973826.784659,-1.0,-5.0,-103.0
1775973826.794659,1.0,-5.0,-113.0
1775973826.804659,-2.0,-5.0,-119.0
1775973826.8146589,-1.0,-6.0,-124.0
1775973826.8246589,-5.0,-1.0,-122.0
1775973826.8346589,-4.0,0.0,-123.0
1775973826.8446589,0.0,-3.0,-123.0
1775973826.8546588,0.0,-5.0,-119.0
1775973826.8646588,-4.0,-6.0,-122.0
1775973826.8746588,-4.0,-5.0,-117.0
1775973826.8846588,-5.0,-5.0,-120.0
1775973826.8946588,-3.0,-2.0,-117.0
1775973826.9046588,-4.0,-1.0,-116.0
1775973826.9146588,-3.0,0.0,-113.0
1775973826.9246588,-2.0,0.0,-107.0
1775973826.9346588,-5.0,0.0,-108.0
1775973826.944659,-5.0,-3.0,-111.0
1775973826.954659,-2.0,-2.0,-115.0
1775973826.964659,0.0,0.0,-121.0
1775973826.974659,-1.0,-1.0,-122.0
1775973826.984659,-4.0,0.0,-116.0
1775973826.994659,-4.0,2.0,-119.0
1775973827.004659,-3.0,6.0,-114.0
1775973827.014659,-4.0,5.0,-104.0
1775973827.024659,-2.0,6.0,-99.0
1775973827.034659,-3.0,5.0,-103.0
1775973827.044659,-3.0,1.0,-107.0
1775973827.054659,-5.0,1.0,-102.0
1775973827.0646589,-1.0,1.0,-105.0
1775973827.0746589,0.0,0.0,-100.0
1775973827.0846589,-3.0,-7.0,-97.0
1775973827.0946589,-3.0,-7.0,-104.0
1775973827.1046588,-1.0,-4.0,-111.0
1775973827.1146588,-1.0,-1.0,-107.0
1775973827.1246588,-2.0,0.0,-108.0
1775973827.1346588,-2.0,1.0,-109.0
1775973827.1446588,4.0,-1.0,-114.0
1775973827.1546588,3.0,-2.0,-111.0
1775973827.1646588,1.0,-1.0,-112.0
1775973827.1746588,-1.0,-2.0,-116.0
1775973827.1846588,-3.0,-4.0,-116.0
1775973827.194659,-3.0,-3.0,-112.0
1775973827.204659,-2.0,-2.0,-109.0
1775973827.214659,0.0,-1.0,-113.0
1775973827.224659,2.0,0.0,-111.0
1775973827.234659,1.0,-2.0,-111.0
1775973827.244659,0.0,-2.0,-111.0
1775973827.254659,-3.0,-2.0,-114.0
1775973827.264659,-3.0,0.0,-110.0
1775973827.274659,-4.0,0.0,-108.0
1775973827.284659,-3.0,-3.0,-112.0
1775973827.294659,-1.0,0.0,-114.0
1775973827.304659,-2.0,1.0,-111.0
1775973827.3146589,3.0,-3.0,-105.0
1775973827.3246589,0.0,-2.0,-109.0
1775973827.3346589,2.0,-1.0,-112.0
1775973827.3446589,2.0,-2.0,-104.0
1775973827.3546588,2.0,-6.0,-105.0
1775973827.3646588,2.0,-7.0,-108.0
1775973827.3746588,-1.0,-5.0,-106.0
1775973827.3846588,3.0,-6.0,-113.0
1775973827.3946588,2.0,-10.0,-118.0
1775973827.4046588,-2.0,-8.0,-114.0
1775973827.4146588,-2.0,-5.0,-117.0
1775973827.4246588,0.0,-7.0,-119.0
1775973827.4346588,0.0,-9.0,-113.0
1775973827.444659,-3.0,-6.0,-111.0
1775973827.454659,-3.0,-2.0,-103.0
1775973827.464659,-2.0,-3.0,-111.0
1775973827.474659,-3.0,0.0,-113.0
1775973827.484659,-4.0,0.0,-106.0
1775973827.494659,-2.0,-2.0,-106.0
1775973827.504659,-1.0,-2.0,-102.0
1775973827.514659,0.0,-2.0,-109.0
1775973827.524659,-1.0,-3.0,-115.0
1775973827.534659,2.0,-2.0,-113.0
1775973827.544659,3.0,-2.0,-113.0
1775973827.554659,3.0,-1.0,-116.0
1775973827.5646589,6.0,-2.0,-111.0
1775973827.5746589,0.0,-2.0,-108.0
1775973827.5846589,-2.0,-4.0,-106.0
1775973827.5946589,-3.0,-1.0,-110.0
1775973827.6046588,-4.0,1.0,-115.0
1775973827.6146588,-5.0,2.0,-113.0
1775973827.6246588,-4.0,0.0,-108.0
1775973827.6346588,-6.0,0.0,-104.0
1775973827.6446588,-6.0,0.0,-104.0
1775973827.6546588,-4.0,0.0,-110.0
1775973827.6646588,-1.0,0.0,-107.0
1775973827.6746588,-3.0,0.0,-110.0
1775973827.6846588,-5.0,3.0,-106.0
1775973827.694659,-5.0,3.0,-107.0
1775973827.704659,0.0,3.0,-109.0
1775973827.714659,2.0,0.0,-108.0
1775973827.724659,2.0,-4.0,-112.0
1775973827.734659,3.0,-9.0,-120.0
1775973827.744659,0.0,-12.0,-117.0
1775973827.754659,0.0,-7.0,-116.0
1775973827.7656589,2.0,-5.0,-116.0
1775973827.774659,2.0,-1.0,-118.0
1775973827.7856588,3.0,2.0,-113.0
1775973827.7956588,4.0,-3.0,-106.0
1775973827.8056588,3.0,0.0,-106.0
1775973827.8156588,0.0,0.0,-105.0
1775973827.8256588,0.0,-5.0,-113.0
1775973827.8356588,0.0,-5.0,-120.0
1775973827.8456588,0.0,-2.0,-124.0
1775973827.8556588,-1.0,-3.0,-113.0
1775973827.8656588,-5.0,-2.0,-108.0
1775973827.875659,-6.0,-5.0,-112.0
1775973827.885659,-5.0,-1.0,-113.0
1775973827.895659,2.0,-1.0,-107.0
1775973827.905659,3.0,0.0,-105.0
1775973827.915659,4.0,1.0,-107.0
1775973827.925659,1.0,0.0,-115.0
1775973827.935659,-2.0,-2.0,-110.0
1775973827.945659,-4.0,-2.0,-109.0
1775973827.955659,-2.0,-2.0,-114.0
1775973827.965659,-2.0,-1.0,-112.0
1775973827.975659,-6.0,1.0,-112.0
1775973827.985659,-12.0,0.0,-113.0
1775973827.9956589,-12.0,0.0,-106.0
1775973828.0056589,-11.0,5.0,-104.0
1775973828.0156589,-6.0,9.0,-101.0
1775973828.0256588,-4.0,2.0,-107.0
1775973828.0356588,-2.0,5.0,-109.0
1775973828.0456588,-2.0,2.0,-113.0
1775973828.0556588,-6.0,0.0,-110.0
1775973828.0656588,-2.0,3.0,-107.0
1775973828.0756588,0.0,1.0,-114.0
1775973828.0856588,0.0,0.0,-122.0
1775973828.0956588,0.0,1.0,-119.0
1775973828.1056588,-2.0,0.0,-119.0
1775973828.1156588,-1.0,2.0,-118.0
1775973828.125659,-3.0,4.0,-121.0
1775973828.135659,-4.0,5.0,-114.0
1775973828.145659,-5.0,7.0,-114.0
1775973828.155659,-6.0,6.0,-115.0
1775973828.165659,-10.0,0.0,-116.0
1775973828.175659,-5.0,-1.0,-117.0
1775973828.185659,-5.0,0.0,-115.0
1775973828.195659,-11.0,-1.0,-114.0
1775973828.205659,-10.0,0.0,-120.0
1775973828.215659,-11.0,-5.0,-125.0
1775973828.225659,-6.0,-2.0,-122.0
1775973828.235659,-1.0,0.0,-116.0
1775973828.2456589,0.0,1.0,-112.0
1775973828.2556589,-1.0,-1.0,-107.0
1775973828.2656589,-1.0,-2.0,-98.0
1775973828.2756588,5.0,-7.0,-97.0
1775973828.2856588,6.0,-5.0,-97.0
1775973828.2956588,7.0,-7.0,-101.0
1775973828.3056588,2.0,-9.0,-105.0
1775973828.3156588,-2.0,-7.0,-100.0
1775973828.3256588,-3.0,-9.0,-97.0
1775973828.3356588,-7.0,-7.0,-98.0
1775973828.3456588,-1.0,-4.0,-105.0
1775973828.3556588,-2.0,-4.0,-110.0
1775973828.3656588,2.0,-4.0,-111.0
1775973828.375659,0.0,-3.0,-110.0
1775973828.385659,0.0,-4.0,-113.0
1775973828.395659,-3.0,-6.0,-116.0
1775973828.405659,-6.0,-5.0,-109.0
1775973828.415659,-10.0,-2.0,-103.0
1775973828.425659,-10.0,1.0,-107.0
1775973828.435659,-8.0,-2.0,-105.0
1775973828.445659,-10.0,0.0,-104.0
1775973828.455659,-6.0,0.0,-113.0
1775973828.465659,-13.0,-1.0,-118.0
1775973828.475659,-11.0,-4.0,-115.0
1775973828.485659,-15.0,-5.0,-116.0
1775973828.4956589,-11.0,-1.0,-115.0
1775973828.5056589,-8.0,-1.0,-112.0
1775973828.5156589,-10.0,0.0,-108.0
1775973828.5256588,-11.0,-3.0,-102.0
1775973828.5356588,-8.0,-3.0,-107.0
1775973828.5456588,-8.0,-3.0,-109.0
1775973828.5556588,-6.0,0.0,-110.0
1775973828.5656588,-7.0,0.0,-106.0
1775973828.5756588,-5.0,-3.0,-112.0
1775973828.5856588,-5.0,-4.0,-115.0
1775973828.5956588,-5.0,-3.0,-123.0
1775973828.6056588,-2.0,-4.0,-124.0
1775973828.6156588,0.0,-6.0,-122.0
1775973828.625659,-1.0,-5.0,-117.0
1775973828.635659,-4.0,-6.0,-114.0
1775973828.645659,-3.0,-10.0,-111.0
1775973828.655659,-4.0,-9.0,-108.0
1775973828.665659,-4.0,-5.0,-107.0
1775973828.675659,-3.0,0.0,-110.0
1775973828.685659,-4.0,-2.0,-117.0
1775973828.695659,-6.0,-2.0,-116.0
1775973828.705659,-5.0,0.0,-121.0
1775973828.715659,-3.0,0.0,-122.0
1775973828.725659,-4.0,-2.0,-120.0
1775973828.735659,-3.0,-1.0,-119.0
1775973828.7456589,-1.0,-7.0,-120.0
1775973828.7556589,0.0,-7.0,-121.0
1775973828.7656589,-2.0,-3.0,-117.0
1775973828.7756588,-1.0,4.0,-113.0
1775973828.7856588,0.0,3.0,-102.0
1775973828.7956588,-4.0,3.0,-97.0
1775973828.8056588,-4.0,2.0,-96.0
1775973828.8156588,-2.0,4.0,-95.0
1775973828.8256588,0.0,4.0,-96.0
1775973828.8356588,0.0,7.0,-101.0
1775973828.8456588,-3.0,6.0,-95.0
1775973828.8556588,-4.0,4.0,-87.0
1775973828.8656588,-6.0,0.0,-91.0
1775973828.875659,-6.0,-1.0,-95.0
1775973828.885659,-4.0,1.0,-96.0
1775973828.895659,-4.0,2.0,-103.0
1775973828.905659,-2.0,4.0,-106.0
1775973828.915659,-1.0,3.0,-108.0
1775973828.925659,0.0,-2.0,-105.0
1775973828.935659,4.0,-4.0,-104.0
1775973828.945659,2.0,-5.0,-110.0
1775973828.955659,-5.0,-4.0,-102.0
1775973828.965659,-3.0,-4.0,-105.0
1775973828.975659,1.0,0.0,-104.0
1775973828.985659,-4.0,2.0,-99.0
1775973828.9956589,-6.0,2.0,-102.0
1775973829.0056589,-8.0,0.0,-102.0
1775973829.0156589,-2.0,-1.0,-100.0
1775973829.0256588,-3.0,1.0,-103.0
1775973829.0356588,-5.0,3.0,-108.0
1775973829.0456588,-11.0,1.0,-106.0
1775973829.0556588,-10.0,-1.0,-111.0
1775973829.0656588,-6.0,-2.0,-106.0
1775973829.0756588,-3.0,0.0,-104.0
1775973829.0856588,-6.0,-2.0,-105.0
1775973829.0956588,-7.0,0.0,-110.0
1775973829.1056588,-2.0,-2.0,-111.0
1775973829.1156588,-4.0,0.0,-103.0
1775973829.125659,-4.0,0.0,-104.0
1775973829.135659,-1.0,0.0,-110.0
1775973829.145659,1.0,-1.0,-108.0
1775973829.155659,2.0,0.0,-109.0
1775973829.165659,3.0,-1.0,-115.0
1775973829.175659,2.0,-2.0,-116.0
1775973829.185659,4.0,-2.0,-109.0
1775973829.195659,0.0,-1.0,-100.0
1775973829.205659,-4.0,-2.0,-97.0
1775973829.215659,-2.0,0.0,-100.0
1775973829.225659,-3.0,4.0,-101.0
1775973829.235659,1.0,5.0,-100.0
1775973829.2456589,3.0,-2.0,-94.0
1775973829.2556589,4.0,-5.0,-102.0
1775973829.2656589,0.0,-7.0,-104.0
1775973829.2756588,-5.0,-8.0,-98.0
1775973829.2856588,-3.0,-10.0,-100.0
1775973829.2956588,1.0,-6.0,-103.0
1775973829.3056588,1.0,-4.0,-102.0
1775973829.3156588,-2.0,-5.0,-103.0
1775973829.3256588,-2.0,-6.0,-103.0
1775973829.3356588,-1.0,-3.0,-105.0
1775973829.3456588,2.0,-2.0,-107.0
1775973829.3556588,3.0,0.0,-104.0
1775973829.3656588,-1.0,-2.0,-104.0
1775973829.375659,-3.0,-4.0,-96.0
1775973829.385659,-2.0,-3.0,-94.0
1775973829.395659,1.0,-8.0,-97.0
1775973829.405659,0.0,-9.0,-99.0
1775973829.415659,0.0,-7.0,-100.0
1775973829.425659,2.0,-10.0,-107.0
1775973829.435659,1.0,-14.0,-108.0
1775973829.445659,3.0,-10.0,-105.0
1775973829.455659,2.0,-7.0,-107.0
1775973829.465659,0.0,-4.0,-109.0
1775973829.475659,0.0,-5.0,-105.0
1775973829.485659,0.0,-1.0,-100.0
1775973829.4956589,-3.0,-5.0,-101.0
1775973829.5056589,-8.0,-2.0,-105.0
1775973829.5156589,-12.0,0.0,-107.0
1775973829.5256588,-8.0,0.0,-113.0
1775973829.5356588,-9.0,0.0,-115.0
1775973829.5456588,-4.0,-1.0,-114.0
1775973829.5556588,-8.0,0.0,-105.0
1775973829.5656588,-7.0,3.0,-110.0
1775973829.5756588,-7.0,8.0,-114.0
1775973829.5856588,-7.0,9.0,-106.0
1775973829.5956588,-5.0,9.0,-108.0
1775973829.6056588,-7.0,12.0,-110.0
1775973829.6156588,-7.0,10.0,-106.0
1775973829.625659,-1.0,11.0,-107.0
1775973829.635659,-3.0,9.0,-109.0
1775973829.645659,-3.0,8.0,-110.0
1775973829.655659,-6.0,7.0,-108.0
1775973829.665659,-4.0,6.0,-106.0
1775973829.675659,-5.0,4.0,-108.0
1775973829.685659,-2.0,1.0,-115.0
1775973829.695659,-2.0,4.0,-115.0
1775973829.705659,-2.0,3.0,-116.0
1775973829.715659,-2.0,2.0,-114.0
1775973829.725659,-3.0,2.0,-116.0
1775973829.735659,1.0,-3.0,-118.0
1775973829.7456589,1.0,-5.0,-120.0
1775973829.7556589,5.0,-5.0,-116.0
1775973829.7656589,4.0,-4.0,-119.0
1775973829.7756588,3.0,-1.0,-123.0
1775973829.7856588,4.0,-2.0,-109.0
1775973829.7956588,9.0,-2.0,-108.0
1775973829.806659,9.0,0.0,-112.0
1775973829.816659,7.0,1.0,-112.0
1775973829.826659,4.0,-1.0,-109.0
1775973829.836659,1.0,-1.0,-105.0
1775973829.846659,1.0,-1.0,-111.0
1775973829.856659,1.0,2.0,-114.0
1775973829.866659,-2.0,3.0,-117.0
1775973829.876659,-1.0,-1.0,-113.0
1775973829.886659,0.0,-1.0,-110.0
1775973829.896659,0.0,-2.0,-109.0
1775973829.906659,-2.0,-3.0,-110.0
1775973829.9176588,0.0,0.0,-101.0
1775973829.9266589,0.0,-1.0,-106.0
1775973829.9366589,0.0,-4.0,-104.0
1775973829.9466588,0.0,-5.0,-107.0
1775973829.9566588,3.0,-2.0,-108.0
1775973829.9666588,0.0,-2.0,-103.0
1775973829.9766588,2.0,-7.0,-98.0
1775973829.9866588,4.0,-7.0,-98.0
1775973829.9966588,7.0,0.0,-100.0
1775973830.0066588,9.0,0.0,-103.0
1775973830.0166588,8.0,1.0,-107.0
1775973830.0266588,5.0,1.0,-110.0
1775973830.0366588,10.0,2.0,-106.0
1775973830.046659,8.0,5.0,-109.0
1775973830.056659,3.0,6.0,-114.0
1775973830.066659,1.0,5.0,-111.0
1775973830.076659,1.0,4.0,-116.0
1775973830.086659,0.0,2.0,-111.0
1775973830.096659,-3.0,3.0,-111.0
1775973830.106659,-5.0,4.0,-112.0
1775973830.116659,0.0,6.0,-111.0
1775973830.126659,-1.0,5.0,-113.0
1775973830.136659,3.0,6.0,-111.0
1775973830.146659,3.0,4.0,-115.0
1775973830.156659,4.0,2.0,-107.0
1775973830.1666589,6.0,-1.0,-108.0
1775973830.1766589,5.0,0.0,-105.0
1775973830.1866589,7.0,0.0,-105.0
1775973830.1966588,7.0,-1.0,-99.0
1775973830.2066588,6.0,-2.0,-97.0
1775973830.2166588,6.0,-2.0,-104.0
1775973830.2266588,7.0,-6.0,-106.0
1775973830.2366588,0.0,-5.0,-108.0
1775973830.2466588,0.0,-2.0,-104.0
1775973830.2566588,-2.0,0.0,-112.0
1775973830.2666588,-1.0,1.0,-113.0
1775973830.2766588,1.0,0.0,-113.0
1775973830.2866588,2.0,-1.0,-111.0
1775973830.296659,0.0,1.0,-104.0
1775973830.306659,-4.0,0.0,-103.0
1775973830.316659,-5.0,-1.0,-105.0
1775973830.326659,0.0,-2.0,-109.0
1775973830.336659,0.0,-4.0,-112.0
1775973830.346659,0.0,-7.0,-110.0
1775973830.356659,0.0,-3.0,-114.0
1775973830.366659,0.0,-4.0,-115.0
1775973830.376659,-2.0,-3.0,-119.0
1775973830.386659,-5.0,-9.0,-123.0
1775973830.396659,-4.0,-9.0,-120.0
1775973830.406659,0.0,-7.0,-125.0
1775973830.4166589,3.0,-3.0,-126.0
1775973830.4266589,3.0,-3.0,-122.0
1775973830.4366589,0.0,-3.0,-117.0
1775973830.4466588,1.0,-4.0,-116.0
1775973830.4566588,0.0,-4.0,-115.0
1775973830.4666588,1.0,-5.0,-109.0
1775973830.4766588,0.0,-8.0,-111.0
1775973830.4866588,-4.0,-6.0,-109.0
1775973830.4966588,-4.0,-3.0,-107.0
1775973830.5066588,-5.0,-8.0,-108.0
1775973830.5166588,-6.0,-10.0,-105.0
1775973830.5266588,-5.0,-7.0,-100.0
1775973830.5366588,-4.0,-2.0,-103.0
1775973830.546659,0.0,-1.0,-95.0
1775973830.556659,1.0,3.0,-98.0
1775973830.566659,1.0,2.0,-101.0
1775973830.576659,-2.0,3.0,-97.0
1775973830.586659,1.0,4.0,-99.0
1775973830.596659,1.0,-3.0,-97.0
1775973830.606659,2.0,-5.0,-101.0
1775973830.616659,6.0,-9.0,-109.0
1775973830.626659,5.0,-9.0,-103.0
1775973830.636659,3.0,-6.0,-99.0
1775973830.646659,5.0,-3.0,-102.0
1775973830.656659,4.0,-4.0,-110.0
1775973830.6666589,4.0,-6.0,-111.0
1775973830.6766589,5.0,-8.0,-107.0
1775973830.6866589,4.0,-8.0,-104.0
1775973830.6966588,-1.0,-3.0,-107.0
1775973830.7066588,-2.0,-2.0,-101.0
1775973830.7166588,1.0,0.0,-105.0
1775973830.7266588,2.0,2.0,-109.0
1775973830.7366588,0.0,-2.0,-115.0
1775973830.7466588,-3.0,0.0,-113.0
1775973830.7566588,-5.0,3.0,-110.0
1775973830.7666588,-6.0,4.0,-105.0
1775973830.7766588,0.0,1.0,-105.0
1775973830.7866588,0.0,0.0,-106.0
1775973830.796659,-5.0,-2.0,-106.0
1775973830.806659,-4.0,-6.0,-101.0
1775973830.816659,-1.0,-3.0,-95.0
1775973830.826659,1.0,0.0,-92.0
1775973830.836659,5.0,0.0,-94.0
1775973830.846659,7.0,1.0,-96.0
1775973830.856659,5.0,-2.0,-95.0
1775973830.866659,6.0,-2.0,-104.0
1775973830.876659,5.0,0.0,-110.0
1775973830.886659,0.0,0.0,-107.0
1775973830.896659,4.0,-4.0,-104.0
1775973830.906659,1.0,1.0,-110.0
1775973830.9166589,4.0,2.0,-114.0
1775973830.9266589,4.0,5.0,-115.0
1775973830.9366589,0.0,5.0,-115.0
1775973830.9466588,-4.0,7.0,-108.0
1775973830.9566588,-7.0,5.0,-104.0
1775973830.9666588,-4.0,4.0,-106.0
1775973830.9766588,-1.0,0.0,-104.0
1775973830.9866588,-1.0,0.0,-104.0
1775973830.9966588,-4.0,0.0,-102.0
1775973831.0066588,-4.0,0.0,-108.0
1775973831.0166588,-9.0,3.0,-95.0
1775973831.0266588,-10.0,2.0,-93.0
1775973831.0366588,-9.0,-2.0,-102.0
1775973831.046659,-7.0,-4.0,-104.0
1775973831.056659,-1.0,-7.0,-104.0
1775973831.066659,2.0,-5.0,-104.0
1775973831.076659,2.0,-4.0,-104.0
1775973831.086659,3.0,-3.0,-107.0
1775973831.096659,1.0,-3.0,-101.0
1775973831.106659,-1.0,0.0,-105.0
1775973831.116659,-1.0,3.0,-105.0
1775973831.126659,0.0,0.0,-107.0
1775973831.136659,0.0,0.0,-113.0
1775973831.146659,-1.0,-5.0,-115.0
1775973831.156659,-1.0,-5.0,-114.0
1775973831.1666589,1.0,-5.0,-114.0
1775973831.1766589,2.0,-6.0,-111.0
1775973831.1866589,2.0,-4.0,-108.0
1775973831.1966588,4.0,-2.0,-108.0
1775973831.2066588,6.0,1.0,-107.0
1775973831.2166588,2.0,2.0,-110.0
1775973831.2266588,5.0,0.0,-114.0
1775973831.2366588,4.0,-2.0,-112.0
1775973831.2466588,7.0,0.0,-105.0
1775973831.2566588,6.0,0.0,-104.0
1775973831.2666588,0.0,-2.0,-104.0
1775973831.2766588,-2.0,-4.0,-104.0
1775973831.2866588,-3.0,-3.0,-107.0
1775973831.296659,2.0,-1.0,-110.0
1775973831.306659,-5.0,-1.0,-104.0
1775973831.316659,-3.0,-3.0,-102.0
1775973831.326659,1.0,-2.0,-105.0
1775973831.336659,3.0,-2.0,-110.0
1775973831.346659,-6.0,0.0,-109.0
1775973831.356659,-3.0,0.0,-105.0
1775973831.366659,-5.0,0.0,-101.0
1775973831.376659,-8.0,-2.0,-98.0
1775973831.386659,-11.0,-4.0,-97.0
1775973831.396659,-9.0,-4.0,-98.0
1775973831.406659,-8.0,-5.0,-97.0
1775973831.4166589,0.0,-2.0,-103.0
1775973831.4266589,-1.0,-2.0,-105.0
1775973831.4366589,-1.0,1.0,-97.0
1775973831.4466588,-3.0,-1.0,-95.0
1775973831.4566588,-7.0,-7.0,-100.0
1775973831.4666588,-5.0,-11.0,-96.0
1775973831.4766588,-1.0,-15.0,-99.0
1775973831.4866588,0.0,-13.0,-102.0
1775973831.4966588,-3.0,-7.0,-107.0
1775973831.5066588,-2.0,-7.0,-113.0
1775973831.5166588,-1.0,-7.0,-113.0
1775973831.5266588,0.0,-3.0,-107.0
1775973831.5366588,0.0,-2.0,-106.0
1775973831.546659,1.0,-2.0,-113.0
1775973831.556659,-3.0,-1.0,-112.0
1775973831.566659,1.0,0.0,-107.0
1775973831.576659,3.0,1.0,-108.0
1775973831.586659,4.0,3.0,-96.0
1775973831.596659,3.0,2.0,-98.0
1775973831.606659,-2.0,3.0,-107.0
1775973831.616659,-1.0,3.0,-107.0
1775973831.626659,0.0,1.0,-105.0
1775973831.636659,-1.0,0.0,-103.0
1775973831.646659,0.0,1.0,-107.0
1775973831.656659,-2.0,0.0,-104.0
1775973831.6666589,-2.0,2.0,-108.0
1775973831.6766589,-3.0,2.0,-107.0
1775973831.6866589,-8.0,2.0,-105.0
1775973831.6966588,-8.0,1.0,-99.0
1775973831.7066588,-6.0,0.0,-99.0
1775973831.7166588,-3.0,4.0,-103.0
1775973831.7266588,-2.0,5.0,-103.0
1775973831.7366588,-3.0,2.0,-101.0
1775973831.7466588,0.0,4.0,-104.0
1775973831.7566588,1.0,4.0,-103.0
1775973831.7666588,1.0,2.0,-108.0
1775973831.7766588,4.0,2.0,-111.0
1775973831.7866588,1.0,0.0,-107.0
1775973831.796659,-3.0,-1.0,-111.0
1775973831.806659,-3.0,-3.0,-110.0
1775973831.816659,0.0,-1.0,-110.0
1775973831.826659,-1.0,-2.0,-109.0
1775973831.836659,1.0,-1.0,-109.0
1775973831.846659,-2.0,1.0,-110.0
1775973831.856659,-3.0,0.0,-111.0
1775973831.8676589,-6.0,-2.0,-121.0
1775973831.8776588,-5.0,-2.0,-119.0
1775973831.8876588,-5.0,-5.0,-113.0
1775973831.8976588,-9.0,0.0,-112.0
1775973831.9076588,-11.0,-1.0,-114.0
1775973831.9176588,-4.0,-3.0,-114.0
1775973831.9276588,-2.0,-5.0,-109.0
1775973831.9376588,0.0,-5.0,-111.0
1775973831.9476588,-1.0,-1.0,-110.0
1775973831.9576588,0.0,3.0,-113.0
1775973831.9676588,0.0,2.0,-103.0
1775973831.977659,0.0,0.0,-109.0
1775973831.987659,-1.0,-1.0,-108.0
1775973831.997659,1.0,0.0,-111.0
1775973832.007659,0.0,-1.0,-114.0
1775973832.017659,0.0,-1.0,-112.0
1775973832.027659,-1.0,-2.0,-110.0
1775973832.037659,2.0,1.0,-109.0
1775973832.047659,4.0,2.0,-102.0
1775973832.057659,5.0,3.0,-97.0
1775973832.067659,3.0,0.0,-96.0
1775973832.077659,-2.0,-1.0,-108.0
1775973832.087659,1.0,-4.0,-110.0
1775973832.0976589,3.0,-6.0,-108.0
1775973832.1076589,5.0,-8.0,-110.0
1775973832.1176589,0.0,-6.0,-107.0
1775973832.1276588,0.0,-3.0,-112.0
1775973832.1376588,-3.0,0.0,-113.0
1775973832.1476588,-5.0,0.0,-116.0
1775973832.1576588,-3.0,0.0,-111.0
1775973832.1676588,0.0,2.0,-112.0
1775973832.1776588,1.0,6.0,-110.0
1775973832.1876588,2.0,4.0,-108.0
1775973832.1976588,4.0,1.0,-109.0
1775973832.2076588,0.0,0.0,-110.0
1775973832.2176588,-3.0,0.0,-108.0
1775973832.227659,-4.0,0.0,-104.0
1775973832.237659,0.0,-1.0,-105.0
1775973832.247659,5.0,-2.0,-103.0
1775973832.257659,4.0,0.0,-108.0
1775973832.267659,0.0,-1.0,-105.0
1775973832.277659,1.0,-3.0,-104.0
1775973832.287659,0.0,-4.0,-112.0
1775973832.297659,2.0,0.0,-111.0
1775973832.307659,-3.0,1.0,-106.0
1775973832.317659,-4.0,0.0,-103.0
1775973832.327659,-5.0,1.0,-104.0
1775973832.337659,-1.0,3.0,-101.0
1775973832.3476589,4.0,1.0,-106.0
1775973832.3576589,9.0,-3.0,-110.0
1775973832.3676589,5.0,-3.0,-116.0
1775973832.3776588,4.0,-5.0,-120.0
1775973832.3876588,4.0,-5.0,-119.0
1775973832.3976588,5.0,-6.0,-121.0
1775973832.4076588,0.0,-7.0,-120.0
1775973832.4176588,-2.0,-4.0,-112.0
1775973832.4276588,2.0,-4.0,-109.0
1775973832.4376588,4.0,-5.0,-110.0
1775973832.4476588,3.0,-8.0,-108.0
1775973832.4576588,4.0,-7.0,-112.0
1775973832.4676588,2.0,-8.0,-106.0
1775973832.477659,0.0,-5.0,-103.0
1775973832.487659,-2.0,0.0,-94.0
1775973832.497659,0.0,0.0,-96.0
1775973832.507659,-3.0,0.0,-97.0
1775973832.517659,-3.0,-3.0,-100.0
1775973832.527659,-7.0,-3.0,-102.0
1775973832.537659,-9.0,-2.0,-106.0
1775973832.547659,-6.0,-2.0,-110.0
1775973832.557659,-4.0,-5.0,-113.0
1775973832.567659,0.0,-7.0,-112.0
1775973832.577659,0.0,-2.0,-114.0
1775973832.587659,0.0,-8.0,-115.0
1775973832.5976589,-1.0,-8.0,-114.0
1775973832.6076589,-3.0,-7.0,-116.0
1775973832.6176589,-4.0,-5.0,-111.0
1775973832.6276588,0.0,-2.0,-112.0
1775973832.6376588,-1.0,-1.0,-109.0
1775973832.6476588,-2.0,0.0,-103.0
1775973832.6576588,0.0,0.0,-93.0
1775973832.6676588,0.0,-4.0,-93.0
1775973832.6776588,0.0,-3.0,-107.0
1775973832.6876588,-6.0,-2.0,-110.0
1775973832.6976588,-8.0,0.0,-111.0
1775973832.7076588,-3.0,0.0,-105.0
1775973832.7176588,-2.0,1.0,-98.0
1775973832.727659,-3.0,3.0,-100.0
1775973832.737659,1.0,4.0,-97.0
1775973832.747659,2.0,5.0,-89.0
1775973832.757659,1.0,0.0,-94.0
1775973832.767659,3.0,-4.0,-97.0
1775973832.777659,0.0,-4.0,-99.0
1775973832.787659,-3.0,-1.0,-110.0
1775973832.797659,-3.0,4.0,-115.0
1775973832.807659,-5.0,2.0,-118.0
1775973832.817659,-2.0,5.0,-115.0
1775973832.827659,-2.0,2.0,-118.0
1775973832.837659,-6.0,2.0,-118.0
1775973832.8476589,-8.0,4.0,-108.0
1775973832.8576589,-6.0,2.0,-105.0
1775973832.8676589,-3.0,0.0,-108.0
1775973832.8776588,1.0,0.0,-108.0
1775973832.8876588,-2.0,-2.0,-103.0
1775973832.8976588,-2.0,0.0,-105.0
1775973832.9076588,0.0,0.0,-106.0
1775973832.9176588,-3.0,-1.0,-105.0
1775973832.9276588,-6.0,1.0,-110.0
1775973832.9376588,-7.0,0.0,-109.0
1775973832.9476588,-6.0,-2.0,-105.0
1775973832.9576588,-4.0,-2.0,-105.0
1775973832.9676588,1.0,1.0,-108.0
1775973832.977659,0.0,2.0,-107.0
1775973832.987659,-1.0,0.0,-109.0
1775973832.997659,4.0,-6.0,-109.0
1775973833.007659,2.0,-12.0,-104.0
1775973833.017659,1.0,-14.0,-100.0
1775973833.027659,-3.0,-10.0,-105.0
1775973833.037659,-2.0,-7.0,-103.0
1775973833.047659,-3.0,-4.0,-102.0
1775973833.057659,-4.0,-1.0,-110.0
1775973833.067659,-2.0,0.0,-115.0
1775973833.077659,0.0,-3.0,-109.0
1775973833.087659,1.0,-6.0,-111.0
1775973833.0976589,0.0,-9.0,-114.0
1775973833.1076589,0.0,-6.0,-115.0
1775973833.1176589,0.0,-6.0,-113.0
1775973833.1276588,-1.0,-2.0,-109.0
1775973833.1376588,0.0,-1.0,-109.0
1775973833.1476588,0.0,-3.0,-106.0
1775973833.1576588,-3.0,-5.0,-109.0
1775973833.1676588,-5.0,-1.0,-106.0
1775973833.1776588,-6.0,1.0,-103.0
1775973833.1876588,-6.0,4.0,-105.0
1775973833.1976588,-4.0,6.0,-106.0
1775973833.2076588,-3.0,5.0,-101.0
1775973833.2176588,-3.0,8.0,-103.0
1775973833.227659,-6.0,12.0,-109.0
1775973833.237659,-13.0,9.0,-113.0
1775973833.247659,-13.0,8.0,-112.0
1775973833.257659,-15.0,7.0,-112.0
1775973833.267659,-11.0,3.0,-102.0
1775973833.277659,-4.0,-1.0,-108.0
1775973833.287659,-1.0,-2.0,-107.0
1775973833.297659,-1.0,-8.0,-99.0
1775973833.307659,2.0,-5.0,-106.0
1775973833.317659,1.0,-1.0,-107.0
1775973833.327659,2.0,-1.0,-112.0
1775973833.337659,0.0,-4.0,-116.0
1775973833.3476589,0.0,-1.0,-113.0
1775973833.3576589,1.0,-3.0,-115.0
1775973833.3676589,3.0,-4.0,-113.0
1775973833.3776588,5.0,-2.0,-119.0
1775973833.3876588,3.0,-2.0,-115.0
1775973833.3976588,0.0,1.0,-110.0
1775973833.4076588,2.0,0.0,-113.0
1775973833.4176588,7.0,1.0,-118.0
1775973833.4276588,10.0,3.0,-114.0
1775973833.4376588,12.0,4.0,-107.0
1775973833.4476588,10.0,3.0,-110.0
1775973833.4576588,8.0,4.0,-116.0
1775973833.4676588,8.0,5.0,-117.0
1775973833.477659,11.0,5.0,-112.0
1775973833.487659,7.0,1.0,-107.0
1775973833.497659,2.0,0.0,-104.0
1775973833.507659,3.0,-2.0,-108.0
1775973833.517659,5.0,-4.0,-109.0
1775973833.527659,3.0,-1.0,-105.0
1775973833.537659,-1.0,-1.0,-104.0
1775973833.547659,-3.0,-1.0,-103.0
1775973833.557659,-4.0,-1.0,-98.0
1775973833.567659,-4.0,-2.0,-103.0
1775973833.577659,0.0,-1.0,-110.0
1775973833.587659,-1.0,-2.0,-111.0
1775973833.5976589,3.0,-2.0,-112.0
1775973833.6076589,6.0,-1.0,-109.0
1775973833.6176589,6.0,2.0,-103.0
1775973833.6276588,6.0,0.0,-99.0
1775973833.6376588,3.0,-1.0,-100.0
1775973833.6476588,0.0,-3.0,-105.0
1775973833.6576588,0.0,-4.0,-109.0
1775973833.6676588,0.0,-3.0,-115.0
1775973833.6776588,0.0,-3.0,-113.0
1775973833.6876588,0.0,-4.0,-107.0
1775973833.6976588,-9.0,-1.0,-103.0
1775973833.7076588,-7.0,0.0,-101.0
1775973833.7176588,-1.0,-3.0,-108.0
1775973833.727659,-1.0,-5.0,-109.0
1775973833.737659,-4.0,-3.0,-113.0
1775973833.747659,-3.0,-4.0,-114.0
1775973833.757659,1.0,-3.0,-115.0
1775973833.767659,-1.0,-4.0,-114.0
1775973833.777659,-2.0,-1.0,-116.0
1775973833.787659,0.0,-1.0,-108.0
1775973833.797659,6.0,-1.0,-106.0
1775973833.807659,4.0,0.0,-103.0
1775973833.817659,0.0,2.0,-105.0
1775973833.827659,-5.0,3.0,-100.0
1775973833.837659,-4.0,1.0,-102.0
1775973833.8476589,-3.0,-3.0,-103.0
1775973833.8576589,-1.0,0.0,-104.0
1775973833.8676589,0.0,0.0,-102.0
1775973833.8776588,-1.0,0.0,-105.0
1775973833.8876588,0.0,-4.0,-100.0
1775973833.8976588,1.0,-4.0,-104.0
1775973833.9076588,1.0,-5.0,-108.0
1775973833.918659,-2.0,-4.0,-109.0
1775973833.928659,-1.0,-4.0,-110.0
1775973833.938659,-2.0,-3.0,-108.0
1775973833.948659,1.0,-3.0,-106.0
1775973833.958659,0.0,0.0,-106.0
1775973833.968659,-3.0,0.0,-105.0
1775973833.978659,-3.0,0.0,-109.0
1775973833.988659,-6.0,2.0,-110.0
1775973833.998659,-1.0,2.0,-112.0
1775973834.008659,1.0,4.0,-110.0
1775973834.0186589,1.0,2.0,-105.0
1775973834.0286589,0.0,-2.0,-107.0
1775973834.0386589,-7.0,0.0,-107.0
1775973834.0486588,-8.0,0.0,-113.0
1775973834.0586588,-7.0,-3.0,-112.0
1775973834.0686588,-3.0,0.0,-115.0
1775973834.0786588,-2.0,-4.0,-116.0
1775973834.0886588,-4.0,-3.0,-106.0
1775973834.0986588,-1.0,-5.0,-105.0
1775973834.1086588,3.0,-8.0,-108.0
1775973834.1186588,3.0,-9.0,-105.0
1775973834.1286588,2.0,-10.0,-107.0
1775973834.1386588,0.0,-9.0,-108.0
1775973834.148659,2.0,-6.0,-108.0
1775973834.158659,7.0,-1.0,-103.0
1775973834.168659,10.0,-5.0,-108.0
1775973834.178659,13.0,-3.0,-107.0
1775973834.188659,6.0,-2.0,-107.0
1775973834.198659,6.0,0.0,-109.0
1775973834.208659,5.0,-4.0,-102.0
1775973834.218659,0.0,-3.0,-104.0
1775973834.228659,-4.0,0.0,-97.0
1775973834.238659,-5.0,0.0,-84.0
1775973834.248659,-5.0,2.0,-87.0
1775973834.258659,-6.0,-2.0,-95.0
1775973834.2686589,-7.0,-6.0,-99.0
1775973834.2786589,-7.0,-6.0,-97.0
1775973834.2886589,-7.0,-2.0,-93.0
1775973834.2986588,-6.0,2.0,-99.0
1775973834.3086588,-4.0,0.0,-103.0
1775973834.3186588,-1.0,-2.0,-107.0
1775973834.3286588,1.0,-2.0,-104.0
1775973834.3386588,8.0,-1.0,-106.0
1775973834.3486588,3.0,-3.0,-101.0
1775973834.3586588,4.0,-6.0,-103.0
1775973834.3686588,2.0,-6.0,-107.0
1775973834.3786588,3.0,-6.0,-110.0
1775973834.3886588,0.0,-6.0,-113.0
1775973834.398659,0.0,-3.0,-113.0
1775973834.408659,1.0,-1.0,-113.0
1775973834.418659,6.0,-1.0,-112.0
1775973834.428659,7.0,0.0,-109.0
1775973834.438659,5.0,-1.0,-112.0
1775973834.448659,6.0,0.0,-108.0
1775973834.458659,2.0,2.0,-110.0
1775973834.468659,0.0,1.0,-112.0
1775973834.478659,0.0,3.0,-107.0
1775973834.488659,-2.0,0.0,-102.0
1775973834.498659,0.0,2.0,-97.0
1775973834.508659,1.0,7.0,-94.0
1775973834.5186589,-3.0,8.0,-95.0
1775973834.5286589,-6.0,6.0,-95.0
1775973834.5386589,-5.0,6.0,-98.0
1775973834.5486588,-3.0,3.0,-99.0
1775973834.5586588,-1.0,6.0,-103.0
1775973834.5686588,-2.0,6.0,-109.0
1775973834.5786588,-2.0,9.0,-113.0
1775973834.5886588,0.0,5.0,-109.0
1775973834.5986588,0.0,3.0,-105.0
1775973834.6086588,3.0,1.0,-103.0
1775973834.6186588,7.0,2.0,-106.0
1775973834.6286588,7.0,2.0,-100.0
1775973834.6386588,8.0,-2.0,-110.0
1775973834.648659,7.0,0.0,-120.0
1775973834.658659,2.0,0.0,-121.0
1775973834.668659,-2.0,-2.0,-118.0
1775973834.678659,-4.0,-4.0,-117.0
1775973834.688659,-2.0,-5.0,-120.0
1775973834.698659,-1.0,-6.0,-119.0
1775973834.708659,-1.0,-7.0,-115.0
1775973834.718659,-5.0,-10.0,-110.0
1775973834.728659,-4.0,-12.0,-106.0
1775973834.738659,-4.0,-12.0,-106.0
1775973834.748659,0.0,-8.0,-106.0
1775973834.758659,1.0,-4.0,-107.0
1775973834.7686589,0.0,-2.0,-110.0
1775973834.7786589,-5.0,-2.0,-110.0
1775973834.7886589,-5.0,-1.0,-105.0
1775973834.7986588,0.0,0.0,-95.0
1775973834.8086588,0.0,1.0,-97.0
1775973834.8186588,-3.0,3.0,-102.0
1775973834.8286588,0.0,2.0,-103.0
1775973834.8386588,3.0,-1.0,-102.0
1775973834.8486588,5.0,0.0,-99.0
1775973834.8586588,2.0,4.0,-104.0
1775973834.8686588,1.0,3.0,-108.0
1775973834.8786588,1.0,4.0,-102.0
1775973834.8886588,4.0,2.0,-97.0
1775973834.898659,3.0,0.0,-96.0
1775973834.908659,0.0,0.0,-98.0
1775973834.918659,-2.0,0.0,-95.0
1775973834.928659,2.0,0.0,-94.0
1775973834.938659,-1.0,1.0,-93.0
1775973834.948659,-2.0,1.0,-98.0
1775973834.958659,-2.0,5.0,-107.0
1775973834.968659,-2.0,4.0,-107.0
1775973834.978659,0.0,1.0,-105.0
1775973834.988659,3.0,4.0,-112.0
1775973834.998659,-2.0,3.0,-107.0
1775973835.008659,-4.0,7.0,-108.0
1775973835.0186589,0.0,10.0,-113.0
1775973835.0286589,1.0,6.0,-109.0
1775973835.0386589,3.0,5.0,-104.0
1775973835.0486588,2.0,5.0,-106.0
1775973835.0586588,1.0,7.0,-115.0
1775973835.0686588,3.0,3.0,-116.0
1775973835.0786588,5.0,0.0,-115.0
1775973835.0886588,0.0,-2.0,-111.0
1775973835.0986588,3.0,-4.0,-108.0
1775973835.1086588,1.0,0.0,-102.0
1775973835.1186588,1.0,0.0,-104.0
1775973835.1286588,0.0,1.0,-112.0
1775973835.1386588,0.0,5.0,-109.0
1775973835.148659,2.0,2.0,-110.0
1775973835.158659,0.0,0.0,-107.0
1775973835.168659,0.0,2.0,-108.0
1775973835.178659,0.0,2.0,-114.0
1775973835.188659,0.0,-3.0,-113.0
1775973835.198659,1.0,-2.0,-116.0
1775973835.208659,0.0,1.0,-109.0
1775973835.218659,-2.0,0.0,-110.0
1775973835.228659,0.0,2.0,-111.0
1775973835.238659,0.0,2.0,-105.0
1775973835.248659,0.0,1.0,-106.0
1775973835.258659,-2.0,1.0,-100.0
1775973835.2686589,3.0,-1.0,-98.0
1775973835.2786589,8.0,-1.0,-106.0
1775973835.2886589,6.0,0.0,-108.0
1775973835.2986588,4.0,0.0,-109.0
1775973835.3086588,3.0,1.0,-105.0
1775973835.3186588,2.0,1.0,-104.0
1775973835.3286588,6.0,0.0,-102.0
1775973835.3386588,3.0,5.0,-102.0
1775973835.3486588,4.0,7.0,-104.0
1775973835.3586588,4.0,3.0,-105.0
1775973835.3686588,0.0,2.0,-104.0
1775973835.3786588,1.0,0.0,-112.0
1775973835.3886588,1.0,1.0,-111.0
1775973835.398659,4.0,2.0,-112.0
1775973835.408659,6.0,4.0,-114.0
1775973835.418659,3.0,2.0,-113.0
1775973835.428659,-1.0,-2.0,-115.0
1775973835.438659,-2.0,-6.0,-108.0
1775973835.448659,-4.0,-2.0,-103.0
1775973835.458659,-3.0,-4.0,-101.0
1775973835.468659,-3.0,-7.0,-100.0
1775973835.478659,0.0,-6.0,-99.0
1775973835.488659,-1.0,-3.0,-106.0
1775973835.498659,-1.0,-2.0,-105.0
1775973835.508659,-4.0,-3.0,-105.0
1775973835.5186589,-4.0,-2.0,-108.0
1775973835.5286589,-1.0,-6.0,-108.0
1775973835.5386589,-2.0,-4.0,-105.0
1775973835.5486588,-2.0,0.0,-101.0
1775973835.5586588,-1.0,0.0,-101.0
1775973835.5686588,1.0,-4.0,-105.0
1775973835.5786588,0.0,-4.0,-106.0
1775973835.5886588,0.0,-3.0,-109.0
1775973835.5986588,-3.0,-3.0,-107.0
1775973835.6086588,-6.0,-5.0,-111.0
1775973835.6186588,-6.0,0.0,-114.0
1775973835.6286588,-6.0,2.0,-115.0
1775973835.6386588,-4.0,0.0,-113.0
1775973835.648659,-7.0,-3.0,-110.0
1775973835.658659,-3.0,-4.0,-109.0
1775973835.668659,0.0,-5.0,-115.0
1775973835.678659,1.0,-2.0,-110.0
1775973835.688659,0.0,0.0,-105.0
1775973835.698659,-1.0,-4.0,-108.0
1775973835.708659,0.0,-5.0,-110.0
1775973835.718659,0.0,-1.0,-110.0
1775973835.728659,1.0,0.0,-110.0
1775973835.738659,3.0,0.0,-109.0
1775973835.748659,0.0,-3.0,-105.0
1775973835.758659,-3.0,-1.0,-108.0
1775973835.7686589,-2.0,-1.0,-109.0
1775973835.7786589,2.0,-2.0,-109.0
1775973835.7886589,6.0,-4.0,-114.0
1775973835.7986588,6.0,-7.0,-110.0
1775973835.8086588,5.0,-3.0,-110.0
1775973835.8186588,0.0,-3.0,-110.0
1775973835.8286588,3.0,-3.0,-105.0
1775973835.8386588,7.0,1.0,-107.0
1775973835.8486588,2.0,0.0,-100.0
1775973835.8586588,0.0,-1.0,-95.0
1775973835.8686588,-1.0,2.0,-90.0
1775973835.8786588,1.0,-1.0,-100.0
1775973835.8886588,-1.0,0.0,-97.0
1775973835.898659,-6.0,0.0,-96.0
1775973835.908659,0.0,-1.0,-104.0
1775973835.918659,2.0,0.0,-104.0
1775973835.928659,0.0,-5.0,-103.0
1775973835.9396589,1.0,-5.0,-100.0
1775973835.9496589,4.0,-6.0,-104.0
1775973835.9596589,5.0,-6.0,-107.0
1775973835.9696589,3.0,-4.0,-108.0
1775973835.9796588,1.0,-5.0,-113.0
1775973835.9896588,3.0,-3.0,-111.0
1775973835.9996588,4.0,-1.0,-110.0
1775973836.0096588,6.0,-3.0,-113.0
1775973836.0196588,8.0,-1.0,-110.0
1775973836.0296588,4.0,-3.0,-113.0
1775973836.0396588,3.0,-4.0,-110.0
1775973836.0496588,2.0,-6.0,-104.0
1775973836.0596588,0.0,-8.0,-99.0
1775973836.069659,-4.0,-5.0,-97.0
1775973836.079659,-5.0,-1.0,-101.0
1775973836.089659,-3.0,-2.0,-99.0
1775973836.099659,1.0,-3.0,-100.0
1775973836.109659,0.0,-2.0,-104.0
1775973836.119659,0.0,0.0,-103.0
1775973836.129659,0.0,0.0,-107.0
1775973836.139659,0.0,0.0,-109.0
1775973836.149659,0.0,-3.0,-107.0
1775973836.159659,3.0,-7.0,-99.0
1775973836.169659,1.0,-6.0,-103.0
1775973836.179659,0.0,-2.0,-105.0
1775973836.1896589,-1.0,1.0,-101.0
1775973836.1996589,-3.0,0.0,-104.0
1775973836.2096589,-2.0,1.0,-108.0
1775973836.2196589,-1.0,0.0,-106.0
1775973836.2296588,2.0,-5.0,-98.0
1775973836.2396588,2.0,-8.0,-101.0
1775973836.2496588,-3.0,-6.0,-105.0
1775973836.2596588,0.0,-8.0,-107.0
1775973836.2696588,0.0,-3.0,-103.0
1775973836.2796588,-1.0,-5.0,-108.0
1775973836.2896588,-3.0,-9.0,-106.0
1775973836.2996588,-1.0,-10.0,-100.0
1775973836.3096588,1.0,-4.0,-109.0
1775973836.319659,8.0,-2.0,-118.0
1775973836.329659,4.0,-1.0,-112.0
1775973836.339659,0.0,-4.0,-106.0
1775973836.349659,3.0,0.0,-105.0
1775973836.359659,8.0,-1.0,-102.0
1775973836.369659,4.0,0.0,-108.0
1775973836.379659,0.0,1.0,-109.0
1775973836.389659,1.0,4.0,-112.0
1775973836.399659,0.0,3.0,-108.0
1775973836.409659,2.0,1.0,-109.0
1775973836.419659,1.0,0.0,-109.0
1775973836.429659,-1.0,-2.0,-112.0
1775973836.4396589,-4.0,-1.0,-116.0
1775973836.4496589,-5.0,-6.0,-114.0
1775973836.4596589,0.0,-2.0,-116.0
1775973836.4696589,-1.0,-1.0,-112.0
1775973836.4796588,-7.0,0.0,-116.0
1775973836.4896588,-4.0,6.0,-114.0
1775973836.4996588,0.0,5.0,-112.0
1775973836.5096588,3.0,7.0,-114.0
1775973836.5196588,3.0,4.0,-115.0
1775973836.5296588,-2.0,3.0,-109.0
1775973836.5396588,-1.0,6.0,-108.0
1775973836.5496588,0.0,3.0,-112.0
1775973836.5596588,0.0,0.0,-107.0
1775973836.569659,0.0,0.0,-106.0
1775973836.579659,-1.0,7.0,-104.0
1775973836.589659,-3.0,6.0,-105.0
1775973836.599659,0.0,4.0,-112.0
1775973836.609659,1.0,6.0,-115.0
1775973836.619659,4.0,8.0,-114.0
1775973836.629659,7.0,6.0,-111.0
1775973836.639659,5.0,3.0,-112.0
1775973836.649659,1.0,-1.0,-109.0
1775973836.659659,0.0,-4.0,-108.0
1775973836.669659,0.0,-2.0,-109.0
1775973836.679659,0.0,0.0,-110.0
1775973836.6896589,4.0,2.0,-102.0
1775973836.6996589,7.0,2.0,-104.0
1775973836.7096589,5.0,1.0,-106.0
1775973836.7196589,0.0,3.0,-103.0
1775973836.7296588,-4.0,1.0,-107.0
1775973836.7396588,-3.0,-2.0,-104.0
1775973836.7496588,0.0,0.0,-110.0
1775973836.7596588,4.0,-2.0,-110.0
1775973836.7696588,9.0,-2.0,-107.0
1775973836.7796588,5.0,2.0,-111.0
1775973836.7896588,3.0,7.0,-116.0
1775973836.7996588,0.0,5.0,-122.0
1775973836.8096588,0.0,7.0,-116.0
1775973836.819659,0.0,6.0,-118.0
1775973836.829659,1.0,6.0,-116.0
1775973836.839659,4.0,2.0,-116.0
1775973836.849659,0.0,0.0,-110.0
1775973836.859659,-2.0,-1.0,-110.0
1775973836.869659,-1.0,-3.0,-108.0
1775973836.879659,-4.0,-4.0,-101.0
1775973836.889659,-3.0,-4.0,-103.0
1775973836.899659,0.0,-1.0,-103.0
1775973836.909659,-2.0,-3.0,-106.0
1775973836.919659,-3.0,2.0,-105.0
1775973836.929659,1.0,0.0,-107.0
1775973836.9396589,3.0,1.0,-108.0
1775973836.9496589,1.0,0.0,-106.0
1775973836.9596589,0.0,-2.0,-109.0
1775973836.9696589,2.0,0.0,-104.0
1775973836.9796588,-2.0,4.0,-108.0
1775973836.9896588,0.0,3.0,-105.0
1775973836.9996588,0.0,3.0,-107.0
1775973837.0096588,-3.0,2.0,-110.0
1775973837.0196588,-2.0,2.0,-109.0
1775973837.0296588,1.0,0.0,-111.0
1775973837.0396588,2.0,0.0,-109.0
1775973837.0496588,7.0,1.0,-114.0
1775973837.0596588,7.0,6.0,-114.0
1775973837.069659,3.0,3.0,-106.0
1775973837.079659,4.0,2.0,-101.0
1775973837.089659,1.0,5.0,-101.0
1775973837.099659,0.0,6.0,-99.0
1775973837.109659,0.0,0.0,-101.0
1775973837.119659,0.0,-5.0,-99.0
1775973837.129659,1.0,-1.0,-105.0
1775973837.139659,2.0,0.0,-105.0
1775973837.149659,-2.0,0.0,-106.0
1775973837.159659,-3.0,0.0,-103.0
1775973837.169659,0.0,0.0,-106.0
1775973837.179659,2.0,-2.0,-104.0
1775973837.1896589,2.0,-6.0,-97.0
1775973837.1996589,0.0,-7.0,-99.0
1775973837.2096589,0.0,-8.0,-102.0
1775973837.2196589,-3.0,-6.0,-99.0
1775973837.2296588,0.0,-7.0,-96.0
1775973837.2396588,3.0,-10.0,-97.0
1775973837.2496588,2.0,-9.0,-100.0
1775973837.2596588,2.0,-7.0,-104.0
1775973837.2696588,4.0,-8.0,-107.0
1775973837.2796588,7.0,-6.0,-109.0
1775973837.2896588,7.0,-4.0,-118.0
1775973837.2996588,9.0,-5.0,-117.0
1775973837.3096588,7.0,-4.0,-118.0
1775973837.319659,0.0,-4.0,-112.0
1775973837.329659,-1.0,-1.0,-105.0
1775973837.339659,-1.0,-3.0,-107.0
1775973837.349659,-4.0,-6.0,-104.0
1775973837.359659,-4.0,-4.0,-106.0
1775973837.369659,-6.0,1.0,-110.0
1775973837.379659,-3.0,-3.0,-107.0
1775973837.389659,-2.0,0.0,-103.0
1775973837.399659,-4.0,0.0,-108.0
1775973837.409659,-4.0,4.0,-112.0
1775973837.419659,-4.0,6.0,-111.0
1775973837.429659,-4.0,0.0,-105.0
1775973837.4396589,-3.0,-5.0,-103.0
1775973837.4496589,-1.0,-6.0,-98.0
1775973837.4596589,2.0,-4.0,-103.0
1775973837.4696589,1.0,-6.0,-101.0
1775973837.4796588,2.0,-5.0,-102.0
1775973837.4896588,2.0,-4.0,-107.0
1775973837.4996588,0.0,-1.0,-107.0
1775973837.5096588,-3.0,0.0,-104.0
1775973837.5196588,-1.0,1.0,-100.0
1775973837.5296588,1.0,6.0,-105.0
1775973837.5396588,7.0,4.0,-103.0
1775973837.5496588,8.0,0.0,-107.0
1775973837.5596588,6.0,-1.0,-114.0
1775973837.569659,4.0,-2.0,-116.0
1775973837.579659,4.0,-4.0,-115.0
1775973837.589659,1.0,-3.0,-110.0
1775973837.599659,1.0,-5.0,-107.0
1775973837.609659,3.0,-5.0,-107.0
1775973837.619659,-1.0,-2.0,-102.0
1775973837.629659,-4.0,1.0,-104.0
1775973837.639659,-2.0,1.0,-104.0
1775973837.649659,-2.0,-4.0,-104.0
1775973837.659659,-7.0,-4.0,-104.0
1775973837.669659,-6.0,-1.0,-104.0
1775973837.679659,-3.0,-1.0,-106.0
1775973837.6896589,-1.0,2.0,-106.0
1775973837.6996589,0.0,1.0,-104.0
1775973837.7096589,0.0,3.0,-101.0
1775973837.7196589,1.0,0.0,-107.0
1775973837.7296588,-3.0,-1.0,-113.0
1775973837.7396588,-6.0,0.0,-115.0
1775973837.7496588,-4.0,4.0,-114.0
1775973837.7596588,-1.0,6.0,-119.0
1775973837.7696588,-3.0,7.0,-124.0
1775973837.7796588,-2.0,6.0,-124.0
1775973837.7896588,-1.0,6.0,-128.0
1775973837.7996588,-2.0,6.0,-124.0
1775973837.8096588,-1.0,5.0,-116.0
1775973837.819659,-8.0,3.0,-114.0
1775973837.829659,-6.0,4.0,-108.0
1775973837.839659,0.0,2.0,-110.0
1775973837.849659,2.0,5.0,-105.0
1775973837.859659,2.0,3.0,-105.0
1775973837.869659,-2.0,5.0,-111.0
1775973837.879659,-1.0,8.0,-117.0
1775973837.889659,0.0,4.0,-114.0
1775973837.899659,-1.0,0.0,-116.0
1775973837.909659,0.0,-4.0,-118.0
1775973837.919659,-2.0,-4.0,-112.0
1775973837.929659,-3.0,-3.0,-102.0
1775973837.9396589,-3.0,-1.0,-99.0
1775973837.9496589,-2.0,-3.0,-105.0
1775973837.9596589,0.0,1.0,-100.0
1775973837.9696589,7.0,-1.0,-104.0
1775973837.9796588,4.0,0.0,-106.0
1775973837.9896588,4.0,-1.0,-103.0
1775973838.000659,6.0,0.0,-99.0
1775973838.010659,5.0,-4.0,-101.0
1775973838.020659,3.0,-3.0,-99.0
1775973838.030659,8.0,-2.0,-104.0
1775973838.0396588,3.0,-1.0,-105.0
1775973838.050659,2.0,0.0,-99.0
1775973838.060659,0.0,-1.0,-94.0
1775973838.070659,5.0,1.0,-97.0
1775973838.080659,2.0,0.0,-94.0
1775973838.089659,-2.0,0.0,-101.0
1775973838.100659,0.0,0.0,-101.0
1775973838.110659,-1.0,-4.0,-97.0
1775973838.1206589,0.0,-7.0,-107.0
1775973838.1306589,-1.0,-6.0,-110.0
1775973838.1406589,-4.0,-5.0,-110.0
1775973838.1506588,-3.0,-5.0,-107.0
1775973838.1606588,2.0,-1.0,-106.0
1775973838.1706588,2.0,-7.0,-107.0
1775973838.1806588,0.0,-12.0,-113.0
1775973838.1906588,0.0,-6.0,-110.0
1775973838.2006588,4.0,0.0,-108.0
1775973838.2106588,4.0,-2.0,-108.0
1775973838.2206588,0.0,-3.0,-109.0
1775973838.2306588,4.0,1.0,-112.0
1775973838.2406588,6.0,0.0,-110.0
1775973838.250659,3.0,-1.0,-106.0
1775973838.260659,1.0,-4.0,-102.0
1775973838.270659,0.0,-5.0,-101.0
1775973838.280659,1.0,-4.0,-102.0
1775973838.290659,0.0,-3.0,-101.0
1775973838.300659,1.0,0.0,-107.0
1775973838.310659,3.0,1.0,-103.0
1775973838.320659,1.0,5.0,-100.0
1775973838.330659,2.0,1.0,-104.0
1775973838.340659,3.0,0.0,-110.0
1775973838.350659,-1.0,-1.0,-112.0
1775973838.360659,-2.0,0.0,-111.0
1775973838.3706589,1.0,-2.0,-107.0
1775973838.3806589,4.0,2.0,-109.0
1775973838.3906589,3.0,2.0,-110.0
1775973838.4006588,0.0,1.0,-99.0
1775973838.4106588,0.0,-2.0,-105.0
1775973838.4206588,1.0,-3.0,-102.0
1775973838.4306588,2.0,-6.0,-106.0
1775973838.4406588,-3.0,-6.0,-107.0
1775973838.4506588,4.0,-9.0,-104.0
1775973838.4606588,4.0,-6.0,-105.0
1775973838.4706588,1.0,-3.0,-110.0
1775973838.4806588,1.0,-3.0,-116.0
1775973838.4906588,-1.0,0.0,-115.0
1775973838.500659,0.0,-3.0,-111.0
1775973838.510659,-2.0,0.0,-115.0
1775973838.520659,0.0,0.0,-112.0
1775973838.530659,-1.0,1.0,-102.0
1775973838.540659,2.0,3.0,-99.0
1775973838.550659,7.0,2.0,-96.0
1775973838.560659,5.0,1.0,-92.0
1775973838.570659,2.0,5.0,-97.0
1775973838.580659,2.0,1.0,-103.0
1775973838.590659,0.0,3.0,-110.0
1775973838.600659,2.0,3.0,-111.0
1775973838.610659,3.0,0.0,-112.0
1775973838.6206589,-1.0,2.0,-112.0
1775973838.6306589,-4.0,1.0,-109.0
1775973838.6406589,-4.0,-2.0,-109.0
1775973838.6506588,-1.0,0.0,-109.0
1775973838.6606588,0.0,0.0,-108.0
1775973838.6706588,-2.0,2.0,-109.0
1775973838.6806588,0.0,-2.0,-115.0
1775973838.6906588,1.0,-4.0,-113.0
1775973838.7006588,2.0,-1.0,-113.0
1775973838.7106588,1.0,1.0,-111.0
1775973838.7206588,1.0,0.0,-113.0
1775973838.7306588,1.0,-2.0,-112.0
1775973838.7406588,-1.0,-2.0,-107.0
1775973838.750659,1.0,-1.0,-101.0
1775973838.760659,2.0,0.0,-107.0
1775973838.770659,1.0,4.0,-103.0
1775973838.780659,2.0,4.0,-101.0
1775973838.790659,3.0,0.0,-106.0
1775973838.800659,4.0,0.0,-110.0
1775973838.810659,2.0,0.0,-111.0
1775973838.820659,-2.0,-2.0,-103.0
1775973838.830659,-4.0,-3.0,-100.0
1775973838.840659,-7.0,-6.0,-104.0
1775973838.850659,-2.0,-10.0,-112.0
1775973838.860659,0.0,-7.0,-112.0
1775973838.8706589,-2.0,-7.0,-113.0
1775973838.8806589,0.0,-10.0,-112.0
1775973838.8906589,-5.0,-13.0,-109.0
1775973838.9006588,-3.0,-8.0,-108.0
1775973838.9106588,-1.0,-4.0,-114.0
1775973838.9206588,-4.0,-2.0,-115.0
1775973838.9306588,-5.0,-2.0,-108.0
1775973838.9406588,-4.0,0.0,-107.0
1775973838.9506588,-5.0,-1.0,-104.0
1775973838.9606588,-3.0,0.0,-107.0
1775973838.9706588,-8.0,-1.0,-112.0
1775973838.9806588,-8.0,-1.0,-113.0
1775973838.9906588,-5.0,1.0,-112.0
1775973839.000659,-1.0,4.0,-110.0
1775973839.010659,1.0,1.0,-111.0
1775973839.020659,1.0,0.0,-111.0
1775973839.031659,-1.0,2.0,-112.0
1775973839.040659,-4.0,1.0,-113.0
1775973839.050659,0.0,-1.0,-109.0
1775973839.060659,-3.0,-1.0,-108.0
1775973839.070659,1.0,-2.0,-113.0
1775973839.080659,0.0,-2.0,-112.0
1775973839.090659,1.0,-3.0,-113.0
1775973839.100659,2.0,-4.0,-106.0
1775973839.110659,2.0,0.0,-105.0
1775973839.1206589,3.0,0.0,-104.0
1775973839.1306589,3.0,2.0,-103.0
1775973839.1406589,1.0,4.0,-107.0
1775973839.1506588,0.0,2.0,-111.0
1775973839.1606588,1.0,0.0,-111.0
1775973839.1706588,-1.0,0.0,-113.0
1775973839.1806588,-3.0,-1.0,-108.0
1775973839.1906588,-7.0,-3.0,-107.0
1775973839.2006588,-12.0,-2.0,-108.0
1775973839.2106588,-10.0,1.0,-105.0
1775973839.2206588,-6.0,0.0,-105.0
1775973839.2306588,-2.0,-6.0,-105.0
1775973839.2406588,-3.0,-7.0,-110.0
1775973839.250659,-5.0,-10.0,-107.0
1775973839.260659,-6.0,-6.0,-110.0
1775973839.270659,-4.0,-3.0,-114.0
1775973839.280659,-1.0,-6.0,-104.0
1775973839.290659,-3.0,-4.0,-106.0
1775973839.300659,-3.0,-4.0,-104.0
1775973839.310659,2.0,-5.0,-104.0
1775973839.320659,-1.0,-1.0,-107.0
1775973839.330659,-1.0,0.0,-108.0
1775973839.340659,2.0,0.0,-111.0
1775973839.350659,0.0,-3.0,-111.0
1775973839.360659,-5.0,-4.0,-119.0
1775973839.3706589,-7.0,-6.0,-115.0
1775973839.3806589,-6.0,-5.0,-113.0
1775973839.3906589,-5.0,-5.0,-112.0
1775973839.4006588,-4.0,-6.0,-114.0
1775973839.4106588,-6.0,-3.0,-120.0
1775973839.4206588,-3.0,0.0,-126.0
1775973839.4306588,0.0,5.0,-120.0
1775973839.4406588,2.0,7.0,-111.0
1775973839.4506588,3.0,4.0,-109.0
1775973839.4606588,4.0,4.0,-105.0
1775973839.4706588,4.0,4.0,-108.0
1775973839.4806588,0.0,6.0,-111.0
1775973839.4906588,-5.0,6.0,-113.0
1775973839.500659,0.0,7.0,-117.0
1775973839.510659,0.0,7.0,-111.0
1775973839.520659,-1.0,1.0,-112.0
1775973839.530659,0.0,4.0,-113.0
1775973839.540659,0.0,2.0,-108.0
1775973839.550659,-2.0,-3.0,-109.0
1775973839.560659,-8.0,-2.0,-112.0
1775973839.570659,-8.0,-1.0,-98.0
1775973839.580659,-2.0,0.0,-92.0
1775973839.590659,5.0,0.0,-100.0
1775973839.600659,7.0,3.0,-104.0
1775973839.610659,8.0,3.0,-111.0
1775973839.6206589,7.0,0.0,-106.0
1775973839.6306589,5.0,-1.0,-111.0
1775973839.6406589,2.0,-6.0,-111.0
1775973839.6506588,-2.0,-8.0,-117.0
1775973839.6606588,-6.0,-8.0,-115.0
1775973839.6706588,-5.0,-5.0,-118.0
1775973839.6806588,-1.0,-2.0,-119.0
1775973839.6906588,-2.0,-1.0,-116.0
1775973839.7006588,-4.0,-5.0,-114.0
1775973839.7106588,-4.0,-2.0,-110.0
1775973839.7206588,-1.0,-1.0,-109.0
1775973839.7306588,-1.0,0.0,-113.0
1775973839.7406588,-2.0,2.0,-114.0
1775973839.750659,-2.0,0.0,-111.0
1775973839.760659,-5.0,2.0,-111.0
1775973839.770659,-8.0,1.0,-109.0
1775973839.780659,-6.0,2.0,-117.0
1775973839.790659,-7.0,4.0,-114.0
1775973839.800659,-5.0,1.0,-104.0
1775973839.810659,-5.0,0.0,-105.0
1775973839.820659,-5.0,-2.0,-107.0
1775973839.830659,-6.0,1.0,-104.0
1775973839.840659,-3.0,1.0,-98.0
1775973839.850659,-4.0,-1.0,-105.0
1775973839.860659,-1.0,0.0,-110.0
1775973839.8706589,-3.0,0.0,-115.0
1775973839.8806589,-5.0,2.0,-117.0
1775973839.8906589,0.0,0.0,-115.0
1775973839.9006588,1.0,-2.0,-114.0
1775973839.9106588,3.0,0.0,-110.0
1775973839.9206588,7.0,0.0,-113.0
1775973839.9306588,3.0,-3.0,-116.0
1775973839.9406588,2.0,-2.0,-112.0
1775973839.9506588,6.0,-1.0,-114.0
1775973839.9606588,1.0,-1.0,-115.0
1775973839.9706588,2.0,-3.0,-112.0
1775973839.9806588,0.0,1.0,-116.0
1775973839.9906588,-2.0,0.0,-117.0
1775973840.000659,-6.0,1.0,-117.0
1775973840.011659,-2.0,0.0,-109.0
1775973840.020659,-6.0,0.0,-111.0
1775973840.031659,-4.0,0.0,-115.0
1775973840.0416589,-1.0,-1.0,-114.0
1775973840.050659,-4.0,-4.0,-112.0
1775973840.0616589,-1.0,-3.0,-114.0
1775973840.0716588,-2.0,1.0,-113.0
1775973840.0816588,-2.0,3.0,-116.0
1775973840.0916588,0.0,1.0,-117.0
1775973840.1016588,-3.0,-1.0,-117.0
1775973840.1116588,0.0,-5.0,-117.0
1775973840.1216588,-4.0,-8.0,-116.0
1775973840.1316588,-5.0,-10.0,-116.0
1775973840.1416588,-3.0,-12.0,-114.0
1775973840.1516588,-5.0,-12.0,-113.0
1775973840.1616588,2.0,-8.0,-106.0
1775973840.171659,2.0,-8.0,-106.0
1775973840.181659,3.0,-6.0,-108.0
1775973840.191659,-2.0,-1.0,-101.0
1775973840.201659,-8.0,0.0,-98.0
1775973840.211659,-16.0,-2.0,-105.0
1775973840.221659,-9.0,-1.0,-102.0
1775973840.231659,-3.0,0.0,-105.0
1775973840.241659,-4.0,-4.0,-104.0
1775973840.251659,-2.0,-3.0,-108.0
1775973840.261659,0.0,-5.0,-111.0
1775973840.271659,0.0,-3.0,-104.0
1775973840.281659,1.0,-3.0,-99.0
1775973840.2916589,0.0,-4.0,-95.0
1775973840.3016589,1.0,-3.0,-89.0
1775973840.3116589,3.0,-6.0,-89.0
1775973840.3216588,6.0,-3.0,-93.0
1775973840.3316588,4.0,-5.0,-100.0
1775973840.3416588,0.0,-4.0,-108.0
1775973840.3516588,0.0,-6.0,-107.0
1775973840.3616588,-1.0,-5.0,-107.0
1775973840.3716588,1.0,-3.0,-100.0
1775973840.3816588,1.0,-1.0,-98.0
1775973840.3916588,0.0,-1.0,-98.0
1775973840.4016588,-2.0,-4.0,-98.0
1775973840.4116588,0.0,-7.0,-95.0
1775973840.421659,0.0,-6.0,-100.0
1775973840.431659,-1.0,-5.0,-109.0
1775973840.441659,1.0,-6.0,-115.0
1775973840.451659,0.0,-5.0,-115.0
1775973840.461659,-2.0,-4.0,-113.0
1775973840.471659,0.0,-2.0,-116.0
1775973840.481659,-2.0,-1.0,-116.0
1775973840.491659,-9.0,-2.0,-117.0
1775973840.501659,-8.0,0.0,-116.0
1775973840.511659,-8.0,3.0,-112.0
1775973840.521659,-6.0,7.0,-109.0
1775973840.531659,-3.0,6.0,-114.0
1775973840.5416589,0.0,5.0,-112.0
1775973840.5516589,3.0,5.0,-115.0
1775973840.5616589,5.0,5.0,-122.0
1775973840.5716588,0.0,2.0,-118.0
1775973840.5816588,-1.0,0.0,-114.0
1775973840.5916588,-1.0,-3.0,-120.0
1775973840.6016588,-2.0,-4.0,-115.0
1775973840.6116588,-4.0,0.0,-106.0
1775973840.6216588,-2.0,0.0,-105.0
1775973840.6316588,-1.0,-2.0,-99.0
1775973840.6416588,-1.0,0.0,-97.0
1775973840.6516588,0.0,5.0,-105.0
1775973840.6616588,-1.0,6.0,-108.0
1775973840.671659,0.0,2.0,-111.0
1775973840.681659,-1.0,0.0,-108.0
1775973840.691659,-3.0,0.0,-108.0
1775973840.701659,1.0,1.0,-109.0
1775973840.711659,1.0,7.0,-109.0
1775973840.721659,0.0,5.0,-107.0
1775973840.731659,4.0,4.0,-103.0
1775973840.741659,-1.0,3.0,-104.0
1775973840.751659,-5.0,0.0,-111.0
1775973840.761659,-3.0,0.0,-112.0
1775973840.771659,-2.0,0.0,-114.0
1775973840.781659,0.0,2.0,-112.0
1775973840.7916589,5.0,1.0,-107.0
1775973840.8016589,5.0,2.0,-104.0
1775973840.8116589,7.0,-1.0,-110.0
1775973840.8216588,6.0,0.0,-113.0
1775973840.8316588,3.0,-1.0,-112.0
1775973840.8416588,7.0,0.0,-115.0
1775973840.8516588,7.0,-1.0,-111.0
1775973840.8616588,6.0,0.0,-109.0
1775973840.8716588,4.0,1.0,-114.0
1775973840.8816588,2.0,3.0,-111.0
1775973840.8916588,-2.0,2.0,-106.0
1775973840.9016588,-4.0,2.0,-100.0
1775973840.9116588,-4.0,2.0,-107.0
1775973840.921659,-2.0,0.0,-106.0
1775973840.931659,0.0,4.0,-111.0
1775973840.941659,0.0,2.0,-110.0
1775973840.951659,1.0,1.0,-113.0
1775973840.961659,3.0,0.0,-114.0
1775973840.971659,1.0,-1.0,-115.0
1775973840.981659,0.0,-1.0,-113.0
1775973840.991659,1.0,-2.0,-111.0
1775973841.001659,0.0,-3.0,-108.0
1775973841.011659,0.0,-1.0,-105.0
1775973841.021659,0.0,-4.0,-101.0
1775973841.031659,-1.0,0.0,-106.0
1775973841.0416589,0.0,-3.0,-106.0
1775973841.0516589,0.0,-2.0,-108.0
1775973841.0616589,-2.0,-2.0,-106.0
1775973841.0716588,1.0,-2.0,-105.0
1775973841.0816588,-1.0,-5.0,-102.0
1775973841.0916588,1.0,-4.0,-106.0
1775973841.1016588,1.0,-1.0,-107.0
1775973841.1116588,2.0,0.0,-104.0
1775973841.1216588,3.0,0.0,-100.0
1775973841.1316588,0.0,2.0,-100.0
1775973841.1416588,-3.0,0.0,-100.0
1775973841.1516588,-3.0,0.0,-106.0
1775973841.1616588,-5.0,3.0,-108.0
1775973841.171659,-8.0,-1.0,-115.0
1775973841.181659,-5.0,-2.0,-120.0
1775973841.191659,-6.0,-3.0,-121.0
1775973841.201659,-4.0,-8.0,-118.0
1775973841.211659,-7.0,-9.0,-118.0
1775973841.221659,-5.0,-9.0,-117.0
1775973841.231659,0.0,-7.0,-115.0
1775973841.241659,0.0,-13.0,-109.0
1775973841.251659,2.0,-13.0,-111.0
1775973841.261659,3.0,-10.0,-114.0
1775973841.271659,0.0,-9.0,-118.0
1775973841.281659,2.0,-11.0,-114.0
1775973841.2916589,4.0,-12.0,-113.0
1775973841.3016589,3.0,-8.0,-101.0
1775973841.3116589,2.0,-6.0,-106.0
1775973841.3216588,0.0,-9.0,-105.0
1775973841.3316588,-4.0,-5.0,-107.0
1775973841.3416588,-4.0,-1.0,-106.0
1775973841.3516588,-1.0,-1.0,-108.0
1775973841.3616588,2.0,-1.0,-110.0
1775973841.3716588,0.0,0.0,-105.0
1775973841.3816588,-1.0,0.0,-105.0
1775973841.3916588,2.0,2.0,-103.0
1775973841.4016588,0.0,2.0,-105.0
1775973841.4116588,4.0,2.0,-113.0
1775973841.421659,1.0,1.0,-105.0
1775973841.431659,1.0,2.0,-105.0
1775973841.441659,-2.0,0.0,-101.0
1775973841.451659,-5.0,-2.0,-99.0
1775973841.461659,-2.0,0.0,-105.0
1775973841.471659,0.0,1.0,-104.0
1775973841.481659,-5.0,4.0,-103.0
1775973841.491659,-6.0,4.0,-105.0
1775973841.501659,-9.0,4.0,-112.0
1775973841.511659,-4.0,0.0,-104.0
1775973841.521659,-3.0,0.0,-106.0
1775973841.531659,0.0,1.0,-103.0
1775973841.5416589,-2.0,0.0,-106.0
1775973841.5516589,-2.0,0.0,-103.0
1775973841.5616589,-6.0,-3.0,-103.0
1775973841.5716588,-4.0,-1.0,-109.0
1775973841.5816588,-5.0,-6.0,-113.0
1775973841.5916588,-7.0,-2.0,-114.0
1775973841.6016588,-4.0,0.0,-116.0
1775973841.6116588,-3.0,0.0,-110.0
1775973841.6216588,0.0,0.0,-107.0
1775973841.6316588,-7.0,2.0,-109.0
1775973841.6416588,-6.0,2.0,-99.0
1775973841.6516588,-7.0,0.0,-98.0
1775973841.6616588,-4.0,-1.0,-100.0
1775973841.671659,-1.0,-2.0,-101.0
1775973841.681659,2.0,-3.0,-101.0
1775973841.691659,3.0,-1.0,-97.0
1775973841.701659,0.0,-2.0,-103.0
1775973841.711659,0.0,0.0,-106.0
1775973841.721659,0.0,2.0,-110.0
1775973841.731659,2.0,-2.0,-121.0
1775973841.741659,4.0,-1.0,-124.0
1775973841.751659,1.0,-2.0,-118.0
1775973841.761659,0.0,-1.0,-119.0
1775973841.771659,1.0,-1.0,-112.0
1775973841.781659,0.0,-4.0,-106.0
1775973841.7916589,-2.0,-3.0,-109.0
1775973841.8016589,-6.0,0.0,-113.0
1775973841.8116589,-5.0,-2.0,-110.0
1775973841.8216588,-3.0,0.0,-110.0
1775973841.8316588,0.0,8.0,-111.0
1775973841.8416588,-2.0,4.0,-107.0
1775973841.8516588,0.0,1.0,-103.0
1775973841.8616588,-2.0,3.0,-105.0
1775973841.8716588,-2.0,2.0,-105.0
1775973841.8816588,3.0,2.0,-101.0
1775973841.8916588,-4.0,4.0,-102.0
1775973841.9016588,-2.0,3.0,-110.0
1775973841.9116588,-1.0,2.0,-108.0
1775973841.921659,0.0,1.0,-110.0
1775973841.931659,0.0,4.0,-109.0
1775973841.941659,0.0,7.0,-113.0
1775973841.951659,-2.0,6.0,-116.0
1775973841.961659,-4.0,1.0,-112.0
1775973841.971659,-3.0,1.0,-108.0
1775973841.981659,-3.0,3.0,-105.0
1775973841.991659,-1.0,2.0,-106.0
1775973842.001659,0.0,2.0,-98.0
1775973842.011659,0.0,-1.0,-94.0
1775973842.021659,0.0,-2.0,-95.0
1775973842.031659,2.0,0.0,-100.0
1775973842.0416589,5.0,3.0,-100.0
1775973842.0516589,7.0,3.0,-99.0
1775973842.0616589,4.0,2.0,-94.0
1775973842.0716588,2.0,-3.0,-99.0
1775973842.0816588,1.0,-2.0,-101.0
1775973842.0926588,-2.0,0.0,-103.0
1775973842.102659,0.0,3.0,-104.0
1775973842.112659,-2.0,2.0,-106.0
1775973842.122659,-2.0,3.0,-108.0
1775973842.132659,-3.0,3.0,-110.0
1775973842.142659,-1.0,5.0,-107.0
1775973842.152659,3.0,1.0,-116.0
1775973842.162659,9.0,3.0,-112.0
1775973842.172659,5.0,3.0,-109.0
1775973842.182659,3.0,0.0,-109.0
1775973842.192659,1.0,5.0,-113.0
1775973842.202659,0.0,3.0,-112.0
1775973842.212659,-2.0,-2.0,-111.0
1775973842.2226589,0.0,0.0,-107.0
1775973842.2326589,0.0,-2.0,-107.0
1775973842.2426589,-1.0,-7.0,-107.0
1775973842.2526588,-1.0,-8.0,-109.0
1775973842.2626588,-2.0,-10.0,-110.0
1775973842.2726588,0.0,-7.0,-112.0
1775973842.2826588,1.0,-7.0,-112.0
1775973842.2926588,4.0,-5.0,-111.0
1775973842.3026588,9.0,-8.0,-114.0
1775973842.3126588,7.0,-4.0,-118.0
1775973842.3226588,3.0,0.0,-119.0
1775973842.3326588,6.0,3.0,-119.0
1775973842.3426588,3.0,7.0,-119.0
1775973842.352659,0.0,8.0,-109.0
1775973842.362659,0.0,11.0,-108.0
1775973842.372659,-2.0,9.0,-107.0
1775973842.382659,-1.0,4.0,-110.0
1775973842.392659,-1.0,-1.0,-114.0
1775973842.402659,-5.0,-3.0,-124.0
1775973842.412659,-6.0,-2.0,-113.0
1775973842.422659,-2.0,-2.0,-106.0
1775973842.432659,1.0,0.0,-105.0
1775973842.442659,-1.0,-3.0,-109.0
1775973842.452659,-1.0,-4.0,-106.0
1775973842.462659,-8.0,-1.0,-105.0
1775973842.4726589,-6.0,-4.0,-104.0
1775973842.4826589,-7.0,-1.0,-98.0
1775973842.4926589,-4.0,-2.0,-94.0
1775973842.5026588,-1.0,-5.0,-98.0
1775973842.5126588,0.0,-6.0,-99.0
1775973842.5226588,0.0,-4.0,-104.0
1775973842.5326588,1.0,-2.0,-105.0
1775973842.5426588,-1.0,-2.0,-99.0
1775973842.5526588,2.0,-1.0,-96.0
1775973842.5626588,3.0,1.0,-100.0
1775973842.5726588,4.0,0.0,-106.0
1775973842.5826588,9.0,-4.0,-110.0
1775973842.5926588,3.0,-4.0,-112.0
1775973842.602659,3.0,-9.0,-112.0
1775973842.612659,-1.0,-8.0,-113.0
1775973842.622659,-5.0,-7.0,-115.0
1775973842.632659,0.0,-3.0,-106.0
1775973842.642659,0.0,-1.0,-100.0
1775973842.652659,8.0,-2.0,-102.0
1775973842.662659,7.0,-1.0,-106.0
1775973842.672659,7.0,1.0,-107.0
1775973842.682659,5.0,1.0,-106.0
1775973842.692659,8.0,4.0,-101.0
1775973842.702659,5.0,1.0,-99.0
1775973842.712659,0.0,0.0,-105.0
1775973842.7226589,2.0,0.0,-108.0
1775973842.7326589,-3.0,-3.0,-106.0
1775973842.7426589,0.0,-3.0,-107.0
1775973842.7536588,6.0,0.0,-109.0
1775973842.7626588,2.0,2.0,-109.0
1775973842.7726588,2.0,1.0,-108.0
1775973842.7826588,1.0,2.0,-110.0
1775973842.7926588,0.0,3.0,-105.0
1775973842.8026588,-1.0,-4.0,-103.0
1775973842.8126588,2.0,-3.0,-110.0
1775973842.8226588,4.0,-1.0,-111.0
1775973842.8326588,3.0,-2.0,-114.0
1775973842.8426588,0.0,0.0,-115.0
1775973842.852659,0.0,4.0,-110.0
1775973842.862659,2.0,0.0,-110.0
1775973842.872659,-1.0,-4.0,-116.0
1775973842.882659,-1.0,-3.0,-120.0
1775973842.892659,-5.0,-7.0,-115.0
1775973842.902659,-6.0,-3.0,-118.0
1775973842.912659,-4.0,-6.0,-118.0
1775973842.922659,-5.0,-4.0,-115.0
1775973842.932659,-3.0,0.0,-107.0
1775973842.942659,2.0,1.0,-101.0
1775973842.952659,1.0,-3.0,-99.0
1775973842.962659,0.0,-3.0,-105.0
1775973842.9726589,0.0,0.0,-111.0
1775973842.9826589,-1.0,0.0,-115.0
1775973842.9926589,0.0,-2.0,-116.0
1775973843.0026588,4.0,-2.0,-119.0
1775973843.0126588,9.0,-1.0,-118.0
1775973843.0226588,8.0,-1.0,-117.0
1775973843.0326588,5.0,0.0,-117.0
1775973843.0426588,5.0,3.0,-114.0
1775973843.0526588,3.0,0.0,-118.0
1775973843.0626588,0.0,3.0,-116.0
1775973843.0726588,0.0,2.0,-117.0
1775973843.0826588,0.0,0.0,-114.0
1775973843.0926588,5.0,1.0,-114.0
1775973843.102659,5.0,4.0,-116.0
1775973843.112659,4.0,7.0,-120.0
1775973843.122659,1.0,7.0,-117.0
1775973843.132659,1.0,7.0,-114.0
1775973843.142659,3.0,6.0,-113.0
1775973843.152659,5.0,4.0,-108.0
1775973843.162659,4.0,7.0,-102.0
1775973843.172659,1.0,4.0,-106.0
1775973843.182659,0.0,5.0,-107.0
1775973843.192659,1.0,5.0,-109.0
1775973843.202659,0.0,5.0,-114.0
1775973843.212659,4.0,9.0,-111.0
1775973843.2226589,6.0,9.0,-112.0
1775973843.2326589,8.0,4.0,-104.0
1775973843.2426589,2.0,3.0,-103.0
1775973843.2526588,2.0,0.0,-100.0
1775973843.2626588,1.0,1.0,-92.0
1775973843.2726588,0.0,0.0,-100.0
1775973843.2826588,1.0,2.0,-97.0
1775973843.2926588,2.0,3.0,-96.0
1775973843.3026588,2.0,6.0,-99.0
1775973843.3126588,-3.0,5.0,-104.0
1775973843.3226588,4.0,6.0,-100.0
1775973843.3326588,5.0,3.0,-103.0
1775973843.3426588,6.0,3.0,-101.0
1775973843.352659,9.0,6.0,-104.0
1775973843.362659,8.0,5.0,-102.0
1775973843.372659,6.0,4.0,-111.0
1775973843.382659,6.0,0.0,-116.0
1775973843.392659,4.0,0.0,-110.0
1775973843.402659,5.0,2.0,-104.0
1775973843.412659,0.0,2.0,-110.0
1775973843.422659,2.0,3.0,-113.0
1775973843.432659,1.0,2.0,-112.0
1775973843.442659,3.0,0.0,-112.0
1775973843.452659,-1.0,-2.0,-109.0
1775973843.462659,0.0,-3.0,-107.0
1775973843.4726589,-2.0,-9.0,-108.0
1775973843.4826589,-7.0,-9.0,-112.0
1775973843.4926589,-4.0,-12.0,-100.0
1775973843.5026588,-4.0,-8.0,-101.0
1775973843.5126588,0.0,-6.0,-103.0
1775973843.5226588,3.0,-4.0,-103.0
1775973843.5326588,6.0,-2.0,-104.0
1775973843.5426588,4.0,-1.0,-100.0
1775973843.5526588,7.0,1.0,-105.0
1775973843.5626588,8.0,2.0,-106.0
1775973843.5726588,10.0,0.0,-107.0
1775973843.5826588,10.0,0.0,-112.0
1775973843.5926588,4.0,1.0,-113.0
1775973843.602659,4.0,0.0,-107.0
1775973843.612659,3.0,0.0,-111.0
1775973843.622659,-3.0,-4.0,-107.0
1775973843.632659,-2.0,-1.0,-104.0
1775973843.642659,0.0,0.0,-102.0
1775973843.652659,1.0,0.0,-99.0
1775973843.662659,-4.0,-1.0,-97.0
1775973843.672659,-5.0,2.0,-101.0
1775973843.682659,-5.0,2.0,-104.0
1775973843.692659,-2.0,3.0,-108.0
1775973843.702659,1.0,7.0,-108.0
1775973843.712659,0.0,9.0,-105.0
1775973843.7226589,1.0,4.0,-102.0
1775973843.7326589,0.0,1.0,-107.0
1775973843.7426589,3.0,0.0,-106.0
1775973843.7526588,2.0,1.0,-104.0
1775973843.7626588,2.0,2.0,-107.0
1775973843.7726588,3.0,1.0,-99.0
1775973843.7826588,0.0,1.0,-101.0
1775973843.7926588,4.0,-3.0,-103.0
1775973843.8026588,4.0,0.0,-102.0
1775973843.8126588,3.0,4.0,-103.0
1775973843.8226588,2.0,4.0,-109.0
1775973843.8326588,1.0,4.0,-109.0
1775973843.8426588,1.0,0.0,-105.0
1775973843.852659,0.0,-2.0,-109.0
1775973843.862659,-1.0,-1.0,-109.0
1775973843.872659,1.0,1.0,-103.0
1775973843.882659,3.0,1.0,-103.0
1775973843.892659,5.0,2.0,-107.0
1775973843.902659,3.0,-2.0,-106.0
1775973843.912659,0.0,-6.0,-108.0
1775973843.922659,0.0,-2.0,-109.0
1775973843.932659,0.0,-3.0,-109.0
1775973843.942659,-3.0,-1.0,-111.0
1775973843.952659,-4.0,-1.0,-113.0
1775973843.962659,-1.0,-2.0,-112.0
1775973843.9726589,2.0,-5.0,-104.0
1775973843.9826589,-1.0,-7.0,-104.0
1775973843.9926589,-2.0,-6.0,-104.0
1775973844.0026588,-1.0,-1.0,-107.0
1775973844.0126588,-4.0,0.0,-107.0
1775973844.0226588,-3.0,-1.0,-104.0
1775973844.0326588,-7.0,1.0,-105.0
1775973844.0426588,-6.0,1.0,-108.0
1775973844.0526588,-2.0,0.0,-106.0
1775973844.0626588,-2.0,1.0,-103.0
1775973844.0726588,-1.0,4.0,-115.0
1775973844.0826588,-2.0,3.0,-112.0
1775973844.0926588,-2.0,0.0,-114.0
1775973844.102659,-6.0,0.0,-118.0
1775973844.112659,-1.0,4.0,-114.0
1775973844.123659,1.0,4.0,-113.0
1775973844.133659,3.0,3.0,-111.0
1775973844.1436589,5.0,5.0,-106.0
1775973844.152659,0.0,2.0,-103.0
1775973844.1636589,-2.0,2.0,-108.0
1775973844.1736588,-7.0,4.0,-111.0
1775973844.1836588,-8.0,5.0,-110.0
1775973844.1936588,-3.0,7.0,-113.0
1775973844.2036588,-1.0,6.0,-118.0
1775973844.2136588,-1.0,8.0,-117.0
1775973844.2236588,-8.0,8.0,-115.0
1775973844.2336588,-1.0,4.0,-105.0
1775973844.2436588,0.0,4.0,-102.0
1775973844.2536588,1.0,4.0,-103.0
1775973844.2636588,2.0,0.0,-102.0
1775973844.273659,-1.0,1.0,-109.0
1775973844.283659,1.0,0.0,-108.0
1775973844.293659,3.0,0.0,-110.0
1775973844.303659,3.0,-4.0,-106.0
1775973844.313659,4.0,-1.0,-108.0
1775973844.323659,4.0,-1.0,-108.0
1775973844.333659,0.0,0.0,-109.0
1775973844.343659,-3.0,1.0,-104.0
1775973844.353659,-6.0,2.0,-107.0
1775973844.363659,-3.0,1.0,-105.0
1775973844.373659,-2.0,-3.0,-105.0
1775973844.383659,-1.0,-3.0,-108.0
1775973844.3936589,0.0,-2.0,-107.0
1775973844.4036589,-1.0,-1.0,-104.0
1775973844.4136589,6.0,-4.0,-105.0
1775973844.4236588,10.0,0.0,-98.0
1775973844.4336588,10.0,2.0,-103.0
1775973844.4436588,10.0,3.0,-96.0
1775973844.4536588,9.0,3.0,-103.0
1775973844.4636588,11.0,0.0,-97.0
1775973844.4736588,9.0,0.0,-99.0
1775973844.4836588,6.0,-3.0,-106.0
1775973844.4936588,7.0,-3.0,-110.0
1775973844.5036588,2.0,-4.0,-111.0
1775973844.5136588,0.0,-2.0,-107.0
1775973844.523659,1.0,-2.0,-112.0
1775973844.533659,-3.0,0.0,-108.0
1775973844.543659,0.0,0.0,-109.0
1775973844.553659,-2.0,0.0,-115.0
1775973844.563659,1.0,-4.0,-119.0
1775973844.573659,2.0,-4.0,-118.0
1775973844.583659,2.0,-3.0,-119.0
1775973844.593659,6.0,-3.0,-112.0
1775973844.603659,4.0,-1.0,-112.0
1775973844.613659,0.0,0.0,-106.0
1775973844.623659,0.0,5.0,-109.0
1775973844.633659,-2.0,4.0,-111.0
1775973844.6436589,-1.0,1.0,-112.0
1775973844.6536589,0.0,3.0,-112.0
1775973844.6636589,4.0,1.0,-117.0
1775973844.6736588,3.0,2.0,-118.0
1775973844.6836588,4.0,5.0,-111.0
1775973844.6936588,3.0,7.0,-111.0
1775973844.7036588,2.0,4.0,-113.0
1775973844.7136588,3.0,-1.0,-108.0
1775973844.7236588,5.0,-1.0,-103.0
1775973844.7336588,4.0,3.0,-101.0
1775973844.7436588,5.0,1.0,-101.0
1775973844.7536588,5.0,0.0,-106.0
1775973844.7636588,6.0,0.0,-105.0
1775973844.773659,3.0,-3.0,-110.0
1775973844.783659,4.0,-1.0,-114.0
1775973844.793659,5.0,2.0,-127.0
1775973844.803659,6.0,2.0,-120.0
1775973844.813659,1.0,-3.0,-116.0
1775973844.823659,3.0,-4.0,-110.0
1775973844.833659,5.0,-4.0,-109.0
1775973844.843659,2.0,-3.0,-109.0
1775973844.853659,0.0,-3.0,-107.0
1775973844.863659,4.0,-2.0,-110.0
1775973844.873659,1.0,-7.0,-112.0
1775973844.883659,4.0,-5.0,-110.0
1775973844.8936589,5.0,-2.0,-109.0
1775973844.9036589,0.0,0.0,-105.0
1775973844.9136589,5.0,2.0,-105.0
1775973844.9236588,1.0,1.0,-108.0
1775973844.9336588,-1.0,2.0,-103.0
1775973844.9436588,0.0,0.0,-107.0
1775973844.9536588,0.0,0.0,-106.0
1775973844.9636588,2.0,0.0,-104.0
1775973844.9736588,1.0,0.0,-108.0
1775973844.9836588,0.0,-4.0,-105.0
1775973844.9936588,1.0,-6.0,-105.0
1775973845.0036588,-2.0,-5.0,-110.0
1775973845.0136588,0.0,-3.0,-110.0
1775973845.023659,-4.0,0.0,-110.0
1775973845.033659,-1.0,-1.0,-108.0
1775973845.043659,0.0,0.0,-102.0
1775973845.053659,3.0,-1.0,-103.0
1775973845.063659,4.0,0.0,-104.0
1775973845.073659,-2.0,0.0,-108.0
1775973845.083659,-4.0,2.0,-106.0
1775973845.093659,-4.0,6.0,-106.0
1775973845.103659,-5.0,6.0,-99.0
1775973845.113659,-6.0,4.0,-97.0
1775973845.123659,-4.0,0.0,-102.0
1775973845.133659,-2.0,-4.0,-106.0
1775973845.1436589,-1.0,-5.0,-108.0
1775973845.1536589,0.0,-2.0,-112.0
1775973845.1636589,-4.0,0.0,-108.0
1775973845.1736588,-3.0,2.0,-103.0
1775973845.1836588,-5.0,1.0,-100.0
1775973845.1936588,-3.0,-5.0,-102.0
1775973845.2036588,-6.0,-2.0,-109.0
1775973845.2136588,-2.0,0.0,-109.0
1775973845.2236588,-3.0,-5.0,-108.0
1775973845.2336588,-7.0,-4.0,-111.0
1775973845.2436588,-7.0,-2.0,-104.0
1775973845.2536588,-8.0,-4.0,-104.0
1775973845.2636588,-7.0,0.0,-109.0
1775973845.273659,-7.0,6.0,-110.0
1775973845.283659,-4.0,4.0,-108.0
1775973845.293659,-4.0,8.0,-107.0
1775973845.303659,-1.0,5.0,-110.0
1775973845.313659,0.0,2.0,-113.0
1775973845.323659,1.0,5.0,-110.0
1775973845.333659,-2.0,0.0,-105.0
1775973845.343659,0.0,-3.0,-100.0
1775973845.353659,-1.0,-3.0,-101.0
1775973845.363659,1.0,0.0,-100.0
1775973845.373659,3.0,-1.0,-92.0
1775973845.383659,7.0,-3.0,-97.0
1775973845.3936589,5.0,1.0,-106.0
1775973845.4036589,5.0,4.0,-112.0
1775973845.4136589,5.0,5.0,-116.0
1775973845.4236588,0.0,1.0,-105.0
1775973845.4336588,2.0,1.0,-105.0
1775973845.4436588,6.0,3.0,-110.0
1775973845.4536588,5.0,0.0,-113.0
1775973845.4636588,2.0,2.0,-114.0
1775973845.4736588,2.0,1.0,-117.0
1775973845.4836588,3.0,2.0,-119.0
1775973845.4936588,-1.0,0.0,-115.0
1775973845.5036588,-1.0,-5.0,-108.0
1775973845.5136588,-6.0,-3.0,-100.0
1775973845.523659,-8.0,-3.0,-105.0
1775973845.533659,-2.0,-2.0,-108.0
1775973845.543659,-4.0,-3.0,-105.0
1775973845.553659,-1.0,-4.0,-103.0
1775973845.563659,0.0,-2.0,-100.0
1775973845.573659,1.0,-7.0,-108.0
1775973845.583659,2.0,-5.0,-111.0
1775973845.593659,3.0,-3.0,-109.0
1775973845.603659,6.0,-4.0,-100.0
1775973845.613659,3.0,-1.0,-108.0
1775973845.623659,1.0,-1.0,-109.0
1775973845.633659,3.0,-3.0,-112.0
1775973845.6436589,-1.0,0.0,-119.0
1775973845.6536589,0.0,2.0,-121.0
1775973845.6636589,-10.0,1.0,-116.0
1775973845.6736588,-8.0,0.0,-106.0
1775973845.6836588,-3.0,3.0,-105.0
1775973845.6936588,-5.0,2.0,-105.0
1775973845.7036588,-3.0,3.0,-107.0
1775973845.7136588,-4.0,1.0,-116.0
1775973845.7236588,0.0,-3.0,-118.0
1775973845.7336588,1.0,-6.0,-117.0
1775973845.7436588,1.0,-4.0,-113.0
1775973845.7536588,1.0,-5.0,-116.0
1775973845.7636588,-2.0,-5.0,-119.0
1775973845.773659,-1.0,-8.0,-116.0
1775973845.783659,0.0,-8.0,-114.0
1775973845.793659,-3.0,-3.0,-112.0
1775973845.803659,-1.0,-1.0,-114.0
1775973845.813659,0.0,-3.0,-113.0
1775973845.823659,0.0,-1.0,-109.0
1775973845.833659,-3.0,1.0,-107.0
1775973845.843659,0.0,-2.0,-109.0
1775973845.853659,-1.0,-2.0,-106.0
1775973845.863659,-1.0,0.0,-104.0
1775973845.873659,-1.0,0.0,-101.0
1775973845.883659,-1.0,1.0,-103.0
1775973845.8936589,-6.0,3.0,-101.0
1775973845.9036589,-3.0,2.0,-98.0
1775973845.9136589,1.0,0.0,-98.0
1775973845.9236588,-2.0,-2.0,-95.0
1775973845.9336588,-2.0,-2.0,-102.0
1775973845.9436588,-1.0,-7.0,-101.0
1775973845.9536588,0.0,-7.0,-103.0
1775973845.9636588,0.0,-4.0,-103.0
1775973845.9736588,3.0,1.0,-104.0
1775973845.9836588,4.0,0.0,-109.0
1775973845.9936588,5.0,2.0,-112.0
1775973846.0036588,3.0,1.0,-107.0
1775973846.0136588,4.0,4.0,-101.0
1775973846.023659,6.0,3.0,-98.0
1775973846.033659,4.0,5.0,-94.0
1775973846.043659,8.0,3.0,-98.0
1775973846.053659,7.0,2.0,-93.0
1775973846.063659,7.0,6.0,-104.0
1775973846.073659,4.0,6.0,-102.0
1775973846.083659,8.0,6.0,-105.0
1775973846.093659,8.0,6.0,-104.0
1775973846.103659,11.0,6.0,-107.0
1775973846.113659,6.0,6.0,-106.0
1775973846.123659,4.0,7.0,-106.0
1775973846.133659,1.0,5.0,-105.0
1775973846.1436589,5.0,3.0,-108.0
1775973846.1536589,4.0,2.0,-106.0
1775973846.1636589,9.0,1.0,-108.0
1775973846.1736588,8.0,4.0,-118.0
1775973846.1836588,6.0,0.0,-113.0
1775973846.1936588,1.0,0.0,-114.0
1775973846.204659,0.0,-1.0,-113.0
1775973846.2136588,2.0,-1.0,-113.0
1775973846.224659,0.0,0.0,-108.0
1775973846.234659,4.0,2.0,-101.0
1775973846.244659,4.0,2.0,-101.0
1775973846.254659,3.0,4.0,-105.0
1775973846.264659,1.0,4.0,-100.0
1775973846.274659,0.0,1.0,-99.0
1775973846.284659,0.0,9.0,-98.0
1775973846.294659,2.0,8.0,-97.0
1775973846.304659,7.0,8.0,-103.0
1775973846.3146589,7.0,7.0,-109.0
1775973846.3246589,4.0,7.0,-110.0
1775973846.3346589,7.0,6.0,-110.0
1775973846.3446589,7.0,5.0,-108.0
1775973846.3546588,3.0,-3.0,-109.0
1775973846.3646588,5.0,-2.0,-111.0
1775973846.3746588,0.0,0.0,-110.0
1775973846.3846588,0.0,0.0,-108.0
1775973846.3946588,2.0,0.0,-109.0
1775973846.4046588,-1.0,-4.0,-106.0
1775973846.4146588,0.0,-1.0,-104.0
1775973846.4246588,2.0,-2.0,-101.0
1775973846.4346588,2.0,-1.0,-104.0
1775973846.444659,-4.0,0.0,-107.0
1775973846.454659,0.0,1.0,-106.0
1775973846.464659,-3.0,-3.0,-113.0
1775973846.474659,0.0,-1.0,-119.0
1775973846.484659,2.0,-1.0,-115.0
1775973846.494659,1.0,-2.0,-112.0
1775973846.504659,0.0,0.0,-112.0
1775973846.514659,2.0,3.0,-110.0
1775973846.524659,5.0,0.0,-103.0
1775973846.534659,7.0,-3.0,-97.0
1775973846.544659,3.0,-2.0,-103.0
1775973846.554659,0.0,-1.0,-106.0
1775973846.5646589,-1.0,2.0,-107.0
1775973846.5746589,3.0,3.0,-103.0
1775973846.5846589,0.0,0.0,-110.0
1775973846.5946589,-5.0,-2.0,-108.0
1775973846.6046588,-5.0,-5.0,-114.0
1775973846.6146588,-4.0,-3.0,-118.0
1775973846.6246588,-5.0,-5.0,-119.0
1775973846.6346588,-3.0,-4.0,-119.0
1775973846.6446588,-2.0,-6.0,-112.0
1775973846.6546588,0.0,-4.0,-109.0
1775973846.6646588,1.0,-1.0,-108.0
1775973846.6746588,0.0,0.0,-101.0
1775973846.6846588,-1.0,-1.0,-100.0
1775973846.694659,-3.0,1.0,-103.0
1775973846.704659,-2.0,0.0,-101.0
1775973846.714659,-5.0,-1.0,-103.0
1775973846.724659,-8.0,0.0,-103.0
1775973846.734659,-2.0,1.0,-101.0
1775973846.744659,1.0,1.0,-104.0
1775973846.754659,0.0,0.0,-109.0
1775973846.764659,3.0,-1.0,-104.0
1775973846.774659,2.0,0.0,-107.0
1775973846.784659,0.0,1.0,-109.0
1775973846.794659,1.0,0.0,-109.0
1775973846.804659,0.0,2.0,-105.0
1775973846.8146589,-2.0,3.0,-107.0
1775973846.8246589,0.0,4.0,-110.0
1775973846.8346589,-2.0,1.0,-111.0
1775973846.8446589,-1.0,-1.0,-116.0
1775973846.8546588,-1.0,2.0,-112.0
1775973846.8646588,-3.0,2.0,-104.0
1775973846.8746588,-3.0,2.0,-103.0
1775973846.8846588,-5.0,1.0,-110.0
1775973846.8946588,-6.0,2.0,-110.0
1775973846.9046588,-8.0,1.0,-110.0
1775973846.9146588,-7.0,1.0,-114.0
1775973846.9246588,-3.0,2.0,-117.0
1775973846.9346588,-2.0,0.0,-117.0
1775973846.944659,0.0,2.0,-116.0
1775973846.954659,-1.0,5.0,-116.0
1775973846.964659,1.0,2.0,-119.0
1775973846.974659,2.0,0.0,-110.0
1775973846.984659,5.0,0.0,-105.0
1775973846.994659,0.0,0.0,-104.0
1775973847.004659,-2.0,-1.0,-109.0
1775973847.014659,0.0,-3.0,-115.0
1775973847.024659,0.0,2.0,-118.0
1775973847.034659,3.0,5.0,-115.0
1775973847.044659,2.0,3.0,-114.0
1775973847.054659,1.0,5.0,-114.0
1775973847.0646589,-2.0,4.0,-114.0
1775973847.0746589,-2.0,0.0,-115.0
1775973847.0846589,2.0,1.0,-113.0
1775973847.0946589,5.0,0.0,-113.0
1775973847.1046588,4.0,0.0,-109.0
1775973847.1146588,5.0,3.0,-108.0
1775973847.1246588,2.0,2.0,-113.0
1775973847.1346588,1.0,2.0,-108.0
1775973847.1446588,1.0,-2.0,-103.0
1775973847.1546588,3.0,-4.0,-105.0
1775973847.1646588,3.0,-4.0,-100.0
1775973847.1746588,4.0,-4.0,-102.0
1775973847.1846588,6.0,-6.0,-105.0
1775973847.194659,7.0,-9.0,-112.0
1775973847.204659,9.0,-8.0,-115.0
1775973847.214659,10.0,-8.0,-111.0
1775973847.224659,10.0,-5.0,-106.0
1775973847.234659,9.0,-1.0,-103.0
1775973847.244659,9.0,1.0,-104.0
1775973847.254659,5.0,3.0,-102.0
1775973847.264659,6.0,5.0,-108.0
1775973847.274659,6.0,4.0,-107.0
1775973847.284659,3.0,1.0,-109.0
1775973847.294659,5.0,0.0,-106.0
1775973847.304659,3.0,-2.0,-105.0
1775973847.3146589,1.0,-3.0,-99.0
1775973847.3246589,-1.0,-1.0,-100.0
1775973847.3346589,-6.0,-6.0,-101.0
1775973847.3446589,-6.0,-7.0,-100.0
1775973847.3546588,-6.0,-3.0,-95.0
1775973847.3646588,-4.0,1.0,-98.0
1775973847.3746588,-1.0,0.0,-95.0
1775973847.3846588,0.0,2.0,-95.0
1775973847.3946588,-1.0,3.0,-92.0
1775973847.4046588,0.0,1.0,-96.0
1775973847.4146588,-5.0,0.0,-98.0
1775973847.4246588,-6.0,-1.0,-100.0
1775973847.4346588,-2.0,-1.0,-101.0
1775973847.444659,0.0,-5.0,-99.0
1775973847.454659,0.0,-5.0,-99.0
1775973847.464659,0.0,-2.0,-100.0
1775973847.474659,0.0,-1.0,-98.0
1775973847.484659,-1.0,-2.0,-104.0
1775973847.494659,-1.0,-5.0,-111.0
1775973847.504659,-2.0,-4.0,-112.0
1775973847.514659,-3.0,-7.0,-110.0
1775973847.524659,0.0,-5.0,-113.0
1775973847.534659,3.0,-5.0,-117.0
1775973847.544659,6.0,-4.0,-114.0
1775973847.554659,7.0,0.0,-113.0
1775973847.5646589,4.0,1.0,-110.0
1775973847.5746589,-3.0,0.0,-109.0
1775973847.5846589,0.0,-1.0,-106.0
1775973847.5946589,0.0,1.0,-107.0
1775973847.6046588,0.0,4.0,-112.0
1775973847.6146588,0.0,2.0,-114.0
1775973847.6246588,3.0,4.0,-112.0
1775973847.6346588,6.0,3.0,-115.0
1775973847.6446588,7.0,6.0,-116.0
1775973847.6546588,2.0,7.0,-111.0
1775973847.6646588,-1.0,7.0,-111.0
1775973847.6746588,-8.0,-1.0,-111.0
1775973847.6846588,-6.0,-6.0,-113.0
1775973847.694659,-5.0,-6.0,-117.0
1775973847.704659,0.0,-2.0,-112.0
1775973847.714659,-2.0,-3.0,-107.0
1775973847.724659,-2.0,0.0,-108.0
1775973847.734659,-4.0,-3.0,-112.0
1775973847.744659,-4.0,-7.0,-114.0
1775973847.754659,0.0,-4.0,-119.0
1775973847.764659,5.0,-1.0,-116.0
1775973847.774659,2.0,1.0,-109.0
1775973847.784659,1.0,0.0,-108.0
1775973847.794659,2.0,-4.0,-111.0
1775973847.804659,7.0,-4.0,-110.0
1775973847.8146589,6.0,-4.0,-109.0
1775973847.8246589,9.0,-4.0,-102.0
1775973847.8346589,8.0,0.0,-112.0
1775973847.8446589,5.0,0.0,-117.0
1775973847.8546588,6.0,2.0,-116.0
1775973847.8646588,5.0,0.0,-107.0
1775973847.8746588,1.0,0.0,-103.0
1775973847.8846588,1.0,-1.0,-101.0
1775973847.8946588,-1.0,0.0,-101.0
1775973847.9046588,-2.0,0.0,-102.0
1775973847.9146588,0.0,-3.0,-105.0
1775973847.9246588,-2.0,-3.0,-102.0
1775973847.9346588,-3.0,-2.0,-106.0
1775973847.944659,-3.0,-2.0,-113.0
1775973847.954659,-1.0,-4.0,-111.0
1775973847.964659,-1.0,-4.0,-109.0
1775973847.974659,-1.0,-4.0,-112.0
1775973847.984659,1.0,-1.0,-110.0
1775973847.994659,2.0,0.0,-109.0
1775973848.004659,2.0,3.0,-106.0
1775973848.014659,-2.0,0.0,-102.0
1775973848.024659,-4.0,-3.0,-97.0
1775973848.034659,-3.0,-2.0,-104.0
1775973848.044659,-3.0,-2.0,-111.0
1775973848.054659,2.0,0.0,-104.0
1775973848.0646589,0.0,0.0,-100.0
1775973848.0746589,-4.0,0.0,-97.0
1775973848.0846589,-5.0,5.0,-101.0
1775973848.0946589,-3.0,2.0,-103.0
1775973848.1046588,0.0,3.0,-106.0
1775973848.1146588,0.0,3.0,-103.0
1775973848.1246588,1.0,1.0,-107.0
1775973848.1346588,1.0,0.0,-116.0
1775973848.145659,5.0,0.0,-116.0
1775973848.1546588,8.0,-1.0,-111.0
1775973848.1646588,2.0,1.0,-104.0
1775973848.1746588,0.0,0.0,-104.0
1775973848.1846588,0.0,0.0,-109.0
1775973848.194659,0.0,1.0,-110.0
1775973848.204659,-1.0,0.0,-118.0
1775973848.214659,-1.0,-2.0,-120.0
1775973848.224659,-1.0,0.0,-114.0
1775973848.235659,-1.0,4.0,-112.0
1775973848.2456589,1.0,-1.0,-117.0
1775973848.254659,3.0,0.0,-113.0
1775973848.2656589,5.0,-2.0,-108.0
1775973848.2756588,1.0,0.0,-108.0
1775973848.284659,0.0,-4.0,-111.0
1775973848.2956588,-3.0,-6.0,-115.0
1775973848.3056588,-5.0,0.0,-115.0
1775973848.3156588,-5.0,3.0,-111.0
1775973848.3256588,-4.0,6.0,-111.0
1775973848.3356588,0.0,3.0,-108.0
1775973848.3456588,-3.0,0.0,-108.0
1775973848.3556588,-4.0,0.0,-107.0
1775973848.3656588,-4.0,0.0,-108.0
1775973848.375659,-2.0,0.0,-102.0
1775973848.385659,-5.0,0.0,-97.0
1775973848.395659,-3.0,-1.0,-97.0
1775973848.405659,-5.0,0.0,-101.0
1775973848.415659,-2.0,3.0,-105.0
1775973848.425659,2.0,2.0,-105.0
1775973848.435659,1.0,4.0,-103.0
1775973848.445659,1.0,6.0,-104.0
1775973848.455659,0.0,3.0,-101.0
1775973848.465659,3.0,1.0,-106.0
1775973848.475659,1.0,3.0,-103.0
1775973848.485659,0.0,2.0,-103.0
1775973848.4956589,1.0,3.0,-102.0
1775973848.5056589,3.0,4.0,-108.0
1775973848.5156589,3.0,3.0,-108.0
1775973848.5256588,3.0,0.0,-116.0
1775973848.5356588,0.0,0.0,-119.0
1775973848.5456588,1.0,1.0,-117.0
1775973848.5556588,5.0,0.0,-117.0
1775973848.5656588,6.0,1.0,-113.0
1775973848.5756588,7.0,1.0,-113.0
1775973848.5856588,4.0,4.0,-118.0
1775973848.5956588,0.0,5.0,-114.0
1775973848.6056588,-2.0,0.0,-111.0
1775973848.6156588,0.0,-2.0,-101.0
1775973848.625659,0.0,-2.0,-104.0
1775973848.635659,0.0,-4.0,-112.0
1775973848.645659,-1.0,-3.0,-111.0
1775973848.655659,-3.0,0.0,-112.0
1775973848.665659,-5.0,0.0,-118.0
1775973848.675659,-5.0,0.0,-115.0
1775973848.685659,-5.0,-1.0,-107.0
1775973848.695659,-8.0,-3.0,-107.0
1775973848.705659,-5.0,-5.0,-103.0
1775973848.715659,-4.0,-4.0,-107.0
1775973848.725659,-3.0,-1.0,-109.0
1775973848.735659,-1.0,-2.0,-111.0
1775973848.7456589,-2.0,1.0,-107.0
1775973848.7556589,0.0,-5.0,-109.0
1775973848.7656589,0.0,-7.0,-104.0
1775973848.7756588,-1.0,-4.0,-109.0
1775973848.7856588,-3.0,-2.0,-107.0
1775973848.7956588,0.0,-4.0,-108.0
1775973848.8056588,0.0,-2.0,-107.0
1775973848.8156588,1.0,-1.0,-101.0
1775973848.8256588,0.0,1.0,-112.0
1775973848.8356588,-4.0,2.0,-111.0
1775973848.8456588,-3.0,0.0,-113.0
1775973848.8556588,0.0,3.0,-114.0
1775973848.8656588,0.0,5.0,-119.0
1775973848.875659,0.0,6.0,-115.0
1775973848.885659,-1.0,4.0,-115.0
1775973848.895659,0.0,1.0,-113.0
1775973848.905659,2.0,-1.0,-117.0
1775973848.915659,0.0,-4.0,-113.0
1775973848.925659,3.0,-6.0,-112.0
1775973848.935659,2.0,-5.0,-112.0
1775973848.945659,2.0,-8.0,-111.0
1775973848.955659,1.0,-7.0,-118.0
1775973848.965659,-2.0,-6.0,-113.0
1775973848.975659,-2.0,-4.0,-106.0
1775973848.985659,-4.0,0.0,-112.0
1775973848.9956589,-2.0,4.0,-106.0
1775973849.0056589,-5.0,4.0,-113.0
1775973849.0156589,-7.0,4.0,-107.0
1775973849.0256588,-9.0,3.0,-105.0
1775973849.0356588,-8.0,2.0,-105.0
1775973849.0456588,-11.0,0.0,-108.0
1775973849.0556588,-10.0,0.0,-111.0
1775973849.0656588,-6.0,-1.0,-112.0
1775973849.0756588,-4.0,-5.0,-112.0
1775973849.0856588,-3.0,-4.0,-106.0
1775973849.0956588,0.0,-1.0,-107.0
1775973849.1056588,-3.0,1.0,-107.0
1775973849.1156588,-4.0,0.0,-107.0
1775973849.125659,-3.0,-4.0,-111.0
1775973849.135659,-5.0,-4.0,-118.0
1775973849.145659,0.0,-8.0,-113.0
1775973849.155659,-4.0,-9.0,-112.0
1775973849.165659,-3.0,-11.0,-107.0
1775973849.175659,-2.0,-11.0,-109.0
1775973849.185659,0.0,-9.0,-110.0
1775973849.195659,1.0,-3.0,-111.0
1775973849.205659,-1.0,-2.0,-110.0
1775973849.215659,-3.0,-2.0,-118.0
1775973849.225659,2.0,-5.0,-115.0
1775973849.235659,9.0,0.0,-113.0
1775973849.2456589,4.0,-2.0,-117.0
1775973849.2556589,2.0,0.0,-121.0
1775973849.2656589,0.0,-1.0,-119.0
1775973849.2756588,4.0,3.0,-117.0
1775973849.2856588,1.0,0.0,-115.0
1775973849.2956588,1.0,-1.0,-113.0
1775973849.3056588,5.0,-2.0,-108.0
1775973849.3156588,5.0,-4.0,-111.0
1775973849.3256588,0.0,-8.0,-103.0
1775973849.3356588,0.0,-5.0,-109.0
1775973849.3456588,-1.0,-2.0,-118.0
1775973849.3556588,-8.0,1.0,-120.0
1775973849.3656588,-8.0,0.0,-117.0
1775973849.375659,-7.0,1.0,-116.0
1775973849.385659,-4.0,4.0,-113.0
1775973849.395659,-4.0,2.0,-114.0
1775973849.405659,-4.0,7.0,-114.0
1775973849.415659,-4.0,7.0,-113.0
1775973849.425659,0.0,5.0,-106.0
