time,x,y,z
1747047600.010363,-67,-45,34
1747047600.0453634,-27,-3,56
1747047600.0803633,-21,63,40
1747047600.1163633,20,21,-9
1747047600.1523633,-29,0,-86
1747047600.1873634,38,43,19
1747047600.2233634,-1,53,8
1747047600.2583632,-75,-28,-51
1747047600.293363,17,-52,16
1747047600.3283634,-16,33,106
1747047600.3643634,41,49,-69
1747047600.4003634,33,-14,-44
1747047600.4353633,-60,-2,-10
1747047600.4713633,95,-4,83
1747047600.5063634,-74,3,21
1747047600.5413637,-10,1,59
1747047600.576363,58,-37,113
1747047600.612363,-51,48,125
1747047600.6483634,-26,-66,-42
1747047600.6833634,21,53,-29
1747047600.7193637,7,47,-63
1747047600.7543633,59,33,-17
1747047600.7893634,70,16,-63
1747047600.8243637,81,39,-29
1747047600.8603632,-46,70,96
1747047600.8963633,32,-51,118
1747047600.931363,-35,-13,50
1747047600.9673634,-45,36,-37
1747047601.0023634,49,-66,22
1747047601.0373633,35,-12,100
1747047601.0723634,-21,100,10
1747047601.1083634,86,124,-181
1747047601.1443634,-19,-19,96
1747047601.1793633,-56,45,-49
1747047601.2153633,-66,63,62
1747047601.250363,33,48,-45
1747047601.2853634,67,-55,16
1747047601.3203633,41,-5,54
1747047601.3563633,105,-47,110
1747047601.3923633,-114,11,0
1747047601.4273634,-55,-16,38
1747047601.4633634,-20,-22,14
1747047601.4983633,-16,9,77
1747047601.533363,-87,-17,106
1747047601.5693634,-29,0,4
1747047601.6043634,-2,1,-45
1747047601.6403637,42,6,64
1747047601.6753633,32,30,-27
1747047601.7113633,22,10,60
1747047601.7463634,4,58,62
1747047601.7813632,30,-7,144
1747047601.816363,-33,44,82
1747047601.852363,16,-85,40
1747047601.8883634,-1,70,-29
1747047601.9233634,-27,-9,56
1747047601.9593637,-31,-21,-75
1747047601.9943633,35,53,-76
1747047602.0293634,-28,-38,-73
1747047602.0653634,49,47,146
1747047602.1003633,31,-10,48
1747047602.1363633,-22,-20,190
1747047602.1713634,-11,-14,-39
1747047602.2073634,-9,-26,8
1747047602.2423637,-27,-6,23
1747047602.2773633,-7,-26,12
1747047602.3133633,9,19,40
1747047602.3483634,-61,-2,-25
1747047602.3843634,7,8,14
1747047602.4193633,0,29,-49
1747047602.4553633,37,-31,-81
1747047602.4903634,-102,38,4
1747047602.5253634,35,14,4
1747047602.5613637,27,-3,-19
1747047602.5963633,-16,-11,48
1747047602.632363,29,-11,-31
1747047602.6673634,33,-15,82
1747047602.7033634,59,-11,62
1747047602.7383633,71,20,-29
1747047602.7733634,-6,28,52
1747047602.8093634,-31,1,-65
1747047602.8443637,-3,65,4
1747047602.8803637,21,21,122
1747047602.9153633,0,9,-5
1747047602.951363,-14,-52,38
1747047602.9863634,-12,51,32
1747047603.0213633,-12,55,10
1747047603.0573633,45,15,-23
1747047603.0923634,11,49,4
1747047603.1283634,-30,-36,-11
1747047603.1633637,-26,-14,12
1747047603.1993637,121,23,10
1747047603.2343633,26,-28,86
1747047603.2693634,-11,23,-5
1747047603.3053634,-7,-36,-77
1747047603.3403633,-45,29,-20
1747047603.3763633,-8,67,56
1747047603.4123633,-76,31,-87
1747047603.4483633,-112,33,16
1747047603.4833634,9,25,100
1747047603.5183637,-11,-22,26
1747047603.553363,-21,5,-97
1747047603.589363,-55,11,-29
1747047603.625363,13,52,-81
1747047603.6603634,-24,-9,46
1747047603.6963634,12,-13,-15
1747047603.7313633,-42,-13,-93
1747047603.7663634,-20,-1,0
1747047603.8013637,7,-31,58
1747047603.8373632,-16,2,-57
1747047603.8733633,35,70,26
1747047603.908363,-14,16,-53
1747047603.9443634,-24,-11,16
1747047603.9793634,-52,-48,82
1747047604.0143633,42,30,-70
1747047604.0493634,-23,-37,24
1747047604.0853634,42,-15,-55
1747047604.1213634,-15,10,-28
1747047604.1563632,-83,-11,44
1747047604.1923633,-63,56,64
1747047604.227363,-25,10,11
1747047604.2623634,42,22,8
1747047604.2973633,40,0,34
1747047604.3333633,11,-59,94
1747047604.3693633,-12,-35,-43
1747047604.4043634,-56,50,-41
1747047604.4403634,-22,-16,-1
1747047604.4753633,-80,0,58
1747047604.510363,31,-44,42
1747047604.5453634,31,-48,-29
1747047604.5813634,-78,-8,-17
1747047604.6173637,0,0,-119
1747047604.6523633,57,43,66
1747047604.6883633,-2,77,-119
1747047604.7233634,-34,71,90
1747047604.7583632,43,7,50
1747047604.793363,61,-2,16
1747047604.829363,0,-10,30
1747047604.8653634,-24,-28,-43
1747047604.9003634,-18,35,100
1747047604.9363637,-54,23,0
1747047604.9713633,7,-26,-30
1747047605.0063634,-24,65,84
1747047605.0413637,20,-52,-53
1747047605.0773633,37,-26,-13
1747047605.1133633,23,-8,104
1747047605.1483634,97,-42,28
1747047605.1843634,-10,-16,38
1747047605.2193637,9,-94,30
1747047605.2543633,-2,27,94
1747047605.2893634,47,-72,68
1747047605.3253634,-2,7,68
1747047605.3613634,-18,-6,4
1747047605.3963633,69,-46,50
1747047605.4323633,9,49,52
1747047605.4673634,38,39,40
1747047605.5023634,-40,-14,142
1747047605.5373633,15,27,-103
1747047605.5733633,17,-70,56
1747047605.6093633,5,1,-17
1747047605.6443634,-76,-44,-97
1747047605.6803634,23,-40,32
1747047605.7153633,41,-4,22
1747047605.750363,41,71,-1
1747047605.7853634,25,44,18
1747047605.8213634,-47,28,8
1747047605.8573637,-65,28,-83
1747047605.8923633,36,-39,-87
1747047605.928363,35,-10,-23
1747047605.9633634,49,1,124
1747047605.9983633,15,-70,74
1747047606.033363,57,-130,-73
1747047606.0693634,15,1,12
1747047606.1053634,-18,13,8
1747047606.1403637,47,51,84
1747047606.1763637,5,75,-75
1747047606.2113633,-54,-44,78
1747047606.2463634,15,47,-71
1747047606.2813632,55,-13,-47
1747047606.3173633,107,46,-143
1747047606.3533633,9,-56,-71
1747047606.3883634,23,-4,-1
1747047606.4243634,16,3,6
1747047606.4593637,57,0,-105
1747047606.4943633,61,-20,108
1747047606.5293634,-48,-60,50
1747047606.5653634,-40,-33,48
1747047606.6013634,-69,39,92
1747047606.6363633,1,13,-51
1747047606.6723633,-47,-16,24
1747047606.7073634,32,49,-9
1747047606.7423637,-59,-10,84
1747047606.7783637,-1,1,26
1747047606.8133633,-33,43,20
1747047606.849363,20,43,-21
1747047606.8843634,-3,27,44
1747047606.9203634,-11,97,36
1747047606.9553633,-37,74,20
1747047606.9903634,24,-19,58
1747047607.0263634,32,-9,-21
1747047607.0613637,-55,18,58
1747047607.0973637,12,10,84
1747047607.132363,-9,36,74
1747047607.168363,-79,-13,146
1747047607.2033634,50,-17,44
1747047607.2383633,-63,30,-25
1747047607.2743633,30,42,26
1747047607.3093634,-33,-71,92
1747047607.3453634,56,-43,62
1747047607.3803637,-61,-7,80
1747047607.4163637,125,-19,12
1747047607.451363,-110,-21,50
1747047607.4863634,138,-3,62
1747047607.5223634,77,62,-5
1747047607.5573633,29,14,10
1747047607.5933633,-12,-13,22
1747047607.6283634,49,72,104
1747047607.6643634,-8,-41,20
1747047607.6993637,-62,6,14
1747047607.7343633,-24,-41,158
1747047607.770363,47,-34,-95
1747047607.8053634,-18,7,-61
1747047607.8413634,59,13,156
1747047607.8763633,1,17,118
1747047607.9113634,31,37,-29
1747047607.9463634,34,23,-19
1747047607.9823637,93,-9,-7
1747047608.0183637,-31,-36,38
1747047608.053363,-37,13,42
1747047608.089363,-65,16,-11
1747047608.1243634,76,42,-5
1747047608.1603634,-22,2,48
1747047608.1953633,1,26,28
1747047608.2303634,-13,-15,-129
1747047608.2663634,50,-63,-95
1747047608.3013637,62,56,-11
1747047608.3373632,-135,10,-153
1747047608.372363,-18,-83,18
1747047608.4073634,75,20,-117
1747047608.4423633,37,56,-21
1747047608.4783633,-52,-33,110
1747047608.5143633,43,4,-17
1747047608.5493634,-7,22,96
1747047608.5853634,29,43,43
1747047608.6203637,-15,8,40
1747047608.655363,-12,0,52
1747047608.6903634,113,71,-49
1747047608.7263634,-60,-42,20
1747047608.7623634,-8,11,-125
1747047608.7973633,25,15,-27
1747047608.8333633,-18,-54,120
1747047608.8683634,-63,-71,198
1747047608.9033637,39,-32,-21
1747047608.9383633,-10,5,14
1747047608.974363,-18,35,42
1747047609.010363,33,-34,18
1747047609.0453634,59,-38,-33
1747047609.0813634,47,-49,-71
1747047609.1163633,43,10,-105
1747047609.1513634,5,-81,10
1747047609.1863637,29,38,94
1747047609.2223637,95,48,18
1747047609.2583632,-32,-33,58
1747047609.293363,39,2,-7
1747047609.329363,-26,4,12
1747047609.3643634,-20,-41,71
1747047609.3993633,40,7,-9
1747047609.4343634,-29,-60,-33
1747047609.4703634,-28,6,62
1747047609.5063634,57,34,40
1747047609.5413637,12,0,-59
1747047609.5773633,-19,-20,8
1747047609.612363,-13,49,0
1747047609.6473634,8,49,22
1747047609.6823633,-91,-50,-73
1747047609.7183633,10,-34,18
1747047609.7613633,-45,15,28
1747047609.7973633,-5,83,38
1747047609.8333633,115,4,-73
1747047609.8683634,-9,-22,-43
1747047609.9033637,16,-16,78
1747047609.9383633,39,8,38
1747047609.974363,-42,-1,16
1747047610.010363,-4,24,82
1747047610.0453634,-8,31,-57
1747047610.0813634,-30,-104,-11
1747047610.1163633,15,95,-41
1747047610.1513634,1,-63,104
1747047610.1863637,71,-3,-19
1747047610.2223637,-17,-7,82
1747047610.2583632,70,-57,120
1747047610.293363,-29,-53,-11
1747047610.329363,-9,-19,8
1747047610.3643634,-7,18,54
1747047610.3993633,-17,12,72
1747047610.4343634,-19,-41,-87
1747047610.4703634,-36,-18,-41
1747047610.5063634,47,11,-35
1747047610.5413637,49,5,-121
1747047610.5773633,17,47,26
1747047610.612363,0,-84,56
1747047610.6473634,-84,36,82
1747047610.6823633,41,0,34
1747047610.7183633,-12,-21,12
1747047610.7543633,23,18,70
1747047610.7893634,-2,58,-89
1747047610.8253634,53,-31,-17
1747047610.8603632,-56,-3,-13
1747047610.895363,-22,-1,-11
1747047610.9303634,-20,48,-41
1747047610.9663634,1,25,-59
1747047611.0023634,33,-13,12
1747047611.0373633,-54,18,80
1747047611.0733633,57,-1,-39
1747047611.1083634,-18,-24,28
1747047611.1433637,67,9,-27
1747047611.178363,-41,26,8
1747047611.214363,-22,23,24
1747047611.250363,-92,2,92
1747047611.2853634,-2,-25,-21
1747047611.3213634,47,-45,16
1747047611.3563633,-32,10,-37
1747047611.3913634,-26,-32,-23
1747047611.4273634,27,-24,-43
1747047611.4623632,-9,-9,-111
1747047611.4983633,-52,87,48
1747047611.533363,23,-10,90
1747047611.5693634,47,29,-63
1747047611.6043634,-31,-45,8
1747047611.6393633,47,-10,64
1747047611.6753633,41,47,56
1747047611.7103634,-60,5,56
1747047611.7463634,-64,67,4
1747047611.7813632,-60,43,48
1747047611.8173633,14,18,-45
1747047611.852363,14,28,-3
1747047611.8873634,-17,-9,100
1747047611.9233634,-52,-43,-17
1747047611.9583633,31,8,30
1747047611.9943633,3,30,-73
1747047612.0293634,-78,40,68
1747047612.0653634,22,5,-7
1747047612.1003633,0,-21,-41
1747047612.135363,-15,2,-29
1747047612.1713634,-12,17,74
1747047612.2063634,-52,-44,-25
1747047612.2423637,-12,77,-25
1747047612.2773633,59,53,-143
1747047612.3133633,49,-82,6
1747047612.3483634,-9,51,80
1747047612.3833632,22,-30,26
1747047612.4193633,52,-64,52
1747047612.454363,48,11,-5
1747047612.4903634,56,-100,-1
1747047612.5253634,28,-45,-5
1747047612.5613637,41,58,58
1747047612.5963633,-18,-37,-29
1747047612.6313634,-72,-19,8
1747047612.6673634,-65,-2,26
1747047612.7023633,-43,-24,12
1747047612.7383633,56,34,-23
1747047612.7733634,-25,56,-15
1747047612.8093634,-35,-13,-13
1747047612.8443637,30,-83,28
1747047612.8793633,-9,7,60
1747047612.9153633,-25,25,36
1747047612.9503634,-31,8,12
1747047612.9863634,84,-21,46
1747047613.0213633,16,34,140
1747047613.056363,36,-14,52
1747047613.0913634,-1,25,-55
1747047613.1273634,0,-22,-53
1747047613.1633637,-17,34,26
1747047613.1983633,26,-47,60
1747047613.2343633,8,16,-43
1747047613.2693634,-76,-1,182
1747047613.3043633,-75,25,124
1747047613.339363,1,39,-119
1747047613.375363,85,5,-39
1747047613.4113634,23,-12,64
1747047613.4463634,25,-12,64
1747047613.4823637,29,-36,26
1747047613.5173633,-1,11,-85
1747047613.5523634,98,59,-9
1747047613.5873632,90,-47,2
1747047613.6233633,-28,13,62
1747047613.6593633,-28,19,46
1747047613.6943634,1,-20,12
1747047613.7303634,-39,-23,-13
1747047613.7653637,-37,32,32
1747047613.8003633,88,-9,30
1747047613.8353634,-3,22,-19
1747047613.8713634,13,37,2
1747047613.9073634,1,15,68
1747047613.9423633,-70,-2,12
1747047613.9783633,23,-16,72
1747047614.0133634,-70,-60,52
1747047614.0483634,-7,-48,14
1747047614.0833633,42,21,-29
1747047614.1193633,101,93,-85
1747047614.155363,99,-30,-13
1747047614.1903634,-3,3,-167
1747047614.2263634,-21,-29,-51
1747047614.2613633,33,25,-39
1747047614.2963634,40,-5,-31
1747047614.3313634,64,-34,-49
1747047614.3673637,58,30,120
1747047614.4033637,12,-33,46
1747047614.4383633,-33,2,14
1747047614.474363,-37,0,34
1747047614.5093634,40,-84,128
1747047614.5443633,-1,-56,148
1747047614.579363,0,-44,36
1747047614.6153634,-21,13,18
1747047614.6513634,110,-96,98
1747047614.6863637,74,19,66
1747047614.7223637,-71,69,-17
1747047614.757363,28,-6,-53
1747047614.7923634,-13,-10,56
1747047614.8273633,60,23,148
1747047614.8633633,-23,37,72
1747047614.8993633,-65,37,30
1747047614.9343634,17,-56,-69
1747047614.9703634,70,-4,78
1747047615.0053637,74,11,-57
1747047615.0403633,39,-34,36
1747047615.0753634,44,15,58
1747047615.1113634,12,-24,84
1747047615.1473634,64,83,-53
1747047615.1823633,-24,-10,48
1747047615.2183633,37,29,1
1747047615.2533634,-94,-54,-147
1747047615.2883637,75,17,-51
1747047615.3233633,-28,56,76
1747047615.3593633,99,26,-51
1747047615.395363,-22,-23,12
1747047615.4303634,-20,-29,92
1747047615.4663634,-12,14,-3
1747047615.5013633,-5,-1,-67
1747047615.5363634,-59,64,130
1747047615.5713634,64,-43,56
1747047615.6073637,-29,-63,0
1747047615.6433637,15,17,130
1747047615.678363,63,75,-23
1747047615.714363,31,39,12
1747047615.7493634,31,-68,54
1747047615.7843633,-46,-80,64
1747047615.8193634,-56,-12,16
1747047615.8553634,-76,29,4
1747047615.8913634,-65,-68,12
1747047615.9263637,-33,0,-13
1747047615.9623632,-21,-12,-5
1747047615.997363,22,-28,106
1747047616.0323634,22,31,-99
1747047616.0683634,-31,8,-70
1747047616.1033633,-25,-33,-150
1747047616.1393633,24,58,0
1747047616.1743634,-51,-77,210
1747047616.2103634,14,-100,42
1747047616.2453637,-8,-29,-53
1747047616.280363,24,-114,88
1747047616.316363,-34,-11,64
1747047616.3513634,-15,6,24
1747047616.3873634,7,8,-43
1747047616.4223633,-12,-23,46
1747047616.4583633,13,-53,48
1747047616.4933634,-2,-47,32
1747047616.5283637,-34,-67,130
1747047616.5643632,37,-1,-69
1747047616.599363,29,44,-103
1747047616.635363,13,-27,0
1747047616.6703634,25,-15,3
1747047616.7063634,22,5,5
1747047616.7413633,14,57,-38
1747047616.7763634,-59,-22,-91
1747047616.8123634,-54,38,-21
1747047616.8473637,-87,-41,42
1747047616.8833632,-75,79,-59
1747047616.918363,-45,57,-5
1747047616.954363,-31,47,-118
1747047616.9893634,60,51,-46
1747047617.0243633,-33,-52,-30
1747047617.0603633,32,-24,18
1747047617.0953634,38,37,-37
1747047617.1313634,-19,-16,44
1747047617.1663637,44,-79,22
1747047617.2023633,50,-101,28
1747047617.237363,-1,50,-65
1747047617.2723634,-16,15,14
1747047617.3083634,103,-46,-25
1747047617.3433633,-16,-10,24
1747047617.3793633,31,-23,-87
1747047617.4143634,11,-19,52
1747047617.4503634,-36,-13,-39
1747047617.4853632,99,-40,26
1747047617.520363,-37,23,-45
1747047617.556363,6,-54,52
1747047617.5913634,-59,1,54
1747047617.6273634,37,38,12
1747047617.6623633,-19,-4,56
1747047617.6973634,36,-38,24
1747047617.7323637,-15,3,34
1747047617.7683637,-25,41,-37
1747047617.8043633,10,-12,0
1747047617.839363,-69,27,-31
1747047617.875363,12,-18,46
1747047617.9103634,62,33,34
1747047617.9453633,6,-37,-23
1747047617.9803634,32,-50,-19
1747047618.0163634,22,-7,27
1747047618.0523634,2,42,2
1747047618.0873632,-3,0,16
1747047618.1233633,34,12,52
1747047618.158363,-11,-13,8
1747047618.1933634,38,-51,40
1747047618.2283633,13,42,42
1747047618.2643633,-103,0,118
1747047618.3003633,39,36,9
1747047618.3353634,1,-11,83
1747047618.3713634,-26,84,9
1747047618.4063632,13,54,-44
1747047618.441363,-40,-25,-6
1747047618.4763634,23,-17,140
1747047618.5123634,39,-51,-21
1747047618.5483634,49,-59,-33
1747047618.5833633,48,52,-13
1747047618.6193633,56,-4,25
1747047618.6543634,0,77,-80
1747047618.6893632,46,-12,85
1747047618.724363,26,7,-31
1747047618.760363,22,5,136
1747047618.7963634,36,5,16
1747047618.8313634,44,-60,-9
1747047618.8673637,-41,-42,58
1747047618.9023633,72,43,10
1747047618.9373634,11,-14,94
1747047618.9723637,-18,49,-31
1747047619.0083632,-16,3,62
1747047619.0443633,-4,-16,88
1747047619.079363,-23,17,6
1747047619.1153634,35,-20,54
1747047619.1503634,17,71,-45
1747047619.1853633,-20,-22,-21
1747047619.2203634,64,-43,-81
1747047619.2563634,0,-20,12
1747047619.2923634,31,51,20
1747047619.3273633,-20,5,18
1747047619.3633633,84,-75,68
1747047619.3983634,4,-19,-55
1747047619.4333634,-35,-23,40
1747047619.4683633,-4,-48,-23
1747047619.5043633,6,-9,16
1747047619.5403633,29,48,-39
1747047619.5753634,-61,-15,0
1747047619.6113634,89,67,79
1747047619.6463633,25,19,17
1747047619.681363,-55,-5,63
1747047619.7163634,38,-73,46
1747047619.7523634,-5,7,77
1747047619.7953634,-1,-14,159
1747047619.8313634,-21,-38,99
1747047619.8673637,90,-60,40
1747047619.9023633,-147,25,24
1747047619.9373634,10,-58,-4
1747047619.9723637,-11,-62,60
1747047620.0083632,-41,53,114
1747047620.0443633,24,-56,66
1747047620.079363,-31,-12,106
1747047620.1153634,29,-33,-85
1747047620.1503634,12,46,84
1747047620.1853633,-57,-19,-25
1747047620.2203634,10,-111,26
1747047620.2563634,57,-17,-33
1747047620.2923634,-49,-112,-33
1747047620.3273633,22,30,-23
1747047620.3633633,2,-24,54
1747047620.3983634,-41,-65,48
1747047620.4333634,60,-35,94
1747047620.4683633,0,-77,-7
1747047620.5043633,10,-41,-49
1747047620.5403633,44,32,63
1747047620.5753634,0,-17,-24
1747047620.6113634,50,60,29
1747047620.6463633,-21,23,111
1747047620.681363,94,-18,68
1747047620.7173634,-128,-17,78
1747047620.7523634,17,18,-57
1747047620.7883637,39,-11,18
1747047620.8233633,19,-25,10
1747047620.8593633,7,0,56
1747047620.8943634,-96,44,18
1747047620.9293633,-7,24,182
1747047620.9653633,12,22,-89
1747047621.000363,-75,40,-7
1747047621.0363634,-29,-39,-53
1747047621.0713634,-15,-43,4
1747047621.1073637,12,8,108
1747047621.1423633,-5,0,82
1747047621.1773634,-49,77,22
1747047621.2133634,-25,-48,-1
1747047621.2483633,4,31,123
1747047621.2843633,94,59,-83
1747047621.3193634,36,-40,64
1747047621.3553634,-74,-17,-129
1747047621.3903637,-1,35,10
1747047621.4253633,33,-85,-25
1747047621.4613633,42,16,80
1747047621.4963634,3,-11,-51
1747047621.5323634,-18,-55,90
1747047621.5673633,64,-6,76
1747047621.6033633,-45,-28,60
1747047621.6383634,97,28,92
1747047621.6733634,-71,-130,59
1747047621.7093637,-41,-53,-22
1747047621.7443633,0,-55,103
1747047621.780363,-57,2,-108
1747047621.8153634,-18,-54,88
1747047621.8513634,11,-24,-15
1747047621.8863633,-20,-8,30
1747047621.9213634,44,-6,42
1747047621.9573634,-52,25,-5
1747047621.9923637,-30,113,-15
1747047622.0283637,22,-44,-65
1747047622.0633633,-19,-18,-19
1747047622.099363,-3,21,-70
1747047622.1343634,100,-21,-25
1747047622.1693633,18,17,50
1747047622.2053633,-1,53,64
1747047622.2403634,-80,-39,-123
1747047622.2763634,44,-55,134
1747047622.3113637,38,-24,-3
1747047622.3473637,-25,19,-27
1747047622.3833632,42,-2,-77
1747047622.418363,-35,-62,-11
1747047622.4533634,-48,50,52
1747047622.4893634,12,-14,108
1747047622.5253634,-56,64,90
1747047622.5603633,-27,26,44
1747047622.5963633,32,-3,40
1747047622.6313634,-109,26,-41
1747047622.6663637,-11,-7,-39
1747047622.701363,62,-33,-89
1747047622.737363,118,2,18
1747047622.7733634,-9,58,66
1747047622.8083634,58,-22,46
1747047622.8443637,105,-39,-43
1747047622.8793633,-14,-23,-35
1747047622.9143634,-40,38,80
1747047622.9493637,0,-43,112
1747047622.9853632,31,-27,-55
1747047623.0213633,64,-3,84
1747047623.056363,-2,-9,2
1747047623.0923634,47,6,10
1747047623.1273634,-16,-7,144
1747047623.1623633,-78,-16,-137
1747047623.1973634,34,-36,76
1747047623.2333634,-6,75,-187
1747047623.2693634,-78,-95,12
1747047623.3043633,15,58,-33
1747047623.3403633,91,34,40
1747047623.375363,-16,0,-53
1747047623.4103634,7,78,32
1747047623.4453633,-22,-10,10
1747047623.4813633,22,4,30
1747047623.5173633,68,8,72
1747047623.5523634,-20,-56,-55
1747047623.5883634,-50,15,20
1747047623.6233633,-72,130,-67
1747047623.658363,77,62,40
1747047623.6933634,31,-29,42
1747047623.7293634,7,-123,-125
1747047623.7653637,77,-55,70
1747047623.8003633,-9,16,-87
1747047623.8363633,-27,68,-47
1747047623.8713634,4,32,16
1747047623.9063632,-78,57,0
1747047623.941363,11,-4,-21
1747047623.977363,27,-54,8
1747047624.0133634,-2,-60,-85
1747047624.0483634,44,34,62
1747047624.0843637,-5,-13,124
1747047624.1193633,44,24,-48
1747047624.1543634,-5,78,-63
1747047624.1893632,-2,36,18
1747047624.2253633,-73,-1,2
1747047624.2613633,-58,2,32
1747047624.2963634,49,-61,-59
1747047624.3323634,37,-33,56
1747047624.3673637,64,-26,-45
1747047624.4023633,20,-72,-79
1747047624.4373634,29,27,12
1747047624.4733634,-46,-26,118
1747047624.5093634,15,21,-11
1747047624.5443633,-10,35,-69
1747047624.5803633,5,43,-57
1747047624.6153634,51,9,50
1747047624.6503634,-22,31,22
1747047624.6853633,-68,47,34
1747047624.7213633,-8,21,42
1747047624.757363,9,71,-22
1747047624.7923634,-80,-56,-1
1747047624.8283634,-12,-23,-93
1747047624.8633633,-10,-25,-41
1747047624.8983634,49,-1,-13
1747047624.9333634,87,22,122
1747047624.9693637,-30,-21,100
1747047625.0053637,-28,-33,76
1747047625.0403633,-52,46,82
1747047625.076363,-16,-9,-75
1747047625.1113634,43,-29,18
1747047625.1463633,69,82,50
1747047625.181363,25,-40,-73
1747047625.2173634,43,-43,28
1747047625.2533634,7,-9,-17
1747047625.2883637,71,-23,-27
1747047625.3243637,-51,7,96
1747047625.3593633,44,23,24
1747047625.3943634,-47,13,40
1747047625.4303634,14,17,-37
1747047625.4653633,68,-28,116
1747047625.5013633,2,32,-43
1747047625.5363634,-23,-23,116
1747047625.5723634,56,-38,-19
1747047625.6073637,-21,43,-3
1747047625.6423633,-31,37,4
1747047625.678363,-37,29,16
1747047625.7133634,22,37,64
1747047625.7493634,26,9,40
1747047625.7843633,35,29,-103
1747047625.8203633,-1,-72,12
1747047625.8553634,-34,13,-23
1747047625.8903637,28,-12,26
1747047625.9263637,-105,-52,16
1747047625.9613633,-65,-2,12
1747047625.997363,22,47,-70
1747047626.0323634,43,51,-44
1747047626.0683634,14,-10,1
1747047626.1033633,-37,-28,27
1747047626.1383634,-47,81,11
1747047626.1743634,20,77,-14
1747047626.2093637,-59,-70,0
1747047626.2453637,8,-66,102
1747047626.280363,36,17,32
1747047626.316363,-57,9,-185
1747047626.3513634,-37,19,17
1747047626.3863633,-3,1,8
1747047626.4223633,78,-12,71
1747047626.4573634,-21,19,-90
1747047626.4933634,-16,-2,19
1747047626.5283637,-3,67,38
1747047626.5643632,-51,121,-39
1747047626.599363,72,-30,42
1747047626.6343634,70,29,137
1747047626.6703634,-109,37,53
1747047626.7053633,83,-10,33
1747047626.7413633,25,11,9
1747047626.7763634,16,79,95
1747047626.8123634,37,81,0
1747047626.8473637,0,-4,-131
1747047626.882363,-6,-94,-11
1747047626.918363,-44,-34,44
1747047626.9533634,23,33,-3
1747047626.9893634,27,27,-71
1747047627.0243633,-46,-18,70
1747047627.0593634,1,19,82
1747047627.0943637,-19,70,116
1747047627.1303637,-17,-126,100
1747047627.1663637,52,-22,224
1747047627.201363,-7,19,-61
1747047627.237363,-46,-24,-93
1747047627.2723634,20,-115,-121
1747047627.3073633,-40,-45,-51
1747047627.3423634,-10,-55,72
1747047627.3783634,-54,-63,1
1747047627.4143634,51,-15,57
1747047627.4493637,-16,-37,-8
1747047627.4853632,-10,90,33
1747047627.520363,13,-51,115
1747047627.5553634,57,18,-12
1747047627.5903633,54,20,-122
1747047627.6263633,14,-38,-79
1747047627.6623633,62,-34,60
1747047627.6973634,26,33,74
1747047627.7333634,-33,11,-205
1747047627.7683637,14,-8,-53
1747047627.803363,4,-56,-49
1747047627.8383634,8,11,-49
1747047627.8743634,-29,15,114
1747047627.9103634,33,-24,2
1747047627.9453633,-62,-24,88
1747047627.9813633,-45,11,-11
1747047628.0163634,-21,-32,-57
1747047628.0513637,-21,19,4
1747047628.0863633,-18,-56,82
1747047628.122363,-11,-50,-19
1747047628.158363,-21,7,42
1747047628.1933634,26,37,-51
1747047628.2293634,65,-24,44
1747047628.2643633,75,85,10
1747047628.2993634,-31,-12,34
1747047628.3343637,-47,-68,132
1747047628.3703637,50,-76,12
1747047628.4063632,2,-10,-65
1747047628.441363,-17,25,-95
1747047628.477363,-7,-32,123
1747047628.5123634,24,-44,-57
1747047628.5473633,16,-8,-13
1747047628.5823634,74,23,46
1747047628.6183634,-3,0,-33
1747047628.6543634,22,43,8
1747047628.6893632,32,-32,0
1747047628.7253633,116,-4,14
1747047628.760363,16,17,50
1747047628.7953634,20,39,18
1747047628.8303633,-75,-7,52
1747047628.8663633,32,-125,54
1747047628.9023633,-43,-21,12
1747047628.9373634,-43,-59,26
1747047628.9733634,-11,-17,-19
1747047629.0083632,-89,-47,-7
1747047629.043363,10,38,48
1747047629.0783634,-19,50,66
1747047629.1143634,-1,38,-23
1747047629.1503634,56,20,4
1747047629.1853633,38,-65,38
1747047629.2213633,4,-53,92
1747047629.2563634,0,-6,2
1747047629.2913637,28,-34,88
1747047629.326363,-53,-53,6
1747047629.362363,-3,54,-37
1747047629.3983634,64,30,14
1747047629.4333634,2,-7,-11
1747047629.4693637,-45,-7,-5
1747047629.5043633,2,-37,40
1747047629.5393634,-23,-111,26
1747047629.5743637,124,-63,3
1747047629.6103632,-117,-11,88
1747047629.6463633,34,-29,-17
1747047629.681363,10,60,78
1747047629.7173634,-11,18,38
1747047629.7523634,38,-38,-135
1747047629.7873633,34,25,12
1747047629.8303633,-31,-2,28
1747047629.8663633,22,41,12
1747047629.9023633,4,-60,60
1747047629.9373634,58,59,-21
1747047629.9733634,24,-75,54
1747047630.0083632,-67,-11,-113
1747047630.043363,96,-79,12
1747047630.079363,-32,-55,30
1747047630.1143634,-33,3,-33
1747047630.1503634,58,9,-65
1747047630.1853633,114,-36,41
1747047630.2213633,-41,33,33
1747047630.2563634,-23,-58,44
1747047630.2913637,6,-2,-9
1747047630.3273633,0,-28,10
1747047630.362363,-37,-30,-13
1747047630.3983634,-39,17,-99
1747047630.4333634,56,55,-35
1747047630.4693637,6,59,68
1747047630.5043633,66,-48,32
1747047630.5393634,-23,19,26
1747047630.5753634,-25,15,88
1747047630.6103632,32,37,60
1747047630.6463633,-33,19,-51
1747047630.681363,-1,25,8
1747047630.7173634,12,-48,34
1747047630.7523634,-39,-2,-73
1747047630.7873633,-63,-10,-5
1747047630.8233633,59,56,-131
1747047630.8583634,58,3,-43
1747047630.8943634,-44,-80,86
1747047630.9293633,-22,-68,-67
1747047630.9653633,-42,-34,86
1747047631.000363,8,25,-7
1747047631.0353634,26,25,118
1747047631.0713634,-26,-30,66
1747047631.1063633,-76,-20,32
1747047631.1423633,51,-32,118
1747047631.1773634,27,39,12
1747047631.2133634,-13,7,59
1747047631.2483633,-93,-30,-40
1747047631.283363,28,66,73
1747047631.3193634,-47,-24,19
1747047631.3543634,15,23,17
1747047631.3903637,3,-64,-174
1747047631.4253633,38,-20,21
1747047631.4613633,16,37,-11
1747047631.4963634,34,-36,-46
1747047631.5313632,84,45,-1
1747047631.5673633,30,61,-19
1747047631.602363,-3,-44,-47
1747047631.6383634,44,84,-101
1747047631.6733634,-7,-17,-47
1747047631.7093637,-25,-51,-55
1747047631.7453637,-72,-11,-7
1747047631.780363,-30,-27,-105
1747047631.8153634,19,-35,-177
1747047631.8513634,-80,-14,16
1747047631.8873634,-10,-24,-71
1747047631.9223633,-46,-85,122
1747047631.9583633,24,33,8
1747047631.9933634,-40,-4,-11
1747047632.0283637,49,-35,32
1747047632.0633633,-12,-43,-13
1747047632.099363,-39,-14,46
1747047632.135363,-49,1,-80
1747047632.1703634,27,-29,-50
1747047632.2063634,10,-2,-98
1747047632.2413633,-53,-8,121
1747047632.2763634,38,-69,59
1747047632.3113637,86,-7,39
1747047632.3473637,24,-51,-12
1747047632.3833632,2,10,23
1747047632.418363,-7,60,-58
1747047632.454363,46,-2,125
1747047632.4893634,-23,56,37
1747047632.5243633,-27,-32,-19
1747047632.5593634,8,9,9
1747047632.5953634,34,-26,53
1747047632.6313634,-39,-10,21
1747047632.6663637,-27,-48,-102
1747047632.7023633,56,-16,-19
1747047632.737363,-13,73,25
1747047632.7723634,30,-2,-84
1747047632.8073633,54,21,9
1747047632.8433633,54,-9,99
1747047632.8793633,-41,30,3
1747047632.9143634,4,-2,41
1747047632.9503634,-25,-80,44
1747047632.9853632,-17,13,45
1747047633.020363,54,-40,50
1747047633.0553634,-36,-4,-7
1747047633.0913634,-76,9,88
1747047633.1273634,32,27,4
1747047633.1623633,27,-22,-95
1747047633.1983633,11,-14,46
1747047633.2333634,-22,-30,16
1747047633.2683637,-50,-84,60
1747047633.303363,33,3,8
1747047633.339363,55,33,4
1747047633.375363,-10,25,38
1747047633.4103634,-56,31,-120
1747047633.4463634,25,83,167
1747047633.4813633,52,-38,13
1747047633.5163634,90,-4,-5
1747047633.5513637,-34,-66,-43
1747047633.5873632,-24,-24,122
1747047633.6233633,-57,21,-65
1747047633.658363,63,-70,-79
1747047633.6943634,-52,-50,56
1747047633.7293634,5,1,-19
1747047633.7643633,24,-24,-31
1747047633.7993634,17,33,16
1747047633.8353634,-32,7,-47
1747047633.8713634,-78,25,48
1747047633.9063632,-20,27,46
1747047633.9423633,-34,-20,6
1747047633.977363,-34,-60,84
1747047634.0123634,-12,21,20
1747047634.0473633,-38,-98,-59
1747047634.0833633,78,9,34
1747047634.1193633,74,19,2
1747047634.1543634,-35,31,-25
1747047634.1903634,56,73,7
1747047634.2253633,-83,-10,32
1747047634.260363,-1,-4,-16
1747047634.2953634,17,53,11
1747047634.3313634,-11,-10,-98
1747047634.3673637,-20,31,48
1747047634.4023633,125,-20,-65
1747047634.4383633,36,0,-15
1747047634.4733634,-24,-44,12
1747047634.5083632,25,-84,-61
1747047634.543363,18,-66,-21
1747047634.579363,-47,26,52
1747047634.6153634,108,90,-39
1747047634.6503634,26,69,-55
1747047634.6863637,-15,13,52
1747047634.7213633,108,25,-65
1747047634.7563634,-31,-22,-43
1747047634.7923634,91,3,-17
1747047634.8273633,-26,-24,-79
1747047634.8633633,34,6,-55
1747047634.8983634,62,-51,-1
1747047634.9343634,37,-66,-3
1747047634.9693637,23,19,-53
1747047635.0043633,105,-15,22
1747047635.0403633,25,-58,-47
1747047635.0753634,57,-2,-19
1747047635.1113634,-6,-12,-143
1747047635.1463633,0,13,-30
1747047635.1823633,-1,3,-105
1747047635.2173634,2,-20,44
1747047635.2523634,48,39,52
1747047635.2883637,-95,0,114
1747047635.3233633,-59,59,26
1747047635.3593633,7,44,66
1747047635.3943634,-24,54,-47
1747047635.4303634,6,-68,-127
1747047635.4653633,11,22,100
1747047635.500363,-20,-19,52
1747047635.5363634,-56,-17,-17
1747047635.5713634,27,-33,-13
1747047635.6073637,11,36,-85
1747047635.6423633,27,34,-57
1747047635.678363,103,2,25
1747047635.7133634,27,34,-88
1747047635.7483633,-18,64,79
1747047635.7843633,67,-31,-28
1747047635.8193634,35,-11,-3
1747047635.8553634,57,-19,40
1747047635.8903637,21,98,-43
1747047635.9263637,-132,26,116
1747047635.9613633,2,-15,-75
1747047635.9963634,-43,78,24
1747047636.0323634,-7,-47,44
1747047636.0673633,-65,24,-91
1747047636.1033633,-43,6,10
1747047636.1383634,-23,-17,62
1747047636.1743634,-47,-13,-15
1747047636.2093637,-27,-85,32
1747047636.2443633,-33,-37,-23
1747047636.280363,-33,18,-67
1747047636.3153634,-28,-13,8
1747047636.3513634,25,32,66
1747047636.3863633,35,44,96
1747047636.4223633,-26,2,14
1747047636.4583633,32,-80,20
1747047636.4933634,-27,24,142
1747047636.5283637,41,-63,-13
1747047636.5643632,-14,-5,42
1747047636.6003633,1,-53,20
1747047636.635363,23,-17,-39
1747047636.6713634,34,40,-89
1747047636.7063634,-11,-35,-18
1747047636.7413633,40,-23,35
1747047636.7763634,45,-79,33
1747047636.8123634,18,-10,21
1747047636.8483634,-20,-75,-142
1747047636.8833632,-30,-43,63
1747047636.9193633,-90,-27,101
1747047636.954363,-16,-89,23
1747047636.9893634,39,-33,87
1747047637.0243633,-68,12,55
1747047637.0603633,-24,-6,135
1747047637.0963633,-44,-52,57
1747047637.1313634,53,19,9
1747047637.1673634,45,-16,67
1747047637.2023633,-44,-68,-42
1747047637.237363,19,-10,-74
1747047637.2723634,-32,-18,111
1747047637.3083634,21,19,69
1747047637.3443637,61,-4,19
1747047637.3793633,-5,-26,53
1747047637.4153633,-85,-26,-6
1747047637.4503634,-41,-50,17
1747047637.4853632,-123,-6,-90
1747047637.520363,-19,19,-44
1747047637.556363,28,17,17
1747047637.5923634,59,9,39
1747047637.6273634,19,-2,69
1747047637.6633637,33,-84,-54
1747047637.6983633,25,-114,47
1747047637.7333634,41,47,-50
1747047637.7683637,28,-25,67
1747047637.8043633,8,-77,41
1747047637.8403633,-41,12,75
1747047637.875363,8,-3,-8
1747047637.9113634,36,27,-80
1747047637.9463634,30,-62,53
1747047637.9813633,92,-9,15
1747047638.0163634,34,-35,-18
1747047638.0523634,-24,-66,11
1747047638.0883634,-59,-70,-62
1747047638.1233633,-116,-72,83
1747047638.1593633,-65,47,77
1747047638.1943634,8,-92,-8
1747047638.2293634,28,77,45
1747047638.2643633,30,-33,79
1747047638.3003633,9,15,65
1747047638.3363633,-16,-4,-14
1747047638.3713634,-50,17,-38
1747047638.4073634,-4,-80,63
1747047638.4423633,-20,71,141
1747047638.477363,9,13,55
1747047638.5123634,41,-60,-2
1747047638.5483634,45,-18,-30
1747047638.5843637,39,-24,63
1747047638.6193633,-52,-50,51
1747047638.655363,-34,-30,-8
1747047638.6903634,-3,-39,47
1747047638.7253633,41,-16,29
1747047638.760363,100,21,-54
1747047638.7963634,36,62,-36
1747047638.8323634,12,-62,-124
1747047638.8673637,-39,-31,153
1747047638.9033637,-16,-16,47
1747047638.9383633,-53,-5,47
1747047638.9733634,-12,-43,1
1747047639.0083632,-14,-34,-70
1747047639.0443633,29,7,107
1747047639.0803633,-3,-2,0
1747047639.1153634,-7,25,23
1747047639.1523633,44,-28,-78
1747047639.1873634,64,85,51
1747047639.2233634,-2,-28,57
1747047639.2583632,25,35,125
1747047639.293363,6,11,77
1747047639.3283634,17,-4,-22
1747047639.3643634,46,49,-60
1747047639.4003634,64,21,37
1747047639.4353633,75,-50,-52
1747047639.4713633,51,-26,29
1747047639.5063634,9,41,-20
1747047639.5413637,-78,-35,-26
1747047639.5773633,43,6,-154
1747047639.612363,57,6,79
1747047639.6483634,43,33,-30
1747047639.6833634,-10,-20,35
1747047639.7193637,-94,-49,37
1747047639.7543633,21,-29,67
1747047639.7893634,0,-19,-16
1747047639.8323634,49,-30,59
1747047639.8683634,39,21,57
1747047639.9043634,38,24,19
1747047639.9393632,12,-45,39
1747047639.9753633,5,36,187
1747047640.010363,21,55,11
1747047640.0453634,90,60,31
1747047640.0813634,44,-25,-68
1747047640.1163633,-44,1,65
1747047640.1523633,61,-60,-22
1747047640.1873634,9,-24,75
1747047640.2233634,77,5,63
1747047640.2583632,-24,-8,105
1747047640.293363,25,-90,17
1747047640.329363,11,-12,-12
1747047640.3643634,-50,45,-34
1747047640.4003634,-40,-48,13
1747047640.4353633,-18,-84,-128
1747047640.4713633,-50,53,73
1747047640.5063634,23,57,103
1747047640.5413637,-26,27,19
1747047640.5773633,-20,93,0
1747047640.612363,31,-44,-92
1747047640.6483634,-46,0,-102
1747047640.6833634,-2,8,-26
1747047640.7193637,61,9,29
1747047640.7543633,45,44,-2
1747047640.7893634,73,-45,9
1747047640.8253634,-62,-3,-46
1747047640.8603632,11,-15,129
1747047640.8963633,-90,62,-74
1747047640.931363,39,22,33
1747047640.9673634,127,-23,-12
1747047641.0023634,-30,35,71
1747047641.0373633,-14,2,35
1747047641.0733633,-37,-27,37
1747047641.1083634,-61,-31,79
1747047641.1443634,0,-10,-22
1747047641.1793633,-36,15,-52
1747047641.214363,-59,-22,105
1747047641.2493634,52,10,-22
1747047641.2853634,60,6,-54
1747047641.3213634,6,68,5
1747047641.3563633,-27,46,31
1747047641.3923633,14,30,23
1747047641.4273634,0,54,-54
1747047641.4623632,-25,-61,9
1747047641.497363,28,68,45
1747047641.533363,-25,-55,29
1747047641.5693634,14,40,-60
1747047641.6043634,3,-32,-48
1747047641.6403637,94,-1,-68
1747047641.6753633,6,-25,33
1747047641.7103634,-56,-66,-16
1747047641.7453637,-22,41,-48
1747047641.7813632,-24,-22,45
1747047641.8173633,-73,62,-76
1747047641.852363,60,8,-2
1747047641.8883634,-66,31,-22
1747047641.9233634,-34,-14,57
1747047641.9583633,75,27,47
1747047641.9933634,-19,0,-34
1747047642.0293634,12,-30,-38
1747047642.0653634,-1,13,51
1747047642.1003633,14,0,51
1747047642.1363633,-115,89,35
1747047642.1713634,55,-14,19
1747047642.2063634,79,7,-28
1747047642.2413633,29,57,-68
1747047642.2773633,-50,-68,9
1747047642.3133633,-36,-3,89
1747047642.3483634,31,-1,-24
1747047642.3843634,-96,-6,35
1747047642.4193633,-18,-6,5
1747047642.454363,-82,83,7
1747047642.4893634,-27,-50,-20
1747047642.5253634,60,72,55
1747047642.5613637,35,-100,57
1747047642.5963633,57,13,-20
1747047642.632363,42,14,39
1747047642.6673634,-29,-5,-22
1747047642.7023633,28,-33,21
1747047642.737363,33,-20,-154
1747047642.7733634,-30,75,-82
1747047642.8093634,-14,-52,103
1747047642.8443637,37,25,-8
1747047642.8803637,-117,18,15
1747047642.9153633,-49,3,67
1747047642.9503634,-7,38,-64
1747047642.9853632,94,40,-130
1747047643.0213633,-157,21,85
1747047643.0573633,64,-53,-16
1747047643.0923634,48,14,87
1747047643.1283634,-65,-77,-162
1747047643.1633637,20,-7,-6
1747047643.1983633,20,33,13
1747047643.2333634,6,33,-28
1747047643.2693634,32,1,-26
1747047643.3053634,26,33,19
1747047643.3403633,-38,-3,51
1747047643.3763633,-52,-5,-20
1747047643.4113634,-44,3,-50
1747047643.4463634,27,-13,113
1747047643.4813633,62,88,19
1747047643.5173633,84,28,55
1747047643.553363,-22,5,-54
1747047643.5883634,-34,-102,-28
1747047643.6243634,-42,-62,145
1747047643.6593633,3,-38,-50
1747047643.6943634,-86,-76,-46
1747047643.7293634,-23,0,0
1747047643.7653637,-44,54,35
1747047643.8013637,-82,-41,7
1747047643.8363633,25,-5,5
1747047643.872363,79,-19,87
1747047643.9073634,-82,24,59
1747047643.9423633,0,-25,-50
1747047643.977363,21,-96,45
1747047644.0133634,-64,-46,-6
1747047644.0493634,-74,0,13
1747047644.0843637,-70,-4,-28
1747047644.1203637,24,-38,-68
1747047644.155363,8,49,-34
1747047644.1903634,-91,-32,55
1747047644.2263634,62,47,97
1747047644.2613633,56,-50,59
1747047644.2973633,44,-88,79
1747047644.3323634,8,29,23
1747047644.3683634,0,5,9
1747047644.4033637,-62,69,-30
1747047644.4383633,-118,-38,-40
1747047644.474363,23,33,-16
1747047644.5093634,30,-7,83
1747047644.5453634,38,-69,-44
1747047644.5803633,-17,3,-48
1747047644.6163633,0,-16,-74
1747047644.6513634,-66,-26,-52
1747047644.6863637,-69,15,0
1747047644.7223637,10,61,-20
1747047644.757363,8,-1,-18
1747047644.793363,-67,-4,123
1747047644.8283634,20,-49,9
1747047644.8643634,26,-39,-28
1747047644.8993633,-77,5,17
1747047644.9343634,20,25,7
1747047644.9703634,-17,6,-106
1747047645.0053637,24,-101,43
1747047645.0413637,4,60,-48
1747047645.076363,30,3,49
1747047645.112363,-50,4,-68
1747047645.1473634,3,-17,-46
1747047645.1823633,77,-11,-70
1747047645.2183633,-34,103,-84
1747047645.2533634,36,-9,125
1747047645.2893634,14,-18,-46
1747047645.3243637,60,53,55
1747047645.3603632,80,102,93
1747047645.395363,-43,20,9
1747047645.4303634,-73,58,135
1747047645.4663634,20,-97,17
1747047645.5013633,19,-33,103
1747047645.5373633,18,12,3
1747047645.5723634,-11,-1,-84
1747047645.6083634,27,-4,59
1747047645.6433637,47,-18,-54
1747047645.678363,83,73,31
1747047645.714363,-45,70,-70
1747047645.7493634,-12,79,-68
1747047645.7853634,60,8,17
1747047645.8203633,49,-60,73
1747047645.8553634,97,29,171
1747047645.8903637,-29,58,25
1747047645.9263637,-15,-5,-62
1747047645.9623632,-3,12,19
1747047645.997363,74,-64,23
1747047646.033363,-29,-22,9
1747047646.0683634,42,50,73
1747047646.1033633,24,16,63
1747047646.1383634,7,6,-52
1747047646.1743634,10,-37,45
1747047646.2103634,-57,2,49
1747047646.2453637,0,58,101
1747047646.2813632,29,10,-58
1747047646.316363,-46,16,7
1747047646.3513634,-16,56,85
1747047646.3863633,-60,17,45
1747047646.4223633,-72,-27,-84
1747047646.4583633,-42,39,-74
1747047646.4933634,-2,-21,33
1747047646.5293634,39,-15,41
1747047646.5643632,23,-57,-10
1747047646.599363,-22,40,147
1747047646.6343634,9,-11,-56
1747047646.6703634,32,-21,-16
1747047646.7063634,36,50,201
1747047646.7413633,-67,66,-42
1747047646.7773633,-49,-25,57
1747047646.8123634,70,-27,45
1747047646.8473637,25,-41,33
1747047646.882363,-3,-35,-54
1747047646.918363,-49,0,89
1747047646.954363,-27,-31,23
1747047646.9893634,-82,38,17
1747047647.0253634,-13,78,-16
1747047647.0603633,12,-56,-72
1747047647.0953634,-27,16,23
1747047647.1303637,10,-27,-66
1747047647.1663637,-9,26,15
1747047647.2023633,-1,16,69
1747047647.237363,-34,-71,-2
1747047647.2733634,40,26,161
1747047647.3083634,86,-65,-94
1747047647.3433633,-22,40,-42
1747047647.3783634,61,48,67
1747047647.4143634,25,19,3
1747047647.4503634,27,-83,-58
1747047647.4853632,7,52,-8
1747047647.5213633,-22,-11,-24
1747047647.556363,85,-47,-110
1747047647.5913634,25,-24,143
1747047647.6263633,-61,35,19
1747047647.6623633,-15,15,215
1747047647.6983633,-49,11,45
1747047647.7333634,-21,-16,-36
1747047647.7693634,-95,-30,-24
1747047647.8043633,-29,11,-38
1747047647.839363,-29,41,35
1747047647.8743634,-23,-98,9
1747047647.9103634,70,-18,-92
1747047647.9463634,-25,-50,9
1747047647.9813633,-13,-4,-42
1747047648.0173633,76,-50,-52
1747047648.0523634,16,-22,-66
1747047648.0873632,-29,41,107
1747047648.122363,-27,33,83
1747047648.158363,-15,17,0
1747047648.1943634,-33,35,65
1747047648.2293634,2,17,-20
1747047648.2653637,16,-16,-34
1747047648.3003633,84,27,103
1747047648.3353634,42,29,-10
1747047648.3703637,22,-46,33
1747047648.4063632,33,-55,49
1747047648.4423633,71,-4,-82
1747047648.477363,-8,47,-4
1747047648.5133634,-7,85,37
1747047648.5483634,4,-46,23
1747047648.5833633,44,17,99
1747047648.6183634,2,26,-160
1747047648.6543634,45,-23,5
1747047648.6903634,6,34,13
1747047648.7253633,6,28,95
1747047648.7613633,-27,-7,-24
1747047648.7963634,12,40,41
1747047648.8313634,100,-25,91
1747047648.8673637,-15,-3,5
1747047648.9023633,-23,-19,33
1747047648.9383633,40,-5,1
1747047648.9733634,74,-13,29
1747047649.0093634,-16,38,85
1747047649.0443633,-54,14,-92
1747047649.079363,-84,40,-64
1747047649.1153634,-40,-13,41
1747047649.1503634,-72,10,-6
1747047649.1863637,39,2,-40
1747047649.2213633,24,-11,-102
1747047649.257363,49,30,11
1747047649.2923634,63,0,-48
1747047649.3273633,-2,-23,33
1747047649.3633633,-94,24,93
1747047649.3983634,11,-87,31
1747047649.4343634,16,18,15
1747047649.4693637,-33,42,51
1747047649.5053637,36,-23,-46
1747047649.5403633,-28,56,25
1747047649.5753634,8,-45,-126
1747047649.6113634,16,-31,0
1747047649.6463633,-42,33,65
1747047649.6823633,-4,-6,33
1747047649.7173634,-64,-14,15
1747047649.7533634,37,-44,-46
1747047649.7883637,54,-45,-16
1747047649.8233633,-32,-66,33
1747047649.8663633,33,-46,-54
1747047649.9023633,41,12,47
1747047649.9383633,81,-3,-42
1747047649.9733634,-24,62,-106
1747047650.0093634,1,-42,-40
1747047650.0443633,61,-44,123
1747047650.079363,59,-37,45
1747047650.1153634,-58,-1,57
1747047650.1503634,-44,58,-30
1747047650.1863637,61,-15,-132
1747047650.2213633,-82,-1,-54
1747047650.257363,-36,-3,107
1747047650.2923634,-10,6,41
1747047650.3273633,-22,-11,33
1747047650.3633633,-4,16,0
1747047650.3983634,3,32,-20
1747047650.4343634,-16,26,23
1747047650.4693637,-128,32,11
1747047650.5043633,-24,54,-32
1747047650.5393634,7,-49,35
1747047650.5753634,-10,-30,7
1747047650.6113634,59,-4,35
1747047650.6463633,45,-50,89
1747047650.6823633,94,-85,99
1747047650.7173634,-29,-29,1
1747047650.7523634,-120,-6,113
1747047650.7873633,33,45,85
1747047650.8233633,1,32,153
1747047650.8593633,-80,-38,-26
1747047650.8943634,53,-97,11
1747047650.9303634,-44,-69,155
1747047650.9653633,7,-5,-134
1747047651.000363,-76,-63,41
1747047651.0353634,13,-42,-106
1747047651.0713634,-93,80,-12
1747047651.1073637,23,-5,-102
1747047651.1423633,9,-19,-28
1747047651.178363,14,-27,17
1747047651.2133634,-25,-63,55
1747047651.2483633,-105,-11,-12
1747047651.283363,104,-26,-88
1747047651.3193634,-18,17,-94
1747047651.3553634,-11,-32,201
1747047651.3903637,-27,19,61
1747047651.4263637,-9,35,61
1747047651.4613633,-35,-58,-106
1747047651.4963634,-37,17,123
1747047651.5313632,38,-16,25
1747047651.5673633,-34,-9,79
1747047651.6033633,-26,-11,39
1747047651.6383634,-104,4,149
1747047651.6743634,1,44,55
1747047651.7093637,34,-79,-122
1747047651.7443633,-5,0,61
1747047651.7793634,26,-51,23
1747047651.8153634,14,-75,-48
1747047651.8513634,-43,-5,77
1747047651.8863633,-43,84,31
1747047651.9223633,-34,-19,69
1747047651.9573634,-28,14,-30
1747047651.9923637,-34,14,-42
1747047652.0273633,7,-7,-42
1747047652.0633633,-44,-65,7
1747047652.099363,85,-23,-4
1747047652.1343634,89,-47,151
1747047652.1703634,80,78,-36
1747047652.2053633,-15,20,-10
1747047652.2403634,15,-1,-8
1747047652.2753634,50,-64,-6
1747047652.3113637,16,-52,19
1747047652.3473637,42,0,67
1747047652.382363,49,61,23
1747047652.418363,49,-16,-112
1747047652.4533634,63,-102,-76
1747047652.4883633,3,61,23
1747047652.5233634,0,-5,9
1747047652.5593634,-11,-39,69
1747047652.5953634,-32,-53,63
1747047652.6303637,-15,12,11
1747047652.6663637,56,0,-68
1747047652.701363,-20,46,61
1747047652.7363634,23,14,-24
1747047652.7713633,50,-15,-2
1747047652.8073633,-13,-43,-32
1747047652.8433633,-41,-17,-10
1747047652.8783634,34,-49,-78
1747047652.9143634,57,0,195
1747047652.9493637,29,-69,107
1747047652.9843633,21,36,-14
1747047653.0193634,25,-7,-20
1747047653.0553634,-72,-23,127
1747047653.0913634,27,0,-88
1747047653.1263633,-8,-23,33
1747047653.1623633,25,12,-20
1747047653.1973634,9,8,-74
1747047653.2323637,27,22,-100
1747047653.2673633,97,22,69
1747047653.303363,54,59,1
1747047653.339363,-25,62,-38
1747047653.3743634,-31,-19,49
1747047653.4103634,-41,-19,-20
1747047653.4453633,11,-3,-50
1747047653.4803634,-27,32,-28
1747047653.5163634,56,42,27
1747047653.5513637,32,20,-34
1747047653.5873632,-33,58,69
1747047653.622363,-23,0,-4
1747047653.658363,-101,-3,55
1747047653.6933634,30,6,69
1747047653.7283633,15,-17,-138
1747047653.7643633,63,58,29
1747047653.7993634,1,34,7
1747047653.8353634,61,-37,67
1747047653.8703637,29,44,-32
1747047653.9063632,-32,10,57
1747047653.941363,40,42,105
1747047653.9763634,14,16,27
1747047654.0123634,60,-53,-38
1747047654.0473633,-21,-41,41
1747047654.0833633,55,-11,35
1747047654.1183634,-2,14,29
1747047654.1543634,38,29,-22
1747047654.1893632,26,-64,-116
1747047654.224363,57,-7,-142
1747047654.260363,-46,-7,5
1747047654.2953634,16,59,49
1747047654.3313634,-57,-6,47
1747047654.3663633,32,-126,61
1747047654.4023633,13,7,-42
1747047654.4373634,23,-58,19
1747047654.4723637,-4,-12,15
1747047654.5083632,9,0,23
1747047654.543363,4,3,13
1747047654.579363,69,9,-44
1747047654.6143634,-4,39,-70
1747047654.6503634,-6,55,-20
1747047654.6853633,-32,-16,-80
1747047654.7203634,1,-20,57
1747047654.7563634,-52,79,27
1747047654.7913637,41,-10,71
1747047654.8273633,-26,43,17
1747047654.862363,44,-40,79
1747047654.8983634,18,-16,27
1747047654.9333634,-69,-76,-6
1747047654.9683633,-49,7,51
1747047655.0043633,14,-34,99
1747047655.0393634,76,-6,13
1747047655.0753634,46,-74,23
1747047655.1103632,36,-2,-2
1747047655.1463633,22,29,-48
1747047655.1823633,48,53,-68
1747047655.2173634,15,24,-20
1747047655.2523634,-30,-54,19
1747047655.2883637,-6,-6,9
1747047655.3243637,-16,9,-94
1747047655.3593633,-10,-38,-20
1747047655.395363,-12,23,-66
1747047655.4303634,93,-16,43
1747047655.4653633,-60,12,105
1747047655.500363,25,-71,-22
1747047655.5363634,-30,4,93
1747047655.5723634,-24,4,125
1747047655.6073637,43,11,-54
1747047655.6433637,-28,1,-40
1747047655.678363,0,5,23
1747047655.7133634,43,-4,59
1747047655.7483633,-78,23,-4
1747047655.7843633,0,0,-84
1747047655.8203633,18,-16,-18
1747047655.8553634,-35,-66,39
1747047655.8913634,-39,-28,53
1747047655.9263637,8,13,-20
1747047655.9613633,-4,-9,-68
1747047655.9963634,-58,-27,-42
1747047656.0323634,-29,-23,-22
1747047656.0683634,-1,74,-6
1747047656.1033633,-86,8,-66
1747047656.1393633,-35,42,129
1747047656.1743634,58,-35,-66
1747047656.2093637,0,56,-2
1747047656.2443633,-4,-32,99
1747047656.280363,0,59,11
1747047656.316363,26,34,43
1747047656.3513634,62,24,-80
1747047656.3873634,22,32,-4
1747047656.4223633,94,68,-54
1747047656.4573634,106,-54,-134
1747047656.4923637,-53,-38,-40
1747047656.5283637,0,-12,93
1747047656.5643632,46,-32,-16
1747047656.599363,12,-10,-44
1747047656.635363,42,8,-28
1747047656.6703634,-19,10,31
1747047656.7053633,-43,20,-102
1747047656.7403634,-10,-4,83
1747047656.7763634,76,0,-66
1747047656.8123634,118,58,53
1747047656.8473637,-18,-10,21
1747047656.8833632,13,51,21
1747047656.918363,-64,-8,-58
1747047656.9533634,-48,-48,-90
1747047656.9883633,39,-34,51
1747047657.0243633,45,-42,-12
1747047657.0603633,23,0,29
1747047657.0953634,-74,-80,-142
1747047657.1313634,-6,35,-66
1747047657.1663637,13,-2,29
1747047657.201363,63,99,-102
1747047657.2363634,27,-56,61
1747047657.2723634,117,21,-30
1747047657.3083634,132,-71,47
1747047657.3433633,26,-47,79
1747047657.3793633,69,8,91
1747047657.4143634,44,40,33
1747047657.4493637,49,-15,55
1747047657.4843633,-54,48,13
1747047657.520363,-57,36,101
1747047657.556363,94,-15,47
1747047657.5913634,22,6,97
1747047657.6273634,-16,15,129
1747047657.6623633,25,-29,1
1747047657.6973634,39,-11,25
1747047657.7323637,26,26,75
1747047657.7683637,20,34,73
1747047657.8043633,67,5,15
1747047657.839363,-4,-48,21
1747047657.875363,-23,58,-24
1747047657.9103634,22,-19,-22
1747047657.9453633,-13,18,77
1747047657.9803634,-59,20,-40
1747047658.0163634,50,-81,-90
1747047658.0523634,26,-21,-2
1747047658.0873632,20,-23,0
1747047658.1233633,0,54,1
1747047658.158363,-12,-53,-64
1747047658.1933634,-33,32,-18
1747047658.2293634,40,-29,77
1747047658.2643633,-39,0,-90
1747047658.3003633,4,-23,19
1747047658.3353634,38,0,49
1747047658.3713634,37,-83,-10
1747047658.4063632,84,-4,-74
1747047658.441363,63,32,33
1747047658.477363,-30,49,-16
1747047658.5123634,17,-24,-30
1747047658.5483634,17,71,-16
1747047658.5833633,-48,66,-70
1747047658.6193633,-2,83,63
1747047658.6543634,0,85,33
1747047658.6893632,-4,17,-20
1747047658.7253633,27,-54,63
1747047658.760363,20,-50,21
1747047658.7963634,-8,40,101
1747047658.8313634,51,-101,73
1747047658.8673637,-6,13,-6
1747047658.9023633,-70,-30,-100
1747047658.9373634,37,-76,-2
1747047658.9733634,7,59,63
1747047659.0083632,1,5,-24
1747047659.0443633,-68,-26,71
1747047659.079363,-120,27,25
1747047659.1153634,41,11,19
1747047659.1503634,19,-14,-26
1747047659.1853633,-26,-18,53
1747047659.2213633,-14,15,-62
1747047659.2563634,-4,-14,-40
1747047659.2923634,-58,51,-18
1747047659.3273633,13,3,111
1747047659.3633633,65,-2,53
1747047659.3983634,23,4,11
1747047659.4333634,-48,-1,61
1747047659.4693637,47,90,-6
1747047659.5043633,23,-49,69
1747047659.5403633,9,58,81
1747047659.5753634,33,10,91
1747047659.6113634,-15,7,-30
1747047659.6463633,16,-5,71
1747047659.681363,30,0,75
1747047659.7173634,4,20,103
1747047659.7523634,-106,-11,25
1747047659.7883637,-13,-17,-60
1747047659.8233633,48,-1,41
1747047659.8583634,4,50,5
1747047659.9013634,-13,-31,21
1747047659.9373634,12,-3,83
1747047659.9733634,34,42,21
1747047660.0083632,-9,100,43
1747047660.0443633,10,22,-44
1747047660.079363,-58,18,11
1747047660.1143634,11,82,23
1747047660.1493633,63,13,5
1747047660.1853633,-6,8,-6
1747047660.2213633,-16,45,59
1747047660.2563634,25,49,103
1747047660.2923634,-20,6,63
1747047660.3273633,-42,23,-66
1747047660.362363,-44,-27,-26
1747047660.3973634,-59,-24,19
1747047660.4333634,21,18,113
1747047660.4693637,49,4,33
1747047660.5043633,17,-59,-38
1747047660.5403633,19,12,1
1747047660.5753634,-16,-15,17
1747047660.6103632,-42,-107,105
1747047660.645363,-32,-7,-22
1747047660.681363,61,18,23
1747047660.7173634,-10,6,67
1747047660.7523634,-27,-6,95
1747047660.7883637,31,-35,1
1747047660.8233633,-4,38,-84
1747047660.8583634,85,24,99
1747047660.8933637,-134,4,105
1747047660.9293633,-30,56,19
1747047660.9653633,11,-21,39
1747047661.000363,-33,-9,0
1747047661.0363634,-7,46,17
1747047661.0713634,-57,12,-52
1747047661.1063633,-49,2,-2
1747047661.1413634,-55,34,51
1747047661.1773634,-36,0,17
1747047661.2133634,-42,34,7
1747047661.2483633,6,15,-30
1747047661.2843633,6,9,-2
1747047661.3193634,-57,29,19
1747047661.3543634,30,35,33
1747047661.3893633,-29,-73,-42
1747047661.4253633,86,50,7
1747047661.4613633,4,108,-12
1747047661.4963634,36,-29,9
1747047661.5323634,-27,17,-10
1747047661.5673633,70,-28,31
1747047661.602363,36,17,-88
1747047661.6373634,58,-12,91
1747047661.6733634,-61,45,39
1747047661.7093637,26,51,31
1747047661.7443633,58,-26,-56
1747047661.780363,36,-14,-32
1747047661.8153634,24,37,-42
1747047661.8503633,14,-63,65
1747047661.885363,38,38,-16
1747047661.9213634,-9,50,57
1747047661.9573634,43,-14,69
1747047661.9923637,3,-2,-16
1747047662.0283637,13,0,9
1747047662.0633633,3,21,73
1747047662.0983634,31,-26,-32
1747047662.1333632,11,-30,69
1747047662.1693633,-21,-60,81
1747047662.2053633,66,-20,121
1747047662.2403634,7,-31,57
1747047662.2763634,-33,-97,83
1747047662.3113637,19,18,-56
1747047662.3463633,-37,-2,-86
1747047662.3813634,26,-7,57
1747047662.4173634,-25,13,47
1747047662.4533634,19,-53,41
1747047662.4883633,12,-21,5
1747047662.5243633,76,78,33
1747047662.5593634,-8,-34,91
1747047662.5943637,25,2,7
1747047662.6293633,-56,22,79
1747047662.6653633,59,-43,-20
1747047662.701363,-46,-4,0
1747047662.7363634,-30,17,25
1747047662.7723634,-10,-43,151
1747047662.8073633,121,-55,-64
1747047662.8423634,-36,38,23
1747047662.8783634,27,-81,49
1747047662.9133637,15,64,61
1747047662.9493637,15,62,87
1747047662.9843633,51,-19,115
1747047663.020363,-20,26,-6
1747047663.0553634,29,-39,-26
1747047663.0903633,3,-25,-64
1747047663.1263633,-32,4,-134
1747047663.1613634,5,-39,-94
1747047663.1973634,-26,-17,43
1747047663.2323637,-33,52,0
1747047663.2683637,81,8,59
1747047663.303363,5,-13,33
1747047663.3383634,17,-13,-106
1747047663.3743634,-46,-51,39
1747047663.4093633,-4,12,0
1747047663.4453633,-32,-9,23
1747047663.4803634,36,-103,0
1747047663.5163634,54,72,-34
1747047663.5513637,-27,42,115
1747047663.5863633,60,42,113
1747047663.622363,10,-23,-68
1747047663.6573634,-13,-53,91
1747047663.6933634,49,-33,47
1747047663.7283633,-22,0,71
1747047663.7643633,10,-17,47
1747047663.7993634,48,-45,-28
1747047663.8343637,82,30,-12
1747047663.8703637,16,0,-56
1747047663.905363,-39,62,19
1747047663.941363,10,42,65
1747047663.9763634,-35,-44,-8
1747047664.0123634,-125,59,-40
1747047664.0473633,-9,37,45
1747047664.0823634,14,27,63
1747047664.1183634,46,93,153
1747047664.1533637,14,15,47
1747047664.1893632,4,13,-18
1747047664.224363,8,-81,-10
1747047664.260363,-45,-7,-12
1747047664.2953634,20,-45,179
1747047664.3303633,23,-53,-26
1747047664.3663633,45,80,-22
1747047664.4013634,-60,20,27
1747047664.4373634,-26,31,45
1747047664.4723637,67,-42,-84
1747047664.507363,-22,3,-48
1747047664.5423634,-34,16,75
1747047664.5783634,53,-65,-18
1747047664.6143634,-90,6,95
1747047664.6493633,43,-29,-24
1747047664.6853633,45,-13,-60
1747047664.7203634,25,10,45
1747047664.7553637,-20,34,93
1747047664.7903633,11,-23,6
1747047664.826363,31,-25,12
1747047664.862363,15,-69,-38
1747047664.8973634,31,-43,83
1747047664.9333634,25,18,61
1747047664.9683633,37,46,9
1747047665.0033634,-30,46,39
1747047665.0383637,41,30,115
1747047665.0743637,-48,-9,7
1747047665.1103632,-72,-31,77
1747047665.145363,-108,26,44
1747047665.181363,-48,-45,-13
1747047665.2163634,29,-31,69
1747047665.2513633,-16,40,121
1747047665.2863634,-30,51,-14
1747047665.3223634,-72,-4,-42
1747047665.3583634,-8,-7,-62
1747047665.3933637,1,-31,46
1747047665.4293633,-8,-7,28
1747047665.464363,-70,-49,50
1747047665.4993634,25,-5,64
1747047665.5343633,-32,-3,78
1747047665.5703633,-35,-83,-5
1747047665.6063633,29,-24,-111
1747047665.6413634,-9,6,-30
1747047665.6773634,96,86,-32
1747047665.7123632,56,40,35
1747047665.747363,9,29,-27
1747047665.7823634,33,43,-77
1747047665.8183634,67,15,-3
1747047665.8543634,25,1,52
1747047665.8893633,1,-4,-71
1747047665.9253633,-34,15,-21
1747047665.9603634,25,-80,-109
1747047665.9953637,23,-34,94
1747047666.030363,-2,71,58
1747047666.066363,-10,-4,-51
1747047666.102363,-3,42,52
1747047666.1373634,-48,13,96
1747047666.1733634,17,19,-57
1747047666.2083633,-46,-46,10
1747047666.2433634,-26,25,28
1747047666.2783637,-21,0,118
1747047666.3143632,23,-30,-21
1747047666.3503633,-56,-20,28
1747047666.385363,-21,-23,-29
1747047666.4213634,-2,-16,23
1747047666.4563634,29,53,48
1747047666.4913633,-3,11,30
1747047666.5263634,14,9,18
1747047666.5623634,10,-22,118
1747047666.5983634,-47,21,123
1747047666.6333632,-75,-32,-60
1747047666.6693633,-36,-25,53
1747047666.704363,-20,-48,-98
1747047666.7393634,-2,1,35
1747047666.7743633,55,-33,173
1747047666.8103633,57,-57,89
1747047666.8463633,-30,14,23
1747047666.8813634,-36,-41,107
1747047666.9173634,-76,-24,-6
1747047666.9523633,-30,-54,-90
1747047666.987363,-14,-52,-23
1747047667.0223634,37,41,-13
1747047667.0583634,-14,3,-120
1747047667.0943637,1,51,-61
1747047667.1293633,-10,-102,123
1747047667.1653633,43,-28,-28
1747047667.2003634,-71,-96,-8
1747047667.2353632,-1,-10,-4
1747047667.270363,-23,-72,7
1747047667.306363,36,-42,15
1747047667.3423634,45,4,-60
1747047667.3773634,-12,-1,-42
1747047667.4133637,-44,8,-74
1747047667.4483633,-8,26,-34
1747047667.4833634,-90,-25,23
1747047667.5193634,21,28,1
1747047667.5543633,7,-10,-9
1747047667.5903633,121,-19,-3
1747047667.625363,-66,-25,40
1747047667.6613634,-63,81,84
1747047667.6963634,46,-16,-93
1747047667.7313633,-11,20,42
1747047667.7673633,40,-15,42
1747047667.8023634,0,-11,30
1747047667.8383634,120,20,6
1747047667.8733633,54,-3,92
1747047667.9093633,-29,20,-81
1747047667.9443634,6,-65,156
1747047667.9793634,34,32,-6
1747047668.0153637,62,-3,55
1747047668.0503633,-43,116,75
1747047668.0863633,-1,7,61
1747047668.1213634,80,47,47
1747047668.1573634,-58,54,-126
1747047668.1923633,-5,-38,-38
1747047668.227363,-49,52,-37
1747047668.2633634,-63,11,43
1747047668.2983634,24,-39,37
1747047668.3343637,-33,-84,-26
1747047668.3693633,28,-25,-32
1747047668.405363,-35,52,-33
1747047668.4403634,-35,-59,78
1747047668.4753633,25,6,78
1747047668.5113633,-68,10,30
1747047668.5463634,-40,28,-57
1747047668.5823634,-38,-25,54
1747047668.6173637,-50,19,28
1747047668.6533637,-58,7,78
1747047668.6883633,33,23,-141
1747047668.7233634,-48,-39,60
1747047668.7593634,0,22,80
1747047668.7943633,33,11,-21
1747047668.8303633,-2,23,-41
1747047668.8653634,-6,27,-75
1747047668.9013634,-20,-2,-1
1747047668.9363637,-36,-15,-25
1747047668.9713633,-20,3,60
1747047669.007363,35,-2,69
1747047669.0423634,13,0,44
1747047669.0783634,-10,-14,11
1747047669.1133633,-56,9,105
1747047669.1493633,-38,-16,29
1747047669.1853633,43,-12,-52
1747047669.2203634,29,-6,-16
1747047669.2553637,-2,-78,-70
1747047669.2913637,41,33,57
1747047669.3273633,65,3,37
1747047669.362363,-22,27,-52
1747047669.3983634,-4,1,119
1747047669.4333634,27,-18,-4
1747047669.4683633,117,-64,89
1747047669.5033634,15,-54,11
1747047669.5393634,47,35,5
1747047669.5753634,17,59,-20
1747047669.6103632,-12,39,45
1747047669.6463633,29,-4,73
1747047669.681363,79,51,-86
1747047669.7163634,39,11,-86
1747047669.7513633,7,-2,-106
1747047669.7873633,-40,95,34
1747047669.8233633,-10,-62,-7
1747047669.8583634,-32,37,-29
1747047669.8943634,15,23,26
1747047669.9363637,-44,-12,10
1747047669.9723637,23,-38,-63
1747047670.007363,17,61,64
1747047670.043363,-26,-46,-55
1747047670.079363,-12,39,-13
1747047670.1143634,13,29,94
1747047670.1503634,-51,6,2
1747047670.1853633,4,-19,-2
1747047670.2203634,53,19,112
1747047670.2553637,37,-7,1
1747047670.2913637,-36,79,153
1747047670.3273633,-32,-5,15
1747047670.362363,1,83,19
1747047670.3983634,71,-12,87
1747047670.4333634,-10,37,-32
1747047670.4683633,13,1,-32
1747047670.5033634,63,-48,-44
1747047670.5393634,-80,-12,94
1747047670.5753634,81,-4,-11
1747047670.6103632,37,35,168
1747047670.6463633,23,35,-19
1747047670.681363,85,27,108
1747047670.7163634,-46,25,46
1747047670.7513633,-2,58,-115
1747047670.7873633,-64,-2,-53
1747047670.8233633,-84,-30,98
1747047670.8583634,53,-38,32
1747047670.8943634,43,-4,-105
1747047670.9293633,-2,11,84
1747047670.964363,45,27,118
1747047670.9993634,-26,19,-7
1747047671.0353634,-17,0,-93
1747047671.0713634,-21,64,-3
1747047671.1063633,20,42,-49
1747047671.1423633,26,2,-63
1747047671.1773634,-42,-104,-91
1747047671.2123632,-3,32,-1
1747047671.247363,-33,16,-45
1747047671.283363,-19,-38,-33
1747047671.3193634,6,7,44
1747047671.3543634,-156,64,10
1747047671.3903637,13,-9,-39
1747047671.4253633,-58,100,34
1747047671.4603634,-37,12,80
1747047671.4953637,4,-3,16
1747047671.5313632,37,-7,-71
1747047671.5673633,18,40,-5
1747047671.602363,-15,-77,-5
1747047671.6383634,2,62,-51
1747047671.6733634,36,-13,-73
1747047671.7083633,26,-31,-7
1747047671.7433634,-25,18,-51
1747047671.7793634,-45,46,-5
1747047671.8153634,24,-3,-103
1747047671.8503633,78,12,18
1747047671.8863633,46,-43,14
1747047671.9213634,54,4,73
1747047671.9563634,-41,-57,13
1747047671.9913633,60,68,7
1747047672.0273633,-79,-9,-61
1747047672.0633633,42,46,34
1747047672.0983634,-29,-5,62
1747047672.1343634,-95,42,-136
1747047672.1693633,12,-67,-86
1747047672.204363,44,8,-12
1747047672.2403634,6,38,-2
1747047672.2753634,26,-29,37
1747047672.3113637,-3,22,15
1747047672.3463633,48,-13,-38
1747047672.382363,-57,26,63
1747047672.4173634,0,2,-4
1747047672.4523633,19,-5,161
1747047672.4883633,3,59,0
1747047672.5233634,-2,-16,-54
1747047672.5593634,-6,-78,113
1747047672.5943637,-67,7,111
1747047672.6303637,-69,-12,44
1747047672.6653633,12,-14,117
1747047672.7003634,-73,-36,88
1747047672.7363634,51,-60,-15
1747047672.7713633,5,-4,-75
1747047672.8073633,59,27,64
1747047672.8423634,-76,-6,70
1747047672.8783634,55,0,26
1747047672.9133637,-106,-10,-1
1747047672.9483633,-34,35,74
1747047672.9843633,-6,-20,2
1747047673.0193634,7,-32,14
1747047673.0553634,-1,-18,68
1747047673.0903633,2,-5,106
1747047673.1263633,-43,88,44
1747047673.1613634,-31,33,150
1747047673.1963634,44,25,52
1747047673.2323637,-24,-46,-40
1747047673.2673633,-18,-17,15
1747047673.303363,-44,70,-116
1747047673.3383634,78,-13,6
1747047673.3743634,-97,24,136
1747047673.4093633,-34,-5,-19
1747047673.4443634,-7,34,-85
1747047673.4803634,68,2,56
1747047673.5153637,56,12,-27
1747047673.5513637,26,-23,26
1747047673.5863633,-7,-1,86
1747047673.622363,-73,-29,0
1747047673.6573634,-25,52,77
1747047673.6923633,65,59,45
1747047673.7283633,-4,45,45
1747047673.7633634,-62,-24,53
1747047673.7993634,18,-3,44
1747047673.8343637,10,18,118
1747047673.8703637,5,84,34
1747047673.9063632,-19,6,-79
1747047673.941363,86,26,88
1747047673.9763634,-13,21,54
1747047674.0123634,-61,-12,30
1747047674.0483634,-53,-2,-15
1747047674.0833633,26,27,32
1747047674.1193633,-39,-10,-115
1747047674.1543634,-51,27,-28
1747047674.1893632,18,7,61
1747047674.224363,-79,-26,-12
1747047674.260363,76,47,15
1747047674.2963634,52,-20,0
1747047674.3313634,-27,-24,47
1747047674.3673637,12,1,89
1747047674.4023633,-21,-10,-18
1747047674.4373634,-45,51,26
1747047674.4723637,-69,-110,26
1747047674.5083632,76,1,-73
1747047674.5443633,60,-50,96
1747047674.579363,-49,85,2
1747047674.6153634,42,-42,-35
1747047674.6503634,-29,-6,108
1747047674.6853633,50,9,-29
1747047674.7203634,-27,27,-59
1747047674.7563634,-1,-78,-17
1747047674.7923634,98,61,130
1747047674.8273633,-13,37,92
1747047674.8633633,25,49,-11
1747047674.8983634,-18,61,30
1747047674.9333634,3,-14,84
1747047674.9683633,-26,21,82
1747047675.0043633,10,88,-85
1747047675.0403633,-30,29,-27
1747047675.0753634,77,24,0
1747047675.1113634,-56,-13,194
1747047675.1463633,-2,28,0
1747047675.181363,8,17,92
1747047675.2163634,-7,61,64
1747047675.2523634,17,-25,78
1747047675.2883637,17,-33,4
1747047675.3233633,65,-51,-17
1747047675.3593633,69,4,18
1747047675.3943634,69,4,-61
1747047675.4293633,-58,84,10
1747047675.464363,-21,-31,-101
1747047675.500363,-43,-27,6
1747047675.5363634,-29,-61,-24
1747047675.5713634,48,-61,-24
1747047675.6073637,-41,-3,5
1747047675.6423633,40,6,19
1747047675.6773634,77,-22,-97
1747047675.7123632,-42,-46,0
1747047675.7483633,-26,9,-65
1747047675.7843633,121,-76,-43
1747047675.8193634,67,-55,52
1747047675.8553634,31,-21,-61
1747047675.8903637,0,6,-17
1747047675.9253633,-6,-45,-69
1747047675.9603634,0,-38,-3
1747047675.9963634,21,1,-69
1747047676.0323634,-18,13,22
1747047676.0673633,33,-42,-7
1747047676.1033633,31,25,-89
1747047676.1383634,-30,19,142
1747047676.1733634,1,-23,42
1747047676.2083633,53,-16,-64
1747047676.2443633,25,-55,-40
1747047676.280363,50,50,7
1747047676.3153634,14,14,107
1747047676.3513634,57,88,1
1747047676.3863633,77,-2,-10
1747047676.4213634,-49,54,43
1747047676.4563634,15,-10,15
1747047676.4923637,-8,-50,22
1747047676.5283637,21,-56,4
1747047676.5633633,31,17,-27
1747047676.599363,45,-10,41
1747047676.6343634,15,3,8
1747047676.6693633,33,-74,-49
1747047676.704363,-9,-51,98
1747047676.7403634,61,-34,80
1747047676.7763634,-102,-60,-33
1747047676.8113637,37,-138,-51
1747047676.8473637,18,-5,16
1747047676.882363,62,-53,50
1747047676.9173634,14,-53,96
1747047676.9533634,69,-93,-57
1747047676.9883633,58,-5,100
1747047677.0243633,8,12,6
1747047677.0593634,26,-45,-19
1747047677.0953634,7,23,28
1747047677.1303637,-50,-30,40
1747047677.1653633,-16,67,31
1747047677.201363,-36,-32,-7
1747047677.2363634,21,-8,-65
1747047677.2723634,41,-70,-67
1747047677.3073633,-24,3,-5
1747047677.3433633,3,40,36
1747047677.3783634,-46,53,106
1747047677.4133637,78,9,-83
1747047677.4493637,36,-42,30
1747047677.4843633,-82,-33,44
1747047677.520363,-33,0,25
1747047677.5553634,-3,-12,49
1747047677.5913634,60,-38,-35
1747047677.6263633,-64,-37,52
1747047677.6613634,-55,-74,20
1747047677.6973634,-1,11,12
1747047677.7323637,14,-33,4
1747047677.7683637,21,10,22
1747047677.803363,-31,26,-3
1747047677.839363,-25,-49,58
1747047677.8743634,76,-13,-135
1747047677.9093633,-7,10,152
1747047677.9453633,-11,16,18
1747047677.9803634,78,24,118
1747047678.0163634,16,-25,-93
1747047678.0513637,-19,-37,-5
1747047678.0873632,10,-2,138
1747047678.122363,46,49,-57
1747047678.1573634,-15,-74,-32
1747047678.1933634,-49,51,97
1747047678.2283633,-43,-9,-117
1747047678.2643633,-9,-4,-51
1747047678.2993634,44,41,-40
1747047678.3353634,51,-20,19
1747047678.3703637,9,-54,59
1747047678.405363,64,-9,-76
1747047678.441363,-4,-34,62
1747047678.4763634,5,15,-27
1747047678.5123634,-43,-8,68
1747047678.5473633,69,29,-27
1747047678.5833633,-6,-24,-21
1747047678.6183634,55,41,40
1747047678.6533637,47,11,-21
1747047678.6893632,-30,21,62
1747047678.724363,-82,9,16
1747047678.760363,-20,-34,-45
1747047678.7953634,28,-50,-89
1747047678.8303633,33,-42,-19
1747047678.8653634,39,-44,12
1747047678.9013634,15,-30,-63
1747047678.9373634,-18,-6,110
1747047678.9723637,-4,-65,98
1747047679.0083632,-26,27,-61
1747047679.043363,-30,41,-11
1747047679.0783634,21,29,-99
1747047679.1133633,-106,-49,46
1747047679.1493633,-42,-97,4
1747047679.1853633,-144,22,-112
1747047679.2203634,-10,12,29
1747047679.2563634,0,42,165
1747047679.2913637,14,-23,162
1747047679.326363,-21,-35,-69
1747047679.3613634,16,-25,-11
1747047679.3973634,-33,-3,62
1747047679.4333634,-13,13,-29
1747047679.4683633,68,-90,142
1747047679.5043633,-9,21,2
1747047679.5393634,16,24,44
1747047679.5743637,48,-61,-3
1747047679.6093633,19,30,56
1747047679.645363,39,-47,11
1747047679.681363,-56,-31,-32
1747047679.7163634,-16,-45,20
1747047679.7523634,11,-12,-25
1747047679.7873633,-29,-33,104
1747047679.8223634,8,6,102
1747047679.8573637,44,-1,42
1747047679.8933637,-49,-57,-1
1747047679.9293633,-14,49,-79
1747047679.9713633,22,-1,92
1747047680.0083632,0,4,39
1747047680.043363,-8,19,-22
1747047680.0783634,-34,15,120
1747047680.1133633,-4,-29,9
1747047680.1493633,21,-27,-12
1747047680.1853633,20,72,-18
1747047680.2203634,26,-25,61
1747047680.2563634,20,-42,3
1747047680.2913637,24,20,-20
1747047680.326363,-115,-67,79
1747047680.3613634,-3,-13,-36
1747047680.3973634,5,-43,7
1747047680.4333634,-20,-25,78
1747047680.4683633,-30,-47,12
1747047680.5043633,-62,52,60
1747047680.5393634,19,-7,-95
1747047680.5743637,11,40,-75
1747047680.6093633,-22,-19,-41
1747047680.645363,29,30,16
1747047680.681363,7,32,-17
1747047680.7163634,-5,12,58
1747047680.7523634,58,-37,32
1747047680.7873633,46,18,126
1747047680.8223634,-1,12,-75
1747047680.8573637,18,0,50
1747047680.8933637,30,15,62
1747047680.9293633,-25,30,-13
1747047680.964363,-33,-35,118
1747047681.000363,28,-29,134
1747047681.0353634,62,20,86
1747047681.0703633,30,10,-109
1747047681.1053634,14,-1,-21
1747047681.1413634,-13,-17,-41
1747047681.1773634,16,4,-13
1747047681.2123632,-26,-19,-47
1747047681.2483633,40,-57,54
1747047681.283363,15,-13,-11
1747047681.3183634,-25,24,95
1747047681.3533633,-60,4,31
1747047681.3893633,43,18,176
1747047681.4253633,27,12,86
1747047681.4603634,-77,-7,62
1747047681.4963634,28,94,-55
1747047681.5313632,38,28,-7
1747047681.566363,2,-79,6
1747047681.602363,8,10,-21
1747047681.6373634,47,-15,72
1747047681.6733634,-30,36,-15
1747047681.7083633,11,-87,30
1747047681.7443633,34,21,-81
1747047681.7793634,9,82,-123
1747047681.8143632,45,-7,22
1747047681.8503633,16,-57,62
1747047681.885363,0,1,-71
1747047681.9213634,27,34,100
1747047681.9563634,-95,-6,46
1747047681.9923637,-27,38,62
1747047682.0273633,-109,36,-11
1747047682.0623634,-27,-41,-37
1747047682.0983634,37,-73,-59
1747047682.1333632,56,44,-7
1747047682.1693633,64,-21,48
1747047682.204363,-1,-46,26
1747047682.2403634,-13,-61,84
1747047682.2753634,-24,-31,26
1747047682.3103633,43,-38,-11
1747047682.3463633,20,-1,102
1747047682.3813634,28,-3,112
1747047682.4173634,69,-32,32
1747047682.4523633,-19,28,38
1747047682.4883633,68,-33,-48
1747047682.5233634,36,2,20
1747047682.5583634,34,-7,0
1747047682.5943637,-37,60,77
1747047682.6293633,38,100,55
1747047682.6653633,16,-69,25
1747047682.7003634,32,50,71
1747047682.7363634,-1,6,-52
1747047682.7713633,0,20,-16
1747047682.806363,41,-25,13
1747047682.8423634,29,-49,99
1747047682.8773634,20,-85,-55
1747047682.9133637,-75,16,65
1747047682.9483633,-94,0,113
1747047682.9843633,-74,-3,-40
1747047683.0193634,57,-1,7
1747047683.0543633,129,-53,-61
1747047683.0903633,-1,-26,-72
1747047683.125363,20,80,123
1747047683.1613634,14,26,-103
1747047683.1963634,-21,-35,74
1747047683.2323637,-63,134,-83
1747047683.2683637,-17,16,36
1747047683.303363,44,0,-75
1747047683.3383634,-3,-27,39
1747047683.3743634,-51,-9,-16
1747047683.4103634,16,-25,11
1747047683.4453633,37,-3,90
1747047683.4813633,27,-37,83
1747047683.5163634,20,-47,23
1747047683.5513637,54,-53,45
1747047683.5863633,38,-33,-123
1747047683.622363,9,-13,-72
1747047683.658363,5,-1,35
1747047683.6933634,0,-61,-16
1747047683.7293634,47,30,21
1747047683.7643633,50,-3,-8
1747047683.7993634,-38,-36,9
1747047683.8343637,-24,16,-88
1747047683.8703637,-13,43,155
1747047683.9063632,2,49,31
1747047683.941363,-85,-14,23
1747047683.977363,20,-33,213
1747047684.0123634,126,0,-86
1747047684.0473633,-9,10,113
1747047684.0823634,-105,-19,97
1747047684.1183634,-93,60,39
1747047684.1543634,-29,-39,-29
1747047684.1893632,18,58,36
1747047684.2253633,-17,48,26
1747047684.260363,-55,-51,32
1747047684.2953634,16,2,-65
1747047684.3303633,50,20,-22
1747047684.3663633,8,-29,-51
1747047684.4023633,-11,-27,0
1747047684.4373634,16,-1,27
1747047684.4733634,37,-65,44
1747047684.5083632,87,-43,-87
1747047684.543363,85,44,-73
1747047684.5783634,-38,38,-57
1747047684.6143634,-43,-22,-17
1747047684.6503634,-5,17,-91
1747047684.6853633,10,-46,43
1747047684.7213633,-29,-34,3
1747047684.7563634,-13,19,-16
1747047684.7913637,17,6,33
1747047684.826363,26,2,-42
1747047684.862363,-36,-44,-56
1747047684.8983634,93,23,-36
1747047684.9333634,3,-42,111
1747047684.9693637,57,17,-78
1747047685.0043633,-64,-4,-10
1747047685.0393634,16,-49,37
1747047685.0743637,-7,-49,-38
1747047685.1103632,-49,-23,95
1747047685.1463633,-23,-39,17
1747047685.181363,11,-13,-78
1747047685.2173634,53,70,75
1747047685.2523634,58,50,31
1747047685.2873633,-30,35,123
1747047685.3223634,-93,-61,125
1747047685.3583634,-30,18,37
1747047685.3943634,25,-11,163
1747047685.4293633,-18,-9,25
1747047685.4653633,41,-56,58
1747047685.500363,-14,-40,-79
1747047685.5353634,35,40,4
1747047685.5703633,37,50,30
1747047685.6063633,75,1,-85
1747047685.6423633,-70,-96,37
1747047685.6773634,-6,-20,137
1747047685.7133634,-38,-19,-16
1747047685.7483633,-34,26,34
1747047685.783363,-50,8,88
1747047685.8183634,0,88,6
1747047685.8543634,-26,-21,-35
1747047685.8903637,1,-3,164
1747047685.9253633,-40,38,2
1747047685.9613633,-28,52,-17
1747047685.9963634,-24,-13,16
1747047686.0313632,-18,-23,-41
1747047686.066363,-29,119,-83
1747047686.102363,-7,21,33
1747047686.1383634,-34,-69,30
1747047686.1733634,29,-5,-13
1747047686.2093637,-12,-3,-61
1747047686.2443633,-42,-7,58
1747047686.2793634,-64,40,-19
1747047686.3153634,43,12,56
1747047686.3503633,13,-61,48
1747047686.3863633,-22,-35,-79
1747047686.4213634,17,8,-96
1747047686.4573634,-88,-49,97
1747047686.4923637,33,10,-16
1747047686.5273633,-2,-57,96
1747047686.5633633,-17,-45,-39
1747047686.5983634,35,-24,33
1747047686.6343634,25,3,-54
1747047686.6693633,10,72,157
1747047686.7053633,-39,30,93
1747047686.7403634,20,0,101
1747047686.7753634,26,-29,-16
1747047686.8113637,22,26,-29
1747047686.8463633,-3,58,34
1747047686.882363,20,-45,153
1747047686.9173634,28,24,-2
1747047686.9533634,-27,18,41
1747047686.9883633,-27,33,-66
1747047687.0233634,47,-80,59
1747047687.0593634,95,45,-89
1747047687.0943637,63,65,-17
1747047687.1303637,-80,-46,-28
1747047687.1653633,-2,5,33
1747047687.201363,38,18,81
1747047687.2363634,-25,-1,83
1747047687.2713633,-20,-12,-10
1747047687.3073633,33,-33,-1
1747047687.3423634,6,26,32
1747047687.3783634,23,36,16
1747047687.4133637,-59,-1,-17
1747047687.4493637,43,-69,157
1747047687.4843633,-2,-15,-94
1747047687.5193634,-44,69,101
1747047687.5553634,-54,55,107
1747047687.5903633,-42,-64,-44
1747047687.6263633,81,48,4
1747047687.6613634,16,-3,50
1747047687.6973634,-79,8,14
1747047687.7323637,-29,52,24
1747047687.7673633,-9,-5,76
1747047687.803363,12,-51,30
1747047687.8383634,-29,64,-99
1747047687.8743634,-69,-43,34
1747047687.9093633,-30,-24,56
1747047687.9453633,4,-26,72
1747047687.9813633,8,-20,4
1747047688.0163634,-57,75,-19
1747047688.0513637,26,17,49
1747047688.0873632,53,-31,7
1747047688.1233633,43,16,43
1747047688.158363,57,-53,-56
1747047688.1943634,14,-42,17
1747047688.2293634,5,20,-46
1747047688.2643633,24,65,-2
1747047688.2993634,69,38,-53
1747047688.3353634,50,53,6
1747047688.3713634,40,-2,-11
1747047688.4063632,22,-86,-8
1747047688.4423633,40,-26,62
1747047688.477363,-64,-15,0
1747047688.5123634,25,50,60
1747047688.5473633,27,-5,56
1747047688.5833633,19,14,66
1747047688.6193633,-84,-97,-4
1747047688.6543634,-24,12,-7
1747047688.6903634,-8,-44,-13
1747047688.7253633,40,26,-45
1747047688.760363,33,55,42
1747047688.7953634,27,3,122
1747047688.8313634,33,85,44
1747047688.8673637,-64,9,16
1747047688.9023633,-34,71,84
1747047688.9383633,-4,-4,66
1747047688.9733634,-38,0,146
1747047689.0083632,-26,-35,38
1747047689.043363,-26,27,8
1747047689.079363,65,32,-63
1747047689.1153634,12,46,64
1747047689.1503634,-71,16,28
1747047689.1863637,-9,42,-107
1747047689.2213633,-45,38,16
1747047689.2563634,-13,-61,80
1747047689.2913637,84,-1,24
1747047689.3273633,42,16,20
1747047689.3633633,-29,-31,16
1747047689.3983634,104,31,-9
1747047689.4343634,40,6,6
1747047689.4693637,-47,30,96
1747047689.5043633,-21,54,-19
1747047689.5393634,4,-20,86
1747047689.5753634,2,15,-93
1747047689.6113634,-49,-46,-51
1747047689.6463633,30,11,-103
1747047689.6823633,2,-36,52
1747047689.7173634,-20,-29,-77
1747047689.7523634,-27,62,12
1747047689.7873633,4,-10,88
1747047689.8233633,-5,-4,20
1747047689.8593633,-7,17,-10
1747047689.8943634,28,8,73
1747047689.9303634,26,49,43
1747047689.9723637,-39,33,129
1747047690.0083632,-7,87,-18
1747047690.043363,-3,3,-53
1747047690.079363,-109,-32,16
1747047690.1153634,42,47,-87
1747047690.1503634,72,24,116
1747047690.1863637,-31,7,-55
1747047690.2213633,50,39,-9
1747047690.2563634,-3,-1,-33
1747047690.2913637,24,-17,140
1747047690.3273633,-13,30,80
1747047690.3633633,64,-15,40
1747047690.3983634,-70,58,72
1747047690.4343634,-15,-18,62
1747047690.4693637,38,-59,-27
1747047690.5043633,-31,-16,4
1747047690.5393634,68,36,-9
1747047690.5753634,-67,-41,44
1747047690.6113634,0,38,-33
1747047690.6463633,35,-41,36
1747047690.6823633,59,-45,-13
1747047690.7173634,-8,20,-43
1747047690.7523634,27,-97,24
1747047690.7873633,-4,-31,78
1747047690.8233633,41,-13,12
1747047690.8593633,-34,0,72
1747047690.8943634,-28,-3,-89
1747047690.9303634,4,61,-55
1747047690.9653633,62,-2,112
1747047691.000363,-15,3,-15
1747047691.0363634,-16,17,-43
1747047691.0713634,47,-66,-19
1747047691.1073637,-24,46,158
1747047691.1423633,-15,5,80
1747047691.178363,38,9,38
1747047691.2133634,-29,-100,0
1747047691.2483633,8,-24,-3
1747047691.2843633,12,-39,126
1747047691.3193634,28,-11,-105
1747047691.3553634,16,-1,20
1747047691.3903637,-11,12,-89
1747047691.4263637,0,-53,22
1747047691.4613633,4,0,-77
1747047691.4963634,8,44,-143
1747047691.5323634,-41,42,86
1747047691.5673633,50,-1,66
1747047691.6033633,-57,-5,-39
1747047691.6383634,58,8,30
1747047691.6743634,12,0,22
1747047691.7093637,26,-15,-16
1747047691.7443633,44,26,19
1747047691.780363,58,-2,-193
1747047691.8153634,98,-151,38
1747047691.8513634,-40,-54,18
1747047691.8863633,33,2,-61
1747047691.9223633,-11,-59,114
1747047691.9573634,-26,-23,74
1747047691.9923637,-20,-29,4
1747047692.0283637,63,42,16
1747047692.0633633,10,-12,-63
1747047692.099363,29,32,12
1747047692.1343634,-36,38,30
1747047692.1703634,37,74,89
1747047692.2053633,24,-37,39
1747047692.2403634,-81,38,-90
1747047692.2763634,8,12,61
1747047692.3113637,-75,-49,-18
1747047692.3473637,16,-7,-31
1747047692.382363,-11,-89,-13
1747047692.418363,-59,20,62
1747047692.4533634,36,-21,26
1747047692.4883633,-3,18,16
1747047692.5243633,20,-3,116
1747047692.5593634,38,-47,-25
1747047692.5953634,-38,-67,38
1747047692.6303637,-30,59,44
1747047692.6653633,-11,44,56
1747047692.7003634,24,-75,52
1747047692.7363634,40,-9,-25
1747047692.7723634,16,14,108
1747047692.8073633,-86,49,30
1747047692.8433633,49,17,-23
1747047692.8783634,-47,-8,55
1747047692.9133637,-101,31,100
1747047692.9483633,-87,-20,-159
1747047692.9843633,40,-10,14
1747047693.020363,39,37,12
1747047693.0553634,-47,7,-29
1747047693.0913634,-39,39,-47
1747047693.1263633,20,-2,2
1747047693.1613634,34,-8,19
1747047693.1963634,68,-2,-30
1747047693.2323637,24,-34,9
1747047693.2683637,-41,19,-19
1747047693.303363,26,-56,-37
1747047693.339363,-71,-6,84
1747047693.3743634,-121,25,47
1747047693.4093633,8,47,-39
1747047693.4443634,-63,35,-70
1747047693.4803634,26,29,77
1747047693.5163634,38,13,-23
1747047693.5513637,-1,-56,49
1747047693.5873632,30,11,-36
1747047693.622363,-20,-46,-8
1747047693.6573634,-38,-18,47
1747047693.6923633,63,23,87
1747047693.7283633,49,11,-39
1747047693.7643633,-2,49,-113
1747047693.7993634,-26,-107,10
1747047693.8353634,13,-5,-19
1747047693.8703637,-18,-25,120
1747047693.905363,-16,58,-77
1747047693.9403634,21,50,56
1747047693.9763634,12,-59,-69
1747047694.0123634,-33,24,-39
1747047694.0473633,-1,-27,52
1747047694.0833633,5,7,8
1747047694.1183634,-9,-4,30
1747047694.1533637,50,27,42
1747047694.1883633,50,29,-51
1747047694.224363,-79,-38,94
1747047694.260363,-49,-76,64
1747047694.2953634,60,-32,-63
1747047694.3313634,52,74,32
1747047694.3663633,-54,7,70
1747047694.4013634,-26,-36,70
1747047694.4363637,-49,-45,18
1747047694.4723637,-4,-6,74
1747047694.5083632,-68,57,-71
1747047694.543363,-2,19,-71
1747047694.579363,-78,51,-7
1747047694.6143634,-64,-16,-53
1747047694.6493633,-14,57,-103
1747047694.6843634,5,-79,40
1747047694.7203634,7,-27,70
1747047694.7563634,10,3,-65
1747047694.7913637,-60,-18,31
1747047694.8273633,-20,-58,-88
1747047694.862363,-24,-50,-37
1747047694.8973634,-18,23,-8
1747047694.9323633,-71,-3,-74
1747047694.9683633,108,42,125
1747047695.0043633,10,12,-62
1747047695.0393634,-11,26,-53
1747047695.0753634,8,30,38
1747047695.1103632,64,10,-5
1747047695.145363,87,65,-85
1747047695.1803634,19,-28,154
1747047695.2163634,6,24,92
1747047695.2523634,-18,-1,122
1747047695.2873633,-23,-49,72
1747047695.3233633,74,-21,84
1747047695.3583634,-41,-5,-73
1747047695.3933637,-19,-103,-11
1747047695.428363,-63,14,20
1747047695.464363,-13,-7,-67
1747047695.500363,24,-33,14
1747047695.5353634,-16,-71,-11
1747047695.5713634,-17,55,6
1747047695.6063633,-14,-2,8
1747047695.6413634,-78,14,-75
1747047695.6773634,55,-47,1
1747047695.7123632,-54,-13,72
1747047695.7483633,68,-36,82
1747047695.783363,-24,-59,-69
1747047695.8193634,-48,11,40
1747047695.8543634,-78,37,106
1747047695.8893633,5,-1,82
1747047695.9253633,10,-8,56
1747047695.9603634,-29,-62,104
1747047695.9963634,-50,-23,-9
1747047696.0313632,65,16,20
1747047696.0673633,53,-40,99
1747047696.102363,33,59,-26
1747047696.1373634,-70,-28,-11
1747047696.1733634,-12,0,10
1747047696.2083633,-4,39,-13
1747047696.2443633,-48,11,-29
1747047696.2793634,34,-9,182
1747047696.3153634,-4,-28,40
1747047696.3503633,63,39,26
1747047696.385363,85,-72,84
1747047696.4213634,-56,-36,94
1747047696.4563634,21,-30,44
1747047696.4923637,7,-75,-27
1747047696.5273633,53,32,70
1747047696.5633633,63,-43,64
1747047696.5983634,13,38,32
1747047696.6333632,-32,-23,-63
1747047696.6693633,-32,-5,128
1747047696.704363,21,30,30
1747047696.7403634,-44,62,30
1747047696.7753634,-14,10,14
1747047696.8113637,67,-17,-97
1747047696.8463633,-46,-28,60
1747047696.8813634,-14,25,-47
1747047696.9173634,-4,3,25
1747047696.9523633,-73,94,148
1747047696.9883633,-5,-19,54
1747047697.0233634,82,-3,21
1747047697.0593634,-15,-25,-12
1747047697.0953634,-67,-25,81
1747047697.1313634,72,6,17
1747047697.1663637,0,-33,0
1747047697.201363,-35,-58,11
1747047697.237363,-60,49,2
1747047697.2723634,2,63,16
1747047697.3083634,31,29,14
1747047697.3433633,-17,37,22
1747047697.3783634,26,23,12
1747047697.4133637,22,-34,6
1747047697.4493637,-9,-19,26
1747047697.4853632,40,-23,-25
1747047697.520363,48,-39,-37
1747047697.556363,14,4,118
1747047697.5913634,56,0,96
1747047697.6263633,-69,-9,-29
1747047697.6613634,28,-9,-17
1747047697.6973634,18,46,36
1747047697.7333634,46,23,74
1747047697.7683637,-41,7,6
1747047697.8043633,38,-18,148
1747047697.839363,82,15,-9
1747047697.8743634,-55,-4,0
1747047697.9093633,-27,3,-39
1747047697.9453633,-11,-22,12
1747047697.9813633,2,0,54
1747047698.0163634,70,-22,-15
1747047698.0523634,37,-31,-1
1747047698.0873632,-78,10,136
1747047698.122363,17,-39,52
1747047698.1573634,47,0,142
1747047698.1933634,-54,16,64
1747047698.2293634,71,80,68
1747047698.2643633,-20,32,88
1747047698.3003633,25,-29,14
1747047698.3353634,-82,-44,26
1747047698.3703637,-52,-6,-3
1747047698.405363,-10,-6,-55
1747047698.441363,-78,40,-31
1747047698.477363,-4,-23,-9
1747047698.5123634,41,21,10
1747047698.5483634,75,95,-19
1747047698.5833633,-40,-2,36
1747047698.6183634,13,7,-39
1747047698.6533637,-64,-56,-29
1747047698.6893632,53,-20,-29
1747047698.7253633,89,-52,-5
1747047698.760363,60,55,12
1747047698.7963634,48,-18,6
1747047698.8313634,-15,-42,104
1747047698.8663633,68,63,62
1747047698.9013634,76,1,114
1747047698.9373634,-5,-77,18
1747047698.9733634,-15,-41,8
1747047699.0083632,-19,50,16
1747047699.0443633,-41,-5,15
1747047699.079363,-20,6,140
1747047699.1143634,-8,14,-61
1747047699.1493633,28,-9,18
1747047699.1853633,16,-49,142
1747047699.2213633,26,-35,-83
1747047699.2563634,18,-3,-101
1747047699.2923634,52,-29,-75
1747047699.3273633,-5,-1,70
1747047699.362363,-55,30,32
1747047699.3973634,28,-17,-3
1747047699.4333634,18,9,-1
1747047699.4693637,0,7,-73
1747047699.5043633,12,11,-31
1747047699.5403633,-59,-40,36
1747047699.5753634,46,9,42
1747047699.6103632,38,27,38
1747047699.645363,18,-116,46
1747047699.681363,3,-8,10
1747047699.7173634,28,-70,-67
1747047699.7523634,-49,24,-65
1747047699.7883637,-33,81,34
1747047699.8233633,0,-18,8
1747047699.8583634,-11,-8,114
1747047699.8933637,-25,-6,52
1747047699.9293633,10,-46,50
1747047699.9653633,23,-5,-89
1747047700.007363,14,-28,94
1747047700.0443633,-18,26,-43
1747047700.079363,-18,36,62
1747047700.1143634,-91,38,20
1747047700.1493633,-32,10,102
1747047700.1853633,7,-5,60
1747047700.2213633,3,18,104
1747047700.2563634,41,-47,82
1747047700.2923634,61,50,12
1747047700.3273633,37,28,14
1747047700.362363,13,-25,22
1747047700.3983634,53,16,70
1747047700.4333634,48,-9,-35
1747047700.4693637,13,-23,50
1747047700.5043633,29,-83,150
1747047700.5403633,46,-67,20
1747047700.5753634,66,-99,-33
1747047700.6103632,30,6,58
1747047700.6463633,21,4,-63
1747047700.681363,15,10,66
1747047700.7173634,-42,0,-45
1747047700.7523634,76,-58,38
1747047700.7883637,-81,-74,13
1747047700.8233633,-64,-55,-24
1747047700.8583634,17,72,23
1747047700.8943634,23,38,-129
1747047700.9293633,-10,-3,-61
1747047700.9653633,-22,-47,-19
1747047701.000363,-22,22,-8
1747047701.0363634,-34,28,-45
1747047701.0713634,25,10,-43
1747047701.1063633,-26,-3,-9
1747047701.1423633,11,30,72
1747047701.1773634,34,-53,12
1747047701.2133634,54,16,18
1747047701.2483633,-53,-27,-93
1747047701.2843633,8,-21,38
1747047701.3193634,3,30,-33
1747047701.3543634,-58,22,94
1747047701.3903637,-28,52,-13
1747047701.4253633,-16,32,-13
1747047701.4613633,29,-49,0
1747047701.4963634,7,18,-69
1747047701.5323634,-17,23,10
1747047701.5673633,-30,32,-39
1747047701.602363,39,34,78
1747047701.6383634,-12,26,10
1747047701.6733634,-43,-21,24
1747047701.7093637,-38,66,51
1747047701.7443633,-27,41,-61
1747047701.780363,79,38,72
1747047701.8153634,-33,-47,-64
1747047701.8503633,0,68,45
1747047701.8863633,-21,12,34
1747047701.9213634,68,36,-57
1747047701.9573634,11,20,-93
1747047701.9923637,51,-39,-45
1747047702.0283637,27,26,-29
1747047702.0643632,-2,-81,88
1747047702.099363,-38,16,86
1747047702.1343634,-12,-3,50
1747047702.1703634,17,20,-51
1747047702.2063634,-16,23,46
1747047702.2413633,21,-32,-91
1747047702.2773633,-112,47,26
1747047702.3123634,-44,-94,72
1747047702.3473637,29,57,-135
1747047702.382363,-86,11,-1
1747047702.418363,13,-29,-51
1747047702.454363,-12,8,20
1747047702.4893634,-14,52,22
1747047702.5253634,-62,-35,74
1747047702.5603633,33,-3,-31
1747047702.5953634,-31,3,52
1747047702.6303637,-54,25,-29
1747047702.6663637,-30,17,-7
1747047702.7023633,34,51,-7
1747047702.737363,24,21,-3
1747047702.7733634,-3,-28,42
1747047702.8083634,24,-54,-33
1747047702.8433633,-47,41,30
1747047702.8783634,-42,39,-97
1747047702.9143634,-26,-42,-7
1747047702.9503634,-20,-11,18
1747047702.9853632,69,6,68
1747047703.0213633,5,-33,34
1747047703.056363,-46,-73,6
1747047703.0913634,-28,32,36
1747047703.1263633,15,-11,50
1747047703.1623633,119,-9,43
1747047703.1983633,-40,41,44
1747047703.2333634,0,45,29
1747047703.2693634,33,-51,-17
1747047703.3043633,15,96,-1
1747047703.339363,25,94,57
1747047703.3743634,-25,3,-50
1747047703.4103634,25,56,-96
1747047703.4463634,-44,-30,78
1747047703.4813633,87,10,64
1747047703.5173633,41,-41,28
1747047703.5523634,-70,-61,40
1747047703.5873632,-14,48,86
1747047703.622363,11,-35,-7
1747047703.658363,-52,-37,62
1747047703.6943634,-16,0,-117
1747047703.7293634,29,40,42
1747047703.7653637,15,18,-19
1747047703.8003633,-24,20,86
1747047703.8353634,85,-51,-2
1747047703.8703637,-30,44,73
1747047703.9063632,62,0,-38
1747047703.9423633,-33,110,46
1747047703.977363,-18,-63,-115
1747047704.0133634,-66,32,-17
1747047704.0483634,0,2,28
1747047704.0833633,-10,-65,38
1747047704.1183634,32,-8,131
1747047704.1543634,50,63,-100
1747047704.1903634,6,-100,140
1747047704.2253633,16,-24,43
1747047704.2613633,4,81,-37
1747047704.2963634,-55,17,39
1747047704.3313634,39,-6,-41
1747047704.3663633,38,45,38
1747047704.4023633,33,3,-11
1747047704.4383633,15,-18,6
1747047704.4733634,61,75,-57
1747047704.5093634,59,9,-7
1747047704.5443633,11,-36,-3
1747047704.579363,55,33,92
1747047704.6143634,-68,-64,12
1747047704.6503634,-64,-26,-57
1747047704.6863637,89,-12,-5
1747047704.7213633,110,13,-101
1747047704.757363,-65,-68,6
1747047704.7923634,-31,11,150
1747047704.8273633,-2,-14,-27
1747047704.862363,-58,-6,-75
1747047704.8983634,11,17,114
1747047704.9343634,-86,-42,14
1747047704.9693637,59,-2,92
1747047705.0053637,27,0,-167
1747047705.0403633,13,55,-11
1747047705.0753634,-116,51,96
1747047705.1113634,123,-38,14
1747047705.1463633,-10,-16,128
1747047705.1823633,44,-86,60
1747047705.2173634,-55,-6,-23
1747047705.2533634,-57,-12,-41
1747047705.2883637,-11,-4,-135
1747047705.3233633,8,-14,-23
1747047705.3593633,-98,30,-27
1747047705.3943634,19,35,96
1747047705.4303634,39,30,-33
1747047705.4653633,-58,16,116
1747047705.5013633,-24,-39,8
1747047705.5363634,75,16,-29
1747047705.5713634,87,-5,84
1747047705.6073637,-34,-24,-45
1747047705.6423633,-23,24,28
1747047705.678363,30,10,18
1747047705.7133634,8,-25,50
1747047705.7493634,-3,32,-19
1747047705.7843633,-23,-55,-33
1747047705.8193634,-11,-79,10
1747047705.8553634,110,0,98
1747047705.8903637,106,0,16
1747047705.9263637,-49,73,-11
1747047705.9613633,44,-36,16
1747047705.997363,-61,-14,-49
1747047706.0323634,-29,11,76
1747047706.0673633,22,29,-7
1747047706.1033633,-99,29,10
1747047706.1383634,13,-16,34
1747047706.1743634,11,-30,-59
1747047706.2093637,-8,53,-26
1747047706.2453637,-50,-23,30
1747047706.280363,-14,2,-46
1747047706.3153634,21,4,91
1747047706.3513634,-46,20,-23
1747047706.3863633,53,-29,112
1747047706.4223633,23,-11,24
1747047706.4573634,27,-27,6
1747047706.4933634,-20,15,8
1747047706.5283637,25,-51,-107
1747047706.5633633,-20,35,54
1747047706.599363,-57,2,6
1747047706.6343634,23,-45,14
1747047706.6703634,-22,-19,14
1747047706.7053633,-22,-13,32
1747047706.7403634,-50,12,64
1747047706.7753634,12,54,4
1747047706.8113637,-19,-73,-65
1747047706.8473637,2,28,74
1747047706.882363,92,29,66
1747047706.918363,76,-19,0
1747047706.9533634,-3,-3,100
1747047706.9883633,-13,4,92
1747047707.0233634,5,20,-58
1747047707.0593634,-76,20,-18
1747047707.0953634,-16,20,-37
1747047707.1303637,17,-47,-21
1747047707.1663637,52,-77,-15
1747047707.201363,16,-35,62
1747047707.2363634,118,32,-69
1747047707.2713633,48,-59,92
1747047707.3073633,96,-25,-11
1747047707.3433633,16,-77,-101
1747047707.3783634,98,14,-29
1747047707.4143634,-53,8,184
1747047707.4493637,-7,54,40
1747047707.4843633,-35,-71,-3
1747047707.5193634,60,-21,-23
1747047707.5553634,0,22,-59
1747047707.5913634,-9,-45,-83
1747047707.6263633,-11,-51,-67
1747047707.6623633,16,-15,-103
1747047707.6973634,20,-105,-28
1747047707.7323637,18,24,-18
1747047707.7673633,22,-27,84
1747047707.803363,2,67,81
1747047707.839363,-9,11,-7
1747047707.8743634,-11,-7,156
1747047707.9103634,0,-29,-21
1747047707.9453633,4,32,-15
1747047707.9803634,-16,16,-74
1747047708.0153637,38,52,87
1747047708.0513637,12,-39,-71
1747047708.0873632,-6,-48,-71
1747047708.122363,-14,0,18
1747047708.158363,95,-54,62
1747047708.1933634,31,-14,112
1747047708.2283633,-27,27,-97
1747047708.2633634,-1,-70,70
1747047708.2993634,-47,-46,-63
1747047708.3353634,59,-27,-3
1747047708.3703637,-82,10,224
1747047708.4063632,-62,-69,14
1747047708.441363,37,-59,-19
1747047708.4763634,-14,4,22
1747047708.5113633,-12,16,-103
1747047708.5473633,69,2,-71
1747047708.5833633,-20,16,-131
1747047708.6183634,18,47,18
1747047708.6543634,52,23,-83
1747047708.6893632,-30,17,24
1747047708.724363,-69,77,16
1747047708.7593634,-34,-14,-139
1747047708.7953634,14,-64,-115
1747047708.8313634,153,23,48
1747047708.8663633,-48,31,-75
1747047708.9023633,45,-44,2
1747047708.9373634,37,79,-9
1747047708.9723637,-64,-24,-67
1747047709.007363,23,-90,96
1747047709.043363,-32,88,-115
1747047709.079363,51,36,-53
1747047709.1143634,-54,-9,68
1747047709.1503634,-74,86,-46
1747047709.1853633,-24,-16,12
1747047709.2203634,-44,-45,-21
1747047709.2553637,-36,32,-21
1747047709.2913637,-7,-54,-97
1747047709.3273633,14,7,-11
1747047709.362363,-11,-51,102
1747047709.3983634,-1,6,72
1747047709.4333634,-87,-21,66
1747047709.4683633,16,22,166
1747047709.5033634,44,-20,-113
1747047709.5393634,-41,19,46
1747047709.5753634,-2,57,70
1747047709.6103632,50,15,-67
1747047709.6463633,7,-22,-16
1747047709.681363,-12,-16,-121
1747047709.7163634,-94,-6,80
1747047709.7523634,-14,-30,-21
1747047709.7873633,27,-46,-71
1747047709.8233633,-38,20,-109
1747047709.8583634,-64,36,114
1747047709.8943634,30,62,-27
1747047709.9293633,-65,-85,74
1747047709.964363,-9,35,-37
1747047710.000363,-1,28,148
1747047710.0423634,-11,50,176
1747047710.079363,18,30,-37
1747047710.1143634,32,17,-29
1747047710.1503634,28,-6,-55
1747047710.1853633,-2,68,34
1747047710.2203634,-28,-1,-7
1747047710.2563634,-43,7,-21
1747047710.2913637,-21,-42,2
1747047710.3273633,26,27,-61
1747047710.362363,-21,59,14
1747047710.3983634,16,-28,-109
1747047710.4333634,-29,31,32
1747047710.4683633,-51,0,-69
1747047710.5043633,-47,-14,-125
1747047710.5393634,64,-38,-17
1747047710.5753634,40,67,22
1747047710.6103632,-21,37,-75
1747047710.6463633,24,1,4
1747047710.681363,-17,-10,-99
1747047710.7163634,26,-54,52
1747047710.7523634,-13,-61,-7
1747047710.7873633,36,-17,6
1747047710.8233633,69,-39,-73
1747047710.8583634,36,13,-27
1747047710.8943634,54,96,-5
1747047710.9293633,-9,22,-85
1747047710.964363,-59,-73,14
1747047711.000363,-35,0,44
1747047711.0353634,-19,-61,40
1747047711.0713634,-15,90,-23
1747047711.1063633,4,86,86
1747047711.1423633,9,-61,7
1747047711.1773634,17,84,92
1747047711.2123632,57,-5,99
1747047711.2483633,3,-3,80
1747047711.283363,-18,-7,-4
1747047711.3193634,-46,-7,28
1747047711.3543634,45,44,2
1747047711.3893633,55,-79,90
1747047711.4243634,81,52,73
1747047711.4603634,21,2,-76
1747047711.4963634,-90,-25,-132
1747047711.5313632,-90,8,-1
1747047711.5673633,-6,-43,98
1747047711.602363,-16,-21,-61
1747047711.6373634,-16,10,34
1747047711.6723633,-30,0,36
1747047711.7083633,-75,-3,80
1747047711.7443633,54,22,34
1747047711.7793634,10,-5,0
1747047711.8153634,-21,62,-19
1747047711.8503633,31,18,-11
1747047711.885363,21,42,28
1747047711.9203634,81,18,14
1747047711.9563634,-14,12,16
1747047711.9923637,-18,-17,-1
1747047712.0273633,17,56,94
1747047712.0633633,-56,-43,38
1747047712.0983634,35,-25,4
1747047712.1333632,49,-19,-5
1747047712.168363,40,-41,32
1747047712.204363,106,48,32
1747047712.2403634,17,5,-37
1747047712.2753634,19,39,16
1747047712.3113637,-14,27,34
1747047712.3463633,65,-10,-1
1747047712.3813634,-42,-6,-29
1747047712.4163637,-12,-4,54
1747047712.4523633,-26,17,44
1747047712.4883633,41,13,14
1747047712.5233634,13,37,-21
1747047712.5593634,-16,-10,32
1747047712.5943637,19,-12,70
1747047712.6293633,59,58,-17
1747047712.6643634,13,-3,-75
1747047712.7003634,-22,-11,182
1747047712.7363634,11,-1,-6
1747047712.7713633,-82,-31,77
1747047712.8073633,-22,38,25
1747047712.8423634,-26,34,74
1747047712.8773634,0,-3,-55
1747047712.9123633,57,70,84
1747047712.9483633,-70,-27,52
1747047712.9843633,73,-59,40
1747047713.0193634,-16,28,-45
1747047713.0553634,-38,-31,-32
1747047713.0903633,-19,-43,-7
1747047713.125363,-32,40,55
1747047713.1603634,-42,28,-45
1747047713.1963634,-36,4,92
1747047713.2323637,3,-43,30
1747047713.2673633,37,54,-23
1747047713.303363,69,60,130
1747047713.3383634,-34,6,-37
1747047713.3733633,19,-104,36
1747047713.408363,-58,8,-91
1747047713.4443634,-60,-34,-5
1747047713.4803634,0,-96,162
1747047713.5153637,104,88,70
1747047713.5513637,-77,6,-13
1747047713.5863633,-46,-20,-61
1747047713.6213634,-92,19,70
1747047713.6563632,-40,-24,-3
1747047713.6923633,4,-45,-59
1747047713.7283633,8,-3,38
1747047713.7633634,-2,-32,-21
1747047713.7993634,-59,-19,6
1747047713.8343637,-11,-47,41
1747047713.8693633,44,-23,34
1747047713.9043634,-15,-65,98
1747047713.9403634,90,-13,146
1747047713.9763634,-12,39,56
1747047714.0113633,4,6,-33
1747047714.0473633,-56,11,10
1747047714.0823634,-22,-47,-17
1747047714.1173637,31,100,100
1747047714.1523633,-43,-41,-19
1747047714.1883633,-29,22,28
1747047714.224363,-16,72,58
1747047714.2593634,-29,16,-53
1747047714.2953634,16,-33,38
1747047714.3303633,-16,24,58
1747047714.3653634,-37,60,48
1747047714.4013634,-7,4,26
1747047714.4363637,-33,-47,6
1747047714.4723637,26,-65,-99
1747047714.507363,24,8,26
1747047714.543363,-15,68,72
1747047714.5783634,-56,112,56
1747047714.6133633,99,-14,78
1747047714.6493633,0,91,26
1747047714.6843634,63,3,-29
1747047714.7203634,-40,-60,66
1747047714.7553637,-50,-4,32
1747047714.7913637,-24,11,118
1747047714.826363,3,13,-41
1747047714.8613634,-43,-27,48
1747047714.8973634,5,-36,-57
1747047714.9323633,9,-24,44
1747047714.9683633,-121,-47,72
1747047715.0033634,-80,-32,-73
1747047715.0393634,-18,-12,64
1747047715.0743637,0,-19,88
1747047715.1093633,50,10,-59
1747047715.145363,30,28,-45
1747047715.1803634,-72,-86,-23
1747047715.2163634,-28,-10,94
1747047715.2513633,87,-7,98
1747047715.2873633,-8,-23,-23
1747047715.3223634,11,-23,-11
1747047715.3573637,1,-1,90
1747047715.3933637,2,-13,88
1747047715.428363,6,-27,36
1747047715.464363,51,-124,22
1747047715.4993634,35,-18,18
1747047715.5353634,-6,-30,36
1747047715.5703633,55,83,50
1747047715.6053634,-110,-11,74
1747047715.6413634,69,-93,116
1747047715.6763637,33,50,-53
1747047715.7123632,-41,-27,132
1747047715.747363,-27,-21,-29
1747047715.7823634,-1,20,86
1747047715.8173633,-10,12,-115
1747047715.8533633,13,42,120
1747047715.8893633,50,-8,-131
1747047715.9243634,44,-12,62
1747047715.9603634,-69,-36,-85
1747047715.9953637,61,26,-29
1747047716.0313632,35,-25,-41
1747047716.0673633,23,0,-7
1747047716.102363,58,13,4
1747047716.1373634,104,-50,64
1747047716.1733634,-57,-42,-9
1747047716.2093637,40,6,-17
1747047716.2443633,-25,-1,-99
1747047716.280363,40,18,-5
1747047716.3153634,-81,2,-5
1747047716.3503633,-23,36,-27
1747047716.385363,76,14,0
1747047716.4213634,22,-37,52
1747047716.4573634,-15,18,12
1747047716.4923637,24,-35,18
1747047716.5283637,92,34,80
1747047716.5633633,46,25,-9
1747047716.5983634,0,37,110
1747047716.6333632,-61,-18,62
1747047716.6693633,72,-8,-89
1747047716.7053633,-63,-37,138
1747047716.7403634,-21,80,-19
1747047716.7763634,-83,-57,-43
1747047716.8113637,24,-28,-49
1747047716.8463633,9,-14,-49
1747047716.8813634,-44,79,64
1747047716.9173634,3,-24,14
1747047716.9533634,38,42,-25
1747047716.9883633,-33,-127,76
1747047717.0243633,87,-13,40
1747047717.0593634,8,-57,92
1747047717.0943637,94,44,16
1747047717.1293633,6,-9,-111
1747047717.1653633,-11,38,6
1747047717.201363,-52,-41,-103
1747047717.2363634,-2,12,20
1747047717.2723634,-82,0,-1
1747047717.3073633,23,-51,28
1747047717.3423634,-12,-27,-3
1747047717.3773634,49,50,-7
1747047717.4133637,25,-99,-13
1747047717.4493637,-52,-31,16
1747047717.4843633,-10,-15,28
1747047717.520363,-44,-47,-71
1747047717.5553634,9,26,98
1747047717.5903633,-14,-47,20
1747047717.625363,-32,-2,-77
1747047717.6613634,51,61,-47
1747047717.6973634,-120,0,14
1747047717.7323637,9,-21,56
1747047717.7683637,-28,32,32
1747047717.803363,-38,-23,44
1747047717.8383634,-6,-5,-45
1747047717.8733633,13,-29,-25
1747047717.9093633,-3,-26,40
1747047717.9453633,15,10,128
1747047717.9803634,-1,46,-145
1747047718.0163634,-47,14,206
1747047718.0513637,-80,12,106
1747047718.0863633,-28,-29,-61
1747047718.1213634,-26,86,38
1747047718.1573634,4,77,-55
1747047718.1933634,76,7,8
1747047718.2283633,-1,10,-35
1747047718.2643633,55,2,64
1747047718.2993634,-19,52,112
1747047718.3343637,-13,6,-9
1747047718.3693633,14,14,-57
1747047718.405363,36,-37,40
1747047718.441363,59,-3,30
1747047718.4763634,36,-23,24
1747047718.5123634,36,-38,-15
1747047718.5473633,74,-22,-55
1747047718.5823634,-15,-38,-79
1747047718.6173637,-61,-14,0
1747047718.6533637,12,21,-89
1747047718.6893632,26,3,-41
1747047718.724363,24,27,62
1747047718.760363,42,-6,0
1747047718.7953634,-9,-20,-51
1747047718.8303633,30,15,54
1747047718.8653634,-7,-22,-7
1747047718.9013634,-48,19,-9
1747047718.9373634,-14,-22,14
1747047718.9723637,12,71,12
1747047719.0083632,46,-36,34
1747047719.043363,-23,-76,86
1747047719.0783634,24,-80,-1
1747047719.1143634,-38,52,46
1747047719.1493633,-17,73,-21
1747047719.1853633,-32,8,16
1747047719.2203634,37,26,-11
1747047719.2563634,11,-53,38
1747047719.2913637,113,12,-1
1747047719.326363,23,-13,30
1747047719.362363,-48,40,-29
1747047719.3973634,-60,-21,34
1747047719.4333634,9,44,32
1747047719.4683633,12,18,-59
1747047719.5043633,48,-91,136
1747047719.5393634,16,15,-31
1747047719.5743637,-23,-20,38
1747047719.6103632,72,-61,30
1747047719.645363,44,58,14
1747047719.681363,40,-27,-31
1747047719.7163634,32,2,32
1747047719.7523634,-43,-15,-9
1747047719.7873633,14,34,-57
1747047719.8223634,22,-21,-21
1747047719.8583634,-29,0,-57
1747047719.8933637,4,-37,-115
1747047719.9293633,30,0,28
1747047719.964363,-4,52,94
1747047720.000363,12,-73,104
1747047720.0353634,-9,4,-111
1747047720.0773633,8,-71,-11
1747047720.1143634,-28,8,-15
1747047720.1493633,9,-5,-29
1747047720.1853633,-57,35,126
1747047720.2203634,16,5,26
1747047720.2563634,80,69,-51
1747047720.2913637,10,67,2
1747047720.326363,-14,0,52
1747047720.362363,-47,48,26
1747047720.3973634,59,0,34
1747047720.4333634,-21,-20,48
1747047720.4683633,54,0,52
1747047720.5043633,46,-64,38
1747047720.5393634,-35,-22,72
1747047720.5743637,-15,27,-11
1747047720.6103632,-29,42,54
1747047720.645363,-49,17,108
1747047720.681363,10,-16,50
1747047720.7163634,-37,-46,52
1747047720.7513633,50,25,-55
1747047720.7863634,38,-29,-55
1747047720.8223634,-95,-42,12
1747047720.8583634,-21,3,70
1747047720.8933637,32,29,-105
1747047720.9293633,76,-14,-39
1747047720.964363,-63,-10,-33
1747047720.9993634,-35,-52,48
1747047721.0343633,-27,7,26
1747047721.0703633,-33,-4,50
1747047721.1063633,18,0,40
1747047721.1413634,-27,1,128
1747047721.1773634,138,59,10
1747047721.2123632,51,-15,-13
1747047721.247363,-38,3,-81
1747047721.2823634,3,-70,25
1747047721.3183634,27,43,-142
1747047721.3543634,27,-10,48
1747047721.3893633,47,53,-5
1747047721.4253633,57,-52,-39
1747047721.4603634,53,-34,-35
1747047721.4953637,19,-44,8
1747047721.530363,-4,7,-19
1747047721.566363,-46,-38,16
1747047721.602363,-34,-14,-67
1747047721.6373634,-10,19,-119
1747047721.6733634,-2,-22,44
1747047721.7083633,73,-24,122
1747047721.7433634,-79,-16,4
1747047721.7783637,50,-48,-19
1747047721.8143632,-39,-34,22
1747047721.8503633,-54,-34,60
1747047721.885363,-32,4,38
1747047721.9213634,43,14,76
1747047721.9563634,-21,-7,-103
1747047721.9913633,-20,-22,-69
1747047722.0263634,63,49,-53
1747047722.0623634,-42,-31,14
1747047722.0983634,-43,-37,-37
1747047722.1333632,0,3,-9
1747047722.1693633,-36,11,-15
1747047722.204363,65,1,-1
1747047722.2393634,57,27,52
1747047722.2743633,-30,31,27
1747047722.3103633,-24,18,131
1747047722.3463633,-16,7,-62
1747047722.3813634,-88,13,-17
1747047722.4173634,-18,-8,154
1747047722.4523633,-25,17,102
1747047722.487363,-9,43,-103
1747047722.5223634,-22,38,46
1747047722.5583634,-57,17,-41
1747047722.5943637,-59,-14,20
1747047722.6293633,66,43,-23
1747047722.6653633,-69,-50,-85
1747047722.7003634,38,-12,-51
1747047722.7353632,44,43,-26
1747047722.770363,60,-32,-57
1747047722.806363,-5,-44,-63
1747047722.8423634,58,39,-27
1747047722.8773634,24,-4,-199
1747047722.9133637,38,-28,-63
1747047722.9483633,-57,-2,-37
1747047722.9833634,-1,53,52
1747047723.0183637,-37,-4,25
1747047723.0543633,-15,-52,-104
1747047723.0903633,21,20,-77
1747047723.125363,40,-21,3
1747047723.1613634,76,-39,39
1747047723.1963634,-37,-7,86
1747047723.2313633,-81,-17,-116
1747047723.2663634,-7,16,-4
1747047723.3023634,32,-62,13
1747047723.3383634,-5,6,100
1747047723.3733633,-35,24,58
1747047723.4093633,62,-67,60
1747047723.4443634,88,-87,-111
1747047723.4793634,22,-24,42
1747047723.5143633,-66,-18,106
1747047723.5503633,-8,-26,30
1747047723.5863633,25,59,120
1747047723.6213634,-18,-20,-65
1747047723.6573634,3,-20,-111
1747047723.6923633,-4,28,-5
1747047723.727363,-59,-14,52
1747047723.7633634,-5,55,-91
1747047723.7983634,-29,-20,-35
1747047723.8343637,36,-18,98
1747047723.8693633,-64,-49,-41
1747047723.905363,-32,6,94
1747047723.9403634,-26,-25,-5
1747047723.9753633,-1,-8,-53
1747047724.0113633,14,-52,-25
1747047724.0463634,47,45,-43
1747047724.0823634,20,-20,-47
1747047724.1173637,16,-32,52
1747047724.1533637,-35,-94,42
1747047724.1883633,-19,27,-19
1747047724.2233634,-92,50,-71
1747047724.2593634,9,-11,50
1747047724.2943633,-34,-60,-51
1747047724.3303633,9,74,-9
1747047724.3653634,-24,51,-93
1747047724.4013634,-17,95,70
1747047724.4363637,27,-28,144
1747047724.4713633,90,25,-11
1747047724.507363,-58,-9,70
1747047724.5423634,35,-67,-3
1747047724.5783634,-72,18,-45
1747047724.6133633,-87,57,38
1747047724.6493633,48,3,128
1747047724.6843634,34,-50,8
1747047724.7193637,12,7,38
1747047724.7553637,44,17,12
1747047724.7903633,-49,27,32
1747047724.826363,-3,-10,-9
1747047724.8613634,19,32,-87
1747047724.8973634,-66,-12,42
1747047724.9323633,-16,0,18
1747047724.9673634,121,3,-23
1747047725.0033634,23,3,12
1747047725.0383637,-74,15,84
1747047725.0743637,-36,-18,8
1747047725.1093633,-2,-7,-49
1747047725.145363,11,-35,30
1747047725.1803634,7,-20,0
1747047725.2153633,40,11,4
1747047725.2513633,32,39,82
1747047725.2863634,16,-56,54
1747047725.3223634,32,-36,-85
1747047725.3573637,-63,-37,-15
1747047725.3933637,-13,-38,-39
1747047725.4293633,-65,33,106
1747047725.464363,26,25,74
1747047725.4993634,-23,-4,-37
1747047725.5353634,-14,-43,-13
1747047725.5713634,9,28,-43
1747047725.6063633,72,41,24
1747047725.6423633,156,45,-67
1747047725.6773634,-23,9,-67
1747047725.7123632,-18,3,8
1747047725.747363,15,-54,-27
1747047725.783363,-21,5,-61
1747047725.8193634,82,11,82
1747047725.8543634,8,5,116
1747047725.8903637,-5,-42,92
1747047725.9253633,16,53,42
1747047725.9603634,28,-32,68
1747047725.9953637,-37,-52,5
1747047726.0313632,-53,-20,60
1747047726.0673633,-25,-12,6
1747047726.102363,18,-20,10
1747047726.1383634,-11,5,18
1747047726.1733634,54,3,28
1747047726.2083633,-59,-8,46
1747047726.2433634,-7,29,-9
1747047726.2793634,70,13,18
1747047726.3153634,-27,21,124
1747047726.3503633,27,-11,4
1747047726.3863633,40,11,18
1747047726.4213634,20,13,34
1747047726.4563634,-43,75,46
1747047726.4913633,-2,54,-29
1747047726.5273633,-46,-31,66
1747047726.5633633,31,-51,-27
1747047726.5983634,91,-15,-109
1747047726.6343634,39,-9,44
1747047726.6693633,78,12,-79
1747047726.704363,76,20,16
1747047726.7393634,-33,-33,66
1747047726.7753634,-53,28,86
1747047726.8113637,12,-21,38
1747047726.8463633,-24,22,170
1747047726.882363,-16,-71,-67
1747047726.9173634,-36,-53,20
1747047726.9523633,-50,22,136
1747047726.987363,-30,-57,-71
1747047727.0233634,-28,-13,-31
1747047727.0593634,3,-1,22
1747047727.0943637,-34,26,30
1747047727.1303637,35,-6,8
1747047727.1653633,-106,-23,50
1747047727.2003634,-48,-19,37
1747047727.2353632,0,46,-23
1747047727.2713633,17,-3,26
1747047727.3073633,5,-24,153
1747047727.3423634,-67,-9,72
1747047727.3783634,103,-41,-137
1747047727.4133637,33,29,-97
1747047727.4483633,-18,26,32
1747047727.4833634,-52,34,-45
1747047727.5193634,23,-5,-25
1747047727.5553634,48,-13,-83
1747047727.5903633,14,-29,130
1747047727.6263633,20,-1,56
1747047727.6613634,-61,86,48
1747047727.6963634,-11,-21,44
1747047727.7313633,6,-29,6
1747047727.7673633,26,44,88
1747047727.803363,8,-33,-67
1747047727.8383634,77,40,-3
1747047727.8743634,-23,-58,172
1747047727.9093633,28,-50,90
1747047727.9443634,-1,9,90
1747047727.9793634,-102,-43,-43
1747047728.0153637,13,34,48
1747047728.0513637,46,-14,42
1747047728.0863633,-60,14,28
1747047728.122363,13,16,-119
1747047728.1573634,88,17,150
1747047728.1923633,-79,-66,82
1747047728.227363,63,24,22
1747047728.2633634,27,-37,18
1747047728.2993634,101,4,94
1747047728.3343637,-2,-19,-35
1747047728.3703637,-26,20,-21
1747047728.405363,39,-57,72
1747047728.4403634,-33,-27,-75
1747047728.4763634,13,18,60
1747047728.5113633,-17,-46,118
1747047728.5473633,-31,35,-51
1747047728.5823634,18,85,-51
1747047728.6183634,-31,63,10
1747047728.6533637,-25,17,84
1747047728.6883633,-3,-6,128
1747047728.724363,41,-70,8
1747047728.7593634,-22,-42,8
1747047728.7953634,-24,3,28
1747047728.8303633,15,35,82
1747047728.8663633,-63,-26,66
1747047728.9013634,6,39,-53
1747047728.9363637,4,67,51
1747047728.9723637,14,-66,-71
1747047729.007363,48,29,-5
1747047729.043363,3,-9,46
1747047729.0783634,-46,28,108
1747047729.1143634,21,-32,-143
1747047729.1493633,50,-10,24
1747047729.1843634,-3,-20,-91
1747047729.2203634,-55,-40,-3
1747047729.2553637,12,3,142
1747047729.2913637,22,-66,110
1747047729.326363,31,-38,66
1747047729.362363,76,39,-1
1747047729.3973634,46,-32,30
1747047729.4323633,-60,-54,-39
1747047729.4683633,-25,7,96
1747047729.5033634,-4,9,70
1747047729.5393634,-40,61,-13
1747047729.5743637,83,10,66
1747047729.6103632,79,0,-49
1747047729.645363,5,-7,-95
1747047729.6803634,-54,38,44
1747047729.7163634,21,90,-105
1747047729.7513633,83,-97,-103
1747047729.7873633,-25,45,8
1747047729.8223634,10,15,56
1747047729.8583634,51,-8,38
1747047729.8933637,19,-2,74
1747047729.928363,-48,41,-141
1747047729.964363,59,-26,4
1747047729.9993634,85,5,56
1747047730.0353634,61,3,54
1747047730.0703633,-90,-34,-9
1747047730.112363,29,-20,2
1747047730.1483634,15,-53,26
1747047730.1843634,-16,18,120
1747047730.2203634,-24,-1,-51
1747047730.2553637,12,17,-94
1747047730.2913637,14,61,-61
1747047730.326363,55,-80,80
1747047730.3613634,-40,11,-85
1747047730.3963633,-28,37,-17
1747047730.4323633,19,63,-35
1747047730.4683633,35,-32,38
1747047730.5033634,-48,7,-36
1747047730.5393634,-2,26,35
1747047730.5743637,-54,-39,-49
1747047730.6093633,-37,-9,38
1747047730.6443634,-3,-51,108
1747047730.6803634,79,66,20
1747047730.7163634,-66,-2,-83
1747047730.7513633,95,-52,32
1747047730.7873633,-82,98,22
1747047730.8223634,23,46,100
1747047730.8573637,-74,59,-17
1747047730.8923633,15,3,59
1747047730.928363,23,33,41
1747047730.964363,41,14,92
1747047730.9993634,-76,-41,4
1747047731.0353634,55,31,-28
1747047731.0703633,7,51,47
1747047731.1053634,53,2,88
1747047731.1403637,19,-12,172
1747047731.1763637,81,23,-51
1747047731.2123632,-49,40,-11
1747047731.247363,-40,9,-43
1747047731.283363,31,57,2
1747047731.3183634,-10,25,38
1747047731.3533633,-74,-17,52
1747047731.3883634,-12,16,-5
1747047731.4243634,-2,-41,-5
1747047731.4603634,51,5,-33
1747047731.4953637,4,-10,-47
1747047731.5313632,34,-28,-49
1747047731.566363,34,-44,8
1747047731.6013634,-2,14,58
1747047731.6363633,65,42,-7
1747047731.6723633,-4,82,42
1747047731.7083633,31,-31,28
1747047731.7433634,27,-5,-33
1747047731.7793634,-42,-41,56
1747047731.8143632,-20,-33,30
1747047731.849363,-58,-59,68
1747047731.8843634,-40,-25,-97
1747047731.9203634,-50,16,-11
1747047731.9563634,13,-7,166
1747047731.9913633,-30,12,-35
1747047732.0273633,82,27,-43
1747047732.0623634,-61,-16,-15
1747047732.0973637,22,-26,-55
1747047732.132363,-41,0,-57
1747047732.168363,67,53,0
1747047732.204363,23,7,30
1747047732.2393634,12,-30,14
1747047732.2753634,43,-24,-19
1747047732.3103633,149,25,-37
1747047732.3453634,96,9,-29
1747047732.3813634,22,17,0
1747047732.4163637,14,59,-103
1747047732.4523633,106,-54,118
1747047732.487363,-19,-20,-39
1747047732.5233634,50,-56,70
1747047732.5583634,-83,12,74
1747047732.5933633,7,20,26
1747047732.6283634,-12,88,-37
1747047732.6643634,-3,-17,-135
1747047732.7003634,-67,4,26
1747047732.7353632,-27,-13,48
1747047732.7713633,-43,40,16
1747047732.806363,-65,-79,-29
1747047732.8413634,112,16,-65
1747047732.8763633,-35,-69,-7
1747047732.9123633,-62,-11,-1
1747047732.9483633,-48,-81,156
1747047732.9833634,-82,-71,14
1747047733.0193634,2,2,-99
1747047733.0543633,49,26,28
1747047733.089363,3,-1,134
1747047733.125363,1,-17,-71
1747047733.1603634,-26,-7,-49
1747047733.1963634,68,10,106
1747047733.2313633,-76,26,-21
1747047733.2673633,51,24,-49
1747047733.3023634,-26,-57,54
1747047733.3373632,-25,-54,72
1747047733.3733633,-17,13,2
1747047733.408363,19,-6,54
1747047733.4443634,65,29,-89
1747047733.4793634,35,-56,-79
1747047733.5153637,0,-24,-23
1747047733.5503633,2,-28,72
1747047733.5853634,-13,-24,60
1747047733.6213634,-4,29,-97
1747047733.6563632,96,-12,-3
1747047733.6923633,-77,3,-55
1747047733.727363,3,-18,64
1747047733.7633634,-8,65,120
1747047733.7983634,-58,-18,-39
1747047733.8333633,40,-61,-113
1747047733.8693633,-11,20,28
1747047733.9043634,100,20,-17
1747047733.9403634,56,16,62
1747047733.9753633,-88,19,-1
1747047734.0113633,-52,-26,-1
1747047734.0463634,-10,47,88
1747047734.0813634,-76,-20,78
1747047734.1173637,7,29,16
1747047734.1523633,27,-24,158
1747047734.1883633,4,17,0
1747047734.2233634,26,-12,48
1747047734.2593634,-60,-66,93
1747047734.2943633,-66,-48,56
1747047734.329363,-17,-31,40
1747047734.3653634,88,-49,-17
1747047734.4003634,52,5,37
1747047734.4363637,-47,-34,-41
1747047734.4713633,-53,13,-13
1747047734.507363,0,40,-53
1747047734.5423634,-72,-59,-38
1747047734.5773633,-14,-25,-15
1747047734.6133633,-34,-33,14
1747047734.6483634,2,41,6
1747047734.6843634,-50,19,72
1747047734.7193637,-36,-10,-15
1747047734.7553637,-26,-4,-35
1747047734.7913637,-110,-12,18
1747047734.826363,-38,17,96
1747047734.8613634,-84,65,2
1747047734.8973634,23,-10,116
1747047734.9333634,-50,-30,-11
1747047734.9683633,30,-56,-45
1747047735.0043633,18,-18,94
1747047735.0393634,36,39,124
1747047735.0743637,100,-8,82
1747047735.1093633,43,-28,88
1747047735.145363,31,29,-105
1747047735.181363,0,-32,24
1747047735.2163634,-18,-20,16
1747047735.2523634,-32,-30,22
1747047735.2873633,-46,-14,22
1747047735.3223634,-78,-64,-114
1747047735.3573637,-70,27,44
1747047735.3933637,-24,-20,114
1747047735.4293633,7,16,-25
1747047735.464363,-23,52,88
1747047735.500363,-40,-31,36
1747047735.5353634,-48,-71,132
1747047735.5703633,17,62,138
1747047735.6053634,18,-37,6
1747047735.6413634,31,-37,-43
1747047735.6773634,-22,38,-31
1747047735.7123632,47,14,-31
1747047735.7483633,-22,-53,28
1747047735.783363,7,-5,-71
1747047735.8183634,-16,-1,24
1747047735.8533633,33,-27,-25
1747047735.8893633,-15,-36,-45
1747047735.9253633,-31,29,50
1747047735.9603634,-7,15,80
1747047735.9963634,10,37,-11
1747047736.0313632,-39,53,34
1747047736.066363,-2,-85,16
1747047736.1013634,-11,-35,24
1747047736.1373634,-28,2,92
1747047736.1733634,30,-45,-37
1747047736.2083633,-34,-17,22
1747047736.2443633,-12,0,-11
1747047736.2793634,-26,6,-31
1747047736.3143632,81,5,24
1747047736.349363,-28,-3,-23
1747047736.385363,13,-7,46
1747047736.4213634,-32,38,30
1747047736.4563634,4,4,40
1747047736.4923637,-23,2,-80
1747047736.5273633,34,78,-28
1747047736.5623634,-33,-31,21
1747047736.5973637,48,-77,-40
1747047736.6333632,-29,28,-88
1747047736.6693633,8,18,-42
1747047736.704363,0,-23,94
1747047736.7403634,12,-51,94
1747047736.7753634,-3,-27,-13
1747047736.8103633,34,-9,-15
1747047736.8453634,34,34,-39
1747047736.8813634,24,62,154
1747047736.9173634,-5,24,116
1747047736.9523633,-13,-65,112
1747047736.9883633,-25,54,34
1747047737.0233634,-65,60,-125
1747047737.0583634,56,-5,-19
1747047737.0933633,-65,4,44
1747047737.1293633,38,-1,46
1747047737.1653633,-6,26,52
1747047737.2003634,25,10,-37
1747047737.2363634,25,-29,-13
1747047737.2713633,13,-33,-15
1747047737.306363,63,4,-75
1747047737.3413634,51,-65,0
1747047737.3773634,-53,-51,-35
1747047737.4133637,-45,-25,52
1747047737.4483633,-27,-35,48
1747047737.4843633,-15,10,120
1747047737.5193634,-38,6,0
1747047737.5543633,62,0,-105
1747047737.589363,-5,72,-109
1747047737.625363,-26,89,34
1747047737.6613634,-37,-67,16
1747047737.6963634,-10,-72,-71
1747047737.7323637,19,17,96
1747047737.7673633,55,19,50
1747047737.8023634,-32,45,-5
1747047737.8383634,-16,1,102
1747047737.8733633,-126,-46,-27
1747047737.9093633,-16,-43,82
1747047737.9443634,89,16,94
1747047737.9803634,-6,14,-23
1747047738.0153637,42,-46,64
1747047738.0503633,-41,-18,70
1747047738.0863633,16,21,32
1747047738.1213634,-1,-48,2
1747047738.1573634,50,1,-31
1747047738.1923633,-10,4,-52
1747047738.2283633,9,-19,-73
1747047738.2633634,-80,6,80
1747047738.2983634,-36,-17,12
1747047738.3343637,43,4,-41
1747047738.3693633,-6,58,18
1747047738.405363,-86,-21,56
1747047738.4403634,-26,68,-47
1747047738.4763634,-2,-1,-109
1747047738.5113633,27,-39,10
1747047738.5463634,15,12,-53
1747047738.5823634,-20,-31,-39
1747047738.6173637,-74,-49,36
1747047738.6533637,65,-10,-57
1747047738.6883633,-43,16,-31
1747047738.7233634,-3,28,136
1747047738.7583632,-40,7,-23
1747047738.7943633,13,59,-39
1747047738.8303633,33,-51,-41
1747047738.8653634,31,-67,22
1747047738.9013634,47,32,-23
1747047738.9363637,33,-41,-29
1747047738.9723637,-26,-15,58
1747047739.007363,34,66,-57
1747047739.0423634,-47,12,-67
1747047739.0783634,-48,36,-27
1747047739.1133633,77,92,84
1747047739.1493633,35,10,16
1747047739.1843634,-8,8,-101
1747047739.2203634,-6,-1,106
1747047739.2553637,-138,-11,-67
1747047739.2903633,35,6,-49
1747047739.326363,-18,5,19
1747047739.3613634,49,-28,21
1747047739.3973634,-8,-45,44
1747047739.4323633,-16,-27,55
1747047739.4683633,-60,-19,-123
1747047739.5043633,41,28,166
1747047739.5393634,65,18,-45
1747047739.5743637,-28,-25,52
1747047739.6103632,-46,-9,69
1747047739.6463633,-44,-5,62
1747047739.681363,-15,-10,78
1747047739.7173634,-80,-6,18
1747047739.7523634,-76,-34,-55
1747047739.7873633,-8,-2,-147
1747047739.8223634,49,-58,114
1747047739.8583634,-67,-21,-21
1747047739.8943634,26,-9,-143
1747047739.9293633,-39,12,-7
1747047739.9653633,-56,17,54
1747047740.000363,90,-31,-41
1747047740.0353634,36,26,-41
1747047740.0703633,-79,52,7
1747047740.1063633,59,-40,22
1747047740.1493633,89,13,103
1747047740.1853633,22,22,-9
1747047740.2213633,12,28,-49
1747047740.2563634,-27,-31,26
1747047740.2913637,53,-2,97
1747047740.326363,90,-45,1
1747047740.362363,32,-29,69
1747047740.3983634,-10,13,-41
1747047740.4333634,-106,69,-168
1747047740.4693637,-60,-14,27
1747047740.5043633,63,-26,-46
1747047740.5393634,-26,-20,86
1747047740.5743637,13,-23,-77
1747047740.6103632,-8,68,-37
1747047740.6463633,-16,-27,-17
1747047740.681363,-48,44,78
1747047740.7173634,15,-45,0
1747047740.7523634,29,28,-129
1747047740.7873633,29,14,80
1747047740.8223634,13,13,30
1747047740.8583634,0,-21,74
1747047740.8943634,-35,-49,-15
1747047740.9293633,18,-59,26
1747047740.9653633,12,33,46
1747047741.000363,57,-12,-41
1747047741.0353634,17,13,-11
1747047741.0703633,20,-18,66
1747047741.1063633,36,-126,14
1747047741.1423633,-4,-38,-25
1747047741.1773634,-16,-4,-41
1747047741.2133634,61,-42,22
1747047741.2483633,27,67,-129
1747047741.283363,17,46,-45
1747047741.3183634,-116,-8,16
1747047741.3543634,-1,11,-51
1747047741.3903637,-5,-18,-99
1747047741.4253633,-30,-37,86
1747047741.4613633,-6,-33,-35
1747047741.4963634,-120,52,-41
1747047741.5313632,-63,7,128
1747047741.566363,21,-19,-49
1747047741.602363,59,-7,68
1747047741.6383634,4,3,78
1747047741.6733634,-5,-16,-33
1747047741.7093637,-18,-91,-143
1747047741.7443633,13,32,-11
1747047741.7793634,-20,44,-42
1747047741.8143632,23,40,4
1747047741.8503633,79,34,96
1747047741.8863633,17,-7,-65
1747047741.9213634,-14,-77,92
1747047741.9573634,-96,11,-13
1747047741.9923637,15,-6,-95
1747047742.0273633,27,13,4
1747047742.0623634,-16,8,60
1747047742.0983634,-3,11,16
1747047742.1343634,-28,117,100
1747047742.1693633,-50,-32,-19
1747047742.2053633,-48,-58,254
1747047742.2403634,-10,69,172
1747047742.2753634,35,-6,22
1747047742.3103633,-28,7,-45
1747047742.3463633,-19,9,78
1747047742.382363,-2,-18,22
1747047742.4173634,3,9,-45
1747047742.4533634,-8,-12,2
1747047742.4883633,-20,-56,-57
1747047742.5233634,-40,-14,-31
1747047742.5593634,28,-1,30
1747047742.5943637,-32,-58,52
1747047742.6303637,-50,13,-26
1747047742.6653633,87,19,52
1747047742.701363,49,-26,-25
1747047742.7363634,15,0,140
1747047742.7713633,-102,49,18
1747047742.8073633,0,-34,64
1747047742.8423634,40,22,-8
1747047742.8783634,5,-24,19
1747047742.9133637,55,2,-122
1747047742.9493637,39,73,100
1747047742.9843633,-8,-3,99
1747047743.0193634,-6,91,46
1747047743.0553634,11,-10,-28
1747047743.0903633,27,29,88
1747047743.1263633,43,23,30
1747047743.1613634,-30,-10,-69
1747047743.1973634,-14,-66,22
1747047743.2323637,23,-23,66
1747047743.2673633,-32,16,-83
1747047743.303363,95,-52,4
1747047743.3383634,-12,-69,-55
1747047743.3743634,7,-24,-47
1747047743.4093633,-32,14,52
1747047743.4453633,13,50,66
1747047743.4803634,-58,-1,16
1747047743.5153637,95,-15,30
1747047743.5513637,51,17,24
1747047743.5863633,185,0,44
1747047743.622363,25,-37,-3
1747047743.6573634,-60,-3,-51
1747047743.6933634,57,34,-7
1747047743.7283633,-35,-34,76
1747047743.7633634,-26,33,6
1747047743.7993634,49,69,12
1747047743.8343637,23,-52,-133
1747047743.8703637,-10,7,44
1747047743.905363,-3,17,-103
1747047743.941363,-72,-40,-123
1747047743.9763634,-73,-48,132
1747047744.0113633,-21,3,124
1747047744.0473633,1,16,38
1747047744.0823634,-144,66,38
1747047744.1183634,11,-35,-7
1747047744.1533637,11,-4,-23
1747047744.1883633,1,3,104
1747047744.2233634,5,75,-21
1747047744.2593634,-58,55,-35
1747047744.2953634,46,-13,73
1747047744.3303633,-11,36,-42
1747047744.3663633,1,-70,82
1747047744.4013634,-44,-60,71
1747047744.4363637,5,-26,-6
1747047744.4713633,27,-2,-40
1747047744.507363,23,4,-61
1747047744.543363,-34,35,-7
1747047744.5783634,58,-9,-53
1747047744.6143634,-10,-27,-89
1747047744.6493633,-24,56,12
1747047744.6843634,26,-59,160
1747047744.7193637,12,10,-63
1747047744.7553637,-61,3,-83
1747047744.7913637,-15,60,16
1747047744.826363,36,-87,112
1747047744.862363,-17,-22,22
1747047744.8973634,30,6,72
1747047744.9323633,36,-27,-103
1747047744.9673634,-47,72,-71
1747047745.0033634,20,64,38
1747047745.0393634,-13,52,-45
1747047745.0743637,-26,72,-6
1747047745.1103632,-74,0,-65
1747047745.145363,60,-24,-40
1747047745.1803634,78,19,100
1747047745.2153633,-43,37,-7
1747047745.2513633,23,22,-99
1747047745.2873633,13,8,44
1747047745.3223634,-12,-65,-13
1747047745.3583634,-56,6,72
1747047745.3933637,57,6,34
1747047745.428363,12,-32,4
1747047745.4633634,-15,-34,14
1747047745.4993634,-57,-35,174
1747047745.5353634,-6,-41,-25
1747047745.5703633,-54,20,58
1747047745.6063633,-26,-29,108
1747047745.6413634,3,-25,138
1747047745.6763637,59,24,78
1747047745.7113633,15,24,12
1747047745.747363,-16,39,-43
1747047745.783363,17,-43,48
1747047745.8183634,9,57,72
1747047745.8543634,-20,47,14
1747047745.8893633,-66,-22,-45
1747047745.9243634,-74,-10,20
1747047745.9593637,-34,43,-17
1747047745.9953637,59,37,-33
1747047746.0313632,11,47,50
1747047746.066363,35,-14,102
1747047746.102363,91,-14,20
1747047746.1373634,-33,-19,-21
1747047746.1723633,-7,4,-23
1747047746.2073634,26,-23,-95
1747047746.2433634,-37,-5,70
1747047746.2793634,47,-13,18
1747047746.3143632,-8,-43,-11
1747047746.3503633,-45,-38,116
1747047746.385363,-33,33,16
1747047746.4203634,7,-103,30
1747047746.4553633,78,63,-1
1747047746.4913633,9,-53,70
1747047746.5273633,-6,-25,28
1747047746.5623634,5,12,132
1747047746.5983634,-4,0,-1
1747047746.6333632,67,-48,120
1747047746.668363,-44,1,-115
1747047746.7033634,43,25,4
1747047746.7393634,31,8,-9
1747047746.7753634,45,-2,54
1747047746.8103633,-40,-33,63
1747047746.8463633,25,-53,-18
1747047746.8813634,5,8,12
1747047746.9163637,109,-29,0
1747047746.951363,39,-3,-22
1747047746.987363,-85,4,37
1747047747.0233634,28,26,17
1747047747.0583634,-29,66,73
1747047747.0943637,-35,-39,57
1747047747.1293633,58,84,79
1747047747.1643634,-40,-5,19
1747047747.2003634,68,60,46
1747047747.2353632,-13,-85,-69
1747047747.2713633,-43,-89,-11
1747047747.306363,36,-12,92
1747047747.3423634,10,-10,38
1747047747.3773634,-11,9,-109
1747047747.4123633,18,11,-23
1747047747.4483633,-55,-74,-43
1747047747.4833634,-5,-8,48
1747047747.5193634,43,-17,-59
1747047747.5543633,-54,90,54
1747047747.5903633,-66,-19,-33
1747047747.625363,99,4,76
1747047747.6603634,-12,-27,-25
1747047747.6963634,-70,-21,62
1747047747.7313633,43,-51,-3
1747047747.7673633,23,2,82
1747047747.8023634,91,-1,64
1747047747.8383634,11,-7,82
1747047747.8733633,-3,22,-133
1747047747.908363,-52,6,-53
1747047747.9443634,-9,-7,36
1747047747.9793634,-16,13,-27
1747047748.0153637,-12,-52,-55
1747047748.0503633,-1,9,-61
1747047748.0863633,-19,-56,-13
1747047748.1213634,18,47,14
1747047748.1563632,34,65,68
1747047748.1923633,32,-85,55
1747047748.227363,0,45,97
1747047748.2633634,63,-16,-7
1747047748.2983634,63,61,56
1747047748.3343637,-5,-17,102
1747047748.3693633,100,70,-1
1747047748.4043634,8,0,-69
1747047748.4403634,43,-30,-57
1747047748.4753633,-41,-13,18
1747047748.5113633,19,-4,52
1747047748.5463634,25,-84,17
1747047748.5823634,-3,0,29
1747047748.6173637,49,-58,-2
1747047748.6523633,44,-37,-11
1747047748.6883633,45,19,-41
1747047748.7233634,8,52,42
1747047748.7593634,6,-41,26
1747047748.7943633,-24,11,-31
1747047748.8303633,0,67,84
1747047748.8663633,59,45,60
1747047748.9013634,63,-42,52
1747047748.9363637,71,-36,72
1747047748.9723637,51,-68,86
1747047749.0083632,-5,-22,-162
1747047749.043363,7,-48,-30
1747047749.079363,113,-96,-48
1747047749.1143634,19,-36,-26
1747047749.1493633,-59,49,-52
1747047749.1843634,-15,57,31
1747047749.2203634,-18,-7,62
1747047749.2563634,81,46,9
1747047749.2913637,15,-40,-29
1747047749.3273633,-28,84,10
1747047749.362363,67,-83,22
1747047749.3973634,14,63,-95
1747047749.4323633,78,-9,-77
1747047749.4683633,34,27,64
1747047749.5043633,-31,-32,60
1747047749.5393634,-39,9,-21
1747047749.5753634,0,7,128
1747047749.6103632,48,45,10
1747047749.645363,65,72,104
1747047749.6803634,-10,-51,6
1747047749.7163634,-1,-61,74
1747047749.7523634,-93,12,80
1747047749.7873633,-7,-55,40
1747047749.8233633,30,20,-33
1747047749.8583634,40,-1,-31
1747047749.8933637,56,34,66
1747047749.928363,24,-11,132
1747047749.964363,1,-1,-41
1747047750.000363,-10,-27,24
1747047750.0353634,-28,56,-41
1747047750.0713634,-92,44,152
1747047750.1063633,-4,0,52
1747047750.1413634,-86,26,9
1747047750.1843634,18,-30,99
1747047750.2203634,-67,-16,3
1747047750.2563634,27,36,88
1747047750.2913637,-87,4,-13
1747047750.3273633,72,52,90
1747047750.362363,52,37,122
1747047750.3973634,-19,23,9
1747047750.4323633,-1,19,-3
1747047750.4683633,12,-19,64
1747047750.5043633,-29,-29,73
1747047750.5393634,44,-28,45
1747047750.5753634,26,-9,-10
1747047750.6103632,18,-53,86
1747047750.645363,-15,-53,-65
1747047750.6803634,-7,-67,58
1747047750.7163634,15,25,-83
1747047750.7523634,-11,-39,29
1747047750.7873633,-69,-67,-4
1747047750.8233633,1,33,-26
1747047750.8583634,-25,-17,0
1747047750.8933637,68,4,-58
1747047750.928363,90,-79,-17
1747047750.964363,-85,4,-75
1747047751.000363,-57,8,29
1747047751.0353634,-47,4,-68
1747047751.0713634,36,-33,-19
1747047751.1063633,16,12,8
1747047751.1413634,42,-33,66
1747047751.1763637,24,-7,41
1747047751.2123632,-51,-48,-57
1747047751.2483633,74,4,68
1747047751.283363,-5,7,126
1747047751.3193634,56,57,63
1747047751.3543634,-53,-18,-18
1747047751.3893633,-61,-23,-35
1747047751.4243634,-61,-61,-43
1747047751.4603634,32,8,-28
1747047751.4963634,-7,22,16
1747047751.5313632,8,-14,38
1747047751.5673633,124,-84,-23
1747047751.602363,11,-41,-5
1747047751.6373634,40,-25,50
1747047751.6723633,-69,24,102
1747047751.7083633,-13,76,16
1747047751.7443633,-33,28,10
1747047751.7793634,-7,-57,44
1747047751.8153634,-29,-21,-15
1747047751.8503633,-33,72,-79
1747047751.885363,52,-47,42
1747047751.9213634,17,4,-151
1747047751.9563634,40,-43,32
1747047751.9923637,46,-19,26
1747047752.0273633,16,1,116
1747047752.0633633,96,-34,44
1747047752.0983634,42,57,34
1747047752.1333632,-5,33,-81
1747047752.1693633,-45,-20,22
1747047752.204363,-79,44,36
1747047752.2403634,-43,54,128
1747047752.2753634,-72,-3,50
1747047752.3113637,-33,-118,-57
1747047752.3463633,12,-76,90
1747047752.3813634,2,-76,-41
1747047752.4173634,-21,37,64
1747047752.4523633,-13,25,64
1747047752.4883633,116,-16,-11
1747047752.5233634,-11,35,-5
1747047752.5593634,-21,-6,70
1747047752.5943637,-39,22,-91
1747047752.6293633,-17,4,-23
1747047752.6653633,-45,60,-39
1747047752.7003634,-58,18,36
1747047752.7363634,13,-77,56
1747047752.7713633,18,31,-7
1747047752.8073633,-32,-57,-95
1747047752.8423634,65,20,-45
1747047752.8773634,68,47,0
1747047752.9133637,-51,27,-43
1747047752.9483633,54,-82,98
1747047752.9843633,64,13,14
1747047753.0193634,14,-30,6
1747047753.0553634,14,-44,8
1747047753.0903633,-50,-46,-11
1747047753.125363,-49,-7,-55
1747047753.1613634,18,71,30
1747047753.1963634,32,-42,-25
1747047753.2323637,-63,17,16
1747047753.2673633,66,-28,-87
1747047753.303363,-19,-30,-57
1747047753.339363,-73,17,-29
1747047753.375363,42,-26,58
1747047753.4103634,16,-26,12
1747047753.4453633,14,-79,108
1747047753.4813633,-3,30,26
1747047753.5163634,-9,-11,7
1747047753.5523634,-59,22,53
1747047753.5873632,38,14,44
1747047753.622363,-5,24,-33
1747047753.6573634,74,-12,2
1747047753.6933634,34,36,42
1747047753.7293634,8,-23,32
1747047753.7643633,4,73,64
1747047753.8003633,-3,43,-79
1747047753.8353634,-63,-4,18
1747047753.8703637,70,41,-79
1747047753.905363,-17,-18,-41
1747047753.941363,-67,-94,72
1747047753.977363,78,21,-35
1747047754.0123634,-33,-14,152
1747047754.0483634,14,57,-11
1747047754.0833633,-9,-16,-43
1747047754.1183634,-43,19,-3
1747047754.1533637,-1,-4,-65
1747047754.1893632,28,-20,-91
1747047754.2253633,-5,-6,-77
1747047754.260363,42,-40,-29
1747047754.2963634,16,-28,6
1747047754.3313634,9,-40,72
1747047754.3663633,-1,-34,4
1747047754.4013634,3,-44,-87
1747047754.4373634,21,-20,-13
1747047754.4733634,-65,-25,18
1747047754.5083632,-67,-7,6
1747047754.5443633,-29,-55,-161
1747047754.579363,-21,-5,14
1747047754.6143634,69,41,-81
1747047754.6493633,-30,7,16
1747047754.6853633,23,-1,-21
1747047754.7213633,22,11,168
1747047754.7563634,-75,-16,110
1747047754.7923634,44,3,-113
1747047754.8273633,35,5,18
1747047754.862363,-36,-16,24
1747047754.8973634,-38,53,-1
1747047754.9333634,90,36,-4
1747047754.9693637,38,4,30
1747047755.0043633,42,25,-15
1747047755.0403633,28,-36,-31
1747047755.0753634,18,3,-59
1747047755.1103632,30,-17,-53
1747047755.145363,-14,-30,12
1747047755.181363,9,-10,-63
1747047755.2173634,-6,65,62
1747047755.2523634,-72,-14,172
1747047755.2883637,-90,94,10
1747047755.3233633,-76,-19,60
1747047755.3583634,48,-13,26
1747047755.3933637,-91,62,-89
1747047755.4293633,-67,50,104
1747047755.4653633,-8,72,-95
1747047755.500363,2,-9,38
1747047755.5363634,-52,-7,-69
1747047755.5713634,-5,-10,110
1747047755.6063633,0,-94,36
1747047755.6413634,-37,15,0
1747047755.6773634,14,-16,14
1747047755.7133634,19,5,64
1747047755.7483633,23,26,28
1747047755.7843633,-24,24,30
1747047755.8193634,103,-24,-49
1747047755.8543634,-52,-29,58
1747047755.8893633,85,-99,114
1747047755.9253633,-52,24,-7
1747047755.9613633,93,39,-156
1747047755.9963634,9,29,10
1747047756.0323634,15,3,43
1747047756.0673633,12,-69,0
1747047756.102363,100,-3,7
1747047756.1373634,-25,98,105
1747047756.1733634,-47,30,77
1747047756.2093637,66,11,-31
1747047756.2443633,5,-103,120
1747047756.280363,73,1,2
1747047756.3153634,19,-41,136
1747047756.3503633,-46,16,40
1747047756.385363,-6,-17,-127
1747047756.4213634,0,18,-83
1747047756.4573634,49,17,54
1747047756.4923637,-4,0,-1
1747047756.5283637,67,-1,8
1747047756.5633633,43,-43,-51
1747047756.5983634,56,8,38
1747047756.6343634,-64,2,-151
1747047756.6693633,-25,42,-65
1747047756.7053633,84,64,60
1747047756.7403634,52,58,87
1747047756.7763634,59,-17,-120
1747047756.8113637,-33,-33,9
1747047756.8463633,-7,-11,49
1747047756.882363,78,2,-76
1747047756.9173634,-13,82,28
1747047756.9533634,6,-29,68
1747047756.9883633,82,-11,-27
1747047757.0243633,114,-31,96
1747047757.0593634,40,-9,28
1747047757.0943637,-77,-109,-15
1747047757.1303637,54,-59,-29
1747047757.1653633,44,-41,-99
1747047757.201363,56,-51,82
1747047757.2363634,72,-65,-59
1747047757.2723634,2,-27,32
1747047757.3073633,-18,30,-3
1747047757.3423634,-52,-58,22
1747047757.3783634,-24,19,96
1747047757.4133637,-2,-56,182
1747047757.4493637,19,77,220
1747047757.4843633,-18,-62,-41
1747047757.520363,-40,65,75
1747047757.5553634,4,79,-20
1747047757.5903633,24,87,135
1747047757.6263633,18,29,-109
1747047757.6613634,1,-10,106
1747047757.6973634,-88,-36,-63
1747047757.7323637,43,-44,48
1747047757.7683637,-72,-26,106
1747047757.803363,1,-6,54
1747047757.8383634,-82,-38,56
1747047757.8743634,3,-33,-17
1747047757.9093633,39,-23,-65
1747047757.9453633,-24,42,-57
1747047757.9803634,-44,-17,-23
1747047758.0163634,1,-45,-33
1747047758.0513637,-82,28,-27
1747047758.0863633,-66,26,-63
1747047758.122363,8,71,-55
1747047758.1573634,60,5,160
1747047758.1933634,51,0,52
1747047758.2283633,9,-18,-111
1747047758.2633634,59,16,78
1747047758.2983634,-27,-40,56
1747047758.3343637,10,-18,60
1747047758.3703637,-17,-2,10
1747047758.405363,56,61,46
1747047758.441363,30,0,122
1747047758.4763634,98,0,-72
1747047758.5113633,4,-18,34
1747047758.5463634,-57,-17,72
1747047758.5823634,14,-6,-49
1747047758.6183634,6,-1,-23
1747047758.6533637,-47,10,-19
1747047758.6893632,-13,-47,20
1747047758.724363,132,30,4
1747047758.7593634,56,-91,-39
1747047758.7943633,-7,-23,134
1747047758.8303633,26,-15,-56
1747047758.8663633,6,8,34
1747047758.9013634,-25,-41,-75
1747047758.9373634,-31,60,-83
1747047758.9723637,-49,-99,-129
1747047759.007363,-27,-11,1
1747047759.0423634,-49,-15,-10
1747047759.0783634,16,66,-32
1747047759.1143634,-25,-11,46
1747047759.1493633,-14,-46,83
1747047759.1853633,0,101,-170
1747047759.2203634,-52,-68,-58
1747047759.2553637,13,7,-16
1747047759.2903633,6,-29,-131
1747047759.326363,4,-55,-61
1747047759.362363,-22,-66,-7
1747047759.3973634,6,37,-25
1747047759.4333634,-23,-56,12
1747047759.4683633,-67,37,140
1747047759.5033634,-85,-34,56
1747047759.5383637,36,-40,54
1747047759.5743637,16,-20,52
1747047759.6103632,38,-8,40
1747047759.645363,-81,49,-93
1747047759.681363,32,0,20
1747047759.7163634,-61,-35,12
1747047759.7513633,-5,-9,-48
1747047759.7863634,-33,-41,85
1747047759.8223634,24,12,45
1747047759.8583634,13,8,-52
1747047759.8933637,6,-9,-54
1747047759.9293633,82,88,-12
1747047759.964363,-99,70,-24
1747047759.9993634,34,38,15
1747047760.0343633,-12,58,54
1747047760.0703633,16,-24,20
1747047760.1063633,23,20,122
1747047760.1413634,-57,72,-21
1747047760.1773634,-13,36,0
1747047760.2193637,42,0,-1
1747047760.2553637,-6,27,154
1747047760.2903633,-39,-7,-41
1747047760.326363,-59,-45,54
1747047760.362363,4,2,-3
1747047760.3973634,-73,20,20
1747047760.4333634,-47,26,132
1747047760.4683633,-33,-7,-101
1747047760.5033634,-50,-10,4
1747047760.5383637,-36,7,-89
1747047760.5743637,-8,41,118
1747047760.6103632,-29,-1,-25
1747047760.645363,-23,6,-89
1747047760.681363,-124,-15,62
1747047760.7163634,-55,36,106
1747047760.7513633,-40,20,41
1747047760.7863634,-8,30,-4
1747047760.8223634,-52,-33,3
1747047760.8583634,29,56,32
1747047760.8933637,-25,-2,-65
1747047760.9293633,-38,-45,-61
1747047760.964363,-15,-36,-9
1747047760.9993634,4,27,-23
1747047761.0343633,-119,23,-23
1747047761.0703633,-65,75,44
1747047761.1063633,18,82,114
1747047761.1413634,56,52,-25
1747047761.1773634,-53,-61,91
1747047761.2123632,-25,63,17
1747047761.247363,-41,-44,-2
1747047761.283363,36,23,62
1747047761.3183634,78,3,10
1747047761.3543634,36,7,-1
1747047761.3893633,-67,67,-45
1747047761.4253633,-10,-33,4
1747047761.4603634,15,26,103
1747047761.4953637,14,-9,104
1747047761.5313632,48,14,110
1747047761.566363,40,-30,60
1747047761.602363,36,-24,-37
1747047761.6373634,16,-64,64
1747047761.6733634,-8,28,-9
1747047761.7083633,-78,128,18
1747047761.7433634,25,6,-91
1747047761.7793634,37,0,136
1747047761.8143632,9,20,-9
1747047761.8503633,32,78,-35
1747047761.885363,-15,-23,-42
1747047761.9213634,12,42,67
1747047761.9563634,16,-27,12
1747047761.9913633,-21,32,-89
1747047762.0273633,50,-47,44
1747047762.0623634,22,56,93
1747047762.0983634,124,-35,15
1747047762.1333632,18,40,15
1747047762.1693633,4,-11,97
1747047762.204363,-27,-1,168
1747047762.2393634,46,30,62
1747047762.2753634,-7,-13,62
1747047762.3103633,4,-33,-60
1747047762.3463633,28,-53,-52
1747047762.3813634,-124,-61,-24
1747047762.4173634,-14,46,137
1747047762.4523633,32,-17,-94
1747047762.487363,-15,-75,44
1747047762.5233634,-39,-38,42
1747047762.5583634,-31,-35,42
1747047762.5943637,-27,-19,-37
1747047762.6293633,102,-49,-25
1747047762.6653633,34,44,-61
1747047762.7003634,15,-5,-33
1747047762.7353632,78,7,-108
1747047762.7713633,37,36,-93
1747047762.806363,13,-33,64
1747047762.8423634,3,40,146
1747047762.8773634,13,28,22
1747047762.9123633,139,-19,22
1747047762.9473634,0,73,12
1747047762.9833634,-5,-12,-11
1747047763.0193634,112,-8,-23
1747047763.0543633,25,22,64
1747047763.0903633,48,-12,-25
1747047763.125363,41,-13,40
1747047763.1603634,5,-25,6
1747047763.1953633,-4,-47,32
1747047763.2313633,-36,-5,88
1747047763.2673633,-30,-18,-5
1747047763.3023634,-40,15,24
1747047763.3383634,73,19,85
1747047763.3733633,-78,-36,-1
1747047763.408363,-32,-21,-15
1747047763.4433634,107,14,16
1747047763.4793634,65,61,-1
1747047763.5153637,-6,1,-51
1747047763.5503633,-23,69,136
1747047763.5863633,-32,0,30
1747047763.6213634,26,13,-119
1747047763.6563632,-4,-49,49
1747047763.691363,4,-39,12
1747047763.727363,40,-71,23
1747047763.7633634,-13,58,11
1747047763.7983634,4,18,139
1747047763.8343637,67,12,-44
1747047763.8693633,-46,16,-57
1747047763.9043634,-47,11,89
1747047763.9393632,22,-32,3
1747047763.9753633,23,10,12
1747047764.0113633,6,46,-47
1747047764.0463634,24,-8,-63
1747047764.0823634,-55,0,94
1747047764.1173637,28,-25,-23
1747047764.1523633,-8,-23,44
1747047764.1873634,29,46,128
1747047764.2233634,-33,21,-63
1747047764.2593634,-18,16,112
1747047764.2943633,11,-35,-67
1747047764.3303633,1,-5,134
1747047764.3653634,83,-5,66
1747047764.4003634,-1,-77,-63
1747047764.4353633,50,-25,-15
1747047764.4713633,4,22,6
1747047764.507363,-48,-4,8
1747047764.5423634,-49,26,14
1747047764.5783634,-70,-120,8
1747047764.6133633,25,15,116
1747047764.6483634,-36,-68,104
1747047764.6833634,45,9,0
1747047764.7193637,13,11,52
1747047764.7553637,24,46,32
1747047764.7903633,17,31,38
1747047764.826363,67,29,53
1747047764.8613634,47,5,87
1747047764.8963633,-70,-50,35
1747047764.931363,22,28,-70
1747047764.9673634,32,-63,39
1747047765.0033634,22,42,-87
1747047765.0383637,-23,6,-11
1747047765.0743637,-37,50,-41
1747047765.1093633,26,-81,122
1747047765.1443634,77,23,34
1747047765.1793633,-65,14,-173
1747047765.2153633,50,-65,-43
1747047765.2513633,28,-45,-65
1747047765.2863634,-12,-22,-6
1747047765.3223634,25,25,-65
1747047765.3573637,-22,-34,72
1747047765.3923633,97,23,23
1747047765.4273634,72,12,3
1747047765.4633634,94,49,-27
1747047765.4993634,-41,-4,236
1747047765.5343633,-47,2,154
1747047765.5703633,28,-34,-101
1747047765.6053634,44,-53,18
1747047765.6403637,96,-48,82
1747047765.6753633,16,8,96
1747047765.7113633,22,10,182
1747047765.747363,-38,46,24
1747047765.7823634,-7,31,84
1747047765.8183634,96,-52,14
1747047765.8533633,-33,29,32
1747047765.8883634,90,-31,26
1747047765.9243634,-113,-35,24
1747047765.9593637,42,6,60
1747047765.9953637,3,-53,14
1747047766.030363,13,16,216
1747047766.066363,-90,-21,118
1747047766.1013634,-34,-15,5
1747047766.1363633,-4,54,-56
1747047766.1723633,-24,10,-37
1747047766.2073634,65,-49,-18
1747047766.2433634,74,-7,54
1747047766.2783637,33,8,-15
1747047766.3143632,8,25,-3
1747047766.349363,13,36,56
1747047766.3843634,-17,13,-27
1747047766.4203634,18,3,38
1747047766.4553633,2,13,8
1747047766.4913633,63,-61,2
1747047766.5263634,-28,-25,-57
1747047766.5623634,-6,28,-99
1747047766.5973637,-52,16,-73
1747047766.632363,5,-15,182
1747047766.668363,13,-29,24
1747047766.7033634,105,-29,-7
1747047766.7393634,-76,3,26
1747047766.7743633,15,-4,130
1747047766.8103633,57,28,10
1747047766.8453634,-10,-9,-23
1747047766.8803637,-6,-29,-55
1747047766.9163637,9,-1,-19
1747047766.951363,-8,-25,74
1747047766.987363,-48,-15,130
1747047767.0223634,-46,32,42
1747047767.0583634,37,-19,10
1747047767.0933633,-135,25,-103
1747047767.1283634,-120,-3,-3
1747047767.1643634,-30,6,78
1747047767.1993637,58,-12,116
1747047767.2353632,49,-8,-153
1747047767.270363,-20,-22,-205
1747047767.306363,61,-30,56
1747047767.3413634,-48,69,-68
1747047767.3763633,13,-38,79
1747047767.4123633,31,4,-32
1747047767.4473634,-52,-10,29
1747047767.4833634,-24,-60,-68
1747047767.5183637,28,-16,-146
1747047767.5543633,-13,-2,103
1747047767.5903633,26,23,-82
1747047767.625363,-25,-72,-66
1747047767.6603634,-29,-14,25
1747047767.6963634,40,11,-52
1747047767.7323637,60,-12,36
1747047767.7673633,18,11,-70
1747047767.803363,18,21,-18
1747047767.8383634,-8,-18,0
1747047767.8733633,-46,-12,-56
1747047767.908363,65,-42,-24
1747047767.9443634,7,15,120
1747047767.9803634,5,23,-17
1747047768.0153637,-70,39,22
1747047768.0513637,85,25,30
1747047768.0863633,3,115,98
1747047768.1213634,-28,-24,-7
1747047768.1563632,-2,-56,84
1747047768.1923633,49,-6,-39
1747047768.2283633,11,-34,34
1747047768.2633634,-97,-70,22
1747047768.2993634,-33,-48,-115
1747047768.3343637,90,-30,46
1747047768.3693633,0,1,50
1747047768.4043634,-53,11,62
1747047768.4403634,-67,-10,-9
1747047768.4763634,-21,-6,94
1747047768.5113633,12,43,48
1747047768.5473633,-3,-34,64
1747047768.5823634,16,0,-105
1747047768.6173637,8,-21,20
1747047768.6523633,56,-45,-71
1747047768.6883633,50,-67,78
1747047768.724363,-35,-7,-13
1747047768.7593634,-48,8,66
1747047768.7953634,27,-45,28
1747047768.8303633,-4,22,-13
1747047768.8653634,-8,-21,-39
1747047768.9003634,-110,-25,0
1747047768.9363637,37,42,-21
1747047768.9723637,11,20,-53
1747047769.007363,25,8,-153
1747047769.043363,-16,-17,-97
1747047769.0783634,-30,-27,-44
1747047769.1133633,25,-65,8
1747047769.1483634,58,-11,-19
1747047769.1843634,26,-73,144
1747047769.2203634,-82,20,-97
1747047769.2553637,-22,-47,-71
1747047769.2913637,15,-3,-11
1747047769.326363,-24,-5,-45
1747047769.3613634,19,130,132
1747047769.3963633,89,-3,-106
1747047769.4323633,14,-26,-9
1747047769.4683633,-54,24,10
1747047769.5033634,21,-17,24
1747047769.5393634,-48,-29,104
1747047769.5743637,25,82,-137
1747047769.6093633,39,-35,68
1747047769.6443634,-70,8,-11
1747047769.6803634,-26,-57,-57
1747047769.7163634,55,-19,-35
1747047769.7523634,-12,-33,38
1747047769.7883637,53,-21,-11
1747047769.8233633,43,-51,-95
1747047769.8593633,-36,2,-5
1747047769.8943634,38,-55,4
1747047769.9293633,33,16,-7
1747047769.9653633,36,32,-87
1747047770.000363,18,-9,2
1747047770.0363634,105,-31,-77
1747047770.0713634,12,38,-131
1747047770.1073637,-34,14,38
1747047770.1423633,-29,56,42
1747047770.1773634,100,14,186
1747047770.2123632,8,-43,-103
1747047770.2553637,36,56,50
1747047770.2923634,-10,-39,-34
1747047770.3273633,17,-31,69
1747047770.3633633,-76,4,133
1747047770.3983634,34,35,-72
1747047770.4333634,-31,-90,95
1747047770.4693637,-57,-76,15
1747047770.5043633,106,-52,110
1747047770.5403633,42,31,-58
1747047770.5753634,28,17,87
1747047770.6113634,-48,33,57
1747047770.6463633,36,7,-8
1747047770.681363,45,17,69
1747047770.7173634,19,7,93
1747047770.7523634,45,49,47
1747047770.7883637,65,35,15
1747047770.8233633,-14,7,-62
1747047770.8593633,-10,-11,89
1747047770.8943634,7,-32,128
1747047770.9293633,23,15,-11
1747047770.9653633,-4,-72,8
1747047771.000363,25,-58,-45
1747047771.0363634,-100,-6,102
1747047771.0713634,-34,57,68
1747047771.1073637,106,8,-81
1747047771.1423633,-59,42,-39
1747047771.1773634,6,-13,-63
1747047771.2133634,-11,-47,-33
1747047771.2483633,-5,-57,-55
1747047771.2843633,-61,26,22
1747047771.3193634,-7,-29,-61
1747047771.3553634,-9,-27,10
1747047771.3903637,-45,-15,-127
1747047771.4253633,46,-25,110
1747047771.4613633,-23,-15,-81
1747047771.4963634,-25,24,54
1747047771.5323634,-91,56,134
1747047771.5673633,-27,32,3
1747047771.6033633,-58,-51,38
1747047771.6383634,-26,18,-94
1747047771.6733634,-94,-27,-106
1747047771.7093637,-54,-49,29
1747047771.7443633,41,22,-86
1747047771.780363,83,-56,-44
1747047771.8153634,-4,37,0
1747047771.8513634,87,27,93
1747047771.8863633,-20,-54,37
1747047771.9213634,-8,59,6
1747047771.9573634,24,29,4
1747047771.9923637,25,-44,-9
1747047772.0283637,5,-18,-97
1747047772.0633633,-14,-76,-10
1747047772.099363,-42,-12,-33
1747047772.1343634,-8,29,100
1747047772.1693633,111,55,14
1747047772.2053633,-27,4,24
1747047772.2403634,75,-4,79
1747047772.2773633,45,35,-22
1747047772.3123634,-114,-84,19
1747047772.3483634,-122,-39,193
1747047772.3833632,23,0,81
1747047772.418363,105,-39,-40
1747047772.4533634,39,-14,0
1747047772.4893634,37,32,61
1747047772.5253634,-134,-24,-51
1747047772.5603633,-10,37,74
1747047772.5963633,-24,-53,66
1747047772.6313634,24,63,144
1747047772.6663637,-46,-4,-11
1747047772.701363,27,7,7
1747047772.737363,-20,45,19
1747047772.7733634,-66,-16,-3
1747047772.8083634,-14,37,-9
1747047772.8443637,9,31,32
1747047772.8793633,17,43,12
1747047772.9143634,7,85,-15
1747047772.9493637,11,-26,-21
1747047772.9853632,11,1,2
1747047773.0213633,-74,17,146
1747047773.056363,-53,-48,70
1747047773.0923634,14,-12,74
1747047773.1273634,-50,-50,-129
1747047773.1623633,-40,43,78
1747047773.1973634,-66,23,-69
1747047773.2333634,0,-4,106
1747047773.2693634,63,-50,-133
1747047773.3043633,-114,-42,-147
1747047773.3403633,109,-6,0
1747047773.375363,23,21,-24
1747047773.4103634,17,47,93
1747047773.4453633,-56,17,-46
1747047773.4813633,-80,1,33
1747047773.5173633,-20,21,43
1747047773.5523634,25,-74,-90
1747047773.5883634,-36,-6,61
1747047773.6233633,12,-60,-50
1747047773.658363,24,11,87
1747047773.6933634,29,58,110
1747047773.7293634,-16,5,110
1747047773.7653637,-24,87,126
1747047773.8003633,55,-2,-145
1747047773.8363633,23,33,14
1747047773.8713634,-64,-6,16
1747047773.9063632,-50,39,-28
1747047773.941363,-6,-32,-56
1747047773.977363,31,34,-4
1747047774.0133634,-10,1,-51
1747047774.0483634,3,39,-40
1747047774.0843637,59,43,67
1747047774.1193633,-36,-6,95
1747047774.1543634,-14,-54,39
1747047774.1893632,-34,-48,-71
1747047774.2253633,17,-22,-106
1747047774.2613633,-46,-67,10
1747047774.2963634,-2,83,-110
1747047774.3323634,5,-4,98
1747047774.3673637,-18,33,12
1747047774.4023633,-36,23,-43
1747047774.4373634,-4,-4,-11
1747047774.4733634,61,-26,80
1747047774.5093634,-20,45,-33
1747047774.5443633,3,-22,-13
1747047774.5803633,3,9,-7
1747047774.6153634,36,33,-9
1747047774.6503634,68,107,-45
1747047774.6853633,-91,7,-21
1747047774.7213633,12,5,88
1747047774.757363,-19,-24,42
1747047774.7923634,-23,-8,-63
1747047774.8283634,48,17,136
1747047774.8633633,42,-54,-89
1747047774.8983634,-56,-5,-45
1747047774.9333634,-85,64,63
1747047774.9693637,42,62,-42
1747047775.0053637,-5,-61,59
1747047775.0413637,23,-15,17
1747047775.0773633,-5,-4,41
1747047775.112363,-19,33,145
1747047775.1483634,50,27,-52
1747047775.1833634,-60,34,51
1747047775.2183633,43,-103,27
1747047775.2543633,43,38,69
1747047775.2893634,1,-81,13
1747047775.3253634,53,-31,-60
1747047775.3603632,101,112,11
1747047775.3963633,-25,-38,-62
1747047775.431363,6,9,13
1747047775.4663634,-53,-14,117
1747047775.5023634,-44,69,-46
1747047775.5373633,37,-39,-14
1747047775.5733633,35,-2,49
1747047775.6083634,1,-36,27
1747047775.6443634,12,3,-22
1747047775.6793633,36,-38,-72
1747047775.714363,-8,22,-44
1747047775.750363,-7,-56,-90
1747047775.7853634,27,20,1
1747047775.8213634,-20,6,13
1747047775.8563633,-86,-4,-40
1747047775.8923633,-38,-38,95
1747047775.9273634,23,-12,123
1747047775.9623632,7,-70,33
1747047775.9983633,53,-9,33
1747047776.033363,53,40,160
1747047776.0693634,-76,16,-3
1747047776.1043634,53,0,30
1747047776.1403637,-50,-6,18
1747047776.1753633,-30,11,65
1747047776.2103634,-16,17,-50
1747047776.2463634,-34,-16,-18
1747047776.2813632,29,7,-40
1747047776.3173633,-6,-44,5
1747047776.352363,-60,-38,107
1747047776.3883634,-15,-27,37
1747047776.4233634,9,70,-18
1747047776.4583633,-39,-11,-44
1747047776.4943633,46,-51,-52
1747047776.5293634,23,56,-120
1747047776.5653634,-83,44,97
1747047776.6003633,0,-17,-40
1747047776.6363633,67,4,5
1747047776.6713634,124,-8,-40
1747047776.7063634,15,20,-28
1747047776.7423637,62,-21,-56
1747047776.7773633,-34,-13,21
1747047776.8133633,-122,-1,-36
1747047776.8483634,97,22,-86
1747047776.8843634,27,-119,53
1747047776.9193633,-12,7,25
1747047776.954363,1,-12,81
1747047776.9903634,-34,23,59
1747047777.0253634,5,64,37
1747047777.0613637,49,0,-14
1747047777.0963633,-86,-35,51
1747047777.1313634,7,-13,81
1747047777.1663637,-2,18,45
1747047777.2023633,-34,-80,13
1747047777.2383633,23,-14,89
1747047777.2733634,-21,35,-94
1747047777.3093634,8,-50,66
1747047777.3443637,9,-32,60
1747047777.3793633,-52,65,0
1747047777.4143634,53,56,-130
1747047777.4503634,47,36,-70
1747047777.4863634,-8,-37,-5
1747047777.5213633,-10,90,47
1747047777.5573633,19,-50,57
1747047777.5923634,72,10,-62
1747047777.6273634,-88,61,-32
1747047777.6623633,-90,-76,59
1747047777.6983633,-8,25,-108
1747047777.7343633,-96,-58,-14
1747047777.7693634,0,-67,39
1747047777.8053634,73,-11,89
1747047777.8403633,-26,8,117
1747047777.875363,-14,-7,-38
1747047777.9103634,11,-25,-58
1747047777.9463634,25,22,-40
1747047777.9823637,57,-19,-62
1747047778.0173633,-62,-31,-4
1747047778.053363,-112,2,-26
1747047778.0883634,83,-73,-62
1747047778.1233633,33,-67,9
1747047778.158363,-22,-19,-4
1747047778.1943634,-12,10,27
1747047778.2303634,-44,50,-84
1747047778.2653637,50,-11,99
1747047778.3013637,29,-23,67
1747047778.3363633,-16,-18,-48
1747047778.3713634,3,16,53
1747047778.4063632,49,34,-24
1747047778.4423633,35,-5,-14
1747047778.4783633,89,54,29
1747047778.5133634,-10,-15,-26
1747047778.5493634,43,36,29
1747047778.5843637,-32,0,-52
1747047778.6193633,-14,-65,-98
1747047778.6543634,-82,-67,59
1747047778.6903634,35,-23,63
1747047778.7263634,19,-19,-4
1747047778.7613633,-16,-15,-20
1747047778.7973633,-38,-49,-26
1747047778.8323634,-56,18,-42
1747047778.8673637,-5,56,-10
1747047778.9023633,10,-53,131
1747047778.9383633,-64,-32,-104
1747047778.974363,19,-2,83
1747047779.0093634,27,7,71
1747047779.0453634,47,51,-60
1747047779.0803633,45,-24,-36
1747047779.1153634,-2,33,-2
1747047779.1503634,13,-26,-68
1747047779.1863637,-65,42,-24
1747047779.2223637,22,-5,-50
1747047779.257363,0,47,-70
1747047779.293363,-36,19,63
1747047779.3283634,-24,35,57
1747047779.3633633,33,-68,63
1747047779.3983634,24,40,31
1747047779.4343634,7,25,-66
1747047779.4703634,-31,10,9
1747047779.5053637,-17,-33,17
1747047779.5413637,62,-19,-26
1747047779.576363,79,11,-44
1747047779.6113634,96,-43,63
1747047779.6463633,-2,-58,-76
1747047779.6823633,5,-68,33
1747047779.7183633,11,-50,-54
1747047779.7533634,-1,-21,-4
1747047779.7893634,41,-4,53
1747047779.8243637,13,-30,-34
1747047779.8593633,3,-38,55
1747047779.895363,-80,17,19
1747047779.9303634,49,7,41
1747047779.9663634,-14,-28,51
1747047780.0013633,-28,26,103
1747047780.0373633,15,-37,-10
1747047780.0723634,-46,32,-26
1747047780.1073637,-56,-1,67
1747047780.1433637,-50,6,45
1747047780.178363,15,-39,-114
1747047780.214363,51,30,-90
1747047780.2563634,49,62,57
1747047780.293363,-28,-27,123
1747047780.3283634,-104,14,35
1747047780.3633633,15,-1,-38
1747047780.3993633,-10,-23,-14
1747047780.4343634,19,1,11
1747047780.4703634,0,-39,-44
1747047780.5053637,21,36,1
1747047780.5413637,0,30,25
1747047780.576363,-18,6,-42
1747047780.6113634,75,-39,-24
1747047780.6473634,51,6,79
1747047780.6823633,45,-6,-2
1747047780.7183633,-26,-24,71
1747047780.7533634,9,14,199
1747047780.7893634,13,-58,61
1747047780.8243637,-4,-27,-24
1747047780.8593633,5,-39,95
1747047780.895363,87,-75,-64
1747047780.9303634,-28,-29,59
1747047780.9663634,-30,-46,31
1747047781.0013633,3,10,0
1747047781.0373633,21,2,-84
1747047781.0723634,3,46,17
1747047781.1073637,-62,-73,49
1747047781.1433637,65,36,59
1747047781.178363,61,19,-66
1747047781.214363,25,-19,77
1747047781.2493634,-14,-19,103
1747047781.2853634,31,30,121
1747047781.3203633,55,56,-56
1747047781.3553634,-52,-5,23
1747047781.3913634,45,-27,79
1747047781.4263637,9,13,71
1747047781.4623632,-11,-29,-72
1747047781.497363,0,-43,-130
1747047781.533363,-61,48,-52
1747047781.5693634,0,52,109
1747047781.6043634,-62,52,15
1747047781.6393633,-56,-51,-46
1747047781.6753633,31,58,-84
1747047781.7113633,43,8,-82
1747047781.7463634,59,-88,-18
1747047781.7823634,-16,57,-58
1747047781.8173633,-42,-26,-74
1747047781.852363,-23,-28,0
1747047781.8873634,-29,53,-72
1747047781.9233634,-21,0,-20
1747047781.9593637,42,71,-68
1747047781.9943633,25,86,11
1747047782.030363,-44,-19,-74
1747047782.0653634,-60,-23,-126
1747047782.1003633,39,74,-36
1747047782.135363,27,-21,85
1747047782.1713634,47,16,159
1747047782.2073634,53,58,-110
1747047782.2423637,-32,-55,-74
1747047782.2783637,25,-7,-40
1747047782.3133633,-46,36,-14
1747047782.3483634,-26,62,39
1747047782.3833632,71,-55,-84
1747047782.4193633,-4,82,19
1747047782.4553633,44,-48,31
1747047782.4903634,20,7,0
1747047782.5263634,-5,91,89
1747047782.5613637,-12,-65,91
1747047782.5963633,22,-10,-20
1747047782.6313634,10,-72,33
1747047782.6673634,-11,-138,43
1747047782.7033634,-28,24,73
1747047782.7383633,-51,75,-78
1747047782.7743633,-4,73,-18
1747047782.8093634,-32,-43,51
1747047782.8443637,7,-45,-4
1747047782.8793633,-14,-35,-86
1747047782.9153633,25,-72,77
1747047782.951363,-14,-9,29
1747047782.9863634,83,30,25
1747047783.0223634,23,0,-2
1747047783.0573633,17,-21,-74
1747047783.0923634,11,-29,-38
1747047783.1273634,-54,34,5
1747047783.1633637,35,-79,59
1747047783.1993637,-4,26,109
1747047783.2343633,13,-11,19
1747047783.270363,-20,-39,109
1747047783.3053634,53,20,-26
1747047783.3403633,9,-17,77
1747047783.375363,-65,-76,-18
1747047783.4113634,-52,23,59
1747047783.4473634,23,-72,83
1747047783.4823637,73,-10,53
1747047783.5183637,16,35,115
1747047783.553363,48,31,1
1747047783.5883634,-17,-47,91
1747047783.6233633,10,16,57
1747047783.6593633,-29,6,79
1747047783.6953633,-8,-48,-116
1747047783.7303634,28,-1,35
1747047783.7663634,12,-13,-74
1747047783.8013637,-17,-87,67
1747047783.8363633,24,60,-6
1747047783.8713634,6,-47,105
1747047783.9073634,-18,-32,-40
1747047783.9433634,27,33,17
1747047783.9783633,-24,13,1
1747047784.0143633,45,19,49
1747047784.0493634,1,71,65
1747047784.0843637,-35,-15,67
1747047784.1203637,-20,20,-20
1747047784.155363,-28,37,0
1747047784.191363,-62,16,-32
1747047784.2263634,27,28,-22
1747047784.2623634,75,104,39
1747047784.2973633,-1,-30,97
1747047784.3323634,-11,-28,-92
1747047784.3673637,-8,-14,35
1747047784.4033637,33,-38,-16
1747047784.4393632,-32,-18,51
1747047784.474363,29,-20,91
1747047784.510363,-22,-14,-70
1747047784.5453634,-8,17,45
1747047784.5803633,31,-8,53
1747047784.6163633,-42,-8,83
1747047784.6513634,7,-78,83
1747047784.6873634,-56,21,13
1747047784.7223637,-18,105,61
1747047784.7583632,-64,-109,105
1747047784.793363,83,-4,-60
1747047784.8283634,11,-20,-10
1747047784.8643634,0,-70,-28
1747047784.8993633,11,-20,97
1747047784.9353633,-16,-68,39
1747047784.9703634,17,63,-100
1747047785.0063634,-67,71,71
1747047785.0413637,-74,-38,-58
1747047785.076363,23,27,-36
1747047785.112363,43,15,-14
1747047785.1473634,-56,41,23
1747047785.1833634,-39,-4,-88
1747047785.2183633,-51,-76,-42
1747047785.2543633,-103,19,-52
1747047785.2893634,-15,-12,83
1747047785.3243637,-34,0,-6
1747047785.3603632,18,-19,-72
1747047785.395363,-9,-29,3
1747047785.431363,-106,39,55
1747047785.4663634,-76,23,-38
1747047785.5023634,37,19,-24
1747047785.5373633,-23,16,-60
1747047785.5723634,-1,-76,7
1747047785.6083634,-44,-28,-22
1747047785.6433637,26,-4,-52
1747047785.6793633,22,-88,-50
1747047785.714363,-4,51,-28
1747047785.750363,10,33,-84
1747047785.7853634,-49,-58,85
1747047785.8203633,24,27,-50
1747047785.8563633,-39,-18,61
1747047785.8913634,23,8,55
1747047785.9273634,11,-15,71
1747047785.9623632,37,28,-42
1747047785.9983633,-44,9,-6
1747047786.033363,-8,-88,49
1747047786.0683634,-22,75,-36
1747047786.1043634,3,-26,-4
1747047786.1393633,63,45,121
1747047786.1753633,37,36,33
1747047786.2103634,-32,-37,47
1747047786.2463634,21,1,11
1747047786.2823634,18,56,-2
1747047786.3173633,-53,-19,3
1747047786.352363,24,34,73
1747047786.3883634,-2,-13,-82
1747047786.4243634,63,-13,1
1747047786.4593637,52,29,-68
1747047786.4953637,-46,9,75
1747047786.530363,-67,55,63
1747047786.5653634,13,-2,23
1747047786.6003633,21,-38,41
1747047786.6363633,3,-66,9
1747047786.6723633,33,23,-46
1747047786.7073634,-69,23,1
1747047786.7433634,-5,0,-28
1747047786.7783637,16,43,113
1747047786.8133633,-54,-117,-34
1747047786.8483634,-88,-13,-58
1747047786.8843634,35,-79,1
1747047786.9203634,3,12,115
1747047786.9553633,9,-23,35
1747047786.9913633,47,-13,-94
1747047787.0263634,-12,-1,17
1747047787.0613637,-14,2,-2
1747047787.0963633,-11,54,-70
1747047787.132363,37,-25,45
1747047787.168363,-16,14,-18
1747047787.2033634,78,46,31
1747047787.2393634,-33,-41,-62
1747047787.2743633,41,-17,-40
1747047787.3093634,-14,58,-56
1747047787.3443637,-14,6,-6
1747047787.3803637,-52,50,29
1747047787.4163637,26,30,145
1747047787.451363,-29,20,31
1747047787.487363,0,32,89
1747047787.5223634,-17,-29,0
1747047787.5573633,-43,2,-46
1747047787.5923634,-30,-96,-2
1747047787.6283634,-38,47,71
1747047787.6643634,-36,-12,-206
1747047787.6993637,43,29,-36
1747047787.7353632,3,-9,43
1747047787.770363,45,-27,27
1747047787.8053634,51,-26,55
1747047787.8403633,7,0,-10
1747047787.8763633,25,31,-68
1747047787.9123633,5,-17,-54
1747047787.9473634,-4,-51,-70
1747047787.9833634,25,-83,-30
1747047788.0183637,-12,-10,11
1747047788.053363,37,11,15
1747047788.0883634,39,3,15
1747047788.1243634,-34,-14,81
1747047788.1603634,15,27,-46
1747047788.1953633,11,-26,-98
1747047788.2313633,-21,36,19
1747047788.2663634,34,-29,15
1747047788.3013637,-65,-31,-152
1747047788.3363633,-37,20,9
1747047788.372363,-33,-27,-20
1747047788.408363,36,-1,-26
1747047788.4433634,35,-14,-22
1747047788.4793634,-18,-21,-60
1747047788.5143633,-42,-43,33
1747047788.5493634,-18,-69,-70
1747047788.5843637,35,-71,-140
1747047788.6203637,15,-47,69
1747047788.6563632,15,16,63
1747047788.691363,69,-3,129
1747047788.727363,47,18,-24
1747047788.7623634,9,8,175
1747047788.7973633,-38,-53,5
1747047788.8323634,73,-49,39
1747047788.8683634,13,74,47
1747047788.9043634,15,-11,-2
1747047788.9393632,-30,-53,-16
1747047788.9753633,1,-40,-70
1747047789.010363,69,-61,7
1747047789.0453634,15,-6,-10
1747047789.0803633,-26,-7,41
1747047789.1163633,3,16,155
1747047789.1523633,7,-1,9
1747047789.1873634,55,-39,101
1747047789.2233634,3,-35,-68
1747047789.2583632,59,18,91
1747047789.293363,9,-103,-70
1747047789.329363,-42,-27,-2
1747047789.3643634,-31,-29,43
1747047789.4003634,44,-21,27
1747047789.4353633,22,-7,-36
1747047789.4713633,8,18,25
1747047789.5063634,2,22,-154
1747047789.5413637,-11,2,11
1747047789.5773633,-11,-23,57
1747047789.612363,-3,-75,-58
1747047789.6483634,32,-62,71
1747047789.6833634,28,-12,-44
1747047789.7193637,18,-49,23
1747047789.7543633,-49,38,13
1747047789.7893634,0,80,33
1747047789.8253634,19,-41,39
1747047789.8603632,5,16,-6
1747047789.8963633,11,-6,-22
1747047789.931363,25,-1,5
1747047789.9673634,103,-20,45
1747047790.0023634,-90,-76,-92
1747047790.0373633,17,10,-24
1747047790.0733633,-8,10,17
1747047790.1083634,-34,-41,101
1747047790.1443634,73,-49,-56
1747047790.1793633,-84,39,119
1747047790.2153633,-34,-39,157
1747047790.257363,-22,2,87
1747047790.293363,-48,8,109
1747047790.329363,-37,10,37
1747047790.3643634,8,-21,-22
1747047790.4003634,-4,-56,-58
1747047790.4353633,15,-32,-56
1747047790.4713633,-42,-68,93
1747047790.5063634,-94,-128,63
1747047790.5413637,9,1,31
1747047790.5773633,-18,-51,-180
1747047790.612363,-98,10,77
1747047790.6483634,-48,-35,17
1747047790.6833634,-4,2,-46
1747047790.7193637,15,-7,-68
1747047790.7543633,-78,-83,53
1747047790.7893634,-36,-3,-98
1747047790.8253634,-18,-59,-2
1747047790.8603632,1,-33,121
1747047790.8963633,33,-16,65
1747047790.931363,-34,9,9
1747047790.9663634,-18,-34,11
1747047791.0013633,-24,-82,57
1747047791.0373633,27,-34,55
1747047791.0733633,-18,-1,81
1747047791.1083634,0,-39,-2
1747047791.1443634,1,46,7
1747047791.1793633,-25,18,37
1747047791.214363,32,10,-60
1747047791.2493634,52,22,-6
1747047791.2853634,-16,-32,-10
1747047791.3213634,33,3,63
1747047791.3563633,-4,-90,37
1747047791.3923633,-26,45,125
1747047791.4273634,-24,5,97
1747047791.4623632,41,0,87
1747047791.497363,-36,-24,63
1747047791.533363,-100,9,89
1747047791.5693634,24,-41,-32
1747047791.6043634,-74,-24,125
1747047791.6403637,119,-8,-96
1747047791.6753633,35,-6,-4
1747047791.7103634,71,-6,-102
1747047791.7453637,-36,25,5
1747047791.7813632,49,8,-12
1747047791.8173633,39,-19,-26
1747047791.852363,97,-43,41
1747047791.8883634,39,0,13
1747047791.9233634,-39,-9,63
1747047791.9583633,-24,16,-94
1747047791.9933634,-92,-1,-110
1747047792.0293634,-11,-39,-18
1747047792.0653634,-14,-31,17
1747047792.1003633,-26,56,33
1747047792.1363633,-77,20,-26
1747047792.1713634,-39,16,-2
1747047792.2063634,15,2,5
1747047792.2413633,-8,6,-40
1747047792.2773633,33,-27,29
1747047792.3133633,-76,-3,35
1747047792.3483634,-52,8,77
1747047792.3843634,-52,14,67
1747047792.4193633,-112,-1,-8
1747047792.454363,33,-41,67
1747047792.4893634,1,95,11
1747047792.5253634,25,11,-46
1747047792.5613637,-84,53,-70
1747047792.5963633,115,-74,9
1747047792.632363,-46,-31,71
1747047792.6673634,-28,-16,39
1747047792.7023633,-54,58,27
1747047792.737363,-30,0,37
1747047792.7733634,34,-21,85
1747047792.8093634,-100,4,9
1747047792.8443637,36,-77,145
1747047792.8803637,31,-25,-28
1747047792.9153633,-105,30,-98
1747047792.9503634,2,-87,93
1747047792.9853632,-67,-39,47
1747047793.0213633,-55,-115,-18
1747047793.0573633,0,26,-20
1747047793.0923634,-103,10,-70
1747047793.1283634,12,28,-228
1747047793.1633637,-31,38,-4
1747047793.1983633,-25,-35,15
1747047793.2333634,73,43,-68
1747047793.2693634,62,-5,-32
1747047793.3053634,116,-52,0
1747047793.3403633,-47,34,65
1747047793.3763633,22,-45,-46
1747047793.4113634,12,-35,17
1747047793.4463634,22,92,33
1747047793.4813633,49,33,51
1747047793.5173633,51,61,-32
1747047793.553363,-22,39,29
1747047793.5883634,11,5,25
1747047793.6243634,55,35,19
1747047793.6593633,42,-51,39
1747047793.6943634,58,10,17
1747047793.7293634,-24,-10,99
1747047793.7653637,-16,2,3
1747047793.8013637,-66,-38,41
1747047793.8363633,34,-41,37
1747047793.872363,95,-48,-38
1747047793.9073634,-24,-8,-10
1747047793.9423633,-17,65,-20
1747047793.9783633,-31,-2,-6
1747047794.0133634,31,-52,123
1747047794.0493634,-15,-14,11
1747047794.0843637,84,35,109
1747047794.1203637,39,65,-58
1747047794.155363,19,15,15
1747047794.1903634,62,36,9
1747047794.2263634,65,29,115
1747047794.2613633,28,-37,-70
1747047794.2973633,-43,-14,73
1747047794.3323634,-59,-48,15
1747047794.3683634,-49,-22,-46
1747047794.4033637,-1,-4,35
1747047794.4383633,84,26,0
1747047794.474363,-13,0,-12
1747047794.5093634,34,42,-60
1747047794.5453634,56,16,-76
1747047794.5803633,-7,-51,29
1747047794.6163633,-3,-9,11
1747047794.6513634,-45,10,-72
1747047794.6863637,12,-31,27
1747047794.7223637,-45,-25,23
1747047794.757363,12,-75,-10
1747047794.793363,32,-17,21
1747047794.8283634,62,17,-86
1747047794.8643634,54,32,49
1747047794.8993633,46,10,-122
1747047794.9343634,-6,-1,67
1747047794.9703634,49,-48,33
1747047795.0053637,-26,-2,-96
1747047795.0413637,13,11,9
1747047795.076363,-22,71,105
1747047795.112363,109,7,-56
1747047795.1473634,51,-4,-86
1747047795.1823633,-69,-23,-20
1747047795.2183633,-48,-58,-22
1747047795.2533634,-32,7,49
1747047795.2893634,26,18,19
1747047795.3243637,-92,-16,21
1747047795.3603632,6,-7,101
1747047795.395363,-30,-68,-70
1747047795.4303634,65,35,43
1747047795.4663634,35,-14,47
1747047795.5013633,-46,-48,-64
1747047795.5373633,63,-14,-70
1747047795.5723634,51,5,-42
1747047795.6083634,44,-33,41
1747047795.6443634,45,-6,43
1747047795.6793633,-16,-68,17
1747047795.714363,-30,-28,-84
1747047795.750363,69,-64,87
1747047795.7863634,-74,-56,49
1747047795.8213634,-18,23,89
1747047795.8573637,-12,27,163
1747047795.8923633,65,-2,33
1747047795.9273634,31,49,87
1747047795.9623632,-3,12,89
1747047795.9983633,-32,2,-20
1747047796.0343633,-16,46,73
1747047796.0693634,71,-37,-150
1747047796.1053634,-8,46,-104
1747047796.1403637,65,12,167
1747047796.1753633,-16,-17,17
1747047796.2103634,-96,-69,101
1747047796.2463634,19,6,33
1747047796.2823634,-98,-13,25
1747047796.3173633,45,30,89
1747047796.3533633,137,31,-36
1747047796.3883634,75,-20,57
1747047796.4233634,75,0,65
1747047796.4583633,47,35,13
1747047796.4943633,-78,-62,143
1747047796.530363,-42,65,51
1747047796.5653634,-80,69,55
1747047796.6013634,13,0,-38
1747047796.6363633,33,35,31
1747047796.6713634,15,-23,-26
1747047796.7063634,-70,-6,17
1747047796.7423637,-48,45,-76
1747047796.7783637,15,7,5
1747047796.8133633,-38,-18,3
1747047796.849363,10,26,-18
1747047796.8843634,21,0,99
1747047796.9193633,9,-9,49
1747047796.954363,11,-81,-68
1747047796.9903634,-20,-43,-120
1747047797.0263634,57,-37,99
1747047797.0613637,55,54,65
1747047797.0973637,-44,-65,73
1747047797.132363,29,18,-4
1747047797.1673634,-18,-7,69
1747047797.2023633,77,66,7
1747047797.2383633,-72,20,89
1747047797.2743633,-23,4,-4
1747047797.3093634,-68,18,29
1747047797.3453634,0,-1,-38
1747047797.3803637,-34,-15,3
1747047797.4153633,-24,-33,33
1747047797.4503634,-41,-42,7
1747047797.4863634,5,-60,21
1747047797.5223634,-68,17,0
1747047797.5573633,9,-62,-130
1747047797.5933633,12,-11,5
1747047797.6283634,65,40,-20
1747047797.6633637,37,62,111
1747047797.6983633,18,-43,21
1747047797.7343633,42,12,-18
1747047797.770363,5,-12,-14
1747047797.8053634,-76,-10,45
1747047797.8413634,41,25,125
1747047797.8773634,-21,55,-22
1747047797.9133637,147,57,-2
1747047797.9483633,-6,39,47
1747047797.9833634,17,-12,0
1747047798.0183637,19,9,43
1747047798.0543633,-48,25,65
1747047798.0903633,63,-44,-26
1747047798.125363,45,0,-52
1747047798.1613634,77,-58,71
1747047798.1963634,-16,-8,103
1747047798.2313633,-18,-42,-8
1747047798.2663634,1,7,31
1747047798.3023634,-9,-40,25
1747047798.3383634,-20,52,-50
1747047798.3733633,-105,-47,-60
1747047798.4093633,-27,20,-20
1747047798.4443634,-70,-41,51
1747047798.4793634,23,72,-94
1747047798.5143633,-16,-15,25
1747047798.5503633,17,-19,85
1747047798.5863633,59,-55,-20
1747047798.6213634,31,-35,11
1747047798.6573634,-3,100,-12
1747047798.6923633,-92,38,-4
1747047798.727363,-20,-39,-14
1747047798.7633634,21,0,-46
1747047798.7983634,-6,-45,9
1747047798.8343637,77,-62,25
1747047798.8693633,25,-20,167
1747047798.905363,85,-16,3
1747047798.9403634,38,-17,23
1747047798.9753633,-25,37,35
1747047799.0113633,-31,-61,-80
1747047799.0463634,-41,-33,1
1747047799.0823634,4,-3,-84
1747047799.1173637,-32,22,39
1747047799.1533637,-37,22,-80
1747047799.1883633,6,14,75
1747047799.2233634,42,-57,77
1747047799.2593634,14,-27,-30
1747047799.2943633,7,-21,-106
1747047799.3303633,-13,-23,-44
1747047799.3653634,30,4,127
1747047799.4013634,50,-49,-26
1747047799.4363637,-25,14,17
1747047799.4713633,-12,-10,-96
1747047799.507363,-22,59,65
1747047799.5423634,2,10,47
1747047799.5783634,10,-12,35
1747047799.6133633,89,-45,29
1747047799.6493633,3,-133,21
1747047799.6843634,-42,-13,199
1747047799.7193637,-98,-83,-78
1747047799.7553637,-2,0,75
1747047799.7903633,11,-13,83
1747047799.826363,-64,-75,-128
1747047799.8613634,19,-37,83
1747047799.8973634,31,14,-18
1747047799.9323633,21,7,-26
1747047799.9673634,69,3,11
1747047800.0033634,-46,-77,55
1747047800.0383637,75,0,103
1747047800.0743637,23,48,41
1747047800.1093633,83,8,-46
1747047800.145363,-12,-32,85
1747047800.1803634,5,39,-52
1747047800.2153633,5,-28,39
1747047800.2513633,-22,15,133
1747047800.293363,-63,-27,1
1747047800.3303633,-45,10,113
1747047800.3653634,-24,25,87
1747047800.4003634,-98,-8,123
1747047800.4353633,-42,39,95
1747047800.4713633,47,-27,-44
1747047800.507363,-2,9,-96
1747047800.5423634,-54,-54,-12
1747047800.5783634,-74,19,-76
1747047800.6133633,45,41,-18
1747047800.6483634,-12,-18,51
1747047800.6833634,17,-17,-38
1747047800.7193637,45,-56,-30
1747047800.7553637,71,116,9
1747047800.7903633,-21,35,25
1747047800.826363,-34,20,-62
1747047800.8613634,-13,-16,-52
1747047800.8963633,-1,26,-44
1747047800.931363,-41,20,25
1747047800.9673634,6,-25,47
1747047801.0033634,-3,6,9
1747047801.0383637,14,-5,37
1747047801.0743637,28,39,61
1747047801.1093633,42,23,11
1747047801.1443634,4,-48,37
1747047801.1793633,-30,-37,3
1747047801.2153633,0,-33,-70
1747047801.2513633,-27,7,25
1747047801.2863634,57,-7,-60
1747047801.3223634,9,-32,-2
1747047801.3573637,47,19,165
1747047801.3923633,-114,-2,85
1747047801.4273634,71,15,49
1747047801.4633634,73,-38,17
1747047801.4993634,69,79,95
1747047801.5343633,68,-9,33
1747047801.5703633,15,-26,43
1747047801.6053634,21,-66,49
1747047801.6403637,-12,-68,0
1747047801.6753633,65,29,-12
1747047801.7113633,57,59,-106
1747047801.747363,-86,17,-14
1747047801.7823634,-31,-17,41
1747047801.8183634,57,23,-36
1747047801.8533633,36,52,-70
1747047801.8883634,30,14,-52
1747047801.9233634,7,15,19
1747047801.9593637,23,45,65
1747047801.9953637,59,-36,57
1747047802.030363,49,3,25
1747047802.066363,29,-25,-42
1747047802.1013634,111,-17,-54
1747047802.1363633,3,-19,-130
1747047802.1713634,-90,48,-4
1747047802.2073634,73,-1,27
1747047802.2433634,45,8,-64
1747047802.2783637,-38,6,3
1747047802.3143632,81,-29,-58
1747047802.349363,-72,-39,75
1747047802.3843634,-6,12,-24
1747047802.4193633,-28,-99,-74
1747047802.4553633,22,-32,43
1747047802.4913633,23,-49,31
1747047802.5263634,-54,32,91
1747047802.5623634,-61,-26,-120
1747047802.5973637,-49,5,39
1747047802.632363,-11,21,79
1747047802.668363,9,38,9
1747047802.7033634,91,-1,91
1747047802.7393634,-36,-97,-2
1747047802.7743633,-29,-14,43
1747047802.8103633,58,31,25
1747047802.8453634,74,41,37
1747047802.8803637,32,-32,-16
1747047802.9153633,48,-10,67
1747047802.951363,-9,-6,-30
1747047802.987363,-11,8,-60
1747047803.0223634,68,-29,-20
1747047803.0583634,-45,-17,0
1747047803.0933633,140,-51,77
1747047803.1283634,38,-49,-60
1747047803.1633637,30,36,35
1747047803.1993637,-35,62,59
1747047803.2353632,-79,6,47
1747047803.270363,-25,-3,19
1747047803.306363,-7,62,123
1747047803.3413634,60,34,3
1747047803.3763633,4,30,51
1747047803.4123633,46,48,131
1747047803.4473634,14,-15,-52
1747047803.4833634,5,4,-58
1747047803.5183637,25,-51,35
1747047803.5543633,-56,-63,53
1747047803.589363,7,-7,43
1747047803.6243634,-12,-21,1
1747047803.6603634,21,56,29
1747047803.6953633,77,-51,-12
1747047803.7313633,-50,44,-74
1747047803.7663634,-16,36,71
1747047803.8023634,-36,-89,49
1747047803.8373632,-106,-11,-52
1747047803.872363,5,12,95
1747047803.908363,-37,19,-46
1747047803.9433634,19,24,21
1747047803.9793634,-16,-79,125
1747047804.0143633,-17,66,-54
1747047804.0503633,24,-29,-72
1747047804.0853634,-31,-21,79
1747047804.1203637,46,34,-212
1747047804.1563632,59,-3,31
1747047804.191363,33,20,-18
1747047804.227363,-28,-9,103
1747047804.2623634,-92,-53,123
1747047804.2983634,41,-25,29
1747047804.3333633,-108,-65,65
1747047804.3683634,-12,-27,85
1747047804.4043634,0,47,35
1747047804.4393632,-23,-70,13
1747047804.4753633,40,-32,25
1747047804.510363,-5,9,-22
1747047804.5463634,-59,-16,-2
1747047804.5813634,28,-22,-24
1747047804.6163633,20,75,55
1747047804.6523633,-39,19,-86
1747047804.6873634,-67,59,35
1747047804.7233634,7,20,-42
1747047804.7583632,94,-38,145
1747047804.7943633,-44,-37,31
1747047804.829363,1,-32,43
1747047804.8643634,-26,21,53
1747047804.9003634,69,34,-18
1747047804.9353633,-32,-11,-38
1747047804.9713633,31,-63,23
1747047805.0063634,33,-41,51
1747047805.0413637,-56,50,55
1747047805.076363,57,54,-106
1747047805.112363,77,16,43
1747047805.1483634,35,-35,-86
1747047805.1833634,-62,-35,93
1747047805.2193637,9,-15,-84
1747047805.2543633,-52,94,-22
1747047805.2893634,11,16,77
1747047805.3243637,43,8,93
1747047805.3603632,17,30,-40
1747047805.3963633,-51,96,55
1747047805.431363,-87,-1,-66
1747047805.4673634,-2,-3,-48
1747047805.5023634,7,-37,-44
1747047805.5373633,69,-42,159
1747047805.5723634,34,19,-20
1747047805.6083634,-81,-18,39
1747047805.6443634,4,-18,31
1747047805.6793633,-4,74,53
1747047805.7153633,53,32,-20
1747047805.750363,-8,-69,3
1747047805.7853634,-39,-19,3
1747047805.8203633,49,-57,-30
1747047805.8563633,-45,9,-2
1747047805.8923633,-6,-1,-152
1747047805.9273634,3,-25,25
1747047805.9633634,0,0,-36
1747047805.9983633,-4,-14,-46
1747047806.033363,19,35,17
1747047806.0683634,19,15,23
1747047806.1043634,-30,-10,11
1747047806.1403637,7,-5,-44
1747047806.1753633,-16,-27,51
1747047806.2113633,-66,-4,43
1747047806.2463634,39,-24,17
1747047806.2813632,29,-26,101
1747047806.316363,43,63,3
1747047806.352363,9,-51,31
1747047806.3883634,-45,27,-50
1747047806.4233634,80,11,-26
1747047806.4593637,66,-16,45
1747047806.4943633,8,41,-6
1747047806.5293634,-21,-34,-58
1747047806.5643632,23,9,35
1747047806.6003633,28,-53,5
1747047806.6363633,-9,-26,113
1747047806.6713634,38,-14,-28
1747047806.7073634,9,-16,93
1747047806.7423637,20,-14,-8
1747047806.7773633,21,53,-24
1747047806.8123634,-3,7,-112
1747047806.8483634,49,53,23
1747047806.8843634,17,-84,-172
1747047806.9193633,-50,-30,0
1747047806.9553633,51,5,49
1747047806.9913633,-36,-34,-16
1747047807.0273633,41,-12,83
1747047807.0623634,-72,53,-26
1747047807.0973637,19,51,-80
1747047807.132363,63,53,45
1747047807.168363,-24,15,11
1747047807.204363,41,23,69
1747047807.2393634,-54,29,-60
1747047807.2753634,80,-2,-78
1747047807.3103633,31,-23,39
1747047807.3453634,15,36,69
1747047807.3803637,13,-19,7
1747047807.4163637,67,-111,-76
1747047807.4523633,46,28,-100
1747047807.487363,-14,-10,43
1747047807.5233634,-11,-3,83
1747047807.5583634,-38,2,-164
1747047807.5933633,-54,38,15
1747047807.6283634,9,6,83
1747047807.6643634,11,46,71
1747047807.7003634,-76,40,-80
1747047807.7353632,21,66,-16
1747047807.7713633,-22,66,-40
1747047807.806363,-27,14,51
1747047807.8413634,7,-73,25
1747047807.8763633,51,-3,-2
1747047807.9123633,29,-81,-96
1747047807.9483633,97,38,11
1747047807.9833634,23,-27,-18
1747047808.0193634,-10,-21,-50
1747047808.0543633,-18,-95,-88
1747047808.089363,23,-1,7
1747047808.125363,20,-21,-48
1747047808.1603634,-83,36,59
1747047808.1963634,36,-41,-92
1747047808.2313633,90,16,-18
1747047808.2673633,-11,16,-120
1747047808.3023634,61,1,-26
1747047808.3373632,-6,23,89
1747047808.3733633,10,10,19
1747047808.408363,-17,62,-40
1747047808.4443634,-5,22,-40
1747047808.4793634,36,-63,-16
1747047808.5153637,-59,-20,27
1747047808.5503633,-51,9,7
1747047808.5853634,82,-45,-58
1747047808.6213634,-5,71,79
1747047808.6563632,0,-86,47
1747047808.6923633,16,-5,-36
1747047808.727363,63,88,-84
1747047808.7633634,91,-43,-14
1747047808.7983634,43,-25,-74
1747047808.8333633,-6,-35,-14
1747047808.8693633,-7,16,-16
1747047808.9043634,-109,-17,83
1747047808.9403634,35,-35,87
1747047808.9753633,0,62,125
1747047809.010363,-36,25,67
1747047809.0453634,-34,-23,-142
1747047809.0813634,-46,2,33
1747047809.1173637,37,-47,49
1747047809.1523633,45,32,9
1747047809.1883633,-67,-17,27
1747047809.2233634,-9,28,-8
1747047809.2593634,20,-11,71
1747047809.2943633,-74,-23,89
1747047809.329363,0,-53,-40
1747047809.3653634,23,-65,81
1747047809.4003634,-103,-34,87
1747047809.4363637,-27,25,1
1747047809.4713633,44,-82,135
1747047809.507363,22,39,-54
1747047809.5423634,46,-48,-12
1747047809.5773633,37,24,3
1747047809.6133633,7,14,-56
1747047809.6483634,43,-34,-138
1747047809.6843634,-100,-48,25
1747047809.7193637,25,14,21
1747047809.7543633,0,10,193
1747047809.7893634,26,-18,81
1747047809.8253634,20,37,37
1747047809.8613634,10,-30,-34
1747047809.8963633,-24,20,-58
1747047809.9323633,-10,-19,-66
1747047809.9673634,-8,-55,15
1747047810.0023634,12,67,-108
1747047810.0373633,57,-4,37
1747047810.0733633,-34,29,-54
1747047810.1093633,-36,87,39
1747047810.1443634,13,-60,131
1747047810.1803634,-29,-35,97
1747047810.2153633,-38,-2,-48
1747047810.250363,45,-54,65
1747047810.2853634,-8,-26,43
1747047810.3283634,-124,9,-2
1747047810.3653634,13,51,63
1747047810.4003634,-88,-72,-36
1747047810.4363637,35,-26,-68
1747047810.4713633,0,1,-56
1747047810.5063634,-78,-14,-18
1747047810.5413637,20,-42,-60
1747047810.5773633,40,-38,-82
1747047810.6133633,40,39,65
1747047810.6483634,78,-6,-2
1747047810.6843634,-59,-58,11
1747047810.7193637,10,33,33
1747047810.7543633,-61,-42,-24
1747047810.7893634,-149,7,109
1747047810.8253634,9,-148,-8
1747047810.8613634,15,-34,39
1747047810.8963633,-136,95,9
1747047810.9323633,45,-16,-52
1747047810.9673634,-10,22,-122
1747047811.0023634,33,-13,41
1747047811.0373633,31,-49,-50
1747047811.0733633,81,-31,3
1747047811.1093633,-80,15,-32
1747047811.1443634,-18,79,5
1747047811.1803634,77,-20,157
1747047811.2153633,27,-8,5
1747047811.250363,-50,21,21
1747047811.2853634,-30,-14,57
1747047811.3213634,-4,-64,-92
1747047811.3573637,-6,-4,-64
1747047811.3923633,19,-54,27
1747047811.428363,14,-58,41
1747047811.4633634,3,37,-74
1747047811.4983633,-6,-70,-92
1747047811.533363,3,33,-2
1747047811.5693634,15,-28,63
1747047811.6053634,19,-18,9
1747047811.6403637,5,-14,33
1747047811.6763637,9,-38,-60
1747047811.7113633,-90,28,103
1747047811.7463634,13,-11,-38
1747047811.7813632,19,54,55
1747047811.8173633,-12,-21,17
1747047811.8533633,-43,-1,55
1747047811.8883634,3,-43,-100
1747047811.9243634,35,-73,53
1747047811.9593637,20,-41,25
1747047811.9943633,53,60,59
1747047812.0293634,-34,64,-58
1747047812.0653634,-44,-16,25
1747047812.1013634,43,29,-8
1747047812.1363633,-7,-7,-32
1747047812.1723633,-113,50,55
1747047812.2073634,36,-13,37
1747047812.2423637,1,-20,27
1747047812.2773633,-30,-62,25
1747047812.3133633,91,15,-8
1747047812.349363,-4,-8,-106
1747047812.3843634,12,-63,11
1747047812.4203634,-72,12,17
1747047812.4553633,-80,14,51
1747047812.4903634,19,-17,109
1747047812.5253634,-12,-72,65
1747047812.5613637,35,-10,-26
1747047812.5973637,-28,-46,-122
1747047812.632363,47,-32,-80
1747047812.668363,65,0,93
1747047812.7033634,-26,21,11
1747047812.7383633,-31,-52,-22
1747047812.7743633,-17,15,-80
1747047812.8093634,-55,56,-12
1747047812.8453634,18,62,-22
1747047812.8803637,-19,-74,-66
1747047812.9163637,22,-37,-124
1747047812.951363,18,-15,-28
1747047812.9863634,48,30,39
1747047813.0223634,12,18,-90
1747047813.0573633,-43,-25,139
1747047813.0933633,-5,14,0
1747047813.1283634,-11,-25,73
1747047813.1643634,24,-63,87
1747047813.1993637,-51,13,87
1747047813.2343633,32,33,43
1747047813.270363,8,-31,-36
1747047813.3053634,58,34,-6
1747047813.3413634,36,-23,15
1747047813.3763633,44,16,13
1747047813.4123633,-43,-31,-60
1747047813.4473634,-1,16,65
1747047813.4823637,-35,32,-60
1747047813.5183637,-41,-18,3
1747047813.553363,-36,-33,-14
1747047813.589363,71,-103,-18
1747047813.6243634,-42,-10,7
1747047813.6603634,53,-39,-130
1747047813.6953633,11,-64,-4
1747047813.7303634,-84,50,-80
1747047813.7663634,-1,35,-12
1747047813.8013637,-18,3,-50
1747047813.8373632,-48,-24,15
1747047813.872363,21,-6,-76
1747047813.908363,37,-44,-8
1747047813.9433634,30,2,19
1747047813.9783633,-44,-22,-44
1747047814.0143633,-32,9,-44
1747047814.0493634,17,-35,-202
1747047814.0853634,13,-37,-38
1747047814.1203637,-10,24,-2
1747047814.1563632,57,12,-88
1747047814.191363,-20,-13,-164
1747047814.2263634,33,16,69
1747047814.2623634,31,-41,21
1747047814.2973633,-14,6,79
1747047814.3333633,-22,21,-34
1747047814.3683634,-28,5,-40
1747047814.4033637,-24,14,-22
1747047814.4383633,35,-5,53
1747047814.474363,-44,-19,47
1747047814.510363,17,2,33
1747047814.5453634,53,26,61
1747047814.5813634,-58,-27,59
1747047814.6163633,-38,47,-16
1747047814.6513634,21,-74,-56
1747047814.6863637,-42,29,41
1747047814.7223637,-36,-12,75
1747047814.7583632,-42,-43,-40
1747047814.793363,53,-9,73
1747047814.829363,-9,-23,47
1747047814.8643634,-23,44,33
1747047814.8993633,32,-49,67
1747047814.9343634,2,-93,-64
1747047814.9703634,-15,28,-82
1747047815.0063634,40,52,-62
1747047815.0413637,18,35,15
1747047815.0773633,-20,1,143
1747047815.112363,29,27,27
1747047815.1473634,-4,-26,-58
1747047815.1823633,-8,51,-68
1747047815.2183633,-10,-118,-52
1747047815.2543633,47,-14,-22
1747047815.2893634,34,-57,-4
1747047815.3253634,17,-10,-18
1747047815.3603632,59,-32,171
1747047815.395363,68,45,77
1747047815.4303634,48,-12,-108
1747047815.4663634,11,40,59
1747047815.5023634,-26,70,111
1747047815.5373633,-54,44,15
1747047815.5733633,-45,-31,117
1747047815.6083634,-95,-61,185
1747047815.6433637,38,72,-26
1747047815.678363,62,26,37
1747047815.714363,-11,19,-44
1747047815.750363,2,113,-108
1747047815.7853634,16,-34,69
1747047815.8213634,56,25,31
1747047815.8563633,-3,61,91
1747047815.8913634,-15,-79,-22
1747047815.9263637,-21,-32,-78
1747047815.9623632,-3,3,0
1747047815.9983633,-27,-102,27
1747047816.033363,-19,5,41
1747047816.0693634,3,45,109
1747047816.1043634,20,33,33
1747047816.1393633,-67,-24,-44
1747047816.1743634,-51,-68,-54
1747047816.2103634,64,11,-28
1747047816.2463634,28,-18,27
1747047816.2813632,-37,-20,29
1747047816.3173633,-9,63,37
1747047816.352363,22,-42,67
1747047816.3873634,68,-6,37
1747047816.4223633,-65,7,27
1747047816.4583633,-35,-31,-12
1747047816.4943633,0,-22,89
1747047816.5293634,68,20,117
1747047816.5653634,-7,-67,19
1747047816.6003633,-13,-34,-58
1747047816.635363,-43,-59,-30
1747047816.6703634,-45,2,25
1747047816.7063634,32,-9,-92
1747047816.7423637,-4,68,3
1747047816.7773633,-52,-3,3
1747047816.8133633,-59,15,51
1747047816.8483634,-11,36,-12
1747047816.8833632,40,-29,35
1747047816.918363,-4,80,-20
1747047816.954363,-65,3,33
1747047816.9903634,65,20,-74
1747047817.0253634,16,29,3
1747047817.0613637,-66,-11,-30
1747047817.0963633,-7,27,31
1747047817.1313634,-16,34,105
1747047817.1663637,-16,52,-80
1747047817.2023633,-32,40,51
1747047817.2383633,-122,-27,201
1747047817.2733634,-10,66,23
1747047817.3093634,-36,8,73
1747047817.3443637,6,77,-76
1747047817.3793633,66,-29,-18
1747047817.4153633,-53,31,69
1747047817.4503634,-31,13,17
1747047817.4863634,4,15,41
1747047817.5213633,4,37,-76
1747047817.5573633,6,129,-6
1747047817.5923634,24,31,77
1747047817.6273634,-40,87,-48
1747047817.6633637,5,29,-34
1747047817.6983633,44,-26,31
1747047817.7343633,41,50,39
1747047817.7693634,67,-45,-106
1747047817.8053634,23,-5,-90
1747047817.8403633,64,37,73
1747047817.875363,-64,-13,47
1747047817.9113634,-106,76,37
1747047817.9463634,-63,-4,153
1747047817.9823637,0,-6,-52
1747047818.0173633,-26,-71,53
1747047818.053363,8,73,197
1747047818.0883634,-8,10,-10
1747047818.1233633,-15,9,5
1747047818.1593633,-21,0,-80
1747047818.1943634,60,32,63
1747047818.2303634,-15,-61,-28
1747047818.2653637,-19,28,3
1747047818.3013637,0,6,9
1747047818.3363633,30,-44,45
1747047818.3713634,-47,-4,3
1747047818.4073634,34,22,27
1747047818.4423633,56,18,-44
1747047818.4783633,-5,76,-98
1747047818.5133634,26,-32,-52
1747047818.5493634,90,32,1
1747047818.5843637,92,2,21
1747047818.6193633,-15,-13,45
1747047818.655363,4,12,149
1747047818.6903634,34,26,33
1747047818.7263634,7,67,7
1747047818.7613633,62,14,109
1747047818.7973633,-63,78,-24
1747047818.8323634,-27,6,81
1747047818.8673637,-33,44,43
1747047818.9033637,-59,66,59
1747047818.9383633,54,28,-24
1747047818.974363,28,26,13
1747047819.0093634,0,-11,57
1747047819.0453634,12,-21,31
1747047819.0813634,24,-43,17
1747047819.1163633,-49,-6,69
1747047819.1513634,53,2,-128
1747047819.1873634,-88,-11,73
1747047819.2233634,21,-47,-34
1747047819.2583632,-52,54,-40
1747047819.2943633,9,-25,-92
1747047819.329363,-25,9,123
1747047819.3643634,24,45,3
1747047819.3993633,-17,-78,23
1747047819.4353633,46,9,115
1747047819.4713633,-17,7,-8
1747047819.5063634,6,-40,1
1747047819.5423634,48,29,-10
1747047819.5773633,26,-86,29
1747047819.612363,-25,-88,-44
1747047819.6473634,58,-2,-64
1747047819.6833634,-1,7,-60
1747047819.7193637,-36,66,-2
1747047819.7543633,-114,40,83
1747047819.7903633,21,8,-112
1747047819.8253634,47,47,-10
1747047819.8603632,-54,-4,27
1747047819.895363,59,-22,-18
1747047819.931363,-7,28,33
1747047819.9673634,35,37,-4
1747047820.0023634,105,-46,29
1747047820.0383637,-12,33,-42
1747047820.0733633,-88,6,-114
1747047820.1083634,-60,-43,113
1747047820.1433637,-38,10,63
1747047820.1793633,45,-7,49
1747047820.2153633,25,27,-70
1747047820.250363,41,-2,123
1747047820.2863634,-18,-31,19
1747047820.3283634,9,-5,87
1747047820.3643634,-10,-9,-82
1747047820.3993633,-10,38,-28
1747047820.4353633,5,25,-78
1747047820.4713633,-60,25,-28
1747047820.5063634,-22,-34,83
1747047820.5423634,-53,-30,-22
1747047820.5773633,-14,-32,9
1747047820.612363,-6,-12,-44
1747047820.6473634,1,5,45
1747047820.6833634,79,49,93
1747047820.7193637,62,-7,-58
1747047820.7543633,83,-7,-14
1747047820.7903633,-64,-13,-38
1747047820.8253634,-22,-51,3
1747047820.8603632,28,9,11
1747047820.895363,85,34,5
1747047820.931363,70,-31,121
1747047820.9673634,16,54,43
1747047821.0023634,-46,-63,95
1747047821.0383637,-26,-1,59
1747047821.0733633,-22,-17,49
1747047821.1083634,3,-5,-30
1747047821.1433637,-30,18,-38
1747047821.1793633,72,-37,35
1747047821.2153633,-41,-65,75
1747047821.250363,54,10,-92
1747047821.2863634,23,-48,31
1747047821.3213634,-54,61,-94
1747047821.3563633,-99,-44,51
1747047821.3913634,6,37,11
1747047821.4273634,52,69,25
1747047821.4633634,12,76,27
1747047821.4983633,36,13,45
1747047821.5343633,8,-35,45
1747047821.5693634,-27,-7,65
1747047821.6043634,6,-4,-6
1747047821.6393633,-93,26,-60
1747047821.6753633,-65,-50,53
1747047821.7113633,-24,68,-40
1747047821.7463634,25,70,1
1747047821.7823634,-23,5,87
1747047821.8173633,11,48,-96
1747047821.852363,-54,-27,-38
1747047821.8873634,17,-11,-34
1747047821.9233634,81,-55,105
1747047821.9593637,40,-31,49
1747047821.9943633,-3,6,0
1747047822.030363,8,-13,-46
1747047822.0653634,-9,-41,15
1747047822.1003633,-17,-78,5
1747047822.1363633,100,0,47
1747047822.1713634,0,30,-78
1747047822.2073634,-20,16,53
1747047822.2423637,14,6,33
1747047822.2783637,-39,-13,-22
1747047822.3133633,-43,-43,-4
1747047822.3483634,-33,42,153
1747047822.3843634,-53,-25,107
1747047822.4193633,-7,28,59
1747047822.4553633,-21,32,3
1747047822.4903634,52,-45,23
1747047822.5263634,-5,-10,57
1747047822.5613637,-11,-32,-40
1747047822.5963633,-35,-18,69
1747047822.632363,49,64,35
1747047822.6673634,-56,-65,53
1747047822.7033634,32,-10,21
1747047822.7383633,42,63,19
1747047822.7743633,59,-27,77
1747047822.8093634,-37,0,105
1747047822.8443637,-1,16,-18
1747047822.8803637,19,32,45
1747047822.9153633,-60,-37,87
1747047822.951363,53,-47,-88
1747047822.9863634,143,-1,33
1747047823.0223634,22,-50,-12
1747047823.0573633,42,57,15
1747047823.0923634,-20,20,-6
1747047823.1283634,32,-41,215
1747047823.1633637,12,-59,0
1747047823.1993637,-13,38,25
1747047823.2343633,-39,54,149
1747047823.270363,12,-43,0
1747047823.3053634,-61,-25,15
1747047823.3403633,-21,-13,71
1747047823.3763633,92,-9,31
1747047823.4113634,32,2,-50
1747047823.4473634,-9,-83,121
1747047823.4823637,-11,-35,213
1747047823.5183637,46,8,-28
1747047823.553363,-13,0,121
1747047823.5883634,55,42,-34
1747047823.6243634,-40,14,-18
1747047823.6593633,-36,-65,-64
1747047823.6953633,57,-13,-32
1747047823.7303634,-59,5,-24
1747047823.7653637,-11,-32,51
1747047823.8003633,4,-18,-30
1747047823.8363633,21,-11,-68
1747047823.872363,36,-38,37
1747047823.9073634,-82,-7,159
1747047823.9433634,82,-10,61
1747047823.9783633,-27,-36,-94
1747047824.0133634,-7,-6,-90
1747047824.0483634,112,-18,115
1747047824.0843637,-41,-28,-78
1747047824.1203637,4,-8,-48
1747047824.155363,-3,15,71
1747047824.191363,8,37,-34
1747047824.2263634,28,-56,-66
1747047824.2613633,-39,5,-6
1747047824.2963634,32,27,-32
1747047824.3323634,0,-26,125
1747047824.3683634,66,0,-64
1747047824.4033637,-35,-16,-30
1747047824.4393632,68,-40,-18
1747047824.474363,-16,-16,95
1747047824.5093634,58,-63,-6
1747047824.5443633,28,-71,-36
1747047824.5803633,13,-9,-40
1747047824.6163633,90,-37,-106
1747047824.6513634,-29,12,3
1747047824.6873634,22,-61,95
1747047824.7223637,8,-73,75
1747047824.757363,34,76,7
1747047824.7923634,46,50,85
1747047824.8283634,34,7,15
1747047824.8643634,34,0,79
1747047824.8993633,-11,-10,31
1747047824.9353633,-15,-17,19
1747047824.9703634,93,65,-16
1747047825.0053637,13,10,-118
1747047825.0403633,45,-63,-54
1747047825.076363,-20,18,83
1747047825.112363,21,-5,25
1747047825.1473634,10,12,23
1747047825.1833634,79,8,-56
1747047825.2183633,67,6,-38
1747047825.2533634,-16,8,65
1747047825.2883637,-22,-1,-40
1747047825.3243637,-20,16,31
1747047825.3603632,25,-41,-60
1747047825.395363,-39,-49,-126
1747047825.431363,-15,-47,31
1747047825.4663634,-21,-39,-22
1747047825.5013633,60,-23,-12
1747047825.5363634,-1,-15,0
1747047825.5723634,-9,-23,-16
1747047825.6083634,-19,14,45
1747047825.6433637,-5,37,17
1747047825.6793633,-39,-60,-34
1747047825.714363,-1,41,-24
1747047825.7493634,-3,43,-56
1747047825.7843633,-23,-11,-14
1747047825.8203633,-11,-17,-66
1747047825.8563633,18,80,-54
1747047825.8913634,50,-5,-20
1747047825.9273634,35,-33,45
1747047825.9623632,-5,-41,3
1747047825.997363,11,-56,33
1747047826.0323634,-19,-23,-32
1747047826.0683634,56,-11,17
1747047826.1043634,44,12,81
1747047826.1393633,-9,4,15
1747047826.1753633,50,0,-80
1747047826.2103634,30,-23,19
1747047826.2453637,-33,-5,53
1747047826.280363,12,-71,-6
1747047826.316363,9,-86,13
1747047826.352363,9,-54,63
1747047826.3873634,0,3,-146
1747047826.4233634,-13,-44,-78
1747047826.4583633,98,27,-62
1747047826.4933634,12,-27,-22
1747047826.5283637,20,29,-4
1747047826.5643632,98,39,-74
1747047826.6003633,28,33,-2
1747047826.635363,-52,24,63
1747047826.6713634,-13,4,-90
1747047826.7063634,44,68,23
1747047826.7413633,-41,-59,37
1747047826.7773633,26,-5,9
1747047826.8123634,-19,-67,81
1747047826.8483634,-13,64,45
1747047826.8833632,8,-37,93
1747047826.9193633,0,-33,-28
1747047826.954363,-7,-48,-52
1747047826.9893634,10,49,-14
1747047827.0253634,-25,3,-18
1747047827.0603633,-41,-140,-20
1747047827.0963633,64,-44,101
1747047827.1313634,-51,-78,-128
1747047827.1673634,-77,7,-16
1747047827.2023633,-29,-10,-80
1747047827.237363,34,22,119
1747047827.2733634,-69,-53,71
1747047827.3083634,98,-63,61
1747047827.3443637,67,-132,0
1747047827.3793633,46,-61,-48
1747047827.4153633,137,19,-118
1747047827.4503634,0,-50,-22
1747047827.4853632,39,-26,-88
1747047827.5213633,55,-18,-24
1747047827.556363,9,17,9
1747047827.5923634,111,17,-2
1747047827.6273634,-33,40,21
1747047827.6633637,-63,-5,-60
1747047827.6983633,-78,-36,31
1747047827.7333634,51,49,37
1747047827.7693634,-90,-96,41
1747047827.8043633,30,-23,33
1747047827.8403633,33,-84,29
1747047827.875363,3,-60,-30
1747047827.9113634,20,-17,19
1747047827.9463634,16,54,-70
1747047827.9813633,46,-53,25
1747047828.0173633,-10,38,-30
1747047828.0523634,-41,60,-84
1747047828.0883634,77,-11,-110
1747047828.1233633,15,46,45
1747047828.1593633,56,-60,77
1747047828.1943634,58,-43,-16
1747047828.2293634,90,31,-54
1747047828.2653637,8,-25,-2
1747047828.3003633,88,84,1
1747047828.3363633,28,36,23
1747047828.3713634,-123,20,15
1747047828.4073634,14,36,129
1747047828.4433634,2,76,59
1747047828.4783633,47,0,25
1747047828.5133634,21,-33,-22
1747047828.5493634,13,-11,125
1747047828.5853634,5,-5,-84
1747047828.6203637,-12,-1,-118
1747047828.6563632,56,2,1
1747047828.691363,47,-23,-28
1747047828.7263634,-50,22,-12
1747047828.7613633,-20,56,3
1747047828.7973633,37,108,-18
1747047828.8333633,-22,-14,-10
1747047828.8683634,51,26,215
1747047828.9043634,-16,70,-2
1747047828.9393632,-12,16,-40
1747047828.974363,27,70,-44
1747047829.0093634,-10,66,13
1747047829.0453634,-36,18,-54
1747047829.0813634,68,-29,81
1747047829.1163633,38,-56,-58
1747047829.1523633,40,14,47
1747047829.1873634,4,79,-100
1747047829.2223637,10,15,13
1747047829.257363,18,-6,139
1747047829.293363,-53,-38,1
1747047829.329363,46,10,-20
1747047829.3643634,42,-43,65
1747047829.4003634,70,-109,-12
1747047829.4353633,-5,-5,37
1747047829.4703634,8,48,-98
1747047829.5053637,6,-115,-14
1747047829.5413637,44,-25,-6
1747047829.5773633,40,-31,53
1747047829.612363,70,16,15
1747047829.6483634,86,12,79
1747047829.6833634,47,11,25
1747047829.7183633,62,-89,129
1747047829.7533634,-29,12,49
1747047829.7893634,-96,-10,-32
1747047829.8253634,9,-39,11
1747047829.8603632,-2,46,55
1747047829.8963633,-46,11,-64
1747047829.931363,7,-12,-20
1747047829.9663634,87,5,79
1747047830.0013633,-83,-71,1
1747047830.0373633,32,48,97
1747047830.0733633,-21,-34,109
1747047830.1083634,-39,5,-38
1747047830.1443634,50,19,67
1747047830.1793633,22,-32,-4
1747047830.214363,-1,-38,51
1747047830.2493634,16,4,-108
1747047830.2853634,-65,-45,33
1747047830.3213634,0,-31,-52
1747047830.3633633,6,-55,-32
1747047830.4003634,68,-7,59
1747047830.4353633,-35,44,-70
1747047830.4703634,102,4,11
1747047830.5053637,8,-43,1
1747047830.5413637,8,0,-142
1747047830.5773633,-20,31,9
1747047830.612363,33,21,-88
1747047830.6483634,70,-43,-44
1747047830.6833634,-41,6,29
1747047830.7183633,-41,-5,-40
1747047830.7533634,11,-68,45
1747047830.7893634,16,19,55
1747047830.8253634,-28,7,-12
1747047830.8603632,7,1,21
1747047830.8963633,-14,-31,-98
1747047830.931363,37,20,-2
1747047830.9663634,5,18,129
1747047831.0013633,15,10,29
1747047831.0373633,13,-47,-10
1747047831.0733633,85,-45,17
1747047831.1083634,-38,44,-54
1747047831.1443634,27,56,-66
1747047831.1793633,0,-75,9
1747047831.214363,-42,4,49
1747047831.2493634,-10,-7,-52
1747047831.2853634,42,-4,79
1747047831.3213634,72,92,-54
1747047831.3563633,-63,-7,59
1747047831.3923633,4,-26,7
1747047831.4273634,-57,-14,-56
1747047831.4623632,-74,58,45
1747047831.4983633,15,-47,-58
1747047831.533363,81,-37,-56
1747047831.5693634,-88,44,25
1747047831.6043634,-8,20,125
1747047831.6403637,-14,-15,27
1747047831.6753633,19,-47,25
1747047831.7103634,-46,2,-8
1747047831.7463634,-7,-20,-90
1747047831.7813632,29,-43,-8
1747047831.8173633,29,-23,-98
1747047831.852363,31,-55,-4
1747047831.8883634,-1,-39,-62
1747047831.9233634,0,17,-66
1747047831.9583633,34,25,-18
1747047831.9943633,-37,-34,19
1747047832.0293634,-11,-24,-98
1747047832.0653634,18,-62,71
1747047832.1003633,-13,-16,-120
1747047832.1363633,7,44,-30
1747047832.1713634,-74,-50,81
1747047832.2063634,53,-58,-14
1747047832.2423637,47,11,13
1747047832.2773633,2,17,29
1747047832.3133633,-88,58,-108
1747047832.3483634,51,40,105
1747047832.3843634,15,-31,-32
1747047832.4193633,-46,14,-56
1747047832.454363,7,24,-2
1747047832.4903634,-73,-70,-84
1747047832.5253634,-3,28,45
1747047832.5613637,83,-5,53
1747047832.5963633,-41,29,107
1747047832.632363,-75,15,95
1747047832.6673634,44,-9,35
1747047832.7023633,36,-13,-80
1747047832.7383633,54,55,13
1747047832.7733634,20,9,93
1747047832.8093634,50,27,3
1747047832.8443637,38,-50,39
1747047832.8803637,95,-57,-34
1747047832.9163637,-42,-75,-34
1747047832.9523633,35,38,65
1747047832.987363,69,32,-34
1747047833.0223634,-18,0,27
1747047833.0583634,-8,39,23
1747047833.0933633,23,27,93
1747047833.1293633,-5,30,21
1747047833.1643634,-72,63,5
1747047833.1993637,-1,16,-50
1747047833.2343633,-67,-37,119
1747047833.270363,11,-50,-68
1747047833.306363,-12,7,23
1747047833.3413634,-32,-64,9
1747047833.3773634,5,-8,119
1747047833.4123633,28,43,-12
1747047833.4473634,67,5,-52
1747047833.4823637,-16,-50,-34
1747047833.5183637,-11,-22,0
1747047833.5543633,-56,-46,13
1747047833.589363,35,-46,35
1747047833.625363,69,-14,-18
1747047833.6603634,1,-28,15
1747047833.6953633,-19,-18,19
1747047833.7303634,23,17,21
1747047833.7663634,0,28,-12
1747047833.8023634,23,59,131
1747047833.8373632,-44,22,1
1747047833.8733633,-102,49,83
1747047833.908363,77,13,61
1747047833.9433634,29,-52,143
1747047833.9783633,-12,-63,-12
1747047834.0143633,-65,-35,-8
1747047834.0503633,-130,51,135
1747047834.0853634,-33,15,-20
1747047834.1213634,-37,55,-22
1747047834.1563632,20,47,133
1747047834.191363,-61,47,93
1747047834.2263634,-23,-32,-76
1747047834.2623634,-75,-54,-32
1747047834.2983634,-21,-44,-66
1747047834.3333633,28,-74,-46
1747047834.3693633,0,-10,19
1747047834.4043634,31,89,179
1747047834.4393632,33,-30,-90
1747047834.474363,21,-70,149
1747047834.510363,-32,-50,-102
1747047834.5463634,-26,19,23
1747047834.5813634,-46,43,79
1747047834.6173637,-22,-67,65
1747047834.6523633,49,22,-18
1747047834.6873634,-28,-63,65
1747047834.7223637,49,-13,-18
1747047834.7583632,-18,-63,-168
1747047834.7943633,0,-7,-32
1747047834.829363,1,19,-38
1747047834.8653634,64,-37,11
1747047834.9003634,-16,-2,45
1747047834.9353633,-41,-75,45
1747047834.9703634,30,24,71
1747047835.0063634,-21,34,-94
1747047835.0423634,-17,-20,9
1747047835.0773633,74,42,117
1747047835.1133633,-25,-37,45
1747047835.1483634,26,-8,73
1747047835.1833634,-44,-110,-52
1747047835.2183633,4,69,75
1747047835.2543633,-47,55,-64
1747047835.2903633,48,25,81
1747047835.3253634,-41,33,25
1747047835.3613634,58,35,-162
1747047835.3963633,35,13,-182
1747047835.431363,-28,3,57
1747047835.4663634,-126,-4,67
1747047835.5023634,-32,-8,-24
1747047835.5383637,-13,-119,-50
1747047835.5733633,-4,-10,-46
1747047835.6093633,-28,3,29
1747047835.6443634,13,1,-26
1747047835.6793633,27,-48,89
1747047835.714363,121,33,25
1747047835.750363,31,-36,-2
1747047835.7863634,-66,-32,-40
1747047835.8213634,-48,47,-22
1747047835.8573637,-26,9,31
1747047835.8923633,57,-12,-46
1747047835.9273634,-48,-20,21
1747047835.9623632,86,-2,59
1747047835.9983633,0,-16,7
1747047836.0343633,-27,11,101
1747047836.0693634,10,-40,-154
1747047836.1053634,50,-62,57
1747047836.1403637,44,17,-50
1747047836.1753633,-19,5,-22
1747047836.2113633,96,9,49
1747047836.2463634,-7,41,47
1747047836.2823634,50,7,129
1747047836.3173633,84,1,65
1747047836.3533633,-11,-21,21
1747047836.3883634,-27,-23,-44
1747047836.4233634,-17,2,45
1747047836.4593637,-5,14,51
1747047836.4943633,83,-11,-38
1747047836.530363,25,26,95
1747047836.5653634,-46,-3,55
1747047836.6013634,-24,-25,29
1747047836.6363633,17,28,-22
1747047836.6713634,39,-5,-68
1747047836.7073634,25,14,79
1747047836.7423637,-64,-3,-52
1747047836.7783637,27,-11,-4
1747047836.8133633,0,22,187
1747047836.849363,17,4,-86
1747047836.8843634,-44,-135,-34
1747047836.9193633,-38,25,-8
1747047836.9553633,-88,-12,-168
1747047836.9903634,20,46,-44
1747047837.0263634,-9,-9,-48
1747047837.0613637,40,14,-32
1747047837.0973637,-6,15,111
1747047837.132363,21,8,67
1747047837.1673634,-20,-27,25
1747047837.2033634,-152,36,-92
1747047837.2383633,-40,0,-24
1747047837.2743633,38,-61,55
1747047837.3093634,-3,8,29
1747047837.3453634,-31,-5,-12
1747047837.3803637,17,-4,-22
1747047837.4153633,3,-2,-18
1747047837.451363,59,-16,45
1747047837.4863634,-2,-22,-88
1747047837.5223634,-12,39,35
1747047837.5573633,-64,-10,-48
1747047837.5933633,-98,63,43
1747047837.6283634,11,-20,47
1747047837.6633637,-30,7,-10
1747047837.6993637,35,25,-50
1747047837.7343633,1,89,19
1747047837.770363,24,44,59
1747047837.8053634,7,-62,75
1747047837.8403633,-19,-13,157
1747047837.875363,16,-1,-36
1747047837.9113634,-21,-61,89
1747047837.9473634,58,-33,-2
1747047837.9823637,60,42,-126
1747047838.0183637,-45,4,-58
1747047838.053363,-45,36,75
1747047838.0883634,-30,-3,-124
1747047838.1233633,44,-3,-14
1747047838.1593633,12,2,93
1747047838.1953633,13,11,-96
1747047838.2303634,112,-35,109
1747047838.2663634,95,-14,-22
1747047838.3013637,70,-15,1
1747047838.3363633,16,20,85
1747047838.3713634,21,-17,-22
1747047838.4073634,25,-55,-82
1747047838.4433634,31,34,-50
1747047838.4783633,0,12,47
1747047838.5143633,-28,14,-60
1747047838.5493634,9,40,-26
1747047838.5843637,11,-22,-52
1747047838.6193633,-28,23,41
1747047838.655363,-106,11,-48
1747047838.691363,-48,25,-30
1747047838.7263634,66,-25,127
1747047838.7623634,-25,20,33
1747047838.7973633,71,-46,25
1747047838.8323634,73,17,-110
1747047838.8673637,-4,19,41
1747047838.9033637,-18,21,-16
1747047838.9393632,-36,-6,-34
1747047838.974363,37,13,35
1747047839.010363,33,-86,-8
1747047839.0453634,39,25,41
1747047839.0803633,-72,25,79
1747047839.1153634,-22,13,1
1747047839.1513634,87,-20,-10
1747047839.1873634,-92,27,153
1747047839.2223637,85,29,45
1747047839.2583632,-22,-92,81
1747047839.293363,3,-22,15
1747047839.3283634,73,16,69
1747047839.3633633,61,-14,41
1747047839.3993633,19,-37,41
1747047839.4353633,-28,-63,-12
1747047839.4703634,1,-35,-60
1747047839.5063634,21,-59,47
1747047839.5413637,35,30,21
1747047839.576363,50,68,31
1747047839.6113634,32,-35,53
1747047839.6473634,-11,-27,-28
1747047839.6833634,-71,-55,13
1747047839.7183633,3,-44,97
1747047839.7543633,66,62,81
1747047839.7893634,83,-28,43
1747047839.8243637,-72,-47,41
1747047839.8593633,39,17,141
1747047839.895363,9,25,-138
1747047839.931363,13,25,19
1747047839.9663634,5,16,11
1747047840.0023634,39,-11,-46
1747047840.0373633,13,10,57
1747047840.0723634,-4,-35,-28
1747047840.1073637,-52,-57,63
1747047840.1433637,1,-99,37
1747047840.1793633,-82,-1,-58
1747047840.214363,-30,-33,7
1747047840.250363,1,-55,1
1747047840.2853634,-56,48,53
1747047840.3203633,5,4,-54
1747047840.3553634,1,-15,77
1747047840.3973634,-46,32,-80
1747047840.4343634,15,-1,-68
1747047840.4693637,51,68,49
1747047840.5043633,-55,8,51
1747047840.5393634,-44,-38,-70
1747047840.5753634,-22,37,-46
1747047840.6113634,-10,-28,7
1747047840.6463633,-8,19,67
1747047840.6833634,47,-25,109
1747047840.7183633,-30,8,-40
1747047840.7543633,4,-55,9
1747047840.7893634,-8,36,41
1747047840.8243637,45,40,95
1747047840.8603632,49,-9,129
1747047840.895363,7,26,13
1747047840.931363,1,-69,15
1747047840.9663634,23,46,51
1747047841.0023634,-56,-55,35
1747047841.0373633,0,40,71
1747047841.0723634,-59,60,21
1747047841.1083634,2,-15,-100
1747047841.1433637,-75,-11,55
1747047841.1793633,-23,-39,93
1747047841.214363,-24,-61,53
1747047841.250363,-69,32,21
1747047841.2853634,111,14,35
1747047841.3203633,23,84,-74
1747047841.3563633,65,-73,-34
1747047841.3913634,-11,14,-10
1747047841.4273634,62,-41,-4
1747047841.4623632,38,-13,125
1747047841.4983633,15,-31,23
1747047841.533363,101,-77,-90
1747047841.5683634,61,-77,153
1747047841.6043634,-42,-3,75
1747047841.6393633,11,30,9
1747047841.6753633,29,20,-48
1747047841.7103634,17,-15,99
1747047841.7463634,31,-29,-78
1747047841.7813632,-12,10,3
1747047841.816363,-22,-35,-44
1747047841.852363,43,-17,23
1747047841.8873634,19,-105,19
1747047841.9233634,27,-59,-8
1747047841.9583633,-41,68,-14
1747047841.9943633,30,1,19
1747047842.0293634,16,-10,-102
1747047842.0643632,-15,-32,115
1747047842.1003633,-7,55,47
1747047842.135363,59,4,11
1747047842.1713634,-30,-11,-22
1747047842.2063634,-9,11,43
1747047842.2423637,44,15,-42
1747047842.2773633,42,-14,53
1747047842.3123634,-30,1,7
1747047842.3483634,68,5,-92
1747047842.3833632,38,23,-80
1747047842.4193633,72,-50,59
1747047842.454363,28,-78,41
1747047842.4893634,52,5,1
1747047842.5243633,19,21,57
1747047842.5603633,-10,59,9
1747047842.5963633,-35,-7,-132
1747047842.6313634,65,17,41
1747047842.6673634,32,25,-28
1747047842.7023633,50,102,21
1747047842.737363,-46,-64,25
1747047842.7723634,62,-36,39
1747047842.8083634,105,-40,121
1747047842.8443637,-15,63,-54
1747047842.8793633,8,-24,-90
1747047842.9153633,-43,-12,-102
1747047842.9503634,-19,-37,0
1747047842.9853632,-1,-2,67
1747047843.020363,-69,-48,151
1747047843.056363,-29,-18,0
1747047843.0923634,118,-3,-4
1747047843.1273634,60,-15,17
1747047843.1633637,6,50,85
1747047843.1983633,74,33,-6
1747047843.2333634,0,1,97
1747047843.2683637,-43,11,9
1747047843.3043633,-11,-14,-46
1747047843.3403633,-21,23,0
1747047843.375363,-54,-67,81
1747047843.4113634,-29,17,-4
1747047843.4463634,-129,43,-72
1747047843.4813633,-20,109,23
1747047843.5163634,5,-8,81
1747047843.5523634,55,0,43
1747047843.5883634,14,-52,59
1747047843.6233633,80,-6,129
1747047843.6593633,9,-34,-36
1747047843.6943634,21,-40,33
1747047843.7293634,29,-6,127
1747047843.7643633,-50,-16,-86
1747047843.8003633,11,119,-18
1747047843.8363633,31,-18,17
1747047843.8713634,55,-50,-58
1747047843.9073634,-14,113,51
1747047843.9423633,23,-9,41
1747047843.977363,6,0,51
1747047844.0123634,-12,-88,11
1747047844.0483634,-84,9,-102
1747047844.0843637,-34,-12,97
1747047844.1193633,-98,-12,109
1747047844.155363,72,-64,39
1747047844.1903634,62,-46,-58
1747047844.2253633,0,-22,65
1747047844.260363,39,-25,89
1747047844.2963634,-36,30,-36
1747047844.3323634,-8,34,-34
1747047844.3673637,27,-19,29
1747047844.4033637,-84,-11,-14
1747047844.4383633,-24,10,69
1747047844.4733634,25,46,51
1747047844.5083632,-8,-73,23
1747047844.5443633,29,-27,-54
1747047844.5803633,-2,-13,-64
1747047844.6153634,-36,40,53
1747047844.6513634,17,32,161
1747047844.6863637,-7,0,1
1747047844.7213633,46,-3,39
1747047844.7563634,-57,-2,-30
1747047844.7923634,-24,-33,89
1747047844.8283634,-34,-39,-32
1747047844.8633633,-66,-21,9
1747047844.8993633,33,-1,11
1747047844.9343634,-76,-56,11
1747047844.9693637,40,-18,-16
1747047845.0043633,-16,59,-12
1747047845.0403633,-54,-8,25
1747047845.076363,-10,-46,133
1747047845.1113634,-22,67,-82
1747047845.1473634,37,33,-18
1747047845.1823633,59,19,-124
1747047845.2173634,-4,-42,-74
1747047845.2523634,29,0,5
1747047845.2883637,-44,-38,-2
1747047845.3243637,55,49,53
1747047845.3593633,3,29,-16
1747047845.395363,-30,-36,-30
1747047845.4303634,119,42,-24
1747047845.4653633,-56,8,-50
1747047845.500363,19,58,139
1747047845.5363634,-48,-24,103
1747047845.5723634,-42,21,27
1747047845.6073637,0,-160,-26
1747047845.6433637,39,51,-56
1747047845.678363,-2,-47,-76
1747047845.7133634,-42,-4,69
1747047845.7493634,5,21,35
1747047845.7843633,-10,77,57
1747047845.8203633,3,23,49
1747047845.8553634,48,22,141
1747047845.8913634,0,95,55
1747047845.9263637,21,69,0
1747047845.9613633,-52,-54,-34
1747047845.997363,14,-9,-98
1747047846.0323634,10,-31,21
1747047846.0683634,-44,35,37
1747047846.1033633,-32,75,3
1747047846.1393633,31,-20,33
1747047846.1743634,2,-22,-40
1747047846.2093637,40,27,-126
1747047846.2453637,-27,-22,15
1747047846.280363,-51,26,143
1747047846.316363,-73,-20,53
1747047846.3513634,-37,-17,-60
1747047846.3873634,8,-95,19
1747047846.4223633,-27,-21,35
1747047846.4573634,-71,56,57
1747047846.4933634,-71,35,-32
1747047846.5283637,-3,58,29
1747047846.5643632,42,36,49
1747047846.599363,-97,-46,77
1747047846.635363,78,-48,-118
1747047846.6703634,18,-32,57
1747047846.7053633,-87,5,-72
1747047846.7413633,36,-30,-34
1747047846.7763634,34,17,-96
1747047846.8123634,-45,-10,-78
1747047846.8473637,16,-84,37
1747047846.8833632,-38,18,-56
1747047846.918363,-69,-36,-44
1747047846.9533634,-12,-13,39
1747047846.9893634,49,-43,15
1747047847.0243633,-2,16,-106
1747047847.0603633,-20,12,91
1747047847.0953634,-31,-18,89
1747047847.1313634,52,-48,-20
1747047847.1673634,-3,25,-114
1747047847.2023633,64,-20,3
1747047847.237363,56,-16,-6
1747047847.2733634,54,-88,0
1747047847.3093634,-3,-82,57
1747047847.3443637,106,-63,89
1747047847.3803637,-63,-21,25
1747047847.4153633,-3,34,-22
1747047847.4503634,-46,51,-26
1747047847.4853632,-74,-6,-52
1747047847.5213633,-84,-14,43
1747047847.5573633,9,-30,57
1747047847.5923634,-7,44,39
1747047847.6283634,-21,-1,47
1747047847.6633637,34,-29,11
1747047847.6983633,-27,-81,107
1747047847.7333634,60,12,13
1747047847.7693634,47,10,125
1747047847.8053634,35,-7,-96
1747047847.8403633,24,52,71
1747047847.8763633,142,-1,-72
1747047847.9113634,95,-15,67
1747047847.9463634,3,-55,9
1747047847.9813633,47,-43,135
1747047848.0173633,24,-3,53
1747047848.053363,88,-11,61
1747047848.0883634,-87,-31,23
1747047848.1243634,-59,26,-40
1747047848.1593633,-19,16,-30
1747047848.1943634,1,-33,-136
1747047848.2293634,-19,27,37
1747047848.2653637,-45,-4,-34
1747047848.3013637,44,-68,173
1747047848.3363633,-27,-14,23
1747047848.372363,3,12,125
1747047848.4073634,50,-18,169
1747047848.4423633,39,30,13
1747047848.477363,-62,-11,27
1747047848.5133634,-54,6,-128
1747047848.5493634,-71,-36,-10
1747047848.5843637,-53,29,63
1747047848.6203637,58,18,59
1747047848.655363,-19,-29,39
1747047848.6903634,76,-37,1
1747047848.7253633,-22,19,19
1747047848.7613633,-100,-14,-10
1747047848.7973633,6,30,-72
1747047848.8323634,-39,-61,19
1747047848.8683634,-75,-29,127
1747047848.9033637,-37,-13,-36
1747047848.9383633,55,22,31
1747047848.9733634,42,-39,-40
1747047849.0093634,-71,-17,-92
1747047849.0453634,90,-37,-66
1747047849.0803633,12,0,-80
1747047849.1163633,-59,-35,105
1747047849.1513634,6,42,27
1747047849.1863637,-47,-25,-34
1747047849.2213633,60,20,31
1747047849.257363,-23,-29,21
1747047849.293363,-97,-37,-32
1747047849.3283634,-1,-17,23
1747047849.3643634,-50,8,-26
1747047849.3993633,5,-17,41
1747047849.4343634,-19,-55,129
1747047849.4693637,9,8,17
1747047849.5053637,41,54,-36
1747047849.5413637,82,4,91
1747047849.576363,34,6,55
1747047849.612363,-24,-24,11
1747047849.6473634,5,-52,115
1747047849.6823633,34,13,-8
1747047849.7173634,-11,-24,75
1747047849.7533634,-9,-17,-110
1747047849.7893634,-57,65,75
1747047849.8243637,56,-60,21
1747047849.8603632,57,21,-64
1747047849.895363,-29,-33,39
1747047849.9303634,14,-45,125
1747047849.9653633,33,-14,-112
1747047850.0013633,9,-70,93
1747047850.0373633,8,-7,-8
1747047850.0723634,15,37,-4
1747047850.1083634,-24,-20,-30
1747047850.1433637,18,-17,-60
1747047850.178363,10,22,-14
1747047850.214363,48,-31,21
1747047850.2493634,-33,-33,-2
1747047850.2853634,73,-32,-98
1747047850.3203633,-37,-57,-8
1747047850.3563633,-29,-27,111
1747047850.3983634,-17,-126,23
1747047850.4343634,20,-7,-150
1747047850.4703634,16,2,21
1747047850.5053637,32,14,-90
1747047850.5413637,-48,-27,-64
1747047850.576363,25,-13,-20
1747047850.612363,75,-29,59
1747047850.6473634,-44,-31,9
1747047850.6823633,-10,50,55
1747047850.7183633,-48,-39,-102
1747047850.7533634,61,20,149
1747047850.7893634,-18,-11,83
1747047850.8243637,35,46,47
1747047850.8603632,-84,9,1
1747047850.895363,-2,-101,-4
1747047850.9303634,29,-35,85
1747047850.9663634,-8,18,-46
1747047851.0013633,-34,-7,-38
1747047851.0373633,-4,4,-76
1747047851.0723634,50,2,9
1747047851.1083634,76,-43,99
1747047851.1433637,-112,-26,37
1747047851.178363,-34,8,1
1747047851.214363,-78,-81,15
1747047851.2493634,45,-43,57
1747047851.2853634,3,2,-106
1747047851.3203633,17,0,-22
1747047851.3563633,99,-55,-46
1747047851.3913634,-82,30,-94
1747047851.4263637,0,-35,35
1747047851.4623632,11,-25,173
1747047851.497363,-18,22,61
1747047851.533363,-13,20,-32
1747047851.5683634,-30,-21,-50
1747047851.6043634,-42,-15,1
1747047851.6393633,53,-37,37
1747047851.6743634,-18,-27,-70
1747047851.7103634,-40,22,119
1747047851.7453637,-102,22,63
1747047851.7813632,18,-26,9
1747047851.816363,13,4,0
1747047851.852363,20,-2,25
1747047851.8883634,-3,29,-70
1747047851.9233634,-37,25,1
1747047851.9583633,-12,50,131
1747047851.9943633,-72,9,73
1747047852.030363,19,37,-76
1747047852.0653634,5,23,-4
1747047852.1013634,-78,-12,11
1747047852.1363633,-44,1,-100
1747047852.1713634,-92,-32,29
1747047852.2063634,75,67,-8
1747047852.2423637,85,61,1
1747047852.2783637,61,-6,-32
1747047852.3133633,29,-63,-10
1747047852.349363,-50,38,-96
1747047852.3843634,36,75,49
1747047852.4193633,-29,35,23
1747047852.454363,74,25,153
1747047852.4903634,5,31,-32
1747047852.5263634,1,-28,43
1747047852.5613637,65,-8,121
1747047852.5973637,39,93,-80
1747047852.632363,-16,-62,35
1747047852.6673634,-30,21,-120
1747047852.7023633,11,-22,19
1747047852.7383633,-30,-7,109
1747047852.7743633,-52,43,-160
1747047852.8093634,-34,-17,-100
1747047852.8453634,1,42,-8
1747047852.8803637,-8,18,41
1747047852.9153633,-55,114,-144
1747047852.9503634,-11,-49,-78
1747047852.9863634,-17,-31,29
1747047853.0223634,39,36,-104
1747047853.0573633,29,20,27
1747047853.0933633,31,-57,0
1747047853.1283634,-58,-51,77
1747047853.1633637,-8,-29,45
1747047853.1983633,87,-83,57
1747047853.2343633,13,50,89
1747047853.270363,-35,-26,-14
1747047853.3053634,28,-66,85
1747047853.3413634,81,-52,91
1747047853.3763633,25,-68,-16
1747047853.4113634,-65,-45,87
1747047853.4463634,-6,0,-6
1747047853.4823637,13,47,25
1747047853.5183637,-56,-10,83
1747047853.553363,-30,99,103
1747047853.589363,-34,14,37
1747047853.6243634,-84,56,93
1747047853.6593633,-32,-75,59
1747047853.6943634,49,26,17
1747047853.7303634,2,9,-58
1747047853.7663634,-5,36,-28
1747047853.8013637,-37,-25,63
1747047853.8373632,-51,16,-54
1747047853.872363,62,1,3
1747047853.9073634,64,23,-70
1747047853.9423633,-3,-38,-92
1747047853.9783633,28,27,47
1747047854.0143633,-13,9,-18
1747047854.0493634,-28,-1,181
1747047854.0853634,-64,28,-80
1747047854.1203637,31,-14,-10
1747047854.155363,-24,-33,-30
1747047854.1903634,57,10,-20
1747047854.2263634,36,-114,15
1747047854.2623634,-45,35,137
1747047854.2973633,-7,29,-14
1747047854.3333633,-15,1,-110
1747047854.3683634,16,5,79
1747047854.405363,-9,-38,-28
1747047854.4403634,20,-20,109
1747047854.4753633,128,56,-8
1747047854.510363,-13,-34,91
1747047854.5463634,110,-45,57
1747047854.5823634,98,-44,-84
1747047854.6173637,46,42,-48
1747047854.6533637,22,22,31
1747047854.6883633,4,22,-86
1747047854.7233634,-9,-46,-26
1747047854.7593634,-21,27,0
1747047854.7943633,62,79,-98
1747047854.8303633,18,-12,-20
1747047854.8653634,30,0,53
1747047854.9013634,32,-31,-34
1747047854.9363637,44,36,-58
1747047854.9713633,-3,6,-20
1747047855.007363,-7,-3,-6
1747047855.0423634,20,12,77
1747047855.0783634,-5,32,-68
1747047855.1133633,-9,-5,39
1747047855.1493633,20,-17,-66
1747047855.1843634,-11,-37,-4
1747047855.2193637,22,-38,149
1747047855.2553637,59,-35,93
1747047855.2903633,-41,-64,-60
1747047855.326363,-20,-5,99
1747047855.3613634,6,13,59
1747047855.3973634,28,41,3
1747047855.4323633,-102,4,171
1747047855.4673634,-11,-45,0
1747047855.5033634,48,-28,73
1747047855.5383637,-8,46,25
1747047855.5743637,14,-12,-6
1747047855.6093633,16,9,61
1747047855.645363,-43,35,27
1747047855.6803634,-20,-21,85
1747047855.7153633,-47,-50,15
1747047855.7513633,101,10,-62
1747047855.7863634,-40,12,-36
1747047855.8223634,-70,18,-76
1747047855.8573637,-129,5,-68
1747047855.8933637,-31,-16,3
1747047855.928363,53,-15,-4
1747047855.9633634,46,26,-22
1747047855.9993634,6,-17,121
1747047856.0343633,22,-3,-74
1747047856.0703633,60,14,73
1747047856.1053634,-27,-37,17
1747047856.1413634,10,2,-98
1747047856.1763637,-58,36,67
1747047856.2113633,-3,-51,-40
1747047856.247363,48,-49,-50
1747047856.2823634,-21,6,-88
1747047856.3183634,-77,16,23
1747047856.3533633,-3,-35,31
1747047856.3893633,-37,100,3
1747047856.4243634,-21,28,-52
1747047856.4593637,24,38,-58
1747047856.4953637,34,10,91
1747047856.530363,-31,-7,-100
1747047856.566363,-21,-21,103
1747047856.6013634,50,50,-16
1747047856.6363633,-36,5,55
1747047856.6713634,-64,22,87
1747047856.7073634,85,-23,-34
1747047856.7433634,36,-47,-88
1747047856.7783637,-34,-74,9
1747047856.8143632,-93,30,-42
1747047856.849363,46,0,73
1747047856.8843634,106,36,-34
1747047856.9193633,24,20,1
1747047856.9553633,-25,-4,101
1747047856.9913633,-5,80,-32
1747047857.0263634,-27,-37,141
1747047857.0623634,-11,-39,-76
1747047857.0973637,52,-57,29
1747047857.132363,-17,-21,-150
1747047857.1673634,38,54,5
1747047857.2033634,-19,-5,-54
1747047857.2393634,18,-65,119
1747047857.2743633,28,-3,-62
1747047857.3103633,60,-15,113
1747047857.3453634,34,15,-20
1747047857.3803637,-26,34,17
1747047857.4153633,-10,-14,3
1747047857.451363,3,-28,-12
1747047857.487363,-1,-20,195
1747047857.5223634,10,-64,125
1747047857.5583634,-95,11,111
1747047857.5933633,-1,33,-28
1747047857.6283634,105,-30,-148
1747047857.6633637,-33,-46,73
1747047857.6993637,20,33,19
1747047857.7353632,4,-48,77
1747047857.770363,32,-34,-38
1747047857.806363,-57,32,35
1747047857.8413634,-21,-29,-38
1747047857.8763633,-29,-61,-8
1747047857.9113634,68,-5,7
1747047857.9473634,42,-11,-30
1747047857.9833634,0,-43,-6
1747047858.0183637,73,-8,-12
1747047858.0543633,-60,79,41
1747047858.089363,82,-1,-56
1747047858.1243634,39,17,117
1747047858.1593633,3,-41,51
1747047858.1953633,-8,39,115
1747047858.2313633,-62,6,35
1747047858.2663634,-12,0,57
1747047858.3023634,-28,-21,-86
1747047858.3373632,57,-6,13
1747047858.372363,19,-23,69
1747047858.4073634,-2,-31,-32
1747047858.4433634,27,-47,99
1747047858.4793634,15,12,27
1747047858.5143633,-59,-28,-26
1747047858.5503633,-10,-11,-66
1747047858.5853634,57,-23,27
1747047858.6203637,-61,13,-50
1747047858.655363,-47,-24,-24
1747047858.691363,14,11,-10
1747047858.727363,47,-52,107
1747047858.7623634,-40,-34,-130
1747047858.7983634,-16,-14,-64
1747047858.8333633,1,26,103
1747047858.8683634,-78,56,-42
1747047858.9033637,13,-49,-118
1747047858.9393632,39,38,-52
1747047858.9753633,-103,-40,111
1747047859.010363,-126,8,17
1747047859.0463634,6,-82,7
1747047859.0813634,-26,9,-14
1747047859.1163633,-15,19,93
1747047859.1513634,57,-30,37
1747047859.1873634,-6,-32,199
1747047859.2233634,9,13,37
1747047859.2583632,37,-26,-12
1747047859.2943633,32,-48,-74
1747047859.329363,51,-76,-4
1747047859.3643634,42,30,-92
1747047859.3993633,-62,-98,-58
1747047859.4353633,65,63,-2
1747047859.4713633,49,5,197
1747047859.5063634,59,-4,119
1747047859.5423634,25,-38,-134
1747047859.5773633,-52,51,-32
1747047859.612363,-10,-26,57
1747047859.6483634,19,71,-34
1747047859.6833634,77,5,-72
1747047859.7193637,-64,-14,-86
1747047859.7543633,71,-4,-32
1747047859.7903633,-52,29,-4
1747047859.8253634,-49,27,75
1747047859.8603632,0,-14,55
1747047859.8963633,-67,43,-70
1747047859.931363,-25,-60,-8
1747047859.9673634,-33,83,-14
1747047860.0023634,53,-6,-64
1747047860.0383637,-66,71,43
1747047860.0733633,43,-20,-12
1747047860.1083634,81,-36,-60
1747047860.1443634,73,-70,35
1747047860.1793633,47,-32,37
1747047860.2153633,11,19,1
1747047860.250363,-2,-76,33
1747047860.2863634,-110,47,-30
1747047860.3213634,70,12,0
1747047860.3563633,30,-59,75
1747047860.3923633,-39,-21,-10
1747047860.4343634,-27,-49,-46
1747047860.4713633,27,-55,-16
1747047860.5063634,26,-55,-50
1747047860.5423634,31,9,23
1747047860.5773633,-16,9,-162
1747047860.612363,7,-60,115
1747047860.6483634,-6,8,-38
1747047860.6833634,62,-70,-42
1747047860.7193637,15,-10,47
1747047860.7543633,0,3,3
1747047860.7903633,-17,5,101
1747047860.8253634,3,13,-84
1747047860.8603632,-32,1,-96
1747047860.8963633,25,-24,-140
1747047860.931363,-21,76,37
1747047860.9673634,33,-16,63
1747047861.0023634,53,-68,47
1747047861.0383637,57,72,11
1747047861.0733633,-52,48,43
1747047861.1083634,5,-75,21
1747047861.1443634,101,46,17
1747047861.1793633,-4,71,107
1747047861.2153633,-6,48,29
1747047861.250363,5,-51,-44
1747047861.2853634,-28,-48,81
1747047861.3203633,-53,-2,133
1747047861.3563633,18,-38,-32
1747047861.3923633,54,-58,1
1747047861.4273634,38,-12,33
1747047861.4633634,-7,-8,-38
1747047861.4983633,24,3,21
1747047861.533363,-21,33,-68
1747047861.5683634,56,5,-76
1747047861.6043634,58,-26,-154
1747047861.6403637,41,29,67
1747047861.6753633,-12,-111,-12
1747047861.7113633,25,-15,1
1747047861.7463634,-20,2,-36
1747047861.7813632,57,2,119
1747047861.816363,-50,-53,-20
1747047861.852363,0,0,57
1747047861.8883634,77,-19,53
1747047861.9233634,-26,10,31
1747047861.9593637,56,8,-70
1747047861.9943633,70,-13,69
1747047862.0293634,1,1,95
1747047862.0643632,-56,7,39
1747047862.1003633,46,14,-114
1747047862.1363633,-7,12,17
1747047862.1713634,-8,-16,85
1747047862.2073634,39,51,89
1747047862.2423637,43,-84,55
1747047862.2773633,52,-25,217
1747047862.3123634,32,-81,11
1747047862.3483634,-45,-99,-12
1747047862.3843634,17,28,89
1747047862.4193633,-42,32,21
1747047862.4553633,25,-28,-8
1747047862.4903634,15,-68,39
1747047862.5253634,45,-10,77
1747047862.5603633,-4,-58,87
1747047862.5963633,3,105,75
1747047862.632363,49,-118,53
1747047862.6673634,-12,41,43
1747047862.7033634,3,-20,-12
1747047862.7383633,30,24,-24
1747047862.7733634,34,-73,-36
1747047862.8083634,-31,28,1
1747047862.8443637,-57,10,25
1747047862.8803637,17,-62,75
1747047862.9153633,-58,-2,3
1747047862.951363,-126,1,5
1747047862.9863634,7,-3,57
1747047863.0213633,11,64,-10
1747047863.056363,77,29,39
1747047863.0923634,37,1,101
1747047863.1283634,-74,-10,205
1747047863.1633637,-68,35,3
1747047863.1993637,-39,62,-96
1747047863.2343633,25,-38,-64
1747047863.2693634,-35,112,-54
1747047863.3043633,45,-6,33
1747047863.3403633,60,28,5
1747047863.3763633,7,-12,91
1747047863.4113634,33,-64,1
1747047863.4473634,-10,-38,109
1747047863.4823637,-60,-27,-20
1747047863.5173633,-20,-67,-20
1747047863.5523634,-14,46,-8
1747047863.5883634,-11,89,-28
1747047863.6243634,-33,45,-50
1747047863.6593633,-29,13,-134
1747047863.6953633,94,27,9
1747047863.7303634,29,-11,-70
1747047863.7653637,35,18,-2
1747047863.8003633,23,-39,39
1747047863.8363633,-68,42,61
1747047863.872363,73,22,77
1747047863.9073634,37,-49,73
1747047863.9433634,-22,-17,-12
1747047863.9783633,37,-41,-60
1747047864.0133634,-81,-7,-50
1747047864.0483634,7,-8,81
1747047864.0843637,-12,11,-26
1747047864.1203637,49,0,-58
1747047864.155363,25,14,3
1747047864.191363,5,36,91
1747047864.2263634,-48,-69,-58
1747047864.2613633,27,-21,67
1747047864.2973633,11,-35,117
1747047864.3323634,-36,-41,127
1747047864.3683634,69,-13,155
1747047864.4033637,-75,39,87
1747047864.4393632,-5,35,19
1747047864.474363,100,0,-70
1747047864.5093634,13,35,-10
1747047864.5453634,-24,-52,-8
1747047864.5803633,16,77,47
1747047864.6163633,30,-20,37
1747047864.6513634,67,55,27
1747047864.6873634,-32,-20,59
1747047864.7223637,-58,1,35
1747047864.757363,83,-31,-92
1747047864.793363,-74,24,51
1747047864.8283634,-9,27,29
1747047864.8643634,-46,-11,21
1747047864.8993633,-14,-53,113
1747047864.9353633,-14,46,33
1747047864.9703634,26,27,-18
1747047865.0053637,23,-13,-20
1747047865.0413637,42,11,33
1747047865.076363,-8,-35,77
1747047865.112363,-2,-13,-50
1747047865.1473634,1,-75,123
1747047865.1833634,19,84,13
1747047865.2183633,-56,-31,-16
1747047865.2533634,15,-12,9
1747047865.2893634,-21,-20,89
1747047865.3243637,-9,-6,-46
1747047865.3603632,-3,0,-8
1747047865.395363,156,57,1
1747047865.431363,98,31,103
1747047865.4663634,18,-4,119
1747047865.5013633,78,-18,83
1747047865.5373633,42,-8,-18
1747047865.5723634,26,41,41
1747047865.6083634,6,55,-26
1747047865.6433637,64,45,-152
1747047865.6793633,20,39,-74
1747047865.714363,20,-20,-84
1747047865.7493634,6,-30,-38
1747047865.7853634,-3,-30,-40
1747047865.8203633,-2,9,-162
1747047865.8563633,59,21,9
1747047865.8913634,-42,19,-72
1747047865.9263637,-15,57,-52
1747047865.9613633,8,61,33
1747047865.997363,-33,-26,19
1747047866.033363,88,81,75
1747047866.0683634,83,-24,97
1747047866.1043634,-10,31,-34
1747047866.1393633,-44,-78,49
1747047866.1743634,-22,11,1
1747047866.2093637,-34,-18,-98
1747047866.2453637,-76,-10,187
1747047866.2813632,-8,3,75
1747047866.316363,65,-4,-6
1747047866.352363,15,-54,111
1747047866.3873634,43,13,-34
1747047866.4223633,-27,44,-78
1747047866.4573634,70,-2,-16
1747047866.4933634,-49,61,3
1747047866.5293634,-57,9,101
1747047866.5643632,-57,-24,-54
1747047866.6003633,-17,-28,-78
1747047866.635363,72,37,-30
1747047866.6703634,28,17,-6
1747047866.7053633,26,19,-48
1747047866.7413633,-13,-94,-52
1747047866.7773633,-9,-52,0
1747047866.8123634,72,21,-22
1747047866.8483634,58,-28,1
1747047866.8833632,-1,-40,59
1747047866.918363,-1,1,93
1747047866.9533634,2,0,125
1747047866.9893634,2,-44,45
1747047867.0253634,72,-40,11
1747047867.0603633,-17,9,-84
1747047867.0963633,10,-50,123
1747047867.1313634,-37,-12,87
1747047867.1663637,-75,-48,95
1747047867.201363,-47,33,23
1747047867.237363,52,11,-40
1747047867.2733634,26,73,55
1747047867.3083634,34,68,-8
1747047867.3443637,6,-40,41
1747047867.3793633,78,-10,41
1747047867.4143634,-13,-10,39
1747047867.4493637,34,17,-32
1747047867.4853632,-61,27,35
1747047867.5213633,0,69,-28
1747047867.556363,48,-10,31
1747047867.5923634,-15,20,-2
1747047867.6273634,69,13,29
1747047867.6623633,27,-40,-52
1747047867.6973634,81,3,-8
1747047867.7333634,-82,19,-14
1747047867.7693634,73,23,-50
1747047867.8043633,-39,68,63
1747047867.8403633,23,-52,33
1747047867.875363,36,-11,21
1747047867.9103634,-29,28,-54
1747047867.9453633,-25,-65,89
1747047867.9813633,68,-17,21
1747047868.0173633,9,-20,-4
1747047868.0523634,-10,-18,-48
1747047868.0883634,-14,-26,63
1747047868.1233633,17,0,21
1747047868.158363,101,-12,21
1747047868.1933634,15,-20,-50
1747047868.2293634,-59,-27,105
1747047868.2653637,1,-20,85
1747047868.3003633,-32,49,-122
1747047868.3363633,-44,-80,7
1747047868.3713634,41,25,105
1747047868.4063632,10,-20,-80
1747047868.441363,14,-82,15
1747047868.477363,-5,-8,65
1747047868.5133634,67,-12,27
1747047868.5483634,40,25,5
1747047868.5843637,-49,29,-24
1747047868.6193633,-108,-62,23
1747047868.6543634,-26,-6,15
1747047868.6893632,32,93,-84
1747047868.7253633,44,-26,109
1747047868.7613633,16,9,-38
1747047868.7963634,116,5,-52
1747047868.8323634,44,-84,-14
1747047868.8673637,-3,-10,61
1747047868.9023633,-17,-17,-38
1747047868.9383633,14,20,83
1747047868.9733634,4,8,111
1747047869.0093634,14,-29,-28
1747047869.0443633,55,27,0
1747047869.0803633,-63,-39,-18
1747047869.1153634,32,6,-2
1747047869.1503634,90,40,-6
1747047869.1863637,-80,-2,17
1747047869.2213633,9,-66,43
1747047869.257363,99,-60,157
1747047869.2923634,67,101,53
1747047869.3283634,-25,-26,-52
1747047869.3633633,1,-28,-174
1747047869.3983634,20,0,-28
1747047869.4343634,86,20,77
1747047869.4693637,24,0,-88
1747047869.5053637,-7,-53,-50
1747047869.5403633,-47,-7,-20
1747047869.576363,20,17,53
1747047869.6113634,-13,-58,67
1747047869.6463633,56,11,-12
1747047869.6823633,78,-44,-68
1747047869.7173634,-2,-33,-48
1747047869.7533634,17,62,61
1747047869.7883637,59,-13,-8
1747047869.8243637,-58,-51,33
1747047869.8593633,-7,3,69
1747047869.8943634,-21,49,91
1747047869.9303634,-47,15,-10
1747047869.9653633,64,17,-48
1747047870.0013633,-32,12,-66
1747047870.0363634,-13,-34,-22
1747047870.0723634,-25,-60,37
1747047870.1073637,14,-2,-88
1747047870.1423633,-31,-4,101
1747047870.178363,-12,10,-24
1747047870.2133634,-43,25,49
1747047870.2493634,-34,-65,-30
1747047870.2843633,-22,28,-28
1747047870.3203633,73,20,-40
1747047870.3553634,-6,68,85
1747047870.3903637,13,-19,55
1747047870.4263637,-26,-11,29
1747047870.4683633,9,30,-46
1747047870.5053637,5,82,-2
1747047870.5403633,-26,8,47
1747047870.5753634,-48,-7,-10
1747047870.6103632,10,41,-34
1747047870.6463633,37,56,189
1747047870.6823633,47,-7,0
1747047870.7173634,-74,-25,91
1747047870.7533634,19,18,73
1747047870.7883637,-32,36,-18
1747047870.8233633,69,-45,-56
1747047870.8583634,45,28,-90
1747047870.8943634,31,-32,-34
1747047870.9303634,-15,98,33
1747047870.9653633,-55,18,91
1747047871.0013633,-63,-49,-80
1747047871.0363634,55,-104,-64
1747047871.0713634,-17,-7,123
1747047871.1063633,-21,6,95
1747047871.1423633,87,7,-10
1747047871.178363,-41,13,25
1747047871.2133634,-89,-14,-44
1747047871.2493634,-72,75,-8
1747047871.2843633,-74,-16,51
1747047871.3193634,15,-26,69
1747047871.3543634,3,-52,-4
1747047871.3903637,-62,23,137
1747047871.4263637,13,31,65
1747047871.4613633,9,-14,79
1747047871.497363,19,5,83
1747047871.5323634,-46,-34,41
1747047871.5673633,-32,-44,-36
1747047871.602363,29,-66,-64
1747047871.6383634,-30,-4,101
1747047871.6743634,15,49,-78
1747047871.7093637,-44,-14,17
1747047871.7453637,9,-20,55
1747047871.780363,11,-16,-2
1747047871.8153634,11,23,19
1747047871.8503633,-38,-50,173
1747047871.8863633,41,25,-86
1747047871.9223633,25,1,55
1747047871.9573634,-20,30,-76
1747047871.9933634,-34,-26,-32
1747047872.0283637,21,9,51
1747047872.0633633,49,-11,-52
1747047872.0983634,-22,-73,19
1747047872.1343634,30,-74,-86
1747047872.1703634,22,-36,-106
1747047872.2053633,48,-16,-8
1747047872.2413633,23,16,61
1747047872.2763634,-24,-3,75
1747047872.3113637,-36,58,15
1747047872.3463633,-8,60,23
1747047872.382363,4,-19,43
1747047872.418363,-31,-23,141
1747047872.4533634,-18,-6,71
1747047872.4893634,31,62,73
1747047872.5243633,-22,13,43
1747047872.5593634,9,-5,9
1747047872.5943637,28,-7,69
1747047872.6303637,-7,-67,53
1747047872.6663637,-48,-6,123
1747047872.701363,-8,-40,51
1747047872.737363,41,-16,29
1747047872.7723634,27,17,39
1747047872.8073633,-4,-3,-22
1747047872.8423634,1,60,135
1747047872.8783634,3,-75,-48
1747047872.9143634,-11,-50,17
1747047872.9493637,-4,32,-58
1747047872.9853632,-36,36,55
1747047873.020363,85,40,61
1747047873.0553634,-18,47,-150
1747047873.0903633,71,12,129
1747047873.1263633,-26,-34,39
1747047873.1623633,41,0,-16
1747047873.1973634,51,11,51
1747047873.2333634,25,-6,-96
1747047873.2683637,-36,-16,59
1747047873.303363,-28,-8,79
1747047873.3383634,-30,19,-14
1747047873.3743634,12,10,29
1747047873.4103634,-61,16,-4
1747047873.4453633,-10,-41,11
1747047873.4813633,103,38,-16
1747047873.5163634,17,0,-28
1747047873.5513637,43,3,-30
1747047873.5873632,5,-28,13
1747047873.622363,21,-10,89
1747047873.658363,-100,-2,67
1747047873.6933634,116,-80,123
1747047873.7293634,84,-13,23
1747047873.7643633,11,-14,-60
1747047873.7993634,61,15,-108
1747047873.8353634,11,-69,-144
1747047873.8703637,-42,-18,49
1747047873.9063632,-44,41,155
1747047873.941363,-63,-26,41
1747047873.977363,-70,2,69
1747047874.0123634,-82,66,3
1747047874.0473633,-8,-51,-56
1747047874.0833633,51,-29,-36
1747047874.1183634,26,-91,3
1747047874.1543634,-36,46,-20
1747047874.1893632,23,8,1
1747047874.2253633,-25,-53,-2
1747047874.260363,59,-75,111
1747047874.2953634,68,102,-20
1747047874.3313634,12,44,1
1747047874.3663633,25,-1,95
1747047874.4023633,-78,62,-44
1747047874.4373634,-3,-41,-8
1747047874.4733634,-24,-9,-52
1747047874.5083632,-47,84,57
1747047874.543363,14,8,-36
1747047874.579363,43,-26,65
1747047874.6143634,117,-10,61
1747047874.6503634,19,6,29
1747047874.6853633,-22,-15,13
1747047874.7213633,-56,39,-116
1747047874.7563634,111,17,39
1747047874.7913637,-60,-16,29
1747047874.8273633,37,0,77
1747047874.862363,71,-54,-86
1747047874.8983634,-22,-48,5
1747047874.9333634,31,51,47
1747047874.9693637,-6,5,31
1747047875.0043633,3,-34,-22
1747047875.0393634,-40,5,-52
1747047875.0753634,-61,-76,-8
1747047875.1103632,-75,-10,83
1747047875.1463633,-73,61,-64
1747047875.181363,30,81,127
1747047875.2173634,37,37,-50
1747047875.2533634,25,-34,-16
1747047875.2883637,38,26,-6
1747047875.3233633,-24,-50,39
1747047875.3593633,-16,85,-44
1747047875.395363,-12,31,85
1747047875.4303634,1,-40,-10
1747047875.4663634,47,21,21
1747047875.5013633,-82,-2,-14
1747047875.5363634,21,5,53
1747047875.5713634,-24,-34,-58
1747047875.6073637,-72,-59,-8
1747047875.6433637,21,-48,55
1747047875.678363,-61,6,87
1747047875.714363,8,20,83
1747047875.7493634,2,-29,-40
1747047875.7843633,6,-17,1
1747047875.8193634,-45,-27,19
1747047875.8553634,66,4,-24
1747047875.8913634,-55,-39,51
1747047875.9263637,33,-3,-180
1747047875.9623632,34,21,33
1747047875.997363,31,-69,0
1747047876.0323634,25,40,23
1747047876.0673633,-77,-28,-2
1747047876.1033633,-3,43,99
1747047876.1393633,1,60,11
1747047876.1743634,-36,52,109
1747047876.2103634,-24,-5,-8
1747047876.2453637,125,28,-26
1747047876.280363,1,22,11
1747047876.3153634,-20,-27,-80
1747047876.3513634,58,34,85
1747047876.3873634,-45,-3,59
1747047876.4223633,-13,0,71
1747047876.4583633,-10,-43,-40
1747047876.4933634,101,32,-60
1747047876.5283637,-32,62,43
1747047876.5633633,85,-7,-38
1747047876.599363,9,-35,25
1747047876.635363,57,-68,-34
1747047876.6703634,47,-64,65
1747047876.7063634,-24,23,-138
1747047876.7413633,27,-34,-16
1747047876.7763634,-1,-69,-80
1747047876.8113637,-33,6,35
1747047876.8473637,-77,6,31
1747047876.8833632,64,48,-6
1747047876.918363,-9,48,53
1747047876.954363,0,-5,-24
1747047876.9893634,-130,-66,41
1747047877.0243633,13,5,35
1747047877.0593634,21,-134,61
1747047877.0953634,9,-54,-62
1747047877.1313634,-42,-58,67
1747047877.1663637,31,31,37
1747047877.2023633,9,21,-26
1747047877.237363,27,0,-14
1747047877.2723634,77,7,-42
1747047877.3073633,-20,37,-12
1747047877.3433633,-10,-99,-50
1747047877.3793633,45,-31,-34
1747047877.4143634,59,-29,63
1747047877.4503634,47,-67,-94
1747047877.4853632,0,-34,-18
1747047877.520363,-104,-24,-18
1747047877.5553634,-114,15,9
1747047877.5913634,-47,34,-20
1747047877.6273634,12,8,49
1747047877.6623633,-62,-42,3
1747047877.6983633,-34,-4,-24
1747047877.7333634,8,-23,137
1747047877.7683637,31,-20,75
1747047877.803363,-5,-53,125
1747047877.839363,-1,-107,83
1747047877.875363,48,-37,39
1747047877.9103634,-6,-3,3
1747047877.9463634,7,-81,-30
1747047877.9813633,19,-52,31
1747047878.0163634,21,2,-60
1747047878.0513637,-64,-1,67
1747047878.0873632,49,41,-66
1747047878.1233633,-16,-18,87
1747047878.158363,3,-33,81
1747047878.1943634,-50,-13,37
1747047878.2293634,63,-12,63
1747047878.2643633,-40,40,-14
1747047878.3003633,-64,60,-10
1747047878.3353634,0,-61,-26
1747047878.3713634,-7,-7,7
1747047878.4063632,8,58,67
1747047878.4423633,6,34,-4
1747047878.477363,-21,50,-66
1747047878.5123634,-9,-9,-68
1747047878.5483634,33,7,65
1747047878.5833633,61,52,97
1747047878.6193633,1,-63,1
1747047878.6543634,-40,-7,-6
1747047878.6903634,44,64,35
1747047878.7253633,34,-63,-20
1747047878.760363,27,-27,109
1747047878.7963634,16,-19,-14
1747047878.8313634,-81,-43,71
1747047878.8673637,-49,-15,63
1747047878.9023633,1,29,105
1747047878.9383633,-66,23,103
1747047878.9733634,-146,-16,-54
1747047879.0083632,-53,10,-28
1747047879.0443633,-22,-13,-78
1747047879.079363,-32,18,115
1747047879.1153634,41,-41,69
1747047879.1503634,81,-29,-60
1747047879.1863637,-92,-77,49
1747047879.2213633,12,-31,53
1747047879.2563634,-32,-47,-14
1747047879.2923634,-58,24,-10
1747047879.3273633,29,42,-44
1747047879.3633633,-14,26,-12
1747047879.3983634,39,-65,131
1747047879.4343634,-52,38,31
1747047879.4693637,-110,14,5
1747047879.5043633,-30,-57,-80
1747047879.5403633,-44,-29,-144
1747047879.5753634,-34,68,-2
1747047879.6113634,55,-33,165
1747047879.6463633,-56,-56,-60
1747047879.6823633,-33,-53,-84
1747047879.7173634,-54,-44,-98
1747047879.7523634,-3,11,115
1747047879.7883637,14,-38,-58
1747047879.8233633,10,13,129
1747047879.8593633,16,-22,-148
1747047879.8943634,-43,21,3
1747047879.9303634,-19,-30,19
1747047879.9663634,-19,-36,111
1747047880.0013633,44,-34,-32
1747047880.0363634,46,-6,33
1747047880.0723634,-142,-59,13
1747047880.1083634,-22,0,51
1747047880.1433637,-20,2,-24
1747047880.1793633,-40,-19,-30
1747047880.214363,-11,-7,-92
1747047880.2493634,40,-13,37
1747047880.2843633,38,50,-84
1747047880.3203633,4,-5,13
1747047880.3563633,-88,-43,93
1747047880.3913634,15,-59,3
1747047880.4273634,15,46,97
1747047880.4693637,67,-5,27
1747047880.5053637,81,-47,59
1747047880.5403633,-2,-1,-50
1747047880.576363,15,19,59
1747047880.612363,23,-84,55
1747047880.6473634,-44,33,-46
1747047880.6833634,47,25,5
1747047880.7183633,-62,-12,3
1747047880.7533634,25,11,9
1747047880.7883637,90,-50,29
1747047880.8243637,-11,29,-10
1747047880.8603632,26,-32,21
1747047880.895363,67,-30,-82
1747047880.931363,-2,-62,113
1747047880.9663634,-12,1,0
1747047881.0013633,13,-10,37
1747047881.0363634,-58,63,65
1747047881.0723634,1,19,63
1747047881.1083634,-24,11,43
1747047881.1433637,-11,-67,7
1747047881.1793633,-50,51,95
1747047881.214363,66,20,69
1747047881.2493634,-137,12,0
1747047881.2843633,6,-3,-50
1747047881.3203633,2,48,141
1747047881.3563633,28,18,23
1747047881.3913634,-61,-21,-20
1747047881.4273634,-39,28,9
1747047881.4623632,42,36,105
1747047881.497363,-35,-93,17
1747047881.5323634,-43,-7,85
1747047881.5683634,54,68,29
1747047881.6043634,72,-25,1
1747047881.6393633,20,0,-120
1747047881.6753633,-37,-17,55
1747047881.7103634,14,78,7
1747047881.7453637,22,-27,69
1747047881.780363,4,-49,45
1747047881.816363,38,62,15
1747047881.852363,38,-13,15
1747047881.8873634,16,30,75
1747047881.9233634,6,16,-14
1747047881.9583633,44,-27,-26
1747047881.9933634,74,16,29
1747047882.0283637,26,58,-54
1747047882.0643632,-9,74,-76
1747047882.1003633,68,84,-72
1747047882.135363,-29,12,-28
1747047882.1713634,-37,-7,85
1747047882.2063634,12,28,-28
1747047882.2413633,14,-42,3
1747047882.2763634,-25,49,-58
1747047882.3123634,-23,-51,-66
1747047882.3483634,18,60,-100
1747047882.3833632,-39,2,149
1747047882.4193633,-21,-54,-44
1747047882.454363,73,22,3
1747047882.4893634,-4,-11,9
1747047882.5243633,-12,-27,25
1747047882.5603633,39,-5,5
1747047882.5963633,-91,-38,-26
1747047882.6313634,92,-6,83
1747047882.6673634,-39,23,43
1747047882.7023633,46,23,51
1747047882.737363,8,-88,11
1747047882.7723634,-31,31,59
1747047882.8083634,-51,-38,27
1747047882.8443637,-9,33,35
1747047882.8793633,-39,0,-60
1747047882.9153633,33,66,19
1747047882.9503634,25,-23,-110
1747047882.9853632,-18,20,-34
1747047883.0213633,-58,-69,147
1747047883.056363,37,-63,0
1747047883.0923634,-15,59,-12
1747047883.1273634,-57,-50,151
1747047883.1633637,49,26,-26
1747047883.1983633,79,41,-82
1747047883.2333634,54,27,-82
1747047883.2693634,10,3,53
1747047883.3043633,54,-16,-128
1747047883.3403633,-13,15,103
1747047883.375363,-29,49,-32
1747047883.4113634,0,-10,71
1747047883.4463634,81,5,-78
1747047883.4813633,63,-32,-30
1747047883.5173633,50,-36,65
1747047883.5523634,-55,-14,-4
1747047883.5883634,26,5,23
1747047883.6233633,27,22,37
1747047883.6593633,62,-15,65
1747047883.6943634,-51,-55,-48
1747047883.7293634,-107,-17,3
1747047883.7653637,-1,-19,3
1747047883.8003633,22,-19,63
1747047883.8363633,-18,-27,-24
1747047883.8713634,-30,22,79
1747047883.9073634,79,-5,-12
1747047883.9423633,-51,-13,119
1747047883.977363,-26,-9,57
1747047884.0133634,0,-43,85
1747047884.0483634,-56,-16,-4
1747047884.0843637,77,-24,1
1747047884.1193633,27,29,-32
1747047884.155363,-42,17,27
1747047884.1903634,-24,-28,11
1747047884.2253633,29,3,47
1747047884.2613633,-7,4,-34
1747047884.2963634,12,33,59
1747047884.3323634,58,25,-22
1747047884.3673637,36,71,-42
1747047884.4033637,-11,-23,-68
1747047884.4383633,36,-35,-88
1747047884.4733634,70,59,61
1747047884.5093634,-11,-19,-46
1747047884.5443633,26,-37,17
1747047884.5803633,12,-21,89
1747047884.6153634,-3,26,35
1747047884.6503634,-19,-27,35
1747047884.6853633,28,-73,11
1747047884.7213633,26,0,-100
1747047884.757363,-19,106,11
1747047884.7923634,44,22,-58
1747047884.8283634,94,-34,-32
1747047884.8633633,18,-25,11
1747047884.8983634,20,-55,-20
1747047884.9333634,4,-29,31
1747047884.9693637,30,8,137
1747047885.0053637,-10,-30,59
1747047885.0403633,19,-30,25
1747047885.076363,-52,-26,-40
1747047885.1113634,21,-30,15
1747047885.1463633,-24,19,197
1747047885.181363,-29,18,57
1747047885.2173634,88,-41,-80
1747047885.2533634,-6,9,17
1747047885.2883637,-48,-82,117
1747047885.3243637,-28,-8,-18
1747047885.3593633,25,-4,0
1747047885.3943634,63,-68,53
1747047885.4293633,132,-37,-6
1747047885.4653633,51,-20,9
1747047885.5013633,-29,-169,53
1747047885.5363634,-19,-3,5
1747047885.5723634,-5,12,-44
1747047885.6073637,18,-21,-90
1747047885.6423633,70,-67,-56
1747047885.6773634,2,-55,-48
1747047885.7133634,14,-3,91
1747047885.7493634,47,-10,7
1747047885.7843633,124,-1,49
1747047885.8203633,77,-26,-42
1747047885.8553634,88,29,3
1747047885.8903637,-5,51,33
1747047885.9253633,12,13,-70
1747047885.9613633,8,59,29
1747047885.997363,10,-64,7
1747047886.0323634,29,77,59
1747047886.0683634,26,-48,47
1747047886.1033633,42,37,15
1747047886.1383634,-49,-16,-24
1747047886.1733634,34,16,31
1747047886.2093637,7,-46,7
1747047886.2453637,13,43,-126
1747047886.280363,38,-2,99
1747047886.316363,-4,-5,35
1747047886.3513634,53,-35,-8
1747047886.3863633,-51,7,-42
1747047886.4213634,-35,-28,-42
1747047886.4573634,50,19,-42
1747047886.4933634,86,1,99
1747047886.5283637,22,-10,49
1747047886.5643632,-63,-14,79
1747047886.599363,22,-18,27
1747047886.6343634,12,-64,59
1747047886.6693633,39,19,-8
1747047886.7053633,-12,79,-116
1747047886.7413633,-5,-18,223
1747047886.7763634,0,-20,135
1747047886.8123634,46,-4,-54
1747047886.8473637,-45,9,35
1747047886.882363,14,3,65
1747047886.9173634,52,23,-26
1747047886.9533634,-33,13,39
1747047886.9893634,-22,54,25
1747047887.0243633,-9,53,57
1747047887.0603633,-29,-26,55
1747047887.0953634,-15,-42,27
1747047887.1303637,-1,29,-58
1747047887.1653633,29,-56,39
1747047887.201363,-40,-20,3
1747047887.237363,2,36,63
1747047887.2723634,26,-43,-20
1747047887.3083634,42,-71,-4
1747047887.3433633,46,40,151
1747047887.3783634,-43,-1,-14
1747047887.4133637,-15,-15,7
1747047887.4493637,-1,44,-90
1747047887.4853632,95,17,13
1747047887.520363,30,8,1
1747047887.556363,-20,27,73
1747047887.5913634,12,-33,37
1747047887.6263633,63,35,-38
1747047887.6623633,-16,0,-6
1747047887.6973634,-6,59,-2
1747047887.7333634,48,-9,-76
1747047887.7683637,-41,52,-26
1747047887.8043633,-51,46,-60
1747047887.839363,32,-21,-10
1747047887.8743634,-31,-39,-104
1747047887.9103634,-1,-13,45
1747047887.9453633,54,9,99
1747047887.9813633,86,29,47
1747047888.0163634,-23,-3,55
1747047888.0523634,48,11,39
1747047888.0873632,4,-16,-36
1747047888.122363,-19,-8,-28
1747047888.158363,-41,49,49
1747047888.1933634,12,43,69
1747047888.2293634,4,-100,-14
1747047888.2643633,2,-31,15
1747047888.3003633,-1,22,-30
1747047888.3353634,-34,-12,69
1747047888.3703637,57,1,37
1747047888.4063632,-10,21,-16
1747047888.441363,37,7,25
1747047888.477363,69,-10,-32
1747047888.5123634,13,-4,9
1747047888.5483634,-128,25,9
1747047888.5833633,-48,-28,-46
1747047888.6183634,-8,17,63
1747047888.6543634,6,112,-16
1747047888.6893632,20,37,69
1747047888.7253633,26,54,45
1747047888.760363,-52,7,73
1747047888.7963634,12,31,-62
1747047888.8313634,114,-90,39
1747047888.8663633,10,-22,-22
1747047888.9023633,78,-56,-18
1747047888.9373634,36,-44,85
1747047888.9733634,10,57,21
1747047889.0083632,33,-16,-50
1747047889.0443633,0,-36,59
1747047889.079363,40,-80,25
1747047889.1143634,-5,-32,85
1747047889.1503634,35,-40,57
1747047889.1853633,7,1,-10
1747047889.2213633,-26,49,37
1747047889.2563634,48,-20,23
1747047889.2923634,16,9,71
1747047889.3283634,-85,-6,-32
1747047889.3633633,62,41,-30
1747047889.3983634,-43,93,0
1747047889.4343634,-45,32,7
1747047889.4703634,32,22,-4
1747047889.5053637,-63,8,35
1747047889.5413637,-99,-30,5
1747047889.576363,73,-45,0
1747047889.6113634,11,22,-50
1747047889.6463633,22,10,-32
1747047889.6823633,-13,-3,97
1747047889.7183633,-67,54,-134
1747047889.7533634,-3,-33,83
1747047889.7893634,102,-55,53
1747047889.8243637,-13,-29,-142
1747047889.8593633,49,18,41
1747047889.8943634,30,21,127
1747047889.9303634,-38,16,35
1747047889.9663634,82,-10,7
1747047890.0013633,-19,-30,37
1747047890.0373633,10,17,21
1747047890.0723634,64,25,23
1747047890.1073637,-19,102,31
1747047890.1433637,36,-132,13
1747047890.1793633,-45,-48,101
1747047890.214363,-39,-22,101
1747047890.250363,29,-88,39
1747047890.2863634,-6,22,39
1747047890.3213634,9,-17,73
1747047890.3573637,55,30,139
1747047890.3923633,-2,-29,-94
1747047890.4273634,-60,12,31
1747047890.4623632,-32,28,31
1747047890.5053637,-114,14,19
1747047890.5423634,-40,-38,35
1747047890.5773633,55,31,-22
1747047890.6133633,-85,16,63
1747047890.6483634,16,38,39
1747047890.6833634,-121,18,-172
1747047890.7183633,104,-13,165
1747047890.7543633,-33,66,-30
1747047890.7903633,43,19,69
1747047890.8253634,25,-24,13
1747047890.8613634,-12,13,-30
1747047890.8963633,-4,-112,109
1747047890.931363,67,23,165
1747047890.9663634,-18,-2,31
1747047891.0023634,1,-80,89
1747047891.0383637,-40,45,43
1747047891.0733633,55,-45,121
1747047891.1093633,-32,-27,57
1747047891.1443634,-72,30,-14
1747047891.1793633,-4,26,117
1747047891.214363,61,34,-38
1747047891.250363,-20,42,-102
1747047891.2863634,-46,-57,-2
1747047891.3213634,47,44,0
1747047891.3573637,35,-47,31
1747047891.3923633,70,9,25
1747047891.4273634,-19,87,-26
1747047891.4623632,-41,51,-14
1747047891.4983633,50,-8,29
1747047891.5343633,44,-22,-28
1747047891.5693634,-59,5,-32
1747047891.6053634,17,-17,-18
1747047891.6403637,17,10,109
1747047891.6753633,69,-42,-42
1747047891.7103634,59,75,79
1747047891.7463634,0,14,-2
1747047891.7823634,15,-2,-16
1747047891.8173633,-26,4,-66
1747047891.8533633,-102,-40,-54
1747047891.8883634,23,25,75
1747047891.9233634,48,-21,-32
1747047891.9583633,5,-40,-100
1747047891.9943633,34,-19,-34
1747047892.030363,-13,-23,61
1747047892.0653634,-84,-16,-110
1747047892.1013634,62,74,23
1747047892.1363633,48,-19,35
1747047892.1713634,-72,-25,51
1747047892.2063634,-11,24,83
1747047892.2423637,-35,16,57
1747047892.2783637,74,0,29
1747047892.3133633,22,-49,105
1747047892.349363,8,9,39
1747047892.3843634,-23,-40,47
1747047892.4193633,-81,-25,53
1747047892.4553633,52,56,19
1747047892.4903634,112,82,-32
1747047892.5263634,44,28,73
1747047892.5613637,43,-15,37
1747047892.5973637,-35,32,39
1747047892.632363,-1,30,-30
1747047892.6673634,94,18,37
1747047892.7033634,80,-17,83
1747047892.7393634,-19,-69,-30
1747047892.7753634,-5,-15,49
1747047892.8103633,-1,-77,11
1747047892.8463633,20,-35,69
1747047892.8813634,93,30,11
1747047892.9173634,78,16,77
1747047892.9523633,27,-19,19
1747047892.987363,-23,0,7
1747047893.0233634,-37,80,57
1747047893.0583634,53,-61,-64
1747047893.0943637,-13,-17,-52
1747047893.1293633,56,-43,-56
1747047893.1653633,-4,26,151
1747047893.2003634,-4,0,-2
1747047893.2353632,-43,6,-52
1747047893.2713633,-38,0,21
1747047893.306363,-102,-11,113
1747047893.3423634,-24,40,-24
1747047893.3773634,23,18,37
1747047893.4133637,99,-2,55
1747047893.4483633,29,27,81
1747047893.4833634,0,59,-64
1747047893.5193634,51,-46,-32
1747047893.5543633,-70,-70,-50
1747047893.5903633,-32,-42,59
1747047893.625363,11,-42,-128
1747047893.6613634,-20,113,99
1747047893.6963634,-2,53,-114
1747047893.7313633,17,53,-30
1747047893.7673633,-60,-22,57
1747047893.8023634,-37,25,-22
1747047893.8383634,72,25,-34
1747047893.8733633,-24,64,-14
1747047893.9093633,51,-57,-78
1747047893.9453633,69,70,79
1747047893.9813633,0,-43,-54
1747047894.0173633,15,-115,23
1747047894.0523634,27,6,117
1747047894.0873632,-36,-27,111
1747047894.1233633,0,1,5
1747047894.1593633,-40,47,-16
1747047894.1943634,-44,47,21
1747047894.2303634,5,-38,-4
1747047894.2653637,-22,27,17
1747047894.3003633,30,-46,-96
1747047894.3353634,43,-42,149
1747047894.3713634,1,-68,-10
1747047894.4073634,55,-36,13
1747047894.4423633,43,3,-48
1747047894.4783633,11,-106,23
1747047894.5133634,33,-14,-92
1747047894.5483634,19,8,-74
1747047894.5833633,19,4,-108
1747047894.6193633,0,-109,63
1747047894.655363,103,-57,-52
1747047894.6903634,121,-57,-50
1747047894.7263634,-46,-32,43
1747047894.7613633,81,5,29
1747047894.7963634,25,7,45
1747047894.8313634,-14,57,-78
1747047894.8673637,49,-42,-32
1747047894.9033637,-10,91,-14
1747047894.9383633,49,-31,43
1747047894.974363,-20,30,121
1747047895.0093634,-32,-50,13
1747047895.0443633,-58,-19,153
1747047895.079363,-20,80,-4
1747047895.1153634,-6,-44,55
1747047895.1513634,-78,39,55
1747047895.1863637,57,33,87
1747047895.2223637,29,-50,-40
1747047895.257363,-80,31,53
1747047895.2923634,-22,11,0
1747047895.3273633,-7,61,85
1747047895.3633633,11,65,19
1747047895.3993633,-14,39,0
1747047895.4343634,20,-38,113
1747047895.4703634,17,-63,95
1747047895.5053637,27,-28,-22
1747047895.5403633,-80,3,-114
1747047895.5753634,-68,-16,47
1747047895.6113634,-20,21,-28
1747047895.6473634,-32,29,19
1747047895.6823633,-96,-8,75
1747047895.7183633,21,-60,-14
1747047895.7533634,7,-90,-20
1747047895.7883637,-56,17,-52
1747047895.8233633,-43,32,35
1747047895.8593633,3,37,-10
1747047895.895363,24,4,-2
1747047895.9303634,8,26,-78
1747047895.9663634,66,6,-114
1747047896.0013633,48,18,-88
1747047896.0363634,-95,-25,-104
1747047896.0713634,-21,-23,-24
1747047896.1073637,-42,-26,77
1747047896.1433637,-39,11,73
1747047896.178363,0,47,-30
1747047896.214363,99,5,99
1747047896.2493634,0,17,-142
1747047896.2843633,-59,-30,103
1747047896.3193634,17,-9,143
1747047896.3553634,-16,-17,31
1747047896.3913634,-14,36,7
1747047896.4263637,17,-35,41
1747047896.4623632,-12,112,45
1747047896.497363,-40,24,-64
1747047896.5323634,-29,-57,23
1747047896.5673633,-11,-77,-50
1747047896.6033633,38,22,-10
1747047896.6393633,36,-57,65
1747047896.6743634,14,14,53
1747047896.7103634,4,-35,-46
1747047896.7453637,-25,6,41
1747047896.780363,-11,120,13
1747047896.8153634,38,-11,-32
1747047896.8513634,-29,-29,15
1747047896.8873634,-48,46,109
1747047896.9223633,12,-39,29
1747047896.9583633,64,12,15
1747047896.9933634,21,3,23
1747047897.0283637,-66,-36,39
1747047897.0643632,-16,41,143
1747047897.099363,11,-8,-180
1747047897.135363,91,-18,-62
1747047897.1703634,-3,29,81
1747047897.2063634,-42,62,-36
1747047897.2413633,-6,32,21
1747047897.2763634,89,0,-92
1747047897.3123634,111,60,63
1747047897.3473637,-10,-41,89
1747047897.3833632,81,-27,-24
1747047897.418363,-90,-55,-32
1747047897.454363,6,2,35
1747047897.4893634,54,72,0
1747047897.5243633,31,68,-52
1747047897.5603633,95,-6,13
1747047897.5953634,-50,-7,41
1747047897.6313634,17,58,21
1747047897.6663637,-35,12,-26
1747047897.7023633,-31,-19,15
1747047897.737363,-68,-77,-86
1747047897.7723634,-108,-31,33
1747047897.8083634,79,-81,-12
1747047897.8433633,9,6,119
1747047897.8793633,33,32,77
1747047897.9143634,-28,0,53
1747047897.9503634,-24,-10,65
1747047897.9853632,7,-2,-28
1747047898.020363,-66,15,-30
1747047898.056363,54,-35,39
1747047898.0913634,21,-5,67
1747047898.1273634,29,32,81
1747047898.1623633,-22,-67,-82
1747047898.1983633,30,-31,31
1747047898.2333634,31,65,-60
1747047898.2683637,8,66,65
1747047898.3043633,29,-30,29
1747047898.339363,-42,-26,35
1747047898.375363,7,21,79
1747047898.4103634,100,-19,-34
1747047898.4463634,46,-25,73
1747047898.4813633,-7,6,23
1747047898.5163634,12,-35,-2
1747047898.5523634,-19,-31,5
1747047898.5873632,-23,-6,-46
1747047898.6233633,-51,-78,227
1747047898.658363,2,-60,-22
1747047898.6943634,-3,41,-46
1747047898.7303634,-5,5,-42
1747047898.7653637,34,-6,49
1747047898.8003633,-71,-16,39
1747047898.8363633,32,-10,-18
1747047898.872363,12,-58,-60
1747047898.9073634,-77,21,19
1747047898.9433634,-15,-27,5
1747047898.9783633,-71,-38,-66
1747047899.0133634,-31,-33,-76
1747047899.0483634,0,-70,29
1747047899.0843637,-32,49,47
1747047899.1203637,16,-62,-82
1747047899.155363,16,20,25
1747047899.191363,8,-82,-2
1747047899.2263634,87,71,-36
1747047899.2613633,10,-86,-16
1747047899.2963634,10,87,-42
1747047899.3323634,6,33,-90
1747047899.3683634,-46,-76,7
1747047899.4033637,-26,51,81
1747047899.4393632,16,-17,51
1747047899.474363,33,-35,17
1747047899.5093634,19,-41,-78
1747047899.5443633,87,-1,-6
1747047899.5803633,7,-14,-12
1747047899.6163633,13,26,119
1747047899.6513634,13,41,41
1747047899.6873634,40,-17,-4
1747047899.7223637,-19,28,-92
1747047899.757363,44,-3,137
1747047899.7923634,24,-57,5
1747047899.8283634,0,2,-4
1747047899.8643634,-51,-51,-2
1747047899.8993633,22,-31,155
1747047899.9353633,4,124,5
1747047899.9703634,-53,50,131
1747047900.0053637,-83,-39,49
1747047900.0403633,58,24,65
1747047900.076363,-37,-45,45
1747047900.112363,18,-61,15
1747047900.1473634,-33,46,127
1747047900.1833634,34,-29,-90
1747047900.2183633,-49,58,-64
1747047900.2533634,40,-53,-18
1747047900.2883637,-27,-47,-52
1747047900.3243637,-2,76,-60
1747047900.3603632,-16,-21,65
1747047900.395363,-18,-33,-10
1747047900.431363,-26,56,117
1747047900.4663634,74,-49,-62
1747047900.5083632,-49,24,-16
1747047900.5443633,26,-23,-80
1747047900.5803633,-17,34,-64
1747047900.6163633,85,-27,37
1747047900.6513634,0,-25,107
1747047900.6873634,-23,50,-8
1747047900.7223637,12,-49,35
1747047900.757363,40,-43,-72
1747047900.793363,-3,-9,3
1747047900.829363,-21,30,51
1747047900.8643634,3,-25,7
1747047900.9003634,29,18,-84
1747047900.9363637,41,30,35
1747047900.9713633,35,24,91
1747047901.007363,3,-27,-72
1747047901.0423634,-11,-31,39
1747047901.0773633,10,46,-58
1747047901.112363,0,10,99
1747047901.1483634,-30,-49,51
1747047901.1843634,5,-43,13
1747047901.2193637,-32,-39,163
1747047901.2553637,-18,60,15
1747047901.2903633,-56,-1,-90
1747047901.3253634,-40,45,109
1747047901.3603632,-34,105,33
1747047901.3963633,7,-65,153
1747047901.4323633,54,35,-20
1747047901.4673634,-3,61,-80
1747047901.5033634,38,14,-68
1747047901.5383637,52,79,-56
1747047901.5733633,55,-19,-6
1747047901.6083634,43,-37,-36
1747047901.6443634,-138,32,-58
1747047901.6803634,-10,34,9
1747047901.7153633,-57,-51,29
1747047901.7513633,-36,54,29
1747047901.7863634,11,42,-26
1747047901.8213634,-66,-47,-30
1747047901.8573637,11,-83,45
1747047901.8923633,-31,46,-106
1747047901.928363,-49,-89,-56
1747047901.9633634,-18,12,33
1747047901.9993634,12,-1,-10
1747047902.0343633,102,66,-44
1747047902.0693634,-61,20,95
1747047902.1053634,18,-45,-16
1747047902.1403637,56,-11,55
1747047902.1763637,-69,72,-44
1747047902.2113633,-15,40,-10
1747047902.247363,7,-28,-72
1747047902.2823634,-5,17,89
1747047902.3173633,14,45,89
1747047902.3533633,-38,23,-20
1747047902.3883634,53,-64,99
1747047902.4243634,75,19,55
1747047902.4593637,-77,39,51
1747047902.4953637,57,-16,-88
1747047902.530363,65,-42,-144
1747047902.5653634,6,-35,23
1747047902.6013634,-55,45,45
1747047902.6363633,-77,-38,19
1747047902.6723633,-41,47,77
1747047902.7073634,72,17,69
1747047902.7433634,-53,-6,-34
1747047902.7783637,112,-58,89
1747047902.8133633,-35,-30,63
1747047902.849363,-19,-16,25
1747047902.8843634,16,41,39
1747047902.9203634,-7,65,11
1747047902.9553633,-59,-24,-80
1747047902.9913633,-73,-10,-82
1747047903.0263634,42,-40,37
1747047903.0613637,-27,9,45
1747047903.0973637,26,17,153
1747047903.132363,-11,0,9
1747047903.168363,-17,57,127
1747047903.2033634,58,57,-46
1747047903.2393634,-8,-30,87
1747047903.2743633,39,11,99
1747047903.3093634,87,-42,13
1747047903.3453634,25,-22,83
1747047903.3803637,-18,-56,73
1747047903.4163637,-4,-22,21
1747047903.451363,-14,43,-84
1747047903.4863634,45,-16,-12
1747047903.5213633,-18,21,97
1747047903.5573633,-2,15,-18
1747047903.5933633,-45,0,49
1747047903.6283634,-16,45,-50
1747047903.6643634,-84,45,49
1747047903.6993637,20,50,-88
1747047903.7343633,-11,-21,27
1747047903.7693634,-26,-4,31
1747047903.8053634,-48,-28,-14
1747047903.8413634,-17,49,-6
1747047903.8763633,-68,-8,19
1747047903.9123633,44,11,19
1747047903.9473634,-42,63,165
1747047903.9823637,-20,-10,7
1747047904.0173633,-55,77,69
1747047904.053363,14,93,73
1747047904.089363,-41,-70,15
1747047904.1243634,40,-18,123
1747047904.1603634,80,-66,-16
1747047904.1953633,3,-32,-30
1747047904.2303634,44,50,57
1747047904.2653637,-79,-15,-114
1747047904.3013637,-16,-2,-26
1747047904.3373632,41,-26,17
1747047904.372363,92,-103,-32
1747047904.408363,-14,15,-54
1747047904.4433634,41,-110,-44
1747047904.4783633,59,-36,65
1747047904.5133634,19,-8,-28
1747047904.5493634,67,63,-40
1747047904.5853634,16,0,-22
1747047904.6203637,-12,-112,33
1747047904.6563632,66,9,-26
1747047904.691363,90,36,3
1747047904.7263634,-17,54,-14
1747047904.7613633,-43,-87,71
1747047904.7973633,-87,-41,87
1747047904.8333633,44,-31,-14
1747047904.8683634,-56,-20,151
1747047904.9043634,-52,21,115
1747047904.9393632,34,34,-138
1747047904.974363,-11,-1,17
1747047905.0093634,19,-16,3
1747047905.0453634,91,-57,-6
1747047905.0813634,-34,-25,5
1747047905.1163633,-38,-3,-144
1747047905.1523633,-14,-51,15
1747047905.1873634,-22,48,-28
1747047905.2223637,-34,-35,59
1747047905.257363,4,59,65
1747047905.293363,37,33,-34
1747047905.329363,25,77,-4
1747047905.3643634,-20,-12,43
1747047905.4003634,-6,57,119
1747047905.4353633,-5,20,29
1747047905.4703634,99,57,-20
1747047905.5053637,32,-37,-126
1747047905.5413637,-64,19,117
1747047905.5773633,0,-19,-28
1747047905.612363,-82,-2,19
1747047905.6483634,1,-22,43
1747047905.6833634,-20,-18,61
1747047905.7183633,7,-48,23
1747047905.7533634,-34,-22,-66
1747047905.7893634,-30,39,-60
1747047905.8253634,-124,-26,43
1747047905.8603632,-26,12,-26
1747047905.8963633,-89,1,55
1747047905.931363,-51,5,143
1747047905.9663634,50,-34,-46
1747047906.0013633,86,3,7
1747047906.0373633,64,31,115
1747047906.0733633,64,65,83
1747047906.1083634,0,-12,35
1747047906.1443634,-68,19,-16
1747047906.1793633,-42,61,23
1747047906.214363,45,59,91
1747047906.2493634,-18,0,-32
1747047906.2853634,-98,9,5
1747047906.3213634,-64,29,-32
1747047906.3563633,80,-13,49
1747047906.3923633,16,-11,-40
1747047906.4273634,83,13,127
1747047906.4623632,-8,75,27
1747047906.4983633,85,-25,-114
1747047906.533363,11,22,-24
1747047906.5693634,-50,-7,-22
1747047906.6043634,-68,-5,11
1747047906.6403637,-2,-30,37
1747047906.6753633,-90,17,-34
1747047906.7103634,119,30,43
1747047906.7463634,-32,64,69
1747047906.7813632,-26,10,71
1747047906.8173633,45,-45,85
1747047906.852363,-21,-26,57
1747047906.8883634,28,-25,-20
1747047906.9233634,16,96,61
1747047906.9583633,56,21,-26
1747047906.9943633,-87,28,63
1747047907.0293634,30,36,19
1747047907.0653634,76,-9,-40
1747047907.1003633,-10,2,23
1747047907.1363633,13,-59,117
1747047907.1713634,-28,66,59
1747047907.2063634,9,-25,-52
1747047907.2423637,-40,-11,0
1747047907.2773633,0,20,75
1747047907.3133633,63,42,43
1747047907.3483634,29,-33,-98
1747047907.3843634,76,39,-148
1747047907.4193633,-55,9,81
1747047907.454363,36,-26,37
1747047907.4903634,-57,65,43
1747047907.5253634,5,5,-54
1747047907.5613637,28,0,-44
1747047907.5963633,-3,-16,99
1747047907.632363,13,-59,-38
1747047907.6673634,91,14,115
1747047907.7023633,-18,-1,-10
1747047907.7383633,81,-25,0
1747047907.7733634,-18,-17,-68
1747047907.8093634,21,0,113
1747047907.8443637,1,-31,-4
1747047907.8803637,-12,0,89
1747047907.9153633,-80,-59,-182
1747047907.9503634,17,-43,-120
1747047907.9863634,-12,-13,-44
1747047908.0213633,31,13,-28
1747047908.0573633,-74,-92,-184
1747047908.0923634,-18,77,25
1747047908.1273634,-52,23,125
1747047908.1623633,7,-62,-6
1747047908.1983633,0,-30,-26
1747047908.2343633,-16,7,-8
1747047908.2693634,13,105,31
1747047908.3053634,-12,5,-8
1747047908.3403633,19,-22,105
1747047908.375363,-78,-40,-110
1747047908.4103634,0,69,-10
1747047908.4463634,63,33,-12
1747047908.4823637,20,-40,-142
1747047908.5173633,18,27,9
1747047908.553363,43,-24,17
1747047908.5883634,35,41,-46
1747047908.6233633,-22,41,13
1747047908.658363,72,-33,-16
1747047908.6943634,18,10,-18
1747047908.7303634,94,-57,79
1747047908.7653637,4,-21,79
1747047908.8013637,80,21,-104
1747047908.8363633,-28,42,121
1747047908.8713634,21,-73,-46
1747047908.9063632,-60,0,-38
1747047908.9423633,5,-1,-92
1747047908.9783633,-46,17,-22
1747047909.0133634,-68,76,1
1747047909.0493634,-16,-73,17
1747047909.0843637,27,-11,15
1747047909.1193633,-56,-3,-52
1747047909.1543634,81,14,37
1747047909.1903634,-22,4,-54
1747047909.2263634,-14,42,65
1747047909.2613633,49,-3,15
1747047909.2973633,-16,72,37
1747047909.3323634,81,27,33
1747047909.3673637,-90,28,43
1747047909.4023633,25,16,-74
1747047909.4383633,19,22,-52
1747047909.474363,-50,-39,-38
1747047909.5093634,15,30,53
1747047909.5453634,37,-29,45
1747047909.5803633,61,-71,15
1747047909.6153634,-52,8,-74
1747047909.6503634,19,-7,-100
1747047909.6863637,-8,-3,-88
1747047909.7223637,-29,70,101
1747047909.757363,3,2,45
1747047909.793363,-74,-32,89
1747047909.8283634,43,-11,107
1747047909.8633633,-14,4,17
1747047909.8983634,-54,-29,-118
1747047909.9343634,-56,-53,-92
1747047909.9703634,-48,68,139
1747047910.0053637,-13,6,-36
1747047910.0413637,17,56,-32
1747047910.076363,7,-13,-120
1747047910.1113634,21,-27,-20
1747047910.1463633,44,-47,89
1747047910.1823633,-95,-69,67
1747047910.2183633,-9,10,1
1747047910.2533634,-38,-31,99
1747047910.2893634,-2,68,-6
1747047910.3243637,-31,60,-90
1747047910.3593633,-51,96,-126
1747047910.3943634,-23,-71,75
1747047910.4303634,12,54,-36
1747047910.4663634,-71,68,-82
1747047910.5013633,-65,18,23
1747047910.5443633,-27,30,-8
1747047910.5803633,110,12,39
1747047910.6153634,60,14,199
1747047910.6503634,-3,23,9
1747047910.6863637,46,-5,-48
1747047910.7223637,4,-26,5
1747047910.757363,-14,10,99
1747047910.793363,-124,-31,53
1747047910.8283634,8,92,119
1747047910.8633633,54,36,-2
1747047910.8983634,22,6,-80
1747047910.9343634,8,9,111
1747047910.9703634,-49,-36,-52
1747047911.0053637,-10,-129,71
1747047911.0413637,68,20,41
1747047911.076363,-52,94,-14
1747047911.1113634,17,78,81
1747047911.1473634,31,-43,25
1747047911.1823633,69,-21,87
1747047911.2183633,-38,-85,-60
1747047911.2533634,-16,38,103
1747047911.2893634,57,-15,13
1747047911.3243637,-70,-29,39
1747047911.3593633,-38,8,101
1747047911.395363,-26,124,-26
1747047911.4303634,21,-41,71
1747047911.4663634,3,0,-94
1747047911.5013633,39,-11,59
1747047911.5373633,-16,-11,-42
1747047911.5723634,-8,-71,73
1747047911.6073637,41,-37,79
1747047911.6433637,9,-19,63
1747047911.678363,0,-61,13
1747047911.714363,-25,26,57
1747047911.7493634,-41,24,-12
1747047911.7853634,40,26,-54
1747047911.8203633,-13,-65,7
1747047911.8553634,6,-71,1
1747047911.8913634,-23,54,87
1747047911.9263637,28,-45,0
1747047911.9623632,4,36,59
1747047911.997363,64,-75,27
1747047912.033363,-71,-46,45
1747047912.0683634,20,65,5
1747047912.1033633,56,-116,-112
1747047912.1393633,-5,-70,93
1747047912.1743634,14,-22,-40
1747047912.2103634,-47,87,139
1747047912.2453637,28,-44,33
1747047912.2813632,-53,-78,-80
1747047912.316363,32,21,-44
1747047912.3513634,18,3,-106
1747047912.3873634,-15,-98,25
1747047912.4223633,-63,-4,-30
1747047912.4583633,32,41,43
1747047912.4933634,-44,61,115
1747047912.5293634,25,41,-34
1747047912.5643632,25,45,-138
1747047912.599363,7,57,-166
1747047912.635363,11,15,-38
1747047912.6703634,-40,23,43
1747047912.7063634,-11,-8,-24
1747047912.7413633,-9,-26,137
1747047912.7763634,66,-10,-60
1747047912.8113637,-10,-31,-46
1747047912.8473637,9,30,51
1747047912.8833632,21,-71,75
1747047912.918363,-84,-47,61
1747047912.954363,54,42,15
1747047912.9893634,11,26,-24
1747047913.0243633,-11,-63,75
1747047913.0593634,32,0,9
1747047913.0953634,-78,-9,-42
1747047913.1313634,25,-5,19
1747047913.1663637,-24,4,-126
1747047913.2023633,29,-35,21
1747047913.237363,-2,78,41
1747047913.2723634,-18,31,-40
1747047913.3073633,-74,-66,87
1747047913.3433633,45,-38,-78
1747047913.3793633,53,-10,23
1747047913.4143634,29,12,43
1747047913.4503634,29,-7,53
1747047913.4853632,-50,-41,-2
1747047913.520363,-2,-91,9
1747047913.5553634,-44,-53,-14
1747047913.5913634,47,38,75
1747047913.6273634,69,-39,11
1747047913.6623633,-50,-21,33
1747047913.6983633,-26,72,-40
1747047913.7333634,-30,-17,61
1747047913.7683637,-10,-25,131
1747047913.803363,1,-3,33
1747047913.839363,-56,-31,-44
1747047913.875363,39,78,51
1747047913.9103634,69,-39,41
1747047913.9463634,-6,-23,91
1747047913.9813633,-4,13,-132
1747047914.0163634,65,-35,-4
1747047914.0513637,-15,-5,0
1747047914.0873632,-62,30,145
1747047914.1233633,1,42,47
1747047914.158363,-66,10,53
1747047914.1943634,25,-49,-38
1747047914.2293634,37,32,15
1747047914.2643633,-46,12,41
1747047914.2993634,-10,-7,69
1747047914.3353634,17,-23,-56
1747047914.3713634,135,-46,-2
1747047914.4063632,-2,-26,35
1747047914.4423633,19,12,-68
1747047914.477363,1,-5,85
1747047914.5123634,-38,-51,51
1747047914.5473633,-62,13,-8
1747047914.5833633,-28,-40,27
1747047914.6193633,1,15,-82
1747047914.6543634,26,-75,-44
1747047914.6903634,65,-10,33
1747047914.7253633,-67,-67,77
1747047914.760363,19,-1,-4
1747047914.7953634,-38,66,-12
1747047914.8313634,-38,10,3
1747047914.8673637,-32,-29,89
1747047914.9023633,-22,-7,-12
1747047914.9383633,-62,-39,0
1747047914.9733634,68,60,-56
1747047915.0083632,-54,10,29
1747047915.043363,38,-15,65
1747047915.079363,54,-2,-18
1747047915.1153634,32,-54,17
1747047915.1503634,-1,43,27
1747047915.1863637,0,31,-82
1747047915.2213633,-20,1,7
1747047915.2563634,9,-45,-26
1747047915.2913637,51,-5,11
1747047915.3273633,37,28,-134
1747047915.3633633,39,-3,-56
1747047915.3983634,-8,48,-136
1747047915.4343634,17,-39,23
1747047915.4693637,-20,-3,9
1747047915.5043633,0,-15,141
1747047915.5393634,-44,-57,99
1747047915.5753634,-70,48,23
1747047915.6113634,31,-19,-32
1747047915.6463633,-18,0,59
1747047915.6823633,63,-73,-50
1747047915.7173634,13,-9,-22
1747047915.7523634,-28,-25,97
1747047915.7883637,24,-67,-206
1747047915.8233633,-12,-66,83
1747047915.8593633,-53,-11,-102
1747047915.8943634,44,-103,27
1747047915.9303634,-48,-4,71
1747047915.9653633,-21,-9,-22
1747047916.000363,-53,-37,-50
1747047916.0363634,14,-20,-30
1747047916.0713634,-61,-61,11
1747047916.1073637,-61,-4,-34
1747047916.1423633,26,-55,21
1747047916.178363,-44,-72,-2
1747047916.2133634,27,-58,57
1747047916.2483633,47,-16,1
1747047916.2843633,-56,2,-22
1747047916.3193634,42,31,-48
1747047916.3553634,28,91,101
1747047916.3903637,32,-22,57
1747047916.4263637,3,-40,-154
1747047916.4613633,-72,-24,47
1747047916.4963634,1,45,39
1747047916.5323634,-90,91,75
1747047916.5673633,-42,1,59
1747047916.6033633,9,-28,-60
1747047916.6383634,84,85,137
1747047916.6743634,16,-50,39
1747047916.7093637,-5,1,33
1747047916.7443633,-21,43,77
1747047916.780363,-67,27,-28
1747047916.8153634,-47,-18,-104
1747047916.8513634,18,15,-40
1747047916.8863633,64,87,75
1747047916.9223633,80,77,-6
1747047916.9573634,42,-45,-66
1747047916.9923637,81,7,-40
1747047917.0283637,109,-44,41
1747047917.0633633,15,-86,83
1747047917.099363,43,7,15
1747047917.1343634,1,60,25
1747047917.1703634,-24,-14,-12
1747047917.2053633,1,7,65
1747047917.2403634,21,-54,-28
1747047917.2763634,-2,11,31
1747047917.3113637,-93,18,-30
1747047917.3473637,30,-47,95
1747047917.382363,-73,12,3
1747047917.4173634,22,-17,11
1747047917.4523633,-56,48,-14
1747047917.4883633,99,-57,215
1747047917.5243633,46,67,-26
1747047917.5593634,-57,9,-6
1747047917.5953634,-51,-54,35
1747047917.6303637,-24,32,-20
1747047917.6653633,13,8,39
1747047917.7003634,-53,-4,-94
1747047917.7363634,102,63,-30
1747047917.7723634,12,-34,-18
1747047917.8073633,110,-12,0
1747047917.8433633,31,8,-36
1747047917.8783634,13,-5,105
1747047917.9133637,-4,9,-36
1747047917.9483633,23,5,-100
1747047917.9843633,9,36,-22
1747047918.020363,19,-33,-94
1747047918.0553634,0,15,-18
1747047918.0913634,16,46,-40
1747047918.1263633,-11,-99,33
1747047918.1613634,42,4,105
1747047918.1963634,0,18,-2
1747047918.2323637,40,-89,-34
1747047918.2683637,-3,-33,45
1747047918.3043633,3,-33,-28
1747047918.3403633,48,-77,41
1747047918.375363,-49,40,-38
1747047918.4113634,43,83,111
1747047918.4463634,-52,-20,-80
1747047918.4813633,-98,53,55
1747047918.5163634,-55,22,-32
1747047918.5523634,-55,-17,83
1747047918.5883634,-12,41,111
1747047918.6233633,53,-24,125
1747047918.6593633,-35,29,-106
1747047918.6943634,43,-54,57
1747047918.7293634,-25,15,21
1747047918.7643633,9,53,131
1747047918.8003633,25,9,59
1747047918.8363633,-20,57,-56
1747047918.8713634,17,-42,49
1747047918.9073634,93,-31,67
1747047918.9423633,11,20,97
1747047918.977363,-34,-21,-26
1747047919.0123634,-12,76,-64
1747047919.0483634,3,-72,17
1747047919.0843637,1,40,33
1747047919.1193633,-48,-65,1
1747047919.155363,41,-39,-18
1747047919.1903634,42,-19,-62
1747047919.2253633,-9,2,-10
1747047919.260363,-115,-3,-124
1747047919.2963634,70,-47,35
1747047919.3323634,6,36,65
1747047919.3673637,60,-47,61
1747047919.4033637,-21,-36,-86
1747047919.4383633,-41,-26,71
1747047919.4733634,-89,73,25
1747047919.5083632,40,41,-28
1747047919.5443633,4,-32,121
1747047919.5803633,39,-66,29
1747047919.6153634,-45,-28,79
1747047919.6513634,36,-44,-18
1747047919.6863637,44,22,9
1747047919.7213633,-3,26,23
1747047919.7563634,10,-61,17
1747047919.7923634,-51,-12,-144
1747047919.8283634,22,3,-48
1747047919.8633633,14,-66,-6
1747047919.8993633,26,-36,5
1747047919.9343634,1,-4,99
1747047919.9693637,-30,3,-22
1747047920.0043633,-30,-46,-8
1747047920.0403633,7,-4,27
1747047920.076363,5,41,-26
1747047920.1113634,-34,-28,1
1747047920.1473634,-60,-54,91
1747047920.1823633,-36,29,21
1747047920.2173634,-18,43,105
1747047920.2523634,29,-18,-8
1747047920.2883637,59,-38,15
1747047920.3243637,1,119,43
1747047920.3593633,11,-34,-40
1747047920.395363,-16,5,39
1747047920.4303634,5,9,13
1747047920.4653633,49,5,1
1747047920.5013633,-18,-47,13
1747047920.5363634,-2,27,55
1747047920.579363,-26,-18,55
1747047920.6153634,50,-22,-74
1747047920.6513634,-37,37,105
1747047920.6863637,-15,21,-24
1747047920.7213633,14,-16,-48
1747047920.757363,-51,-96,-60
1747047920.7923634,30,-74,-42
1747047920.8283634,-39,43,-58
1747047920.8633633,83,10,53
1747047920.8993633,33,-31,43
1747047920.9343634,81,-21,-36
1747047920.9693637,-40,-21,99
1747047921.0053637,-54,24,13
1747047921.0403633,-22,-85,115
1747047921.076363,13,80,85
1747047921.1113634,-4,46,15
1747047921.1473634,34,-13,29
1747047921.1823633,-12,20,117
1747047921.2173634,0,-85,89
1747047921.2533634,-23,28,37
1747047921.2883637,-72,75,-48
1747047921.3243637,-16,-62,13
1747047921.3593633,0,-60,129
1747047921.395363,-40,-30,-48
1747047921.4303634,-72,-2,3
1747047921.4653633,-4,-20,-54
1747047921.5013633,-30,-82,-16
1747047921.5363634,11,-50,-64
1747047921.5723634,-50,15,41
1747047921.6073637,7,51,33
1747047921.6433637,-22,-18,23
1747047921.678363,-18,-4,51
1747047921.7133634,23,67,-150
1747047921.7493634,-96,67,9
1747047921.7843633,13,-24,-84
1747047921.8203633,53,-62,99
1747047921.8553634,39,-70,93
1747047921.8913634,23,-28,49
1747047921.9263637,-72,-10,145
1747047921.9613633,21,-28,9
1747047921.997363,-40,-80,145
1747047922.0323634,-80,-50,43
1747047922.0683634,0,-58,-2
1747047922.1033633,-40,-20,87
1747047922.1383634,-16,48,31
1747047922.1733634,31,-62,-76
1747047922.2093637,-48,42,-112
1747047922.2453637,87,8,-140
1747047922.280363,19,-69,63
1747047922.316363,119,2,77
1747047922.3513634,-32,39,-6
1747047922.3863633,5,-62,15
1747047922.4213634,-12,41,37
1747047922.4573634,-40,9,-16
1747047922.4933634,43,-13,75
1747047922.5283637,-2,-81,19
1747047922.5643632,-86,12,-20
1747047922.599363,-74,-31,99
1747047922.6343634,-34,-41,-42
1747047922.6693633,51,-27,59
1747047922.7053633,64,7,-22
1747047922.7413633,50,-12,-72
1747047922.7763634,32,61,-56
1747047922.8123634,33,-95,-32
1747047922.8473637,15,10,23
1747047922.882363,9,2,-18
1747047922.9173634,-24,23,15
1747047922.9533634,-24,-20,-6
1747047922.9893634,27,34,81
1747047923.0243633,53,-15,107
1747047923.0603633,57,-42,-36
1747047923.0953634,61,19,0
1747047923.1303637,-118,-78,-68
1747047923.1653633,-29,45,-18
1747047923.201363,16,33,-22
1747047923.237363,19,55,59
1747047923.2723634,-47,35,0
1747047923.3083634,59,40,113
1747047923.3433633,15,-9,19
1747047923.3783634,3,-19,-12
1747047923.4133637,-71,10,-102
1747047923.4493637,-11,-17,11
1747047923.4853632,44,-27,51
1747047923.520363,-53,-17,61
1747047923.556363,6,23,51
1747047923.5913634,-1,37,103
1747047923.6263633,19,81,-70
1747047923.6613634,-12,17,-118
1747047923.6973634,19,-4,-2
1747047923.7333634,70,8,47
1747047923.7683637,-9,-11,-44
1747047923.8043633,-59,36,-80
1747047923.839363,-55,24,69
1747047923.8743634,25,7,101
1747047923.9093633,77,-38,37
1747047923.9453633,31,107,31
1747047923.9813633,17,-25,-66
1747047924.0163634,1,-34,101
1747047924.0523634,-8,35,0
1747047924.0873632,13,-6,229
1747047924.122363,26,2,-62
1747047924.1573634,-16,1,57
1747047924.1933634,48,-10,-60
1747047924.2293634,-11,5,59
1747047924.2643633,12,15,-48
1747047924.3003633,83,8,9
1747047924.3353634,27,36,-4
1747047924.3703637,-8,-45,27
1747047924.405363,-6,46,-10
1747047924.441363,-42,-37,-2
1747047924.477363,-54,-11,-52
1747047924.5123634,67,-55,-40
1747047924.5483634,21,-23,99
1747047924.5833633,-46,14,49
1747047924.6183634,-14,25,73
1747047924.6533637,-16,-22,-48
1747047924.6893632,-16,-8,-26
1747047924.7253633,-36,-62,-22
1747047924.760363,-2,-20,41
1747047924.7963634,11,0,-12
1747047924.8313634,-25,25,-36
1747047924.8663633,45,79,-14
1747047924.9013634,-4,45,9
1747047924.9373634,0,77,43
1747047924.9733634,55,0,-4
1747047925.0083632,-60,7,-2
1747047925.0443633,-30,1,-22
1747047925.079363,-20,-1,23
1747047925.1143634,61,8,23
1747047925.1503634,7,32,-80
1747047925.1853633,-30,3,65
1747047925.2213633,27,15,29
1747047925.2563634,47,71,95
1747047925.2923634,39,29,117
1747047925.3273633,23,9,71
1747047925.362363,15,51,7
1747047925.3983634,61,31,0
1747047925.4333634,0,-54,7
1747047925.4693637,-8,-62,-50
1747047925.5043633,0,47,-16
1747047925.5403633,-32,-48,53
1747047925.5753634,-47,-3,99
1747047925.6103632,53,-30,39
1747047925.6463633,41,11,121
1747047925.681363,-48,5,-20
1747047925.7173634,17,49,15
1747047925.7523634,19,-52,-12
1747047925.7883637,-30,71,1
1747047925.8233633,-40,37,-4
1747047925.8583634,-74,-8,-4
1747047925.8943634,-8,-16,-36
1747047925.9293633,-64,-46,-104
1747047925.9653633,22,22,-106
1747047926.000363,71,-14,61
1747047926.0363634,64,-17,-14
1747047926.0713634,-77,8,39
1747047926.1063633,6,-27,25
1747047926.1423633,4,-19,-42
1747047926.1773634,-62,3,-114
1747047926.2133634,42,28,-18
1747047926.2483633,118,16,-16
1747047926.2843633,4,-39,61
1747047926.3193634,11,-44,29
1747047926.3543634,35,-70,31
1747047926.3903637,53,-64,-12
1747047926.4253633,-38,1,-46
1747047926.4613633,-30,37,33
1747047926.4963634,19,59,-86
1747047926.5323634,53,-22,83
1747047926.5673633,11,-25,1
1747047926.602363,-17,39,53
1747047926.6383634,1,-43,83
1747047926.6733634,-38,12,-144
1747047926.7093637,61,4,-22
1747047926.7443633,-2,-11,107
1747047926.780363,53,-38,-2
1747047926.816363,-19,-43,-82
1747047926.8513634,-51,-3,-14
1747047926.8863633,-24,29,57
1747047926.9223633,-60,-76,5
1747047926.9583633,-20,5,41
1747047926.9933634,40,58,-4
1747047927.0293634,-3,30,43
1747047927.0643632,-64,59,39
1747047927.099363,-14,55,-42
1747047927.1343634,-26,-48,-76
1747047927.1703634,9,-38,-64
1747047927.2063634,-2,-29,157
1747047927.2413633,-20,-12,125
1747047927.2773633,55,23,-84
1747047927.3123634,73,13,0
1747047927.3473637,75,70,69
1747047927.382363,41,-23,79
1747047927.418363,-10,-35,107
1747047927.454363,15,16,-6
1747047927.4893634,22,17,35
1747047927.5253634,10,-30,11
1747047927.5603633,-17,-6,31
1747047927.5953634,10,83,-72
1747047927.6303637,60,-4,35
1747047927.6663637,30,41,15
1747047927.7023633,92,-10,11
1747047927.737363,-1,-8,53
1747047927.7733634,-43,43,-14
1747047927.8083634,34,83,55
1747047927.8433633,70,35,0
1747047927.8783634,54,21,53
1747047927.9143634,27,-38,47
1747047927.9503634,10,53,-36
1747047927.9853632,-85,-58,-6
1747047928.0213633,40,-8,133
1747047928.056363,10,25,-54
1747047928.0913634,-31,45,-46
1747047928.1263633,18,33,-116
1747047928.1623633,-26,37,21
1747047928.1983633,7,17,-26
1747047928.2333634,-16,1,101
1747047928.2693634,-24,49,75
1747047928.3043633,-6,0,41
1747047928.339363,-64,-50,-8
1747047928.3743634,-58,46,-6
1747047928.4103634,7,1,-44
1747047928.4463634,11,5,77
1747047928.4813633,3,-8,145
1747047928.5173633,-52,35,-10
1747047928.5523634,1,-6,29
1747047928.5873632,-12,-124,-90
1747047928.622363,-20,-46,91
1747047928.658363,-14,43,-6
1747047928.6943634,79,-26,9
1747047928.7293634,47,35,-50
1747047928.7653637,28,-64,-62
1747047928.8003633,-44,13,-106
1747047928.8353634,69,-46,17
1747047928.8703637,-18,21,35
1747047928.9063632,-40,-59,-18
1747047928.9423633,-28,14,43
1747047928.977363,-4,-24,-2
1747047929.0133634,75,23,-14
1747047929.0483634,-2,23,-64
1747047929.0833633,-38,-26,47
1747047929.1183634,-32,-15,0
1747047929.1543634,-10,-54,-72
1747047929.1903634,-80,1,47
1747047929.2253633,39,51,59
1747047929.2613633,-53,-32,-102
1747047929.2963634,-4,-33,47
1747047929.3313634,-32,26,39
1747047929.3663633,23,16,161
1747047929.4023633,-2,-37,101
1747047929.4383633,57,-1,-12
1747047929.4733634,31,14,-106
1747047929.5093634,73,58,99
1747047929.5443633,0,-8,35
1747047929.579363,-48,36,-22
1747047929.6143634,55,99,13
1747047929.6503634,25,-10,11
1747047929.6863637,26,15,49
1747047929.7213633,21,-4,-20
1747047929.757363,-12,-8,-28
1747047929.7923634,-56,63,-16
1747047929.8273633,19,-44,69
1747047929.8633633,17,25,125
1747047929.8983634,1,-20,27
1747047929.9343634,-50,-26,23
1747047929.9693637,-2,15,7
1747047930.0053637,-72,3,-34
1747047930.0403633,-36,63,87
1747047930.0753634,29,-70,-12
1747047930.1113634,0,1,-18
1747047930.1463633,31,-17,85
1747047930.1823633,-36,-71,39
1747047930.2173634,27,-26,9
1747047930.2533634,88,23,-18
1747047930.2883637,-67,99,-48
1747047930.3233633,-90,43,81
1747047930.3593633,-107,15,-48
1747047930.3943634,-25,-10,-170
1747047930.4303634,22,9,-32
1747047930.4653633,6,60,63
1747047930.5013633,-35,53,129
1747047930.5363634,-21,-42,91
1747047930.5713634,-41,-6,165
1747047930.6143634,-29,-16,93
1747047930.6503634,46,47,47
1747047930.6863637,36,4,3
1747047930.7213633,31,-60,71
1747047930.757363,0,55,3
1747047930.7923634,-93,-39,51
1747047930.8273633,-7,-60,-22
1747047930.8633633,3,-13,-94
1747047930.8983634,-13,-8,61
1747047930.9343634,-7,17,49
1747047930.9693637,10,49,-34
1747047931.0053637,66,73,9
1747047931.0403633,-36,56,-6
1747047931.0753634,-6,34,79
1747047931.1113634,-20,30,5
1747047931.1463633,-43,19,-62
1747047931.1823633,-60,-17,-90
1747047931.2173634,11,-13,11
1747047931.2533634,-34,33,59
1747047931.2883637,-58,-19,25
1747047931.3233633,25,-81,71
1747047931.3593633,-36,21,29
1747047931.3943634,71,-62,37
1747047931.4303634,83,21,59
1747047931.4653633,-22,-20,167
1747047931.500363,-34,0,47
1747047931.5353634,-105,29,43
1747047931.5713634,-36,26,-92
1747047931.6073637,25,-67,49
1747047931.6423633,-18,-27,69
1747047931.678363,-30,-67,49
1747047931.7133634,109,22,-52
1747047931.7483633,3,-16,39
1747047931.783363,39,5,-54
1747047931.8193634,1,29,133
1747047931.8553634,31,27,-14
1747047931.8903637,-34,37,-22
1747047931.9263637,49,6,1
1747047931.9613633,-78,-33,41
1747047931.9963634,52,-40,3
1747047932.0313632,-23,-34,-14
1747047932.0673633,21,-39,95
1747047932.1033633,-64,114,53
1747047932.1383634,-52,-63,-52
1747047932.1743634,-18,48,21
1747047932.2093637,-46,-35,-24
1747047932.2443633,-10,62,37
1747047932.2793634,-54,-21,23
1747047932.3153634,-54,70,-58
1747047932.3513634,15,-19,-32
1747047932.3863633,29,26,27
1747047932.4223633,-24,-1,13
1747047932.4573634,-37,-25,61
1747047932.4923637,50,-109,-58
1747047932.5273633,-42,-69,-26
1747047932.5633633,-46,22,3
1747047932.599363,3,2,45
1747047932.6343634,7,32,7
1747047932.6703634,-32,-29,5
1747047932.7053633,-15,-9,41
1747047932.7403634,26,42,77
1747047932.7753634,-59,24,-46
1747047932.8113637,-45,-1,-60
1747047932.8473637,-36,1,59
1747047932.882363,127,-22,25
1747047932.918363,15,-30,75
1747047932.9533634,-38,23,37
1747047932.9883633,0,11,11
1747047933.0233634,29,-32,53
1747047933.0593634,29,35,-22
1747047933.0953634,21,51,39
1747047933.1303637,-42,-86,-76
1747047933.1663637,35,1,-56
1747047933.201363,174,-70,25
1747047933.2363634,22,-16,69
1747047933.2713633,-37,45,-10
1747047933.3073633,8,-78,13
1747047933.3433633,-22,30,-142
1747047933.3783634,19,-19,27
1747047933.4143634,43,10,-34
1747047933.4493637,0,-37,-50
1747047933.4843633,59,58,11
1747047933.5193634,23,27,121
1747047933.5553634,9,3,175
1747047933.5913634,25,-18,-36
1747047933.6263633,-38,15,75
1747047933.6623633,-80,-34,105
1747047933.6973634,-14,-42,-116
1747047933.7323637,1,77,-116
1747047933.7673633,7,-52,0
1747047933.803363,19,15,-84
1747047933.839363,-25,-26,-46
1747047933.8743634,-118,12,-8
1747047933.9103634,-126,8,21
1747047933.9453633,-30,-22,-14
1747047933.9803634,3,-50,-20
1747047934.0153637,9,83,51
1747047934.0513637,51,-56,39
1747047934.0873632,-9,27,-14
1747047934.122363,-22,-85,19
1747047934.158363,-52,-53,59
1747047934.1933634,-50,-79,-92
1747047934.2283633,-8,28,23
1747047934.2633634,-32,21,95
1747047934.2993634,-4,20,-64
1747047934.3353634,-1,-14,-38
1747047934.3703637,-33,13,143
1747047934.4063632,22,13,31
1747047934.441363,-3,-20,47
1747047934.4763634,-27,-8,1
1747047934.5123634,-21,-5,-60
1747047934.5473633,-41,5,-16
1747047934.5833633,-80,86,11
1747047934.6183634,45,-9,-28
1747047934.6543634,19,88,-68
1747047934.6893632,-8,-17,47
1747047934.724363,-3,72,19
1747047934.760363,-48,15,121
1747047934.7953634,-19,36,47
1747047934.8313634,2,20,-48
1747047934.8663633,-20,21,-50
1747047934.9023633,-10,24,81
1747047934.9373634,49,-127,-114
1747047934.9723637,-34,22,-72
1747047935.0083632,0,36,-50
1747047935.043363,93,-93,15
1747047935.079363,-32,-19,-96
1747047935.1143634,11,2,83
1747047935.1503634,-22,37,-64
1747047935.1853633,5,-2,-30
1747047935.2203634,9,-20,183
1747047935.2563634,-2,-70,-156
1747047935.2913637,5,86,-18
1747047935.3273633,11,-15,-56
1747047935.362363,-2,-29,-20
1747047935.3983634,31,-11,-6
1747047935.4333634,29,-27,25
1747047935.4683633,-32,-5,-2
1747047935.5043633,11,80,-10
1747047935.5393634,9,42,7
1747047935.5753634,-26,36,41
1747047935.6103632,-16,-79,-6
1747047935.6463633,99,38,-96
1747047935.681363,-36,-19,-202
1747047935.7163634,-78,-35,79
1747047935.7523634,39,-51,55
1747047935.7873633,7,52,-62
1747047935.8233633,40,25,-52
1747047935.8583634,46,17,-52
1747047935.8943634,-36,-25,-28
1747047935.9293633,27,-35,7
1747047935.964363,31,-51,-42
1747047936.000363,-48,-97,57
1747047936.0353634,-55,-51,-24
1747047936.0713634,-41,-17,25
1747047936.1063633,-17,42,26
1747047936.1423633,-21,-10,14
1747047936.178363,19,32,36
1747047936.2133634,94,-43,66
1747047936.2483633,-63,24,-93
1747047936.2843633,-1,8,-25
1747047936.3203633,-6,21,-91
1747047936.3553634,0,-10,-9
1747047936.3913634,101,-8,66
1747047936.4263637,27,-4,8
1747047936.4613633,1,-60,42
1747047936.4963634,-20,-68,98
1747047936.5323634,45,-38,-5
1747047936.5683634,-6,2,2
1747047936.6033633,-40,-28,32
1747047936.6393633,-58,-13,-6
1747047936.6743634,-20,-12,9
1747047936.7093637,-12,-11,135
1747047936.7443633,17,-26,0
1747047936.780363,65,-33,154
1747047936.816363,-4,30,-76
1747047936.8513634,5,5,-70
1747047936.8873634,-48,-30,24
1747047936.9223633,-46,-37,72
1747047936.9573634,-30,-15,52
1747047936.9923637,33,-43,-3
1747047937.0283637,-50,34,63
1747047937.0643632,-24,-13,-57
1747047937.099363,7,-41,-111
1747047937.135363,-46,-17,112
1747047937.1703634,-70,-5,-119
1747047937.2053633,-62,0,-31
1747047937.2403634,11,26,-17
1747047937.2763634,8,2,-27
1747047937.3123634,-27,-59,2
1747047937.3473637,-57,18,70
1747047937.3833632,31,-19,24
1747047937.418363,-50,18,76
1747047937.4533634,27,-19,25
1747047937.4883633,55,31,-48
1747047937.5243633,-112,-6,-10
1747047937.5603633,40,-52,104
1747047937.5953634,15,-28,1
1747047937.6313634,25,27,18
1747047937.6663637,29,39,20
1747047937.701363,-17,-66,-61
1747047937.7363634,-7,63,4
1747047937.7723634,23,50,22
1747047937.8083634,-20,39,-61
1747047937.8433633,63,-38,2
1747047937.8793633,-14,33,140
1747047937.9143634,-24,3,8
1747047937.9493637,13,21,-51
1747047937.9843633,-76,-74,68
1747047938.020363,-108,0,64
1747047938.056363,-30,-26,-27
1747047938.0913634,11,65,-5
1747047938.1273634,25,3,62
1747047938.1623633,-54,-66,92
1747047938.1973634,-20,39,12
1747047938.2323637,19,0,-43
1747047938.2683637,37,-56,-155
1747047938.3043633,-57,-23,-9
1747047938.339363,49,43,92
1747047938.375363,50,54,-41
1747047938.4103634,-17,-75,-53
1747047938.4453633,-42,-9,-63
1747047938.4803634,-60,26,30
1747047938.5163634,2,-75,92
1747047938.5523634,-22,22,46
1747047938.5873632,51,-29,16
1747047938.6233633,37,24,-100
1747047938.658363,-30,-85,-17
1747047938.6933634,12,-75,60
1747047938.7283633,10,-43,-7
1747047938.7643633,-89,-23,26
1747047938.8003633,51,0,-45
1747047938.8353634,-96,36,156
1747047938.8713634,28,40,50
1747047938.9063632,-54,-95,-3
1747047938.941363,61,42,-1
1747047938.9763634,-48,-62,40
1747047939.0123634,-75,-36,154
1747047939.0483634,17,-15,28
1747047939.0833633,-40,37,90
1747047939.1193633,15,-60,-67
1747047939.1543634,30,43,-39
1747047939.1893632,2,-12,-75
1747047939.2253633,-50,-5,-85
1747047939.260363,-54,23,64
1747047939.2963634,-28,-90,10
1747047939.3313634,27,0,-77
1747047939.3673637,53,61,20
1747047939.4023633,-20,-42,84
1747047939.4373634,-10,58,56
1747047939.4733634,43,-31,102
1747047939.5083632,-18,-25,-23
1747047939.5443633,-6,40,72
1747047939.579363,29,-52,-7
1747047939.6153634,19,-14,30
1747047939.6503634,9,45,-23
1747047939.6853633,78,21,160
1747047939.7213633,-61,69,48
1747047939.7563634,-11,-10,54
1747047939.7923634,-3,27,-37
1747047939.8273633,58,73,78
1747047939.8633633,56,-8,7
1747047939.8983634,37,1,-2
1747047939.9333634,43,-42,20
1747047939.9693637,-54,27,16
1747047940.0043633,-30,59,-53
1747047940.0403633,37,29,-47
1747047940.0753634,19,19,11
1747047940.1113634,11,-6,53
1747047940.1463633,-6,-2,-9
1747047940.181363,-34,-6,76
1747047940.2173634,48,-45,189
1747047940.2523634,-38,-4,-190
1747047940.2883637,79,5,-46
1747047940.3233633,85,65,-86
1747047940.3593633,45,-38,-32
1747047940.3943634,-14,63,-4
1747047940.4293633,-46,-59,43
1747047940.4653633,31,-1,40
1747047940.500363,37,-2,63
1747047940.5363634,-16,1,-16
1747047940.5713634,-28,22,7
1747047940.6073637,-30,23,70
1747047940.6493633,47,-32,38
1747047940.6853633,-2,0,164
1747047940.7213633,-60,5,80
1747047940.7563634,-38,71,-17
1747047940.7923634,-20,3,-29
1747047940.8273633,-14,33,-105
1747047940.862363,11,21,-35
1747047940.8973634,70,-24,89
1747047940.9333634,26,83,-56
1747047940.9693637,1,51,-18
1747047941.0043633,20,-18,31
1747047941.0403633,-32,31,21
1747047941.0753634,21,-48,115
1747047941.1103632,-54,-2,21
1747047941.145363,-81,-103,-4
1747047941.181363,34,8,143
1747047941.2173634,2,18,62
1747047941.2523634,-3,0,-35
1747047941.2883637,-22,88,111
1747047941.3233633,41,-117,22
1747047941.3583634,21,-34,-4
1747047941.3933637,-5,22,7
1747047941.4293633,46,-43,24
1747047941.4653633,-51,-25,152
1747047941.500363,-7,-6,-141
1747047941.5363634,2,11,90
1747047941.5713634,-1,51,-57
1747047941.6063633,25,-58,122
1747047941.6413634,-28,-18,-7
1747047941.6773634,61,22,52
1747047941.7133634,2,89,-27
1747047941.7483633,-67,-16,2
1747047941.7843633,-50,-1,68
1747047941.8193634,-25,-34,-67
1747047941.8543634,53,-77,40
1747047941.8893633,-95,-44,74
1747047941.9253633,-17,-22,42
1747047941.9613633,26,78,-101
1747047941.9963634,62,52,-3
1747047942.0323634,-35,12,190
1747047942.0673633,-27,66,-7
1747047942.102363,54,-77,-37
1747047942.1373634,70,-19,54
1747047942.1733634,-5,-57,96
1747047942.2093637,3,50,42
1747047942.2443633,-24,-21,122
1747047942.280363,-46,-55,-81
1747047942.3153634,-6,4,-61
1747047942.3503633,31,20,78
1747047942.385363,-61,2,168
1747047942.4213634,78,34,-45
1747047942.4573634,-61,0,16
1747047942.4923637,-81,2,62
1747047942.5283637,8,44,6
1747047942.5633633,32,37,-51
1747047942.5983634,66,-25,-97
1747047942.6333632,12,30,-105
1747047942.6693633,63,-51,-47
1747047942.7053633,-6,8,36
1747047942.7403634,3,22,-93
1747047942.7763634,-16,20,10
1747047942.8113637,-21,-89,36
1747047942.8463633,23,24,64
1747047942.8813634,32,-53,-83
1747047942.9173634,-4,-30,-5
1747047942.9533634,18,24,-61
1747047942.9883633,15,-22,-49
1747047943.0243633,-35,-29,78
1747047943.0593634,42,4,-65
1747047943.0943637,-25,-21,58
1747047943.1293633,-150,11,14
1747047943.1653633,1,-42,44
1747047943.201363,-57,14,34
1747047943.2363634,-19,14,-37
1747047943.2723634,-7,-33,60
1747047943.3073633,-65,-31,-31
1747047943.3423634,46,40,-1
1747047943.3773634,-65,50,58
1747047943.4133637,-49,-35,-17
1747047943.4493637,-28,-31,6
1747047943.4843633,22,-18,-77
1747047943.520363,-19,19,86
1747047943.5553634,-42,-68,40
1747047943.5903633,-82,104,14
1747047943.625363,32,-26,-49
1747047943.6613634,32,-62,64
1747047943.6973634,33,-2,106
1747047943.7323637,-4,-59,0
1747047943.7683637,21,-18,-23
1747047943.803363,-46,-64,-17
1747047943.8383634,-25,-58,-44
1747047943.8743634,-9,12,11
1747047943.9093633,57,-16,21
1747047943.9453633,80,32,23
1747047943.9803634,-35,-51,-94
1747047944.0163634,-53,-46,-100
1747047944.0513637,-35,-76,56
1747047944.0863633,26,-44,-127
1747047944.122363,6,7,-17
1747047944.1573634,42,-62,-53
1747047944.1933634,-56,2,-71
1747047944.2283633,40,-12,-141
1747047944.2643633,20,-44,-115
1747047944.2993634,1,15,4
1747047944.3343637,5,-32,-33
1747047944.3703637,-20,-42,52
1747047944.405363,37,17,20
1747047944.441363,-34,-14,58
1747047944.4763634,63,23,-47
1747047944.5123634,-29,-56,86
1747047944.5473633,86,20,18
1747047944.5823634,6,34,74
1747047944.6183634,-44,-22,66
1747047944.6533637,64,61,62
1747047944.6893632,12,-38,-33
1747047944.724363,50,-35,2
1747047944.760363,27,-36,72
1747047944.7953634,31,23,-25
1747047944.8303633,4,-18,-55
1747047944.8663633,0,29,-69
1747047944.9013634,-40,-52,80
1747047944.9373634,-8,65,44
1747047944.9723637,-24,55,62
1747047945.0083632,-31,-4,54
1747047945.043363,40,-22,30
1747047945.0783634,-23,27,4
1747047945.1143634,-7,-8,-29
1747047945.1493633,-69,-28,-19
1747047945.1853633,40,-4,-43
1747047945.2203634,16,-30,48
1747047945.2563634,11,-17,-17
1747047945.2913637,-72,-37,86
1747047945.326363,-62,-63,8
1747047945.362363,19,-9,12
1747047945.3973634,-32,-11,14
1747047945.4333634,45,56,-1
1747047945.4683633,-50,-41,106
1747047945.5033634,37,-87,0
1747047945.5383637,40,-37,18
1747047945.5743637,-39,12,2
1747047945.6103632,58,66,6
1747047945.645363,10,4,-51
1747047945.681363,58,-3,-3
1747047945.7163634,70,-41,1
1747047945.7513633,-3,-73,-58
1747047945.7863634,44,-9,117
1747047945.8223634,-56,77,-118
1747047945.8583634,13,-26,31
1747047945.8933637,-17,62,35
1747047945.9293633,9,5,101
1747047945.964363,0,-11,21
1747047945.9993634,-35,-1,51
1747047946.0343633,10,-15,60
1747047946.0703633,75,-60,22
1747047946.1063633,-32,-24,2
1747047946.1413634,-36,35,-5
1747047946.1773634,35,27,-75
1747047946.2123632,23,23,-57
1747047946.247363,-47,9,68
1747047946.2823634,48,-32,110
1747047946.3183634,36,-32,-11
1747047946.3543634,32,-14,-123
1747047946.3893633,0,-52,60
1747047946.4253633,-34,17,-47
1747047946.4603634,75,-24,40
1747047946.4953637,5,14,-55
1747047946.530363,-3,-44,46
1747047946.566363,-53,-4,8
1747047946.602363,-40,-75,-97
1747047946.6373634,23,-41,168
1747047946.6733634,-9,-6,164
1747047946.7083633,10,55,8
1747047946.7433634,18,5,14
1747047946.7783637,36,19,62
1747047946.8143632,-29,23,30
1747047946.8503633,28,34,0
1747047946.885363,50,74,82
1747047946.9213634,-75,-28,68
1747047946.9563634,30,47,-17
1747047946.9913633,2,-18,28
1747047947.0263634,90,23,106
1747047947.0623634,28,37,-7
1747047947.0983634,-1,3,-35
1747047947.1333632,14,-44,-113
1747047947.1693633,6,-14,0
1747047947.204363,-68,-24,52
1747047947.2393634,0,-74,-65
1747047947.2743633,8,25,2
1747047947.3103633,-37,-52,64
1747047947.3463633,26,-2,62
1747047947.3813634,10,38,-139
1747047947.4173634,-31,-75,-99
1747047947.4523633,-1,-17,1
1747047947.487363,-21,-73,-114
1747047947.5223634,62,-17,5
1747047947.5583634,26,-63,24
1747047947.5943637,74,-21,-63
1747047947.6293633,-53,108,-26
1747047947.6653633,42,16,27
1747047947.7003634,42,12,-100
1747047947.7353632,5,28,-20
1747047947.770363,-1,18,28
1747047947.806363,82,-53,86
1747047947.8423634,-91,71,-5
1747047947.8773634,-25,14,34
1747047947.9133637,2,-81,-19
1747047947.9483633,-11,58,-57
1747047947.9833634,-43,64,-23
1747047948.0183637,-39,-75,-7
1747047948.0543633,18,-84,-63
1747047948.0903633,54,-27,130
1747047948.125363,38,-37,66
1747047948.1613634,38,-37,14
1747047948.1963634,29,29,0
1747047948.2313633,17,-20,136
1747047948.2663634,17,-62,55
1747047948.3023634,15,-50,3
1747047948.3383634,19,77,-18
1747047948.3733633,24,-9,20
1747047948.4093633,2,64,138
1747047948.4443634,72,-9,-31
1747047948.4793634,17,25,16
1747047948.5153637,37,21,36
1747047948.5503633,41,1,70
1747047948.5863633,37,71,-31
1747047948.6213634,-58,58,-107
1747047948.6573634,-29,14,69
1747047948.6923633,56,-3,111
1747047948.727363,20,-45,44
1747047948.7633634,12,-65,-84
1747047948.7983634,-20,32,35
1747047948.8343637,-97,-52,27
1747047948.8693633,28,90,-18
1747047948.905363,-13,-75,-52
1747047948.9403634,45,60,34
1747047948.9753633,29,124,86
1747047949.0113633,53,-22,62
1747047949.0463634,1,25,-15
1747047949.0823634,0,42,63
1747047949.1173637,-47,-15,-29
1747047949.1533637,-67,-43,30
1747047949.1883633,18,-39,100
1747047949.2233634,-3,-33,-9
1747047949.2593634,16,-27,84
1747047949.2943633,-5,12,-21
1747047949.3303633,102,-41,26
1747047949.3653634,13,22,112
1747047949.4013634,18,-41,76
1747047949.4363637,0,-65,62
1747047949.4713633,17,-31,-5
1747047949.507363,57,-17,24
1747047949.5423634,36,-44,38
1747047949.5783634,20,36,52
1747047949.6133633,-15,-17,2
1747047949.6493633,-5,-45,21
1747047949.6843634,32,16,-124
1747047949.7193637,76,-69,51
1747047949.7553637,43,-43,36
1747047949.7903633,62,-49,122
1747047949.826363,93,36,20
1747047949.8613634,27,-1,-17
1747047949.8973634,65,-11,60
1747047949.9323633,-18,-11,-87
1747047949.9673634,-46,86,114
1747047950.0033634,35,-39,8
1747047950.0383637,-41,6,28
1747047950.0743637,-29,-27,-19
1747047950.1093633,46,44,42
1747047950.145363,-49,0,59
1747047950.181363,16,98,73
1747047950.2163634,46,-33,27
1747047950.2513633,70,21,173
1747047950.2873633,42,-28,-34
1747047950.3233633,22,15,-31
1747047950.3583634,30,-54,-119
1747047950.3943634,-49,-70,29
1747047950.4293633,-35,-20,46
1747047950.464363,-54,47,92
1747047950.4993634,26,-6,20
1747047950.5353634,-3,43,63
1747047950.5713634,71,-16,-9
1747047950.6063633,49,-22,44
1747047950.6423633,15,25,34
1747047950.6843634,7,37,96
1747047950.7203634,33,-36,36
1747047950.7553637,19,45,24
1747047950.7913637,83,88,54
1747047950.8273633,16,49,88
1747047950.862363,85,33,-105
1747047950.8983634,29,-82,79
1747047950.9333634,-62,25,7
1747047950.9683633,56,-18,47
1747047951.0033634,-12,27,71
1747047951.0393634,-52,-28,97
1747047951.0753634,101,-28,39
1747047951.1103632,31,33,-41
1747047951.1463633,28,-15,13
1747047951.181363,65,-2,-16
1747047951.2163634,-25,30,81
1747047951.2513633,-46,-18,-160
1747047951.2873633,3,-28,9
1747047951.3233633,29,-54,86
1747047951.3583634,-18,13,96
1747047951.3943634,-43,5,-75
1747047951.4293633,-57,7,12
1747047951.464363,80,45,78
1747047951.4993634,-79,15,92
1747047951.5353634,1,-32,-19
1747047951.5713634,3,-6,-25
1747047951.6063633,-8,37,106
1747047951.6423633,10,35,100
1747047951.6773634,56,15,22
1747047951.7123632,-111,-20,56
1747047951.747363,-37,39,-23
1747047951.783363,12,-62,-15
1747047951.8193634,12,37,34
1747047951.8543634,-39,-30,46
1747047951.8903637,-39,65,32
1747047951.9253633,-7,28,-59
1747047951.9603634,-47,-31,14
1747047951.9953637,62,23,-51
1747047952.0313632,34,25,14
1747047952.0673633,82,-6,84
1747047952.102363,36,-68,-41
1747047952.1383634,-51,-18,-161
1747047952.1733634,26,-7,-169
1747047952.2083633,15,38,22
1747047952.2433634,38,-60,78
1747047952.2793634,-111,-18,70
1747047952.3153634,36,-38,-73
1747047952.3503633,-7,-51,-29
1747047952.3863633,-39,-49,78
1747047952.4213634,-31,-7,40
1747047952.4563634,-59,-48,42
1747047952.4913633,42,-116,-63
1747047952.5273633,-51,61,-7
1747047952.5633633,69,11,24
1747047952.5983634,-10,39,-5
1747047952.6343634,-16,41,38
1747047952.6693633,-67,6,-9
1747047952.704363,-43,36,-71
1747047952.7393634,29,-66,104
1747047952.7753634,51,49,20
1747047952.8113637,-38,-44,24
1747047952.8463633,-28,47,24
1747047952.882363,-41,-1,-87
1747047952.9173634,-1,14,-71
1747047952.9523633,-77,-23,12
1747047952.987363,-23,-3,92
1747047953.0233634,-23,52,-15
1747047953.0593634,-31,-29,-23
1747047953.0943637,41,-8,32
1747047953.1303637,7,-44,70
1747047953.1653633,-10,0,-9
1747047953.2003634,25,54,48
1747047953.2363634,53,-31,2
1747047953.2713633,43,65,62
1747047953.3073633,-56,-3,28
1747047953.3423634,21,-64,-17
1747047953.3783634,-20,25,30
1747047953.4133637,-36,-22,-3
1747047953.4483633,-6,-22,16
1747047953.4843633,75,-62,-95
1747047953.5193634,19,13,52
1747047953.5553634,-28,-26,54
1747047953.5903633,57,-56,-57
1747047953.6263633,44,-14,92
1747047953.6613634,-25,21,-1
1747047953.6963634,-74,49,22
1747047953.7323637,-45,60,-105
1747047953.7673633,-49,-23,-1
1747047953.803363,50,-1,108
1747047953.8383634,72,-41,20
1747047953.8743634,-31,72,102
1747047953.9093633,-41,46,30
1747047953.9443634,28,6,36
1747047953.9803634,16,-35,-7
1747047954.0153637,-55,-109,82
1747047954.0513637,28,42,2
1747047954.0863633,16,-113,-11
1747047954.122363,-47,-1,46
1747047954.1573634,8,-47,-75
1747047954.1923633,-27,14,-69
1747047954.2283633,-35,32,-47
1747047954.2633634,42,0,150
1747047954.2993634,-66,3,-69
1747047954.3343637,5,10,-41
1747047954.3703637,-72,-16,-112
1747047954.405363,-52,-1,-142
1747047954.4403634,-50,64,91
1747047954.4763634,-66,58,25
1747047954.5113633,-22,-13,-12
1747047954.5473633,-20,52,-93
1747047954.5823634,3,-34,4
1747047954.6183634,-94,5,-55
1747047954.6533637,45,-33,-23
1747047954.6883633,-14,-20,-67
1747047954.724363,-44,-44,-9
1747047954.7593634,39,5,0
1747047954.7953634,-6,0,19
1747047954.8303633,-70,29,-32
1747047954.8653634,-48,-66,11
1747047954.9003634,21,37,58
1747047954.9363637,5,-4,32
1747047954.9723637,21,17,-31
1747047955.007363,-94,17,6
1747047955.043363,21,-4,54
1747047955.0783634,20,33,101
1747047955.1133633,-1,-60,-6
1747047955.1483634,17,-8,35
1747047955.1843634,65,-60,-20
1747047955.2203634,88,-15,117
1747047955.2553637,50,18,57
1747047955.2913637,-23,34,-16
1747047955.326363,-19,-55,98
1747047955.3613634,79,-58,11
1747047955.3963633,9,27,79
1747047955.4323633,-65,-17,77
1747047955.4683633,-53,21,31
1747047955.5033634,-53,13,77
1747047955.5393634,70,69,-44
1747047955.5743637,-79,-36,-12
1747047955.6093633,26,9,47
1747047955.6443634,-11,5,-29
1747047955.6803634,-21,-8,14
1747047955.7163634,-13,-14,34
1747047955.7513633,14,-22,34
1747047955.7873633,-41,7,32
1747047955.8223634,-13,13,-31
1747047955.8573637,24,57,-117
1747047955.8923633,56,15,28
1747047955.928363,73,20,118
1747047955.964363,-1,76,80
1747047955.9993634,54,-73,20
1747047956.0353634,-45,-69,18
1747047956.0703633,24,18,-13
1747047956.1053634,-15,18,82
1747047956.1403637,11,56,72
1747047956.1763637,47,-15,56
1747047956.2123632,25,16,42
1747047956.247363,3,-9,20
1747047956.283363,-14,6,96
1747047956.3183634,-2,12,68
1747047956.3533633,11,48,-59
1747047956.3883634,-20,-41,-21
1747047956.4243634,-42,46,-47
1747047956.4603634,18,38,50
1747047956.4953637,20,-47,-11
1747047956.5313632,58,-41,86
1747047956.566363,-29,-9,63
1747047956.6013634,-85,28,-33
1747047956.6363633,-35,-27,141
1747047956.6723633,44,-27,23
1747047956.7083633,-29,-29,-152
1747047956.7433634,-48,-4,-22
1747047956.7793634,0,-74,15
1747047956.8143632,-40,57,-5
1747047956.849363,65,73,-165
1747047956.8843634,-2,-50,46
1747047956.9203634,47,5,32
1747047956.9563634,-4,19,84
1747047956.9913633,-36,-61,-55
1747047957.0273633,-6,-14,-93
1747047957.0623634,65,-46,34
1747047957.0973637,10,2,64
1747047957.132363,16,-5,28
1747047957.168363,22,40,28
1747047957.204363,-9,-1,-55
1747047957.2393634,-20,-43,110
1747047957.2753634,-8,-17,-58
1747047957.3103633,51,0,-9
1747047957.3453634,-6,38,126
1747047957.3803637,-48,-31,16
1747047957.4163637,55,16,26
1747047957.4523633,-18,-60,74
1747047957.487363,-4,-36,-141
1747047957.5233634,47,70,-30
1747047957.5583634,29,20,53
1747047957.5933633,-28,-3,-126
1747047957.6283634,21,-9,47
1747047957.6643634,33,37,15
1747047957.7003634,-34,17,-24
1747047957.7353632,35,20,33
1747047957.7713633,47,29,-16
1747047957.806363,-24,46,91
1747047957.8413634,5,-3,71
1747047957.8773634,13,30,64
1747047957.9123633,7,-71,-49
1747047957.9483633,0,-17,2
1747047957.9833634,-55,-67,92
1747047958.0193634,48,66,-73
1747047958.0543633,44,28,72
1747047958.089363,16,-67,60
1747047958.125363,31,2,-75
1747047958.1603634,-8,68,-23
1747047958.1963634,87,20,-37
1747047958.2313633,-12,8,50
1747047958.2673633,-54,78,-19
1747047958.3023634,5,-51,-15
1747047958.3373632,-14,66,-18
1747047958.3733633,-74,36,7
1747047958.408363,-32,68,44
1747047958.4443634,-28,18,-29
1747047958.4793634,-82,-59,9
1747047958.5153637,-40,-23,35
1747047958.5503633,-64,38,47
1747047958.5853634,29,-27,63
1747047958.6213634,20,32,14
1747047958.6563632,31,62,-81
1747047958.6923633,37,-1,-115
1747047958.727363,-20,24,54
1747047958.7633634,3,0,-58
1747047958.7983634,-12,-39,-60
1747047958.8333633,51,28,13
1747047958.8693633,85,-27,95
1747047958.9043634,-40,48,-97
1747047958.9403634,63,-67,32
1747047958.9753633,21,-29,64
1747047959.0113633,33,-23,-45
1747047959.0463634,-10,-40,2
1747047959.0813634,-21,-63,72
1747047959.1173637,-23,-13,34
1747047959.1523633,12,28,-5
1747047959.1883633,-29,88,-88
1747047959.2233634,-27,-25,11
1747047959.2593634,8,-79,-148
1747047959.2943633,-81,42,-62
1747047959.329363,-4,-9,-65
1747047959.3653634,7,58,-25
1747047959.4003634,11,-61,-7
1747047959.4363637,-66,90,100
1747047959.4713633,0,6,-61
1747047959.507363,5,-45,2
1747047959.543363,18,6,6
1747047959.579363,24,-25,176
1747047959.6143634,48,-21,10
1747047959.6493633,95,-5,38
1747047959.6853633,-47,25,50
1747047959.7203634,-53,-29,38
1747047959.7563634,54,-17,8
1747047959.7913637,1,76,54
1747047959.826363,-9,-76,80
1747047959.8613634,-22,-41,0
1747047959.8973634,-62,-45,12
1747047959.9333634,-38,-15,-17
1747047959.9683633,-15,46,116
1747047960.0043633,-11,6,-9
1747047960.0393634,18,-7,68
1747047960.0743637,-29,60,-3
1747047960.1093633,20,-39,-15
1747047960.145363,-23,-11,32
1747047960.181363,-27,18,-13
1747047960.2163634,-7,-47,146
1747047960.2523634,-73,-70,-13
1747047960.2873633,31,14,-85
1747047960.3223634,28,-34,42
1747047960.3573637,-41,15,18
1747047960.3933637,-50,-23,56
1747047960.4293633,-18,-7,10
1747047960.464363,43,-93,-57
1747047960.500363,23,2,-27
1747047960.5353634,-66,-1,-19
1747047960.5703633,0,2,178
1747047960.6053634,37,-33,84
1747047960.6413634,5,-45,12
1747047960.6773634,9,-17,112
1747047960.7193637,59,-33,-79
1747047960.7563634,-8,-12,79
1747047960.7913637,-14,-28,39
1747047960.826363,3,-19,0
1747047960.8613634,69,1,-24
1747047960.8973634,41,30,-17
1747047960.9333634,-26,20,-14
1747047960.9683633,47,48,-34
1747047961.0043633,6,-50,41
1747047961.0393634,-38,-58,-22
1747047961.0743637,-26,-42,-22
1747047961.1093633,34,-40,5
1747047961.145363,68,-42,42
1747047961.181363,-21,69,-30
1747047961.2163634,-41,35,45
1747047961.2523634,26,-48,9
1747047961.2873633,-73,-16,57
1747047961.3223634,-41,-8,33
1747047961.3573637,88,5,-32
1747047961.3933637,-35,-29,-71
1747047961.4293633,-31,4,-37
1747047961.464363,-49,-28,42
1747047961.500363,-31,17,96
1747047961.5353634,-7,71,44
1747047961.5703633,68,-6,21
1747047961.6053634,-39,25,63
1747047961.6413634,46,31,-88
1747047961.6773634,23,-41,-11
1747047961.7123632,-8,-39,27
1747047961.7483633,53,54,2
1747047961.783363,-22,36,-38
1747047961.8183634,67,-85,-69
1747047961.8533633,-36,-9,60
1747047961.8893633,45,85,-84
1747047961.9253633,-40,89,-11
1747047961.9603634,-19,16,-9
1747047961.9963634,-50,43,-25
1747047962.0313632,26,-53,-33
1747047962.066363,53,7,-71
1747047962.1013634,7,-72,74
1747047962.1373634,-12,-14,-45
1747047962.1733634,-20,67,-67
1747047962.2083633,61,-42,-53
1747047962.2443633,8,63,112
1747047962.2793634,37,-50,70
1747047962.3143632,-36,-24,-15
1747047962.349363,71,0,-97
1747047962.385363,-14,-10,-37
1747047962.4213634,101,31,-29
1747047962.4563634,57,13,80
1747047962.4923637,-52,-14,88
1747047962.5273633,-1,60,-1
1747047962.5623634,-23,20,78
1747047962.5983634,-47,35,52
1747047962.6333632,96,87,10
1747047962.6693633,-45,67,-11
1747047962.704363,59,-32,18
1747047962.7403634,1,59,-1
1747047962.7753634,47,-20,-63
1747047962.8103633,85,-54,40
1747047962.8463633,-18,-54,86
1747047962.8813634,0,17,-67
1747047962.9173634,-76,37,-25
1747047962.9523633,-32,1,74
1747047962.9883633,41,45,-11
1747047963.0233634,-13,11,-21
1747047963.0583634,-69,51,14
1747047963.0943637,-16,-6,76
1747047963.1293633,19,-38,-13
1747047963.1653633,-10,-58,114
1747047963.2003634,11,-26,-21
1747047963.2363634,-68,-2,40
1747047963.2713633,9,11,30
1747047963.306363,-58,43,0
1747047963.3423634,-84,-2,45
1747047963.3773634,-74,47,62
1747047963.4133637,-69,24,-39
1747047963.4483633,-1,52,20
1747047963.4843633,94,12,-61
1747047963.5193634,-42,28,-76
1747047963.5543633,33,40,-44
1747047963.5903633,7,54,-116
1747047963.625363,1,-49,-20
1747047963.6613634,-56,-5,-18
1747047963.6963634,-30,16,-25
1747047963.7323637,-96,4,-12
1747047963.7673633,1,-35,-6
1747047963.8023634,-41,-34,-90
1747047963.8383634,24,-44,93
1747047963.8733633,46,3,18
1747047963.9093633,-58,41,98
1747047963.9443634,33,-30,-9
1747047963.9803634,9,-36,18
1747047964.0153637,69,33,44
1747047964.0503633,-18,25,44
1747047964.0863633,55,45,-63
1747047964.1213634,-54,5,12
1747047964.1573634,47,-72,98
1747047964.1923633,25,35,-35
1747047964.227363,-74,77,54
1747047964.2623634,-6,-134,48
1747047964.2983634,79,52,72
1747047964.3343637,7,12,82
1747047964.3693633,39,-85,4
1747047964.405363,-12,68,21
1747047964.4403634,8,0,17
1747047964.4753633,10,1,-52
1747047964.510363,34,1,-4
1747047964.5463634,22,-22,-15
1747047964.5823634,36,-15,104
1747047964.6173637,-55,-13,134
1747047964.6533637,14,-23,-43
1747047964.6883633,2,-17,-33
1747047964.7233634,6,-13,-33
1747047964.7583632,60,8,-65
1747047964.7943633,-57,4,84
1747047964.8303633,-29,-41,30
1747047964.8653634,-11,-39,86
1747047964.9013634,-47,14,16
1747047964.9363637,88,-3,46
1747047964.9713633,-85,78,78
1747047965.0063634,84,-1,46
1747047965.0423634,4,-47,126
1747047965.0783634,16,14,54
1747047965.1133633,48,-29,-73
1747047965.1493633,-1,66,114
1747047965.1843634,4,6,24
1747047965.2193637,84,-35,18
1747047965.2543633,-19,18,42
1747047965.2903633,-19,-21,46
1747047965.326363,90,-49,72
1747047965.3613634,-61,92,32
1747047965.3973634,-23,32,56
1747047965.4323633,-13,34,-17
1747047965.4673634,58,-39,16
1747047965.5023634,14,108,-57
1747047965.5383637,-29,-15,-15
1747047965.5743637,6,-57,74
1747047965.6093633,11,103,26
1747047965.645363,-27,-13,-5
1747047965.6803634,70,22,14
1747047965.7153633,22,18,53
1747047965.750363,0,28,-79
1747047965.7863634,4,53,124
1747047965.8223634,18,38,-27
1747047965.8573637,22,-30,48
1747047965.8933637,-55,42,20
1747047965.928363,-43,-17,-29
1747047965.9633634,8,21,54
1747047965.9983633,36,-23,-7
1747047966.0343633,69,60,30
1747047966.0703633,83,-21,34
1747047966.1053634,49,-35,113
1747047966.1413634,13,6,81
1747047966.1763637,41,-19,84
1747047966.2113633,30,-21,-21
1747047966.2463634,0,-7,53
1747047966.2823634,52,25,89
1747047966.3183634,48,-98,80
1747047966.3533633,-55,-10,-52
1747047966.3893633,-1,-20,47
1747047966.4243634,18,-30,-49
1747047966.4593637,56,59,-13
1747047966.4943633,12,-24,-23
1747047966.530363,14,18,-75
1747047966.566363,-46,5,47
1747047966.6013634,11,41,-6
1747047966.6373634,46,58,44
1747047966.6723633,-88,79,-37
1747047966.7073634,29,-3,93
1747047966.7423637,65,-51,23
1747047966.7783637,-20,-53,-36
1747047966.8143632,35,-1,140
1747047966.849363,15,-1,92
1747047966.885363,1,-37,78
1747047966.9203634,15,14,76
1747047966.9553633,-38,-85,-79
1747047966.9903634,-46,40,-7
1747047967.0263634,-14,18,78
1747047967.0623634,23,-87,38
1747047967.0973637,-16,-95,0
1747047967.1333632,-60,28,-85
1747047967.168363,19,-49,56
1747047967.2033634,-6,-77,56
1747047967.2393634,92,-9,-141
1747047967.2743633,-72,3,-45
1747047967.3103633,31,-47,-3
1747047967.3453634,3,-26,90
1747047967.3813634,17,39,-31
1747047967.4163637,75,-32,-45
1747047967.451363,51,27,4
1747047967.487363,69,7,70
1747047967.5223634,16,83,24
1747047967.5583634,-42,25,84
1747047967.5933633,-40,11,-55
1747047967.6293633,43,18,-101
1747047967.6643634,13,27,22
1747047967.6993637,21,-10,104
1747047967.7353632,11,43,-31
1747047967.770363,4,-44,28
1747047967.806363,35,-2,14
1747047967.8413634,21,-30,50
1747047967.8773634,48,7,0
1747047967.9123633,-30,70,44
1747047967.9473634,9,-21,-91
1747047967.9833634,21,50,24
1747047968.0183637,51,60,34
1747047968.0543633,-4,34,-4
1747047968.089363,-51,36,33
1747047968.125363,46,2,76
1747047968.1603634,14,-31,123
1747047968.1953633,12,-1,60
1747047968.2313633,22,50,30
1747047968.2663634,72,-61,-47
1747047968.3023634,8,-11,18
1747047968.3373632,2,-41,2
1747047968.3733633,20,22,34
1747047968.408363,46,-43,140
1747047968.4433634,30,-49,-29
1747047968.4793634,-3,34,4
1747047968.5143633,-58,18,-39
1747047968.5503633,-49,-29,-9
1747047968.5853634,-73,-82,56
1747047968.6203637,-59,-10,-19
1747047968.655363,-134,46,42
1747047968.691363,17,-9,48
1747047968.727363,56,4,-35
1747047968.7623634,32,64,41
1747047968.7983634,44,12,-49
1747047968.8333633,-51,-39,-92
1747047968.8693633,-19,28,74
1747047968.905363,27,-9,-23
1747047968.9403634,-18,22,36
1747047968.9753633,-116,58,-14
1747047969.0113633,-56,-33,-87
1747047969.0473633,-30,50,28
1747047969.0823634,-47,27,31
1747047969.1183634,4,21,48
1747047969.1533637,1,28,35
1747047969.1883633,42,-38,118
1747047969.2233634,-28,5,206
1747047969.2593634,9,-22,26
1747047969.2953634,49,-18,36
1747047969.3303633,14,-59,74
1747047969.3663633,-25,22,26
1747047969.4013634,-11,-31,66
1747047969.4363637,4,42,104
1747047969.4713633,4,4,-51
1747047969.507363,36,-71,24
1747047969.543363,36,-3,-81
1747047969.5783634,-15,-65,58
1747047969.6143634,52,64,-142
1747047969.6493633,64,-75,-25
1747047969.6843634,36,56,137
1747047969.7193637,-45,30,-102
1747047969.7553637,-9,36,82
1747047969.7913637,15,-5,-73
1747047969.826363,27,2,-5
1747047969.862363,-23,64,106
1747047969.8973634,-9,32,120
1747047969.9323633,30,-65,-25
1747047969.9673634,11,-7,10
1747047970.0033634,-12,-33,44
1747047970.0393634,127,-19,164
1747047970.0743637,73,-15,14
1747047970.1103632,-77,-37,30
1747047970.145363,34,12,12
1747047970.1803634,30,24,18
1747047970.2153633,-7,16,17
1747047970.2513633,56,24,33
1747047970.2873633,16,6,0
1747047970.3223634,-21,40,-64
1747047970.3583634,43,10,-12
1747047970.3933637,-25,-98,0
1747047970.428363,-3,-66,66
1747047970.4633634,34,-21,-58
1747047970.4993634,-51,-49,28
1747047970.5353634,52,30,14
1747047970.5703633,0,0,11
1747047970.6063633,-49,25,3
1747047970.6413634,-83,-20,-54
1747047970.6763637,-35,7,139
1747047970.7113633,2,-10,-2
1747047970.7543633,-120,-11,-21
1747047970.7913637,0,-23,106
1747047970.826363,18,47,36
1747047970.862363,56,-16,-42
1747047970.8973634,58,-62,23
1747047970.9323633,-25,13,2
1747047970.9673634,42,-16,-51
1747047971.0033634,62,19,-39
1747047971.0393634,-12,-73,-121
1747047971.0743637,78,-6,-32
1747047971.1103632,-35,17,-58
1747047971.145363,-52,-8,-16
1747047971.1803634,17,43,90
1747047971.2153633,5,-50,7
1747047971.2513633,-36,-33,70
1747047971.2873633,17,16,40
1747047971.3223634,-111,-34,-15
1747047971.3583634,-5,-30,46
1747047971.3933637,30,-4,-99
1747047971.428363,-7,16,-23
1747047971.4633634,-41,-19,46
1747047971.4993634,-37,-50,-67
1747047971.5353634,-9,37,44
1747047971.5703633,36,-26,80
1747047971.6063633,50,1,-23
1747047971.6413634,56,58,38
1747047971.6763637,44,-45,50
1747047971.7113633,-1,34,80
1747047971.747363,34,0,52
1747047971.783363,-29,22,6
1747047971.8183634,-105,30,122
1747047971.8543634,34,-27,68
1747047971.8893633,6,64,76
1747047971.9243634,-19,-10,184
1747047971.9603634,46,-46,16
1747047971.9953637,2,5,48
1747047972.0313632,-76,18,-49
1747047972.066363,-82,37,34
1747047972.102363,5,78,174
1747047972.1373634,11,41,-67
1747047972.1723633,-22,24,-39
1747047972.2083633,41,32,-49
1747047972.2433634,72,-50,68
1747047972.2793634,37,22,100
1747047972.3143632,39,-4,-7
1747047972.3503633,83,19,-35
1747047972.385363,-10,25,-61
1747047972.4203634,-40,13,44
1747047972.4563634,84,-69,54
1747047972.4913633,28,-5,-63
1747047972.5273633,-38,-14,14
1747047972.5623634,-44,-8,-33
1747047972.5983634,0,-28,-83
1747047972.6333632,7,-20,44
1747047972.668363,-12,-16,-43
1747047972.704363,-30,79,-21
1747047972.7393634,-14,77,68
1747047972.7753634,-49,-54,-13
1747047972.8103633,-9,43,44
1747047972.8463633,23,0,26
1747047972.8813634,-13,7,-13
1747047972.9163637,-3,-48,64
1747047972.9523633,57,30,26
1747047972.987363,69,-9,-11
1747047973.0233634,-64,14,-103
1747047973.0583634,31,21,-47
1747047973.0943637,-22,55,42
1747047973.1293633,7,67,8
1747047973.1643634,13,3,26
1747047973.2003634,-45,-9,104
1747047973.2353632,0,46,-61
1747047973.2713633,0,-57,50
1747047973.306363,-15,32,-61
1747047973.3423634,-35,-24,-57
1747047973.3773634,20,25,16
1747047973.4123633,-12,-6,52
1747047973.4483633,97,-54,66
1747047973.4833634,3,57,90
1747047973.5193634,-2,-50,2
1747047973.5543633,53,36,-71
1747047973.589363,-44,-29,-109
1747047973.6243634,-6,-47,-21
1747047973.6603634,50,59,-31
1747047973.6963634,44,-24,30
1747047973.7313633,-14,-11,-21
1747047973.7673633,11,-33,-9
1747047973.8023634,5,30,40
1747047973.8373632,-28,-71,32
1747047973.872363,-6,4,-68
1747047973.908363,37,-35,129
1747047973.9443634,-46,-29,66
1747047973.9793634,29,28,40
1747047974.0153637,11,6,0
1747047974.0503633,-48,16,30
1747047974.0853634,-11,-73,-11
1747047974.1203637,35,-91,50
1747047974.1563632,-8,-14,-23
1747047974.1923633,-36,-26,-39
1747047974.227363,73,-20,2
1747047974.2633634,-18,0,50
1747047974.2983634,13,11,22
1747047974.3333633,160,43,14
1747047974.3683634,-20,63,-28
1747047974.4043634,34,92,61
1747047974.4403634,-7,56,98
1747047974.4753633,16,-13,119
1747047974.5113633,41,-11,-9
1747047974.5463634,-24,-28,-102
1747047974.5813634,-22,10,-43
1747047974.6163633,-18,8,-11
1747047974.6523633,39,-59,14
1747047974.6883633,57,-51,-47
1747047974.7233634,31,12,40
1747047974.7593634,-21,48,-31
1747047974.7943633,-45,22,-33
1747047974.829363,-80,-21,6
1747047974.8643634,-6,28,24
1747047974.9003634,-8,30,10
1747047974.9363637,5,-65,-85
1747047974.9713633,-24,0,-3
1747047975.007363,71,-16,4
1747047975.0423634,11,-30,-3
1747047975.0773633,-10,5,54
1747047975.112363,57,3,-31
1747047975.1483634,20,59,-71
1747047975.1843634,-74,77,-151
1747047975.2193637,-49,21,-5
1747047975.2553637,12,75,-131
1747047975.2903633,4,-6,-19
1747047975.3253634,26,57,166
1747047975.3603632,-45,13,-225
1747047975.3963633,0,0,-63
1747047975.4323633,-26,-77,-29
1747047975.4673634,-96,-15,-3
1747047975.5033634,-20,18,120
1747047975.5383637,15,-49,6
1747047975.5733633,19,-38,24
1747047975.6083634,17,-18,-79
1747047975.6443634,-8,-77,-41
1747047975.6803634,-42,65,44
1747047975.7153633,64,5,16
1747047975.7513633,-27,63,84
1747047975.7863634,8,-32,2
1747047975.8213634,-33,-6,104
1747047975.8563633,-35,-36,47
1747047975.8923633,78,7,59
1747047975.928363,17,-54,0
1747047975.9633634,55,-14,0
1747047975.9993634,8,-60,116
1747047976.0343633,12,13,14
1747047976.0693634,40,13,12
1747047976.1043634,46,45,14
1747047976.1403637,-6,11,-93
1747047976.1763637,-12,-18,126
1747047976.2113633,-51,54,74
1747047976.247363,-14,-38,60
1747047976.2823634,-18,-24,127
1747047976.3173633,13,51,183
1747047976.352363,35,-68,1
1747047976.3883634,-16,-4,65
1747047976.4243634,-17,-1,-83
1747047976.4593637,-51,68,14
1747047976.4953637,3,-68,43
1747047976.530363,-36,-14,63
1747047976.5653634,-22,65,0
1747047976.6013634,-29,-96,-19
1747047976.6363633,-9,9,-71
1747047976.6723633,-51,1,18
1747047976.7073634,2,31,32
1747047976.7433634,45,-11,92
1747047976.7783637,49,-37,-49
1747047976.8133633,6,9,-17
1747047976.849363,-86,45,56
1747047976.8843634,-19,-29,-15
1747047976.9203634,15,37,-37
1747047976.9553633,-68,-50,-111
1747047976.9913633,24,5,48
1747047977.0263634,36,61,26
1747047977.0613637,-19,-28,171
1747047977.0973637,6,31,58
1747047977.132363,-21,13,31
1747047977.168363,-79,3,100
1747047977.2033634,76,-6,28
1747047977.2393634,-3,-50,-23
1747047977.2743633,42,13,66
1747047977.3093634,62,55,66
1747047977.3453634,-20,-9,-7
1747047977.3803637,-6,-45,94
1747047977.4163637,38,1,32
1747047977.451363,13,40,-83
1747047977.487363,32,7,70
1747047977.5223634,7,-81,-43
1747047977.5573633,17,-19,-161
1747047977.5933633,39,14,6
1747047977.6283634,-9,33,-33
1747047977.6643634,2,-24,44
1747047977.6993637,-9,-24,-11
1747047977.7353632,-38,-6,-91
1747047977.770363,-45,-16,6
1747047977.8053634,4,0,40
1747047977.8413634,7,-36,36
1747047977.8763633,21,-24,10
1747047977.9123633,21,7,66
1747047977.9473634,-54,31,64
1747047977.9833634,-4,-50,6
1747047978.0183637,49,43,24
1747047978.053363,31,17,42
1747047978.089363,64,-90,88
1747047978.1243634,-33,-34,2
1747047978.1603634,72,-52,48
1747047978.1953633,0,23,-67
1747047978.2313633,-18,-25,-35
1747047978.2673633,59,-18,6
1747047978.3023634,-54,19,138
1747047978.3373632,-100,37,-85
1747047978.3733633,-20,95,-29
1747047978.4093633,-15,57,61
1747047978.4443634,23,49,-15
1747047978.4803634,17,-50,32
1747047978.5153637,-14,-34,88
1747047978.5503633,43,47,50
1747047978.5853634,59,43,-14
1747047978.6213634,-18,85,-32
1747047978.6573634,-4,-44,-9
1747047978.6923633,43,-12,8
1747047978.7283633,-24,-6,74
1747047978.7633634,-14,-54,9
1747047978.7983634,-14,31,108
1747047978.8333633,-25,66,14
1747047978.8693633,-19,-7,89
1747047978.905363,-63,-9,-29
1747047978.9403634,50,-23,-87
1747047978.9763634,-55,4,-21
1747047979.0113633,6,24,-47
1747047979.0463634,-23,-73,-85
1747047979.0813634,-18,-45,76
1747047979.1173637,-53,-7,-21
1747047979.1533637,76,52,-47
1747047979.1883633,-7,-1,-13
1747047979.224363,34,39,24
1747047979.2593634,-17,-61,-20
1747047979.2943633,28,10,-90
1747047979.329363,-105,-17,-19
1747047979.3653634,43,-3,120
1747047979.4013634,17,22,-7
1747047979.4363637,-16,25,-5
1747047979.4723637,23,43,31
1747047979.507363,-18,-30,-41
1747047979.5423634,-44,-74,138
1747047979.5773633,-2,63,-69
1747047979.6133633,31,53,-21
1747047979.6493633,-106,93,-107
1747047979.6843634,15,-6,50
1747047979.7203634,-64,15,42
1747047979.7553637,23,3,-83
1747047979.7903633,13,39,-97
1747047979.8253634,14,-30,-27
1747047979.8613634,-44,15,70
1747047979.8973634,57,15,50
1747047979.9323633,-38,1,-88
1747047979.9683633,19,39,-70
1747047980.0033634,100,-21,49
1747047980.0383637,95,-18,21
1747047980.0733633,-26,-30,-10
1747047980.1093633,11,-14,-13
1747047980.145363,-88,-22,18
1747047980.1803634,51,-26,94
1747047980.2163634,-36,-36,-23
1747047980.2513633,15,7,-17
1747047980.2863634,7,-34,74
1747047980.3213634,-22,-25,-117
1747047980.3573637,3,-41,50
1747047980.3933637,-20,4,-15
1747047980.428363,-4,-9,-81
1747047980.464363,102,2,146
1747047980.4993634,-30,-37,-25
1747047980.5343633,-50,33,198
1747047980.5693634,-18,31,-41
1747047980.6053634,23,0,16
1747047980.6413634,37,61,-19
1747047980.6763637,13,3,-9
1747047980.7123632,-33,14,-53
1747047980.7543633,-14,0,30
1747047980.7903633,-9,24,94
1747047980.826363,1,71,48
1747047980.8613634,-7,-1,66
1747047980.8973634,43,11,20
1747047980.9323633,-61,-7,32
1747047980.9683633,20,106,-169
1747047981.0033634,8,75,34
1747047981.0383637,41,-8,24
1747047981.0733633,-6,-2,-59
1747047981.1093633,-10,73,38
1747047981.145363,-40,-50,-27
1747047981.1803634,-91,-39,56
1747047981.2163634,-25,-3,34
1747047981.2513633,31,-32,-3
1747047981.2863634,-20,-14,-141
1747047981.3223634,-32,57,13
1747047981.3573637,1,-106,73
1747047981.3933637,-34,-18,96
1747047981.428363,84,-1,64
1747047981.464363,74,58,-55
1747047981.4993634,74,24,10
1747047981.5343633,16,-23,-17
1747047981.5703633,-9,-15,-12
1747047981.6053634,30,-71,-95
1747047981.6413634,16,-92,-77
1747047981.6763637,-22,47,30
1747047981.7123632,-49,-30,134
1747047981.747363,36,-108,-45
1747047981.7823634,34,67,54
1747047981.8183634,-3,-26,-29
1747047981.8533633,19,10,110
1747047981.8893633,21,64,-21
1747047981.9243634,-86,14,34
1747047981.9603634,-54,-29,-7
1747047981.9953637,-31,-85,92
1747047982.030363,46,-5,88
1747047982.066363,-49,34,-34
1747047982.1013634,30,10,-48
1747047982.1373634,24,0,13
1747047982.1723633,26,-27,-36
1747047982.2083633,-55,-14,54
1747047982.2433634,-103,23,-27
1747047982.2783637,52,-34,-23
1747047982.3143632,-31,24,48
1747047982.349363,12,-29,-9
1747047982.385363,-55,-83,30
1747047982.4203634,-15,28,18
1747047982.4563634,22,-31,36
1747047982.4913633,40,24,-41
1747047982.5263634,20,-13,-61
1747047982.5623634,-97,-11,-55
1747047982.5973637,-1,-81,120
1747047982.6333632,13,21,22
1747047982.668363,-28,21,-63
1747047982.704363,27,21,106
1747047982.7393634,62,54,4
1747047982.7743633,-28,-23,30
1747047982.8103633,-26,46,-93
1747047982.8453634,17,-53,-19
1747047982.8813634,-27,18,-7
1747047982.9163637,12,-37,-31
1747047982.9523633,62,-34,-34
1747047982.9883633,-62,-9,-31
1747047983.0233634,11,-129,20
1747047983.0583634,-34,10,50
1747047983.0943637,53,24,2
1747047983.1303637,57,56,38
1747047983.1653633,-16,3,22
1747047983.201363,27,-32,-15
1747047983.2363634,-52,35,-3
1747047983.2713633,-25,-2,66
1747047983.306363,-12,-24,28
1747047983.3423634,4,-14,31
1747047983.3783634,36,-44,28
1747047983.4133637,-37,65,22
1747047983.4493637,29,-16,-61
1747047983.4843633,-62,-6,14
1747047983.5193634,3,3,-13
1747047983.5543633,1,25,128
1747047983.5903633,-17,10,-47
1747047983.6263633,13,0,4
1747047983.6613634,77,-44,-55
1747047983.6973634,21,13,-5
1747047983.7323637,-14,19,24
1747047983.7673633,-16,-50,20
1747047983.8023634,-104,-8,8
1747047983.8383634,26,-1,116
1747047983.8743634,-30,-44,0
1747047983.9093633,-41,-17,-93
1747047983.9453633,74,36,-69
1747047983.9803634,-60,87,-3
1747047984.0153637,-8,-50,-15
1747047984.0503633,-16,-52,102
1747047984.0863633,-24,23,-47
1747047984.122363,-71,60,32
1747047984.1573634,68,-35,-79
1747047984.1933634,-46,43,-43
1747047984.2283633,47,17,186
1747047984.2633634,-27,60,82
1747047984.2983634,34,11,-123
1747047984.3343637,-41,39,98
1747047984.3703637,-17,-48,-53
1747047984.405363,30,41,76
1747047984.441363,8,-36,-29
1747047984.4763634,-73,-52,-9
1747047984.5113633,-89,-34,46
1747047984.5463634,-39,15,-71
1747047984.5823634,-82,9,-31
1747047984.6183634,-11,3,-39
1747047984.6533637,-35,-20,16
1747047984.6893632,16,9,38
1747047984.724363,22,-56,16
1747047984.7593634,118,3,-29
1747047984.7943633,-35,59,-3
1747047984.8303633,34,57,-23
1747047984.8663633,64,-14,160
1747047984.9013634,-17,1,-23
1747047984.9373634,92,-64,38
1747047984.9723637,-52,-24,24
1747047985.007363,48,-6,108
1747047985.0423634,-2,15,-3
1747047985.0783634,-11,21,42
1747047985.1143634,127,-45,-27
1747047985.1493633,22,-24,2
1747047985.1853633,47,51,-117
1747047985.2203634,9,-18,-25
1747047985.2553637,-14,-35,44
1747047985.2903633,-13,-14,-27
1747047985.326363,2,-16,96
1747047985.362363,9,30,-27
1747047985.3973634,113,-11,126
1747047985.4333634,35,-20,-107
1747047985.4683633,-12,17,-33
1747047985.5033634,37,-51,-73
1747047985.5383637,7,113,-7
1747047985.5743637,72,-4,86
1747047985.6103632,-48,-40,8
1747047985.645363,8,31,-5
1747047985.681363,-31,-8,16
1747047985.7163634,19,11,-15
1747047985.7513633,51,-44,130
1747047985.7863634,23,-84,-19
1747047985.8223634,-26,-99,24
1747047985.8583634,33,58,-11
1747047985.8933637,-100,8,-51
1747047985.9293633,47,-47,46
1747047985.964363,35,-73,-33
1747047985.9993634,-10,1,32
1747047986.0353634,-22,33,-13
1747047986.0703633,0,7,58
1747047986.1063633,-52,-16,-57
1747047986.1413634,-24,57,70
1747047986.1773634,-86,-44,-27
1747047986.2123632,4,-45,10
1747047986.247363,-26,25,100
1747047986.283363,68,-1,-79
1747047986.3183634,3,43,-17
1747047986.3543634,3,33,32
1747047986.3893633,-53,-4,56
1747047986.4253633,19,-80,102
1747047986.4603634,18,2,46
1747047986.4953637,43,-6,-57
1747047986.5313632,-68,65,14
1747047986.566363,37,5,32
1747047986.602363,-19,3,-9
1747047986.6373634,42,9,48
1747047986.6733634,37,2,44
1747047986.7083633,1,28,-1
1747047986.7433634,-10,2,-27
1747047986.7793634,-2,-23,94
1747047986.8143632,77,-13,10
1747047986.8503633,13,-3,12
1747047986.885363,-26,-35,-111
1747047986.9213634,24,-55,40
1747047986.9563634,-36,70,28
1747047986.9913633,-44,12,-81
1747047987.0273633,56,-87,-5
1747047987.0623634,43,24,10
1747047987.0983634,18,-10,0
1747047987.1333632,-99,-36,40
1747047987.168363,-28,49,-25
1747047987.2033634,63,15,122
1747047987.2393634,-36,-16,-17
1747047987.2753634,-70,-16,-133
1747047987.3103633,-33,-23,68
1747047987.3463633,12,32,70
1747047987.3813634,85,15,128
1747047987.4173634,38,-45,52
1747047987.4523633,-61,2,58
1747047987.487363,-39,32,34
1747047987.5233634,-109,-77,20
1747047987.5583634,60,-23,152
1747047987.5943637,0,-64,-61
1747047987.6293633,-15,20,-3
1747047987.6643634,17,-22,54
1747047987.6993637,-10,-66,-73
1747047987.7353632,23,-104,158
1747047987.7713633,43,3,88
1747047987.806363,33,33,24
1747047987.8423634,-34,-10,-105
1747047987.8773634,47,-30,-53
1747047987.9123633,78,-12,-17
1747047987.9473634,-64,-17,16
1747047987.9833634,67,-27,-59
1747047988.0193634,40,9,54
1747047988.0543633,-15,65,116
1747047988.0903633,6,-58,-157
1747047988.125363,64,13,62
1747047988.1603634,20,-53,-33
1747047988.1953633,31,54,64
1747047988.2313633,57,51,-45
1747047988.2673633,75,-8,20
1747047988.3023634,9,-16,80
1747047988.3383634,-66,4,60
1747047988.3733633,0,89,58
1747047988.408363,-2,-17,-35
1747047988.4433634,79,-14,-3
1747047988.4793634,-90,27,16
1747047988.5153637,11,-43,-39
1747047988.5503633,53,-7,-113
1747047988.5863633,15,22,14
1747047988.6213634,29,22,30
1747047988.6563632,-34,-9,-125
1747047988.691363,-16,22,108
1747047988.727363,-10,-17,100
1747047988.7633634,93,-38,40
1747047988.7983634,-22,-38,8
1747047988.8343637,9,-66,10
1747047988.8693633,-10,33,54
1747047988.9043634,-50,-29,74
1747047988.9393632,-50,-82,-21
1747047988.9753633,-32,8,-27
1747047989.0113633,0,-21,120
1747047989.0463634,-9,-37,28
1747047989.0823634,-23,-15,100
1747047989.1173637,64,58,-129
1747047989.1523633,38,-39,80
1747047989.1873634,-22,22,-57
1747047989.2233634,15,2,-133
1747047989.2593634,25,-11,8
1747047989.2943633,-60,-69,-35
1747047989.3303633,14,53,-3
1747047989.3653634,4,11,2
1747047989.4003634,21,11,110
1747047989.4353633,-64,23,70
1747047989.4713633,47,-8,-31
1747047989.507363,1,-36,-63
1747047989.5423634,65,25,56
1747047989.5783634,55,19,126
1747047989.6133633,63,-34,-7
1747047989.6483634,-12,63,6
1747047989.6833634,-8,7,-75
1747047989.7193637,35,-6,26
1747047989.7553637,53,-60,64
1747047989.7903633,17,-8,84
1747047989.826363,-26,19,110
1747047989.8613634,37,49,32
1747047989.8963633,61,15,66
1747047989.931363,29,-41,96
1747047989.9673634,-10,-16,10
1747047990.0033634,0,21,-91
1747047990.0383637,-68,5,120
1747047990.0743637,-62,13,72
1747047990.1093633,32,-53,40
1747047990.1443634,52,-8,-53
1747047990.1793633,20,63,6
1747047990.2153633,20,25,22
1747047990.2513633,9,43,48
1747047990.2863634,-60,-16,-37
1747047990.3223634,9,31,126
1747047990.3573637,3,-11,88
1747047990.3923633,9,-15,46
1747047990.4273634,-54,13,0
1747047990.4633634,21,68,100
1747047990.4993634,-82,-29,18
1747047990.5343633,9,-34,154
1747047990.5703633,-10,35,96
1747047990.6053634,17,53,42
1747047990.6403637,53,65,-11
1747047990.6763637,15,21,20
1747047990.7113633,50,9,8
1747047990.747363,-92,-55,50
1747047990.7893634,3,6,34
1747047990.826363,-24,-41,58
1747047990.8613634,-67,30,-1
1747047990.8963633,24,24,-13
1747047990.9323633,-8,-21,86
1747047990.9673634,-10,-39,8
1747047991.0033634,-9,-91,58
1747047991.0383637,64,-13,38
1747047991.0743637,-13,10,-11
1747047991.1093633,-3,-35,50
1747047991.1443634,-3,-59,20
1747047991.1803634,-4,10,38
1747047991.2153633,-113,-17,-11
1747047991.2513633,-70,-43,2
1747047991.2863634,-58,50,-106
1747047991.3223634,-126,6,72
1747047991.3573637,2,32,96
1747047991.3923633,43,73,92
1747047991.428363,35,-53,46
1747047991.4633634,-22,-37,-99
1747047991.4993634,-8,-73,12
1747047991.5343633,-50,-13,-17
1747047991.5703633,-18,20,36
1747047991.6053634,5,26,16
1747047991.6403637,-10,28,-3
1747047991.6763637,-94,28,29
1747047991.7113633,2,22,30
1747047991.747363,28,-23,52
1747047991.7823634,10,52,-69
1747047991.8183634,6,-15,158
1747047991.8533633,22,56,4
1747047991.8883634,-11,-48,60
1747047991.9243634,-15,60,52
1747047991.9593637,-39,-21,110
1747047991.9953637,-7,14,2
1747047992.030363,-19,-37,14
1747047992.066363,-19,-21,-15
1747047992.1013634,-55,94,32
1747047992.1363633,24,-23,-31
1747047992.1723633,48,70,-3
1747047992.2073634,14,-3,14
1747047992.2433634,40,-39,30
1747047992.2783637,20,-4,-4
1747047992.3143632,32,19,70
1747047992.3503633,34,-26,18
1747047992.385363,-5,-13,14
1747047992.4203634,-31,-11,-31
1747047992.4563634,-11,-1,42
1747047992.4923637,-37,68,-35
1747047992.5273633,20,-71,2
1747047992.5633633,-119,-45,45
1747047992.5983634,-13,-30,-23
1747047992.6333632,18,35,-31
1747047992.668363,36,14,26
1747047992.704363,15,1,-119
1747047992.7403634,36,20,64
1747047992.7753634,40,-12,-65
1747047992.8113637,58,-45,-83
1747047992.8463633,22,-1,64
1747047992.8813634,30,49,6
1747047992.9163637,30,-26,-3
1747047992.9523633,30,27,56
1747047992.9883633,-67,-125,28
1747047993.0233634,-47,-11,-1
1747047993.0593634,66,-45,-43
1747047993.0943637,-8,-10,20
1747047993.1293633,48,-17,-13
1747047993.1643634,-17,-11,120
1747047993.2003634,-93,-55,2
1747047993.2363634,51,-28,42
1747047993.2713633,-2,-16,-65
1747047993.3073633,-50,-25,0
1747047993.3423634,-22,-14,-83
1747047993.3773634,49,-26,150
1747047993.4123633,3,31,-9
1747047993.4483633,42,-30,34
1747047993.4843633,-35,-56,28
1747047993.5193634,-15,-42,-55
1747047993.5553634,-15,-42,14
1747047993.5903633,-40,-11,-123
1747047993.625363,-38,-25,128
1747047993.6603634,-68,38,-45
1747047993.6963634,-42,68,-7
1747047993.7323637,37,-15,94
1747047993.7673633,-14,14,44
1747047993.803363,-16,-39,90
1747047993.8383634,9,-71,-73
1747047993.8733633,-76,10,28
1747047993.908363,-2,18,46
1747047993.9443634,24,-14,40
1747047993.9803634,32,0,84
1747047994.0153637,11,-41,62
1747047994.0513637,-36,2,62
1747047994.0863633,27,24,4
1747047994.1213634,17,40,-57
1747047994.1563632,-26,10,-89
1747047994.1923633,-28,80,70
1747047994.2283633,-36,-45,149
1747047994.2633634,37,52,44
1747047994.2993634,-8,-27,44
1747047994.3343637,-44,-27,44
1747047994.3693633,0,15,-13
1747047994.4043634,85,31,52
1747047994.4403634,-8,12,-103
1747047994.4763634,85,82,-49
1747047994.5113633,-44,5,20
1747047994.5473633,9,0,-43
1747047994.5823634,-30,-2,-95
1747047994.6173637,73,-46,-17
1747047994.6523633,25,-28,46
1747047994.6883633,-16,-26,-89
1747047994.724363,-61,-43,28
1747047994.7593634,-11,-25,-21
1747047994.7953634,74,-109,-11
1747047994.8303633,-7,12,-31
1747047994.8653634,69,-38,0
1747047994.9003634,7,90,-57
1747047994.9363637,62,-29,8
1747047994.9723637,-98,4,-17
1747047995.007363,-32,-29,-45
1747047995.043363,47,-31,214
1747047995.0783634,-4,24,76
1747047995.1133633,-14,28,66
1747047995.1483634,8,-2,26
1747047995.1843634,47,-49,-69
1747047995.2203634,-3,-1,90
1747047995.2553637,-65,70,-9
1747047995.2913637,-23,12,162
1747047995.326363,4,-25,28
1747047995.3613634,-85,-30,152
1747047995.3973634,72,1,-87
1747047995.4323633,64,-106,80
1747047995.4683633,-13,104,-33
1747047995.5033634,46,18,40
1747047995.5393634,-29,74,16
1747047995.5743637,41,35,22
1747047995.6093633,72,3,-55
1747047995.645363,42,-18,76
1747047995.6803634,14,1,-69
1747047995.7163634,-17,-14,42
1747047995.7513633,31,-28,-37
1747047995.7873633,-71,-17,-35
1747047995.8223634,4,0,-41
1747047995.8573637,17,-3,8
1747047995.8933637,-64,-13,108
1747047995.928363,-34,-8,136
1747047995.964363,-4,55,52
1747047995.9993634,-20,13,-47
1747047996.0353634,-18,-24,44
1747047996.0703633,-38,-2,-103
1747047996.1053634,-40,9,-3
1747047996.1413634,-61,70,14
1747047996.1763637,-47,-53,-9
1747047996.2123632,-38,-90,16
1747047996.247363,11,-10,2
1747047996.283363,63,11,-49
1747047996.3183634,25,-62,76
1747047996.3533633,23,59,64
1747047996.3893633,-36,-30,166
1747047996.4243634,27,11,42
1747047996.4603634,-56,45,18
1747047996.4953637,-32,59,62
1747047996.5313632,32,-28,-97
1747047996.566363,-85,-10,-27
1747047996.6013634,46,-38,110
1747047996.6373634,40,-22,4
1747047996.6723633,99,51,8
1747047996.7083633,-34,-34,18
1747047996.7433634,53,-30,-53
1747047996.7793634,-68,53,24
1747047996.8143632,23,57,20
1747047996.849363,1,-24,62
1747047996.885363,61,-26,26
1747047996.9203634,93,46,24
1747047996.9563634,-24,7,10
1747047996.9913633,-28,-48,-33
1747047997.0273633,15,7,16
1747047997.0633633,-6,29,80
1747047997.0983634,-10,17,8
1747047997.1333632,24,-79,94
1747047997.1693633,-51,-23,-81
1747047997.2053633,-76,-54,-89
1747047997.2403634,13,-42,-31
1747047997.2763634,-52,-2,-21
1747047997.3113637,33,-46,38
1747047997.3463633,5,53,-11
1747047997.3813634,-12,59,40
1747047997.4173634,67,-2,-135
1747047997.4533634,-26,51,-31
1747047997.4883633,56,28,-1
1747047997.5243633,-34,-50,-25
1747047997.5593634,-8,1,2
1747047997.5943637,5,-54,104
1747047997.6293633,6,-23,88
1747047997.6653633,41,37,-31
1747047997.701363,66,16,124
1747047997.7363634,-43,78,30
1747047997.7723634,73,-18,-31
1747047997.8073633,-22,-49,-17
1747047997.8423634,-24,-21,40
1747047997.8773634,77,49,-47
1747047997.9133637,-2,-102,-19
1747047997.9493637,65,43,74
1747047997.9843633,73,12,-139
1747047998.020363,-40,82,82
1747047998.0553634,11,-11,12
1747047998.0903633,-14,-20,0
1747047998.125363,50,28,-67
1747047998.1613634,40,14,16
1747047998.1973634,-10,53,-65
1747047998.2323637,-68,31,12
1747047998.2683637,-2,-10,-35
1747047998.303363,-44,63,-75
1747047998.3383634,17,7,4
1747047998.3733633,27,-18,-75
1747047998.4093633,73,9,-19
1747047998.4453633,43,-40,132
1747047998.4803634,70,29,-19
1747047998.5163634,51,0,-89
1747047998.5513637,88,37,-67
1747047998.5863633,110,-14,76
1747047998.6213634,-47,-16,-13
1747047998.6573634,6,-18,54
1747047998.6933634,80,-60,-7
1747047998.7283633,-4,58,58
1747047998.7643633,31,-38,94
1747047998.7993634,-76,26,32
1747047998.8343637,20,0,68
1747047998.8693633,51,-24,-51
1747047998.905363,9,17,-79
1747047998.941363,12,23,54
1747047998.9763634,-60,41,100
1747047999.0123634,-23,45,62
1747047999.0473633,-22,-42,46
1747047999.0823634,15,-26,48
1747047999.1173637,21,-28,-101
1747047999.1533637,71,9,68
1747047999.1893632,-40,-84,86
1747047999.224363,-24,-64,-55
1747047999.260363,15,26,50
1747047999.2953634,7,-71,80
1747047999.3303633,-4,-1,142
1747047999.3653634,66,31,18
1747047999.4013634,4,-70,-71
1747047999.4373634,-15,-34,44
1747047999.4723637,38,1,150
1747047999.5083632,60,-6,76
1747047999.543363,23,-101,108
1747047999.5783634,31,20,-7
1747047999.6133633,42,-3,-11
1747047999.6493633,1,-59,-15
1747047999.6853633,21,-27,88
1747047999.7203634,33,6,-3
1747047999.7563634,52,-15,52
1747047999.7913637,47,-103,-31
1747047999.826363,-50,70,28
1747047999.862363,43,8,76
1747047999.8973634,-12,-41,64
1747047999.9333634,-42,33,10
1747047999.9683633,-10,-14,30
1747048000.0043633,27,-4,28
1747048000.0393634,-60,-46,74
1747048000.0743637,87,48,14
1747048000.1103632,39,22,-163
1747048000.145363,30,7,-61
1747048000.181363,13,14,40
1747048000.2163634,15,78,76
1747048000.2523634,-38,-1,-20
1747048000.2873633,-51,-4,-35
1747048000.3223634,-8,-34,118
1747048000.3583634,66,-25,56
1747048000.3933637,-31,-19,-59
1747048000.4293633,-6,16,114
1747048000.464363,17,-2,24
1747048000.500363,-60,-22,190
1747048000.5353634,-32,25,24
1747048000.5703633,40,-11,46
1747048000.6063633,29,20,202
1747048000.6413634,-24,26,2
1747048000.6773634,12,6,-38
1747048000.7123632,-93,94,-1
1747048000.7483633,-3,-31,-21
1747048000.7903633,-23,-51,-31
1747048000.826363,30,-41,-49
1747048000.862363,25,0,46
1747048000.8973634,14,32,4
1747048000.9333634,-20,-20,26
1747048000.9683633,-25,18,-23
1747048001.0043633,-14,99,-45
1747048001.0393634,16,70,-43
1747048001.0743637,-23,-29,56
1747048001.1103632,-13,42,146
1747048001.145363,-64,69,-26
1747048001.181363,44,32,6
1747048001.2163634,62,10,40
1747048001.2523634,2,48,-19
1747048001.2873633,-25,-1,112
1747048001.3223634,-12,-37,108
1747048001.3583634,-45,-7,48
1747048001.3933637,99,-35,-17
1747048001.4293633,-19,12,70
1747048001.464363,30,14,-87
1747048001.500363,66,-1,20
1747048001.5353634,66,-9,122
1747048001.5703633,19,-28,34
1747048001.6063633,-20,13,28
1747048001.6413634,-29,-44,20
1747048001.6773634,67,-130,-11
1747048001.7123632,-64,-54,128
1747048001.747363,67,-60,20
1747048001.7823634,2,-70,20
1747048001.8183634,-4,-1,-55
1747048001.8543634,57,73,84
1747048001.8893633,-4,-16,34
1747048001.9253633,-56,-64,-3
1747048001.9603634,49,-8,48
1747048001.9953637,-4,-54,108
1747048002.030363,-10,-78,34
1747048002.066363,-24,-36,-3
1747048002.102363,-28,-40,26
1747048002.1373634,55,27,-3
1747048002.1733634,-94,13,-11
1747048002.2083633,-6,-10,0
1747048002.2433634,19,-76,76
1747048002.2783637,29,-42,18
1747048002.3143632,-12,19,-39
1747048002.3503633,-16,-4,-11
1747048002.385363,-22,39,16
1747048002.4213634,-23,-18,-105
1747048002.4563634,-27,-72,34
1747048002.4913633,16,-36,72
1747048002.5263634,62,-27,-39
1747048002.5623634,-29,-81,28
1747048002.5983634,38,-57,-31
1747048002.6333632,-9,-19,68
1747048002.6693633,-29,-9,94
1747048002.704363,-15,-33,-53
1747048002.7393634,130,-41,16
1747048002.7743633,84,-39,-51
1747048002.8103633,27,48,-53
1747048002.8463633,-8,74,98
1747048002.8813634,43,30,86
1747048002.9173634,-38,-35,22
1747048002.9523633,-26,40,-3
1747048002.987363,-66,6,-15
1747048003.0223634,-46,-23,10
1747048003.0583634,82,-36,78
1747048003.0943637,-8,-23,24
1747048003.1293633,-52,30,16
1747048003.1653633,-46,-5,-15
1747048003.2003634,1,32,-97
1747048003.2353632,27,-43,22
1747048003.270363,-6,-39,-55
1747048003.306363,-72,5,-1
1747048003.3423634,-20,-69,4
1747048003.3773634,7,68,48
1747048003.4133637,-44,-39,68
1747048003.4483633,-14,-1,-11
1747048003.4833634,13,-39,32
1747048003.5183637,31,-15,-13
1747048003.5543633,10,-21,-29
1747048003.5903633,8,-37,-3
1747048003.625363,-27,-43,8
1747048003.6613634,96,-37,92
1747048003.6963634,-77,-37,-41
1747048003.7313633,-3,-17,-101
1747048003.7663634,-35,-23,24
1747048003.8023634,-34,-43,-51
1747048003.8383634,113,20,10
1747048003.8733633,73,18,38
1747048003.9093633,-27,-28,-63
1747048003.9443634,-82,-57,-21
1747048003.9793634,20,13,-38
1747048004.0143633,-57,-26,10
1747048004.0503633,-1,4,48
1747048004.0863633,6,-48,-13
1747048004.1213634,-55,-4,-19
1747048004.1573634,32,29,76
1747048004.1923633,12,11,0
1747048004.227363,60,-21,16
1747048004.2623634,20,-38,-35
1747048004.2983634,109,49,26
1747048004.3343637,-46,-2,-52
1747048004.3693633,-32,63,1
1747048004.405363,-13,-52,-24
1747048004.4403634,-39,-8,3
1747048004.4753633,40,-28,114
1747048004.510363,27,-21,74
1747048004.5463634,-45,-26,32
1747048004.5823634,-18,4,-63
1747048004.6173637,-30,-57,-27
1747048004.6533637,-14,2,-135
1747048004.6883633,-20,34,18
1747048004.7233634,-4,-7,56
1747048004.7593634,-22,-51,60
1747048004.7943633,-46,18,-33
1747048004.8303633,-17,22,-103
1747048004.8653634,27,-25,16
1747048004.9013634,25,-1,124
1747048004.9363637,123,-11,36
1747048004.9713633,-12,-17,30
1747048005.007363,5,-45,-17
1747048005.0423634,11,30,44
1747048005.0783634,-2,51,-50
1747048005.1133633,-60,-88,-63
1747048005.1493633,53,-24,24
1747048005.1843634,19,95,-65
1747048005.2193637,25,9,78
1747048005.2553637,31,23,126
1747048005.2903633,34,-57,-93
1747048005.326363,68,26,110
1747048005.3613634,58,38,30
1747048005.3973634,-31,16,-73
1747048005.4323633,26,-41,24
1747048005.4673634,24,12,16
1747048005.5033634,-44,-54,-19
1747048005.5383637,87,7,62
1747048005.5743637,43,-12,32
1747048005.6093633,-16,-12,16
1747048005.645363,20,35,-79
1747048005.6803634,52,66,-19
1747048005.7153633,-29,12,-57
1747048005.7513633,-4,-60,-99
1747048005.7863634,-8,-40,-13
1747048005.8223634,-10,-34,-11
1747048005.8573637,-51,-7,46
1747048005.8933637,54,-93,26
1747048005.928363,4,-33,76
1747048005.9633634,30,25,59
1747048005.9993634,-11,-81,151
1747048006.0343633,-25,-13,22
1747048006.0703633,-47,-67,22
1747048006.1053634,35,-16,-85
1747048006.1413634,-38,-22,184
1747048006.1763637,109,-36,36
1747048006.2113633,31,29,-43
1747048006.247363,111,-52,58
1747048006.2823634,-6,19,66
1747048006.3183634,63,13,-7
1747048006.3533633,-8,-38,0
1747048006.3893633,53,23,2
1747048006.4253633,-12,45,-43
1747048006.4603634,23,-2,18
1747048006.4953637,19,37,52
1747048006.5313632,31,9,24
1747048006.5673633,-46,33,16
1747048006.602363,53,-16,34
1747048006.6383634,70,-27,12
1747048006.6733634,45,-4,-91
1747048006.7083633,-59,47,72
1747048006.7433634,-7,39,-59
1747048006.7793634,-61,3,51
1747048006.8153634,-13,-88,18
1747048006.8503633,-9,-74,-15
1747048006.8863633,0,21,0
1747048006.9213634,-39,-20,-137
1747048006.9563634,30,-56,124
1747048006.9913633,-89,21,10
1747048007.0273633,-37,33,-11
1747048007.0633633,72,-52,111
1747048007.0983634,-72,-71,-33
1747048007.1343634,10,23,-115
1747048007.1693633,81,72,30
1747048007.204363,-14,-35,0
1747048007.2393634,9,43,25
1747048007.2753634,17,-40,40
1747048007.3113637,-28,-18,-46
1747048007.3463633,30,10,13
1747048007.382363,-73,74,-27
1747048007.4173634,38,0,64
1747048007.4523633,32,0,88
1747048007.487363,10,6,94
1747048007.5233634,14,-31,128
1747048007.5593634,-54,-36,-1
1747048007.5943637,64,-4,38
1747048007.6303637,-31,73,-97
1747048007.6653633,32,-10,-55
1747048007.7003634,8,26,46
1747048007.7353632,41,-70,-21
1747048007.7713633,-140,43,-91
1747048007.8073633,33,11,-65
1747048007.8423634,-46,-68,-14
1747048007.8783634,-22,-22,4
1747048007.9133637,-2,17,-13
1747048007.9483633,75,37,99
1747048007.9833634,58,-25,-20
1747048008.0193634,-34,0,123
1747048008.0553634,-1,-23,-7
1747048008.0903633,8,-15,-14
1747048008.1263633,-22,-74,-40
1747048008.1613634,-74,31,58
1747048008.1963634,-21,0,95
1747048008.2313633,16,10,-10
1747048008.2673633,-1,40,-12
1747048008.303363,60,-15,30
1747048008.3383634,22,52,-38
1747048008.3743634,-109,82,7
1747048008.4093633,-17,-5,8
1747048008.4443634,-47,-5,-65
1747048008.4793634,44,-15,35
1747048008.5153637,14,6,22
1747048008.5513637,32,-71,-49
1747048008.5863633,32,-83,122
1747048008.622363,-41,10,52
1747048008.6573634,13,13,5
1747048008.6923633,-14,3,57
1747048008.727363,85,-12,55
1747048008.7633634,40,-23,58
1747048008.7993634,-16,-22,-129
1747048008.8343637,-66,-16,-1
1747048008.8703637,-16,-40,-59
1747048008.905363,-14,3,-37
1747048008.9403634,37,-4,78
1747048008.9753633,17,-14,14
1747048009.0113633,-66,70,24
1747048009.0473633,11,44,46
1747048009.0823634,40,-58,68
1747048009.1183634,-97,-9,16
1747048009.1533637,-77,-91,26
1747048009.1883633,-8,26,92
1747048009.224363,-16,14,-21
1747048009.2593634,-10,-25,27
1747048009.2953634,45,31,81
1747048009.3303633,-10,-29,-2
1747048009.3663633,-15,29,-55
1747048009.4013634,32,-56,88
1747048009.4363637,16,33,24
1747048009.4723637,20,-66,90
1747048009.507363,17,-68,176
1747048009.543363,66,73,-19
1747048009.5783634,-54,16,75
1747048009.6143634,91,10,22
1747048009.6493633,21,-105,-5
1747048009.6843634,1,6,32
1747048009.7203634,43,44,-41
1747048009.7553637,37,-57,104
1747048009.7913637,12,-66,-9
1747048009.826363,48,-19,26
1747048009.862363,-23,-5,32
1747048009.8973634,84,-33,67
1747048009.9323633,-35,20,15
1747048009.9683633,12,-9,-27
1747048010.0033634,22,-25,-39
1747048010.0393634,64,52,-29
1747048010.0743637,4,-7,22
1747048010.1103632,8,-41,-45
1747048010.145363,22,-23,32
1747048010.1803634,-26,-15,52
1747048010.2163634,22,-25,-85
1747048010.2513633,34,31,114
1747048010.2873633,-29,-103,16
1747048010.3223634,-21,100,80
1747048010.3583634,-35,-21,16
1747048010.3933637,48,-51,38
1747048010.428363,53,36,-105
1747048010.464363,1,30,52
1747048010.4993634,57,-75,0
1747048010.5353634,54,36,112
1747048010.5703633,-23,24,-13
1747048010.6063633,40,-37,-107
1747048010.6413634,20,32,46
1747048010.6763637,64,-63,8
1747048010.7123632,-14,-38,96
1747048010.747363,9,-44,68
1747048010.783363,-6,-20,-13
1747048010.8253634,-35,24,40
1747048010.862363,44,6,21
1747048010.8973634,-34,1,113
1747048010.9323633,48,-31,-45
1747048010.9683633,40,-51,-53
1747048011.0033634,-31,-45,28
1747048011.0393634,-33,50,-101
1747048011.0743637,57,-84,36
1747048011.1093633,22,-7,48
1747048011.1443634,77,-43,-50
1747048011.1803634,6,-75,32
1747048011.2163634,-56,-57,-67
1747048011.2513633,85,-29,17
1747048011.2873633,27,2,-99
1747048011.3223634,-32,10,76
1747048011.3573637,9,44,-3
1747048011.3923633,56,-45,24
1747048011.428363,19,-23,-11
1747048011.464363,-6,32,-11
1747048011.4993634,-23,-34,-15
1747048011.5353634,43,-31,-77
1747048011.5703633,9,-23,-69
1747048011.6053634,-49,-48,-69
1747048011.6403637,20,57,-69
1747048011.6763637,-15,-52,-23
1747048011.7123632,-33,7,-159
1747048011.747363,68,-26,-35
1747048011.783363,-39,99,24
1747048011.8183634,42,99,118
1747048011.8533633,-51,25,80
1747048011.8883634,33,-51,28
1747048011.9243634,49,-1,58
1747048011.9603634,76,57,-3
1747048011.9953637,74,-36,-13
1747048012.0313632,64,23,-47
1747048012.066363,-13,-26,118
1747048012.1013634,-8,16,-49
1747048012.1363633,-108,-113,112
1747048012.1723633,61,-23,84
1747048012.2083633,10,-28,30
1747048012.2433634,88,-64,14
1747048012.2793634,0,9,6
1747048012.3143632,-87,-14,68
1747048012.349363,18,47,44
1747048012.3843634,-47,1,64
1747048012.4203634,0,0,-111
1747048012.4563634,56,33,72
1747048012.4913633,66,79,124
1747048012.5273633,56,-15,54
1747048012.5623634,26,-51,-53
1747048012.5973637,26,52,-25
1747048012.632363,-57,12,34
1747048012.668363,8,-1,-79
1747048012.704363,-15,30,-69
1747048012.7393634,-38,-36,38
1747048012.7753634,22,46,-13
1747048012.8103633,41,-32,-21
1747048012.8453634,-60,45,8
1747048012.8803637,-100,-46,-129
1747048012.9163637,-21,-25,-7
1747048012.9523633,8,0,150
1747048012.987363,20,8,124
1747048013.0233634,15,-26,200
1747048013.0583634,-20,60,16
1747048013.0933633,27,-53,52
1747048013.1283634,89,-23,6
1747048013.1643634,17,40,-155
1747048013.2003634,-96,-69,64
1747048013.2353632,89,30,74
1747048013.2713633,-26,32,-9
1747048013.306363,3,14,-17
1747048013.3413634,-54,-53,26
1747048013.3763633,-54,46,100
1747048013.4123633,5,-3,-23
1747048013.4483633,-19,-48,18
1747048013.4833634,6,-18,-45
1747048013.5193634,-50,-11,96
1747048013.5543633,-2,16,78
1747048013.589363,1,10,48
1747048013.6243634,-4,-75,-35
1747048013.6603634,15,60,44
1747048013.6963634,-64,-84,-45
1747048013.7313633,27,-33,-63
1747048013.7673633,5,-25,-91
1747048013.8023634,5,99,30
1747048013.8373632,-51,-5,-79
1747048013.872363,18,-63,36
1747048013.908363,40,-35,56
1747048013.9443634,8,-34,90
1747048013.9793634,-13,-5,14
1747048014.0153637,57,-50,18
1747048014.0503633,39,-4,98
1747048014.0853634,29,23,78
1747048014.1213634,-46,-23,168
1747048014.1563632,-90,-87,-45
1747048014.1923633,109,-29,34
1747048014.227363,55,50,46
1747048014.2633634,-53,115,20
1747048014.2983634,-63,-22,2
1747048014.3333633,27,-23,-119
1747048014.3693633,34,-8,26
1747048014.4043634,-13,7,-1
1747048014.4403634,-6,-47,-15
1747048014.4753633,-60,-57,38
1747048014.5113633,1,2,88
1747048014.5463634,33,4,-3
1747048014.5813634,-54,14,-15
1747048014.6173637,-116,-11,-53
1747048014.6523633,-24,-31,16
1747048014.6883633,13,-15,4
1747048014.7233634,11,48,156
1747048014.7593634,-22,-57,16
1747048014.7943633,-24,-37,-26
1747048014.829363,0,-3,-17
1747048014.8653634,39,-71,-51
1747048014.9003634,-78,8,60
1747048014.9363637,55,14,-23
1747048014.9713633,-18,34,-53
1747048015.007363,-82,48,16
1747048015.0423634,13,-73,-75
1747048015.0773633,3,-17,-69
1747048015.1133633,-55,-54,30
1747048015.1483634,17,13,30
1747048015.1843634,23,-14,42
1747048015.2193637,-2,23,-53
1747048015.2553637,41,13,48
1747048015.2903633,29,-39,58
1747048015.3253634,-8,-55,76
1747048015.3613634,53,-49,12
1747048015.3963633,18,-4,-71
1747048015.4323633,-77,-8,48
1747048015.4673634,16,61,-69
1747048015.5033634,-26,-35,130
1747048015.5383637,3,7,82
1747048015.5733633,-8,3,-83
1747048015.6093633,-17,1,20
1747048015.6443634,1,-50,-13
1747048015.6803634,24,47,46
1747048015.7153633,16,-78,-67
1747048015.750363,4,31,-29
1747048015.7853634,-6,55,66
1747048015.8213634,-36,29,21
1747048015.8573637,-56,-40,61
1747048015.8923633,27,-18,-34
1747048015.928363,35,-24,11
1747048015.9633634,-2,0,-7
1747048015.9983633,15,-7,14
1747048016.033363,-124,-77,50
1747048016.0693634,7,18,-129
1747048016.1053634,-44,24,-8
1747048016.1403637,-66,12,-1
1747048016.1763637,-61,-12,35
1747048016.2113633,0,18,-49
1747048016.2463634,27,-53,-93
1747048016.2813632,-6,-7,17
1747048016.3173633,-20,-75,-15
1747048016.3533633,-2,-25,-63
1747048016.3883634,103,32,-31
1747048016.4243634,-26,22,-89
1747048016.4593637,-50,-11,24
1747048016.4943633,49,14,-13
1747048016.5293634,27,20,38
1747048016.5653634,47,2,38
1747048016.6013634,27,27,-79
1747048016.6363633,51,-50,-47
1747048016.6723633,-18,-30,92
1747048016.7073634,55,-52,-93
1747048016.7423637,71,-34,34
1747048016.7773633,89,-34,-57
1747048016.8133633,-6,51,128
1747048016.849363,7,-2,90
1747048016.8843634,16,-7,82
1747048016.9203634,41,53,8
1747048016.9553633,51,-4,-1
1747048016.9903634,-30,25,48
1747048017.0253634,57,-26,18
1747048017.0613637,49,-16,22
1747048017.0973637,57,-14,138
1747048017.132363,25,57,-41
1747048017.168363,-38,37,16
1747048017.2033634,25,-41,-73
1747048017.2383633,25,64,-129
1747048017.2733634,-24,-16,98
1747048017.3093634,9,-58,-113
1747048017.3453634,-14,13,-51
1747048017.3803637,-36,-52,80
1747048017.4163637,-115,52,-31
1747048017.451363,-17,-5,12
1747048017.4863634,-8,-4,-5
1747048017.5213633,14,64,82
1747048017.5573633,16,32,-29
1747048017.5933633,59,32,-55
1747048017.6283634,-26,-62,54
1747048017.6643634,19,25,46
1747048017.6993637,36,-26,-65
1747048017.7343633,-5,-20,-41
1747048017.7693634,8,33,-11
1747048017.8053634,98,-42,36
1747048017.8413634,-19,-40,66
1747048017.8763633,8,-48,-101
1747048017.9123633,32,-64,-133
1747048017.9473634,19,-74,82
1747048017.9823637,43,63,-27
1747048018.0173633,-52,-66,90
1747048018.053363,9,29,94
1747048018.089363,27,28,116
1747048018.1243634,-10,-49,-27
1747048018.1603634,-46,-53,88
1747048018.1953633,29,11,-3
1747048018.2303634,11,-2,-77
1747048018.2653637,-10,33,-13
1747048018.3013637,-66,9,62
1747048018.3373632,-36,-2,-49
1747048018.372363,-60,-4,154
1747048018.408363,-10,-8,-14
1747048018.4433634,-20,5,18
1747048018.4783633,-24,95,-22
1747048018.5133634,55,23,-26
1747048018.5493634,-48,9,120
1747048018.5853634,-35,-17,123
1747048018.6203637,33,21,-39
1747048018.6563632,89,-50,-51
1747048018.691363,95,-24,26
1747048018.7263634,-40,27,88
1747048018.7623634,94,-2,-15
1747048018.7973633,-11,-20,-43
1747048018.8333633,-9,55,-15
1747048018.8683634,-76,0,48
1747048018.9043634,29,-76,78
1747048018.9393632,9,46,76
1747048018.974363,65,28,24
1747048019.010363,-74,-27,-161
1747048019.0453634,-18,-25,102
1747048019.0813634,35,-45,68
1747048019.1163633,-32,-55,-15
1747048019.1523633,13,28,104
1747048019.1873634,-32,-123,118
1747048019.2223637,35,22,-15
1747048019.2583632,-58,48,-23
1747048019.293363,-45,16,-63
1747048019.329363,-44,-31,-57
1747048019.3643634,-10,68,-101
1747048019.4003634,61,-21,-13
1747048019.4353633,1,-23,-7
1747048019.4703634,49,-33,-21
1747048019.5063634,-34,-25,130
1747048019.5413637,-50,36,48
1747048019.5773633,-32,28,89
1747048019.612363,10,-20,83
1747048019.6483634,36,-42,-6
1747048019.6833634,66,-70,59
1747048019.7183633,108,39,-48
1747048019.7543633,47,68,-79
1747048019.7893634,62,-58,24
1747048019.8253634,25,33,-21
1747048019.8603632,1,-64,-85
1747048019.8963633,5,-26,34
1747048019.931363,-26,35,26
1747048019.9663634,17,-57,38
1747048020.0023634,-64,-27,-7
1747048020.0373633,7,86,16
1747048020.0733633,5,-45,-19
1747048020.1083634,3,-3,24
1747048020.1443634,31,-35,-37
1747048020.1793633,-4,-11,0
1747048020.214363,-87,-19,82
1747048020.250363,53,-19,-28
1747048020.2853634,21,-25,106
1747048020.3213634,-90,12,-21
1747048020.3563633,5,-17,49
1747048020.3923633,13,-33,-108
1747048020.428363,-19,34,-12
1747048020.4633634,-99,-21,61
1747048020.4983633,30,-5,31
1747048020.5343633,31,55,35
1747048020.5703633,-39,-27,115
1747048020.6053634,-39,-22,73
1747048020.6413634,1,-20,7
1747048020.6763637,146,-18,31
1747048020.7113633,37,22,-16
1747048020.7463634,-2,1,91
1747048020.7823634,-68,-14,-9
1747048020.8183634,1,43,32
1747048020.8603632,-60,-3,8
1747048020.8973634,-50,-18,-3
1747048020.9323633,3,-42,60
1747048020.9673634,29,47,-67
1747048021.0023634,-18,-40,100
1747048021.0383637,41,29,126
1747048021.0743637,30,21,-43
1747048021.1093633,-43,-14,10
1747048021.145363,26,17,42
1747048021.1803634,34,-54,-81
1747048021.2153633,24,109,-61
1747048021.250363,-27,-18,-3
1747048021.2863634,26,11,28
1747048021.3223634,30,-42,10
1747048021.3573637,-5,-8,-25
1747048021.3933637,-24,-8,58
1747048021.428363,-54,1,106
1747048021.4633634,-14,-56,31
1747048021.4983633,17,-36,24
1747048021.5343633,-74,49,110
1747048021.5703633,27,22,-7
1747048021.6053634,-50,52,2
1747048021.6413634,62,6,4
1747048021.6763637,-102,26,76
1747048021.7113633,-2,-49,-99
1747048021.7463634,-48,-6,136
1747048021.7823634,25,-18,16
1747048021.8183634,0,-54,70
1747048021.8533633,-10,-66,22
1747048021.8893633,-18,-48,44
1747048021.9243634,-68,-47,-43
1747048021.9593637,9,-11,4
1747048021.9943633,11,-25,50
1747048022.030363,3,74,-23
1747048022.066363,97,6,4
1747048022.1013634,3,-69,-9
1747048022.1373634,-37,-64,8
1747048022.1723633,42,19,-43
1747048022.2073634,-37,-98,-37
1747048022.2423637,37,-18,78
1747048022.2783637,28,-10,30
1747048022.3143632,-28,-25,-7
1747048022.349363,-82,-65,34
1747048022.385363,-36,48,-97
1747048022.4203634,-6,0,73
1747048022.4553633,33,-55,55
1747048022.4903634,5,51,-66
1747048022.5263634,5,71,89
1747048022.5623634,-4,3,-65
1747048022.5973637,-30,29,-23
1747048022.6333632,-64,35,22
1747048022.668363,19,-24,23
1747048022.7033634,-70,-18,142
1747048022.7383633,-90,-41,-123
1747048022.7743633,-10,-39,70
1747048022.8103633,7,-13,-87
1747048022.8453634,21,10,32
1747048022.8813634,-34,77,-13
1747048022.9163637,-3,2,48
1747048022.951363,24,-51,14
1747048022.9863634,-9,84,-85
1747048023.0223634,38,-25,-27
1747048023.0583634,-39,-3,2
1747048023.0933633,-43,20,10
1747048023.1293633,-51,-19,54
1747048023.1643634,24,-49,-43
1747048023.1993637,-19,-61,14
1747048023.2343633,8,-49,-74
1747048023.270363,-5,80,-10
1747048023.306363,44,-46,4
1747048023.3413634,7,-27,148
1747048023.3773634,-22,36,24
1747048023.4123633,-2,-51,-3
1747048023.4473634,-18,-39,-11
1747048023.4833634,-2,6,36
1747048023.5183637,-76,-19,206
1747048023.5543633,-92,-1,38
1747048023.589363,-41,-15,-11
1747048023.625363,-6,-39,40
1747048023.6603634,138,-25,54
1747048023.6953633,-92,76,118
1747048023.7313633,-22,0,-9
1747048023.7663634,-36,-10,-55
1747048023.8023634,-90,26,-31
1747048023.8373632,-36,24,-1
1747048023.8733633,-58,-17,30
1747048023.908363,73,4,76
1747048023.9433634,-36,76,64
1747048023.9793634,19,50,62
1747048024.0143633,37,-59,88
1747048024.0503633,84,42,-45
1747048024.0853634,14,6,-17
1747048024.1213634,-11,-31,-79
1747048024.1563632,-51,52,-81
1747048024.191363,4,-55,-27
1747048024.227363,-82,34,178
1747048024.2623634,85,8,22
1747048024.2983634,-48,-113,-67
1747048024.3333633,34,-60,36
1747048024.3693633,-5,43,-93
1747048024.4043634,6,-4,64
1747048024.4393632,-7,125,-3
1747048024.4753633,-35,127,-21
1747048024.510363,11,-12,50
1747048024.5463634,0,-10,-5
1747048024.5813634,-70,47,-13
1747048024.6173637,-70,32,-1
1747048024.6523633,-102,-75,55
1747048024.6873634,-12,-43,-34
1747048024.7233634,-96,-74,-10
1747048024.7583632,-32,-44,-10
1747048024.7943633,17,-38,-20
1747048024.829363,1,-8,99
1747048024.8653634,-14,46,-47
1747048024.9003634,-84,3,-50
1747048024.9353633,39,58,65
1747048024.9713633,-32,-77,-56
1747048025.0063634,-82,-35,-26
1747048025.0423634,29,-49,-173
1747048025.0773633,-30,78,40
1747048025.112363,47,-42,-47
1747048025.1473634,-48,25,56
1747048025.1833634,10,-63,62
1747048025.2193637,12,24,-101
1747048025.2543633,33,-51,8
1747048025.2903633,3,-27,-23
1747048025.3253634,1,-1,84
1747048025.3603632,-6,4,-27
1747048025.395363,49,24,-23
1747048025.431363,-16,-33,-15
1747048025.4673634,-21,-54,118
1747048025.5023634,-35,-18,44
1747048025.5383637,-23,-28,-3
1747048025.5733633,-7,17,66
1747048025.6083634,-71,31,-89
1747048025.6433637,-16,30,-55
1747048025.6793633,0,20,-45
1747048025.7153633,19,42,0
1747048025.750363,0,-57,-71
1747048025.7863634,53,-11,-43
1747048025.8213634,39,16,12
1747048025.8563633,77,-20,-1
1747048025.8913634,-22,-31,50
1747048025.9273634,-4,87,-87
1747048025.9633634,51,74,-143
1747048025.9983633,-12,32,-41
1747048026.0343633,-48,-5,44
1747048026.0693634,-6,-20,84
1747048026.1043634,17,0,68
1747048026.1393633,61,47,44
1747048026.1753633,83,-22,-69
1747048026.2113633,-16,-54,48
1747048026.2463634,-52,7,-93
1747048026.2823634,-42,15,-89
1747048026.3173633,-132,-8,10
1747048026.352363,-73,-21,94
1747048026.3873634,-40,11,-13
1747048026.4233634,-46,-48,64
1747048026.4593637,-34,-62,26
1747048026.4943633,-66,-32,-17
1747048026.530363,-14,65,-41
1747048026.5653634,-28,-23,39
1747048026.6003633,-148,-5,-10
1747048026.635363,23,-21,-110
1747048026.6713634,-64,4,-45
1747048026.7073634,-50,16,-25
1747048026.7423637,-18,-44,-95
1747048026.7783637,17,43,-31
1747048026.8133633,133,25,6
1747048026.8483634,-46,-48,32
1747048026.8833632,-4,-26,-5
1747048026.9193633,41,-60,-67
1747048026.9553633,-65,57,30
1747048026.9903634,-24,-10,50
1747048027.0263634,-12,33,68
1747048027.0613637,13,17,24
1747048027.0963633,-4,37,74
1747048027.1313634,1,1,92
1747048027.1673634,15,-36,46
1747048027.2033634,30,-22,12
1747048027.2383633,-9,-2,124
1747048027.2743633,-37,-48,-99
1747048027.3093634,-25,53,-7
1747048027.3443637,12,0,-61
1747048027.3793633,38,13,4
1747048027.4153633,-49,9,-3
1747048027.451363,-9,-64,32
1747048027.4863634,58,-36,74
1747048027.5223634,-24,19,-25
1747048027.5573633,7,-30,-107
1747048027.5923634,-16,35,-60
1747048027.6273634,51,62,18
1747048027.6633637,77,7,-11
1747048027.6993637,-8,0,26
1747048027.7343633,-20,15,21
1747048027.770363,-1,55,-17
1747048027.8053634,34,-4,10
1747048027.8403633,47,-41,39
1747048027.875363,-78,-25,-21
1747048027.9113634,2,49,75
1747048027.9473634,-23,-38,-8
1747048027.9823637,66,-44,25
1747048028.0183637,0,13,33
1747048028.053363,-5,-22,-8
1747048028.0883634,-75,7,-62
1747048028.1243634,-3,31,73
1747048028.1593633,-31,-46,21
1747048028.1953633,-22,-16,-50
1747048028.2303634,23,-52,52
1747048028.2663634,1,-16,78
1747048028.3013637,-16,-97,-25
1747048028.3363633,-38,19,-11
1747048028.372363,-11,-6,74
1747048028.4073634,37,29,-147
1747048028.4433634,-14,21,76
1747048028.4783633,12,-17,60
1747048028.5143633,-24,-14,-63
1747048028.5493634,-60,-12,-3
1747048028.5843637,25,-88,-1
1747048028.6203637,-114,41,-67
1747048028.655363,39,-12,-13
1747048028.691363,-40,-2,14
1747048028.7263634,-2,-62,60
1747048028.7623634,-72,-18,-19
1747048028.7973633,33,-30,84
1747048028.8323634,29,-2,-29
1747048028.8683634,-44,57,-25
1747048028.9033637,-11,-14,42
1747048028.9393632,24,87,136
1747048028.974363,34,-8,46
1747048029.010363,39,-2,44
1747048029.0453634,9,11,88
1747048029.0803633,106,-44,14
1747048029.1163633,-1,-22,14
1747048029.1513634,11,1,-132
1747048029.1873634,-10,17,121
1747048029.2223637,19,-44,144
1747048029.2583632,45,-58,36
1747048029.293363,-46,-16,72
1747048029.3283634,-82,-102,61
1747048029.3643634,5,41,3
1747048029.3993633,-28,1,55
1747048029.4353633,-28,-76,-54
1747048029.4703634,99,-64,67
1747048029.5063634,-58,-62,79
1747048029.5413637,-2,9,30
1747048029.576363,0,-50,-17
1747048029.612363,1,61,94
1747048029.6473634,-34,-42,-32
1747048029.6833634,-56,55,-9
1747048029.7183633,56,-5,-31
1747048029.7543633,19,0,50
1747048029.7903633,29,33,10
1747048029.826363,15,-2,-45
1747048029.862363,-5,-30,-95
1747048029.8973634,-5,-34,28
1747048029.9323633,-72,-10,86
1747048029.9683633,21,33,74
1747048030.0043633,-89,1,-35
1747048030.0393634,-9,-28,28
1747048030.0753634,5,-28,88
1747048030.1103632,42,-78,-58
1747048030.145363,-57,-12,110
1747048030.1803634,-6,-2,-35
1747048030.2163634,27,-29,64
1747048030.2523634,47,13,-111
1747048030.2873633,-60,-59,-97
1747048030.3233633,7,-59,20
1747048030.3583634,-27,13,-47
1747048030.3933637,7,-63,114
1747048030.428363,68,45,-29
1747048030.464363,33,-11,128
1747048030.500363,-63,29,-3
1747048030.5353634,14,17,20
1747048030.5713634,-53,-58,86
1747048030.6063633,45,-56,-11
1747048030.6413634,-22,-75,122
1747048030.6763637,-34,10,56
1747048030.7123632,-68,-53,-5
1747048030.7483633,-48,-29,4
1747048030.783363,-86,-16,62
1747048030.8193634,37,0,-13
1747048030.8613634,-120,-10,-13
1747048030.8973634,19,10,28
1747048030.9323633,-2,23,-19
1747048030.9683633,11,-26,-145
1747048031.0043633,71,-14,-53
1747048031.0393634,31,7,46
1747048031.0753634,-15,8,-5
1747048031.1103632,62,4,-23
1747048031.145363,-1,-95,-7
1747048031.1803634,-75,29,4
1747048031.2163634,14,-51,82
1747048031.2523634,30,-56,-3
1747048031.2873633,-101,-1,12
1747048031.3233633,32,70,38
1747048031.3583634,10,-9,30
1747048031.3933637,76,8,-3
1747048031.428363,20,-69,0
1747048031.464363,-1,-19,179
1747048031.500363,40,-17,86
1747048031.5353634,30,-69,-5
1747048031.5713634,104,-31,-5
1747048031.6063633,22,-5,-42
1747048031.6413634,-55,16,-114
1747048031.6763637,-35,6,41
1747048031.7123632,-105,6,47
1747048031.7483633,-21,-11,-21
1747048031.783363,-51,-3,-65
1747048031.8193634,42,-41,74
1747048031.8543634,-7,8,-57
1747048031.8893633,-28,-27,46
1747048031.9243634,15,-17,32
1747048031.9603634,0,0,-139
1747048031.9963634,-7,-7,66
1747048032.0313632,77,96,86
1747048032.0673633,-7,-29,18
1747048032.102363,30,-51,98
1747048032.1373634,20,-27,104
1747048032.1723633,6,32,10
1747048032.2083633,-33,0,19
1747048032.2443633,18,-41,54
1747048032.2793634,-3,-59,102
1747048032.3153634,-71,-73,48
1747048032.3503633,20,22,80
1747048032.385363,24,34,56
1747048032.4203634,-50,-10,36
1747048032.4563634,8,-23,48
1747048032.4923637,5,-68,102
1747048032.5273633,-18,-61,-9
1747048032.5633633,-32,50,66
1747048032.5983634,-58,-86,-137
1747048032.6333632,41,0,-23
1747048032.668363,13,-14,-121
1747048032.704363,131,29,28
1747048032.7403634,-71,36,3
1747048032.7753634,34,28,64
1747048032.8113637,-35,67,43
1747048032.8463633,32,33,-5
1747048032.8813634,-29,11,-49
1747048032.9173634,70,-10,-102
1747048032.9523633,28,31,20
1747048032.9883633,60,39,-79
1747048033.0233634,80,-22,40
1747048033.0593634,50,13,-16
1747048033.0943637,24,33,29
1747048033.1293633,64,-6,-36
1747048033.1653633,14,8,35
1747048033.2003634,-72,-4,67
1747048033.2363634,15,-6,127
1747048033.2713633,-76,5,5
1747048033.3073633,31,-20,-106
1747048033.3423634,113,8,1
1747048033.3773634,-40,30,-35
1747048033.4133637,87,-42,88
1747048033.4483633,87,-18,75
1747048033.4843633,-20,-16,-96
1747048033.5193634,47,45,-75
1747048033.5553634,39,-1,-44
1747048033.5903633,13,53,67
1747048033.625363,-4,-46,-8
1747048033.6613634,29,-9,67
1747048033.6963634,0,-53,29
1747048033.7323637,51,-23,-22
1747048033.7673633,57,32,25
1747048033.803363,-16,-31,-81
1747048033.8383634,39,24,34
1747048033.8733633,51,30,-17
1747048033.9093633,5,16,52
1747048033.9443634,-60,22,84
1747048033.9803634,-16,-41,112
1747048034.0153637,-90,4,-6
1747048034.0513637,-26,-15,55
1747048034.0863633,9,20,43
1747048034.1213634,-10,0,35
1747048034.1573634,-40,72,99
1747048034.1923633,63,-79,-54
1747048034.2283633,55,-7,51
1747048034.2633634,16,-19,1
1747048034.2993634,70,-39,-55
1747048034.3343637,52,-13,-83
1747048034.3693633,47,-7,32
1747048034.405363,11,-33,110
1747048034.4403634,-13,-8,-7
1747048034.4763634,-13,-23,2
1747048034.5113633,-32,20,-95
1747048034.5463634,-96,80,-117
1747048034.5813634,43,30,30
1747048034.6173637,-16,48,104
1747048034.6533637,-52,-41,60
1747048034.6883633,33,60,22
1747048034.724363,13,-53,42
1747048034.7593634,71,-21,-39
1747048034.7943633,-46,-3,-51
1747048034.829363,67,12,88
1747048034.8653634,0,0,72
1747048034.9013634,11,12,-57
1747048034.9363637,57,37,120
1747048034.9723637,1,15,-101
1747048035.007363,-28,-7,0
1747048035.0423634,-10,-56,34
1747048035.0773633,47,7,-7
1747048035.1133633,-27,-17,48
1747048035.1493633,-17,45,-39
1747048035.1843634,-9,-7,-19
1747048035.2203634,52,28,0
1747048035.2553637,42,-41,30
1747048035.2903633,29,50,-32
1747048035.3253634,-22,-29,37
1747048035.3613634,-53,58,-64
1747048035.3973634,60,-75,-92
1747048035.4323633,11,-32,105
1747048035.4683633,30,-65,-30
1747048035.5033634,-29,-5,-8
1747048035.5383637,-71,-43,-86
1747048035.5733633,-117,-11,136
1747048035.6093633,-61,80,-71
1747048035.645363,-85,-77,32
1747048035.6803634,-50,38,44
1747048035.7163634,-24,48,-61
1747048035.7513633,-32,28,57
1747048035.7863634,-8,-17,-2
1747048035.8213634,11,48,-72
1747048035.8573637,29,41,123
1747048035.8933637,7,75,67
1747048035.928363,11,0,-46
1747048035.964363,43,-3,-14
1747048035.9993634,25,24,0
1747048036.0343633,101,-72,1
1747048036.0693634,29,24,-82
1747048036.1053634,59,4,61
1747048036.1413634,-4,-41,105
1747048036.1763637,-10,-21,144
1747048036.2123632,0,-29,-126
1747048036.247363,33,-23,81
1747048036.2823634,5,-13,25
1747048036.3173633,0,-107,30
1747048036.3533633,40,-8,-3
1747048036.3893633,-5,5,40
1747048036.4243634,26,-20,-1
1747048036.4603634,-18,-7,-63
1747048036.4953637,-20,-57,100
1747048036.530363,9,-13,62
1747048036.5653634,-44,-45,-13
1747048036.6013634,-36,-12,-17
1747048036.6373634,-10,43,-23
1747048036.6723633,31,19,-27
1747048036.7083633,13,37,22
1747048036.7433634,11,-80,58
1747048036.7783637,25,15,-81
1747048036.8133633,-38,-76,-19
1747048036.849363,31,21,-5
1747048036.885363,-6,45,70
1747048036.9203634,17,-82,-3
1747048036.9563634,0,-80,-91
1747048036.9913633,-16,-8,-7
1747048037.0263634,-50,-6,78
1747048037.0613637,51,-34,-35
1747048037.0973637,-10,-20,-69
1747048037.1333632,38,-73,78
1747048037.168363,-46,7,-43
1747048037.204363,23,16,-47
1747048037.2393634,-66,6,-71
1747048037.2743633,27,-101,-9
1747048037.3093634,0,-63,68
1747048037.3453634,-34,-9,16
1747048037.3813634,4,-107,-137
1747048037.4163637,21,74,-61
1747048037.4523633,-22,-7,-81
1747048037.487363,-64,-7,-45
1747048037.5223634,1,24,22
1747048037.5583634,19,-41,68
1747048037.5933633,38,-14,-2
1747048037.6293633,31,-3,-48
1747048037.6643634,45,-47,-86
1747048037.7003634,-32,8,-17
1747048037.7353632,-40,-21,-61
1747048037.770363,-22,-7,28
1747048037.806363,-16,-51,-7
1747048037.8413634,75,15,-57
1747048037.8773634,-12,9,36
1747048037.9123633,-58,11,8
1747048037.9483633,-75,17,-5
1747048037.9833634,76,-6,44
1747048038.0183637,20,0,52
1747048038.0543633,-73,73,-55
1747048038.089363,34,41,-5
1747048038.125363,13,12,-139
1747048038.1603634,-70,-53,10
1747048038.1963634,41,64,-21
1747048038.2313633,3,66,22
1747048038.2663634,9,-5,-59
1747048038.3023634,-14,-34,-5
1747048038.3373632,57,22,4
1747048038.3733633,84,-38,-71
1747048038.408363,-33,-20,-73
1747048038.4443634,-36,64,-133
1747048038.4793634,30,-74,-63
1747048038.5143633,9,-53,40
1747048038.5503633,13,36,-1
1747048038.5853634,55,36,10
1747048038.6213634,15,-93,70
1747048038.6563632,47,-45,50
1747048038.6923633,37,12,-81
1747048038.727363,-54,-2,80
1747048038.7623634,-56,-62,-65
1747048038.7983634,27,-50,76
1747048038.8333633,13,33,94
1747048038.8693633,3,45,-17
1747048038.9043634,45,-60,-31
1747048038.9403634,-32,-32,-71
1747048038.9753633,-8,-33,14
1747048039.010363,107,-39,-109
1747048039.0463634,-88,62,-123
1747048039.0813634,-20,-6,108
1747048039.1173637,21,9,-41
1747048039.1523633,-44,9,-7
1747048039.1873634,9,9,-21
1747048039.2223637,46,40,-53
1747048039.2583632,-29,-57,-19
1747048039.2943633,23,-46,-95
1747048039.329363,17,-18,22
1747048039.3653634,111,47,64
1747048039.4003634,43,17,18
1747048039.4353633,-46,57,-87
1747048039.4703634,-42,43,28
1747048039.5063634,21,7,30
1747048039.5423634,5,21,-11
1747048039.5773633,9,-67,-45
1747048039.6133633,-32,-58,4
1747048039.6483634,-56,-58,-51
1747048039.6833634,-18,-48,-73
1747048039.7183633,-18,25,-49
1747048039.7543633,-26,-74,22
1747048039.7903633,9,-36,17
1747048039.8253634,-5,-34,1
1747048039.8613634,-27,-40,-36
1747048039.8963633,-11,30,63
1747048039.931363,4,8,-94
1747048039.9663634,86,32,107
1747048040.0023634,38,-33,5
1747048040.0383637,-42,-30,167
1747048040.0733633,-7,8,33
1747048040.1093633,-4,41,-146
1747048040.1443634,-13,106,-64
1747048040.1793633,43,31,0
1747048040.214363,47,-59,-4
1747048040.250363,-40,-17,3
1747048040.2863634,-10,-2,19
1747048040.3213634,-106,-18,-2
1747048040.3573637,-32,-56,15
1747048040.3923633,-32,-84,97
1747048040.4273634,-26,-48,0
1747048040.4623632,19,21,-116
1747048040.4983633,-24,-12,-40
1747048040.5343633,39,-8,-9
1747048040.5693634,46,53,-49
1747048040.6053634,49,-70,48
1747048040.6403637,55,67,-59
1747048040.6753633,-22,17,-17
1747048040.7103634,-6,7,-81
1747048040.7463634,-48,21,24
1747048040.7823634,-61,-32,122
1747048040.8173633,72,-8,-109
1747048040.8533633,27,40,-59
1747048040.895363,-42,-7,108
1747048040.931363,-20,-63,-9
1747048040.9663634,62,45,78
1747048041.0023634,6,7,10
1747048041.0383637,-1,-58,80
1747048041.0733633,-45,-48,-5
1747048041.1093633,0,63,22
1747048041.1443634,-55,35,76
1747048041.1793633,12,-40,52
1747048041.214363,16,-64,84
1747048041.250363,-78,26,-37
1747048041.2863634,-49,35,-39
1747048041.3213634,-41,25,74
1747048041.3573637,10,-64,-35
1747048041.3923633,-11,-46,18
1747048041.4273634,26,-22,22
1747048041.4623632,-6,-6,-9
1747048041.4983633,-14,-16,-53
1747048041.5343633,-20,39,36
1747048041.5693634,29,-82,41
1747048041.6053634,-6,-24,162
1747048041.6403637,-14,-86,57
1747048041.6753633,28,1,158
1747048041.7103634,-45,-22,24
1747048041.7463634,-15,-12,72
1747048041.7823634,-101,-50,0
1747048041.8173633,28,-46,18
1747048041.8533633,-69,41,0
1747048041.8883634,-33,5,-3
1747048041.9233634,42,-20,4
1747048041.9583633,60,0,110
1747048041.9943633,-49,17,42
1747048042.030363,19,21,168
1747048042.0653634,-30,-26,-23
1747048042.1013634,-16,-68,-67
1747048042.1363633,61,19,102
1747048042.1713634,1,19,-19
1747048042.2073634,-10,-20,6
1747048042.2423637,-3,38,-1
1747048042.2783637,3,-51,28
1747048042.3133633,52,-47,66
1747048042.349363,-12,8,-13
1747048042.3843634,117,22,18
1747048042.4193633,13,-39,134
1747048042.4553633,-55,-93,84
1747048042.4903634,29,86,50
1747048042.5263634,-14,-4,22
1747048042.5613637,-78,27,51
1747048042.5973637,15,51,95
1747048042.632363,1,1,41
1747048042.6673634,0,-38,63
1747048042.7033634,-102,23,-15
1747048042.7383633,113,17,92
1747048042.7743633,23,21,30
1747048042.8093634,-10,41,22
1747048042.8453634,13,-72,0
1747048042.8803637,43,5,8
1747048042.9153633,-22,-52,122
1747048042.951363,-12,-22,-17
1747048042.9863634,-30,0,68
1747048043.0223634,17,-46,-7
1747048043.0573633,51,-30,-47
1747048043.0933633,69,46,-23
1747048043.1283634,19,-1,126
1747048043.1633637,7,-53,40
1747048043.1993637,-12,-43,40
1747048043.2343633,-24,21,-15
1747048043.270363,4,28,-21
1747048043.3053634,66,12,-19
1747048043.3413634,-22,14,44
1747048043.3763633,45,-9,-3
1747048043.4113634,-28,-21,-43
1747048043.4473634,1,-7,-3
1747048043.4823637,11,-3,-1
1747048043.5183637,0,-143,-13
1747048043.553363,12,-36,54
1747048043.589363,-34,23,-21
1747048043.6243634,-108,35,46
1747048043.6593633,81,29,-53
1747048043.6953633,-2,49,-89
1747048043.7303634,66,-20,-41
1747048043.7663634,8,-46,18
1747048043.8013637,-7,7,22
1747048043.8363633,-8,-17,10
1747048043.8713634,-72,-39,-9
1747048043.9073634,43,-29,56
1747048043.9433634,82,-46,26
1747048043.9783633,13,24,-29
1747048044.0143633,17,-43,84
1747048044.0493634,0,-19,-29
1747048044.0843637,-28,-79,76
1747048044.1193633,56,1,-71
1747048044.155363,12,-10,12
1747048044.191363,-56,60,-39
1747048044.2263634,15,-30,88
1747048044.2623634,-70,3,3
1747048044.2973633,8,-72,23
1747048044.3323634,24,57,113
1747048044.3673637,0,-55,-20
1747048044.4033637,12,17,-78
1747048044.4393632,48,87,-76
1747048044.474363,-57,9,70
1747048044.510363,25,-17,-157
1747048044.5453634,77,-29,28
1747048044.5803633,-4,34,-25
1747048044.6153634,-19,-18,42
1747048044.6513634,-22,-3,-17
1747048044.6873634,-54,-59,74
1747048044.7223637,-65,20,-23
1747048044.7583632,76,36,8
1747048044.793363,-26,-28,52
1747048044.8283634,-8,-7,28
1747048044.8633633,23,45,22
1747048044.8993633,-97,-21,34
1747048044.9353633,39,-54,-15
1747048044.9703634,-26,-12,74
1747048045.0063634,-58,-26,78
1747048045.0413637,4,58,-91
1747048045.076363,-13,-9,40
1747048045.1113634,-25,-15,-93
1747048045.1473634,9,0,102
1747048045.1833634,-74,-20,44
1747048045.2183633,8,122,54
1747048045.2543633,11,58,0
1747048045.2893634,9,-41,-53
1747048045.3243637,-31,14,-3
1747048045.3593633,-12,-52,58
1747048045.395363,-64,39,-85
1747048045.431363,12,84,14
1747048045.4663634,-67,36,2
1747048045.5023634,34,32,-19
1747048045.5373633,-91,-37,116
1747048045.5723634,-61,-70,2
1747048045.6073637,-33,17,-3
1747048045.6433637,32,15,-105
1747048045.6793633,17,-23,76
1747048045.714363,41,-25,52
1747048045.750363,83,-61,88
1747048045.7853634,33,48,28
1747048045.8203633,-20,-47,-45
1747048045.8553634,49,8,-65
1747048045.8913634,-27,-33,0
1747048045.9273634,-16,4,30
1747048045.9623632,-9,24,-113
1747048045.9983633,-37,-31,8
1747048046.033363,24,14,74
1747048046.0683634,4,44,30
1747048046.1033633,14,-53,20
1747048046.1393633,-41,-13,70
1747048046.1753633,-14,53,44
1747048046.2103634,-42,61,-73
1747048046.2463634,-80,-22,-45
1747048046.2813632,-106,65,-155
1747048046.316363,13,-40,-87
1747048046.3513634,73,-90,-41
1747048046.3873634,-42,53,37
1747048046.4233634,-38,61,11
1747048046.4583633,-74,-16,-46
1747048046.4943633,-12,51,-32
1747048046.5293634,-44,9,28
1747048046.5643632,-29,-21,-26
1747048046.599363,94,62,63
1747048046.635363,8,-35,83
1747048046.6713634,26,-33,39
1747048046.7063634,-63,42,8
1747048046.7423637,20,-41,31
1747048046.7773633,74,120,-86
1747048046.8123634,10,-33,100
1747048046.8483634,16,-63,57
1747048046.8833632,-19,-66,192
1747048046.9193633,-3,19,-43
1747048046.954363,28,37,48
1747048046.9903634,0,41,16
1747048047.0253634,58,25,34
1747048047.0603633,5,-65,-19
1747048047.0963633,10,-2,-67
1747048047.1313634,50,-4,-32
1747048047.1673634,15,62,-113
1747048047.2023633,-37,17,-50
1747048047.2383633,3,6,36
1747048047.2733634,-14,-33,25
1747048047.3083634,-7,32,18
1747048047.3443637,42,21,-45
1747048047.3793633,40,-31,-21
1747048047.4153633,32,52,-3
1747048047.4503634,18,30,98
1747048047.4863634,-57,4,20
1747048047.5213633,24,-7,-101
1747048047.556363,2,-33,-55
1747048047.5923634,76,-49,-73
1747048047.6273634,-31,0,30
1747048047.6633637,-9,65,32
1747048047.6983633,70,-32,34
1747048047.7343633,-101,14,12
1747048047.7693634,-5,14,35
1747048047.8043633,70,2,39
1747048047.8403633,-105,-15,-36
1747048047.875363,70,51,51
1747048047.9113634,0,-24,53
1747048047.9463634,-11,-68,-80
1747048047.9823637,-33,-19,57
1747048048.0173633,48,-67,-30
1747048048.0523634,126,-15,-24
1747048048.0883634,-25,56,70
1747048048.1233633,-83,-11,10
1747048048.1593633,-65,-11,-163
1747048048.1943634,24,4,-5
1747048048.2303634,4,-61,-45
1747048048.2653637,-17,-55,36
1747048048.3003633,-41,54,-53
1747048048.3363633,34,55,-36
1747048048.3713634,-31,71,-2
1747048048.4073634,12,27,-17
1747048048.4423633,10,-32,10
1747048048.4783633,8,-8,66
1747048048.5143633,62,-45,-57
1747048048.5503633,-60,-39,-29
1747048048.5863633,-26,-23,-57
1747048048.6213634,-10,-43,-58
1747048048.6563632,79,-13,135
1747048048.6923633,111,-89,19
1747048048.7283633,-104,-53,-52
1747048048.7633634,-4,40,0
1747048048.7993634,-10,-6,79
1747048048.8343637,7,13,-70
1747048048.8693633,-20,-34,35
1747048048.9043634,-5,23,25
1747048048.9403634,49,-78,1
1747048048.9763634,-36,-8,41
1747048049.0113633,9,-2,71
1747048049.0473633,33,21,25
1747048049.0823634,-11,-1,0
1747048049.1173637,35,-37,-3
1747048049.1523633,19,-59,30
1747048049.1883633,-41,-28,40
1747048049.224363,-1,-93,136
1747048049.2593634,50,-35,20
1747048049.2953634,21,-13,-41
1747048049.3303633,56,-25,22
1747048049.3653634,-34,-11,124
1747048049.4003634,0,2,-147
1747048049.4363637,-67,-53,34
1747048049.4723637,43,66,2
1747048049.507363,51,-33,38
1747048049.543363,-6,58,70
1747048049.5783634,-2,-45,-25
1747048049.6133633,25,-27,24
1747048049.6483634,-32,12,-5
1747048049.6843634,2,115,-47
1747048049.7203634,-17,-48,-87
1747048049.7553637,-21,11,64
1747048049.7913637,64,5,-27
1747048049.826363,11,-81,54
1747048049.8613634,13,-5,64
1747048049.8963633,-84,24,26
1747048049.9323633,-43,-96,4
1747048049.9683633,-79,-4,38
1747048050.0033634,-4,-12,-71
1747048050.0393634,-36,-10,-34
1747048050.0743637,-7,0,-68
1747048050.1093633,24,0,-58
1747048050.1443634,-52,-84,-7
1747048050.1803634,23,3,41
1747048050.2163634,12,34,-73
1747048050.2513633,30,32,-6
1747048050.2873633,-52,-45,-76
1747048050.3223634,31,18,59
1747048050.3573637,-34,90,47
1747048050.3923633,11,-37,84
1747048050.428363,17,14,178
1747048050.464363,79,-76,-63
1747048050.4993634,17,13,16
1747048050.5353634,-54,-36,19
1747048050.5703633,-34,21,-27
1747048050.6053634,15,7,-47
1747048050.6403637,-76,-78,-75
1747048050.6763637,-10,-16,-10
1747048050.7123632,-18,-22,1
1747048050.747363,49,-26,-86
1747048050.783363,-8,-66,95
1747048050.8183634,21,-53,-82
1747048050.8533633,29,41,-46
1747048050.8883634,-20,-100,-26
1747048050.931363,-14,69,-1
1747048050.9683633,29,-2,-53
1747048051.0033634,-10,-34,24
1747048051.0393634,105,7,-107
1747048051.0743637,-14,-78,-13
1747048051.1093633,-44,51,-7
1747048051.1443634,-45,-2,42
1747048051.1803634,37,51,106
1747048051.2163634,-102,23,-95
1747048051.2513633,-58,7,14
1747048051.2873633,-14,-30,-81
1747048051.3223634,99,55,138
1747048051.3573637,-14,-56,30
1747048051.3933637,21,19,50
1747048051.428363,23,11,-24
1747048051.464363,19,13,84
1747048051.4993634,-34,-2,-21
1747048051.5353634,51,-59,16
1747048051.5703633,-44,0,-39
1747048051.6053634,35,32,54
1747048051.6413634,-8,-41,-5
1747048051.6763637,21,-38,-173
1747048051.7123632,43,-57,20
1747048051.747363,-5,-28,-5
1747048051.783363,-25,-80,10
1747048051.8183634,-27,-36,22
1747048051.8533633,-47,-90,-21
1747048051.8893633,81,12,-3
1747048051.9243634,-14,-35,-105
1747048051.9603634,-110,0,30
1747048051.9953637,28,-9,-17
1747048052.0313632,40,84,-65
1747048052.066363,30,28,-3
1747048052.1013634,-19,-55,-35
1747048052.1373634,-63,-67,6
1747048052.1723633,-44,17,-47
1747048052.2083633,-69,-29,-27
1747048052.2433634,50,26,90
1747048052.2793634,-23,-23,12
1747048052.3143632,24,-45,62
1747048052.349363,-24,26,66
1747048052.385363,-29,-3,0
1747048052.4203634,18,-29,-99
1747048052.4563634,27,24,79
1747048052.4913633,81,-101,-40
1747048052.5273633,35,-63,63
1747048052.5623634,71,-21,51
1747048052.5973637,21,18,27
1747048052.6333632,-29,-33,29
1747048052.668363,31,-35,67
1747048052.704363,19,46,75
1747048052.7393634,71,27,-112
1747048052.7753634,26,-31,-66
1747048052.8103633,31,14,9
1747048052.8453634,-12,-21,31
1747048052.8813634,-18,48,117
1747048052.9163637,-104,20,-17
1747048052.9523633,82,-10,-152
1747048052.987363,-27,0,156
1747048053.0233634,-27,-26,94
1747048053.0583634,-16,-3,-38
1747048053.0933633,-74,44,-62
1747048053.1293633,18,41,-30
1747048053.1643634,66,89,155
1747048053.2003634,110,-26,35
1747048053.2353632,28,39,60
1747048053.270363,-3,-20,1
1747048053.3053634,-22,40,41
1747048053.3413634,-18,-29,-32
1747048053.3773634,-31,-31,-32
1747048053.4123633,-5,-11,-85
1747048053.4483633,8,-94,-101
1747048053.4833634,-12,22,-9
1747048053.5183637,57,-15,-63
1747048053.553363,-9,18,-33
1747048053.589363,38,-21,48
1747048053.625363,-17,105,80
1747048053.6603634,4,-39,110
1747048053.6963634,22,30,-113
1747048053.7313633,-71,-65,144
1747048053.7663634,34,18,-23
1747048053.8013637,-23,24,64
1747048053.8373632,12,18,-27
1747048053.8733633,-75,-39,80
1747048053.908363,62,-31,72
1747048053.9443634,86,46,50
1747048053.9793634,67,-79,-23
1747048054.0143633,-32,22,-65
1747048054.0493634,6,-13,38
1747048054.0853634,97,74,38
1747048054.1213634,95,8,28
1747048054.1563632,117,-37,-63
1747048054.1923633,57,27,6
1747048054.227363,8,26,132
1747048054.2623634,-117,16,-65
1747048054.2973633,-14,-13,48
1747048054.3333633,-20,-21,-43
1747048054.3693633,45,-1,12
1747048054.4043634,-19,-36,-77
1747048054.4403634,-62,-25,84
1747048054.4753633,-82,-13,-25
1747048054.510363,129,20,52
1747048054.5453634,14,-84,-28
1747048054.5813634,7,6,-32
1747048054.6173637,-2,-13,43
1747048054.6523633,63,-31,53
1747048054.6883633,57,-13,-13
1747048054.7233634,77,6,54
1747048054.7583632,-77,-27,67
1747048054.793363,-6,-17,-8
1747048054.829363,89,-85,19
1747048054.8653634,-18,22,41
1747048054.9003634,33,20,26
1747048054.9363637,37,6,18
1747048054.9713633,-24,-15,79
1747048055.0063634,42,-59,19
1747048055.0413637,-15,22,76
1747048055.0773633,-28,9,0
1747048055.1133633,-19,-51,-33
1747048055.1483634,88,-7,-5
1747048055.1843634,3,-43,20
1747048055.2193637,-32,64,-59
1747048055.2543633,-48,-57,10
1747048055.2893634,47,-3,44
1747048055.3253634,82,15,-43
1747048055.3613634,21,66,156
1747048055.3963633,-73,-40,14
1747048055.4323633,-17,13,-41
1747048055.4673634,64,37,8
1747048055.5023634,1,62,66
1747048055.5373633,-42,-28,-32
1747048055.5733633,-6,55,121
1747048055.6093633,-84,-10,7
1747048055.6443634,0,-49,43
1747048055.6803634,7,28,-72
1747048055.7153633,-6,-23,-24
1747048055.750363,-38,81,35
1747048055.7863634,-2,44,-70
1747048055.8213634,-74,-15,-81
1747048055.8573637,35,20,-46
1747048055.8923633,47,-35,-2
1747048055.928363,47,8,-8
1747048055.9633634,37,30,0
1747048055.9983633,-48,-21,25
1747048056.033363,-40,4,97
1747048056.0693634,-4,24,179
1747048056.1053634,-23,15,61
1747048056.1403637,-49,19,-24
1747048056.1763637,-21,-30,-50
1747048056.2113633,-20,27,-6
1747048056.2463634,31,11,29
1747048056.2823634,-12,61,39
1747048056.3173633,28,-22,35
1747048056.3533633,11,-76,-102
1747048056.3883634,59,-32,155
1747048056.4243634,-12,-10,2
1747048056.4593637,-16,37,-91
1747048056.4943633,-18,29,-19
1747048056.530363,-48,-28,102
1747048056.5653634,13,50,14
1747048056.6013634,34,29,8
1747048056.6363633,14,13,-110
1747048056.6723633,59,-127,-121
1747048056.7073634,2,49,11
1747048056.7423637,64,-60,54
1747048056.7783637,23,54,-73
1747048056.8133633,65,46,169
1747048056.849363,-16,44,13
1747048056.8843634,-27,-23,-18
1747048056.9203634,19,-65,-44
1747048056.9553633,-38,86,-22
1747048056.9903634,-24,-13,63
1747048057.0263634,-22,-7,-14
1747048057.0613637,-30,-1,-50
1747048057.0973637,-17,-78,13
1747048057.132363,-27,33,-49
1747048057.168363,-41,-80,-12
1747048057.2033634,-39,-56,-112
1747048057.2383633,7,7,-118
1747048057.2743633,-24,1,-22
1747048057.3093634,-117,-30,-38
1747048057.3453634,38,-7,-54
1747048057.3803637,-51,-11,29
1747048057.4163637,5,-8,89
1747048057.451363,-6,-6,125
1747048057.4863634,55,111,-39
1747048057.5223634,-38,67,-15
1747048057.5573633,0,-34,-15
1747048057.5933633,-50,39,4
1747048057.6283634,-26,50,22
1747048057.6643634,15,11,-85
1747048057.6993637,75,-30,-17
1747048057.7343633,-64,-12,90
1747048057.770363,-52,41,85
1747048057.8053634,58,1,-32
1747048057.8413634,-18,-25,13
1747048057.8763633,-30,48,-22
1747048057.9113634,63,18,-22
1747048057.9463634,-40,-29,57
1747048057.9833634,-24,-11,142
1747048058.0183637,15,-23,4
1747048058.0543633,-30,-67,70
1747048058.0903633,11,43,55
1747048058.125363,-52,-25,-23
1747048058.1613634,49,-33,-12
1747048058.1963634,23,8,-48
1747048058.2313633,27,-55,87
1747048058.2663634,-6,0,9
1747048058.3023634,21,-37,53
1747048058.3383634,87,-39,123
1747048058.3733633,-34,-18,-100
1747048058.4093633,1,40,-26
1747048058.4443634,37,34,79
1747048058.4793634,15,-9,5
1747048058.5143633,59,11,-74
1747048058.5503633,-54,16,-30
1747048058.5863633,31,14,145
1747048058.6213634,31,-25,-16
1747048058.6573634,-10,-1,73
1747048058.6923633,-32,-49,-40
1747048058.727363,45,-91,-51
1747048058.7623634,59,-15,32
1747048058.7983634,69,58,30
1747048058.8343637,-29,-32,0
1747048058.8693633,30,-6,96
1747048058.905363,13,40,36
1747048058.9403634,-52,-37,2
1747048058.9753633,-66,-29,-73
1747048059.010363,-8,-5,10
1747048059.0463634,11,8,12
1747048059.0823634,-110,23,-49
1747048059.1173637,-72,-18,196
1747048059.1533637,7,-42,-15
1747048059.1883633,-60,21,122
1747048059.2233634,-32,15,-101
1747048059.2583632,39,-22,136
1747048059.2943633,35,17,-3
1747048059.3303633,-16,-36,58
1747048059.3653634,-18,33,-53
1747048059.4013634,57,59,92
1747048059.4363637,-22,1,-28
1747048059.4713633,-10,10,-10
1747048059.5063634,0,72,-2
1747048059.5423634,-46,4,-120
1747048059.5783634,39,-11,75
1747048059.6133633,23,50,99
1747048059.6493633,19,0,127
1747048059.6843634,-4,-21,59
1747048059.7193637,15,-8,28
1747048059.7543633,-19,-22,66
1747048059.7903633,-12,36,-59
1747048059.826363,-29,67,-63
1747048059.8613634,-55,-4,-39
1747048059.8973634,-31,51,-49
1747048059.9323633,57,-1,-1
1747048059.9673634,53,26,-25
1747048060.0023634,36,29,2
1747048060.0383637,-19,-66,18
1747048060.0743637,-36,8,73
1747048060.1093633,-34,-35,-50
1747048060.145363,8,-20,27
1747048060.1803634,-55,-24,13
1747048060.2153633,-25,-40,-46
1747048060.250363,-37,-24,55
1747048060.2863634,13,60,5
1747048060.3223634,-15,19,-16
1747048060.3573637,0,51,33
1747048060.3933637,-58,34,-50
1747048060.428363,58,-40,17
1747048060.4633634,35,24,-16
1747048060.4983633,-55,-22,19
1747048060.5343633,-60,74,-76
1747048060.5703633,53,-31,-74
1747048060.6053634,13,14,45
1747048060.6413634,55,-17,5
1747048060.6763637,18,-41,-36
1747048060.7113633,-64,62,-10
1747048060.7463634,69,42,-70
1747048060.7823634,30,13,-62
1747048060.8183634,-13,5,-24
1747048060.8533633,-35,-20,-46
1747048060.8893633,-37,21,17
1747048060.931363,-63,-28,-30
1747048060.9673634,19,-15,53
1747048061.0033634,60,-46,-20
1747048061.0383637,-17,13,-102
1747048061.0743637,-21,-15,-38
1747048061.1093633,-36,54,39
1747048061.145363,-14,-65,-34
1747048061.1803634,9,-25,-4
1747048061.2153633,-14,-17,25
1747048061.2513633,25,28,81
1747048061.2863634,9,-5,105
1747048061.3223634,-109,14,-24
1747048061.3573637,16,-1,47
1747048061.3933637,-23,-5,7
1747048061.428363,84,-73,129
1747048061.4633634,16,34,-22
1747048061.4993634,-31,-11,-6
1747048061.5343633,10,-45,33
1747048061.5703633,-16,34,-26
1747048061.6053634,43,-77,-106
1747048061.6413634,-20,4,67
1747048061.6763637,107,-31,1
1747048061.7113633,-18,-43,61
1747048061.747363,113,-11,145
1747048061.7823634,-46,-3,33
1747048061.8183634,39,-59,1
1747048061.8533633,-79,56,17
1747048061.8893633,14,-31,79
1747048061.9243634,-69,12,17
1747048061.9593637,30,-19,-78
1747048061.9953637,-35,-47,-22
1747048062.030363,64,18,-38
1747048062.066363,25,36,9
1747048062.1013634,40,-61,83
1747048062.1373634,-29,12,-36
1747048062.1733634,-19,-29,-30
1747048062.2093637,23,-17,-86
1747048062.2443633,49,40,51
1747048062.2793634,-46,-29,-14
1747048062.3153634,-20,-29,67
1747048062.3503633,91,-15,-28
1747048062.3863633,-30,14,67
1747048062.4213634,41,30,-50
1747048062.4573634,-38,58,-106
1747048062.4933634,66,13,-58
1747048062.5293634,-45,25,-4
1747048062.5653634,58,-6,-18
1747048062.6003633,-48,-31,39
1747048062.635363,74,59,103
1747048062.6713634,-19,-30,13
1747048062.7073634,-9,-20,95
1747048062.7423637,-49,27,13
1747048062.7783637,-22,-13,1
1747048062.8133633,-65,-36,87
1747048062.8483634,27,19,57
1747048062.8833632,-16,-47,3
1747048062.9193633,-6,-61,89
1747048062.9553633,-28,-41,25
1747048062.9903634,-36,16,3
1747048063.0263634,64,31,59
1747048063.0613637,-39,49,-30
1747048063.0963633,38,11,15
1747048063.1313634,-53,37,-16
1747048063.1673634,-21,0,31
1747048063.2033634,-33,-24,-148
1747048063.2383633,-37,-41,-34
1747048063.2743633,-93,-73,31
1747048063.3093634,30,-7,103
1747048063.3443637,-5,54,-56
1747048063.3793633,12,-11,71
1747048063.4153633,-40,46,-14
1747048063.451363,-63,-22,-26
1747048063.4863634,10,-29,47
1747048063.5223634,-8,32,43
1747048063.5573633,-10,6,-142
1747048063.5923634,-17,-23,-30
1747048063.6273634,-4,22,-24
1747048063.6633637,16,-34,35
1747048063.6993637,-35,8,-14
1747048063.7343633,-1,12,13
1747048063.770363,72,-47,91
1747048063.8053634,19,-101,-30
1747048063.8403633,27,52,-16
1747048063.875363,-12,-123,77
1747048063.9113634,31,30,65
1747048063.9473634,-48,-79,13
1747048063.9823637,-10,58,-84
1747048064.0183637,-11,59,13
1747048064.053363,82,-39,3
1747048064.0883634,-1,0,117
1747048064.1233633,9,-25,-48
1747048064.1593633,31,84,-104
1747048064.1953633,-44,-1,51
1747048064.2303634,-4,56,23
1747048064.2663634,3,-37,-44
1747048064.3013637,75,-43,-16
1747048064.3363633,29,52,93
1747048064.3713634,43,4,57
1747048064.4073634,-37,4,-60
1747048064.4433634,-3,48,89
1747048064.4783633,43,-14,-10
1747048064.5143633,-12,51,31
1747048064.5493634,-18,-11,107
1747048064.5843637,42,21,49
1747048064.6193633,3,-37,89
1747048064.655363,59,-31,-6
1747048064.691363,7,64,1
1747048064.7263634,13,4,1
1747048064.7623634,15,40,91
1747048064.7973633,39,12,13
1747048064.8323634,-84,-83,45
1747048064.8673637,1,22,23
1747048064.9033637,89,32,87
1747048064.9393632,55,-31,-56
1747048064.974363,21,-73,-26
1747048065.010363,45,52,-6
1747048065.0453634,44,-1,-38
1747048065.0803633,16,-33,53
1747048065.1153634,-77,-65,-48
1747048065.1513634,22,-59,35
1747048065.1873634,-30,35,-20
1747048065.2223637,0,73,-50
1747048065.2583632,57,-12,57
1747048065.293363,-6,-52,-12
1747048065.3283634,-15,-18,39
1747048065.3633633,51,9,93
1747048065.3993633,91,11,15
1747048065.4353633,35,-8,-16
1747048065.4703634,37,37,129
1747048065.5063634,-30,-10,43
1747048065.5413637,37,-8,29
1747048065.576363,-66,17,-38
1747048065.612363,4,62,-52
1747048065.6473634,-52,-128,-18
1747048065.6833634,-56,-70,63
1747048065.7183633,7,-10,-30
1747048065.7543633,-6,-86,-106
1747048065.7893634,-74,-22,11
1747048065.8243637,-48,-42,-26
1747048065.8603632,28,-104,53
1747048065.895363,36,-60,-30
1747048065.931363,75,-68,-32
1747048065.9663634,6,-10,-48
1747048066.0023634,21,-16,21
1747048066.0373633,-4,17,29
1747048066.0723634,-66,0,95
1747048066.1083634,-72,43,9
1747048066.1433637,-26,-78,-50
1747048066.1793633,-22,-52,37
1747048066.214363,5,-29,143
1747048066.250363,-6,-19,-6
1747048066.2853634,-6,-51,-68
1747048066.3203633,-70,-45,59
1747048066.3563633,19,19,105
1747048066.3913634,11,-21,89
1747048066.4273634,31,24,-36
1747048066.4623632,-92,-13,-66
1747048066.4983633,-16,-5,49
1747048066.533363,-30,42,-32
1747048066.5683634,25,10,19
1747048066.6043634,21,2,17
1747048066.6393633,-48,26,-74
1747048066.6753633,-12,-7,3
1747048066.7103634,7,20,35
1747048066.7463634,15,12,77
1747048066.7813632,-4,20,-42
1747048066.816363,29,-23,-116
1747048066.852363,-14,-10,-50
1747048066.8873634,-52,-25,-6
1747048066.9233634,49,-21,-4
1747048066.9583633,-158,38,11
1747048066.9943633,77,38,79
1747048067.0293634,-20,-43,23
1747048067.0643632,-96,-51,57
1747048067.1003633,61,-59,-80
1747048067.135363,13,42,51
1747048067.1713634,3,-15,-16
1747048067.2063634,29,-85,-24
1747048067.2413633,35,63,-16
1747048067.2763634,-48,28,67
1747048067.3123634,13,-49,79
1747048067.3483634,25,-111,51
1747048067.3833632,5,38,-40
1747048067.4193633,3,26,55
1747048067.454363,59,20,-28
1747048067.4893634,-8,38,-46
1747048067.5243633,-29,2,149
1747048067.5603633,-15,-75,41
1747048067.5963633,-29,-13,-12
1747048067.6313634,39,43,-12
1747048067.6673634,36,44,45
1747048067.7023633,38,-63,3
1747048067.737363,-25,48,-32
1747048067.7723634,34,-35,-114
1747048067.8083634,38,20,79
1747048067.8443637,87,60,55
1747048067.8793633,-82,2,21
1747048067.9153633,21,0,115
1747048067.9503634,-10,53,61
1747048067.9853632,61,-79,-12
1747048068.020363,15,-37,93
1747048068.056363,25,44,31
1747048068.0923634,-8,45,65
1747048068.1273634,-21,-39,27
1747048068.1633637,-4,1,9
1747048068.1983633,-33,-35,13
1747048068.2333634,-22,26,21
1747048068.2683637,13,86,25
1747048068.3043633,-98,-33,-6
1747048068.3403633,29,-69,3
1747048068.375363,-20,-43,79
1747048068.4113634,-47,-45,31
1747048068.4463634,-45,-17,41
1747048068.4813633,-95,-5,13
1747048068.5163634,-77,50,5
1747048068.5523634,54,30,-44
1747048068.5883634,10,-7,-4
1747048068.6233633,-33,-8,77
1747048068.6593633,69,-23,-42
1747048068.6943634,-19,6,97
1747048068.7293634,43,66,99
1747048068.7643633,63,-29,105
1747048068.8003633,-52,-25,-4
1747048068.8363633,-44,-63,-4
1747048068.8713634,-40,6,3
1747048068.9073634,25,20,63
1747048068.9423633,-40,6,11
1747048068.977363,-4,-79,0
1747048069.0123634,-80,-62,-12
1747048069.0483634,-28,-14,51
1747048069.0843637,-85,-36,87
1747048069.1193633,-2,-21,23
1747048069.155363,48,31,-78
1747048069.1903634,0,-27,113
1747048069.2253633,19,14,43
1747048069.260363,3,-71,19
1747048069.2963634,-62,-73,87
1747048069.3323634,-10,8,57
1747048069.3673637,-32,42,7
1747048069.4033637,39,2,-66
1747048069.4383633,-136,-2,149
1747048069.4733634,33,-17,99
1747048069.5083632,27,-70,-6
1747048069.5443633,17,27,89
1747048069.5803633,47,51,-48
1747048069.6153634,-48,35,33
1747048069.6513634,101,47,111
1747048069.6863637,34,-9,83
1747048069.7213633,-36,39,-102
1747048069.7563634,-46,-8,21
1747048069.7923634,11,-1,-126
1747048069.8283634,47,72,-48
1747048069.8633633,-6,-49,-26
1747048069.8993633,-24,-77,23
1747048069.9343634,-86,64,59
1747048069.9693637,61,43,41
1747048070.0043633,-1,-15,-48
1747048070.0403633,98,54,7
1747048070.076363,48,-3,-6
1747048070.1113634,-5,0,75
1747048070.1473634,84,-36,-28
1747048070.1823633,-5,-47,109
1747048070.2173634,12,22,-138
1747048070.2533634,-31,-31,47
1747048070.2883637,-16,-1,93
1747048070.3243637,-20,-5,149
1747048070.3593633,-53,8,-12
1747048070.395363,-9,2,17
1747048070.4303634,-54,-51,-18
1747048070.4653633,-61,40,17
1747048070.5013633,-37,-21,81
1747048070.5363634,80,40,-82
1747048070.5723634,56,4,77
1747048070.6073637,-57,-67,-2
1747048070.6433637,14,52,109
1747048070.678363,2,-63,107
1747048070.7133634,-45,-15,-70
1747048070.7493634,-1,59,-72
1747048070.7843633,26,16,35
1747048070.8203633,14,66,-26
1747048070.8553634,15,2,-12
1747048070.8913634,-11,46,11
1747048070.9333634,41,-8,-12
1747048070.9693637,43,27,13
1747048071.0053637,-64,-52,-10
1747048071.0403633,5,29,41
1747048071.076363,-37,-24,71
1747048071.1113634,21,-70,15
1747048071.1473634,34,-11,15
1747048071.1823633,32,-11,17
1747048071.2173634,-47,-41,-28
1747048071.2533634,48,-45,45
1747048071.2883637,-47,-1,-18
1747048071.3243637,-7,0,-104
1747048071.3593633,27,-109,-22
1747048071.395363,-39,6,27
1747048071.4303634,-45,-21,135
1747048071.4653633,-21,-75,45
1747048071.5013633,12,-61,13
1747048071.5363634,26,-33,-26
1747048071.5723634,0,-33,41
1747048071.6073637,77,-49,59
1747048071.6433637,38,-17,35
1747048071.678363,72,0,33
1747048071.7133634,0,-15,35
1747048071.7493634,40,12,3
1747048071.7843633,-21,68,123
1747048071.8203633,10,-55,0
1747048071.8553634,-59,28,-8
1747048071.8903637,-73,-43,-66
1747048071.9253633,50,-10,19
1747048071.9613633,12,41,13
1747048071.997363,6,29,67
1747048072.0323634,-33,-24,13
1747048072.0683634,-8,-24,5
1747048072.1033633,53,-32,15
1747048072.1383634,59,15,-112
1747048072.1733634,73,51,-6
1747048072.2093637,33,-28,49
1747048072.2453637,-45,-12,-18
1747048072.280363,-5,9,77
1747048072.316363,20,-4,-24
1747048072.3513634,8,-8,19
1747048072.3863633,-62,22,-68
1747048072.4213634,-60,12,41
1747048072.4573634,9,-3,-28
1747048072.4933634,0,38,-10
1747048072.5283637,41,52,-10
1747048072.5643632,-116,8,43
1747048072.599363,45,44,77
1747048072.6343634,-33,27,77
1747048072.6693633,-37,5,67
1747048072.7053633,58,51,-6
1747048072.7413633,-10,-50,-18
1747048072.7763634,-42,-38,27
1747048072.8123634,37,-2,63
1747048072.8473637,-24,9,15
1747048072.882363,-8,-36,-24
1747048072.9173634,47,11,-4
1747048072.9533634,7,31,79
1747048072.9893634,19,-22,5
1747048073.0243633,47,-42,43
1747048073.0603633,-8,27,-54
1747048073.0953634,33,43,-26
1747048073.1303637,-12,-80,-18
1747048073.1653633,17,-26,95
1747048073.201363,37,15,-22
1747048073.237363,-24,5,85
1747048073.2723634,-48,-18,21
1747048073.3083634,5,41,-34
1747048073.3433633,85,-44,23
1747048073.3783634,-48,-66,-16
1747048073.4133637,0,5,55
1747048073.4493637,23,-46,67
1747048073.4853632,49,-50,21
1747048073.520363,21,37,-58
1747048073.556363,-119,-47,11
1747048073.5913634,35,7,-38
1747048073.6263633,31,3,33
1747048073.6613634,12,23,-34
1747048073.6973634,53,-18,-8
1747048073.7333634,72,-40,-54
1747048073.7683637,28,-29,-66
1747048073.8043633,22,-114,3
1747048073.839363,34,41,19
1747048073.8743634,-34,13,73
1747048073.9093633,-12,-5,-46
1747048073.9453633,-28,-22,49
1747048073.9813633,57,-13,-8
1747048074.0163634,105,-20,-14
1747048074.0523634,-23,-14,39
1747048074.0873632,-34,14,-48
1747048074.122363,73,20,-132
1747048074.1573634,36,37,-32
1747048074.1933634,0,-54,43
1747048074.2293634,-33,1,-38
1747048074.2643633,18,-80,51
1747048074.3003633,-15,33,69
1747048074.3353634,-39,-32,37
1747048074.3703637,-41,-22,21
1747048074.405363,71,-38,-80
1747048074.441363,43,-32,91
1747048074.477363,-62,-52,3
1747048074.5123634,-25,21,-120
1747048074.5483634,18,-30,31
1747048074.5833633,-25,45,-40
1747048074.6183634,-23,55,149
1747048074.6533637,26,31,107
1747048074.6893632,-1,-72,19
1747048074.7253633,1,-5,13
1747048074.760363,-82,6,5
1747048074.7963634,-26,-57,-72
1747048074.8313634,-82,-65,17
1747048074.8663633,50,0,-86
1747048074.9023633,-24,8,31
1747048074.9373634,15,-3,21
1747048074.9733634,-44,-47,-54
1747048075.0083632,-6,-2,-2
1747048075.0443633,-32,-38,47
1747048075.079363,-112,37,-82
1747048075.1143634,47,17,29
1747048075.1503634,-12,-10,-98
1747048075.1853633,35,-56,-84
1747048075.2213633,29,-50,-26
1747048075.2563634,-77,31,47
1747048075.2923634,23,-42,53
1747048075.3273633,-66,-36,91
1747048075.362363,22,-46,73
1747048075.3983634,19,-40,-26
1747048075.4333634,0,-52,-2
1747048075.4693637,14,0,27
1747048075.5043633,-22,-2,-8
1747048075.5403633,-48,-3,-34
1747048075.5753634,33,-11,45
1747048075.6103632,34,-16,-34
1747048075.6463633,-124,2,137
1747048075.681363,29,-5,-38
1747048075.7173634,97,-19,71
1747048075.7523634,62,-30,21
1747048075.7883637,-4,-11,29
1747048075.8233633,45,-57,19
1747048075.8583634,3,-7,35
1747048075.8943634,-10,64,43
1747048075.9293633,79,-32,9
1747048075.9653633,-26,-3,11
1747048076.000363,107,-24,-96
1747048076.0363634,7,-30,-84
1747048076.0713634,-92,-29,141
1747048076.1063633,1,58,-92
1747048076.1423633,33,-23,-86
1747048076.1773634,-72,28,35
1747048076.2133634,-50,-23,-32
1747048076.2483633,-56,-30,-52
1747048076.2843633,6,-12,-24
1747048076.3193634,-23,23,5
1747048076.3543634,9,3,91
1747048076.3903637,42,-72,-32
1747048076.4253633,16,37,-66
1747048076.4613633,16,-32,55
1747048076.4963634,44,21,-20
1747048076.5323634,-9,67,-8
1747048076.5683634,-5,35,69
1747048076.6033633,92,37,35
1747048076.6383634,-61,11,83
1747048076.6743634,-21,15,-10
1747048076.7103634,-81,-20,55
1747048076.7453637,-25,21,-50
1747048076.7813632,16,-24,91
1747048076.816363,-37,31,51
1747048076.8513634,-15,19,-28
1747048076.8863633,-65,30,49
1747048076.9223633,26,-1,43
1747048076.9583633,20,-37,-50
1747048076.9933634,42,-29,-22
1747048077.0293634,-22,-60,-60
1747048077.0643632,59,-64,-56
1747048077.099363,39,51,139
1747048077.1343634,-63,-1,-90
1747048077.1703634,36,-17,9
1747048077.2063634,39,-3,0
1747048077.2413633,-1,4,55
1747048077.2773633,-6,7,0
1747048077.3123634,39,30,59
1747048077.3473637,-28,19,-44
1747048077.382363,-4,18,37
1747048077.418363,29,12,-110
1747048077.454363,-40,43,119
1747048077.4893634,33,57,5
1747048077.5253634,-18,-28,69
1747048077.5603633,-40,-42,-114
1747048077.5953634,25,-20,-8
1747048077.6303637,-8,29,153
1747048077.6663637,15,-74,-14
1747048077.7023633,89,31,45
1747048077.737363,25,-52,45
1747048077.7733634,77,-88,-60
1747048077.8083634,48,-62,27
1747048077.8433633,30,-50,-10
1747048077.8783634,-71,91,-92
1747048077.9143634,-59,51,33
1747048077.9503634,70,-54,-20
1747048077.9853632,22,-16,17
1747048078.0213633,-16,48,-4
1747048078.056363,21,-1,-56
1747048078.0913634,49,-17,-48
1747048078.1263633,42,-80,19
1747048078.1623633,43,32,-30
1747048078.1983633,-34,18,89
1747048078.2333634,42,5,-42
1747048078.2693634,58,27,19
1747048078.3043633,2,-48,113
1747048078.339363,36,-4,-34
1747048078.3743634,4,-2,27
1747048078.4103634,-35,61,29
1747048078.4463634,-51,-2,67
1747048078.4813633,-87,-16,-14
1747048078.5173633,27,3,-136
1747048078.5523634,0,-66,51
1747048078.5873632,-29,15,-30
1747048078.622363,21,37,-26
1747048078.658363,-41,29,25
1747048078.6943634,30,-80,-56
1747048078.7293634,113,59,39
1747048078.7653637,75,51,-64
1747048078.8003633,-50,-48,55
1747048078.8353634,-36,5,149
1747048078.8703637,39,-28,97
1747048078.9063632,-44,-42,27
1747048078.9423633,49,-72,-50
1747048078.977363,14,-96,145
1747048079.0133634,-43,98,63
1747048079.0483634,26,38,-24
1747048079.0833633,-16,1,-38
1747048079.1183634,-4,27,55
1747048079.1543634,-24,-26,167
1747048079.1903634,63,27,-8
1747048079.2253633,9,19,35
1747048079.2613633,-34,-80,93
1747048079.2963634,-64,27,79
1747048079.3313634,63,-28,17
1747048079.3663633,13,-1,-58
1747048079.4023633,-64,25,-64
1747048079.4383633,41,-35,5
1747048079.4733634,48,46,89
1747048079.5093634,39,-15,45
1747048079.5443633,-35,66,-8
1747048079.579363,47,-6,81
1747048079.6153634,23,27,-8
1747048079.6503634,6,13,21
1747048079.6863637,30,-40,121
1747048079.7213633,-30,-10,5
1747048079.757363,49,-16,17
1747048079.7923634,-72,-56,-62
1747048079.8273633,52,81,-20
1747048079.8633633,-56,-66,5
1747048079.8983634,-50,16,55
1747048079.9343634,-69,-3,-50
1747048079.9693637,44,22,-10
1747048080.0053637,6,36,-32
1747048080.0403633,-49,-17,45
1747048080.0753634,78,76,39
1747048080.1113634,-3,-37,95
1747048080.1463633,-40,34,-82
1747048080.1823633,7,-33,87
1747048080.2173634,3,-23,175
1747048080.2533634,-39,64,-32
1747048080.2883637,-47,48,-14
1747048080.3233633,14,-37,175
1747048080.3593633,78,-31,-38
1747048080.3943634,-41,-33,71
1747048080.4303634,48,-35,-52
1747048080.4653633,-11,17,79
1747048080.5013633,-20,-35,-80
1747048080.5363634,65,42,-32
1747048080.5713634,-5,20,-118
1747048080.6073637,54,-19,81
1747048080.6423633,12,-13,55
1747048080.678363,29,-75,-56
1747048080.7133634,13,-17,47
1747048080.7493634,19,12,39
1747048080.7843633,-70,4,-88
1747048080.8193634,-8,-1,103
1747048080.8553634,-12,-22,-38
1747048080.8903637,-76,-104,-94
1747048080.9263637,-10,38,33
1747048080.9683633,1,-13,-12
1747048081.0053637,7,20,31
1747048081.0403633,19,-31,43
1747048081.0753634,-64,22,-96
1747048081.1113634,-10,-23,45
1747048081.1463633,-54,8,81
1747048081.1823633,57,-41,-122
1747048081.2173634,73,22,-102
1747048081.2533634,-50,-63,85
1747048081.2893634,-19,34,81
1747048081.3243637,-17,78,21
1747048081.3593633,15,-54,-140
1747048081.395363,1,-34,-74
1747048081.431363,23,-50,83
1747048081.4663634,57,-9,-78
1747048081.5023634,-66,-5,95
1747048081.5373633,17,0,55
1747048081.5723634,25,-78,39
1747048081.6073637,59,-20,-2
1747048081.6433637,-42,-40,-98
1747048081.6793633,-38,-17,35
1747048081.714363,117,-7,-64
1747048081.750363,11,-45,83
1747048081.7853634,-8,-81,61
1747048081.8203633,-29,-38,-116
1747048081.8553634,-16,82,51
1747048081.8913634,-85,-34,-158
1747048081.9273634,24,-12,-64
1747048081.9623632,56,-63,-20
1747048081.9983633,52,-37,-30
1747048082.033363,-29,-23,-24
1747048082.0683634,2,-73,27
1747048082.1033633,-123,20,67
1747048082.1393633,20,-1,55
1747048082.1753633,-56,11,-106
1747048082.2103634,18,78,47
1747048082.2463634,47,3,37
1747048082.2813632,13,2,17
1747048082.316363,-38,-49,95
1747048082.3513634,33,-46,89
1747048082.3873634,1,-10,23
1747048082.4233634,-138,-59,89
1747048082.4583633,37,-43,0
1747048082.4943633,-14,-1,5
1747048082.5293634,-42,58,155
1747048082.5643632,0,-33,119
1747048082.599363,28,46,67
1747048082.635363,-27,-6,-42
1747048082.6713634,-91,-48,55
1747048082.7063634,-66,-44,29
1747048082.7423637,55,-34,41
1747048082.7773633,0,-4,5
1747048082.8123634,7,-98,-50
1747048082.8473637,53,27,-14
1747048082.8833632,20,-5,23
1747048082.9193633,-31,-39,-90
1747048082.954363,-55,24,39
1747048082.9903634,6,-49,41
1747048083.0253634,-6,-84,37
1747048083.0603633,-57,40,23
1747048083.0953634,5,73,-14
1747048083.1313634,55,-50,-24
1747048083.1673634,-59,-3,-10
1747048083.2023633,-17,2,81
1747048083.2383633,-19,-29,103
1747048083.2733634,-49,-11,0
1747048083.3083634,-85,-13,45
1747048083.3433633,9,34,-36
1747048083.3793633,-50,1,131
1747048083.4153633,49,-22,-48
1747048083.4503634,23,-46,-12
1747048083.4863634,32,-29,0
1747048083.5213633,-21,28,59
1747048083.556363,16,-43,33
1747048083.5913634,100,-37,-10
1747048083.6273634,46,38,115
1747048083.6633637,15,86,27
1747048083.6983633,39,28,-6
1747048083.7343633,-28,30,75
1747048083.7693634,-46,-121,83
1747048083.8043633,-78,-51,53
1747048083.839363,25,-61,-24
1747048083.875363,36,39,-12
1747048083.9113634,-24,-2,53
1747048083.9463634,9,9,75
1747048083.9823637,10,33,-100
1747048084.0173633,-105,23,11
1747048084.0523634,44,-20,-132
1747048084.0873632,30,0,-12
1747048084.1233633,-45,121,51
1747048084.1593633,6,-30,143
1747048084.1943634,22,-22,27
1747048084.2303634,10,55,-6
1747048084.2653637,38,25,57
1747048084.3003633,30,-4,65
1747048084.3363633,-17,-42,77
1747048084.3713634,40,37,37
1747048084.4073634,-65,-6,7
1747048084.4423633,18,-28,-154
1747048084.4783633,-11,23,-74
1747048084.5133634,-102,-75,13
1747048084.5483634,-38,-27,87
1747048084.5843637,83,-35,17
1747048084.6193633,41,-41,-64
1747048084.655363,-2,-9,5
1747048084.6903634,-26,2,-24
1747048084.7263634,-60,-28,-4
1747048084.7613633,3,-36,-88
1747048084.7963634,-54,-2,-16
1747048084.8323634,51,1,-52
1747048084.8673637,-32,37,-8
1747048084.9033637,17,-24,-36
1747048084.9383633,-74,38,17
1747048084.974363,73,33,-24
1747048085.0093634,43,-8,-92
1747048085.0443633,23,21,9
1747048085.0803633,33,-100,-24
1747048085.1153634,23,3,73
1747048085.1513634,-16,19,-14
1747048085.1863637,23,-26,-50
1747048085.2223637,51,-72,-16
1747048085.257363,-53,86,75
1747048085.2923634,100,3,19
1747048085.3283634,-43,-45,-58
1747048085.3633633,65,17,7
1747048085.3993633,-5,-49,45
1747048085.4343634,-85,-15,-108
1747048085.4703634,35,-49,95
1747048085.5053637,75,52,117
1747048085.5403633,-48,24,35
1747048085.576363,0,40,101
1747048085.6113634,77,10,3
1747048085.6473634,-24,16,37
1747048085.6823633,23,-7,-8
1747048085.7183633,-12,24,-36
1747048085.7533634,-60,88,-102
1747048085.7883637,89,6,-72
1747048085.8243637,-43,65,-88
1747048085.8593633,6,3,25
1747048085.895363,-37,15,-10
1747048085.9303634,14,47,-30
1747048085.9653633,-85,25,-42
1747048086.000363,33,13,-28
1747048086.0363634,29,-72,-18
1747048086.0723634,-18,17,35
1747048086.1073637,-2,9,13
1747048086.1433637,-68,-36,-100
1747048086.178363,-35,-7,95
1747048086.2133634,20,-19,97
1747048086.2483633,11,16,149
1747048086.2843633,-19,-93,-26
1747048086.3203633,-43,-86,97
1747048086.3553634,23,-63,-40
1747048086.3913634,-30,10,7
1747048086.4263637,-2,-25,1
1747048086.4613633,21,-65,-98
1747048086.4963634,-57,42,31
1747048086.5323634,40,36,59
1747048086.5683634,24,33,-104
1747048086.6033633,-39,83,-158
1747048086.6393633,41,-24,5
1747048086.6743634,31,-3,51
1747048086.7093637,62,-38,15
1747048086.7443633,68,11,25
1747048086.780363,66,25,-106
1747048086.816363,26,83,-94
1747048086.8513634,8,19,-12
1747048086.8873634,22,-20,31
1747048086.9223633,11,-13,25
1747048086.9573634,1,-17,93
1747048086.9923637,-48,-11,-102
1747048087.0283637,-76,-35,115
1747048087.0643632,12,33,-54
1747048087.099363,-35,25,79
1747048087.135363,-39,0,139
1747048087.1703634,40,-10,-18
1747048087.2053633,32,31,39
1747048087.2403634,-3,25,-120
1747048087.2763634,15,22,-46
1747048087.3123634,-12,-35,-106
1747048087.3473637,35,24,127
1747048087.3833632,-21,13,39
1747048087.418363,41,14,-44
1747048087.4533634,-53,-6,-18
1747048087.4883633,-68,0,-24
1747048087.5243633,-37,-28,-120
1747048087.5603633,128,21,87
1747048087.5953634,11,-3,19
1747048087.6313634,-55,-89,-102
1747048087.6663637,63,-41,-70
1747048087.701363,26,22,107
1747048087.7363634,-21,12,-100
1747048087.7723634,-39,82,19
1747048087.8083634,-82,29,-68
1747048087.8433633,21,41,23
1747048087.8793633,4,29,-12
1747048087.9143634,84,-78,-12
1747048087.9493637,2,-42,-64
1747048087.9843633,-41,-62,11
1747048088.020363,-15,32,133
1747048088.056363,-48,9,135
1747048088.0913634,49,29,-66
1747048088.1273634,-8,49,-40
1747048088.1623633,60,-42,59
1747048088.1973634,7,-20,11
1747048088.2323637,26,11,-18
1747048088.2683637,-56,7,105
1747048088.3043633,-106,-33,81
1747048088.339363,-3,107,-6
1747048088.375363,-29,27,3
1747048088.4103634,-93,-40,29
1747048088.4453633,-87,-92,-60
1747048088.4803634,35,-3,69
1747048088.5163634,-9,-20,-80
1747048088.5523634,-26,16,89
1747048088.5873632,-17,-26,91
1747048088.6233633,-17,-22,47
1747048088.658363,64,-62,35
1747048088.6933634,-41,51,55
1747048088.7283633,5,-5,-72
1747048088.7643633,11,32,97
1747048088.8003633,-2,76,37
1747048088.8353634,23,-23,-34
1747048088.8713634,-48,-3,-36
1747048088.9063632,-65,29,85
1747048088.941363,-9,-44,19
1747048088.977363,-35,-29,107
1747048089.0123634,2,-61,-12
1747048089.0483634,-13,28,-16
1747048089.0833633,76,-13,5
1747048089.1193633,26,-51,43
1747048089.1543634,56,48,109
1747048089.1893632,24,2,139
1747048089.2253633,6,-35,47
1747048089.260363,31,-17,-54
1747048089.2963634,-33,-5,-86
1747048089.3313634,-9,-63,-16
1747048089.3673637,-55,42,-112
1747048089.4023633,28,-37,-154
1747048089.4373634,31,0,53
1747048089.4733634,20,-7,75
1747048089.5083632,-27,16,-32
1747048089.5443633,36,-35,57
1747048089.579363,-85,-54,7
1747048089.6153634,-33,11,-96
1747048089.6503634,12,-24,-34
1747048089.6853633,20,11,-34
1747048089.7213633,34,-56,31
1747048089.7563634,-11,17,89
1747048089.7923634,41,-5,-16
1747048089.8273633,64,-37,67
1747048089.8633633,-4,24,-22
1747048089.8983634,106,12,49
1747048089.9333634,-77,-41,-54
1747048089.9693637,-13,11,-6
1747048090.0043633,52,68,-78
1747048090.0403633,18,-20,43
1747048090.0753634,-23,-52,51
1747048090.1113634,-3,-10,87
1747048090.1463633,-15,33,37
1747048090.181363,34,48,-124
1747048090.2173634,-63,2,105
1747048090.2523634,-63,-57,-116
1747048090.2883637,28,-9,0
1747048090.3233633,36,-3,69
1747048090.3593633,-51,4,17
1747048090.395363,-77,-45,39
1747048090.431363,-15,-67,49
1747048090.4663634,68,16,47
1747048090.5013633,-93,26,-22
1747048090.5373633,-35,-33,-90
1747048090.5723634,68,-53,93
1747048090.6083634,36,2,3
1747048090.6433637,14,-45,-18
1747048090.678363,-49,-23,-62
1747048090.7133634,46,-21,-34
1747048090.7493634,40,4,-18
1747048090.7853634,30,-47,19
1747048090.8203633,-31,18,-108
1747048090.8563633,8,4,-8
1747048090.8913634,8,30,-26
1747048090.9263637,44,-59,-24
1747048090.9613633,7,-1,-8
1747048091.0043633,-28,12,-126
1747048091.0413637,-56,-7,61
1747048091.076363,29,14,-76
1747048091.112363,17,12,-4
1747048091.1473634,23,-45,-90
1747048091.1823633,3,-55,39
1747048091.2173634,-50,-17,41
1747048091.2533634,-22,-75,5
1747048091.2893634,7,102,-144
1747048091.3243637,59,-21,39
1747048091.3603632,-6,2,-14
1747048091.395363,9,2,91
1747048091.4303634,48,-73,-20
1747048091.4653633,20,-19,-34
1747048091.5013633,30,-83,35
1747048091.5373633,1,33,5
1747048091.5723634,69,-36,-68
1747048091.6083634,0,37,11
1747048091.6433637,12,-31,-54
1747048091.678363,-38,8,-40
1747048091.7133634,-30,9,15
1747048091.7493634,51,-16,-14
1747048091.7853634,-6,-11,49
1747048091.8203633,-22,-16,41
1747048091.8563633,9,32,19
1747048091.8913634,69,38,7
1747048091.9263637,64,-3,-12
1747048091.9613633,-73,-135,83
1747048091.997363,25,-36,17
1747048092.033363,21,44,77
1747048092.0683634,19,-97,7
1747048092.1043634,-24,-19,-32
1747048092.1393633,15,-1,-36
1747048092.1743634,11,18,-70
1747048092.2093637,-16,-5,39
1747048092.2453637,21,34,-18
1747048092.2813632,39,50,69
1747048092.316363,-72,6,3
1747048092.352363,53,-37,75
1747048092.3873634,-23,-45,49
1747048092.4223633,-30,-21,9
1747048092.4573634,-52,9,9
1747048092.4933634,-7,-77,-2
1747048092.5293634,27,-45,-58
1747048092.5643632,0,8,-2
1747048092.6003633,15,-25,-52
1747048092.635363,59,44,39
1747048092.6703634,47,-63,-10
1747048092.7053633,15,6,0
1747048092.7413633,-28,6,-8
1747048092.7773633,-34,82,21
1747048092.8123634,-142,-67,119
1747048092.8483634,-40,-17,-90
1747048092.8833632,-78,50,115
1747048092.918363,17,36,-24
1747048092.9533634,19,8,3
1747048092.9893634,21,-43,-8
1747048093.0253634,35,-58,-148
1747048093.0603633,-2,25,49
1747048093.0963633,-27,-18,43
1747048093.1313634,-32,77,7
1747048093.1663637,5,-56,-70
1747048093.201363,31,127,-62
1747048093.237363,39,41,-42
1747048093.2733634,33,-53,77
1747048093.3083634,-50,21,31
1747048093.3443637,51,7,57
1747048093.3793633,7,-64,133
1747048093.4143634,-38,-12,-40
1747048093.4493637,-135,-36,33
1747048093.4853632,-67,117,-116
1747048093.5213633,28,-20,63
1747048093.556363,20,-16,49
1747048093.5923634,-40,4,-40
1747048093.6273634,-13,-34,7
1747048093.6623633,-43,-20,-144
1747048093.6983633,48,-44,105
1747048093.7333634,38,-34,0
1747048093.7693634,41,37,1
1747048093.8043633,0,8,69
1747048093.8403633,25,2,21
1747048093.875363,-34,-11,51
1747048093.9103634,-70,10,37
1747048093.9463634,37,-107,0
1747048093.9813633,0,43,71
1747048094.0173633,-12,3,37
1747048094.0523634,-9,82,31
1747048094.0883634,116,14,-62
1747048094.1233633,-7,-29,-52
1747048094.158363,40,-39,-12
1747048094.1943634,8,36,-10
1747048094.2293634,-19,18,-80
1747048094.2653637,56,-29,57
1747048094.3003633,-39,42,113
1747048094.3363633,30,-13,169
1747048094.3713634,-21,-47,-48
1747048094.4063632,4,16,87
1747048094.4423633,-8,18,13
1747048094.477363,13,-13,91
1747048094.5133634,9,18,53
1747048094.5483634,21,24,37
1747048094.5843637,-59,-15,-16
1747048094.6193633,-15,90,-98
1747048094.6543634,11,12,91
1747048094.6903634,-4,-33,39
1747048094.7253633,-41,-54,-46
1747048094.7613633,-6,8,-48
1747048094.7963634,-75,-19,-70
1747048094.8323634,-29,-45,97
1747048094.8673637,98,50,21
1747048094.9023633,-13,-6,71
1747048094.9383633,20,13,-32
1747048094.9733634,16,-22,-78
1747048095.0093634,66,-54,-54
1747048095.0443633,-65,-24,27
1747048095.079363,-63,-4,41
1747048095.1143634,72,-84,9
1747048095.1503634,80,39,39
1747048095.1863637,-3,-10,-98
1747048095.2213633,-26,-50,27
1747048095.257363,9,-56,153
1747048095.2923634,40,36,31
1747048095.3273633,-59,-43,75
1747048095.362363,-30,-52,-66
1747048095.3983634,3,-58,77
1747048095.4343634,39,9,-28
1747048095.4693637,-28,-48,127
1747048095.5053637,24,-19,55
1747048095.5403633,-11,6,21
1747048095.5753634,28,52,0
1747048095.6103632,-23,80,141
1747048095.6463633,-17,-29,35
1747048095.6823633,72,38,-6
1747048095.7173634,60,-47,-84
1747048095.7533634,64,16,-60
1747048095.7883637,28,28,69
1747048095.8233633,14,4,-130
1747048095.8583634,-41,66,59
1747048095.8943634,-55,-13,51
1747048095.9303634,13,52,-48
1747048095.9653633,7,14,-36
1747048096.0013633,-37,-23,17
1747048096.0363634,-47,34,-22
1747048096.0713634,12,-9,-12
1747048096.1063633,28,-15,7
1747048096.1423633,104,54,-18
1747048096.178363,-23,60,-52
1747048096.2133634,-17,2,51
1747048096.2493634,58,-79,125
1747048096.2843633,22,40,111
1747048096.3193634,-85,12,-22
1747048096.3543634,-57,-53,57
1747048096.3903637,23,14,93
1747048096.4263637,68,-29,-88
1747048096.4613633,-59,6,-14
1747048096.497363,40,-13,-28
1747048096.5323634,-60,-45,-22
1747048096.5673633,57,-71,83
1747048096.602363,65,48,-110
1747048096.6383634,-6,42,111
1747048096.6743634,33,-55,45
1747048096.7093637,16,17,1
1747048096.7453637,-53,13,9
1747048096.780363,57,-13,81
1747048096.8153634,41,-47,89
1747048096.8503633,-42,-39,-6
1747048096.8863633,-4,-3,-108
1747048096.9223633,-60,8,11
1747048096.9573634,44,54,47
1747048096.9933634,18,38,39
1747048097.0283637,-31,-9,-28
1747048097.0633633,2,2,111
1747048097.0983634,32,0,77
1747048097.1343634,-47,44,-24
1747048097.1703634,10,2,161
1747048097.2053633,-3,-33,-52
1747048097.2413633,-4,-1,67
1747048097.2763634,0,26,-50
1747048097.3113637,28,86,219
1747048097.3463633,-11,-47,87
1747048097.382363,10,18,11
1747048097.418363,8,7,-86
1747048097.4533634,85,-4,13
1747048097.4893634,-40,-28,71
1747048097.5243633,-31,39,127
1747048097.5593634,-7,-23,125
1747048097.5943637,36,-85,11
1747048097.6303637,-43,-87,117
1747048097.6663637,12,30,49
1747048097.701363,-21,42,-42
1747048097.737363,-79,-35,24
1747048097.7723634,-29,15,22
1747048097.8073633,-3,-67,52
1747048097.8423634,-3,21,86
1747048097.8783634,-11,1,-57
1747048097.9143634,9,24,22
1747048097.9493637,-17,38,-19
1747048097.9853632,-41,-69,78
1747048098.020363,-11,-15,-31
1747048098.0553634,8,36,-63
1747048098.0903633,2,-16,38
1747048098.1263633,-9,-43,20
1747048098.1623633,-81,-25,-114
1747048098.1973634,72,8,63
1747048098.2333634,63,40,-60
1747048098.2683637,-23,-26,-26
1747048098.303363,-5,-46,17
1747048098.339363,-68,-7,-18
1747048098.3743634,40,3,-110
1747048098.4103634,80,-10,23
1747048098.4453633,46,-18,-52
1747048098.4813633,-37,-35,-18
1747048098.5163634,0,-13,-72
1747048098.5513637,-9,6,-72
1747048098.5873632,-25,26,15
1747048098.622363,-37,14,-98
1747048098.658363,-41,20,-32
1747048098.6933634,14,-21,79
1747048098.7293634,32,-55,55
1747048098.7643633,62,10,-110
1747048098.7993634,38,-45,95
1747048098.8353634,-33,4,-46
1747048098.8703637,12,6,-32
1747048098.9063632,-15,4,35
1747048098.941363,4,-39,47
1747048098.977363,-31,-47,57
1747048099.0123634,2,-33,45
1747048099.0473633,62,-54,49
1747048099.0833633,8,-12,105
1747048099.1183634,-76,-73,-32
1747048099.1543634,-23,-23,71
1747048099.1893632,69,39,-70
1747048099.2253633,41,37,61
1747048099.260363,87,33,-56
1747048099.2953634,39,73,63
1747048099.3313634,-29,62,37
1747048099.3663633,-47,-25,103
1747048099.4023633,16,-63,3
1747048099.4373634,71,-32,1
1747048099.4733634,-48,-42,-48
1747048099.5083632,63,3,-62
1747048099.543363,119,13,-18
1747048099.579363,-34,-30,-8
1747048099.6143634,59,-6,17
1747048099.6503634,23,-16,71
1747048099.6853633,38,28,-36
1747048099.7213633,-84,4,53
1747048099.7563634,65,40,161
1747048099.7913637,-12,-31,-32
1747048099.8273633,-120,-13,125
1747048099.862363,53,14,139
1747048099.8983634,-10,-43,43
1747048099.9333634,74,-88,13
1747048099.9693637,73,-25,19
1747048100.0053637,-6,-17,15
1747048100.0403633,-56,46,7
1747048100.0753634,20,5,45
1747048100.1113634,6,47,-60
1747048100.1473634,-79,-10,67
1747048100.1823633,-12,18,-24
1747048100.2183633,-40,14,43
1747048100.2533634,-24,-38,-24
1747048100.2883637,-14,9,-98
1747048100.3233633,-26,-10,11
1747048100.3593633,27,11,-30
1747048100.395363,21,-78,-38
1747048100.4303634,21,51,-52
1747048100.4663634,13,53,7
1747048100.5013633,5,-6,23
1747048100.5363634,8,-5,-2
1747048100.5713634,-28,-30,-36
1747048100.6073637,60,-27,-68
1747048100.6433637,27,-78,111
1747048100.678363,7,13,-90
1747048100.714363,5,-36,47
1747048100.7493634,-60,29,51
1747048100.7843633,33,25,65
1747048100.8193634,-4,37,-56
1747048100.8553634,1,31,99
1747048100.8913634,19,-23,-12
1747048100.9263637,21,-65,-90
1747048100.9623632,29,-15,-72
1747048101.0043633,70,36,157
1747048101.0403633,13,13,45
1747048101.0753634,-16,-63,-62
1747048101.1113634,33,-75,21
1747048101.1473634,64,12,-44
1747048101.1823633,34,46,45
1747048101.2183633,-19,28,-72
1747048101.2533634,-11,4,-4
1747048101.2883637,-105,0,-24
1747048101.3233633,-1,-32,31
1747048101.3593633,20,-84,-62
1747048101.395363,-63,47,27
1747048101.4303634,36,-36,0
1747048101.4663634,1,-93,-124
1747048101.5013633,-49,-2,-34
1747048101.5363634,-79,-22,-46
1747048101.5713634,-15,3,-100
1747048101.6073637,54,21,-84
1747048101.6433637,21,-113,203
1747048101.678363,-117,-42,-50
1747048101.714363,24,9,-38
1747048101.7493634,56,-20,-90
1747048101.7843633,-1,-18,0
1747048101.8193634,-129,-18,73
1747048101.8553634,-39,3,51
1747048101.8913634,41,5,45
1747048101.9263637,-84,27,-24
1747048101.9623632,1,9,85
1747048101.997363,33,-36,99
1747048102.0323634,9,-53,-84
1747048102.0673633,-12,17,-40
1747048102.1033633,55,-6,-6
1747048102.1393633,-30,6,-28
1747048102.1743634,-64,67,15
1747048102.2103634,-70,22,9
1747048102.2453637,72,3,127
1747048102.280363,7,22,-4
1747048102.3153634,-1,-54,-22
1747048102.3513634,58,11,61
1747048102.3873634,21,28,5
1747048102.4223633,13,-33,91
1747048102.4583633,-22,6,-58
1747048102.4933634,3,62,19
1747048102.5283637,17,58,-26
1747048102.5633633,-18,50,1
1747048102.599363,7,56,35
1747048102.635363,-39,-29,-80
1747048102.6703634,55,43,-46
1747048102.7063634,21,19,-27
1747048102.7413633,33,-76,-21
1747048102.7763634,9,37,-73
1747048102.8113637,69,15,-31
1747048102.8473637,-4,-18,20
1747048102.8833632,27,43,-9
1747048102.918363,-10,-18,-13
1747048102.954363,13,9,-137
1747048102.9893634,-25,-73,-11
1747048103.0243633,87,-22,-19
1747048103.0603633,30,-17,-43
1747048103.0953634,0,-27,-71
1747048103.1313634,-58,-38,30
1747048103.1663637,-51,22,162
1747048103.2023633,46,-51,29
1747048103.237363,-43,-73,12
1747048103.2723634,-43,-77,27
1747048103.3083634,15,50,-81
1747048103.3433633,31,-73,-49
1747048103.3793633,5,46,91
1747048103.4143634,0,-41,42
1747048103.4503634,-48,-21,15
1747048103.4853632,24,38,1
1747048103.520363,-9,-35,-86
1747048103.556363,-69,76,5
1747048103.5913634,26,-63,14
1747048103.6273634,-23,42,-185
1747048103.6623633,-91,30,0
1747048103.6983633,-109,-5,-31
1747048103.7333634,42,20,-64
1747048103.7683637,33,-16,-4
1747048103.8043633,69,-2,152
1747048103.839363,44,0,-17
1747048103.875363,-6,-29,54
1747048103.9103634,-48,-29,26
1747048103.9463634,-27,48,127
1747048103.9813633,-6,-75,115
1747048104.0163634,-16,-95,68
1747048104.0523634,-70,38,-45
1747048104.0873632,-36,-21,8
1747048104.1233633,-50,-29,101
1747048104.158363,-10,12,-64
1747048104.1943634,23,32,34
1747048104.2293634,57,16,8
1747048104.2643633,-28,20,18
1747048104.3003633,47,-6,-45
1747048104.3353634,9,-6,46
1747048104.3713634,-10,-40,-99
1747048104.4063632,3,45,20
1747048104.4423633,13,0,19
1747048104.477363,-62,19,-106
1747048104.5123634,-26,-40,12
1747048104.5483634,54,19,-123
1747048104.5833633,39,-16,19
1747048104.6193633,-72,-22,-66
1747048104.6543634,41,11,-10
1747048104.6893632,-6,-44,-118
1747048104.724363,5,-22,22
1747048104.760363,17,-38,28
1747048104.7963634,-46,21,20
1747048104.8313634,-44,-54,113
1747048104.8673637,-8,-38,53
1747048104.9023633,-20,-58,33
1747048104.9373634,-31,65,17
1747048104.9723637,70,51,55
1747048105.0083632,-49,0,77
1747048105.0443633,-10,-30,-27
1747048105.079363,53,0,49
1747048105.1153634,-48,111,48
1747048105.1503634,1,7,29
1747048105.1853633,35,59,-38
1747048105.2203634,-14,21,-60
1747048105.2563634,39,-68,30
1747048105.2923634,-58,-28,-73
1747048105.3273633,-90,39,-105
1747048105.3633633,43,59,-39
1747048105.3983634,-76,-32,-79
1747048105.4333634,45,-60,24
1747048105.4683633,5,47,-97
1747048105.5043633,-22,-18,0
1747048105.5403633,-18,63,60
1747048105.5753634,-50,-2,66
1747048105.6113634,-3,17,98
1747048105.6463633,-37,5,40
1747048105.681363,-57,-12,-17
1747048105.7163634,72,-40,86
1747048105.7523634,-27,-4,62
1747048105.7883637,-27,-51,48
1747048105.8233633,36,-1,86
1747048105.8593633,33,-29,36
1747048105.8943634,11,-9,-81
1747048105.9293633,30,-9,-37
1747048105.964363,-25,52,-11
1747048106.000363,-69,-51,-63
1747048106.0363634,-54,52,0
1747048106.0713634,-49,-1,60
1747048106.1073637,-75,-41,4
1747048106.1423633,-41,-31,68
1747048106.1773634,-21,-45,-101
1747048106.2123632,26,-10,82
1747048106.2483633,-39,-56,-43
1747048106.2843633,-47,7,18
1747048106.3193634,-10,4,-27
1747048106.3553634,-8,22,-25
1747048106.3903637,1,88,-24
1747048106.4253633,-20,26,-18
1747048106.4603634,7,48,69
1747048106.4963634,1,-23,0
1747048106.5323634,55,-29,-78
1747048106.5673633,-23,0,57
1747048106.6033633,-99,12,-6
1747048106.6383634,52,-15,77
1747048106.6733634,-105,-9,13
1747048106.7083633,6,-13,97
1747048106.7443633,6,-66,33
1747048106.780363,-27,-31,47
1747048106.8153634,20,48,83
1747048106.8513634,-27,-11,-44
1747048106.8863633,0,-31,-108
1747048106.9213634,15,-11,113
1747048106.9563634,51,38,-34
1747048106.9923637,-38,-21,33
1747048107.0283637,-64,30,-40
1747048107.0633633,-20,6,93
1747048107.099363,25,14,-4
1747048107.1343634,-64,26,-60
1747048107.1693633,85,34,41
1747048107.204363,23,-67,17
1747048107.2403634,64,18,-12
1747048107.2763634,-58,-10,25
1747048107.3113637,-22,47,13
1747048107.3473637,-70,-6,27
1747048107.382363,5,-16,1
1747048107.4173634,52,8,99
1747048107.4523633,104,45,-62
1747048107.4883633,-69,13,-56
1747048107.5243633,-57,-6,-56
1747048107.5593634,56,83,5
1747048107.5953634,-9,-29,53
1747048107.6303637,8,34,-20
1747048107.6653633,14,68,-70
1747048107.701363,-70,-26,-14
1747048107.7363634,-11,-19,79
1747048107.7723634,42,-25,5
1747048107.8073633,-41,-107,0
1747048107.8433633,0,2,67
1747048107.8783634,8,-29,-106
1747048107.9133637,42,-7,11
1747048107.9493637,-9,14,11
1747048107.9843633,78,-9,45
1747048108.020363,2,40,47
1747048108.0553634,-29,38,57
1747048108.0913634,-43,42,-16
1747048108.1263633,-61,-15,15
1747048108.1613634,76,36,35
1747048108.1973634,14,30,-34
1747048108.2323637,23,-53,-12
1747048108.2683637,117,40,-26
1747048108.303363,-95,61,51
1747048108.339363,-20,46,1
1747048108.3743634,24,57,-4
1747048108.4093633,-15,74,-46
1747048108.4453633,-43,39,23
1747048108.4803634,-5,-33,-30
1747048108.5163634,-97,10,-58
1747048108.5513637,-25,44,-16
1747048108.5873632,-25,6,-28
1747048108.622363,31,40,-112
1747048108.6573634,-53,-67,65
1747048108.6933634,28,-4,-6
1747048108.7283633,-97,-15,11
1747048108.7643633,-35,-10,-140
1747048108.7993634,48,48,141
1747048108.8353634,28,-3,77
1747048108.8703637,-17,-19,-52
1747048108.905363,-63,-5,69
1747048108.941363,40,39,17
1747048108.9763634,38,3,33
1747048109.0123634,-93,94,-34
1747048109.0473633,-25,-45,0
1747048109.0833633,84,-39,39
1747048109.1183634,42,50,79
1747048109.1533637,18,40,-22
1747048109.1893632,-91,31,47
1747048109.224363,50,0,-132
1747048109.260363,-19,-19,-16
1747048109.2953634,6,37,-10
1747048109.3313634,42,45,-40
1747048109.3673637,28,4,-4
1747048109.4023633,60,92,-104
1747048109.4373634,24,18,61
1747048109.4733634,57,-32,11
1747048109.5093634,-73,-53,-50
1747048109.5443633,68,-42,23
1747048109.5803633,6,27,15
1747048109.6153634,24,-2,11
1747048109.6503634,5,41,91
1747048109.6853633,71,17,-112
1747048109.7213633,6,-72,75
1747048109.757363,94,-54,35
1747048109.7923634,74,-41,23
1747048109.8283634,-19,-20,59
1747048109.8633633,-9,-88,-88
1747048109.8983634,-21,-12,109
1747048109.9333634,-3,-4,-20
1747048109.9693637,-51,43,-44
1747048110.0053637,30,29,9
1747048110.0403633,-19,-10,-12
1747048110.076363,-7,9,0
1747048110.1113634,40,-80,73
1747048110.1463633,-29,-20,-42
1747048110.181363,0,1,-22
1747048110.2173634,-25,51,1
1747048110.2533634,0,-37,-30
1747048110.2883637,54,-13,-2
1747048110.3243637,14,-1,17
1747048110.3593633,12,12,7
1747048110.3943634,-45,-75,-134
1747048110.4293633,21,-36,87
1747048110.4653633,108,-15,39
1747048110.5013633,-37,-75,3
1747048110.5363634,60,-15,-16
1747048110.5723634,-26,31,-40
1747048110.6073637,-12,-21,45
1747048110.6423633,-34,-23,83
1747048110.6773634,6,8,35
1747048110.7133634,-62,-54,-38
1747048110.7493634,69,-2,73
1747048110.7843633,-24,27,-86
1747048110.8203633,-12,-10,23
1747048110.8553634,33,-2,-22
1747048110.8903637,67,31,-108
1747048110.9253633,-46,27,-26
1747048110.9613633,83,41,-94
1747048110.997363,-14,21,-8
1747048111.0393634,-35,-23,5
1747048111.076363,56,16,-92
1747048111.1113634,45,-64,-2
1747048111.1463633,39,29,-138
1747048111.181363,32,5,19
1747048111.2173634,-13,33,-48
1747048111.2533634,26,71,-8
1747048111.2883637,-89,-8,53
1747048111.3243637,-21,-7,103
1747048111.3593633,24,82,15
1747048111.3943634,-8,76,-8
1747048111.4293633,-13,-50,175
1747048111.4653633,-15,7,15
1747048111.5013633,-5,3,-14
1747048111.5363634,28,33,33
1747048111.5723634,74,-8,121
1747048111.6073637,8,-58,-46
1747048111.6423633,-34,42,3
1747048111.6773634,41,-35,0
1747048111.7133634,14,37,69
1747048111.7493634,-67,21,-84
1747048111.7843633,10,-24,7
1747048111.8203633,-35,35,33
1747048111.8553634,-53,1,-115
1747048111.8903637,-15,-26,-19
1747048111.9253633,10,43,26
1747048111.9613633,-15,-40,140
1747048111.997363,69,-19,38
1747048112.0323634,-70,-21,6
1747048112.0683634,-20,-9,110
1747048112.1033633,43,10,-1
1747048112.1383634,-28,62,80
1747048112.1733634,-80,32,78
1747048112.2093637,39,-27,-157
1747048112.2453637,0,34,62
1747048112.280363,71,-18,164
1747048112.316363,-12,66,22
1747048112.3513634,-82,2,-15
1747048112.3863633,25,22,-15
1747048112.4223633,9,-97,-7
1747048112.4573634,64,45,8
1747048112.4933634,28,117,44
1747048112.5283637,-2,80,-3
1747048112.5643632,-16,44,58
1747048112.599363,11,-45,-21
1747048112.6343634,3,-61,12
1747048112.6703634,63,-29,-20
1747048112.7053633,-26,34,44
1747048112.7413633,-60,-35,-23
1747048112.7763634,-22,64,60
1747048112.8123634,-76,-91,-65
1747048112.8473637,24,22,93
1747048112.882363,-13,14,99
1747048112.918363,-24,44,125
1747048112.9533634,11,-5,-25
1747048112.9893634,-104,-33,-65
1747048113.0243633,-16,0,34
1747048113.0603633,59,14,-71
1747048113.0953634,13,-17,-9
1747048113.1303637,-22,-5,80
1747048113.1663637,123,-45,-91
1747048113.201363,-90,69,-81
1747048113.237363,1,-20,40
1747048113.2723634,29,-36,6
1747048113.3083634,57,-22,-89
1747048113.3433633,-98,-47,-75
1747048113.3783634,11,-17,96
1747048113.4143634,-6,56,131
1747048113.4493637,14,32,-54
1747048113.4853632,70,2,-28
1747048113.520363,8,-1,34
1747048113.556363,-79,78,42
1747048113.5913634,4,62,-143
1747048113.6263633,92,-41,6
1747048113.6623633,-17,-25,42
1747048113.6973634,-9,8,-31
1747048113.7333634,14,40,40
1747048113.7683637,-33,22,76
1747048113.8043633,-24,-64,-11
1747048113.839363,-27,-55,62
1747048113.8743634,-51,2,12
1747048113.9103634,96,-1,82
1747048113.9453633,-51,4,-37
1747048113.9813633,-60,43,76
1747048114.0163634,111,69,-12
1747048114.0523634,5,-53,-118
1747048114.0883634,108,-3,57
1747048114.1233633,-31,-51,74
1747048114.158363,80,0,-25
1747048114.1943634,54,34,120
1747048114.2303634,-67,-1,81
1747048114.2653637,-3,-5,69
1747048114.3013637,9,1,31
1747048114.3363633,-46,82,54
1747048114.3713634,19,89,-82
1747048114.4063632,-37,-5,30
1747048114.4423633,21,-28,122
1747048114.4783633,-20,-64,24
1747048114.5133634,92,28,25
1747048114.5493634,29,-61,-18
1747048114.5843637,-2,-3,92
1747048114.6193633,39,66,20
1747048114.6543634,5,0,88
1747048114.6903634,0,-38,-15
1747048114.7263634,-65,-28,-109
1747048114.7613633,6,73,54
1747048114.7973633,70,-22,76
1747048114.8323634,-71,-37,14
1747048114.8673637,-41,-21,42
1747048114.9023633,-41,74,46
1747048114.9383633,-24,-13,-129
1747048114.974363,25,78,76
1747048115.0093634,-30,-31,-47
1747048115.0453634,43,20,-56
1747048115.0803633,-50,-1,7
1747048115.1153634,79,42,32
1747048115.1503634,-18,72,86
1747048115.1863637,11,62,115
1747048115.2223637,-58,0,-81
1747048115.257363,-47,-22,-9
1747048115.293363,-70,-23,86
1747048115.3283634,-26,74,-30
1747048115.3633633,-6,-13,-85
1747048115.3983634,5,12,24
1747048115.4343634,5,12,29
1747048115.4703634,-52,-39,-152
1747048115.5053637,-77,12,32
1747048115.5413637,64,22,-52
1747048115.576363,-59,26,25
1747048115.6113634,19,64,-36
1747048115.6463633,21,-23,-16
1747048115.6823633,-4,10,-9
1747048115.7183633,25,34,8
1747048115.7533634,-98,60,-67
1747048115.7893634,-4,36,24
1747048115.8243637,75,10,-117
1747048115.8593633,-42,8,-3
1747048115.8943634,29,-71,-63
1747048115.9303634,51,-17,116
1747048115.9663634,39,31,26
1747048116.0013633,99,-55,44
1747048116.0373633,-10,39,34
1747048116.0723634,59,18,6
1747048116.1073637,-52,6,-63
1747048116.1423633,-24,34,-1
1747048116.178363,-56,0,58
1747048116.214363,22,-15,-19
1747048116.2493634,46,10,6
1747048116.2853634,6,-23,142
1747048116.3203633,-19,-29,-37
1747048116.3553634,-34,-15,24
1747048116.3903637,93,-43,-19
1747048116.4263637,-8,-47,-7
1747048116.4623632,29,52,-17
1747048116.497363,-14,42,36
1747048116.533363,34,-21,28
1747048116.5683634,-12,-5,18
1747048116.6033633,-42,-39,8
1747048116.6383634,13,72,24
1747048116.6743634,-76,-13,-43
1747048116.7103634,57,-1,-48
1747048116.7453637,13,-61,-15
1747048116.7813632,-70,41,72
1747048116.816363,-20,-6,44
1747048116.8513634,-24,15,62
1747048116.8863633,15,-16,-101
1747048116.9223633,57,-37,50
1747048116.9583633,-22,42,-93
1747048116.9933634,-4,20,100
1747048117.0293634,-26,-37,-75
1747048117.0643632,59,10,32
1747048117.099363,55,10,-19
1747048117.135363,-35,28,106
1747048117.1703634,-34,-81,148
1747048117.2063634,-24,42,10
1747048117.2413633,-14,-35,-41
1747048117.2773633,-6,8,30
1747048117.3123634,-28,-26,54
1747048117.3473637,7,28,50
1747048117.3833632,47,-59,108
1747048117.418363,47,64,-111
1747048117.454363,-6,-17,-101
1747048117.4893634,55,-47,-27
1747048117.5253634,19,-21,34
1747048117.5603633,-14,-33,-21
1747048117.5953634,0,-59,-47
1747048117.6313634,-28,10,-3
1747048117.6663637,-84,6,-119
1747048117.7023633,-40,8,-3
1747048117.737363,17,74,36
1747048117.7733634,0,-1,88
1747048117.8083634,-66,4,48
1747048117.8433633,34,34,48
1747048117.8793633,16,-30,2
1747048117.9143634,43,-13,-31
1747048117.9503634,-82,75,24
1747048117.9853632,51,16,32
1747048118.0213633,11,34,120
1747048118.056363,-8,-46,-33
1747048118.0913634,45,-16,-129
1747048118.1273634,5,21,70
1747048118.1623633,-62,83,116
1747048118.1983633,-26,-78,54
1747048118.2333634,-16,24,-3
1747048118.2693634,59,-30,-143
1747048118.3043633,-22,15,4
1747048118.339363,20,47,18
1747048118.375363,62,-66,-15
1747048118.4103634,-19,-20,6
1747048118.4463634,-24,38,44
1747048118.4813633,-66,18,-69
1747048118.5173633,10,75,18
1747048118.5523634,-8,14,-1
1747048118.5873632,-33,-14,-37
1747048118.6233633,-99,-30,-101
1747048118.658363,-18,-7,0
1747048118.6943634,92,11,-33
1747048118.7293634,-48,0,-41
1747048118.7643633,85,22,10
1747048118.7993634,21,-57,-71
1747048118.8353634,66,-76,-69
1747048118.8713634,-32,11,-45
1747048118.9063632,35,-9,-63
1747048118.9423633,-2,-2,24
1747048118.977363,-39,-34,96
1747048119.0123634,16,-8,32
1747048119.0473633,-7,87,12
1747048119.0833633,10,19,91
1747048119.1193633,68,-28,-102
1747048119.1543634,50,83,128
1747048119.1903634,-6,-75,85
1747048119.2253633,-36,0,15
1747048119.260363,5,62,95
1747048119.2953634,-64,16,-77
1747048119.3313634,-49,-15,102
1747048119.3673637,-15,12,-77
1747048119.4023633,-55,2,84
1747048119.4383633,35,-49,84
1747048119.4733634,39,-55,-29
1747048119.5083632,0,13,24
1747048119.543363,14,79,64
1747048119.579363,-19,29,46
1747048119.6153634,4,-37,188
1747048119.6503634,-20,-23,113
1747048119.6863637,103,2,92
1747048119.7213633,30,-15,70
1747048119.7563634,-6,-21,32
1747048119.7913637,-60,56,-14
1747048119.8273633,-92,52,-35
1747048119.8633633,5,-3,86
1747048119.8983634,-70,-3,-19
1747048119.9343634,37,2,96
1747048119.9693637,27,-25,4
1747048120.0043633,21,-13,32
1747048120.0393634,-35,17,-73
1747048120.0753634,96,-72,-25
1747048120.1113634,-15,-5,134
1747048120.1463633,-48,129,94
1747048120.1823633,-26,-26,124
1747048120.2173634,-26,-48,-39
1747048120.2523634,5,-32,44
1747048120.2873633,-1,35,126
1747048120.3233633,81,-6,-69
1747048120.3593633,27,15,28
1747048120.3943634,-65,98,-49
1747048120.4303634,34,-43,144
1747048120.4653633,86,-53,50
1747048120.500363,-41,2,4
1747048120.5353634,-49,-19,-5
1747048120.5713634,-40,-82,-3
1747048120.6073637,-45,28,-27
1747048120.6423633,30,-45,48
1747048120.678363,17,-6,10
1747048120.7133634,2,34,-59
1747048120.7483633,111,-86,-15
1747048120.783363,46,41,62
1747048120.8193634,19,-16,-85
1747048120.8553634,39,-8,-83
1747048120.8903637,49,-40,-47
1747048120.9263637,17,-56,-3
1747048120.9613633,-86,-68,6
1747048120.9963634,39,-6,120
1747048121.0313632,-84,-74,-17
1747048121.0743637,-18,11,-47
1747048121.1113634,-62,-22,2
1747048121.1463633,1,-28,-51
1747048121.1823633,-14,-8,22
1747048121.2173634,41,-10,74
1747048121.2523634,-22,-24,38
1747048121.2873633,3,-47,134
1747048121.3233633,79,-46,80
1747048121.3593633,-16,-20,-23
1747048121.3943634,44,-31,-15
1747048121.4303634,-13,10,-81
1747048121.4653633,22,8,18
1747048121.500363,2,-81,-7
1747048121.5353634,-6,-50,0
1747048121.5713634,-57,-58,136
1747048121.6073637,-29,-34,48
1747048121.6423633,-47,-85,64
1747048121.678363,16,28,-37
1747048121.7133634,18,-35,-33
1747048121.7483633,-13,-17,-15
1747048121.7843633,70,-43,16
1747048121.8193634,12,-7,-33
1747048121.8553634,-4,-64,14
1747048121.8903637,-16,9,-5
1747048121.9263637,-78,-36,-23
1747048121.9613633,13,59,-65
1747048121.9963634,47,95,136
1747048122.0323634,99,-16,-47
1747048122.0673633,-42,-8,-55
1747048122.1033633,-2,7,-27
1747048122.1383634,-50,55,76
1747048122.1743634,-33,18,140
1747048122.2093637,-93,78,42
1747048122.2443633,13,-7,36
1747048122.280363,-26,48,178
1747048122.3153634,49,36,18
1747048122.3513634,-62,-85,-19
1747048122.3863633,-32,-53,-101
1747048122.4223633,43,60,80
1747048122.4573634,-25,14,-67
1747048122.4923637,2,-29,-47
1747048122.5283637,4,52,-41
1747048122.5633633,29,-19,-3
1747048122.599363,79,0,40
1747048122.6343634,85,-21,8
1747048122.6703634,30,41,-41
1747048122.7053633,32,92,-141
1747048122.7403634,50,92,-35
1747048122.7763634,-37,-44,52
1747048122.8113637,-51,-52,-24
1747048122.8473637,34,-16,-95
1747048122.882363,54,25,120
1747048122.918363,-19,-36,34
1747048122.9533634,4,-5,-5
1747048122.9883633,12,59,62
1747048123.0243633,-5,-9,130
1747048123.0593634,-21,2,106
1747048123.0953634,19,-15,138
1747048123.1303637,-28,8,126
1747048123.1663637,-39,-30,20
1747048123.201363,-19,-10,116
1747048123.2363634,53,15,14
1747048123.2723634,61,3,58
1747048123.3073633,-55,-6,66
1747048123.3433633,-77,-28,56
1747048123.3783634,28,-42,18
1747048123.4133637,-67,9,-5
1747048123.4483633,21,7,-31
1747048123.4843633,70,-12,22
1747048123.520363,19,29,-97
1747048123.5553634,-62,5,28
1747048123.5913634,-56,29,22
1747048123.6263633,25,-53,-5
1747048123.6613634,-92,-18,-53
1747048123.6963634,1,-70,-39
1747048123.7323637,47,12,-57
1747048123.7683637,51,-21,50
1747048123.803363,19,-3,4
1747048123.839363,41,-39,-119
1747048123.8743634,25,72,-47
1747048123.9093633,13,26,-21
1747048123.9443634,1,10,44
1747048123.9803634,-82,-115,-60
1747048124.0163634,-40,96,-9
1747048124.0513637,49,78,53
1747048124.0873632,-1,35,-14
1747048124.122363,92,57,80
1747048124.1573634,42,-38,-45
1747048124.1923633,-7,-38,-32
1747048124.2283633,-37,-36,-62
1747048124.2643633,-31,-80,-152
1747048124.2993634,42,5,65
1747048124.3353634,30,13,-36
1747048124.3703637,-5,-50,92
1747048124.405363,-75,-58,18
1747048124.4403634,-19,-26,-15
1747048124.4763634,42,-42,-79
1747048124.5123634,-1,29,44
1747048124.5473633,74,34,8
1747048124.5833633,-49,15,21
1747048124.6183634,30,63,55
1747048124.6533637,-43,27,125
1747048124.6883633,-7,21,71
1747048124.724363,6,48,1
1747048124.760363,-17,14,-29
1747048124.7953634,-53,98,-33
1747048124.8313634,72,4,11
1747048124.8663633,30,20,20
1747048124.9013634,54,42,16
1747048124.9363637,2,-73,58
1747048124.9723637,0,21,48
1747048125.0083632,58,24,-11
1747048125.043363,-1,-13,34
1747048125.079363,53,26,28
1747048125.1143634,-2,42,106
1747048125.1493633,58,-11,96
1747048125.1843634,20,-38,-65
1747048125.2203634,66,43,47
1747048125.2563634,-25,11,139
1747048125.2913637,-41,7,-34
1747048125.3273633,-21,-38,82
1747048125.362363,-4,73,-9
1747048125.3973634,-68,3,-48
1747048125.4323633,-54,-20,12
1747048125.4683633,-40,-8,-25
1747048125.5043633,-12,-12,22
1747048125.5393634,-7,-43,-23
1747048125.5753634,17,25,6
1747048125.6103632,-4,10,82
1747048125.645363,-76,-38,66
1747048125.6803634,-84,24,6
1747048125.7163634,11,-106,-11
1747048125.7523634,41,-48,50
1747048125.7873633,95,1,-57
1747048125.8233633,7,9,30
1747048125.8583634,63,-8,4
1747048125.8933637,-10,53,60
1747048125.928363,1,43,-97
1747048125.964363,3,-81,0
1747048126.000363,-28,35,-35
1747048126.0353634,-68,38,-63
1747048126.0713634,-88,-117,-65
1747048126.1063633,23,-67,-87
1747048126.1413634,-13,-12,-29
1747048126.1763637,-9,-12,-15
1747048126.2123632,-89,43,-55
1747048126.2483633,28,-6,52
1747048126.283363,-69,-42,47
1747048126.3193634,-71,-50,-21
1747048126.3543634,76,-42,-43
1747048126.3893633,56,-14,50
1747048126.4253633,-16,28,98
1747048126.4603634,46,-10,-71
1747048126.4963634,42,17,-35
1747048126.5313632,12,-66,60
1747048126.5673633,96,85,110
1747048126.602363,-38,56,-29
1747048126.6373634,-30,48,38
1747048126.6733634,-100,-7,-15
1747048126.7083633,-60,-35,-59
1747048126.7443633,3,-3,40
1747048126.7793634,120,-20,22
1747048126.8153634,-73,23,-109
1747048126.8503633,7,3,-51
1747048126.885363,27,-16,60
1747048126.9213634,19,71,109
1747048126.9563634,20,-56,50
1747048126.9923637,-106,-40,120
1747048127.0273633,7,-34,29
1747048127.0633633,-41,-4,11
1747048127.0983634,-113,-18,39
1747048127.1333632,-83,-2,-59
1747048127.1693633,-15,-25,-93
1747048127.204363,63,51,42
1747048127.2403634,-44,-70,-21
1747048127.2753634,17,-46,88
1747048127.3113637,-62,6,-47
1747048127.3463633,77,-32,180
1747048127.3813634,40,-41,88
1747048127.4173634,-6,-93,42
1747048127.4523633,1,0,40
1747048127.4883633,-22,48,60
1747048127.5233634,15,24,60
1747048127.5593634,34,42,-33
1747048127.5943637,4,-31,80
1747048127.6293633,-42,28,56
1747048127.6653633,11,48,-107
1747048127.7003634,-62,-55,31
1747048127.7363634,-11,-23,-15
1747048127.7713633,8,2,-27
1747048127.8073633,-43,28,97
1747048127.8423634,2,46,-3
1747048127.8773634,-33,-73,-124
1747048127.9133637,55,19,25
1747048127.9483633,10,-53,52
1747048127.9843633,-69,-41,71
1747048128.0193634,0,-11,8
1747048128.0543633,-5,0,151
1747048128.089363,-37,16,-37
1747048128.125363,47,11,-23
1747048128.1613634,25,3,18
1747048128.1963634,1,64,-42
1747048128.2323637,-40,-2,-21
1747048128.2673633,-75,-57,-127
1747048128.3023634,9,-59,-84
1747048128.3373632,23,-65,-5
1747048128.3733633,-42,-27,10
1747048128.4093633,58,-17,-41
1747048128.4443634,68,-21,2
1747048128.4803634,-4,-20,-13
1747048128.5153637,39,67,16
1747048128.5503633,93,-80,20
1747048128.5853634,-9,68,32
1747048128.6213634,-7,38,-23
1747048128.6573634,4,-17,-51
1747048128.6923633,-63,-67,-71
1747048128.7283633,8,74,122
1747048128.7633634,22,-1,12
1747048128.7983634,18,-7,-123
1747048128.8333633,-57,-5,78
1747048128.8693633,-26,68,-86
1747048128.905363,-42,-61,-9
1747048128.9403634,43,-69,-22
1747048128.9763634,9,-39,67
1747048129.0113633,75,-3,-117
1747048129.0463634,1,28,-61
1747048129.0813634,9,2,-40
1747048129.1173637,-40,36,-79
1747048129.1533637,5,-68,-20
1747048129.1883633,9,-22,-103
1747048129.224363,85,40,-65
1747048129.2593634,-18,68,60
1747048129.2943633,-8,0,12
1747048129.329363,-48,-33,-11
1747048129.3653634,27,-15,-44
1747048129.4013634,-8,-15,68
1747048129.4363637,5,12,-13
1747048129.4723637,17,29,88
1747048129.507363,29,65,-155
1747048129.5423634,-34,-52,-83
1747048129.5773633,-39,47,130
1747048129.6133633,10,-14,42
1747048129.6493633,82,-30,-83
1747048129.6843634,24,7,22
1747048129.7203634,-9,-52,4
1747048129.7553637,52,-38,-3
1747048129.7903633,12,-10,-84
1747048129.8253634,-25,-22,-8
1747048129.8613634,72,35,-62
1747048129.8973634,22,79,-59
1747048129.9323633,-71,9,0
1747048129.9683633,-68,-56,64
1747048130.0033634,23,-4,0
1747048130.0383637,30,-9,77
1747048130.0733633,-43,9,-51
1747048130.1093633,22,9,-11
1747048130.145363,-37,-38,28
1747048130.1803634,-73,-4,6
1747048130.2163634,56,19,-25
1747048130.2513633,-13,37,4
1747048130.2863634,0,-48,78
1747048130.3213634,-98,27,2
1747048130.3573637,121,19,-5
1747048130.3933637,9,3,62
1747048130.428363,45,87,38
1747048130.464363,-58,-10,-25
1747048130.4993634,-6,19,64
1747048130.5343633,23,-76,12
1747048130.5693634,-6,-82,-33
1747048130.6053634,111,43,84
1747048130.6413634,13,1,138
1747048130.6763637,37,59,-31
1747048130.7123632,51,43,17
1747048130.747363,-7,33,18
1747048130.7823634,-50,-16,-116
1747048130.8173633,-75,-30,54
1747048130.8533633,16,-28,20
1747048130.8893633,-47,3,-75
1747048130.9243634,-41,-24,2
1747048130.9603634,66,-20,68
1747048130.9953637,-21,9,-67
1747048131.030363,136,-8,10
1747048131.066363,0,-46,-20
1747048131.1083634,39,59,-43
1747048131.145363,-3,-24,-23
1747048131.1803634,8,-78,37
1747048131.2163634,26,-21,2
1747048131.2513633,-21,-6,110
1747048131.2863634,-49,17,-15
1747048131.3223634,36,-26,6
1747048131.3573637,30,-4,70
1747048131.3933637,28,-47,62
1747048131.428363,120,-24,-122
1747048131.464363,-22,-31,-4
1747048131.4993634,-6,-7,91
1747048131.5343633,93,-5,-127
1747048131.5703633,40,-25,-32
1747048131.6053634,56,-30,4
1747048131.6413634,-9,54,32
1747048131.6763637,-51,52,2
1747048131.7123632,-5,-56,0
1747048131.747363,-27,-20,25
1747048131.7823634,42,19,161
1747048131.8183634,-53,-42,46
1747048131.8533633,-15,-18,12
1747048131.8893633,-52,-144,42
1747048131.9243634,61,-14,28
1747048131.9603634,15,41,-7
1747048131.9953637,-100,23,16
1747048132.030363,-24,-36,70
1747048132.066363,7,39,85
1747048132.1013634,30,15,-14
1747048132.1373634,83,23,-70
1747048132.1723633,65,111,-33
1747048132.2083633,-13,35,-25
1747048132.2433634,74,23,52
1747048132.2783637,-17,-40,38
1747048132.3143632,14,-69,46
1747048132.349363,8,4,102
1747048132.385363,18,-5,36
1747048132.4203634,-63,-19,80
1747048132.4563634,40,-33,-71
1747048132.4913633,38,-29,52
1747048132.5263634,-31,-25,94
1747048132.5623634,18,75,-37
1747048132.5973637,-23,-14,112
1747048132.6333632,16,-32,38
1747048132.668363,36,-18,-31
1747048132.704363,-35,-36,-77
1747048132.7403634,42,-26,-45
1747048132.7753634,30,25,70
1747048132.8103633,16,9,16
1747048132.8463633,6,9,-53
1747048132.882363,16,-20,110
1747048132.9173634,12,53,94
1747048132.9533634,50,-55,72
1747048132.9883633,66,12,-55
1747048133.0233634,-56,-6,-133
1747048133.0583634,-70,-34,122
1747048133.0943637,85,28,22
1747048133.1303637,-2,-42,74
1747048133.1653633,-28,-46,18
1747048133.201363,38,-20,74
1747048133.2363634,-1,-26,-71
1747048133.2713633,-73,29,-63
1747048133.306363,30,-62,-79
1747048133.3423634,60,-34,52
1747048133.3783634,-28,-3,16
1747048133.4133637,31,12,6
1747048133.4493637,-42,97,40
1747048133.4843633,-100,-13,-55
1747048133.5193634,-56,13,26
1747048133.5543633,-4,1,20
1747048133.5903633,1,-44,49
1747048133.6263633,51,-64,-170
1747048133.6613634,-36,27,104
1747048133.6973634,-35,-16,8
1747048133.7323637,-10,-6,64
1747048133.7673633,5,-50,14
1747048133.8023634,55,1,-5
1747048133.8383634,-22,-1,-9
1747048133.8743634,17,-10,28
1747048133.9093633,15,-18,78
1747048133.9453633,-102,-14,82
1747048133.9803634,35,-16,48
1747048134.0153637,27,0,-85
1747048134.0503633,27,63,88
1747048134.0863633,15,19,-49
1747048134.122363,-10,-56,40
1747048134.1573634,0,-34,30
1747048134.1933634,-79,-3,-29
1747048134.2283633,-114,49,-7
1747048134.2633634,6,-87,146
1747048134.2983634,72,33,28
1747048134.3343637,-36,29,-15
1747048134.3703637,9,55,86
1747048134.405363,-24,-8,42
1747048134.441363,-10,-24,20
1747048134.4763634,37,-22,10
1747048134.5113633,17,5,34
1747048134.5463634,21,21,44
1747048134.5823634,-88,45,20
1747048134.6183634,-36,-10,28
1747048134.6533637,24,12,62
1747048134.6893632,61,56,-13
1747048134.724363,89,-43,56
1747048134.7593634,121,-15,-19
1747048134.7943633,36,66,104
1747048134.8303633,25,82,52
1747048134.8663633,-32,-5,-11
1747048134.9013634,-16,-11,-1
1747048134.9373634,37,4,96
1747048134.9723637,0,0,-66
1747048135.007363,20,0,51
1747048135.0423634,-21,90,-87
1747048135.0783634,22,-69,103
1747048135.1143634,-83,38,-33
1747048135.1493633,50,8,44
1747048135.1853633,28,-52,-71
1747048135.2203634,-25,-25,52
1747048135.2553637,-13,-43,-17
1747048135.2903633,-59,-69,10
1747048135.326363,-21,-33,-145
1747048135.362363,20,-67,60
1747048135.3973634,25,36,30
1747048135.4333634,-10,16,-157
1747048135.4683633,-12,-51,-75
1747048135.5033634,39,28,-29
1747048135.5383637,-10,22,14
1747048135.5743637,-58,-47,-159
1747048135.6103632,33,-51,66
1747048135.645363,29,56,-93
1747048135.681363,53,18,-31
1747048135.7163634,-78,-55,22
1747048135.7513633,-20,-85,50
1747048135.7873633,119,26,21
1747048135.8223634,-22,64,58
1747048135.8583634,-16,-13,-79
1747048135.8933637,25,80,8
1747048135.9293633,-58,59,72
1747048135.964363,33,-36,68
1747048135.9993634,43,-8,54
1747048136.0353634,3,18,94
1747048136.0703633,0,26,26
1747048136.1063633,-12,-47,110
1747048136.1413634,8,90,-71
1747048136.1773634,-31,66,4
1747048136.2123632,-7,-29,14
1747048136.247363,29,-33,14
1747048136.283363,33,-3,46
1747048136.3183634,-8,40,60
1747048136.3543634,-24,30,28
1747048136.3893633,25,-42,-7
1747048136.4253633,45,-22,-23
1747048136.4603634,83,-29,-33
1747048136.4953637,-42,35,28
1747048136.5313632,-14,-31,-23
1747048136.566363,5,0,88
1747048136.602363,37,45,26
1747048136.6373634,43,-74,58
1747048136.6733634,-34,41,134
1747048136.7083633,33,-11,108
1747048136.7433634,11,-39,40
1747048136.7793634,91,-39,-25
1747048136.8143632,5,61,-1
1747048136.8503633,13,39,28
1747048136.885363,31,-57,0
1747048136.9213634,-40,-17,46
1747048136.9563634,-30,-57,-149
1747048136.9913633,-58,-29,38
1747048137.0273633,1,-16,26
1747048137.0623634,-2,-45,28
1747048137.0983634,-44,-9,12
1747048137.1333632,-62,-23,16
1747048137.1693633,69,-21,60
1747048137.204363,-8,-13,13
1747048137.2393634,55,50,8
1747048137.2753634,-10,62,-95
1747048137.3103633,121,26,128
1747048137.3473637,53,24,52
1747048137.382363,-36,-39,96
1747048137.418363,-40,-97,20
1747048137.4533634,6,-56,86
1747048137.4883633,-43,-4,-17
1747048137.5233634,34,15,-91
1747048137.5593634,54,97,84
1747048137.5953634,51,-41,64
1747048137.6303637,-2,38,66
1747048137.6663637,29,66,12
1747048137.701363,25,-9,-19
1747048137.7363634,6,19,150
1747048137.7713633,16,-32,-99
1747048137.8073633,23,38,-39
1747048137.8433633,-2,-21,-5
1747048137.8783634,-40,-5,-43
1747048137.9143634,-12,50,104
1747048137.9493637,-75,-3,62
1747048137.9843633,26,54,-7
1747048138.0193634,14,-37,10
1747048138.0553634,27,-55,50
1747048138.0913634,49,46,154
1747048138.1263633,-63,-33,-31
1747048138.1623633,12,-1,-83
1747048138.1973634,-3,44,-41
1747048138.2323637,63,4,54
1747048138.2673633,27,-45,-11
1747048138.303363,31,-11,4
1747048138.339363,57,-7,46
1747048138.3743634,-2,-13,168
1747048138.4103634,34,-11,74
1747048138.4453633,83,29,-21
1747048138.4803634,-33,40,-19
1747048138.5153637,33,-58,14
1747048138.5513637,111,-12,78
1747048138.5873632,-56,75,-23
1747048138.622363,-42,-46,28
1747048138.658363,57,-16,-63
1747048138.6933634,-12,67,80
1747048138.7283633,37,1,62
1747048138.7633634,33,17,-109
1747048138.7993634,-9,-95,-17
1747048138.8353634,-1,9,56
1747048138.8703637,-3,1,32
1747048138.9063632,44,-110,26
1747048138.941363,106,17,46
1747048138.9763634,24,-2,-11
1747048139.0113633,-33,3,-19
1747048139.0473633,110,17,156
1747048139.0833633,-3,68,10
1747048139.1183634,2,0,12
1747048139.1543634,-27,-51,-23
1747048139.1893632,-21,-23,-41
1747048139.224363,-23,92,-1
1747048139.2593634,40,-19,48
1747048139.2953634,65,43,-25
1747048139.3313634,59,-42,-99
1747048139.3663633,-30,23,-97
1747048139.4023633,15,5,-93
1747048139.4373634,63,0,-27
1747048139.4723637,27,9,28
1747048139.507363,1,64,14
1747048139.543363,31,14,-33
1747048139.579363,53,20,26
1747048139.6143634,-32,28,-151
1747048139.6503634,91,42,-29
1747048139.6853633,-89,-22,112
1747048139.7203634,-82,26,-1
1747048139.7553637,-46,10,22
1747048139.7913637,-4,-23,-1
1747048139.8273633,-49,-6,0
1747048139.862363,39,-61,52
1747048139.8983634,13,-21,-111
1747048139.9333634,6,28,22
1747048139.9683633,-34,45,162
1747048140.0033634,-4,-36,24
1747048140.0393634,-46,-29,102
1747048140.0753634,37,40,74
1747048140.1103632,-4,10,-13
1747048140.1463633,-80,-47,36
1747048140.181363,-66,-26,-97
1747048140.2163634,74,-11,-21
1747048140.2513633,-46,-13,-125
1747048140.2873633,57,28,82
1747048140.3233633,-1,-42,35
1747048140.3583634,-62,-8,-129
1747048140.3943634,35,28,22
1747048140.4293633,-18,17,4
1747048140.464363,39,-6,2
1747048140.500363,35,-38,-87
1747048140.5353634,33,29,-85
1747048140.5713634,-18,70,46
1747048140.6063633,21,-13,22
1747048140.6423633,-62,-30,84
1747048140.6773634,-63,0,-7
1747048140.7123632,11,-60,116
1747048140.7483633,10,-45,2
1747048140.783363,-16,-16,42
1747048140.8193634,53,-6,42
1747048140.8543634,3,-26,22
1747048140.8903637,3,54,100
1747048140.9253633,-48,25,4
1747048140.9603634,85,27,60
1747048140.9963634,109,-22,-7
1747048141.0313632,11,-45,-61
1747048141.0673633,-20,30,138
1747048141.1093633,91,-43,90
1747048141.1463633,69,-39,-151
1747048141.181363,15,-19,74
1747048141.2163634,-33,-2,-73
1747048141.2523634,-55,-16,-71
1747048141.2873633,14,-44,-35
1747048141.3233633,-23,3,30
1747048141.3583634,-51,41,-49
1747048141.3943634,-66,16,176
1747048141.4293633,24,18,58
1747048141.464363,59,58,40
1747048141.500363,-33,-32,54
1747048141.5353634,-60,-45,26
1747048141.5713634,84,-14,20
1747048141.6063633,-23,51,-37
1747048141.6423633,37,-19,74
1747048141.6773634,23,12,70
1747048141.7123632,80,-10,58
1747048141.7483633,24,-26,64
1747048141.783363,-24,32,-39
1747048141.8193634,-22,26,180
1747048141.8543634,-10,36,32
1747048141.8903637,92,-33,-25
1747048141.9253633,-30,-15,-21
1747048141.9603634,-68,-75,-28
1747048141.9963634,-70,-5,98
1747048142.0313632,-30,-43,28
1747048142.0673633,0,32,-56
1747048142.102363,0,28,-27
1747048142.1373634,-46,-25,43
1747048142.1723633,-54,7,-47
1747048142.2083633,-18,-88,5
1747048142.2443633,-114,43,36
1747048142.2793634,-31,-23,146
1747048142.3153634,109,-96,66
1747048142.3503633,-4,33,104
1747048142.385363,-29,36,-34
1747048142.4203634,-37,20,100
1747048142.4563634,-57,22,-1
1747048142.4923637,96,18,-35
1747048142.5273633,-23,-29,-85
1747048142.5633633,-32,-5,-1
1747048142.5983634,-42,16,-147
1747048142.6333632,-32,26,92
1747048142.668363,-26,-13,-37
1747048142.704363,-28,-5,88
1747048142.7403634,15,-63,-69
1747048142.7753634,45,18,-15
1747048142.8113637,-8,4,-1
1747048142.8463633,37,22,-63
1747048142.8813634,-6,22,0
1747048142.9163637,20,25,62
1747048142.9523633,38,-28,-31
1747048142.9883633,-19,23,-19
1747048143.0233634,-41,9,-31
1747048143.0593634,20,-24,-127
1747048143.0943637,4,51,-9
1747048143.1293633,-59,14,-27
1747048143.1643634,-20,-43,-41
1747048143.2003634,21,-3,72
1747048143.2363634,1,-19,-67
1747048143.2713633,36,13,-39
1747048143.3073633,31,-1,28
1747048143.3423634,10,-28,28
1747048143.3773634,-21,31,-141
1747048143.4123633,-1,-22,140
1747048143.4483633,-92,-77,2
1747048143.4843633,-130,-91,-107
1747048143.5193634,-28,-25,-47
1747048143.5553634,-66,-50,-1
1747048143.5903633,57,-64,-11
1747048143.625363,17,15,-5
1747048143.6603634,53,7,52
1747048143.6963634,-18,43,-39
1747048143.7323637,85,5,12
1747048143.7673633,-62,50,-25
1747048143.803363,75,22,36
1747048143.8383634,-18,-17,76
1747048143.8733633,-60,-69,-63
1747048143.908363,-45,41,38
1747048143.9443634,29,-29,6
1747048143.9803634,59,-98,-33
1747048144.0153637,89,-25,72
1747048144.0513637,1,20,-9
1747048144.0863633,-8,-59,54
1747048144.1213634,31,32,86
1747048144.1563632,45,46,-5
1747048144.1923633,31,-39,-39
1747048144.2283633,-68,22,76
1747048144.2633634,85,9,138
1747048144.2993634,25,-32,-71
1747048144.3343637,-41,2,30
1747048144.3693633,26,-3,80
1747048144.4043634,-1,62,34
1747048144.4403634,-9,-93,-25
1747048144.4763634,30,-35,26
1747048144.5113633,-17,-43,2
1747048144.5473633,-7,-13,-97
1747048144.5823634,68,87,126
1747048144.6173637,-73,3,70
1747048144.6523633,-17,87,60
1747048144.6883633,56,-16,38
1747048144.724363,-20,62,50
1747048144.7593634,-72,-89,62
1747048144.7953634,-14,26,-5
1747048144.8303633,-16,-27,118
1747048144.8653634,-12,-9,-47
1747048144.9003634,68,-7,-33
1747048144.9363637,83,-23,32
1747048144.9723637,-20,-21,6
1747048145.007363,-38,-29,-79
1747048145.043363,47,18,-17
1747048145.0783634,-3,41,-27
1747048145.1133633,13,-53,-53
1747048145.1493633,61,28,70
1747048145.1843634,-51,4,24
1747048145.2203634,-19,-7,138
1747048145.2553637,-43,10,-35
1747048145.2913637,-37,60,-117
1747048145.326363,14,58,76
1747048145.3613634,7,-20,128
1747048145.3973634,20,26,60
1747048145.4323633,56,4,-53
1747048145.4683633,-43,-23,-1
1747048145.5033634,64,-3,-35
1747048145.5393634,-5,6,-49
1747048145.5743637,-61,12,36
1747048145.6093633,-3,90,-73
1747048145.645363,8,8,98
1747048145.6803634,-35,74,-75
1747048145.7163634,-61,73,-25
1747048145.7513633,-37,-4,-51
1747048145.7873633,38,-13,66
1747048145.8223634,56,-9,-3
1747048145.8573637,-49,68,-15
1747048145.8933637,-48,-1,50
1747048145.928363,35,24,-71
1747048145.964363,-43,5,8
1747048145.9993634,-100,-71,132
1747048146.0353634,27,-23,38
1747048146.0703633,59,-79,-21
1747048146.1053634,31,0,44
1747048146.1413634,-41,66,72
1747048146.1763637,12,96,88
1747048146.2123632,26,-95,36
1747048146.247363,64,30,56
1747048146.283363,32,-11,-83
1747048146.3183634,64,-75,110
1747048146.3533633,12,42,58
1747048146.3893633,14,-129,32
1747048146.4243634,-63,36,-45
1747048146.4603634,24,6,14
1747048146.4953637,16,34,42
1747048146.5313632,-56,-16,8
1747048146.566363,85,25,-63
1747048146.6013634,-25,-29,38
1747048146.6373634,54,-23,-67
1747048146.6723633,3,8,170
1747048146.7083633,53,50,40
1747048146.7433634,15,56,106
1747048146.7783637,-10,-5,-147
1747048146.8133633,-18,12,-113
1747048146.849363,-4,-3,28
1747048146.885363,-19,-61,156
1747048146.9203634,-1,-61,-13
1747048146.9563634,-17,-9,-1
1747048146.9913633,-73,10,34
1747048147.0263634,-41,26,-1
1747048147.0613637,-23,-53,16
1747048147.0973637,21,88,120
1747048147.1333632,-70,-37,42
1747048147.168363,-52,-13,-51
1747048147.204363,73,5,56
1747048147.2393634,-4,-2,88
1747048147.2743633,8,-11,-73
1747048147.3093634,-20,-33,-47
1747048147.3453634,-6,50,6
1747048147.3813634,-18,-5,38
1747048147.4163637,8,-69,128
1747048147.4523633,-83,60,-3
1747048147.487363,-1,-11,28
1747048147.5223634,28,0,4
1747048147.5573633,-75,-58,98
1747048147.5933633,66,-21,-77
1747048147.6293633,10,-12,0
1747048147.6643634,-43,-19,44
1747048147.7003634,91,-5,28
1747048147.7353632,-118,44,-17
1747048147.770363,-56,30,32
1747048147.8053634,-20,-37,104
1747048147.8413634,37,48,-25
1747048147.8773634,-22,22,22
1747048147.9123633,1,-5,50
1747048147.9483633,-51,-55,168
1747048147.9833634,69,10,86
1747048148.0183637,-42,-11,54
1747048148.053363,70,-43,0
1747048148.089363,50,-35,78
1747048148.125363,24,-3,60
1747048148.1603634,-20,38,4
1747048148.1963634,-13,28,82
1747048148.2313633,-3,-47,-75
1747048148.2663634,36,50,-33
1747048148.3013637,-75,60,-37
1747048148.3373632,-128,-42,10
1747048148.3733633,-41,-39,46
1747048148.408363,-3,20,18
1747048148.4443634,-41,-17,74
1747048148.4793634,2,-23,-73
1747048148.5143633,62,16,32
1747048148.5493634,24,-33,12
1747048148.5853634,-13,-27,38
1747048148.6213634,-25,22,21
1747048148.6563632,-61,28,66
1747048148.6923633,3,-69,26
1747048148.727363,7,30,67
1747048148.7623634,-27,8,37
1747048148.7973633,48,28,118
1747048148.8333633,-19,6,62
1747048148.8693633,32,8,-117
1747048148.9043634,68,22,-100
1747048148.9403634,51,-17,52
1747048148.9753633,94,-17,-39
1747048149.010363,-17,6,-25
1747048149.0453634,66,-39,-41
1747048149.0813634,18,-25,9
1747048149.1173637,81,56,-11
1747048149.1523633,-12,15,190
1747048149.1883633,-8,9,-63
1747048149.2233634,50,41,12
1747048149.2583632,0,20,-35
1747048149.293363,32,-23,28
1747048149.329363,-37,-10,52
1747048149.3653634,6,31,-51
1747048149.4003634,50,27,-61
1747048149.4363637,2,0,48
1747048149.4713633,36,23,20
1747048149.5063634,-24,20,-5
1747048149.5423634,21,70,4
1747048149.5773633,67,83,-11
1747048149.6133633,6,-21,-17
1747048149.6483634,-77,102,84
1747048149.6843634,-45,-99,-11
1747048149.7193637,-3,-7,-5
1747048149.7543633,27,13,62
1747048149.7903633,-82,-69,-61
1747048149.8253634,-50,60,32
1747048149.8613634,93,-1,30
1747048149.8963633,-22,-29,42
1747048149.9323633,4,10,68
1747048149.9673634,68,-13,104
1747048150.0023634,61,-39,40
1747048150.0383637,68,12,-45
1747048150.0733633,-17,-43,82
1747048150.1093633,17,-26,-75
1747048150.1443634,47,1,64
1747048150.1803634,-16,34,16
1747048150.2153633,31,20,14
1747048150.250363,-16,-11,14
1747048150.2863634,-54,-67,74
1747048150.3213634,15,-69,-109
1747048150.3573637,-38,-20,-91
1747048150.3923633,-100,45,-117
1747048150.428363,-12,43,-15
1747048150.4633634,0,-18,22
1747048150.4983633,95,21,-173
1747048150.5343633,9,153,26
1747048150.5693634,69,7,-95
1747048150.6053634,23,-2,22
1747048150.6403637,-66,13,-97
1747048150.6763637,25,17,114
1747048150.7113633,13,41,10
1747048150.7463634,37,-12,19
1747048150.7823634,9,-8,-5
1747048150.8173633,39,-52,138
1747048150.8533633,83,13,-3
1747048150.8883634,51,-42,-195
1747048150.9243634,-23,26,130
1747048150.9593637,11,13,-31
1747048150.9943633,9,39,-5
1747048151.030363,15,-32,64
1747048151.0653634,-70,11,26
1747048151.1013634,64,54,40
1747048151.1433637,40,38,-115
1747048151.1803634,26,18,18
1747048151.2153633,-33,-23,-45
1747048151.250363,-84,18,162
1747048151.2863634,87,6,56
1747048151.3213634,-38,-13,-2
1747048151.3573637,-20,-59,-149
1747048151.3923633,9,44,62
1747048151.428363,-8,20,36
1747048151.464363,-10,-13,-65
1747048151.4993634,23,8,142
1747048151.5343633,-23,71,-41
1747048151.5703633,-67,-5,-1
1747048151.6063633,6,10,-21
1747048151.6413634,0,-5,-3
1747048151.6773634,-13,-31,80
1747048151.7123632,-27,-121,146
1747048151.747363,-17,8,-27
1747048151.7823634,-7,0,70
1747048151.8183634,2,12,-19
1747048151.8543634,-13,-45,76
1747048151.8893633,16,-49,112
1747048151.9253633,-13,-47,-3
1747048151.9603634,-40,0,38
1747048151.9953637,44,26,-85
1747048152.030363,-17,66,58
1747048152.066363,-19,-49,52
1747048152.102363,11,0,36
1747048152.1373634,-87,28,76
1747048152.1733634,-49,6,36
1747048152.2083633,20,-56,-29
1747048152.2433634,22,-95,-83
1747048152.2783637,90,-47,-3
1747048152.3143632,-26,3,88
1747048152.3503633,-68,7,6
1747048152.385363,14,-59,-5
1747048152.4213634,10,-82,-5
1747048152.4563634,-37,10,62
1747048152.4913633,94,14,114
1747048152.5263634,-7,-19,96
1747048152.5623634,45,29,-59
1747048152.5983634,-54,71,12
1747048152.6333632,-30,57,-49
1747048152.6693633,-2,22,-117
1747048152.704363,-12,-85,-183
1747048152.7393634,41,2,-45
1747048152.7743633,-102,62,10
1747048152.8103633,61,68,74
1747048152.8463633,55,18,-69
1747048152.8813634,21,-15,62
1747048152.9173634,31,0,128
1747048152.9523633,-31,-35,96
1747048152.987363,-31,4,-133
1747048153.0223634,40,-39,8
1747048153.0583634,14,-17,90
1747048153.0943637,32,-55,82
1747048153.1293633,-7,-54,66
1747048153.1653633,-77,0,32
1747048153.2003634,98,-47,76
1747048153.2353632,-35,-15,112
1747048153.270363,14,-31,42
1747048153.306363,4,52,-1
1747048153.3423634,68,20,-87
1747048153.3773634,-43,-11,-131
1747048153.4133637,-25,34,-31
1747048153.4483633,26,-79,28
1747048153.4833634,30,-55,136
1747048153.5183637,51,-1,88
1747048153.5543633,7,60,14
1747048153.5903633,-20,-17,-13
1747048153.625363,-4,-9,-1
1747048153.6613634,27,-59,-63
1747048153.6963634,31,-39,-99
1747048153.7313633,113,36,6
1747048153.7663634,-14,20,64
1747048153.8023634,46,20,-41
1747048153.8383634,-57,-61,130
1747048153.8733633,-70,6,-55
1747048153.9093633,41,-38,18
1747048153.9443634,37,-86,-37
1747048153.9793634,-2,-51,24
1747048154.0143633,-38,52,30
1747048154.0503633,-31,8,104
1747048154.0863633,-4,10,116
1747048154.1213634,43,60,34
1747048154.1573634,57,40,4
1747048154.1923633,-13,-57,-3
1747048154.227363,40,16,44
1747048154.2633634,-21,-37,-35
1747048154.2983634,-82,-29,-73
1747048154.3343637,-72,-37,94
1747048154.3693633,17,22,48
1747048154.405363,-90,-17,-9
1747048154.4403634,-8,72,-139
1747048154.4753633,0,-39,-29
1747048154.5113633,51,22,52
1747048154.5463634,27,52,2
1747048154.5823634,69,-67,16
1747048154.6173637,-28,12,-79
1747048154.6533637,-120,18,-127
1747048154.6883633,-16,-3,88
1747048154.7233634,49,-93,-47
1747048154.7593634,67,46,-125
1747048154.7943633,10,-2,128
1747048154.8303633,25,88,-59
1747048154.8653634,-84,-17,80
1747048154.9013634,29,-25,42
1747048154.9363637,-78,-73,-197
1747048154.9713633,-62,-7,178
1747048155.007363,-51,62,-107
1747048155.0423634,84,-111,-5
1747048155.0783634,10,-63,8
1747048155.1133633,16,-55,-61
1747048155.1493633,18,0,30
1747048155.1843634,18,-37,8
1747048155.2193637,68,-43,46
1747048155.2553637,12,38,-13
1747048155.2903633,-17,18,-99
1747048155.326363,-3,-69,-15
1747048155.3613634,-135,-5,56
1747048155.3973634,8,10,-27
1747048155.4323633,-3,-6,-5
1747048155.4673634,-39,48,14
1747048155.5033634,62,-97,-99
1747048155.5383637,8,-27,-35
1747048155.5743637,-13,76,-7
1747048155.6093633,-74,-7,68
1747048155.645363,-16,-23,-75
1747048155.6803634,109,-3,80
1747048155.7153633,77,18,16
1747048155.7513633,-36,-7,52
1747048155.7863634,-15,22,80
1747048155.8223634,5,-21,-10
1747048155.8573637,27,0,128
1747048155.8933637,-26,-29,2
1747048155.928363,74,-62,56
1747048155.9633634,3,-82,44
1747048155.9993634,37,-37,-37
1747048156.0343633,-70,31,72
1747048156.0703633,17,-80,44
1747048156.1053634,-84,-9,40
1747048156.1413634,-35,-62,22
1747048156.1773634,79,86,-17
1747048156.2123632,-68,-15,-29
1747048156.247363,45,-26,2
1747048156.283363,3,3,94
1747048156.3193634,13,-6,-1
1747048156.3543634,33,-22,38
1747048156.3903637,3,-24,42
1747048156.4253633,15,-10,22
1747048156.4603634,23,-23,100
1747048156.4953637,-30,36,42
1747048156.5313632,-8,-51,-53
1747048156.5673633,-30,6,-33
1747048156.602363,8,-50,-25
1747048156.6383634,-77,15,-1
1747048156.6733634,-41,15,-70
1747048156.7083633,37,46,15
1747048156.7433634,-11,-42,1
1747048156.7793634,21,24,-58
1747048156.8153634,15,14,8
1747048156.8503633,6,15,56
1747048156.8863633,30,3,-59
1747048156.9213634,-39,41,-42
1747048156.9563634,66,-60,-119
1747048156.9913633,-1,5,72
1747048157.0273633,28,29,12
1747048157.0633633,16,21,50
1747048157.0983634,-29,41,-31
1747048157.1343634,78,51,-157
1747048157.1693633,2,-8,-125
1747048157.204363,11,-5,-31
1747048157.2393634,21,-31,76
1747048157.2753634,79,-15,-41
1747048157.3113637,33,10,-89
1747048157.3463633,39,52,-7
1747048157.382363,17,21,-13
1747048157.4173634,-101,12,64
1747048157.4523633,0,22,-37
1747048157.487363,27,-28,44
1747048157.5233634,5,12,-11
1747048157.5593634,-36,10,112
1747048157.5943637,-32,0,110
1747048157.6303637,-38,-25,18
1747048157.6653633,-30,-21,28
1747048157.7003634,3,-43,40
1747048157.7353632,20,-48,-7
1747048157.7713633,88,59,-27
1747048157.8073633,-51,23,26
1747048157.8423634,20,1,-25
1747048157.8783634,8,13,2
1747048157.9133637,4,-20,34
1747048157.9483633,2,41,-29
1747048157.9833634,-2,-13,6
1747048158.0193634,40,3,-31
1747048158.0553634,33,-71,-31
1747048158.0903633,30,7,34
1747048158.1263633,-41,-46,-16
1747048158.1613634,-15,19,-19
1747048158.1963634,-66,-73,22
1747048158.2313633,-2,-1,136
1747048158.2673633,15,66,-41
1747048158.303363,-9,85,-41
1747048158.3383634,31,84,-87
1747048158.3743634,19,36,-59
1747048158.4093633,-54,26,-29
1747048158.4443634,52,-47,62
1747048158.4793634,100,-31,4
1747048158.5153637,19,-61,0
1747048158.5513637,-76,-1,54
1747048158.5863633,-32,-25,-33
1747048158.622363,27,72,-113
1747048158.6573634,-4,-1,-1
1747048158.6923633,16,28,12
1747048158.727363,-46,-41,41
1747048158.7633634,-12,-3,-9
1747048158.7993634,39,28,69
1747048158.8343637,29,-54,-69
1747048158.8703637,-29,-45,66
1747048158.905363,-94,-3,104
1747048158.9403634,-18,-7,-17
1747048158.9753633,55,10,45
1747048159.0113633,-40,-67,-28
1747048159.0473633,2,24,31
1747048159.0823634,76,-45,-48
1747048159.1183634,-12,32,27
1747048159.1533637,7,-29,81
1747048159.1883633,-78,-11,-59
1747048159.224363,46,22,-21
1747048159.2593634,-2,-91,-57
1747048159.2953634,32,40,34
1747048159.3303633,-81,16,20
1747048159.3663633,32,-22,88
1747048159.4013634,26,-49,-89
1747048159.4363637,20,-67,-93
1747048159.4723637,-73,20,52
1747048159.507363,40,-19,28
1747048159.543363,42,-23,-45
1747048159.5783634,6,-3,-35
1747048159.6143634,-43,-41,120
1747048159.6493633,62,20,36
1747048159.6843634,-41,-33,-27
1747048159.7203634,-17,-53,18
1747048159.7553637,46,-15,-165
1747048159.7913637,75,7,-49
1747048159.826363,28,2,-61
1747048159.862363,41,-26,78
1747048159.8973634,-21,-3,18
1747048159.9323633,-75,-99,-19
1747048159.9683633,52,-53,14
1747048160.0033634,44,-5,72
1747048160.0393634,-20,-6,-25
1747048160.0743637,34,26,-17
1747048160.1103632,20,-18,-55
1747048160.145363,-37,-47,10
1747048160.1803634,-57,-11,140
1747048160.2163634,8,68,-59
1747048160.2513633,-57,18,-85
1747048160.2873633,-11,62,20
1747048160.3223634,70,-57,170
1747048160.3583634,60,-35,34
1747048160.3933637,10,34,42
1747048160.428363,40,-19,20
1747048160.464363,20,28,36
1747048160.4993634,50,-7,41
1747048160.5353634,-26,-3,29
1747048160.5703633,21,-47,-119
1747048160.6063633,55,-3,70
1747048160.6413634,51,68,70
1747048160.6763637,101,-41,52
1747048160.7123632,63,42,66
1747048160.747363,-104,-9,110
1747048160.783363,-32,12,-56
1747048160.8183634,-134,36,-34
1747048160.8533633,-26,18,38
1747048160.8883634,7,38,110
1747048160.9243634,-4,28,-13
1747048160.9603634,5,-21,42
1747048160.9953637,-4,44,-22
1747048161.0313632,23,21,13
1747048161.066363,3,-68,-96
1747048161.1013634,9,-46,77
1747048161.1363633,-70,42,-4
1747048161.1793633,90,47,88
1747048161.2163634,29,-4,-71
1747048161.2513633,-60,-40,-6
1747048161.2873633,-20,-34,-56
1747048161.3223634,16,21,-74
1747048161.3573637,23,-38,-4
1747048161.3923633,65,-114,-73
1747048161.428363,-28,-50,-6
1747048161.464363,7,-10,-25
1747048161.4993634,-48,23,-1
1747048161.5353634,21,-2,54
1747048161.5703633,4,-65,-11
1747048161.6053634,-32,79,-26
1747048161.6403637,51,-14,-90
1747048161.6763637,-62,-72,33
1747048161.7123632,-62,-56,-37
1747048161.747363,17,45,61
1747048161.783363,-18,-36,-33
1747048161.8183634,-65,-15,14
1747048161.8533633,66,-19,-35
1747048161.8883634,17,-86,-77
1747048161.9243634,1,5,-47
1747048161.9603634,-19,28,-69
1747048161.9953637,81,-56,22
1747048162.0313632,17,-7,86
1747048162.066363,3,10,-43
1747048162.1013634,39,-1,112
1747048162.1363633,-57,-6,-25
1747048162.1723633,66,27,84
1747048162.2083633,4,-22,-5
1747048162.2433634,-41,1,6
1747048162.2793634,8,-8,60
1747048162.3143632,45,-29,32
1747048162.349363,-4,-11,2
1747048162.3843634,-32,-96,86
1747048162.4203634,-8,0,8
1747048162.4563634,77,0,108
1747048162.4913633,-24,48,14
1747048162.5273633,55,-3,102
1747048162.5623634,25,34,-35
1747048162.5973637,-46,4,22
1747048162.632363,-40,24,-69
1747048162.668363,-74,14,132
1747048162.704363,-30,-11,-67
1747048162.7393634,21,24,20
1747048162.7753634,25,-13,-19
1747048162.8103633,7,-49,-23
1747048162.8453634,-52,40,14
1747048162.8803637,-7,28,30
1747048162.9163637,-2,2,-45
1747048162.9523633,-38,8,62
1747048162.987363,51,-36,-7
1747048163.0233634,-74,-5,48
1747048163.0583634,-30,-9,36
1747048163.0933633,53,-9,50
1747048163.1283634,13,-1,104
1747048163.1643634,35,-35,66
1747048163.2003634,71,-11,76
1747048163.2353632,35,-7,0
1747048163.2713633,35,-22,101
1747048163.306363,5,-6,98
1747048163.3413634,-56,49,117
1747048163.3773634,-34,-14,-68
1747048163.4123633,3,-14,69
1747048163.4483633,-12,12,-55
1747048163.4833634,0,-1,-55
1747048163.5193634,45,-2,108
1747048163.5543633,-16,-64,-123
1747048163.589363,101,-12,72
1747048163.6243634,40,10,75
1747048163.6603634,-21,-82,59
1747048163.6963634,2,-41,2
1747048163.7313633,-9,25,-47
1747048163.7673633,12,25,0
1747048163.8023634,-39,39,32
1747048163.8373632,-13,1,4
1747048163.8733633,-25,91,72
1747048163.908363,48,-8,168
1747048163.9443634,5,-64,-31
1747048163.9793634,-50,11,-99
1747048164.0153637,61,-50,10
1747048164.0503633,11,-54,-33
1747048164.0853634,-40,-30,108
1747048164.1213634,-10,1,-51
1747048164.1563632,-56,-4,-17
1747048164.1923633,0,13,-69
1747048164.227363,41,-46,-35
1747048164.2633634,55,-2,-23
1747048164.2983634,43,-1,-37
1747048164.3333633,-8,-61,-21
1747048164.3693633,17,9,-97
1747048164.4043634,71,-45,109
1747048164.4403634,33,-38,7
1747048164.4753633,34,-8,-53
1747048164.5113633,10,-52,102
1747048164.5463634,6,5,18
1747048164.5813634,-59,43,-23
1747048164.6173637,-7,-52,40
1747048164.6523633,-111,45,60
1747048164.6883633,62,-18,-9
1747048164.7233634,35,38,-33
1747048164.7593634,0,80,24
1747048164.7943633,12,27,-63
1747048164.829363,-44,-49,-49
1747048164.8653634,87,10,-111
1747048164.9003634,-86,-1,-39
1747048164.9363637,15,-21,2
1747048164.9713633,-12,-17,24
1747048165.007363,0,6,-67
1747048165.0423634,10,0,92
1747048165.0773633,7,2,-24
1747048165.1133633,77,30,46
1747048165.1483634,-9,-11,114
1747048165.1843634,-3,54,-11
1747048165.2193637,47,44,-100
1747048165.2553637,38,-69,1
1747048165.2903633,40,118,129
1747048165.3253634,30,2,-63
1747048165.3613634,-79,-54,13
1747048165.3963633,-51,-20,37
1747048165.4323633,56,57,-25
1747048165.4673634,16,31,52
1747048165.5033634,38,21,36
1747048165.5393634,54,0,13
1747048165.5743637,-15,9,23
1747048165.6093633,-29,13,-1
1747048165.645363,16,51,0
1747048165.681363,-47,-40,8
1747048165.7163634,18,-64,-61
1747048165.7523634,-18,96,40
1747048165.7873633,70,-102,-109
1747048165.8223634,83,-21,-67
1747048165.8573637,27,2,48
1747048165.8933637,35,-94,24
1747048165.9293633,37,-60,66
1747048165.964363,-94,-24,46
1747048166.000363,31,45,-85
1747048166.0353634,-64,-32,-45
1747048166.0703633,-12,-62,34
1747048166.1053634,67,-34,-29
1747048166.1413634,27,7,28
1747048166.1773634,21,17,-71
1747048166.2123632,29,-78,16
1747048166.2483633,-80,-18,192
1747048166.283363,-10,57,-47
1747048166.3183634,-26,35,-9
1747048166.3533633,7,-58,178
1747048166.3893633,-34,19,12
1747048166.4253633,67,-12,62
1747048166.4603634,-6,-62,66
1747048166.4963634,-5,-46,-114
1747048166.5313632,-71,31,-57
1747048166.566363,18,29,111
1747048166.6013634,-47,49,-24
1747048166.6373634,0,-18,59
1747048166.6733634,-36,-1,95
1747048166.7083633,-44,-43,-24
1747048166.7443633,-23,11,38
1747048166.7793634,-83,21,-76
1747048166.8143632,-43,-51,46
1747048166.849363,136,-63,-19
1747048166.885363,-15,-87,100
1747048166.9213634,-57,16,116
1747048166.9563634,10,2,-7
1747048166.9923637,12,10,61
1747048167.0273633,-51,-27,10
1747048167.0623634,-17,-41,37
1747048167.0973637,-44,70,17
1747048167.1333632,66,-83,35
1747048167.1693633,-47,-65,-133
1747048167.204363,-47,16,54
1747048167.2403634,16,16,106
1747048167.2753634,-1,6,10
1747048167.3103633,30,2,-35
1747048167.3453634,-39,-61,46
1747048167.3813634,10,52,-9
1747048167.4173634,-3,-15,-27
1747048167.4523633,30,4,64
1747048167.4883633,-39,-73,-7
1747048167.5233634,-31,-43,30
1747048167.5583634,50,24,21
1747048167.5933633,-35,-87,43
1747048167.6293633,6,-11,27
1747048167.6653633,42,36,-103
1747048167.7003634,-109,42,10
1747048167.7363634,26,-23,36
1747048167.7713633,24,-27,-121
1747048167.806363,10,6,-39
1747048167.8413634,-59,-3,50
1747048167.8773634,0,-19,104
1747048167.9133637,32,-45,26
1747048167.9483633,-13,34,4
1747048167.9843633,-37,16,12
1747048168.0193634,-11,-57,42
1747048168.0543633,-136,32,4
1747048168.089363,-22,2,71
1747048168.125363,-13,-43,-35
1747048168.1613634,-90,-29,65
1747048168.1963634,17,16,41
1747048168.2323637,143,-37,20
1747048168.2673633,53,50,88
1747048168.3023634,-4,30,2
1747048168.3383634,-37,14,-47
1747048168.3733633,50,54,20
1747048168.4093633,12,46,-77
1747048168.4443634,-27,-69,80
1747048168.4803634,-21,-5,-11
1747048168.5153637,15,22,48
1747048168.5503633,54,-21,34
1747048168.5863633,76,-33,62
1747048168.6213634,16,-3,-29
1747048168.6573634,18,-29,-23
1747048168.6923633,-78,-20,-11
1747048168.7283633,52,-93,68
1747048168.7633634,-29,48,21
1747048168.7983634,-78,-28,-28
1747048168.8343637,-24,57,29
1747048168.8693633,5,-14,43
1747048168.905363,-11,4,67
1747048168.9403634,1,-14,81
1747048168.9763634,59,-18,127
1747048169.0113633,25,11,0
1747048169.0463634,41,-2,31
1747048169.0823634,-20,-66,-48
1747048169.1173637,-85,-63,-14
1747048169.1533637,-33,22,55
1747048169.1883633,-15,6,-38
1747048169.224363,-47,48,0
1747048169.2593634,54,-65,9
1747048169.2943633,-67,76,-27
1747048169.3303633,-13,84,-87
1747048169.3653634,16,-57,40
1747048169.4013634,10,48,94
1747048169.4363637,-5,-15,-7
1747048169.4723637,22,82,-111
1747048169.507363,63,11,-97
1747048169.5423634,59,-46,-31
1747048169.5783634,-38,-38,-81
1747048169.6133633,0,-4,40
1747048169.6493633,-38,10,-6
1747048169.6843634,79,46,15
1747048169.7193637,51,4,-10
1747048169.7543633,5,-3,-16
1747048169.7903633,77,14,57
1747048169.826363,-10,-73,-40
1747048169.8613634,0,-11,13
1747048169.8973634,-102,-19,57
1747048169.9323633,-108,-23,74
1747048169.9683633,-9,104,27
1747048170.0033634,1,-35,-3
1747048170.0383637,37,26,43
1747048170.0743637,34,28,-82
1747048170.1093633,-11,58,-85
1747048170.145363,-53,-23,27
1747048170.1803634,-29,16,-33
1747048170.2153633,60,2,24
1747048170.250363,7,2,62
1747048170.2863634,-9,50,-13
1747048170.3223634,-61,-65,52
1747048170.3573637,16,-13,28
1747048170.3933637,74,-63,24
1747048170.428363,-27,-13,-27
1747048170.4633634,-40,52,-49
1747048170.4983633,3,-85,-29
1747048170.5343633,69,16,142
1747048170.5703633,-23,9,-77
1747048170.6053634,-12,16,14
1747048170.6413634,41,10,134
1747048170.6763637,-17,21,74
1747048170.7113633,-23,0,-121
1747048170.7463634,15,26,-45
1747048170.7823634,-44,-33,3
1747048170.8183634,57,-54,53
1747048170.8533633,-87,74,-31
1747048170.8893633,10,-35,-49
1747048170.9243634,-51,54,22
1747048170.9593637,9,-72,-85
1747048170.9943633,-6,-34,-7
1747048171.030363,-25,32,26
1747048171.066363,-24,-36,80
1747048171.1013634,8,68,28
1747048171.1373634,-48,-50,50
1747048171.1793633,39,65,2
1747048171.2153633,3,-2,68
1747048171.250363,49,3,-45
1747048171.2863634,7,32,-107
1747048171.3223634,0,0,-59
1747048171.3573637,-40,4,6
1747048171.3933637,-1,-14,30
1747048171.428363,-25,65,52
1747048171.4633634,41,-63,30
1747048171.4983633,63,2,68
1747048171.5343633,101,-34,34
1747048171.5703633,77,-23,-47
1747048171.6053634,-2,-55,-27
1747048171.6413634,57,78,-108
1747048171.6763637,103,-12,-116
1747048171.7113633,17,-22,28
1747048171.7463634,37,73,-37
1747048171.7823634,64,35,42
1747048171.8183634,22,9,16
1747048171.8533633,-14,-17,-31
1747048171.8893633,-37,-10,-7
1747048171.9243634,34,-34,106
1747048171.9593637,30,45,122
1747048171.9943633,-25,43,16
1747048172.030363,-31,85,-145
1747048172.066363,-45,25,16
1747048172.1013634,20,-36,-65
1747048172.1373634,14,0,70
1747048172.1723633,25,10,18
1747048172.2073634,47,10,-47
1747048172.2423637,35,70,-55
1747048172.2783637,75,44,-85
1747048172.3143632,-42,-51,-3
1747048172.349363,3,62,21
1747048172.385363,-12,29,-26
1747048172.4203634,25,-56,-80
1747048172.4553633,53,-12,-29
1747048172.4903634,-2,-3,70
1747048172.5263634,-30,-118,100
1747048172.5623634,33,-47,-51
1747048172.5973637,17,-66,-29
1747048172.6333632,-26,-49,72
1747048172.668363,-92,36,120
1747048172.7033634,17,-69,26
1747048172.7383633,25,-17,140
1747048172.7743633,-100,-16,130
1747048172.8103633,-54,33,-167
1747048172.8453634,-4,-25,-15
1747048172.8813634,7,-29,90
1747048172.9163637,-24,-17,74
1747048172.951363,59,4,-55
1747048172.9863634,-48,-5,138
1747048173.0223634,-35,-37,0
1747048173.0583634,10,10,84
1747048173.0933633,17,3,24
1747048173.1293633,-50,-6,-23
1747048173.1643634,6,-49,9
1747048173.1993637,-17,-3,-26
1747048173.2353632,40,-53,-43
1747048173.270363,34,-11,-37
1747048173.306363,-23,70,36
1747048173.3413634,-7,-1,36
1747048173.3773634,-11,-1,50
1747048173.4123633,-49,-9,-51
1747048173.4473634,116,28,98
1747048173.4833634,60,-65,-37
1747048173.5183637,11,-17,62
1747048173.5543633,33,-37,-41
1747048173.589363,43,20,-39
1747048173.625363,-35,-30,-21
1747048173.6603634,-83,-42,18
1747048173.6953633,-27,15,34
1747048173.7313633,67,12,-43
1747048173.7663634,87,46,-43
1747048173.8023634,-37,9,78
1747048173.8373632,-39,18,-17
1747048173.8733633,48,-22,122
1747048173.908363,-8,-63,-36
1747048173.9433634,14,-11,-24
1747048173.9793634,-81,0,9
1747048174.0143633,74,-59,121
1747048174.0503633,26,-51,-14
1747048174.0853634,-2,18,-14
1747048174.1213634,-10,-33,-46
1747048174.1563632,0,20,82
1747048174.191363,-9,13,75
1747048174.227363,22,18,20
1747048174.2623634,-22,-48,-40
1747048174.2983634,8,-47,-21
1747048174.3333633,-67,-25,-28
1747048174.3693633,-25,-57,-29
1747048174.4043634,12,-51,-12
1747048174.4393632,50,-81,98
1747048174.4753633,68,48,-69
1747048174.510363,-69,-89,-39
1747048174.5463634,31,-31,34
1747048174.5813634,-40,-23,6
1747048174.6173637,-22,-41,-45
1747048174.6523633,-16,-23,-29
1747048174.6873634,-15,-30,-35
1747048174.7233634,54,-8,-53
1747048174.7583632,-17,23,-67
1747048174.7943633,96,3,-1
1747048174.829363,-19,-104,6
1747048174.8653634,-40,24,230
1747048174.9013634,-33,-4,-25
1747048174.9363637,-79,-12,50
1747048174.9713633,20,-24,-98
1747048175.007363,26,5,52
1747048175.043363,-45,23,-69
1747048175.0783634,-43,-17,3
1747048175.1143634,3,8,-66
1747048175.1493633,27,-23,89
1747048175.1843634,-16,28,0
1747048175.2193637,58,-2,-69
1747048175.2553637,-75,-82,-35
1747048175.2913637,28,79,-137
1747048175.326363,28,33,24
1747048175.362363,89,-9,-13
1747048175.3973634,79,38,-87
1747048175.4323633,39,42,-1
1747048175.4673634,24,22,72
1747048175.5033634,115,-21,-47
1747048175.5393634,9,-57,58
1747048175.5743637,-38,2,-31
1747048175.6103632,-56,12,18
1747048175.645363,33,-25,26
1747048175.6803634,-20,-15,146
1747048175.7153633,-16,-9,-7
1747048175.7513633,41,-9,28
1747048175.7873633,-10,14,66
1747048175.8223634,23,-33,74
1747048175.8583634,-24,-9,-21
1747048175.8933637,3,-1,32
1747048175.928363,15,-27,-163
1747048175.9633634,0,58,17
1747048175.9993634,-42,40,-45
1747048176.0353634,11,-29,-37
1747048176.0703633,59,-37,2
1747048176.1063633,53,-3,-1
1747048176.1413634,-70,-11,20
1747048176.1763637,49,-13,58
1747048176.2113633,15,-11,22
1747048176.247363,-34,-7,-53
1747048176.283363,-130,38,42
1747048176.3183634,107,6,148
1747048176.3543634,28,41,-13
1747048176.3893633,81,2,52
1747048176.4243634,-26,-3,104
1747048176.4593637,-54,-9,32
1747048176.4953637,19,6,38
1747048176.5313632,46,8,-57
1747048176.566363,22,4,-139
1747048176.602363,37,64,74
1747048176.6373634,94,8,-33
1747048176.6723633,-27,-9,52
1747048176.7073634,28,-3,16
1747048176.7433634,65,-4,100
1747048176.7793634,-4,-28,36
1747048176.8143632,25,-10,20
1747048176.8503633,17,105,-3
1747048176.885363,-36,28,88
1747048176.9203634,-16,-37,24
1747048176.9553633,17,17,0
1747048176.9913633,0,12,66
1747048177.0273633,67,-65,90
1747048177.0623634,12,12,14
1747048177.0983634,-4,4,13
1747048177.1333632,54,-33,68
1747048177.168363,-36,-8,-124
1747048177.2033634,79,-24,-19
1747048177.2393634,107,33,20
1747048177.2753634,-76,-13,-4
1747048177.3103633,43,50,-128
1747048177.3463633,-34,25,33
1747048177.3813634,-50,51,38
1747048177.4163637,-12,-62,-33
1747048177.451363,-10,87,38
1747048177.487363,17,-2,-109
1747048177.5233634,-8,9,50
1747048177.5583634,2,-37,122
1747048177.5943637,10,-14,-13
1747048177.6293633,-45,-49,-63
1747048177.6643634,-49,4,-27
1747048177.6993637,-5,-37,84
1747048177.7353632,-18,64,-22
1747048177.7713633,-11,60,83
1747048177.806363,28,-83,11
1747048177.8423634,-20,-43,-22
1747048177.8773634,51,12,0
1747048177.9123633,22,24,-38
1747048177.9483633,22,-105,81
1747048177.9833634,5,4,46
1747048178.0193634,-24,-19,-14
1747048178.0543633,67,-1,49
1747048178.0903633,-76,-47,-95
1747048178.125363,89,12,-5
1747048178.1603634,7,8,14
1747048178.1963634,61,-15,11
1747048178.2313633,9,16,-56
1747048178.2673633,47,-21,0
1747048178.3023634,61,-23,171
1747048178.3383634,-6,24,-64
1747048178.3733633,47,18,57
1747048178.408363,61,-5,-20
1747048178.4443634,19,-49,109
1747048178.4793634,-8,-33,93
1747048178.5153637,-86,-29,41
1747048178.5503633,55,6,5
1747048178.5863633,5,32,98
1747048178.6213634,20,-45,46
1747048178.6563632,-102,37,84
1747048178.6923633,-15,82,-65
1747048178.727363,-16,-11,13
1747048178.7633634,53,-53,-64
1747048178.7983634,0,50,39
1747048178.8343637,-62,-77,-30
1747048178.8693633,15,30,-16
1747048178.9043634,19,28,53
1747048178.9403634,-10,16,-42
1747048178.9753633,11,14,-28
1747048179.0113633,11,-9,109
1747048179.0463634,-12,28,125
1747048179.0823634,7,-97,21
1747048179.1173637,5,-1,-6
1747048179.1523633,36,-73,13
1747048179.1883633,-10,-27,129
1747048179.2233634,-2,-31,-12
1747048179.2593634,-21,-18,-17
1747048179.2943633,-68,-33,92
1747048179.3303633,64,21,-9
1747048179.3653634,32,-39,122
1747048179.4003634,12,-23,-47
1747048179.4363637,24,50,38
1747048179.4713633,-9,-47,24
1747048179.507363,58,78,10
1747048179.5423634,-13,-17,-23
1747048179.5773633,98,34,-9
1747048179.612363,-83,78,-69
1747048179.6483634,-9,60,104
1747048179.6843634,-25,-5,-29
1747048179.7193637,-8,-104,-63
1747048179.7553637,-2,-22,-51
1747048179.7903633,20,-46,-29
1747048179.8253634,0,15,-160
1747048179.8603632,49,83,-32
1747048179.8963633,94,-18,3
1747048179.9323633,68,31,-6
1747048179.9673634,-4,33,57
1747048180.0033634,-5,-6,5
1747048180.0383637,64,-62,66
1747048180.0733633,-35,21,22
1747048180.1083634,11,53,14
1747048180.1443634,-15,-11,-43
1747048180.1803634,12,-69,128
1747048180.2153633,-37,26,74
1747048180.2513633,-81,-33,50
1747048180.2863634,42,34,-11
1747048180.3213634,40,10,-31
1747048180.3563633,7,-83,-23
1747048180.3923633,-12,-53,20
1747048180.428363,66,8,14
1747048180.4633634,53,4,-1
1747048180.4993634,33,1,24
1747048180.5343633,79,-33,58
1747048180.5693634,67,50,108
1747048180.6043634,-49,-30,54
1747048180.6403637,-34,0,10
1747048180.6763637,-28,-3,36
1747048180.7113633,91,44,77
1747048180.747363,9,4,-10
1747048180.7823634,1,25,9
1747048180.8173633,-16,41,39
1747048180.852363,-54,-52,72
1747048180.8883634,-16,0,44
1747048180.9243634,-54,43,-22
1747048180.9593637,0,15,-78
1747048180.9953637,-26,-14,-16
1747048181.030363,25,-35,-18
1747048181.0653634,11,-37,-54
1747048181.1003633,-18,-27,-96
1747048181.1363633,19,64,146
1747048181.1723633,-10,-51,52
1747048181.214363,-6,-27,66
1747048181.2513633,-24,-99,124
1747048181.2863634,-20,-47,94
1747048181.3213634,-52,52,11
1747048181.3563633,33,6,33
1747048181.3923633,27,30,-2
1747048181.428363,-2,38,19
1747048181.4633634,-56,76,-58
1747048181.4993634,-30,-51,109
1747048181.5343633,-13,-46,-28
1747048181.5693634,-9,-54,13
1747048181.6043634,14,1,85
1747048181.6403637,-61,25,23
1747048181.6763637,-42,12,157
1747048181.7113633,55,-9,97
1747048181.747363,-42,24,-12
1747048181.7823634,-62,2,-34
1747048181.8173633,43,1,-30
1747048181.852363,17,-5,23
1747048181.8883634,-6,51,-76
1747048181.9243634,27,-56,101
1747048181.9593637,67,1,47
1747048181.9953637,15,-2,129
1747048182.030363,39,-66,-6
1747048182.0653634,24,-46,-52
1747048182.1003633,-39,29,-50
1747048182.1363633,-31,-40,11
1747048182.1723633,-37,-70,9
1747048182.2073634,17,-63,-28
1747048182.2433634,-20,-89,33
1747048182.2783637,-10,5,47
1747048182.3133633,31,-38,101
1747048182.3483634,-14,1,-4
1747048182.3843634,-6,-46,-34
1747048182.4203634,-4,-2,-48
1747048182.4553633,-8,117,21
1747048182.4913633,41,5,75
1747048182.5263634,15,-86,77
1747048182.5613637,-14,-38,5
1747048182.5973637,91,-26,111
1747048182.632363,-18,21,137
1747048182.668363,-126,79,-24
1747048182.7033634,-12,-64,-38
1747048182.7393634,65,-70,-12
1747048182.7743633,9,-42,-4
1747048182.8093634,-56,57,-46
1747048182.8453634,31,21,77
1747048182.8803637,-14,-10,-10
1747048182.9163637,57,-150,69
1747048182.951363,-10,5,-18
1747048182.987363,24,-4,-10
1747048183.0223634,-64,48,63
1747048183.0573633,57,-46,-66
1747048183.0933633,-1,-32,-16
1747048183.1283634,-11,-4,-56
1747048183.1643634,-61,1,157
1747048183.1993637,-15,-12,41
1747048183.2353632,60,-12,-128
1747048183.270363,37,33,-60
1747048183.3053634,59,-22,-92
1747048183.3413634,-22,-4,119
1747048183.3763633,-28,7,17
1747048183.4123633,-14,13,-2
1747048183.4473634,-16,-50,37
1747048183.4833634,-50,53,-22
1747048183.5183637,-35,-71,-8
1747048183.553363,27,-10,77
1747048183.589363,3,95,-8
1747048183.6243634,21,-46,17
1747048183.6603634,-20,2,-48
1747048183.6953633,-12,0,-64
1747048183.7313633,-8,-27,-12
1747048183.7663634,-28,30,9
1747048183.8013637,-62,10,49
1747048183.8373632,37,-39,75
1747048183.872363,24,-39,-92
1747048183.908363,15,92,-66
1747048183.9433634,1,18,-8
1747048183.9793634,0,-27,69
1747048184.0143633,-29,-56,41
1747048184.0493634,28,9,-36
1747048184.0853634,-5,7,-16
1747048184.1203637,103,-3,61
1747048184.1563632,67,-11,-18
1747048184.191363,35,4,-80
1747048184.2263634,-2,23,-2
1747048184.2613633,-15,-41,-54
1747048184.2973633,15,25,41
1747048184.3333633,15,-82,113
1747048184.3683634,28,-21,-184
1747048184.4043634,-14,-7,-2
1747048184.4393632,-48,-71,-28
1747048184.474363,-42,-17,85
1747048184.5093634,-64,14,57
1747048184.5453634,-18,-37,0
1747048184.5813634,-26,60,9
1747048184.6163633,16,0,57
1747048184.6523633,24,94,0
1747048184.6873634,-11,68,11
1747048184.7223637,-27,-7,-14
1747048184.757363,-27,109,-24
1747048184.793363,98,23,-42
1747048184.829363,-75,-4,19
1747048184.8643634,42,1,171
1747048184.9003634,-13,-22,31
1747048184.9353633,34,0,-114
1747048184.9703634,10,-21,-92
1747048185.0053637,0,6,15
1747048185.0413637,-39,-43,15
1747048185.0773633,31,84,-38
1747048185.112363,-10,-19,113
1747048185.1483634,21,-17,89
1747048185.1833634,-40,44,-76
1747048185.2183633,-20,2,109
1747048185.2533634,-5,8,-66
1747048185.2893634,-9,56,73
1747048185.3253634,4,-3,103
1747048185.3603632,-9,2,-44
1747048185.3963633,89,-65,123
1747048185.431363,-10,-69,101
1747048185.4663634,15,42,21
1747048185.5013633,-35,5,45
1747048185.5373633,124,-3,1
1747048185.5733633,28,24,51
1747048185.6083634,-69,-21,79
1747048185.6443634,4,-54,27
1747048185.6793633,6,-4,-14
1747048185.714363,24,3,-12
1747048185.7493634,-97,-2,13
1747048185.7853634,23,34,-54
1747048185.8213634,24,-44,47
1747048185.8563633,8,-131,-20
1747048185.8923633,74,-19,125
1747048185.9273634,42,-23,35
1747048185.9623632,27,9,95
1747048185.997363,-59,12,-38
1747048186.033363,36,-7,-70
1747048186.0693634,-11,-125,51
1747048186.1043634,-17,-29,-6
1747048186.1403637,-17,-56,-12
1747048186.1753633,56,17,0
1747048186.2103634,-15,12,-58
1747048186.2453637,56,40,97
1747048186.2813632,60,12,15
1747048186.3173633,-97,-15,71
1747048186.352363,-15,20,-108
1747048186.3883634,-61,-29,141
1747048186.4233634,15,-39,81
1747048186.4583633,22,59,85
1747048186.4933634,-73,2,-28
1747048186.5293634,0,-8,-80
1747048186.5653634,44,-6,127
1747048186.6003633,92,13,-62
1747048186.6363633,-3,31,13
1747048186.6713634,30,15,13
1747048186.7063634,2,-68,19
1747048186.7413633,-75,-5,7
1747048186.7773633,-13,26,5
1747048186.8133633,28,-33,-80
1747048186.8483634,70,39,-50
1747048186.8843634,79,19,-82
1747048186.9193633,11,-52,19
1747048186.954363,24,2,5
1747048186.9893634,-14,3,-20
1747048187.0253634,-61,52,-62
1747048187.0613637,-15,30,65
1747048187.0963633,-9,-6,-40
1747048187.132363,13,-32,39
1747048187.1673634,0,-13,139
1747048187.2023633,-25,-51,19
1747048187.2383633,2,7,77
1747048187.2733634,-69,65,-36
1747048187.3093634,28,29,-94
1747048187.3443637,-55,-72,-8
1747048187.3803637,101,0,117
1747048187.4153633,-34,62,35
1747048187.4503634,39,-7,63
1747048187.4863634,14,-1,71
1747048187.5213633,-22,-34,-30
1747048187.5573633,-53,68,-50
1747048187.5923634,23,81,7
1747048187.6283634,-68,-22,15
1747048187.6633637,-1,-81,-6
1747048187.6983633,78,-43,-172
1747048187.7343633,-31,2,-18
1747048187.7693634,-19,4,-52
1747048187.8053634,-10,-12,79
1747048187.8403633,47,-8,-36
1747048187.8763633,6,24,87
1747048187.9113634,23,41,-6
1747048187.9463634,-43,-29,-90
1747048187.9823637,-44,-47,63
1747048188.0173633,-36,11,91
1747048188.053363,-88,-4,9
1747048188.0883634,-37,10,-14
1747048188.1243634,20,59,-74
1747048188.1593633,24,-2,-78
1747048188.1943634,58,39,79
1747048188.2303634,-43,18,33
1747048188.2653637,-67,-2,25
1747048188.3013637,94,49,-146
1747048188.3363633,-11,0,47
1747048188.372363,-9,-17,47
1747048188.4073634,47,-55,45
1747048188.4423633,18,-37,-34
1747048188.4783633,24,-101,-74
1747048188.5133634,-73,44,59
1747048188.5493634,-15,50,-66
1747048188.5843637,-25,84,-94
1747048188.6203637,10,6,-54
1747048188.655363,42,27,-2
1747048188.6903634,28,-31,15
1747048188.7263634,24,42,-80
1747048188.7613633,-9,-61,-18
1747048188.7973633,18,-21,65
1747048188.8323634,-11,-63,-20
1747048188.8683634,32,-9,23
1747048188.9043634,28,-54,-28
1747048188.9393632,-37,2,-32
1747048188.974363,-69,-29,49
1747048189.010363,32,0,51
1747048189.0463634,48,-4,-78
1747048189.0813634,72,6,-14
1747048189.1173637,48,86,1
1747048189.1523633,14,-9,131
1747048189.1873634,-37,6,1
1747048189.2223637,35,-2,-10
1747048189.2583632,20,-65,23
1747048189.2943633,-3,12,125
1747048189.329363,-39,34,9
1747048189.3653634,-5,50,115
1747048189.4003634,30,54,-28
1747048189.4353633,-52,57,29
1747048189.4703634,15,22,-38
1747048189.5063634,136,-1,29
1747048189.5423634,-14,-71,-8
1747048189.5773633,-72,-61,43
1747048189.6133633,-33,-47,-100
1747048189.6483634,101,11,17
1747048189.6833634,95,-29,33
1747048189.7183633,25,-10,35
1747048189.7543633,-32,42,1
1747048189.7903633,77,-53,-52
1747048189.8253634,21,10,15
1747048189.8613634,23,32,169
1747048189.8963633,-19,-8,95
1747048189.931363,-47,-48,-34
1747048189.9663634,-48,36,19
1747048190.0023634,-27,-36,59
1747048190.0383637,-3,-38,-22
1747048190.0733633,56,59,27
1747048190.1093633,-73,-60,91
1747048190.1443634,-22,-67,81
1747048190.1793633,-108,-41,43
1747048190.214363,-34,-33,25
1747048190.250363,-2,-19,1
1747048190.2863634,51,-9,0
1747048190.3213634,31,-69,9
1747048190.3573637,-39,16,3
1747048190.3923633,18,-7,-100
1747048190.4273634,-40,-3,-44
1747048190.4623632,-62,-47,49
1747048190.4983633,117,2,-4
1747048190.5343633,-28,4,5
1747048190.5693634,-55,49,19
1747048190.6053634,48,-65,1
1747048190.6403637,12,-66,-60
1747048190.6753633,24,98,-8
1747048190.7103634,54,72,47
1747048190.7463634,-62,0,1
1747048190.7823634,-59,71,-16
1747048190.8173633,-27,17,127
1747048190.8533633,48,-8,65
1747048190.8883634,-55,-40,0
1747048190.9233634,-29,39,93
1747048190.9583633,-45,-6,19
1747048190.9943633,-25,30,89
1747048191.030363,76,-13,39
1747048191.0653634,-26,-133,-32
1747048191.1013634,-16,-13,-8
1747048191.1363633,-43,12,1
1747048191.1713634,-5,-59,71
1747048191.2063634,-33,0,73
1747048191.2493634,-117,-41,-122
1747048191.2863634,22,27,-52
1747048191.3213634,-37,-25,-110
1747048191.3573637,-57,-42,103
1747048191.3923633,62,-86,-12
1747048191.4273634,44,45,-42
1747048191.4623632,-35,19,57
1747048191.4983633,-5,0,79
1747048191.5343633,-15,-32,105
1747048191.5693634,-63,-15,35
1747048191.6053634,-35,22,-34
1747048191.6403637,28,48,-100
1747048191.6753633,50,6,89
1747048191.7103634,-32,-59,-6
1747048191.7463634,69,34,43
1747048191.7823634,69,-27,-30
1747048191.8173633,-18,-53,89
1747048191.8533633,-38,-29,7
1747048191.8883634,-58,-39,93
1747048191.9233634,5,-49,53
1747048191.9593637,19,24,41
1747048191.9943633,51,-47,9
1747048192.030363,-28,37,49
1747048192.0653634,-15,6,-58
1747048192.1013634,4,-21,25
1747048192.1363633,-30,-134,-14
1747048192.1713634,-19,24,-72
1747048192.2073634,13,33,57
1747048192.2423637,3,-6,41
1747048192.2783637,7,73,133
1747048192.3133633,-14,100,83
1747048192.349363,61,11,101
1747048192.3843634,5,27,-86
1747048192.4193633,15,7,-124
1747048192.4553633,-32,-14,-44
1747048192.4903634,21,41,-16
1747048192.5263634,-5,34,43
1747048192.5613637,-30,-37,-22
1747048192.5973637,-47,20,-10
1747048192.632363,15,16,-34
1747048192.6673634,-9,50,-50
1747048192.7033634,61,-51,77
1747048192.7383633,5,-31,33
1747048192.7743633,75,80,17
1747048192.8093634,85,36,-94
1747048192.8453634,9,-21,-4
1747048192.8803637,47,-39,55
1747048192.9153633,-54,-81,57
1747048192.951363,-28,29,83
1747048192.9863634,22,-53,47
1747048193.0223634,-22,26,69
1747048193.0573633,23,0,87
1747048193.0933633,-34,-67,101
1747048193.1283634,-10,58,151
1747048193.1633637,-4,22,-14
1747048193.1993637,-24,44,57
1747048193.2343633,17,14,-86
1747048193.270363,73,29,-12
1747048193.3053634,31,45,57
1747048193.3413634,-34,55,51
1747048193.3763633,-24,-24,21
1747048193.4113634,-1,61,79
1747048193.4473634,22,29,11
1747048193.4823637,-63,0,121
1747048193.5183637,-5,1,61
1747048193.553363,-36,-39,53
1747048193.589363,-51,-10,-36
1747048193.625363,3,-17,-82
1747048193.6603634,-18,-47,89
1747048193.6953633,67,30,-30
1747048193.7313633,1,-16,-74
1747048193.7673633,-20,-15,59
1747048193.8023634,37,-97,0
1747048193.8383634,-39,-68,-38
1747048193.8733633,-65,-50,49
1747048193.908363,34,13,-28
1747048193.9433634,29,54,103
1747048193.9793634,2,-14,107
1747048194.0153637,-27,69,-90
1747048194.0503633,-65,75,75
1747048194.0863633,82,25,11
1747048194.1213634,-45,15,-48
1747048194.1563632,-21,-46,-14
1747048194.191363,40,-52,-20
1747048194.227363,28,41,1
1747048194.2633634,-11,21,21
1747048194.2983634,-19,-48,-46
1747048194.3343637,52,-10,25
1747048194.3693633,11,-73,63
1747048194.4043634,-84,-19,63
1747048194.4393632,30,-18,3
1747048194.4753633,6,-10,89
1747048194.5113633,-22,26,15
1747048194.5463634,-30,-7,121
1747048194.5823634,4,77,61
1747048194.6173637,-31,-28,59
1747048194.6523633,-24,22,75
1747048194.6873634,-126,2,49
1747048194.7233634,0,18,-38
1747048194.7593634,13,-1,75
1747048194.7943633,-40,-15,33
1747048194.8303633,33,-124,113
1747048194.8653634,-26,-74,109
1747048194.9003634,-68,-16,65
1747048194.9353633,-26,61,35
1747048194.9713633,-65,43,33
1747048195.007363,37,-130,-8
1747048195.0423634,29,-24,-52
1747048195.0783634,7,19,-14
1747048195.1133633,43,35,77
1747048195.1483634,35,7,49
1747048195.1833634,-97,31,-76
1747048195.2193637,-47,-58,13
1747048195.2553637,-25,19,-28
1747048195.2903633,13,33,21
1747048195.326363,16,-58,19
1747048195.3613634,-39,-10,35
1747048195.3963633,60,17,-106
1747048195.431363,12,-8,-10
1747048195.4673634,93,-25,139
1747048195.5033634,69,-29,59
1747048195.5383637,15,2,-86
1747048195.5743637,42,-16,63
1747048195.6093633,22,40,-126
1747048195.6443634,8,-93,-96
1747048195.6793633,50,-51,-34
1747048195.7153633,-53,-33,-38
1747048195.7513633,-19,12,51
1747048195.7863634,14,62,-10
1747048195.8223634,78,42,55
1747048195.8573637,-69,28,51
1747048195.8923633,-37,-47,-120
1747048195.9273634,-65,16,79
1747048195.9633634,-75,-15,-72
1747048195.9993634,15,24,-68
1747048196.0343633,-27,-7,-32
1747048196.0703633,1,38,-32
1747048196.1053634,10,2,57
1747048196.1403637,63,66,-10
1747048196.1753633,-32,60,-54
1747048196.2113633,-8,-85,43
1747048196.247363,-44,26,-128
1747048196.2823634,71,-63,-30
1747048196.3183634,-12,-25,21
1747048196.3533633,53,10,49
1747048196.3883634,75,22,-24
1747048196.4233634,-15,-95,-24
1747048196.4593637,52,-103,59
1747048196.4953637,50,18,37
1747048196.530363,4,16,35
1747048196.566363,40,33,63
1747048196.6013634,-30,-33,91
1747048196.6363633,-17,17,85
1747048196.6723633,-22,-27,-20
1747048196.7073634,7,-21,-62
1747048196.7433634,0,58,0
1747048196.7783637,37,-31,-10
1747048196.8143632,83,0,55
1747048196.849363,-62,70,25
1747048196.8843634,51,-29,95
1747048196.9203634,-18,3,-8
1747048196.9553633,47,8,89
1747048196.9913633,28,81,29
1747048197.0263634,-55,13,15
1747048197.0623634,47,42,-34
1747048197.0973637,17,14,-157
1747048197.132363,51,-43,-19
1747048197.168363,-60,0,165
1747048197.2033634,-16,-57,36
1747048197.2393634,17,50,83
1747048197.2743633,37,48,-21
1747048197.3103633,-42,10,10
1747048197.3453634,53,-35,34
1747048197.3803637,-8,-31,-61
1747048197.4163637,27,16,92
1747048197.451363,0,-29,-35
1747048197.487363,-77,5,108
1747048197.5223634,-7,63,106
1747048197.5583634,-6,-17,36
1747048197.5933633,55,10,-45
1747048197.6283634,19,58,102
1747048197.6643634,-18,36,16
1747048197.6993637,-58,-83,-119
1747048197.7353632,-9,-19,56
1747048197.770363,70,98,-81
1747048197.806363,39,-1,52
1747048197.8413634,1,88,-99
1747048197.8763633,-42,116,70
1747048197.9123633,-32,-78,-1
1747048197.9473634,11,-56,38
1747048197.9833634,37,24,168
1747048198.0183637,57,-5,25
1747048198.0543633,40,5,-68
1747048198.089363,-50,-61,61
1747048198.1243634,17,14,73
1747048198.1603634,-34,-17,37
1747048198.1953633,-80,88,71
1747048198.2313633,-80,-18,-58
1747048198.2663634,12,8,-22
1747048198.3013637,0,-36,-6
1747048198.3363633,-8,5,41
1747048198.372363,41,-28,-46
1747048198.408363,-35,-55,70
1747048198.4433634,-20,-54,-55
1747048198.4793634,-18,-12,-149
1747048198.5143633,29,51,66
1747048198.5493634,5,35,-47
1747048198.5843637,9,-62,90
1747048198.6203637,35,33,-65
1747048198.6563632,0,-16,10
1747048198.691363,-16,59,-39
1747048198.727363,51,-24,14
1747048198.7623634,17,-74,58
1747048198.7973633,33,37,5
1747048198.8323634,82,6,103
1747048198.8683634,-11,-33,-35
1747048198.9043634,28,68,-11
1747048198.9393632,-15,4,-3
1747048198.9753633,1,-64,-79
1747048199.010363,-15,-87,-3
1747048199.0453634,54,24,56
1747048199.0803633,-37,46,-15
1747048199.1163633,53,36,-23
1747048199.1523633,-7,-5,84
1747048199.1873634,14,66,-91
1747048199.2233634,31,55,54
1747048199.2583632,-6,-40,-9
1747048199.293363,27,37,80
1747048199.3283634,43,-27,-17
1747048199.3643634,59,-7,34
1747048199.4003634,97,-21,-80
1747048199.4353633,39,8,13
1747048199.4713633,33,46,7
1747048199.5063634,10,68,65
1747048199.5413637,46,2,31
1747048199.576363,-31,-35,-22
1747048199.612363,-29,44,201
1747048199.6483634,-71,-1,-115
1747048199.6833634,1,-70,18
1747048199.7193637,-6,-8,-21
1747048199.7543633,-36,-26,108
1747048199.7893634,15,-40,-31
1747048199.8243637,75,-48,-55
1747048199.8603632,-50,31,48
1747048199.8963633,32,-21,74
1747048199.931363,34,14,79
1747048199.9673634,-75,40,-30
1747048200.0023634,26,-38,26
1747048200.0373633,88,-36,199
1747048200.0723634,-27,55,59
1747048200.1083634,20,-32,-10
1747048200.1443634,-79,73,-2
1747048200.1793633,-1,-6,-16
1747048200.2153633,16,57,95
1747048200.250363,-17,109,71
1747048200.2853634,90,-38,125
1747048200.3203633,6,23,81
1747048200.3563633,6,-33,-34
1747048200.3923633,0,74,-63
1747048200.4273634,68,-16,-24
1747048200.4633634,-25,33,-46
1747048200.4983633,16,71,233
1747048200.533363,-55,-36,61
1747048200.5683634,32,-12,-31
1747048200.6043634,-35,11,10
1747048200.6403637,-1,1,-111
1747048200.6753633,10,3,6
1747048200.7113633,-21,85,73
1747048200.7463634,-31,-60,-7
1747048200.7813632,-8,-38,-9
1747048200.816363,-12,-67,-23
1747048200.852363,-26,28,-7
1747048200.8883634,37,26,168
1747048200.9233634,46,27,12
1747048200.9593637,1,-5,-37
1747048200.9943633,-113,5,144
1747048201.0293634,92,47,92
1747048201.0643632,-39,2,35
1747048201.1003633,20,-21,55
1747048201.1363633,-29,-3,-46
1747048201.1713634,-17,-16,9
1747048201.2073634,56,-86,-58
1747048201.2493634,-23,-11,75
1747048201.2853634,48,0,78
1747048201.3213634,36,0,-77
1747048201.3563633,44,-13,-39
1747048201.3923633,24,40,-53
1747048201.4273634,-15,-53,-73
1747048201.4633634,-3,38,36
1747048201.4983633,12,26,42
1747048201.533363,-26,12,-57
1747048201.5693634,16,-45,6
1747048201.6043634,18,-9,16
1747048201.6403637,84,-19,-31
1747048201.6753633,14,-37,-137
1747048201.7113633,14,-1,82
1747048201.7463634,-10,0,-43
1747048201.7813632,-36,-5,-5
1747048201.8173633,31,20,36
1747048201.852363,25,44,-99
1747048201.8883634,-7,-35,-45
1747048201.9233634,15,0,-75
1747048201.9593637,-30,-4,78
1747048201.9943633,81,11,48
1747048202.0293634,63,-29,126
1747048202.0653634,-10,64,-32
1747048202.1003633,-27,25,-22
1747048202.1363633,-13,-30,-34
1747048202.1713634,30,11,41
1747048202.2073634,0,-4,125
1747048202.2423637,12,31,129
1747048202.2773633,-67,-44,5
1747048202.3133633,30,-47,-10
1747048202.3483634,56,-17,-17
1747048202.3843634,-45,30,-103
1747048202.4193633,27,-14,24
1747048202.4553633,-20,-19,74
1747048202.4903634,-112,-47,-11
1747048202.5253634,15,-3,-79
1747048202.5613637,1,-45,4
1747048202.5963633,-48,-11,-13
1747048202.632363,-86,-37,78
1747048202.6673634,81,-21,38
1747048202.7033634,29,10,14
1747048202.7383633,11,22,79
1747048202.7733634,-12,4,9
1747048202.8093634,-8,9,15
1747048202.8443637,-20,29,-50
1747048202.8803637,-14,-5,-129
1747048202.9153633,-50,13,-35
1747048202.951363,-50,8,16
1747048202.987363,-2,-40,-70
1747048203.0223634,9,-24,68
1747048203.0573633,35,-14,184
1747048203.0933633,-16,-56,24
1747048203.1293633,75,-38,100
1747048203.1643634,-14,-18,46
1747048203.2003634,73,11,-59
1747048203.2353632,17,67,4
1747048203.270363,-4,-40,-123
1747048203.3053634,30,-38,52
1747048203.3413634,-79,75,14
1747048203.3773634,-53,51,148
1747048203.4123633,-11,-68,-35
1747048203.4483633,121,14,32
1747048203.4833634,-34,-45,46
1747048203.5183637,15,28,36
1747048203.553363,-39,-89,48
1747048203.589363,-21,78,116
1747048203.625363,40,2,40
1747048203.6603634,-65,-21,26
1747048203.6963634,-27,30,-15
1747048203.7313633,19,54,70
1747048203.7663634,-24,-87,-65
1747048203.8013637,-6,-43,108
1747048203.8373632,-23,18,4
1747048203.8733633,13,-1,14
1747048203.908363,24,56,-13
1747048203.9443634,62,30,-19
1747048203.9793634,18,1,74
1747048204.0143633,-9,-12,63
1747048204.0493634,-66,-36,27
1747048204.0853634,-54,55,53
1747048204.1213634,16,85,52
1747048204.1563632,-98,-27,-109
1747048204.1923633,66,63,-15
1747048204.227363,6,65,46
1747048204.2623634,-35,47,42
1747048204.2973633,-30,74,-15
1747048204.3333633,113,12,60
1747048204.3693633,-82,-35,52
1747048204.4043634,1,-41,-123
1747048204.4403634,0,-61,-13
1747048204.4753633,-86,-48,-27
1747048204.510363,-50,11,-30
1747048204.5453634,70,14,40
1747048204.5813634,-9,40,30
1747048204.6173637,53,50,-21
1747048204.6523633,38,11,26
1747048204.6883633,88,-10,88
1747048204.7233634,-37,17,2
1747048204.7583632,52,-36,-11
1747048204.793363,-21,22,-27
1747048204.829363,-59,23,12
1747048204.8653634,10,-15,-9
1747048204.9003634,-17,-24,20
1747048204.9363637,-11,-13,-19
1747048204.9713633,-91,-61,10
1747048205.0063634,-24,-73,8
1747048205.0413637,26,-49,56
1747048205.0773633,-76,2,-53
1747048205.1133633,-18,-15,-5
1747048205.1483634,13,52,10
1747048205.1843634,29,-71,66
1747048205.2193637,44,-9,-79
1747048205.2543633,32,-3,29
1747048205.2893634,80,-19,-21
1747048205.3253634,54,14,50
1747048205.3613634,-55,13,-52
1747048205.3963633,-29,27,75
1747048205.4323633,-15,65,13
1747048205.4673634,50,-10,96
1747048205.5023634,-79,1,14
1747048205.5373633,-39,-66,46
1747048205.5733633,-3,-54,18
1747048205.6093633,-14,18,-19
1747048205.6443634,-22,-17,4
1747048205.6803634,0,56,132
1747048205.7153633,-36,72,66
1747048205.750363,-50,28,-3
1747048205.7853634,-78,16,-53
1747048205.8213634,70,-41,20
1747048205.8573637,26,0,-27
1747048205.8923633,38,-33,8
1747048205.928363,10,23,-33
1747048205.9633634,50,32,-35
1747048205.9983633,-33,-29,24
1747048206.0343633,-132,1,92
1747048206.0693634,-42,-20,-17
1747048206.1053634,-67,54,46
1747048206.1403637,-6,9,8
1747048206.1763637,52,31,-51
1747048206.2113633,87,23,44
1747048206.2463634,2,-31,-11
1747048206.2823634,-45,-19,24
1747048206.3173633,6,-17,6
1747048206.3533633,-21,-21,-51
1747048206.3883634,15,-24,104
1747048206.4243634,-65,-43,16
1747048206.4593637,28,-11,-94
1747048206.4943633,21,-10,151
1747048206.530363,70,16,-72
1747048206.5653634,-3,25,17
1747048206.6013634,-6,48,-12
1747048206.6363633,-4,-21,-106
1747048206.6723633,34,-81,-29
1747048206.7073634,-55,12,-3
1747048206.7423637,87,-27,52
1747048206.7783637,9,8,-7
1747048206.8133633,-74,20,-39
1747048206.849363,-45,-14,4
1747048206.8843634,26,47,46
1747048206.9203634,-16,-1,-55
1747048206.9553633,64,9,42
1747048206.9903634,-46,-72,48
1747048207.0263634,-86,-24,52
1747048207.0613637,35,-67,-5
1747048207.0973637,-8,-29,34
1747048207.132363,53,-22,98
1747048207.168363,39,17,100
1747048207.2033634,0,0,-13
1747048207.2383633,-57,-58,-23
1747048207.2743633,7,-33,22
1747048207.3093634,37,-10,94
1747048207.3453634,-32,27,-73
1747048207.3803637,31,3,-9
1747048207.4163637,41,-6,-65
1747048207.451363,71,-53,94
1747048207.4863634,21,-23,14
1747048207.5223634,21,-5,56
1747048207.5573633,29,-3,-51
1747048207.5933633,49,-69,78
1747048207.6283634,-46,-37,-29
1747048207.6633637,9,-57,54
1747048207.6983633,53,30,-7
1747048207.7343633,-12,46,-109
1747048207.770363,15,-25,72
1747048207.8053634,4,43,64
1747048207.8413634,82,5,70
1747048207.8763633,-35,17,0
1747048207.9113634,-51,39,-29
1747048207.9463634,-64,66,-59
1747048207.9823637,85,-3,-25
1747048208.0183637,9,14,-117
1747048208.053363,-36,-57,-25
1747048208.089363,-20,-51,-161
1747048208.1243634,17,18,-3
1747048208.1593633,62,-38,2
1747048208.1943634,24,19,-11
1747048208.2303634,11,-15,24
1747048208.2663634,1,52,-171
1747048208.3013637,-18,-31,-29
1747048208.3373632,-20,12,92
1747048208.372363,1,-53,44
1747048208.4073634,66,-41,-39
1747048208.4423633,13,10,20
1747048208.4783633,-4,-17,35
1747048208.5143633,0,-25,-29
1747048208.5493634,39,-1,-25
1747048208.5853634,83,6,-17
1747048208.6203637,-76,58,2
1747048208.655363,39,14,-57
1747048208.6903634,47,-23,-39
1747048208.7263634,28,-31,-113
1747048208.7623634,60,-5,-145
1747048208.7973633,-12,10,138
1747048208.8333633,-82,40,60
1747048208.8683634,103,23,-65
1747048208.9033637,-62,-6,30
1747048208.9383633,71,-86,-13
1747048208.974363,37,29,-49
1747048209.010363,-24,31,58
1747048209.0453634,-75,42,2
1747048209.0813634,75,43,-31
1747048209.1163633,-44,-16,-39
1747048209.1513634,-9,-69,-117
1747048209.1863637,54,-29,-4
1747048209.2223637,-47,50,-7
1747048209.2583632,88,26,104
1747048209.293363,36,-3,97
1747048209.329363,-77,12,-41
1747048209.3643634,-1,2,-9
1747048209.3993633,30,-47,66
1747048209.4343634,80,16,-47
1747048209.4703634,24,-15,-115
1747048209.5063634,2,54,52
1747048209.5413637,6,-52,6
1747048209.5773633,30,-9,4
1747048209.612363,-1,50,-51
1747048209.6473634,36,52,54
1747048209.6823633,-63,4,-48
1747048209.7183633,-17,-15,100
1747048209.7543633,-41,-57,-65
1747048209.7893634,-73,-43,56
1747048209.8253634,26,94,54
1747048209.8603632,22,-9,36
1747048209.895363,74,-13,54
1747048209.9303634,0,34,-41
1747048209.9663634,8,28,84
1747048210.0023634,-5,-41,70
1747048210.0373633,0,44,-73
1747048210.0733633,50,38,20
1747048210.1083634,-9,-17,58
1747048210.1433637,-93,8,54
1747048210.178363,-7,36,22
1747048210.214363,-97,-1,112
1747048210.250363,-45,2,58
1747048210.2853634,34,11,42
1747048210.3213634,72,-48,-91
1747048210.3563633,32,-3,8
1747048210.3913634,28,-54,-45
1747048210.4263637,22,-47,27
1747048210.4623632,-40,-93,42
1747048210.4983633,-78,14,-11
1747048210.533363,39,-9,-13
1747048210.5693634,-13,6,72
1747048210.6043634,-37,72,30
1747048210.6393633,0,-43,-45
1747048210.6753633,-59,16,-39
1747048210.7103634,-76,7,-71
1747048210.7463634,-60,-70,16
1747048210.7813632,-44,-73,-47
1747048210.8173633,47,18,82
1747048210.852363,5,-65,10
1747048210.8873634,5,-53,40
1747048210.9233634,31,-41,-69
1747048210.9583633,-36,38,30
1747048210.9943633,40,-17,-135
1747048211.0293634,-49,-3,-67
1747048211.0653634,-41,-10,-53
1747048211.1003633,-24,-69,-19
1747048211.135363,122,54,18
1747048211.1713634,48,-9,60
1747048211.2063634,-51,-18,4
1747048211.2423637,14,19,82
1747048211.2843633,54,10,34
1747048211.3213634,18,6,-21
1747048211.3563633,-47,38,24
1747048211.3913634,-25,66,-29
1747048211.4273634,-5,30,-11
1747048211.4623632,96,-1,14
1747048211.4983633,4,-65,-41
1747048211.533363,47,47,50
1747048211.5693634,-104,34,-53
1747048211.6043634,55,-36,-69
1747048211.6393633,-5,-1,42
1747048211.6753633,49,-32,-71
1747048211.7103634,104,-79,0
1747048211.7463634,85,19,36
1747048211.7813632,-58,-3,30
1747048211.8173633,-8,62,46
1747048211.852363,-1,36,56
1747048211.8873634,-73,-11,102
1747048211.9233634,-107,-19,-15
1747048211.9583633,-42,-1,-133
1747048211.9943633,64,-21,-93
1747048212.0293634,-19,-41,-21
1747048212.0653634,18,-21,20
1747048212.1003633,-15,-7,10
1747048212.135363,72,-6,42
1747048212.1713634,34,-30,4
1747048212.2063634,-43,39,-3
1747048212.2423637,-11,-34,-73
1747048212.2773633,30,-24,14
1747048212.3133633,38,17,106
1747048212.349363,18,53,44
1747048212.3843634,-63,-8,-123
1747048212.4193633,66,21,-5
1747048212.4553633,-27,-31,-91
1747048212.4913633,-5,58,-39
1747048212.5263634,-19,46,90
1747048212.5623634,-13,-10,32
1747048212.5973637,66,-16,130
1747048212.632363,20,-61,-57
1747048212.6673634,32,-31,56
1747048212.7033634,16,12,-107
1747048212.7393634,96,-17,80
1747048212.7743633,54,5,18
1747048212.8103633,-49,0,24
1747048212.8453634,36,-5,-65
1747048212.8803637,52,46,-61
1747048212.9153633,-59,-46,-31
1747048212.951363,-61,-11,98
1747048212.987363,34,26,4
1747048213.0223634,77,11,-139
1747048213.0583634,28,-33,34
1747048213.0933633,59,33,-33
1747048213.1283634,19,19,68
1747048213.1633637,-10,19,-95
1747048213.1993637,47,73,48
1747048213.2353632,15,-2,-11
1747048213.270363,-24,-48,54
1747048213.306363,-42,-30,82
1747048213.3413634,91,-4,-47
1747048213.3763633,-26,49,42
1747048213.4113634,-66,41,74
1747048213.4473634,1,-62,-31
1747048213.4833634,37,62,52
1747048213.5183637,-57,88,-53
1747048213.5543633,-47,-19,-101
1747048213.589363,115,-19,-3
1747048213.6243634,-43,-43,40
1747048213.6593633,64,26,26
1747048213.6953633,15,11,-7
1747048213.7313633,23,-30,-79
1747048213.7663634,-52,-54,-107
1747048213.8023634,-83,6,-57
1747048213.8373632,28,30,22
1747048213.872363,-54,27,84
1747048213.9073634,19,45,34
1747048213.9433634,51,-6,8
1747048213.9793634,31,69,138
1747048214.0143633,-22,-76,-55
1747048214.0503633,75,-42,-35
1747048214.0853634,-19,16,64
1747048214.1203637,-42,-60,50
1747048214.155363,-85,22,134
1747048214.191363,-57,38,2
1747048214.227363,68,-33,-57
1747048214.2623634,-43,-9,-55
1747048214.2983634,-3,-15,15
1747048214.3333633,-37,-31,102
1747048214.3683634,40,-31,78
1747048214.4033637,10,86,32
1747048214.4393632,70,3,70
1747048214.4753633,-18,17,104
1747048214.510363,44,-5,30
1747048214.5463634,-17,-85,66
1747048214.5813634,18,16,-3
1747048214.6163633,-43,24,30
1747048214.6513634,78,-43,-3
1747048214.6873634,74,8,-9
1747048214.7233634,0,24,-49
1747048214.7583632,80,28,8
1747048214.7943633,-11,18,32
1747048214.829363,50,36,80
1747048214.8643634,-1,-61,64
1747048214.8993633,-75,-17,-43
1747048214.9353633,44,52,40
1747048214.9713633,60,3,52
1747048215.0063634,-37,-38,100
1747048215.0423634,-1,-26,48
1747048215.0773633,-37,41,58
1747048215.112363,38,-4,64
1747048215.1473634,-79,-8,78
1747048215.1833634,-25,-14,52
1747048215.2193637,-17,49,-85
1747048215.2543633,62,-20,-125
1747048215.2903633,11,-47,34
1747048215.3253634,93,-95,168
1747048215.3603632,-33,-45,8
1747048215.3963633,-73,26,-71
1747048215.431363,32,12,92
1747048215.4673634,-68,-57,-23
1747048215.5023634,6,0,42
1747048215.5383637,-45,-21,24
1747048215.5733633,40,38,106
1747048215.6083634,-43,64,100
1747048215.6443634,52,44,10
1747048215.6793633,40,-47,124
1747048215.7153633,1,-67,-81
1747048215.750363,1,0,-43
1747048215.7863634,-28,18,-39
1747048215.8213634,-66,18,84
1747048215.8563633,-92,-49,-91
1747048215.8923633,-2,-13,72
1747048215.9273634,-10,8,11
1747048215.9633634,57,-6,-11
1747048215.9983633,-43,-11,82
1747048216.0343633,-4,-36,-125
1747048216.0693634,-34,43,20
1747048216.1043634,-19,28,-9
1747048216.1403637,0,30,-27
1747048216.1753633,5,43,36
1747048216.2113633,55,29,-21
1747048216.2463634,21,-6,-28
1747048216.2823634,-24,-18,80
1747048216.3173633,16,-10,-39
1747048216.352363,102,41,28
1747048216.3883634,63,51,48
1747048216.4233634,10,-18,-35
1747048216.4593637,-98,9,-37
1747048216.4943633,47,81,-37
1747048216.530363,-6,0,-25
1747048216.5653634,45,-20,144
1747048216.6003633,-20,0,-77
1747048216.6363633,-86,77,10
1747048216.6713634,76,18,-57
1747048216.7073634,18,-10,-29
1747048216.7423637,-11,-52,-27
1747048216.7783637,88,1,-53
1747048216.8133633,87,-36,152
1747048216.8483634,47,15,0
1747048216.8843634,6,-25,96
1747048216.9193633,10,-57,-9
1747048216.9553633,-7,90,74
1747048216.9903634,53,25,70
1747048217.0253634,90,16,42
1747048217.0603633,-6,-12,-3
1747048217.0963633,-128,35,-63
1747048217.132363,-2,29,-3
1747048217.1673634,-27,66,6
1747048217.2033634,-11,-37,36
1747048217.2383633,4,-17,-69
1747048217.2733634,8,-75,-55
1747048217.3083634,20,-5,-57
1747048217.3443637,72,10,-35
1747048217.3803637,108,-25,-161
1747048217.4153633,-8,-17,-101
1747048217.451363,5,22,-147
1747048217.4863634,61,-47,-81
1747048217.5213633,-65,-88,-115
1747048217.556363,-47,-58,-21
1747048217.5923634,24,33,-5
1747048217.6283634,21,-39,80
1747048217.6633637,-8,-5,-25
1747048217.6993637,-32,-35,42
1747048217.7343633,-46,-71,-117
1747048217.7693634,-44,-67,-37
1747048217.8043633,60,-8,84
1747048217.8403633,29,10,-87
1747048217.8763633,-18,58,118
1747048217.9113634,57,-29,44
1747048217.9473634,-118,38,-25
1747048217.9823637,-26,-27,80
1747048218.0173633,7,-33,52
1747048218.0523634,55,-83,-23
1747048218.0883634,55,40,-17
1747048218.1243634,31,10,0
1747048218.1593633,-25,24,-1
1747048218.1953633,10,-45,-9
1747048218.2303634,-5,-55,22
1747048218.2653637,108,-5,-27
1747048218.3003633,37,-24,18
1747048218.3363633,-145,-59,-75
1747048218.372363,-27,-49,94
1747048218.4073634,-56,58,4
1747048218.4433634,-48,-31,-3
1747048218.4783633,-72,74,138
1747048218.5133634,-7,18,72
1747048218.5483634,-31,-53,-11
1747048218.5843637,5,58,-35
1747048218.6203637,15,-43,84
1747048218.655363,16,-40,76
1747048218.691363,38,-86,-143
1747048218.7263634,56,-36,-41
1747048218.7613633,-29,-28,30
1747048218.7963634,12,53,82
1747048218.8323634,2,13,-69
1747048218.8683634,-155,31,46
1747048218.9033637,18,17,50
1747048218.9393632,62,-36,-155
1747048218.974363,72,-86,-59
1747048219.0093634,-27,-26,72
1747048219.0443633,25,-26,44
1747048219.0803633,21,1,-35
1747048219.1163633,-28,-2,-43
1747048219.1513634,89,-13,76
1747048219.1873634,32,0,122
1747048219.2223637,41,-26,54
1747048219.257363,93,-52,46
1747048219.2923634,23,-44,-75
1747048219.3283634,-38,-8,-27
1747048219.3643634,-42,-18,-59
1747048219.3993633,-42,-38,180
1747048219.4353633,-4,99,36
1747048219.4703634,-104,37,0
1747048219.5053637,31,1,40
1747048219.5403633,-16,75,10
1747048219.576363,106,41,100
1747048219.612363,10,7,106
1747048219.6473634,-50,-88,-7
1747048219.6833634,43,7,120
1747048219.7183633,-32,-24,-47
1747048219.7533634,-4,13,52
1747048219.7883637,-17,17,42
1747048219.8243637,-19,-44,56
1747048219.8603632,-38,-14,94
1747048219.895363,-24,-4,112
1747048219.931363,7,-4,58
1747048219.9663634,-35,-1,4
1747048220.0013633,-46,-18,90
1747048220.0373633,-12,18,-49
1747048220.0723634,5,-29,-101
1747048220.1083634,59,-67,-9
1747048220.1433637,-47,-57,-11
1747048220.1793633,32,10,8
1747048220.214363,-6,44,-23
1747048220.2493634,6,70,-3
1747048220.2853634,81,16,-5
1747048220.3203633,-27,-37,54
1747048220.3563633,-90,-93,52
1747048220.3913634,61,46,-77
1747048220.4273634,63,-5,74
1747048220.4623632,46,1,58
1747048220.4993634,-3,-22,-5
1747048220.5343633,-35,-40,84
1747048220.5693634,62,91,-85
1747048220.6053634,83,-19,-153
1747048220.6403637,62,-14,20
1747048220.6763637,-41,-58,48
1747048220.7113633,-32,22,92
1747048220.747363,-87,-36,38
1747048220.7823634,14,-10,30
1747048220.8173633,22,-62,-39
1747048220.8533633,-61,19,56
1747048220.8883634,27,46,50
1747048220.9243634,30,9,14
1747048220.9593637,-6,41,26
1747048220.9953637,6,-2,64
1747048221.030363,30,-42,134
1747048221.0653634,34,-4,-23
1747048221.1013634,-77,-36,96
1747048221.1363633,38,69,90
1747048221.1723633,-3,-26,50
1747048221.2073634,9,18,-35
1747048221.2433634,-30,-35,-63
1747048221.2853634,-30,62,-9
1747048221.3213634,8,41,-65
1747048221.3573637,26,13,116
1747048221.3923633,28,-58,14
1747048221.428363,-61,-62,-97
1747048221.4633634,68,37,-39
1747048221.4993634,-25,58,-93
1747048221.5343633,5,-37,70
1747048221.5693634,6,33,18
1747048221.6053634,-35,4,44
1747048221.6403637,74,4,26
1747048221.6763637,66,12,50
1747048221.7113633,-23,38,76
1747048221.7463634,70,34,-13
1747048221.7813632,22,-25,-3
1747048221.8173633,-17,-47,-45
1747048221.8533633,22,-30,-99
1747048221.8883634,-8,20,-49
1747048221.9243634,-46,20,6
1747048221.9593637,-60,0,38
1747048221.9943633,35,22,-23
1747048222.0293634,-42,-41,54
1747048222.0653634,39,-13,76
1747048222.1013634,-27,-7,-59
1747048222.1363633,19,-84,120
1747048222.1723633,24,66,-125
1747048222.2073634,5,-46,40
1747048222.2423637,-28,13,-95
1747048222.2773633,-16,45,38
1747048222.3133633,49,19,6
1747048222.349363,33,-8,66
1747048222.3843634,40,80,-175
1747048222.4203634,-23,-3,2
1747048222.4553633,6,38,-13
1747048222.4903634,3,18,-33
1747048222.5253634,85,-25,74
1747048222.5613637,-74,32,-51
1747048222.5973637,5,-5,-7
1747048222.632363,30,-55,-77
1747048222.668363,28,-21,56
1747048222.7033634,5,26,-53
1747048222.7383633,-9,-61,-11
1747048222.7733634,-10,-75,34
1747048222.8093634,-8,34,80
1747048222.8453634,37,23,38
1747048222.8803637,0,-20,62
1747048222.9163637,-58,-26,8
1747048222.951363,89,-20,36
1747048222.9863634,25,16,-102
1747048223.0213633,-30,30,99
1747048223.0573633,12,12,-19
1747048223.0933633,-2,54,-17
1747048223.1283634,-22,8,-27
1747048223.1643634,-27,79,42
1747048223.1993637,75,12,-33
1747048223.2343633,-48,6,-51
1747048223.2693634,-68,46,112
1747048223.3053634,19,64,129
1747048223.3413634,-122,-81,-19
1747048223.3763633,70,-40,28
1747048223.4123633,108,-108,102
1747048223.4473634,-34,38,-50
1747048223.4823637,11,84,140
1747048223.5173633,-4,-1,-41
1747048223.553363,-26,37,24
1747048223.589363,-34,-31,96
1747048223.6243634,43,-6,6
1747048223.6603634,-48,40,32
1747048223.6953633,9,-17,-41
1747048223.7303634,11,10,-77
1747048223.7653637,-22,-17,8
1747048223.8013637,-10,18,2
1747048223.8373632,35,-27,30
1747048223.872363,-19,-108,-57
1747048223.908363,-24,-23,-5
1747048223.9433634,77,-24,98
1747048223.9783633,-38,-41,54
1747048224.0133634,7,42,-48
1747048224.0493634,45,44,-46
1747048224.0853634,-74,6,-49
1747048224.1203637,-29,-61,-5
1747048224.1563632,-31,0,96
1747048224.191363,-27,100,12
1747048224.2263634,-46,10,70
1747048224.2613633,-40,-8,38
1747048224.2973633,5,-86,58
1747048224.3333633,-57,12,-15
1747048224.3683634,2,-1,22
1747048224.4043634,-35,-47,58
1747048224.4393632,86,-39,-97
1747048224.474363,-15,24,40
1747048224.5093634,43,32,-41
1747048224.5453634,-32,132,6
1747048224.5813634,-82,18,-23
1747048224.6163633,61,-1,18
1747048224.6523633,107,-16,18
1747048224.6873634,15,65,70
1747048224.7223637,-14,-10,-17
1747048224.7583632,-10,31,-121
1747048224.793363,53,71,94
1747048224.829363,67,16,56
1747048224.8643634,37,54,80
1747048224.9003634,-76,40,50
1747048224.9353633,55,22,-16
1747048224.9703634,-5,-46,-109
1747048225.0063634,21,-45,-44
1747048225.0413637,-4,-27,87
1747048225.0773633,76,61,-66
1747048225.112363,-36,-9,40
1747048225.1483634,74,15,104
1747048225.1833634,60,59,116
1747048225.2183633,-17,-8,82
1747048225.2543633,-41,-12,0
1747048225.2893634,-29,9,-45
1747048225.3253634,-11,-36,89
1747048225.3603632,-13,-56,-3
1747048225.3963633,-39,-50,30
1747048225.431363,20,-36,-69
1747048225.4663634,-16,-17,102
1747048225.5023634,37,32,48
1747048225.5373633,1,-31,34
1747048225.5733633,-4,19,-121
1747048225.6083634,-183,49,152
1747048225.6443634,59,38,-25
1747048225.6793633,-45,-88,68
1747048225.714363,-104,-69,-5
1747048225.750363,3,-5,-25
1747048225.7853634,13,22,35
1747048225.8213634,23,28,-9
1747048225.8563633,41,-43,-91
1747048225.8923633,12,-57,-45
1747048225.9273634,-21,-19,-35
1747048225.9623632,-17,48,56
1747048225.9983633,34,-81,60
1747048226.033363,22,-27,46
1747048226.0693634,-43,-5,-73
1747048226.1043634,-23,-1,46
1747048226.1403637,-39,-21,10
1747048226.1753633,8,8,18
1747048226.2103634,-11,58,-23
1747048226.2463634,2,-9,56
1747048226.2813632,-23,34,-39
1747048226.3173633,12,-77,-63
1747048226.352363,-29,14,-85
1747048226.3873634,44,0,2
1747048226.4223633,-3,26,98
1747048226.4583633,-55,8,98
1747048226.4943633,0,26,-103
1747048226.5293634,4,62,4
1747048226.5653634,47,78,95
1747048226.6003633,-115,25,-40
1747048226.635363,54,-15,2
1747048226.6703634,-47,6,-95
1747048226.7063634,-1,26,-3
1747048226.7423637,-11,16,34
1747048226.7773633,-64,59,62
1747048226.8133633,3,-12,-9
1747048226.8483634,-17,51,74
1747048226.8833632,-75,-52,-87
1747048226.918363,-6,-2,32
1747048226.954363,-81,-32,110
1747048226.9903634,-27,5,-103
1747048227.0253634,-69,-8,32
1747048227.0613637,20,-4,80
1747048227.0963633,-43,1,28
1747048227.1313634,-45,23,46
1747048227.1663637,16,-52,56
1747048227.2023633,9,-42,44
1747048227.2383633,-6,-140,60
1747048227.2733634,-33,-70,134
1747048227.3093634,-42,-23,22
1747048227.3443637,-25,37,-59
1747048227.3793633,55,-23,-119
1747048227.4143634,-14,44,-11
1747048227.4503634,-12,31,70
1747048227.4863634,111,-80,16
1747048227.5213633,-83,-83,-23
1747048227.5573633,29,-20,116
1747048227.5923634,12,19,-21
1747048227.6273634,-41,-16,-29
1747048227.6623633,-17,-28,-33
1747048227.6983633,-87,32,10
1747048227.7343633,-26,-16,-63
1747048227.7693634,-16,-8,30
1747048227.8053634,32,74,48
1747048227.8403633,-23,-7,54
1747048227.875363,54,22,106
1747048227.9103634,-6,-42,66
1747048227.9463634,31,-44,-49
1747048227.9823637,43,39,60
1747048228.0173633,-21,-11,20
1747048228.053363,-19,4,-85
1747048228.0883634,41,27,-33
1747048228.1233633,-55,-17,138
1747048228.158363,61,-47,68
1747048228.1943634,97,-51,-88
1747048228.2303634,57,10,83
1747048228.2653637,51,36,-9
1747048228.3013637,21,12,-71
1747048228.3363633,-28,116,-49
1747048228.3713634,22,43,-7
1747048228.4063632,-37,-16,-55
1747048228.4423633,-25,-18,6
1747048228.4783633,63,6,-69
1747048228.5133634,-7,-28,-45
1747048228.5493634,-33,1,92
1747048228.5843637,44,25,-71
1747048228.6193633,56,15,-7
1747048228.6543634,-59,5,-85
1747048228.6903634,-28,-27,0
1747048228.7263634,25,-19,84
1747048228.7613633,51,-83,52
1747048228.7973633,-44,2,90
1747048228.8323634,-37,-6,18
1747048228.8673637,-7,-32,118
1747048228.9023633,-14,13,46
1747048228.9383633,2,11,28
1747048228.974363,1,40,-35
1747048229.0093634,-20,-33,56
1747048229.0453634,-18,-38,-24
1747048229.0803633,7,-1,75
1747048229.1153634,47,-2,65
1747048229.1503634,78,-11,69
1747048229.1863637,22,-21,18
1747048229.2223637,16,-19,90
1747048229.257363,4,-29,-73
1747048229.293363,-9,39,-23
1747048229.3283634,29,18,64
1747048229.3633633,33,46,-15
1747048229.3993633,92,23,-29
1747048229.4343634,36,-14,-23
1747048229.4703634,46,-30,21
1747048229.5053637,-37,-2,-180
1747048229.5413637,-32,10,-16
1747048229.576363,39,104,74
1747048229.6113634,-6,18,12
1747048229.6473634,-16,25,68
1747048229.6823633,7,-50,-17
1747048229.7183633,17,-35,82
1747048229.7533634,-3,-50,8
1747048229.7893634,1,-5,-39
1747048229.8243637,9,24,48
1747048229.8593633,-10,-67,-79
1747048229.895363,-9,24,-1
1747048229.9303634,57,-23,44
1747048229.9663634,-38,-51,24
1747048230.0013633,-12,-11,-17
1747048230.0373633,55,66,-1
1747048230.0723634,-8,16,74
1747048230.1073637,-24,34,-141
1747048230.1433637,-10,-9,96
1747048230.178363,-64,86,38
1747048230.214363,-84,20,-9
1747048230.2493634,31,-35,-59
1747048230.2853634,69,-92,4
1747048230.3203633,-20,17,120
1747048230.3553634,-16,69,23
1747048230.3913634,91,-24,131
1747048230.4263637,19,-76,36
1747048230.4623632,-24,-26,41
1747048230.497363,39,-22,19
1747048230.533363,-10,-148,-22
1747048230.5683634,67,83,-30
1747048230.6033633,92,-35,-28
1747048230.6393633,23,32,-126
1747048230.6743634,-11,-17,-12
1747048230.7103634,-65,78,-10
1747048230.7453637,86,-61,29
1747048230.7813632,48,-73,1
1747048230.816363,-40,-43,-36
1747048230.8513634,37,20,-90
1747048230.8873634,53,24,-42
1747048230.9223633,-24,-43,-36
1747048230.9583633,55,28,-50
1747048230.9933634,19,8,-29
1747048231.0283637,-35,-83,-55
1747048231.0633633,82,-17,-5
1747048231.099363,-29,28,-5
1747048231.135363,10,4,-19
1747048231.1703634,64,-59,50
1747048231.2063634,-13,-13,62
1747048231.2413633,40,-43,164
1747048231.2763634,-76,-30,64
1747048231.3193634,-17,-23,10
1747048231.3553634,-57,-47,-53
1747048231.3913634,-5,24,-67
1747048231.4263637,0,-27,8
1747048231.4623632,-31,-19,-9
1747048231.497363,-16,36,26
1747048231.5323634,18,-41,42
1747048231.5673633,-3,28,86
1747048231.6033633,27,-3,74
1747048231.6393633,-22,-23,-55
1747048231.6743634,63,26,-31
1747048231.7103634,47,6,-51
1747048231.7453637,-74,22,87
1747048231.780363,77,34,11
1747048231.8153634,7,-41,-34
1747048231.8513634,45,-1,83
1747048231.8873634,41,-27,-94
1747048231.9223633,-2,-9,-17
1747048231.9583633,53,-31,57
1747048231.9933634,118,21,-96
1747048232.0283637,3,-29,-73
1747048232.0633633,21,34,52
1747048232.099363,23,28,-61
1747048232.135363,25,-20,-75
1747048232.1703634,-14,-38,30
1747048232.2063634,-18,-18,-29
1747048232.2413633,-24,7,-19
1747048232.2763634,-42,9,-45
1747048232.3113637,71,8,49
1747048232.3473637,45,8,1
1747048232.3833632,-68,14,-106
1747048232.418363,-16,6,37
1747048232.454363,-3,-24,113
1747048232.4893634,-53,49,-4
1747048232.5243633,-8,-8,0
1747048232.5593634,-5,54,58
1747048232.5953634,-11,-20,114
1747048232.6313634,-1,-42,50
1747048232.6663637,42,-71,82
1747048232.7023633,10,-24,-55
1747048232.737363,20,-3,20
1747048232.7723634,11,19,152
1747048232.8073633,26,-93,56
1747048232.8433633,-25,14,44
1747048232.8793633,0,-85,-15
1747048232.9143634,8,12,-49
1747048232.9503634,28,-11,52
1747048232.9853632,10,18,-17
1747048233.020363,-11,-40,12
1747048233.0553634,42,17,0
1747048233.0913634,16,-10,-65
1747048233.1273634,-78,-76,-67
1747048233.1623633,117,-18,-51
1747048233.1983633,19,-106,-31
1747048233.2333634,-84,31,-87
1747048233.2683637,21,21,72
1747048233.303363,-38,7,8
1747048233.339363,-22,0,16
1747048233.375363,51,29,-29
1747048233.4103634,-80,-12,-154
1747048233.4463634,-53,-70,-59
1747048233.4813633,14,-2,-69
1747048233.5163634,32,-14,-29
1747048233.5513637,40,-18,-34
1747048233.5873632,28,45,-78
1747048233.6233633,-19,-54,-100
1747048233.658363,-20,-26,-54
1747048233.6943634,-41,55,122
1747048233.7293634,68,-24,13
1747048233.7643633,54,5,27
1747048233.7993634,0,-4,48
1747048233.8353634,-9,47,-105
1747048233.8713634,-14,33,-30
1747048233.9063632,17,1,64
1747048233.9423633,66,-28,4
1747048233.977363,-119,27,74
1747048234.0123634,-37,-2,156
1747048234.0483634,-12,5,-91
1747048234.0833633,39,41,100
1747048234.1193633,19,-18,-19
1747048234.1543634,46,-57,-43
1747048234.1903634,8,22,-35
1747048234.2253633,42,8,-11
1747048234.260363,-75,26,36
1747048234.2963634,28,-35,10
1747048234.3313634,8,74,-23
1747048234.3673637,-5,18,10
1747048234.4023633,22,-31,-1
1747048234.4383633,-3,0,46
1747048234.4733634,-45,-6,32
1747048234.5083632,52,41,44
1747048234.5443633,-7,42,122
1747048234.579363,4,2,-59
1747048234.6153634,32,2,-109
1747048234.6503634,-17,4,4
1747048234.6863637,29,-9,-69
1747048234.7213633,62,-43,26
1747048234.7563634,13,57,-99
1747048234.7923634,-21,36,16
1747048234.8273633,-25,54,50
1747048234.8633633,22,-77,22
1747048234.8983634,-5,32,86
1747048234.9343634,-12,34,86
1747048234.9693637,21,12,28
1747048235.0043633,-20,46,24
1747048235.0403633,-26,-1,-9
1747048235.0753634,-8,10,128
1747048235.1113634,-30,22,79
1747048235.1463633,3,34,-24
1747048235.1823633,11,-26,35
1747048235.2173634,61,-4,53
1747048235.2523634,25,-19,-38
1747048235.2883637,31,48,41
1747048235.3233633,-61,-14,-4
1747048235.3593633,26,-6,5
1747048235.3943634,-12,-21,51
1747048235.4303634,-52,-13,21
1747048235.4653633,-42,-45,0
1747048235.500363,55,-35,103
1747048235.5363634,34,4,121
1747048235.5713634,7,-49,-104
1747048235.6073637,31,8,-28
1747048235.6423633,-2,-5,44
1747048235.678363,-12,24,139
1747048235.714363,13,-51,91
1747048235.7493634,15,-15,26
1747048235.7843633,-12,-69,-46
1747048235.8203633,-28,44,95
1747048235.8563633,11,0,43
1747048235.8913634,46,-23,-80
1747048235.9273634,26,62,81
1747048235.9623632,34,4,-66
1747048235.997363,6,-45,97
1747048236.0323634,-15,-61,54
1747048236.0683634,-35,88,5
1747048236.1043634,-17,-119,-32
1747048236.1393633,82,-39,-42
1747048236.1753633,56,-17,5
1747048236.2103634,16,2,29
1747048236.2453637,26,-9,27
1747048236.280363,20,44,-80
1747048236.316363,-37,-29,93
1747048236.352363,4,-77,-28
1747048236.3873634,-5,24,-28
1747048236.4233634,-37,-59,9
1747048236.4583633,0,-67,31
1747048236.4933634,-67,2,0
1747048236.5283637,92,-15,33
1747048236.5643632,62,26,59
1747048236.6003633,40,6,-66
1747048236.635363,-85,-39,61
1747048236.6713634,12,48,-28
1747048236.7063634,-45,-43,-20
1747048236.7413633,26,62,-9
1747048236.7763634,-7,-17,42
1747048236.8123634,44,-11,52
1747048236.8483634,-63,34,-53
1747048236.8833632,0,-31,-5
1747048236.9193633,14,-51,114
1747048236.954363,24,-51,-51
1747048236.9893634,54,58,-65
1747048237.0243633,36,10,54
1747048237.0603633,48,-21,-59
1747048237.0963633,-41,-59,-11
1747048237.1313634,18,16,36
1747048237.1673634,-105,33,150
1747048237.2023633,12,42,33
1747048237.237363,10,-2,39
1747048237.2723634,8,18,95
1747048237.3083634,-73,-39,-120
1747048237.3443637,0,-76,131
1747048237.3793633,96,39,3
1747048237.4153633,4,-87,29
1747048237.4503634,30,-33,53
1747048237.4853632,-39,22,81
1747048237.520363,-41,62,67
1747048237.556363,38,-5,28
1747048237.5923634,58,6,-95
1747048237.6273634,-61,3,8
1747048237.6633637,43,-62,94
1747048237.6983633,-53,52,-11
1747048237.7333634,48,42,-83
1747048237.7683637,-61,40,-81
1747048237.8043633,-25,8,102
1747048237.8403633,52,-39,16
1747048237.875363,1,31,-59
1747048237.9113634,-56,-56,-1
1747048237.9463634,31,77,-57
1747048237.9813633,9,49,-46
1747048238.0163634,81,-4,73
1747048238.0523634,9,5,29
1747048238.0883634,-27,-31,47
1747048238.1233633,-16,-20,54
1747048238.1593633,13,-26,21
1747048238.1943634,80,-17,-87
1747048238.2293634,-11,18,-13
1747048238.2643633,36,-25,-87
1747048238.3003633,-11,-61,-45
1747048238.3363633,-41,-21,68
1747048238.3713634,-55,1,-19
1747048238.4073634,-47,-54,16
1747048238.4423633,56,-4,54
1747048238.477363,-79,0,6
1747048238.5123634,-39,67,-3
1747048238.5483634,-5,93,58
1747048238.5843637,20,0,40
1747048238.6193633,-19,-36,-23
1747048238.655363,19,2,74
1747048238.6903634,-17,53,-149
1747048238.7253633,-49,51,30
1747048238.7613633,30,1,62
1747048238.7963634,108,-67,-37
1747048238.8323634,13,-38,-41
1747048238.8673637,20,30,50
1747048238.9033637,57,19,30
1747048238.9383633,30,10,-143
1747048238.9733634,4,0,20
1747048239.0093634,42,-14,-93
1747048239.0443633,-21,6,12
1747048239.0803633,48,-55,-17
1747048239.1153634,50,36,-9
1747048239.1513634,20,66,16
1747048239.1863637,-33,20,16
1747048239.2213633,-43,-35,117
1747048239.257363,6,8,87
1747048239.2923634,32,-1,5
1747048239.3283634,-65,-27,103
1747048239.3633633,-21,-83,43
1747048239.3993633,-34,-54,9
1747048239.4343634,-18,-16,-68
1747048239.4693637,-26,19,77
1747048239.5053637,67,60,-28
1747048239.5403633,-28,-9,81
1747048239.576363,-39,-40,91
1747048239.6113634,-33,13,37
1747048239.6473634,6,25,-126
1747048239.6823633,-47,-45,37
1747048239.7173634,58,35,-48
1747048239.7533634,22,5,51
1747048239.7883637,-11,107,-34
1747048239.8243637,31,62,-12
1747048239.8593633,-42,34,115
1747048239.895363,23,-3,13
1747048239.9303634,7,-3,-48
1747048239.9653633,-8,-38,3
1747048240.0013633,-66,-47,-48
1747048240.0363634,-6,-41,-128
1747048240.0723634,-58,4,65
1747048240.1073637,35,48,33
1747048240.1433637,3,20,3
1747048240.178363,33,18,-158
1747048240.2133634,5,-19,75
1747048240.2493634,23,-25,57
1747048240.2843633,0,-23,-70
1747048240.3203633,19,56,73
1747048240.3553634,23,6,-178
1747048240.3903637,-72,36,-62
1747048240.4253633,39,-21,-90
1747048240.4613633,-116,-35,33
1747048240.497363,25,-17,-50
1747048240.5323634,9,32,-44
1747048240.5683634,-28,-27,65
1747048240.6033633,-22,-63,91
1747048240.6383634,0,-19,-18
1747048240.6733634,4,1,13
1747048240.7093637,48,1,69
1747048240.7453637,18,67,-70
1747048240.780363,-4,54,-2
1747048240.816363,-22,72,13
1747048240.8513634,7,76,65
1747048240.8863633,35,30,11
1747048240.9213634,31,38,25
1747048240.9573634,0,72,-20
1747048240.9933634,-12,32,19
1747048241.0283637,41,8,63
1747048241.0643632,29,-51,-40
1747048241.099363,-15,-15,9
1747048241.1343634,-61,-19,129
1747048241.1693633,-4,8,-80
1747048241.2053633,9,26,-40
1747048241.2413633,33,-39,-10
1747048241.2763634,9,-3,75
1747048241.3123634,49,10,59
1747048241.3543634,25,32,45
1747048241.3903637,-15,6,71
1747048241.4253633,0,-17,-64
1747048241.4613633,15,-33,37
1747048241.497363,-20,18,51
1747048241.5323634,15,0,-78
1747048241.5683634,-68,0,135
1747048241.6033633,51,-22,-26
1747048241.6383634,-20,41,61
1747048241.6733634,21,-12,59
1747048241.7093637,26,44,-14
1747048241.7453637,-12,-54,5
1747048241.780363,33,-62,-20
1747048241.816363,-6,39,45
1747048241.8513634,23,-28,-18
1747048241.8863633,17,35,73
1747048241.9213634,-82,-41,-64
1747048241.9573634,-122,-103,39
1747048241.9933634,-69,-23,65
1747048242.0283637,18,-11,-14
1747048242.0643632,-15,-75,-4
1747048242.099363,-93,-69,-10
1747048242.1343634,-19,-29,49
1747048242.1693633,-1,-27,-38
1747048242.2053633,-21,60,-30
1747048242.2413633,-1,-9,-82
1747048242.2763634,18,-61,1
1747048242.3123634,6,18,13
1747048242.3473637,-87,44,15
1747048242.382363,38,13,45
1747048242.4173634,22,-27,-90
1747048242.4533634,62,-7,35
1747048242.4893634,0,-61,17
1747048242.5243633,-53,-7,-88
1747048242.5603633,59,8,13
1747048242.5953634,27,-19,-116
1747048242.6303637,-44,-15,5
1747048242.6653633,-74,-45,41
1747048242.701363,37,-42,-6
1747048242.737363,7,-84,65
1747048242.7723634,43,52,21
1747048242.8083634,1,18,-118
1747048242.8433633,-6,-51,99
1747048242.8783634,-90,-4,75
1747048242.9133637,117,-44,35
1747048242.9493637,43,49,17
1747048242.9853632,27,19,-60
1747048243.020363,4,-63,53
1747048243.056363,9,-36,-8
1747048243.0913634,5,1,19
1747048243.1263633,-54,0,99
1747048243.1613634,-2,33,39
1747048243.1973634,11,31,-102
1747048243.2333634,27,-116,-32
1747048243.2683637,-89,51,-24
1747048243.3043633,35,-3,-22
1747048243.339363,-40,13,-26
1747048243.3743634,-66,33,99
1747048243.4103634,1,-22,-14
1747048243.4453633,9,5,-84
1747048243.4813633,-44,-4,61
1747048243.5163634,13,9,-18
1747048243.5523634,-42,-2,87
1747048243.5873632,-24,19,-14
1747048243.622363,25,3,-56
1747048243.658363,13,69,-20
1747048243.6933634,33,-53,-14
1747048243.7293634,-72,-3,-6
1747048243.7643633,-42,-49,-16
1747048243.8003633,73,11,0
1747048243.8353634,15,-15,43
1747048243.8703637,-58,-11,-136
1747048243.9063632,1,0,-62
1747048243.941363,25,-69,-22
1747048243.977363,-62,-5,125
1747048244.0123634,-44,-21,57
1747048244.0483634,47,-9,97
1747048244.0833633,75,12,-76
1747048244.1183634,-4,2,-18
1747048244.1543634,-18,-55,-10
1747048244.1893632,19,-93,-86
1747048244.2253633,29,-33,13
1747048244.260363,34,-15,17
1747048244.2963634,-23,-9,0
1747048244.3313634,-6,-21,-6
1747048244.3663633,12,2,9
1747048244.4023633,-5,-31,-100
1747048244.4373634,89,2,45
1747048244.4733634,19,-9,-12
1747048244.5083632,-14,-57,19
1747048244.5443633,55,-22,-62
1747048244.579363,-49,8,103
1747048244.6143634,9,-45,33
1747048244.6503634,11,-33,-26
1747048244.6853633,-56,-28,9
1747048244.7213633,-58,-5,-18
1747048244.7563634,-60,-65,55
1747048244.7923634,-88,-41,33
1747048244.8273633,22,-45,59
1747048244.862363,-63,38,-34
1747048244.8983634,-39,-39,81
1747048244.9333634,0,-13,-4
1747048244.9693637,-59,-43,-10
1747048245.0043633,-7,20,47
1747048245.0393634,26,-7,95
1747048245.0743637,-51,28,23
1747048245.1103632,4,62,69
1747048245.1463633,2,24,133
1747048245.181363,-33,28,129
1747048245.2173634,-16,20,-48
1747048245.2523634,-6,-43,55
1747048245.2873633,-124,2,81
1747048245.3223634,36,-63,-50
1747048245.3583634,-35,-41,35
1747048245.3943634,2,6,-22
1747048245.4293633,66,-61,-128
1747048245.4653633,36,16,-2
1747048245.500363,42,-97,77
1747048245.5353634,-30,3,-26
1747048245.5703633,-7,-41,-38
1747048245.6063633,-23,30,27
1747048245.6423633,84,34,133
1747048245.6773634,44,-71,-74
1747048245.7133634,-43,-7,-106
1747048245.7483633,-29,-5,-20
1747048245.783363,-95,-59,55
1747048245.8183634,18,16,39
1747048245.8543634,28,-57,35
1747048245.8903637,32,43,31
1747048245.9253633,-59,61,-84
1747048245.9613633,12,-19,1
1747048245.9963634,19,-4,-4
1747048246.0313632,35,11,-80
1747048246.066363,-73,56,69
1747048246.102363,36,11,47
1747048246.1383634,38,46,17
1747048246.1733634,28,8,13
1747048246.2093637,42,-27,3
1747048246.2443633,26,62,-54
1747048246.2793634,52,0,37
1747048246.3143632,28,11,-168
1747048246.3503633,-13,4,145
1747048246.3863633,42,-15,37
1747048246.4213634,40,-61,-84
1747048246.4573634,32,-5,41
1747048246.4923637,-95,-67,31
1747048246.5273633,8,50,33
1747048246.5623634,10,0,37
1747048246.5983634,-11,-47,175
1747048246.6343634,22,-3,-12
1747048246.6693633,2,6,69
1747048246.7053633,48,65,155
1747048246.7403634,10,-8,-4
1747048246.7753634,8,81,3
1747048246.8103633,-47,42,25
1747048246.8463633,29,7,-38
1747048246.882363,-2,51,13
1747048246.9173634,-8,-30,-26
1747048246.9533634,5,29,-22
1747048246.9883633,8,17,111
1747048247.0233634,-24,-33,-2
1747048247.0583634,3,-3,81
1747048247.0943637,57,-53,13
1747048247.1303637,-10,86,71
1747048247.1653633,27,-11,-18
1747048247.201363,-32,20,-116
1747048247.2363634,-18,54,123
1747048247.2713633,-4,10,37
1747048247.306363,6,13,-18
1747048247.3423634,61,-11,-16
1747048247.3783634,87,59,-102
1747048247.4133637,-76,23,-34
1747048247.4493637,-52,-16,9
1747048247.4843633,-40,53,43
1747048247.5193634,-68,-20,19
1747048247.5543633,-31,26,33
1747048247.5903633,12,14,63
1747048247.6263633,-1,-55,-44
1747048247.6613634,148,0,-14
1747048247.6973634,-31,-49,59
1747048247.7323637,-31,-27,125
1747048247.7673633,64,-93,45
1747048247.8023634,8,32,-28
1747048247.8383634,-11,-27,59
1747048247.8743634,0,-31,-26
1747048247.9093633,90,-19,-140
1747048247.9453633,15,-33,45
1747048247.9803634,49,30,171
1747048248.0153637,17,-47,-22
1747048248.0503633,-84,-39,61
1747048248.0863633,29,-21,-6
1747048248.122363,41,-7,63
1747048248.1573634,23,-15,19
1747048248.1933634,-46,-61,-28
1747048248.2283633,-24,-59,19
1747048248.2633634,-44,12,39
1747048248.2993634,-35,-18,87
1747048248.3343637,20,1,65
1747048248.3703637,-19,9,-8
1747048248.405363,26,71,35
1747048248.441363,-24,15,61
1747048248.4763634,3,-56,51
1747048248.5113633,1,43,67
1747048248.5473633,-40,-1,13
1747048248.5823634,-34,28,35
1747048248.6183634,-30,-19,65
1747048248.6533637,72,-8,-128
1747048248.6893632,10,-22,25
1747048248.724363,0,49,89
1747048248.7593634,30,-20,79
1747048248.7953634,23,57,-112
1747048248.8303633,3,57,-38
1747048248.8663633,-52,-8,-14
1747048248.9013634,23,27,47
1747048248.9373634,11,-8,-70
1747048248.9723637,-48,-71,-8
1747048249.007363,23,60,39
1747048249.043363,57,-19,127
1747048249.0783634,31,26,13
1747048249.1143634,-36,13,55
1747048249.1493633,-54,-18,-22
1747048249.1853633,1,-2,-14
1747048249.2203634,-51,-56,-150
1747048249.2553637,-11,69,-24
1747048249.2913637,-67,-119,59
1747048249.326363,-43,30,65
1747048249.362363,-3,-57,31
1747048249.3973634,4,-15,73
1747048249.4333634,36,88,81
1747048249.4683633,-17,-59,29
1747048249.5033634,-15,74,-6
1747048249.5393634,-53,-1,21
1747048249.5743637,-39,-11,-64
1747048249.6103632,-13,-35,-152
1747048249.645363,68,-22,-40
1747048249.681363,-8,-28,69
1747048249.7173634,33,-38,3
1747048249.7523634,-77,0,9
1747048249.7873633,31,-90,47
1747048249.8233633,28,-9,51
1747048249.8593633,47,-2,5
1747048249.8943634,81,-12,-100
1747048249.9303634,31,-4,-68
1747048249.9653633,108,-39,-56
1747048250.000363,1,21,0
1747048250.0353634,127,5,151
1747048250.0713634,-46,29,115
1747048250.1073637,23,-20,7
1747048250.1423633,-25,0,-66
1747048250.178363,-27,38,-24
1747048250.2133634,-21,-101,-60
1747048250.2483633,32,-35,1
1747048250.283363,112,-19,-16
1747048250.3193634,46,-22,73
1747048250.3553634,44,31,-40
1747048250.3903637,10,-34,-102
1747048250.4263637,-39,29,33
1747048250.4613633,-61,7,67
1747048250.4963634,-28,-3,45
1747048250.5313632,-29,7,-62
1747048250.5673633,72,34,-56
1747048250.6033633,-77,-84,3
1747048250.6383634,-59,-2,33
1747048250.6743634,18,-75,65
1747048250.7093637,-47,-105,-70
1747048250.7443633,-15,-11,49
1747048250.7793634,36,-18,-100
1747048250.8153634,-35,-1,19
1747048250.8513634,8,-36,-26
1747048250.8863633,-15,-18,101
1747048250.9223633,22,-32,41
1747048250.9573634,66,7,61
1747048250.9923637,-57,-43,75
1747048251.0273633,10,10,-4
1747048251.0633633,-26,-50,11
1747048251.099363,-52,-14,-6
1747048251.1343634,31,-18,-94
1747048251.1703634,-22,23,49
1747048251.2053633,55,13,67
1747048251.2403634,55,-42,-54
1747048251.2753634,103,-8,-26
1747048251.3113637,-15,-42,-72
1747048251.3473637,42,-68,-54
1747048251.3893633,2,-58,13
1747048251.4263637,7,-14,-96
1747048251.4613633,77,0,175
1747048251.4963634,9,-42,20
1747048251.5313632,-17,32,-93
1747048251.5673633,-25,74,40
1747048251.6033633,-57,43,-61
1747048251.6383634,52,-50,90
1747048251.6743634,-31,1,4
1747048251.7093637,86,-37,2
1747048251.7443633,-36,-5,-7
1747048251.7793634,83,-1,2
1747048251.8153634,26,31,140
1747048251.8513634,13,-4,-87
1747048251.8863633,-68,-83,94
1747048251.9223633,-6,70,20
1747048251.9573634,21,12,-33
1747048251.9923637,-64,-7,124
1747048252.0273633,-90,40,-147
1747048252.0633633,-32,-9,150
1747048252.099363,7,-13,105
1747048252.1343634,-2,-93,47
1747048252.1703634,51,24,0
1747048252.2053633,63,39,142
1747048252.2403634,-28,-2,62
1747048252.2753634,17,-19,32
1747048252.3113637,49,-46,138
1747048252.3473637,-74,-38,112
1747048252.382363,-32,-26,10
1747048252.418363,21,-36,22
1747048252.4533634,3,-9,-64
1747048252.4883633,-35,10,11
1747048252.5233634,-41,-21,69
1747048252.5593634,-4,88,3
1747048252.5953634,-37,12,-13
1747048252.6303637,-24,-39,4
1747048252.6663637,-10,-41,126
1747048252.701363,37,-29,-19
1747048252.7363634,45,-59,-49
1747048252.7723634,30,32,67
1747048252.8073633,5,12,76
1747048252.8433633,-6,30,14
1747048252.8783634,15,-9,26
1747048252.9143634,73,-4,44
1747048252.9493637,0,-7,34
1747048252.9843633,-48,21,-137
1747048253.020363,57,19,10
1747048253.0553634,-12,-30,-68
1747048253.0913634,26,-47,-92
1747048253.1263633,15,-16,-60
1747048253.1623633,-30,0,87
1747048253.1973634,-40,-43,49
1747048253.2323637,9,-27,95
1747048253.2683637,99,8,35
1747048253.303363,3,28,-106
1747048253.339363,-82,32,-102
1747048253.3743634,-89,54,-44
1747048253.4103634,0,-10,-111
1747048253.4453633,-44,2,-97
1747048253.4803634,-46,-53,-97
1747048253.5163634,15,-61,16
1747048253.5513637,49,1,6
1747048253.5873632,13,-60,58
1747048253.622363,-56,15,-31
1747048253.658363,-2,-5,-37
1747048253.6933634,-26,-87,-109
1747048253.7283633,5,-1,-21
1747048253.7643633,53,32,60
1747048253.7993634,-76,-43,-15
1747048253.8353634,0,-43,-75
1747048253.8703637,-8,4,90
1747048253.9063632,-2,12,136
1747048253.941363,95,0,64
1747048253.9763634,-4,0,-61
1747048254.0123634,-28,16,54
1747048254.0473633,45,34,-111
1747048254.0833633,-6,-15,18
1747048254.1183634,-46,-37,82
1747048254.1543634,43,-47,-41
1747048254.1893632,-72,-41,80
1747048254.224363,15,34,-15
1747048254.260363,41,14,50
1747048254.2953634,29,4,-5
1747048254.3313634,7,-19,-77
1747048254.3663633,72,0,6
1747048254.4013634,30,44,-35
1747048254.4363637,-29,34,48
1747048254.4723637,18,0,-21
1747048254.5083632,70,28,48
1747048254.543363,-55,-5,160
1747048254.579363,-41,-37,110
1747048254.6143634,63,31,44
1747048254.6493633,25,-21,100
1747048254.6843634,4,12,46
1747048254.7203634,-24,-9,40
1747048254.7563634,11,-41,-47
1747048254.7913637,-68,54,-115
1747048254.8273633,23,-41,8
1747048254.862363,-76,-1,-109
1747048254.8973634,6,65,104
1747048254.9323633,-49,19,-51
1747048254.9683633,5,8,24
1747048255.0043633,31,-25,66
1747048255.0393634,51,-92,34
1747048255.0753634,-56,0,24
1747048255.1103632,-32,0,28
1747048255.145363,-40,8,28
1747048255.1803634,81,44,-75
1747048255.2163634,-21,-81,44
1747048255.2523634,15,-11,-143
1747048255.2873633,-48,-11,86
1747048255.3233633,-43,-28,84
1747048255.3583634,39,-11,100
1747048255.3933637,31,-43,32
1747048255.428363,77,-85,-53
1747048255.464363,48,129,-33
1747048255.500363,-45,44,-31
1747048255.5353634,-3,60,14
1747048255.5713634,-15,-14,12
1747048255.6063633,-14,14,-87
1747048255.6413634,39,43,-127
1747048255.6763637,-2,9,62
1747048255.7123632,-42,-14,22
1747048255.7483633,41,35,-59
1747048255.783363,3,-62,50
1747048255.8193634,57,53,-34
1747048255.8543634,-10,66,137
1747048255.8893633,19,-33,111
1747048255.9243634,23,-23,-33
1747048255.9603634,-14,-7,-9
1747048255.9963634,15,28,94
1747048256.0313632,-27,92,-91
1747048256.0673633,48,26,-41
1747048256.102363,-42,72,126
1747048256.1373634,-48,14,-101
1747048256.1723633,36,-53,-68
1747048256.2083633,-5,42,-50
1747048256.2443633,-16,24,-37
1747048256.2793634,105,-43,-59
1747048256.3153634,82,-6,70
1747048256.3503633,56,-18,-7
1747048256.385363,-47,3,-39
1747048256.4203634,-43,-25,-11
1747048256.4563634,28,46,8
1747048256.4923637,-99,52,-27
1747048256.5273633,-1,-25,72
1747048256.5633633,-5,32,-23
1747048256.5983634,28,-23,166
1747048256.6333632,52,134,114
1747048256.668363,78,26,30
1747048256.704363,10,88,92
1747048256.7403634,20,2,-99
1747048256.7753634,-16,14,32
1747048256.8113637,34,6,-57
1747048256.8463633,-39,52,-57
1747048256.8813634,-36,58,2
1747048256.9163637,-19,-93,86
1747048256.9523633,-87,36,-59
1747048256.9883633,-46,10,80
1747048257.0233634,15,-41,-137
1747048257.0593634,22,-55,44
1747048257.0943637,-67,20,24
1747048257.1293633,-9,-74,-28
1747048257.1643634,-15,-62,15
1747048257.2003634,-54,12,-15
1747048257.2363634,-10,32,-23
1747048257.2713633,19,-43,10
1747048257.3073633,0,-38,-27
1747048257.3423634,44,-34,-17
1747048257.3773634,9,35,48
1747048257.4133637,-58,0,10
1747048257.4483633,-21,19,18
1747048257.4843633,-91,-46,-9
1747048257.5193634,30,21,28
1747048257.5553634,34,3,2
1747048257.5903633,2,-14,38
1747048257.625363,20,-28,158
1747048257.6613634,53,56,44
1747048257.6963634,81,1,18
1747048257.7323637,69,-66,150
1747048257.7673633,-26,11,-27
1747048257.803363,101,49,-41
1747048257.8383634,93,-9,22
1747048257.8733633,-26,-32,-45
1747048257.9093633,42,-9,10
1747048257.9443634,10,39,-37
1747048257.9803634,26,-43,-81
1747048258.0153637,4,110,64
1747048258.0513637,45,-4,-37
1747048258.0863633,-29,8,16
1747048258.1213634,-30,125,2
1747048258.1573634,3,-72,206
1747048258.1923633,14,17,88
1747048258.2283633,84,10,-15
1747048258.2633634,67,89,-27
1747048258.2993634,57,-56,-1
1747048258.3343637,-18,53,-103
1747048258.3693633,-54,47,-75
1747048258.405363,-4,-78,18
1747048258.4403634,72,-15,-73
1747048258.4763634,64,-35,150
1747048258.5113633,-27,46,-43
1747048258.5473633,78,-47,-43
1747048258.5823634,10,44,-45
1747048258.6173637,36,2,27
1747048258.6533637,96,36,41
1747048258.6883633,-7,-25,43
1747048258.724363,-53,-11,-5
1747048258.7593634,-65,8,59
1747048258.7953634,86,-17,-11
1747048258.8303633,6,68,-71
1747048258.8653634,32,112,50
1747048258.9013634,-5,8,-35
1747048258.9363637,26,0,0
1747048258.9723637,-33,84,194
1747048259.007363,-47,-9,-15
1747048259.0423634,-3,-21,70
1747048259.0773633,-19,-34,6
1747048259.1133633,-15,3,-53
1747048259.1493633,-78,-99,10
1747048259.1843634,-14,-38,2
1747048259.2203634,11,43,-9
1747048259.2553637,17,-32,58
1747048259.2903633,0,39,0
1747048259.3253634,-1,-33,-47
1747048259.3613634,-83,-11,-31
1747048259.3973634,67,-72,16
1747048259.4323633,22,38,-1
1747048259.4683633,-33,-5,44
1747048259.5033634,26,-43,-31
1747048259.5383637,16,-25,52
1747048259.5733633,-35,-27,20
1747048259.6093633,-77,2,-54
1747048259.645363,86,-83,23
1747048259.6803634,-81,-6,-12
1747048259.7163634,-79,23,31
1747048259.7513633,-55,-40,-46
1747048259.7863634,-9,-24,19
1747048259.8213634,2,-18,12
1747048259.8573637,25,2,-59
1747048259.8933637,71,-79,196
1747048259.928363,-74,24,-13
1747048259.964363,15,-57,94
1747048259.9993634,50,48,18
1747048260.0343633,36,6,84
1747048260.0693634,20,-51,78
1747048260.1053634,-11,56,80
1747048260.1413634,-31,-77,-13
1747048260.1763637,-33,52,-15
1747048260.2123632,24,-93,68
1747048260.247363,26,10,-5
1747048260.2823634,54,-63,92
1747048260.3173633,20,30,-25
1747048260.3533633,-3,-7,32
1747048260.3893633,-19,36,60
1747048260.4243634,10,-93,-49
1747048260.4603634,78,19,-77
1747048260.4953637,-53,-30,-85
1747048260.530363,-45,7,-37
1747048260.5653634,28,37,14
1747048260.6013634,20,-48,70
1747048260.6373634,4,7,-9
1747048260.6723633,-55,-40,126
1747048260.7083633,-43,-42,4
1747048260.7433634,-35,23,-49
1747048260.7783637,-105,7,-37
1747048260.8133633,-55,-2,102
1747048260.849363,62,-4,-13
1747048260.885363,-17,7,154
1747048260.9203634,44,-14,86
1747048260.9563634,28,41,-17
1747048260.9913633,-39,7,26
1747048261.0263634,-47,-24,92
1747048261.0613637,3,9,92
1747048261.0973637,0,-140,8
1747048261.1333632,17,-48,68
1747048261.168363,-6,-26,-51
1747048261.204363,-34,61,-89
1747048261.2393634,19,-26,44
1747048261.2743633,-12,47,-55
1747048261.3093634,63,-94,-9
1747048261.3453634,91,9,-19
1747048261.3813634,24,18,114
1747048261.4233634,32,-105,-17
1747048261.4603634,42,59,63
1747048261.4953637,-17,-50,-33
1747048261.530363,13,34,-27
1747048261.5653634,5,-79,54
1747048261.6013634,-30,-17,-17
1747048261.6373634,30,-23,88
1747048261.6723633,-13,-69,34
1747048261.7083633,-15,-7,56
1747048261.7433634,-36,-38,40
1747048261.7783637,-10,99,178
1747048261.8133633,19,49,150
1747048261.849363,10,-53,-17
1747048261.885363,26,6,-9
1747048261.9203634,-45,-39,-27
1747048261.9563634,30,-12,-43
1747048261.9913633,-35,69,68
1747048262.0263634,26,12,-25
1747048262.0623634,-43,10,-59
1747048262.0973637,-3,-5,-43
1747048262.1333632,-47,-21,-43
1747048262.168363,49,-3,-16
1747048262.204363,-14,-60,-32
1747048262.2393634,-26,35,-139
1747048262.2743633,-66,-22,56
1747048262.3103633,-16,-72,-3
1747048262.3453634,49,-20,72
1747048262.3813634,-22,35,-101
1747048262.4163637,29,75,66
1747048262.4523633,52,-23,90
1747048262.487363,-1,24,182
1747048262.5223634,30,-23,16
1747048262.5583634,100,0,46
1747048262.5933633,-1,-29,66
1747048262.6293633,-26,-1,-57
1747048262.6643634,-29,-3,6
1747048262.7003634,-2,18,66
1747048262.7353632,-14,-43,58
1747048262.770363,40,-15,-55
1747048262.806363,-13,-11,-65
1747048262.8413634,52,-97,-59
1747048262.8773634,54,-9,38
1747048262.9123633,-9,-67,-19
1747048262.9483633,-87,20,-7
1747048262.9843633,116,-20,-101
1747048263.020363,-15,-66,46
1747048263.0553634,40,9,126
1747048263.0903633,54,-8,-33
1747048263.1263633,57,-51,18
1747048263.1613634,112,-43,-29
1747048263.1973634,-21,22,-39
1747048263.2323637,-13,30,-25
1747048263.2683637,-13,-30,4
1747048263.303363,-15,32,6
1747048263.3383634,8,42,-3
1747048263.3743634,19,39,-11
1747048263.4093633,15,61,-45
1747048263.4453633,-44,2,60
1747048263.4803634,27,14,-19
1747048263.5163634,-8,52,-7
1747048263.5513637,-65,-27,-5
1747048263.5863633,70,-73,130
1747048263.622363,16,-31,-83
1747048263.6573634,24,49,-53
1747048263.6933634,-20,-7,-43
1747048263.7283633,43,19,6
1747048263.7643633,-41,12,-29
1747048263.8003633,24,42,92
1747048263.8353634,12,-53,-39
1747048263.8703637,-82,23,-121
1747048263.9063632,15,-49,-19
1747048263.9423633,23,-13,116
1747048263.977363,73,38,-49
1747048264.0133634,59,-31,72
1747048264.0483634,21,16,-107
1747048264.0833633,-12,18,54
1747048264.1183634,23,-45,-85
1747048264.1543634,15,-13,44
1747048264.1903634,-36,49,22
1747048264.2253633,-46,-34,32
1747048264.2613633,18,47,38
1747048264.2963634,-49,-34,62
1747048264.3313634,-29,21,-83
1747048264.3663633,50,31,24
1747048264.4023633,82,1,-21
1747048264.4383633,52,-58,-13
1747048264.4733634,-5,-18,14
1747048264.5093634,-75,-30,-13
1747048264.5443633,-2,22,8
1747048264.579363,-30,-105,4
1747048264.6143634,-34,-5,-1
1747048264.6503634,-8,-37,4
1747048264.6863637,-14,-37,50
1747048264.7213633,-26,26,20
1747048264.757363,21,-19,14
1747048264.7923634,35,-51,92
1747048264.8273633,83,70,-55
1747048264.862363,-121,-22,66
1747048264.8983634,-31,-38,58
1747048264.9343634,-27,35,-5
1747048264.9693637,-24,-89,-29
1747048265.0053637,101,2,68
1747048265.0403633,39,42,-15
1747048265.0753634,-19,-38,-43
1747048265.1103632,-23,9,-13
1747048265.1463633,-84,22,-125
1747048265.1823633,-17,3,-21
1747048265.2173634,-5,-68,4
1747048265.2533634,-37,-73,24
1747048265.2883637,28,5,14
1747048265.3233633,38,43,-31
1747048265.3583634,108,28,32
1747048265.3943634,-38,-6,80
1747048265.4303634,7,-22,40
1747048265.4653633,25,-42,28
1747048265.5013633,-31,-31,-19
1747048265.5363634,58,70,-71
1747048265.5713634,-56,-46,26
1747048265.6063633,-33,-33,-123
1747048265.6423633,-43,-45,154
1747048265.678363,-23,3,84
1747048265.7133634,-19,-57,-55
1747048265.7493634,-37,-34,-65
1747048265.7843633,130,-34,-91
1747048265.8193634,36,-24,-9
1747048265.8543634,-51,-29,-57
1747048265.8903637,7,-72,-19
1747048265.9263637,-6,27,16
1747048265.9613633,-10,-28,48
1747048265.997363,31,35,86
1747048266.0323634,-33,-49,-187
1747048266.0673633,27,13,128
1747048266.102363,7,-55,-89
1747048266.1383634,8,-85,-63
1747048266.1743634,-8,-59,-39
1747048266.2093637,-16,48,32
1747048266.2453637,53,-51,-3
1747048266.280363,75,12,28
1747048266.3153634,119,2,-147
1747048266.3503633,79,28,22
1747048266.3863633,0,-55,44
1747048266.4223633,-6,0,90
1747048266.4573634,5,0,50
1747048266.4933634,-32,-31,-9
1747048266.5283637,38,13,4
1747048266.5633633,-20,22,40
1747048266.5983634,-4,-59,56
1747048266.6343634,-8,-19,20
1747048266.6703634,7,10,-99
1747048266.7053633,-4,-7,36
1747048266.7413633,-60,60,40
1747048266.7763634,0,-85,-1
1747048266.8113637,25,59,-19
1747048266.8473637,10,20,-45
1747048266.882363,-38,3,6
1747048266.918363,14,-15,11
1747048266.9533634,-98,-5,-7
1747048266.9893634,23,-1,42
1747048267.0243633,-44,-3,-15
1747048267.0593634,5,60,162
1747048267.0953634,-2,-79,-99
1747048267.1303637,-24,-82,38
1747048267.1663637,-17,-49,12
1747048267.201363,-12,0,134
1747048267.237363,15,-93,-19
1747048267.2723634,33,-5,18
1747048267.3073633,0,8,2
1747048267.3433633,53,-37,22
1747048267.3783634,-13,-29,114
1747048267.4143634,61,-25,82
1747048267.4493637,-32,18,24
1747048267.4853632,-34,-19,-81
1747048267.520363,-56,-47,-31
1747048267.5553634,-22,34,-21
1747048267.5913634,9,-35,-23
1747048267.6263633,-23,14,44
1747048267.6623633,-83,-21,34
1747048267.6973634,-40,-77,142
1747048267.7333634,-28,-5,30
1747048267.7683637,43,-81,-9
1747048267.803363,25,-33,50
1747048267.839363,47,10,-49
1747048267.8743634,-73,72,10
1747048267.9103634,-74,90,70
1747048267.9453633,-17,-27,-113
1747048267.9813633,-33,30,60
1747048268.0163634,-35,-75,56
1747048268.0513637,26,-27,-81
1747048268.0873632,-17,16,38
1747048268.122363,16,82,18
1747048268.158363,-34,-60,204
1747048268.1933634,11,-54,-47
1747048268.2293634,5,-58,114
1747048268.2643633,107,31,66
1747048268.2993634,0,-16,48
1747048268.3353634,48,-12,-35
1747048268.3703637,-2,11,24
1747048268.4063632,59,-16,-37
1747048268.441363,0,-20,-49
1747048268.4763634,-86,19,72
1747048268.5113633,6,-10,-19
1747048268.5473633,-17,-30,-39
1747048268.5833633,12,119,31
1747048268.6183634,8,51,-29
1747048268.6543634,73,-46,-63
1747048268.6893632,-24,-30,84
1747048268.724363,40,-15,66
1747048268.7593634,60,32,69
1747048268.7953634,40,14,-26
1747048268.8313634,-69,-55,9
1747048268.8663633,-63,8,87
1747048268.9023633,-11,54,-41
1747048268.9373634,-5,-7,-57
1747048268.9723637,16,-21,94
1747048269.007363,29,7,124
1747048269.043363,-18,-46,64
1747048269.079363,22,-3,58
1747048269.1143634,-57,-5,50
1747048269.1503634,-5,44,106
1747048269.1853633,-53,2,-14
1747048269.2203634,28,-25,21
1747048269.2553637,-53,-17,121
1747048269.2913637,-7,-39,-4
1747048269.3273633,102,-87,-67
1747048269.362363,-48,27,-17
1747048269.3983634,33,35,129
1747048269.4333634,41,-34,-74
1747048269.4683633,-42,-36,81
1747048269.5033634,-8,-32,91
1747048269.5393634,-4,43,22
1747048269.5753634,37,41,38
1747048269.6103632,23,-10,78
1747048269.6463633,-13,25,-83
1747048269.681363,56,-21,88
1747048269.7163634,0,40,34
1747048269.7513633,-38,35,12
1747048269.7873633,23,-68,4
1747048269.8233633,2,-43,30
1747048269.8583634,-93,2,-55
1747048269.8943634,-49,70,-15
1747048269.9293633,1,54,-83
1747048269.964363,25,-45,48
1747048269.9993634,27,0,-89
1747048270.0353634,51,14,-9
1747048270.0713634,3,-11,94
1747048270.1063633,-20,18,64
1747048270.1423633,43,-35,118
1747048270.1773634,3,44,-17
1747048270.2123632,-34,-23,-25
1747048270.247363,25,-11,-45
1747048270.283363,45,-91,-23
1747048270.3193634,55,-35,-116
1747048270.3543634,-31,-35,-19
1747048270.3903637,127,27,53
1747048270.4253633,4,39,42
1747048270.4603634,78,21,82
1747048270.4953637,36,-76,16
1747048270.5313632,108,-15,52
1747048270.5673633,-56,-46,19
1747048270.602363,-52,0,-28
1747048270.6383634,-29,40,21
1747048270.6733634,16,24,-47
1747048270.7083633,-55,-1,-111
1747048270.7433634,44,-11,46
1747048270.7793634,42,98,18
1747048270.8153634,-15,-13,68
1747048270.8503633,62,-11,-29
1747048270.8863633,30,0,-37
1747048270.9213634,-25,40,18
1747048270.9563634,44,-49,30
1747048270.9913633,44,28,40
1747048271.0273633,-57,30,10
1747048271.0633633,44,40,46
1747048271.0983634,-12,55,-79
1747048271.1343634,29,17,20
1747048271.1693633,53,3,-45
1747048271.204363,-56,7,178
1747048271.2393634,-24,-34,58
1747048271.2753634,105,69,-61
1747048271.3113637,79,75,14
1747048271.3463633,-51,-11,-7
1747048271.382363,5,3,0
1747048271.4243634,36,-19,26
1747048271.4603634,1,-12,46
1747048271.4963634,19,-76,-15
1747048271.5313632,9,13,58
1747048271.5673633,57,25,-13
1747048271.602363,-94,69,-69
1747048271.6383634,35,-38,-13
1747048271.6733634,-3,6,-23
1747048271.7083633,-57,-67,-59
1747048271.7443633,-6,-43,-29
1747048271.7793634,108,1,-69
1747048271.8153634,64,-4,89
1747048271.8503633,26,-46,-93
1747048271.8863633,46,-3,108
1747048271.9213634,20,-55,12
1747048271.9563634,4,-59,-93
1747048271.9923637,44,-15,-79
1747048272.0273633,-61,-75,-89
1747048272.0633633,-21,-61,-31
1747048272.0983634,16,22,88
1747048272.1343634,13,8,104
1747048272.1693633,22,5,-61
1747048272.204363,90,-45,-105
1747048272.2403634,76,40,2
1747048272.2753634,54,2,-27
1747048272.3113637,2,26,148
1747048272.3463633,-17,52,-135
1747048272.382363,10,50,18
1747048272.4173634,22,-3,60
1747048272.4523633,-27,46,50
1747048272.4883633,76,21,6
1747048272.5233634,38,-16,24
1747048272.5593634,30,29,-127
1747048272.5943637,-25,31,64
1747048272.6303637,-33,17,100
1747048272.6653633,10,0,8
1747048272.7003634,-19,93,-70
1747048272.7363634,13,-47,9
1747048272.7713633,-3,9,44
1747048272.8073633,52,-34,-15
1747048272.8423634,30,-62,46
1747048272.8783634,-18,30,-53
1747048272.9133637,-48,10,126
1747048272.9483633,-50,99,62
1747048272.9843633,27,-62,58
1747048273.0193634,73,-33,32
1747048273.0553634,3,-81,42
1747048273.0903633,0,-47,-1
1747048273.125363,-21,47,42
1747048273.1603634,-27,-50,-13
1747048273.1963634,-21,7,88
1747048273.2323637,-24,35,-17
1747048273.2673633,-16,41,-1
1747048273.303363,-54,-7,44
1747048273.3383634,11,86,6
1747048273.3733633,9,-35,-129
1747048273.408363,-28,26,-11
1747048273.4443634,-22,-9,28
1747048273.4803634,45,26,-73
1747048273.5153637,-42,-31,10
1747048273.5513637,-11,44,100
1747048273.5863633,-17,10,-7
1747048273.6213634,56,-29,-97
1747048273.6563632,105,30,126
1747048273.6923633,22,4,70
1747048273.7283633,-62,-43,52
1747048273.7633634,19,38,40
1747048273.7993634,9,-47,-87
1747048273.8343637,-56,-37,-41
1747048273.8693633,-18,-17,66
1747048273.9043634,3,28,-25
1747048273.9403634,-28,14,143
1747048273.9763634,93,-77,68
1747048274.0113633,0,-11,14
1747048274.0473633,-6,10,47
1747048274.0823634,22,-6,-60
1747048274.1173637,-15,47,112
1747048274.1523633,24,11,52
1747048274.1883633,54,-22,-33
1747048274.224363,2,-76,-61
1747048274.260363,8,-54,139
1747048274.2963634,-34,-4,101
1747048274.3313634,-75,-12,68
1747048274.3673637,16,-42,42
1747048274.4023633,-29,-34,86
1747048274.4373634,-51,30,16
1747048274.4723637,-66,-50,22
1747048274.5083632,16,-4,38
1747048274.5443633,80,49,-45
1747048274.579363,14,-6,50
1747048274.6153634,22,41,84
1747048274.6503634,108,-38,-57
1747048274.6853633,81,83,-21
1747048274.7203634,-78,-16,70
1747048274.7563634,-14,-40,106
1747048274.7923634,-12,75,66
1747048274.8273633,-26,89,47
1747048274.8633633,-52,19,84
1747048274.8983634,97,-22,-25
1747048274.9333634,35,15,28
1747048274.9683633,75,-73,-29
1747048275.0043633,49,-67,66
1747048275.0403633,21,-7,106
1747048275.0753634,25,12,48
1747048275.1113634,0,19,48
1747048275.1463633,1,6,-35
1747048275.181363,21,-5,6
1747048275.2163634,3,-1,20
1747048275.2523634,71,-18,-65
1747048275.2883637,-18,-16,-27
1747048275.3233633,4,-49,24
1747048275.3593633,-31,4,22
1747048275.3943634,-7,14,-76
1747048275.4293633,22,64,71
1747048275.464363,22,-62,-69
1747048275.500363,-67,45,55
1747048275.5363634,16,10,53
1747048275.5713634,-39,2,69
1747048275.6073637,74,-7,12
1747048275.6423633,68,114,-31
1747048275.6773634,-47,72,30
1747048275.7123632,40,-37,-21
1747048275.7483633,-7,-23,62
1747048275.7843633,26,32,8
1747048275.8193634,-35,0,-65
1747048275.8553634,-72,-43,72
1747048275.8903637,11,-39,0
1747048275.9253633,33,1,28
1747048275.9603634,19,-45,-89
1747048275.9963634,-28,-31,-85
1747048276.0323634,41,14,108
1747048276.0673633,56,-7,-21
1747048276.1033633,-1,31,11
1747048276.1383634,-37,49,24
1747048276.1733634,45,-41,2
1747048276.2093637,-32,-13,-24
1747048276.2443633,57,20,21
1747048276.280363,-39,80,247
1747048276.3153634,-34,40,-111
1747048276.3513634,-50,12,-7
1747048276.3863633,27,10,60
1747048276.4213634,-54,5,-117
1747048276.4573634,9,50,63
1747048276.4923637,-56,62,19
1747048276.5283637,45,-3,65
1747048276.5633633,43,18,-30
1747048276.599363,-10,44,-8
1747048276.6343634,-9,14,3
1747048276.6693633,1,24,30
1747048276.7053633,-10,-47,22
1747048276.7403634,-26,-1,-57
1747048276.7763634,-16,16,-16
1747048276.8113637,3,-55,-51
1747048276.8473637,-38,-5,123
1747048276.882363,29,-13,-35
1747048276.9173634,57,-23,-171
1747048276.9533634,44,-24,27
1747048276.9883633,19,0,65
1747048277.0243633,26,-75,58
1747048277.0593634,15,39,24
1747048277.0953634,-50,-10,178
1747048277.1303637,-76,17,-25
1747048277.1653633,27,-68,76
1747048277.201363,-8,7,120
1747048277.2363634,35,-68,-119
1747048277.2723634,5,-84,42
1747048277.3073633,1,31,-103
1747048277.3433633,-14,-17,-23
1747048277.3783634,-2,-27,37
1747048277.4133637,73,48,-46
1747048277.4493637,77,1,-8
1747048277.4843633,-10,10,99
1747048277.520363,-4,-39,-33
1747048277.5553634,-10,-16,-79
1747048277.5903633,21,64,-15
1747048277.625363,7,-8,40
1747048277.6613634,111,39,-23
1747048277.6973634,67,-38,40
1747048277.7323637,43,-1,144
1747048277.7683637,36,-20,2
1747048277.803363,90,35,-27
1747048277.8383634,26,-88,42
1747048277.8733633,13,50,90
1747048277.9093633,15,2,-17
1747048277.9453633,34,49,14
1747048277.9803634,-58,-37,-59
1747048278.0163634,-6,-11,30
1747048278.0513637,19,1,41
1747048278.0863633,55,21,-64
1747048278.1213634,33,22,-86
1747048278.1573634,-104,-7,23
1747048278.1933634,23,-33,60
1747048278.2283633,-75,-87,27
1747048278.2643633,-31,10,55
1747048278.2993634,42,-119,-102
1747048278.3343637,50,42,-12
1747048278.3693633,2,14,39
1747048278.405363,47,107,-84
1747048278.441363,18,16,87
1747048278.4763634,26,52,17
1747048278.5123634,-82,75,33
1747048278.5473633,23,-16,-38
1747048278.5823634,0,-4,18
1747048278.6173637,55,23,78
1747048278.6533637,-56,-5,84
1747048278.6893632,61,20,50
1747048278.724363,23,-67,106
1747048278.760363,5,38,-19
1747048278.7953634,-52,24,64
1747048278.8303633,29,8,104
1747048278.8653634,-14,-35,-65
1747048278.9013634,-82,22,-23
1747048278.9373634,53,46,-89
1747048278.9723637,-93,-36,-97
1747048279.0083632,94,-11,-89
1747048279.043363,-53,-4,80
1747048279.0783634,56,59,-57
1747048279.1133633,-25,-20,10
1747048279.1493633,42,18,-32
1747048279.1853633,-37,49,-53
1747048279.2203634,48,63,-145
1747048279.2563634,-1,39,-36
1747048279.2913637,28,-28,-20
1747048279.326363,72,35,81
1747048279.3613634,-61,-14,53
1747048279.3973634,-35,7,33
1747048279.4333634,10,13,-3
1747048279.4683633,60,-26,53
1747048279.5043633,-79,-16,80
1747048279.5393634,40,-11,10
1747048279.5743637,1,-39,-21
1747048279.6093633,-52,10,62
1747048279.645363,-23,-67,34
1747048279.681363,-25,32,-47
1747048279.7163634,51,-55,-85
1747048279.7523634,-43,58,10
1747048279.7873633,-32,4,154
1747048279.8223634,-43,16,40
1747048279.8573637,-35,30,-49
1747048279.8933637,56,27,6
1747048279.9293633,46,64,60
1747048279.964363,-18,43,70
1747048280.000363,-10,21,40
1747048280.0353634,-81,-7,-73
1747048280.0703633,10,-1,109
1747048280.1053634,102,-9,-29
1747048280.1413634,-9,-39,26
1747048280.1773634,-15,0,92
1747048280.2123632,-38,105,-105
1747048280.2483633,36,-31,26
1747048280.283363,107,-70,-9
1747048280.3183634,-18,63,-67
1747048280.3533633,-30,-35,66
1747048280.3893633,13,0,54
1747048280.4253633,-12,-63,-59
1747048280.4603634,-56,20,-113
1747048280.4963634,63,10,76
1747048280.5313632,45,22,-35
1747048280.566363,-85,-8,22
1747048280.6013634,-20,28,-155
1747048280.6373634,-64,46,80
1747048280.6733634,-95,47,2
1747048280.7083633,-25,-23,60
1747048280.7443633,-79,-65,88
1747048280.7793634,-29,-11,4
1747048280.8143632,52,62,86
1747048280.8503633,-41,-8,-51
1747048280.885363,-2,33,0
1747048280.9213634,54,-21,-7
1747048280.9563634,35,45,-3
1747048280.9923637,37,27,16
1747048281.0273633,-37,-25,64
1747048281.0623634,-49,28,60
1747048281.0983634,28,16,-15
1747048281.1333632,-41,-65,18
1747048281.1693633,62,80,92
1747048281.204363,14,60,58
1747048281.2403634,52,-36,-131
1747048281.2753634,-29,-84,28
1747048281.3103633,42,-100,121
1747048281.3463633,74,-39,-8
1747048281.3813634,20,2,29
1747048281.4173634,-11,-25,91
1747048281.4593637,-63,14,81
1747048281.4963634,-16,54,-28
1747048281.5313632,-5,12,74
1747048281.566363,-3,-17,-29
1747048281.602363,-42,18,25
1747048281.6373634,20,58,-6
1747048281.6733634,20,-61,27
1747048281.7083633,-9,26,73
1747048281.7443633,15,3,-19
1747048281.7793634,-35,26,-33
1747048281.8143632,42,12,-103
1747048281.8503633,-1,-17,16
1747048281.885363,-13,8,182
1747048281.9213634,39,5,-27
1747048281.9563634,-18,45,24
1747048281.9923637,21,15,42
1747048282.0273633,53,-13,-109
1747048282.0623634,29,-23,122
1747048282.0983634,-26,-35,-110
1747048282.1333632,-38,46,8
1747048282.1693633,55,36,14
1747048282.204363,11,64,-23
1747048282.2403634,-26,40,-3
1747048282.2753634,-36,-43,-85
1747048282.3103633,65,2,-65
1747048282.3463633,21,-83,72
1747048282.3813634,7,-51,36
1747048282.4173634,-2,-32,-135
1747048282.4523633,19,4,72
1747048282.487363,-92,-61,-33
1747048282.5223634,21,4,-71
1747048282.5583634,9,-49,78
1747048282.5943637,-44,-4,18
1747048282.6293633,-6,-56,48
1747048282.6653633,-13,5,-53
1747048282.7003634,32,39,-93
1747048282.7353632,-8,17,-55
1747048282.770363,56,-22,56
1747048282.806363,56,-72,106
1747048282.8423634,4,19,99
1747048282.8773634,28,61,86
1747048282.9133637,71,-20,84
1747048282.9483633,0,-66,50
1747048282.9833634,-33,21,-75
1747048283.0183637,18,-38,38
1747048283.0543633,0,-10,56
1747048283.0903633,20,-6,0
1747048283.125363,-5,-84,48
1747048283.1613634,4,37,-1
1747048283.1963634,22,-92,66
1747048283.2313633,-45,7,28
1747048283.2663634,-27,7,10
1747048283.3023634,-32,-29,30
1747048283.3383634,-73,-23,-106
1747048283.3743634,14,-5,67
1747048283.4103634,-43,14,81
1747048283.4453633,46,24,-100
1747048283.4813633,10,4,113
1747048283.5163634,-5,-73,21
1747048283.5513637,40,42,159
1747048283.5863633,22,20,57
1747048283.622363,18,14,-22
1747048283.658363,-1,-53,-46
1747048283.6933634,-51,26,-36
1747048283.7293634,-15,-11,67
1747048283.7643633,44,24,71
1747048283.7993634,-16,-24,13
1747048283.8343637,-41,-5,-25
1747048283.8703637,-11,-36,40
1747048283.9063632,10,-18,5
1747048283.941363,-31,29,-69
1747048283.977363,63,-24,41
1747048284.0123634,-6,37,29
1747048284.0473633,69,51,-46
1747048284.0823634,-28,21,-108
1747048284.1183634,92,-69,51
1747048284.1543634,-29,26,-30
1747048284.1893632,-72,51,-44
1747048284.2253633,14,0,8
1747048284.260363,13,26,-70
1747048284.2953634,-47,-33,-44
1747048284.3303633,-25,-75,-20
1747048284.3663633,12,-83,15
1747048284.4023633,-67,76,103
1747048284.4373634,33,-10,113
1747048284.4733634,32,58,187
1747048284.5083632,36,1,43
1747048284.543363,44,0,39
1747048284.5783634,22,-3,109
1747048284.6143634,-31,34,103
1747048284.6503634,4,-21,-65
1747048284.6853633,-55,-30,-22
1747048284.7213633,38,11,-16
1747048284.7563634,42,27,-20
1747048284.7913637,-55,-2,55
1747048284.826363,-15,59,45
1747048284.862363,4,-28,65
1747048284.8983634,-56,-59,-16
1747048284.9333634,66,21,120
1747048284.9693637,-13,-52,-21
1747048285.0043633,-105,15,-31
1747048285.0393634,17,5,-101
1747048285.0743637,66,27,-1
1747048285.1103632,-34,29,64
1747048285.1463633,15,42,-35
1747048285.181363,23,21,-73
1747048285.2173634,0,25,34
1747048285.2523634,-1,-9,80
1747048285.2873633,-36,-3,14
1747048285.3223634,61,11,2
1747048285.3583634,-6,83,24
1747048285.3943634,-4,23,-35
1747048285.4293633,67,47,-9
1747048285.4653633,-13,28,116
1747048285.500363,-11,0,128
1747048285.5353634,-27,-15,64
1747048285.5713634,96,-5,-35
1747048285.6063633,-54,-41,-55
1747048285.6423633,-51,49,90
1747048285.6773634,51,-53,-8
1747048285.7133634,47,-19,22
1747048285.7483633,-3,35,-15
1747048285.783363,93,-17,-27
1747048285.8193634,-39,1,2
1747048285.8543634,30,9,12
1747048285.8903637,34,-25,108
1747048285.9253633,-7,48,-25
1747048285.9613633,20,20,32
1747048285.9963634,-41,20,10
1747048286.0313632,-21,-50,24
1747048286.0673633,46,-56,90
1747048286.102363,28,-32,-37
1747048286.1383634,2,7,64
1747048286.1733634,-49,-24,20
1747048286.2093637,-45,-35,-59
1747048286.2443633,0,-3,-19
1747048286.2793634,-23,40,-75
1747048286.3153634,116,10,-3
1747048286.3503633,27,38,-39
1747048286.3863633,-24,-29,20
1747048286.4213634,28,84,162
1747048286.4573634,-17,60,22
1747048286.4923637,12,34,144
1747048286.5273633,12,12,-41
1747048286.5633633,-64,-16,-3
1747048286.5983634,-30,25,-123
1747048286.6343634,-54,-38,-59
1747048286.6693633,-78,-28,-21
1747048286.7053633,37,60,74
1747048286.7403634,15,12,8
1747048286.7753634,23,-25,72
1747048286.8113637,101,-3,-145
1747048286.8463633,51,88,29
1747048286.882363,-30,12,13
1747048286.9173634,57,20,-13
1747048286.9533634,-57,-31,-117
1747048286.9883633,-22,-11,84
1747048287.0233634,-73,48,26
1747048287.0593634,111,-27,-107
1747048287.0943637,-4,32,-153
1747048287.1303637,7,26,-53
1747048287.1653633,48,-35,-79
1747048287.2003634,92,-9,0
1747048287.2353632,30,-71,20
1747048287.2713633,-41,54,32
1747048287.3073633,-77,74,158
1747048287.3423634,42,50,102
1747048287.3783634,-17,24,30
1747048287.4133637,-34,33,-99
1747048287.4483633,7,-30,90
1747048287.4833634,31,21,12
1747048287.5193634,-110,31,-10
1747048287.5553634,0,25,3
1747048287.5903633,-36,-38,133
1747048287.6263633,-28,-42,-95
1747048287.6613634,-78,-36,-65
1747048287.6963634,-50,16,126
1747048287.7313633,-6,0,72
1747048287.7673633,-18,10,-101
1747048287.803363,-34,31,58
1747048287.8383634,-22,-4,-37
1747048287.8743634,45,23,55
1747048287.9093633,-64,-108,-60
1747048287.9443634,72,43,-242
1747048287.9793634,31,-40,-86
1747048288.0153637,-6,39,-84
1747048288.0513637,-8,-7,87
1747048288.0863633,31,22,27
1747048288.122363,17,-23,-18
1747048288.1573634,139,-102,66
1747048288.1923633,17,-69,32
1747048288.227363,91,-75,24
1747048288.2633634,81,-71,107
1747048288.2993634,-54,-17,-57
1747048288.3343637,109,4,38
1747048288.3703637,49,68,67
1747048288.405363,34,-5,130
1747048288.4403634,17,26,-93
1747048288.4753633,27,-21,26
1747048288.5113633,31,-21,-37
1747048288.5473633,29,36,58
1747048288.5823634,93,-83,-109
1747048288.6183634,-60,-15,110
1747048288.6533637,-31,35,-23
1747048288.6883633,12,43,14
1747048288.7233634,6,17,88
1747048288.7593634,56,27,-61
1747048288.7953634,-44,32,1
1747048288.8303633,136,-22,158
1747048288.8663633,64,-8,-93
1747048288.9013634,-22,-31,142
1747048288.9363637,-3,-9,48
1747048288.9713633,-37,24,-59
1747048289.007363,42,32,-33
1747048289.043363,-73,-17,-7
1747048289.0783634,-61,2,-25
1747048289.1143634,24,-37,-35
1747048289.1493633,20,42,58
1747048289.1843634,44,33,104
1747048289.2193637,-8,-63,28
1747048289.2553637,-55,0,22
1747048289.2913637,-85,6,18
1747048289.326363,42,20,38
1747048289.362363,30,9,135
1747048289.3973634,-31,-5,109
1747048289.4323633,-43,10,7
1747048289.4673634,33,6,158
1747048289.5033634,49,-19,43
1747048289.5393634,-40,-27,-49
1747048289.5743637,-60,0,80
1747048289.6103632,40,37,-31
1747048289.645363,-27,47,58
1747048289.6803634,-44,-15,-27
1747048289.7153633,29,30,28
1747048289.7513633,-14,-13,118
1747048289.7873633,31,76,-17
1747048289.8223634,-68,30,66
1747048289.8583634,24,-19,24
1747048289.8933637,-6,9,40
1747048289.928363,25,13,81
1747048289.9633634,-3,-43,-64
1747048289.9993634,12,8,-92
1747048290.0353634,10,36,5
1747048290.0703633,-11,24,0
1747048290.1063633,-11,60,9
1747048290.1413634,-17,0,9
1747048290.1763637,-42,-27,39
1747048290.2123632,15,74,145
1747048290.247363,83,-23,-28
1747048290.283363,126,54,13
1747048290.3183634,-19,18,3
1747048290.3543634,19,-18,5
1747048290.3893633,9,3,51
1747048290.4243634,-74,11,63
1747048290.4603634,9,3,0
1747048290.4953637,79,8,47
1747048290.5313632,-44,-41,21
1747048290.566363,7,-1,25
1747048290.602363,51,34,23
1747048290.6373634,7,36,25
1747048290.6723633,-6,38,-32
1747048290.7083633,-26,24,87
1747048290.7433634,21,-21,91
1747048290.7793634,-50,-55,17
1747048290.8143632,-7,-32,-80
1747048290.8503633,44,-5,35
1747048290.885363,-31,-29,-66
1747048290.9203634,9,52,-40
1747048290.9563634,-65,-71,-22
1747048290.9913633,59,-25,-12
1747048291.0273633,-13,-2,35
1747048291.0623634,46,13,-48
1747048291.0983634,-11,0,-102
1747048291.1333632,36,-16,117
1747048291.168363,-71,-6,53
1747048291.204363,60,43,47
1747048291.2393634,-85,-56,-50
1747048291.2753634,-7,23,-40
1747048291.3103633,-21,-44,-68
1747048291.3463633,-25,5,79
1747048291.3813634,-39,-50,55
1747048291.4163637,6,-7,163
1747048291.4523633,49,-31,-12
1747048291.4943633,33,0,79
1747048291.5313632,61,66,55
1747048291.566363,-42,-37,-126
1747048291.602363,29,82,57
1747048291.6373634,-2,62,-4
1747048291.6723633,-42,1,-58
1747048291.7083633,36,-35,-136
1747048291.7433634,78,12,-20
1747048291.7793634,-37,-9,35
1747048291.8143632,36,-35,57
1747048291.849363,-23,-5,7
1747048291.8843634,-73,6,5
1747048291.9203634,52,-7,3
1747048291.9563634,0,4,-26
1747048291.9913633,-45,-57,13
1747048292.0273633,-31,46,-22
1747048292.0623634,56,-41,85
1747048292.0973637,28,-23,77
1747048292.132363,-11,16,67
1747048292.168363,-23,-37,-30
1747048292.204363,12,-19,39
1747048292.2393634,-19,-13,-36
1747048292.2753634,25,10,-16
1747048292.3103633,-9,-33,5
1747048292.3453634,2,-7,-6
1747048292.3803637,-1,-11,107
1747048292.4163637,-23,-47,-76
1747048292.4523633,32,36,31
1747048292.487363,-49,-37,21
1747048292.5233634,32,10,-58
1747048292.5583634,64,28,-40
1747048292.5933633,-25,-43,-104
1747048292.6283634,-65,-33,51
1747048292.6643634,39,10,-78
1747048292.7003634,17,-9,101
1747048292.7353632,41,-59,87
1747048292.7713633,-16,34,3
1747048292.806363,2,-3,3
1747048292.8413634,37,-19,-12
1747048292.8763633,-21,30,123
1747048292.9123633,-17,22,-76
1747048292.9483633,72,-47,-38
1747048292.9833634,-73,-39,-48
1747048293.0193634,-66,-8,159
1747048293.0543633,-92,-100,53
1747048293.089363,31,27,-102
1747048293.1243634,35,-52,-16
1747048293.1603634,-30,71,79
1747048293.1963634,29,101,65
1747048293.2313633,5,-66,-22
1747048293.2673633,50,16,-42
1747048293.3023634,0,-46,57
1747048293.3373632,36,0,29
1747048293.372363,36,-65,-46
1747048293.408363,-67,46,69
1747048293.4443634,6,-1,-146
1747048293.4793634,18,54,-54
1747048293.5153637,84,-41,27
1747048293.5503633,20,2,47
1747048293.5853634,-63,-23,43
1747048293.6203637,-37,-3,-8
1747048293.6563632,10,-31,-78
1747048293.6923633,-77,22,-12
1747048293.727363,-7,47,-56
1747048293.7633634,2,-71,-12
1747048293.7983634,12,22,21
1747048293.8333633,11,32,-8
1747048293.8683634,-14,-17,-16
1747048293.9043634,-24,-65,145
1747048293.9403634,-66,-75,-42
1747048293.9753633,21,-23,-44
1747048294.0113633,85,-23,33
1747048294.0463634,85,44,9
1747048294.0813634,77,-21,1
1747048294.1163633,29,14,107
1747048294.1523633,-62,-9,61
1747048294.1883633,-34,26,75
1747048294.2233634,23,92,39
1747048294.2593634,6,-5,-88
1747048294.2943633,-6,54,39
1747048294.329363,42,90,33
1747048294.3643634,17,52,-70
1747048294.4003634,-100,6,25
1747048294.4363637,19,22,9
1747048294.4713633,91,28,23
1747048294.507363,-94,-48,39
1747048294.5423634,39,-61,61
1747048294.5773633,43,30,37
1747048294.6133633,-8,2,-62
1747048294.6483634,-16,-3,-102
1747048294.6843634,9,2,-56
1747048294.7193637,46,9,71
1747048294.7553637,14,21,61
1747048294.7903633,4,-80,25
1747048294.8253634,22,0,-38
1747048294.8613634,41,18,-38
1747048294.8963633,65,-79,-94
1747048294.9323633,-33,-2,35
1747048294.9673634,-90,-35,73
1747048295.0033634,9,28,7
1747048295.0383637,-18,-71,159
1747048295.0733633,0,-73,65
1747048295.1093633,-8,10,115
1747048295.1443634,5,38,81
1747048295.1803634,61,-13,-56
1747048295.2153633,58,0,-16
1747048295.2513633,-21,-12,15
1747048295.2863634,-17,-30,19
1747048295.3213634,24,49,-156
1747048295.3573637,34,-8,-82
1747048295.3923633,-25,21,41
1747048295.428363,-43,-10,23
1747048295.4633634,22,13,-88
1747048295.4993634,86,-62,-14
1747048295.5343633,-17,0,15
1747048295.5693634,-10,2,11
1747048295.6053634,-154,8,155
1747048295.6403637,47,-55,-74
1747048295.6763637,1,-46,15
1747048295.7113633,-33,0,-36
1747048295.747363,51,-22,49
1747048295.7823634,-56,7,29
1747048295.8173633,-56,-18,0
1747048295.8533633,45,-33,63
1747048295.8883634,20,-74,13
1747048295.9243634,-32,50,63
1747048295.9593637,-30,90,5
1747048295.9953637,-13,37,25
1747048296.030363,56,48,63
1747048296.0653634,10,74,-64
1747048296.1013634,30,32,9
1747048296.1363633,-5,-45,55
1747048296.1723633,20,-9,-50
1747048296.2073634,20,-47,7
1747048296.2433634,20,22,-16
1747048296.2783637,-25,0,-46
1747048296.3133633,-45,-23,-72
1747048296.349363,-77,18,45
1747048296.3843634,-41,52,147
1747048296.4203634,-10,100,3
1747048296.4553633,-12,-51,-8
1747048296.4903634,49,38,-68
1747048296.5253634,33,-5,-60
1747048296.5613637,38,66,131
1747048296.5973637,50,-13,-8
1747048296.632363,-33,22,55
1747048296.668363,-27,12,55
1747048296.7033634,3,-10,-8
1747048296.7383633,83,21,15
1747048296.7733634,71,-14,-4
1747048296.8093634,-65,-37,95
1747048296.8453634,6,4,21
1747048296.8803637,66,-19,31
1747048296.9163637,-15,-11,41
1747048296.951363,-19,30,-94
1747048296.9863634,-11,28,-70
1747048297.0213633,36,-48,-24
1747048297.0573633,46,-28,-18
1747048297.0933633,14,-35,-4
1747048297.1283634,-43,45,-9
1747048297.1643634,52,17,14
1747048297.1993637,18,-14,78
1747048297.2343633,-39,57,-63
1747048297.2693634,46,-18,-29
1747048297.3053634,62,-52,-111
1747048297.3413634,54,0,16
1747048297.3763633,6,-49,16
1747048297.4123633,-57,-35,134
1747048297.4473634,16,35,-105
1747048297.4823637,-19,55,-15
1747048297.5173633,-22,-43,4
1747048297.553363,-11,31,-11
1747048297.589363,68,29,-11
1747048297.6243634,70,24,6
1747048297.6603634,-19,-46,-11
1747048297.6953633,-9,45,-57
1747048297.7303634,51,-100,90
1747048297.7653637,-58,-14,6
1747048297.8013637,59,49,48
1747048297.8373632,5,9,100
1747048297.872363,69,79,-19
1747048297.908363,5,-4,2
1747048297.9433634,-40,19,75
1747048297.9783633,91,11,30
1747048298.0133634,39,25,18
1747048298.0493634,-28,-58,18
1747048298.0853634,-20,15,-18
1747048298.1203637,5,85,30
1747048298.1563632,-72,-102,-11
1747048298.191363,10,29,-55
1747048298.2263634,-13,-72,-62
1747048298.2613633,-81,-8,-16
1747048298.2973633,-13,75,109
1747048298.3333633,57,-23,-22
1747048298.3683634,-24,18,43
1747048298.4043634,-36,38,32
1747048298.4393632,99,-41,88
1747048298.474363,37,-12,46
1747048298.5093634,35,-26,-89
1747048298.5453634,51,-2,146
1747048298.5813634,-90,-52,151
1747048298.6163633,-73,9,-23
1747048298.6523633,13,-25,90
1747048298.6873634,29,130,-47
1747048298.7223637,37,20,-23
1747048298.757363,55,-3,31
1747048298.793363,9,66,23
1747048298.829363,29,-16,125
1747048298.8643634,63,-72,20
1747048298.9003634,12,29,-11
1747048298.9353633,110,-50,-24
1747048298.9703634,36,47,33
1747048299.0053637,36,49,16
1747048299.0413637,-45,-4,55
1747048299.0773633,26,-34,9
1747048299.112363,-6,-49,-68
1747048299.1483634,71,8,-110
1747048299.1833634,17,-49,54
1747048299.2183633,-18,-65,-117
1747048299.2543633,57,8,-99
1747048299.2893634,15,34,-53
1747048299.3253634,-20,27,-31
1747048299.3603632,-24,-31,22
1747048299.3963633,-3,-12,-1
1747048299.431363,36,-34,72
1747048299.4663634,3,-14,80
1747048299.5023634,-28,-8,12
1747048299.5373633,53,67,0
1747048299.5733633,-42,-60,14
1747048299.6083634,-28,-52,98
1747048299.6443634,2,-14,37
1747048299.6793633,76,57,-50
1747048299.714363,107,38,-28
1747048299.750363,-8,-76,5
1747048299.7853634,29,-7,18
1747048299.8213634,13,-9,17
1747048299.8563633,15,-45,121
1747048299.8923633,27,-3,-31
1747048299.9273634,32,65,-4
1747048299.9623632,46,45,-34
1747048299.9983633,-22,-55,-56
1747048300.033363,-78,16,3
1747048300.0693634,-42,-37,-73
1747048300.1043634,-67,6,59
1747048300.1403637,-23,18,56
1747048300.1753633,-41,-51,70
1747048300.2103634,76,38,52
1747048300.2463634,-12,9,80
1747048300.2813632,-86,-90,-29
1747048300.3173633,26,12,-39
1747048300.352363,73,-52,150
1747048300.3883634,-9,-3,76
1747048300.4233634,46,-19,-36
1747048300.4583633,-21,-5,114
1747048300.4943633,18,10,-19
1747048300.5293634,144,20,6
1747048300.5653634,65,-13,106
1747048300.6003633,-13,62,12
1747048300.6363633,-63,28,-33
1747048300.6713634,41,16,-25
1747048300.7063634,-5,-7,31
1747048300.7423637,-4,-25,71
1747048300.7773633,53,32,-42
1747048300.8133633,-134,-25,-88
1747048300.8483634,31,46,48
1747048300.8843634,-7,-44,-45
1747048300.9193633,-1,9,-63
1747048300.954363,-9,29,8
1747048300.9903634,-57,17,54
1747048301.0253634,12,94,18
1747048301.0613637,12,-29,2
1747048301.0963633,16,-8,-57
1747048301.132363,-15,-11,66
1747048301.168363,-15,17,58
1747048301.2033634,-15,19,-5
1747048301.2383633,8,-96,-13
1747048301.2743633,-55,-86,-90
1747048301.3103633,-17,6,-7
1747048301.3453634,2,71,68
1747048301.3813634,-47,51,-25
1747048301.4163637,22,-35,74
1747048301.451363,-19,-5,-135
1747048301.4863634,18,22,68
1747048301.5293634,-7,8,46
1747048301.566363,44,21,42
1747048301.6013634,70,47,12
1747048301.6373634,-39,-24,-161
1747048301.6723633,8,49,74
1747048301.7073634,-37,21,32
1747048301.7423637,-81,-76,-39
1747048301.7783637,-27,50,-11
1747048301.8143632,84,-79,72
1747048301.849363,-35,4,-37
1747048301.885363,-39,-53,-59
1747048301.9203634,80,3,78
1747048301.9553633,-101,-16,56
1747048301.9903634,34,-5,-45
1747048302.0263634,-35,4,40
1747048302.0623634,42,-9,24
1747048302.0973637,52,-7,-117
1747048302.1333632,76,9,32
1747048302.168363,16,-6,92
1747048302.2033634,-87,-8,-45
1747048302.2383633,30,37,-23
1747048302.2743633,-9,-26,176
1747048302.3103633,-15,-36,-34
1747048302.3453634,4,-72,-9
1747048302.3813634,9,31,-74
1747048302.4163637,-15,13,10
1747048302.451363,0,71,100
1747048302.4863634,-23,-26,-21
1747048302.5223634,98,45,6
1747048302.5583634,-13,-32,-45
1747048302.5933633,-49,-44,52
1747048302.6293633,1,-37,56
1747048302.6643634,-30,-57,46
1747048302.6993637,-18,-5,-69
1747048302.7343633,21,-57,-42
1747048302.770363,-8,-6,-108
1747048302.806363,-64,-8,64
1747048302.8413634,-50,-2,-13
1747048302.8773634,53,-44,-13
1747048302.9123633,-42,-10,-19
1747048302.9473634,-20,-26,10
1747048302.9823637,-12,55,-75
1747048303.0183637,-62,7,-51
1747048303.0543633,9,-54,16
1747048303.089363,-8,55,0
1747048303.125363,-10,-22,60
1747048303.1603634,63,11,58
1747048303.1953633,40,-31,60
1747048303.2303634,-14,48,-3
1747048303.2663634,-54,-55,42
1747048303.3023634,27,-1,26
1747048303.3373632,-8,-47,-27
1747048303.3733633,-42,46,6
1747048303.408363,34,5,24
1747048303.4433634,-4,16,42
1747048303.4783633,37,-19,76
1747048303.5143633,0,-47,-99
1747048303.5503633,43,-91,50
1747048303.5853634,0,-13,-115
1747048303.6213634,47,64,58
1747048303.6563632,-52,40,188
1747048303.691363,-33,-22,-21
1747048303.7263634,-133,15,-83
1747048303.7623634,-9,-10,-5
1747048303.7983634,24,-40,34
1747048303.8333633,38,-16,80
1747048303.8693633,57,-1,-71
1747048303.9043634,-34,39,-19
1747048303.9393632,-20,79,68
1747048303.974363,27,17,-37
1747048304.010363,45,21,86
1747048304.0463634,-36,-4,132
1747048304.0813634,53,3,-19
1747048304.1173637,-1,25,-3
1747048304.1523633,65,53,112
1747048304.1873634,-83,29,-49
1747048304.2233634,-25,-118,-66
1747048304.2583632,-16,9,-7
1747048304.2943633,51,23,150
1747048304.329363,5,-34,-51
1747048304.3653634,-79,21,146
1747048304.4003634,-27,29,8
1747048304.4353633,62,19,-17
1747048304.4713633,-67,17,28
1747048304.5063634,63,-40,76
1747048304.5423634,-2,-44,22
1747048304.5773633,49,-16,-57
1747048304.6133633,-47,-22,92
1747048304.6483634,-69,3,-49
1747048304.6833634,32,-28,14
1747048304.7193637,-16,29,122
1747048304.7543633,-51,39,-49
1747048304.7903633,1,110,120
1747048304.8253634,-18,-37,-9
1747048304.8613634,86,-90,60
1747048304.8963633,-27,39,114
1747048304.931363,48,-22,-115
1747048304.9673634,-30,14,-17
1747048305.0023634,-58,30,-67
1747048305.0383637,-32,-31,72
1747048305.0733633,-33,46,-7
1747048305.1093633,5,-9,10
1747048305.1443634,-4,-9,22
1747048305.1793633,16,32,-135
1747048305.2153633,95,-85,-1
1747048305.250363,12,-133,114
1747048305.2863634,-55,-57,92
1747048305.3213634,2,-33,8
1747048305.3573637,-41,-43,-51
1747048305.3923633,-55,-49,-53
1747048305.4273634,67,0,-53
1747048305.4633634,-36,-74,-27
1747048305.4983633,-10,-13,22
1747048305.5343633,8,-47,34
1747048305.5693634,-37,-27,56
1747048305.6053634,25,-7,68
1747048305.6403637,5,70,-91
1747048305.6753633,-68,-43,-15
1747048305.7113633,3,58,-19
1747048305.7463634,-12,59,90
1747048305.7823634,84,-64,36
1747048305.8173633,-80,73,24
1747048305.8533633,-10,-22,46
1747048305.8893633,56,6,-87
1747048305.9243634,-5,44,-45
1747048305.9593637,21,0,0
1747048305.9953637,70,28,-11
1747048306.0313632,-45,54,4
1747048306.066363,-35,-35,-43
1747048306.102363,92,38,-15
1747048306.1373634,-1,-33,32
1747048306.1723633,-7,8,40
1747048306.2073634,-21,-45,178
1747048306.2433634,-19,-73,-33
1747048306.2793634,-39,-23,78
1747048306.3143632,8,52,52
1747048306.3503633,-15,21,80
1747048306.385363,-19,53,-7
1747048306.4203634,-27,13,60
1747048306.4553633,-16,-21,-27
1747048306.4913633,-21,29,104
1747048306.5273633,-109,5,52
1747048306.5623634,-10,24,-65
1747048306.5983634,-126,-47,102
1747048306.6333632,-57,-62,-51
1747048306.668363,10,45,98
1747048306.7033634,130,17,-25
1747048306.7393634,8,-2,-31
1747048306.7753634,72,-28,20
1747048306.8103633,-40,2,68
1747048306.8463633,-1,-60,80
1747048306.8813634,17,8,-111
1747048306.9163637,33,3,-37
1747048306.951363,0,-10,110
1747048306.987363,31,4,30
1747048307.0233634,-104,9,2
1747048307.0583634,10,-47,-69
1747048307.0943637,-29,-25,28
1747048307.1293633,12,-53,-5
1747048307.1643634,38,46,-79
1747048307.1993637,-17,-1,-135
1747048307.2353632,61,-21,26
1747048307.2713633,3,28,24
1747048307.306363,-26,-21,103
1747048307.3423634,-32,-57,4
1747048307.3773634,73,-5,-55
1747048307.4123633,-68,36,-21
1747048307.4473634,-4,111,-33
1747048307.4833634,17,-36,12
1747048307.5193634,-82,73,224
1747048307.5543633,10,-68,44
1747048307.5903633,-7,-24,-19
1747048307.625363,34,30,-99
1747048307.6603634,-21,7,50
1747048307.6953633,-11,-37,-177
1747048307.7313633,-17,-5,22
1747048307.7673633,22,-16,-33
1747048307.8023634,-7,-44,-103
1747048307.8383634,16,-63,26
1747048307.8733633,-39,-33,-19
1747048307.908363,-23,-28,4
1747048307.9433634,-6,-82,-103
1747048307.9793634,21,-42,32
1747048308.0153637,-14,-72,60
1747048308.0503633,49,-24,44
1747048308.0863633,-38,9,28
1747048308.1213634,-36,-12,-85
1747048308.1563632,-94,57,-7
1747048308.191363,-2,-4,150
1747048308.227363,19,30,-68
1747048308.2633634,-67,82,-111
1747048308.2983634,-8,47,127
1747048308.3343637,-54,-40,15
1747048308.3693633,-12,-10,-95
1747048308.4043634,-60,14,88
1747048308.4393632,-10,43,88
1747048308.4753633,63,23,-1
1747048308.5113633,58,-59,36
1747048308.5463634,3,-18,0
1747048308.5823634,-40,9,94
1747048308.6173637,-77,12,57
1747048308.6523633,22,6,-71
1747048308.6883633,-29,28,-87
1747048308.7233634,68,32,-19
1747048308.7593634,-14,-69,-77
1747048308.7943633,-23,-39,24
1747048308.8303633,88,-49,14
1747048308.8653634,21,-50,64
1747048308.9003634,-44,55,-1
1747048308.9363637,137,-66,34
1747048308.9713633,3,5,-89
1747048309.007363,-22,49,96
1747048309.0423634,-66,-26,-39
1747048309.0783634,-60,7,-55
1747048309.1133633,-2,35,-35
1747048309.1483634,-69,-33,-19
1747048309.1843634,58,-39,-11
1747048309.2193637,20,22,94
1747048309.2553637,57,-7,-3
1747048309.2903633,-18,24,50
1747048309.326363,32,-37,100
1747048309.3613634,40,-56,-29
1747048309.3963633,30,-9,156
1747048309.4323633,54,56,140
1747048309.4673634,-14,9,116
1747048309.5033634,-32,-50,-3
1747048309.5383637,0,-7,68
1747048309.5743637,-46,53,32
1747048309.6093633,-22,13,-27
1747048309.6443634,35,-23,72
1747048309.6803634,77,42,82
1747048309.7153633,39,-11,112
1747048309.7513633,-88,16,4
1747048309.7863634,-30,0,76
1747048309.8223634,-62,32,78
1747048309.8573637,63,32,84
1747048309.8923633,32,-34,34
1747048309.928363,48,39,-141
1747048309.9633634,48,1,66
1747048310.000363,6,11,68
1747048310.0353634,-9,51,32
1747048310.0713634,71,-16,84
1747048310.1063633,19,-46,-33
1747048310.1423633,-52,-28,38
1747048310.1773634,15,3,48
1747048310.2123632,-30,-14,30
1747048310.2483633,-36,-72,44
1747048310.283363,-32,53,-75
1747048310.3193634,9,21,-51
1747048310.3543634,-50,-14,2
1747048310.3903637,82,6,-55
1747048310.4253633,-9,12,134
1747048310.4603634,30,6,88
1747048310.4963634,-1,-67,32
1747048310.5313632,-25,-13,-11
1747048310.5673633,68,16,82
1747048310.602363,90,36,-67
1747048310.6373634,-87,-53,94
1747048310.6723633,-51,-47,128
1747048310.7083633,70,30,-25
1747048310.7443633,-85,-21,38
1747048310.7793634,38,25,14
1747048310.8153634,-31,-28,104
1747048310.8503633,-29,88,44
1747048310.885363,-21,56,72
1747048310.9203634,-25,36,-91
1747048310.9563634,-63,34,-47
1747048310.9923637,-12,4,48
1747048311.0273633,-68,48,-69
1747048311.0633633,30,6,-79
1747048311.0983634,20,-33,-33
1747048311.1333632,60,-11,-73
1747048311.168363,9,-23,64
1747048311.204363,33,30,-49
1747048311.2403634,-46,36,124
1747048311.2753634,49,-3,-34
1747048311.3113637,-42,54,58
1747048311.3463633,-28,-19,68
1747048311.3813634,7,54,-49
1747048311.4163637,21,8,-95
1747048311.4523633,-42,50,82
1747048311.4883633,33,-1,130
1747048311.530363,10,-51,42
1747048311.5673633,-12,27,-51
1747048311.602363,31,13,32
1747048311.6373634,20,60,-27
1747048311.6723633,-24,-14,-45
1747048311.7083633,51,27,-23
1747048311.7443633,-11,-59,-71
1747048311.7793634,14,-59,-117
1747048311.8153634,88,-3,-21
1747048311.8503633,6,22,-31
1747048311.885363,90,58,66
1747048311.9203634,-23,-25,-11
1747048311.9563634,22,28,66
1747048311.9923637,60,20,96
1747048312.0273633,50,6,102
1747048312.0633633,22,-25,84
1747048312.0983634,-87,10,-58
1747048312.1333632,-90,15,-53
1747048312.168363,-20,-16,110
1747048312.204363,45,-50,78
1747048312.2403634,-74,-27,66
1747048312.2753634,-5,6,113
1747048312.3113637,18,2,50
1747048312.3463633,17,3,-27
1747048312.3813634,-3,-9,-35
1747048312.4163637,30,-91,110
1747048312.4523633,-1,56,-5
1747048312.4883633,85,-30,-41
1747048312.5233634,-12,9,-1
1747048312.5593634,79,-60,126
1747048312.5943637,-44,-10,-109
1747048312.6293633,-44,47,112
1747048312.6643634,43,83,28
1747048312.7003634,69,-20,36
1747048312.7363634,-36,11,-83
1747048312.7713633,-12,-4,146
1747048312.8073633,-52,65,-17
1747048312.8423634,-19,27,-57
1747048312.8773634,-83,13,100
1747048312.9123633,-81,9,104
1747048312.9483633,-9,11,-15
1747048312.9843633,40,1,-21
1747048313.0193634,50,5,80
1747048313.0553634,36,15,-19
1747048313.0903633,58,0,54
1747048313.125363,84,21,24
1747048313.1603634,36,88,-29
1747048313.1963634,-31,-26,22
1747048313.2323637,-35,-27,14
1747048313.2673633,-29,16,52
1747048313.303363,-85,-31,-30
1747048313.3383634,116,-35,148
1747048313.3733633,98,18,-19
1747048313.408363,42,22,-47
1747048313.4443634,48,-21,-67
1747048313.4803634,22,-19,82
1747048313.5153637,4,-39,-59
1747048313.5513637,61,5,46
1747048313.5863633,52,-1,-21
1747048313.6213634,32,-21,-35
1747048313.6573634,16,-55,18
1747048313.6923633,34,-20,14
1747048313.7283633,-57,19,-3
1747048313.7633634,52,-24,14
1747048313.7993634,2,65,36
1747048313.8343637,72,21,24
1747048313.8693633,27,-90,78
1747048313.905363,1,9,-3
1747048313.9403634,7,35,70
1747048313.9763634,21,24,-103
1747048314.0113633,87,48,-51
1747048314.0473633,49,-17,-19
1747048314.0823634,-10,2,21
1747048314.1173637,-14,107,-29
1747048314.1533637,17,42,53
1747048314.1883633,135,-38,34
1747048314.224363,-35,-3,93
1747048314.2593634,46,68,48
1747048314.2953634,52,-69,10
1747048314.3303633,76,-42,-3
1747048314.3653634,-36,5,-29
1747048314.4013634,13,23,-73
1747048314.4363637,-38,20,42
1747048314.4723637,-2,-22,40
1747048314.507363,-18,-40,80
1747048314.543363,-16,69,4
1747048314.5783634,-42,15,70
1747048314.6133633,-19,32,112
1747048314.6493633,-13,-55,0
1747048314.6843634,20,24,-59
1747048314.7203634,12,16,-69
1747048314.7553637,14,-27,-75
1747048314.7913637,-5,30,-47
1747048314.826363,-51,68,-115
1747048314.8613634,-21,16,-33
1747048314.8973634,-27,0,-11
1747048314.9323633,-39,-23,-127
1747048314.9683633,-11,8,58
1747048315.0033634,56,-26,60
1747048315.0393634,-79,-29,86
1747048315.0743637,52,-19,-79
1747048315.1093633,-9,-73,74
1747048315.145363,-53,-25,-17
1747048315.1803634,18,-37,12
1747048315.2163634,-57,-29,-83
1747048315.2513633,26,42,66
1747048315.2863634,80,8,32
1747048315.3213634,-15,-25,80
1747048315.3573637,-47,98,-5
1747048315.3933637,-89,2,-21
1747048315.428363,8,22,68
1747048315.464363,33,26,-37
1747048315.4993634,32,8,6
1747048315.5343633,42,-48,174
1747048315.5693634,-45,0,-1
1747048315.6053634,32,5,114
1747048315.6413634,-1,-27,-39
1747048315.6763637,-67,-4,56
1747048315.7123632,-31,-38,2
1747048315.747363,18,-45,184
1747048315.7823634,10,-20,10
1747048315.8173633,-41,-30,-2
1747048315.8533633,12,7,31
1747048315.8893633,-75,71,24
1747048315.9243634,-16,16,73
1747048315.9603634,41,-7,-3
1747048315.9953637,79,34,-79
1747048316.030363,-6,58,92
1747048316.0653634,15,-5,94
1747048316.1013634,-4,-21,30
1747048316.1373634,5,10,-138
1747048316.1723633,-36,-27,-107
1747048316.2083633,55,18,-39
1747048316.2433634,14,-57,30
1747048316.2783637,64,-21,-9
1747048316.3133633,1,7,-11
1747048316.349363,-22,29,48
1747048316.385363,-62,29,22
1747048316.4203634,79,-6,-65
1747048316.4563634,33,-62,30
1747048316.4913633,-15,42,4
1747048316.5263634,9,-14,-59
1747048316.5613637,-48,22,78
1747048316.5973637,7,0,26
1747048316.6333632,-64,58,-123
1747048316.668363,-10,-17,46
1747048316.704363,-41,14,2
1747048316.7393634,38,2,58
1747048316.7743633,-28,-89,-57
1747048316.8093634,58,-57,90
1747048316.8453634,-29,0,-99
1747048316.8813634,-51,24,106
1747048316.9163637,-46,-57,8
1747048316.9523633,-48,-19,22
1747048316.987363,-21,17,86
1747048317.0223634,63,-31,24
1747048317.0573633,-29,-25,18
1747048317.0933633,6,0,88
1747048317.1293633,60,-19,76
1747048317.1643634,-27,36,72
1747048317.2003634,-89,-67,-107
1747048317.2353632,33,35,-7
1747048317.270363,123,-48,100
1747048317.3053634,0,-11,12
1747048317.3413634,-32,33,-39
1747048317.3773634,-20,17,10
1747048317.4123633,-30,-32,8
1747048317.4483633,-6,-39,150
1747048317.4833634,63,-75,-175
1747048317.5183637,27,-5,-27
1747048317.553363,-14,25,-29
1747048317.589363,-56,19,50
1747048317.625363,49,-64,-31
1747048317.6603634,-24,51,64
1747048317.6963634,-20,81,-53
1747048317.7313633,15,37,102
1747048317.7663634,67,-7,-11
1747048317.8013637,9,-1,-5
1747048317.8373632,23,0,82
1747048317.8733633,-26,-86,106
1747048317.908363,13,-122,-9
1747048317.9443634,-52,15,36
1747048317.9793634,67,-16,-35
1747048318.0143633,17,-12,14
1747048318.0493634,55,47,-47
1747048318.0853634,85,-2,36
1747048318.1213634,1,1,40
1747048318.1563632,33,45,-77
1747048318.1923633,13,41,20
1747048318.227363,-46,-44,-21
1747048318.2623634,11,-2,122
1747048318.2983634,-12,3,54
1747048318.3333633,-26,-12,-58
1747048318.3693633,-56,1,-54
1747048318.4043634,-7,11,67
1747048318.4403634,-126,-10,-40
1747048318.4753633,-32,-14,88
1747048318.510363,-78,5,-37
1747048318.5463634,-44,-64,14
1747048318.5813634,19,-14,-95
1747048318.6173637,3,-44,-69
1747048318.6523633,53,-44,4
1747048318.6883633,15,-8,-81
1747048318.7233634,12,-15,48
1747048318.7583632,-12,3,172
1747048318.7943633,-17,-7,70
1747048318.829363,-5,8,-7
1747048318.8653634,51,-28,82
1747048318.9003634,-37,20,126
1747048318.9363637,24,-29,36
1747048318.9713633,-31,-49,94
1747048319.0063634,-109,40,130
1747048319.0423634,41,16,-54
1747048319.0773633,45,60,13
1747048319.1143634,-93,-8,47
1747048319.1493633,84,29,60
1747048319.1853633,-24,60,-83
1747048319.2203634,41,-1,122
1747048319.2563634,-16,-9,98
1747048319.2913637,35,10,-7
1747048319.326363,-40,36,-161
1747048319.362363,1,-9,40
1747048319.3973634,-42,2,12
1747048319.4333634,21,36,158
1747048319.4683633,-88,48,46
1747048319.5043633,-28,34,-191
1747048319.5393634,30,8,86
1747048319.5743637,-55,-3,28
1747048319.6103632,-86,12,-63
1747048319.645363,-30,-21,-63
1747048319.681363,-28,37,-17
1747048319.7163634,91,38,-31
1747048319.7523634,13,-7,-205
1747048319.7873633,5,-5,40
1747048319.8223634,-60,-1,-93
1747048319.8583634,25,-1,12
1747048319.8933637,-32,20,-5
1747048319.9293633,18,-17,46
1747048319.964363,48,58,-81
1747048319.9993634,59,-36,62
1747048320.0343633,-56,7,-28
1747048320.0703633,3,3,13
1747048320.1063633,-16,-4,10
1747048320.1413634,79,-46,-32
1747048320.1773634,80,-19,76
1747048320.2123632,-40,22,-13
1747048320.247363,-48,6,-47
1747048320.2823634,17,2,38
1747048320.3183634,39,-31,34
1747048320.3543634,67,-11,-17
1747048320.3893633,85,8,36
1747048320.4253633,-20,44,-53
1747048320.4603634,-16,22,18
1747048320.4953637,29,-19,6
1747048320.530363,67,-45,-61
1747048320.566363,-86,28,-43
1747048320.602363,35,-17,62
1747048320.6373634,-41,31,84
1747048320.6733634,-17,-4,-173
1747048320.7083633,8,105,-155
1747048320.7433634,20,39,114
1747048320.7783637,10,-36,-103
1747048320.8143632,3,10,-17
1747048320.8503633,-5,21,14
1747048320.885363,36,27,6
1747048320.9213634,-56,-5,-39
1747048320.9563634,-7,-36,77
1747048320.9913633,12,17,149
1747048321.0263634,14,27,66
1747048321.0623634,24,-37,-55
1747048321.0983634,38,0,60
1747048321.1333632,-77,-38,56
1747048321.1693633,-25,-56,12
1747048321.204363,-13,8,12
1747048321.2393634,-41,18,-3
1747048321.2743633,-27,0,-23
1747048321.3103633,81,-18,-77
1747048321.3463633,24,-11,-91
1747048321.3813634,75,54,-36
1747048321.4173634,40,-7,16
1747048321.4523633,1,46,-33
1747048321.487363,56,17,-48
1747048321.5223634,-67,-4,45
1747049364.4113634,0,72,116
1747049364.4483633,-19,-33,46
1747049364.4833634,-40,18,-11
1747049364.5183637,33,92,-85
1747049364.553363,-58,-1,-13
1747049364.589363,-12,12,-13
1747049364.625363,119,-34,-47
1747049364.6603634,-26,35,88
1747049364.6963634,55,22,0
1747049364.7313633,-32,-40,158
1747049364.7663634,57,25,24
1747049364.8013637,-2,-12,94
1747049364.8373632,49,77,28
1747049364.8733633,54,-32,11
1747049364.908363,24,-48,2
1747049364.9443634,-15,-82,11
1747049364.9793634,-3,23,83
1747049365.0143633,-8,-32,-49
1747049365.0503633,49,-10,103
1747049365.0853634,-39,45,-1
1747049365.1213634,-22,0,-42
1747049365.1563632,-64,-58,119
1747049365.1923633,-50,23,69
1747049365.227363,115,-34,71
1747049365.2623634,7,-24,-72
1747049365.2983634,-46,-54,-10
1747049365.3333633,29,-79,89
1747049365.3693633,20,-33,-66
1747049365.4043634,-27,-39,-184
1747049365.4403634,-39,-7,43
1747049365.4753633,-9,36,71
1747049365.510363,-25,-29,51
1747049365.5463634,24,14,-48
1747049365.5813634,-3,-65,-40
1747049365.6173637,55,-3,-103
1747049365.6523633,41,1,84
1747049365.6883633,-32,-91,-47
1747049365.7233634,-36,-9,-5
1747049365.7583632,93,44,-27
1747049365.7943633,7,-86,142
1747049365.829363,-79,56,152
1747049365.8653634,-15,-9,92
1747049365.9003634,14,-77,52
1747049365.9363637,-31,-29,8
1747049365.9713633,62,12,-115
1747049366.0063634,25,102,-9
1747049366.0423634,22,-41,21
1747049366.0773633,12,-93,46
1747049366.1133633,8,26,1
1747049366.1483634,38,0,-74
1747049366.1843634,-3,32,-42
1747049366.2193637,5,-36,-6
1747049366.2543633,91,3,-70
1747049366.2903633,29,3,-60
1747049366.3253634,-50,-10,55
1747049366.3613634,-36,29,39
1747049366.3963633,1,-8,-94
1747049366.4323633,-49,-20,23
1747049366.4673634,75,51,-34
1747049366.5023634,-10,-24,-54
1747049366.5383637,19,-28,21
1747049366.5733633,3,85,-176
1747049366.6093633,113,-20,63
1747049366.6443634,12,24,-6
1747049366.6793633,-32,-19,-38
1747049366.714363,38,79,-6
1747049366.750363,26,-40,-76
1747049366.7863634,-28,22,35
1747049366.8213634,-21,7,17
1747049366.8573637,29,-37,-14
1747049366.8923633,20,-26,-56
1747049366.9273634,0,57,9
1747049366.9623632,-19,-16,21
1747049366.9983633,-48,-97,-40
1747049367.0343633,-14,14,31
1747049367.0693634,36,33,35
1747049367.1053634,46,81,15
1747049367.1403637,-8,-7,31
1747049367.1753633,-10,-33,103
1747049367.2103634,13,-9,51
1747049367.2463634,13,48,-48
1747049367.2823634,-16,62,143
1747049367.3173633,-110,2,-78
1747049367.3533633,81,-12,-180
1747049367.3883634,45,27,27
1747049367.4233634,0,-70,-62
1747049367.4583633,33,-30,59
1747049367.4943633,93,-4,-12
1747049367.530363,-16,-40,51
1747049367.5653634,57,-6,-98
1747049367.6013634,5,-16,-8
1747049367.6363633,13,43,-40
1747049367.6713634,27,18,163
1747049367.7063634,-80,15,-62
1747049367.7423637,-36,7,49
1747049367.7783637,-52,25,-34
1747049367.8133633,-14,63,23
1747049367.849363,-16,21,65
1747049367.8843634,59,27,-68
1747049367.9193633,91,-14,-2
1747049367.954363,33,-18,-78
1747049367.9903634,-78,41,-60
1747049368.0263634,74,4,-44
1747049368.0613637,-4,-27,21
1747049368.0973637,25,-11,5
1747049368.132363,-1,-65,-58
1747049368.1673634,24,-13,-8
1747049368.2023633,-12,47,-44
1747049368.2383633,30,22,-58
1747049368.2743633,9,25,-104
1747049368.3093634,-6,11,-24
1747049368.3453634,9,-42,-16
1747049368.3803637,-6,-14,73
1747049368.4153633,1,3,75
1747049368.4503634,3,-74,33
1747049368.4863634,-56,11,13
1747049368.5223634,-40,-52,49
1747049368.5573633,12,-22,51
1747049368.5933633,44,19,29
1747049368.6283634,48,-50,-2
1747049368.6633637,-29,9,-134
1747049368.6983633,20,0,11
1747049368.7343633,12,-48,-48
1747049368.770363,27,106,129
1747049368.8053634,33,-47,101
1747049368.8413634,-16,48,69
1747049368.8763633,39,-17,-6
1747049368.9113634,-60,46,7
1747049368.9463634,23,-55,-106
1747049368.9823637,155,62,37
1747049369.0183637,-28,19,-144
1747049369.053363,26,13,55
1747049369.089363,60,-50,19
1747049369.1243634,6,-66,79
1747049369.1593633,-61,23,15
1747049369.1943634,-13,-14,69
1747049369.2303634,0,69,37
1747049369.2663634,4,53,-42
1747049369.3013637,22,18,25
1747049369.3373632,-41,-39,-24
1747049369.372363,6,-45,-80
1747049369.4073634,-27,44,-28
1747049369.4423633,58,-23,41
1747049369.4783633,-3,-23,69
1747049369.5143633,-32,5,61
1747049369.5493634,-9,-5,41
1747049369.5853634,-5,32,-18
1747049369.6203637,58,64,-54
1747049369.655363,2,5,-80
1747049369.691363,-55,-28,-10
1747049369.7263634,38,59,0
1747049369.7623634,-79,-56,55
1747049369.7973633,-43,-24,-131
1747049369.8333633,22,-6,14
1747049369.8683634,-45,69,40
1747049369.9033637,50,79,-37
1747049369.9393632,28,-22,20
1747049369.974363,5,58,53
1747049370.010363,0,-75,99
1747049370.0453634,98,25,-26
1747049370.0813634,34,38,-62
1747049370.1163633,39,-11,30
1747049370.1513634,-12,-31,0
1747049370.1873634,-28,-27,-41
1747049370.2223637,-14,6,-1
1747049370.2583632,73,-46,-67
1747049370.293363,37,-34,19
1747049370.329363,21,-10,-19
1747049370.3643634,7,13,-25
1747049370.3993633,-41,9,50
1747049370.4353633,22,-8,8
1747049370.4703634,108,67,-37
1747049370.5063634,-31,-74,130
1747049370.5413637,56,-28,18
1747049370.5773633,-89,-18,-19
1747049370.612363,-75,3,-91
1747049370.6473634,13,-92,-57
1747049370.6833634,25,-92,46
1747049370.7183633,5,-16,8
1747049370.7543633,-55,-11,-21
1747049370.7893634,-23,-89,102
1747049370.8253634,-15,-79,72
1747049370.8603632,-47,2,106
1747049370.895363,-5,10,52
1747049370.931363,-27,-51,102
1747049370.9663634,8,-13,76
1747049371.0023634,20,-61,-1
1747049371.0373633,68,-41,-21
1747049371.0733633,18,13,44
1747049371.1083634,2,5,-20
1747049371.1433637,28,-16,8
1747049371.1793633,42,63,146
1747049371.214363,-5,0,8
1747049371.250363,78,-42,-33
1747049371.2853634,38,63,94
1747049371.3203633,-28,-35,4
1747049371.3553634,61,62,-137
1747049371.3913634,33,56,-111
1747049371.4273634,-56,78,86
1747049371.4623632,38,-49,80
1747049371.4983633,11,-14,-93
1747049371.533363,19,-22,-49
1747049371.5683634,-61,-27,92
1747049371.6033633,-5,-35,4
1747049371.6393633,-54,-34,72
1747049371.6753633,15,8,10
1747049371.7103634,-101,20,-57
1747049371.7463634,58,-25,-129
1747049371.7813632,-61,-15,22
1747049371.816363,12,-51,-23
1747049371.8513634,62,40,-116
1747049371.8873634,25,-10,-104
1747049371.9233634,17,27,30
1747049371.9583633,18,0,8
1747049371.9943633,-26,43,8
1747049372.030363,-2,-14,14
1747049372.066363,-32,23,-3
1747049372.1013634,1,-36,-33
1747049372.1363633,35,-82,-31
1747049372.1713634,0,-34,92
1747049372.2073634,73,29,114
1747049372.2433634,27,-68,12
1747049372.2783637,29,77,-3
1747049372.3143632,-41,58,174
1747049372.349363,10,4,4
1747049372.3843634,30,-19,-3
1747049372.4193633,-21,-5,44
1747049372.4553633,95,7,36
1747049372.4913633,-16,25,44
1747049372.5263634,33,47,-15
1747049372.5623634,-14,-36,-81
1747049372.5973637,0,-53,50
1747049372.632363,-78,-42,84
1747049372.6673634,72,-10,-69
1747049372.7033634,-22,25,2
1747049372.7393634,-8,-90,8
1747049372.7743633,-28,101,-71
1747049372.8103633,-5,-40,64
1747049372.8453634,-36,-33,-71
1747049372.8803637,37,2,66
1747049372.9153633,11,-66,-71
1747049372.951363,-2,1,84
1747049372.987363,63,-42,48
1747049373.0223634,-44,-42,-87
1747049373.0583634,7,35,102
1747049373.0933633,-32,-38,-101
1747049373.1283634,37,-64,-3
1747049373.1633637,37,47,4
1747049373.1993637,15,9,-81
1747049373.2353632,49,1,66
1747049373.270363,83,-24,62
1747049373.306363,15,17,4
1747049373.3413634,-40,-38,-11
1747049373.3763633,29,-38,10
1747049373.4113634,-80,-38,-41
1747049373.4473634,77,12,20
1747049373.4833634,-16,40,-137
1747049373.5183637,67,-11,-7
1747049373.5543633,49,-7,76
1747049373.589363,19,52,-11
1747049373.6243634,35,-6,-91
1747049373.6593633,52,-32,-45
1747049373.6953633,-36,-6,-19
1747049373.7313633,-64,-78,-7
1747049373.7663634,33,-2,62
1747049373.8023634,111,-26,53
1747049373.8373632,135,31,-122
1747049373.872363,-20,-80,53
1747049373.908363,-31,-19,-96
1747049373.9433634,-31,53,-41
1747049373.9793634,68,8,-47
1747049374.0143633,-23,2,-7
1747049374.0503633,-33,28,-55
1747049374.0853634,-39,-15,-9
1747049374.1203637,-33,-7,54
1747049374.1563632,-12,-20,10
1747049374.191363,-98,-10,28
1747049374.227363,-34,-36,-19
1747049374.2623634,-102,-22,144
1747049374.2983634,35,31,40
1747049374.3333633,31,-22,-19
1747049374.3683634,-98,9,-7
1747049374.4043634,19,-12,102
1747049374.4463634,-6,-46,-97
1747049374.4833634,-70,-18,-93
1747049374.5183637,-76,-12,-71
1747049374.5543633,19,81,-1
1747049374.589363,9,-12,50
1747049374.6243634,47,1,-55
1747049374.6603634,79,31,-7
1747049374.6953633,-26,7,65
1747049374.7313633,-16,9,27
1747049374.7663634,-2,11,91
1747049374.8023634,-2,29,73
1747049374.8373632,91,57,-56
1747049374.872363,29,-2,-14
1747049374.908363,-20,23,-14
1747049374.9433634,-78,-16,-120
1747049374.9793634,25,-18,0
1747049375.0143633,3,-1,-32
1747049375.0503633,39,-1,103
1747049375.0853634,8,-1,35
1747049375.1203637,15,8,-94
1747049375.1563632,41,16,-48
1747049375.191363,23,-13,-104
1747049375.227363,-10,0,1
1747049375.2623634,-77,-32,59
1747049375.2983634,-60,32,-29
1747049375.3333633,19,-1,82
1747049375.3683634,29,-7,-47
1747049375.4043634,77,54,36
1747049375.4393632,75,-79,54
1747049375.4753633,11,2,136
1747049375.510363,-23,-28,72
1747049375.5463634,-10,13,36
1747049375.5813634,19,-44,16
1747049375.6163633,47,-50,48
1747049375.6523633,-50,29,5
1747049375.6873634,1,-35,-40
1747049375.7233634,-20,-40,7
1747049375.7583632,45,-16,41
1747049375.7943633,10,20,-68
1747049375.829363,-3,76,19
1747049375.8643634,120,48,25
1747049375.9003634,10,-15,93
1747049375.9353633,4,39,-66
1747049375.9713633,-61,-72,-28
1747049376.0063634,-73,34,101
1747049376.0413637,-1,-41,61
1747049376.076363,32,-51,7
1747049376.112363,11,-112,97
1747049376.1483634,-69,-59,67
1747049376.1833634,4,56,-26
1747049376.2193637,5,-26,7
1747049376.2543633,0,31,103
1747049376.2893634,-18,-92,75
1747049376.3243637,55,-36,51
1747049376.3603632,15,-17,81
1747049376.3963633,-6,21,89
1747049376.431363,-9,42,55
1747049376.4673634,39,29,-62
1747049376.5023634,8,-35,19
1747049376.5373633,0,34,123
1747049376.5723634,0,8,57
1747049376.6083634,82,28,71
1747049376.6443634,24,53,-18
1747049376.6793633,24,14,-74
1747049376.7153633,64,-31,33
1747049376.750363,49,-6,81
1747049376.7853634,-28,9,-46
1747049376.8203633,-20,-12,1
1747049376.8563633,0,3,-138
1747049376.8923633,-22,13,15
1747049376.9273634,-8,-26,35
1747049376.9633634,-30,-5,-14
1747049376.9983633,35,28,-22
1747049377.033363,2,-38,21
1747049377.0683634,-1,35,95
1747049377.1043634,92,-78,31
1747049377.1403637,128,-40,-26
1747049377.1753633,6,-16,-4
1747049377.2113633,-15,-64,-82
1747049377.2463634,16,7,29
1747049377.2813632,-41,1,3
1747049377.316363,-17,31,-6
1747049377.352363,-17,-80,19
1747049377.3883634,0,4,-68
1747049377.4233634,80,-6,0
1747049377.4593637,-43,-50,-20
1747049377.4943633,10,67,12
1747049377.5293634,-49,5,-48
1747049377.5643632,-5,9,129
1747049377.6003633,-17,-18,-18
1747049377.6363633,-41,-79,-23
1747049377.6713634,-49,-71,12
1747049377.7073634,41,2,82
1747049377.7423637,-4,52,-111
1747049377.7773633,39,-37,43
1747049377.8123634,-74,44,17
1747049377.8483634,-52,74,-4
1747049377.8843634,-4,63,15
1747049377.9193633,5,-30,49
1747049377.9553633,9,-39,-32
1747049377.9903634,55,-21,41
1747049378.0253634,-62,14,-32
1747049378.0603633,-24,22,53
1747049378.0963633,33,-18,-104
1747049378.132363,103,-58,23
1747049378.1673634,5,-6,-18
1747049378.2033634,-20,73,-74
1747049378.2383633,-1,-54,-1
1747049378.2733634,-44,10,109
1747049378.3083634,17,9,-42
1747049378.3443637,6,23,-170
1747049378.3803637,48,-83,93
1747049378.4153633,1,-12,83
1747049378.451363,-1,22,51
1747049378.4863634,-23,36,53
1747049378.5213633,-13,20,143
1747049378.556363,20,-97,-12
1747049378.5923634,-55,-97,-46
1747049378.6283634,-31,-39,29
1747049378.6633637,21,58,-40
1747049378.6993637,40,-21,22
1747049378.7343633,46,55,-56
1747049378.7693634,28,23,-26
1747049378.8043633,12,15,187
1747049378.8403633,-29,53,65
1747049378.8763633,-11,-104,15
1747049378.9113634,20,-64,125
1747049378.9473634,24,77,105
1747049378.9823637,23,-22,58
1747049379.0173633,-6,47,54
1747049379.053363,-54,-35,32
1747049379.0883634,-30,34,86
1747049379.1243634,-22,44,-13
1747049379.1593633,-20,10,-29
1747049379.1953633,-4,-18,14
1747049379.2303634,55,0,86
1747049379.2653637,0,7,85
1747049379.3013637,51,14,-59
1747049379.3363633,-24,-39,-55
1747049379.372363,1,-13,-55
1747049379.4073634,-51,9,-17
1747049379.4433634,-53,35,-57
1747049379.4783633,52,-68,38
1747049379.5133634,-11,25,-27
1747049379.5493634,9,-7,42
1747049379.5843637,25,-29,-79
1747049379.6203637,-10,-76,2
1747049379.655363,-17,83,-77
1747049379.691363,67,-50,-71
1747049379.7263634,-2,-19,-39
1747049379.7613633,88,44,220
1747049379.7973633,-13,45,68
1747049379.8323634,-45,-20,86
1747049379.8683634,-45,-58,64
1747049379.9033637,-45,79,72
1747049379.9393632,-23,-12,26
1747049379.974363,16,-18,-41
1747049380.0093634,20,0,-63
1747049380.0453634,-18,37,-3
1747049380.0803633,29,-8,-13
1747049380.1163633,-25,-18,74
1747049380.1513634,-27,7,66
1747049380.1873634,-21,-64,46
1747049380.2223637,34,-58,56
1747049380.257363,-67,-104,18
1747049380.293363,82,69,-27
1747049380.3283634,-53,33,-19
1747049380.3643634,-15,47,-33
1747049380.3993633,-10,4,46
1747049380.4353633,-1,-25,-117
1747049380.4703634,-60,-15,0
1747049380.5053637,-54,-31,68
1747049380.5413637,9,-42,146
1747049380.576363,-19,-41,36
1747049380.612363,39,-20,26
1747049380.6473634,-62,-84,-25
1747049380.6833634,-26,9,-29
1747049380.7193637,5,35,112
1747049380.7543633,-32,69,46
1747049380.7893634,29,5,52
1747049380.8253634,-70,-36,-21
1747049380.8613634,88,-50,-27
1747049380.8963633,-47,-6,-135
1747049380.9323633,-54,-106,50
1747049380.9673634,33,-15,44
1747049381.0023634,-31,-1,52
1747049381.0373633,10,12,-91
1747049381.0733633,-64,-51,-49
1747049381.1093633,36,-25,108
1747049381.1443634,-52,-20,34
1747049381.1803634,-6,15,78
1747049381.2153633,-120,25,32
1747049381.250363,0,65,-7
1747049381.2853634,16,-21,112
1747049381.3213634,-46,25,82
1747049381.3573637,-70,-52,46
1747049381.3923633,75,1,-17
1747049381.428363,-30,19,-17
1747049381.4633634,7,-54,6
1747049381.4983633,55,-6,-17
1747049381.533363,-4,-41,-49
1747049381.5693634,15,0,-43
1747049381.6053634,26,-11,-33
1747049381.6403637,77,133,6
1747049381.6763637,-3,-33,48
1747049381.7113633,-31,-57,18
1747049381.7463634,-9,-19,56
1747049381.7813632,-2,-10,40
1747049381.8173633,17,0,86
1747049381.8533633,-41,36,54
1747049381.8883634,-21,8,-81
1747049381.9243634,-5,6,-35
1747049381.9593637,-59,50,-29
1747049381.9943633,-21,48,36
1747049382.0293634,-41,94,130
1747049382.0653634,22,-19,-3
1747049382.1013634,-12,-25,94
1747049382.1363633,0,28,-109
1747049382.1723633,77,22,76
1747049382.2073634,-63,51,-61
1747049382.2423637,-19,-34,52
1747049382.2773633,-64,-13,22
1747049382.3133633,25,-11,46
1747049382.349363,75,-1,4
1747049382.3843634,0,83,4
1747049382.4203634,-31,-12,-9
1747049382.4553633,108,-10,-23
1747049382.4903634,2,5,-41
1747049382.5253634,17,-11,-45
1747049382.5613637,59,-10,6
1747049382.5973637,114,80,80
1747049382.632363,8,-9,-87
1747049382.668363,43,-19,34
1747049382.7033634,49,10,-51
1747049382.7383633,35,8,-51
1747049382.7733634,-64,42,18
1747049382.8093634,7,67,-69
1747049382.8453634,-78,29,26
1747049382.8803637,52,-5,16
1747049382.9163637,-6,23,-7
1747049382.951363,-29,2,-23
1747049382.9863634,-21,-29,42
1747049383.0213633,6,-67,-75
1747049383.0573633,-2,-50,10
1747049383.0933633,37,-34,84
1747049383.1283634,27,3,76
1747049383.1643634,-52,-9,-69
1747049383.1993637,-20,4,-35
1747049383.2343633,32,87,22
1747049383.2693634,-1,-48,2
1747049383.3053634,-27,-54,92
1747049383.3413634,-43,15,-70
1747049383.3763633,8,19,-91
1747049383.4123633,9,-74,24
1747049383.4473634,9,43,20
1747049383.4823637,81,-16,-42
1747049383.5173633,-17,-22,64
1747049383.553363,-41,39,-3
1747049383.589363,-9,-26,-5
1747049383.6243634,-34,5,-49
1747049383.6603634,66,-54,-25
1747049383.6953633,-19,77,26
1747049383.7303634,38,-60,28
1747049383.7663634,24,-16,-25
1747049383.8013637,48,23,-49
1747049383.8373632,16,19,36
1747049383.872363,8,47,92
1747049383.908363,86,-16,2
1747049383.9433634,85,44,102
1747049383.9783633,77,54,13
1747049384.0143633,39,6,-30
1747049384.0493634,64,11,120
1747049384.0853634,49,-61,-85
1747049384.1203637,-80,26,-41
1747049384.1563632,9,-7,-15
1747049384.191363,-51,-14,-65
1747049384.2263634,-11,25,-81
1747049384.2623634,54,39,148
1747049384.2973633,36,57,-39
1747049384.3333633,4,-18,72
1747049384.3683634,-40,-26,64
1747049384.4043634,-140,-16,8
1747049384.4393632,-43,-1,-3
1747049384.4813633,-47,0,-23
1747049384.5183637,6,26,89
1747049384.553363,-1,-16,-78
1747049384.589363,-7,-40,30
1747049384.6243634,-45,0,20
1747049384.6603634,96,-22,-47
1747049384.6953633,20,7,46
1747049384.7303634,48,55,4
1747049384.7663634,-6,-21,-104
1747049384.8013637,38,0,-32
1747049384.8373632,-49,-51,29
1747049384.872363,15,-51,-24
1747049384.908363,-22,66,-12
1747049384.9433634,41,18,-6
1747049384.9783633,-16,-3,65
1747049385.0143633,-56,-1,23
1747049385.0493634,27,-17,63
1747049385.0853634,-22,25,89
1747049385.1203637,-4,51,91
1747049385.1563632,-38,61,43
1747049385.191363,32,84,1
1747049385.2263634,45,-35,33
1747049385.2623634,79,-16,-114
1747049385.2973633,-58,19,1
1747049385.3333633,-40,-10,0
1747049385.3683634,15,7,75
1747049385.4033637,19,29,31
1747049385.4383633,-12,-74,-48
1747049385.474363,95,1,-60
1747049385.510363,-64,-17,87
1747049385.5453634,55,10,-70
1747049385.5813634,29,-7,47
1747049385.6163633,2,-92,59
1747049385.6513634,-13,-12,-94
1747049385.6863637,-31,-6,45
1747049385.7223637,12,0,0
1747049385.7583632,3,38,-102
1747049385.793363,-44,-93,47
1747049385.829363,-36,-41,47
1747049385.8643634,-12,-13,-90
1747049385.8993633,44,-31,51
1747049385.9343634,15,-47,-4
1747049385.9703634,0,-1,-26
1747049386.0063634,-28,12,13
1747049386.0413637,70,-25,-76
1747049386.0773633,21,24,-54
1747049386.112363,-11,-31,-108
1747049386.1473634,-29,-1,-62
1747049386.1823633,44,-15,-32
1747049386.2183633,-9,88,7
1747049386.2543633,-33,12,67
1747049386.2893634,-54,-29,-56
1747049386.3253634,-6,-53,-44
1747049386.3603632,29,76,35
1747049386.395363,-2,-27,-42
1747049386.4303634,-19,-1,-18
1747049386.4663634,-52,-49,-10
1747049386.5023634,-42,34,33
1747049386.5373633,-10,20,-24
1747049386.5733633,7,68,33
1747049386.6083634,49,-9,-152
1747049386.6433637,13,18,-38
1747049386.678363,-28,4,47
1747049386.714363,19,68,-76
1747049386.750363,111,-29,103
1747049386.7853634,-20,22,-36
1747049386.8213634,24,-1,67
1747049386.8563633,57,-17,19
1747049386.8913634,25,-9,-36
1747049386.9263637,31,14,-34
1747049386.9623632,-63,-51,73
1747049386.9983633,12,42,-36
1747049387.033363,72,0,-46
1747049387.0693634,-40,-1,37
1747049387.1043634,-47,-48,45
1747049387.1393633,56,3,-10
1747049387.1743634,-26,50,-32
1747049387.2103634,-38,-27,-28
1747049387.2463634,63,15,101
1747049387.2813632,29,77,57
1747049387.3173633,-30,17,13
1747049387.352363,63,15,47
1747049387.3873634,33,-41,49
1747049387.4223633,-78,16,101
1747049387.4583633,-10,-28,97
1747049387.4943633,-18,52,21
1747049387.5293634,31,-4,15
1747049387.5653634,-14,21,7
1747049387.6003633,16,2,57
1747049387.635363,-57,88,81
1747049387.6703634,-27,-31,9
1747049387.7063634,8,11,43
1747049387.7423637,-61,4,21
1747049387.7773633,66,68,105
1747049387.8133633,11,-26,37
1747049387.8483634,1,24,-58
1747049387.8833632,42,0,53
1747049387.918363,80,31,43
1747049387.954363,8,37,-38
1747049387.9903634,-54,-26,1
1747049388.0253634,36,-10,3
1747049388.0613637,-10,-17,-2
1747049388.0963633,39,0,-46
1747049388.1313634,7,-45,37
1747049388.1663637,-4,61,-20
1747049388.2023633,-20,26,-30
1747049388.2383633,-12,26,3
1747049388.2733634,13,62,7
1747049388.3093634,0,-3,15
1747049388.3443637,33,76,81
1747049388.3793633,-38,12,0
1747049388.4153633,18,2,99
1747049388.4503634,0,-57,3
1747049388.4863634,8,-25,17
1747049388.5213633,21,61,69
1747049388.5573633,113,53,-15
1747049388.5923634,-63,-30,113
1747049388.6273634,-7,-54,-9
1747049388.6633637,-49,37,67
1747049388.6983633,8,17,77
1747049388.7343633,-9,15,9
1747049388.7693634,4,-10,53
1747049388.8053634,132,7,51
1747049388.8403633,18,-22,23
1747049388.875363,90,-60,49
1747049388.9113634,-20,-46,49
1747049388.9463634,57,-47,-56
1747049388.9823637,24,-82,61
1747049389.0173633,-10,-16,51
1747049389.053363,-1,47,-1
1747049389.0883634,30,-29,-124
1747049389.1233633,45,1,61
1747049389.1593633,-6,21,53
1747049389.1943634,131,-68,-39
1747049389.2303634,-80,-14,41
1747049389.2653637,14,-47,-113
1747049389.3013637,70,-22,11
1747049389.3363633,22,15,173
1747049389.3713634,-7,-10,-29
1747049389.4073634,7,-2,31
1747049389.4423633,-82,51,-37
1747049389.4783633,19,-20,95
1747049389.5133634,-73,-43,11
1747049389.5493634,27,-48,-9
1747049389.5843637,-36,3,57
1747049389.6193633,39,12,85
1747049389.655363,21,36,103
1747049389.6903634,-64,0,39
1747049389.7263634,36,5,11
1747049389.7613633,33,-53,-44
1747049389.7973633,39,-8,87
1747049389.8323634,-48,-6,-47
1747049389.8673637,37,14,155
1747049389.9033637,-54,28,-2
1747049389.9383633,-48,-3,67
1747049389.974363,13,-41,-61
1747049390.0093634,105,68,67
1747049390.0443633,21,-39,41
1747049390.079363,25,-3,57
1747049390.1153634,131,-41,83
1747049390.1513634,-6,12,-23
1747049390.1863637,73,8,19
1747049390.2223637,25,-45,11
1747049390.257363,46,23,-51
1747049390.2923634,-59,-51,3
1747049390.3273633,-20,56,-5
1747049390.3633633,0,26,-26
1747049390.3993633,29,-29,41
1747049390.4343634,-30,-37,51
1747049390.4703634,13,-23,-6
1747049390.5053637,-46,44,-33
1747049390.5403633,-60,2,-9
1747049390.5753634,-29,10,39
1747049390.6113634,15,-51,-97
1747049390.6473634,-10,-13,-11
1747049390.6823633,-46,25,-75
1747049390.7183633,-30,-15,61
1747049390.7533634,-34,21,-51
1747049390.7883637,-34,-56,65
1747049390.8233633,25,-70,59
1747049390.8593633,8,-25,67
1747049390.895363,-1,-4,11
1747049390.9303634,40,-17,-5
1747049390.9663634,34,-24,77
1747049391.0013633,3,-14,73
1747049391.0363634,15,31,-46
1747049391.0713634,-8,-20,37
1747049391.1073637,-30,-22,-38
1747049391.1433637,29,25,63
1747049391.178363,15,-72,23
1747049391.214363,-35,-4,-33
1747049391.2493634,1,-48,43
1747049391.2843633,-4,-66,-13
1747049391.3193634,3,-40,7
1747049391.3553634,52,0,3
1747049391.3913634,33,53,47
1747049391.4263637,1,-10,-38
1747049391.4623632,32,-49,-18
1747049391.497363,9,-18,27
1747049391.5323634,-30,-36,-48
1747049391.5673633,23,3,0
1747049391.6033633,-40,-66,15
1747049391.6393633,3,1,5
1747049391.6743634,20,-17,95
1747049391.7103634,-42,-30,-152
1747049391.7453637,-29,22,-10
1747049391.780363,70,-34,-30
1747049391.8153634,64,-46,-46
1747049391.8513634,-41,-22,-18
1747049391.8873634,36,57,-25
1747049391.9223633,78,-34,86
1747049391.9583633,23,-4,48
1747049391.9933634,-4,-24,-7
1747049392.0283637,35,-62,-157
1747049392.0633633,54,51,-51
1747049392.099363,-41,-24,-27
1747049392.135363,30,3,-3
1747049392.1703634,-5,-48,-73
1747049392.2063634,32,-104,-75
1747049392.2413633,11,-16,40
1747049392.2763634,-36,-10,-17
1747049392.3113637,-31,-37,8
1747049392.3473637,-51,-23,-1
1747049392.3833632,18,-39,64
1747049392.418363,47,-47,12
1747049392.454363,37,80,114
1747049392.4893634,41,-25,-11
1747049392.5243633,-116,4,66
1747049392.5593634,-64,-1,28
1747049392.5953634,-8,75,-13
1747049392.6313634,-14,26,-12
1747049392.6663637,45,46,40
1747049392.7023633,-14,74,56
1747049392.737363,-17,-61,6
1747049392.7723634,-29,-11,10
1747049392.8073633,53,59,-53
1747049392.8433633,27,-38,-15
1747049392.8793633,33,11,2
1747049392.9143634,-20,9,76
1747049392.9503634,-10,37,22
1747049392.9853632,5,71,-3
1747049393.020363,-104,-78,-161
1747049393.056363,-32,6,40
1747049393.0913634,-73,68,136
1747049393.1273634,11,-1,58
1747049393.1623633,57,2,-55
1747049393.1983633,15,36,-7
1747049393.2333634,53,17,-19
1747049393.2683637,77,38,-137
1747049393.3043633,59,28,-25
1747049393.339363,87,-7,28
1747049393.375363,24,-9,-57
1747049393.4103634,26,-1,-67
1747049393.4463634,1,0,32
1747049393.4813633,-6,-11,-5
1747049393.5163634,-64,32,-143
1747049393.5523634,73,-7,-49
1747049393.5873632,-46,14,72
1747049393.6233633,0,10,82
1747049393.658363,23,36,-77
1747049393.6943634,-36,4,-111
1747049393.7293634,-30,-28,-65
1747049393.7643633,65,-10,-23
1747049393.8003633,25,-58,32
1747049393.8353634,-12,19,123
1747049393.8713634,17,43,-46
1747049393.9063632,-22,25,24
1747049393.9423633,77,9,141
1747049393.977363,35,-12,89
1747049394.0123634,-43,29,27
1747049394.0483634,14,5,43
1747049394.0833633,128,-2,-48
1747049394.1193633,-15,55,-17
1747049394.1543634,4,-63,76
1747049394.1903634,13,21,-7
1747049394.2253633,41,26,-7
1747049394.260363,-16,-81,90
1747049394.2963634,-41,-30,110
1747049394.3313634,31,-20,-27
1747049394.3673637,70,20,38
1747049394.4023633,-89,79,-5
1747049394.4383633,-3,-19,2
1747049394.4733634,-17,2,36
1747049394.5153637,52,36,129
1747049394.5523634,-9,-18,-10
1747049394.5873632,18,17,-40
1747049394.6233633,12,-20,-18
1747049394.658363,-1,5,-108
1747049394.6933634,-61,14,7
1747049394.7283633,-15,18,23
1747049394.7643633,24,-37,81
1747049394.8003633,-83,4,31
1747049394.8353634,-2,-71,81
1747049394.8713634,1,-53,49
1747049394.9063632,-25,-75,45
1747049394.941363,67,66,-10
1747049394.9763634,9,44,-2
1747049395.0123634,27,-17,-102
1747049395.0483634,23,36,-46
1747049395.0833633,30,-29,-40
1747049395.1193633,72,-7,59
1747049395.1543634,53,-36,-14
1747049395.1893632,-44,5,39
1747049395.224363,0,-28,15
1747049395.260363,-7,52,121
1747049395.2963634,-56,-72,3
1747049395.3313634,9,-26,93
1747049395.3673637,-72,45,139
1747049395.4023633,-2,13,-2
1747049395.4373634,0,-132,7
1747049395.4723637,43,-36,21
1747049395.5083632,66,1,45
1747049395.5443633,-45,15,59
1747049395.579363,27,-17,21
1747049395.6153634,-12,-71,23
1747049395.6503634,-34,20,19
1747049395.6853633,-78,66,-8
1747049395.7203634,31,-15,-126
1747049395.7563634,27,-3,39
1747049395.7923634,85,-1,175
1747049395.8273633,1,52,43
1747049395.8633633,23,-50,171
1747049395.8983634,-14,-11,-24
1747049395.9333634,1,-108,-32
1747049395.9683633,3,-4,-16
1747049396.0043633,-6,-22,-32
1747049396.0403633,-48,-2,-30
1747049396.0753634,7,15,-42
1747049396.1113634,23,37,-86
1747049396.1463633,-126,15,71
1747049396.181363,117,-25,45
1747049396.2163634,33,-20,-12
1747049396.2523634,27,3,-20
1747049396.2883637,27,-52,13
1747049396.3233633,21,13,-40
1747049396.3593633,49,-4,11
1747049396.3943634,19,-14,-56
1747049396.4293633,45,41,59
1747049396.464363,-28,43,-44
1747049396.500363,35,45,45
1747049396.5363634,35,27,-44
1747049396.5713634,15,41,87
1747049396.6073637,-64,-14,43
1747049396.6423633,-22,28,-28
1747049396.6773634,11,58,5
1747049396.7123632,47,13,-20
1747049396.7483633,67,35,33
1747049396.7843633,-8,39,63
1747049396.8193634,-14,-24,-28
1747049396.8553634,87,-42,35
1747049396.8903637,5,-54,17
1747049396.9253633,53,77,67
1747049396.9603634,23,-27,-56
1747049396.9963634,89,-37,15
1747049397.0323634,-4,-55,0
1747049397.0673633,27,-104,57
1747049397.1033633,23,-8,45
1747049397.1383634,23,31,75
1747049397.1733634,61,-44,6
1747049397.2083633,7,31,1
1747049397.2443633,21,-70,-14
1747049397.280363,-52,77,-64
1747049397.3153634,-35,43,-90
1747049397.3513634,-9,-66,-28
1747049397.3863633,40,27,-72
1747049397.4213634,-7,1,1
1747049397.4563634,-17,-28,-112
1747049397.4923637,35,-45,10
1747049397.5283637,1,4,-28
1747049397.5633633,27,-21,77
1747049397.599363,27,-8,116
1747049397.6343634,56,57,-31
1747049397.6693633,-46,9,70
1747049397.7053633,-71,-3,-7
1747049397.7403634,39,-22,30
1747049397.7763634,67,-28,52
1747049397.8113637,-62,55,0
1747049397.8473637,-56,67,12
1747049397.882363,47,19,4
1747049397.9173634,53,-40,-15
1747049397.9533634,-24,43,-25
1747049397.9883633,-50,15,82
1747049398.0243633,-56,-50,-131
1747049398.0593634,29,-58,144
1747049398.0953634,-4,29,-123
1747049398.1303637,85,1,4
1747049398.1653633,28,5,-15
1747049398.201363,-54,50,-37
1747049398.2363634,7,-39,0
1747049398.2723634,-66,-5,48
1747049398.3073633,23,20,54
1747049398.3433633,-18,-43,26
1747049398.3783634,-20,52,172
1747049398.4133637,53,20,32
1747049398.4493637,-10,9,34
1747049398.4843633,13,35,60
1747049398.520363,19,36,-77
1747049398.5553634,-6,-20,-17
1747049398.5913634,-26,0,-133
1747049398.6263633,47,-75,-21
1747049398.6613634,-4,70,-17
1747049398.6973634,33,-34,-39
1747049398.7323637,-52,39,-123
1747049398.7683637,19,-12,46
1747049398.803363,-18,-16,34
1747049398.839363,25,-16,-17
1747049398.8743634,-58,8,-59
1747049398.9093633,-46,-35,14
1747049398.9453633,37,10,-19
1747049398.9803634,0,-71,52
1747049399.0163634,28,33,16
1747049399.0513637,4,-26,-95
1747049399.0873632,22,-8,-43
1747049399.122363,-69,59,2
1747049399.1573634,39,34,38
1747049399.1933634,-3,-2,-7
1747049399.2283633,-42,-19,-37
1747049399.2643633,-98,-28,-5
1747049399.2993634,40,9,-49
1747049399.3353634,-42,-56,4
1747049399.3713634,69,8,-43
1747049399.4063632,43,64,-43
1747049399.441363,-29,45,-33
1747049399.477363,-20,18,-39
1747049399.5133634,-88,22,92
1747049399.5483634,-69,5,12
1747049399.5843637,37,-10,-1
1747049399.6193633,-2,-14,28
1747049399.6543634,-20,23,80
1747049399.6893632,45,3,-43
1747049399.7253633,62,17,-3
1747049399.7613633,58,33,2
1747049399.7963634,6,-58,-21
1747049399.8323634,16,-22,-35
1747049399.8673637,-11,107,8
1747049399.9023633,94,-27,88
1747049399.9373634,-13,-30,106
1747049399.9733634,8,88,24
1747049400.0093634,-91,-1,-41
1747049400.0443633,-67,8,10
1747049400.0803633,-19,-29,-29
1747049400.1153634,36,-17,-5
1747049400.1503634,-47,-70,40
1747049400.1853633,34,-20,-43
1747049400.2213633,58,41,18
1747049400.257363,-53,11,-77
1747049400.2923634,58,19,-75
1747049400.3283634,22,-4,60
1747049400.3633633,-29,-48,24
1747049400.3983634,-8,-76,-7
1747049400.4333634,-67,-58,14
1747049400.4693637,2,-40,57
1747049400.5053637,-25,11,41
1747049400.5403633,-85,19,-4
1747049400.576363,-55,-31,27
1747049400.6113634,-53,-17,-12
1747049400.6463633,-16,11,91
1747049400.681363,92,4,-5
1747049400.7173634,4,-43,49
1747049400.7533634,-26,8,106
1747049400.7883637,-63,-19,-96
1747049400.8243637,50,12,82
1747049400.8593633,28,-55,-62
1747049400.8943634,40,-55,39
1747049400.9293633,-28,-22,-29
1747049400.9653633,-4,27,9
1747049401.0013633,-8,-40,-87
1747049401.0363634,13,11,61
1747049401.0723634,31,29,-57
1747049401.1073637,51,11,32
1747049401.1423633,17,77,50
1747049401.1773634,-12,-12,66
1747049401.2133634,-48,15,198
1747049401.2493634,-42,92,34
1747049401.2843633,3,21,124
1747049401.3203633,-24,-44,8
1747049401.3553634,-14,1,-63
1747049401.3903637,-24,-56,10
1747049401.4253633,-74,-16,-21
1747049401.4613633,-38,-72,52
1747049401.497363,-38,89,-25
1747049401.5323634,-17,-65,70
1747049401.5683634,54,-27,-87
1747049401.6033633,10,60,33
1747049401.6383634,10,12,89
1747049401.6733634,-33,32,93
1747049401.7093637,-66,18,-17
1747049401.7453637,38,-17,8
1747049401.780363,47,70,16
1747049401.816363,48,-7,-127
1747049401.8513634,-30,4,-5
1747049401.8863633,17,-23,-1
1747049401.9213634,-8,8,-33
1747049401.9573634,-68,8,-73
1747049401.9933634,-2,14,-17
1747049402.0283637,29,36,-13
1747049402.0643632,-45,-25,-63
1747049402.099363,19,-43,-87
1747049402.1343634,0,-3,90
1747049402.1693633,-60,-43,2
1747049402.2053633,41,-29,32
1747049402.2413633,-15,-27,152
1747049402.2763634,66,-37,-41
1747049402.3123634,-96,6,-55
1747049402.3473637,117,-39,-3
1747049402.382363,-10,-31,-51
1747049402.418363,7,54,76
1747049402.4533634,20,30,-49
1747049402.4893634,-32,-59,14
1747049402.5243633,83,-9,-95
1747049402.5603633,-31,30,-15
1747049402.5953634,41,-81,-25
1747049402.6303637,10,-73,-107
1747049402.6663637,113,50,-41
1747049402.701363,103,22,102
1747049402.737363,1,-15,-9
1747049402.7723634,93,20,-23
1747049402.8083634,-36,-37,6
1747049402.8433633,-50,-17,42
1747049402.8783634,86,-58,108
1747049402.9143634,40,13,50
1747049402.9493637,-51,19,-45
1747049402.9853632,4,73,48
1747049403.020363,9,38,-29
1747049403.056363,45,-33,114
1747049403.0913634,71,16,50
1747049403.1263633,15,-1,-29
1747049403.1623633,-41,18,4
1747049403.1973634,4,-65,-79
1747049403.2333634,-46,-16,56
1747049403.2683637,-11,-1,36
1747049403.3043633,-31,-33,-59
1747049403.339363,14,-53,44
1747049403.3743634,-63,-37,62
1747049403.4103634,69,-14,64
1747049403.4453633,7,-64,60
1747049403.4813633,-20,11,60
1747049403.5163634,27,-40,-75
1747049403.5523634,51,15,16
1747049403.5873632,-46,33,60
1747049403.622363,52,-42,34
1747049403.658363,12,63,-23
1747049403.6933634,-59,79,-49
1747049403.7293634,14,25,-39
1747049403.7643633,56,-2,-25
1747049403.8003633,46,0,140
1747049403.8353634,16,-2,62
1747049403.8703637,-15,5,-3
1747049403.9063632,-75,-50,-93
1747049403.941363,-29,23,48
1747049403.977363,-29,9,50
1747049404.0123634,0,-8,46
1747049404.0483634,23,94,-87
1747049404.0843637,-2,60,-23
1747049404.1193633,-138,5,64
1747049404.1543634,7,-35,68
1747049404.1903634,23,-41,0
1747049404.2263634,37,-22,-71
1747049404.2613633,13,21,8
1747049404.2973633,31,-44,-35
1747049404.3323634,-16,1,30
1747049404.3673637,-8,16,-4
1747049404.4023633,-70,-43,-101
1747049404.4383633,91,46,88
1747049404.474363,0,-41,20
1747049404.5163634,95,46,-15
1747049404.553363,55,18,-3
1747049404.5883634,-12,58,92
1747049404.6233633,-9,91,-55
1747049404.658363,-46,21,28
1747049404.6943634,-55,67,-115
1747049404.7303634,-4,-21,24
1747049404.7653637,-12,-46,88
1747049404.8013637,-20,28,-31
1747049404.8363633,-20,-11,8
1747049404.8713634,-34,53,-49
1747049404.9063632,23,11,16
1747049404.9423633,3,39,2
1747049404.9783633,0,-4,36
1747049405.0133634,50,-1,10
1747049405.0493634,11,23,46
1747049405.0843637,5,59,-80
1747049405.1193633,-86,42,139
1747049405.1543634,-86,-15,91
1747049405.1903634,23,0,-52
1747049405.2263634,-10,34,65
1747049405.2613633,45,36,1
1747049405.2973633,33,-6,-39
1747049405.3323634,-58,-12,-119
1747049405.3673637,-22,57,60
1747049405.4023633,-18,-74,-87
1747049405.4383633,-16,47,-43
1747049405.474363,113,15,48
1747049405.5093634,-1,-5,-69
1747049405.5453634,20,-3,-85
1747049405.5803633,34,48,-3
1747049405.6153634,-46,26,-85
1747049405.6503634,11,-43,16
1747049405.6863637,35,14,-85
1747049405.7223637,-58,-28,66
1747049405.757363,-94,19,28
1747049405.793363,-14,37,-53
1747049405.8283634,64,22,88
1747049405.8633633,43,29,-81
1747049405.8983634,-22,-46,62
1747049405.9343634,-62,-46,-47
1747049405.9703634,-28,-16,78
1747049406.0053637,56,31,-59
1747049406.0413637,67,89,-59
1747049406.076363,-85,27,144
1747049406.1113634,-19,8,-5
1747049406.1463633,24,108,82
1747049406.1823633,-11,-4,22
1747049406.2183633,50,-17,42
1747049406.2533634,18,38,-31
1747049406.2893634,-41,9,-81
1747049406.3243637,26,18,67
1747049406.3593633,8,-29,6
1747049406.3943634,-2,-43,-61
1747049406.4303634,19,8,-32
1747049406.4663634,23,-31,-48
1747049406.5013633,5,-52,15
1747049406.5373633,19,14,-54
1747049406.5723634,102,64,83
1747049406.6073637,-75,-3,-78
1747049406.6423633,-33,8,101
1747049406.678363,-37,18,43
1747049406.714363,30,-1,-24
1747049406.7493634,2,33,35
1747049406.7853634,29,-27,3
1747049406.8203633,-24,18,81
1747049406.8553634,-12,-10,37
1747049406.8903637,55,-20,23
1747049406.9263637,1,28,85
1747049406.9623632,-34,56,-56
1747049406.997363,49,26,-38
1747049407.033363,49,-5,-38
1747049407.0683634,35,27,37
1747049407.1033633,-22,-14,25
1747049407.1393633,58,38,-42
1747049407.1743634,5,83,49
1747049407.2103634,137,-68,109
1747049407.2453637,-43,-17,-26
1747049407.2813632,-20,-75,67
1747049407.316363,61,4,143
1747049407.3513634,71,-31,39
1747049407.3873634,92,0,-92
1747049407.4223633,-91,29,-120
1747049407.4583633,5,56,-36
1747049407.4933634,52,67,61
1747049407.5293634,26,79,-24
1747049407.5643632,-32,-71,23
1747049407.599363,26,61,-110
1747049407.635363,0,-5,-40
1747049407.6703634,-9,11,31
1747049407.7063634,-13,-12,31
1747049407.7413633,-3,19,-16
1747049407.7773633,49,51,-14
1747049407.8123634,-41,53,-36
1747049407.8473637,-39,-28,5
1747049407.8833632,-32,24,21
1747049407.918363,-54,29,51
1747049407.954363,20,-16,-6
1747049407.9893634,-3,71,47
1747049408.0253634,-53,69,-6
1747049408.0603633,-53,-32,107
1747049408.0953634,14,-28,31
1747049408.1313634,-33,-16,-50
1747049408.1663637,-21,35,47
1747049408.2023633,-15,27,33
1747049408.237363,-51,-56,83
1747049408.2733634,-51,33,51
1747049408.3083634,-18,37,43
1747049408.3433633,13,-22,-46
1747049408.3793633,-98,17,71
1747049408.4143634,-4,21,81
1747049408.4503634,57,-23,85
1747049408.4853632,-2,8,81
1747049408.5213633,-62,60,45
1747049408.556363,69,-21,-4
1747049408.5913634,-96,25,111
1747049408.6273634,23,-10,7
1747049408.6623633,23,-6,-32
1747049408.6983633,-36,-10,-86
1747049408.7333634,83,37,29
1747049408.7683637,-44,-39,-10
1747049408.803363,35,-65,73
1747049408.839363,75,-43,-56
1747049408.875363,59,40,191
1747049408.9103634,59,-17,57
1747049408.9463634,35,20,17
1747049408.9813633,-30,80,23
1747049409.0163634,-70,-51,75
1747049409.0513637,5,34,-76
1747049409.0873632,-16,4,101
1747049409.1233633,-116,-51,-50
1747049409.158363,1,-1,29
1747049409.1943634,21,-3,-72
1747049409.2293634,-42,-47,-46
1747049409.2643633,-57,51,-24
1747049409.2993634,-47,-18,11
1747049409.3353634,-84,-33,141
1747049409.3713634,-12,-59,43
1747049409.4063632,107,-65,-48
1747049409.4423633,3,-7,67
1747049409.477363,-34,26,105
1747049409.5123634,-18,-17,157
1747049409.5473633,-42,10,81
1747049409.5833633,27,32,-30
1747049409.6193633,-30,-27,-12
1747049409.6543634,-48,-31,59
1747049409.6903634,49,-61,-62
1747049409.7253633,-8,52,69
1747049409.760363,107,-17,47
1747049409.7953634,-2,74,89
1747049409.8313634,-128,-43,-2
1747049409.8673637,-8,24,-34
1747049409.9023633,-60,-17,15
1747049409.9383633,-6,-13,95
1747049409.9733634,-16,-15,99
1747049410.0083632,-20,-40,-54
1747049410.043363,-30,-43,1
1747049410.079363,67,30,1
1747049410.1153634,16,-20,43
1747049410.1503634,54,-22,129
1747049410.1863637,2,-12,-100
1747049410.2213633,-27,17,-96
1747049410.2563634,-55,-42,77
1747049410.2913637,28,0,119
1747049410.3273633,20,59,35
1747049410.3633633,-44,-29,1
1747049410.3983634,-32,-79,25
1747049410.4343634,-38,46,101
1747049410.4693637,19,-5,-92
1747049410.5043633,-11,47,-64
1747049410.5393634,14,-72,23
1747049410.5753634,-55,3,0
1747049410.6113634,26,-12,-40
1747049410.6463633,44,-38,75
1747049410.6823633,112,45,81
1747049410.7173634,-51,45,-134
1747049410.7523634,10,-80,-4
1747049410.7873633,-80,-81,-42
1747049410.8233633,-32,12,43
1747049410.8593633,5,-4,89
1747049410.8943634,-52,35,-2
1747049410.9303634,15,19,103
1747049410.9653633,-36,21,141
1747049411.000363,-18,3,-32
1747049411.0353634,11,-44,9
1747049411.0713634,-37,-86,71
1747049411.1073637,-29,-12,39
1747049411.1423633,7,-11,-36
1747049411.178363,-11,43,-84
1747049411.2133634,0,34,-32
1747049411.2483633,9,2,-30
1747049411.283363,-32,-47,-96
1747049411.3193634,-30,-25,29
1747049411.3553634,-16,32,-94
1747049411.3903637,39,0,33
1747049411.4263637,62,85,13
1747049411.4613633,53,68,-52
1747049411.4963634,88,-38,59
1747049411.5313632,38,35,-158
1747049411.5673633,-89,23,-40
1747049411.6033633,12,59,-30
1747049411.6383634,-39,-10,-48
1747049411.6743634,-16,-29,59
1747049411.7093637,-38,26,-16
1747049411.7443633,-10,12,17
1747049411.780363,-5,23,143
1747049411.8153634,-69,38,47
1747049411.8513634,-3,46,-52
1747049411.8863633,86,-73,-32
1747049411.9223633,-31,2,135
1747049411.9573634,-1,56,-24
1747049411.9923637,-23,64,75
1747049412.0283637,58,-17,-46
1747049412.0633633,29,8,1
1747049412.099363,-64,22,-30
1747049412.1343634,21,53,-36
1747049412.1703634,100,45,67
1747049412.2053633,2,-82,-106
1747049412.2403634,-51,70,113
1747049412.2763634,-20,-61,87
1747049412.3113637,-54,6,-24
1747049412.3473637,-46,8,19
1747049412.382363,141,22,-60
1747049412.418363,-10,-41,125
1747049412.4533634,63,12,43
1747049412.4883633,-20,-25,111
1747049412.5243633,-10,12,38
1747049412.5593634,-25,-14,-70
1747049412.5953634,2,-42,69
1747049412.6303637,-3,23,-19
1747049412.6663637,58,-32,-3
1747049412.701363,17,34,-39
1747049412.7363634,-14,3,216
1747049412.7723634,0,23,-5
1747049412.8073633,47,-34,-27
1747049412.8433633,-16,0,64
1747049412.8783634,17,10,46
1747049412.9143634,49,-21,-91
1747049412.9493637,58,-51,116
1747049412.9843633,-37,-29,90
1747049413.020363,-68,-50,24
1747049413.0553634,34,1,12
1747049413.0913634,105,19,70
1747049413.1263633,-8,11,-63
1747049413.1623633,-37,25,18
1747049413.1983633,6,27,22
1747049413.2343633,57,-32,-1
1747049413.270363,15,45,-13
1747049413.306363,-96,73,-5
1747049413.3423634,-2,27,52
1747049413.3773634,56,-24,-41
1747049413.4123633,16,65,62
1747049413.4483633,-8,-36,-137
1747049413.4843633,11,89,14
1747049413.5193634,-10,-4,-83
1747049413.5553634,7,-18,72
1747049413.5903633,-34,27,10
1747049413.625363,-13,-25,78
1747049413.6603634,31,-36,78
1747049413.6963634,26,99,120
1747049413.7323637,-24,17,-83
1747049413.7673633,25,-16,-19
1747049413.803363,-24,53,118
1747049413.8383634,11,31,20
1747049413.8733633,-22,0,20
1747049413.908363,46,59,96
1747049413.9443634,-55,41,102
1747049413.9803634,-22,-5,-145
1747049414.0153637,34,-64,130
1747049414.0513637,-29,23,48
1747049414.0863633,43,-15,-67
1747049414.1213634,26,113,58
1747049414.1563632,-25,-38,19
1747049414.1923633,97,46,55
1747049414.2283633,73,18,-39
1747049414.2633634,77,16,55
1747049414.2993634,-56,-44,41
1747049414.3343637,-52,113,-13
1747049414.3693633,-20,15,68
1747049414.4043634,60,17,-11
1747049414.4403634,29,-74,94
1747049414.4763634,37,-27,11
1747049414.5183637,51,24,81
1747049414.5553634,-92,16,87
1747049414.5903633,23,-5,136
1747049414.625363,-69,-19,49
1747049414.6603634,90,12,31
1747049414.6963634,110,20,-70
1747049414.7323637,-11,-10,-30
1747049414.7673633,-61,8,-18
1747049414.803363,-35,40,69
1747049414.8383634,-2,50,-1
1747049414.8733633,15,-21,30
1747049414.908363,-26,-18,79
1747049414.9443634,77,-34,-37
1747049414.9803634,-39,42,12
1747049415.0153637,48,-7,42
1747049415.0513637,56,-67,-31
1747049415.0863633,28,40,-79
1747049415.1213634,-55,-25,-37
1747049415.1563632,-71,28,38
1747049415.1923633,-31,-161,18
1747049415.2283633,47,-40,32
1747049415.2633634,7,3,-25
1747049415.2993634,82,24,-83
1747049415.3343637,-49,54,-93
1747049415.3693633,-27,16,-3
1747049415.4043634,-9,2,-17
1747049415.4403634,-51,34,-1
1747049415.4763634,48,32,54
1747049415.5113633,4,-39,-57
1747049415.5473633,-9,58,-47
1747049415.5823634,63,10,32
1747049415.6173637,119,-45,-25
1747049415.6523633,61,12,-63
1747049415.6883633,18,8,84
1747049415.724363,32,29,38
1747049415.7593634,-61,-17,80
1747049415.7953634,19,45,75
1747049415.8303633,-58,-9,86
1747049415.8653634,11,-85,66
1747049415.9003634,29,22,18
1747049415.9363637,-57,0,100
1747049415.9723637,2,2,74
1747049416.007363,28,-61,-15
1747049416.043363,-29,-27,26
1747049416.0783634,12,6,10
1747049416.1133633,6,30,-13
1747049416.1483634,-6,14,17
1747049416.1843634,65,-15,-19
1747049416.2203634,66,31,6
1747049416.2553637,26,-8,74
1747049416.2913637,-17,-62,44
1747049416.326363,-69,13,26
1747049416.3613634,-31,17,-39
1747049416.3973634,-59,-58,8
1747049416.4323633,48,27,-1
1747049416.4683633,-3,21,76
1747049416.5033634,-113,-52,-19
1747049416.5393634,6,-10,64
1747049416.5743637,-21,-20,7
1747049416.6093633,-32,0,62
1747049416.645363,-25,63,-91
1747049416.6803634,-13,19,-84
1747049416.7163634,78,-48,176
1747049416.7513633,30,-16,-65
1747049416.7873633,-73,-34,44
1747049416.8223634,-53,-2,38
1747049416.8573637,-20,-15,-43
1747049416.8933637,-128,-52,10
1747049416.928363,-53,-36,-39
1747049416.964363,-43,-6,8
1747049416.9993634,30,-28,102
1747049417.0353634,45,-59,6
1747049417.0703633,10,35,80
1747049417.1053634,-54,42,76
1747049417.1413634,54,21,108
1747049417.1763637,66,-38,48
1747049417.2123632,15,28,-3
1747049417.247363,-29,-52,-67
1747049417.283363,35,10,46
1747049417.3183634,89,-33,20
1747049417.3533633,34,-14,32
1747049417.3893633,-55,-4,-3
1747049417.4243634,-10,-31,-3
1747049417.4603634,34,-68,38
1747049417.4953637,90,47,-31
1747049417.5313632,-11,-6,-17
1747049417.566363,-45,0,-105
1747049417.6013634,-10,35,40
1747049417.6373634,-36,42,30
1747049417.6723633,29,-46,-41
1747049417.7083633,39,73,-57
1747049417.7433634,-6,-17,100
1747049417.7793634,17,-47,122
1747049417.8143632,-2,14,-101
1747049417.849363,39,34,52
1747049417.885363,13,52,50
1747049417.9203634,7,-93,130
1747049417.9563634,-120,-8,40
1747049417.9913633,-5,32,160
1747049418.0273633,-15,-28,-43
1747049418.0633633,-7,12,68
1747049418.0983634,10,8,56
1747049418.1333632,89,99,-79
1747049418.1693633,-14,29,-23
1747049418.2053633,-6,-6,26
1747049418.2403634,-2,-6,104
1747049418.2763634,-27,0,-49
1747049418.3113637,-24,-13,26
1747049418.3463633,-17,65,34
1747049418.3813634,-19,-26,98
1747049418.4173634,2,69,14
1747049418.4533634,-53,43,126
1747049418.4883633,-55,25,6
1747049418.5243633,-17,-14,2
1747049418.5593634,-29,39,14
1747049418.5943637,36,9,-19
1747049418.6293633,38,-62,-16
1747049418.6653633,24,-32,-25
1747049418.701363,-91,85,-15
1747049418.7363634,34,81,66
1747049418.7723634,32,-10,-85
1747049418.8073633,27,-50,202
1747049418.8423634,-28,19,118
1747049418.8773634,2,51,-107
1747049418.9133637,-21,33,84
1747049418.9493637,-19,-34,80
1747049418.9843633,40,-22,-55
1747049419.020363,-37,-46,34
1747049419.0553634,26,-18,22
1747049419.0903633,33,-71,6
1747049419.125363,4,-24,46
1747049419.1613634,12,25,110
1747049419.1973634,76,-50,60
1747049419.2323637,70,-19,-31
1747049419.2683637,-49,-17,-107
1747049419.303363,26,30,8
1747049419.3383634,21,27,-59
1747049419.3733633,127,5,-22
1747049419.4093633,79,-38,0
1747049419.4453633,7,-8,-80
1747049419.4803634,-4,85,-99
1747049419.5163634,13,27,18
1747049419.5513637,20,-27,-7
1747049419.5863633,95,13,-49
1747049419.6213634,30,-73,84
1747049419.6573634,22,4,76
1747049419.6933634,70,18,-83
1747049419.7283633,157,-24,-17
1747049419.7643633,19,31,102
1747049419.7993634,-66,0,58
1747049419.8343637,49,56,-19
1747049419.8693633,-10,2,-11
1747049419.905363,-7,-52,22
1747049419.941363,32,-42,5
1747049419.9763634,-49,-26,45
1747049420.0123634,-14,-19,-53
1747049420.0473633,-31,19,-33
1747049420.0823634,-81,47,-63
1747049420.1173637,4,-12,54
1747049420.1533637,-39,-38,-17
1747049420.1893632,78,-64,-21
1747049420.224363,33,-49,-31
1747049420.260363,-100,47,-29
1747049420.2953634,21,3,-23
1747049420.3303633,45,13,-116
1747049420.3653634,62,28,43
1747049420.4013634,62,6,23
1747049420.4373634,-31,-27,-47
1747049420.4723637,12,-27,-55
1747049420.5083632,-15,-13,54
1747049420.543363,-35,22,-44
1747049420.5783634,-47,74,-70
1747049420.6133633,-97,104,9
1747049420.6493633,-16,-33,-4
1747049420.6853633,-71,64,1
1747049420.7203634,32,-103,-14
1747049420.7563634,0,-41,-72
1747049420.7913637,71,-13,43
1747049420.826363,33,52,71
1747049420.8613634,19,2,-72
1747049420.8973634,77,10,-28
1747049420.9333634,97,-135,-48
1747049420.9683633,45,-75,-18
1747049421.0043633,-2,-57,163
1747049421.0393634,-22,-57,-90
1747049421.0743637,-8,-14,59
1747049421.1103632,-85,-63,-70
1747049421.145363,31,-19,-34
1747049421.181363,-10,30,65
1747049421.2163634,-40,26,-156
1747049421.2523634,-7,0,-14
1747049421.2873633,-11,-63,-30
1747049421.3223634,26,-71,43
1747049421.3583634,-20,2,31
1747049421.3933637,-32,-5,1
1747049421.4293633,59,60,27
1747049421.464363,-58,-4,51
1747049421.500363,72,12,81
1747049421.5353634,3,32,-2
1747049421.5703633,-94,-21,0
1747049421.6063633,41,28,-8
1747049421.6413634,68,18,-8
1747049421.6773634,20,12,43
1747049421.7123632,13,-60,-124
1747049421.7483633,-35,-63,-66
1747049421.783363,-97,6,31
1747049421.8183634,-15,-27,1
1747049421.8543634,-15,18,-14
1747049421.8893633,-73,-47,9
1747049421.9253633,-25,20,92
1747049421.9603634,9,43,-6
1747049421.9963634,17,-6,74
1747049422.0313632,-46,-25,-13
1747049422.066363,-99,-30,71
1747049422.102363,-41,25,145
1747049422.1373634,-14,24,7
1747049422.1733634,-44,-7,48
1747049422.2083633,21,-38,-107
1747049422.2443633,19,-18,0
1747049422.2793634,13,-6,28
1747049422.3143632,-2,-70,54
1747049422.3503633,1,28,-56
1747049422.385363,-34,-23,31
1747049422.4213634,33,8,31
1747049422.4563634,13,-3,25
1747049422.4923637,54,-34,41
1747049422.5273633,-27,-36,-78
1747049422.5623634,12,-24,27
1747049422.5983634,20,65,74
1747049422.6333632,-5,-48,112
1747049422.6693633,20,39,-21
1747049422.704363,-73,11,22
1747049422.7393634,38,-26,14
1747049422.7743633,-27,-39,-5
1747049422.8103633,-115,-5,-111
1747049422.8463633,-11,3,114
1747049422.8813634,42,29,-99
1747049422.9173634,-13,-46,-37
1747049422.9523633,-17,35,-29
1747049422.987363,20,-18,16
1747049423.0223634,3,0,60
1747049423.0583634,33,-29,-19
1747049423.0943637,-28,-37,-61
1747049423.1293633,27,-26,22
1747049423.1653633,97,-48,52
1747049423.2003634,-66,-58,58
1747049423.2353632,37,7,-103
1747049423.270363,-20,-98,-41
1747049423.306363,9,0,-27
1747049423.3423634,25,-10,4
1747049423.3773634,-48,-128,-37
1747049423.4133637,-18,35,-48
1747049423.4483633,-44,62,26
1747049423.4833634,-12,42,-17
1747049423.5183637,-1,24,39
1747049423.5543633,-105,6,34
1747049423.5903633,-41,-21,-88
1747049423.625363,-30,-95,49
1747049423.6613634,-56,-11,87
1747049423.6963634,1,22,5
1747049423.7313633,0,-23,-54
1747049423.7663634,-3,20,13
1747049423.8023634,-1,-43,2
1747049423.8383634,-45,-25,8
1747049423.8733633,-57,108,48
1747049423.9093633,15,-79,20
1747049423.9443634,17,-9,-13
1747049423.9793634,77,42,-9
1747049424.0143633,3,34,98
1747049424.0503633,-26,0,44
1747049424.0863633,10,13,94
1747049424.1213634,-18,6,-15
1747049424.1573634,-12,-50,87
1747049424.1923633,45,-6,31
1747049424.227363,91,2,-74
1747049424.2623634,23,-31,-14
1747049424.2983634,-19,61,-80
1747049424.3343637,-16,-19,22
1747049424.3693633,-2,6,-35
1747049424.405363,97,53,-29
1747049424.4403634,-32,-47,36
1747049424.4753633,-18,-9,138
1747049424.510363,13,44,72
1747049424.553363,-46,0,-79
1747049424.5903633,-57,-45,-11
1747049424.625363,-55,-1,6
1747049424.6613634,26,16,54
1747049424.6963634,56,-43,10
1747049424.7313633,-25,-57,-45
1747049424.7663634,-29,-1,84
1747049424.8023634,7,-24,63
1747049424.8383634,-70,-27,-37
1747049424.8733633,-50,-18,-25
1747049424.9093633,25,-32,100
1747049424.9443634,21,-4,-61
1747049424.9793634,59,-90,118
1747049425.0143633,38,3,22
1747049425.0503633,-28,5,64
1747049425.0863633,-66,11,-11
1747049425.1213634,25,-34,98
1747049425.1573634,0,27,-57
1747049425.1923633,33,3,36
1747049425.227363,-34,59,-64
1747049425.2623634,17,-16,-160
1747049425.2983634,-56,12,23
1747049425.3343637,33,24,92
1747049425.3693633,26,17,12
1747049425.405363,-18,-35,78
1747049425.4403634,27,-43,12
1747049425.4753633,35,0,90
1747049425.510363,14,-19,36
1747049425.5463634,42,-7,-7
1747049425.5823634,2,-38,-17
1747049425.6173637,18,49,16
1747049425.6533637,-23,-4,-143
1747049425.6883633,-33,13,-49
1747049425.7233634,22,-22,-125
1747049425.7593634,-13,-82,-127
1747049425.7943633,56,-36,154
1747049425.8303633,-57,-24,0
1747049425.8653634,6,-34,46
1747049425.9013634,0,35,20
1747049425.9363637,32,11,18
1747049425.9713633,-17,69,36
1747049426.007363,-17,71,-15
1747049426.0423634,46,15,-35
1747049426.0783634,-1,-82,-15
1747049426.1133633,10,-36,22
1747049426.1493633,16,11,243
1747049426.1843634,-30,-31,31
1747049426.2193637,82,24,-14
1747049426.2553637,2,-65,-46
1747049426.2903633,58,-14,99
1747049426.326363,6,14,163
1747049426.3613634,20,-50,-130
1747049426.3973634,-21,-26,31
1747049426.4323633,75,44,-16
1747049426.4673634,61,68,71
1747049426.5033634,-109,-20,35
1747049426.5383637,28,-20,-12
1747049426.5743637,-5,38,-14
1747049426.6093633,34,41,13
1747049426.645363,-9,9,29
1747049426.6803634,-33,-40,-89
1747049426.7153633,34,25,25
1747049426.7513633,-33,0,41
1747049426.7863634,2,43,-74
1747049426.8223634,18,47,19
1747049426.8573637,-73,0,27
1747049426.8933637,-63,39,3
1747049426.928363,61,31,-118
1747049426.9633634,13,7,103
1747049426.9993634,-50,21,-8
1747049427.0343633,-6,-12,57
1747049427.0703633,55,-62,91
1747049427.1053634,29,-34,70
1747049427.1413634,-32,-12,-128
1747049427.1763637,-40,-94,-18
1747049427.2113633,-41,39,-33
1747049427.247363,-56,-8,-60
1747049427.2823634,50,56,119
1747049427.3183634,-84,5,-42
1747049427.3533633,93,-49,55
1747049427.3893633,34,-7,-70
1747049427.4253633,16,-37,-2
1747049427.4603634,-7,-7,-52
1747049427.4953637,-2,101,-60
1747049427.5313632,37,-22,65
1747049427.5673633,-28,98,-89
1747049427.602363,-68,-51,27
1747049427.6383634,-16,52,-44
1747049427.6733634,-60,-7,19
1747049427.7083633,6,8,-8
1747049427.7433634,27,52,-12
1747049427.7793634,-34,24,94
1747049427.8153634,49,24,47
1747049427.8503633,34,-59,79
1747049427.8863633,29,13,115
1747049427.9213634,-49,-53,45
1747049427.9563634,66,10,131
1747049427.9913633,-37,58,22
1747049428.0273633,70,30,-27
1747049428.0633633,-9,-43,-177
1747049428.0983634,-8,-35,-143
1747049428.1343634,-34,-31,16
1747049428.1693633,-14,-29,92
1747049428.204363,-72,-49,-105
1747049428.2393634,-20,26,-87
1747049428.2753634,95,36,-15
1747049428.3113637,-13,11,-87
1747049428.3463633,-61,-4,-38
1747049428.382363,41,-2,68
1747049428.4173634,-29,8,58
1747049428.4523633,-10,73,-32
1747049428.487363,13,5,71
1747049428.5233634,-7,-23,37
1747049428.5593634,-1,54,55
1747049428.5943637,-24,-26,97
1747049428.6303637,43,31,51
1747049428.6653633,23,-90,-30
1747049428.7003634,-126,9,-46
1747049428.7353632,-42,11,-12
1747049428.7713633,-8,5,99
1747049428.8073633,7,45,7
1747049428.8423634,19,-3,25
1747049428.8783634,31,-58,-52
1747049428.9133637,-29,9,211
1747049428.9483633,19,-8,0
1747049428.9833634,-76,-36,35
1747049429.0193634,-23,-7,1
1747049429.0553634,-2,26,49
1747049429.0903633,-18,12,71
1747049429.1263633,-63,75,39
1747049429.1613634,-48,15,21
1747049429.1963634,36,1,-22
1747049429.2313633,56,21,37
1747049429.2673633,-89,69,-16
1747049429.303363,-5,39,-42
1747049429.3383634,34,47,25
1747049429.3743634,-85,35,0
1747049429.4093633,4,7,61
1747049429.4443634,-75,-31,-128
1747049429.4793634,10,-43,-14
1747049429.5153637,-22,17,85
1747049429.5513637,36,-1,15
1747049429.5863633,2,-25,-98
1747049429.622363,-33,46,29
1747049429.6573634,4,-45,5
1747049429.6923633,4,-31,-4
1747049429.727363,38,4,55
1747049429.7633634,32,-18,0
1747049429.7993634,-39,11,-12
1747049429.8343637,-15,7,-98
1747049429.8703637,-39,-10,105
1747049429.905363,-34,9,-56
1747049429.9403634,11,-32,133
1747049429.9753633,23,19,47
1747049430.0113633,9,17,-30
1747049430.0473633,11,-8,81
1747049430.0823634,-23,-10,-112
1747049430.1183634,-99,46,-24
1747049430.1533637,76,-12,-40
1747049430.1883633,-28,0,49
1747049430.2233634,-10,-10,-80
1747049430.2593634,73,85,-122
1747049430.2953634,-45,59,5
1747049430.3303633,-53,-96,23
1747049430.3663633,7,-20,19
1747049430.4013634,-14,-36,-66
1747049430.4363637,-11,-26,23
1747049430.4723637,8,-40,-74
1747049430.507363,23,26,-64
1747049430.543363,-16,46,-12
1747049430.5783634,-1,-2,-42
1747049430.6143634,-13,-8,-32
1747049430.6493633,22,33,19
1747049430.6843634,111,11,-46
1747049430.7203634,-94,-54,115
1747049430.7553637,110,-30,65
1747049430.7913637,14,-36,-114
1747049430.826363,57,41,-92
1747049430.862363,67,-54,125
1747049430.8973634,24,9,63
1747049430.9323633,-83,-36,95
1747049430.9683633,-47,11,59
1747049431.0033634,-19,37,-112
1747049431.0393634,-78,-56,-30
1747049431.0743637,3,-84,119
1747049431.1103632,-21,0,-88
1747049431.145363,9,-16,-76
1747049431.1803634,73,7,27
1747049431.2163634,-86,-12,35
1747049431.2513633,21,-38,-26
1747049431.2873633,-31,0,-152
1747049431.3223634,44,64,-46
1747049431.3583634,14,-77,51
1747049431.3933637,-84,38,-130
1747049431.428363,3,-21,-48
1747049431.464363,15,46,-20
1747049431.4993634,17,-37,-8
1747049431.5353634,31,-35,45
1747049431.5703633,69,74,-58
1747049431.6063633,55,-21,-20
1747049431.6413634,-119,54,-40
1747049431.6763637,2,80,105
1747049431.7123632,-11,58,-54
1747049431.747363,3,18,-62
1747049431.783363,-23,-7,115
1747049431.8183634,-13,-17,7
1747049431.8543634,22,-11,-22
1747049431.8893633,-13,7,-54
1747049431.9243634,-49,3,85
1747049431.9603634,-85,25,3
1747049431.9953637,-5,-46,-38
1747049432.0313632,2,-8,41
1747049432.066363,-2,-21,13
1747049432.102363,-42,55,-62
1747049432.1383634,-16,15,1
1747049432.1733634,37,-14,63
1747049432.2083633,-63,27,-38
1747049432.2443633,-59,-36,-56
1747049432.280363,-4,-46,-64
1747049432.3153634,21,11,-116
1747049432.3513634,-38,-6,29
1747049432.3863633,-32,26,-86
1747049432.4213634,-72,10,89
1747049432.4563634,-11,44,-126
1747049432.4923637,-2,7,111
1747049432.5283637,-48,35,-60
1747049432.5633633,25,13,-76
1747049432.599363,31,32,-26
1747049432.6343634,7,4,57
1747049432.6693633,32,5,-58
1747049432.704363,-24,20,-20
1747049432.7403634,-50,48,-36
1747049432.7763634,11,-21,-12
1747049432.8113637,-1,78,37
1747049432.8473637,26,-11,-6
1747049432.882363,-57,-19,27
1747049432.9173634,52,22,-38
1747049432.9523633,8,59,27
1747049432.9883633,-23,-19,141
1747049433.0243633,-65,12,-32
1747049433.0593634,54,5,31
1747049433.0953634,16,63,-68
1747049433.1303637,43,31,7
1747049433.1653633,41,49,7
1747049433.2003634,-53,-76,25
1747049433.2363634,6,-26,111
1747049433.2723634,-31,41,76
1747049433.3073633,-43,31,92
1747049433.3433633,-51,22,160
1747049433.3783634,-71,-11,8
1747049433.4133637,20,-61,56
1747049433.4483633,-27,20,-43
1747049433.4843633,-31,-31,-165
1747049433.520363,30,38,-57
1747049433.5553634,0,16,66
1747049433.5913634,-26,35,-3
1747049433.6263633,-31,-53,44
1747049433.6613634,86,-29,92
1747049433.6963634,-9,56,30
1747049433.7323637,-59,14,44
1747049433.7683637,46,25,-81
1747049433.803363,18,-20,74
1747049433.839363,4,-21,-7
1747049433.8743634,-19,-71,52
1747049433.9093633,-133,52,-47
1747049433.9443634,22,-3,0
1747049433.9803634,108,-42,60
1747049434.0163634,-20,-13,56
1747049434.0513637,59,-35,48
1747049434.0873632,-6,44,-69
1747049434.122363,22,57,38
1747049434.1573634,54,-136,40
1747049434.1923633,-107,-2,-19
1747049434.2283633,-47,-52,44
1747049434.2643633,40,-40,-31
1747049434.2993634,32,-12,36
1747049434.3353634,-31,-40,-5
1747049434.3703637,-18,-16,-83
1747049434.405363,49,17,36
1747049434.4403634,-32,-28,26
1747049434.4763634,35,-11,-25
1747049434.5123634,-27,45,-37
1747049434.5543633,31,39,-45
1747049434.5913634,17,25,-47
1747049434.6263633,51,-30,-75
1747049434.6613634,14,34,26
1747049434.6963634,-41,-85,59
1747049434.7323637,-13,-3,57
1747049434.7683637,14,-35,26
1747049434.803363,0,-57,88
1747049434.839363,50,-77,18
1747049434.8743634,40,24,54
1747049434.9093633,-23,-11,54
1747049434.9443634,10,-111,40
1747049434.9803634,16,-29,-95
1747049435.0163634,34,33,12
1747049435.0513637,-1,-21,44
1747049435.0873632,-33,-32,-25
1747049435.122363,90,-31,48
1747049435.1573634,-63,-32,48
1747049435.1933634,4,5,-55
1747049435.2283633,-12,23,-91
1747049435.2643633,-2,-128,-131
1747049435.2993634,38,-60,44
1747049435.3353634,28,123,-53
1747049435.3703637,5,-32,-69
1747049435.405363,95,11,-85
1747049435.441363,31,-60,32
1747049435.4763634,-54,21,58
1747049435.5123634,19,-56,32
1747049435.5473633,-14,-78,60
1747049435.5833633,-4,-20,58
1747049435.6183634,33,-34,-53
1747049435.6533637,47,-56,-171
1747049435.6893632,35,-54,-55
1747049435.724363,-52,-4,64
1747049435.760363,42,-36,60
1747049435.7953634,-1,-14,4
1747049435.8313634,-84,-19,-15
1747049435.8663633,0,-53,-15
1747049435.9013634,15,-43,-39
1747049435.9373634,55,48,12
1747049435.9723637,1,49,60
1747049436.0083632,-17,7,56
1747049436.043363,54,-56,-1
1747049436.079363,-1,-28,20
1747049436.1143634,-7,-26,122
1747049436.1493633,88,-43,-3
1747049436.1853633,-5,14,30
1747049436.2203634,6,62,-29
1747049436.2563634,-74,-42,156
1747049436.2913637,-24,11,40
1747049436.3273633,0,-41,-11
1747049436.362363,-49,94,-5
1747049436.3973634,-76,3,26
1747049436.4333634,-16,19,-55
1747049436.4683633,-39,-4,-129
1747049436.5043633,20,15,8
1747049436.5393634,14,-34,38
1747049436.5743637,-31,29,16
1747049436.6093633,67,-5,10
1747049436.645363,38,19,-15
1747049436.681363,-19,0,-9
1747049436.7163634,26,3,20
1747049436.7523634,-143,-16,18
1747049436.7873633,-59,-50,-47
1747049436.8223634,18,-34,60
1747049436.8573637,-3,-10,34
1747049436.8933637,24,79,24
1747049436.9293633,-34,-48,38
1747049436.964363,8,-32,104
1747049437.000363,44,-35,-27
1747049437.0353634,-19,-71,10
1747049437.0703633,48,-11,-53
1747049437.1053634,10,68,-79
1747049437.1413634,-51,-35,-151
1747049437.1773634,66,-9,72
1747049437.2123632,14,52,-21
1747049437.2483633,6,86,-21
1747049437.283363,-29,-5,76
1747049437.3183634,88,56,-27
1747049437.3533633,50,26,-75
1747049437.3893633,1,-43,6
1747049437.4253633,-49,-27,10
1747049437.4603634,-92,-7,-43
1747049437.4963634,11,-89,70
1747049437.5313632,-43,-27,-49
1747049437.566363,-24,9,34
1747049437.6013634,34,-95,58
1747049437.6373634,11,-14,98
1747049437.6733634,0,-13,-131
1747049437.7083633,26,-3,18
1747049437.7443633,10,-3,-27
1747049437.7793634,24,12,-97
1747049437.8143632,46,28,-51
1747049437.849363,26,-59,86
1747049437.885363,12,56,63
1747049437.9213634,20,-63,39
1747049437.9563634,48,-51,35
1747049437.9923637,36,70,-10
1747049438.0273633,-41,-45,50
1747049438.0623634,-9,40,71
1747049438.0973637,18,-37,-7
1747049438.1333632,38,-7,5
1747049438.1693633,8,-20,-49
1747049438.204363,-39,71,0
1747049438.2403634,-35,9,40
1747049438.2753634,47,-38,110
1747049438.3103633,-22,-24,84
1747049438.3453634,8,-45,-3
1747049438.3813634,26,-37,-77
1747049438.4173634,32,11,20
1747049438.4523633,20,-10,-33
1747049438.4883633,64,83,32
1747049438.5233634,60,-12,110
1747049438.5583634,-10,-9,-11
1747049438.5933633,85,50,92
1747049438.6293633,27,60,-49
1747049438.6653633,-6,48,-49
1747049438.7003634,59,32,8
1747049438.7363634,-54,-17,44
1747049438.7713633,-32,-60,44
1747049438.806363,7,-42,-75
1747049438.8413634,19,31,-11
1747049438.8773634,17,-44,-13
1747049438.9133637,-9,-67,-63
1747049438.9483633,90,-53,-29
1747049438.9843633,91,-4,94
1747049439.0193634,31,21,-50
1747049439.0543633,33,-54,-42
1747049439.089363,23,-13,77
1747049439.125363,-26,74,-36
1747049439.1613634,73,-49,-97
1747049439.1963634,42,-33,-53
1747049439.2323637,-43,-5,-13
1747049439.2673633,36,30,144
1747049439.3023634,-94,17,-49
1747049439.3373632,-79,4,14
1747049439.3733633,26,-71,2
1747049439.4093633,-55,32,16
1747049439.4443634,-9,-5,66
1747049439.4803634,78,38,12
1747049439.5153637,40,-9,-105
1747049439.5503633,56,8,-21
1747049439.5853634,-47,-12,-29
1747049439.6213634,40,-25,162
1747049439.6573634,4,0,0
1747049439.6923633,-3,20,6
1747049439.7283633,-29,-47,56
1747049439.7633634,58,-33,-27
1747049439.7983634,22,12,-15
1747049439.8343637,71,11,2
1747049439.8693633,14,-35,102
1747049439.905363,-81,-7,84
1747049439.9403634,16,-25,56
1747049439.9763634,-53,-33,-59
1747049440.0113633,-27,-16,98
1747049440.0463634,2,-46,46
1747049440.0823634,44,-150,40
1747049440.1173637,18,51,6
1747049440.1533637,-69,5,42
1747049440.1883633,-93,-36,-87
1747049440.224363,-14,-29,16
1747049440.2593634,25,48,-7
1747049440.2943633,54,28,29
1747049440.3303633,-35,-23,-80
1747049440.3653634,26,-25,66
1747049440.4013634,14,2,41
1747049440.4363637,-11,-20,47
1747049440.4723637,46,38,99
1747049440.507363,-7,62,-130
1747049440.5423634,-70,-11,-32
1747049440.5783634,68,56,71
1747049440.6133633,-25,-15,-56
1747049440.6493633,54,48,2
1747049440.6843634,-1,-37,70
1747049440.7203634,14,-27,-7
1747049440.7553637,35,48,-103
1747049440.7903633,-23,21,-13
1747049440.826363,9,48,146
1747049440.8613634,-25,-16,-84
1747049440.8973634,60,-4,78
1747049440.9323633,38,-42,49
1747049440.9683633,10,-33,-65
1747049441.0033634,16,-19,-23
1747049441.0383637,-21,-15,-35
1747049441.0743637,-5,74,26
1747049441.1093633,38,-62,52
1747049441.145363,77,18,16
1747049441.1803634,63,-31,18
1747049441.2163634,-47,-15,-47
1747049441.2513633,24,-45,-117
1747049441.2863634,60,52,0
1747049441.3223634,-49,46,6
1747049441.3573637,42,103,34
1747049441.3933637,-1,-44,28
1747049441.428363,104,15,0
1747049441.464363,10,-36,97
1747049441.500363,-13,72,57
1747049441.5353634,-13,12,29
1747049441.5703633,26,-39,-8
1747049441.6063633,-13,-71,-64
1747049441.6423633,-91,26,18
1747049441.6773634,23,-34,51
1747049441.7133634,-101,-75,79
1747049441.7483633,-11,-65,-10
1747049441.783363,44,-41,-68
1747049441.8183634,0,8,15
1747049441.8543634,25,-24,57
1747049441.8903637,-35,-21,13
1747049441.9253633,-55,0,-38
1747049441.9613633,52,0,57
1747049441.9963634,2,81,-58
1747049442.0313632,26,-4,3
1747049442.066363,28,-20,37
1747049442.102363,-39,47,-12
1747049442.1383634,-13,-38,17
1747049442.1733634,49,-65,115
1747049442.2093637,77,-92,-6
1747049442.2443633,11,-38,1
1747049442.2793634,31,61,-36
1747049442.3143632,42,-12,157
1747049442.3503633,29,-104,-88
1747049442.3863633,-16,63,-16
1747049442.4213634,-42,-52,57
1747049442.4573634,-10,-38,19
1747049442.4923637,1,-18,25
1747049442.5273633,17,17,87
1747049442.5623634,9,-87,55
1747049442.5983634,-26,-33,91
1747049442.6343634,51,21,-50
1747049442.6693633,-51,-5,7
1747049442.7053633,115,-93,33
1747049442.7403634,3,-47,-24
1747049442.7753634,-4,-19,19
1747049442.8103633,-10,-17,151
1747049442.8463633,57,-7,17
1747049442.882363,-48,18,-6
1747049442.9173634,55,37,-6
1747049442.9533634,45,29,-82
1747049442.9883633,29,-8,-66
1747049443.0233634,-38,19,53
1747049443.0583634,11,-2,37
1747049443.0943637,15,-28,27
1747049443.1303637,61,-26,-68
1747049443.1653633,-76,-4,-46
1747049443.201363,33,-20,-10
1747049443.2363634,43,45,-98
1747049443.2713633,-14,-77,30
1747049443.306363,37,-28,-9
1747049443.3423634,25,15,-5
1747049443.3783634,-56,-61,68
1747049443.4133637,47,-33,-33
1747049443.4493637,-36,36,62
1747049443.4843633,5,31,-73
1747049443.5193634,55,-4,76
1747049443.5543633,-10,-37,32
1747049443.5903633,55,0,0
1747049443.6263633,0,42,-1
1747049443.6613634,-28,46,-103
1747049443.6973634,-16,-45,14
1747049443.7323637,106,-67,-83
1747049443.7673633,16,0,46
1747049443.8023634,-48,-118,42
1747049443.8383634,14,-71,-11
1747049443.8743634,-7,80,84
1747049443.9093633,-50,40,54
1747049443.9453633,28,60,74
1747049443.9803634,32,10,20
1747049444.0153637,34,22,16
1747049444.0503633,-41,-45,48
1747049444.0863633,24,32,-83
1747049444.122363,54,-31,58
1747049444.1573634,8,-43,38
1747049444.1933634,-119,-53,-7
1747049444.2283633,27,40,-31
1747049444.2633634,25,-39,105
1747049444.2983634,-26,44,11
1747049444.3343637,-16,30,-28
1747049444.3703637,-78,-59,110
1747049444.405363,0,24,111
1747049444.441363,5,-3,-103
1747049444.4763634,-8,-55,33
1747049444.5113633,5,-29,30
1747049444.5473633,-84,-71,-45
1747049444.589363,-84,78,-19
1747049444.6263633,47,28,80
1747049444.6613634,-5,-12,53
1747049444.6973634,21,120,-67
1747049444.7323637,9,4,46
1747049444.7673633,-26,16,88
1747049444.803363,-36,2,18
1747049444.8383634,-64,-37,-119
1747049444.8743634,-47,-67,-1
1747049444.9093633,24,64,-27
1747049444.9453633,30,-9,-15
1747049444.9803634,-32,-21,-63
1747049445.0153637,17,-13,-13
1747049445.0513637,-16,0,-43
1747049445.0863633,1,-16,-29
1747049445.122363,-10,-64,-3
1747049445.1573634,35,59,48
1747049445.1933634,61,0,112
1747049445.2283633,-23,-69,110
1747049445.2633634,33,-1,-109
1747049445.2993634,-32,26,-83
1747049445.3343637,10,76,-37
1747049445.3703637,-59,24,-43
1747049445.405363,42,-79,40
1747049445.441363,-19,-17,-229
1747049445.4763634,-19,-32,46
1747049445.5113633,-5,-22,-91
1747049445.5473633,48,-46,62
1747049445.5823634,-5,-10,82
1747049445.6183634,28,-91,128
1747049445.6533637,-58,-17,26
1747049445.6893632,69,-63,36
1747049445.724363,-38,-19,-109
1747049445.7593634,-24,-3,58
1747049445.7953634,-38,20,-25
1747049445.8303633,-38,-22,-9
1747049445.8663633,-2,43,-45
1747049445.9013634,33,15,-3
1747049445.9373634,14,24,24
1747049445.9723637,-87,-41,-17
1747049446.007363,8,62,-103
1747049446.043363,-53,-20,-85
1747049446.0783634,-104,-26,-37
1747049446.1143634,40,11,64
1747049446.1493633,28,-48,84
1747049446.1843634,0,-12,108
1747049446.2193637,58,11,44
1747049446.2553637,12,-30,24
1747049446.2913637,82,-38,16
1747049446.326363,98,-22,34
1747049446.362363,45,15,20
1747049446.3973634,-76,41,120
1747049446.4323633,-30,5,-9
1747049446.4673634,-4,15,64
1747049446.5033634,-24,53,-59
1747049446.5393634,-24,-30,-75
1747049446.5743637,-44,27,-37
1747049446.6103632,60,33,48
1747049446.645363,-87,-36,-37
1747049446.6803634,-47,39,-75
1747049446.7153633,-3,59,48
1747049446.7513633,2,-60,98
1747049446.7873633,12,1,-7
1747049446.8223634,52,44,42
1747049446.8583634,-5,41,94
1747049446.8933637,76,30,-3
1747049446.928363,50,-39,-13
1747049446.9633634,6,34,78
1747049446.9993634,-74,-98,-9
1747049447.0353634,-4,55,28
1747049447.0703633,7,-54,18
1747049447.1063633,-73,34,32
1747049447.1413634,17,9,4
1747049447.1763637,-70,9,-73
1747049447.2113633,-10,87,30
1747049447.247363,-20,29,-73
1747049447.283363,55,97,-43
1747049447.3183634,37,21,-13
1747049447.3543634,105,3,-127
1747049447.3893633,-38,17,116
1747049447.4243634,34,67,-67
1747049447.4593637,-110,-12,-23
1747049447.4953637,-64,40,-81
1747049447.5313632,1,34,-39
1747049447.566363,3,-40,-37
1747049447.602363,19,-9,-17
1747049447.6373634,-42,-7,-35
1747049447.6723633,37,-13,-23
1747049447.7073634,9,-11,-31
1747049447.7433634,-52,-79,22
1747049447.7793634,-80,31,44
1747049447.8143632,9,63,12
1747049447.8503633,7,-30,20
1747049447.885363,25,51,-19
1747049447.9203634,-71,-5,32
1747049447.9553633,53,-29,6
1747049447.9913633,-64,-15,34
1747049448.0273633,-4,78,-19
1747049448.0623634,-8,69,-163
1747049448.0983634,-2,50,-7
1747049448.1333632,-18,18,28
1747049448.168363,85,-15,26
1747049448.2033634,9,21,-137
1747049448.2393634,-60,44,88
1747049448.2753634,-16,-15,-23
1747049448.3103633,44,-20,115
1747049448.3463633,36,-8,16
1747049448.3813634,52,-22,6
1747049448.4163637,2,-28,-63
1747049448.451363,-9,-6,160
1747049448.487363,44,31,12
1747049448.5233634,24,29,-11
1747049448.5583634,12,17,12
1747049448.5943637,-26,-27,-23
1747049448.6293633,-48,80,82
1747049448.6643634,-40,-1,40
1747049448.6993637,39,-15,-55
1747049448.7353632,-44,-17,-82
1747049448.7713633,46,-69,61
1747049448.806363,55,62,43
1747049448.8423634,19,8,-43
1747049448.8773634,-40,-61,-5
1747049448.9123633,-20,-44,106
1747049448.9473634,37,1,10
1747049448.9833634,15,0,-3
1747049449.0193634,-78,-1,-27
1747049449.0543633,73,38,-39
1747049449.0903633,75,-69,8
1747049449.125363,-18,-43,10
1747049449.1603634,-52,106,8
1747049449.1963634,28,-87,54
1747049449.2313633,-76,-3,-9
1747049449.2673633,5,-5,76
1747049449.3023634,58,38,32
1747049449.3383634,82,-1,48
1747049449.3733633,-27,2,-69
1747049449.408363,-7,2,68
1747049449.4443634,-57,34,46
1747049449.4793634,-19,-5,-31
1747049449.5153637,39,16,106
1747049449.5503633,-17,0,117
1747049449.5863633,12,-16,25
1747049449.6213634,4,-50,17
1747049449.6563632,34,17,-2
1747049449.6923633,-95,18,14
1747049449.727363,14,28,-19
1747049449.7633634,10,50,48
1747049449.7983634,-80,-91,100
1747049449.8343637,-16,-1,0
1747049449.8693633,7,-70,14
1747049449.9043634,34,31,32
1747049449.9403634,-28,6,-35
1747049449.9753633,105,24,-29
1747049450.0113633,45,12,6
1747049450.0463634,19,-31,35
1747049450.0823634,37,-5,36
1747049450.1173637,86,62,-44
1747049450.1523633,-51,-21,61
1747049450.1883633,36,98,7
1747049450.2233634,25,-12,-10
1747049450.2593634,-37,-23,77
1747049450.2943633,3,7,61
1747049450.3303633,13,-75,141
1747049450.3653634,-24,-21,51
1747049450.4003634,31,90,89
1747049450.4363637,21,48,96
1747049450.4713633,29,-49,-36
1747049450.507363,-14,-17,27
1747049450.5423634,-18,-75,45
1747049450.5783634,-7,-10,145
1747049450.6133633,8,-49,-83
1747049450.6483634,0,102,84
1747049450.6843634,50,0,16
1747049450.7193637,56,-89,-1
1747049450.7553637,20,-1,-66
1747049450.7903633,69,0,8
1747049450.8253634,6,-4,-33
1747049450.8603632,1,0,8
1747049450.8963633,-44,-40,-81
1747049450.9323633,68,-42,-61
1747049450.9673634,9,24,-135
1747049451.0033634,-26,-13,174
1747049451.0383637,-33,-16,-173
1747049451.0733633,-15,39,0
1747049451.1083634,-15,5,-3
1747049451.1443634,-25,-23,-119
1747049451.1803634,-25,45,19
1747049451.2153633,-7,-6,27
1747049451.2513633,-23,-91,7
1747049451.2863634,12,8,-7
1747049451.3213634,-21,39,0
1747049451.3563633,125,2,87
1747049451.3933637,0,19,-16
1747049451.428363,37,-55,-62
1747049451.464363,-4,24,107
1747049451.500363,13,-31,59
1747049451.5353634,63,-49,53
1747049451.5713634,-4,44,-34
1747049451.6063633,0,-80,-34
1747049451.6413634,39,-51,-68
1747049451.6763637,-2,-1,79
1747049451.7123632,37,34,-132
1747049451.7483633,31,46,7
1747049451.783363,-106,-41,53
1747049451.8193634,68,-36,7
1747049451.8543634,-5,-70,-32
1747049451.8893633,40,31,13
1747049451.9243634,-72,6,63
1747049451.9603634,-66,-29,43
1747049451.9963634,75,-59,69
1747049452.0313632,16,-84,139
1747049452.0673633,68,23,-86
1747049452.102363,70,71,53
1747049452.1373634,-2,50,57
1747049452.1723633,-71,-26,-124
1747049452.2083633,68,23,-2
1747049452.2443633,-19,-62,79
1747049452.2793634,25,-25,-116
1747049452.3153634,19,30,-8
1747049452.3503633,67,56,25
1747049452.385363,117,-23,9
1747049452.4203634,-22,-5,0
1747049452.4563634,81,-7,-94
1747049452.4923637,-52,4,19
1747049452.5273633,-35,-18,-92
1747049452.5633633,2,-28,33
1747049452.5983634,60,11,-66
1747049452.6333632,-49,-26,-16
1747049452.668363,-24,-1,13
1747049452.704363,21,76,29
1747049452.7403634,16,31,-20
1747049452.7753634,15,-9,-2
1747049452.8113637,42,65,-44
1747049452.8463633,11,48,29
1747049452.8813634,-6,-51,37
1747049452.9163637,29,-35,-56
1747049452.9523633,103,-61,55
1747049452.9883633,48,-14,59
1747049453.0233634,54,-62,61
1747049453.0593634,35,56,-6
1747049453.0943637,29,17,0
1747049453.1293633,40,-26,11
1747049453.1643634,56,25,-2
1747049453.2003634,-23,9,0
1747049453.2363634,-49,-70,15
1747049453.2713633,10,61,121
1747049453.3073633,-55,59,1
1747049453.3423634,-7,3,33
1747049453.3773634,-17,61,51
1747049453.4123633,38,-28,63
1747049453.4483633,95,1,9
1747049453.4843633,17,3,57
1747049453.5193634,40,-1,41
1747049453.5553634,-43,-13,-20
1747049453.5903633,-7,-15,37
1747049453.625363,54,24,3
1747049453.6613634,-19,-44,-28
1747049453.6963634,56,-31,-74
1747049453.7323637,23,-54,29
1747049453.7673633,65,15,55
1747049453.803363,-26,1,40
1747049453.8383634,-9,-21,-3
1747049453.8733633,24,62,18
1747049453.9093633,-34,3,-25
1747049453.9443634,-14,65,-61
1747049453.9803634,-20,-30,18
1747049454.0153637,12,46,-80
1747049454.0513637,45,55,61
1747049454.0863633,-55,-27,21
1747049454.1213634,-5,-19,-45
1747049454.1573634,30,14,146
1747049454.1923633,-26,4,-9
1747049454.2283633,0,64,54
1747049454.2633634,-57,-71,6
1747049454.2993634,6,50,-81
1747049454.3343637,46,10,-11
1747049454.3693633,52,51,-25
1747049454.405363,-17,75,-41
1747049454.4403634,54,-22,22
1747049454.4763634,-9,65,-19
1747049454.5113633,15,-18,6
1747049454.5473633,23,13,-39
1747049454.5823634,25,-52,6
1747049454.6243634,-4,-46,16
1747049454.6613634,29,-80,8
1747049454.6963634,-52,10,86
1747049454.7323637,11,-18,8
1747049454.7673633,-60,63,-87
1747049454.803363,63,-52,-31
1747049454.8383634,33,-53,-3
1747049454.8733633,-78,11,-9
1747049454.9093633,-14,-59,12
1747049454.9443634,63,14,-43
1747049454.9803634,36,-73,103
1747049455.0153637,58,-21,-21
1747049455.0513637,36,-89,-3
1747049455.0863633,-31,-14,24
1747049455.1213634,-21,-4,-7
1747049455.1573634,22,3,-2
1747049455.1923633,-39,-32,-56
1747049455.2283633,-1,35,-36
1747049455.2633634,-3,-4,43
1747049455.2993634,14,-36,9
1747049455.3343637,27,-54,26
1747049455.3693633,27,24,-25
1747049455.405363,28,-66,82
1747049455.4403634,13,-34,62
1747049455.4763634,-12,29,32
1747049455.5113633,9,79,-99
1747049455.5463634,-20,38,-37
1747049455.5813634,78,-82,4
1747049455.6173637,0,-14,30
1747049455.6533637,-35,89,52
1747049455.6883633,52,51,-69
1747049455.724363,124,59,66
1747049455.7593634,19,-13,85
1747049455.7943633,-14,-78,91
1747049455.829363,-42,17,74
1747049455.8653634,51,42,16
1747049455.9013634,-18,-1,142
1747049455.9363637,0,31,-65
1747049455.9723637,46,37,40
1747049456.007363,-10,60,-83
1747049456.0423634,-58,-5,0
1747049456.0773633,-20,-15,-9
1747049456.1133633,-8,22,-37
1747049456.1493633,30,-60,-103
1747049456.1843634,26,-39,6
1747049456.2203634,-17,-31,36
1747049456.2553637,67,-23,-39
1747049456.2903633,59,14,-35
1747049456.3253634,31,96,30
1747049456.3613634,-80,-33,-117
1747049456.3973634,3,-13,20
1747049456.4323633,-58,-65,45
1747049456.4683633,-62,27,96
1747049456.5033634,-2,-63,-108
1747049456.5383637,61,-37,-17
1747049456.5733633,-71,-41,-26
1747049456.6093633,-12,-22,45
1747049456.645363,-76,-35,-56
1747049456.6803634,0,-22,-19
1747049456.7163634,-16,-26,-69
1747049456.7513633,-2,27,12
1747049456.7863634,11,39,-148
1747049456.8213634,-4,-19,18
1747049456.8573637,1,-28,42
1747049456.8933637,-22,25,47
1747049456.928363,35,31,-18
1747049456.964363,-34,-44,-159
1747049456.9993634,-74,-106,74
1747049457.0343633,65,7,10
1747049457.0693634,-28,-24,96
1747049457.1053634,37,27,-79
1747049457.1413634,-10,-10,12
1747049457.1763637,3,-64,-33
1747049457.2123632,3,-14,2
1747049457.247363,25,-26,-13
1747049457.2823634,-112,29,-46
1747049457.3173633,-52,-12,-3
1747049457.3533633,25,-12,12
1747049457.3893633,35,0,116
1747049457.4243634,-62,60,-7
1747049457.4603634,21,-81,36
1747049457.4953637,31,-47,-49
1747049457.530363,-8,-1,-51
1747049457.5653634,-20,8,3
1747049457.6013634,-30,-67,-37
1747049457.6373634,33,-61,-22
1747049457.6723633,-10,-5,53
1747049457.7083633,13,-25,-49
1747049457.7433634,-52,-23,-69
1747049457.7783637,61,-12,-95
1747049457.8133633,41,-38,26
1747049457.849363,25,-22,-55
1747049457.885363,-14,1,-29
1747049457.9203634,-12,41,-85
1747049457.9563634,31,-49,-55
1747049457.9913633,-28,0,54
1747049458.0263634,-52,12,68
1747049458.0613637,5,-36,20
1747049458.0973637,-17,6,-57
1747049458.1333632,-2,-9,32
1747049458.168363,-23,-23,114
1747049458.204363,-63,12,16
1747049458.2393634,0,-23,50
1747049458.2743633,14,-35,7
1747049458.3093634,62,-21,-75
1747049458.3453634,46,-38,-25
1747049458.3813634,-33,6,40
1747049458.4163637,-21,-14,-13
1747049458.4523633,-20,16,48
1747049458.487363,21,40,20
1747049458.5223634,-17,5,98
1747049458.5583634,62,-50,-1
1747049458.5933633,-8,11,88
1747049458.6293633,-22,10,134
1747049458.6643634,-85,0,-5
1747049458.7003634,34,-3,46
1747049458.7353632,33,-55,-51
1747049458.770363,-6,48,69
1747049458.806363,43,-11,-79
1747049458.8413634,-42,22,-29
1747049458.8773634,-34,-15,76
1747049458.9123633,-46,0,-43
1747049458.9483633,-20,57,24
1747049458.9833634,-16,-36,58
1747049459.0183637,-10,89,26
1747049459.0543633,15,9,-19
1747049459.089363,67,-14,56
1747049459.125363,3,-42,66
1747049459.1603634,57,-64,76
1747049459.1963634,61,-11,-83
1747049459.2313633,-83,34,82
1747049459.2663634,106,-25,30
1747049459.3023634,14,-100,-21
1747049459.3373632,4,-36,38
1747049459.3733633,-27,-30,80
1747049459.408363,1,-8,10
1747049459.4443634,0,39,-13
1747049459.4793634,-19,-48,92
1747049459.5143633,115,19,-11
1747049459.5503633,19,1,-23
1747049459.5853634,47,-35,-23
1747049459.6213634,-123,61,8
1747049459.6563632,49,19,68
1747049459.6923633,-151,-44,-37
1747049459.727363,-23,0,74
1747049459.7623634,38,64,-15
1747049459.7983634,0,-5,46
1747049459.8333633,42,22,64
1747049459.8693633,7,-33,76
1747049459.9043634,6,1,26
1747049459.9403634,28,13,68
1747049459.9753633,8,-24,24
1747049460.010363,-47,-26,46
1747049460.0463634,90,-9,-3
1747049460.0813634,44,-51,110
1747049460.1173637,11,-84,-28
1747049460.1523633,33,79,-3
1747049460.1873634,-58,19,46
1747049460.2223637,69,4,-67
1747049460.2583632,-24,-36,-23
1747049460.2943633,26,35,-9
1747049460.329363,11,-48,-5
1747049460.3653634,-23,43,22
1747049460.4003634,-107,-20,8
1747049460.4353633,-57,-14,124
1747049460.4703634,47,-13,24
1747049460.507363,-48,26,6
1747049460.5423634,0,72,8
1747049460.5783634,44,2,-35
1747049460.6143634,22,-7,46
1747049460.6493633,-28,7,6
1747049460.6853633,-43,16,-57
1747049460.7203634,-10,27,-51
1747049460.7553637,-28,-62,6
1747049460.7903633,33,-29,60
1747049460.826363,-40,-37,112
1747049460.862363,61,-41,4
1747049460.8973634,-48,-7,-47
1747049460.9333634,-10,-7,94
1747049460.9683633,-42,6,-97
1747049461.0033634,1,-51,32
1747049461.0383637,35,4,24
1747049461.0743637,-34,-13,6
1747049461.1103632,25,8,100
1747049461.145363,77,52,-27
1747049461.181363,77,52,-71
1747049461.2163634,101,5,90
1747049461.2513633,32,-9,46
1747049461.2863634,-13,64,8
1747049461.3223634,18,-15,-41
1747049461.3583634,75,14,-11
1747049461.3933637,-66,50,-25
1747049461.4293633,15,60,-91
1747049461.464363,13,14,-31
1747049461.4993634,-4,34,-83
1747049461.5343633,67,4,20
1747049461.5703633,11,-5,16
1747049461.6063633,-37,54,-17
1747049461.6413634,-39,-36,-35
1747049461.6773634,-12,12,4
1747049461.7123632,-35,31,104
1747049461.747363,-5,39,52
1747049461.7823634,52,39,8
1747049461.8183634,-41,13,-63
1747049461.8543634,-23,-30,90
1747049461.8893633,-59,5,-49
1747049461.9253633,-34,28,-51
1747049461.9603634,-36,2,70
1747049461.9953637,-36,-19,52
1747049462.030363,-4,-30,96
1747049462.066363,-54,17,22
1747049462.102363,-108,77,42
1747049462.1373634,-22,87,49
1747049462.1733634,107,-8,-60
1747049462.2083633,-83,-5,-52
1747049462.2433634,-39,16,17
1747049462.2783637,6,-2,31
1747049462.3143632,-43,-52,39
1747049462.3503633,48,19,15
1747049462.385363,44,41,-48
1747049462.4213634,-54,-82,-20
1747049462.4563634,1,-44,110
1747049462.4913633,-34,11,-43
1747049462.5263634,35,-12,22
1747049462.5623634,-74,-62,28
1747049462.5983634,6,-2,-33
1747049462.6333632,-49,-42,46
1747049462.6693633,72,-40,26
1747049462.704363,27,-8,-29
1747049462.7393634,-30,0,28
1747049462.7743633,49,-26,66
1747049462.8103633,-24,-24,126
1747049462.8463633,-30,-32,33
1747049462.8813634,-66,-82,45
1747049462.9173634,9,7,67
1747049462.9523633,-2,31,1
1747049462.987363,89,-26,52
1747049463.0223634,1,31,-2
1747049463.0583634,63,35,3
1747049463.0943637,-92,65,24
1747049463.1293633,31,55,44
1747049463.1653633,26,-49,48
1747049463.2003634,-41,4,34
1747049463.2353632,54,-31,19
1747049463.2713633,40,-35,53
1747049463.306363,-33,-7,83
1747049463.3423634,48,-9,-48
1747049463.3773634,53,0,-12
1747049463.4133637,-11,36,103
1747049463.4483633,-31,-67,33
1747049463.4833634,9,30,113
1747049463.5193634,-4,20,31
1747049463.5543633,-56,64,5
1747049463.5903633,1,18,29
1747049463.625363,51,-29,53
1747049463.6613634,-8,-33,-39
1747049463.6963634,-58,-13,13
1747049463.7313633,67,-35,59
1747049463.7673633,77,-105,3
1747049463.8023634,96,20,155
1747049463.8383634,35,0,101
1747049463.8733633,61,-25,87
1747049463.9093633,-35,20,36
1747049463.9443634,-38,-62,-47
1747049463.9793634,65,22,36
1747049464.0153637,-52,42,-23
1747049464.0503633,-26,2,56
1747049464.0863633,39,-49,86
1747049464.1213634,27,28,98
1747049464.1573634,25,-69,-9
1747049464.1923633,-6,54,74
1747049464.227363,48,-11,46
1747049464.2633634,0,-47,-77
1747049464.2983634,82,82,-49
1747049464.3343637,22,-1,-1
1747049464.3693633,72,20,8
1747049464.405363,61,-25,16
1747049464.4403634,-100,-83,-47
1747049464.4753633,-8,-3,56
1747049464.5113633,-52,40,-63
1747049464.5463634,9,-49,-20
1747049464.5823634,45,0,-10
1747049464.6173637,-30,6,3
1747049464.6593633,27,-7,-14
1747049464.6953633,-4,2,-12
1747049464.7313633,2,-29,49
1747049464.7673633,-17,14,93
1747049464.8023634,84,36,79
1747049464.8383634,56,20,-92
1747049464.8733633,-25,-63,-32
1747049464.908363,18,32,19
1747049464.9433634,-62,-26,38
1747049464.9793634,6,10,-96
1747049465.0153637,21,35,-23
1747049465.0503633,-20,-24,-77
1747049465.0863633,-98,-18,52
1747049465.1213634,-74,-84,57
1747049465.1563632,83,-18,-62
1747049465.191363,93,19,37
1747049465.227363,-78,37,80
1747049465.2633634,-52,-52,-17
1747049465.2983634,21,-40,-56
1747049465.3343637,51,-26,-49
1747049465.3693633,-32,-26,-5
1747049465.4043634,-38,-16,20
1747049465.4393632,53,-68,120
1747049465.4753633,57,33,-103
1747049465.5113633,-6,35,28
1747049465.5463634,45,25,-15
1747049465.5823634,-63,40,-9
1747049465.6173637,4,-17,58
1747049465.6523633,41,-7,82
1747049465.6873634,-15,-18,68
1747049465.7233634,32,37,-5
1747049465.7593634,-31,0,62
1747049465.7943633,69,30,-197
1747049465.8303633,-17,-49,-11
1747049465.8653634,-52,-102,-115
1747049465.9003634,-49,-88,-46
1747049465.9353633,10,-2,6
1747049465.9713633,-116,76,-5
1747049466.007363,90,15,-7
1747049466.0423634,0,37,-12
1747049466.0783634,60,-42,71
1747049466.1133633,-67,-63,-74
1747049466.1483634,38,-7,145
1747049466.1833634,-36,65,-14
1747049466.2193637,11,13,21
1747049466.2553637,29,41,41
1747049466.2903633,13,38,81
1747049466.326363,-66,-81,116
1747049466.3613634,-82,38,-63
1747049466.3963633,-20,-15,88
1747049466.431363,37,-34,-101
1747049466.4673634,-38,13,52
1747049466.5033634,-4,-49,-27
1747049466.5383637,-110,-31,-38
1747049466.5743637,21,-86,-35
1747049466.6093633,-10,71,124
1747049466.6443634,-106,15,-87
1747049466.6793633,49,-18,106
1747049466.7153633,-42,-33,-20
1747049466.7513633,29,31,115
1747049466.7863634,-6,-18,29
1747049466.8223634,-40,-40,-10
1747049466.8573637,133,-66,166
1747049466.8923633,35,-6,16
1747049466.9273634,39,51,16
1747049466.9633634,9,17,-91
1747049466.9993634,27,-32,2
1747049467.0343633,-78,-12,64
1747049467.0703633,44,11,26
1747049467.1053634,54,-6,7
1747049467.1403637,-3,27,7
1747049467.1753633,30,51,-40
1747049467.2113633,18,35,5
1747049467.247363,30,23,31
1747049467.2823634,8,-32,43
1747049467.3183634,-25,37,-10
1747049467.3533633,2,-16,-18
1747049467.3883634,-77,-50,121
1747049467.4233634,-16,-34,-24
1747049467.4593637,-25,5,-48
1747049467.4953637,24,27,35
1747049467.530363,-76,12,73
1747049467.566363,0,5,101
1747049467.6013634,41,23,17
1747049467.6363633,83,-16,77
1747049467.6713634,42,-18,83
1747049467.7073634,-87,-14,5
1747049467.7433634,6,-4,55
1747049467.7783637,22,75,61
1747049467.8143632,-6,16,-88
1747049467.849363,18,-17,-56
1747049467.8843634,-55,24,21
1747049467.9203634,-30,36,-12
1747049467.9553633,-17,-94,-8
1747049467.9913633,-14,-105,43
1747049468.0263634,2,40,1
1747049468.0623634,3,-5,125
1747049468.0973637,-19,-47,39
1747049468.132363,-39,-27,31
1747049468.168363,78,-33,121
1747049468.2033634,-91,82,-48
1747049468.2393634,-30,-36,77
1747049468.2743633,-48,26,37
1747049468.3103633,-79,-27,-14
1747049468.3453634,-31,36,-54
1747049468.3803637,-24,-61,21
1747049468.4163637,23,-7,65
1747049468.451363,23,-21,153
1747049468.487363,67,52,-6
1747049468.5223634,-16,28,71
1747049468.5583634,-3,-41,3
1747049468.5933633,-54,5,-64
1747049468.6283634,-47,-61,41
1747049468.6643634,-20,-37,-10
1747049468.6993637,23,-67,51
1747049468.7353632,-31,-59,-88
1747049468.770363,-46,0,-74
1747049468.806363,35,-5,31
1747049468.8413634,27,12,-54
1747049468.8763633,90,-4,37
1747049468.9123633,-13,7,-16
1747049468.9473634,-49,-118,155
1747049468.9833634,-16,24,-32
1747049469.0183637,-12,-39,57
1747049469.053363,-34,-41,25
1747049469.0883634,-42,30,56
1747049469.1243634,-38,-19,-113
1747049469.1603634,-47,58,32
1747049469.1953633,-57,80,66
1747049469.2313633,-28,-12,-39
1747049469.2663634,-37,-7,-30
1747049469.3023634,84,8,-46
1747049469.3373632,-28,63,-19
1747049469.372363,-106,-24,8
1747049469.408363,26,-3,34
1747049469.4433634,-15,14,-53
1747049469.4793634,-80,0,-111
1747049469.5143633,-7,67,18
1747049469.5493634,-21,-24,12
1747049469.5843637,12,35,38
1747049469.6203637,114,129,-15
1747049469.6563632,4,19,30
1747049469.691363,20,9,54
1747049469.727363,-17,9,-113
1747049469.7623634,-43,3,98
1747049469.7973633,-47,-92,10
1747049469.8323634,34,-4,-27
1747049469.8683634,-25,-22,-3
1747049469.9043634,-21,59,44
1747049469.9393632,10,-68,10
1747049469.9753633,-19,3,78
1747049470.010363,0,1,-93
1747049470.0453634,46,68,-49
1747049470.0803633,136,-30,34
1747049470.1163633,57,6,-55
1747049470.1523633,-48,18,-63
1747049470.1873634,67,12,-109
1747049470.2233634,15,68,-99
1747049470.2583632,-36,4,16
1747049470.293363,165,-3,38
1747049470.3283634,-58,-68,88
1747049470.3643634,-32,-13,32
1747049470.4003634,-33,4,-19
1747049470.4353633,22,72,40
1747049470.4713633,52,-13,-67
1747049470.5063634,36,30,-21
1747049470.5413637,-18,0,-63
1747049470.576363,5,-18,-9
1747049470.612363,32,-60,-105
1747049470.6483634,-46,-4,52
1747049470.6833634,-98,52,-83
1747049470.7193637,-3,55,4
1747049470.7543633,73,-59,48
1747049470.7893634,-11,20,-51
1747049470.8243637,-18,-33,26
1747049470.8603632,80,-24,-45
1747049470.8963633,4,-68,-67
1747049470.931363,80,35,100
1747049470.9673634,30,-14,64
1747049471.0023634,0,-2,-118
1747049471.0373633,-79,-52,2
1747049471.0723634,23,-27,83
1747049471.1083634,0,16,37
1747049471.1443634,-30,-63,-71
1747049471.1793633,6,-47,14
1747049471.2153633,-21,-45,50
1747049471.250363,4,-3,-63
1747049471.2853634,-76,40,74
1747049471.3203633,5,28,-61
1747049471.3563633,-4,6,24
1747049471.3923633,-14,4,32
1747049471.4273634,-18,-7,-37
1747049471.4633634,-18,-57,124
1747049471.4983633,39,4,25
1747049471.533363,21,-1,-95
1747049471.5683634,17,-5,-42
1747049471.6043634,92,-62,26
1747049471.6403637,17,24,-61
1747049471.6753633,34,-54,-5
1747049471.7113633,86,-28,-149
1747049471.7463634,-65,-52,42
1747049471.7813632,26,-9,-37
1747049471.816363,-93,-7,-21
1747049471.852363,64,28,76
1747049471.8883634,-21,-7,-37
1747049471.9233634,-11,10,-21
1747049471.9593637,-11,84,-61
1747049471.9943633,-37,0,-17
1747049472.0293634,68,-65,84
1747049472.0643632,60,-9,82
1747049472.1003633,-33,14,58
1747049472.1363633,42,64,-113
1747049472.1713634,20,64,70
1747049472.2073634,-93,74,88
1747049472.2423637,-40,11,72
1747049472.2773633,29,-12,-9
1747049472.3123634,-16,65,28
1747049472.3483634,29,77,44
1747049472.3843634,12,29,24
1747049472.4193633,31,-8,110
1747049472.4553633,60,63,-125
1747049472.4903634,106,-38,-15
1747049472.5253634,30,-8,-9
1747049472.5613637,-13,15,-29
1747049472.5963633,-59,-68,10
1747049472.632363,91,-57,72
1747049472.6673634,81,54,52
1747049472.7033634,-20,34,-49
1747049472.7383633,61,42,20
1747049472.7733634,-34,-61,140
1747049472.8093634,31,28,16
1747049472.8443637,-4,0,-47
1747049472.8803637,5,58,-19
1747049472.9153633,33,65,70
1747049472.951363,22,0,-85
1747049472.9863634,-9,-11,40
1747049473.0213633,-71,-41,62
1747049473.0573633,41,9,78
1747049473.0923634,1,9,-3
1747049473.1283634,-6,-51,20
1747049473.1633637,83,43,-27
1747049473.1993637,-54,27,16
1747049473.2343633,113,29,104
1747049473.2693634,61,-10,-13
1747049473.3053634,14,76,90
1747049473.3403633,20,-5,86
1747049473.3763633,-13,86,2
1747049473.4113634,-35,104,-77
1747049473.4463634,32,10,140
1747049473.4813633,-77,56,18
1747049473.5173633,-11,-31,104
1747049473.553363,-89,46,122
1747049473.5883634,-63,58,-9
1747049473.6243634,20,-1,-71
1747049473.6593633,4,42,-139
1747049473.6953633,56,-9,-61
1747049473.7303634,-30,16,104
1747049473.7653637,52,54,2
1747049473.8013637,96,4,102
1747049473.8363633,65,11,16
1747049473.872363,60,52,3
1747049473.9073634,-67,64,136
1747049473.9433634,34,8,-37
1747049473.9783633,18,10,124
1747049474.0133634,-10,47,-99
1747049474.0493634,-38,40,-29
1747049474.0843637,79,43,-77
1747049474.1203637,-14,63,148
1747049474.155363,-40,9,-13
1747049474.1903634,53,-18,-19
1747049474.2253633,45,-64,50
1747049474.2613633,-8,-20,68
1747049474.2973633,61,25,-5
1747049474.3323634,-58,39,58
1747049474.3683634,33,-86,26
1747049474.4033637,19,-44,-7
1747049474.4383633,51,-22,32
1747049474.4733634,21,-14,84
1747049474.5093634,-70,3,-25
1747049474.5453634,68,-90,-19
1747049474.5803633,-12,51,46
1747049474.6163633,-15,33,6
1747049474.6513634,-14,62,-53
1747049474.6933634,27,38,38
1747049474.7293634,11,17,36
1747049474.7653637,1,-18,70
1747049474.8013637,9,51,76
1747049474.8363633,28,-10,106
1747049474.872363,-1,-6,-31
1747049474.9073634,-47,117,136
1747049474.9423633,-2,55,-75
1747049474.977363,53,63,-51
1747049475.0133634,53,-2,20
1747049475.0493634,-8,-4,-131
1747049475.0843637,-65,-68,114
1747049475.1203637,-40,1,18
1747049475.155363,12,-60,96
1747049475.1903634,-89,23,68
1747049475.2253633,-27,67,-13
1747049475.2613633,-31,-12,-1
1747049475.2973633,49,0,-143
1747049475.3323634,52,-74,70
1747049475.3683634,50,-10,-19
1747049475.4033637,-35,53,84
1747049475.4383633,16,-10,-21
1747049475.4733634,9,-48,36
1747049475.5093634,-6,35,-39
1747049475.5453634,-44,33,50
1747049475.5803633,-16,37,-65
1747049475.6163633,29,-2,14
1747049475.6513634,35,27,116
1747049475.6863637,-28,0,-85
1747049475.7213633,15,-26,-43
1747049475.757363,7,-96,-21
1747049475.793363,57,-4,-5
1747049475.8283634,0,13,-51
1747049475.8643634,1,-22,96
1747049475.8993633,30,8,22
1747049475.9343634,-81,26,2
1747049475.9703634,-66,15,68
1747049476.0063634,57,53,-37
1747049476.0413637,-69,15,-25
1747049476.0773633,-58,-16,-55
1747049476.1133633,14,18,56
1747049476.1483634,64,56,38
1747049476.1843634,9,-38,12
1747049476.2193637,133,5,-63
1747049476.2543633,11,7,66
1747049476.2893634,-75,8,44
1747049476.3253634,-97,4,-17
1747049476.3613634,7,-34,116
1747049476.3963633,-38,29,-11
1747049476.4323633,-48,-8,38
1747049476.4673634,-22,11,111
1747049476.5023634,15,-49,-2
1747049476.5373633,39,6,18
1747049476.5733633,41,42,-73
1747049476.6093633,23,52,50
1747049476.6443634,13,18,-39
1747049476.6803634,-27,37,70
1747049476.7153633,-5,-44,108
1747049476.750363,-65,-32,-61
1747049476.7853634,44,-60,156
1747049476.8213634,10,9,-35
1747049476.8573637,-43,-20,100
1747049476.8923633,-22,-6,20
1747049476.928363,58,39,-9
1747049476.9633634,-19,-41,38
1747049476.9983633,80,5,-79
1747049477.033363,-17,-57,-79
1747049477.0693634,6,-4,-51
1747049477.1053634,-3,-25,36
1747049477.1403637,-5,-44,8
1747049477.1763637,-3,30,42
1747049477.2113633,50,38,-5
1747049477.2463634,39,6,64
1747049477.2823634,-25,-19,62
1747049477.3173633,-39,-29,6
1747049477.3533633,75,-42,39
1747049477.3883634,-50,5,-64
1747049477.4243634,-20,29,63
1747049477.4593637,-42,33,-82
1747049477.4943633,15,49,22
1747049477.530363,-3,-2,86
1747049477.5653634,28,-28,82
1747049477.6013634,-13,1,96
1747049477.6363633,8,-16,-91
1747049477.6723633,10,-6,8
1747049477.7073634,-37,-42,54
1747049477.7423637,-15,23,91
1747049477.7783637,58,-98,-22
1747049477.8133633,32,-16,-8
1747049477.849363,7,24,-50
1747049477.8843634,19,24,69
1747049477.9203634,41,-48,-118
1747049477.9553633,-52,-20,-94
1747049477.9903634,0,24,89
1747049478.0263634,7,14,-34
1747049478.0613637,1,-29,83
1747049478.0973637,0,2,15
1747049478.132363,-4,16,57
1747049478.168363,45,0,-24
1747049478.2033634,-11,18,41
1747049478.2383633,-87,24,117
1747049478.2743633,4,0,27
1747049478.3093634,72,36,-38
1747049478.3453634,8,-19,-16
1747049478.3803637,8,-39,133
1747049478.4163637,87,55,-18
1747049478.451363,45,37,3
1747049478.4863634,19,-16,-28
1747049478.5223634,1,-52,17
1747049478.5573633,11,-56,-70
1747049478.5933633,-57,3,159
1747049478.6283634,-29,-26,43
1747049478.6643634,-44,-30,61
1747049478.6993637,-84,-36,-54
1747049478.7343633,-12,-20,-16
1747049478.770363,97,0,71
1747049478.8053634,15,-1,51
1747049478.8413634,-20,7,19
1747049478.8763633,31,-82,-106
1747049478.9113634,1,49,91
1747049478.9463634,-94,49,-28
1747049478.9823637,-22,-42,89
1747049479.0183637,15,-58,-22
1747049479.053363,21,-24,1
1747049479.089363,-10,-72,-44
1747049479.1243634,-40,29,-18
1747049479.1593633,-69,52,17
1747049479.1943634,65,-72,11
1747049479.2303634,71,-16,-54
1747049479.2663634,65,-44,-114
1747049479.3013637,88,28,71
1747049479.3373632,-23,62,65
1747049479.372363,-68,0,-8
1747049479.4073634,49,-88,-176
1747049479.4423633,-43,14,155
1747049479.4783633,-43,46,-80
1747049479.5143633,-19,38,89
1747049479.5493634,-30,-62,27
1747049479.5853634,67,29,-26
1747049479.6203637,-44,99,-10
1747049479.655363,-42,-26,0
1747049479.6903634,24,-53,-54
1747049479.7263634,70,42,29
1747049479.7623634,34,-9,-62
1747049479.7973633,14,2,45
1747049479.8333633,-17,10,97
1747049479.8683634,0,-50,-4
1747049479.9033637,46,-69,-14
1747049479.9383633,50,0,-40
1747049479.974363,-45,-11,59
1747049480.010363,61,18,-8
1747049480.0453634,-17,-35,-60
1747049480.0813634,4,80,41
1747049480.1163633,-5,4,-6
1747049480.1513634,38,18,25
1747049480.1863637,-24,-39,1
1747049480.2223637,61,-33,-27
1747049480.2583632,-26,2,-81
1747049480.293363,63,-19,194
1747049480.329363,1,40,0
1747049480.3643634,9,18,-82
1747049480.3993633,-44,-7,-72
1747049480.4343634,40,-9,90
1747049480.4703634,-65,8,-1
1747049480.5063634,2,-17,50
1747049480.5413637,18,-97,-31
1747049480.5773633,34,-29,22
1747049480.612363,-7,6,86
1747049480.6473634,-23,40,2
1747049480.6823633,-53,-19,10
1747049480.7183633,150,11,14
1747049480.7543633,-15,-32,-39
1747049480.7893634,91,75,62
1747049480.8253634,-10,-20,102
1747049480.8603632,-26,-74,82
1747049480.895363,-53,7,70
1747049480.9303634,-33,54,-155
1747049480.9663634,-15,-41,4
1747049481.0023634,-3,-35,-85
1747049481.0373633,66,-1,26
1747049481.0733633,41,-28,-21
1747049481.1083634,67,-74,58
1747049481.1433637,12,38,22
1747049481.178363,-16,3,130
1747049481.214363,77,29,-53
1747049481.250363,-24,57,6
1747049481.2853634,-57,0,-17
1747049481.3213634,-59,-60,16
1747049481.3563633,38,5,-9
1747049481.3913634,38,6,24
1747049481.4263637,0,-9,-9
1747049481.4623632,-20,-68,-19
1747049481.4983633,43,-32,26
1747049481.533363,-81,14,60
1747049481.5693634,86,-48,74
1747049481.6043634,68,15,-45
1747049481.6393633,-39,31,-27
1747049481.6743634,-19,36,28
1747049481.7103634,17,-72,-5
1747049481.7463634,-62,1,36
1747049481.7813632,11,-18,0
1747049481.8173633,-7,59,-45
1747049481.852363,-54,-54,-13
1747049481.8873634,-40,5,-17
1747049481.9233634,-40,19,-159
1747049481.9583633,21,-58,50
1747049481.9943633,-14,-34,-93
1747049482.0293634,15,-28,0
1747049482.0653634,-64,9,-3
1747049482.1003633,-46,-4,-9
1747049482.135363,55,3,10
1747049482.1713634,19,9,-39
1747049482.2063634,-8,-27,-105
1747049482.2423637,-50,-47,-19
1747049482.2773633,38,42,12
1747049482.3133633,-53,-60,26
1747049482.3483634,-5,51,96
1747049482.3833632,-53,-52,52
1747049482.4193633,-79,23,50
1747049482.454363,-17,15,-37
1747049482.4903634,-45,47,39
1747049482.5253634,90,-30,-105
1747049482.5613637,4,34,35
1747049482.5963633,-1,-42,-5
1747049482.6313634,46,-24,-24
1747049482.6673634,-41,57,-53
1747049482.7023633,10,45,92
1747049482.7383633,-83,-53,60
1747049482.7733634,0,-23,22
1747049482.8093634,34,33,-117
1747049482.8443637,10,1,-13
1747049482.8793633,-53,-43,52
1747049482.9153633,-43,-35,-15
1747049482.9503634,-13,-21,-39
1747049482.9863634,-1,24,-67
1747049483.0213633,-22,-85,-31
1747049483.0573633,25,2,44
1747049483.0923634,-20,-81,-31
1747049483.1273634,-8,62,52
1747049483.1633637,-30,-27,64
1747049483.1983633,-65,46,2
1747049483.2343633,16,11,28
1747049483.2693634,-21,46,-57
1747049483.3043633,-29,62,114
1747049483.339363,42,0,6
1747049483.375363,8,46,107
1747049483.4113634,-58,22,-26
1747049483.4463634,62,10,71
1747049483.4823637,70,2,-20
1747049483.5173633,14,26,-145
1747049483.5523634,20,30,4
1747049483.5873632,4,-15,-49
1747049483.6233633,-3,6,86
1747049483.6593633,-31,-3,88
1747049483.6943634,16,4,52
1747049483.7303634,24,-29,112
1747049483.7653637,8,42,118
1747049483.8003633,-33,-7,-27
1747049483.8353634,18,-27,16
1747049483.8713634,-55,37,54
1747049483.9073634,22,19,-19
1747049483.9423633,10,-81,60
1747049483.9783633,-25,34,50
1747049484.0133634,-27,18,36
1747049484.0483634,-65,19,154
1747049484.0833633,26,-70,-59
1747049484.1193633,92,48,-47
1747049484.155363,-21,-19,-73
1747049484.1903634,-59,-21,-43
1747049484.2263634,10,-44,104
1747049484.2613633,-35,35,24
1747049484.2963634,58,-36,76
1747049484.3313634,-23,34,184
1747049484.3673637,-39,-3,52
1747049484.4033637,34,-8,-137
1747049484.4383633,20,15,-41
1747049484.474363,84,-36,-3
1747049484.5093634,-19,-86,74
1747049484.5443633,-79,-70,66
1747049484.579363,84,23,-1
1747049484.6153634,-79,-33,42
1747049484.6513634,14,38,-83
1747049484.6863637,-13,36,38
1747049484.7293634,-11,-25,80
1747049484.7653637,10,38,44
1747049484.8003633,-22,-2,34
1747049484.8353634,-68,-73,-79
1747049484.8713634,-33,16,54
1747049484.9073634,19,24,86
1747049484.9423633,35,18,-55
1747049484.9783633,5,5,14
1747049485.0133634,-64,11,-67
1747049485.0483634,-38,9,152
1747049485.0843637,124,95,30
1747049485.1203637,-45,51,28
1747049485.155363,7,-8,62
1747049485.191363,-43,17,-59
1747049485.227363,-56,-8,-9
1747049485.2623634,56,-24,56
1747049485.2983634,-11,-26,8
1747049485.3333633,66,-30,-111
1747049485.3683634,-1,0,-55
1747049485.4033637,-46,20,-81
1747049485.4393632,19,32,46
1747049485.4753633,-31,-14,-71
1747049485.510363,-21,-30,-137
1747049485.5463634,-9,-70,-35
1747049485.5813634,20,-22,64
1747049485.6163633,22,5,52
1747049485.6513634,-27,47,-155
1747049485.6873634,22,79,52
1747049485.7233634,39,16,46
1747049485.7583632,-2,-31,60
1747049485.7943633,27,-47,21
1747049485.829363,31,-11,50
1747049485.8643634,3,56,120
1747049485.8993633,37,-36,118
1747049485.9353633,-18,25,2
1747049485.9713633,35,-2,-54
1747049486.0063634,51,31,-93
1747049486.0423634,18,-21,-25
1747049486.0773633,32,61,138
1747049486.112363,0,29,26
1747049486.1473634,-22,18,-29
1747049486.1833634,43,-29,20
1747049486.2193637,-78,10,-53
1747049486.2543633,69,19,24
1747049486.2903633,-63,-27,186
1747049486.3253634,84,18,26
1747049486.3603632,-51,-33,-59
1747049486.3963633,16,4,30
1747049486.431363,91,36,-29
1747049486.4673634,-16,-25,36
1747049486.5023634,-124,42,-7
1747049486.5383637,-2,-47,-45
1747049486.5733633,-34,-31,-65
1747049486.6083634,25,-45,-17
1747049486.6443634,-40,8,104
1747049486.6793633,13,10,30
1747049486.7153633,-126,28,6
1747049486.750363,-10,-33,110
1747049486.7863634,1,34,-7
1747049486.8213634,2,-78,-57
1747049486.8563633,-29,-22,-27
1747049486.8923633,22,71,26
1747049486.9273634,-3,5,-75
1747049486.9633634,-3,-17,60
1747049486.9983633,30,-34,34
1747049487.0343633,-33,22,168
1747049487.0693634,-25,16,108
1747049487.1043634,-59,19,44
1747049487.1403637,92,5,96
1747049487.1753633,-53,-39,76
1747049487.2113633,-9,20,-31
1747049487.2463634,-5,-77,2
1747049487.2823634,-87,-17,-9
1747049487.3173633,-15,0,108
1747049487.352363,38,-37,-35
1747049487.3883634,-13,-13,20
1747049487.4233634,21,43,4
1747049487.4593637,-16,-2,126
1747049487.4943633,91,-64,-129
1747049487.530363,66,-42,20
1747049487.5653634,-37,-28,22
1747049487.6003633,-10,-13,38
1747049487.6363633,-50,-65,40
1747049487.6713634,-45,-51,-11
1747049487.7073634,-39,-23,36
1747049487.7423637,35,46,-95
1747049487.7783637,17,-7,52
1747049487.8133633,-45,-15,116
1747049487.8483634,80,-53,-43
1747049487.8843634,-5,-41,-89
1747049487.9193633,72,-7,100
1747049487.9553633,-57,0,36
1747049487.9903634,8,0,90
1747049488.0263634,-45,-10,-121
1747049488.0613637,19,-43,-41
1747049488.0963633,-44,-9,-45
1747049488.132363,-30,-75,56
1747049488.1673634,45,-85,-75
1747049488.2033634,-14,48,-129
1747049488.2383633,5,-31,50
1747049488.2733634,33,13,54
1747049488.3083634,29,14,6
1747049488.3443637,-97,-81,18
1747049488.3803637,54,-31,-95
1747049488.4153633,3,-1,-5
1747049488.451363,-16,2,140
1747049488.4863634,83,22,40
1747049488.5213633,-84,-101,59
1747049488.556363,67,0,-31
1747049488.5923634,-30,-23,-23
1747049488.6283634,46,-49,108
1747049488.6633637,-19,8,-19
1747049488.6993637,10,80,74
1747049488.7343633,-3,-21,70
1747049488.7693634,-37,36,-73
1747049488.8043633,-47,-71,72
1747049488.8403633,41,-58,-65
1747049488.8763633,93,69,35
1747049488.9113634,-43,-45,-12
1747049488.9473634,-11,-39,35
1747049488.9823637,-43,36,29
1747049489.0173633,84,-33,57
1747049489.0523634,6,-61,5
1747049489.0883634,30,-25,19
1747049489.1243634,-37,-57,61
1747049489.1593633,18,-21,-44
1747049489.1953633,7,2,10
1747049489.2303634,71,76,-54
1747049489.2653637,-56,-65,161
1747049489.3003633,-14,20,-124
1747049489.3363633,-96,2,89
1747049489.372363,-82,12,-32
1747049489.4073634,-54,-7,143
1747049489.4433634,15,12,5
1747049489.4783633,-12,-33,15
1747049489.5133634,109,10,83
1747049489.5483634,-4,28,-96
1747049489.5843637,27,-37,119
1747049489.6203637,39,24,39
1747049489.655363,-2,-33,39
1747049489.691363,0,49,-4
1747049489.7263634,-79,51,-90
1747049489.7613633,-31,17,-100
1747049489.7963634,10,31,-34
1747049489.8323634,76,-22,-50
1747049489.8683634,-51,-24,89
1747049489.9033637,-43,-6,-38
1747049489.9393632,8,-62,-22
1747049489.974363,24,51,-20
1747049490.0093634,6,-6,189
1747049490.0443633,12,31,-4
1747049490.0803633,23,-14,79
1747049490.1163633,51,13,-56
1747049490.1513634,-20,-6,41
1747049490.1873634,81,25,-44
1747049490.2223637,66,-17,-110
1747049490.257363,74,54,143
1747049490.2923634,12,36,-72
1747049490.3283634,-13,12,121
1747049490.3643634,-11,4,83
1747049490.3993633,-50,-31,-64
1747049490.4353633,-16,-41,-64
1747049490.4703634,-48,12,-18
1747049490.5053637,-42,8,93
1747049490.5403633,7,18,15
1747049490.576363,39,-90,-124
1747049490.612363,0,5,145
1747049490.6473634,-12,7,45
1747049490.6833634,-42,42,67
1747049490.7183633,-52,-25,71
1747049490.7533634,-10,-13,89
1747049490.7883637,35,103,-56
1747049490.8243637,-50,4,-2
1747049490.8603632,29,76,7
1747049490.895363,-18,49,-62
1747049490.931363,-2,-64,57
1747049490.9663634,-48,-14,29
1747049491.0013633,-17,52,89
1747049491.0363634,2,20,-6
1747049491.0723634,102,-43,25
1747049491.1083634,-79,42,19
1747049491.1433637,2,-51,-66
1747049491.1793633,6,-7,93
1747049491.214363,-55,-19,11
1747049491.2493634,36,74,-80
1747049491.2853634,-46,-22,-124
1747049491.3203633,58,14,-86
1747049491.3563633,60,-13,-26
1747049491.3913634,-85,77,41
1747049491.4273634,2,-10,-46
1747049491.4623632,-72,-14,-24
1747049491.497363,-11,49,-92
1747049491.533363,55,37,117
1747049491.5683634,36,-6,-40
1747049491.6043634,13,-36,-64
1747049491.6393633,-9,-44,-76
1747049491.6753633,28,-30,69
1747049491.7103634,-18,-6,-24
1747049491.7453637,-38,48,19
1747049491.7813632,1,-17,91
1747049491.816363,12,-33,-14
1747049491.852363,14,76,-36
1747049491.8873634,-46,34,9
1747049491.9233634,-40,-17,19
1747049491.9583633,-20,-35,111
1747049491.9933634,48,-17,93
1747049492.0293634,-50,-99,-92
1747049492.0643632,47,6,93
1747049492.1003633,43,20,7
1747049492.135363,-38,20,65
1747049492.1713634,-60,2,-70
1747049492.2063634,-18,-9,-14
1747049492.2413633,1,2,-4
1747049492.2773633,12,-43,115
1747049492.3123634,-55,38,101
1747049492.3483634,38,-55,111
1747049492.3833632,15,-39,-46
1747049492.4193633,-4,28,77
1747049492.454363,-25,15,121
1747049492.4893634,46,-19,-2
1747049492.5253634,-21,26,-62
1747049492.5603633,18,-21,177
1747049492.5963633,-37,-31,73
1747049492.6313634,28,20,53
1747049492.6673634,0,-32,-4
1747049492.7023633,-87,28,93
1747049492.737363,-2,3,-18
1747049492.7733634,-56,55,3
1747049492.8083634,-54,-82,29
1747049492.8443637,-33,-48,20
1747049492.8793633,-61,-71,62
1747049492.9143634,41,-18,4
1747049492.9493637,-112,-18,54
1747049492.9853632,29,-40,-35
1747049493.0213633,-31,-3,54
1747049493.056363,16,111,36
1747049493.0923634,8,-53,78
1747049493.1273634,29,-10,62
1747049493.1623633,-104,23,-7
1747049493.1973634,60,-65,60
1747049493.2333634,11,-10,88
1747049493.2693634,50,4,-57
1747049493.3043633,22,2,20
1747049493.3403633,-28,-20,-27
1747049493.375363,-20,-16,-53
1747049493.4103634,7,-48,0
1747049493.4453633,-73,-12,113
1747049493.4813633,-36,-82,54
1747049493.5173633,28,30,50
1747049493.5523634,53,-45,84
1747049493.5883634,61,-46,-87
1747049493.6233633,7,-3,-17
1747049493.658363,3,14,-37
1747049493.6933634,-12,-9,106
1747049493.7293634,51,14,-57
1747049493.7653637,43,-7,28
1747049493.8003633,51,40,58
1747049493.8363633,45,-65,-13
1747049493.8713634,39,24,44
1747049493.9063632,-44,-91,56
1747049493.941363,-82,-68,-39
1747049493.977363,16,-73,-62
1747049494.0133634,-32,27,48
1747049494.0483634,20,-40,-78
1747049494.0843637,-11,-2,-53
1747049494.1193633,96,20,44
1747049494.1543634,-49,10,124
1747049494.1893632,-77,6,-8
1747049494.2253633,38,64,-65
1747049494.2613633,-103,42,62
1747049494.2963634,-7,6,48
1747049494.3323634,4,-37,0
1747049494.3673637,-22,6,-16
1747049494.4023633,-84,-39,18
1747049494.4373634,-58,8,-106
1747049494.4733634,101,42,32
1747049494.5093634,23,-31,12
1747049494.5443633,39,19,60
1747049494.5803633,85,-39,-97
1747049494.6153634,3,48,112
1747049494.6503634,20,57,82
1747049494.6853633,48,-30,68
1747049494.7213633,-9,-50,-5
1747049494.7643633,-73,9,0
1747049494.8003633,52,-86,182
1747049494.8363633,-14,-43,-39
1747049494.8713634,-44,-21,30
1747049494.9063632,65,52,-75
1747049494.941363,-42,36,30
1747049494.977363,76,-2,-35
1747049495.0133634,-46,-17,92
1747049495.0483634,-30,-23,-9
1747049495.0843637,1,40,17
1747049495.1193633,-38,-1,-26
1747049495.1543634,31,7,38
1747049495.1893632,-2,-21,-23
1747049495.2253633,21,-17,-7
1747049495.2613633,17,-69,28
1747049495.2963634,-22,8,4
1747049495.3323634,-16,-7,16
1747049495.3673637,-12,-105,74
1747049495.4023633,-20,6,-71
1747049495.4373634,-131,30,56
1747049495.4733634,-40,-19,-39
1747049495.5093634,47,-18,-5
1747049495.5443633,-8,-63,4
1747049495.5803633,49,17,56
1747049495.6153634,55,58,-11
1747049495.6503634,-14,-21,38
1747049495.6853633,-6,38,92
1747049495.7213633,28,13,116
1747049495.757363,-4,50,-19
1747049495.7923634,45,20,-35
1747049495.8283634,49,18,50
1747049495.8633633,31,8,-23
1747049495.8983634,-5,0,-95
1747049495.9343634,-80,18,52
1747049495.9693637,21,-56,34
1747049496.0053637,-22,68,-33
1747049496.0403633,-28,-53,-61
1747049496.076363,87,-15,4
1747049496.1113634,-24,42,-1
1747049496.1463633,3,-3,38
1747049496.1823633,41,-5,10
1747049496.2173634,7,-63,38
1747049496.2533634,-8,38,-61
1747049496.2883637,-12,0,-160
1747049496.3243637,31,74,33
1747049496.3593633,-18,36,-78
1747049496.3943634,61,16,97
1747049496.4303634,-2,-51,-12
1747049496.4653633,-48,16,15
1747049496.5013633,-38,-41,55
1747049496.5363634,-30,-21,137
1747049496.5723634,5,30,21
1747049496.6073637,131,20,-124
1747049496.6423633,39,5,13
1747049496.678363,-20,-2,55
1747049496.7133634,31,-70,75
1747049496.7493634,22,-93,-60
1747049496.7843633,-41,38,-12
1747049496.8203633,63,-14,11
1747049496.8553634,-23,20,-12
1747049496.8903637,-6,-51,-114
1747049496.9263637,-14,57,57
1747049496.9613633,-46,-44,85
1747049496.997363,-46,19,-70
1747049497.0323634,-32,77,15
1747049497.0683634,-27,-29,-40
1747049497.1033633,-37,38,57
1747049497.1383634,39,21,-4
1747049497.1743634,31,71,5
1747049497.2093637,-38,15,-164
1747049497.2453637,56,47,-26
1747049497.280363,39,-66,77
1747049497.316363,-127,-62,-6
1747049497.3513634,74,-32,23
1747049497.3863633,20,59,103
1747049497.4223633,6,13,27
1747049497.4573634,16,58,-50
1747049497.4933634,-7,4,69
1747049497.5283637,-91,62,-20
1747049497.5643632,-89,29,47
1747049497.6003633,-25,50,-22
1747049497.635363,-31,24,-46
1747049497.6703634,-45,80,-112
1747049497.7063634,-75,-41,-54
1747049497.7423637,38,-69,39
1747049497.7773633,72,-18,13
1747049497.8133633,47,-48,83
1747049497.8483634,67,61,47
1747049497.8833632,24,19,31
1747049497.918363,21,6,23
1747049497.954363,17,-59,39
1747049497.9903634,109,-16,7
1747049498.0253634,86,77,135
1747049498.0613637,100,-82,21
1747049498.0963633,59,40,135
1747049498.1313634,37,-19,13
1747049498.1663637,-81,-45,-84
1747049498.2023633,37,-10,-64
1747049498.2383633,25,-72,-32
1747049498.2733634,55,-38,91
1747049498.3093634,-22,-48,43
1747049498.3443637,45,25,-104
1747049498.3793633,38,48,-102
1747049498.4143634,-26,-22,21
1747049498.4503634,-34,9,3
1747049498.4863634,131,7,-8
1747049498.5213633,55,7,77
1747049498.5573633,37,-4,27
1747049498.5923634,-42,47,19
1747049498.6273634,37,-28,183
1747049498.6623633,39,-50,-96
1747049498.6983633,130,8,15
1747049498.7343633,-1,6,17
1747049498.7693634,52,2,63
1747049498.8053634,64,6,-18
1747049498.8403633,4,-91,79
1747049498.875363,30,10,-10
1747049498.9103634,112,76,31
1747049498.9463634,12,-25,-44
1747049498.9823637,-4,16,55
1747049499.0173633,50,-60,53
1747049499.053363,-25,-40,-28
1747049499.0883634,54,-28,83
1747049499.1233633,22,28,-8
1747049499.158363,38,-37,51
1747049499.1943634,122,-33,-8
1747049499.2303634,54,38,-10
1747049499.2653637,-45,58,1
1747049499.3013637,15,10,-28
1747049499.3363633,-99,-71,-84
1747049499.3713634,-39,-69,-34
1747049499.4063632,6,24,-28
1747049499.4423633,-13,48,-30
1747049499.4783633,0,-18,29
1747049499.5133634,-8,-42,-90
1747049499.5493634,14,74,-20
1747049499.5843637,6,47,59
1747049499.6193633,4,-11,-52
1747049499.6543634,130,-41,73
1747049499.6903634,22,4,-54
1747049499.7263634,30,-30,69
1747049499.7613633,0,-40,-70
1747049499.7973633,-1,-17,-4
1747049499.8323634,32,20,-114
1747049499.8673637,106,30,-30
1747049499.9023633,96,-1,35
1747049499.9383633,-29,66,19
1747049499.974363,6,-26,-46
1747049500.0093634,-11,-46,-64
1747049500.0453634,28,2,57
1747049500.0803633,88,-12,153
1747049500.1153634,44,-20,19
1747049500.1503634,-35,-45,49
1747049500.1863637,122,20,113
1747049500.2223637,76,6,-158
1747049500.257363,14,4,39
1747049500.293363,-37,-103,-66
1747049500.3283634,-43,0,13
1747049500.3633633,46,-27,9
1747049500.3983634,32,-3,145
1747049500.4343634,36,4,153
1747049500.4703634,2,-27,-114
1747049500.5053637,-15,6,121
1747049500.5413637,-85,28,57
1747049500.576363,-55,-3,15
1747049500.6113634,0,8,-4
1747049500.6473634,42,26,-4
1747049500.6823633,25,-49,73
1747049500.7183633,95,46,43
1747049500.7533634,73,44,19
1747049500.7893634,48,42,115
1747049500.8243637,4,24,35
1747049500.8593633,-27,46,119
1747049500.895363,-19,16,63
1747049500.9303634,34,11,23
1747049500.9663634,-1,39,19
1747049501.0013633,2,21,79
1747049501.0373633,-23,83,35
1747049501.0723634,-21,-12,-8
1747049501.1073637,-39,-30,39
1747049501.1433637,0,1,19
1747049501.178363,42,-22,137
1747049501.214363,-2,23,67
1747049501.2493634,3,-34,-44
1747049501.2853634,41,23,-40
1747049501.3203633,-30,45,69
1747049501.3553634,7,-66,-50
1747049501.3913634,-16,19,-16
1747049501.4263637,-40,-44,-18
1747049501.4623632,-8,15,-22
1747049501.497363,-6,-16,27
1747049501.533363,41,-29,-82
1747049501.5683634,89,-49,37
1747049501.6033633,6,56,-12
1747049501.6393633,2,-45,-32
1747049501.6743634,-31,42,67
1747049501.7103634,42,-63,5
1747049501.7453637,-9,4,71
1747049501.7813632,-47,-35,3
1747049501.816363,-31,-1,143
1747049501.8513634,47,-43,33
1747049501.8873634,10,-9,51
1747049501.9223633,-47,-21,-64
1747049501.9583633,-26,98,43
1747049501.9933634,-57,-83,-52
1747049502.0293634,-75,10,37
1747049502.0643632,2,28,21
1747049502.099363,-13,8,3
1747049502.135363,68,-61,-104
1747049502.1703634,-52,-11,15
1747049502.2063634,-13,32,33
1747049502.2413633,34,28,-18
1747049502.2763634,-27,-5,-80
1747049502.3113637,58,-9,155
1747049502.3473637,0,-22,-90
1747049502.3833632,30,-13,-54
1747049502.418363,22,52,45
1747049502.454363,-47,0,-2
1747049502.4893634,26,-142,-90
1747049502.5243633,54,-8,89
1747049502.5593634,116,-4,-2
1747049502.5953634,52,87,29
1747049502.6313634,-53,24,17
1747049502.6663637,-87,-53,-10
1747049502.7023633,75,35,49
1747049502.737363,37,21,15
1747049502.7723634,-18,47,29
1747049502.8073633,31,-50,-48
1747049502.8433633,1,43,-44
1747049502.8793633,37,5,69
1747049502.9143634,-24,-60,91
1747049502.9503634,-22,-4,82
1747049502.9853632,13,41,34
1747049503.020363,67,-48,-121
1747049503.0553634,17,-28,-41
1747049503.0913634,43,-3,46
1747049503.1273634,-56,-19,-71
1747049503.1623633,-26,-31,-25
1747049503.1983633,73,4,-67
1747049503.2333634,-32,42,-65
1747049503.2683637,-1,21,22
1747049503.303363,32,27,20
1747049503.339363,-53,49,-61
1747049503.375363,41,-7,68
1747049503.4103634,15,-27,134
1747049503.4463634,-16,18,89
1747049503.4813633,-6,-5,-58
1747049503.5163634,5,-72,-32
1747049503.5513637,17,25,0
1747049503.5873632,-34,-12,-89
1747049503.6233633,2,-39,56
1747049503.658363,16,51,28
1747049503.6943634,14,-4,100
1747049503.7293634,108,1,-29
1747049503.7643633,-1,-74,28
1747049503.7993634,-1,-28,-1
1747049503.8353634,-5,-47,68
1747049503.8713634,93,-23,10
1747049503.9063632,11,-15,36
1747049503.9423633,-5,-27,-17
1747049503.977363,16,16,-9
1747049504.0123634,-1,30,96
1747049504.0473633,72,-69,12
1747049504.0833633,14,64,52
1747049504.1193633,-29,18,-25
1747049504.1543634,-49,38,-37
1747049504.1903634,-29,-29,-135
1747049504.2253633,0,-33,172
1747049504.260363,-89,-33,104
1747049504.2953634,38,-31,72
1747049504.3313634,30,-57,-39
1747049504.3673637,-53,32,-111
1747049504.4023633,-9,-67,18
1747049504.4383633,7,76,50
1747049504.4733634,18,-43,-25
1747049504.5083632,86,-5,-33
1747049504.543363,52,14,4
1747049504.579363,39,33,-37
1747049504.6153634,-38,4,36
1747049504.6503634,-87,10,111
1747049504.6863637,-27,-105,6
1747049504.7213633,38,30,-173
1747049504.7563634,79,23,112
1747049504.7993634,-1,53,-7
1747049504.8353634,58,5,-13
1747049504.8713634,7,3,8
1747049504.9063632,5,-6,43
1747049504.9423633,-50,-49,17
1747049504.977363,-28,-29,-15
1747049505.0123634,47,20,88
1747049505.0473633,-24,-9,-43
1747049505.0833633,-58,-87,-39
1747049505.1193633,32,-41,-67
1747049505.1543634,-6,-23,-41
1747049505.1903634,17,-55,68
1747049505.2253633,36,49,76
1747049505.260363,-1,35,104
1747049505.2963634,40,7,-9
1747049505.3313634,-7,28,-13
1747049505.3673637,14,-10,-15
1747049505.4023633,6,3,34
1747049505.4383633,38,21,104
1747049505.4733634,38,-16,-75
1747049505.5083632,-41,-58,128
1747049505.5443633,-29,-50,36
1747049505.579363,-21,35,44
1747049505.6153634,31,104,-31
1747049505.6503634,-36,32,68
1747049505.6863637,43,-36,14
1747049505.7213633,-38,-39,-143
1747049505.7563634,119,-6,72
1747049505.7923634,-50,55,22
1747049505.8273633,-46,19,-53
1747049505.8633633,-38,37,38
1747049505.8983634,-16,39,-95
1747049505.9343634,-15,-25,-19
1747049505.9693637,-13,-31,-61
1747049506.0043633,12,28,-25
1747049506.0403633,-63,-15,-101
1747049506.0753634,14,-21,-31
1747049506.1113634,17,2,74
1747049506.1463633,65,24,-119
1747049506.1823633,-65,-25,-35
1747049506.2173634,-101,4,20
1747049506.2523634,-17,14,28
1747049506.2883637,16,21,25
1747049506.3233633,-63,-53,121
1747049506.3593633,-17,36,111
1747049506.3943634,-25,-7,35
1747049506.4303634,28,-25,-37
1747049506.4653633,-33,-26,-9
1747049506.500363,-21,47,58
1747049506.5363634,46,27,8
1747049506.5713634,14,-78,20
1747049506.6073637,32,-38,-45
1747049506.6423633,1,-8,32
1747049506.678363,22,-30,62
1747049506.7133634,-7,33,-53
1747049506.7483633,69,2,-49
1747049506.7843633,83,31,-26
1747049506.8193634,113,44,73
1747049506.8553634,-78,15,65
1747049506.8903637,-40,-28,147
1747049506.9253633,85,-4,77
1747049506.9603634,69,-32,-29
1747049506.9963634,21,25,34
1747049507.0323634,13,-27,-35
1747049507.0673633,-16,-23,-5
1747049507.1033633,-44,-31,34
1747049507.1383634,55,52,82
1747049507.1733634,23,-85,-63
1747049507.2083633,-14,-111,-9
1747049507.2443633,-10,-19,-19
1747049507.280363,-50,20,-23
1747049507.3153634,-6,46,66
1747049507.3513634,7,-33,116
1747049507.3863633,55,40,76
1747049507.4213634,-76,37,114
1747049507.4563634,17,-26,34
1747049507.4923637,19,-50,44
1747049507.5283637,-24,-14,-95
1747049507.5633633,19,-36,12
1747049507.599363,1,25,36
1747049507.6343634,75,-28,32
1747049507.6693633,39,-58,46
1747049507.704363,17,-14,-61
1747049507.7403634,-34,17,-9
1747049507.7763634,-45,3,-55
1747049507.8113637,-10,-18,-87
1747049507.8473637,-30,31,-33
1747049507.882363,-3,-2,20
1747049507.9173634,-79,-3,86
1747049507.9523633,66,-80,50
1747049507.9883633,-55,-7,130
1747049508.0243633,-1,-95,176
1747049508.0593634,50,-21,-83
1747049508.0953634,16,-25,-63
1747049508.1303637,-31,14,100
1747049508.1653633,-63,-59,-31
1747049508.2003634,41,-21,-17
1747049508.2363634,-64,36,-67
1747049508.2723634,3,6,24
1747049508.3073633,61,10,12
1747049508.3433633,-74,48,16
1747049508.3783634,1,-51,2
1747049508.4133637,11,-53,122
1747049508.4483633,-68,16,-119
1747049508.4843633,-12,-7,-17
1747049508.520363,-72,-35,56
1747049508.5553634,-44,-49,36
1747049508.5913634,15,3,-17
1747049508.6263633,41,10,130
1747049508.6613634,-14,-57,-1
1747049508.6963634,-39,-10,90
1747049508.7323637,-63,35,-81
1747049508.7683637,-31,-46,2
1747049508.803363,-46,53,-47
1747049508.839363,53,3,-63
1747049508.8743634,13,-38,-11
1747049508.9093633,-10,11,-83
1747049508.9443634,-33,-30,28
1747049508.9803634,48,9,18
1747049509.0163634,-32,-2,26
1747049509.0513637,39,-26,-69
1747049509.0873632,109,19,-25
1747049509.122363,-14,3,-11
1747049509.1573634,-12,-44,84
1747049509.1923633,-32,-16,58
1747049509.2283633,19,-10,2
1747049509.2643633,19,33,46
1747049509.2993634,13,3,-45
1747049509.3353634,25,-56,-141
1747049509.3703637,3,-6,-12
1747049509.405363,-86,-76,-28
1747049509.4403634,-56,19,130
1747049509.4763634,43,7,-19
1747049509.5123634,-6,-2,56
1747049509.5473633,50,-21,28
1747049509.5833633,-9,14,-13
1747049509.6183634,-30,11,34
1747049509.6533637,18,62,-5
1747049509.6883633,-23,-77,-157
1747049509.724363,22,28,59
1747049509.760363,31,-8,103
1747049509.7953634,-10,-27,-58
1747049509.8313634,-20,-47,-28
1747049509.8663633,-86,77,-42
1747049509.9013634,29,-25,-16
1747049509.9373634,-16,8,97
1747049509.9723637,-2,-24,5
1747049510.0083632,24,46,-26
1747049510.043363,38,-49,-26
1747049510.079363,-14,-2,51
1747049510.1143634,68,-63,-62
1747049510.1493633,67,-22,41
1747049510.1853633,73,-5,57
1747049510.2203634,13,-55,41
1747049510.2563634,-12,46,-6
1747049510.2913637,13,-33,-116
1747049510.3273633,-6,-12,-88
1747049510.362363,33,-22,29
1747049510.3973634,15,-4,45
1747049510.4333634,0,-3,-16
1747049510.4683633,37,-16,-132
1747049510.5043633,75,62,-4
1747049510.5393634,45,-13,3
1747049510.5753634,83,-55,-22
1747049510.6103632,-54,-45,-86
1747049510.645363,-48,0,-12
1747049510.681363,7,50,27
1747049510.7163634,-68,-7,73
1747049510.7523634,-12,-101,-4
1747049510.7873633,-9,-89,-30
1747049510.8233633,-50,-20,-34
1747049510.8583634,0,-2,-28
1747049510.8933637,-3,28,57
1747049510.9293633,-60,13,-6
1747049510.964363,5,-34,81
1747049511.000363,-4,8,-140
1747049511.0353634,-34,16,103
1747049511.0713634,-58,100,73
1747049511.1063633,-84,39,33
1747049511.1413634,-14,14,33
1747049511.1773634,101,-8,-90
1747049511.2123632,-32,11,63
1747049511.2483633,13,33,-44
1747049511.283363,5,15,-32
1747049511.3193634,0,-28,-30
1747049511.3543634,17,59,37
1747049511.3893633,-64,-58,91
1747049511.4253633,7,-34,27
1747049511.4603634,53,-46,25
1747049511.4963634,23,19,-22
1747049511.5313632,-46,47,-80
1747049511.566363,59,27,-70
1747049511.6013634,69,-44,19
1747049511.6373634,-65,55,1
1747049511.6733634,-29,45,-18
1747049511.7083633,30,13,-12
1747049511.7443633,14,-58,-8
1747049511.7793634,70,61,107
1747049511.8143632,0,16,-64
1747049511.849363,0,19,-30
1747049511.885363,-60,-28,103
1747049511.9213634,28,34,-50
1747049511.9563634,4,-37,-46
1747049511.9923637,17,-71,-6
1747049512.0273633,-67,-29,-44
1747049512.0623634,58,58,5
1747049512.0973637,-42,51,-40
1747049512.1333632,24,4,-38
1747049512.1693633,-13,-52,55
1747049512.204363,10,38,-12
1747049512.2403634,62,-23,127
1747049512.2753634,-19,-10,89
1747049512.3103633,-63,7,-58
1747049512.3453634,-39,-54,-96
1747049512.3813634,102,-118,65
1747049512.4173634,-2,-7,-28
1747049512.4523633,-47,13,59
1747049512.4883633,-32,-81,-2
1747049512.5233634,-68,-23,-138
1747049512.5583634,-8,69,31
1747049512.5933633,-8,-54,-44
1747049512.6293633,115,6,-6
1747049512.6653633,-32,11,41
1747049512.7003634,-12,-40,51
1747049512.7363634,-50,67,35
1747049512.7713633,-46,-2,61
1747049512.806363,69,-92,-8
1747049512.8413634,-12,1,-1
1747049512.8773634,-12,3,0
1747049512.9133637,-10,15,-59
1747049512.9483633,-48,-8,10
1747049512.9843633,-6,27,0
1747049513.0193634,17,-130,96
1747049513.0543633,-9,14,-45
1747049513.089363,-75,50,6
1747049513.125363,4,-17,-75
1747049513.1613634,54,-32,-65
1747049513.1963634,36,-14,-69
1747049513.2323637,80,-8,36
1747049513.2673633,-23,-32,-57
1747049513.3023634,110,-8,36
1747049513.3373632,28,73,-23
1747049513.3733633,10,11,18
1747049513.4093633,-31,-37,71
1747049513.4443634,-81,-12,-81
1747049513.4803634,9,-17,-67
1747049513.5153637,39,-3,-6
1747049513.5503633,-6,70,28
1747049513.5853634,36,-19,27
1747049513.6213634,68,10,-71
1747049513.6573634,-5,-77,55
1747049513.6923633,24,-63,-92
1747049513.7283633,30,-15,59
1747049513.7633634,8,0,-30
1747049513.7983634,47,-26,31
1747049513.8333633,-32,-86,5
1747049513.8693633,-76,5,-22
1747049513.905363,13,-5,-51
1747049513.9403634,-20,33,55
1747049513.9763634,31,-12,-48
1747049514.0113633,13,-10,49
1747049514.0463634,35,19,77
1747049514.0813634,-17,73,56
1747049514.1173637,64,-56,114
1747049514.1533637,98,-6,44
1747049514.1883633,-4,-60,52
1747049514.224363,24,4,21
1747049514.2593634,-69,8,146
1747049514.2943633,12,12,-49
1747049514.329363,-33,-7,56
1747049514.3653634,2,40,-51
1747049514.4013634,6,90,107
1747049514.4363637,-71,8,71
1747049514.4723637,-19,-15,-28
1747049514.507363,44,6,-19
1747049514.5423634,-39,70,-35
1747049514.5783634,-7,36,-21
1747049514.6133633,16,-35,-119
1747049514.6493633,-15,-31,66
1747049514.6843634,4,-15,-89
1747049514.7203634,-28,17,40
1747049514.7553637,-40,50,-7
1747049514.7903633,-3,8,-153
1747049514.8333633,-13,-27,116
1747049514.8693633,6,2,-77
1747049514.905363,42,-36,-61
1747049514.9403634,79,-36,82
1747049514.9763634,-38,3,-36
1747049515.0113633,-30,11,24
1747049515.0463634,-8,-20,64
1747049515.0823634,38,58,86
1747049515.1173637,3,-12,34
1747049515.1533637,52,7,-23
1747049515.1883633,90,17,82
1747049515.224363,100,-12,-9
1747049515.2593634,30,-64,-39
1747049515.2943633,102,50,-9
1747049515.3303633,44,37,-47
1747049515.3653634,-41,-35,-103
1747049515.4013634,-39,48,28
1747049515.4363637,-13,1,10
1747049515.4723637,56,-15,-19
1747049515.507363,-51,22,-59
1747049515.5423634,-43,62,36
1747049515.5783634,38,45,-77
1747049515.6133633,-59,-66,-15
1747049515.6493633,10,-39,112
1747049515.6843634,64,-75,-71
1747049515.7203634,-11,20,42
1747049515.7553637,-13,8,74
1747049515.7903633,66,-17,-21
1747049515.826363,-5,28,122
1747049515.8613634,40,-71,-71
1747049515.8973634,-98,56,-67
1747049515.9323633,80,14,-69
1747049515.9683633,-33,-31,90
1747049516.0033634,-85,20,6
1747049516.0383637,-40,-20,6
1747049516.0743637,8,2,54
1747049516.1093633,-51,-19,-43
1747049516.145363,34,-41,106
1747049516.1803634,49,29,-11
1747049516.2163634,-22,-66,-53
1747049516.2523634,71,15,48
1747049516.2873633,-14,-26,2
1747049516.3223634,-30,43,28
1747049516.3583634,-10,-28,-73
1747049516.3943634,13,-40,-23
1747049516.4293633,3,39,10
1747049516.4653633,21,1,-73
1747049516.500363,55,-34,36
1747049516.5353634,-20,-15,-29
1747049516.5703633,-17,48,-75
1747049516.6063633,111,-32,-21
1747049516.6423633,-49,89,72
1747049516.6773634,-53,67,37
1747049516.7133634,45,65,-1
1747049516.7483633,-61,16,-29
1747049516.783363,-12,-98,2
1747049516.8183634,16,-13,30
1747049516.8543634,-22,-77,-37
1747049516.8903637,-40,10,-28
1747049516.9253633,-34,8,-4
1747049516.9613633,-2,17,38
1747049516.9963634,-64,-19,-45
1747049517.0313632,11,84,-129
1747049517.066363,-61,42,26
1747049517.102363,-18,-33,-73
1747049517.1383634,9,18,-61
1747049517.1733634,-19,26,-50
1747049517.2093637,2,-7,17
1747049517.2443633,-54,43,57
1747049517.2793634,-24,-57,-90
1747049517.3143632,-25,14,181
1747049517.3503633,-81,-1,64
1747049517.3863633,-11,-83,-65
1747049517.4213634,52,28,-69
1747049517.4573634,-1,-9,84
1747049517.4923637,-71,-9,12
1747049517.5273633,7,-59,125
1747049517.5623634,83,-33,37
1747049517.5983634,19,-49,-82
1747049517.6343634,-77,-36,45
1747049517.6693633,-63,-34,25
1747049517.7053633,25,4,-76
1747049517.7403634,-78,-5,-88
1747049517.7753634,-3,-71,-4
1747049517.8103633,69,17,-48
1747049517.8463633,-57,-12,1
1747049517.882363,115,59,-42
1747049517.9173634,-6,-14,79
1747049517.9533634,56,-22,-44
1747049517.9883633,4,-11,37
1747049518.0233634,58,-107,11
1747049518.0583634,-59,12,-42
1747049518.0943637,44,-77,87
1747049518.1303637,-19,-77,-76
1747049518.1653633,-35,-75,47
1747049518.201363,22,-3,0
1747049518.2363634,-55,-109,61
1747049518.2713633,18,-27,-38
1747049518.306363,22,-53,53
1747049518.3423634,31,34,85
1747049518.3783634,1,52,-42
1747049518.4133637,-27,-69,-20
1747049518.4493637,33,35,107
1747049518.4843633,67,71,3
1747049518.5193634,18,-15,-48
1747049518.5543633,-44,-16,43
1747049518.5903633,5,-10,17
1747049518.6263633,0,-24,0
1747049518.6613634,-7,-40,-26
1747049518.6973634,-17,1,-26
1747049518.7323637,90,45,-60
1747049518.7673633,42,27,151
1747049518.8023634,-41,1,-6
1747049518.8383634,9,-14,-34
1747049518.8743634,66,22,11
1747049518.9093633,34,30,37
1747049518.9453633,-63,-33,41
1747049518.9803634,-1,78,11
1747049519.0153637,2,0,-104
1747049519.0503633,-78,9,47
1747049519.0863633,-6,-54,19
1747049519.122363,17,67,21
1747049519.1573634,-34,-22,-22
1747049519.1933634,61,-56,3
1747049519.2283633,-78,-14,55
1747049519.2633634,119,-2,-36
1747049519.2993634,-14,-46,15
1747049519.3343637,35,-16,75
1747049519.3703637,14,-22,-16
1747049519.405363,59,-26,-40
1747049519.441363,17,23,-8
1747049519.4763634,-64,-44,-90
1747049519.5113633,34,-14,-58
1747049519.5473633,4,-52,35
1747049519.5823634,-4,47,49
1747049519.6183634,52,58,87
1747049519.6533637,-25,-15,-78
1747049519.6893632,-48,-48,17
1747049519.724363,-20,-29,-50
1747049519.7593634,13,8,51
1747049519.7953634,-54,14,-58
1747049519.8303633,-18,40,17
1747049519.8663633,49,-29,-80
1747049519.9013634,13,40,-12
1747049519.9373634,-70,-17,57
1747049519.9723637,55,76,-38
1747049520.007363,-24,-1,63
1747049520.043363,5,1,107
1747049520.0783634,-26,69,-80
1747049520.1143634,-54,69,-66
1747049520.1493633,-62,81,-60
1747049520.1853633,37,-3,-30
1747049520.2203634,91,22,-116
1747049520.2553637,-2,-28,109
1747049520.2913637,-6,13,103
1747049520.326363,59,6,51
1747049520.362363,25,-38,23
1747049520.3973634,4,-58,-56
1747049520.4333634,-3,37,-64
1747049520.4683633,54,-58,1
1747049520.5033634,60,40,-60
1747049520.5393634,125,92,-26
1747049520.5743637,31,-20,-36
1747049520.6103632,-50,-43,23
1747049520.645363,17,14,-36
1747049520.681363,21,-43,59
1747049520.7163634,95,2,-14
1747049520.7513633,79,31,-108
1747049520.7873633,-2,-18,-10
1747049520.8223634,83,-63,91
1747049520.8583634,79,73,39
1747049520.8933637,-8,-44,61
1747049520.928363,-26,-70,37
1747049520.9633634,-80,-4,-14
1747049520.9993634,-18,19,-14
1747049521.0353634,-40,-70,13
1747049521.0703633,-28,7,-56
1747049521.1063633,-48,-13,-28
1747049521.1413634,-33,13,-36
1747049521.1763637,28,0,-8
1747049521.2113633,90,-41,79
1747049521.247363,-19,46,19
1747049521.283363,50,2,63
1747049521.3183634,88,-75,-78
1747049521.3543634,95,-19,127
1747049521.3893633,-12,-1,-36
1747049521.4243634,-43,46,-44
1747049521.4593637,-15,-37,97
1747049521.4953637,-25,-11,19
1747049521.5313632,-42,-22,71
1747049521.566363,59,-44,-42
1747049521.602363,39,15,15
1747049521.6373634,-25,4,89
1747049521.6723633,-32,-54,55
1747049521.7073634,22,8,-102
1747049521.7433634,-51,-57,21
1747049521.7793634,8,-59,0
1747049521.8143632,22,-7,32
1747049521.8503633,-7,-89,35
1747049521.885363,-11,20,4
1747049521.9203634,-19,56,39
1747049521.9553633,-25,34,41
1747049521.9913633,-50,21,9
1747049522.0273633,55,9,-48
1747049522.0623634,-34,-13,-32
1747049522.0983634,81,22,-102
1747049522.1333632,-8,-1,49
1747049522.168363,47,4,103
1747049522.2033634,-8,10,37
1747049522.2393634,45,-11,-16
1747049522.2753634,-68,-29,51
1747049522.3103633,21,40,21
1747049522.3463633,-18,-49,45
1747049522.3813634,-8,-26,-42
1747049522.4163637,15,9,37
1747049522.451363,81,15,19
1747049522.487363,-29,-33,-40
1747049522.5233634,27,40,21
1747049522.5583634,-28,12,-10
1747049522.5943637,53,-31,51
1747049522.6293633,63,-31,-56
1747049522.6643634,11,-29,29
1747049522.6993637,20,24,-4
1747049522.7353632,-57,-37,81
1747049522.7713633,104,20,5
1747049522.806363,-116,-7,-92
1747049522.8423634,-46,-42,-40
1747049522.8773634,-31,-4,-22
1747049522.9123633,-57,-2,-118
1747049522.9473634,-4,-46,-2
1747049522.9833634,11,50,-134
1747049523.0193634,45,4,-34
1747049523.0543633,-42,-47,17
1747049523.0903633,-38,16,-28
1747049523.125363,15,8,19
1747049523.1603634,7,-11,43
1747049523.1953633,35,-21,105
1747049523.2313633,17,0,11
1747049523.2673633,5,-29,67
1747049523.3023634,-20,-35,25
1747049523.3383634,53,-62,-4
1747049523.3733633,46,9,-36
1747049523.408363,-42,-16,25
1747049523.4433634,-82,-4,49
1747049523.4793634,-20,87,75
1747049523.5153637,11,-92,105
1747049523.5503633,-44,61,123
1747049523.5863633,42,12,-90
1747049523.6213634,43,8,49
1747049523.6563632,53,-37,-34
1747049523.691363,27,-3,49
1747049523.727363,-34,34,-12
1747049523.7633634,111,24,14
1747049523.7983634,-22,14,78
1747049523.8343637,-44,80,-35
1747049523.8693633,37,4,-67
1747049523.9043634,65,40,-85
1747049523.9403634,-66,-19,-5
1747049523.9753633,53,140,-1
1747049524.0113633,28,-40,-45
1747049524.0463634,31,2,56
1747049524.0823634,-23,-26,60
1747049524.1173637,-18,80,-83
1747049524.1523633,43,10,30
1747049524.1883633,5,-12,54
1747049524.2233634,-12,11,86
1747049524.2593634,-40,69,50
1747049524.2943633,-68,-48,134
1747049524.3303633,39,67,120
1747049524.3653634,-14,-34,50
1747049524.4003634,-4,-48,44
1747049524.4363637,13,5,5
1747049524.4713633,-42,-12,1
1747049524.507363,7,-8,-34
1747049524.5423634,-32,21,78
1747049524.5783634,15,-6,-36
1747049524.6133633,-2,45,28
1747049524.6483634,-32,9,13
1747049524.6843634,15,13,-10
1747049524.7193637,148,51,33
1747049524.7553637,-47,25,-36
1747049524.7903633,22,-22,-34
1747049524.826363,14,15,37
1747049524.8683634,-52,-59,23
1747049524.9043634,-11,-49,-26
1747049524.9403634,26,33,15
1747049524.9753633,0,27,-126
1747049525.0113633,-63,19,-56
1747049525.0463634,35,34,75
1747049525.0823634,30,-50,-44
1747049525.1173637,50,41,57
1747049525.1523633,25,-63,117
1747049525.1883633,-22,0,31
1747049525.2233634,1,42,-24
1747049525.2593634,-26,61,-2
1747049525.2943633,-10,23,25
1747049525.3303633,-82,-2,-32
1747049525.3653634,33,13,47
1747049525.4003634,-26,39,-16
1747049525.4363637,-11,19,17
1747049525.4713633,49,5,-16
1747049525.507363,-24,15,-122
1747049525.5423634,5,0,-8
1747049525.5773633,-26,27,5
1747049525.612363,71,55,-30
1747049525.6483634,-22,29,35
1747049525.6843634,2,-69,1
1747049525.7193637,12,4,-122
1747049525.7553637,47,-32,3
1747049525.7903633,25,19,-190
1747049525.8253634,-70,43,49
1747049525.8603632,-44,21,43
1747049525.8963633,-48,55,-8
1747049525.9323633,-26,-12,13
1747049525.9673634,-122,83,69
1747049526.0033634,22,38,155
1747049526.0383637,62,-17,21
1747049526.0733633,-5,22,-22
1747049526.1083634,-1,-43,-4
1747049526.1443634,-37,54,-13
1747049526.1803634,-40,-38,96
1747049526.2153633,-60,-20,62
1747049526.2513633,82,-37,40
1747049526.2863634,-17,-3,-41
1747049526.3213634,11,1,32
1747049526.3563633,67,-52,54
1747049526.3923633,-10,-68,16
1747049526.428363,11,-28,-3
1747049526.4633634,9,8,42
1747049526.4993634,23,64,-55
1747049526.5343633,3,-27,76
1747049526.5693634,-22,-11,104
1747049526.6043634,-12,-10,90
1747049526.6403637,33,-8,8
1747049526.6763637,30,88,16
1747049526.7113633,20,-67,86
1747049526.747363,-17,-45,98
1747049526.7823634,42,-67,28
1747049526.8173633,18,-41,84
1747049526.852363,28,4,-23
1747049526.8883634,34,-67,2
1747049526.9243634,-43,56,-47
1747049526.9593637,-15,8,-57
1747049526.9953637,-23,-19,34
1747049527.030363,70,-5,90
1747049527.0653634,38,-11,38
1747049527.1003633,-13,-41,-123
1747049527.1363633,-32,-4,-97
1747049527.1723633,13,-8,-25
1747049527.2073634,31,29,-64
1747049527.2433634,-120,61,-18
1747049527.2783637,-52,-42,8
1747049527.3133633,-74,-4,-123
1747049527.3483634,-105,43,-1
1747049527.3843634,25,-22,-19
1747049527.4203634,-78,21,-1
1747049527.4553633,95,-52,-65
1747049527.4913633,-72,13,39
1747049527.5263634,-91,-8,13
1747049527.5613637,48,26,12
1747049527.5963633,110,6,43
1747049527.632363,67,-27,130
1747049527.668363,-61,-4,-109
1747049527.7033634,94,-28,48
1747049527.7393634,-35,65,-89
1747049527.7743633,-9,13,-19
1747049527.8093634,101,-26,12
1747049527.8443637,7,-18,-79
1747049527.8803637,25,-40,42
1747049527.9163637,79,-8,54
1747049527.951363,-57,-25,104
1747049527.987363,23,39,-17
1747049528.0223634,67,47,-44
1747049528.0573633,5,62,105
1747049528.0923634,-29,22,88
1747049528.1283634,40,-35,-55
1747049528.1643634,-5,-15,-45
1747049528.1993637,-75,-3,0
1747049528.2353632,0,78,0
1747049528.270363,14,-73,93
1747049528.3053634,14,48,57
1747049528.3403633,-61,44,49
1747049528.3763633,-60,-38,-30
1747049528.4123633,103,-49,-12
1747049528.4473634,25,24,0
1747049528.4833634,19,-17,-14
1747049528.5183637,59,-19,15
1747049528.553363,-86,11,0
1747049528.589363,77,73,30
1747049528.6243634,-35,-16,135
1747049528.6603634,145,10,29
1747049528.6953633,-23,-50,13
1747049528.7313633,-72,-47,-40
1747049528.7663634,19,1,151
1747049528.8013637,-30,-14,-78
1747049528.8373632,-24,32,-20
1747049528.872363,25,12,42
1747049528.908363,13,-5,0
1747049528.9433634,35,10,-17
1747049528.9793634,17,14,22
1747049529.0143633,25,-6,-149
1747049529.0493634,9,1,-61
1747049529.0853634,-46,43,14
1747049529.1203637,19,-46,-87
1747049529.1563632,89,-26,35
1747049529.191363,15,-20,21
1747049529.227363,11,-46,89
1747049529.2623634,25,-66,67
1747049529.2973633,31,-66,1
1747049529.3333633,39,-14,155
1747049529.3683634,7,0,-106
1747049529.4043634,-176,43,98
1747049529.4393632,-16,-30,-8
1747049529.4753633,117,57,-4
1747049529.510363,0,34,9
1747049529.5453634,-8,19,87
1747049529.5813634,25,9,-53
1747049529.6163633,53,6,-27
1747049529.6523633,-66,47,40
1747049529.6873634,-4,-9,-31
1747049529.7233634,0,35,-53
1747049529.7583632,-37,-84,54
1747049529.793363,-16,20,-115
1747049529.829363,-12,-71,-67
1747049529.8643634,-22,-53,-29
1747049529.9003634,-34,-27,-65
1747049529.9353633,61,-5,-131
1747049529.9713633,41,-17,42
1747049530.0063634,-29,51,-79
1747049530.0413637,-16,18,-89
1747049530.0773633,48,-28,-23
1747049530.112363,-47,-22,20
1747049530.1483634,44,-32,46
1747049530.1833634,-25,-1,24
1747049530.2193637,10,-22,-111
1747049530.2553637,-21,13,104
1747049530.2903633,-21,-40,85
1747049530.3253634,-51,-2,-79
1747049530.3613634,-29,19,68
1747049530.3973634,64,9,76
1747049530.4323633,43,60,26
1747049530.4683633,-23,-4,98
1747049530.5033634,-21,7,-61
1747049530.5383637,-26,-51,-3
1747049530.5733633,-52,17,-1
1747049530.6093633,13,-3,-23
1747049530.645363,49,34,54
1747049530.6803634,25,14,80
1747049530.7163634,25,-6,78
1747049530.7513633,-40,-26,-9
1747049530.7863634,51,-28,22
1747049530.8213634,-46,-30,-41
1747049530.8573637,24,25,-139
1747049530.8933637,-61,5,-14
1747049530.928363,-3,0,31
1747049530.964363,32,-44,221
1747049530.9993634,-75,35,-20
1747049531.0343633,-67,-2,-34
1747049531.0693634,22,0,30
1747049531.1053634,35,1,-117
1747049531.1413634,25,-18,104
1747049531.1763637,-38,-48,66
1747049531.2123632,104,39,56
1747049531.247363,8,53,28
1747049531.2823634,2,-2,130
1747049531.3173633,-39,-40,96
1747049531.3533633,-3,41,-42
1747049531.3893633,-3,-2,-118
1747049531.4243634,40,-18,-22
1747049531.4603634,15,1,46
1747049531.4953637,79,0,73
1747049531.530363,-78,33,47
1747049531.5653634,43,-13,61
1747049531.6013634,5,14,71
1747049531.6373634,-25,29,-6
1747049531.6723633,-42,18,-86
1747049531.7083633,-31,13,11
1747049531.7433634,-45,-6,-10
1747049531.7783637,84,0,-10
1747049531.8133633,-29,39,-90
1747049531.849363,44,-16,-2
1747049531.885363,37,46,-26
1747049531.9203634,43,-42,-14
1747049531.9563634,0,51,-18
1747049531.9913633,17,29,59
1747049532.0263634,-58,87,77
1747049532.0613637,1,-9,-68
1747049532.0973637,30,-28,53
1747049532.1333632,23,0,5
1747049532.168363,63,16,29
1747049532.204363,5,76,13
1747049532.2393634,-7,-22,79
1747049532.2743633,-11,-14,51
1747049532.3093634,-10,-18,-12
1747049532.3453634,-1,-115,-26
1747049532.3813634,-11,-7,85
1747049532.4163637,-67,36,-74
1747049532.4523633,-7,64,-156
1747049532.487363,-65,-3,67
1747049532.5223634,-5,-41,69
1747049532.5573633,-27,-31,13
1747049532.5933633,-43,12,-154
1747049532.6293633,-33,-13,-18
1747049532.6643634,-25,-15,9
1747049532.7003634,-33,-43,-6
1747049532.7353632,77,-29,37
1747049532.770363,-88,-21,-68
1747049532.8053634,51,-47,-48
1747049532.8413634,-16,-33,-16
1747049532.8773634,29,-24,73
1747049532.9123633,-74,-15,73
1747049532.9483633,15,34,7
1747049532.9833634,31,-21,13
1747049533.0183637,-28,84,-52
1747049533.053363,-20,-19,24
1747049533.089363,26,16,-27
1747049533.125363,58,40,-23
1747049533.1603634,76,-97,110
1747049533.1963634,33,6,50
1747049533.2313633,-17,-45,-73
1747049533.2663634,115,0,-35
1747049533.3023634,-16,35,30
1747049533.3373632,-1,30,18
1747049533.3733633,41,-14,104
1747049533.408363,-5,-3,48
1747049533.4443634,64,12,94
1747049533.4793634,32,-27,62
1747049533.5143633,-17,-45,-77
1747049533.5503633,-88,-77,74
1747049533.5853634,89,46,-13
1747049533.6213634,-4,-91,-63
1747049533.6563632,37,56,40
1747049533.6923633,-2,-25,10
1747049533.727363,-18,44,-29
1747049533.7623634,55,14,16
1747049533.7983634,-2,40,-29
1747049533.8333633,22,-30,-10
1747049533.8693633,-33,1,-36
1747049533.9043634,-4,-9,68
1747049533.9403634,25,0,105
1747049533.9753633,14,-7,23
1747049534.010363,-41,4,15
1747049534.0463634,14,-37,69
1747049534.0813634,-37,0,58
1747049534.1173637,2,0,56
1747049534.1523633,-67,-21,-69
1747049534.1883633,30,-89,164
1747049534.2233634,6,82,-21
1747049534.2583632,-5,32,-107
1747049534.2943633,-7,-29,-17
1747049534.329363,4,0,154
1747049534.3653634,62,0,82
1747049534.4003634,62,41,-49
1747049534.4363637,2,1,-41
1747049534.4713633,24,-4,-9
1747049534.5063634,10,-8,-5
1747049534.5423634,-39,-88,84
1747049534.5773633,-47,-44,-73
1747049534.6133633,16,73,-1
1747049534.6483634,-19,15,70
1747049534.6843634,-6,-6,9
1747049534.7193637,15,-4,13
1747049534.7543633,-16,-88,-57
1747049534.7903633,-32,61,30
1747049534.8253634,29,77,42
1747049534.8613634,22,-14,-85
1747049534.9033637,24,13,122
1747049534.9403634,34,69,50
1747049534.9753633,20,-46,20
1747049535.010363,-45,-66,-115
1747049535.0463634,2,-54,106
1747049535.0813634,-19,11,10
1747049535.1173637,-1,0,-5
1747049535.1523633,22,-10,98
1747049535.1873634,44,-12,-49
1747049535.2223637,-119,-44,-13
1747049535.2583632,-7,-28,44
1747049535.2943633,6,53,-33
1747049535.329363,-30,-103,8
1747049535.3653634,102,-60,-83
1747049535.4003634,-7,-22,10
1747049535.4353633,37,24,110
1747049535.4703634,-143,33,103
1747049535.5063634,-35,-34,48
1747049535.5423634,-13,-28,-61
1747049535.5773633,47,-52,55
1747049535.6133633,98,91,152
1747049535.6483634,25,3,-129
1747049535.6833634,3,-14,-16
1747049535.7183633,-68,-68,-58
1747049535.7543633,-59,-52,-14
1747049535.7903633,-15,19,74
1747049535.8253634,-33,0,-5
1747049535.8613634,26,-58,-55
1747049535.8963633,-70,-14,92
1747049535.931363,-2,26,-37
1747049535.9663634,39,-73,44
1747049536.0023634,47,-15,24
1747049536.0383637,-36,8,126
1747049536.0733633,-54,2,-5
1747049536.1093633,-47,-46,108
1747049536.1443634,-57,67,8
1747049536.1793633,-19,101,12
1747049536.214363,82,15,8
1747049536.250363,28,25,98
1747049536.2863634,14,-92,55
1747049536.3213634,50,1,15
1747049536.3573637,-7,11,39
1747049536.3923633,-30,4,38
1747049536.4273634,33,23,-98
1747049536.4623632,-70,-44,85
1747049536.4983633,-114,-12,55
1747049536.5343633,38,9,5
1747049536.5693634,63,-22,47
1747049536.6053634,-14,23,-16
1747049536.6403637,-81,70,39
1747049536.6753633,37,-102,177
1747049536.7103634,26,20,13
1747049536.7463634,-1,-79,63
1747049536.7823634,-3,-35,77
1747049536.8173633,-34,73,51
1747049536.8533633,-101,-43,135
1747049536.8883634,14,30,-54
1747049536.9233634,-39,12,-128
1747049536.9583633,-2,-36,29
1747049536.9943633,47,-6,117
1747049537.030363,53,5,19
1747049537.0653634,-10,27,109
1747049537.1013634,-31,-21,31
1747049537.1363633,-11,-41,27
1747049537.1713634,-56,39,23
1747049537.2063634,-46,38,7
1747049537.2423637,-62,-38,59
1747049537.2783637,105,15,-34
1747049537.3133633,-10,11,71
1747049537.349363,3,26,143
1747049537.3843634,-8,18,19
1747049537.4193633,73,-30,73
1747049537.454363,-46,-13,47
1747049537.4903634,1,3,41
1747049537.5263634,19,55,57
1747049537.5613637,1,12,-74
1747049537.5973637,41,-24,-26
1747049537.632363,1,43,155
1747049537.6673634,59,3,95
1747049537.7023633,-26,-48,21
1747049537.7383633,11,-32,141
1747049537.7743633,21,21,149
1747049537.8093634,-2,-12,91
1747049537.8453634,-86,35,37
1747049537.8803637,-56,-4,-44
1747049537.9153633,1,39,101
1747049537.951363,13,67,11
1747049537.9863634,-2,17,-62
1747049538.0223634,-8,-26,-32
1747049538.0573633,26,21,55
1747049538.0933633,56,1,-20
1747049538.1283634,39,23,-76
1747049538.1633637,55,-32,19
1747049538.1993637,47,-8,21
1747049538.2343633,33,-24,29
1747049538.270363,-22,29,-70
1747049538.3053634,21,25,101
1747049538.3413634,47,-3,-18
1747049538.3763633,-32,59,-12
1747049538.4113634,-14,-42,-24
1747049538.4473634,-42,-8,7
1747049538.4823637,-24,-4,-70
1747049538.5183637,23,59,85
1747049538.553363,47,-26,73
1747049538.589363,-4,-36,53
1747049538.6243634,-5,-27,-16
1747049538.6593633,22,34,-32
1747049538.6953633,92,28,43
1747049538.7303634,36,36,-24
1747049538.7663634,-91,-39,1
1747049538.8013637,-65,36,125
1747049538.8373632,-37,-45,-64
1747049538.872363,-38,-46,-22
1747049538.9073634,52,90,73
1747049538.9433634,-107,-7,3
1747049538.9783633,-27,-7,-52
1747049539.0143633,-54,4,-34
1747049539.0493634,-6,-5,-50
1747049539.0853634,-78,20,-42
1747049539.1203637,-34,20,-20
1747049539.155363,-8,-61,-148
1747049539.191363,-19,19,145
1747049539.2263634,4,-100,73
1747049539.2623634,-62,100,-14
1747049539.2973633,-55,-5,-8
1747049539.3333633,50,36,45
1747049539.3683634,-13,-57,35
1747049539.4033637,-8,-32,-12
1747049539.4393632,-107,-83,-8
1747049539.474363,12,-49,81
1747049539.510363,-3,-7,15
1747049539.5453634,3,8,-32
1747049539.5813634,39,6,-108
1747049539.6173637,-25,102,-32
1747049539.6523633,36,16,63
1747049539.6873634,19,40,111
1747049539.7233634,-58,6,69
1747049539.7593634,61,-3,-48
1747049539.7943633,74,95,129
1747049539.8303633,-5,-32,25
1747049539.8653634,-15,-24,-118
1747049539.9003634,-27,-34,-20
1747049539.9353633,-67,-6,-20
1747049539.9713633,0,25,6
1747049540.007363,20,5,12
1747049540.0423634,18,37,-41
1747049540.0783634,-19,43,34
1747049540.1133633,22,-72,94
1747049540.1483634,-3,23,56
1747049540.1833634,-29,-34,-55
1747049540.2193637,-19,45,-17
1747049540.2553637,-57,-10,-11
1747049540.2903633,-123,-24,-25
1747049540.326363,52,25,74
1747049540.3613634,19,-46,83
1747049540.3963633,48,61,70
1747049540.431363,-5,-26,68
1747049540.4673634,-51,-52,32
1747049540.5033634,-23,39,78
1747049540.5383637,-85,-60,-75
1747049540.5743637,-76,-21,-101
1747049540.6093633,46,9,-23
1747049540.6443634,-13,-26,14
1747049540.6793633,12,8,114
1747049540.7153633,-9,27,84
1747049540.7513633,-31,-54,52
1747049540.7863634,35,-3,78
1747049540.8223634,-3,7,-29
1747049540.8573637,7,61,-51
1747049540.8923633,-84,-42,22
1747049540.9273634,31,7,62
1747049540.9633634,-8,-34,68
1747049540.9993634,-26,24,15
1747049541.0343633,11,25,-161
1747049541.0703633,65,12,-114
1747049541.1053634,29,12,-11
1747049541.1403637,-72,52,-151
1747049541.1753633,11,6,-115
1747049541.2113633,-58,-47,-31
1747049541.247363,25,-25,-103
1747049541.2823634,-8,-5,40
1747049541.3183634,-28,-9,-6
1747049541.3533633,-5,69,-22
1747049541.3883634,89,-43,-47
1747049541.4233634,31,40,28
1747049541.4593637,-34,26,74
1747049541.4953637,11,-83,14
1747049541.530363,26,43,-71
1747049541.566363,64,-26,26
1747049541.6013634,30,11,-89
1747049541.6363633,-11,-8,88
1747049541.6713634,-13,29,-25
1747049541.7073634,18,3,-99
1747049541.7433634,-15,17,2
1747049541.7783637,-41,7,-7
1747049541.8143632,24,39,44
1747049541.849363,46,-19,52
1747049541.8843634,54,10,46
1747049541.9193633,-57,-7,174
1747049541.9553633,6,-2,-49
1747049541.9913633,-37,-13,-97
1747049542.0263634,-3,50,-25
1747049542.0623634,88,13,-23
1747049542.0973637,-37,-66,-7
1747049542.132363,4,17,-13
1747049542.1673634,-14,70,-2
1747049542.2033634,-17,-14,72
1747049542.2393634,-37,-50,-51
1747049542.2743633,98,-36,52
1747049542.3103633,41,-92,-27
1747049542.3453634,20,-2,-17
1747049542.3803637,-9,15,54
1747049542.4153633,-65,51,-43
1747049542.451363,33,-31,-1
1747049542.487363,-39,-32,-73
1747049542.5223634,70,17,28
1747049542.5583634,10,-14,-58
1747049542.5933633,4,-74,102
1747049542.6283634,58,37,20
1747049542.6643634,32,2,-44
1747049542.6993637,-41,-93,-23
1747049542.7353632,-15,-35,-5
1747049542.770363,14,10,-19
1747049542.806363,105,-55,18
1747049542.8413634,-50,-3,62
1747049542.8763633,17,30,-47
1747049542.9123633,-36,14,84
1747049542.9473634,8,-65,-59
1747049542.9833634,62,50,-91
1747049543.0183637,22,-75,60
1747049543.0543633,18,14,-165
1747049543.089363,-38,-39,-10
1747049543.1243634,33,38,63
1747049543.1603634,105,44,-82
1747049543.1953633,107,-57,47
1747049543.2313633,-69,74,-87
1747049543.2663634,4,-37,38
1747049543.3023634,-1,46,59
1747049543.3373632,16,4,-110
1747049543.372363,-23,-8,-52
1747049543.408363,-11,-18,139
1747049543.4433634,52,-30,19
1747049543.4793634,74,1,93
1747049543.5143633,30,105,69
1747049543.5503633,-39,3,-16
1747049543.5853634,-7,-16,-6
1747049543.6203637,4,8,8
1747049543.6563632,-29,-29,32
1747049543.691363,-13,28,34
1747049543.727363,-21,12,10
1747049543.7623634,28,-8,-41
1747049543.7983634,-18,36,20
1747049543.8333633,4,-10,32
1747049543.8683634,11,-27,-119
1747049543.9043634,-15,-5,106
1747049543.9393632,-9,-13,42
1747049543.9753633,34,66,128
1747049544.010363,66,-11,-117
1747049544.0463634,46,-19,138
1747049544.0813634,-24,-6,10
1747049544.1163633,-82,19,144
1747049544.1523633,21,-28,-73
1747049544.1873634,67,11,-70
1747049544.2233634,17,-60,89
1747049544.2583632,5,-26,-32
1747049544.293363,-46,-18,89
1747049544.3283634,29,-18,11
1747049544.3643634,0,65,-52
1747049544.4003634,-66,-60,79
1747049544.4353633,-37,54,-84
1747049544.4713633,31,-23,-16
1747049544.5063634,-40,-25,121
1747049544.5413637,-12,10,3
1747049544.576363,-24,-23,5
1747049544.612363,-46,-37,95
1747049544.6483634,33,62,97
1747049544.6833634,5,10,-50
1747049544.7193637,-14,-15,-34
1747049544.7543633,-16,12,107
1747049544.7893634,28,3,-30
1747049544.8243637,44,-44,-26
1747049544.8603632,32,-72,37
1747049544.8963633,45,34,41
1747049544.9383633,76,6,-52
1747049544.9753633,54,34,70
1747049545.010363,10,-81,-8
1747049545.0453634,53,-10,-49
1747049545.0803633,-78,55,60
1747049545.1163633,-18,47,-173
1747049545.1523633,39,31,70
1747049545.1873634,5,0,66
1747049545.2233634,13,7,42
1747049545.2583632,15,-8,28
1747049545.293363,58,13,62
1747049545.3283634,13,-40,-91
1747049545.3643634,-6,-24,-27
1747049545.4003634,7,-72,22
1747049545.4353633,-36,-28,-17
1747049545.4713633,-19,35,-73
1747049545.5063634,10,12,-1
1747049545.5413637,-3,-58,-31
1747049545.576363,5,11,98
1747049545.612363,-32,-20,78
1747049545.6483634,70,-6,0
1747049545.6833634,37,109,40
1747049545.7193637,-29,-4,30
1747049545.7543633,30,8,152
1747049545.7893634,48,23,-19
1747049545.8243637,13,-5,-44
1747049545.8603632,-17,67,-67
1747049545.8963633,-72,28,67
1747049545.931363,20,-20,-84
1747049545.9673634,-78,-25,0
1747049546.0023634,17,18,-109
1747049546.0373633,-22,8,13
1747049546.0723634,-26,52,-25
1747049546.1083634,-18,16,-17
1747049546.1443634,5,38,-125
1747049546.1793633,53,-85,64
1747049546.2153633,48,-3,136
1747049546.250363,0,23,-33
1747049546.2853634,-17,-53,12
1747049546.3203633,21,-53,24
1747049546.3563633,-26,-15,-35
1747049546.3923633,-16,10,-159
1747049546.4273634,12,33,-13
1747049546.4633634,-3,-48,60
1747049546.4983633,-14,-5,66
1747049546.533363,28,-62,-79
1747049546.5683634,0,76,-71
1747049546.6043634,42,-37,-21
1747049546.6403637,36,26,-9
1747049546.6753633,66,20,-1
1747049546.7113633,-11,-28,-47
1747049546.7463634,-17,18,64
1747049546.7813632,-1,42,-73
1747049546.816363,-37,-59,4
1747049546.852363,-51,-35,6
1747049546.8883634,-12,-53,24
1747049546.9233634,120,0,-43
1747049546.9593637,6,-18,76
1747049546.9943633,57,-49,-37
1747049547.0293634,5,-3,-75
1747049547.0653634,45,1,56
1747049547.1003633,-43,-10,54
1747049547.1363633,65,-1,-117
1747049547.1713634,59,21,-35
1747049547.2073634,17,-34,-43
1747049547.2423637,-80,16,-11
1747049547.2773633,-78,54,46
1747049547.3133633,47,84,-123
1747049547.3483634,-38,-71,-9
1747049547.3843634,-85,20,84
1747049547.4193633,24,-10,136
1747049547.4553633,-67,85,-153
1747049547.4903634,76,60,26
1747049547.5253634,-15,38,-5
1747049547.5613637,-11,-57,-85
1747049547.5963633,30,-25,-47
1747049547.632363,4,58,-25
1747049547.6673634,96,52,14
1747049547.7033634,44,0,-85
1747049547.7383633,-76,-67,-23
1747049547.7733634,33,38,112
1747049547.8093634,-64,-31,164
1747049547.8443637,-78,22,190
1747049547.8803637,-36,75,80
1747049547.9153633,-28,13,-1
1747049547.951363,25,-84,88
1747049547.9863634,65,-42,30
1747049548.0213633,18,12,86
1747049548.0573633,-20,14,96
1747049548.0923634,-46,-19,86
1747049548.1283634,-57,-57,41
1747049548.1633637,13,-43,45
1747049548.1993637,-10,-24,100
1747049548.2343633,-112,-30,19
1747049548.2693634,-4,42,7
1747049548.3053634,107,-23,-32
1747049548.3403633,-5,13,-29
1747049548.3763633,-6,-19,-85
1747049548.4113634,71,28,-89
1747049548.4473634,-46,-11,40
1747049548.4823637,21,-23,-15
1747049548.5173633,49,-91,30
1747049548.553363,7,28,10
1747049548.5883634,43,-31,52
1747049548.6243634,-48,-3,-105
1747049548.6593633,-6,-7,104
1747049548.6953633,-16,-14,-33
1747049548.7303634,99,50,-83
1747049548.7653637,-6,-28,20
1747049548.8013637,2,24,-17
1747049548.8363633,23,70,-3
1747049548.872363,16,-37,-31
1747049548.9073634,-24,32,-33
1747049548.9433634,-24,-5,72
1747049548.9793634,-38,2,56
1747049549.0143633,-38,-45,-116
1747049549.0493634,-122,-21,111
1747049549.0853634,-58,4,-76
1747049549.1213634,-4,34,25
1747049549.1563632,15,38,46
1747049549.1923633,15,4,-67
1747049549.227363,69,-23,52
1747049549.2623634,-38,-26,96
1747049549.2973633,-30,28,48
1747049549.3333633,-20,-91,-15
1747049549.3693633,-18,-17,37
1747049549.4043634,27,8,31
1747049549.4403634,4,19,-189
1747049549.4753633,4,63,92
1747049549.510363,44,3,53
1747049549.5453634,32,47,25
1747049549.5813634,-73,23,-4
1747049549.6173637,-45,-2,55
1747049549.6523633,50,-6,164
1747049549.6883633,22,17,0
1747049549.7233634,-93,-20,20
1747049549.7583632,-13,5,-35
1747049549.793363,12,-20,38
1747049549.829363,58,57,20
1747049549.8653634,-21,77,16
1747049549.9003634,24,-66,-28
1747049549.9363637,-17,-56,-30
1747049549.9713633,-14,-23,-52
1747049550.0063634,-45,17,-76
1747049550.0413637,39,24,161
1747049550.0773633,-68,13,73
1747049550.1133633,15,45,155
1747049550.1483634,-34,29,41
1747049550.1843634,-42,41,13
1747049550.2193637,-70,-52,-28
1747049550.2543633,0,5,55
1747049550.2893634,87,7,109
1747049550.3253634,37,-70,-176
1747049550.3613634,33,-4,-56
1747049550.3963633,13,9,-42
1747049550.4323633,-4,-16,45
1747049550.4673634,-50,-64,113
1747049550.5023634,71,3,51
1747049550.5373633,-28,43,-90
1747049550.5733633,-28,9,-14
1747049550.6093633,0,29,-62
1747049550.6443634,-26,-31,33
1747049550.6803634,-40,8,-12
1747049550.7153633,-42,62,33
1747049550.750363,-35,19,-58
1747049550.7853634,-4,-27,-28
1747049550.8213634,1,71,21
1747049550.8573637,-18,84,-78
1747049550.8923633,-6,-53,-2
1747049550.928363,-52,71,119
1747049550.9633634,-10,27,0
1747049550.9983633,27,-52,-56
1747049551.033363,-28,-2,125
1747049551.0693634,45,3,-20
1747049551.1053634,-19,71,119
1747049551.1403637,17,1,-92
1747049551.1763637,-77,-69,61
1747049551.2113633,-53,42,-96
1747049551.2463634,33,15,-124
1747049551.2813632,-17,44,-98
1747049551.3173633,57,-9,-48
1747049551.3533633,38,-14,-54
1747049551.3883634,-73,41,-40
1747049551.4243634,72,1,65
1747049551.4593637,94,-36,57
1747049551.4943633,-1,1,-16
1747049551.5293634,-67,-20,6
1747049551.5653634,-28,11,53
1747049551.6013634,18,20,137
1747049551.6363633,-10,17,79
1747049551.6723633,116,95,-64
1747049551.7073634,-9,-68,25
1747049551.7423637,90,-18,-2
1747049551.7773633,0,-10,5
1747049551.8133633,50,67,69
1747049551.849363,4,-14,-34
1747049551.8843634,-57,-33,-54
1747049551.9203634,-31,33,-18
1747049551.9553633,-119,5,5
1747049551.9903634,-15,0,-70
1747049552.0263634,16,2,114
1747049552.0613637,10,50,-48
1747049552.0973637,-20,-30,-33
1747049552.132363,80,38,23
1747049552.168363,44,-14,-81
1747049552.2033634,64,-8,18
1747049552.2383633,78,21,56
1747049552.2743633,-3,10,-9
1747049552.3093634,142,-3,16
1747049552.3453634,41,13,-119
1747049552.3803637,4,-89,32
1747049552.4163637,-59,-50,-67
1747049552.451363,20,-45,-1
1747049552.4863634,-73,-43,72
1747049552.5223634,2,-41,18
1747049552.5573633,-17,30,-168
1747049552.5933633,36,14,-50
1747049552.6283634,-105,1,-73
1747049552.6643634,45,8,74
1747049552.6993637,14,-59,50
1747049552.7343633,-53,22,-25
1747049552.770363,28,-5,172
1747049552.8053634,52,-37,98
1747049552.8413634,57,18,-103
1747049552.8763633,3,18,-15
1747049552.9123633,63,-15,138
1747049552.9473634,25,-13,-11
1747049552.9823637,-40,-11,-101
1747049553.0183637,105,-29,62
1747049553.053363,-94,-31,-67
1747049553.089363,37,-61,66
1747049553.1243634,44,-11,88
1747049553.1603634,10,-47,38
1747049553.1953633,-21,42,30
1747049553.2303634,6,94,38
1747049553.2663634,44,6,18
1747049553.3013637,-84,14,46
1747049553.3373632,8,-39,-25
1747049553.372363,23,20,98
1747049553.408363,-36,16,-49
1747049553.4433634,1,-61,42
1747049553.4783633,34,-61,-7
1747049553.5143633,-5,38,0
1747049553.5493634,-11,-19,-19
1747049553.5853634,41,-23,106
1747049553.6203637,30,-65,-159
1747049553.655363,-23,18,78
1747049553.6903634,-37,-5,-53
1747049553.7263634,30,-35,32
1747049553.7623634,-15,-54,-81
1747049553.7973633,4,9,80
1747049553.8333633,7,-38,82
1747049553.8683634,-6,-8,58
1747049553.9033637,58,16,8
1747049553.9383633,-35,-21,86
1747049553.974363,75,-81,96
1747049554.010363,17,60,33
1747049554.0453634,71,32,-25
1747049554.0813634,109,-13,-96
1747049554.1163633,-16,-59,-80
1747049554.1513634,60,45,-24
1747049554.1863637,26,-30,18
1747049554.2223637,19,0,-59
1747049554.2583632,29,-8,39
1747049554.293363,49,23,88
1747049554.329363,18,-8,-13
1747049554.3643634,-96,1,-26
1747049554.3993633,97,5,37
1747049554.4343634,25,57,38
1747049554.4703634,67,9,52
1747049554.5063634,-16,67,-57
1747049554.5413637,-4,-54,-41
1747049554.5773633,-76,-70,-31
1747049554.612363,17,-31,64
1747049554.6473634,-12,-16,16
1747049554.6823633,13,-18,8
1747049554.7183633,59,64,76
1747049554.7543633,35,-21,-43
1747049554.7893634,16,23,-109
1747049554.8253634,-70,54,-25
1747049554.8603632,-20,-93,54
1747049554.895363,30,7,66
1747049554.9303634,4,-16,6
1747049554.9723637,55,-12,-63
1747049555.0093634,0,8,32
1747049555.0443633,43,-2,-137
1747049555.079363,18,69,38
1747049555.1143634,-73,-58,-55
1747049555.1503634,42,-52,-1
1747049555.1863637,-22,-34,-109
1747049555.2213633,69,-46,68
1747049555.257363,-30,-104,16
1747049555.2923634,27,-18,-9
1747049555.3273633,-72,-32,68
1747049555.362363,-14,-18,-13
1747049555.3983634,89,9,-75
1747049555.4343634,-30,-82,-4
1747049555.4693637,49,-66,84
1747049555.5053637,-61,-29,44
1747049555.5403633,52,60,60
1747049555.5753634,4,44,-22
1747049555.6103632,-31,-5,24
1747049555.6463633,104,0,-81
1747049555.6823633,15,-22,-41
1747049555.7173634,87,-8,-91
1747049555.7533634,-66,2,-23
1747049555.7883637,47,8,10
1747049555.8233633,7,-1,12
1747049555.8583634,-48,-6,-77
1747049555.8943634,89,42,2
1747049555.9303634,39,22,76
1747049555.9653633,65,34,46
1747049556.0013633,-43,-78,108
1747049556.0363634,50,-40,-23
1747049556.0713634,22,43,-19
1747049556.1063633,-40,-62,-5
1747049556.1423633,32,29,26
1747049556.178363,54,-24,18
1747049556.2133634,-73,0,28
1747049556.2493634,68,-48,4
1747049556.2843633,-29,-40,102
1747049556.3193634,0,-59,-61
1747049556.3543634,43,-25,102
1747049556.3903637,88,-12,-59
1747049556.4263637,28,54,34
1747049556.4613633,4,-41,24
1747049556.497363,-7,7,74
1747049556.5323634,-9,-13,32
1747049556.5673633,34,-21,2
1747049556.6033633,-19,34,-78
1747049556.6383634,-6,-107,-100
1747049556.6743634,-100,-31,173
1747049556.7093637,60,-27,-4
1747049556.7453637,-55,-45,23
1747049556.780363,-3,2,17
1747049556.8153634,-41,-13,56
1747049556.8513634,-119,-47,178
1747049556.8863633,-33,-15,68
1747049556.9223633,-81,8,84
1747049556.9573634,68,17,-73
1747049556.9933634,68,35,44
1747049557.0283637,6,-40,0
1747049557.0633633,-27,17,-17
1747049557.099363,-25,-71,-11
1747049557.1343634,-7,52,72
1747049557.1703634,40,-15,54
1747049557.2053633,84,-69,120
1747049557.2413633,12,44,62
1747049557.2763634,-73,-41,57
1747049557.3113637,-9,26,139
1747049557.3473637,-51,-83,-106
1747049557.382363,18,-3,64
1747049557.418363,24,-11,-38
1747049557.4533634,-1,18,-8
1747049557.4893634,64,-25,71
1747049557.5243633,24,-26,29
1747049557.5593634,54,15,113
1747049557.5953634,-5,-81,-86
1747049557.6303637,12,24,21
1747049557.6663637,72,14,63
1747049557.701363,-111,-5,59
1747049557.737363,-37,44,41
1747049557.7723634,48,-5,3
1747049557.8073633,4,58,5
1747049557.8433633,19,-18,-14
1747049557.8783634,-20,18,-52
1747049557.9143634,46,30,-14
1747049557.9493637,14,-55,37
1747049557.9853632,65,-65,179
1747049558.020363,1,-19,-34
1747049558.0553634,-4,-17,-2
1747049558.0913634,-22,12,-24
1747049558.1263633,11,76,-82
1747049558.1623633,38,4,33
1747049558.1973634,0,-65,19
1747049558.2333634,-20,18,63
1747049558.2693634,28,-11,19
1747049558.3053634,-19,-25,-84
1747049558.3413634,-12,27,81
1747049558.3763633,-10,9,39
1747049558.4113634,54,-17,21
1747049558.4473634,36,32,171
1747049558.4833634,64,-42,-13
1747049558.5183637,-25,-40,104
1747049558.5543633,-39,-77,-102
1747049558.589363,-61,0,75
1747049558.6243634,65,-49,-80
1747049558.6593633,38,42,66
1747049558.6953633,-19,-71,-47
1747049558.7313633,-47,47,-9
1747049558.7663634,-151,21,72
1747049558.8023634,30,-12,-167
1747049558.8373632,34,39,92
1747049558.872363,-7,-18,-117
1747049558.9073634,30,-74,16
1747049558.9433634,-25,-39,96
1747049558.9793634,20,14,60
1747049559.0143633,196,32,7
1747049559.0503633,47,87,-89
1747049559.0853634,-96,-14,51
1747049559.1203637,26,6,47
1747049559.155363,4,1,44
1747049559.191363,7,84,-93
1747049559.227363,-20,29,98
1747049559.2623634,3,49,96
1747049559.2983634,29,-17,54
1747049559.3333633,-56,6,46
1747049559.3683634,22,63,-29
1747049559.4033637,-47,-6,-69
1747049559.4393632,-27,-3,24
1747049559.4753633,20,-47,18
1747049559.510363,44,56,-77
1747049559.5463634,-51,-79,8
1747049559.5813634,38,-55,-61
1747049559.6163633,-45,-17,76
1747049559.6513634,4,-85,-55
1747049559.6873634,-20,34,-57
1747049559.7233634,-18,-8,-45
1747049559.7583632,-35,10,-59
1747049559.7943633,-5,0,138
1747049559.829363,8,-35,-9
1747049559.8643634,-30,39,8
1747049559.8993633,-20,0,-97
1747049559.9353633,29,-32,-13
1747049559.9713633,19,51,126
1747049560.0063634,7,-78,-85
1747049560.0423634,49,5,130
1747049560.0773633,-74,37,-79
1747049560.112363,61,-51,40
1747049560.1473634,-6,-3,48
1747049560.1833634,-26,66,96
1747049560.2193637,-8,-23,-39
1747049560.2543633,27,-18,20
1747049560.2903633,-2,26,-55
1747049560.3253634,-12,-24,70
1747049560.3603632,53,55,-45
1747049560.395363,-1,15,-51
1747049560.431363,-12,-9,50
1747049560.4673634,-40,-14,14
1747049560.5023634,-20,-9,52
1747049560.5383637,-58,62,4
1747049560.5733633,-6,28,104
1747049560.6083634,2,37,-47
1747049560.6433637,-3,15,-9
1747049560.6793633,29,107,64
1747049560.7153633,16,9,-7
1747049560.750363,-55,-4,-53
1747049560.7863634,-65,-48,16
1747049560.8213634,26,51,76
1747049560.8563633,-6,-2,-5
1747049560.8913634,33,-36,6
1747049560.9273634,-28,-6,-47
1747049560.9633634,-68,-10,-23
1747049560.9983633,-5,-19,-21
1747049561.0343633,-24,9,-73
1747049561.0693634,-8,-64,82
1747049561.1043634,-42,-64,12
1747049561.1393633,30,-52,-17
1747049561.1753633,19,-22,149
1747049561.2113633,-84,83,-48
1747049561.2463634,-72,23,72
1747049561.2823634,-42,-18,38
1747049561.3173633,21,0,44
1747049561.352363,-20,9,66
1747049561.3883634,79,4,-33
1747049561.4233634,5,45,-73
1747049561.4593637,11,41,48
1747049561.4943633,-25,-30,-39
1747049561.530363,-162,15,-77
1747049561.5653634,-47,11,-31
1747049561.6003633,46,7,-19
1747049561.6363633,-46,-14,14
1747049561.6713634,39,51,11
1747049561.7073634,-20,-18,-143
1747049561.7423637,33,119,16
1747049561.7783637,-34,0,-7
1747049561.8133633,3,33,-44
1747049561.8483634,91,-52,-18
1747049561.8843634,40,39,-7
1747049561.9193633,10,17,64
1747049561.9553633,-14,29,52
1747049561.9903634,-6,-20,-57
1747049562.0263634,-30,-3,-7
1747049562.0613637,-11,-77,100
1747049562.0963633,-8,-35,104
1747049562.132363,-26,52,34
1747049562.1673634,-9,-15,-119
1747049562.2033634,71,24,-3
1747049562.2383633,0,54,8
1747049562.2743633,0,50,-29
1747049562.3093634,-22,-8,22
1747049562.3443637,33,-55,-33
1747049562.3803637,17,-110,-97
1747049562.4153633,-6,42,-75
1747049562.451363,-30,53,104
1747049562.4863634,59,-66,-43
1747049562.5223634,5,-66,34
1747049562.5573633,35,11,-49
1747049562.5923634,69,-18,-19
1747049562.6283634,-14,37,90
1747049562.6633637,-42,25,-117
1747049562.6993637,16,35,78
1747049562.7343633,-43,-4,23
1747049562.7693634,92,97,-26
1747049562.8043633,-17,51,41
1747049562.8403633,47,-31,51
1747049562.8763633,-20,68,-8
1747049562.9113634,50,9,94
1747049562.9473634,56,-8,36
1747049562.9823637,-31,105,-25
1747049563.0173633,-69,0,18
1747049563.0523634,-69,37,-23
1747049563.0883634,9,-27,-51
1747049563.1243634,-39,22,0
1747049563.1593633,0,-7,194
1747049563.1953633,-32,44,56
1747049563.2303634,-2,-5,-35
1747049563.2653637,-51,85,-93
1747049563.3003633,59,-1,96
1747049563.3363633,42,-19,2
1747049563.372363,-23,-25,-157
1747049563.4073634,34,-109,94
1747049563.4433634,-69,0,-8
1747049563.4783633,68,-1,13
1747049563.5133634,-9,-7,-126
1747049563.5483634,6,16,-12
1747049563.5843637,-12,30,-104
1747049563.6203637,-70,-77,-74
1747049563.655363,48,58,37
1747049563.691363,96,-17,-56
1747049563.7263634,10,51,-86
1747049563.7613633,-1,-11,-42
1747049563.7963634,20,-3,-54
1747049563.8323634,-90,-47,47
1747049563.8683634,15,-41,49
1747049563.9033637,-2,-17,119
1747049563.9393632,-22,-21,25
1747049563.974363,51,-29,-22
1747049564.0093634,26,57,71
1747049564.0443633,-49,-6,87
1747049564.0803633,42,35,-54
1747049564.1163633,6,52,47
1747049564.1513634,48,68,51
1747049564.1873634,4,1,195
1747049564.2223637,-27,-48,59
1747049564.257363,-41,17,31
1747049564.2923634,54,-4,69
1747049564.3283634,48,-72,13
1747049564.3643634,40,29,-6
1747049564.3993633,8,1,63
1747049564.4353633,24,-30,-62
1747049564.4703634,-127,61,-32
1747049564.5053637,22,32,-16
1747049564.5403633,8,117,25
1747049564.576363,-7,-14,-50
1747049564.612363,8,21,-78
1747049564.6473634,-13,-4,33
1747049564.6833634,-17,-8,75
1747049564.7183633,55,10,-30
1747049564.7533634,93,-1,39
1747049564.7883637,10,-21,45
1747049564.8243637,-1,-23,73
1747049564.8603632,-33,4,-38
1747049564.895363,0,-41,17
1747049564.931363,29,2,67
1747050397.0903633,-15,-49,-32
1747050397.1263633,-59,8,91
1747050397.1623633,34,-7,-49
1747050397.1983633,-14,-15,42
1747050397.2333634,-42,96,50
1747050397.2693634,91,26,-111
1747050397.3043633,-7,-29,22
1747050397.339363,33,20,-17
1747050397.3743634,-10,-79,28
1747050397.4103634,-18,-43,-81
1747050397.4463634,2,-12,36
1747050397.4813633,0,11,78
1747050397.5173633,0,41,30
1747050397.5523634,-15,-26,26
1747050397.5873632,-81,-68,-33
1747050397.622363,-1,-14,-33
1747050397.658363,-57,3,-53
1747050397.6943634,68,-42,-45
1747050397.7293634,23,-4,-75
1747050397.7653637,-32,-3,0
1747050397.8003633,-40,33,-79
1747050397.8353634,-36,-27,-41
1747050397.8703637,25,24,-41
1747050397.9063632,-20,-38,22
1747050397.9423633,-12,-59,-77
1747050397.977363,-54,-3,42
1747050398.0133634,-42,60,-71
1747050398.0483634,-44,-5,-37
1747050398.0833633,33,-19,126
1747050398.1193633,-4,10,94
1747050398.1543634,-22,-9,-7
1747050398.1903634,-64,-29,66
1747050398.2253633,-76,-23,-37
1747050398.2613633,0,0,4
1747050398.2963634,3,28,-7
1747050398.3313634,13,30,-19
1747050398.3673637,-14,-89,-111
1747050398.4023633,-50,34,28
1747050398.4383633,-8,40,78
1747050398.4733634,29,34,-92
1747050398.5093634,-29,-3,76
1747050398.5443633,58,66,-43
1747050398.579363,-37,86,156
1747050398.6153634,0,-9,-18
1747050398.6503634,-101,40,86
1747050398.6863637,54,-19,-39
1747050398.7213633,-44,-5,-69
1747050398.757363,78,-17,-49
1747050398.7923634,-16,8,-27
1747050398.8273633,-16,-21,88
1747050398.8633633,31,22,-5
1747050398.8983634,-20,46,-13
1747050398.9343634,-62,-21,-27
1747050398.9693637,29,30,16
1747050399.0053637,19,-77,142
1747050399.0403633,51,-33,-85
1747050399.0753634,85,82,-73
1747050399.1113634,33,-15,-57
1747050399.1463633,73,-61,-5
1747050399.1823633,57,-15,-45
1747050399.2173634,8,18,-119
1747050399.2533634,6,-25,-47
1747050399.2883637,-15,-65,38
1747050399.3233633,22,-71,-11
1747050399.3593633,-37,-13,-19
1747050399.3943634,-9,1,32
1747050399.4303634,64,33,-55
1747050399.4653633,-6,17,-19
1747050399.5013633,29,56,-1
1747050399.5363634,47,-81,-113
1747050399.5713634,29,22,34
1747050399.6073637,-12,26,40
1747050399.6423633,-4,-3,-18
1747050399.678363,-86,28,-194
1747050399.7133634,-62,4,77
1747050399.7483633,30,-4,-146
1747050399.783363,6,-38,0
1747050399.8193634,-39,-46,-68
1747050399.8553634,-45,-50,65
1747050399.8903637,-70,13,-114
1747050399.9263637,-17,-86,-48
1747050399.9613633,70,-20,-68
1747050399.9963634,-7,-48,41
1747050400.0313632,-2,31,5
1747050400.0673633,14,-72,110
1747050400.1033633,26,4,-37
1747050400.1383634,18,49,82
1747050400.1743634,-37,-86,0
1747050400.2093637,47,18,68
1747050400.2443633,2,18,64
1747050400.2793634,12,38,-1
1747050400.3153634,20,-1,-69
1747050400.3513634,95,0,-13
1747050400.3863633,-50,-47,-39
1747050400.4223633,-8,-7,26
1747050400.4573634,27,22,-7
1747050400.4923637,3,-29,34
1747050400.5273633,41,6,-49
1747050400.5633633,4,3,76
1747050400.599363,57,-29,-53
1747050400.6343634,-2,1,74
1747050400.6703634,6,25,-1
1747050400.7053633,32,-34,-11
1747050400.7403634,-50,-21,64
1747050400.7753634,-47,-20,-13
1747050400.8113637,-7,-40,-113
1747050400.8473637,36,5,-29
1747050400.882363,10,-28,8
1747050400.918363,46,75,40
1747050400.9533634,25,-16,-139
1747050400.9883633,70,21,-55
1747050401.0233634,95,-40,-49
1747050401.0593634,-7,9,98
1747050401.0953634,16,-10,-37
1747050401.1303637,64,35,8
1747050401.1663637,-39,-24,4
1747050401.201363,-83,-21,-68
1747050401.2363634,72,-15,37
1747050401.2713633,102,-58,-86
1747050401.3073633,-54,10,-106
1747050401.3433633,19,47,-72
1747050401.3783634,17,-68,59
1747050401.4143634,11,25,141
1747050401.4493637,5,-41,-56
1747050401.4843633,95,-39,-10
1747050401.5193634,7,-17,51
1747050401.5553634,-8,-53,-50
1747050401.5913634,27,-87,23
1747050401.6263633,15,-72,-38
1747050401.6623633,41,-15,7
1747050401.6973634,33,-37,-84
1747050401.7323637,31,-33,113
1747050401.7673633,73,28,-30
1747050401.803363,95,12,1
1747050401.839363,2,-11,-38
1747050401.8743634,14,0,31
1747050401.9103634,-29,12,17
1747050401.9453633,31,-27,33
1747050401.9803634,33,-61,-18
1747050402.0153637,-61,14,-30
1747050402.0513637,102,19,83
1747050402.0873632,5,-55,91
1747050402.122363,15,38,-50
1747050402.158363,-2,-25,-44
1747050402.1933634,3,-17,7
1747050402.2283633,3,-25,-42
1747050402.2633634,-114,22,42
1747050402.2993634,-20,-5,-47
1747050402.3353634,-37,-14,-37
1747050402.3703637,22,51,-31
1747050402.4063632,38,21,-67
1747050402.441363,37,-99,-45
1747050402.4763634,5,22,66
1747050402.5113633,39,-13,8
1747050402.5473633,55,-9,46
1747050402.5833633,-8,50,-81
1747050402.6183634,-44,6,12
1747050402.6543634,-18,60,46
1747050402.6893632,-26,18,-39
1747050402.724363,-50,2,102
1747050402.760363,-6,4,-183
1747050402.7953634,83,-4,40
1747050402.8313634,-17,-28,24
1747050402.8663633,-3,17,-13
1747050402.9023633,64,13,82
1747050402.9373634,50,-30,4
1747050402.9723637,-9,77,-19
1747050403.0083632,62,75,46
1747050403.043363,-45,-2,-5
1747050403.079363,-31,-54,-43
1747050403.1143634,75,28,4
1747050403.1503634,47,-37,94
1747050403.1853633,120,47,-13
1747050403.2203634,-39,-16,122
1747050403.2563634,58,-38,54
1747050403.2913637,-43,37,32
1747050403.3273633,-13,33,26
1747050403.362363,8,-10,36
1747050403.3983634,-70,-18,4
1747050403.4333634,0,15,28
1747050403.4683633,19,41,60
1747050403.5043633,37,-14,-27
1747050403.5393634,0,7,34
1747050403.5753634,51,13,58
1747050403.6103632,33,-32,74
1747050403.6463633,-17,-6,94
1747050403.681363,-62,6,-39
1747050403.7163634,0,30,14
1747050403.7523634,40,33,-95
1747050403.7873633,29,-57,-3
1747050403.8233633,-103,91,32
1747050403.8583634,45,34,-27
1747050403.8943634,17,-61,-5
1747050403.9293633,42,-34,80
1747050403.964363,-21,-44,-11
1747050404.000363,-37,13,50
1747050404.0353634,7,-59,0
1747050404.0713634,37,-29,-31
1747050404.1063633,11,-87,-23
1747050404.1423633,-12,46,40
1747050404.1773634,41,-29,44
1747050404.2123632,49,-35,48
1747050404.2483633,19,24,-37
1747050404.283363,-46,-15,26
1747050404.3193634,-68,-47,-69
1747050404.3543634,-10,44,-29
1747050404.3893633,35,-45,14
1747050404.4243634,-46,-46,-24
1747050404.4603634,52,1,75
1747050404.4963634,11,25,-4
1747050404.5313632,18,29,59
1747050404.5673633,-63,1,-26
1747050404.602363,-25,-5,29
1747050404.6373634,-46,19,59
1747050404.6723633,-5,12,27
1747050404.7083633,67,57,79
1747050404.7443633,-52,5,179
1747050404.7793634,-26,-32,-40
1747050404.8153634,-7,-39,33
1747050404.8503633,-37,28,-46
1747050404.885363,-7,-85,-56
1747050404.9203634,-67,50,-67
1747050404.9563634,-15,41,95
1747050404.9923637,-23,-48,130
1747050405.0273633,42,-6,86
1747050405.0633633,14,25,-21
1747050405.0983634,28,75,-11
1747050405.1333632,48,7,6
1747050405.168363,6,46,110
1747050405.204363,45,-24,-23
1747050405.2403634,83,-32,22
1747050405.2753634,-8,-44,98
1747050405.3113637,-12,47,-13
1747050405.3463633,-26,4,18
1747050405.3813634,-42,-3,64
1747050405.4163637,-58,-81,-39
1747050405.4523633,5,6,86
1747050405.4883633,23,-13,44
1747050405.5233634,-24,102,-43
1747050405.5593634,-20,52,-7
1747050405.5943637,3,-53,-67
1747050405.6293633,21,0,40
1747050405.6643634,-16,-23,98
1747050405.7003634,75,-36,-31
1747050405.7363634,-9,12,-3
1747050405.7713633,-15,48,8
1747050405.8073633,60,12,50
1747050405.8423634,-27,-37,2
1747050405.8773634,-41,-13,-71
1747050405.9123633,-6,59,-135
1747050405.9483633,7,75,46
1747050405.9843633,17,-41,-167
1747050406.0193634,67,-53,90
1747050406.0553634,-48,-69,54
1747050406.0903633,17,14,12
1747050406.125363,-42,-19,-26
1747050406.1603634,109,0,-8
1747050406.1963634,64,60,-11
1747050406.2323637,-14,-31,136
1747050406.2673633,25,-27,34
1747050406.303363,-28,4,-15
1747050406.3383634,3,-11,42
1747050406.3733633,-92,22,4
1747050406.408363,10,-36,2
1747050406.4443634,-21,0,-6
1747050406.4803634,-13,-47,-30
1747050406.5153637,70,-10,22
1747050406.5513637,9,17,8
1747050406.5863633,13,-14,-1
1747050406.6213634,47,9,48
1747050406.6563632,59,51,38
1747050406.6923633,37,-36,-1
1747050406.7283633,27,9,34
1747050406.7633634,37,22,-33
1747050406.7993634,75,-59,-43
1747050406.8343637,48,10,-57
1747050406.8693633,-39,-63,-143
1747050406.9043634,-23,-69,62
1747050406.9403634,37,40,62
1747050406.9763634,-70,-3,6
1747050407.0113633,12,-19,-37
1747050407.0473633,-88,-65,-13
1747050407.0823634,-100,2,-5
1747050407.1243634,21,-11,-25
1747050407.1603634,36,-83,30
1747050407.1963634,40,8,16
1747050407.2323637,-10,39,22
1747050407.2673633,-16,2,-29
1747050407.303363,-28,-9,40
1747050407.3383634,-23,-20,60
1747050407.3733633,-47,-8,-19
1747050407.4093633,-11,-2,32
1747050407.4443634,-75,1,42
1747050407.4803634,-91,-16,-69
1747050407.5153637,-35,31,24
1747050407.5513637,-11,-26,14
1747050407.5863633,-13,87,-28
1747050407.6213634,2,15,75
1747050407.6573634,-29,35,-31
1747050407.6923633,6,25,17
1747050407.7283633,-105,-3,-31
1747050407.7633634,60,28,-61
1747050407.7993634,27,-65,10
1747050407.8343637,68,0,18
1747050407.8693633,-45,-41,6
1747050407.905363,12,12,82
1747050407.9403634,-25,-25,118
1747050407.9763634,9,36,-7
1747050408.0113633,-20,-49,122
1747050408.0473633,-34,14,-117
1747050408.0823634,73,12,-17
1747050408.1173637,12,19,-19
1747050408.1533637,-53,-6,-3
1747050408.1883633,14,9,80
1747050408.224363,-17,-32,-102
1747050408.2593634,24,-10,99
1747050408.2953634,-11,-18,-20
1747050408.3303633,6,-68,41
1747050408.3653634,-4,47,-18
1747050408.4013634,28,-43,95
1747050408.4363637,-77,-5,1
1747050408.4723637,-24,-91,11
1747050408.507363,-15,-5,17
1747050408.543363,76,54,-18
1747050408.5783634,56,104,-40
1747050408.6133633,35,23,5
1747050408.6493633,1,-8,17
1747050408.6843634,1,51,53
1747050408.7203634,21,-53,91
1747050408.7553637,-6,-11,53
1747050408.7913637,33,52,-30
1747050408.826363,44,109,-62
1747050408.8613634,-40,-40,-88
1747050408.8973634,-10,-46,-34
1747050408.9323633,-3,-20,-10
1747050408.9683633,-62,-14,-10
1747050409.0033634,25,31,-46
1747050409.0383637,-8,-34,61
1747050409.0733633,83,-44,-30
1747050409.1093633,29,-26,-18
1747050409.145363,19,-18,77
1747050409.1803634,59,15,13
1747050409.2163634,-1,44,-22
1747050409.2513633,-7,-15,-54
1747050409.2863634,-85,-55,15
1747050409.3213634,-65,-5,-14
1747050409.3573637,5,-30,-90
1747050409.3933637,-26,-36,35
1747050409.428363,27,-112,23
1747050409.464363,18,-7,0
1747050409.4993634,-89,18,-30
1747050409.5343633,25,-31,119
1747050409.5693634,-3,44,71
1747050409.6053634,9,4,0
1747050409.6413634,-20,23,-76
1747050409.6763637,-62,20,33
1747050409.7123632,38,1,37
1747050409.747363,-63,11,-30
1747050409.7823634,15,18,91
1747050409.8173633,-8,-43,49
1747050409.8533633,-56,-29,11
1747050409.8893633,-50,-59,13
1747050409.9243634,-30,-51,33
1747050409.9603634,17,10,-82
1747050409.9963634,-24,34,-28
1747050410.0323634,13,-31,57
1747050410.0673633,-16,-5,9
1747050410.102363,-32,-9,-2
1747050410.1373634,39,-7,-78
1747050410.1733634,-80,44,23
1747050410.2093637,21,-1,45
1747050410.2443633,-4,2,65
1747050410.280363,-38,-5,117
1747050410.3153634,41,-57,71
1747050410.3503633,-18,16,-42
1747050410.385363,31,46,5
1747050410.4213634,-8,14,85
1747050410.4573634,69,22,45
1747050410.4923637,67,44,-66
1747050410.5283637,75,69,37
1747050410.5633633,-22,-39,57
1747050410.5983634,3,70,47
1747050410.6333632,3,-25,-16
1747050410.6693633,53,4,105
1747050410.7053633,-4,6,-148
1747050410.7403634,77,92,-18
1747050410.7763634,-54,24,-148
1747050410.8113637,-60,0,49
1747050410.8463633,15,-16,0
1747050410.8813634,37,9,5
1747050410.9173634,-27,-12,125
1747050410.9533634,-19,7,0
1747050410.9883633,-23,19,-94
1747050411.0243633,-52,25,-46
1747050411.0593634,13,-16,125
1747050411.0943637,-96,9,-36
1747050411.1293633,-2,-8,-8
1747050411.1653633,55,33,-96
1747050411.201363,-20,-6,-48
1747050411.2363634,-16,1,9
1747050411.2723634,-2,39,-20
1747050411.3073633,64,15,-118
1747050411.3423634,10,-21,-74
1747050411.3773634,-23,35,51
1747050411.4133637,36,-83,51
1747050411.4493637,-32,36,27
1747050411.4843633,-24,-23,-48
1747050411.520363,-33,-59,-40
1747050411.5553634,8,70,-62
1747050411.5903633,14,-63,51
1747050411.625363,74,-75,153
1747050411.6613634,94,52,49
1747050411.6973634,48,-87,-108
1747050411.7323637,-41,0,-6
1747050411.7683637,16,20,181
1747050411.803363,17,-36,71
1747050411.8383634,3,-4,-44
1747050411.8733633,29,-29,-16
1747050411.9093633,0,11,-84
1747050411.9453633,-40,82,25
1747050411.9803634,-22,8,197
1747050412.0163634,-82,-71,-134
1747050412.0513637,-6,-31,91
1747050412.0863633,-24,-37,87
1747050412.122363,31,-28,23
1747050412.1573634,-22,3,-6
1747050412.1933634,-72,61,-106
1747050412.2283633,49,23,1
1747050412.2643633,0,23,-54
1747050412.2993634,8,-63,7
1747050412.3343637,2,-7,-40
1747050412.3703637,62,-107,-141
1747050412.405363,16,26,-32
1747050412.441363,-18,-74,55
1747050412.4763634,45,-2,-18
1747050412.5123634,-94,-14,-4
1747050412.5473633,-28,-7,59
1747050412.5823634,83,-43,-68
1747050412.6183634,21,27,67
1747050412.6533637,-65,-44,-108
1747050412.6893632,35,0,13
1747050412.724363,41,-30,75
1747050412.760363,11,77,69
1747050412.7953634,-7,-26,-30
1747050412.8303633,32,-34,5
1747050412.8663633,14,-52,1
1747050412.9013634,45,65,33
1747050412.9373634,-7,15,21
1747050412.9723637,19,20,-36
1747050413.0083632,-11,9,33
1747050413.043363,-4,-45,61
1747050413.0783634,-16,-35,-10
1747050413.1143634,-4,4,-66
1747050413.1493633,49,102,-42
1747050413.1853633,-26,-21,-132
1747050413.2203634,35,0,-48
1747050413.2563634,20,-50,-12
1747050413.2913637,-1,5,131
1747050413.326363,142,-24,9
1747050413.362363,-55,-6,21
1747050413.3973634,-35,27,-12
1747050413.4333634,0,17,-10
1747050413.4683633,44,23,-51
1747050413.5043633,1,-55,22
1747050413.5393634,5,2,16
1747050413.5743637,67,20,22
1747050413.6103632,43,20,130
1747050413.645363,-58,12,-19
1747050413.681363,35,-13,-9
1747050413.7163634,-17,-84,94
1747050413.7513633,-33,-74,50
1747050413.7863634,22,-62,20
1747050413.8223634,0,21,6
1747050413.8583634,-2,-89,-9
1747050413.8933637,16,11,94
1747050413.9293633,128,59,-11
1747050413.964363,23,36,-47
1747050413.9993634,-50,50,-5
1747050414.0343633,19,-77,-7
1747050414.0703633,-11,45,-63
1747050414.1063633,89,-89,-13
1747050414.1413634,6,-22,76
1747050414.1773634,46,15,126
1747050414.2123632,-27,21,106
1747050414.247363,-69,-22,160
1747050414.2823634,-35,-24,46
1747050414.3183634,-1,-28,114
1747050414.3543634,18,13,78
1747050414.3893633,40,4,20
1747050414.4253633,-23,25,0
1747050414.4603634,16,-24,-151
1747050414.4953637,36,-98,82
1747050414.530363,4,-14,-29
1747050414.566363,18,-101,-21
1747050414.602363,28,-8,26
1747050414.6373634,-1,-80,60
1747050414.6733634,0,0,20
1747050414.7083633,58,-64,28
1747050414.7433634,-9,-48,-3
1747050414.7783637,26,-38,72
1747050414.8143632,-59,31,-109
1747050414.8503633,-41,-46,-3
1747050414.885363,1,-37,-55
1747050414.9213634,-32,17,156
1747050414.9563634,49,-96,48
1747050414.9913633,25,-22,76
1747050415.0263634,37,-8,-29
1747050415.0623634,21,15,64
1747050415.0983634,121,0,-45
1747050415.1333632,-40,52,66
1747050415.1693633,29,73,-1
1747050415.204363,13,-4,-9
1747050415.2393634,-24,-2,21
1747050415.2743633,37,57,-4
1747050415.3103633,9,15,-90
1747050415.3463633,-76,0,33
1747050415.3813634,-7,0,25
1747050415.4173634,2,81,48
1747050415.4523633,-45,-46,-91
1747050415.487363,47,49,-1
1747050415.5223634,24,-16,-19
1747050415.5583634,82,-52,-37
1747050415.5943637,19,84,74
1747050415.6293633,12,21,-5
1747050415.6653633,-12,-61,-83
1747050415.7003634,13,10,-123
1747050415.7353632,94,-42,198
1747050415.770363,20,57,2
1747050415.806363,64,7,-98
1747050415.8423634,-65,39,-22
1747050415.8773634,-13,45,-30
1747050415.9133637,-6,-61,5
1747050415.9483633,-8,65,35
1747050415.9833634,21,30,-8
1747050416.0183637,59,8,23
1747050416.0543633,-42,-11,73
1747050416.0903633,-98,24,1
1747050416.125363,-45,-6,103
1747050416.1613634,25,48,3
1747050416.1963634,-28,68,-16
1747050416.2313633,-50,-35,35
1747050416.2663634,87,-7,-10
1747050416.3023634,-34,-57,81
1747050416.3383634,27,37,171
1747050416.3733633,-32,6,53
1747050416.4093633,-12,-9,17
1747050416.4443634,9,-10,-66
1747050416.4793634,39,-22,-132
1747050416.5143633,-52,24,21
1747050416.5503633,35,34,29
1747050416.5863633,-2,-3,57
1747050416.6213634,77,0,7
1747050416.6573634,17,50,-90
1747050416.6923633,26,33,135
1747050416.727363,8,-20,-52
1747050416.7633634,0,-4,3
1747050416.7983634,16,3,71
1747050416.8343637,-7,41,109
1747050416.8693633,46,5,1
1747050416.905363,-5,-34,39
1747050416.9403634,-52,55,-50
1747050416.9753633,-12,-64,-78
1747050417.0113633,31,9,-44
1747050417.0463634,105,-74,89
1747050417.0823634,-90,-41,-132
1747050417.1173637,-40,-13,197
1747050417.1593633,70,37,41
1747050417.1953633,11,-1,-92
1747050417.2313633,-25,-46,-56
1747050417.2673633,-43,29,39
1747050417.3023634,20,45,23
1747050417.3383634,38,-46,15
1747050417.3733633,-42,14,-8
1747050417.4093633,-20,81,43
1747050417.4443634,15,30,27
1747050417.4793634,-3,-12,65
1747050417.5153637,104,29,13
1747050417.5503633,8,21,17
1747050417.5863633,-41,5,-2
1747050417.6213634,8,-10,79
1747050417.6573634,-41,49,-56
1747050417.6923633,46,53,7
1747050417.727363,43,-45,-78
1747050417.7633634,61,-21,83
1747050417.7983634,-16,-1,17
1747050417.8343637,35,67,-68
1747050417.8693633,-12,-23,-70
1747050417.905363,-4,-13,55
1747050417.9403634,33,-27,13
1747050417.9753633,-32,32,-166
1747050418.0113633,-5,12,45
1747050418.0463634,21,-21,-56
1747050418.0823634,-48,-37,-38
1747050418.1173637,27,50,53
1747050418.1533637,-48,28,-26
1747050418.1883633,41,137,53
1747050418.2233634,-44,-12,-116
1747050418.2593634,111,40,129
1747050418.2943633,-40,-51,9
1747050418.3303633,19,-67,-14
1747050418.3653634,45,66,-126
1747050418.4003634,35,14,45
1747050418.4353633,31,-37,15
1747050418.4713633,-74,0,85
1747050418.507363,-27,-50,109
1747050418.5423634,45,20,17
1747050418.5783634,39,36,71
1747050418.6133633,9,16,-10
1747050418.6483634,-34,-11,-30
1747050418.6833634,0,15,-6
1747050418.7193637,25,7,-40
1747050418.7553637,73,-64,-17
1747050418.7903633,-28,-58,-18
1747050418.826363,-25,-45,37
1747050418.8613634,-45,36,-42
1747050418.8963633,21,21,-88
1747050418.931363,28,13,75
1747050418.9673634,29,-17,-26
1747050419.0033634,-30,-5,-6
1747050419.0383637,11,30,17
1747050419.0743637,1,18,91
1747050419.1103632,82,40,121
1747050419.1463633,-57,-53,143
1747050419.181363,-54,24,79
1747050419.2163634,-86,60,-48
1747050419.2513633,-58,-50,11
1747050419.2873633,55,-69,-82
1747050419.3233633,17,-47,-120
1747050419.3583634,61,-51,-36
1747050419.3943634,2,-18,-67
1747050419.4293633,5,14,34
1747050419.464363,43,-1,126
1747050419.4993634,-2,8,-75
1747050419.5353634,0,39,-23
1747050419.5713634,23,10,79
1747050419.6063633,-67,29,36
1747050419.6423633,-45,21,105
1747050419.6773634,-11,-45,11
1747050419.7123632,21,16,80
1747050419.747363,35,60,84
1747050419.783363,-2,28,35
1747050419.8193634,-28,-9,121
1747050419.8543634,77,-4,-63
1747050419.8903637,52,76,36
1747050419.9253633,28,1,-7
1747050419.9603634,14,89,96
1747050419.9953637,-51,-70,36
1747050420.0313632,-31,13,70
1747050420.0673633,-45,23,24
1747050420.102363,70,-4,-61
1747050420.1383634,104,29,27
1747050420.1733634,-60,3,47
1747050420.2083633,-55,-20,-8
1747050420.2433634,1,-49,-24
1747050420.2793634,101,45,-2
1747050420.3153634,-58,-18,-56
1747050420.3503633,77,-43,-104
1747050420.3863633,-12,-21,-84
1747050420.4213634,-38,-5,95
1747050420.4563634,6,-28,-38
1747050420.4913633,-39,-22,-2
1747050420.5273633,-47,14,-38
1747050420.5633633,36,-6,119
1747050420.5983634,-87,0,1
1747050420.6343634,84,-8,-22
1747050420.6693633,32,-28,21
1747050420.704363,-20,-11,-32
1747050420.7393634,-22,66,0
1747050420.7753634,75,12,79
1747050420.8113637,-10,26,61
1747050420.8463633,15,10,-4
1747050420.882363,53,48,73
1747050420.9173634,11,20,29
1747050420.9523633,-52,-101,79
1747050420.987363,11,-67,-30
1747050421.0233634,-34,-11,-44
1747050421.0593634,23,-37,7
1747050421.0943637,7,-23,-114
1747050421.1303637,-74,41,39
1747050421.1653633,-56,29,95
1747050421.2003634,-66,-48,113
1747050421.2363634,-60,0,23
1747050421.2713633,13,2,-40
1747050421.3073633,55,-30,-48
1747050421.3423634,61,-29,-20
1747050421.3783634,31,39,29
1747050421.4133637,46,0,-8
1747050421.4483633,74,3,39
1747050421.4843633,-31,45,-26
1747050421.5193634,14,-36,-122
1747050421.5553634,16,50,-32
1747050421.5903633,-121,6,-40
1747050421.6263633,62,-51,-48
1747050421.6613634,-27,-51,-14
1747050421.6963634,18,32,55
1747050421.7323637,82,9,-72
1747050421.7673633,44,-54,-52
1747050421.803363,28,-3,95
1747050421.8383634,-34,3,-36
1747050421.8743634,-72,-27,23
1747050421.9093633,-97,-46,-60
1747050421.9443634,-11,-8,38
1747050421.9803634,104,-24,-5
1747050422.0153637,0,-23,-67
1747050422.0513637,39,54,43
1747050422.0863633,-35,-51,51
1747050422.122363,24,22,39
1747050422.1573634,12,-11,139
1747050422.1923633,-25,-29,108
1747050422.2283633,15,50,49
1747050422.2633634,20,25,-22
1747050422.2993634,0,-8,133
1747050422.3343637,16,-26,63
1747050422.3703637,22,-8,15
1747050422.405363,-53,35,15
1747050422.4403634,4,-46,41
1747050422.4763634,24,-34,17
1747050422.5113633,-19,-34,5
1747050422.5473633,56,17,145
1747050422.5823634,51,-1,81
1747050422.6183634,-27,-22,-26
1747050422.6533637,-51,8,31
1747050422.6883633,-125,-81,-140
1747050422.724363,-40,-18,-4
1747050422.7593634,-17,-64,109
1747050422.7953634,44,5,0
1747050422.8303633,-31,26,43
1747050422.8663633,6,20,71
1747050422.9013634,4,8,25
1747050422.9363637,64,22,17
1747050422.9723637,20,-43,39
1747050423.007363,-64,48,-66
1747050423.043363,-30,4,-22
1747050423.0783634,-131,-100,19
1747050423.1133633,-32,46,-36
1747050423.1483634,45,58,50
1747050423.1843634,21,26,-3
1747050423.2203634,29,5,4
1747050423.2553637,61,-51,-63
1747050423.2913637,27,-73,-19
1747050423.326363,7,-14,46
1747050423.3613634,39,-37,58
1747050423.3963633,-8,-71,-37
1747050423.4323633,-54,18,-3
1747050423.4683633,35,-84,88
1747050423.5033634,34,-40,-5
1747050423.5393634,44,9,-47
1747050423.5743637,65,28,-105
1747050423.6093633,5,-42,2
1747050423.6443634,23,15,-3
1747050423.6803634,71,43,96
1747050423.7163634,79,9,2
1747050423.7513633,7,-10,118
1747050423.7873633,-20,0,-91
1747050423.8223634,61,-9,-57
1747050423.8573637,-18,18,46
1747050423.8923633,67,34,66
1747050423.928363,-16,62,0
1747050423.964363,-73,-49,128
1747050423.9993634,-59,12,-94
1747050424.0353634,18,-27,1
1747050424.0703633,66,-61,-30
1747050424.1053634,-53,-33,68
1747050424.1403637,59,60,-53
1747050424.1763637,51,12,28
1747050424.2123632,4,54,122
1747050424.247363,39,-5,2
1747050424.283363,-62,64,-135
1747050424.3183634,-51,45,4
1747050424.3533633,-41,-40,76
1747050424.3883634,44,-52,-59
1747050424.4243634,28,13,-103
1747050424.4603634,-61,49,122
1747050424.4953637,-1,19,-97
1747050424.5313632,117,68,20
1747050424.566363,17,10,14
1747050424.6013634,-38,32,6
1747050424.6363633,-72,-9,-77
1747050424.6723633,46,-45,80
1747050424.7083633,72,-80,-45
1747050424.7433634,-27,29,-27
1747050424.7793634,66,23,-35
1747050424.8143632,26,17,104
1747050424.849363,54,0,-77
1747050424.8843634,9,-23,132
1747050424.9203634,-44,14,-75
1747050424.9563634,-32,-1,-23
1747050424.9913633,7,6,22
1747050425.0273633,19,-71,10
1747050425.0623634,61,-29,-97
1747050425.0973637,5,-61,-4
1747050425.132363,-28,0,85
1747050425.168363,-70,14,-28
1747050425.204363,-50,-16,-111
1747050425.2393634,3,-24,8
1747050425.2753634,-8,-54,88
1747050425.3103633,-101,53,38
1747050425.3453634,51,-80,72
1747050425.3803637,-57,21,-1
1747050425.4163637,-43,-58,30
1747050425.4523633,-124,58,-5
1747050425.487363,-15,-23,42
1747050425.5233634,67,72,-77
1747050425.5583634,-15,82,88
1747050425.5933633,94,-21,22
1747050425.6283634,-53,-11,-81
1747050425.6643634,40,-39,54
1747050425.7003634,76,16,52
1747050425.7353632,28,36,134
1747050425.7713633,-18,-76,-4
1747050425.806363,14,-12,-16
1747050425.8413634,-29,-73,55
1747050425.8763633,-55,-29,11
1747050425.9123633,-27,0,71
1747050425.9483633,68,-26,-88
1747050425.9833634,98,37,75
1747050426.0193634,-15,17,-106
1747050426.0543633,-9,16,-144
1747050426.089363,30,8,107
1747050426.125363,-31,10,-18
1747050426.1603634,38,-3,11
1747050426.1963634,28,-73,47
1747050426.2313633,0,20,0
1747050426.2673633,10,12,111
1747050426.3023634,58,-29,5
1747050426.3373632,-87,52,35
1747050426.3733633,4,26,-24
1747050426.408363,-25,34,13
1747050426.4443634,-54,-18,-62
1747050426.4793634,-6,-48,-132
1747050426.5153637,4,8,57
1747050426.5503633,24,-37,-28
1747050426.5853634,39,-40,93
1747050426.6213634,33,6,53
1747050426.6563632,65,16,-42
1747050426.6923633,11,-56,-6
1747050426.727363,59,106,67
1747050426.7633634,19,-35,113
1747050426.7983634,-18,-23,5
1747050426.8333633,-6,-15,115
1747050426.8693633,-4,-33,23
1747050426.9043634,-31,119,133
1747050426.9403634,-37,41,-24
1747050426.9753633,-5,27,61
1747050427.0113633,56,-16,-18
1747050427.0463634,38,41,71
1747050427.0813634,46,-4,21
1747050427.1173637,1,-1,57
1747050427.1523633,-4,50,-24
1747050427.1953633,-22,-25,87
1747050427.2313633,77,-47,75
1747050427.2673633,8,-27,23
1747050427.3023634,-85,-17,-39
1747050427.3373632,31,-29,-45
1747050427.3733633,21,-19,44
1747050427.408363,-128,44,14
1747050427.4443634,-14,-3,34
1747050427.4793634,27,-23,0
1747050427.5153637,39,79,64
1747050427.5503633,0,13,-27
1747050427.5853634,29,11,42
1747050427.6213634,-22,47,94
1747050427.6563632,27,-22,22
1747050427.6923633,43,-14,-3
1747050427.727363,-5,6,-6
1747050427.7623634,30,-59,109
1747050427.7973633,-46,11,-15
1747050427.8333633,26,-35,-19
1747050427.8693633,-17,-61,-11
1747050427.9043634,86,34,-59
1747050427.9403634,44,16,-43
1747050427.9753633,2,-39,0
1747050428.010363,59,-1,-51
1747050428.0453634,5,-13,-63
1747050428.0813634,-37,-63,-47
1747050428.1173637,15,-9,30
1747050428.1523633,-24,-10,58
1747050428.1883633,-10,-8,14
1747050428.2233634,49,-26,-14
1747050428.2583632,29,32,13
1747050428.293363,-80,-48,118
1747050428.329363,13,57,49
1747050428.3653634,20,-58,-76
1747050428.4003634,37,5,41
1747050428.4363637,-32,-9,-22
1747050428.4713633,-8,-5,101
1747050428.5063634,63,-5,55
1747050428.5413637,51,16,141
1747050428.5773633,41,-37,-67
1747050428.6133633,35,4,-101
1747050428.6483634,11,106,-17
1747050428.6843634,-28,-56,-71
1747050428.7193637,36,-37,98
1747050428.7543633,60,-24,86
1747050428.7893634,-37,-16,-88
1747050428.8253634,-46,25,9
1747050428.8613634,-42,-65,-92
1747050428.8963633,31,10,39
1747050428.9323633,-48,-70,81
1747050428.9673634,-58,17,170
1747050429.0023634,81,-20,56
1747050429.0373633,-68,-22,-23
1747050429.0733633,-1,-20,78
1747050429.1093633,40,-2,-3
1747050429.1443634,27,-57,58
1747050429.1803634,35,-80,6
1747050429.2153633,-30,49,86
1747050429.250363,-68,-57,-63
1747050429.2853634,15,-31,58
1747050429.3213634,56,11,90
1747050429.3573637,2,1,10
1747050429.3923633,-35,-38,-15
1747050429.428363,-71,-34,-30
1747050429.4633634,10,-62,1
1747050429.4983633,4,84,31
1747050429.533363,39,-6,-112
1747050429.5693634,81,3,185
1747050429.6053634,9,85,-18
1747050429.6403637,-22,29,55
1747050429.6763637,119,43,-28
1747050429.7113633,-36,-28,-174
1747050429.7463634,53,-70,-80
1747050429.7813632,12,14,-28
1747050429.8173633,-17,82,-6
1747050429.8533633,-43,44,-90
1747050429.8883634,-31,46,-20
1747050429.9243634,8,-43,-64
1747050429.9593637,-75,62,-76
1747050429.9943633,21,4,43
1747050430.0293634,-55,-123,21
1747050430.0653634,-28,-27,-48
1747050430.1013634,-35,-22,119
1747050430.1363633,76,-28,109
1747050430.1723633,-79,-4,11
1747050430.2073634,88,34,-35
1747050430.2423637,-25,-33,24
1747050430.2773633,-65,-37,-55
1747050430.3133633,104,-71,-25
1747050430.349363,30,-83,-75
1747050430.3843634,53,-44,152
1747050430.4203634,2,2,94
1747050430.4553633,0,12,28
1747050430.4903634,-57,-46,-5
1747050430.5253634,68,67,-9
1747050430.5613637,1,32,24
1747050430.5973637,-47,45,64
1747050430.632363,-17,-30,88
1747050430.668363,-34,-1,24
1747050430.7033634,-26,26,-51
1747050430.7383633,-50,40,156
1747050430.7743633,-38,32,4
1747050430.8093634,-18,25,-25
1747050430.8453634,3,-11,-11
1747050430.8803637,-102,-25,12
1747050430.9163637,-60,-35,60
1747050430.951363,-56,-1,11
1747050430.9863634,73,-9,23
1747050431.0223634,-6,24,164
1747050431.0573633,13,32,-41
1747050431.0933633,79,56,7
1747050431.1283634,11,-10,8
1747050431.1643634,0,45,-123
1747050431.1993637,-31,-7,20
1747050431.2343633,42,-27,50
1747050431.270363,-3,46,-39
1747050431.3053634,-3,-43,22
1747050431.3413634,-18,35,-53
1747050431.3763633,60,8,-51
1747050431.4123633,5,37,-11
1747050431.4473634,119,15,-131
1747050431.4823637,31,13,60
1747050431.5183637,-12,3,-5
1747050431.553363,-40,-30,106
1747050431.589363,37,41,-97
1747050431.6243634,-64,-27,90
1747050431.6603634,12,6,-51
1747050431.6953633,-49,-65,-23
1747050431.7303634,4,0,16
1747050431.7663634,-33,-13,8
1747050431.8013637,42,4,96
1747050431.8373632,-3,46,-11
1747050431.872363,0,2,-11
1747050431.908363,22,55,-3
1747050431.9433634,36,-38,33
1747050431.9783633,-31,63,53
1747050432.0143633,-35,-55,66
1747050432.0493634,34,-70,16
1747050432.0853634,36,-104,92
1747050432.1203637,-63,-49,-87
1747050432.1563632,18,-39,-61
1747050432.191363,12,14,-10
1747050432.2263634,52,-61,24
1747050432.2623634,-52,42,-61
1747050432.2973633,-52,-39,73
1747050432.3333633,61,0,-77
1747050432.3683634,-68,28,-5
1747050432.4033637,-114,16,61
1747050432.4383633,-10,-37,20
1747050432.474363,3,-13,-15
1747050432.510363,25,32,136
1747050432.5453634,-54,-5,-161
1747050432.5813634,51,24,-20
1747050432.6163633,-14,2,12
1747050432.6513634,-1,59,-26
1747050432.6863637,56,59,-29
1747050432.7223637,-68,-55,-46
1747050432.7583632,-10,18,82
1747050432.793363,47,12,120
1747050432.829363,-2,80,28
1747050432.8643634,-16,-15,74
1747050432.8993633,-43,-2,4
1747050432.9343634,17,-27,-69
1747050432.9703634,37,-47,32
1747050433.0063634,13,60,15
1747050433.0413637,-35,-24,150
1747050433.0773633,-51,-64,-22
1747050433.112363,18,-16,-23
1747050433.1473634,33,-31,-11
1747050433.1823633,25,70,4
1747050433.2183633,53,26,-51
1747050433.2543633,107,74,-165
1747050433.2893634,131,-75,8
1747050433.3253634,5,102,24
1747050433.3603632,15,-13,-45
1747050433.395363,0,24,-93
1747050433.4303634,51,16,-69
1747050433.4663634,-70,-51,54
1747050433.5023634,41,-3,42
1747050433.5373633,45,84,-2
1747050433.5733633,-64,98,-10
1747050433.6083634,59,1,-40
1747050433.6433637,43,-20,-180
1747050433.678363,-16,-36,-53
1747050433.714363,-132,49,135
1747050433.750363,29,5,5
1747050433.7853634,11,69,-54
1747050433.8213634,-44,9,41
1747050433.8563633,69,-8,11
1747050433.8913634,27,60,153
1747050433.9263637,22,49,63
1747050433.9623632,-48,-13,-30
1747050433.9983633,5,72,-26
1747050434.033363,77,0,7
1747050434.0693634,-87,8,91
1747050434.1043634,60,-71,89
1747050434.1393633,45,-19,-60
1747050434.1743634,-13,22,3
1747050434.2103634,-54,-26,121
1747050434.2463634,9,-38,45
1747050434.2813632,-63,-2,43
1747050434.3173633,-45,-16,119
1747050434.352363,-57,19,-6
1747050434.3873634,-59,-4,-130
1747050434.4223633,-34,2,59
1747050434.4583633,-61,13,-120
1747050434.4943633,17,1,105
1747050434.5293634,-16,-48,-6
1747050434.5653634,-12,-95,0
1747050434.6003633,1,0,3
1747050434.635363,35,94,-60
1747050434.6703634,57,-43,59
1747050434.7063634,-50,24,-28
1747050434.7423637,-62,41,121
1747050434.7773633,-6,-34,19
1747050434.8133633,-18,59,29
1747050434.8483634,53,50,7
1747050434.8833632,9,50,15
1747050434.918363,-18,-35,-96
1747050434.954363,-51,-9,-158
1747050434.9903634,-6,11,41
1747050435.0253634,-62,7,53
1747050435.0613637,24,8,103
1747050435.0963633,-2,59,-46
1747050435.1313634,-14,-14,-68
1747050435.1663637,13,-28,-12
1747050435.2023633,67,-66,-154
1747050435.2383633,31,-24,-6
1747050435.2733634,-31,-41,65
1747050435.3093634,-5,-19,-40
1747050435.3443637,12,-51,87
1747050435.3793633,-17,-13,11
1747050435.4153633,36,48,-44
1747050435.4503634,-23,44,83
1747050435.4863634,16,12,-42
1747050435.5213633,-23,-51,-8
1747050435.5573633,-75,6,131
1747050435.5923634,0,-17,-11
1747050435.6273634,81,6,18
1747050435.6633637,-23,-16,-11
1747050435.6983633,17,-33,-49
1747050435.7343633,81,38,28
1747050435.7693634,74,27,34
1747050435.8053634,59,60,84
1747050435.8403633,99,72,66
1747050435.875363,95,36,-129
1747050435.9113634,17,-21,40
1747050435.9463634,87,-17,68
1747050435.9823637,-24,-61,-109
1747050436.0173633,-60,80,56
1747050436.053363,16,-9,-29
1747050436.0883634,-48,26,16
1747050436.1233633,93,42,80
1747050436.1593633,3,56,66
1747050436.1943634,-46,-38,72
1747050436.2303634,19,1,70
1747050436.2653637,31,71,-109
1747050436.3013637,-17,5,28
1747050436.3363633,50,-4,2
1747050436.3713634,-17,55,72
1747050436.4073634,-23,-24,120
1747050436.4423633,39,-21,72
1747050436.4783633,-56,18,-91
1747050436.5133634,-12,42,-41
1747050436.5493634,-28,-30,30
1747050436.5843637,85,-6,-75
1747050436.6193633,-16,-24,-15
1747050436.655363,4,5,2
1747050436.6903634,35,-47,4
1747050436.7263634,25,3,-17
1747050436.7613633,29,-4,42
1747050436.7973633,25,-58,-5
1747050436.8323634,-32,-30,64
1747050436.8673637,34,-11,-5
1747050436.9033637,-28,26,-5
1747050436.9383633,-29,-42,-101
1747050436.974363,21,60,6
1747050437.0093634,13,16,-21
1747050437.0443633,-39,28,14
1747050437.079363,57,50,-23
1747050437.1153634,-64,44,170
1747050437.1513634,-6,110,-29
1747050437.1863637,-38,10,24
1747050437.2293634,-86,28,34
1747050437.2653637,44,-72,8
1747050437.3003633,14,19,-23
1747050437.3353634,-113,-60,-77
1747050437.3713634,-65,-26,23
1747050437.4073634,11,-69,83
1747050437.4423633,28,0,8
1747050437.4783633,124,3,67
1747050437.5133634,-11,83,-37
1747050437.5483634,-70,-83,-56
1747050437.5833633,22,-66,-5
1747050437.6193633,4,-52,-31
1747050437.655363,108,3,16
1747050437.6903634,48,1,-53
1747050437.7263634,3,30,26
1747050437.7613633,74,-28,-97
1747050437.7963634,4,-16,46
1747050437.8313634,50,-22,-23
1747050437.8673637,-21,-2,78
1747050437.9033637,34,-10,-47
1747050437.9383633,-113,61,78
1747050437.974363,-8,-61,-111
1747050438.0093634,-24,-43,48
1747050438.0443633,-6,38,-57
1747050438.079363,0,-11,-67
1747050438.1153634,-13,109,-11
1747050438.1513634,-31,37,-33
1747050438.1863637,10,19,8
1747050438.2223637,38,25,8
1747050438.257363,-23,-12,-15
1747050438.2923634,24,-40,44
1747050438.3273633,30,13,110
1747050438.3633633,59,-16,2
1747050438.3993633,9,29,86
1747050438.4343634,33,-14,106
1747050438.4703634,9,-50,78
1747050438.5053637,73,-24,-39
1747050438.5403633,29,42,-59
1747050438.5753634,-18,14,-33
1747050438.6113634,-66,8,-41
1747050438.6473634,-102,-29,70
1747050438.6823633,13,-27,-131
1747050438.7183633,27,6,48
1747050438.7533634,35,-85,44
1747050438.7883637,-34,-9,-45
1747050438.8233633,23,58,-5
1747050438.8593633,-6,-119,52
1747050438.895363,79,-21,4
1747050438.9303634,-32,-43,-133
1747050438.9663634,13,0,100
1747050439.0013633,-8,-87,-97
1747050439.0363634,-18,-7,4
1747050439.0713634,-24,-39,-57
1747050439.1073637,27,-57,-17
1747050439.1433637,-58,-31,0
1747050439.178363,31,47,28
1747050439.214363,-42,21,-15
1747050439.2493634,88,-44,38
1747050439.2843633,19,-1,-71
1747050439.3193634,-19,7,26
1747050439.3553634,40,33,-59
1747050439.3913634,-3,23,-41
1747050439.4263637,-11,-6,-51
1747050439.4623632,-15,19,-109
1747050439.497363,76,55,58
1747050439.5323634,-3,45,0
1747050439.5673633,56,-88,6
1747050439.6033633,-28,0,66
1747050439.6393633,0,32,18
1747050439.6743634,-10,20,20
1747050439.7103634,89,-31,42
1747050439.7453637,10,27,8
1747050439.780363,-37,3,-65
1747050439.8153634,77,34,110
1747050439.8513634,-9,3,-55
1747050439.8873634,-23,47,-11
1747050439.9223633,-5,9,-7
1747050439.9583633,31,-43,12
1747050439.9933634,-12,0,-75
1747050440.0283637,43,42,54
1747050440.0643632,44,3,13
1747050440.099363,10,13,29
1747050440.135363,93,10,-14
1747050440.1703634,29,-1,77
1747050440.2063634,28,37,67
1747050440.2413633,-65,5,77
1747050440.2763634,-11,3,87
1747050440.3123634,31,1,-60
1747050440.3473637,-12,-26,17
1747050440.3833632,-19,-32,99
1747050440.418363,-34,-82,-22
1747050440.454363,-26,27,35
1747050440.4893634,27,58,109
1747050440.5243633,-12,-92,31
1747050440.5603633,13,0,-46
1747050440.5953634,24,19,9
1747050440.6313634,32,-48,49
1747050440.6663637,34,29,115
1747050440.7023633,-9,11,207
1747050440.737363,-31,39,49
1747050440.7723634,44,73,101
1747050440.8083634,0,-45,59
1747050440.8433633,-14,-27,-88
1747050440.8793633,77,32,87
1747050440.9143634,-29,39,-46
1747050440.9503634,17,-25,-24
1747050440.9853632,-38,-13,-14
1747050441.020363,-93,-48,-136
1747050441.056363,45,74,75
1747050441.0913634,-111,15,9
1747050441.1273634,50,-64,93
1747050441.1623633,-3,15,-74
1747050441.1983633,40,49,11
1747050441.2333634,62,29,35
1747050441.2683637,-21,9,-4
1747050441.3043633,3,26,-92
1747050441.339363,0,32,-66
1747050441.375363,23,-25,-110
1747050441.4103634,-26,-7,-56
1747050441.4463634,95,-47,9
1747050441.4813633,107,-27,-28
1747050441.5163634,3,-24,-104
1747050441.5523634,-90,26,1
1747050441.5873632,-94,-3,-20
1747050441.6233633,-9,-19,-86
1747050441.658363,-4,-27,-24
1747050441.6943634,-18,30,21
1747050441.7303634,-74,34,9
1747050441.7653637,-28,-43,123
1747050441.8003633,-18,11,115
1747050441.8363633,75,71,81
1747050441.872363,25,27,-32
1747050441.9073634,-16,-10,0
1747050441.9433634,-10,53,33
1747050441.9783633,24,-24,45
1747050442.0133634,-57,0,115
1747050442.0483634,80,-42,-66
1747050442.0843637,-91,-40,129
1747050442.1203637,52,-56,-86
1747050442.155363,-3,21,89
1747050442.191363,-3,-4,5
1747050442.2263634,-17,-48,-92
1747050442.2613633,96,47,-4
1747050442.2963634,6,-52,-88
1747050442.3323634,-37,-22,111
1747050442.3683634,-19,-52,97
1747050442.4033637,32,-26,-12
1747050442.4393632,12,1,-40
1747050442.474363,-67,47,123
1747050442.5093634,36,-26,59
1747050442.5443633,-11,-90,133
1747050442.5803633,0,39,-124
1747050442.6163633,-30,-70,-24
1747050442.6513634,-71,-32,-20
1747050442.6873634,17,25,-72
1747050442.7223637,18,-62,1
1747050442.757363,42,-58,-56
1747050442.7923634,4,11,61
1747050442.8283634,-12,-5,39
1747050442.8643634,-2,40,5
1747050442.8993633,-20,-9,-110
1747050442.9353633,-28,-41,-6
1747050442.9703634,-22,-5,79
1747050443.0053637,30,2,-18
1747050443.0403633,48,-21,-14
1747050443.076363,-43,-5,3
1747050443.112363,-19,60,49
1747050443.1473634,104,32,13
1747050443.1833634,-53,51,43
1747050443.2183633,53,-49,-14
1747050443.2533634,15,-5,-24
1747050443.2883637,-52,-9,-16
1747050443.3243637,-72,-23,57
1747050443.3603632,31,-23,61
1747050443.395363,65,4,59
1747050443.431363,0,2,0
1747050443.4663634,19,6,65
1747050443.5013633,21,20,-14
1747050443.5363634,35,-63,23
1747050443.5723634,-66,-18,-46
1747050443.6083634,-3,-39,142
1747050443.6433637,-41,-19,-49
1747050443.6793633,19,18,-69
1747050443.714363,-4,-45,2
1747050443.7493634,-30,-18,52
1747050443.7843633,-3,18,-119
1747050443.8203633,-87,4,-73
1747050443.8563633,6,0,170
1747050443.8913634,70,0,77
1747050443.9273634,-73,8,-54
1747050443.9623632,63,-22,67
1747050443.997363,23,-12,44
1747050444.0323634,-38,-86,-45
1747050444.0683634,36,-36,66
1747050444.1043634,30,25,24
1747050444.1393633,68,-2,34
1747050444.1753633,-49,-6,-33
1747050444.2103634,0,-16,90
1747050444.2453637,-41,-40,92
1747050444.280363,-55,1,-109
1747050444.316363,66,33,-135
1747050444.352363,-33,21,126
1747050444.3873634,-12,-52,-19
1747050444.4233634,-62,45,-75
1747050444.4583633,-52,-12,-31
1747050444.4933634,-44,3,-73
1747050444.5283637,15,-20,12
1747050444.5643632,39,29,32
1747050444.6003633,-84,9,58
1747050444.635363,3,9,50
1747050444.6713634,52,6,130
1747050444.7063634,-6,-45,68
1747050444.7413633,39,-61,64
1747050444.7773633,-86,57,-47
1747050444.8123634,47,16,-21
1747050444.8483634,57,14,8
1747050444.8833632,-34,-51,18
1747050444.9193633,-55,35,194
1747050444.954363,23,61,16
1747050444.9893634,-19,59,-49
1747050445.0253634,-11,-32,-127
1747050445.0603633,-31,-2,32
1747050445.0963633,50,-16,-47
1747050445.1313634,-47,-30,-193
1747050445.1673634,-3,-14,50
1747050445.2023633,-37,-44,128
1747050445.237363,71,34,38
1747050445.2733634,0,-73,40
1747050445.3083634,45,-10,-39
1747050445.3443637,-34,-8,30
1747050445.3793633,-30,-54,8
1747050445.4153633,-18,69,-3
1747050445.4503634,-22,3,-143
1747050445.4853632,-74,-48,20
1747050445.5213633,-22,25,42
1747050445.556363,-110,-8,-55
1747050445.5923634,35,-84,2
1747050445.6273634,28,42,-27
1747050445.6633637,-43,-55,-50
1747050445.6983633,-33,4,-11
1747050445.7333634,-19,58,72
1747050445.7693634,-51,-21,4
1747050445.8043633,47,-35,16
1747050445.8403633,-41,8,108
1747050445.875363,-25,-11,46
1747050445.9113634,-21,12,-17
1747050445.9463634,34,-37,-33
1747050445.9813633,-71,-5,-75
1747050446.0173633,-1,16,52
1747050446.0523634,-31,-53,70
1747050446.0883634,25,8,-35
1747050446.1233633,-30,-25,-25
1747050446.1593633,-9,-20,30
1747050446.1943634,-31,31,36
1747050446.2293634,0,-57,72
1747050446.2653637,-15,-52,8
1747050446.3003633,22,63,-7
1747050446.3363633,-7,-60,44
1747050446.3713634,64,-52,-8
1747050446.4063632,-77,-42,19
1747050446.441363,54,-38,51
1747050446.477363,46,-16,-1
1747050446.5133634,20,-20,0
1747050446.5483634,27,20,52
1747050446.5843637,22,63,62
1747050446.6193633,-61,-64,22
1747050446.6543634,27,28,126
1747050446.6893632,9,-13,52
1747050446.7253633,-30,28,70
1747050446.7613633,15,4,70
1747050446.7963634,9,31,-101
1747050446.8323634,-36,-97,-79
1747050446.8673637,-12,19,76
1747050446.9023633,33,19,14
1747050446.9373634,-12,-17,-21
1747050446.9733634,0,2,98
1747050447.0093634,-7,0,-9
1747050447.0443633,28,-4,-85
1747050447.0803633,58,-32,-127
1747050447.1153634,6,-24,0
1747050447.1503634,-53,45,-43
1747050447.1853633,46,35,24
1747050447.2213633,2,-37,86
1747050597.7883637,36,27,0
1747050597.8253634,21,-25,40
1747050597.8603632,-70,-15,26
1747050597.8963633,-2,32,40
1747050597.931363,11,8,46
1747050597.9663634,43,24,4
1747050598.0013633,-18,-3,-7
1747050598.0373633,21,52,-45
1747050598.0733633,7,96,78
1747050598.1083634,75,6,-27
1747050598.1443634,19,-41,-35
1747050598.1793633,-66,58,26
1747050598.214363,94,-43,10
1747050598.2493634,0,-3,12
1747050598.2853634,-21,-18,-37
1747050598.3213634,-62,-29,-13
1747050598.3563633,-62,-37,72
1747050598.3923633,-1,-61,62
1747050598.4273634,-3,-53,-29
1747050598.4623632,22,-19,-35
1747050598.497363,72,-19,-13
1747050598.533363,27,-1,-17
1747050598.5693634,30,0,64
1747050598.6043634,4,38,-59
1747050598.6403637,28,-9,-19
1747050598.6753633,74,-31,6
1747050598.7103634,30,18,68
1747050598.7453637,-41,16,122
1747050598.7813632,-59,-45,-17
1747050598.8173633,7,39,30
1747050598.852363,11,11,-25
1747050598.8883634,-12,76,-43
1747050598.9233634,-8,-49,106
1747050598.9583633,15,-59,-77
1747050598.9943633,54,-5,-51
1747050599.0293634,-57,-79,-13
1747050599.0653634,-53,-22,-46
1747050599.1003633,-31,53,78
1747050599.1373634,42,-28,-57
1747050599.1723633,21,21,136
1747050599.2083633,38,-25,26
1747050599.2433634,-31,-3,106
1747050599.2783637,7,-11,146
1747050599.3143632,-64,-9,14
1747050599.349363,67,8,74
1747050599.385363,-97,28,-73
1747050599.4203634,33,-11,-143
1747050599.4563634,-58,-15,-75
1747050599.4913633,49,-41,-65
1747050599.5263634,0,82,0
1747050599.5623634,15,12,76
1747050599.5973637,-8,14,34
1747050599.6333632,91,-81,-35
1747050599.668363,43,-17,26
1747050599.704363,51,34,6
1747050599.7393634,-56,38,38
1747050599.7743633,-46,40,-25
1747050599.8103633,27,60,-21
1747050599.8453634,-23,4,72
1747050599.8813634,0,-33,0
1747050599.9163637,36,108,8
1747050599.9523633,1,-41,-31
1747050599.987363,-76,-23,10
1747050600.0223634,-13,50,-47
1747050600.0583634,32,52,-87
1747050600.0933633,30,8,-49
1747050600.1293633,-59,-43,40
1747050600.1643634,-31,54,-163
1747050600.2003634,70,-69,-21
1747050600.2353632,-11,-37,44
1747050600.270363,-10,-59,-43
1747050600.306363,37,48,-47
1747050600.3413634,1,-87,2
1747050600.3773634,-50,22,-17
1747050600.4123633,-71,91,44
1747050600.4483633,33,-47,42
1747050600.4833634,65,-99,-25
1747050600.5183637,5,28,14
1747050600.5543633,-67,-22,-43
1747050600.589363,-41,9,-27
1747050600.625363,-63,33,22
1747050600.6603634,-51,27,86
1747050600.6953633,-25,-8,-15
1747050600.7303634,-91,-16,-106
1747050600.7663634,-7,-6,32
1747050600.8023634,8,-8,43
1747050600.8373632,24,0,38
1747050600.8733633,-23,-98,48
1747050600.908363,-24,-13,-79
1747050600.9433634,45,-12,-31
1747050600.9783633,-92,41,-47
1747050601.0143633,-17,-32,-17
1747050601.0503633,-5,5,-25
1747050601.0853634,-18,-39,12
1747050601.1213634,81,-18,50
1747050601.1563632,5,-8,2
1747050601.191363,2,-36,-21
1747050601.2263634,-47,-74,16
1747050601.2623634,-37,0,26
1747050601.2983634,10,-30,6
1747050601.3333633,-13,9,-41
1747050601.3693633,30,-7,48
1747050601.4043634,23,43,-79
1747050601.4393632,7,-34,-1
1747050601.474363,44,-31,-61
1747050601.510363,30,28,-67
1747050601.5463634,-33,116,-50
1747050601.5813634,42,-19,48
1747050601.6173637,43,43,76
1747050601.6523633,-22,-2,15
1747050601.6873634,90,-20,-32
1747050601.7223637,18,1,-12
1747050601.7583632,-1,5,-22
1747050601.7943633,-1,4,-35
1747050601.829363,6,46,-65
1747050601.8653634,-11,36,102
1747050601.9013634,-30,17,42
1747050601.9373634,28,36,-63
1747050601.9723637,66,21,36
1747050602.007363,-9,-12,74
1747050602.0423634,42,-65,-31
1747050602.0783634,-73,-60,20
1747050602.1143634,24,-38,-33
1747050602.1493633,25,-46,44
1747050602.1853633,-7,-100,20
1747050602.2203634,38,9,104
1747050602.2553637,54,-20,38
1747050602.2903633,17,-32,-3
1747050602.326363,-12,17,34
1747050602.362363,-38,0,-55
1747050602.3973634,54,-42,-31
1747050602.4333634,43,-19,30
1747050602.4683633,7,-61,44
1747050602.5033634,-18,10,14
1747050602.5383637,-53,-76,-96
1747050602.5743637,2,-93,93
1747050602.6103632,-17,45,95
1747050602.645363,-37,-30,-32
1747050602.681363,34,15,1
1747050602.7163634,-19,-28,-6
1747050602.7513633,58,68,11
1747050602.7863634,44,67,153
1747050602.8223634,25,42,33
1747050602.8583634,5,-53,55
1747050602.8933637,3,-1,0
1747050602.9293633,12,16,45
1747050602.964363,-67,-67,79
1747050602.9993634,4,24,-20
1747050603.0343633,-33,-13,-78
1747050603.0703633,16,-7,61
1747050603.1063633,-38,-6,-64
1747050603.1413634,8,6,55
1747050603.1773634,-45,0,49
1747050603.2123632,14,-49,-6
1747050603.247363,82,10,33
1747050603.2823634,-43,-3,55
1747050603.3183634,-57,-1,153
1747050603.3543634,90,11,-52
1747050603.3893633,14,56,-6
1747050603.4253633,24,-21,-48
1747050603.4603634,114,-1,-14
1747050603.4953637,30,-44,129
1747050603.5313632,8,-18,0
1747050603.566363,22,-23,-44
1747050603.602363,54,-24,165
1747050603.6373634,-6,-22,-56
1747050603.6733634,32,16,-2
1747050603.7083633,22,-13,33
1747050603.7433634,-15,-13,109
1747050603.7793634,-43,-15,-2
1747050603.8143632,48,-45,-24
1747050603.8503633,38,-39,-2
1747050603.885363,28,-33,-6
1747050603.9213634,70,-91,63
1747050603.9563634,12,-23,25
1747050603.9913633,70,2,29
1747050604.0273633,32,-31,-38
1747050604.0623634,54,40,59
1747050604.0983634,44,38,75
1747050604.1333632,16,26,11
1747050604.1693633,-43,-5,-128
1747050604.204363,-17,47,43
1747050604.2393634,42,67,-18
1747050604.2753634,24,13,-48
1747050604.3103633,-85,-44,81
1747050604.3463633,-56,-8,3
1747050604.3813634,26,3,47
1747050604.4173634,-35,25,19
1747050604.4523633,-49,-66,-53
1747050604.487363,-41,34,50
1747050604.5233634,0,52,63
1747050604.5583634,-35,2,86
1747050604.5943637,20,-41,-1
1747050604.6293633,63,-8,70
1747050604.6653633,89,-2,32
1747050604.7003634,-14,-2,22
1747050604.7353632,27,-54,-27
1747050604.7713633,-88,-14,-145
1747050604.806363,67,5,94
1747050604.8423634,7,-26,-5
1747050604.8773634,-12,0,6
1747050604.9133637,-68,-14,-47
1747050604.9483633,-47,38,-17
1747050604.9833634,22,-37,22
1747050605.0193634,0,-26,-23
1747050605.0543633,40,-11,48
1747050605.0903633,74,-23,-83
1747050605.125363,-11,-33,94
1747050605.1613634,-1,22,-69
1747050605.1973634,45,10,80
1747050605.2333634,-6,-1,58
1747050605.2693634,3,-81,80
1747050605.3043633,-62,-50,-57
1747050605.339363,-65,-35,-57
1747050605.375363,18,-35,-23
1747050605.4113634,-15,42,62
1747050605.4463634,86,-63,-41
1747050605.4823637,62,-53,110
1747050605.5173633,81,-42,144
1747050605.5523634,-18,0,-17
1747050605.5873632,-29,16,4
1747050605.6233633,-34,56,130
1747050605.6593633,19,28,-21
1747050605.6943634,17,62,-29
1747050605.7303634,13,-31,-3
1747050605.7653637,-16,-5,-124
1747050605.8003633,-4,2,4
1747050605.8353634,22,-55,63
1747050605.8713634,0,-9,42
1747050605.9073634,36,40,-147
1747050605.9423633,5,-9,-45
1747050605.9783633,24,22,80
1747050606.0133634,-43,-5,-57
1747050606.0483634,-13,-5,-111
1747050606.0833633,56,-9,-69
1747050606.1193633,28,-5,120
1747050606.155363,50,-37,6
1747050606.1903634,-84,20,-51
1747050606.2263634,-6,-75,126
1747050606.2613633,52,-30,-13
1747050606.2963634,-7,-8,16
1747050606.3313634,-3,23,46
1747050606.3673637,-42,26,10
1747050606.4033637,19,-29,-55
1747050606.4383633,80,-2,-15
1747050606.474363,22,41,-11
1747050606.5093634,-55,-10,-11
1747050606.5443633,14,-32,82
1747050606.579363,34,77,-55
1747050606.6153634,48,-22,-35
1747050606.6513634,-9,-38,70
1747050606.6863637,30,0,-131
1747050606.7223637,-51,49,-41
1747050606.757363,4,0,150
1747050606.7923634,46,-10,96
1747050606.8273633,-28,-62,-85
1747050606.8633633,93,19,-31
1747050606.8993633,41,6,-29
1747050606.9343634,-40,-13,-77
1747050606.9703634,35,124,-35
1747050607.0053637,31,-37,-1
1747050607.0403633,9,-51,-5
1747050607.0753634,71,118,114
1747050607.1113634,53,134,114
1747050607.1473634,64,6,-57
1747050607.1823633,-32,20,84
1747050607.2183633,79,-15,118
1747050607.2533634,28,-23,-33
1747050607.2883637,-16,-39,74
1747050607.3233633,-62,-97,22
1747050607.3593633,30,-21,-107
1747050607.395363,-22,57,-71
1747050607.4303634,-22,-2,126
1747050607.4663634,9,29,124
1747050607.5013633,21,-67,-7
1747050607.5363634,7,-81,-19
1747050607.5713634,77,-47,38
1747050607.6073637,-12,-31,56
1747050607.6433637,140,-11,-133
1747050607.678363,55,-7,88
1747050607.714363,-66,36,-83
1747050607.7493634,-18,-55,-1
1747050607.7913637,-44,-77,50
1747050607.8273633,-14,-41,80
1747050607.8633633,-10,26,30
1747050607.8993633,43,4,-74
1747050607.9343634,19,-39,64
1747050607.9703634,59,-55,62
1747050608.0053637,-41,8,-9
1747050608.0403633,15,-35,97
1747050608.0753634,-7,16,-29
1747050608.1113634,-87,31,79
1747050608.1473634,-30,-9,69
1747050608.1823633,22,16,-50
1747050608.2183633,12,-25,51
1747050608.2533634,-33,-17,-11
1747050608.2883637,18,-9,-37
1747050608.3243637,-63,74,34
1747050608.3593633,28,-91,-5
1747050608.395363,-1,58,-79
1747050608.4303634,12,0,9
1747050608.4663634,20,6,-70
1747050608.5013633,38,-55,29
1747050608.5363634,6,1,23
1747050608.5723634,-73,91,5
1747050608.6073637,-17,-76,7
1747050608.6433637,-65,-18,5
1747050608.678363,20,-34,27
1747050608.714363,-31,-3,48
1747050608.7493634,-49,-29,-23
1747050608.7843633,-31,-35,-58
1747050608.8203633,-153,-35,2
1747050608.8553634,28,-21,14
1747050608.8913634,95,33,-27
1747050608.9263637,20,-23,49
1747050608.9623632,46,72,1
1747050608.997363,-35,-13,-19
1747050609.0323634,12,2,26
1747050609.0683634,-1,-53,70
1747050609.1033633,-25,-49,-39
1747050609.1393633,94,-26,98
1747050609.1743634,-45,0,-37
1747050609.2103634,6,11,-75
1747050609.2453637,8,-56,-23
1747050609.280363,-17,-20,54
1747050609.316363,-76,67,60
1747050609.3513634,-2,-6,-90
1747050609.3873634,-53,18,113
1747050609.4223633,-27,24,25
1747050609.4583633,0,18,95
1747050609.4933634,90,4,37
1747050609.5283637,54,-43,13
1747050609.5643632,-31,-43,129
1747050609.599363,-3,-47,67
1747050609.635363,6,-55,35
1747050609.6703634,38,-11,-78
1747050609.7063634,-5,8,-20
1747050609.7413633,-15,35,-32
1747050609.7763634,-23,-46,5
1747050609.8123634,6,-74,-40
1747050609.8473637,-31,7,105
1747050609.8833632,-68,-4,21
1747050609.918363,-11,-130,33
1747050609.9533634,60,-43,-36
1747050609.9883633,-55,-17,-18
1747050610.0243633,-41,-43,53
1747050610.0603633,-71,-87,39
1747050610.0953634,-15,-45,91
1747050610.1313634,58,-59,-20
1747050610.1663637,-95,22,-10
1747050610.201363,-101,2,-68
1747050610.2363634,29,18,185
1747050610.2723634,-22,22,-114
1747050610.3083634,-44,26,7
1747050610.3433633,24,3,75
1747050610.3793633,75,-33,125
1747050610.4143634,-17,57,-138
1747050610.4493637,-43,21,45
1747050610.4843633,52,-51,53
1747050610.520363,78,-38,-74
1747050610.556363,-53,44,-28
1747050610.5913634,-5,-15,-2
1747050610.6273634,86,37,115
1747050610.6623633,-1,35,157
1747050610.6973634,-3,45,41
1747050610.7323637,-19,77,-118
1747050610.7683637,26,-42,19
1747050610.8043633,33,14,-20
1747050610.839363,5,0,-12
1747050610.875363,53,-65,35
1747050610.9103634,3,22,-24
1747050610.9453633,100,20,11
1747050610.9803634,-8,-29,75
1747050611.0163634,-28,-13,121
1747050611.0523634,-40,24,121
1747050611.0873632,54,18,-36
1747050611.1233633,5,76,1
1747050611.158363,-71,0,-52
1747050611.1933634,-59,-43,-6
1747050611.2283633,30,-13,45
1747050611.2643633,-9,-3,-4
1747050611.3003633,-1,32,-106
1747050611.3353634,36,-19,29
1747050611.3713634,-10,-66,93
1747050611.4063632,31,-76,9
1747050611.441363,-17,-23,49
1747050611.4763634,-30,2,-34
1747050611.5123634,71,0,-90
1747050611.5483634,-80,-21,55
1747050611.5833633,57,-91,-6
1747050611.6193633,15,-9,3
1747050611.6543634,19,30,59
1747050611.6893632,-43,-16,61
1747050611.724363,28,-30,-44
1747050611.760363,35,10,41
1747050611.7963634,57,-29,-18
1747050611.8313634,-68,20,-10
1747050611.8673637,39,-65,37
1747050611.9023633,-11,9,15
1747050611.9373634,75,60,-54
1747050611.9723637,-100,58,107
1747050612.0083632,-4,-87,-36
1747050612.0443633,-12,-35,98
1747050612.079363,23,30,-11
1747050612.1153634,-45,9,116
1747050612.1503634,17,-5,-49
1747050612.1853633,-16,2,-11
1747050612.2203634,45,84,6
1747050612.2563634,0,76,-71
1747050612.2923634,100,28,30
1747050612.3273633,-61,20,122
1747050612.3633633,69,-7,-31
1747050612.3983634,-19,3,16
1747050612.4333634,-25,-17,54
1747050612.4683633,10,-11,-105
1747050612.5043633,22,6,36
1747050612.5403633,-24,-39,56
1747050612.5753634,15,46,-58
1747050612.6113634,59,44,20
1747050612.6463633,41,2,82
1747050612.681363,11,-29,-63
1747050612.7163634,41,-53,-43
1747050612.7523634,57,18,-9
1747050612.7883637,-116,44,-23
1747050612.8233633,9,-71,42
1747050612.8593633,57,-67,64
1747050612.8943634,-84,-63,-53
1747050612.9293633,-4,-7,140
1747050612.9653633,-102,-59,-11
1747050613.000363,-22,-7,-13
1747050613.0363634,35,-91,24
1747050613.0713634,-70,44,-29
1747050613.1073637,0,26,-158
1747050613.1423633,-24,6,69
1747050613.1773634,25,78,62
1747050613.2133634,35,14,26
1747050613.2483633,61,-19,-75
1747050613.2843633,-18,-20,-21
1747050613.3193634,-66,-23,-47
1747050613.3553634,-80,-57,16
1747050613.3903637,-44,6,-55
1747050613.4253633,-16,-57,44
1747050613.4613633,12,-19,64
1747050613.4963634,35,24,-63
1747050613.5323634,-42,2,10
1747050613.5673633,-52,-19,-137
1747050613.6033633,22,7,-17
1747050613.6383634,-28,-35,34
1747050613.6733634,-49,-38,32
1747050613.7093637,-11,-54,96
1747050613.7443633,52,-22,-81
1747050613.780363,-23,-33,62
1747050613.8153634,-63,0,-153
1747050613.8513634,-54,-22,-105
1747050613.8863633,-6,-47,-17
1747050613.9213634,25,-7,-157
1747050613.9573634,87,-1,-53
1747050613.9923637,1,24,6
1747050614.0283637,19,17,-51
1747050614.0633633,-24,29,-35
1747050614.099363,27,-48,-119
1747050614.1343634,13,7,68
1747050614.1693633,-16,15,46
1747050614.2053633,-24,11,50
1747050614.2403634,-30,77,-55
1747050614.2763634,21,27,58
1747050614.3113637,73,-24,-141
1747050614.3473637,29,13,62
1747050614.382363,-30,-50,32
1747050614.4173634,4,-20,4
1747050614.4533634,23,-58,122
1747050614.4883633,22,55,62
1747050614.5243633,-51,-36,10
1747050614.5593634,-35,-45,-49
1747050614.5943637,12,-75,-3
1747050614.6293633,-33,0,-25
1747050614.6653633,-19,-4,58
1747050614.701363,-119,-74,-75
1747050614.7363634,-3,-30,66
1747050614.7723634,-5,7,-24
1747050614.8073633,-19,-76,125
1747050614.8423634,-34,44,-12
1747050614.8773634,-13,63,13
1747050614.9133637,37,-35,-38
1747050614.9493637,-22,52,-8
1747050614.9843633,21,52,93
1747050615.020363,8,4,31
1747050615.0553634,2,-57,-44
1747050615.0903633,-21,-43,-2
1747050615.125363,-13,50,99
1747050615.1613634,124,12,-30
1747050615.1973634,-53,-19,-92
1747050615.2323637,-7,56,75
1747050615.2683637,6,34,-24
1747050615.303363,93,-33,109
1747050615.3383634,-78,-22,51
1747050615.3733633,-8,22,-36
1747050615.4093633,-26,10,-88
1747050615.4453633,-88,60,113
1747050615.4803634,-46,6,19
1747050615.5163634,57,56,87
1747050615.5513637,17,-15,13
1747050615.5863633,29,-5,45
1747050615.6213634,-1,16,-22
1747050615.6573634,-21,-31,-40
1747050615.6933634,14,18,47
1747050615.7283633,-76,-5,93
1747050615.7643633,61,-31,-26
1747050615.7993634,-4,8,9
1747050615.8343637,33,24,49
1747050615.8693633,85,2,103
1747050615.905363,-60,-31,-76
1747050615.941363,-66,40,-90
1747050615.9763634,0,-42,-18
1747050616.0123634,-51,-12,-116
1747050616.0473633,42,3,35
1747050616.0823634,-9,79,-88
1747050616.1173637,42,-46,-22
1747050616.1533637,-54,84,-42
1747050616.1893632,27,-67,123
1747050616.224363,53,0,-76
1747050616.260363,-42,-43,103
1747050616.2953634,61,-13,-110
1747050616.3303633,-14,-19,45
1747050616.3653634,11,-21,-4
1747050616.4013634,48,30,-64
1747050616.4373634,-4,-71,11
1747050616.4723637,-19,-14,-96
1747050616.5083632,25,-9,-82
1747050616.543363,-30,-11,29
1747050616.5783634,-36,6,31
1747050616.6133633,-56,-3,47
1747050616.6493633,-28,68,55
1747050616.6853633,6,43,77
1747050616.7203634,-2,56,69
1747050616.7563634,1,-33,-70
1747050616.7913637,-19,-26,81
1747050616.826363,36,-8,-16
1747050616.8613634,-25,-10,-120
1747050616.8973634,-27,-80,65
1747050616.9333634,-65,-32,55
1747050616.9683633,-57,-14,63
1747050617.0043633,-18,0,-12
1747050617.0393634,-68,70,-44
1747050617.0743637,-20,-27,-44
1747050617.1093633,33,-29,-46
1747050617.145363,59,-46,131
1747050617.181363,31,-4,21
1747050617.2163634,-20,58,-4
1747050617.2523634,55,18,17
1747050617.2873633,-14,19,-12
1747050617.3223634,21,114,-74
1747050617.3573637,70,65,-24
1747050617.3933637,-86,54,69
1747050617.4293633,-129,30,-128
1747050617.464363,106,-5,21
1747050617.500363,-63,45,-22
1747050617.5353634,14,1,85
1747050617.5703633,-31,3,1
1747050617.6063633,14,0,59
1747050617.6413634,-7,52,53
1747050617.6773634,18,31,59
1747050617.7123632,-52,-10,33
1747050617.7483633,21,-34,23
1747050617.783363,-85,22,-66
1747050617.8253634,30,-53,-108
1747050617.862363,19,0,11
1747050617.8973634,21,-20,7
1747050617.9333634,61,-47,21
1747050617.9683633,15,-21,137
1747050618.0043633,131,-75,-32
1747050618.0393634,-1,10,53
1747050618.0743637,11,24,-20
1747050618.1103632,-2,-59,5
1747050618.145363,83,47,1
1747050618.181363,33,37,-90
1747050618.2163634,7,-8,-20
1747050618.2523634,-94,-16,-26
1747050618.2873633,49,43,139
1747050618.3223634,-16,-36,107
1747050618.3583634,-47,-3,-12
1747050618.3933637,-16,27,7
1747050618.4293633,-59,40,93
1747050618.464363,-41,32,-12
1747050618.500363,-9,7,-30
1747050618.5353634,-85,-22,-12
1747050618.5703633,18,31,-116
1747050618.6063633,-58,-17,-10
1747050618.6413634,-38,20,-164
1747050618.6773634,-52,-21,71
1747050618.7123632,68,14,27
1747050618.7483633,20,0,115
1747050618.783363,10,58,45
1747050618.8183634,-17,-11,-92
1747050618.8543634,-17,12,-2
1747050618.8893633,-7,50,-10
1747050618.9253633,-32,52,-50
1747050618.9603634,-80,-1,57
1747050618.9963634,-37,-64,-14
1747050619.0313632,-25,0,53
1747050619.066363,0,-66,79
1747050619.102363,80,27,81
1747050619.1373634,-50,-29,-22
1747050619.1733634,-19,-2,111
1747050619.2083633,94,47,-14
1747050619.2443633,-11,-48,-86
1747050619.280363,-47,25,5
1747050619.316363,-12,61,15
1747050619.3513634,55,-25,85
1747050619.3863633,53,54,-22
1747050619.4223633,37,40,-78
1747050619.4573634,39,13,-92
1747050619.4933634,-6,22,-64
1747050619.5283637,-42,-61,19
1747050619.5633633,-32,-30,91
1747050619.5983634,-2,39,67
1747050619.6343634,24,5,-18
1747050619.6703634,-16,2,49
1747050619.7053633,-62,-76,-118
1747050619.7413633,30,28,-64
1747050619.7763634,46,-11,23
1747050619.8113637,30,-33,61
1747050619.8463633,27,20,29
1747050619.882363,14,-75,37
1747050619.918363,-58,27,97
1747050619.9533634,0,-50,-100
1747050619.9893634,67,98,-116
1747050620.0243633,23,-39,-18
1747050620.0593634,21,14,-124
1747050620.0943637,-46,-19,-16
1747050620.1303637,22,22,37
1747050620.1663637,-28,-10,27
1747050620.201363,-98,-42,24
1747050620.237363,-50,-14,92
1747050620.2723634,-7,57,-121
1747050620.3073633,-57,-36,-75
1747050620.3423634,-11,-22,30
1747050620.3783634,112,99,74
1747050620.4143634,-3,73,-129
1747050620.4493637,49,41,30
1747050620.4853632,0,29,34
1747050620.520363,-44,7,-35
1747050620.5553634,-4,-61,22
1747050620.5903633,59,-61,-57
1747050620.6263633,-52,6,-55
1747050620.6623633,96,-25,112
1747050620.6973634,34,11,-5
1747050620.7333634,83,22,50
1747050620.7683637,10,-10,-85
1747050620.803363,-17,-42,-17
1747050620.8383634,-4,1,12
1747050620.8743634,33,-26,0
1747050620.9103634,66,29,-1
1747050620.9453633,-53,-6,32
1747050620.9813633,-70,25,-105
1747050621.0163634,42,7,-1
1747050621.0513637,33,-12,-21
1747050621.0863633,-58,10,28
1747050621.122363,-13,-45,98
1747050621.158363,3,76,-16
1747050621.1933634,5,-29,48
1747050621.2293634,-69,-14,94
1747050621.2643633,-27,-34,-5
1747050621.2993634,91,14,-37
1747050621.3343637,75,-9,-57
1747050621.3703637,38,21,-7
1747050621.4063632,8,5,48
1747050621.441363,11,8,2
1747050621.477363,-16,124,-13
1747050621.5123634,-52,-7,-89
1747050621.5473633,-4,-35,48
1747050621.5823634,47,-16,50
1747050621.6183634,54,-9,-115
1747050621.6543634,44,-75,-59
1747050621.6893632,58,41,10
1747050621.7253633,95,-85,4
1747050621.760363,-63,-64,56
1747050621.7953634,51,-30,84
1747050621.8303633,-23,2,-59
1747050621.8663633,14,24,32
1747050621.9023633,-42,-16,-31
1747050621.9373634,90,-18,-107
1747050621.9733634,41,75,12
1747050622.0083632,-47,9,14
1747050622.043363,16,58,-15
1747050622.0783634,24,-33,88
1747050622.1143634,79,-7,-11
1747050622.1503634,12,0,-81
1747050622.1853633,-11,37,-11
1747050622.2213633,-100,42,38
1747050622.2563634,-49,44,32
1747050622.2913637,-13,92,-73
1747050622.3273633,-24,45,-3
1747050622.362363,-4,19,-53
1747050622.3983634,-23,-36,60
1747050622.4333634,60,-16,2
1747050622.4693637,56,-68,52
1747050622.5043633,42,-38,18
1747050622.5393634,-55,-4,-13
1747050622.5753634,48,-34,-26
1747050622.6103632,16,22,27
1747050622.6463633,-17,-51,-22
1747050622.681363,-89,35,-36
1747050622.7173634,-74,-31,89
1747050622.7523634,-39,-5,-40
1747050622.7873633,-39,-117,23
1747050622.8233633,50,-13,-46
1747050622.8583634,6,-3,-32
1747050622.8943634,-4,-29,0
1747050622.9293633,-94,-47,-112
1747050622.9653633,-8,8,143
1747050623.000363,0,32,93
1747050623.0353634,-53,11,1
1747050623.0713634,21,16,-42
1747050623.1063633,4,6,-6
1747050623.1423633,-45,16,47
1747050623.1773634,52,26,51
1747050623.2133634,-76,-37,69
1747050623.2483633,-4,-45,-94
1747050623.283363,17,2,121
1747050623.3193634,-4,-59,23
1747050623.3543634,-17,41,-68
1747050623.3903637,-3,9,-42
1747050623.4253633,-5,49,-12
1747050623.4613633,48,-22,-112
1747050623.4963634,-65,-31,45
1747050623.5313632,-41,48,123
1747050623.5673633,-35,-43,-98
1747050623.602363,23,27,-42
1747050623.6383634,-54,2,33
1747050623.6733634,-34,32,47
1747050623.7093637,66,62,55
1747050623.7443633,63,30,-94
1747050623.7793634,15,18,-22
1747050623.8153634,33,-27,-84
1747050623.8503633,3,16,93
1747050623.8863633,11,9,99
1747050623.9213634,-68,20,45
1747050623.9573634,47,-51,63
1747050623.9933634,8,-18,-182
1747050624.0283637,32,75,-72
1747050624.0633633,53,3,37
1747050624.099363,64,1,-8
1747050624.135363,32,-6,-80
1747050624.1703634,-47,17,39
1747050624.2063634,22,73,5
1747050624.2413633,-19,31,41
1747050624.2763634,-24,-77,-8
1747050624.3113637,9,-79,75
1747050624.3473637,-16,30,-2
1747050624.3833632,85,68,-22
1747050624.418363,1,-13,23
1747050624.454363,-26,6,41
1747050624.4893634,3,-3,-80
1747050624.5243633,21,0,89
1747050624.5593634,95,-75,69
1747050624.5953634,31,-3,-60
1747050624.6313634,41,-49,65
1747050624.6663637,-39,-21,27
1747050624.7023633,-13,42,81
1747050624.737363,-43,-3,49
1747050624.7723634,-79,-61,-82
1747050624.8073633,-67,-35,65
1747050624.8433633,27,-33,-132
1747050624.8793633,65,46,35
1747050624.9143634,-60,9,59
1747050624.9503634,-15,-107,101
1747050624.9853632,4,49,59
1747050625.020363,-33,5,-12
1747050625.0553634,24,-37,-14
1747050625.0913634,-42,11,3
1747050625.1273634,-34,-25,-36
1747050625.1623633,-73,-36,97
1747050625.1983633,92,-74,-12
1747050625.2333634,-6,-30,-58
1747050625.2683637,-28,21,49
1747050625.303363,33,47,31
1747050625.339363,-82,-10,19
1747050625.375363,7,14,-120
1747050625.4103634,41,12,41
1747050625.4463634,71,7,141
1747050625.4813633,22,-13,47
1747050625.5163634,-32,-44,13
1747050625.5513637,-42,19,50
1747050625.5873632,-52,55,-179
1747050625.6233633,-61,21,84
1747050625.658363,-17,37,8
1747050625.6943634,-43,57,20
1747050625.7293634,-28,13,-109
1747050625.7643633,-33,9,-53
1747050625.7993634,33,27,-31
1747050625.8353634,-20,-6,-97
1747050625.8713634,-16,-10,-25
1747050625.9063632,32,35,154
1747050625.9423633,64,23,24
1747050625.977363,96,81,-63
1747050626.0123634,5,36,72
1747050626.0473633,-2,-37,34
1747050626.0833633,-16,37,144
1747050626.1193633,-124,18,56
1747050626.1543634,-17,-50,58
1747050626.1903634,33,-15,60
1747050626.2253633,37,-13,60
1747050626.260363,13,-29,-23
1747050626.2953634,41,18,98
1747050626.3313634,13,-43,86
1747050626.3673637,-42,-25,-37
1747050626.4023633,-42,-17,4
1747050626.4383633,-22,18,28
1747050626.4733634,67,-31,80
1747050626.5083632,25,18,-93
1747050626.543363,-84,-43,66
1747050626.579363,-24,30,34
1747050626.6153634,-34,-57,-55
1747050626.6503634,0,-12,-5
1747050626.6863637,0,33,-33
1747050626.7213633,-13,43,47
1747050626.7563634,72,9,-24
1747050626.7913637,-1,49,-41
1747050626.8273633,30,77,-11
1747050626.8633633,-11,-38,81
1747050626.8983634,-97,53,55
1747050626.9343634,8,-7,1
1747050626.9693637,11,-16,-54
1747050627.0043633,69,-10,29
1747050627.0403633,6,-22,9
1747050627.0753634,36,37,-14
1747050627.1113634,4,-18,61
1747050627.1463633,7,12,-48
1747050627.1823633,49,-7,-4
1747050627.2173634,43,-15,57
1747050627.2523634,28,-21,-1
1747050627.2883637,-6,-13,126
1747050627.3233633,-42,-37,50
1747050627.3593633,-64,-3,54
1747050627.3943634,-22,4,68
1747050627.4303634,43,12,73
1747050627.4653633,55,-71,-39
1747050627.500363,43,10,34
1747050627.5363634,-50,-11,87
1747050627.5713634,7,28,11
1747050627.6073637,30,-44,-16
1747050627.6423633,-14,-77,-35
1747050627.678363,-11,1,6
1747050627.7133634,-8,32,132
1747050627.7483633,46,-67,54
1747050627.7843633,-38,16,38
1747050627.826363,0,-65,-3
1747050627.8633633,-5,-54,-165
1747050627.8983634,12,-4,32
1747050627.9343634,40,17,-37
1747050627.9693637,39,28,-56
1747050628.0043633,-68,10,-91
1747050628.0403633,67,-16,70
1747050628.0753634,11,-10,62
1747050628.1113634,3,11,-109
1747050628.1463633,-26,-20,76
1747050628.1823633,-94,-60,-97
1747050628.2173634,-20,-20,15
1747050628.2523634,2,-87,-125
1747050628.2883637,22,40,-108
1747050628.3233633,52,38,-87
1747050628.3593633,33,-10,72
1747050628.3943634,0,-22,57
1747050628.4303634,-8,3,-91
1747050628.4653633,-34,15,111
1747050628.500363,63,-46,41
1747050628.5363634,83,29,109
1747050628.5713634,15,17,-38
1747050628.6073637,-33,44,61
1747050628.6423633,19,57,31
1747050628.6773634,19,13,0
1747050628.7123632,-18,24,-12
1747050628.7483633,-50,-1,66
1747050628.7843633,-84,-48,110
1747050628.8193634,-39,-88,66
1747050628.8553634,37,59,2
1747050628.8903637,-96,-46,7
1747050628.9253633,-10,19,17
1747050628.9603634,61,-24,9
1747050628.9963634,-45,34,57
1747050629.0323634,-1,-39,71
1747050629.0673633,44,48,-80
1747050629.1033633,52,42,11
1747050629.1383634,16,76,-22
1747050629.1733634,109,0,31
1747050629.2083633,66,-57,-16
1747050629.2443633,-13,-25,-2
1747050629.280363,-9,16,61
1747050629.3153634,-5,-7,81
1747050629.3513634,-29,84,-24
1747050629.3863633,19,77,101
1747050629.4213634,4,30,89
1747050629.4563634,38,0,-138
1747050629.4923637,48,-19,-51
1747050629.5283637,-22,-16,75
1747050629.5633633,12,-39,89
1747050629.599363,-83,64,-139
1747050629.6343634,-23,58,72
1747050629.6693633,-31,-33,-23
1747050629.704363,92,-3,-71
1747050629.7403634,-9,-67,92
1747050629.7763634,14,54,54
1747050629.8113637,-11,13,-49
1747050629.8473637,-43,53,40
1747050629.882363,34,-88,16
1747050629.9173634,-19,5,-55
1747050629.9523633,-66,24,90
1747050629.9883633,3,60,74
1747050630.0243633,-32,-23,-23
1747050630.0593634,-30,64,24
1747050630.0953634,41,-29,32
1747050630.1303637,-56,27,120
1747050630.1653633,67,-12,-87
1747050630.2003634,34,-40,148
1747050630.2363634,62,-16,70
1747050630.2723634,-73,25,158
1747050630.3073633,-41,-32,18
1747050630.3433633,10,-44,70
1747050630.3783634,5,-20,-70
1747050630.4133637,10,-68,28
1747050630.4483633,10,-20,10
1747050630.4843633,-30,-9,-77
1747050630.520363,58,5,66
1747050630.5553634,-61,-74,60
1747050630.5913634,-20,-1,-89
1747050630.6263633,-11,-14,90
1747050630.6613634,77,-26,18
1747050630.6963634,25,-34,14
1747050630.7323637,21,39,-85
1747050630.7683637,7,-50,26
1747050630.803363,27,-58,-77
1747050630.839363,23,22,66
1747050630.8743634,-64,-3,-97
1747050630.9093633,5,-33,40
1747050630.9443634,-6,-19,-37
1747050630.9803634,51,-9,-47
1747050631.0163634,-42,89,42
1747050631.0513637,-70,0,30
1747050631.0873632,51,-4,59
1747050631.122363,-74,-25,-108
1747050631.1573634,19,-43,-10
1747050631.1923633,-14,83,23
1747050631.2283633,-24,-4,-20
1747050631.2643633,-7,31,-4
1747050631.2993634,-37,3,112
1747050631.3353634,19,-43,47
1747050631.3703637,-26,52,151
1747050631.405363,7,8,24
1747050631.4403634,56,-31,14
1747050631.4763634,48,-5,-49
1747050631.5123634,18,-15,-61
1747050631.5473633,20,50,6
1747050631.5833633,59,-12,-49
1747050631.6183634,47,-2,30
1747050631.6533637,-12,27,34
1747050631.6893632,15,-18,-63
1747050631.724363,16,-42,-1
1747050631.760363,50,-10,-18
1747050631.7953634,-19,-36,-147
1747050631.8313634,-7,-51,120
1747050631.8663633,-41,76,14
1747050631.9013634,19,-3,-49
1747050631.9373634,63,16,90
1747050631.9723637,19,12,86
1747050632.0083632,-2,68,112
1747050632.043363,-68,-36,-49
1747050632.079363,-30,12,-49
1747050632.1143634,7,-87,-100
1747050632.1493633,27,60,-68
1747050632.1853633,-94,-31,101
1747050632.2203634,-57,-47,-28
1747050632.2563634,20,-23,-34
1747050632.2913637,104,-3,13
1747050632.3273633,42,-75,-58
1747050632.362363,14,30,13
1747050632.3973634,-6,62,-14
1747050632.4333634,-39,42,-120
1747050632.4683633,-21,-57,-102
1747050632.5043633,32,14,-138
1747050632.5393634,2,-25,67
1747050632.5753634,-34,32,23
1747050632.6103632,10,-78,109
1747050632.645363,68,13,15
1747050632.681363,26,-28,25
1747050632.7163634,-9,51,139
1747050632.7523634,-11,-54,-30
1747050632.7873633,154,15,125
1747050632.8233633,8,-44,33
1747050632.8583634,-59,-66,-22
1747050632.8933637,-1,15,31
1747050632.9293633,-3,-27,-68
1747050632.964363,-16,5,-98
1747050633.000363,86,-53,-14
1747050633.0353634,-3,-17,67
1747050633.0713634,29,58,119
1747050633.1063633,-4,28,97
1747050633.1413634,50,52,-122
1747050633.1773634,-80,-33,-38
1747050633.2123632,69,-41,13
1747050633.2483633,-16,-11,113
1747050633.283363,51,-1,-54
1747050633.3183634,-46,41,-38
1747050633.3533633,-18,-40,3
1747050633.3893633,-20,31,21
1747050633.4253633,-30,10,83
1747050633.4603634,3,-12,-76
1747050633.4963634,-23,-17,-108
1747050633.5313632,2,-13,5
1747050633.566363,76,-13,69
1747050633.6013634,-11,12,1
1747050633.6373634,70,18,-32
1747050633.6733634,-5,9,-54
1747050633.7083633,2,30,63
1747050633.7443633,-63,-1,-38
1747050633.7793634,14,-44,-96
1747050633.8143632,8,-66,-72
1747050633.849363,10,13,-28
1747050633.885363,-19,-8,-104
1747050633.9213634,22,-16,88
1747050633.9563634,-31,5,-3
1747050633.9923637,-7,-17,58
1747050634.0273633,-11,-25,24
1747050634.0623634,34,20,26
1747050634.0973637,-16,0,-23
1747050634.1333632,21,-7,4
1747050634.1693633,58,-71,-25
1747050634.204363,6,-19,16
1747050634.2403634,-33,-79,16
1747050634.2753634,-54,-21,-85
1747050634.3103633,-11,32,-53
1747050634.3453634,-74,0,-105
1747050634.3813634,60,-39,-209
1747050634.4173634,-115,-5,0
1747050634.4523633,4,-53,102
1747050634.4883633,-23,-1,28
1747050634.5233634,-15,-5,-85
1747050634.5583634,4,34,-65
1747050634.5933633,70,52,32
1747050634.6293633,-17,-61,86
1747050634.6653633,4,-2,70
1747050634.7003634,-1,-64,-51
1747050634.7363634,8,15,-19
1747050634.7713633,38,-29,-71
1747050634.806363,-37,-71,-13
1747050634.8413634,-51,22,-17
1747050634.8773634,-38,90,2
1747050634.9133637,-5,-37,-73
1747050634.9483633,-51,46,38
1747050634.9843633,-19,-29,94
1747050635.0193634,-46,34,20
1747050635.0543633,-114,-43,12
1747050635.089363,-28,-71,4
1747050635.125363,11,-17,72
1747050635.1613634,-30,-33,176
1747050635.1963634,-22,76,164
1747050635.2323637,-38,34,70
1747050635.2673633,-48,-89,22
1747050635.3023634,57,-23,54
1747050635.3373632,-22,-31,56
1747050635.3733633,71,-5,92
1747050635.4093633,15,62,32
1747050635.4443634,69,-39,114
1747050635.4803634,-30,-69,24
1747050635.5153637,-12,30,40
1747050635.5503633,-43,-57,-105
1747050635.5853634,67,-83,122
1747050635.6213634,9,2,14
1747050635.6573634,-8,2,38
1747050635.6923633,9,2,-129
1747050635.7283633,3,-29,44
1747050635.7633634,-15,-62,-39
1747050635.7983634,-8,74,16
1747050635.8333633,-16,-3,6
1747050635.8693633,-32,-35,178
1747050635.905363,-22,18,-39
1747050635.9403634,33,18,-45
1747050635.9763634,-5,-21,24
1747050636.0113633,8,-9,-45
1747050636.0463634,-11,68,-22
1747050636.0813634,-51,38,-89
1747050636.1173637,-21,-17,76
1747050636.1533637,4,-47,-83
1747050636.1883633,79,-63,-37
1747050636.224363,-36,38,82
1747050636.2593634,25,82,2
1747050636.2943633,-46,22,-115
1747050636.3303633,29,16,44
1747050636.3653634,4,61,16
1747050636.4013634,46,21,42
1747050636.4363637,72,37,-29
1747050636.4723637,-21,7,24
1747050636.507363,-24,46,44
1747050636.5423634,-51,-76,80
1747050636.5783634,-27,-32,-29
1747050636.6133633,84,-50,42
1747050636.6493633,-47,-35,100
1747050636.6843634,14,13,20
1747050636.7203634,56,1,102
1747050636.7553637,-3,35,26
1747050636.7903633,0,19,30
1747050636.826363,-61,33,32
1747050636.8613634,-4,-11,-29
1747050636.8973634,-46,-79,168
1747050636.9323633,14,17,-27
1747050636.9683633,-32,18,-97
1747050637.0033634,-41,39,-7
1747050637.0383637,-41,71,18
1747050637.0743637,8,-20,-67
1747050637.1093633,-77,-52,-65
1747050637.145363,114,61,-1
1747050637.1803634,62,-26,62
1747050637.2163634,-66,1,128
1747050637.2513633,-9,29,14
1747050637.2863634,24,37,28
1747050637.3223634,-105,-88,46
1747050637.3573637,30,-76,18
1747050637.3933637,1,-43,-12
1747050637.428363,10,7,166
1747050637.464363,3,-10,-10
1747050637.4993634,-28,-64,81
1747050637.5343633,11,3,-45
1747050637.5703633,-20,26,62
1747050637.6053634,53,-23,80
1747050637.6413634,25,18,-7
1747050637.6763637,1,0,34
1747050637.7123632,7,20,-71
1747050637.747363,43,14,28
1747050637.7823634,-24,50,-25
1747050637.8183634,17,-51,68
1747050637.8603632,9,-5,10
1747050637.8973634,52,-4,-33
1747050637.9323633,44,-8,-27
1747050637.9673634,37,8,-84
1747050638.0023634,-21,39,-33
1747050638.0383637,-49,7,-38
1747050638.0743637,14,15,45
1747050638.1093633,-1,13,49
1747050638.145363,-48,-99,21
1747050638.1803634,17,6,37
1747050638.2153633,28,24,49
1747050638.250363,5,64,111
1747050638.2863634,-37,-6,-16
1747050638.3223634,-16,-3,39
1747050638.3573637,-34,-1,-38
1747050638.3933637,81,44,-164
1747050638.428363,-6,48,-2
1747050638.4633634,29,26,31
1747050638.4983633,-11,43,-130
1747050638.5343633,48,-24,-64
1747050638.5703633,-60,-19,0
1747050638.6053634,-85,-29,-48
1747050638.6413634,19,-63,93
1747050638.6763637,41,-41,-74
1747050638.7113633,-43,-19,-28
1747050638.7463634,-11,-41,-74
1747050638.7823634,17,-41,165
1747050638.8183634,8,43,153
1747050638.8533633,-5,57,-18
1747050638.8893633,52,-25,-36
1747050638.9243634,-61,-81,-56
1747050638.9593637,-35,-4,-16
1747050638.9943633,34,-36,21
1747050639.030363,-25,-6,-24
1747050639.066363,10,-40,-44
1747050639.1013634,-1,4,29
1747050639.1373634,28,36,-18
1747050639.1723633,77,56,-132
1747050639.2073634,-12,-39,77
1747050639.2423637,30,-61,-12
1747050639.2783637,1,-2,17
1747050639.3143632,2,-57,-12
1747050639.349363,64,50,31
1747050639.385363,-39,-21,57
1747050639.4203634,38,-27,8
1747050639.4553633,-29,-45,130
1747050639.4903634,-1,60,34
1747050639.5263634,38,-3,-48
1747050639.5623634,-4,36,40
1747050639.5973637,-30,33,-25
1747050639.6333632,19,8,150
1747050639.668363,-56,36,-25
1747050639.7033634,13,38,-73
1747050639.7383633,101,21,-43
1747050639.7743633,-25,82,-17
1747050639.8103633,-49,-13,-47
1747050639.8453634,69,-24,48
1747050639.8813634,-24,21,-33
1747050639.9163637,19,-34,10
1747050639.951363,4,-5,10
1747050639.9863634,15,43,-23
1747050640.0223634,-2,-26,24
1747050640.0583634,33,0,-35
1747050640.0933633,-96,-39,-47
1747050640.1293633,-8,-33,10
1747050640.1643634,-8,-133,120
1747050640.201363,13,66,30
1747050640.2363634,71,-64,82
1747050640.2713633,-64,42,26
1747050640.306363,17,-19,-133
1747050640.3423634,-22,-9,50
1747050640.3783634,39,56,-57
1747050640.4133637,31,-83,4
1747050640.4493637,23,13,67
1747050640.4843633,0,-38,120
1747050640.5193634,-28,-76,-103
1747050640.5543633,-28,-13,-151
1747050640.5903633,29,27,-53
1747050640.6263633,-28,-10,-33
1747050640.6613634,29,-15,-33
1747050640.6973634,48,-64,-79
1747050640.7323637,-29,-96,34
1747050640.7673633,-25,29,98
1747050640.8023634,-15,-33,18
1747050640.8383634,-27,-29,6
1747050640.8743634,0,-52,-21
1747050640.9093633,4,-12,-101
1747050640.9453633,0,-13,10
1747050640.9803634,-31,0,44
1747050641.0153637,31,-83,22
1747050641.0513637,-30,52,16
1747050641.0863633,57,8,40
1747050641.122363,-54,4,-13
1747050641.1573634,77,50,58
1747050641.1933634,-14,52,52
1747050641.2283633,67,-38,-65
1747050641.2633634,-44,-14,-1
1747050641.2993634,-18,-30,38
1747050641.3343637,-73,-27,-19
1747050641.3703637,5,-78,54
1747050641.405363,-45,-39,8
1747050641.441363,10,-46,142
1747050641.4763634,-29,7,136
1747050641.5113633,-1,-38,32
1747050641.5473633,-38,0,-155
1747050641.5823634,16,18,-5
1747050641.6183634,-36,17,-6
1747050641.6533637,49,-9,-6
1747050641.6893632,-24,63,41
1747050641.724363,36,-43,22
1747050641.7593634,-63,62,-67
1747050641.7953634,-28,0,-96
1747050641.8303633,-68,-5,21
1747050641.8663633,-52,28,-82
1747050641.9013634,13,18,7
1747050641.9373634,21,-37,-10
1747050641.9723637,50,-9,-68
1747050642.007363,-93,-15,-38
1747050642.043363,-1,-95,-46
1747050642.0783634,23,11,91
1747050642.1143634,-4,29,-83
1747050642.1493633,1,19,-87
1747050642.1853633,21,41,-100
1747050642.2203634,-4,70,-13
1747050642.2553637,58,-15,105
1747050642.2913637,-36,-70,169
1747050642.326363,-36,37,-42
1747050642.362363,93,50,54
1747050642.3973634,-22,94,-79
1747050642.4333634,-82,0,150
1747050642.4683633,47,-35,117
1747050642.5033634,-8,34,89
1747050642.5393634,14,28,67
1747050642.5743637,18,60,42
1747050642.6103632,-57,-109,-59
1747050642.645363,-45,-47,80
1747050642.6803634,-7,-3,-7
1747050642.7153633,54,16,-17
1747050642.7513633,-25,96,-45
1747050642.7873633,0,53,-41
1747050642.8223634,53,-42,-69
1747050642.8583634,1,-16,-5
1747050642.8933637,5,6,36
1747050642.928363,-16,16,8
1747050642.9633634,16,7,84
1747050642.9993634,70,-44,18
1747050643.0353634,20,-16,78
1747050643.0703633,-9,21,58
1747050643.1063633,39,-43,26
1747050643.1413634,30,-50,-45
1747050643.1763637,-44,-25,-107
1747050643.2113633,-9,-61,-39
1747050643.247363,-29,24,20
1747050643.283363,-31,-33,-1
1747050643.3183634,-57,90,-1
1747050643.3543634,-45,-5,67
1747050643.3893633,-53,76,120
1747050643.4243634,-9,86,-12
1747050643.4593637,-15,2,12
1747050643.4953637,40,-43,-3
1747050643.5313632,-17,-29,-95
1747050643.566363,-9,30,-11
1747050643.602363,-11,4,28
1747050643.6373634,-45,-41,4
1747050643.6723633,-94,15,6
1747050643.7073634,21,-32,-107
1747050643.7433634,-22,-78,-1
1747050643.7793634,19,-6,-3
1747050643.8143632,17,31,100
1747050643.8503633,0,-30,10
1747050643.885363,-12,-27,4
1747050643.9203634,9,16,144
1747050643.9553633,-13,11,-5
1747050643.9913633,10,53,84
1747050644.0273633,18,49,0
1747050644.0623634,50,4,-74
1747050644.0983634,-2,11,-68
1747050644.1333632,-9,28,-43
1747050644.168363,18,-29,-9
1747050644.2033634,-13,16,73
1747050644.2393634,87,15,77
1747050644.2753634,23,2,-56
1747050644.3103633,3,-14,-30
1747050644.3463633,33,-39,-20
1747050644.3813634,-76,-57,-2
1747050644.4163637,-44,14,123
1747050644.451363,21,7,17
1747050644.487363,-48,-8,-173
1747050644.5233634,-29,0,36
1747050644.5583634,-77,-13,-3
1747050644.5943637,-16,26,94
1747050644.6293633,22,20,74
1747050644.6643634,-53,-81,36
1747050644.6993637,49,0,-97
1747050644.7353632,79,-11,90
1747050644.7713633,41,-79,32
1747050644.806363,79,22,20
1747050644.8423634,25,-9,68
1747050644.8773634,-49,3,-39
1747050644.9123633,31,-49,-3
1747050644.9473634,5,73,4
1747050644.9833634,-4,-22,10
1747050645.0193634,-54,-68,-51
1747050645.0543633,-20,54,86
1747050645.0903633,-61,-32,-125
1747050645.125363,-22,28,70
1747050645.1603634,37,34,-5
1747050645.1953633,-80,60,70
1747050645.2313633,29,62,66
1747050645.2673633,14,-14,38
1747050645.3023634,12,-90,-75
1747050645.3383634,32,75,-41
1747050645.3733633,-51,73,-43
1747050645.408363,78,43,22
1747050645.4433634,22,-32,110
1747050645.4793634,-59,104,-57
1747050645.5153637,-10,37,44
1747050645.5503633,81,-29,18
1747050645.5863633,-2,-17,56
1747050645.6213634,41,18,35
1747050645.6563632,63,6,3
1747050645.6923633,-32,-34,39
1747050645.727363,-25,-25,109
1747050645.7633634,60,1,13
1747050645.7983634,-45,13,69
1747050645.8343637,76,49,93
1747050645.8693633,38,-50,-16
1747050645.9043634,3,-56,-104
1747050645.9403634,13,-28,-5
1747050645.9753633,-46,-44,34
1747050646.0113633,-43,23,-20
1747050646.0463634,-1,-43,-46
1747050646.0823634,14,9,-4
1747050646.1173637,-27,-26,-56
1747050646.1523633,-3,31,-72
1747050646.1883633,-25,13,127
1747050646.2233634,-11,62,77
1747050646.2593634,-47,44,-70
1747050646.2943633,-5,38,63
1747050646.3303633,-13,-29,17
1747050646.3653634,-60,68,-34
1747050646.4003634,25,-56,-18
1747050646.4363637,27,20,-46
1747050646.4713633,-2,-11,29
1747050646.507363,13,-52,-52
1747050646.5423634,27,15,-50
1747050646.5783634,-12,22,-20
1747050646.6133633,-11,-90,91
1747050646.6483634,-45,28,13
1747050646.6843634,-72,9,99
1747050646.7193637,-56,-40,-6
1747050646.7553637,-38,19,59
1747050646.7903633,23,0,108
1747050646.826363,65,56,-21
1747050646.8613634,-60,-9,-36
1747050646.8963633,-10,-7,50
1747050646.9323633,-40,28,62
1747050646.9673634,-19,49,72
1747050647.0033634,-33,29,170
1747050647.0383637,7,-28,20
1747050647.0743637,59,-20,148
1747050647.1093633,-49,-90,122
1747050647.1443634,40,52,6
1747050647.1803634,46,-19,-83
1747050647.2153633,-3,-35,24
1747050647.2513633,0,-23,2
1747050647.2863634,33,-43,-1
1747050647.3223634,33,0,2
1747050647.3583634,31,18,-65
1747050647.3933637,23,-29,40
1747050647.428363,39,-18,12
1747050647.464363,-8,-18,-73
1747050647.500363,29,-86,-9
1747050647.5353634,-4,24,70
1747050647.5713634,-52,31,-15
1747050647.6063633,-9,22,-23
1747050647.6413634,34,130,54
1747050647.6763637,-40,0,36
1747050647.7123632,12,-5,-57
1747050647.7483633,80,26,54
1747050647.783363,-5,-23,110
1747050647.8193634,29,-7,52
1747050958.5673633,84,-11,-12
1747050958.6033633,54,3,-8
1747050958.6393633,4,-4,45
1747050958.6743634,30,21,-12
1747050958.7103634,19,-1,-64
1747050958.7453637,-24,-91,61
1747050958.7813632,79,44,-38
1747050958.816363,-3,-19,115
1747050958.8513634,-32,-13,-38
1747050958.8873634,29,-17,73
1747050958.9223633,-16,-85,13
1747050958.9583633,0,-22,37
1747050958.9933634,-20,6,-73
1747050959.0293634,8,9,54
1747050959.0643632,48,13,-85
1747050959.099363,0,69,82
1747050959.135363,14,64,-15
1747050959.1703634,12,-7,-41
1747050959.2063634,-7,85,-193
1747050959.2413633,58,29,70
1747050959.2773633,60,43,-81
1747050959.3123634,14,-100,-17
1747050959.3473637,-20,-18,62
1747050959.3833632,-39,79,-33
1747050959.418363,-87,-2,110
1747050959.454363,-9,33,2
1747050959.4893634,20,7,-43
1747050959.5253634,-97,-6,56
1747050959.5603633,-65,-76,-21
1747050959.5953634,30,-40,72
1747050959.6313634,-81,81,-5
1747050959.6663637,-23,-76,24
1747050959.7023633,52,-16,-29
1747050959.737363,85,-13,34
1747050959.7733634,-35,16,44
1747050959.8083634,-1,-33,-95
1747050959.8433633,72,-35,86
1747050959.8793633,42,-60,82
1747050959.9143634,104,-15,-45
1747050959.9503634,-60,-39,-35
1747050959.9853632,-4,-51,148
1747050960.0213633,9,32,-103
1747050960.056363,39,36,92
1747050960.0913634,-54,-25,72
1747050960.1273634,63,32,-24
1747050960.1623633,47,67,-105
1747050960.1983633,-13,11,46
1747050960.2333634,-13,21,-14
1747050960.2693634,56,23,-31
1747050960.3053634,-29,-66,34
1747050960.3403633,-85,-62,192
1747050960.375363,-51,-58,142
1747050960.4113634,-27,-26,-18
1747050960.4473634,28,15,62
1747050960.4823637,10,67,70
1747050960.5183637,-19,-54,26
1747050960.553363,92,30,114
1747050960.5883634,-21,24,46
1747050960.6233633,63,-20,152
1747050960.6593633,25,7,38
1747050960.6953633,60,-21,80
1747050960.7303634,0,-45,90
1747050960.7663634,0,-113,42
1747050960.8013637,61,70,78
1747050960.8363633,-70,-19,-43
1747050960.8713634,-77,71,52
1747050960.9073634,-21,-64,-145
1747050960.9433634,8,-58,20
1747050960.9783633,0,-46,54
1747050961.0143633,11,-77,-17
1747050961.0493634,-79,-13,46
1747050961.0843637,134,-47,78
1747050961.1193633,-93,-43,112
1747050961.155363,-91,-33,54
1747050961.191363,16,64,-3
1747050961.2263634,26,-15,-67
1747050961.2623634,18,16,-25
1747050961.2973633,0,24,-23
1747050961.3323634,50,20,-5
1747050961.3673637,-13,22,-49
1747050961.4033637,20,-7,0
1747050961.4393632,-19,-4,17
1747050961.474363,24,0,-68
1747050961.510363,36,108,145
1747050961.5453634,18,30,14
1747050961.5803633,26,-36,14
1747050961.6153634,-7,1,4
1747050961.6513634,24,5,65
1747050961.6873634,8,-40,-71
1747050961.7223637,12,-18,-10
1747050961.7583632,-57,-18,-76
1747050961.793363,16,-20,-78
1747050961.8283634,-28,-32,24
1747050961.8633633,20,-32,-43
1747050961.8993633,34,75,-103
1747050961.9353633,-67,-80,10
1747050961.9703634,5,-40,54
1747050962.0063634,37,-26,68
1747050962.0413637,74,-85,40
1747050962.076363,-43,31,49
1747050962.1113634,122,33,-13
1747050962.1473634,-87,55,-27
1747050962.1833634,-39,55,-45
1747050962.2183633,25,4,6
1747050962.2543633,-53,94,-79
1747050962.2893634,38,-21,14
1747050962.3243637,-13,-61,16
1747050962.3593633,-20,45,22
1747050962.395363,21,41,16
1747050962.431363,-88,17,14
1747050962.4663634,33,23,50
1747050962.5023634,-58,27,102
1747050962.5373633,9,9,6
1747050962.5723634,117,54,142
1747050962.6073637,-8,-55,114
1747050962.6433637,81,-7,-85
1747050962.6793633,4,-38,46
1747050962.714363,42,-44,0
1747050962.750363,-33,-14,22
1747050962.7853634,-97,-28,80
1747050962.8203633,26,-77,-27
1747050962.8553634,-21,5,-51
1747050962.8913634,-13,69,86
1747050962.9273634,42,19,7
1747050962.9623632,-27,-6,-120
1747050962.9983633,-15,-50,35
1747050963.033363,84,-28,-72
1747050963.0683634,-35,-30,105
1747050963.1033633,-71,19,59
1747050963.1393633,-23,-70,8
1747050963.1753633,50,33,22
1747050963.2103634,-69,-37,-16
1747050963.2463634,-21,22,-98
1747050963.2813632,1,-16,-52
1747050963.316363,89,-48,-60
1747050963.352363,33,25,-126
1747050963.3873634,-66,0,-71
1747050963.4233634,63,57,124
1747050963.4583633,45,13,-25
1747050963.4943633,7,-38,-25
1747050963.5293634,53,33,-15
1747050963.5643632,-2,55,-66
1747050963.6003633,-30,-10,45
1747050963.635363,61,71,11
1747050963.6713634,-14,-22,109
1747050963.7063634,17,-18,7
1747050963.7423637,-50,33,-74
1747050963.7773633,93,-44,9
1747050963.8123634,-61,-41,-6
1747050963.8483634,102,45,-2
1747050963.8833632,17,17,15
1747050963.9193633,-6,-42,-124
1747050963.954363,11,-14,-54
1747050963.9903634,-30,17,35
1747050964.0253634,-44,-56,3
1747050964.0603633,27,-26,29
1747050964.0963633,-37,32,-130
1747050964.1313634,58,27,90
1747050964.1673634,32,37,18
1747050964.2023633,-59,25,-37
1747050964.2383633,-25,-40,76
1747050964.2733634,-11,-8,-33
1747050964.3083634,28,5,70
1747050964.3443637,-96,-81,-19
1747050964.3793633,-41,87,87
1747050964.4153633,-41,19,-53
1747050964.4503634,102,-80,-41
1747050964.4863634,12,-50,-35
1747050964.5213633,-11,-72,102
1747050964.556363,-7,-4,-1
1747050964.5923634,-55,51,-95
1747050964.6273634,14,-14,-39
1747050964.6633637,-135,-18,74
1747050964.6983633,-1,21,124
1747050964.7343633,26,-86,-3
1747050964.7693634,-97,29,48
1747050964.8043633,56,-84,54
1747050964.8403633,-3,-66,-5
1747050964.875363,28,37,-77
1747050964.9113634,66,-32,-41
1747050964.9463634,-29,-6,154
1747050964.9813633,-23,7,-71
1747050965.0163634,-32,-44,-97
1747050965.0523634,50,-8,-89
1747050965.0883634,8,53,-55
1747050965.1233633,80,73,144
1747050965.1593633,-15,-31,-15
1747050965.1943634,24,-57,30
1747050965.2313633,68,6,-33
1747050965.2663634,6,1,16
1747050965.3013637,-33,52,-159
1747050965.3363633,-19,40,-121
1747050965.372363,-20,-12,80
1747050965.408363,-43,-7,10
1747050965.4433634,44,43,12
1747050965.4793634,4,-10,90
1747050965.5143633,42,39,-25
1747050965.5493634,60,65,-17
1747050965.5843637,30,55,-111
1747050965.6203637,-33,67,-57
1747050965.6563632,-15,-48,-9
1747050965.691363,6,-8,10
1747050965.727363,2,8,22
1747050965.7623634,90,0,48
1747050965.7973633,30,-31,-13
1747050965.8323634,-83,-13,-1
1747050965.8683634,-45,-13,138
1747050965.9043634,-107,54,50
1747050965.9393632,16,-23,95
1747050965.9753633,-17,22,-18
1747050966.010363,58,-17,-16
1747050966.0453634,51,-88,33
1747050966.0803633,63,-57,21
1747050966.1163633,-65,-38,123
1747050966.1523633,14,-38,13
1747050966.1873634,-56,-47,-44
1747050966.2233634,21,100,-6
1747050966.2583632,-9,11,141
1747050966.293363,-75,-4,-40
1747050966.3283634,30,-2,13
1747050966.3643634,39,-15,-106
1747050966.4003634,72,-19,23
1747050966.4353633,122,46,57
1747050966.4713633,66,-61,-122
1747050966.5063634,-50,-45,51
1747050966.5413637,59,15,107
1747050966.576363,-30,-58,-38
1747050966.612363,-50,25,31
1747050966.6483634,109,-22,21
1747050966.6833634,-50,-18,55
1747050966.7193637,-14,-30,31
1747050966.7543633,-19,-10,86
1747050966.7893634,56,5,-5
1747050966.8243637,-26,81,30
1747050966.8603632,39,71,-107
1747050966.8963633,-20,-10,6
1747050966.931363,-36,53,30
1747050966.9673634,-15,-14,-47
1747050967.0023634,-47,63,-13
1747050967.0373633,-16,23,124
1747050967.0723634,35,-32,-21
1747050967.1083634,-72,59,-25
1747050967.1443634,-83,17,42
1747050967.1793633,-21,-40,88
1747050967.2153633,18,-48,-45
1747050967.250363,50,3,-65
1747050967.2853634,-57,19,-83
1747050967.3203633,88,-56,58
1747050967.3563633,69,-38,-143
1747050967.3923633,43,-22,40
1747050967.4273634,7,39,36
1747050967.4633634,-65,21,32
1747050967.4983633,67,12,60
1747050967.533363,3,14,-53
1747050967.5683634,0,80,-16
1747050967.6043634,-58,44,47
1747050967.6403637,5,-19,-75
1747050967.6753633,-42,8,-50
1747050967.7113633,73,0,-19
1747050967.7463634,29,-15,-33
1747050967.7813632,21,60,29
1747050967.8173633,26,-2,50
1747050967.852363,-42,10,16
1747050967.8883634,0,-73,16
1747050967.9233634,15,38,40
1747050967.9593637,60,-4,-7
1747050967.9943633,76,19,150
1747050968.0293634,-3,31,-19
1747050968.0653634,-41,-14,12
1747050968.1003633,7,-4,24
1747050968.1363633,39,-86,-25
1747050968.1713634,-20,-42,0
1747050968.2073634,-56,-58,88
1747050968.2423637,16,-39,46
1747050968.2773633,-37,3,95
1747050968.3133633,0,32,-70
1747050968.3483634,-67,-4,49
1747050968.3843634,-47,-32,23
1747050968.4193633,-24,32,-44
1747050968.4553633,0,4,-10
1747050968.4903634,-28,-77,63
1747050968.5253634,73,-45,-32
1747050968.5613637,63,53,-4
1747050968.6033633,55,-22,87
1747050968.6403635,-23,5,45
1747050968.6753633,-29,30,-48
1747050968.7113633,34,7,45
1747050968.7463634,-56,-42,15
1747050968.7813632,19,0,85
1747050968.8173633,153,21,3
1747050968.8523633,-20,-10,49
1747050968.8883634,-22,29,53
1747050968.9233634,-54,3,33
1747050968.9593635,7,-31,-104
1747050968.9943633,39,80,-84
1747050969.0293634,-24,34,11
1747050969.0653634,-16,81,-124
1747050969.1003633,5,39,-20
1747050969.1363633,78,47,-60
1747050969.1713634,20,-4,22
1747050969.2073634,77,-11,26
1747050969.2423635,-70,-47,48
1747050969.2773633,14,-36,-65
1747050969.3133633,-42,-23,84
1747050969.3483634,-26,-15,44
1747050969.3843634,-20,44,-1
1747050969.4193633,-24,26,60
1747050969.4553633,19,-4,-9
1747050969.4903634,-11,-22,50
1747050969.5253634,20,-4,170
1747050969.5613635,40,3,46
1747050969.5963633,-6,-34,-17
1747050969.6323633,-12,93,54
1747050969.6673634,-88,45,30
1747050969.7023633,79,25,64
1747050969.7373633,38,-64,164
1747050969.7733634,-33,-8,44
1747050969.8093634,63,6,32
1747050969.8443635,32,-42,-27
1747050969.8803635,17,25,-21
1747050969.9153633,23,12,-31
1747050969.9503634,-48,-13,32
1747050969.9853632,34,7,-9
1747050970.0213633,40,11,52
1747050970.0573633,28,-79,116
1747050970.0923634,-16,-79,-85
1747050970.1283634,3,39,-23
1747050970.1633635,-18,38,-107
1747050970.1983633,22,-3,44
1747050970.2333634,-1,-8,36
1747050970.2693634,-49,-121,84
1747050970.3053634,54,36,-83
1747050970.3403633,-5,-45,-27
1747050970.3763633,-3,34,16
1747050970.4113634,-21,-7,-15
1747050970.4463634,-77,-21,74
1747050970.4813633,46,65,20
1747050970.5173633,-9,17,124
1747050970.5533633,-29,-19,84
1747050970.5883634,64,18,56
1747050970.6243634,-6,-21,-63
1747050970.6593633,14,20,36
1747050970.6943634,-29,18,39
1747050970.7293634,-43,44,76
1747050970.7653635,-33,86,-25
1747050970.8013635,52,-49,-73
1747050970.8363633,40,42,44
1747050970.8723633,42,-15,-97
1747050970.9073634,-27,0,-3
1747050970.9423633,22,5,32
1747050970.9773633,-7,-6,0
1747050971.0133634,-35,11,10
1747050971.0493634,60,-32,36
1747050971.0843635,66,-16,48
1747050971.1203635,-13,35,-123
1747050971.1553633,36,45,-3
1747050971.1903634,29,-1,-31
1747050971.2253633,25,24,28
1747050971.2613633,-69,9,-37
1747050971.2973633,39,48,-3
1747050971.3323634,-9,-70,-31
1747050971.3683634,14,19,36
1747050971.4033635,44,-36,-1
1747050971.4383633,2,-22,-15
1747050971.4733634,-52,46,-19
1747050971.5093634,-24,-99,-31
1747050971.5453634,1,-1,2
1747050971.5803633,26,27,-39
1747050971.6163633,23,4,49
1747050971.6513634,-10,-11,61
1747050971.6863635,-18,-19,-43
1747050971.7213633,-58,-59,6
1747050971.7573633,41,26,23
1747050971.7933633,26,27,-2
1747050971.8283634,28,-92,28
1747050971.8643634,-53,-52,61
1747050971.8993633,-11,25,-142
1747050971.9343634,-52,-7,-16
1747050971.9693635,4,-16,-30
1747050972.0053635,-4,-7,19
1747050972.0413635,13,-31,-100
1747050972.0763633,3,102,-87
1747050972.1123633,19,-37,72
1747050972.1473634,-53,1,46
1747050972.1823633,48,9,-95
1747050972.2173634,30,29,84
1747050972.2533634,2,5,-39
1747050972.2893634,51,64,-75
1747050972.3243635,17,-149,24
1747050972.3603632,-116,-67,-39
1747050972.3953633,61,-7,68
1747050972.4303634,-62,-5,-105
1747050972.4653633,64,5,-97
1747050972.5013633,-63,-12,-67
1747050972.5373633,-17,49,-39
1747050972.5723634,-65,-4,-37
1747050972.6083634,-41,-32,52
1747050972.6433635,-31,57,50
1747050972.6783633,-33,23,48
1747050972.7143633,62,-43,-57
1747050972.7493634,50,70,32
1747050972.7853634,-44,-55,2
1747050972.8203633,-36,-21,40
1747050972.8563633,-28,-37,-33
1747050972.8913634,-58,-79,48
1747050972.9263635,-6,4,44
1747050972.9623632,14,-5,14
1747050972.9973633,-21,26,-5
1747050973.0333633,22,-27,-55
1747050973.0683634,68,82,78
1747050973.1043634,-25,-16,28
1747050973.1393633,42,-26,98
1747050973.1743634,32,13,-39
1747050973.2103634,28,-16,-14
1747050973.2453635,52,43,165
1747050973.2813632,24,17,69
1747050973.3163633,-9,19,51
1747050973.3523633,44,-36,-30
1747050973.3873634,-63,77,39
1747050973.4223633,34,9,71
1747050973.4583633,40,-59,-84
1747050973.4933634,-45,-1,-6
1747050973.5293634,-15,10,-52
1747050973.5643632,22,46,5
1747050973.6003633,-5,14,-74
1747050973.6353633,23,2,35
1747050973.6703634,28,-34,103
1747050973.7063634,6,-16,-54
1747050973.7413633,12,46,0
1747050973.7773633,-19,-39,53
1747050973.8123634,46,-39,23
1747050973.8483634,-37,80,85
1747050973.8833632,60,-1,-26
1747050973.9183633,-5,14,25
1747050973.9543633,-69,18,-66
1747050973.9893634,52,-61,-32
1747050974.0253634,-15,-33,-80
1747050974.0603633,-13,10,-22
1747050974.0963633,54,40,-12
1747050974.1313634,-75,-35,-31
1747050974.1663635,-14,8,63
1747050974.2023633,73,30,55
1747050974.2373633,-34,16,12
1747050974.2733634,-64,-17,-32
1747050974.3083634,-36,-47,-90
1747050974.3453634,59,-17,-72
1747050974.3803635,-61,49,81
1747050974.4153633,-11,-36,44
1747050974.4503634,-21,47,37
1747050974.4863634,-1,-62,25
1747050974.5223634,12,-32,-82
1747050974.5573633,47,-69,55
1747050974.5933633,30,47,-104
1747050974.6283634,-41,4,15
1747050974.6633635,12,-13,65
1747050974.6983633,-15,-6,74
1747050974.7343633,78,-36,13
1747050974.7703633,44,-156,0
1747050974.8053634,-19,-3,64
1747050974.8413634,-56,-65,38
1747050974.8763633,-36,-41,-79
1747050974.9113634,45,64,20
1747050974.9463634,-50,-41,-189
1747050974.9823635,39,-59,130
1747050975.0183635,5,20,-15
1747050975.0533633,1,58,24
1747050975.0893633,-52,90,-1
1747050975.1243634,19,-49,-35
1747050975.1593633,-60,66,51
1747050975.1943634,-12,40,4
1747050975.2303634,17,28,0
1747050975.2663634,83,-19,-95
1747050975.3013635,-75,-38,14
1747050975.3373632,4,0,28
1747050975.3723633,23,2,-5
1747050975.4073634,-102,-7,-13
1747050975.4423633,13,-31,-11
1747050975.4783633,-6,-79,-7
1747050975.5143633,-3,-40,42
1747050975.5493634,70,-2,72
1747050975.5853634,-51,53,-3
1747050975.6203635,-23,25,4
1747050975.6553633,-27,-26,-41
1747050975.6903634,28,31,-17
1747050975.7263634,32,-24,20
1747050975.7623634,26,-10,120
1747050975.7973633,18,-86,-27
1747050975.8333633,-19,9,88
1747050975.8683634,54,-56,-29
1747050975.9033635,42,10,-17
1747050975.9383633,-97,-6,106
1747050975.9743633,0,3,136
1747050976.0103633,88,37,-13
1747050976.0453634,88,13,70
1747050976.0813634,-66,-21,-65
1747050976.1163633,-19,40,56
1747050976.1513634,16,-4,66
1747050976.1863635,50,-79,-7
1747050976.2223635,28,40,-39
1747050976.2583632,2,-28,42
1747050976.2933633,46,-28,-1
1747050976.3293633,-3,19,14
1747050976.3643634,-7,-30,28
1747050976.3993633,-28,44,4
1747050976.4343634,-2,32,84
1747050976.4703634,-20,-45,-31
1747050976.5063634,48,-66,-5
1747050976.5413635,-2,82,100
1747050976.5773633,56,-26,60
1747050976.6123633,10,-12,-33
1747050976.6473634,48,27,74
1747050976.6823633,-41,-60,2
1747050976.7183633,-29,15,12
1747050976.7543633,-43,5,-43
1747050976.7893634,6,41,29
1747050976.8253634,20,-73,55
1747050976.8603632,-7,-14,28
1747050976.8953633,80,-34,32
1747050976.9303634,-11,27,84
1747050976.9663634,8,-56,54
1747050977.0023634,-86,26,-48
1747050977.0373633,-63,-11,91
1747050977.0733633,-69,-29,26
1747050977.1083634,40,48,2
1747050977.1433635,36,20,59
1747050977.1793633,8,-81,8
1747050977.2143633,-71,18,47
1747050977.2503633,9,-52,-19
1747050977.2853634,-82,17,-9
1747050977.3213634,23,-6,3
1747050977.3563633,40,16,4
1747050977.3913634,-17,-33,-19
1747050977.4273634,-77,-4,-109
1747050977.4623632,4,16,-49
1747050977.4983633,-47,16,-15
1747050977.5333633,-9,-7,-127
1747050977.5693634,-21,5,-19
1747050977.6043634,14,-18,-29
1747050977.6393633,-7,-42,-35
1747050977.6753633,56,-10,96
1747050977.7103634,32,13,-23
1747050977.7463634,104,51,-173
1747050977.7813632,6,-36,-119
1747050977.8173633,50,-14,56
1747050977.8523633,-44,115,70
1747050977.8873634,-17,55,-5
1747050977.9233634,-19,25,24
1747050977.9583633,-63,65,82
1747050977.9943633,38,-22,-123
1747050978.0293634,2,12,12
1747050978.0653634,-4,9,30
1747050978.1003633,8,41,28
1747050978.1353633,-72,31,-9
1747050978.1713634,-68,-90,-13
1747050978.2063634,11,39,-52
1747050978.2423635,57,30,38
1747050978.2773633,-41,25,92
1747050978.3133633,41,-37,-19
1747050978.3483634,-54,9,18
1747050978.3833632,-51,59,-35
1747050978.4193633,36,-63,32
1747050978.4543633,10,-72,3
1747050978.4903634,65,0,113
1747050978.5253634,-2,-25,57
1747050978.5613635,-10,-29,-16
1747050978.5963633,41,-17,41
