time,x,y,z
1775635200.0085654,0.0,2.0,-67.0
1775635200.0185654,5.0,2.0,-67.0
1775635200.0285654,6.0,4.0,-70.0
1775635200.0385654,3.0,3.0,-70.0
1775635200.0485654,2.0,4.0,-67.0
1775635200.0585654,1.0,3.0,-56.0
1775635200.0685654,-2.0,1.0,-56.0
1775635200.0785654,0.0,-4.0,-62.0
1775635200.088565,-1.0,-6.0,-62.0
1775635200.098565,-6.0,-7.0,-67.0
1775635200.108565,-2.0,-5.0,-63.0
1775635200.118565,0.0,-3.0,-64.0
1775635200.1285653,0.0,-2.0,-67.0
1775635200.1385653,0.0,-6.0,-67.0
1775635200.1485653,0.0,-7.0,-71.0
1775635200.1585653,1.0,-8.0,-71.0
1775635200.1685653,-5.0,-10.0,-66.0
1775635200.1785655,-6.0,-10.0,-71.0
1775635200.1885655,-4.0,-10.0,-73.0
1775635200.1985655,-2.0,-9.0,-69.0
1775635200.2085657,3.0,-6.0,-72.0
1775635200.2185657,3.0,-2.0,-71.0
1775635200.2285657,4.0,-5.0,-66.0
1775635200.2385654,0.0,-5.0,-68.0
1775635200.2485654,0.0,-6.0,-62.0
1775635200.2585654,-1.0,-4.0,-57.0
1775635200.2685654,0.0,-7.0,-58.0
1775635200.2785654,-2.0,-4.0,-64.0
1775635200.2885654,-2.0,-1.0,-62.0
1775635200.2985654,-2.0,1.0,-59.0
1775635200.3085654,0.0,-2.0,-63.0
1775635200.3185654,1.0,-2.0,-63.0
1775635200.3285654,1.0,-3.0,-63.0
1775635200.338565,3.0,-3.0,-64.0
1775635200.348565,2.0,-4.0,-66.0
1775635200.358565,4.0,-6.0,-68.0
1775635200.368565,4.0,-1.0,-70.0
1775635200.3785653,2.0,1.0,-74.0
1775635200.3885653,0.0,0.0,-76.0
1775635200.3985653,-2.0,-1.0,-74.0
1775635200.4085653,2.0,-3.0,-70.0
1775635200.4185653,1.0,0.0,-69.0
1775635200.4285655,0.0,2.0,-70.0
1775635200.4385655,0.0,2.0,-76.0
1775635200.4485655,-1.0,0.0,-73.0
1775635200.4585657,-6.0,0.0,-68.0
1775635200.4685657,-3.0,-2.0,-69.0
1775635200.4785657,-7.0,-7.0,-70.0
1775635200.4885654,-5.0,-6.0,-71.0
1775635200.4985654,0.0,-2.0,-74.0
1775635200.5085654,-3.0,0.0,-78.0
1775635200.5185654,-1.0,0.0,-76.0
1775635200.5285654,0.0,0.0,-69.0
1775635200.5385654,2.0,1.0,-72.0
1775635200.5485654,2.0,5.0,-74.0
1775635200.5585654,1.0,2.0,-73.0
1775635200.5685654,0.0,0.0,-68.0
1775635200.5785654,1.0,2.0,-71.0
1775635200.588565,3.0,1.0,-68.0
1775635200.598565,0.0,2.0,-72.0
1775635200.608565,1.0,2.0,-75.0
1775635200.618565,1.0,-3.0,-79.0
1775635200.6285653,-2.0,-1.0,-85.0
1775635200.6385653,-8.0,-4.0,-84.0
1775635200.6485653,-8.0,-7.0,-79.0
1775635200.6585653,-5.0,-6.0,-74.0
1775635200.6685653,-1.0,-2.0,-73.0
1775635200.6785655,0.0,-4.0,-65.0
1775635200.6885655,-3.0,-5.0,-65.0
1775635200.6985655,-5.0,0.0,-69.0
1775635200.7085657,-6.0,3.0,-69.0
1775635200.7185657,-6.0,5.0,-71.0
1775635200.7285657,-2.0,3.0,-65.0
1775635200.7385654,-1.0,3.0,-70.0
1775635200.7485654,-1.0,1.0,-65.0
1775635200.7585654,-4.0,1.0,-64.0
1775635200.7685654,-1.0,2.0,-63.0
1775635200.7785654,2.0,0.0,-71.0
1775635200.7885654,2.0,2.0,-65.0
1775635200.7985654,4.0,0.0,-66.0
1775635200.8085654,0.0,-2.0,-64.0
1775635200.8185654,1.0,-6.0,-67.0
1775635200.8285654,3.0,-5.0,-70.0
1775635200.838565,1.0,-2.0,-70.0
1775635200.848565,1.0,-5.0,-66.0
1775635200.858565,-4.0,-2.0,-64.0
1775635200.868565,-5.0,-3.0,-68.0
1775635200.8785653,-5.0,-4.0,-66.0
1775635200.8885653,-9.0,-7.0,-65.0
1775635200.8985653,-12.0,-7.0,-61.0
1775635200.9085653,-13.0,-3.0,-62.0
1775635200.9185653,-12.0,-4.0,-62.0
1775635200.9285655,-13.0,-7.0,-64.0
1775635200.9385655,-11.0,-5.0,-65.0
1775635200.9485655,-11.0,-6.0,-72.0
1775635200.9585657,-5.0,-2.0,-70.0
1775635200.9685657,-3.0,0.0,-65.0
1775635200.9785657,-3.0,-1.0,-65.0
1775635200.9885654,-2.0,0.0,-71.0
1775635200.9985654,-4.0,0.0,-71.0
1775635201.0085654,-4.0,1.0,-72.0
1775635201.0185654,-2.0,1.0,-72.0
1775635201.0285654,-2.0,0.0,-75.0
1775635201.0385654,1.0,-1.0,-70.0
1775635201.0485654,2.0,-1.0,-72.0
1775635201.0585654,-3.0,0.0,-71.0
1775635201.0685654,-1.0,2.0,-73.0
1775635201.0785654,-4.0,-2.0,-80.0
1775635201.088565,-2.0,-3.0,-84.0
1775635201.098565,-7.0,-2.0,-82.0
1775635201.108565,-1.0,-3.0,-76.0
1775635201.1195655,2.0,0.0,-77.0
1775635201.1285653,0.0,2.0,-74.0
1775635201.1385653,-1.0,2.0,-68.0
1775635201.1485653,-8.0,0.0,-67.0
1775635201.1585653,0.0,1.0,-68.0
1775635201.1685653,-1.0,2.0,-69.0
1775635201.1785655,-4.0,4.0,-72.0
1775635201.1885655,-4.0,6.0,-71.0
1775635201.1995654,-4.0,4.0,-80.0
1775635201.2095654,0.0,-1.0,-79.0
1775635201.2195654,5.0,-2.0,-79.0
1775635201.2295654,3.0,-1.0,-77.0
1775635201.2395654,3.0,-3.0,-74.0
1775635201.2495654,2.0,0.0,-72.0
1775635201.2595654,1.0,1.0,-66.0
1775635201.269565,2.0,1.0,-64.0
1775635201.2785654,2.0,3.0,-68.0
1775635201.289565,6.0,8.0,-66.0
1775635201.2995653,9.0,3.0,-63.0
1775635201.3095653,4.0,5.0,-57.0
1775635201.3195653,5.0,1.0,-52.0
1775635201.3295653,3.0,2.0,-53.0
1775635201.3395653,4.0,1.0,-58.0
1775635201.3495653,3.0,3.0,-58.0
1775635201.3595655,2.0,5.0,-61.0
1775635201.3695655,0.0,4.0,-65.0
1775635201.3795657,-1.0,6.0,-67.0
1775635201.3895657,-1.0,6.0,-63.0
1775635201.3995657,0.0,3.0,-68.0
1775635201.4095654,0.0,3.0,-68.0
1775635201.4195654,-2.0,0.0,-68.0
1775635201.4295654,0.0,0.0,-67.0
1775635201.4395654,0.0,1.0,-64.0
1775635201.4495654,-5.0,0.0,-72.0
1775635201.4595654,-1.0,1.0,-69.0
1775635201.4695654,-4.0,0.0,-67.0
1775635201.4795654,-3.0,-3.0,-64.0
1775635201.4895654,-3.0,-3.0,-61.0
1775635201.4995654,-4.0,-4.0,-66.0
1775635201.5095654,-1.0,-5.0,-66.0
1775635201.519565,-1.0,-1.0,-68.0
1775635201.529565,2.0,1.0,-72.0
1775635201.539565,3.0,0.0,-65.0
1775635201.5495653,2.0,0.0,-62.0
1775635201.5595653,4.0,-3.0,-58.0
1775635201.5695653,4.0,-1.0,-59.0
1775635201.5795653,4.0,0.0,-59.0
1775635201.5895653,-1.0,-4.0,-60.0
1775635201.5995653,-1.0,-9.0,-62.0
1775635201.6095655,1.0,-6.0,-64.0
1775635201.6195655,0.0,-9.0,-66.0
1775635201.6295657,2.0,-5.0,-65.0
1775635201.6395657,3.0,-2.0,-65.0
1775635201.6495657,0.0,0.0,-72.0
1775635201.6595654,-3.0,1.0,-74.0
1775635201.6695654,-1.0,0.0,-79.0
1775635201.6795654,0.0,0.0,-80.0
1775635201.6895654,-1.0,2.0,-79.0
1775635201.6995654,-2.0,2.0,-67.0
1775635201.7095654,0.0,3.0,-61.0
1775635201.7195654,0.0,3.0,-58.0
1775635201.7295654,0.0,4.0,-66.0
1775635201.7395654,-4.0,8.0,-69.0
1775635201.7495654,-2.0,8.0,-67.0
1775635201.7595654,2.0,7.0,-66.0
1775635201.769565,5.0,3.0,-73.0
1775635201.779565,7.0,3.0,-68.0
1775635201.789565,2.0,9.0,-65.0
1775635201.7995653,-2.0,8.0,-67.0
1775635201.8095653,-4.0,7.0,-68.0
1775635201.8195653,-6.0,4.0,-69.0
1775635201.8295653,-3.0,4.0,-65.0
1775635201.8395653,-5.0,2.0,-68.0
1775635201.8495653,-5.0,-1.0,-69.0
1775635201.8595655,-5.0,-3.0,-70.0
1775635201.8695655,-1.0,1.0,-74.0
1775635201.8795657,-1.0,5.0,-76.0
1775635201.8895657,0.0,3.0,-76.0
1775635201.8995657,-1.0,0.0,-75.0
1775635201.9095654,-5.0,0.0,-69.0
1775635201.9195654,-4.0,0.0,-67.0
1775635201.9295654,-1.0,2.0,-72.0
1775635201.9395654,-5.0,3.0,-73.0
1775635201.9495654,-5.0,-4.0,-70.0
1775635201.9595654,-3.0,-2.0,-68.0
1775635201.9695654,0.0,-2.0,-70.0
1775635201.9795654,2.0,0.0,-69.0
1775635201.9895654,0.0,1.0,-67.0
1775635201.9995654,-3.0,0.0,-66.0
1775635202.0095654,-11.0,5.0,-68.0
1775635202.019565,-9.0,4.0,-68.0
1775635202.029565,-9.0,1.0,-62.0
1775635202.039565,-7.0,-6.0,-65.0
1775635202.0495653,-6.0,-7.0,-66.0
1775635202.0595653,-9.0,-8.0,-63.0
1775635202.0695653,-10.0,-4.0,-61.0
1775635202.0795653,-5.0,-5.0,-62.0
1775635202.0895653,-6.0,-6.0,-64.0
1775635202.0995653,-7.0,-6.0,-66.0
1775635202.1095655,-10.0,-8.0,-68.0
1775635202.1195655,-7.0,-11.0,-67.0
1775635202.1295657,-3.0,-9.0,-72.0
1775635202.1395657,-2.0,-7.0,-78.0
1775635202.1495657,0.0,-3.0,-75.0
1775635202.1595654,0.0,-3.0,-76.0
1775635202.1695654,0.0,0.0,-79.0
1775635202.1795654,1.0,2.0,-87.0
1775635202.1895654,0.0,4.0,-85.0
1775635202.1995654,3.0,2.0,-80.0
1775635202.2095654,4.0,0.0,-75.0
1775635202.2195654,1.0,0.0,-72.0
1775635202.2295654,1.0,-1.0,-67.0
1775635202.2395654,2.0,-1.0,-65.0
1775635202.2495654,0.0,0.0,-69.0
1775635202.2595654,2.0,2.0,-68.0
1775635202.269565,4.0,0.0,-71.0
1775635202.279565,1.0,2.0,-75.0
1775635202.289565,0.0,3.0,-79.0
1775635202.2995653,0.0,0.0,-78.0
1775635202.3095653,-4.0,0.0,-76.0
1775635202.3195653,0.0,1.0,-68.0
1775635202.3295653,0.0,3.0,-70.0
1775635202.3395653,1.0,0.0,-75.0
1775635202.3495653,-1.0,1.0,-75.0
1775635202.3595655,-2.0,-1.0,-76.0
1775635202.3695655,-3.0,-2.0,-75.0
1775635202.3795657,-7.0,-4.0,-72.0
1775635202.3895657,-6.0,-1.0,-76.0
1775635202.3995657,-5.0,0.0,-85.0
1775635202.4095654,-7.0,-1.0,-77.0
1775635202.4195654,-5.0,0.0,-71.0
1775635202.4295654,-8.0,0.0,-71.0
1775635202.4395654,-8.0,-4.0,-70.0
1775635202.4495654,-7.0,-6.0,-63.0
1775635202.4595654,-4.0,-5.0,-65.0
1775635202.4695654,-8.0,-6.0,-74.0
1775635202.4795654,-9.0,-6.0,-72.0
1775635202.4895654,-8.0,-2.0,-69.0
1775635202.4995654,-6.0,0.0,-71.0
1775635202.5095654,-5.0,-4.0,-67.0
1775635202.519565,-5.0,-7.0,-69.0
1775635202.529565,-5.0,-8.0,-77.0
1775635202.539565,0.0,-7.0,-75.0
1775635202.5495653,2.0,-1.0,-77.0
1775635202.5595653,0.0,1.0,-75.0
1775635202.5695653,3.0,1.0,-71.0
1775635202.5795653,0.0,2.0,-74.0
1775635202.5895653,-2.0,4.0,-80.0
1775635202.5995653,0.0,4.0,-80.0
1775635202.6095655,-5.0,1.0,-81.0
1775635202.6195655,-4.0,2.0,-76.0
1775635202.6295657,-3.0,4.0,-68.0
1775635202.6395657,0.0,-1.0,-69.0
1775635202.6495657,7.0,1.0,-73.0
1775635202.6595654,12.0,2.0,-68.0
1775635202.6695654,7.0,5.0,-64.0
1775635202.6795654,8.0,3.0,-60.0
1775635202.6895654,5.0,4.0,-66.0
1775635202.6995654,5.0,4.0,-64.0
1775635202.7095654,5.0,2.0,-64.0
1775635202.7195654,5.0,-3.0,-68.0
1775635202.7295654,2.0,1.0,-69.0
1775635202.7395654,-1.0,2.0,-66.0
1775635202.7495654,1.0,0.0,-64.0
1775635202.7595654,5.0,-2.0,-68.0
1775635202.769565,6.0,0.0,-67.0
1775635202.779565,3.0,0.0,-64.0
1775635202.789565,-1.0,0.0,-68.0
1775635202.7995653,1.0,2.0,-68.0
1775635202.8095653,2.0,0.0,-66.0
1775635202.8195653,3.0,0.0,-58.0
1775635202.8295653,0.0,0.0,-60.0
1775635202.8395653,2.0,2.0,-63.0
1775635202.8495653,5.0,0.0,-63.0
1775635202.8595655,4.0,0.0,-65.0
1775635202.8695655,4.0,0.0,-66.0
1775635202.8795657,6.0,1.0,-72.0
1775635202.8895657,5.0,-1.0,-73.0
1775635202.8995657,5.0,0.0,-70.0
1775635202.9095654,1.0,0.0,-66.0
1775635202.9195654,-3.0,4.0,-62.0
1775635202.9295654,-4.0,2.0,-65.0
1775635202.9395654,-2.0,1.0,-62.0
1775635202.9495654,-6.0,4.0,-59.0
1775635202.9595654,-5.0,1.0,-57.0
1775635202.9695654,-3.0,0.0,-59.0
1775635202.9795654,-4.0,3.0,-60.0
1775635202.9895654,-8.0,0.0,-64.0
1775635202.9995654,-11.0,1.0,-70.0
1775635203.0095654,-8.0,3.0,-77.0
1775635203.019565,-5.0,4.0,-67.0
1775635203.029565,-2.0,0.0,-70.0
1775635203.039565,0.0,2.0,-75.0
1775635203.0495653,-3.0,5.0,-77.0
1775635203.0595653,-2.0,4.0,-78.0
1775635203.0695653,-1.0,3.0,-76.0
1775635203.0795653,-2.0,1.0,-69.0
1775635203.0895653,1.0,-3.0,-67.0
1775635203.0995653,-3.0,-2.0,-68.0
1775635203.1095655,-3.0,0.0,-60.0
1775635203.1195655,-7.0,4.0,-61.0
1775635203.1295657,-2.0,3.0,-58.0
1775635203.1395657,-3.0,0.0,-63.0
1775635203.1495657,-1.0,0.0,-72.0
1775635203.1595654,-2.0,2.0,-71.0
1775635203.1695654,-6.0,7.0,-71.0
1775635203.1795654,-3.0,7.0,-70.0
1775635203.1895654,-2.0,7.0,-75.0
1775635203.1995654,-2.0,10.0,-73.0
1775635203.2095654,-2.0,7.0,-74.0
1775635203.2195654,-3.0,3.0,-76.0
1775635203.2295654,-1.0,1.0,-81.0
1775635203.2395654,0.0,1.0,-84.0
1775635203.2495654,1.0,0.0,-84.0
1775635203.2595654,1.0,-2.0,-83.0
1775635203.269565,1.0,1.0,-85.0
1775635203.279565,-1.0,0.0,-82.0
1775635203.289565,0.0,-2.0,-81.0
1775635203.2995653,3.0,-3.0,-84.0
1775635203.3095653,5.0,-5.0,-83.0
1775635203.3195653,4.0,-2.0,-81.0
1775635203.3295653,4.0,-3.0,-82.0
1775635203.3395653,3.0,0.0,-86.0
1775635203.3495653,3.0,0.0,-85.0
1775635203.3595655,0.0,-1.0,-84.0
1775635203.3695655,-2.0,-1.0,-85.0
1775635203.3795657,0.0,-4.0,-86.0
1775635203.3895657,-1.0,-2.0,-93.0
1775635203.3995657,-3.0,-1.0,-92.0
1775635203.4095654,-1.0,1.0,-77.0
1775635203.4195654,1.0,3.0,-79.0
1775635203.4295654,-1.0,1.0,-74.0
1775635203.4395654,-1.0,-3.0,-77.0
1775635203.4495654,6.0,0.0,-80.0
1775635203.4595654,3.0,0.0,-77.0
1775635203.4695654,3.0,0.0,-77.0
1775635203.4795654,0.0,1.0,-78.0
1775635203.4895654,6.0,0.0,-77.0
1775635203.5005653,1.0,-1.0,-78.0
1775635203.5105653,0.0,-4.0,-74.0
1775635203.5205653,-6.0,-5.0,-73.0
1775635203.5305655,-9.0,-4.0,-66.0
1775635203.5405655,-8.0,-3.0,-59.0
1775635203.5505655,-2.0,-2.0,-56.0
1775635203.5605657,-4.0,-1.0,-61.0
1775635203.5705657,-4.0,2.0,-61.0
1775635203.5805657,0.0,5.0,-65.0
1775635203.5905654,1.0,3.0,-60.0
1775635203.6005654,1.0,6.0,-52.0
1775635203.6105654,2.0,3.0,-54.0
1775635203.6205654,1.0,4.0,-55.0
1775635203.6305654,4.0,4.0,-63.0
1775635203.6405654,8.0,3.0,-72.0
1775635203.6505654,4.0,3.0,-74.0
1775635203.6605654,2.0,0.0,-81.0
1775635203.6705654,5.0,-4.0,-83.0
1775635203.6805654,1.0,-7.0,-75.0
1775635203.690565,0.0,-5.0,-68.0
1775635203.700565,-2.0,-3.0,-70.0
1775635203.710565,1.0,-1.0,-66.0
1775635203.7205653,1.0,0.0,-66.0
1775635203.7305653,-1.0,0.0,-72.0
1775635203.7405653,-3.0,0.0,-66.0
1775635203.7505653,-1.0,5.0,-65.0
1775635203.7605653,0.0,8.0,-67.0
1775635203.7705653,3.0,10.0,-66.0
1775635203.7805655,8.0,9.0,-71.0
1775635203.7905655,10.0,1.0,-72.0
1775635203.8005655,8.0,1.0,-70.0
1775635203.8105657,3.0,0.0,-68.0
1775635203.8205657,2.0,4.0,-63.0
1775635203.8305657,-1.0,6.0,-65.0
1775635203.8405654,-3.0,1.0,-74.0
1775635203.8505654,0.0,1.0,-73.0
1775635203.8605654,-3.0,-1.0,-72.0
1775635203.8705654,-6.0,2.0,-72.0
1775635203.8805654,-2.0,4.0,-67.0
1775635203.8905654,-3.0,7.0,-67.0
1775635203.9005654,0.0,5.0,-72.0
1775635203.9105654,2.0,4.0,-72.0
1775635203.9205654,2.0,7.0,-74.0
1775635203.9305654,1.0,4.0,-76.0
1775635203.940565,0.0,2.0,-82.0
1775635203.950565,-1.0,1.0,-80.0
1775635203.960565,0.0,2.0,-82.0
1775635203.9705653,-1.0,1.0,-84.0
1775635203.9805653,2.0,-7.0,-82.0
1775635203.9905653,3.0,-10.0,-76.0
1775635204.0005653,4.0,-13.0,-80.0
1775635204.0105653,7.0,-10.0,-77.0
1775635204.0205653,6.0,-6.0,-78.0
1775635204.0305655,9.0,-3.0,-77.0
1775635204.0405655,11.0,-3.0,-83.0
1775635204.0505655,9.0,-2.0,-76.0
1775635204.0605657,9.0,0.0,-75.0
1775635204.0705657,8.0,1.0,-75.0
1775635204.0805657,5.0,0.0,-67.0
1775635204.0905654,4.0,-1.0,-65.0
1775635204.1005654,5.0,-2.0,-67.0
1775635204.1105654,4.0,-1.0,-69.0
1775635204.1205654,0.0,1.0,-73.0
1775635204.1305654,1.0,4.0,-80.0
1775635204.1405654,1.0,5.0,-81.0
1775635204.1505654,1.0,1.0,-76.0
1775635204.1605654,3.0,2.0,-77.0
1775635204.1705654,6.0,-2.0,-76.0
1775635204.1805654,3.0,-1.0,-75.0
1775635204.190565,0.0,0.0,-74.0
1775635204.200565,-2.0,-1.0,-69.0
1775635204.210565,-2.0,-2.0,-69.0
1775635204.2205653,0.0,1.0,-62.0
1775635204.2305653,4.0,1.0,-63.0
1775635204.2405653,7.0,1.0,-67.0
1775635204.2505653,2.0,0.0,-71.0
1775635204.2605653,0.0,0.0,-67.0
1775635204.2705653,2.0,3.0,-65.0
1775635204.2805655,0.0,0.0,-66.0
1775635204.2905655,2.0,-1.0,-72.0
1775635204.3005655,1.0,-2.0,-68.0
1775635204.3105657,-2.0,-4.0,-70.0
1775635204.3205657,-2.0,-6.0,-84.0
1775635204.3305657,-1.0,-2.0,-77.0
1775635204.3405654,0.0,-5.0,-79.0
1775635204.3505654,1.0,-2.0,-69.0
1775635204.3605654,0.0,0.0,-64.0
1775635204.3705654,6.0,4.0,-61.0
1775635204.3805654,4.0,2.0,-68.0
1775635204.3905654,4.0,2.0,-61.0
1775635204.4005654,1.0,0.0,-60.0
1775635204.4105654,2.0,2.0,-59.0
1775635204.4205654,0.0,0.0,-58.0
1775635204.4305654,3.0,0.0,-59.0
1775635204.440565,5.0,-1.0,-61.0
1775635204.450565,8.0,-4.0,-66.0
1775635204.460565,11.0,-3.0,-65.0
1775635204.4705653,8.0,0.0,-63.0
1775635204.4805653,8.0,1.0,-63.0
1775635204.4905653,8.0,3.0,-60.0
1775635204.5005653,9.0,2.0,-57.0
1775635204.5105653,9.0,-3.0,-63.0
1775635204.5205653,10.0,-4.0,-63.0
1775635204.5305655,5.0,-4.0,-57.0
1775635204.5405655,0.0,-2.0,-61.0
1775635204.5505655,-1.0,1.0,-61.0
1775635204.5605657,-3.0,3.0,-59.0
1775635204.5705657,-10.0,2.0,-57.0
1775635204.5805657,-9.0,-2.0,-58.0
1775635204.5905654,-8.0,1.0,-57.0
1775635204.6005654,-9.0,0.0,-60.0
1775635204.6105654,-6.0,0.0,-57.0
1775635204.6205654,-9.0,-1.0,-56.0
1775635204.6305654,-5.0,-3.0,-53.0
1775635204.6405654,-7.0,-6.0,-64.0
1775635204.6505654,-3.0,-6.0,-69.0
1775635204.6605654,-1.0,-1.0,-74.0
1775635204.6705654,1.0,0.0,-72.0
1775635204.6805654,3.0,1.0,-71.0
1775635204.690565,6.0,3.0,-68.0
1775635204.700565,4.0,0.0,-71.0
1775635204.710565,3.0,1.0,-71.0
1775635204.7205653,5.0,2.0,-75.0
1775635204.7305653,7.0,-2.0,-71.0
1775635204.7405653,4.0,-3.0,-68.0
1775635204.7505653,2.0,-1.0,-69.0
1775635204.7605653,1.0,-1.0,-74.0
1775635204.7705653,0.0,-1.0,-73.0
1775635204.7805655,-3.0,0.0,-71.0
1775635204.7905655,-3.0,2.0,-69.0
1775635204.8005655,-3.0,0.0,-64.0
1775635204.8105657,-3.0,-3.0,-69.0
1775635204.8205657,0.0,0.0,-66.0
1775635204.8305657,0.0,0.0,-67.0
1775635204.8405654,-3.0,-1.0,-63.0
1775635204.8505654,-3.0,-2.0,-63.0
1775635204.8605654,-4.0,-4.0,-57.0
1775635204.8705654,-3.0,-1.0,-65.0
1775635204.8805654,0.0,-2.0,-67.0
1775635204.8905654,2.0,-7.0,-66.0
1775635204.9005654,5.0,-5.0,-69.0
1775635204.9105654,3.0,-6.0,-64.0
1775635204.9205654,3.0,-5.0,-62.0
1775635204.9305654,2.0,-2.0,-58.0
1775635204.940565,2.0,0.0,-58.0
1775635204.950565,4.0,-1.0,-66.0
1775635204.960565,3.0,-1.0,-72.0
1775635204.9705653,3.0,2.0,-67.0
1775635204.9805653,0.0,2.0,-63.0
1775635204.9905653,2.0,3.0,-60.0
1775635205.0005653,0.0,2.0,-63.0
1775635205.0105653,5.0,-1.0,-68.0
1775635205.0205653,2.0,-1.0,-65.0
1775635205.0305655,0.0,0.0,-61.0
1775635205.0405655,0.0,-1.0,-66.0
1775635205.0505655,3.0,-4.0,-68.0
1775635205.0605657,1.0,-5.0,-66.0
1775635205.0705657,1.0,-7.0,-66.0
1775635205.0805657,2.0,-3.0,-73.0
1775635205.0905654,1.0,1.0,-74.0
1775635205.1005654,7.0,1.0,-73.0
1775635205.1105654,7.0,-1.0,-67.0
1775635205.1205654,6.0,2.0,-67.0
1775635205.1305654,3.0,3.0,-61.0
1775635205.1405654,-1.0,3.0,-57.0
1775635205.1505654,-1.0,-5.0,-58.0
1775635205.1615653,-5.0,-2.0,-60.0
1775635205.1705654,2.0,-2.0,-57.0
1775635205.1805654,3.0,3.0,-58.0
1775635205.190565,8.0,2.0,-59.0
1775635205.200565,9.0,6.0,-59.0
1775635205.210565,6.0,3.0,-61.0
1775635205.2205653,5.0,1.0,-61.0
1775635205.2305653,4.0,3.0,-67.0
1775635205.2405653,0.0,2.0,-70.0
1775635205.2505653,0.0,0.0,-69.0
1775635205.2605653,2.0,-1.0,-66.0
1775635205.2705653,-1.0,1.0,-62.0
1775635205.2805655,-2.0,2.0,-62.0
1775635205.2905655,0.0,3.0,-65.0
1775635205.3005655,-3.0,-1.0,-66.0
1775635205.3105657,-4.0,0.0,-70.0
1775635205.3205657,0.0,0.0,-69.0
1775635205.3305657,1.0,-1.0,-71.0
1775635205.3405654,0.0,0.0,-74.0
1775635205.3505654,-1.0,0.0,-76.0
1775635205.3605654,6.0,0.0,-73.0
1775635205.3705654,7.0,-4.0,-74.0
1775635205.3805654,7.0,-7.0,-73.0
1775635205.3905654,0.0,-6.0,-68.0
1775635205.4005654,-1.0,-10.0,-69.0
1775635205.4105654,1.0,-8.0,-69.0
1775635205.4205654,1.0,-8.0,-68.0
1775635205.4305654,-2.0,-9.0,-67.0
1775635205.440565,-6.0,-9.0,-68.0
1775635205.450565,-6.0,-4.0,-61.0
1775635205.460565,-6.0,-3.0,-65.0
1775635205.4705653,-8.0,-5.0,-61.0
1775635205.4805653,-8.0,-5.0,-60.0
1775635205.4905653,-13.0,-9.0,-64.0
1775635205.5005653,-4.0,-6.0,-61.0
1775635205.5105653,-2.0,-5.0,-61.0
1775635205.5205653,-2.0,-4.0,-70.0
1775635205.5305655,0.0,-8.0,-70.0
1775635205.5405655,0.0,-1.0,-70.0
1775635205.5505655,-3.0,3.0,-77.0
1775635205.5605657,-4.0,2.0,-75.0
1775635205.5705657,-2.0,0.0,-76.0
1775635205.5805657,-5.0,5.0,-74.0
1775635205.5905654,-2.0,5.0,-73.0
1775635205.6005654,0.0,4.0,-72.0
1775635205.6105654,0.0,0.0,-71.0
1775635205.6205654,0.0,1.0,-75.0
1775635205.6305654,-1.0,-1.0,-70.0
1775635205.6405654,0.0,-5.0,-66.0
1775635205.6505654,-6.0,-2.0,-69.0
1775635205.6605654,-5.0,-3.0,-66.0
1775635205.6705654,-5.0,-5.0,-74.0
1775635205.6805654,-8.0,-5.0,-75.0
1775635205.690565,-6.0,-5.0,-71.0
1775635205.700565,-6.0,-8.0,-71.0
1775635205.710565,-1.0,-10.0,-63.0
1775635205.7205653,0.0,-9.0,-61.0
1775635205.7305653,-1.0,-5.0,-60.0
1775635205.7405653,-2.0,-6.0,-60.0
1775635205.7505653,-4.0,-4.0,-62.0
1775635205.7605653,-4.0,-6.0,-66.0
1775635205.7705653,-6.0,-3.0,-62.0
1775635205.7815654,-7.0,0.0,-64.0
1775635205.7915654,-8.0,-2.0,-69.0
1775635205.8005655,-8.0,2.0,-67.0
1775635205.8105657,-5.0,2.0,-67.0
1775635205.8215654,2.0,5.0,-62.0
1775635205.8315654,0.0,6.0,-66.0
1775635205.8405654,2.0,7.0,-70.0
1775635205.8515654,0.0,5.0,-74.0
1775635205.8615654,1.0,3.0,-77.0
1775635205.871565,3.0,6.0,-76.0
1775635205.881565,0.0,6.0,-72.0
1775635205.891565,0.0,5.0,-75.0
1775635205.9015653,2.0,4.0,-70.0
1775635205.9115653,1.0,4.0,-62.0
1775635205.9215653,3.0,1.0,-65.0
1775635205.9315653,0.0,0.0,-68.0
1775635205.9415653,3.0,4.0,-73.0
1775635205.9515653,3.0,5.0,-70.0
1775635205.9615655,0.0,4.0,-70.0
1775635205.9715655,0.0,5.0,-63.0
1775635205.9815657,-3.0,4.0,-63.0
1775635205.9915657,-1.0,2.0,-62.0
1775635206.0015657,-3.0,5.0,-64.0
1775635206.0115654,-3.0,0.0,-64.0
1775635206.0215654,-2.0,0.0,-69.0
1775635206.0315654,-1.0,2.0,-63.0
1775635206.0415654,-1.0,2.0,-66.0
1775635206.0515654,0.0,5.0,-59.0
1775635206.0615654,-1.0,4.0,-59.0
1775635206.0715654,-2.0,0.0,-57.0
1775635206.0815654,-3.0,-3.0,-62.0
1775635206.0915654,-7.0,-6.0,-67.0
1775635206.1015654,-5.0,-7.0,-63.0
1775635206.1115654,-6.0,-7.0,-59.0
1775635206.121565,-1.0,-3.0,-58.0
1775635206.131565,0.0,-1.0,-56.0
1775635206.141565,0.0,0.0,-59.0
1775635206.1515653,0.0,0.0,-67.0
1775635206.1615653,-2.0,-1.0,-67.0
1775635206.1715653,-2.0,0.0,-64.0
1775635206.1815653,0.0,1.0,-66.0
1775635206.1915653,-5.0,0.0,-70.0
1775635206.2015653,0.0,2.0,-70.0
1775635206.2115655,0.0,3.0,-70.0
1775635206.2215655,-3.0,1.0,-68.0
1775635206.2315657,-4.0,3.0,-71.0
1775635206.2415657,-3.0,4.0,-69.0
1775635206.2515657,-2.0,0.0,-66.0
1775635206.2615654,0.0,0.0,-67.0
1775635206.2715654,-1.0,1.0,-69.0
1775635206.2815654,0.0,1.0,-78.0
1775635206.2915654,3.0,-1.0,-80.0
1775635206.3015654,0.0,-1.0,-75.0
1775635206.3115654,4.0,1.0,-73.0
1775635206.3215654,4.0,2.0,-78.0
1775635206.3315654,2.0,3.0,-79.0
1775635206.3415654,0.0,4.0,-74.0
1775635206.3515654,0.0,5.0,-73.0
1775635206.3615654,2.0,0.0,-73.0
1775635206.371565,1.0,-2.0,-69.0
1775635206.381565,-1.0,-3.0,-70.0
1775635206.391565,0.0,-3.0,-68.0
1775635206.4015653,1.0,-2.0,-67.0
1775635206.4115653,0.0,-1.0,-68.0
1775635206.4215653,1.0,-4.0,-64.0
1775635206.4315653,0.0,-8.0,-64.0
1775635206.4415653,0.0,-11.0,-63.0
1775635206.4515653,-2.0,-5.0,-63.0
1775635206.4615655,-3.0,-4.0,-61.0
1775635206.4715655,-3.0,-2.0,-56.0
1775635206.4815657,-2.0,-1.0,-60.0
1775635206.4915657,-2.0,-4.0,-68.0
1775635206.5015657,1.0,-5.0,-69.0
1775635206.5115654,5.0,-6.0,-68.0
1775635206.5215654,8.0,-4.0,-70.0
1775635206.5315654,4.0,-5.0,-72.0
1775635206.5415654,4.0,0.0,-70.0
1775635206.5515654,8.0,-3.0,-71.0
1775635206.5615654,4.0,0.0,-66.0
1775635206.5715654,6.0,-1.0,-66.0
1775635206.5815654,1.0,-1.0,-64.0
1775635206.5915654,1.0,-1.0,-64.0
1775635206.6015654,0.0,-1.0,-62.0
1775635206.6115654,-4.0,-1.0,-58.0
1775635206.621565,-3.0,-2.0,-57.0
1775635206.631565,0.0,-1.0,-54.0
1775635206.641565,1.0,0.0,-57.0
1775635206.6515653,2.0,1.0,-62.0
1775635206.6615653,3.0,-1.0,-58.0
1775635206.6715653,4.0,0.0,-63.0
1775635206.6815653,0.0,-3.0,-62.0
1775635206.6915653,0.0,0.0,-67.0
1775635206.7015653,0.0,1.0,-69.0
1775635206.7115655,2.0,1.0,-63.0
1775635206.7215655,1.0,1.0,-65.0
1775635206.7315657,-2.0,2.0,-70.0
1775635206.7415657,-2.0,3.0,-72.0
1775635206.7515657,-3.0,4.0,-68.0
1775635206.7615654,0.0,0.0,-60.0
1775635206.7715654,-2.0,0.0,-63.0
1775635206.7815654,-2.0,4.0,-57.0
1775635206.7915654,1.0,1.0,-65.0
1775635206.8015654,0.0,0.0,-60.0
1775635206.8115654,1.0,2.0,-59.0
1775635206.8215654,1.0,-1.0,-62.0
1775635206.8315654,2.0,-2.0,-62.0
1775635206.8415654,6.0,-1.0,-63.0
1775635206.8515654,5.0,-1.0,-72.0
1775635206.8615654,8.0,1.0,-77.0
1775635206.871565,7.0,1.0,-75.0
1775635206.881565,6.0,0.0,-75.0
1775635206.891565,5.0,0.0,-73.0
1775635206.9015653,3.0,1.0,-73.0
1775635206.9115653,0.0,-2.0,-71.0
1775635206.9215653,3.0,-2.0,-70.0
1775635206.9315653,3.0,-5.0,-68.0
1775635206.9415653,3.0,-5.0,-69.0
1775635206.9515653,2.0,-6.0,-67.0
1775635206.9615655,5.0,0.0,-62.0
1775635206.9715655,6.0,3.0,-64.0
1775635206.9815657,9.0,-1.0,-69.0
1775635206.9915657,7.0,1.0,-73.0
1775635207.0015657,7.0,5.0,-69.0
1775635207.0115654,7.0,2.0,-70.0
1775635207.0215654,5.0,3.0,-68.0
1775635207.0315654,6.0,1.0,-68.0
1775635207.0415654,9.0,0.0,-69.0
1775635207.0515654,4.0,2.0,-70.0
1775635207.0615654,0.0,1.0,-69.0
1775635207.0715654,2.0,0.0,-71.0
1775635207.0815654,5.0,-3.0,-72.0
1775635207.0915654,3.0,-2.0,-72.0
1775635207.1015654,0.0,-2.0,-70.0
1775635207.1115654,0.0,0.0,-69.0
1775635207.121565,-2.0,2.0,-70.0
1775635207.131565,-2.0,2.0,-64.0
1775635207.141565,2.0,1.0,-65.0
1775635207.1515653,0.0,2.0,-71.0
1775635207.1615653,7.0,2.0,-75.0
1775635207.1725657,7.0,5.0,-71.0
1775635207.1815653,6.0,6.0,-67.0
1775635207.1915653,4.0,2.0,-71.0
1775635207.2015653,2.0,0.0,-77.0
1775635207.2115655,-1.0,2.0,-76.0
1775635207.2215655,-2.0,3.0,-76.0
1775635207.2315657,-1.0,4.0,-70.0
1775635207.2415657,-1.0,3.0,-73.0
1775635207.2515657,1.0,1.0,-65.0
1775635207.2615654,-5.0,0.0,-64.0
1775635207.2715654,-5.0,-3.0,-65.0
1775635207.2815654,-8.0,-3.0,-71.0
1775635207.2915654,-8.0,0.0,-75.0
1775635207.3015654,-5.0,0.0,-76.0
1775635207.3115654,-4.0,4.0,-69.0
1775635207.3215654,-2.0,7.0,-64.0
1775635207.3315654,-2.0,5.0,-69.0
1775635207.3415654,0.0,3.0,-73.0
1775635207.3515654,1.0,2.0,-77.0
1775635207.3615654,2.0,-2.0,-74.0
1775635207.371565,0.0,0.0,-68.0
1775635207.381565,-2.0,-4.0,-62.0
1775635207.391565,-1.0,0.0,-56.0
1775635207.4015653,-5.0,3.0,-58.0
1775635207.4115653,-5.0,2.0,-69.0
1775635207.4215653,-3.0,1.0,-67.0
1775635207.4315653,0.0,0.0,-68.0
1775635207.4415653,-3.0,1.0,-64.0
1775635207.4515653,-3.0,3.0,-61.0
1775635207.4615655,-3.0,3.0,-59.0
1775635207.4715655,0.0,2.0,-63.0
1775635207.4815657,2.0,2.0,-67.0
1775635207.4915657,5.0,2.0,-63.0
1775635207.5015657,-1.0,0.0,-68.0
1775635207.5115654,-4.0,0.0,-64.0
1775635207.5215654,-5.0,1.0,-56.0
1775635207.5315654,-3.0,0.0,-54.0
1775635207.5415654,-1.0,-2.0,-53.0
1775635207.5515654,1.0,0.0,-57.0
1775635207.5615654,2.0,1.0,-57.0
1775635207.5715654,7.0,2.0,-59.0
1775635207.5815654,1.0,1.0,-65.0
1775635207.5915654,5.0,3.0,-69.0
1775635207.6015654,4.0,3.0,-68.0
1775635207.6115654,5.0,3.0,-66.0
1775635207.621565,2.0,-1.0,-67.0
1775635207.631565,2.0,-5.0,-66.0
1775635207.641565,5.0,-3.0,-62.0
1775635207.6515653,1.0,-4.0,-60.0
1775635207.6615653,-1.0,-5.0,-61.0
1775635207.6715653,2.0,-4.0,-65.0
1775635207.6815653,2.0,-5.0,-64.0
1775635207.6915653,-2.0,-3.0,-72.0
1775635207.7015653,0.0,-3.0,-69.0
1775635207.7115655,-1.0,-2.0,-71.0
1775635207.7215655,-5.0,-1.0,-68.0
1775635207.7315657,-5.0,1.0,-65.0
1775635207.7415657,-4.0,6.0,-64.0
1775635207.7515657,1.0,7.0,-67.0
1775635207.7615654,4.0,4.0,-67.0
1775635207.7715654,7.0,1.0,-66.0
1775635207.7815654,7.0,-1.0,-71.0
1775635207.7915654,6.0,-1.0,-75.0
1775635207.8015654,9.0,-1.0,-71.0
1775635207.8115654,5.0,-1.0,-68.0
1775635207.8215654,4.0,4.0,-76.0
1775635207.8315654,1.0,7.0,-76.0
1775635207.8415654,0.0,8.0,-74.0
1775635207.8515654,-3.0,3.0,-74.0
1775635207.8615654,-4.0,4.0,-73.0
1775635207.871565,-5.0,2.0,-75.0
1775635207.881565,-8.0,6.0,-81.0
1775635207.891565,-9.0,4.0,-80.0
1775635207.9015653,-9.0,1.0,-80.0
1775635207.9115653,-1.0,-1.0,-75.0
1775635207.9215653,0.0,-3.0,-72.0
1775635207.9315653,-2.0,-1.0,-67.0
1775635207.9415653,1.0,-5.0,-67.0
1775635207.9515653,0.0,-3.0,-70.0
1775635207.9615655,0.0,0.0,-77.0
1775635207.9715655,-1.0,2.0,-77.0
1775635207.9815657,0.0,2.0,-78.0
1775635207.9915657,1.0,2.0,-71.0
1775635208.0015657,7.0,4.0,-74.0
1775635208.0115654,5.0,0.0,-80.0
1775635208.0215654,6.0,-2.0,-76.0
1775635208.0315654,2.0,-5.0,-73.0
1775635208.0415654,2.0,-4.0,-71.0
1775635208.0515654,3.0,-1.0,-67.0
1775635208.0615654,2.0,-2.0,-65.0
1775635208.0715654,2.0,1.0,-67.0
1775635208.0815654,2.0,6.0,-68.0
1775635208.0915654,2.0,4.0,-65.0
1775635208.1025653,-1.0,4.0,-67.0
1775635208.1115654,0.0,0.0,-72.0
1775635208.121565,0.0,0.0,-66.0
1775635208.131565,0.0,2.0,-62.0
1775635208.141565,5.0,3.0,-62.0
1775635208.1515653,9.0,5.0,-64.0
1775635208.1625657,2.0,3.0,-72.0
1775635208.1725657,0.0,-1.0,-72.0
1775635208.1825657,-1.0,-1.0,-72.0
1775635208.1925654,-2.0,-1.0,-72.0
1775635208.2025654,0.0,-2.0,-74.0
1775635208.2125654,1.0,-4.0,-78.0
1775635208.2225654,3.0,-7.0,-72.0
1775635208.2325654,4.0,-7.0,-69.0
1775635208.2425654,5.0,-8.0,-70.0
1775635208.2525654,7.0,-10.0,-77.0
1775635208.2625654,7.0,-12.0,-67.0
1775635208.2725654,4.0,-6.0,-60.0
1775635208.2825654,5.0,-3.0,-62.0
1775635208.292565,4.0,-1.0,-59.0
1775635208.302565,4.0,2.0,-57.0
1775635208.312565,2.0,2.0,-62.0
1775635208.3225653,0.0,0.0,-62.0
1775635208.3325653,0.0,2.0,-67.0
1775635208.3425653,2.0,0.0,-70.0
1775635208.3525653,2.0,0.0,-72.0
1775635208.3625653,4.0,0.0,-77.0
1775635208.3725653,5.0,0.0,-77.0
1775635208.3825655,6.0,0.0,-79.0
1775635208.3925655,8.0,0.0,-78.0
1775635208.4025657,10.0,0.0,-74.0
1775635208.4125657,8.0,3.0,-68.0
1775635208.4225657,8.0,1.0,-73.0
1775635208.4325657,5.0,-2.0,-74.0
1775635208.4425654,8.0,-3.0,-72.0
1775635208.4525654,11.0,-3.0,-71.0
1775635208.4625654,10.0,-3.0,-77.0
1775635208.4725654,8.0,-1.0,-77.0
1775635208.4825654,8.0,2.0,-76.0
1775635208.4925654,10.0,5.0,-74.0
1775635208.5025654,6.0,-2.0,-76.0
1775635208.5125654,4.0,-3.0,-72.0
1775635208.5225654,0.0,-1.0,-70.0
1775635208.5325654,0.0,-1.0,-64.0
1775635208.542565,-3.0,-2.0,-63.0
1775635208.552565,-3.0,-2.0,-65.0
1775635208.562565,1.0,0.0,-56.0
1775635208.5725653,4.0,-5.0,-61.0
1775635208.5825653,2.0,-5.0,-69.0
1775635208.5925653,2.0,-3.0,-68.0
1775635208.6025653,0.0,-3.0,-66.0
1775635208.6125653,4.0,-4.0,-72.0
1775635208.6225653,1.0,-1.0,-69.0
1775635208.6325655,-3.0,-1.0,-72.0
1775635208.6425655,-2.0,-1.0,-71.0
1775635208.6525657,-5.0,0.0,-71.0
1775635208.6625657,-3.0,-6.0,-69.0
1775635208.6725657,-5.0,-4.0,-74.0
1775635208.6825657,-5.0,-1.0,-78.0
1775635208.6925654,-5.0,0.0,-76.0
1775635208.7025654,-5.0,2.0,-77.0
1775635208.7125654,-1.0,5.0,-71.0
1775635208.7225654,3.0,5.0,-69.0
1775635208.7325654,0.0,-1.0,-70.0
1775635208.7425654,-6.0,-2.0,-77.0
1775635208.7525654,-10.0,-1.0,-72.0
1775635208.7625654,-9.0,0.0,-67.0
1775635208.7725654,-2.0,-3.0,-71.0
1775635208.7825654,1.0,-3.0,-72.0
1775635208.792565,1.0,-2.0,-69.0
1775635208.802565,-1.0,-3.0,-72.0
1775635208.812565,0.0,1.0,-63.0
1775635208.8225653,-1.0,1.0,-69.0
1775635208.8325653,0.0,0.0,-63.0
1775635208.8425653,-2.0,0.0,-65.0
1775635208.8525653,-2.0,-1.0,-70.0
1775635208.8625653,-1.0,-2.0,-70.0
1775635208.8725653,0.0,-2.0,-66.0
1775635208.8825655,2.0,-4.0,-65.0
1775635208.8925655,3.0,-2.0,-72.0
1775635208.9025657,4.0,-2.0,-71.0
1775635208.9125657,9.0,-4.0,-66.0
1775635208.9225657,10.0,-5.0,-65.0
1775635208.9325657,3.0,-7.0,-68.0
1775635208.9425654,0.0,-4.0,-64.0
1775635208.9525654,1.0,-4.0,-64.0
1775635208.9625654,-3.0,-3.0,-63.0
1775635208.9725654,-7.0,-3.0,-66.0
1775635208.9825654,-9.0,0.0,-60.0
1775635208.9925654,-10.0,2.0,-65.0
1775635209.0025654,-9.0,5.0,-59.0
1775635209.0125654,-5.0,6.0,-55.0
1775635209.0225654,-5.0,2.0,-68.0
1775635209.0325654,-4.0,1.0,-75.0
1775635209.042565,2.0,3.0,-71.0
1775635209.052565,0.0,4.0,-71.0
1775635209.062565,-4.0,3.0,-66.0
1775635209.0725653,-4.0,2.0,-71.0
1775635209.0825653,-4.0,2.0,-69.0
1775635209.0925653,-1.0,-2.0,-68.0
1775635209.1025653,-3.0,-4.0,-64.0
1775635209.1125653,-4.0,-3.0,-64.0
1775635209.1225653,-2.0,-4.0,-60.0
1775635209.1325655,-6.0,-5.0,-59.0
1775635209.1425655,-2.0,-1.0,-61.0
1775635209.1525657,0.0,0.0,-69.0
1775635209.1625657,-1.0,2.0,-73.0
1775635209.1725657,-2.0,0.0,-68.0
1775635209.1825657,-4.0,-2.0,-73.0
1775635209.1925654,1.0,-1.0,-73.0
1775635209.2025654,0.0,-2.0,-77.0
1775635209.2125654,1.0,-3.0,-79.0
1775635209.2225654,4.0,-7.0,-83.0
1775635209.2325654,0.0,-8.0,-83.0
1775635209.2425654,-3.0,-5.0,-76.0
1775635209.2525654,-1.0,-1.0,-81.0
1775635209.2625654,0.0,-2.0,-80.0
1775635209.2725654,0.0,-1.0,-77.0
1775635209.2825654,-1.0,-3.0,-73.0
1775635209.292565,2.0,-1.0,-68.0
1775635209.302565,-3.0,-1.0,-68.0
1775635209.312565,-7.0,0.0,-72.0
1775635209.3225653,-4.0,-1.0,-65.0
1775635209.3325653,-1.0,0.0,-66.0
1775635209.3425653,-4.0,2.0,-74.0
1775635209.3525653,0.0,1.0,-66.0
1775635209.3625653,3.0,-2.0,-66.0
1775635209.3725653,0.0,-2.0,-70.0
1775635209.3825655,1.0,-5.0,-67.0
1775635209.3925655,0.0,-10.0,-68.0
1775635209.4025657,-4.0,-11.0,-68.0
1775635209.4125657,-6.0,-11.0,-77.0
1775635209.4225657,-3.0,-8.0,-81.0
1775635209.4325657,-1.0,-8.0,-76.0
1775635209.4425654,-3.0,-8.0,-70.0
1775635209.4525654,-1.0,-7.0,-66.0
1775635209.4625654,0.0,-4.0,-62.0
1775635209.4725654,-3.0,-1.0,-62.0
1775635209.4825654,-5.0,-1.0,-67.0
1775635209.4925654,-7.0,-1.0,-69.0
1775635209.5025654,-3.0,-5.0,-74.0
1775635209.5125654,-4.0,-6.0,-72.0
1775635209.5225654,-8.0,-3.0,-72.0
1775635209.5325654,-6.0,-3.0,-74.0
1775635209.542565,-5.0,-1.0,-79.0
1775635209.552565,-3.0,-2.0,-77.0
1775635209.562565,-5.0,-2.0,-71.0
1775635209.5725653,-1.0,-4.0,-70.0
1775635209.5825653,0.0,-1.0,-66.0
1775635209.5925653,0.0,-3.0,-74.0
1775635209.6025653,4.0,-7.0,-69.0
1775635209.6125653,4.0,-3.0,-68.0
1775635209.6225653,3.0,-1.0,-70.0
1775635209.6325655,3.0,-1.0,-70.0
1775635209.6425655,4.0,-5.0,-70.0
1775635209.6525657,5.0,-6.0,-64.0
1775635209.6625657,0.0,-2.0,-68.0
1775635209.6725657,-4.0,0.0,-71.0
1775635209.6825657,-3.0,-2.0,-70.0
1775635209.6925654,-8.0,-6.0,-74.0
1775635209.7025654,-10.0,-1.0,-72.0
1775635209.7125654,-9.0,-1.0,-74.0
1775635209.7225654,0.0,-2.0,-78.0
1775635209.7325654,3.0,-3.0,-77.0
1775635209.7425654,2.0,-3.0,-73.0
1775635209.7525654,-2.0,-5.0,-70.0
1775635209.7625654,-5.0,-5.0,-74.0
1775635209.7725654,-7.0,-8.0,-74.0
1775635209.7825654,1.0,-9.0,-72.0
1775635209.792565,0.0,-4.0,-68.0
1775635209.802565,0.0,0.0,-66.0
1775635209.812565,0.0,0.0,-65.0
1775635209.8225653,-3.0,0.0,-61.0
1775635209.8325653,-5.0,0.0,-61.0
1775635209.8425653,-2.0,1.0,-63.0
1775635209.8525653,-1.0,2.0,-72.0
1775635209.8625653,-1.0,-1.0,-74.0
1775635209.8725653,1.0,-4.0,-75.0
1775635209.8825655,4.0,-4.0,-79.0
1775635209.8925655,8.0,-3.0,-71.0
1775635209.9025657,3.0,-1.0,-69.0
1775635209.9125657,4.0,-4.0,-70.0
1775635209.9225657,6.0,-7.0,-72.0
1775635209.9325657,8.0,-4.0,-71.0
1775635209.9425654,11.0,-3.0,-68.0
1775635209.9525654,7.0,-5.0,-71.0
1775635209.9625654,8.0,-7.0,-71.0
1775635209.9725654,5.0,-9.0,-74.0
1775635209.9825654,2.0,-10.0,-72.0
1775635209.9925654,0.0,-7.0,-68.0
1775635210.0025654,0.0,-7.0,-74.0
1775635210.0125654,5.0,-4.0,-76.0
1775635210.0225654,3.0,-3.0,-78.0
1775635210.0325654,-5.0,-4.0,-74.0
1775635210.042565,0.0,-5.0,-78.0
1775635210.052565,0.0,-5.0,-79.0
1775635210.062565,1.0,-6.0,-73.0
1775635210.0725653,-4.0,-1.0,-73.0
1775635210.0825653,-3.0,-3.0,-78.0
1775635210.0925653,-5.0,0.0,-75.0
1775635210.1025653,-5.0,-1.0,-79.0
1775635210.1125653,-4.0,-3.0,-79.0
1775635210.1225653,0.0,-6.0,-78.0
1775635210.1325655,1.0,-4.0,-83.0
1775635210.1425655,2.0,-4.0,-75.0
1775635210.1525657,0.0,-3.0,-76.0
1775635210.1625657,-3.0,-8.0,-76.0
1775635210.1725657,-3.0,-4.0,-74.0
1775635210.1825657,-7.0,-4.0,-68.0
1775635210.1925654,-2.0,-3.0,-70.0
1775635210.2025654,-1.0,-4.0,-65.0
1775635210.2125654,-1.0,-4.0,-71.0
1775635210.2225654,-3.0,-1.0,-71.0
1775635210.2325654,0.0,2.0,-68.0
1775635210.2425654,0.0,1.0,-63.0
1775635210.2525654,1.0,5.0,-66.0
1775635210.2625654,5.0,7.0,-73.0
1775635210.2725654,4.0,6.0,-72.0
1775635210.2825654,1.0,3.0,-70.0
1775635210.292565,-2.0,4.0,-67.0
1775635210.302565,-4.0,3.0,-71.0
1775635210.312565,-2.0,4.0,-71.0
1775635210.3225653,-5.0,3.0,-71.0
1775635210.3325653,-6.0,-2.0,-69.0
1775635210.3425653,-5.0,-1.0,-70.0
1775635210.3525653,-5.0,-3.0,-68.0
1775635210.3625653,-4.0,0.0,-70.0
1775635210.3725653,-1.0,1.0,-70.0
1775635210.3825655,0.0,2.0,-65.0
1775635210.3925655,1.0,1.0,-62.0
1775635210.4025657,4.0,0.0,-66.0
1775635210.4125657,7.0,0.0,-64.0
1775635210.4225657,7.0,2.0,-57.0
1775635210.4335654,8.0,-2.0,-56.0
1775635210.4425654,4.0,-3.0,-55.0
1775635210.4525654,3.0,-4.0,-55.0
1775635210.4625654,3.0,-5.0,-56.0
1775635210.473565,-3.0,-5.0,-62.0
1775635210.4825654,-7.0,-10.0,-66.0
1775635210.493565,-7.0,-8.0,-66.0
1775635210.5035653,-5.0,-9.0,-58.0
1775635210.5135653,-3.0,-9.0,-56.0
1775635210.5235653,-8.0,-5.0,-55.0
1775635210.5335653,-6.0,0.0,-61.0
1775635210.5435653,-5.0,-2.0,-64.0
1775635210.5535655,-5.0,-1.0,-63.0
1775635210.5635655,1.0,-1.0,-60.0
1775635210.5735655,4.0,-1.0,-61.0
1775635210.5835657,1.0,-2.0,-68.0
1775635210.5935657,4.0,-5.0,-72.0
1775635210.6035657,4.0,-7.0,-73.0
1775635210.6135654,2.0,-9.0,-75.0
1775635210.6235654,4.0,-7.0,-71.0
1775635210.6335654,2.0,-11.0,-68.0
1775635210.6435654,4.0,-10.0,-63.0
1775635210.6535654,-1.0,-7.0,-68.0
1775635210.6635654,-4.0,-8.0,-70.0
1775635210.6735654,-1.0,0.0,-63.0
1775635210.6835654,-3.0,3.0,-66.0
1775635210.6935654,-2.0,5.0,-61.0
1775635210.7035654,-3.0,2.0,-63.0
1775635210.713565,-3.0,1.0,-67.0
1775635210.723565,-2.0,0.0,-77.0
1775635210.733565,0.0,-2.0,-77.0
1775635210.743565,1.0,-5.0,-73.0
1775635210.7535653,1.0,-7.0,-76.0
1775635210.7635653,0.0,-8.0,-77.0
1775635210.7735653,0.0,-7.0,-72.0
1775635210.7835653,0.0,-6.0,-74.0
1775635210.7935653,1.0,0.0,-74.0
1775635210.8035655,2.0,4.0,-69.0
1775635210.8135655,2.0,10.0,-71.0
1775635210.8235655,0.0,8.0,-68.0
1775635210.8335657,-1.0,2.0,-70.0
1775635210.8435657,-2.0,0.0,-72.0
1775635210.8535657,-3.0,0.0,-71.0
1775635210.8635654,-3.0,2.0,-71.0
1775635210.8735654,-3.0,-3.0,-62.0
1775635210.8835654,0.0,-2.0,-55.0
1775635210.8935654,0.0,0.0,-51.0
1775635210.9035654,0.0,0.0,-49.0
1775635210.9135654,-3.0,0.0,-51.0
1775635210.9235654,-1.0,-4.0,-52.0
1775635210.9335654,-3.0,-2.0,-52.0
1775635210.9435654,-3.0,-2.0,-55.0
1775635210.9535654,-2.0,-5.0,-57.0
1775635210.963565,0.0,-6.0,-57.0
1775635210.973565,-1.0,-3.0,-55.0
1775635210.983565,0.0,3.0,-53.0
1775635210.993565,1.0,-1.0,-55.0
1775635211.0035653,2.0,-1.0,-57.0
1775635211.0135653,0.0,-1.0,-64.0
1775635211.0235653,0.0,-3.0,-65.0
1775635211.0335653,-1.0,-4.0,-66.0
1775635211.0435653,-2.0,-5.0,-72.0
1775635211.0535655,-1.0,-7.0,-72.0
1775635211.0635655,0.0,-8.0,-69.0
1775635211.0735655,0.0,-6.0,-70.0
1775635211.0835657,0.0,-5.0,-69.0
1775635211.0935657,-4.0,-3.0,-65.0
1775635211.1035657,-6.0,-4.0,-62.0
1775635211.1135654,-2.0,-7.0,-68.0
1775635211.1235654,0.0,-6.0,-68.0
1775635211.1335654,4.0,-1.0,-64.0
1775635211.1435654,7.0,0.0,-63.0
1775635211.1535654,5.0,0.0,-62.0
1775635211.1635654,1.0,0.0,-63.0
1775635211.1735654,2.0,-1.0,-65.0
1775635211.1835654,0.0,-3.0,-63.0
1775635211.1935654,2.0,-1.0,-63.0
1775635211.2035654,2.0,-7.0,-68.0
1775635211.213565,0.0,-6.0,-64.0
1775635211.223565,3.0,-4.0,-65.0
1775635211.233565,2.0,-5.0,-66.0
1775635211.243565,2.0,-2.0,-65.0
1775635211.2535653,0.0,2.0,-63.0
1775635211.2635653,1.0,3.0,-62.0
1775635211.2735653,1.0,2.0,-61.0
1775635211.2835653,2.0,1.0,-64.0
1775635211.2935653,0.0,1.0,-67.0
1775635211.3035655,0.0,3.0,-68.0
1775635211.3135655,-2.0,2.0,-75.0
1775635211.3235655,-4.0,0.0,-73.0
1775635211.3335657,-2.0,0.0,-69.0
1775635211.3435657,-3.0,1.0,-70.0
1775635211.3535657,-1.0,0.0,-62.0
1775635211.3635654,-1.0,2.0,-68.0
1775635211.3735654,-3.0,3.0,-72.0
1775635211.3835654,-2.0,7.0,-72.0
1775635211.3935654,-6.0,1.0,-72.0
1775635211.4035654,-5.0,0.0,-71.0
1775635211.4135654,-4.0,-1.0,-71.0
1775635211.4235654,-4.0,0.0,-66.0
1775635211.4335654,-5.0,0.0,-66.0
1775635211.4435654,-1.0,0.0,-70.0
1775635211.4535654,-4.0,0.0,-69.0
1775635211.463565,-1.0,0.0,-72.0
1775635211.473565,0.0,1.0,-71.0
1775635211.483565,-1.0,0.0,-74.0
1775635211.493565,-2.0,-1.0,-79.0
1775635211.5035653,-2.0,-2.0,-76.0
1775635211.5135653,0.0,0.0,-68.0
1775635211.5235653,-3.0,0.0,-69.0
1775635211.5335653,-5.0,6.0,-69.0
1775635211.5435653,-4.0,5.0,-69.0
1775635211.5535655,-1.0,6.0,-71.0
1775635211.5635655,-1.0,4.0,-72.0
1775635211.5735655,0.0,1.0,-72.0
1775635211.5835657,0.0,-1.0,-77.0
1775635211.5935657,5.0,-1.0,-80.0
1775635211.6035657,7.0,0.0,-73.0
1775635211.6135654,3.0,1.0,-72.0
1775635211.6235654,-1.0,1.0,-73.0
1775635211.6335654,-2.0,-1.0,-73.0
1775635211.6435654,-1.0,-3.0,-70.0
1775635211.6535654,-1.0,-2.0,-61.0
1775635211.6635654,-2.0,-3.0,-59.0
1775635211.6735654,-4.0,1.0,-63.0
1775635211.6835654,0.0,0.0,-66.0
1775635211.6935654,0.0,2.0,-59.0
1775635211.7035654,-2.0,-2.0,-65.0
1775635211.713565,-7.0,-2.0,-65.0
1775635211.723565,-7.0,-4.0,-63.0
1775635211.733565,-5.0,-5.0,-58.0
1775635211.743565,-5.0,-3.0,-57.0
1775635211.7535653,-5.0,-3.0,-62.0
1775635211.7635653,-6.0,-3.0,-65.0
1775635211.7735653,-1.0,0.0,-64.0
1775635211.7835653,0.0,0.0,-67.0
1775635211.7935653,4.0,-1.0,-68.0
1775635211.8035655,2.0,0.0,-67.0
1775635211.8135655,1.0,0.0,-76.0
1775635211.8235655,1.0,2.0,-74.0
1775635211.8335657,1.0,1.0,-74.0
1775635211.8435657,0.0,4.0,-66.0
1775635211.8535657,-3.0,3.0,-64.0
1775635211.8635654,0.0,4.0,-65.0
1775635211.8735654,0.0,3.0,-70.0
1775635211.8835654,0.0,0.0,-74.0
1775635211.8935654,-1.0,-1.0,-74.0
1775635211.9035654,0.0,-2.0,-68.0
1775635211.9135654,3.0,3.0,-67.0
1775635211.9235654,1.0,1.0,-69.0
1775635211.9335654,1.0,0.0,-69.0
1775635211.9435654,2.0,0.0,-67.0
1775635211.9535654,2.0,0.0,-67.0
1775635211.963565,-1.0,1.0,-72.0
1775635211.973565,-1.0,3.0,-73.0
1775635211.983565,-1.0,0.0,-75.0
1775635211.993565,-2.0,-4.0,-79.0
1775635212.0035653,-3.0,-6.0,-80.0
1775635212.0135653,-3.0,-5.0,-72.0
1775635212.0235653,0.0,-5.0,-72.0
1775635212.0335653,0.0,-2.0,-73.0
1775635212.0435653,0.0,0.0,-73.0
1775635212.0535655,-2.0,-1.0,-71.0
1775635212.0635655,-2.0,0.0,-67.0
1775635212.0735655,-3.0,-5.0,-67.0
1775635212.0835657,-6.0,-6.0,-72.0
1775635212.0935657,-6.0,-9.0,-72.0
1775635212.1035657,-1.0,-8.0,-73.0
1775635212.1135654,0.0,-10.0,-76.0
1775635212.1235654,0.0,-5.0,-72.0
1775635212.1335654,-5.0,-1.0,-59.0
1775635212.1435654,-9.0,-3.0,-57.0
1775635212.1535654,-9.0,-1.0,-57.0
1775635212.1635654,-11.0,1.0,-56.0
1775635212.1735654,-6.0,0.0,-60.0
1775635212.1835654,-7.0,0.0,-59.0
1775635212.1935654,-2.0,-3.0,-61.0
1775635212.2035654,-3.0,0.0,-60.0
1775635212.213565,0.0,-2.0,-61.0
1775635212.223565,0.0,-2.0,-67.0
1775635212.233565,-3.0,-2.0,-67.0
1775635212.243565,-2.0,-3.0,-64.0
1775635212.2535653,0.0,-3.0,-62.0
1775635212.2635653,0.0,-1.0,-61.0
1775635212.2735653,1.0,-2.0,-59.0
1775635212.2835653,1.0,-3.0,-57.0
1775635212.2935653,-1.0,-3.0,-56.0
1775635212.3035655,-8.0,-2.0,-52.0
1775635212.3135655,-8.0,-3.0,-59.0
1775635212.3235655,-5.0,-6.0,-57.0
1775635212.3335657,-1.0,-1.0,-57.0
1775635212.3435657,-1.0,0.0,-59.0
1775635212.3535657,-3.0,0.0,-59.0
1775635212.3635654,0.0,-2.0,-60.0
1775635212.3735654,0.0,-1.0,-66.0
1775635212.3835654,0.0,-1.0,-67.0
1775635212.3935654,-2.0,-1.0,-70.0
1775635212.4035654,-4.0,-3.0,-64.0
1775635212.4135654,-5.0,-3.0,-65.0
1775635212.4235654,-6.0,-6.0,-67.0
1775635212.4335654,-4.0,-6.0,-73.0
1775635212.4435654,-1.0,-1.0,-76.0
1775635212.4535654,-4.0,-4.0,-73.0
1775635212.463565,-3.0,-5.0,-73.0
1775635212.473565,0.0,-3.0,-75.0
1775635212.483565,5.0,-2.0,-73.0
1775635212.493565,4.0,-4.0,-70.0
1775635212.5035653,1.0,-2.0,-65.0
1775635212.5135653,2.0,0.0,-69.0
1775635212.5235653,0.0,-2.0,-73.0
1775635212.5335653,1.0,-3.0,-67.0
1775635212.5435653,0.0,-5.0,-63.0
1775635212.5535655,0.0,-9.0,-58.0
1775635212.5635655,-3.0,-5.0,-59.0
1775635212.5735655,-5.0,-6.0,-70.0
1775635212.5835657,-4.0,-7.0,-73.0
1775635212.5935657,-6.0,-8.0,-72.0
1775635212.6035657,-8.0,-9.0,-73.0
1775635212.6135654,-5.0,-9.0,-74.0
1775635212.6235654,-3.0,-5.0,-72.0
1775635212.6335654,-4.0,-3.0,-73.0
1775635212.6435654,-1.0,1.0,-80.0
1775635212.6535654,-1.0,1.0,-79.0
1775635212.6635654,-2.0,0.0,-76.0
1775635212.6735654,-5.0,-3.0,-71.0
1775635212.6835654,-6.0,-8.0,-70.0
1775635212.6935654,-6.0,-4.0,-70.0
1775635212.7035654,-3.0,-3.0,-69.0
1775635212.713565,-7.0,-1.0,-71.0
1775635212.723565,-7.0,-4.0,-70.0
1775635212.733565,0.0,-5.0,-69.0
1775635212.743565,0.0,-2.0,-71.0
1775635212.7535653,0.0,0.0,-65.0
1775635212.7635653,-7.0,-1.0,-67.0
1775635212.7735653,-9.0,2.0,-72.0
1775635212.7835653,-8.0,6.0,-68.0
1775635212.7945654,-6.0,2.0,-61.0
1775635212.8035655,-6.0,1.0,-59.0
1775635212.8145654,-4.0,0.0,-64.0
1775635212.8245654,-4.0,0.0,-67.0
1775635212.8345654,-5.0,5.0,-71.0
1775635212.8445654,-4.0,-1.0,-74.0
1775635212.8545654,-7.0,0.0,-66.0
1775635212.8645654,-10.0,0.0,-66.0
1775635212.8745654,-8.0,5.0,-68.0
1775635212.8845654,-7.0,5.0,-63.0
1775635212.894565,-4.0,3.0,-70.0
1775635212.904565,-4.0,0.0,-71.0
1775635212.914565,-3.0,0.0,-72.0
1775635212.9245653,-2.0,-3.0,-68.0
1775635212.9345653,-2.0,-2.0,-63.0
1775635212.9445653,1.0,0.0,-66.0
1775635212.9545653,0.0,-5.0,-63.0
1775635212.9645653,5.0,-7.0,-67.0
1775635212.9745653,1.0,-10.0,-69.0
1775635212.9845655,2.0,-7.0,-65.0
1775635212.9945655,2.0,-8.0,-64.0
1775635213.0045657,1.0,-8.0,-67.0
1775635213.0145657,-1.0,-6.0,-82.0
1775635213.0245657,1.0,-4.0,-79.0
1775635213.0345654,5.0,-4.0,-74.0
1775635213.0445654,8.0,-3.0,-65.0
1775635213.0545654,2.0,-1.0,-63.0
1775635213.0645654,0.0,-1.0,-58.0
1775635213.0745654,-4.0,1.0,-68.0
1775635213.0845654,-4.0,5.0,-65.0
1775635213.0945654,-7.0,6.0,-64.0
1775635213.1045654,-4.0,5.0,-66.0
1775635213.1145654,-5.0,5.0,-65.0
1775635213.1245654,-5.0,6.0,-62.0
1775635213.1345654,-7.0,6.0,-62.0
1775635213.144565,-8.0,6.0,-64.0
1775635213.154565,-9.0,3.0,-61.0
1775635213.164565,-5.0,1.0,-60.0
1775635213.1745653,-4.0,3.0,-62.0
1775635213.1845653,-1.0,1.0,-62.0
1775635213.1945653,1.0,0.0,-59.0
1775635213.2045653,3.0,0.0,-63.0
1775635213.2145653,1.0,2.0,-66.0
1775635213.2245653,-2.0,4.0,-65.0
1775635213.2345655,-3.0,0.0,-70.0
1775635213.2445655,-3.0,-5.0,-75.0
1775635213.2545657,-6.0,-4.0,-68.0
1775635213.2645657,-3.0,-4.0,-68.0
1775635213.2745657,-2.0,-2.0,-67.0
1775635213.2845654,0.0,-2.0,-64.0
1775635213.2945654,2.0,-3.0,-64.0
1775635213.3045654,2.0,-5.0,-63.0
1775635213.3145654,1.0,-4.0,-67.0
1775635213.3245654,1.0,0.0,-70.0
1775635213.3345654,5.0,1.0,-66.0
1775635213.3445654,10.0,0.0,-72.0
1775635213.3545654,3.0,-2.0,-73.0
1775635213.3645654,1.0,0.0,-73.0
1775635213.3745654,0.0,0.0,-77.0
1775635213.3845654,0.0,0.0,-74.0
1775635213.394565,1.0,1.0,-69.0
1775635213.404565,2.0,-1.0,-63.0
1775635213.414565,-2.0,-6.0,-60.0
1775635213.4245653,0.0,-5.0,-60.0
1775635213.4345653,-2.0,-7.0,-62.0
1775635213.4445653,-4.0,-7.0,-66.0
1775635213.4545653,-3.0,-10.0,-63.0
1775635213.4645653,1.0,-9.0,-63.0
1775635213.4745653,0.0,-7.0,-60.0
1775635213.4845655,4.0,-9.0,-56.0
1775635213.4945655,4.0,-8.0,-61.0
1775635213.5045657,5.0,-5.0,-64.0
1775635213.5145657,2.0,-6.0,-64.0
1775635213.5245657,-1.0,-2.0,-70.0
1775635213.5345654,-1.0,-4.0,-70.0
1775635213.5445654,0.0,-6.0,-73.0
1775635213.5545654,0.0,-4.0,-72.0
1775635213.5645654,1.0,-3.0,-74.0
1775635213.5745654,0.0,-2.0,-71.0
1775635213.5845654,0.0,-1.0,-70.0
1775635213.5945654,0.0,-2.0,-73.0
1775635213.6045654,1.0,2.0,-67.0
1775635213.6145654,0.0,3.0,-62.0
1775635213.6245654,3.0,2.0,-65.0
1775635213.6345654,2.0,1.0,-69.0
1775635213.644565,1.0,-1.0,-69.0
1775635213.654565,2.0,1.0,-72.0
1775635213.664565,0.0,1.0,-70.0
1775635213.6745653,1.0,-1.0,-69.0
1775635213.6845653,-2.0,1.0,-57.0
1775635213.6945653,0.0,-1.0,-61.0
1775635213.7045653,-1.0,-3.0,-61.0
1775635213.7145653,-4.0,-4.0,-58.0
1775635213.7245653,-5.0,-1.0,-56.0
1775635213.7345655,-5.0,2.0,-58.0
1775635213.7445655,0.0,-1.0,-63.0
1775635213.7545657,2.0,-2.0,-66.0
1775635213.7645657,3.0,0.0,-65.0
1775635213.7745657,-2.0,-1.0,-64.0
1775635213.7845654,-6.0,1.0,-66.0
1775635213.7945654,-1.0,-1.0,-70.0
1775635213.8045654,-3.0,0.0,-66.0
1775635213.8145654,-4.0,0.0,-65.0
1775635213.8245654,-8.0,0.0,-61.0
1775635213.8345654,-3.0,0.0,-67.0
1775635213.8445654,-4.0,0.0,-71.0
1775635213.8545654,-4.0,0.0,-72.0
1775635213.8645654,-4.0,-2.0,-76.0
1775635213.8745654,-3.0,-3.0,-76.0
1775635213.8845654,-2.0,-2.0,-68.0
1775635213.894565,3.0,0.0,-72.0
1775635213.904565,0.0,0.0,-69.0
1775635213.914565,0.0,0.0,-66.0
1775635213.9245653,0.0,1.0,-60.0
1775635213.9345653,1.0,0.0,-63.0
1775635213.9445653,1.0,-4.0,-64.0
1775635213.9545653,0.0,-3.0,-60.0
1775635213.9645653,-1.0,1.0,-63.0
1775635213.9745653,0.0,0.0,-69.0
1775635213.9845655,-2.0,0.0,-70.0
1775635213.9945655,0.0,-3.0,-67.0
1775635214.0045657,-2.0,-5.0,-63.0
1775635214.0145657,-3.0,-8.0,-67.0
1775635214.0245657,0.0,-6.0,-70.0
1775635214.0345654,3.0,-4.0,-68.0
1775635214.0445654,7.0,-3.0,-61.0
1775635214.0545654,2.0,0.0,-57.0
1775635214.0645654,-4.0,-2.0,-58.0
1775635214.0745654,1.0,-2.0,-54.0
1775635214.0845654,1.0,0.0,-58.0
1775635214.0945654,-4.0,-2.0,-61.0
1775635214.1045654,-2.0,-8.0,-62.0
1775635214.1145654,0.0,-8.0,-66.0
1775635214.1245654,0.0,-5.0,-68.0
1775635214.1345654,-1.0,-1.0,-69.0
1775635214.144565,-1.0,-1.0,-67.0
1775635214.154565,0.0,1.0,-66.0
1775635214.164565,3.0,0.0,-66.0
1775635214.1745653,4.0,0.0,-66.0
1775635214.1845653,0.0,6.0,-71.0
1775635214.1945653,2.0,3.0,-71.0
1775635214.2045653,4.0,1.0,-76.0
1775635214.2145653,2.0,0.0,-81.0
1775635214.2245653,7.0,-1.0,-72.0
1775635214.2345655,9.0,-3.0,-70.0
1775635214.2445655,7.0,-7.0,-69.0
1775635214.2545657,7.0,-4.0,-78.0
1775635214.2645657,5.0,-2.0,-75.0
1775635214.2745657,6.0,-3.0,-71.0
1775635214.2845654,10.0,-3.0,-73.0
1775635214.2945654,8.0,-6.0,-78.0
1775635214.3045654,5.0,-4.0,-76.0
1775635214.3145654,4.0,-8.0,-80.0
1775635214.3245654,2.0,-8.0,-75.0
1775635214.3345654,2.0,-5.0,-63.0
1775635214.3445654,1.0,-2.0,-62.0
1775635214.3545654,-1.0,-1.0,-65.0
1775635214.3645654,-3.0,-3.0,-68.0
1775635214.3745654,-3.0,-4.0,-68.0
1775635214.3845654,0.0,1.0,-71.0
1775635214.394565,0.0,5.0,-70.0
1775635214.404565,-1.0,5.0,-76.0
1775635214.414565,-6.0,6.0,-79.0
1775635214.4245653,-8.0,6.0,-84.0
1775635214.4345653,-4.0,5.0,-81.0
1775635214.4445653,-2.0,2.0,-80.0
1775635214.4545653,0.0,1.0,-80.0
1775635214.4645653,0.0,-7.0,-77.0
1775635214.4745653,4.0,-7.0,-75.0
1775635214.4845655,2.0,-5.0,-70.0
1775635214.4945655,0.0,0.0,-68.0
1775635214.5045657,0.0,1.0,-70.0
1775635214.5145657,1.0,1.0,-73.0
1775635214.5245657,-1.0,0.0,-72.0
1775635214.5345654,0.0,0.0,-76.0
1775635214.5445654,-3.0,-2.0,-74.0
1775635214.5545654,-2.0,-2.0,-75.0
1775635214.5645654,-4.0,-2.0,-71.0
1775635214.5745654,-8.0,0.0,-75.0
1775635214.5845654,-5.0,1.0,-71.0
1775635214.5945654,-4.0,-2.0,-69.0
1775635214.6045654,-8.0,-2.0,-67.0
1775635214.6145654,-4.0,-2.0,-55.0
1775635214.6245654,1.0,-4.0,-58.0
1775635214.6345654,-1.0,-2.0,-60.0
1775635214.644565,-5.0,-5.0,-60.0
1775635214.654565,-7.0,-4.0,-65.0
1775635214.664565,-4.0,-1.0,-64.0
1775635214.6745653,-2.0,0.0,-62.0
1775635214.6845653,-5.0,4.0,-67.0
1775635214.6945653,-1.0,0.0,-61.0
1775635214.7045653,2.0,-2.0,-63.0
1775635214.7145653,-1.0,-3.0,-59.0
1775635214.7245653,1.0,-3.0,-67.0
1775635214.7345655,4.0,-1.0,-69.0
1775635214.7445655,3.0,-4.0,-69.0
1775635214.7545657,6.0,-4.0,-73.0
1775635214.7645657,4.0,-7.0,-69.0
1775635214.7745657,8.0,-5.0,-66.0
1775635214.7845654,9.0,-4.0,-72.0
1775635214.7945654,7.0,-1.0,-75.0
1775635214.8045654,5.0,4.0,-78.0
1775635214.8145654,3.0,3.0,-85.0
1775635214.8245654,7.0,6.0,-80.0
1775635214.8345654,1.0,4.0,-77.0
1775635214.8445654,0.0,1.0,-79.0
1775635214.8545654,0.0,2.0,-79.0
1775635214.8645654,-2.0,2.0,-70.0
1775635214.8745654,-4.0,2.0,-64.0
1775635214.8845654,-3.0,4.0,-61.0
1775635214.894565,0.0,3.0,-56.0
1775635214.904565,0.0,0.0,-54.0
1775635214.914565,1.0,-2.0,-54.0
1775635214.9245653,1.0,1.0,-57.0
1775635214.9345653,2.0,0.0,-58.0
1775635214.9445653,0.0,0.0,-63.0
1775635214.9545653,0.0,6.0,-68.0
1775635214.9645653,0.0,0.0,-70.0
1775635214.9745653,1.0,0.0,-70.0
1775635214.9845655,-1.0,-1.0,-68.0
1775635214.9945655,-3.0,0.0,-69.0
1775635215.0045657,-1.0,1.0,-65.0
1775635215.0145657,-3.0,3.0,-62.0
1775635215.0245657,-1.0,-4.0,-61.0
1775635215.0345654,-1.0,0.0,-59.0
1775635215.0445654,-1.0,-2.0,-55.0
1775635215.0545654,2.0,-3.0,-55.0
1775635215.0645654,4.0,-1.0,-54.0
1775635215.0745654,3.0,0.0,-54.0
1775635215.0845654,4.0,3.0,-63.0
1775635215.0945654,0.0,0.0,-66.0
1775635215.1055653,-3.0,3.0,-65.0
1775635215.1145654,-1.0,2.0,-65.0
1775635215.1255653,-2.0,3.0,-67.0
1775635215.1345654,-3.0,4.0,-66.0
1775635215.1455653,-6.0,4.0,-72.0
1775635215.1555655,1.0,5.0,-78.0
1775635215.1655655,2.0,0.0,-72.0
1775635215.1755655,0.0,-1.0,-65.0
1775635215.1855657,-1.0,-2.0,-72.0
1775635215.1955657,0.0,0.0,-74.0
1775635215.2055657,-2.0,0.0,-70.0
1775635215.2155654,0.0,-3.0,-63.0
1775635215.2255654,-1.0,-3.0,-59.0
1775635215.2355654,1.0,-7.0,-65.0
1775635215.2455654,3.0,-3.0,-64.0
1775635215.2555654,0.0,1.0,-58.0
1775635215.2655654,1.0,5.0,-58.0
1775635215.2755654,1.0,5.0,-52.0
1775635215.2855654,-2.0,1.0,-42.0
1775635215.2955654,0.0,2.0,-48.0
1775635215.3055654,0.0,1.0,-56.0
1775635215.315565,0.0,-1.0,-64.0
1775635215.325565,-1.0,-3.0,-66.0
1775635215.335565,0.0,-3.0,-64.0
1775635215.3455653,-1.0,-8.0,-67.0
1775635215.3555653,1.0,-9.0,-64.0
1775635215.3655653,4.0,-11.0,-74.0
1775635215.3755653,2.0,-12.0,-81.0
1775635215.3855653,2.0,-11.0,-79.0
1775635215.3955653,5.0,-10.0,-84.0
1775635215.4055655,3.0,-10.0,-82.0
1775635215.4155655,4.0,-9.0,-77.0
1775635215.4255655,5.0,-6.0,-78.0
1775635215.4355657,5.0,-3.0,-77.0
1775635215.4455657,1.0,-1.0,-78.0
1775635215.4555657,-2.0,-7.0,-70.0
1775635215.4655654,1.0,-8.0,-63.0
1775635215.4755654,2.0,-8.0,-60.0
1775635215.4855654,2.0,-12.0,-58.0
1775635215.4955654,7.0,-8.0,-65.0
1775635215.5055654,0.0,-8.0,-64.0
1775635215.5155654,-1.0,-5.0,-66.0
1775635215.5255654,-4.0,-3.0,-73.0
1775635215.5355654,-5.0,1.0,-80.0
1775635215.5455654,-5.0,0.0,-84.0
1775635215.5555654,0.0,4.0,-78.0
1775635215.565565,0.0,4.0,-76.0
1775635215.575565,0.0,5.0,-70.0
1775635215.585565,3.0,3.0,-65.0
1775635215.5955653,1.0,0.0,-65.0
1775635215.6055653,3.0,-1.0,-65.0
1775635215.6155653,2.0,0.0,-64.0
1775635215.6255653,0.0,0.0,-58.0
1775635215.6355653,2.0,4.0,-56.0
1775635215.6455653,0.0,3.0,-57.0
1775635215.6555655,-1.0,4.0,-55.0
1775635215.6655655,-9.0,3.0,-61.0
1775635215.6755655,-6.0,1.0,-68.0
1775635215.6855657,-4.0,1.0,-66.0
1775635215.6955657,-2.0,0.0,-64.0
1775635215.7055657,0.0,-3.0,-64.0
1775635215.7155654,1.0,0.0,-69.0
1775635215.7255654,-2.0,2.0,-69.0
1775635215.7355654,0.0,4.0,-66.0
1775635215.7455654,-2.0,4.0,-65.0
1775635215.7555654,3.0,1.0,-67.0
1775635215.7655654,4.0,-3.0,-69.0
1775635215.7755654,7.0,-4.0,-77.0
1775635215.7855654,5.0,-4.0,-74.0
1775635215.7955654,4.0,-2.0,-80.0
1775635215.8055654,0.0,-4.0,-78.0
1775635215.815565,-4.0,-6.0,-75.0
1775635215.825565,-7.0,-6.0,-76.0
1775635215.835565,-4.0,-9.0,-68.0
1775635215.8455653,-2.0,-5.0,-66.0
1775635215.8555653,-2.0,-6.0,-66.0
1775635215.8655653,-5.0,-6.0,-72.0
1775635215.8755653,-1.0,-3.0,-74.0
1775635215.8855653,4.0,-3.0,-73.0
1775635215.8955653,3.0,-1.0,-68.0
1775635215.9055655,4.0,-5.0,-65.0
1775635215.9155655,1.0,-4.0,-66.0
1775635215.9255655,2.0,-4.0,-63.0
1775635215.9355657,3.0,-5.0,-67.0
1775635215.9455657,1.0,-6.0,-68.0
1775635215.9555657,2.0,-8.0,-68.0
1775635215.9655654,1.0,-9.0,-62.0
1775635215.9755654,0.0,-7.0,-57.0
1775635215.9855654,-3.0,-5.0,-63.0
1775635215.9955654,-3.0,-3.0,-62.0
1775635216.0055654,-1.0,0.0,-63.0
1775635216.0155654,-1.0,1.0,-59.0
1775635216.0255654,-1.0,0.0,-60.0
1775635216.0355654,0.0,2.0,-55.0
1775635216.0455654,4.0,1.0,-67.0
1775635216.0555654,9.0,2.0,-63.0
1775635216.065565,7.0,1.0,-64.0
1775635216.075565,8.0,0.0,-68.0
1775635216.085565,10.0,0.0,-68.0
1775635216.0955653,9.0,4.0,-72.0
1775635216.1055653,10.0,0.0,-75.0
1775635216.1155653,11.0,-6.0,-73.0
1775635216.1255653,10.0,-7.0,-69.0
1775635216.1355653,7.0,-5.0,-73.0
1775635216.1455653,5.0,-5.0,-75.0
1775635216.1555655,0.0,-4.0,-77.0
1775635216.1655655,0.0,-6.0,-77.0
1775635216.1755655,-1.0,-7.0,-66.0
1775635216.1855657,0.0,-9.0,-63.0
1775635216.1955657,0.0,-10.0,-65.0
1775635216.2055657,3.0,-7.0,-64.0
1775635216.2155654,3.0,-6.0,-65.0
1775635216.2255654,0.0,-6.0,-68.0
1775635216.2355654,-2.0,-5.0,-72.0
1775635216.2455654,-3.0,-3.0,-72.0
1775635216.2555654,-3.0,1.0,-75.0
1775635216.2655654,0.0,2.0,-76.0
1775635216.2755654,0.0,4.0,-76.0
1775635216.2865653,4.0,1.0,-76.0
1775635216.2955654,7.0,2.0,-76.0
1775635216.3055654,8.0,4.0,-77.0
1775635216.315565,5.0,4.0,-75.0
1775635216.325565,1.0,-3.0,-77.0
1775635216.335565,1.0,-2.0,-81.0
1775635216.3455653,0.0,0.0,-83.0
1775635216.3555653,-1.0,-1.0,-73.0
1775635216.3655653,-3.0,-3.0,-67.0
1775635216.3755653,-3.0,0.0,-61.0
1775635216.3855653,-2.0,1.0,-55.0
1775635216.3955653,-2.0,0.0,-58.0
1775635216.4055655,0.0,1.0,-60.0
1775635216.4155655,-4.0,1.0,-62.0
1775635216.4255655,-3.0,0.0,-62.0
1775635216.4355657,0.0,-2.0,-65.0
1775635216.4455657,-6.0,-2.0,-65.0
1775635216.4555657,-8.0,-1.0,-66.0
1775635216.4655654,-5.0,-1.0,-62.0
1775635216.4755654,-4.0,-1.0,-59.0
1775635216.4855654,-4.0,0.0,-59.0
1775635216.4955654,-3.0,1.0,-54.0
1775635216.5055654,-4.0,3.0,-57.0
1775635216.5155654,-4.0,3.0,-64.0
1775635216.5255654,-6.0,3.0,-64.0
1775635216.5355654,-3.0,0.0,-58.0
1775635216.5455654,0.0,-2.0,-56.0
1775635216.5555654,2.0,-1.0,-55.0
1775635216.565565,1.0,2.0,-51.0
1775635216.575565,-4.0,4.0,-52.0
1775635216.585565,-6.0,5.0,-54.0
1775635216.5955653,-4.0,8.0,-55.0
1775635216.6055653,-2.0,7.0,-57.0
1775635216.6155653,-9.0,1.0,-63.0
1775635216.6255653,-6.0,2.0,-61.0
1775635216.6355653,-7.0,0.0,-60.0
1775635216.6455653,-11.0,-3.0,-58.0
1775635216.6555655,-12.0,-6.0,-66.0
1775635216.6655655,-9.0,-4.0,-71.0
1775635216.6755655,-7.0,0.0,-71.0
1775635216.6855657,-5.0,2.0,-73.0
1775635216.6955657,-2.0,3.0,-71.0
1775635216.7055657,0.0,6.0,-74.0
1775635216.7155654,0.0,2.0,-75.0
1775635216.7255654,3.0,-6.0,-72.0
1775635216.7355654,4.0,-9.0,-76.0
1775635216.7455654,0.0,-8.0,-75.0
1775635216.7555654,-1.0,-7.0,-78.0
1775635216.7655654,3.0,-4.0,-74.0
1775635216.7755654,6.0,-5.0,-79.0
1775635216.7855654,6.0,-2.0,-81.0
1775635216.7955654,3.0,2.0,-84.0
1775635216.8055654,-3.0,1.0,-83.0
1775635216.815565,0.0,0.0,-77.0
1775635216.825565,0.0,-1.0,-66.0
1775635216.835565,-2.0,1.0,-62.0
1775635216.8455653,-8.0,0.0,-59.0
1775635216.8555653,-7.0,3.0,-62.0
1775635216.8655653,-10.0,4.0,-63.0
1775635216.8755653,-3.0,3.0,-65.0
1775635216.8855653,-1.0,1.0,-68.0
1775635216.8955653,-2.0,0.0,-71.0
1775635216.9055655,0.0,0.0,-66.0
1775635216.9155655,-1.0,0.0,-62.0
1775635216.9255655,0.0,-3.0,-59.0
1775635216.9355657,0.0,-6.0,-63.0
1775635216.9455657,0.0,-3.0,-73.0
1775635216.9555657,3.0,-5.0,-70.0
1775635216.9655654,3.0,-7.0,-67.0
1775635216.9755654,3.0,-4.0,-60.0
1775635216.9855654,2.0,-2.0,-51.0
1775635216.9955654,1.0,0.0,-54.0
1775635217.0055654,1.0,-2.0,-56.0
1775635217.0155654,1.0,2.0,-56.0
1775635217.0255654,-1.0,2.0,-61.0
1775635217.0355654,-1.0,-1.0,-59.0
1775635217.0455654,0.0,0.0,-68.0
1775635217.0555654,0.0,0.0,-60.0
1775635217.065565,-8.0,2.0,-60.0
1775635217.075565,-4.0,2.0,-65.0
1775635217.085565,-4.0,5.0,-71.0
1775635217.0955653,-6.0,5.0,-74.0
1775635217.1055653,-3.0,5.0,-73.0
1775635217.1155653,0.0,3.0,-77.0
1775635217.1255653,-3.0,5.0,-72.0
1775635217.1355653,-5.0,5.0,-76.0
1775635217.1455653,-3.0,8.0,-76.0
1775635217.1555655,-4.0,3.0,-78.0
1775635217.1655655,-8.0,4.0,-77.0
1775635217.1755655,-9.0,6.0,-75.0
1775635217.1855657,-9.0,6.0,-76.0
1775635217.1955657,-4.0,2.0,-76.0
1775635217.2055657,-2.0,0.0,-74.0
1775635217.2155654,-3.0,-5.0,-69.0
1775635217.2255654,0.0,-3.0,-68.0
1775635217.2355654,-4.0,-5.0,-70.0
1775635217.2455654,-5.0,-6.0,-69.0
1775635217.2555654,-1.0,-6.0,-69.0
1775635217.2655654,-2.0,-6.0,-70.0
1775635217.2755654,-2.0,-7.0,-70.0
1775635217.2855654,0.0,-6.0,-71.0
1775635217.2955654,0.0,-8.0,-68.0
1775635217.3055654,1.0,-4.0,-68.0
1775635217.315565,2.0,-4.0,-59.0
1775635217.325565,0.0,-6.0,-58.0
1775635217.335565,-1.0,-4.0,-56.0
1775635217.3455653,1.0,-6.0,-48.0
1775635217.3555653,-7.0,-5.0,-46.0
1775635217.3655653,-6.0,-10.0,-52.0
1775635217.3755653,-4.0,-9.0,-56.0
1775635217.3855653,-1.0,-9.0,-59.0
1775635217.3955653,0.0,-7.0,-64.0
1775635217.4055655,0.0,-6.0,-65.0
1775635217.4165654,2.0,-7.0,-73.0
1775635217.4265654,0.0,-9.0,-66.0
1775635217.4365654,0.0,-6.0,-60.0
1775635217.4455657,3.0,-5.0,-55.0
1775635217.4565654,-1.0,-5.0,-61.0
1775635217.4665654,1.0,0.0,-68.0
1775635217.4755654,3.0,1.0,-62.0
1775635217.4865654,0.0,4.0,-57.0
1775635217.496565,0.0,0.0,-61.0
1775635217.506565,0.0,-1.0,-65.0
1775635217.516565,-2.0,-1.0,-64.0
1775635217.5265653,-5.0,0.0,-67.0
1775635217.5365653,-5.0,0.0,-75.0
1775635217.5465653,-5.0,3.0,-70.0
1775635217.5565653,0.0,7.0,-68.0
1775635217.5665653,-1.0,9.0,-65.0
1775635217.5765653,-2.0,11.0,-61.0
1775635217.5865655,-4.0,10.0,-59.0
1775635217.5965655,-4.0,10.0,-58.0
1775635217.6065657,-5.0,10.0,-58.0
1775635217.6165657,-2.0,6.0,-57.0
1775635217.6265657,-3.0,5.0,-58.0
1775635217.6365654,-4.0,1.0,-65.0
1775635217.6465654,0.0,0.0,-67.0
1775635217.6565654,1.0,0.0,-68.0
1775635217.6665654,1.0,0.0,-64.0
1775635217.6765654,0.0,-1.0,-67.0
1775635217.6865654,-4.0,-1.0,-65.0
1775635217.6965654,-8.0,-2.0,-68.0
1775635217.7065654,-3.0,-4.0,-70.0
1775635217.7165654,1.0,-7.0,-72.0
1775635217.7265654,0.0,-4.0,-66.0
1775635217.7365654,-2.0,-5.0,-65.0
1775635217.746565,-3.0,-5.0,-63.0
1775635217.756565,1.0,-9.0,-64.0
1775635217.766565,2.0,-7.0,-66.0
1775635217.7765653,-1.0,-3.0,-73.0
1775635217.7865653,-7.0,-4.0,-71.0
1775635217.7965653,-3.0,-7.0,-64.0
1775635217.8065653,0.0,-7.0,-61.0
1775635217.8165653,3.0,-8.0,-61.0
1775635217.8265653,0.0,-6.0,-65.0
1775635217.8365655,-1.0,-4.0,-67.0
1775635217.8465655,-4.0,-1.0,-68.0
1775635217.8565657,-5.0,1.0,-67.0
1775635217.8665657,-2.0,1.0,-67.0
1775635217.8765657,1.0,3.0,-69.0
1775635217.8865654,-5.0,1.0,-68.0
1775635217.8965654,-3.0,0.0,-70.0
1775635217.9065654,0.0,-2.0,-73.0
1775635217.9165654,0.0,-1.0,-76.0
1775635217.9265654,-3.0,-2.0,-79.0
1775635217.9365654,-2.0,-6.0,-73.0
1775635217.9465654,0.0,-2.0,-73.0
1775635217.9565654,-3.0,-3.0,-72.0
1775635217.9665654,-4.0,-1.0,-71.0
1775635217.9765654,0.0,0.0,-71.0
1775635217.9865654,1.0,-3.0,-68.0
1775635217.996565,-5.0,-3.0,-66.0
1775635218.006565,-4.0,-7.0,-69.0
1775635218.016565,-1.0,-6.0,-75.0
1775635218.0265653,3.0,-7.0,-78.0
1775635218.0365653,5.0,-9.0,-79.0
1775635218.0465653,3.0,-7.0,-72.0
1775635218.0565653,5.0,-8.0,-72.0
1775635218.0665653,9.0,0.0,-72.0
1775635218.0765653,6.0,0.0,-68.0
1775635218.0865655,1.0,0.0,-71.0
1775635218.0965655,2.0,0.0,-73.0
1775635218.1065657,7.0,-1.0,-75.0
1775635218.1165657,3.0,-2.0,-78.0
1775635218.1265657,0.0,0.0,-78.0
1775635218.1365654,1.0,-3.0,-76.0
1775635218.1465654,1.0,0.0,-77.0
1775635218.1565654,0.0,3.0,-76.0
1775635218.1665654,5.0,1.0,-74.0
1775635218.1765654,4.0,-3.0,-74.0
1775635218.1865654,2.0,-2.0,-72.0
1775635218.1965654,1.0,-1.0,-69.0
1775635218.2065654,1.0,2.0,-65.0
1775635218.2165654,3.0,0.0,-70.0
1775635218.2265654,2.0,-1.0,-71.0
1775635218.2365654,1.0,-6.0,-72.0
1775635218.246565,2.0,-6.0,-69.0
1775635218.256565,7.0,-4.0,-65.0
1775635218.266565,8.0,-1.0,-58.0
1775635218.2765653,6.0,0.0,-57.0
1775635218.2865653,4.0,2.0,-61.0
1775635218.2965653,1.0,4.0,-57.0
1775635218.3065653,0.0,0.0,-63.0
1775635218.3165653,0.0,-3.0,-66.0
1775635218.3265653,-4.0,0.0,-66.0
1775635218.3365655,-7.0,-1.0,-67.0
1775635218.3465655,-4.0,0.0,-63.0
1775635218.3565657,-8.0,2.0,-71.0
1775635218.3665657,-2.0,2.0,-71.0
1775635218.3765657,-1.0,3.0,-72.0
1775635218.3865654,0.0,2.0,-71.0
1775635218.3965654,-3.0,0.0,-77.0
1775635218.4065654,-1.0,-5.0,-74.0
1775635218.4165654,1.0,-8.0,-75.0
1775635218.4265654,4.0,-7.0,-77.0
1775635218.4365654,10.0,-7.0,-70.0
1775635218.4465654,6.0,-3.0,-66.0
1775635218.4565654,0.0,-3.0,-73.0
1775635218.4665654,-2.0,-3.0,-74.0
1775635218.4765654,-7.0,-3.0,-67.0
1775635218.4865654,-6.0,-6.0,-62.0
1775635218.496565,-5.0,-8.0,-63.0
1775635218.506565,-3.0,-1.0,-63.0
1775635218.516565,0.0,5.0,-63.0
1775635218.5265653,0.0,3.0,-55.0
1775635218.5365653,-4.0,3.0,-58.0
1775635218.5465653,-5.0,0.0,-56.0
1775635218.5565653,-3.0,-6.0,-61.0
1775635218.5665653,-4.0,-6.0,-64.0
1775635218.5765653,-3.0,-6.0,-63.0
1775635218.5865655,-4.0,-5.0,-62.0
1775635218.5965655,0.0,-5.0,-66.0
1775635218.6065657,0.0,1.0,-58.0
1775635218.6165657,-1.0,1.0,-58.0
1775635218.6265657,-2.0,0.0,-57.0
1775635218.6365654,-3.0,0.0,-53.0
1775635218.6465654,-3.0,-4.0,-55.0
1775635218.6565654,-1.0,-4.0,-66.0
1775635218.6665654,0.0,-4.0,-63.0
1775635218.6765654,-1.0,-3.0,-63.0
1775635218.6865654,0.0,3.0,-66.0
1775635218.6965654,0.0,2.0,-65.0
1775635218.7065654,1.0,4.0,-67.0
1775635218.7165654,0.0,4.0,-72.0
1775635218.7265654,0.0,-1.0,-72.0
1775635218.7365654,1.0,-1.0,-74.0
1775635218.746565,3.0,-2.0,-72.0
1775635218.756565,2.0,-3.0,-71.0
1775635218.766565,2.0,-6.0,-73.0
1775635218.7765653,6.0,-8.0,-70.0
1775635218.7865653,2.0,-5.0,-67.0
1775635218.7965653,6.0,-7.0,-66.0
1775635218.8065653,6.0,-4.0,-72.0
1775635218.8165653,4.0,0.0,-74.0
1775635218.8265653,1.0,0.0,-73.0
1775635218.8365655,0.0,5.0,-64.0
1775635218.8465655,-1.0,1.0,-69.0
1775635218.8565657,3.0,0.0,-71.0
1775635218.8665657,6.0,0.0,-75.0
1775635218.8765657,4.0,0.0,-69.0
1775635218.8865654,3.0,0.0,-71.0
1775635218.8965654,4.0,-4.0,-74.0
1775635218.9065654,2.0,-4.0,-70.0
1775635218.9165654,2.0,-5.0,-66.0
1775635218.9265654,0.0,0.0,-70.0
1775635218.9365654,-1.0,0.0,-74.0
1775635218.9465654,-3.0,0.0,-72.0
1775635218.9565654,-4.0,-1.0,-71.0
1775635218.9665654,-4.0,0.0,-67.0
1775635218.9765654,-6.0,-1.0,-64.0
1775635218.9865654,-12.0,0.0,-68.0
1775635218.996565,-8.0,0.0,-68.0
1775635219.006565,-4.0,4.0,-70.0
1775635219.016565,-8.0,2.0,-71.0
1775635219.0265653,-6.0,3.0,-69.0
1775635219.0365653,-7.0,3.0,-65.0
1775635219.0465653,-5.0,0.0,-71.0
1775635219.0565653,0.0,-1.0,-69.0
1775635219.0665653,0.0,0.0,-68.0
1775635219.0765653,1.0,1.0,-63.0
1775635219.0865655,4.0,0.0,-62.0
1775635219.0965655,0.0,1.0,-64.0
1775635219.1065657,1.0,5.0,-66.0
1775635219.1165657,3.0,5.0,-62.0
1775635219.1265657,6.0,2.0,-65.0
1775635219.1365654,8.0,3.0,-63.0
1775635219.1465654,8.0,-2.0,-65.0
1775635219.1565654,8.0,1.0,-64.0
1775635219.1665654,7.0,0.0,-64.0
1775635219.1765654,6.0,-4.0,-67.0
1775635219.1865654,6.0,-4.0,-70.0
1775635219.1965654,7.0,-2.0,-68.0
1775635219.2065654,4.0,-3.0,-69.0
1775635219.2165654,3.0,2.0,-71.0
1775635219.2265654,1.0,2.0,-69.0
1775635219.2365654,0.0,2.0,-72.0
1775635219.246565,-3.0,0.0,-76.0
1775635219.256565,-1.0,3.0,-74.0
1775635219.266565,3.0,5.0,-68.0
1775635219.2765653,4.0,4.0,-66.0
1775635219.2865653,2.0,1.0,-62.0
1775635219.2965653,1.0,0.0,-70.0
1775635219.3065653,3.0,0.0,-71.0
1775635219.3165653,0.0,-6.0,-81.0
1775635219.3265653,0.0,-2.0,-85.0
1775635219.3365655,0.0,-3.0,-81.0
1775635219.3465655,1.0,-5.0,-76.0
1775635219.3565657,-3.0,-2.0,-76.0
1775635219.3665657,-7.0,-1.0,-73.0
1775635219.3765657,-2.0,0.0,-75.0
1775635219.3865654,-2.0,0.0,-80.0
1775635219.3965654,0.0,0.0,-77.0
1775635219.4065654,2.0,-1.0,-70.0
1775635219.4165654,0.0,-2.0,-66.0
1775635219.4265654,-2.0,0.0,-61.0
1775635219.4365654,-2.0,0.0,-60.0
1775635219.4465654,4.0,-4.0,-63.0
1775635219.4565654,0.0,0.0,-59.0
1775635219.4665654,1.0,-4.0,-61.0
1775635219.4765654,1.0,-3.0,-66.0
1775635219.4865654,0.0,-4.0,-67.0
1775635219.496565,4.0,-3.0,-67.0
1775635219.506565,3.0,-4.0,-70.0
1775635219.516565,0.0,-3.0,-72.0
1775635219.5265653,-1.0,-4.0,-73.0
1775635219.5365653,-4.0,-6.0,-72.0
1775635219.5465653,-3.0,-5.0,-68.0
1775635219.5565653,-1.0,-6.0,-69.0
1775635219.5665653,1.0,-6.0,-68.0
1775635219.5765653,0.0,-8.0,-71.0
1775635219.5865655,0.0,-5.0,-71.0
1775635219.5965655,2.0,-3.0,-73.0
1775635219.6065657,1.0,0.0,-75.0
1775635219.6165657,5.0,-4.0,-73.0
1775635219.6265657,3.0,0.0,-75.0
1775635219.6365654,3.0,3.0,-74.0
1775635219.6465654,2.0,0.0,-77.0
1775635219.6565654,6.0,6.0,-77.0
1775635219.6665654,5.0,2.0,-74.0
1775635219.6765654,3.0,-1.0,-77.0
1775635219.6865654,3.0,-3.0,-81.0
1775635219.6965654,3.0,-1.0,-78.0
1775635219.7065654,6.0,5.0,-73.0
1775635219.7165654,4.0,7.0,-80.0
1775635219.7265654,4.0,3.0,-81.0
1775635219.7365654,5.0,2.0,-75.0
1775635219.746565,1.0,0.0,-71.0
1775635219.7575655,2.0,-1.0,-72.0
1775635219.766565,3.0,0.0,-77.0
1775635219.7765653,3.0,0.0,-75.0
1775635219.7865653,0.0,-5.0,-75.0
1775635219.7965653,-5.0,-3.0,-75.0
1775635219.8075657,0.0,-4.0,-72.0
1775635219.8175654,-1.0,0.0,-76.0
1775635219.8275654,0.0,-2.0,-72.0
1775635219.8375654,2.0,0.0,-68.0
1775635219.8475654,1.0,-2.0,-67.0
1775635219.8575654,0.0,-1.0,-66.0
1775635219.8675654,3.0,0.0,-65.0
1775635219.8775654,0.0,0.0,-61.0
1775635219.8875654,2.0,-2.0,-61.0
1775635219.8975654,2.0,-2.0,-64.0
1775635219.9075654,4.0,0.0,-65.0
1775635219.917565,2.0,5.0,-66.0
1775635219.927565,5.0,9.0,-66.0
1775635219.937565,11.0,10.0,-65.0
1775635219.9475653,5.0,6.0,-64.0
1775635219.9575653,4.0,3.0,-65.0
1775635219.9675653,0.0,5.0,-64.0
1775635219.9775653,-1.0,4.0,-66.0
1775635219.9875653,0.0,1.0,-68.0
1775635219.9975653,-4.0,0.0,-64.0
1775635220.0075655,0.0,1.0,-67.0
1775635220.0175655,-1.0,1.0,-66.0
1775635220.0275657,-4.0,-2.0,-65.0
1775635220.0375657,-4.0,-5.0,-66.0
1775635220.0475657,-4.0,-4.0,-70.0
1775635220.0575657,-3.0,-2.0,-68.0
1775635220.0675654,-2.0,-1.0,-70.0
1775635220.0775654,0.0,1.0,-81.0
1775635220.0875654,0.0,1.0,-79.0
1775635220.0975654,2.0,4.0,-79.0
1775635220.1075654,2.0,3.0,-74.0
1775635220.1175654,2.0,1.0,-72.0
1775635220.1275654,3.0,-1.0,-74.0
1775635220.1375654,0.0,0.0,-71.0
1775635220.1475654,0.0,0.0,-72.0
1775635220.1575654,0.0,0.0,-78.0
1775635220.167565,0.0,-3.0,-75.0
1775635220.177565,0.0,-7.0,-75.0
1775635220.187565,-1.0,-7.0,-73.0
1775635220.1975653,0.0,-7.0,-73.0
1775635220.2075653,-1.0,-4.0,-72.0
1775635220.2175653,0.0,-12.0,-76.0
1775635220.2275653,6.0,-10.0,-80.0
1775635220.2375653,0.0,-6.0,-77.0
1775635220.2475653,-1.0,-4.0,-75.0
1775635220.2575655,-3.0,-4.0,-67.0
1775635220.2675655,0.0,-4.0,-73.0
1775635220.2775657,0.0,-7.0,-76.0
1775635220.2875657,0.0,-5.0,-76.0
1775635220.2975657,3.0,0.0,-69.0
1775635220.3075657,2.0,0.0,-65.0
1775635220.3175654,2.0,1.0,-65.0
1775635220.3275654,-3.0,1.0,-70.0
1775635220.3375654,0.0,3.0,-70.0
1775635220.3475654,-3.0,1.0,-68.0
1775635220.3575654,-5.0,2.0,-65.0
1775635220.3675654,-4.0,5.0,-65.0
1775635220.3775654,-7.0,2.0,-62.0
1775635220.3875654,-7.0,-1.0,-67.0
1775635220.3975654,-10.0,-1.0,-70.0
1775635220.4075654,-12.0,-1.0,-72.0
1775635220.417565,-7.0,0.0,-71.0
1775635220.427565,-7.0,4.0,-65.0
1775635220.437565,-10.0,0.0,-62.0
1775635220.4475653,-13.0,-3.0,-66.0
1775635220.4575653,-10.0,0.0,-72.0
1775635220.4675653,0.0,1.0,-69.0
1775635220.4775653,1.0,3.0,-71.0
1775635220.4875653,4.0,0.0,-62.0
1775635220.4975653,6.0,0.0,-63.0
1775635220.5075655,5.0,0.0,-68.0
1775635220.5175655,7.0,0.0,-71.0
1775635220.5275657,7.0,1.0,-67.0
1775635220.5375657,4.0,0.0,-66.0
1775635220.5475657,0.0,-4.0,-71.0
1775635220.5575657,2.0,-3.0,-68.0
1775635220.5675654,2.0,-4.0,-63.0
1775635220.5775654,-1.0,-5.0,-73.0
1775635220.5875654,-1.0,0.0,-78.0
1775635220.5975654,-7.0,0.0,-76.0
1775635220.6075654,0.0,0.0,-73.0
1775635220.6175654,3.0,0.0,-70.0
1775635220.6275654,0.0,0.0,-67.0
1775635220.6375654,2.0,-1.0,-72.0
1775635220.6475654,2.0,-1.0,-72.0
1775635220.6575654,1.0,-2.0,-72.0
1775635220.667565,4.0,-1.0,-70.0
1775635220.677565,1.0,0.0,-63.0
1775635220.687565,3.0,-1.0,-65.0
1775635220.6975653,3.0,-4.0,-71.0
1775635220.7075653,2.0,-2.0,-69.0
1775635220.7175653,2.0,0.0,-68.0
1775635220.7275653,-1.0,-4.0,-61.0
1775635220.7375653,-1.0,-1.0,-65.0
1775635220.7475653,-1.0,-2.0,-66.0
1775635220.7575655,1.0,-5.0,-67.0
1775635220.7675655,-1.0,-5.0,-64.0
1775635220.7775657,1.0,-4.0,-61.0
1775635220.7875657,4.0,-2.0,-59.0
1775635220.7975657,4.0,0.0,-64.0
1775635220.8075657,0.0,0.0,-65.0
1775635220.8175654,-6.0,2.0,-61.0
1775635220.8275654,-10.0,2.0,-70.0
1775635220.8375654,-15.0,-2.0,-72.0
1775635220.8475654,-11.0,0.0,-72.0
1775635220.8575654,-5.0,1.0,-71.0
1775635220.8675654,-5.0,0.0,-70.0
1775635220.8775654,-5.0,0.0,-70.0
1775635220.8875654,-3.0,1.0,-71.0
1775635220.8975654,0.0,1.0,-76.0
1775635220.9075654,0.0,1.0,-77.0
1775635220.917565,1.0,0.0,-78.0
1775635220.927565,1.0,-4.0,-73.0
1775635220.937565,0.0,-2.0,-71.0
1775635220.9475653,2.0,-1.0,-66.0
1775635220.9575653,1.0,-5.0,-68.0
1775635220.9675653,-1.0,-8.0,-73.0
1775635220.9775653,-1.0,-3.0,-76.0
1775635220.9875653,-5.0,-5.0,-77.0
1775635220.9975653,-7.0,-4.0,-67.0
1775635221.0075655,-6.0,-7.0,-67.0
1775635221.0175655,-8.0,-6.0,-68.0
1775635221.0275657,-7.0,-4.0,-62.0
1775635221.0375657,-5.0,-3.0,-72.0
1775635221.0475657,-7.0,-4.0,-68.0
1775635221.0575657,-6.0,-4.0,-66.0
1775635221.0675654,-4.0,-1.0,-67.0
1775635221.0775654,-6.0,-2.0,-74.0
1775635221.0875654,-9.0,-5.0,-69.0
1775635221.0975654,-7.0,-3.0,-66.0
1775635221.1075654,-8.0,-4.0,-66.0
1775635221.1175654,-7.0,-7.0,-67.0
1775635221.1275654,-5.0,-1.0,-68.0
1775635221.1375654,-6.0,-1.0,-71.0
1775635221.1475654,0.0,0.0,-70.0
1775635221.1575654,0.0,0.0,-72.0
1775635221.167565,0.0,1.0,-68.0
1775635221.177565,0.0,0.0,-72.0
1775635221.187565,-3.0,-1.0,-74.0
1775635221.1975653,0.0,-3.0,-78.0
1775635221.2075653,3.0,-2.0,-71.0
1775635221.2175653,4.0,-3.0,-60.0
1775635221.2275653,1.0,-5.0,-63.0
1775635221.2375653,0.0,-7.0,-60.0
1775635221.2475653,-1.0,-9.0,-65.0
1775635221.2575655,2.0,-7.0,-64.0
1775635221.2675655,4.0,-3.0,-71.0
1775635221.2775657,6.0,0.0,-67.0
1775635221.2875657,2.0,0.0,-65.0
1775635221.2975657,-1.0,0.0,-66.0
1775635221.3075657,-1.0,-3.0,-65.0
1775635221.3175654,-2.0,-1.0,-63.0
1775635221.3275654,1.0,0.0,-61.0
1775635221.3375654,0.0,1.0,-57.0
1775635221.3475654,4.0,0.0,-59.0
1775635221.3575654,2.0,0.0,-62.0
1775635221.3675654,-1.0,-1.0,-56.0
1775635221.3775654,-2.0,0.0,-62.0
1775635221.3875654,-5.0,0.0,-64.0
1775635221.3975654,-7.0,1.0,-57.0
1775635221.4075654,-7.0,6.0,-59.0
1775635221.417565,-5.0,1.0,-58.0
1775635221.427565,-3.0,4.0,-62.0
1775635221.437565,-5.0,4.0,-71.0
1775635221.4475653,-5.0,4.0,-72.0
1775635221.4575653,-6.0,4.0,-68.0
1775635221.4675653,-6.0,9.0,-69.0
1775635221.4775653,0.0,10.0,-65.0
1775635221.4875653,-3.0,7.0,-58.0
1775635221.4975653,-4.0,6.0,-62.0
1775635221.5075655,-3.0,8.0,-64.0
1775635221.5175655,-3.0,3.0,-70.0
1775635221.5275657,-4.0,3.0,-72.0
1775635221.5375657,-3.0,4.0,-68.0
1775635221.5475657,-4.0,6.0,-72.0
1775635221.5575657,-4.0,6.0,-69.0
1775635221.5675654,-4.0,5.0,-69.0
1775635221.5775654,-7.0,8.0,-65.0
1775635221.5875654,-5.0,7.0,-68.0
1775635221.5975654,-1.0,4.0,-65.0
1775635221.6075654,-2.0,4.0,-68.0
1775635221.6175654,-2.0,1.0,-61.0
1775635221.6275654,-2.0,1.0,-60.0
1775635221.6375654,-3.0,-2.0,-63.0
1775635221.6475654,-5.0,-3.0,-61.0
1775635221.6575654,-4.0,0.0,-63.0
1775635221.667565,-1.0,0.0,-65.0
1775635221.677565,-4.0,-4.0,-67.0
1775635221.687565,-6.0,-6.0,-75.0
1775635221.6975653,-1.0,-3.0,-72.0
1775635221.7075653,-5.0,-4.0,-63.0
1775635221.7175653,-7.0,1.0,-65.0
1775635221.7275653,-1.0,4.0,-60.0
1775635221.7375653,-2.0,3.0,-57.0
1775635221.7475653,1.0,1.0,-68.0
1775635221.7575655,6.0,0.0,-71.0
1775635221.7675655,3.0,-3.0,-69.0
1775635221.7775657,5.0,-2.0,-67.0
1775635221.7875657,3.0,-3.0,-63.0
1775635221.7975657,5.0,2.0,-63.0
1775635221.8075657,6.0,2.0,-59.0
1775635221.8175654,3.0,0.0,-62.0
1775635221.8275654,1.0,1.0,-65.0
1775635221.8375654,0.0,-1.0,-67.0
1775635221.8475654,0.0,2.0,-64.0
1775635221.8575654,-3.0,0.0,-64.0
1775635221.8675654,-3.0,-3.0,-62.0
1775635221.8775654,-2.0,-5.0,-61.0
1775635221.8875654,-3.0,-3.0,-55.0
1775635221.8975654,-4.0,-1.0,-59.0
1775635221.9075654,-3.0,-2.0,-60.0
1775635221.917565,0.0,-2.0,-62.0
1775635221.927565,-2.0,0.0,-64.0
1775635221.937565,-2.0,2.0,-62.0
1775635221.9475653,1.0,4.0,-67.0
1775635221.9575653,1.0,1.0,-67.0
1775635221.9675653,0.0,3.0,-63.0
1775635221.9775653,-1.0,-1.0,-65.0
1775635221.9875653,0.0,-2.0,-73.0
1775635221.9975653,2.0,0.0,-75.0
1775635222.0075655,1.0,1.0,-73.0
1775635222.0175655,3.0,0.0,-66.0
1775635222.0275657,4.0,-1.0,-61.0
1775635222.0375657,1.0,0.0,-57.0
1775635222.0475657,2.0,-2.0,-57.0
1775635222.0575657,1.0,-2.0,-55.0
1775635222.0675654,-2.0,-2.0,-49.0
1775635222.0785654,-1.0,-3.0,-49.0
1775635222.088565,-3.0,0.0,-57.0
1775635222.098565,5.0,0.0,-61.0
1775635222.108565,5.0,1.0,-64.0
1775635222.118565,7.0,-3.0,-64.0
1775635222.1275654,7.0,-4.0,-64.0
1775635222.1385653,4.0,-5.0,-65.0
1775635222.1485653,0.0,-6.0,-69.0
1775635222.1585653,0.0,-7.0,-67.0
1775635222.1685653,1.0,-7.0,-65.0
1775635222.1785655,0.0,-4.0,-63.0
1775635222.1885655,-4.0,-8.0,-69.0
1775635222.1985655,-5.0,-5.0,-69.0
1775635222.2085657,-3.0,-5.0,-69.0
1775635222.2185657,3.0,-2.0,-68.0
1775635222.2285657,0.0,-3.0,-63.0
1775635222.2385654,2.0,-3.0,-60.0
1775635222.2485654,2.0,-4.0,-59.0
1775635222.2585654,4.0,-3.0,-61.0
1775635222.2685654,2.0,-3.0,-62.0
1775635222.2785654,2.0,-6.0,-60.0
1775635222.2885654,-3.0,-5.0,-58.0
1775635222.2985654,-3.0,-7.0,-66.0
1775635222.3085654,-7.0,-7.0,-71.0
1775635222.3185654,-4.0,-3.0,-76.0
1775635222.3285654,-5.0,0.0,-69.0
1775635222.338565,-4.0,0.0,-69.0
1775635222.348565,-1.0,1.0,-66.0
1775635222.358565,6.0,3.0,-62.0
1775635222.368565,7.0,0.0,-61.0
1775635222.3785653,6.0,-1.0,-63.0
1775635222.3885653,2.0,-1.0,-61.0
1775635222.3985653,-2.0,-1.0,-61.0
1775635222.4085653,-6.0,0.0,-60.0
1775635222.4185653,-1.0,5.0,-61.0
1775635222.4285655,-4.0,2.0,-64.0
1775635222.4385655,-6.0,0.0,-67.0
1775635222.4485655,-9.0,0.0,-65.0
1775635222.4585657,-7.0,0.0,-63.0
1775635222.4685657,-6.0,-3.0,-63.0
1775635222.4785657,-1.0,-1.0,-67.0
1775635222.4885654,-3.0,-3.0,-69.0
1775635222.4985654,-3.0,-3.0,-68.0
1775635222.5085654,0.0,-6.0,-66.0
1775635222.5185654,-3.0,-4.0,-69.0
1775635222.5285654,-3.0,-2.0,-72.0
1775635222.5385654,-4.0,-1.0,-78.0
1775635222.5485654,-4.0,-5.0,-67.0
1775635222.5585654,-4.0,-1.0,-66.0
1775635222.5685654,-5.0,-2.0,-65.0
1775635222.5785654,0.0,-3.0,-59.0
1775635222.588565,2.0,-1.0,-65.0
1775635222.598565,0.0,-3.0,-69.0
1775635222.608565,-3.0,0.0,-69.0
1775635222.618565,-6.0,1.0,-67.0
1775635222.6285653,-4.0,2.0,-69.0
1775635222.6385653,0.0,-3.0,-71.0
1775635222.6485653,1.0,-5.0,-67.0
1775635222.6585653,-1.0,-7.0,-66.0
1775635222.6685653,-6.0,-2.0,-67.0
1775635222.6785655,-9.0,-1.0,-65.0
1775635222.6885655,-11.0,3.0,-64.0
1775635222.6985655,-8.0,2.0,-67.0
1775635222.7085657,-8.0,1.0,-72.0
1775635222.7185657,-1.0,-1.0,-71.0
1775635222.7285657,-1.0,0.0,-70.0
1775635222.7385654,0.0,2.0,-69.0
1775635222.7485654,1.0,3.0,-66.0
1775635222.7585654,-2.0,1.0,-66.0
1775635222.7685654,-2.0,-2.0,-59.0
1775635222.7785654,-4.0,-5.0,-56.0
1775635222.7885654,-3.0,-2.0,-54.0
1775635222.7985654,2.0,0.0,-57.0
1775635222.8085654,0.0,2.0,-63.0
1775635222.8185654,1.0,3.0,-71.0
1775635222.8285654,1.0,0.0,-67.0
1775635222.838565,0.0,0.0,-67.0
1775635222.848565,-1.0,2.0,-75.0
1775635222.858565,-1.0,2.0,-78.0
1775635222.868565,-1.0,3.0,-74.0
1775635222.8785653,-4.0,0.0,-76.0
1775635222.8885653,-1.0,-3.0,-74.0
1775635222.8985653,-2.0,0.0,-77.0
1775635222.9085653,-2.0,0.0,-81.0
1775635222.9185653,0.0,0.0,-79.0
1775635222.9285655,0.0,-1.0,-78.0
1775635222.9385655,-1.0,-2.0,-83.0
1775635222.9485655,-3.0,1.0,-87.0
1775635222.9585657,-1.0,0.0,-91.0
1775635222.9685657,-3.0,0.0,-86.0
1775635222.9785657,-4.0,-2.0,-83.0
1775635222.9885654,0.0,1.0,-71.0
1775635222.9985654,0.0,1.0,-67.0
1775635223.0085654,-1.0,-2.0,-74.0
1775635223.0185654,-2.0,3.0,-73.0
1775635223.0285654,-1.0,2.0,-67.0
1775635223.0385654,0.0,1.0,-61.0
1775635223.0485654,0.0,-2.0,-62.0
1775635223.0585654,1.0,-4.0,-65.0
1775635223.0685654,0.0,-6.0,-68.0
1775635223.0785654,1.0,-4.0,-66.0
1775635223.088565,3.0,-5.0,-69.0
1775635223.098565,2.0,-3.0,-64.0
1775635223.108565,0.0,-2.0,-58.0
1775635223.118565,5.0,-1.0,-57.0
1775635223.1285653,10.0,-2.0,-59.0
1775635223.1385653,8.0,-4.0,-62.0
1775635223.1485653,5.0,-4.0,-61.0
1775635223.1585653,5.0,-6.0,-64.0
1775635223.1685653,2.0,-1.0,-62.0
1775635223.1785655,-1.0,-1.0,-64.0
1775635223.1885655,-1.0,0.0,-70.0
1775635223.1985655,-6.0,4.0,-76.0
1775635223.2085657,-5.0,4.0,-73.0
1775635223.2185657,-4.0,5.0,-70.0
1775635223.2285657,-3.0,4.0,-68.0
1775635223.2385654,-2.0,6.0,-63.0
1775635223.2485654,-1.0,9.0,-65.0
1775635223.2585654,0.0,2.0,-69.0
1775635223.2685654,-6.0,1.0,-71.0
1775635223.2785654,-2.0,1.0,-71.0
1775635223.2885654,-2.0,2.0,-71.0
1775635223.2985654,-5.0,0.0,-63.0
1775635223.3085654,-3.0,0.0,-62.0
1775635223.3185654,0.0,-1.0,-64.0
1775635223.3285654,1.0,-5.0,-68.0
1775635223.338565,1.0,-6.0,-70.0
1775635223.348565,3.0,-3.0,-68.0
1775635223.358565,5.0,0.0,-62.0
1775635223.368565,1.0,-2.0,-61.0
1775635223.3785653,0.0,-4.0,-66.0
1775635223.3885653,0.0,-4.0,-69.0
1775635223.3985653,-3.0,-1.0,-71.0
1775635223.4085653,-4.0,0.0,-73.0
1775635223.4185653,-6.0,1.0,-71.0
1775635223.4285655,-5.0,3.0,-73.0
1775635223.4385655,-5.0,3.0,-72.0
1775635223.4485655,-3.0,0.0,-72.0
1775635223.4585657,-4.0,-4.0,-71.0
1775635223.4685657,-3.0,-8.0,-71.0
1775635223.4785657,0.0,-7.0,-69.0
1775635223.4885654,0.0,-2.0,-65.0
1775635223.4985654,-2.0,1.0,-64.0
1775635223.5085654,-4.0,2.0,-68.0
1775635223.5185654,-3.0,-2.0,-65.0
1775635223.5285654,-6.0,-5.0,-66.0
1775635223.5385654,-10.0,4.0,-68.0
1775635223.5485654,-7.0,1.0,-70.0
1775635223.5585654,-2.0,0.0,-63.0
1775635223.5685654,-3.0,0.0,-65.0
1775635223.5785654,0.0,5.0,-67.0
1775635223.588565,-5.0,6.0,-70.0
1775635223.598565,0.0,5.0,-69.0
1775635223.608565,0.0,0.0,-76.0
1775635223.618565,1.0,0.0,-76.0
1775635223.6285653,-1.0,-1.0,-76.0
1775635223.6385653,1.0,-4.0,-78.0
1775635223.6485653,-1.0,-5.0,-73.0
1775635223.6595654,-3.0,-5.0,-71.0
1775635223.6685653,-1.0,-4.0,-65.0
1775635223.6785655,0.0,0.0,-62.0
1775635223.6885655,0.0,1.0,-71.0
1775635223.6985655,0.0,0.0,-72.0
1775635223.7085657,0.0,0.0,-74.0
1775635223.7185657,-1.0,0.0,-71.0
1775635223.7285657,-3.0,-1.0,-66.0
1775635223.7385654,-5.0,-2.0,-76.0
1775635223.7485654,-1.0,-3.0,-73.0
1775635223.7585654,-1.0,0.0,-69.0
1775635223.7685654,-5.0,3.0,-75.0
1775635223.7785654,-3.0,8.0,-70.0
1775635223.7885654,-2.0,5.0,-60.0
1775635223.7985654,0.0,5.0,-61.0
1775635223.8085654,4.0,2.0,-60.0
1775635223.8185654,2.0,-1.0,-64.0
1775635223.8285654,-1.0,-3.0,-64.0
1775635223.838565,1.0,-4.0,-69.0
1775635223.848565,-1.0,-4.0,-65.0
1775635223.858565,-1.0,-5.0,-65.0
1775635223.868565,0.0,-8.0,-64.0
1775635223.8785653,0.0,-4.0,-65.0
1775635223.8885653,0.0,-1.0,-63.0
1775635223.8985653,2.0,0.0,-65.0
1775635223.9085653,-1.0,3.0,-64.0
1775635223.9185653,0.0,6.0,-60.0
1775635223.9285655,1.0,9.0,-63.0
1775635223.9385655,1.0,6.0,-69.0
1775635223.9485655,2.0,2.0,-66.0
1775635223.9585657,0.0,2.0,-70.0
1775635223.9685657,0.0,0.0,-64.0
1775635223.9785657,-2.0,-2.0,-64.0
1775635223.9885654,0.0,0.0,-62.0
1775635223.9985654,2.0,2.0,-64.0
1775635224.0085654,3.0,2.0,-56.0
1775635224.0185654,2.0,0.0,-53.0
1775635224.0285654,5.0,-1.0,-63.0
1775635224.0385654,5.0,-2.0,-61.0
1775635224.0485654,0.0,0.0,-67.0
1775635224.0585654,-2.0,1.0,-71.0
1775635224.0685654,-5.0,-1.0,-67.0
1775635224.0785654,-2.0,-2.0,-64.0
1775635224.088565,0.0,0.0,-64.0
1775635224.098565,-1.0,1.0,-66.0
1775635224.108565,-2.0,1.0,-70.0
1775635224.118565,-5.0,-1.0,-77.0
1775635224.1285653,0.0,-2.0,-71.0
1775635224.1385653,0.0,-1.0,-71.0
1775635224.1485653,-1.0,-2.0,-64.0
1775635224.1585653,-4.0,0.0,-62.0
1775635224.1685653,0.0,1.0,-70.0
1775635224.1785655,-2.0,1.0,-70.0
1775635224.1885655,-6.0,5.0,-71.0
1775635224.1985655,-9.0,5.0,-75.0
1775635224.2085657,-9.0,8.0,-77.0
1775635224.2185657,-6.0,4.0,-78.0
1775635224.2285657,-2.0,4.0,-68.0
1775635224.2385654,-5.0,1.0,-64.0
1775635224.2485654,-3.0,-1.0,-66.0
1775635224.2585654,-2.0,-1.0,-68.0
1775635224.2685654,0.0,0.0,-67.0
1775635224.2785654,0.0,0.0,-66.0
1775635224.2885654,-4.0,0.0,-64.0
1775635224.2985654,-1.0,-2.0,-62.0
1775635224.3085654,-1.0,-1.0,-62.0
1775635224.3185654,0.0,0.0,-62.0
1775635224.3285654,-3.0,0.0,-62.0
1775635224.338565,-6.0,2.0,-65.0
1775635224.348565,-5.0,3.0,-68.0
1775635224.358565,0.0,2.0,-71.0
1775635224.368565,0.0,7.0,-68.0
1775635224.3785653,-5.0,4.0,-63.0
1775635224.3885653,-6.0,2.0,-62.0
1775635224.3985653,-4.0,4.0,-68.0
1775635224.4095654,-5.0,4.0,-72.0
1775635224.4195654,-9.0,2.0,-75.0
1775635224.4285655,-6.0,0.0,-74.0
1775635224.4385655,-5.0,0.0,-69.0
1775635224.4485655,-9.0,-2.0,-66.0
1775635224.4595654,-4.0,-3.0,-69.0
1775635224.4695654,0.0,0.0,-67.0
1775635224.4785657,6.0,0.0,-72.0
1775635224.4895654,3.0,-4.0,-73.0
1775635224.4995654,3.0,-5.0,-71.0
1775635224.5095654,0.0,-3.0,-70.0
1775635224.519565,-5.0,-6.0,-70.0
1775635224.529565,-7.0,-4.0,-70.0
1775635224.539565,-3.0,-5.0,-68.0
1775635224.5495653,3.0,-5.0,-69.0
1775635224.5595653,-1.0,-9.0,-66.0
1775635224.5695653,0.0,-9.0,-61.0
1775635224.5795653,0.0,-5.0,-66.0
1775635224.5895653,3.0,-4.0,-69.0
1775635224.5995653,1.0,-3.0,-69.0
1775635224.6095655,-2.0,-5.0,-71.0
1775635224.6195655,-6.0,-6.0,-76.0
1775635224.6295657,-5.0,-1.0,-77.0
1775635224.6395657,-4.0,0.0,-75.0
1775635224.6495657,0.0,2.0,-81.0
1775635224.6595654,3.0,3.0,-83.0
1775635224.6695654,2.0,6.0,-77.0
1775635224.6795654,0.0,5.0,-69.0
1775635224.6895654,0.0,5.0,-67.0
1775635224.6995654,2.0,-2.0,-62.0
1775635224.7095654,1.0,-5.0,-67.0
1775635224.7195654,2.0,-1.0,-74.0
1775635224.7295654,2.0,0.0,-74.0
1775635224.7395654,1.0,3.0,-79.0
1775635224.7495654,3.0,4.0,-72.0
1775635224.7595654,0.0,0.0,-74.0
1775635224.769565,4.0,-4.0,-72.0
1775635224.779565,3.0,-4.0,-79.0
1775635224.789565,4.0,-9.0,-70.0
1775635224.7995653,3.0,-10.0,-68.0
1775635224.8095653,2.0,-5.0,-69.0
1775635224.8195653,0.0,-2.0,-72.0
1775635224.8295653,2.0,-2.0,-78.0
1775635224.8395653,0.0,-3.0,-73.0
1775635224.8495653,-1.0,-4.0,-67.0
1775635224.8595655,0.0,-4.0,-69.0
1775635224.8695655,3.0,-7.0,-70.0
1775635224.8795657,0.0,-1.0,-76.0
1775635224.8895657,2.0,1.0,-74.0
1775635224.8995657,1.0,0.0,-73.0
1775635224.9095654,2.0,-4.0,-63.0
1775635224.9195654,0.0,-2.0,-60.0
1775635224.9295654,-4.0,1.0,-55.0
1775635224.9395654,-1.0,0.0,-47.0
1775635224.9495654,-1.0,0.0,-56.0
1775635224.9595654,1.0,1.0,-58.0
1775635224.9695654,2.0,2.0,-61.0
1775635224.9795654,3.0,0.0,-59.0
1775635224.9895654,11.0,-1.0,-66.0
1775635224.9995654,18.0,1.0,-66.0
1775635225.0095654,15.0,1.0,-71.0
1775635225.019565,10.0,-1.0,-76.0
1775635225.029565,7.0,-1.0,-81.0
1775635225.039565,2.0,0.0,-81.0
1775635225.0495653,6.0,-2.0,-82.0
1775635225.0595653,2.0,-1.0,-77.0
1775635225.0695653,-2.0,-1.0,-73.0
1775635225.0795653,-2.0,1.0,-71.0
1775635225.0895653,-3.0,1.0,-66.0
1775635225.0995653,-2.0,0.0,-71.0
1775635225.1095655,-5.0,2.0,-68.0
1775635225.1195655,-6.0,2.0,-72.0
1775635225.1295657,-2.0,-2.0,-70.0
1775635225.1395657,-2.0,-3.0,-67.0
1775635225.1495657,-1.0,-5.0,-70.0
1775635225.1595654,-2.0,-9.0,-72.0
1775635225.1695654,-4.0,-4.0,-79.0
1775635225.1795654,-3.0,-6.0,-80.0
1775635225.1895654,-4.0,-2.0,-72.0
1775635225.1995654,-3.0,-1.0,-75.0
1775635225.2095654,0.0,-3.0,-74.0
1775635225.2195654,-2.0,1.0,-65.0
1775635225.2295654,-4.0,0.0,-69.0
1775635225.2395654,-3.0,0.0,-77.0
1775635225.2495654,-4.0,3.0,-77.0
1775635225.2595654,-7.0,1.0,-75.0
1775635225.269565,-5.0,-1.0,-76.0
1775635225.279565,-7.0,1.0,-77.0
1775635225.289565,-7.0,1.0,-72.0
1775635225.2995653,-2.0,1.0,-62.0
1775635225.3095653,-1.0,3.0,-68.0
1775635225.3195653,1.0,3.0,-67.0
1775635225.3295653,4.0,1.0,-72.0
1775635225.3395653,7.0,-4.0,-71.0
1775635225.3495653,3.0,-6.0,-78.0
1775635225.3595655,-1.0,-4.0,-75.0
1775635225.3695655,-1.0,-3.0,-78.0
1775635225.3795657,1.0,-3.0,-76.0
1775635225.3895657,3.0,0.0,-82.0
1775635225.3995657,1.0,-3.0,-81.0
1775635225.4095654,2.0,-2.0,-80.0
1775635225.4195654,3.0,-3.0,-74.0
1775635225.4295654,5.0,0.0,-71.0
1775635225.4395654,7.0,-1.0,-71.0
1775635225.4495654,5.0,0.0,-69.0
1775635225.4595654,4.0,0.0,-71.0
1775635225.4695654,2.0,0.0,-72.0
1775635225.4795654,2.0,0.0,-72.0
1775635225.4895654,3.0,0.0,-64.0
1775635225.4995654,5.0,-2.0,-68.0
1775635225.5095654,8.0,-1.0,-70.0
1775635225.519565,8.0,0.0,-77.0
1775635225.529565,10.0,-5.0,-80.0
1775635225.539565,3.0,-2.0,-78.0
1775635225.5495653,3.0,-1.0,-73.0
1775635225.5595653,5.0,0.0,-71.0
1775635225.5695653,2.0,4.0,-75.0
1775635225.5795653,-2.0,7.0,-72.0
1775635225.5895653,-4.0,6.0,-74.0
1775635225.5995653,-1.0,1.0,-64.0
1775635225.6095655,4.0,0.0,-69.0
1775635225.6195655,3.0,-4.0,-76.0
1775635225.6295657,10.0,0.0,-77.0
1775635225.6395657,7.0,6.0,-74.0
1775635225.6495657,7.0,2.0,-75.0
1775635225.6595654,3.0,3.0,-71.0
1775635225.6695654,1.0,0.0,-68.0
1775635225.6795654,0.0,2.0,-71.0
1775635225.6895654,-4.0,-1.0,-76.0
1775635225.6995654,-2.0,-4.0,-81.0
1775635225.7095654,0.0,-3.0,-74.0
1775635225.7195654,-4.0,-4.0,-70.0
1775635225.7295654,0.0,-6.0,-70.0
1775635225.7395654,-3.0,-3.0,-62.0
1775635225.7495654,-1.0,-4.0,-61.0
1775635225.7595654,-4.0,-5.0,-63.0
1775635225.769565,0.0,-4.0,-63.0
1775635225.779565,4.0,0.0,-67.0
1775635225.789565,3.0,2.0,-69.0
1775635225.7995653,0.0,0.0,-70.0
1775635225.8095653,1.0,2.0,-70.0
1775635225.8195653,1.0,4.0,-65.0
1775635225.8295653,0.0,0.0,-68.0
1775635225.8395653,0.0,-2.0,-68.0
1775635225.8495653,1.0,-2.0,-68.0
1775635225.8595655,0.0,-2.0,-66.0
1775635225.8695655,-6.0,-1.0,-67.0
1775635225.8795657,-6.0,-2.0,-71.0
1775635225.8895657,-5.0,-2.0,-72.0
1775635225.8995657,-7.0,-2.0,-66.0
1775635225.9095654,-8.0,0.0,-65.0
1775635225.9195654,-8.0,-7.0,-65.0
1775635225.9295654,-1.0,-8.0,-66.0
1775635225.9395654,-6.0,-5.0,-65.0
1775635225.9495654,-5.0,-3.0,-66.0
1775635225.9595654,-5.0,-3.0,-68.0
1775635225.9695654,-1.0,-4.0,-71.0
1775635225.9795654,-4.0,-2.0,-66.0
1775635225.9895654,-6.0,-1.0,-64.0
1775635225.9995654,-6.0,-5.0,-65.0
1775635226.0095654,-5.0,-4.0,-69.0
1775635226.019565,-1.0,-2.0,-69.0
1775635226.029565,-2.0,-1.0,-71.0
1775635226.039565,-3.0,1.0,-77.0
1775635226.0495653,3.0,0.0,-68.0
1775635226.0595653,3.0,-1.0,-71.0
1775635226.0695653,0.0,-2.0,-80.0
1775635226.0795653,-1.0,0.0,-77.0
1775635226.0895653,-5.0,-1.0,-74.0
1775635226.0995653,-4.0,0.0,-67.0
1775635226.1095655,-1.0,2.0,-68.0
1775635226.1195655,-1.0,4.0,-65.0
1775635226.1295657,-2.0,1.0,-67.0
1775635226.1395657,-2.0,-1.0,-70.0
1775635226.1495657,-2.0,0.0,-75.0
1775635226.1595654,-2.0,0.0,-79.0
1775635226.1695654,0.0,1.0,-80.0
1775635226.1795654,-1.0,0.0,-77.0
1775635226.1895654,-3.0,-1.0,-72.0
1775635226.1995654,-5.0,-1.0,-67.0
1775635226.2095654,-6.0,2.0,-65.0
1775635226.2195654,-7.0,0.0,-71.0
1775635226.2295654,-4.0,0.0,-67.0
1775635226.2395654,-7.0,-5.0,-61.0
1775635226.2495654,-10.0,-4.0,-59.0
1775635226.2595654,-5.0,-5.0,-63.0
1775635226.269565,-2.0,-2.0,-67.0
1775635226.279565,-3.0,-1.0,-66.0
1775635226.289565,1.0,0.0,-69.0
1775635226.2995653,0.0,0.0,-63.0
1775635226.3095653,0.0,0.0,-61.0
1775635226.3195653,-2.0,1.0,-54.0
1775635226.3295653,-1.0,5.0,-48.0
1775635226.3395653,2.0,1.0,-49.0
1775635226.3495653,5.0,3.0,-58.0
1775635226.3595655,4.0,2.0,-53.0
1775635226.3695655,3.0,0.0,-52.0
1775635226.3795657,4.0,0.0,-53.0
1775635226.3895657,6.0,1.0,-55.0
1775635226.3995657,6.0,7.0,-62.0
1775635226.4095654,4.0,7.0,-62.0
1775635226.4195654,3.0,2.0,-64.0
1775635226.4295654,1.0,3.0,-63.0
1775635226.4395654,-4.0,2.0,-63.0
1775635226.4495654,0.0,-1.0,-65.0
1775635226.4595654,-1.0,-4.0,-61.0
1775635226.4695654,0.0,-4.0,-67.0
1775635226.4795654,-4.0,-2.0,-70.0
1775635226.4895654,-8.0,-1.0,-73.0
1775635226.4995654,-6.0,-5.0,-73.0
1775635226.5095654,-3.0,-4.0,-73.0
1775635226.519565,2.0,-2.0,-77.0
1775635226.529565,2.0,0.0,-74.0
1775635226.539565,0.0,-1.0,-71.0
1775635226.5495653,0.0,-2.0,-60.0
1775635226.5595653,1.0,0.0,-55.0
1775635226.5695653,-2.0,-3.0,-60.0
1775635226.5795653,0.0,0.0,-57.0
1775635226.5895653,-2.0,2.0,-55.0
1775635226.5995653,0.0,0.0,-53.0
1775635226.6095655,4.0,-3.0,-54.0
1775635226.6195655,6.0,-3.0,-63.0
1775635226.6295657,6.0,-1.0,-64.0
1775635226.6395657,7.0,-1.0,-66.0
1775635226.6495657,5.0,-1.0,-66.0
1775635226.6595654,3.0,-4.0,-59.0
1775635226.6695654,3.0,-5.0,-53.0
1775635226.6795654,2.0,-5.0,-58.0
1775635226.6895654,4.0,-2.0,-60.0
1775635226.6995654,9.0,-4.0,-58.0
1775635226.7095654,4.0,-6.0,-54.0
1775635226.7195654,2.0,-5.0,-64.0
1775635226.7295654,4.0,-7.0,-61.0
1775635226.7395654,1.0,0.0,-63.0
1775635226.7495654,0.0,1.0,-59.0
1775635226.7605653,1.0,-1.0,-63.0
1775635226.7705653,6.0,-5.0,-66.0
1775635226.7805655,4.0,-4.0,-65.0
1775635226.7905655,1.0,-4.0,-65.0
1775635226.8005655,-5.0,0.0,-70.0
1775635226.8105657,-2.0,0.0,-76.0
1775635226.8205657,-2.0,0.0,-77.0
1775635226.8305657,-1.0,-3.0,-77.0
1775635226.8405654,-3.0,-7.0,-77.0
1775635226.8505654,-5.0,-5.0,-73.0
1775635226.8605654,-2.0,-10.0,-69.0
1775635226.8705654,1.0,-12.0,-72.0
1775635226.8805654,-3.0,-8.0,-74.0
1775635226.8905654,-9.0,-5.0,-73.0
1775635226.9005654,-11.0,-1.0,-75.0
1775635226.9105654,-6.0,0.0,-81.0
1775635226.9205654,-9.0,-3.0,-81.0
1775635226.9305654,-7.0,-4.0,-79.0
1775635226.940565,-9.0,-5.0,-78.0
1775635226.950565,-10.0,-7.0,-78.0
1775635226.960565,-8.0,-4.0,-76.0
1775635226.9705653,-4.0,0.0,-74.0
1775635226.9805653,0.0,-4.0,-72.0
1775635226.9905653,0.0,0.0,-77.0
1775635227.0005653,0.0,-3.0,-75.0
1775635227.0105653,0.0,-2.0,-70.0
1775635227.0205653,0.0,-2.0,-71.0
1775635227.0305655,0.0,-4.0,-69.0
1775635227.0405655,0.0,0.0,-66.0
1775635227.0505655,2.0,2.0,-68.0
1775635227.0605657,-1.0,3.0,-68.0
1775635227.0705657,-3.0,0.0,-68.0
1775635227.0805657,-6.0,0.0,-64.0
1775635227.0905654,-3.0,-1.0,-67.0
1775635227.1005654,-3.0,0.0,-62.0
1775635227.1105654,-5.0,0.0,-67.0
1775635227.1205654,-6.0,-1.0,-71.0
1775635227.1305654,-4.0,0.0,-72.0
1775635227.1405654,-4.0,-3.0,-68.0
1775635227.1505654,-5.0,-4.0,-64.0
1775635227.1605654,-2.0,-2.0,-59.0
1775635227.1705654,0.0,0.0,-62.0
1775635227.1805654,0.0,0.0,-62.0
1775635227.190565,-6.0,1.0,-64.0
1775635227.200565,-7.0,-3.0,-71.0
1775635227.210565,-3.0,1.0,-73.0
1775635227.2205653,1.0,4.0,-70.0
1775635227.2305653,-4.0,5.0,-74.0
1775635227.2405653,-3.0,4.0,-78.0
1775635227.2505653,-1.0,1.0,-81.0
1775635227.2605653,0.0,0.0,-82.0
1775635227.2705653,2.0,1.0,-79.0
1775635227.2805655,0.0,4.0,-76.0
1775635227.2905655,1.0,8.0,-76.0
1775635227.3005655,-1.0,5.0,-75.0
1775635227.3105657,2.0,-1.0,-75.0
1775635227.3205657,4.0,0.0,-80.0
1775635227.3305657,1.0,1.0,-78.0
1775635227.3405654,-5.0,0.0,-81.0
1775635227.3505654,-7.0,-4.0,-78.0
1775635227.3605654,-7.0,-3.0,-80.0
1775635227.3705654,-2.0,-7.0,-80.0
1775635227.3805654,0.0,-6.0,-72.0
1775635227.3905654,0.0,0.0,-72.0
1775635227.4005654,0.0,0.0,-69.0
1775635227.4105654,-5.0,-1.0,-69.0
1775635227.4205654,-3.0,-4.0,-66.0
1775635227.4305654,-4.0,-4.0,-68.0
1775635227.440565,-2.0,-8.0,-70.0
1775635227.450565,-4.0,-8.0,-66.0
1775635227.460565,-4.0,-6.0,-70.0
1775635227.4705653,-2.0,-7.0,-66.0
1775635227.4805653,0.0,-4.0,-68.0
1775635227.4905653,-1.0,-2.0,-64.0
1775635227.5005653,-4.0,-3.0,-71.0
1775635227.5105653,-4.0,-6.0,-68.0
1775635227.5205653,-4.0,-6.0,-68.0
1775635227.5305655,-7.0,-1.0,-66.0
1775635227.5405655,-6.0,3.0,-67.0
1775635227.5505655,-5.0,-2.0,-67.0
1775635227.5605657,-1.0,-4.0,-71.0
1775635227.5705657,0.0,-1.0,-70.0
1775635227.5805657,-1.0,0.0,-69.0
1775635227.5905654,2.0,-1.0,-74.0
1775635227.6005654,2.0,-4.0,-70.0
1775635227.6105654,0.0,-2.0,-69.0
1775635227.6205654,-1.0,4.0,-73.0
1775635227.6305654,-1.0,0.0,-70.0
1775635227.6405654,-3.0,-2.0,-65.0
1775635227.6505654,-2.0,-2.0,-66.0
1775635227.6605654,-3.0,-2.0,-67.0
1775635227.6705654,-1.0,1.0,-68.0
1775635227.6805654,1.0,3.0,-73.0
1775635227.690565,-1.0,2.0,-76.0
1775635227.700565,-3.0,0.0,-73.0
1775635227.710565,0.0,-1.0,-73.0
1775635227.7205653,3.0,0.0,-69.0
1775635227.7305653,3.0,0.0,-70.0
1775635227.7405653,1.0,0.0,-68.0
1775635227.7505653,6.0,-3.0,-68.0
1775635227.7605653,4.0,-5.0,-71.0
1775635227.7705653,2.0,-3.0,-72.0
1775635227.7805655,0.0,-1.0,-63.0
1775635227.7905655,0.0,-3.0,-64.0
1775635227.8005655,-5.0,1.0,-62.0
1775635227.8105657,-2.0,1.0,-66.0
1775635227.8205657,0.0,3.0,-69.0
1775635227.8305657,0.0,5.0,-66.0
1775635227.8405654,0.0,0.0,-61.0
1775635227.8505654,0.0,-1.0,-60.0
1775635227.8605654,1.0,-5.0,-69.0
1775635227.8705654,5.0,0.0,-68.0
1775635227.8805654,5.0,0.0,-60.0
1775635227.8905654,7.0,0.0,-53.0
1775635227.9005654,3.0,-2.0,-55.0
1775635227.9105654,-3.0,0.0,-64.0
1775635227.9205654,-2.0,0.0,-68.0
1775635227.9305654,-1.0,1.0,-63.0
1775635227.940565,1.0,0.0,-64.0
1775635227.950565,1.0,-3.0,-61.0
1775635227.960565,2.0,-3.0,-68.0
1775635227.9705653,4.0,-1.0,-75.0
1775635227.9805653,3.0,0.0,-70.0
1775635227.9905653,1.0,2.0,-70.0
1775635228.0005653,5.0,3.0,-65.0
1775635228.0105653,0.0,0.0,-63.0
1775635228.0205653,-2.0,1.0,-62.0
1775635228.0305655,-3.0,2.0,-65.0
1775635228.0405655,-5.0,0.0,-66.0
1775635228.0505655,-7.0,1.0,-73.0
1775635228.0605657,-5.0,-1.0,-69.0
1775635228.0705657,0.0,-3.0,-64.0
1775635228.0805657,-2.0,0.0,-63.0
1775635228.0905654,-3.0,3.0,-68.0
1775635228.1005654,-4.0,0.0,-70.0
1775635228.1105654,-5.0,-1.0,-69.0
1775635228.1205654,-2.0,3.0,-72.0
1775635228.1305654,-3.0,2.0,-68.0
1775635228.1405654,-3.0,-2.0,-63.0
1775635228.1505654,-6.0,-4.0,-57.0
1775635228.1605654,-8.0,-6.0,-59.0
1775635228.1705654,-7.0,-5.0,-60.0
1775635228.1805654,-4.0,-7.0,-68.0
1775635228.190565,-2.0,-3.0,-60.0
1775635228.200565,-4.0,-2.0,-68.0
1775635228.210565,-5.0,-2.0,-71.0
1775635228.2205653,-5.0,0.0,-69.0
1775635228.2305653,-4.0,2.0,-71.0
1775635228.2405653,-5.0,0.0,-73.0
1775635228.2505653,-5.0,1.0,-71.0
1775635228.2605653,-3.0,2.0,-71.0
1775635228.2705653,-6.0,0.0,-66.0
1775635228.2805655,-6.0,0.0,-61.0
1775635228.2905655,-6.0,-1.0,-59.0
1775635228.3005655,-7.0,-3.0,-59.0
1775635228.3105657,-3.0,-7.0,-57.0
1775635228.3205657,-3.0,-8.0,-57.0
1775635228.3305657,-1.0,-8.0,-61.0
1775635228.3405654,1.0,-2.0,-58.0
1775635228.3505654,0.0,0.0,-61.0
1775635228.3605654,2.0,-1.0,-59.0
1775635228.3705654,6.0,-2.0,-66.0
1775635228.3805654,8.0,-1.0,-62.0
1775635228.3905654,7.0,-1.0,-68.0
1775635228.4005654,7.0,-4.0,-70.0
1775635228.4105654,5.0,-3.0,-71.0
1775635228.4205654,4.0,0.0,-68.0
1775635228.4305654,5.0,2.0,-64.0
1775635228.440565,4.0,5.0,-69.0
1775635228.450565,1.0,5.0,-61.0
1775635228.460565,1.0,3.0,-61.0
1775635228.4705653,-1.0,2.0,-65.0
1775635228.4805653,0.0,2.0,-68.0
1775635228.4905653,0.0,2.0,-75.0
1775635228.5005653,2.0,4.0,-78.0
1775635228.5105653,2.0,3.0,-75.0
1775635228.5205653,0.0,2.0,-69.0
1775635228.5305655,0.0,8.0,-72.0
1775635228.5405655,1.0,10.0,-70.0
1775635228.5505655,4.0,10.0,-72.0
1775635228.5605657,0.0,7.0,-65.0
1775635228.5705657,0.0,7.0,-58.0
1775635228.5805657,-3.0,5.0,-59.0
1775635228.5905654,-2.0,1.0,-59.0
1775635228.6005654,-6.0,3.0,-63.0
1775635228.6105654,-2.0,7.0,-63.0
1775635228.6205654,-5.0,8.0,-60.0
1775635228.6305654,-4.0,7.0,-62.0
1775635228.6405654,-2.0,2.0,-66.0
1775635228.6505654,0.0,0.0,-66.0
1775635228.6605654,-1.0,0.0,-65.0
1775635228.6705654,0.0,1.0,-62.0
1775635228.6805654,1.0,0.0,-63.0
1775635228.690565,5.0,-2.0,-61.0
1775635228.700565,8.0,-3.0,-66.0
1775635228.710565,10.0,-1.0,-67.0
1775635228.7205653,5.0,2.0,-63.0
1775635228.7305653,-3.0,4.0,-58.0
1775635228.7405653,0.0,9.0,-62.0
1775635228.7505653,0.0,6.0,-65.0
1775635228.7605653,0.0,3.0,-67.0
1775635228.7705653,-2.0,2.0,-69.0
1775635228.7805655,-2.0,0.0,-74.0
1775635228.7905655,-1.0,1.0,-74.0
1775635228.8005655,0.0,0.0,-73.0
1775635228.8105657,0.0,3.0,-74.0
1775635228.8205657,0.0,2.0,-82.0
1775635228.8305657,1.0,0.0,-76.0
1775635228.8405654,1.0,3.0,-71.0
1775635228.8505654,2.0,2.0,-65.0
1775635228.8605654,2.0,1.0,-70.0
1775635228.8705654,0.0,0.0,-63.0
1775635228.8805654,2.0,-3.0,-62.0
1775635228.8905654,2.0,-2.0,-64.0
1775635228.9005654,0.0,0.0,-61.0
1775635228.9105654,0.0,6.0,-61.0
1775635228.9205654,3.0,4.0,-61.0
1775635228.9305654,-2.0,0.0,-61.0
1775635228.940565,-3.0,-5.0,-68.0
1775635228.950565,-3.0,-3.0,-72.0
1775635228.960565,-5.0,-1.0,-69.0
1775635228.9705653,-7.0,0.0,-68.0
1775635228.9805653,-7.0,0.0,-73.0
1775635228.9905653,-9.0,-3.0,-70.0
1775635229.0005653,-7.0,-6.0,-67.0
1775635229.0105653,-7.0,-5.0,-72.0
1775635229.0205653,-3.0,-3.0,-74.0
1775635229.0305655,0.0,0.0,-68.0
1775635229.0405655,5.0,4.0,-68.0
1775635229.0505655,9.0,1.0,-63.0
1775635229.0605657,8.0,-1.0,-68.0
1775635229.0705657,8.0,-1.0,-65.0
1775635229.0815654,4.0,-1.0,-56.0
1775635229.0915654,4.0,0.0,-52.0
1775635229.1005654,6.0,-6.0,-51.0
1775635229.1115654,2.0,-7.0,-54.0
1775635229.121565,-1.0,-9.0,-50.0
1775635229.131565,0.0,-9.0,-52.0
1775635229.141565,-3.0,0.0,-53.0
1775635229.1515653,-8.0,1.0,-55.0
1775635229.1615653,-8.0,2.0,-57.0
1775635229.1715653,-6.0,3.0,-58.0
1775635229.1815653,-1.0,2.0,-56.0
1775635229.1915653,-4.0,2.0,-65.0
1775635229.2015653,-5.0,3.0,-70.0
1775635229.2115655,-11.0,2.0,-73.0
1775635229.2215655,-10.0,-2.0,-74.0
1775635229.2315657,-5.0,-1.0,-78.0
1775635229.2415657,-3.0,2.0,-77.0
1775635229.2515657,-1.0,1.0,-72.0
1775635229.2615654,-2.0,0.0,-74.0
1775635229.2715654,0.0,3.0,-74.0
1775635229.2815654,2.0,1.0,-73.0
1775635229.2915654,-1.0,0.0,-71.0
1775635229.3015654,-3.0,2.0,-73.0
1775635229.3115654,-3.0,3.0,-77.0
1775635229.3215654,-5.0,4.0,-72.0
1775635229.3315654,-4.0,6.0,-67.0
1775635229.3415654,-7.0,2.0,-66.0
1775635229.3515654,-7.0,3.0,-67.0
1775635229.3615654,-10.0,0.0,-68.0
1775635229.371565,-10.0,1.0,-72.0
1775635229.381565,-9.0,1.0,-73.0
1775635229.391565,-10.0,4.0,-76.0
1775635229.4015653,-11.0,2.0,-76.0
1775635229.4115653,-7.0,3.0,-79.0
1775635229.4215653,-2.0,3.0,-73.0
1775635229.4315653,-6.0,3.0,-69.0
1775635229.4415653,1.0,5.0,-64.0
1775635229.4515653,0.0,0.0,-63.0
1775635229.4615655,-1.0,-1.0,-70.0
1775635229.4715655,-2.0,-3.0,-70.0
1775635229.4815657,1.0,-4.0,-66.0
1775635229.4915657,1.0,-3.0,-62.0
1775635229.5015657,2.0,1.0,-66.0
1775635229.5115654,2.0,0.0,-67.0
1775635229.5215654,0.0,-7.0,-74.0
1775635229.5315654,1.0,-5.0,-73.0
1775635229.5415654,2.0,-5.0,-65.0
1775635229.5515654,3.0,-4.0,-64.0
1775635229.5615654,0.0,-1.0,-65.0
1775635229.5715654,-1.0,-1.0,-67.0
1775635229.5815654,0.0,0.0,-61.0
1775635229.5915654,-6.0,5.0,-68.0
1775635229.6015654,0.0,5.0,-75.0
1775635229.6115654,0.0,3.0,-71.0
1775635229.621565,2.0,6.0,-68.0
1775635229.631565,2.0,6.0,-62.0
1775635229.641565,6.0,3.0,-65.0
1775635229.6515653,0.0,4.0,-62.0
1775635229.6615653,-1.0,1.0,-59.0
1775635229.6715653,3.0,4.0,-62.0
1775635229.6815653,2.0,4.0,-67.0
1775635229.6915653,0.0,0.0,-67.0
1775635229.7015653,0.0,-1.0,-69.0
1775635229.7115655,-4.0,-1.0,-73.0
1775635229.7215655,-2.0,-3.0,-73.0
1775635229.7315657,-5.0,-3.0,-80.0
1775635229.7415657,-2.0,0.0,-77.0
1775635229.7515657,2.0,0.0,-79.0
1775635229.7615654,2.0,-3.0,-77.0
1775635229.7715654,2.0,0.0,-78.0
1775635229.7815654,1.0,1.0,-74.0
1775635229.7915654,0.0,1.0,-71.0
1775635229.8015654,-4.0,0.0,-66.0
1775635229.8115654,-3.0,-1.0,-61.0
1775635229.8215654,0.0,-2.0,-60.0
1775635229.8315654,0.0,-1.0,-65.0
1775635229.8415654,0.0,-2.0,-71.0
1775635229.8515654,1.0,-4.0,-76.0
1775635229.8615654,5.0,-2.0,-80.0
1775635229.871565,5.0,-2.0,-74.0
1775635229.881565,2.0,-2.0,-71.0
1775635229.891565,0.0,0.0,-69.0
1775635229.9015653,-3.0,-1.0,-73.0
1775635229.9115653,-1.0,-2.0,-69.0
1775635229.9215653,0.0,-4.0,-67.0
1775635229.9315653,0.0,-5.0,-69.0
1775635229.9415653,-2.0,1.0,-67.0
1775635229.9515653,-7.0,1.0,-66.0
1775635229.9615655,-7.0,2.0,-66.0
1775635229.9715655,-6.0,6.0,-69.0
1775635229.9815657,-4.0,8.0,-72.0
1775635229.9915657,-4.0,3.0,-77.0
1775635230.0015657,-5.0,2.0,-74.0
1775635230.0115654,0.0,0.0,-74.0
1775635230.0215654,5.0,0.0,-71.0
1775635230.0315654,6.0,-1.0,-74.0
1775635230.0415654,8.0,-2.0,-70.0
1775635230.0515654,7.0,0.0,-62.0
1775635230.0615654,2.0,-2.0,-58.0
1775635230.0715654,5.0,-2.0,-62.0
1775635230.0815654,4.0,2.0,-69.0
1775635230.0915654,4.0,1.0,-70.0
1775635230.1015654,2.0,0.0,-68.0
1775635230.1115654,6.0,2.0,-62.0
1775635230.121565,9.0,1.0,-57.0
1775635230.131565,4.0,3.0,-64.0
1775635230.141565,-3.0,6.0,-59.0
1775635230.1515653,-3.0,8.0,-62.0
1775635230.1615653,-3.0,7.0,-71.0
1775635230.1715653,-6.0,4.0,-69.0
1775635230.1815653,-3.0,3.0,-73.0
1775635230.1915653,0.0,2.0,-66.0
1775635230.2015653,0.0,1.0,-70.0
1775635230.2115655,2.0,-5.0,-74.0
1775635230.2215655,0.0,-8.0,-75.0
1775635230.2315657,-5.0,-9.0,-72.0
1775635230.2415657,-4.0,-9.0,-79.0
1775635230.2515657,-2.0,-8.0,-77.0
1775635230.2615654,1.0,-6.0,-71.0
1775635230.2715654,3.0,-6.0,-62.0
1775635230.2815654,2.0,-5.0,-63.0
1775635230.2915654,0.0,-8.0,-71.0
1775635230.3015654,-1.0,-9.0,-74.0
1775635230.3115654,0.0,-8.0,-72.0
1775635230.3215654,-5.0,-2.0,-74.0
1775635230.3315654,-8.0,0.0,-69.0
1775635230.3415654,-5.0,3.0,-65.0
1775635230.3515654,-5.0,3.0,-66.0
1775635230.3615654,-3.0,2.0,-67.0
1775635230.371565,-4.0,3.0,-66.0
1775635230.381565,-8.0,0.0,-71.0
1775635230.391565,-6.0,-4.0,-71.0
1775635230.4015653,-1.0,-4.0,-74.0
1775635230.4115653,1.0,0.0,-72.0
1775635230.4215653,1.0,0.0,-77.0
1775635230.4315653,0.0,0.0,-75.0
1775635230.4415653,-2.0,1.0,-77.0
1775635230.4515653,-3.0,1.0,-76.0
1775635230.4615655,-3.0,0.0,-71.0
1775635230.4715655,-4.0,0.0,-73.0
1775635230.4815657,-4.0,-5.0,-67.0
1775635230.4915657,-3.0,-4.0,-66.0
1775635230.5015657,-1.0,-2.0,-69.0
1775635230.5115654,0.0,-1.0,-69.0
1775635230.5215654,2.0,0.0,-68.0
1775635230.5315654,0.0,0.0,-65.0
1775635230.5415654,2.0,-3.0,-68.0
1775635230.5515654,4.0,-6.0,-71.0
1775635230.5615654,9.0,-3.0,-76.0
1775635230.5715654,14.0,-4.0,-75.0
1775635230.5815654,7.0,-3.0,-74.0
1775635230.5915654,4.0,-1.0,-72.0
1775635230.6015654,1.0,-1.0,-74.0
1775635230.6115654,2.0,-1.0,-75.0
1775635230.621565,0.0,-1.0,-73.0
1775635230.631565,0.0,-2.0,-63.0
1775635230.641565,-5.0,-5.0,-62.0
1775635230.6515653,-5.0,-4.0,-62.0
1775635230.6615653,0.0,-2.0,-66.0
1775635230.6715653,1.0,0.0,-69.0
1775635230.6815653,2.0,0.0,-66.0
1775635230.6915653,1.0,-3.0,-61.0
1775635230.7015653,3.0,-5.0,-61.0
1775635230.7115655,2.0,-5.0,-62.0
1775635230.7215655,1.0,-5.0,-60.0
1775635230.7315657,-1.0,-7.0,-64.0
1775635230.7415657,-5.0,-1.0,-71.0
1775635230.7515657,-4.0,2.0,-67.0
1775635230.7615654,-2.0,4.0,-66.0
1775635230.7715654,5.0,3.0,-64.0
1775635230.7815654,1.0,3.0,-64.0
1775635230.7915654,2.0,0.0,-63.0
1775635230.8015654,2.0,-2.0,-67.0
1775635230.8115654,0.0,0.0,-62.0
1775635230.8215654,-4.0,-4.0,-58.0
1775635230.8315654,-1.0,-3.0,-57.0
1775635230.8415654,-2.0,-3.0,-58.0
1775635230.8515654,-3.0,0.0,-66.0
1775635230.8615654,-4.0,1.0,-67.0
1775635230.871565,1.0,0.0,-65.0
1775635230.881565,-1.0,1.0,-66.0
1775635230.891565,-3.0,0.0,-67.0
1775635230.9015653,-5.0,-1.0,-72.0
1775635230.9115653,-3.0,-4.0,-80.0
1775635230.9215653,1.0,-6.0,-77.0
1775635230.9315653,6.0,-10.0,-76.0
1775635230.9415653,1.0,-8.0,-73.0
1775635230.9515653,-1.0,-9.0,-67.0
1775635230.9615655,-1.0,-8.0,-63.0
1775635230.9715655,-2.0,-6.0,-66.0
1775635230.9815657,-4.0,-6.0,-65.0
1775635230.9915657,-7.0,-6.0,-61.0
1775635231.0015657,-7.0,-3.0,-57.0
1775635231.0115654,0.0,-4.0,-66.0
1775635231.0215654,1.0,-7.0,-63.0
1775635231.0315654,2.0,-4.0,-69.0
1775635231.0415654,0.0,0.0,-72.0
1775635231.0515654,1.0,0.0,-72.0
1775635231.0615654,-1.0,1.0,-70.0
1775635231.0715654,-3.0,0.0,-72.0
1775635231.0815654,0.0,-1.0,-71.0
1775635231.0915654,0.0,0.0,-65.0
1775635231.1015654,2.0,-1.0,-62.0
1775635231.1115654,2.0,-1.0,-61.0
1775635231.121565,3.0,0.0,-65.0
1775635231.131565,-4.0,0.0,-67.0
1775635231.141565,-6.0,2.0,-68.0
1775635231.1515653,-6.0,2.0,-68.0
1775635231.1615653,-3.0,5.0,-67.0
1775635231.1715653,-4.0,0.0,-65.0
1775635231.1815653,-5.0,1.0,-73.0
1775635231.1915653,-1.0,0.0,-72.0
1775635231.2015653,2.0,2.0,-63.0
1775635231.2115655,2.0,4.0,-62.0
1775635231.2215655,2.0,4.0,-67.0
1775635231.2315657,3.0,6.0,-69.0
1775635231.2415657,9.0,5.0,-66.0
1775635231.2515657,8.0,4.0,-69.0
1775635231.2615654,5.0,7.0,-73.0
1775635231.2715654,4.0,3.0,-73.0
1775635231.2815654,0.0,2.0,-78.0
1775635231.2915654,-1.0,0.0,-77.0
1775635231.3015654,0.0,0.0,-79.0
1775635231.3115654,6.0,1.0,-75.0
1775635231.3215654,4.0,0.0,-65.0
1775635231.3315654,8.0,1.0,-66.0
1775635231.3415654,6.0,2.0,-62.0
1775635231.3515654,-1.0,2.0,-65.0
1775635231.3615654,-2.0,2.0,-68.0
1775635231.371565,-2.0,-1.0,-73.0
1775635231.381565,2.0,-1.0,-74.0
1775635231.391565,3.0,-1.0,-73.0
1775635231.4015653,-1.0,-1.0,-76.0
1775635231.4115653,3.0,0.0,-85.0
1775635231.4225657,3.0,0.0,-82.0
1775635231.4315653,6.0,1.0,-84.0
1775635231.4425654,5.0,1.0,-82.0
1775635231.4525654,3.0,-4.0,-73.0
1775635231.4625654,7.0,-6.0,-69.0
1775635231.4725654,7.0,-1.0,-65.0
1775635231.4825654,0.0,0.0,-54.0
1775635231.4925654,0.0,-3.0,-56.0
1775635231.5025654,-2.0,-2.0,-54.0
1775635231.5125654,-2.0,-2.0,-52.0
1775635231.5225654,0.0,-5.0,-51.0
1775635231.5325654,0.0,-6.0,-59.0
1775635231.542565,-6.0,-1.0,-60.0
1775635231.552565,-10.0,2.0,-66.0
1775635231.562565,-9.0,3.0,-70.0
1775635231.5725653,-10.0,0.0,-62.0
1775635231.5825653,-9.0,-1.0,-59.0
1775635231.5925653,-6.0,-1.0,-67.0
1775635231.6025653,1.0,0.0,-72.0
1775635231.6125653,0.0,2.0,-70.0
1775635231.6225653,2.0,0.0,-67.0
1775635231.6325655,2.0,0.0,-66.0
1775635231.6425655,-3.0,-1.0,-67.0
1775635231.6525657,-3.0,3.0,-76.0
1775635231.6625657,-3.0,6.0,-72.0
1775635231.6725657,-5.0,6.0,-64.0
1775635231.6825657,-6.0,5.0,-69.0
1775635231.6925654,-2.0,8.0,-75.0
1775635231.7025654,-3.0,1.0,-73.0
1775635231.7125654,0.0,0.0,-70.0
1775635231.7225654,0.0,1.0,-62.0
1775635231.7325654,2.0,2.0,-63.0
1775635231.7425654,1.0,1.0,-66.0
1775635231.7525654,0.0,-2.0,-68.0
1775635231.7625654,-1.0,-3.0,-65.0
1775635231.7725654,-2.0,1.0,-66.0
1775635231.7825654,-1.0,0.0,-69.0
1775635231.792565,-1.0,2.0,-68.0
1775635231.802565,-2.0,6.0,-72.0
1775635231.812565,1.0,3.0,-67.0
1775635231.8225653,0.0,0.0,-59.0
1775635231.8325653,2.0,-3.0,-59.0
1775635231.8425653,0.0,-3.0,-61.0
1775635231.8525653,-3.0,-4.0,-64.0
1775635231.8625653,-1.0,-8.0,-65.0
1775635231.8725653,2.0,-10.0,-67.0
1775635231.8825655,-1.0,-8.0,-71.0
1775635231.8925655,0.0,-10.0,-72.0
1775635231.9025657,-2.0,-11.0,-71.0
1775635231.9125657,-5.0,-11.0,-75.0
1775635231.9225657,-6.0,-9.0,-69.0
1775635231.9325657,-10.0,-9.0,-66.0
1775635231.9425654,-7.0,-5.0,-67.0
1775635231.9525654,-3.0,-5.0,-67.0
1775635231.9625654,-4.0,-6.0,-72.0
1775635231.9725654,-5.0,-5.0,-74.0
1775635231.9825654,0.0,-3.0,-75.0
1775635231.9925654,0.0,0.0,-76.0
1775635232.0025654,1.0,4.0,-69.0
1775635232.0125654,0.0,2.0,-68.0
1775635232.0225654,-1.0,3.0,-63.0
1775635232.0325654,0.0,7.0,-67.0
1775635232.042565,0.0,7.0,-68.0
1775635232.052565,0.0,10.0,-63.0
1775635232.062565,4.0,5.0,-67.0
1775635232.0725653,2.0,4.0,-69.0
1775635232.0825653,2.0,3.0,-69.0
1775635232.0925653,1.0,2.0,-65.0
1775635232.1025653,2.0,2.0,-69.0
1775635232.1125653,4.0,3.0,-69.0
1775635232.1225653,3.0,2.0,-64.0
1775635232.1325655,0.0,0.0,-62.0
1775635232.1425655,4.0,0.0,-65.0
1775635232.1525657,5.0,-3.0,-66.0
1775635232.1625657,4.0,-4.0,-63.0
1775635232.1725657,5.0,-4.0,-70.0
1775635232.1825657,5.0,-4.0,-70.0
1775635232.1925654,4.0,-9.0,-68.0
1775635232.2025654,5.0,-1.0,-68.0
1775635232.2125654,0.0,-2.0,-67.0
1775635232.2225654,-6.0,-1.0,-66.0
1775635232.2325654,-9.0,-1.0,-63.0
1775635232.2425654,-8.0,-2.0,-67.0
1775635232.2525654,-9.0,-2.0,-69.0
1775635232.2625654,-9.0,-4.0,-65.0
1775635232.2725654,-4.0,-5.0,-59.0
1775635232.2825654,-3.0,-4.0,-63.0
1775635232.292565,-5.0,-1.0,-63.0
1775635232.302565,-6.0,-2.0,-70.0
1775635232.312565,-6.0,-4.0,-71.0
1775635232.3225653,-3.0,-3.0,-62.0
1775635232.3325653,-2.0,-5.0,-61.0
1775635232.3425653,-3.0,-4.0,-72.0
1775635232.3525653,0.0,-6.0,-75.0
1775635232.3625653,-1.0,-5.0,-74.0
1775635232.3725653,0.0,-5.0,-68.0
1775635232.3825655,0.0,-4.0,-66.0
1775635232.3925655,-1.0,-1.0,-67.0
1775635232.4025657,0.0,-1.0,-70.0
1775635232.4125657,-3.0,0.0,-72.0
1775635232.4225657,1.0,-3.0,-72.0
1775635232.4325657,0.0,-4.0,-65.0
1775635232.4425654,-1.0,0.0,-65.0
1775635232.4525654,0.0,-3.0,-59.0
1775635232.4625654,3.0,-2.0,-60.0
1775635232.4725654,1.0,0.0,-69.0
1775635232.4825654,0.0,3.0,-66.0
1775635232.4925654,0.0,1.0,-64.0
1775635232.5025654,-3.0,0.0,-68.0
1775635232.5125654,-3.0,-5.0,-65.0
1775635232.5225654,-2.0,-7.0,-71.0
1775635232.5325654,0.0,-8.0,-69.0
1775635232.542565,-2.0,-11.0,-75.0
1775635232.552565,-1.0,-12.0,-74.0
1775635232.562565,1.0,-11.0,-71.0
1775635232.5725653,2.0,-9.0,-68.0
1775635232.5825653,5.0,-3.0,-72.0
1775635232.5925653,6.0,-5.0,-67.0
1775635232.6025653,8.0,-9.0,-71.0
1775635232.6125653,6.0,-10.0,-68.0
1775635232.6225653,4.0,-11.0,-67.0
1775635232.6325655,-1.0,-10.0,-67.0
1775635232.6425655,-2.0,-8.0,-66.0
1775635232.6525657,-3.0,-6.0,-71.0
1775635232.6625657,-5.0,-2.0,-74.0
1775635232.6725657,-4.0,-2.0,-72.0
1775635232.6825657,-1.0,2.0,-71.0
1775635232.6925654,-6.0,8.0,-72.0
1775635232.7025654,-7.0,5.0,-70.0
1775635232.7125654,1.0,8.0,-68.0
1775635232.7225654,4.0,7.0,-74.0
1775635232.7325654,2.0,3.0,-77.0
1775635232.7425654,-2.0,0.0,-78.0
1775635232.7525654,-5.0,-3.0,-78.0
1775635232.7625654,-2.0,-3.0,-71.0
1775635232.7735653,-2.0,0.0,-70.0
1775635232.7825654,2.0,1.0,-64.0
1775635232.792565,4.0,3.0,-65.0
1775635232.802565,2.0,5.0,-68.0
1775635232.812565,0.0,2.0,-71.0
1775635232.8225653,3.0,3.0,-66.0
1775635232.8325653,3.0,4.0,-67.0
1775635232.8425653,-5.0,3.0,-70.0
1775635232.8525653,-5.0,2.0,-72.0
1775635232.8625653,-7.0,3.0,-66.0
1775635232.8725653,-8.0,0.0,-67.0
1775635232.8825655,-6.0,-2.0,-71.0
1775635232.8925655,-4.0,0.0,-73.0
1775635232.9025657,-3.0,0.0,-76.0
1775635232.9125657,-2.0,0.0,-68.0
1775635232.9225657,-1.0,-2.0,-63.0
1775635232.9325657,-5.0,-1.0,-66.0
1775635232.9425654,-5.0,3.0,-64.0
1775635232.9525654,-2.0,7.0,-65.0
1775635232.9625654,-2.0,3.0,-63.0
1775635232.9725654,-2.0,1.0,-57.0
1775635232.9825654,-6.0,0.0,-55.0
1775635232.9925654,-1.0,0.0,-59.0
1775635233.0025654,3.0,0.0,-64.0
1775635233.0125654,0.0,3.0,-63.0
1775635233.0225654,0.0,2.0,-59.0
1775635233.0325654,-1.0,1.0,-64.0
1775635233.042565,-5.0,-2.0,-61.0
1775635233.052565,-2.0,-1.0,-65.0
1775635233.062565,0.0,-2.0,-69.0
1775635233.0725653,0.0,-2.0,-70.0
1775635233.0825653,3.0,-2.0,-67.0
1775635233.0925653,9.0,0.0,-65.0
1775635233.1025653,9.0,0.0,-67.0
1775635233.1125653,5.0,-4.0,-69.0
1775635233.1225653,2.0,-6.0,-72.0
1775635233.1325655,-3.0,-4.0,-67.0
1775635233.1425655,-1.0,-1.0,-67.0
1775635233.1525657,0.0,-2.0,-64.0
1775635233.1625657,2.0,0.0,-61.0
1775635233.1725657,0.0,0.0,-61.0
1775635233.1825657,-4.0,1.0,-62.0
1775635233.1925654,0.0,0.0,-57.0
1775635233.2025654,-1.0,1.0,-61.0
1775635233.2125654,-2.0,0.0,-69.0
1775635233.2225654,-4.0,3.0,-71.0
1775635233.2325654,-4.0,3.0,-76.0
1775635233.2425654,-3.0,3.0,-74.0
1775635233.2525654,-8.0,2.0,-73.0
1775635233.2625654,-8.0,-2.0,-74.0
1775635233.2725654,-5.0,-2.0,-72.0
1775635233.2825654,-8.0,-1.0,-70.0
1775635233.292565,-3.0,2.0,-74.0
1775635233.302565,-1.0,3.0,-75.0
1775635233.312565,-2.0,3.0,-74.0
1775635233.3225653,1.0,4.0,-76.0
1775635233.3325653,1.0,3.0,-75.0
1775635233.3425653,-1.0,7.0,-74.0
1775635233.3525653,-1.0,4.0,-76.0
1775635233.3625653,2.0,6.0,-73.0
1775635233.3725653,7.0,2.0,-67.0
1775635233.3825655,3.0,5.0,-64.0
1775635233.3925655,-1.0,0.0,-61.0
1775635233.4025657,-3.0,0.0,-60.0
1775635233.4125657,-2.0,1.0,-68.0
1775635233.4225657,-3.0,5.0,-63.0
1775635233.4325657,-2.0,3.0,-63.0
1775635233.4425654,0.0,0.0,-67.0
1775635233.4525654,-1.0,1.0,-73.0
1775635233.4625654,0.0,2.0,-80.0
1775635233.4725654,-4.0,3.0,-80.0
1775635233.4825654,-4.0,2.0,-77.0
1775635233.4925654,-3.0,1.0,-75.0
1775635233.5025654,2.0,-1.0,-73.0
1775635233.5125654,3.0,-2.0,-67.0
1775635233.5225654,-1.0,0.0,-69.0
1775635233.5325654,-3.0,-2.0,-67.0
1775635233.542565,-1.0,-5.0,-68.0
1775635233.552565,0.0,-6.0,-62.0
1775635233.562565,-2.0,-6.0,-68.0
1775635233.5725653,-6.0,-5.0,-68.0
1775635233.5825653,-8.0,-4.0,-66.0
1775635233.5925653,-3.0,-3.0,-64.0
1775635233.6025653,-4.0,-5.0,-70.0
1775635233.6125653,-5.0,-6.0,-82.0
1775635233.6225653,-5.0,-5.0,-83.0
1775635233.6325655,-3.0,0.0,-79.0
1775635233.6425655,0.0,1.0,-81.0
1775635233.6525657,2.0,-1.0,-76.0
1775635233.6625657,1.0,0.0,-76.0
1775635233.6725657,0.0,0.0,-78.0
1775635233.6825657,0.0,2.0,-71.0
1775635233.6925654,0.0,4.0,-62.0
1775635233.7025654,0.0,5.0,-65.0
1775635233.713565,0.0,6.0,-69.0
1775635233.7225654,1.0,2.0,-75.0
1775635233.7325654,5.0,0.0,-75.0
1775635233.7425654,5.0,-2.0,-78.0
1775635233.7535653,1.0,-3.0,-84.0
1775635233.7635653,1.0,-2.0,-73.0
1775635233.7735653,4.0,-2.0,-75.0
1775635233.7835653,1.0,-3.0,-71.0
1775635233.7935653,4.0,-4.0,-66.0
1775635233.8035655,4.0,-4.0,-65.0
1775635233.8135655,7.0,-1.0,-72.0
1775635233.8235655,9.0,-5.0,-74.0
1775635233.8335657,7.0,0.0,-73.0
1775635233.8435657,7.0,1.0,-74.0
1775635233.8535657,7.0,-2.0,-71.0
1775635233.8635654,6.0,-3.0,-66.0
1775635233.8735654,1.0,-2.0,-73.0
1775635233.8835654,-4.0,-3.0,-75.0
1775635233.8935654,-2.0,-2.0,-74.0
1775635233.9035654,-2.0,-3.0,-76.0
1775635233.9135654,0.0,-3.0,-75.0
1775635233.9235654,-4.0,-1.0,-82.0
1775635233.9335654,-8.0,-1.0,-78.0
1775635233.9435654,-6.0,-3.0,-80.0
1775635233.9535654,-5.0,-5.0,-78.0
1775635233.963565,-5.0,-5.0,-74.0
1775635233.973565,-4.0,-5.0,-73.0
1775635233.983565,-3.0,-7.0,-71.0
1775635233.993565,-5.0,-5.0,-68.0
1775635234.0035653,-4.0,-5.0,-72.0
1775635234.0135653,-6.0,-4.0,-69.0
1775635234.0235653,-5.0,-4.0,-69.0
1775635234.0335653,-2.0,-5.0,-69.0
1775635234.0435653,-7.0,-3.0,-70.0
1775635234.0535655,0.0,-1.0,-72.0
1775635234.0635655,1.0,-1.0,-67.0
1775635234.0735655,3.0,-4.0,-62.0
1775635234.0835657,4.0,-2.0,-60.0
1775635234.0935657,3.0,-7.0,-62.0
1775635234.1035657,-1.0,-8.0,-68.0
1775635234.1135654,-2.0,-5.0,-73.0
1775635234.1235654,-4.0,1.0,-67.0
1775635234.1335654,-7.0,0.0,-68.0
1775635234.1435654,-5.0,6.0,-70.0
1775635234.1535654,0.0,2.0,-69.0
1775635234.1635654,0.0,3.0,-69.0
1775635234.1735654,0.0,3.0,-66.0
1775635234.1835654,2.0,4.0,-67.0
1775635234.1935654,3.0,5.0,-70.0
1775635234.2035654,9.0,3.0,-70.0
1775635234.213565,6.0,1.0,-66.0
1775635234.223565,3.0,-1.0,-64.0
1775635234.233565,3.0,-2.0,-65.0
1775635234.243565,1.0,-1.0,-61.0
1775635234.2535653,4.0,2.0,-61.0
1775635234.2635653,2.0,4.0,-61.0
1775635234.2735653,2.0,5.0,-63.0
1775635234.2835653,2.0,3.0,-64.0
1775635234.2935653,0.0,-1.0,-66.0
1775635234.3035655,-2.0,0.0,-68.0
1775635234.3135655,-6.0,-1.0,-74.0
1775635234.3235655,-1.0,-6.0,-70.0
1775635234.3335657,0.0,-9.0,-70.0
1775635234.3435657,0.0,-8.0,-71.0
1775635234.3535657,0.0,-1.0,-81.0
1775635234.3635654,1.0,-1.0,-84.0
1775635234.3735654,0.0,-1.0,-81.0
1775635234.3835654,-3.0,2.0,-82.0
1775635234.3935654,-1.0,0.0,-79.0
1775635234.4035654,0.0,-2.0,-70.0
1775635234.4135654,1.0,-2.0,-69.0
1775635234.4235654,2.0,-2.0,-68.0
1775635234.4335654,4.0,-4.0,-67.0
1775635234.4435654,3.0,-5.0,-68.0
1775635234.4535654,0.0,-2.0,-69.0
1775635234.463565,5.0,0.0,-71.0
1775635234.473565,1.0,-3.0,-73.0
1775635234.483565,2.0,-6.0,-67.0
1775635234.493565,2.0,-4.0,-69.0
1775635234.5035653,4.0,-3.0,-64.0
1775635234.5135653,6.0,-4.0,-56.0
1775635234.5235653,2.0,2.0,-54.0
1775635234.5335653,-2.0,0.0,-60.0
1775635234.5435653,-7.0,3.0,-62.0
1775635234.5535655,-9.0,0.0,-62.0
1775635234.5635655,-14.0,2.0,-60.0
1775635234.5735655,-10.0,3.0,-69.0
1775635234.5835657,-12.0,2.0,-76.0
1775635234.5935657,-12.0,6.0,-73.0
1775635234.6035657,-5.0,3.0,-77.0
1775635234.6135654,-5.0,-1.0,-77.0
1775635234.6235654,-1.0,0.0,-76.0
1775635234.6335654,0.0,3.0,-78.0
1775635234.6435654,0.0,5.0,-82.0
1775635234.6535654,1.0,7.0,-78.0
1775635234.6635654,0.0,4.0,-77.0
1775635234.6735654,1.0,8.0,-67.0
1775635234.6835654,4.0,5.0,-56.0
1775635234.6935654,5.0,3.0,-49.0
1775635234.7035654,1.0,3.0,-61.0
1775635234.713565,-1.0,0.0,-65.0
1775635234.723565,-1.0,-1.0,-59.0
1775635234.733565,0.0,0.0,-59.0
1775635234.743565,0.0,-1.0,-64.0
1775635234.7535653,4.0,0.0,-72.0
1775635234.7635653,4.0,0.0,-70.0
1775635234.7735653,12.0,-3.0,-74.0
1775635234.7835653,11.0,-2.0,-71.0
1775635234.7935653,10.0,-2.0,-67.0
1775635234.8035655,8.0,0.0,-59.0
1775635234.8135655,3.0,-5.0,-66.0
1775635234.8235655,0.0,-6.0,-71.0
1775635234.8335657,-2.0,-3.0,-73.0
1775635234.8435657,-1.0,-3.0,-71.0
1775635234.8535657,-2.0,-1.0,-72.0
1775635234.8635654,1.0,-1.0,-71.0
1775635234.8735654,1.0,-4.0,-74.0
1775635234.8835654,-1.0,-5.0,-73.0
1775635234.8935654,3.0,-2.0,-74.0
1775635234.9035654,0.0,-1.0,-73.0
1775635234.9135654,0.0,-1.0,-70.0
1775635234.9235654,2.0,0.0,-69.0
1775635234.9335654,2.0,0.0,-69.0
1775635234.9435654,2.0,2.0,-71.0
1775635234.9535654,4.0,-1.0,-62.0
1775635234.963565,2.0,-1.0,-58.0
1775635234.973565,2.0,-1.0,-58.0
1775635234.983565,5.0,1.0,-59.0
1775635234.993565,4.0,3.0,-57.0
1775635235.0035653,1.0,0.0,-60.0
1775635235.0135653,-1.0,0.0,-65.0
1775635235.0235653,-9.0,0.0,-61.0
1775635235.0335653,-6.0,0.0,-65.0
1775635235.0435653,-2.0,-1.0,-67.0
1775635235.0535655,-1.0,0.0,-63.0
1775635235.0635655,-1.0,-3.0,-65.0
1775635235.0735655,-1.0,-2.0,-66.0
1775635235.0835657,-1.0,-1.0,-70.0
1775635235.0935657,-1.0,-2.0,-66.0
1775635235.1035657,1.0,0.0,-69.0
1775635235.1135654,1.0,0.0,-69.0
1775635235.1235654,1.0,0.0,-71.0
1775635235.1335654,-1.0,2.0,-67.0
1775635235.1435654,-2.0,1.0,-58.0
1775635235.1535654,0.0,-2.0,-57.0
1775635235.1635654,1.0,-2.0,-58.0
1775635235.1735654,-3.0,1.0,-61.0
1775635235.1835654,0.0,3.0,-70.0
1775635235.1935654,2.0,3.0,-66.0
1775635235.2035654,1.0,0.0,-63.0
1775635235.213565,1.0,0.0,-67.0
1775635235.223565,2.0,-1.0,-66.0
1775635235.233565,5.0,3.0,-65.0
1775635235.243565,4.0,2.0,-68.0
1775635235.2535653,3.0,2.0,-74.0
1775635235.2635653,1.0,2.0,-71.0
1775635235.2735653,6.0,5.0,-72.0
1775635235.2835653,6.0,10.0,-71.0
1775635235.2935653,6.0,8.0,-71.0
1775635235.3035655,4.0,4.0,-68.0
1775635235.3135655,5.0,2.0,-62.0
1775635235.3235655,3.0,-2.0,-64.0
1775635235.3335657,1.0,-1.0,-72.0
1775635235.3435657,1.0,-1.0,-74.0
1775635235.3535657,0.0,-2.0,-77.0
1775635235.3635654,0.0,-2.0,-76.0
1775635235.3735654,-2.0,-2.0,-70.0
1775635235.3835654,-1.0,-6.0,-66.0
1775635235.3935654,-1.0,-4.0,-68.0
1775635235.4035654,-4.0,-3.0,-67.0
1775635235.4135654,-7.0,-1.0,-66.0
1775635235.4235654,-7.0,-2.0,-68.0
1775635235.4335654,-4.0,2.0,-76.0
1775635235.4435654,0.0,4.0,-76.0
1775635235.4535654,-1.0,5.0,-74.0
1775635235.463565,-2.0,6.0,-75.0
1775635235.473565,0.0,5.0,-73.0
1775635235.483565,-3.0,-2.0,-68.0
1775635235.493565,-1.0,-3.0,-65.0
1775635235.5035653,-2.0,-1.0,-65.0
1775635235.5135653,-5.0,-5.0,-65.0
1775635235.5235653,-4.0,-6.0,-67.0
1775635235.5335653,-2.0,-6.0,-71.0
1775635235.5435653,-1.0,-5.0,-70.0
1775635235.5535655,0.0,-6.0,-75.0
1775635235.5635655,0.0,-3.0,-74.0
1775635235.5735655,1.0,-4.0,-72.0
1775635235.5835657,0.0,-6.0,-63.0
1775635235.5935657,-1.0,-3.0,-59.0
1775635235.6035657,-4.0,1.0,-63.0
1775635235.6135654,0.0,2.0,-64.0
1775635235.6235654,0.0,-1.0,-58.0
1775635235.6335654,-1.0,0.0,-57.0
1775635235.6435654,1.0,3.0,-61.0
1775635235.6535654,3.0,2.0,-61.0
1775635235.6635654,5.0,2.0,-58.0
1775635235.6735654,3.0,0.0,-56.0
1775635235.6835654,6.0,0.0,-55.0
1775635235.6935654,5.0,-1.0,-60.0
1775635235.7035654,4.0,-5.0,-59.0
1775635235.713565,2.0,-1.0,-60.0
1775635235.723565,1.0,-2.0,-61.0
1775635235.733565,-1.0,-3.0,-66.0
1775635235.743565,-2.0,-2.0,-67.0
1775635235.7535653,2.0,0.0,-65.0
1775635235.7635653,3.0,1.0,-69.0
1775635235.7735653,0.0,3.0,-70.0
1775635235.7835653,0.0,4.0,-72.0
1775635235.7935653,-3.0,4.0,-70.0
1775635235.8035655,-3.0,0.0,-71.0
1775635235.8135655,1.0,1.0,-69.0
1775635235.8235655,1.0,0.0,-64.0
1775635235.8335657,1.0,0.0,-70.0
1775635235.8435657,0.0,1.0,-69.0
1775635235.8535657,3.0,0.0,-68.0
1775635235.8635654,3.0,-1.0,-59.0
1775635235.8735654,5.0,1.0,-55.0
1775635235.8835654,1.0,-1.0,-57.0
1775635235.8935654,0.0,-4.0,-66.0
1775635235.9035654,3.0,-4.0,-62.0
1775635235.9135654,5.0,1.0,-62.0
1775635235.9235654,2.0,1.0,-59.0
1775635235.9335654,3.0,0.0,-62.0
1775635235.9435654,8.0,0.0,-60.0
1775635235.9535654,4.0,0.0,-66.0
1775635235.963565,4.0,-2.0,-66.0
1775635235.973565,-1.0,1.0,-64.0
1775635235.983565,-2.0,2.0,-61.0
1775635235.993565,1.0,4.0,-63.0
1775635236.0035653,5.0,2.0,-65.0
1775635236.0135653,2.0,3.0,-64.0
1775635236.0235653,-3.0,2.0,-66.0
1775635236.0335653,-4.0,-1.0,-67.0
1775635236.0435653,0.0,-1.0,-65.0
1775635236.0545654,2.0,-1.0,-63.0
1775635236.0635655,3.0,-2.0,-67.0
1775635236.0745654,2.0,-2.0,-70.0
1775635236.0845654,0.0,-2.0,-74.0
1775635236.0945654,0.0,-3.0,-78.0
1775635236.1045654,0.0,-1.0,-78.0
1775635236.1145654,-2.0,-2.0,-69.0
1775635236.1245654,-2.0,-1.0,-68.0
1775635236.1345654,2.0,0.0,-75.0
1775635236.144565,4.0,1.0,-74.0
1775635236.154565,5.0,0.0,-79.0
1775635236.164565,5.0,0.0,-81.0
1775635236.1745653,2.0,-2.0,-82.0
1775635236.1845653,0.0,1.0,-75.0
1775635236.1945653,2.0,0.0,-69.0
1775635236.2045653,2.0,1.0,-68.0
1775635236.2145653,3.0,4.0,-67.0
1775635236.2245653,6.0,0.0,-66.0
1775635236.2345655,6.0,1.0,-66.0
1775635236.2445655,5.0,0.0,-70.0
1775635236.2545657,7.0,0.0,-71.0
1775635236.2645657,6.0,-2.0,-73.0
1775635236.2745657,1.0,-4.0,-73.0
1775635236.2845654,-3.0,0.0,-74.0
1775635236.2945654,-4.0,1.0,-78.0
1775635236.3045654,-3.0,2.0,-74.0
1775635236.3145654,0.0,0.0,-78.0
1775635236.3245654,1.0,3.0,-79.0
1775635236.3345654,0.0,0.0,-79.0
1775635236.3445654,0.0,-2.0,-77.0
1775635236.3545654,0.0,-3.0,-75.0
1775635236.3645654,-6.0,-4.0,-76.0
1775635236.3745654,-5.0,-2.0,-72.0
1775635236.3845654,-11.0,-2.0,-74.0
1775635236.394565,-7.0,0.0,-75.0
1775635236.404565,-4.0,5.0,-71.0
1775635236.414565,-6.0,8.0,-71.0
1775635236.4245653,-1.0,12.0,-71.0
1775635236.4345653,-1.0,6.0,-75.0
1775635236.4445653,-1.0,1.0,-73.0
1775635236.4545653,-1.0,2.0,-71.0
1775635236.4645653,0.0,1.0,-66.0
1775635236.4745653,2.0,2.0,-66.0
1775635236.4845655,2.0,0.0,-67.0
1775635236.4945655,0.0,4.0,-67.0
1775635236.5045657,-6.0,3.0,-68.0
1775635236.5145657,-10.0,2.0,-61.0
1775635236.5245657,-7.0,5.0,-64.0
1775635236.5345654,-7.0,3.0,-63.0
1775635236.5445654,0.0,6.0,-59.0
1775635236.5545654,1.0,7.0,-62.0
1775635236.5645654,0.0,6.0,-66.0
1775635236.5745654,0.0,0.0,-67.0
1775635236.5845654,0.0,3.0,-69.0
1775635236.5945654,-2.0,0.0,-74.0
1775635236.6045654,-2.0,-1.0,-72.0
1775635236.6145654,-2.0,-1.0,-68.0
1775635236.6245654,0.0,-1.0,-73.0
1775635236.6345654,0.0,0.0,-72.0
1775635236.644565,0.0,-1.0,-75.0
1775635236.654565,2.0,1.0,-75.0
1775635236.664565,4.0,5.0,-71.0
1775635236.6745653,0.0,9.0,-73.0
1775635236.6845653,-2.0,6.0,-70.0
1775635236.6945653,0.0,0.0,-75.0
1775635236.7045653,5.0,-3.0,-67.0
1775635236.7145653,4.0,-5.0,-69.0
1775635236.7245653,1.0,-4.0,-71.0
1775635236.7345655,3.0,-2.0,-71.0
1775635236.7445655,-1.0,-1.0,-69.0
1775635236.7545657,0.0,0.0,-68.0
1775635236.7645657,-1.0,0.0,-67.0
1775635236.7745657,-1.0,-5.0,-75.0
1775635236.7845654,-4.0,-4.0,-76.0
1775635236.7945654,-6.0,-5.0,-79.0
1775635236.8045654,-6.0,-3.0,-73.0
1775635236.8145654,-5.0,-3.0,-74.0
1775635236.8245654,0.0,-1.0,-76.0
1775635236.8345654,0.0,0.0,-78.0
1775635236.8445654,-2.0,-2.0,-71.0
1775635236.8545654,-2.0,0.0,-68.0
1775635236.8645654,0.0,2.0,-69.0
1775635236.8745654,-3.0,5.0,-75.0
1775635236.8845654,-2.0,7.0,-78.0
1775635236.894565,-5.0,7.0,-74.0
1775635236.904565,-4.0,7.0,-76.0
1775635236.914565,-6.0,7.0,-74.0
1775635236.9245653,0.0,2.0,-72.0
1775635236.9345653,0.0,1.0,-63.0
1775635236.9445653,-4.0,0.0,-64.0
1775635236.9545653,-1.0,0.0,-70.0
1775635236.9645653,1.0,1.0,-72.0
1775635236.9745653,0.0,0.0,-74.0
1775635236.9845655,0.0,-1.0,-76.0
1775635236.9945655,4.0,5.0,-72.0
1775635237.0045657,6.0,7.0,-74.0
1775635237.0145657,6.0,6.0,-74.0
1775635237.0245657,2.0,4.0,-74.0
1775635237.0345654,-2.0,0.0,-70.0
1775635237.0445654,-4.0,2.0,-75.0
1775635237.0545654,-2.0,0.0,-73.0
1775635237.0645654,0.0,0.0,-69.0
1775635237.0745654,0.0,2.0,-72.0
1775635237.0845654,1.0,3.0,-65.0
1775635237.0945654,-2.0,3.0,-65.0
1775635237.1045654,-1.0,0.0,-65.0
1775635237.1145654,0.0,-2.0,-62.0
1775635237.1245654,-1.0,0.0,-61.0
1775635237.1345654,-2.0,1.0,-60.0
1775635237.144565,2.0,2.0,-64.0
1775635237.154565,3.0,3.0,-66.0
1775635237.164565,7.0,8.0,-68.0
1775635237.1745653,7.0,5.0,-70.0
1775635237.1845653,4.0,2.0,-65.0
1775635237.1945653,5.0,5.0,-61.0
1775635237.2045653,7.0,3.0,-58.0
1775635237.2145653,3.0,4.0,-59.0
1775635237.2245653,8.0,0.0,-60.0
1775635237.2345655,8.0,-4.0,-63.0
1775635237.2445655,4.0,-9.0,-57.0
1775635237.2545657,4.0,-9.0,-58.0
1775635237.2645657,2.0,-7.0,-61.0
1775635237.2745657,6.0,-5.0,-63.0
1775635237.2845654,4.0,-5.0,-65.0
1775635237.2945654,3.0,-4.0,-64.0
1775635237.3045654,-2.0,-2.0,-70.0
1775635237.3145654,-5.0,0.0,-75.0
1775635237.3245654,-4.0,-1.0,-72.0
1775635237.3345654,-8.0,-3.0,-73.0
1775635237.3445654,-5.0,0.0,-76.0
1775635237.3545654,-3.0,3.0,-74.0
1775635237.3645654,-5.0,4.0,-74.0
1775635237.3745654,-7.0,6.0,-80.0
1775635237.3845654,-5.0,2.0,-80.0
1775635237.394565,-5.0,1.0,-85.0
1775635237.404565,-1.0,5.0,-82.0
1775635237.414565,-1.0,6.0,-81.0
1775635237.4245653,-4.0,7.0,-71.0
1775635237.4345653,-6.0,4.0,-66.0
1775635237.4445653,-3.0,6.0,-68.0
1775635237.4545653,0.0,3.0,-61.0
1775635237.4645653,3.0,0.0,-64.0
1775635237.4745653,6.0,-1.0,-56.0
1775635237.4845655,2.0,-4.0,-55.0
1775635237.4945655,0.0,-4.0,-60.0
1775635237.5045657,-2.0,-3.0,-65.0
1775635237.5145657,-3.0,-1.0,-68.0
1775635237.5245657,1.0,2.0,-74.0
1775635237.5345654,3.0,5.0,-73.0
1775635237.5445654,3.0,4.0,-73.0
1775635237.5545654,0.0,6.0,-68.0
1775635237.5645654,-4.0,6.0,-71.0
1775635237.5745654,-1.0,7.0,-68.0
1775635237.5845654,-1.0,5.0,-69.0
1775635237.5945654,-3.0,5.0,-73.0
1775635237.6045654,-3.0,3.0,-73.0
1775635237.6145654,-1.0,4.0,-76.0
1775635237.6245654,-6.0,5.0,-79.0
1775635237.6345654,-5.0,0.0,-76.0
1775635237.644565,-4.0,0.0,-71.0
1775635237.654565,-4.0,1.0,-72.0
1775635237.664565,-3.0,1.0,-71.0
1775635237.6745653,-1.0,4.0,-79.0
1775635237.6845653,4.0,2.0,-76.0
1775635237.6945653,2.0,-2.0,-78.0
1775635237.7045653,2.0,-1.0,-81.0
1775635237.7145653,6.0,-4.0,-76.0
1775635237.7245653,1.0,0.0,-75.0
1775635237.7345655,2.0,4.0,-70.0
1775635237.7445655,4.0,7.0,-78.0
1775635237.7545657,7.0,5.0,-75.0
1775635237.7645657,5.0,6.0,-71.0
1775635237.7745657,5.0,2.0,-69.0
1775635237.7845654,5.0,2.0,-71.0
1775635237.7945654,0.0,5.0,-80.0
1775635237.8045654,0.0,4.0,-82.0
1775635237.8145654,-1.0,5.0,-71.0
1775635237.8245654,0.0,4.0,-62.0
1775635237.8345654,0.0,5.0,-61.0
1775635237.8445654,-2.0,8.0,-63.0
1775635237.8545654,-2.0,4.0,-60.0
1775635237.8645654,5.0,5.0,-64.0
1775635237.8745654,2.0,10.0,-67.0
1775635237.8845654,0.0,5.0,-64.0
1775635237.894565,0.0,3.0,-62.0
1775635237.904565,-1.0,2.0,-66.0
1775635237.914565,-3.0,0.0,-68.0
1775635237.9245653,2.0,0.0,-69.0
1775635237.9345653,-2.0,-1.0,-63.0
1775635237.9445653,0.0,0.0,-64.0
1775635237.9545653,1.0,0.0,-65.0
1775635237.9645653,1.0,0.0,-65.0
1775635237.9745653,3.0,1.0,-65.0
1775635237.9845655,-1.0,0.0,-66.0
1775635237.9945655,1.0,-2.0,-71.0
1775635238.0045657,2.0,-3.0,-74.0
1775635238.0145657,1.0,-5.0,-72.0
1775635238.0245657,-3.0,-2.0,-69.0
1775635238.0345654,-4.0,-1.0,-69.0
1775635238.0445654,-4.0,1.0,-74.0
1775635238.0545654,-6.0,-1.0,-69.0
1775635238.0645654,-10.0,-1.0,-72.0
1775635238.0745654,-6.0,-6.0,-74.0
1775635238.0845654,-5.0,-5.0,-74.0
1775635238.0945654,-4.0,-4.0,-71.0
1775635238.1045654,-3.0,-3.0,-66.0
1775635238.1145654,-2.0,-5.0,-65.0
1775635238.1245654,-1.0,-6.0,-61.0
1775635238.1345654,-1.0,-8.0,-63.0
1775635238.144565,0.0,-5.0,-65.0
1775635238.154565,1.0,-4.0,-67.0
1775635238.164565,-6.0,0.0,-60.0
1775635238.1745653,-5.0,1.0,-59.0
1775635238.1845653,-6.0,3.0,-59.0
1775635238.1945653,-8.0,0.0,-63.0
1775635238.2045653,-7.0,0.0,-66.0
1775635238.2145653,-2.0,-1.0,-72.0
1775635238.2245653,-1.0,-1.0,-75.0
1775635238.2345655,-3.0,-3.0,-79.0
1775635238.2445655,-9.0,-2.0,-75.0
1775635238.2545657,0.0,-2.0,-66.0
1775635238.2645657,6.0,0.0,-63.0
1775635238.2745657,3.0,0.0,-58.0
1775635238.2845654,4.0,2.0,-54.0
1775635238.2945654,0.0,0.0,-52.0
1775635238.3045654,-1.0,-6.0,-64.0
1775635238.3145654,-1.0,-8.0,-62.0
1775635238.3245654,-1.0,-6.0,-60.0
1775635238.3345654,2.0,-6.0,-56.0
1775635238.3445654,5.0,-5.0,-52.0
1775635238.3545654,6.0,-5.0,-55.0
1775635238.3645654,3.0,-7.0,-51.0
1775635238.3755653,4.0,-2.0,-54.0
1775635238.3855653,3.0,-4.0,-56.0
1775635238.394565,7.0,-5.0,-60.0
1775635238.4055655,6.0,-6.0,-58.0
1775635238.4155655,0.0,1.0,-62.0
1775635238.4255655,0.0,-4.0,-66.0
1775635238.4355657,2.0,-4.0,-64.0
1775635238.4455657,5.0,-3.0,-62.0
1775635238.4555657,5.0,-3.0,-60.0
1775635238.4655654,4.0,0.0,-57.0
1775635238.4755654,2.0,0.0,-58.0
1775635238.4855654,-2.0,4.0,-60.0
1775635238.4955654,-4.0,8.0,-65.0
1775635238.5055654,-1.0,2.0,-65.0
1775635238.5155654,-3.0,-1.0,-62.0
1775635238.5255654,2.0,-1.0,-60.0
1775635238.5355654,5.0,-3.0,-60.0
1775635238.5455654,4.0,-3.0,-63.0
1775635238.5555654,0.0,-6.0,-63.0
1775635238.565565,0.0,-3.0,-65.0
1775635238.575565,-5.0,-3.0,-63.0
1775635238.585565,-4.0,-4.0,-63.0
1775635238.5955653,-1.0,-5.0,-73.0
1775635238.6055653,-2.0,-7.0,-73.0
1775635238.6155653,-1.0,-6.0,-78.0
1775635238.6255653,-4.0,-5.0,-80.0
1775635238.6355653,-1.0,-5.0,-82.0
1775635238.6455653,-1.0,-3.0,-78.0
1775635238.6555655,-5.0,-5.0,-77.0
1775635238.6655655,-6.0,-6.0,-68.0
1775635238.6755655,-6.0,-3.0,-71.0
1775635238.6855657,-6.0,-4.0,-76.0
1775635238.6955657,-7.0,-2.0,-77.0
1775635238.7055657,-6.0,1.0,-71.0
1775635238.7155654,0.0,1.0,-68.0
1775635238.7255654,3.0,0.0,-74.0
1775635238.7355654,3.0,-5.0,-69.0
1775635238.7455654,0.0,-8.0,-71.0
1775635238.7555654,-5.0,-4.0,-73.0
1775635238.7655654,-3.0,-2.0,-73.0
1775635238.7755654,-3.0,1.0,-66.0
1775635238.7855654,-1.0,1.0,-60.0
1775635238.7955654,0.0,1.0,-59.0
1775635238.8055654,3.0,2.0,-61.0
1775635238.815565,1.0,-1.0,-65.0
1775635238.825565,0.0,-3.0,-64.0
1775635238.835565,0.0,0.0,-71.0
1775635238.8455653,1.0,3.0,-67.0
1775635238.8555653,1.0,3.0,-71.0
1775635238.8655653,2.0,4.0,-72.0
1775635238.8755653,-3.0,6.0,-68.0
1775635238.8855653,-1.0,3.0,-66.0
1775635238.8955653,1.0,1.0,-69.0
1775635238.9055655,4.0,3.0,-74.0
1775635238.9155655,3.0,2.0,-73.0
1775635238.9255655,0.0,0.0,-77.0
1775635238.9355657,-3.0,-2.0,-75.0
1775635238.9455657,-3.0,-1.0,-74.0
1775635238.9555657,-4.0,-1.0,-75.0
1775635238.9655654,-3.0,0.0,-74.0
1775635238.9755654,-5.0,-1.0,-66.0
1775635238.9855654,-2.0,-3.0,-66.0
1775635238.9955654,3.0,-4.0,-66.0
1775635239.0055654,0.0,-3.0,-71.0
1775635239.0155654,0.0,0.0,-77.0
1775635239.0255654,1.0,1.0,-73.0
1775635239.0355654,2.0,6.0,-75.0
1775635239.0455654,1.0,6.0,-76.0
1775635239.0555654,2.0,8.0,-75.0
1775635239.065565,2.0,4.0,-73.0
1775635239.075565,6.0,5.0,-67.0
1775635239.085565,1.0,0.0,-70.0
1775635239.0955653,0.0,0.0,-64.0
1775635239.1055653,1.0,0.0,-61.0
1775635239.1155653,-3.0,2.0,-56.0
1775635239.1255653,-2.0,0.0,-67.0
1775635239.1355653,-4.0,1.0,-75.0
1775635239.1455653,-3.0,0.0,-73.0
1775635239.1555655,2.0,0.0,-77.0
1775635239.1655655,0.0,-2.0,-82.0
1775635239.1755655,1.0,-5.0,-85.0
1775635239.1855657,6.0,0.0,-77.0
1775635239.1955657,7.0,0.0,-76.0
1775635239.2055657,6.0,0.0,-80.0
1775635239.2155654,9.0,2.0,-81.0
1775635239.2255654,8.0,4.0,-77.0
1775635239.2355654,8.0,0.0,-80.0
1775635239.2455654,9.0,2.0,-78.0
1775635239.2555654,13.0,1.0,-82.0
1775635239.2655654,10.0,4.0,-79.0
1775635239.2755654,7.0,4.0,-71.0
1775635239.2855654,8.0,3.0,-67.0
1775635239.2955654,8.0,-1.0,-70.0
1775635239.3055654,2.0,-2.0,-74.0
1775635239.315565,3.0,2.0,-78.0
1775635239.325565,7.0,2.0,-74.0
1775635239.335565,7.0,5.0,-79.0
1775635239.3455653,3.0,0.0,-82.0
1775635239.3555653,-1.0,-3.0,-80.0
1775635239.3655653,-3.0,-1.0,-79.0
1775635239.3755653,-2.0,-1.0,-71.0
1775635239.3855653,0.0,-3.0,-65.0
1775635239.3955653,0.0,-6.0,-64.0
1775635239.4055655,-2.0,-7.0,-65.0
1775635239.4155655,-2.0,-6.0,-63.0
1775635239.4255655,1.0,-5.0,-66.0
1775635239.4355657,1.0,-1.0,-67.0
1775635239.4455657,0.0,-5.0,-67.0
1775635239.4555657,-5.0,-8.0,-69.0
1775635239.4655654,-4.0,-8.0,-66.0
1775635239.4755654,-1.0,-5.0,-68.0
1775635239.4855654,1.0,-2.0,-69.0
1775635239.4955654,1.0,-6.0,-65.0
1775635239.5055654,6.0,-3.0,-67.0
1775635239.5155654,1.0,3.0,-74.0
1775635239.5255654,-3.0,3.0,-72.0
1775635239.5355654,-4.0,8.0,-74.0
1775635239.5455654,-10.0,11.0,-68.0
1775635239.5555654,-10.0,9.0,-61.0
1775635239.565565,-7.0,6.0,-63.0
1775635239.575565,-6.0,2.0,-64.0
1775635239.585565,-6.0,0.0,-69.0
1775635239.5955653,-4.0,0.0,-73.0
1775635239.6055653,-4.0,0.0,-71.0
1775635239.6155653,-1.0,0.0,-75.0
1775635239.6255653,-4.0,0.0,-72.0
1775635239.6355653,0.0,-4.0,-75.0
1775635239.6455653,-1.0,-4.0,-73.0
1775635239.6555655,0.0,0.0,-68.0
1775635239.6655655,6.0,0.0,-63.0
1775635239.6755655,6.0,1.0,-57.0
1775635239.6855657,6.0,4.0,-58.0
1775635239.6955657,2.0,0.0,-63.0
1775635239.7055657,0.0,-1.0,-57.0
1775635239.7155654,-3.0,-2.0,-54.0
1775635239.7255654,-3.0,0.0,-57.0
1775635239.7355654,-6.0,-1.0,-57.0
1775635239.7455654,-3.0,-1.0,-62.0
1775635239.7555654,1.0,0.0,-73.0
1775635239.7655654,3.0,-1.0,-78.0
1775635239.7755654,1.0,-4.0,-76.0
1775635239.7855654,1.0,0.0,-72.0
1775635239.7955654,0.0,-2.0,-62.0
1775635239.8055654,0.0,0.0,-59.0
1775635239.815565,1.0,1.0,-60.0
1775635239.825565,-1.0,2.0,-62.0
1775635239.835565,-1.0,4.0,-59.0
1775635239.8455653,-1.0,7.0,-68.0
1775635239.8555653,-3.0,5.0,-69.0
1775635239.8655653,-4.0,4.0,-72.0
1775635239.8755653,-6.0,2.0,-76.0
1775635239.8855653,-7.0,-1.0,-72.0
1775635239.8955653,-8.0,3.0,-73.0
1775635239.9055655,-5.0,2.0,-77.0
1775635239.9155655,-1.0,4.0,-83.0
1775635239.9255655,-2.0,1.0,-75.0
1775635239.9355657,0.0,-2.0,-79.0
1775635239.9455657,-2.0,-3.0,-76.0
1775635239.9555657,-3.0,-1.0,-75.0
1775635239.9655654,-3.0,2.0,-72.0
1775635239.9755654,-4.0,5.0,-69.0
1775635239.9855654,-2.0,2.0,-65.0
1775635239.9955654,0.0,0.0,-67.0
1775635240.0055654,2.0,3.0,-65.0
1775635240.0155654,2.0,1.0,-71.0
1775635240.0255654,1.0,2.0,-64.0
1775635240.0355654,1.0,0.0,-59.0
1775635240.0455654,3.0,0.0,-65.0
1775635240.0555654,3.0,-1.0,-73.0
1775635240.065565,3.0,4.0,-74.0
1775635240.075565,3.0,3.0,-74.0
1775635240.085565,0.0,1.0,-73.0
1775635240.0955653,4.0,-4.0,-70.0
1775635240.1055653,2.0,-3.0,-72.0
1775635240.1155653,0.0,-3.0,-70.0
1775635240.1255653,0.0,-2.0,-68.0
1775635240.1355653,0.0,0.0,-67.0
1775635240.1455653,-2.0,0.0,-63.0
1775635240.1555655,-6.0,-1.0,-65.0
1775635240.1655655,-7.0,-1.0,-68.0
1775635240.1755655,-7.0,-1.0,-66.0
1775635240.1855657,-7.0,-1.0,-65.0
1775635240.1955657,-9.0,-3.0,-70.0
1775635240.2055657,-5.0,-4.0,-65.0
1775635240.2155654,-4.0,-3.0,-64.0
1775635240.2255654,-6.0,0.0,-69.0
1775635240.2355654,-4.0,0.0,-78.0
1775635240.2455654,0.0,2.0,-75.0
1775635240.2555654,2.0,4.0,-70.0
1775635240.2655654,3.0,0.0,-65.0
1775635240.2755654,0.0,0.0,-66.0
1775635240.2855654,2.0,-2.0,-58.0
1775635240.2955654,0.0,-5.0,-62.0
1775635240.3055654,-1.0,-5.0,-68.0
1775635240.315565,0.0,-7.0,-68.0
1775635240.325565,0.0,-8.0,-69.0
1775635240.335565,0.0,-5.0,-74.0
1775635240.3455653,1.0,-2.0,-67.0
1775635240.3555653,-5.0,-1.0,-65.0
1775635240.3655653,-3.0,-1.0,-66.0
1775635240.3755653,-2.0,-1.0,-59.0
1775635240.3855653,-4.0,0.0,-55.0
1775635240.3955653,-2.0,0.0,-63.0
1775635240.4055655,2.0,-1.0,-64.0
1775635240.4155655,1.0,3.0,-55.0
1775635240.4255655,-1.0,1.0,-58.0
1775635240.4355657,-5.0,5.0,-65.0
1775635240.4455657,-6.0,5.0,-65.0
1775635240.4555657,-7.0,1.0,-71.0
1775635240.4655654,-3.0,0.0,-70.0
1775635240.4755654,2.0,0.0,-67.0
1775635240.4855654,5.0,0.0,-72.0
1775635240.4955654,2.0,-1.0,-64.0
1775635240.5055654,0.0,0.0,-63.0
1775635240.5155654,-2.0,-3.0,-73.0
1775635240.5255654,-2.0,-3.0,-67.0
1775635240.5355654,-1.0,-2.0,-69.0
1775635240.5455654,-3.0,-2.0,-74.0
1775635240.5555654,-1.0,3.0,-68.0
1775635240.565565,-3.0,6.0,-60.0
1775635240.575565,2.0,7.0,-62.0
1775635240.585565,-1.0,4.0,-67.0
1775635240.5955653,-4.0,2.0,-64.0
1775635240.6055653,-2.0,-1.0,-63.0
1775635240.6155653,0.0,2.0,-65.0
1775635240.6255653,4.0,2.0,-67.0
1775635240.6355653,2.0,-2.0,-68.0
1775635240.6455653,4.0,-5.0,-69.0
1775635240.6555655,5.0,-5.0,-75.0
1775635240.6655655,6.0,-4.0,-70.0
1775635240.6755655,9.0,-3.0,-68.0
1775635240.6855657,4.0,-4.0,-62.0
1775635240.6955657,1.0,-5.0,-63.0
1775635240.7065654,0.0,-5.0,-58.0
1775635240.7165654,3.0,-2.0,-54.0
1775635240.7265654,7.0,-6.0,-58.0
1775635240.7365654,6.0,-3.0,-56.0
1775635240.746565,6.0,-5.0,-55.0
1775635240.756565,1.0,-5.0,-52.0
1775635240.766565,0.0,-5.0,-52.0
1775635240.7765653,-3.0,-3.0,-58.0
1775635240.7865653,-2.0,-1.0,-51.0
1775635240.7965653,-1.0,0.0,-61.0
1775635240.8065653,-1.0,-4.0,-67.0
1775635240.8165653,-2.0,-2.0,-72.0
1775635240.8265653,0.0,-1.0,-64.0
1775635240.8365655,-2.0,0.0,-62.0
1775635240.8465655,-7.0,1.0,-66.0
1775635240.8565657,-4.0,4.0,-65.0
1775635240.8665657,-3.0,4.0,-55.0
1775635240.8765657,-2.0,2.0,-58.0
1775635240.8865654,3.0,-1.0,-55.0
1775635240.8965654,7.0,-4.0,-60.0
1775635240.9065654,12.0,-4.0,-62.0
1775635240.9165654,9.0,-5.0,-61.0
1775635240.9265654,6.0,-2.0,-59.0
1775635240.9365654,3.0,0.0,-61.0
1775635240.9465654,0.0,1.0,-62.0
1775635240.9565654,-2.0,4.0,-63.0
1775635240.9665654,0.0,1.0,-70.0
1775635240.9765654,1.0,-3.0,-72.0
1775635240.9865654,-2.0,-6.0,-74.0
1775635240.996565,-2.0,-3.0,-70.0
1775635241.006565,0.0,0.0,-71.0
1775635241.016565,-1.0,-3.0,-69.0
1775635241.0265653,-1.0,-1.0,-71.0
1775635241.0365653,-4.0,-6.0,-68.0
1775635241.0465653,-5.0,-2.0,-69.0
1775635241.0565653,-6.0,-1.0,-70.0
1775635241.0665653,-3.0,0.0,-75.0
1775635241.0765653,2.0,6.0,-71.0
1775635241.0865655,3.0,3.0,-72.0
1775635241.0965655,0.0,3.0,-78.0
1775635241.1065657,-2.0,6.0,-77.0
1775635241.1165657,0.0,3.0,-77.0
1775635241.1265657,0.0,0.0,-71.0
1775635241.1365654,3.0,1.0,-71.0
1775635241.1465654,0.0,1.0,-69.0
1775635241.1565654,-1.0,2.0,-77.0
1775635241.1665654,-1.0,0.0,-79.0
1775635241.1765654,-1.0,-2.0,-77.0
1775635241.1865654,0.0,0.0,-71.0
1775635241.1965654,0.0,1.0,-70.0
1775635241.2065654,2.0,0.0,-76.0
1775635241.2165654,1.0,-1.0,-71.0
1775635241.2265654,2.0,0.0,-65.0
1775635241.2365654,1.0,-2.0,-67.0
1775635241.246565,-1.0,-2.0,-72.0
1775635241.256565,0.0,0.0,-72.0
1775635241.266565,1.0,-1.0,-70.0
1775635241.2765653,5.0,-1.0,-63.0
1775635241.2865653,6.0,0.0,-69.0
1775635241.2965653,2.0,2.0,-72.0
1775635241.3065653,-5.0,-2.0,-76.0
1775635241.3165653,-8.0,-7.0,-86.0
1775635241.3265653,-9.0,-9.0,-85.0
1775635241.3365655,-12.0,-8.0,-82.0
1775635241.3465655,-9.0,-10.0,-78.0
1775635241.3565657,-6.0,-12.0,-81.0
1775635241.3665657,-5.0,-12.0,-77.0
1775635241.3765657,-3.0,-12.0,-77.0
1775635241.3865654,-9.0,-10.0,-77.0
1775635241.3965654,-9.0,-8.0,-74.0
1775635241.4065654,-8.0,-10.0,-75.0
1775635241.4165654,-9.0,-7.0,-75.0
1775635241.4265654,-6.0,-5.0,-71.0
1775635241.4365654,-5.0,-2.0,-63.0
1775635241.4465654,-2.0,-1.0,-66.0
1775635241.4565654,2.0,-1.0,-61.0
1775635241.4665654,2.0,0.0,-61.0
1775635241.4765654,0.0,0.0,-61.0
1775635241.4865654,-1.0,1.0,-59.0
1775635241.496565,-5.0,-1.0,-63.0
1775635241.506565,-1.0,-2.0,-71.0
1775635241.516565,-3.0,-2.0,-73.0
1775635241.5265653,-1.0,-5.0,-69.0
1775635241.5365653,3.0,1.0,-72.0
1775635241.5465653,-4.0,4.0,-70.0
1775635241.5565653,-5.0,6.0,-69.0
1775635241.5665653,-3.0,11.0,-69.0
1775635241.5765653,-1.0,6.0,-63.0
1775635241.5865655,-2.0,6.0,-74.0
1775635241.5965655,0.0,4.0,-73.0
1775635241.6065657,0.0,4.0,-68.0
1775635241.6165657,-4.0,5.0,-70.0
1775635241.6265657,-4.0,3.0,-69.0
1775635241.6365654,-4.0,2.0,-68.0
1775635241.6465654,-3.0,5.0,-65.0
1775635241.6565654,-2.0,3.0,-64.0
1775635241.6665654,-5.0,1.0,-68.0
1775635241.6765654,-3.0,1.0,-71.0
1775635241.6865654,-2.0,-2.0,-64.0
1775635241.6965654,-4.0,-1.0,-68.0
1775635241.7065654,-3.0,-1.0,-60.0
1775635241.7165654,-1.0,-5.0,-63.0
1775635241.7265654,3.0,-3.0,-61.0
1775635241.7365654,0.0,-2.0,-62.0
1775635241.746565,-1.0,-3.0,-63.0
1775635241.756565,-3.0,-1.0,-70.0
1775635241.766565,-4.0,0.0,-73.0
1775635241.7765653,-1.0,0.0,-74.0
1775635241.7865653,-1.0,-1.0,-70.0
1775635241.7965653,-4.0,1.0,-67.0
1775635241.8065653,-8.0,3.0,-64.0
1775635241.8165653,-9.0,1.0,-62.0
1775635241.8265653,-5.0,3.0,-60.0
1775635241.8365655,0.0,1.0,-64.0
1775635241.8465655,-5.0,2.0,-66.0
1775635241.8565657,-5.0,1.0,-65.0
1775635241.8665657,-5.0,-3.0,-73.0
1775635241.8765657,-6.0,-2.0,-72.0
1775635241.8875654,-4.0,-1.0,-74.0
1775635241.8965654,-1.0,0.0,-78.0
1775635241.9065654,1.0,-3.0,-73.0
1775635241.9165654,4.0,-3.0,-81.0
1775635241.9265654,0.0,-2.0,-82.0
1775635241.9365654,0.0,-3.0,-77.0
1775635241.9465654,2.0,-4.0,-67.0
1775635241.9565654,3.0,-4.0,-65.0
1775635241.9665654,0.0,-4.0,-56.0
1775635241.9765654,-2.0,-6.0,-57.0
1775635241.9865654,0.0,-9.0,-63.0
1775635241.996565,4.0,-8.0,-64.0
1775635242.006565,4.0,-5.0,-65.0
1775635242.016565,3.0,-4.0,-67.0
1775635242.0265653,0.0,-1.0,-71.0
1775635242.0365653,1.0,-2.0,-71.0
1775635242.0465653,1.0,-3.0,-69.0
1775635242.0565653,1.0,-4.0,-71.0
1775635242.0665653,3.0,-7.0,-68.0
1775635242.0765653,1.0,-8.0,-64.0
1775635242.0865655,1.0,-4.0,-69.0
1775635242.0965655,3.0,-3.0,-64.0
1775635242.1065657,3.0,-5.0,-62.0
1775635242.1165657,-1.0,-6.0,-65.0
1775635242.1265657,-1.0,-7.0,-64.0
1775635242.1365654,0.0,-11.0,-67.0
1775635242.1465654,-2.0,-9.0,-66.0
1775635242.1565654,0.0,-9.0,-69.0
1775635242.1665654,4.0,-7.0,-62.0
1775635242.1765654,4.0,-6.0,-66.0
1775635242.1865654,8.0,-9.0,-72.0
1775635242.1965654,9.0,-7.0,-71.0
1775635242.2065654,3.0,-4.0,-75.0
1775635242.2165654,0.0,-4.0,-75.0
1775635242.2265654,-2.0,-6.0,-73.0
1775635242.2365654,-5.0,-6.0,-70.0
1775635242.246565,-4.0,-3.0,-61.0
1775635242.256565,-6.0,-2.0,-64.0
1775635242.266565,-4.0,-1.0,-71.0
1775635242.2765653,-4.0,0.0,-64.0
1775635242.2865653,-3.0,2.0,-61.0
1775635242.2965653,-6.0,3.0,-59.0
1775635242.3065653,-4.0,3.0,-58.0
1775635242.3165653,-6.0,2.0,-60.0
1775635242.3265653,-5.0,2.0,-63.0
1775635242.3365655,-2.0,3.0,-66.0
1775635242.3465655,-4.0,3.0,-64.0
1775635242.3565657,-4.0,1.0,-64.0
1775635242.3665657,-1.0,-2.0,-69.0
1775635242.3765657,-4.0,0.0,-71.0
1775635242.3865654,-5.0,0.0,-73.0
1775635242.3965654,-2.0,0.0,-75.0
1775635242.4065654,0.0,-1.0,-74.0
1775635242.4165654,0.0,0.0,-75.0
1775635242.4265654,2.0,2.0,-71.0
1775635242.4365654,1.0,0.0,-69.0
1775635242.4465654,-3.0,3.0,-65.0
1775635242.4565654,-1.0,2.0,-60.0
1775635242.4665654,0.0,1.0,-55.0
1775635242.4765654,-5.0,-1.0,-50.0
1775635242.4865654,-7.0,-3.0,-54.0
1775635242.496565,-6.0,-3.0,-54.0
1775635242.506565,-2.0,-1.0,-53.0
1775635242.516565,-2.0,2.0,-49.0
1775635242.5265653,-2.0,2.0,-48.0
1775635242.5365653,-5.0,0.0,-48.0
1775635242.5465653,-5.0,1.0,-56.0
1775635242.5565653,-5.0,0.0,-62.0
1775635242.5665653,0.0,-1.0,-66.0
1775635242.5765653,0.0,-3.0,-67.0
1775635242.5865655,0.0,-1.0,-68.0
1775635242.5965655,2.0,0.0,-66.0
1775635242.6065657,3.0,1.0,-63.0
1775635242.6165657,5.0,-2.0,-64.0
1775635242.6265657,-1.0,0.0,-68.0
1775635242.6365654,-2.0,-1.0,-64.0
1775635242.6465654,-3.0,0.0,-65.0
1775635242.6565654,-3.0,6.0,-67.0
1775635242.6665654,-2.0,8.0,-69.0
1775635242.6765654,1.0,7.0,-68.0
1775635242.6865654,0.0,7.0,-67.0
1775635242.6965654,1.0,7.0,-73.0
1775635242.7065654,3.0,4.0,-73.0
1775635242.7165654,5.0,5.0,-77.0
1775635242.7265654,8.0,6.0,-75.0
1775635242.7365654,8.0,4.0,-76.0
1775635242.746565,10.0,0.0,-77.0
1775635242.756565,8.0,-1.0,-73.0
1775635242.766565,8.0,-1.0,-72.0
1775635242.7765653,8.0,-4.0,-65.0
1775635242.7865653,8.0,-7.0,-65.0
1775635242.7965653,7.0,-4.0,-62.0
1775635242.8065653,2.0,-4.0,-67.0
1775635242.8165653,0.0,-4.0,-60.0
1775635242.8265653,-1.0,0.0,-59.0
1775635242.8365655,-5.0,2.0,-62.0
1775635242.8465655,-5.0,0.0,-59.0
1775635242.8565657,-9.0,1.0,-61.0
1775635242.8665657,-14.0,3.0,-58.0
1775635242.8765657,-15.0,-2.0,-65.0
1775635242.8865654,-9.0,-1.0,-63.0
1775635242.8965654,-4.0,0.0,-64.0
1775635242.9065654,-1.0,-2.0,-67.0
1775635242.9165654,-6.0,-1.0,-61.0
1775635242.9265654,-10.0,-1.0,-59.0
1775635242.9365654,0.0,3.0,-57.0
1775635242.9465654,5.0,3.0,-63.0
1775635242.9565654,1.0,5.0,-66.0
1775635242.9665654,2.0,1.0,-73.0
1775635242.9765654,1.0,4.0,-68.0
1775635242.9865654,-1.0,0.0,-67.0
1775635242.9975653,-3.0,-2.0,-63.0
1775635243.0075655,-1.0,-3.0,-67.0
1775635243.0175655,0.0,-5.0,-60.0
1775635243.0265653,-6.0,-3.0,-55.0
1775635243.0375657,-5.0,-2.0,-61.0
1775635243.0475657,-4.0,0.0,-61.0
1775635243.0575657,-5.0,0.0,-62.0
1775635243.0675654,-9.0,2.0,-65.0
1775635243.0775654,-6.0,0.0,-74.0
1775635243.0875654,-3.0,-4.0,-75.0
1775635243.0975654,0.0,-7.0,-74.0
1775635243.1075654,0.0,-6.0,-75.0
1775635243.1175654,0.0,-6.0,-81.0
1775635243.1275654,1.0,-5.0,-83.0
1775635243.1375654,-1.0,-6.0,-77.0
1775635243.1475654,-4.0,0.0,-75.0
1775635243.1575654,-7.0,0.0,-76.0
1775635243.167565,-3.0,0.0,-78.0
1775635243.177565,-3.0,-2.0,-74.0
1775635243.187565,-7.0,-2.0,-73.0
1775635243.1975653,-10.0,-5.0,-70.0
1775635243.2075653,-10.0,-4.0,-63.0
1775635243.2175653,-10.0,0.0,-68.0
1775635243.2275653,-7.0,1.0,-69.0
1775635243.2375653,-6.0,2.0,-70.0
1775635243.2475653,-1.0,3.0,-72.0
1775635243.2575655,0.0,4.0,-66.0
1775635243.2675655,1.0,1.0,-67.0
1775635243.2775657,0.0,2.0,-68.0
1775635243.2875657,0.0,0.0,-69.0
1775635243.2975657,0.0,-2.0,-69.0
1775635243.3075657,-5.0,-3.0,-71.0
1775635243.3175654,0.0,-6.0,-71.0
1775635243.3275654,2.0,-8.0,-76.0
1775635243.3375654,4.0,-5.0,-69.0
1775635243.3475654,4.0,-8.0,-72.0
1775635243.3575654,6.0,-6.0,-71.0
1775635243.3675654,7.0,-3.0,-68.0
1775635243.3775654,8.0,-5.0,-73.0
1775635243.3875654,4.0,-9.0,-70.0
1775635243.3975654,4.0,-3.0,-63.0
1775635243.4075654,1.0,-5.0,-67.0
1775635243.417565,3.0,-7.0,-64.0
1775635243.427565,2.0,-2.0,-75.0
1775635243.437565,2.0,1.0,-72.0
1775635243.4475653,-2.0,0.0,-70.0
1775635243.4575653,-2.0,-2.0,-63.0
1775635243.4675653,-3.0,-4.0,-63.0
1775635243.4775653,3.0,-8.0,-61.0
1775635243.4875653,0.0,-1.0,-60.0
1775635243.4975653,-3.0,-1.0,-61.0
1775635243.5075655,1.0,-3.0,-58.0
1775635243.5175655,3.0,-3.0,-57.0
1775635243.5275657,1.0,0.0,-56.0
1775635243.5375657,-1.0,4.0,-61.0
1775635243.5475657,-2.0,7.0,-66.0
1775635243.5575657,-2.0,5.0,-64.0
1775635243.5675654,-6.0,3.0,-62.0
1775635243.5775654,-6.0,0.0,-63.0
1775635243.5875654,-1.0,1.0,-69.0
1775635243.5975654,-1.0,4.0,-75.0
1775635243.6075654,-3.0,4.0,-83.0
1775635243.6175654,0.0,3.0,-76.0
1775635243.6275654,0.0,0.0,-66.0
1775635243.6375654,3.0,-5.0,-64.0
1775635243.6475654,0.0,-7.0,-62.0
1775635243.6575654,2.0,-5.0,-63.0
1775635243.667565,0.0,-2.0,-63.0
1775635243.677565,1.0,-6.0,-67.0
1775635243.687565,1.0,-5.0,-64.0
1775635243.6975653,0.0,-6.0,-65.0
1775635243.7075653,-2.0,-8.0,-64.0
1775635243.7175653,-2.0,-9.0,-64.0
1775635243.7275653,-1.0,-4.0,-67.0
1775635243.7375653,1.0,-1.0,-69.0
1775635243.7475653,6.0,0.0,-73.0
1775635243.7575655,6.0,0.0,-71.0
1775635243.7675655,3.0,4.0,-74.0
1775635243.7775657,4.0,1.0,-72.0
1775635243.7875657,7.0,3.0,-76.0
1775635243.7975657,8.0,4.0,-77.0
1775635243.8075657,3.0,3.0,-67.0
1775635243.8175654,4.0,0.0,-64.0
1775635243.8275654,0.0,0.0,-69.0
1775635243.8375654,5.0,0.0,-69.0
1775635243.8475654,4.0,1.0,-68.0
1775635243.8575654,5.0,-1.0,-71.0
1775635243.8675654,2.0,-1.0,-71.0
1775635243.8775654,0.0,-3.0,-73.0
1775635243.8875654,-2.0,0.0,-78.0
1775635243.8975654,-2.0,1.0,-76.0
1775635243.9075654,0.0,1.0,-68.0
1775635243.917565,1.0,1.0,-69.0
1775635243.927565,4.0,-1.0,-68.0
1775635243.937565,7.0,-3.0,-67.0
1775635243.9475653,10.0,-5.0,-64.0
1775635243.9575653,4.0,-5.0,-61.0
1775635243.9675653,4.0,-3.0,-60.0
1775635243.9775653,4.0,-1.0,-58.0
1775635243.9875653,0.0,-6.0,-62.0
1775635243.9975653,1.0,-1.0,-63.0
1775635244.0075655,-3.0,1.0,-63.0
1775635244.0175655,3.0,1.0,-68.0
1775635244.0275657,0.0,-2.0,-67.0
1775635244.0375657,2.0,0.0,-70.0
1775635244.0475657,0.0,0.0,-66.0
1775635244.0575657,-1.0,1.0,-64.0
1775635244.0675654,-2.0,0.0,-59.0
1775635244.0775654,-4.0,0.0,-56.0
1775635244.0875654,-4.0,1.0,-66.0
1775635244.0975654,5.0,1.0,-64.0
1775635244.1075654,1.0,-1.0,-66.0
1775635244.1175654,2.0,0.0,-61.0
1775635244.1275654,1.0,0.0,-63.0
1775635244.1375654,1.0,0.0,-63.0
1775635244.1475654,1.0,-1.0,-63.0
1775635244.1575654,1.0,5.0,-59.0
1775635244.167565,1.0,6.0,-56.0
1775635244.177565,-3.0,7.0,-64.0
1775635244.187565,0.0,6.0,-65.0
1775635244.1975653,5.0,5.0,-63.0
1775635244.2075653,10.0,2.0,-63.0
1775635244.2175653,16.0,0.0,-63.0
1775635244.2275653,15.0,-4.0,-57.0
1775635244.2375653,9.0,-5.0,-54.0
1775635244.2475653,4.0,-2.0,-53.0
1775635244.2575655,3.0,0.0,-58.0
1775635244.2675655,1.0,3.0,-55.0
1775635244.2775657,-1.0,1.0,-61.0
1775635244.2875657,-3.0,2.0,-65.0
1775635244.2975657,-1.0,0.0,-66.0
1775635244.3075657,1.0,-2.0,-64.0
1775635244.3175654,3.0,-2.0,-62.0
1775635244.3275654,-2.0,-3.0,-66.0
1775635244.3375654,-4.0,-2.0,-69.0
1775635244.3475654,0.0,0.0,-70.0
1775635244.3575654,-2.0,4.0,-69.0
1775635244.3675654,-2.0,2.0,-62.0
1775635244.3775654,1.0,0.0,-61.0
1775635244.3875654,0.0,0.0,-66.0
1775635244.3975654,-2.0,-4.0,-63.0
1775635244.4075654,-4.0,-5.0,-66.0
1775635244.417565,-1.0,-6.0,-67.0
1775635244.427565,-3.0,-3.0,-66.0
1775635244.437565,-5.0,0.0,-61.0
1775635244.4475653,-5.0,0.0,-60.0
1775635244.4575653,-2.0,2.0,-61.0
1775635244.4675653,-5.0,4.0,-59.0
1775635244.4775653,-5.0,3.0,-64.0
1775635244.4875653,-8.0,0.0,-71.0
1775635244.4975653,-7.0,1.0,-70.0
1775635244.5075655,-9.0,2.0,-71.0
1775635244.5175655,-8.0,1.0,-65.0
1775635244.5275657,-4.0,0.0,-69.0
1775635244.5375657,-1.0,-1.0,-63.0
1775635244.5475657,-3.0,2.0,-60.0
1775635244.5575657,-1.0,3.0,-59.0
1775635244.5675654,0.0,2.0,-59.0
1775635244.5775654,3.0,-1.0,-64.0
1775635244.5875654,5.0,-2.0,-67.0
1775635244.5975654,5.0,-3.0,-69.0
1775635244.6075654,4.0,-8.0,-76.0
1775635244.6175654,-1.0,-3.0,-77.0
1775635244.6275654,0.0,0.0,-78.0
1775635244.6375654,0.0,1.0,-78.0
1775635244.6475654,0.0,0.0,-64.0
1775635244.6575654,0.0,0.0,-62.0
1775635244.667565,0.0,0.0,-64.0
1775635244.677565,0.0,2.0,-59.0
1775635244.687565,-4.0,-3.0,-60.0
1775635244.6975653,-1.0,-4.0,-55.0
1775635244.7075653,1.0,-6.0,-56.0
1775635244.7175653,2.0,-6.0,-60.0
1775635244.7275653,3.0,-5.0,-66.0
1775635244.7375653,1.0,-7.0,-69.0
1775635244.7475653,1.0,-3.0,-67.0
1775635244.7575655,0.0,-3.0,-60.0
1775635244.7675655,1.0,-5.0,-62.0
1775635244.7775657,2.0,-3.0,-63.0
1775635244.7875657,7.0,-3.0,-68.0
1775635244.7975657,8.0,-2.0,-72.0
1775635244.8075657,8.0,-3.0,-70.0
1775635244.8175654,4.0,0.0,-67.0
1775635244.8275654,10.0,0.0,-61.0
1775635244.8375654,7.0,-1.0,-65.0
1775635244.8475654,5.0,-5.0,-73.0
1775635244.8575654,2.0,-4.0,-70.0
1775635244.8675654,0.0,-6.0,-71.0
1775635244.8775654,-2.0,-5.0,-63.0
1775635244.8875654,-4.0,-6.0,-65.0
1775635244.8975654,-2.0,0.0,-68.0
1775635244.9075654,-1.0,1.0,-70.0
1775635244.917565,-1.0,1.0,-71.0
1775635244.927565,-1.0,0.0,-74.0
1775635244.937565,-3.0,-2.0,-71.0
1775635244.9475653,1.0,-2.0,-72.0
1775635244.9575653,5.0,0.0,-68.0
1775635244.9675653,4.0,0.0,-70.0
1775635244.9775653,2.0,6.0,-71.0
1775635244.9875653,3.0,1.0,-69.0
1775635244.9975653,4.0,-2.0,-71.0
1775635245.0075655,7.0,-2.0,-67.0
1775635245.0175655,5.0,-1.0,-64.0
1775635245.0275657,6.0,3.0,-64.0
1775635245.0375657,3.0,4.0,-68.0
1775635245.0475657,4.0,1.0,-69.0
1775635245.0575657,0.0,3.0,-67.0
1775635245.0675654,-3.0,3.0,-66.0
1775635245.0775654,-1.0,7.0,-70.0
1775635245.0875654,-4.0,6.0,-71.0
1775635245.0975654,-4.0,2.0,-72.0
1775635245.1075654,-1.0,-1.0,-66.0
1775635245.1175654,0.0,2.0,-65.0
1775635245.1275654,-1.0,0.0,-63.0
1775635245.1375654,-1.0,0.0,-67.0
1775635245.1475654,1.0,0.0,-68.0
1775635245.1575654,4.0,0.0,-65.0
1775635245.167565,8.0,0.0,-60.0
1775635245.177565,3.0,2.0,-63.0
1775635245.187565,5.0,5.0,-65.0
1775635245.1975653,3.0,3.0,-62.0
1775635245.2075653,2.0,-1.0,-64.0
1775635245.2175653,2.0,-3.0,-61.0
1775635245.2275653,7.0,-6.0,-60.0
1775635245.2375653,6.0,2.0,-57.0
1775635245.2475653,8.0,0.0,-59.0
1775635245.2575655,7.0,-3.0,-60.0
1775635245.2675655,2.0,-1.0,-60.0
1775635245.2775657,0.0,-1.0,-62.0
1775635245.2875657,2.0,2.0,-63.0
1775635245.2975657,1.0,2.0,-62.0
1775635245.3075657,-2.0,0.0,-63.0
1775635245.3175654,-2.0,1.0,-66.0
1775635245.3275654,0.0,1.0,-63.0
1775635245.3375654,2.0,6.0,-68.0
1775635245.3475654,0.0,10.0,-68.0
1775635245.3575654,-3.0,3.0,-67.0
1775635245.368565,0.0,-5.0,-66.0
1775635245.3785653,0.0,-1.0,-71.0
1775635245.3885653,4.0,-1.0,-75.0
1775635245.3975654,8.0,0.0,-73.0
1775635245.4085653,6.0,0.0,-77.0
1775635245.4185653,5.0,4.0,-70.0
1775635245.4285655,6.0,1.0,-70.0
1775635245.4385655,3.0,-2.0,-72.0
1775635245.4485655,1.0,0.0,-70.0
1775635245.4585657,-1.0,0.0,-71.0
1775635245.4685657,0.0,1.0,-67.0
1775635245.4785657,0.0,0.0,-69.0
1775635245.4885654,-1.0,-2.0,-63.0
1775635245.4985654,-4.0,-2.0,-62.0
1775635245.5085654,1.0,-1.0,-63.0
1775635245.5185654,6.0,-5.0,-69.0
1775635245.5285654,3.0,-6.0,-72.0
1775635245.5385654,1.0,-6.0,-70.0
1775635245.5485654,0.0,-5.0,-65.0
1775635245.5585654,2.0,-5.0,-67.0
1775635245.5685654,0.0,-7.0,-73.0
1775635245.5785654,5.0,-9.0,-69.0
1775635245.588565,7.0,-9.0,-68.0
1775635245.598565,2.0,-9.0,-64.0
1775635245.608565,2.0,-7.0,-64.0
1775635245.618565,0.0,-4.0,-65.0
1775635245.6285653,-1.0,-1.0,-62.0
1775635245.6385653,-1.0,1.0,-66.0
1775635245.6485653,0.0,1.0,-65.0
1775635245.6585653,0.0,0.0,-73.0
1775635245.6685653,-2.0,0.0,-77.0
1775635245.6785655,-2.0,-1.0,-76.0
1775635245.6885655,1.0,-1.0,-75.0
1775635245.6985655,-2.0,0.0,-77.0
1775635245.7085657,-4.0,-6.0,-76.0
1775635245.7185657,-7.0,0.0,-70.0
1775635245.7285657,-7.0,0.0,-66.0
1775635245.7385654,-7.0,2.0,-64.0
1775635245.7485654,-8.0,1.0,-68.0
1775635245.7585654,0.0,-1.0,-71.0
1775635245.7685654,5.0,0.0,-76.0
1775635245.7785654,3.0,5.0,-69.0
1775635245.7885654,6.0,5.0,-72.0
1775635245.7985654,2.0,8.0,-66.0
1775635245.8085654,1.0,3.0,-75.0
1775635245.8185654,2.0,0.0,-71.0
1775635245.8285654,0.0,-2.0,-67.0
1775635245.838565,0.0,-6.0,-72.0
1775635245.848565,-1.0,-4.0,-72.0
1775635245.858565,-1.0,-1.0,-71.0
1775635245.868565,-2.0,-5.0,-68.0
1775635245.8785653,-6.0,-4.0,-66.0
1775635245.8885653,-6.0,-3.0,-65.0
1775635245.8985653,-10.0,-4.0,-68.0
1775635245.9085653,-6.0,0.0,-62.0
1775635245.9185653,0.0,0.0,-67.0
1775635245.9285655,1.0,3.0,-75.0
1775635245.9385655,2.0,0.0,-75.0
1775635245.9485655,0.0,0.0,-81.0
1775635245.9585657,2.0,-1.0,-76.0
1775635245.9685657,-2.0,1.0,-75.0
1775635245.9785657,-2.0,-2.0,-72.0
1775635245.9885654,-1.0,-1.0,-71.0
1775635245.9985654,0.0,2.0,-71.0
1775635246.0085654,0.0,2.0,-64.0
1775635246.0185654,2.0,3.0,-61.0
1775635246.0285654,6.0,0.0,-68.0
1775635246.0385654,4.0,0.0,-69.0
1775635246.0485654,0.0,-1.0,-64.0
1775635246.0585654,-2.0,0.0,-61.0
1775635246.0685654,-1.0,0.0,-68.0
1775635246.0785654,3.0,1.0,-74.0
1775635246.088565,-1.0,-2.0,-71.0
1775635246.098565,-2.0,-4.0,-72.0
1775635246.108565,0.0,-3.0,-68.0
1775635246.118565,0.0,-2.0,-68.0
1775635246.1285653,-1.0,-3.0,-66.0
1775635246.1385653,-2.0,-6.0,-67.0
1775635246.1485653,-9.0,-7.0,-67.0
1775635246.1585653,-6.0,-8.0,-64.0
1775635246.1685653,-6.0,-7.0,-64.0
1775635246.1785655,-2.0,-5.0,-66.0
1775635246.1885655,-1.0,-3.0,-70.0
1775635246.1985655,-1.0,-5.0,-75.0
1775635246.2085657,-1.0,-3.0,-76.0
1775635246.2185657,-2.0,-3.0,-73.0
1775635246.2285657,-2.0,0.0,-74.0
1775635246.2385654,-2.0,0.0,-74.0
1775635246.2485654,-5.0,-3.0,-67.0
1775635246.2585654,-3.0,-3.0,-65.0
1775635246.2685654,-4.0,-4.0,-63.0
1775635246.2785654,-6.0,-4.0,-63.0
1775635246.2885654,-11.0,-5.0,-67.0
1775635246.2985654,-5.0,-6.0,-62.0
1775635246.3085654,-6.0,-5.0,-61.0
1775635246.3185654,-5.0,-6.0,-65.0
1775635246.3285654,-7.0,-10.0,-65.0
1775635246.338565,-3.0,-8.0,-68.0
1775635246.348565,-3.0,-4.0,-73.0
1775635246.358565,-2.0,-5.0,-76.0
1775635246.368565,0.0,-3.0,-69.0
1775635246.3785653,-1.0,0.0,-69.0
1775635246.3885653,-5.0,5.0,-73.0
1775635246.3985653,-6.0,3.0,-71.0
1775635246.4085653,-2.0,3.0,-66.0
1775635246.4185653,-5.0,2.0,-63.0
1775635246.4285655,-3.0,0.0,-66.0
1775635246.4385655,0.0,-3.0,-68.0
1775635246.4485655,0.0,-2.0,-66.0
1775635246.4585657,0.0,-1.0,-72.0
1775635246.4685657,-3.0,-1.0,-73.0
1775635246.4785657,-6.0,3.0,-70.0
1775635246.4885654,-6.0,7.0,-69.0
1775635246.4985654,-7.0,4.0,-68.0
1775635246.5085654,-1.0,5.0,-73.0
1775635246.5185654,0.0,7.0,-75.0
1775635246.5285654,0.0,4.0,-71.0
1775635246.5385654,0.0,3.0,-71.0
1775635246.5485654,1.0,1.0,-65.0
1775635246.5585654,7.0,-3.0,-58.0
1775635246.5685654,9.0,-6.0,-67.0
1775635246.5785654,8.0,-3.0,-66.0
1775635246.588565,7.0,-1.0,-58.0
1775635246.598565,5.0,-2.0,-66.0
1775635246.608565,3.0,-5.0,-72.0
1775635246.618565,2.0,-6.0,-78.0
1775635246.6285653,2.0,-4.0,-74.0
1775635246.6385653,3.0,-3.0,-76.0
1775635246.6485653,1.0,-6.0,-74.0
1775635246.6585653,4.0,-5.0,-79.0
1775635246.6685653,2.0,-4.0,-73.0
1775635246.6785655,4.0,-1.0,-71.0
1775635246.6885655,6.0,-1.0,-73.0
1775635246.6985655,6.0,0.0,-77.0
1775635246.7085657,6.0,1.0,-79.0
1775635246.7185657,1.0,3.0,-72.0
1775635246.7285657,-1.0,2.0,-65.0
1775635246.7385654,-3.0,0.0,-62.0
1775635246.7485654,-1.0,-4.0,-57.0
1775635246.7585654,0.0,0.0,-57.0
1775635246.7685654,0.0,4.0,-57.0
1775635246.7785654,0.0,0.0,-64.0
1775635246.7885654,1.0,0.0,-68.0
1775635246.7985654,4.0,-3.0,-66.0
1775635246.8085654,2.0,-5.0,-72.0
1775635246.8185654,2.0,-6.0,-71.0
1775635246.8285654,1.0,-7.0,-67.0
1775635246.838565,5.0,-5.0,-63.0
1775635246.848565,3.0,-2.0,-60.0
1775635246.858565,2.0,0.0,-59.0
1775635246.868565,2.0,-2.0,-56.0
1775635246.8785653,-1.0,-1.0,-59.0
1775635246.8885653,-3.0,1.0,-58.0
1775635246.8985653,-3.0,4.0,-54.0
1775635246.9085653,-6.0,5.0,-52.0
1775635246.9185653,-10.0,7.0,-52.0
1775635246.9285655,-6.0,5.0,-57.0
1775635246.9385655,0.0,5.0,-60.0
1775635246.9485655,0.0,3.0,-52.0
1775635246.9585657,-3.0,4.0,-58.0
1775635246.9685657,-4.0,3.0,-56.0
1775635246.9785657,-3.0,3.0,-62.0
1775635246.9885654,-2.0,3.0,-60.0
1775635246.9985654,-3.0,0.0,-60.0
1775635247.0085654,-1.0,2.0,-60.0
1775635247.0185654,-1.0,2.0,-61.0
1775635247.0285654,-3.0,0.0,-61.0
1775635247.0385654,-1.0,-4.0,-66.0
1775635247.0485654,-6.0,0.0,-69.0
1775635247.0585654,-3.0,-3.0,-68.0
1775635247.0685654,0.0,-2.0,-73.0
1775635247.0785654,0.0,0.0,-69.0
1775635247.088565,1.0,2.0,-66.0
1775635247.098565,0.0,-1.0,-66.0
1775635247.108565,0.0,-2.0,-66.0
1775635247.118565,-2.0,-2.0,-63.0
1775635247.1285653,3.0,-1.0,-58.0
1775635247.1385653,2.0,0.0,-64.0
1775635247.1485653,-1.0,-1.0,-72.0
1775635247.1585653,-2.0,-1.0,-74.0
1775635247.1685653,-2.0,-2.0,-73.0
1775635247.1785655,3.0,-3.0,-75.0
1775635247.1885655,2.0,-5.0,-75.0
1775635247.1985655,4.0,-6.0,-78.0
1775635247.2085657,1.0,0.0,-75.0
1775635247.2185657,-2.0,2.0,-68.0
1775635247.2285657,-5.0,0.0,-63.0
1775635247.2385654,-5.0,0.0,-67.0
1775635247.2485654,-3.0,4.0,-66.0
1775635247.2585654,-4.0,7.0,-59.0
1775635247.2685654,-5.0,7.0,-61.0
1775635247.2785654,-8.0,4.0,-58.0
1775635247.2885654,-6.0,4.0,-58.0
1775635247.2985654,-9.0,10.0,-55.0
1775635247.3085654,-5.0,9.0,-57.0
1775635247.3185654,-2.0,10.0,-53.0
1775635247.3285654,-1.0,9.0,-48.0
1775635247.338565,-6.0,7.0,-49.0
1775635247.348565,-3.0,7.0,-55.0
1775635247.358565,-1.0,9.0,-55.0
1775635247.368565,0.0,8.0,-60.0
1775635247.3785653,0.0,9.0,-56.0
1775635247.3885653,-2.0,5.0,-61.0
1775635247.3985653,0.0,3.0,-62.0
1775635247.4085653,1.0,4.0,-67.0
1775635247.4185653,0.0,0.0,-67.0
1775635247.4285655,-1.0,-2.0,-57.0
1775635247.4385655,-2.0,-5.0,-58.0
1775635247.4485655,0.0,-7.0,-61.0
1775635247.4585657,3.0,-7.0,-62.0
1775635247.4685657,5.0,-2.0,-66.0
1775635247.4785657,6.0,0.0,-68.0
1775635247.4885654,2.0,0.0,-65.0
1775635247.4985654,7.0,-1.0,-63.0
1775635247.5085654,0.0,-1.0,-60.0
1775635247.5185654,-4.0,1.0,-61.0
1775635247.5285654,-6.0,4.0,-61.0
1775635247.5385654,-6.0,3.0,-61.0
1775635247.5485654,-7.0,0.0,-59.0
1775635247.5585654,-2.0,0.0,-62.0
1775635247.5685654,0.0,0.0,-63.0
1775635247.5785654,3.0,-4.0,-70.0
1775635247.588565,1.0,-4.0,-59.0
1775635247.598565,-2.0,-5.0,-53.0
1775635247.608565,-2.0,-5.0,-58.0
1775635247.618565,-2.0,-4.0,-61.0
1775635247.6285653,-1.0,-3.0,-69.0
1775635247.6385653,0.0,-2.0,-69.0
1775635247.6485653,-2.0,-2.0,-62.0
1775635247.6585653,0.0,-1.0,-64.0
1775635247.6685653,2.0,-2.0,-66.0
1775635247.6795654,2.0,0.0,-70.0
1775635247.6885655,2.0,-3.0,-68.0
1775635247.6985655,0.0,-4.0,-65.0
1775635247.7095654,-2.0,-6.0,-65.0
1775635247.7195654,-6.0,-1.0,-72.0
1775635247.7295654,-6.0,0.0,-74.0
1775635247.7395654,-6.0,-4.0,-67.0
1775635247.7495654,-2.0,-8.0,-69.0
1775635247.7595654,2.0,-6.0,-65.0
1775635247.769565,3.0,-5.0,-71.0
1775635247.779565,0.0,-2.0,-73.0
1775635247.789565,0.0,0.0,-70.0
1775635247.7995653,0.0,-3.0,-69.0
1775635247.8095653,-3.0,-3.0,-61.0
1775635247.8195653,-2.0,-7.0,-61.0
1775635247.8295653,0.0,-12.0,-63.0
1775635247.8395653,-4.0,-6.0,-62.0
1775635247.8495653,-3.0,-2.0,-68.0
1775635247.8595655,-1.0,-7.0,-68.0
1775635247.8695655,-2.0,-4.0,-60.0
1775635247.8795657,0.0,1.0,-59.0
1775635247.8895657,3.0,0.0,-59.0
1775635247.8995657,2.0,-3.0,-62.0
1775635247.9095654,5.0,-4.0,-69.0
1775635247.9195654,-1.0,-7.0,-66.0
1775635247.9295654,-4.0,-8.0,-70.0
1775635247.9395654,-2.0,-6.0,-67.0
1775635247.9495654,2.0,-5.0,-61.0
1775635247.9595654,0.0,-8.0,-62.0
1775635247.9695654,-1.0,-7.0,-67.0
1775635247.9795654,-4.0,-4.0,-59.0
1775635247.9895654,-5.0,-3.0,-58.0
1775635247.9995654,-5.0,-3.0,-59.0
1775635248.0095654,-4.0,-1.0,-67.0
1775635248.019565,-4.0,1.0,-67.0
1775635248.029565,-2.0,3.0,-68.0
1775635248.039565,-2.0,2.0,-68.0
1775635248.0495653,2.0,1.0,-65.0
1775635248.0595653,4.0,1.0,-61.0
1775635248.0695653,1.0,0.0,-66.0
1775635248.0795653,0.0,-3.0,-69.0
1775635248.0895653,0.0,-3.0,-66.0
1775635248.0995653,0.0,-3.0,-67.0
1775635248.1095655,-5.0,-2.0,-67.0
1775635248.1195655,-4.0,-2.0,-69.0
1775635248.1295657,0.0,-1.0,-67.0
1775635248.1395657,0.0,0.0,-62.0
1775635248.1495657,0.0,0.0,-65.0
1775635248.1595654,-3.0,0.0,-64.0
1775635248.1695654,-4.0,-1.0,-67.0
1775635248.1795654,-5.0,0.0,-65.0
1775635248.1895654,-4.0,2.0,-57.0
1775635248.1995654,-4.0,-1.0,-56.0
1775635248.2095654,-1.0,0.0,-51.0
1775635248.2195654,-2.0,0.0,-53.0
1775635248.2295654,-1.0,0.0,-51.0
1775635248.2395654,3.0,0.0,-63.0
1775635248.2495654,4.0,-1.0,-68.0
1775635248.2595654,2.0,-2.0,-65.0
1775635248.269565,2.0,0.0,-66.0
1775635248.279565,2.0,1.0,-67.0
1775635248.289565,0.0,-2.0,-71.0
1775635248.2995653,-3.0,-4.0,-70.0
1775635248.3095653,0.0,-1.0,-74.0
1775635248.3195653,2.0,0.0,-67.0
1775635248.3295653,3.0,-1.0,-67.0
1775635248.3395653,6.0,-1.0,-64.0
1775635248.3495653,4.0,-3.0,-66.0
1775635248.3595655,0.0,-4.0,-65.0
1775635248.3695655,2.0,-5.0,-68.0
1775635248.3795657,0.0,-1.0,-72.0
1775635248.3895657,-6.0,-3.0,-68.0
1775635248.3995657,-8.0,-1.0,-64.0
1775635248.4095654,-4.0,1.0,-67.0
1775635248.4195654,-2.0,2.0,-70.0
1775635248.4295654,-6.0,0.0,-69.0
1775635248.4395654,-6.0,-1.0,-70.0
1775635248.4495654,-7.0,-4.0,-67.0
1775635248.4595654,-5.0,-2.0,-68.0
1775635248.4695654,-6.0,-1.0,-67.0
1775635248.4795654,-5.0,0.0,-66.0
1775635248.4895654,-4.0,-1.0,-66.0
1775635248.4995654,-6.0,1.0,-60.0
1775635248.5095654,-3.0,0.0,-66.0
1775635248.519565,-1.0,3.0,-76.0
1775635248.529565,-1.0,1.0,-77.0
1775635248.539565,-3.0,3.0,-76.0
1775635248.5495653,-1.0,2.0,-78.0
1775635248.5595653,0.0,3.0,-67.0
1775635248.5695653,0.0,0.0,-72.0
1775635248.5795653,0.0,2.0,-75.0
1775635248.5895653,4.0,1.0,-77.0
1775635248.5995653,4.0,0.0,-77.0
1775635248.6095655,3.0,2.0,-75.0
1775635248.6195655,0.0,4.0,-70.0
1775635248.6295657,-2.0,4.0,-66.0
1775635248.6395657,-3.0,3.0,-65.0
1775635248.6495657,-1.0,5.0,-64.0
1775635248.6595654,-5.0,5.0,-66.0
1775635248.6695654,-7.0,6.0,-67.0
1775635248.6795654,-7.0,2.0,-67.0
1775635248.6895654,-2.0,0.0,-66.0
1775635248.6995654,-1.0,-5.0,-67.0
1775635248.7095654,1.0,-6.0,-68.0
1775635248.7195654,3.0,-4.0,-66.0
1775635248.7295654,6.0,-4.0,-63.0
1775635248.7395654,2.0,-8.0,-69.0
1775635248.7495654,2.0,-5.0,-76.0
1775635248.7595654,2.0,0.0,-81.0
1775635248.769565,0.0,0.0,-75.0
1775635248.779565,-1.0,-1.0,-73.0
1775635248.789565,-1.0,0.0,-70.0
1775635248.7995653,0.0,2.0,-64.0
1775635248.8095653,-3.0,3.0,-64.0
1775635248.8195653,-7.0,0.0,-67.0
1775635248.8295653,-7.0,0.0,-73.0
1775635248.8395653,-8.0,2.0,-72.0
1775635248.8495653,-2.0,-1.0,-73.0
1775635248.8595655,1.0,-1.0,-75.0
1775635248.8695655,4.0,1.0,-74.0
1775635248.8795657,4.0,3.0,-70.0
1775635248.8895657,2.0,3.0,-60.0
1775635248.8995657,1.0,0.0,-61.0
1775635248.9095654,-2.0,0.0,-66.0
1775635248.9195654,0.0,-2.0,-64.0
1775635248.9295654,-1.0,4.0,-66.0
1775635248.9395654,-1.0,5.0,-66.0
1775635248.9495654,5.0,0.0,-67.0
1775635248.9595654,3.0,-3.0,-65.0
1775635248.9695654,0.0,-4.0,-67.0
1775635248.9795654,0.0,-8.0,-71.0
1775635248.9895654,-1.0,-4.0,-73.0
1775635248.9995654,1.0,-1.0,-71.0
1775635249.0095654,0.0,2.0,-81.0
1775635249.019565,0.0,2.0,-81.0
1775635249.029565,0.0,4.0,-79.0
1775635249.039565,4.0,4.0,-77.0
1775635249.0495653,4.0,3.0,-77.0
1775635249.0595653,1.0,5.0,-78.0
1775635249.0695653,0.0,1.0,-74.0
1775635249.0795653,-2.0,2.0,-70.0
1775635249.0895653,0.0,4.0,-66.0
1775635249.0995653,3.0,2.0,-64.0
1775635249.1095655,4.0,1.0,-70.0
1775635249.1195655,3.0,2.0,-70.0
1775635249.1295657,5.0,0.0,-65.0
1775635249.1395657,2.0,-2.0,-67.0
1775635249.1495657,4.0,-4.0,-65.0
1775635249.1595654,5.0,-2.0,-67.0
1775635249.1695654,8.0,-1.0,-64.0
1775635249.1795654,7.0,-2.0,-68.0
1775635249.1895654,6.0,0.0,-57.0
1775635249.1995654,6.0,0.0,-59.0
1775635249.2095654,8.0,-1.0,-65.0
1775635249.2195654,0.0,1.0,-63.0
1775635249.2295654,0.0,4.0,-66.0
1775635249.2395654,-3.0,2.0,-67.0
1775635249.2495654,-1.0,1.0,-63.0
1775635249.2605653,-4.0,0.0,-64.0
1775635249.269565,0.0,-1.0,-65.0
1775635249.279565,0.0,-3.0,-67.0
1775635249.289565,3.0,-3.0,-68.0
1775635249.2995653,5.0,-3.0,-70.0
1775635249.3095653,-1.0,0.0,-74.0
1775635249.3195653,-2.0,0.0,-64.0
1775635249.3295653,-2.0,2.0,-66.0
1775635249.3395653,-5.0,3.0,-63.0
1775635249.3495653,-5.0,0.0,-62.0
1775635249.3595655,-7.0,2.0,-58.0
1775635249.3695655,-7.0,6.0,-55.0
1775635249.3795657,-1.0,5.0,-64.0
1775635249.3895657,2.0,2.0,-69.0
1775635249.3995657,3.0,0.0,-73.0
1775635249.4095654,3.0,0.0,-76.0
1775635249.4195654,0.0,-1.0,-80.0
1775635249.4295654,5.0,-7.0,-72.0
1775635249.4395654,7.0,-5.0,-69.0
1775635249.4495654,9.0,-6.0,-76.0
1775635249.4595654,5.0,-5.0,-71.0
1775635249.4695654,4.0,0.0,-72.0
1775635249.4795654,5.0,0.0,-72.0
1775635249.4895654,6.0,0.0,-74.0
1775635249.4995654,8.0,-2.0,-69.0
1775635249.5095654,4.0,-9.0,-73.0
1775635249.519565,3.0,-9.0,-72.0
1775635249.529565,8.0,-9.0,-75.0
1775635249.539565,10.0,-5.0,-68.0
1775635249.5495653,8.0,-4.0,-63.0
1775635249.5595653,3.0,-2.0,-66.0
1775635249.5695653,0.0,-5.0,-71.0
1775635249.5795653,5.0,-4.0,-71.0
1775635249.5895653,1.0,-5.0,-66.0
1775635249.5995653,-1.0,-5.0,-63.0
1775635249.6095655,0.0,-6.0,-63.0
1775635249.6195655,-4.0,-1.0,-69.0
1775635249.6295657,-4.0,-1.0,-69.0
1775635249.6395657,-2.0,0.0,-75.0
1775635249.6495657,0.0,0.0,-77.0
1775635249.6595654,1.0,4.0,-76.0
1775635249.6695654,4.0,4.0,-68.0
1775635249.6795654,5.0,0.0,-74.0
1775635249.6895654,4.0,1.0,-74.0
1775635249.6995654,1.0,3.0,-73.0
1775635249.7095654,0.0,2.0,-70.0
1775635249.7195654,-2.0,0.0,-72.0
1775635249.7295654,1.0,-1.0,-77.0
1775635249.7395654,2.0,-1.0,-83.0
1775635249.7495654,3.0,-4.0,-80.0
1775635249.7595654,2.0,-2.0,-82.0
1775635249.769565,2.0,0.0,-80.0
1775635249.779565,2.0,-3.0,-81.0
1775635249.789565,2.0,-9.0,-75.0
1775635249.7995653,4.0,-8.0,-73.0
1775635249.8095653,5.0,-7.0,-77.0
1775635249.8195653,8.0,-9.0,-72.0
1775635249.8295653,8.0,-10.0,-74.0
1775635249.8395653,1.0,-11.0,-76.0
1775635249.8495653,1.0,-8.0,-76.0
1775635249.8595655,7.0,-8.0,-75.0
1775635249.8695655,6.0,-8.0,-76.0
1775635249.8795657,10.0,-10.0,-70.0
1775635249.8895657,6.0,-7.0,-66.0
1775635249.8995657,1.0,-1.0,-64.0
1775635249.9095654,2.0,-3.0,-72.0
1775635249.9195654,5.0,-5.0,-71.0
1775635249.9295654,0.0,-2.0,-74.0
1775635249.9395654,0.0,-4.0,-75.0
1775635249.9495654,0.0,-3.0,-73.0
1775635249.9595654,-1.0,-2.0,-71.0
1775635249.9695654,-3.0,-4.0,-73.0
1775635249.9795654,-2.0,-5.0,-75.0
1775635249.9895654,-1.0,-6.0,-79.0
1775635249.9995654,4.0,-5.0,-73.0
1775635250.0095654,2.0,-5.0,-71.0
1775635250.0205653,-1.0,-5.0,-74.0
1775635250.0305655,-2.0,-5.0,-71.0
1775635250.039565,-6.0,-1.0,-66.0
1775635250.0505655,-4.0,-2.0,-72.0
1775635250.0605657,-3.0,-4.0,-72.0
1775635250.0705657,0.0,-4.0,-67.0
1775635250.0805657,0.0,-5.0,-66.0
1775635250.0905654,-2.0,-6.0,-71.0
1775635250.1005654,-1.0,-7.0,-72.0
1775635250.1105654,-3.0,-5.0,-72.0
1775635250.1205654,-1.0,-5.0,-73.0
1775635250.1305654,2.0,-5.0,-73.0
1775635250.1405654,2.0,-3.0,-74.0
1775635250.1505654,6.0,0.0,-73.0
1775635250.1605654,3.0,1.0,-75.0
1775635250.1705654,1.0,1.0,-74.0
1775635250.1805654,0.0,-6.0,-70.0
1775635250.190565,0.0,-2.0,-68.0
1775635250.200565,3.0,-1.0,-56.0
1775635250.210565,4.0,0.0,-48.0
1775635250.2205653,7.0,0.0,-52.0
1775635250.2305653,5.0,-1.0,-57.0
1775635250.2405653,2.0,-1.0,-59.0
1775635250.2505653,0.0,-3.0,-57.0
1775635250.2605653,-2.0,-2.0,-51.0
1775635250.2705653,2.0,1.0,-51.0
1775635250.2805655,3.0,0.0,-58.0
1775635250.2905655,3.0,0.0,-60.0
1775635250.3005655,4.0,0.0,-67.0
1775635250.3105657,4.0,0.0,-60.0
1775635250.3205657,-1.0,-5.0,-64.0
1775635250.3305657,0.0,-5.0,-69.0
1775635250.3405654,-3.0,-5.0,-72.0
1775635250.3505654,-6.0,-6.0,-76.0
1775635250.3605654,-6.0,-5.0,-77.0
1775635250.3705654,-3.0,-6.0,-80.0
1775635250.3805654,-4.0,-6.0,-72.0
1775635250.3905654,-5.0,-1.0,-71.0
1775635250.4005654,-4.0,3.0,-72.0
1775635250.4105654,0.0,2.0,-69.0
1775635250.4205654,0.0,-1.0,-72.0
1775635250.4305654,-1.0,-2.0,-75.0
1775635250.440565,0.0,2.0,-69.0
1775635250.450565,-6.0,2.0,-65.0
1775635250.460565,-6.0,3.0,-63.0
1775635250.4705653,-4.0,3.0,-62.0
1775635250.4805653,2.0,4.0,-54.0
1775635250.4905653,-1.0,2.0,-53.0
1775635250.5005653,-3.0,2.0,-50.0
1775635250.5105653,-2.0,-2.0,-54.0
1775635250.5205653,-3.0,-1.0,-59.0
1775635250.5305655,-3.0,0.0,-67.0
1775635250.5405655,0.0,-1.0,-68.0
1775635250.5505655,1.0,0.0,-58.0
1775635250.5605657,-1.0,-2.0,-60.0
1775635250.5705657,0.0,-7.0,-60.0
1775635250.5805657,0.0,-1.0,-68.0
1775635250.5905654,-1.0,2.0,-71.0
1775635250.6005654,-3.0,-1.0,-74.0
1775635250.6105654,-2.0,-3.0,-75.0
1775635250.6205654,-4.0,-5.0,-69.0
1775635250.6305654,-8.0,-6.0,-68.0
1775635250.6405654,-7.0,-4.0,-68.0
1775635250.6505654,-4.0,-6.0,-68.0
1775635250.6605654,-6.0,-6.0,-64.0
1775635250.6705654,-4.0,-6.0,-65.0
1775635250.6805654,-4.0,-7.0,-66.0
1775635250.690565,1.0,0.0,-67.0
1775635250.700565,4.0,2.0,-66.0
1775635250.710565,1.0,2.0,-66.0
1775635250.7205653,-3.0,0.0,-67.0
1775635250.7305653,-7.0,0.0,-76.0
1775635250.7405653,-3.0,-2.0,-73.0
1775635250.7505653,-3.0,-5.0,-74.0
1775635250.7605653,-6.0,-5.0,-68.0
1775635250.7705653,-4.0,-1.0,-58.0
1775635250.7805655,-3.0,-3.0,-67.0
1775635250.7905655,-1.0,-4.0,-66.0
1775635250.8005655,-1.0,-2.0,-63.0
1775635250.8105657,0.0,1.0,-64.0
1775635250.8205657,0.0,2.0,-59.0
1775635250.8305657,4.0,3.0,-61.0
1775635250.8405654,6.0,4.0,-65.0
1775635250.8505654,7.0,0.0,-67.0
1775635250.8605654,4.0,-4.0,-69.0
1775635250.8705654,3.0,-4.0,-73.0
1775635250.8805654,1.0,-4.0,-76.0
1775635250.8905654,4.0,-4.0,-76.0
1775635250.9005654,4.0,-5.0,-83.0
1775635250.9105654,7.0,-9.0,-81.0
1775635250.9205654,11.0,-5.0,-78.0
1775635250.9305654,9.0,-4.0,-77.0
1775635250.940565,6.0,-3.0,-78.0
1775635250.950565,9.0,-1.0,-79.0
1775635250.960565,5.0,-2.0,-79.0
1775635250.9705653,6.0,-3.0,-76.0
1775635250.9805653,7.0,0.0,-75.0
1775635250.9905653,6.0,2.0,-76.0
1775635251.0015657,4.0,1.0,-70.0
1775635251.0105653,5.0,2.0,-71.0
1775635251.0205653,7.0,4.0,-68.0
1775635251.0305655,10.0,6.0,-68.0
1775635251.0405655,10.0,4.0,-69.0
1775635251.0505655,6.0,3.0,-66.0
1775635251.0605657,6.0,2.0,-72.0
1775635251.0705657,4.0,0.0,-73.0
1775635251.0805657,1.0,-1.0,-77.0
1775635251.0905654,-2.0,-5.0,-72.0
1775635251.1005654,-2.0,-6.0,-64.0
1775635251.1105654,0.0,-6.0,-63.0
1775635251.1205654,-3.0,-10.0,-64.0
1775635251.1305654,-6.0,-5.0,-62.0
1775635251.1405654,-8.0,-2.0,-70.0
1775635251.1505654,-6.0,0.0,-71.0
1775635251.1605654,-4.0,-2.0,-72.0
1775635251.1705654,-8.0,-6.0,-69.0
1775635251.1805654,-8.0,-3.0,-72.0
1775635251.190565,-7.0,-2.0,-76.0
1775635251.200565,-5.0,-2.0,-76.0
1775635251.210565,-8.0,0.0,-71.0
1775635251.2205653,-4.0,1.0,-73.0
1775635251.2305653,-1.0,1.0,-70.0
1775635251.2405653,-3.0,0.0,-66.0
1775635251.2505653,-1.0,-1.0,-68.0
1775635251.2605653,-1.0,-1.0,-60.0
1775635251.2705653,0.0,-1.0,-65.0
1775635251.2805655,-1.0,3.0,-75.0
1775635251.2905655,-5.0,4.0,-69.0
1775635251.3005655,-3.0,8.0,-65.0
1775635251.3105657,-4.0,8.0,-63.0
1775635251.3205657,-7.0,7.0,-60.0
1775635251.3305657,-4.0,9.0,-62.0
1775635251.3405654,-2.0,5.0,-71.0
1775635251.3505654,-3.0,5.0,-74.0
1775635251.3605654,-1.0,1.0,-68.0
1775635251.3705654,2.0,2.0,-63.0
1775635251.3805654,8.0,0.0,-56.0
1775635251.3905654,2.0,0.0,-57.0
1775635251.4005654,-1.0,1.0,-60.0
1775635251.4105654,-8.0,0.0,-62.0
1775635251.4205654,-4.0,1.0,-64.0
1775635251.4305654,-3.0,0.0,-68.0
1775635251.440565,-2.0,-4.0,-67.0
1775635251.450565,0.0,-3.0,-65.0
1775635251.460565,0.0,-6.0,-60.0
1775635251.4705653,-2.0,-2.0,-62.0
1775635251.4805653,-4.0,-4.0,-59.0
1775635251.4905653,-2.0,-5.0,-68.0
1775635251.5005653,1.0,0.0,-70.0
1775635251.5105653,2.0,0.0,-73.0
1775635251.5205653,1.0,0.0,-65.0
1775635251.5305655,0.0,-3.0,-66.0
1775635251.5405655,-1.0,-4.0,-67.0
1775635251.5505655,-5.0,-5.0,-65.0
1775635251.5605657,-4.0,-3.0,-61.0
1775635251.5705657,0.0,1.0,-62.0
1775635251.5805657,-5.0,-3.0,-61.0
1775635251.5905654,-7.0,-6.0,-67.0
1775635251.6005654,-5.0,-7.0,-69.0
1775635251.6105654,-6.0,-3.0,-69.0
1775635251.6205654,-2.0,0.0,-70.0
1775635251.6305654,4.0,0.0,-75.0
1775635251.6405654,4.0,2.0,-75.0
1775635251.6505654,2.0,2.0,-67.0
1775635251.6605654,5.0,-2.0,-64.0
1775635251.6705654,0.0,-1.0,-67.0
1775635251.6805654,-4.0,-5.0,-74.0
1775635251.690565,0.0,-4.0,-71.0
1775635251.700565,3.0,-2.0,-70.0
1775635251.710565,0.0,-6.0,-72.0
1775635251.7205653,-1.0,-8.0,-72.0
1775635251.7305653,0.0,-8.0,-64.0
1775635251.7405653,0.0,-8.0,-60.0
1775635251.7505653,0.0,-9.0,-63.0
1775635251.7605653,0.0,-5.0,-62.0
1775635251.7705653,-2.0,-6.0,-65.0
1775635251.7805655,-2.0,-2.0,-66.0
1775635251.7905655,0.0,0.0,-68.0
1775635251.8005655,4.0,0.0,-66.0
1775635251.8105657,4.0,0.0,-58.0
1775635251.8205657,0.0,4.0,-57.0
1775635251.8305657,0.0,4.0,-66.0
1775635251.8405654,0.0,4.0,-69.0
1775635251.8505654,0.0,0.0,-64.0
1775635251.8605654,0.0,-1.0,-65.0
1775635251.8705654,1.0,-1.0,-66.0
1775635251.8805654,0.0,-2.0,-63.0
1775635251.8905654,2.0,-5.0,-65.0
1775635251.9005654,0.0,-10.0,-68.0
1775635251.9105654,-1.0,-11.0,-66.0
1775635251.9205654,-7.0,-10.0,-61.0
1775635251.9305654,-8.0,-11.0,-69.0
1775635251.940565,-8.0,-7.0,-69.0
1775635251.950565,-6.0,-10.0,-64.0
1775635251.960565,-3.0,-8.0,-65.0
1775635251.9705653,2.0,-6.0,-70.0
1775635251.9805653,1.0,-2.0,-69.0
1775635251.9905653,0.0,3.0,-65.0
1775635252.0005653,0.0,0.0,-63.0
1775635252.0105653,2.0,-4.0,-68.0
1775635252.0205653,-4.0,3.0,-64.0
1775635252.0305655,-3.0,2.0,-71.0
1775635252.0405655,0.0,6.0,-76.0
1775635252.0505655,5.0,10.0,-77.0
1775635252.0605657,2.0,9.0,-81.0
1775635252.0705657,0.0,6.0,-81.0
1775635252.0805657,3.0,3.0,-81.0
1775635252.0905654,1.0,4.0,-82.0
1775635252.1005654,0.0,4.0,-82.0
1775635252.1105654,1.0,3.0,-76.0
1775635252.1205654,-1.0,2.0,-77.0
1775635252.1305654,0.0,1.0,-74.0
1775635252.1405654,0.0,-1.0,-69.0
1775635252.1505654,-4.0,-2.0,-67.0
1775635252.1605654,-1.0,-4.0,-62.0
1775635252.1705654,-5.0,-2.0,-64.0
1775635252.1805654,-2.0,0.0,-62.0
1775635252.190565,-2.0,-4.0,-66.0
1775635252.200565,-4.0,-6.0,-72.0
1775635252.210565,-2.0,-3.0,-66.0
1775635252.2205653,1.0,-2.0,-62.0
1775635252.2305653,2.0,0.0,-59.0
1775635252.2405653,0.0,0.0,-62.0
1775635252.2505653,1.0,0.0,-62.0
1775635252.2605653,0.0,0.0,-63.0
1775635252.2705653,-5.0,0.0,-63.0
1775635252.2805655,-6.0,0.0,-62.0
1775635252.2905655,-6.0,-2.0,-64.0
1775635252.3005655,-9.0,-2.0,-68.0
1775635252.3105657,-4.0,-2.0,-73.0
1775635252.3215654,-2.0,0.0,-68.0
1775635252.3315654,1.0,0.0,-64.0
1775635252.3415654,8.0,-2.0,-63.0
1775635252.3505654,9.0,-1.0,-56.0
1775635252.3615654,6.0,-5.0,-63.0
1775635252.371565,1.0,-7.0,-61.0
1775635252.381565,0.0,-3.0,-65.0
1775635252.391565,5.0,-2.0,-66.0
1775635252.4015653,1.0,-2.0,-70.0
1775635252.4115653,1.0,-8.0,-71.0
1775635252.4215653,1.0,-6.0,-75.0
1775635252.4315653,1.0,-6.0,-74.0
1775635252.4415653,3.0,-6.0,-73.0
1775635252.4515653,7.0,-5.0,-70.0
1775635252.4615655,6.0,-1.0,-70.0
1775635252.4715655,5.0,-6.0,-73.0
1775635252.4815657,6.0,-4.0,-71.0
1775635252.4915657,3.0,-4.0,-68.0
1775635252.5015657,3.0,1.0,-64.0
1775635252.5115654,2.0,1.0,-70.0
1775635252.5215654,5.0,1.0,-76.0
1775635252.5315654,-1.0,0.0,-74.0
1775635252.5415654,1.0,0.0,-70.0
1775635252.5515654,3.0,0.0,-70.0
1775635252.5615654,5.0,-5.0,-74.0
1775635252.5715654,0.0,-2.0,-73.0
1775635252.5815654,-1.0,-3.0,-70.0
1775635252.5915654,1.0,-2.0,-68.0
1775635252.6015654,-5.0,-3.0,-71.0
1775635252.6115654,-5.0,-1.0,-66.0
1775635252.621565,-3.0,1.0,-71.0
1775635252.631565,-3.0,-3.0,-72.0
1775635252.641565,-3.0,-3.0,-74.0
1775635252.6515653,-3.0,-1.0,-77.0
1775635252.6615653,-3.0,2.0,-77.0
1775635252.6715653,-1.0,4.0,-80.0
1775635252.6815653,-1.0,2.0,-77.0
1775635252.6915653,3.0,4.0,-75.0
1775635252.7015653,0.0,6.0,-74.0
1775635252.7115655,-7.0,6.0,-67.0
1775635252.7215655,-8.0,0.0,-67.0
1775635252.7315657,-7.0,1.0,-68.0
1775635252.7415657,-8.0,0.0,-72.0
1775635252.7515657,-6.0,0.0,-64.0
1775635252.7615654,-4.0,1.0,-63.0
1775635252.7715654,-3.0,0.0,-66.0
1775635252.7815654,-7.0,-4.0,-63.0
1775635252.7915654,-9.0,-9.0,-63.0
1775635252.8015654,-6.0,-7.0,-65.0
1775635252.8115654,-8.0,-3.0,-64.0
1775635252.8215654,-6.0,-1.0,-65.0
1775635252.8315654,-7.0,-4.0,-60.0
1775635252.8415654,-8.0,0.0,-59.0
1775635252.8515654,-6.0,-5.0,-59.0
1775635252.8615654,-5.0,-5.0,-62.0
1775635252.871565,-2.0,-1.0,-64.0
1775635252.881565,-4.0,-5.0,-65.0
1775635252.891565,0.0,-5.0,-60.0
1775635252.9015653,-3.0,-6.0,-60.0
1775635252.9115653,-1.0,-3.0,-59.0
1775635252.9215653,-1.0,-5.0,-60.0
1775635252.9315653,0.0,-6.0,-60.0
1775635252.9415653,0.0,-4.0,-62.0
1775635252.9515653,-2.0,-5.0,-61.0
1775635252.9615655,-7.0,-7.0,-64.0
1775635252.9715655,-8.0,-2.0,-63.0
1775635252.9815657,-10.0,-3.0,-69.0
1775635252.9915657,-15.0,-3.0,-73.0
1775635253.0015657,-15.0,-3.0,-64.0
1775635253.0115654,-11.0,-2.0,-68.0
1775635253.0215654,-7.0,2.0,-63.0
1775635253.0315654,-3.0,5.0,-67.0
1775635253.0415654,-2.0,3.0,-67.0
1775635253.0515654,-5.0,1.0,-68.0
1775635253.0615654,-8.0,1.0,-68.0
1775635253.0715654,-11.0,0.0,-66.0
1775635253.0815654,-11.0,0.0,-69.0
1775635253.0915654,-9.0,-1.0,-75.0
1775635253.1015654,-11.0,0.0,-77.0
1775635253.1115654,-11.0,0.0,-71.0
1775635253.121565,-5.0,0.0,-65.0
1775635253.131565,-1.0,-1.0,-65.0
1775635253.141565,3.0,1.0,-66.0
1775635253.1515653,2.0,-3.0,-68.0
1775635253.1615653,-1.0,-2.0,-64.0
1775635253.1715653,-1.0,0.0,-58.0
1775635253.1815653,0.0,2.0,-61.0
1775635253.1915653,-2.0,0.0,-64.0
1775635253.2015653,-4.0,0.0,-61.0
1775635253.2115655,-4.0,2.0,-65.0
1775635253.2215655,-3.0,0.0,-59.0
1775635253.2315657,0.0,0.0,-62.0
1775635253.2415657,0.0,-2.0,-61.0
1775635253.2515657,5.0,-7.0,-62.0
1775635253.2615654,8.0,-9.0,-66.0
1775635253.2715654,10.0,-6.0,-63.0
1775635253.2815654,12.0,0.0,-63.0
1775635253.2915654,11.0,-1.0,-60.0
1775635253.3015654,6.0,-4.0,-55.0
1775635253.3115654,2.0,0.0,-59.0
1775635253.3215654,0.0,0.0,-66.0
1775635253.3315654,0.0,0.0,-66.0
1775635253.3415654,2.0,0.0,-64.0
1775635253.3515654,1.0,2.0,-64.0
1775635253.3615654,-2.0,3.0,-67.0
1775635253.371565,-6.0,0.0,-63.0
1775635253.381565,-3.0,0.0,-61.0
1775635253.391565,0.0,0.0,-63.0
1775635253.4015653,3.0,1.0,-64.0
1775635253.4115653,6.0,0.0,-65.0
1775635253.4215653,3.0,-2.0,-65.0
1775635253.4315653,3.0,-2.0,-71.0
1775635253.4415653,0.0,-4.0,-71.0
1775635253.4515653,1.0,-5.0,-66.0
1775635253.4615655,0.0,-8.0,-69.0
1775635253.4715655,0.0,-6.0,-65.0
1775635253.4815657,2.0,-4.0,-67.0
1775635253.4915657,3.0,-5.0,-71.0
1775635253.5015657,1.0,-10.0,-68.0
1775635253.5115654,0.0,-4.0,-71.0
1775635253.5215654,0.0,0.0,-74.0
1775635253.5315654,-1.0,-1.0,-73.0
1775635253.5415654,0.0,0.0,-72.0
1775635253.5515654,0.0,-5.0,-71.0
1775635253.5615654,-5.0,-5.0,-68.0
1775635253.5715654,-5.0,-9.0,-58.0
1775635253.5815654,-6.0,-5.0,-60.0
1775635253.5915654,-6.0,-4.0,-61.0
1775635253.6015654,-3.0,-3.0,-71.0
1775635253.6115654,-3.0,-5.0,-72.0
1775635253.621565,-4.0,-3.0,-72.0
1775635253.631565,-4.0,0.0,-73.0
1775635253.641565,-6.0,-2.0,-71.0
1775635253.6515653,-4.0,-5.0,-67.0
1775635253.6615653,-5.0,-6.0,-63.0
1775635253.6715653,-5.0,-5.0,-58.0
1775635253.6815653,-5.0,-3.0,-59.0
1775635253.6915653,-5.0,0.0,-64.0
1775635253.7015653,-2.0,-1.0,-63.0
1775635253.7115655,3.0,0.0,-69.0
1775635253.7215655,1.0,-1.0,-71.0
1775635253.7315657,-5.0,3.0,-69.0
1775635253.7415657,-8.0,3.0,-63.0
1775635253.7515657,-6.0,4.0,-67.0
1775635253.7615654,0.0,5.0,-61.0
1775635253.7715654,3.0,6.0,-58.0
1775635253.7815654,4.0,3.0,-61.0
1775635253.7915654,8.0,1.0,-72.0
1775635253.8015654,4.0,1.0,-71.0
1775635253.8115654,-1.0,4.0,-68.0
1775635253.8215654,-4.0,0.0,-72.0
1775635253.8315654,-4.0,0.0,-75.0
1775635253.8415654,-6.0,0.0,-70.0
1775635253.8515654,-7.0,3.0,-67.0
1775635253.8615654,-4.0,3.0,-72.0
1775635253.871565,-4.0,2.0,-72.0
1775635253.881565,-5.0,3.0,-71.0
1775635253.891565,-3.0,2.0,-70.0
1775635253.9015653,-3.0,2.0,-64.0
1775635253.9115653,-3.0,0.0,-55.0
1775635253.9215653,2.0,-3.0,-55.0
1775635253.9315653,1.0,-3.0,-57.0
1775635253.9415653,3.0,-1.0,-56.0
1775635253.9515653,0.0,-1.0,-63.0
1775635253.9615655,0.0,-3.0,-69.0
1775635253.9715655,1.0,-3.0,-71.0
1775635253.9815657,0.0,-1.0,-68.0
1775635253.9915657,2.0,-1.0,-70.0
1775635254.0015657,2.0,-1.0,-65.0
1775635254.0115654,0.0,-1.0,-65.0
1775635254.0215654,-5.0,0.0,-68.0
1775635254.0315654,-3.0,-2.0,-67.0
1775635254.0415654,0.0,-2.0,-76.0
1775635254.0515654,-1.0,0.0,-78.0
1775635254.0615654,2.0,0.0,-73.0
1775635254.0715654,0.0,0.0,-73.0
1775635254.0815654,-4.0,-4.0,-71.0
1775635254.0915654,-7.0,-1.0,-65.0
1775635254.1015654,0.0,-1.0,-58.0
1775635254.1115654,2.0,-7.0,-58.0
1775635254.121565,-1.0,-8.0,-62.0
1775635254.131565,0.0,-9.0,-70.0
1775635254.141565,-4.0,-6.0,-69.0
1775635254.1515653,-4.0,-2.0,-61.0
1775635254.1615653,-4.0,0.0,-62.0
1775635254.1715653,0.0,1.0,-60.0
1775635254.1815653,2.0,1.0,-54.0
1775635254.1915653,2.0,4.0,-56.0
1775635254.2015653,0.0,1.0,-60.0
1775635254.2115655,2.0,2.0,-62.0
1775635254.2215655,2.0,0.0,-68.0
1775635254.2315657,4.0,-2.0,-70.0
1775635254.2415657,2.0,-3.0,-66.0
1775635254.2515657,-3.0,-3.0,-58.0
1775635254.2615654,-3.0,-1.0,-62.0
1775635254.2715654,0.0,-2.0,-65.0
1775635254.2815654,3.0,-1.0,-61.0
1775635254.2915654,3.0,-3.0,-67.0
1775635254.3015654,3.0,-3.0,-71.0
1775635254.3115654,6.0,-3.0,-66.0
1775635254.3215654,1.0,-2.0,-65.0
1775635254.3315654,5.0,-8.0,-63.0
1775635254.3415654,3.0,-7.0,-57.0
1775635254.3515654,3.0,-6.0,-64.0
1775635254.3615654,0.0,-1.0,-64.0
1775635254.371565,-2.0,-2.0,-66.0
1775635254.381565,-2.0,-2.0,-59.0
1775635254.391565,0.0,-2.0,-57.0
1775635254.4015653,0.0,3.0,-62.0
1775635254.4115653,1.0,4.0,-72.0
1775635254.4215653,0.0,-1.0,-66.0
1775635254.4315653,2.0,2.0,-59.0
1775635254.4415653,3.0,4.0,-62.0
1775635254.4515653,1.0,1.0,-70.0
1775635254.4615655,3.0,-2.0,-71.0
1775635254.4715655,1.0,-1.0,-66.0
1775635254.4815657,7.0,0.0,-63.0
1775635254.4915657,3.0,2.0,-64.0
1775635254.5015657,1.0,3.0,-63.0
1775635254.5115654,0.0,3.0,-61.0
1775635254.5215654,-1.0,0.0,-59.0
1775635254.5315654,1.0,0.0,-65.0
1775635254.5415654,0.0,-2.0,-62.0
1775635254.5515654,-2.0,-3.0,-60.0
1775635254.5615654,-3.0,-1.0,-69.0
1775635254.5715654,-1.0,3.0,-67.0
1775635254.5815654,0.0,2.0,-69.0
1775635254.5915654,-1.0,1.0,-66.0
1775635254.6015654,-4.0,0.0,-65.0
1775635254.6115654,-3.0,1.0,-69.0
1775635254.621565,-4.0,0.0,-73.0
1775635254.6325655,-1.0,0.0,-74.0
1775635254.641565,-1.0,0.0,-76.0
1775635254.6515653,-6.0,0.0,-68.0
1775635254.6615653,-11.0,0.0,-71.0
1775635254.6715653,-9.0,2.0,-79.0
1775635254.6815653,-7.0,1.0,-76.0
1775635254.6925654,-4.0,-1.0,-73.0
1775635254.7025654,0.0,0.0,-74.0
1775635254.7125654,1.0,3.0,-70.0
1775635254.7225654,0.0,3.0,-63.0
1775635254.7325654,-5.0,0.0,-66.0
1775635254.7425654,-4.0,0.0,-72.0
1775635254.7525654,-2.0,2.0,-70.0
1775635254.7625654,1.0,0.0,-78.0
1775635254.7725654,3.0,-1.0,-79.0
1775635254.7825654,5.0,-2.0,-72.0
1775635254.792565,1.0,-2.0,-68.0
1775635254.802565,0.0,-5.0,-70.0
1775635254.812565,0.0,-8.0,-75.0
1775635254.8225653,-1.0,-3.0,-73.0
1775635254.8325653,0.0,-4.0,-67.0
1775635254.8425653,1.0,-5.0,-63.0
1775635254.8525653,0.0,-2.0,-55.0
1775635254.8625653,1.0,-3.0,-56.0
1775635254.8725653,1.0,-2.0,-51.0
1775635254.8825655,2.0,-1.0,-51.0
1775635254.8925655,5.0,-1.0,-51.0
1775635254.9025657,3.0,2.0,-55.0
1775635254.9125657,2.0,3.0,-70.0
1775635254.9225657,0.0,4.0,-70.0
1775635254.9325657,3.0,0.0,-71.0
1775635254.9425654,3.0,0.0,-70.0
1775635254.9525654,5.0,-2.0,-58.0
1775635254.9625654,3.0,0.0,-62.0
1775635254.9725654,0.0,-3.0,-70.0
1775635254.9825654,-2.0,-6.0,-75.0
1775635254.9925654,-5.0,-9.0,-77.0
1775635255.0025654,-10.0,-3.0,-72.0
1775635255.0125654,-11.0,-2.0,-75.0
1775635255.0225654,-8.0,-2.0,-79.0
1775635255.0325654,-7.0,-2.0,-73.0
1775635255.042565,-7.0,-1.0,-69.0
1775635255.052565,-5.0,0.0,-68.0
1775635255.062565,-4.0,0.0,-61.0
1775635255.0725653,0.0,0.0,-65.0
1775635255.0825653,2.0,3.0,-59.0
1775635255.0925653,5.0,-2.0,-66.0
1775635255.1025653,6.0,-1.0,-74.0
1775635255.1125653,6.0,0.0,-70.0
1775635255.1225653,3.0,-1.0,-71.0
1775635255.1325655,3.0,-1.0,-74.0
1775635255.1425655,3.0,0.0,-72.0
1775635255.1525657,0.0,3.0,-75.0
1775635255.1625657,1.0,-1.0,-75.0
1775635255.1725657,4.0,0.0,-69.0
1775635255.1825657,6.0,2.0,-67.0
1775635255.1925654,3.0,1.0,-70.0
1775635255.2025654,3.0,0.0,-75.0
1775635255.2125654,4.0,2.0,-73.0
1775635255.2225654,4.0,7.0,-75.0
1775635255.2325654,3.0,3.0,-77.0
1775635255.2425654,-1.0,3.0,-76.0
1775635255.2525654,-1.0,0.0,-70.0
1775635255.2625654,0.0,1.0,-73.0
1775635255.2725654,-2.0,1.0,-69.0
1775635255.2825654,-1.0,0.0,-69.0
1775635255.292565,-5.0,1.0,-69.0
1775635255.302565,-6.0,0.0,-68.0
1775635255.312565,-5.0,1.0,-68.0
1775635255.3225653,-2.0,0.0,-63.0
1775635255.3325653,-3.0,-4.0,-55.0
1775635255.3425653,-2.0,-7.0,-56.0
1775635255.3525653,-3.0,-8.0,-62.0
1775635255.3625653,-7.0,-5.0,-61.0
1775635255.3725653,-9.0,-3.0,-68.0
1775635255.3825655,-10.0,0.0,-65.0
1775635255.3925655,-5.0,-1.0,-56.0
1775635255.4025657,-2.0,-3.0,-52.0
1775635255.4125657,0.0,-3.0,-57.0
1775635255.4225657,-4.0,-4.0,-58.0
1775635255.4325657,-2.0,0.0,-65.0
1775635255.4425654,-3.0,1.0,-62.0
1775635255.4525654,-4.0,0.0,-60.0
1775635255.4625654,-6.0,2.0,-63.0
1775635255.4725654,-6.0,2.0,-66.0
1775635255.4825654,-7.0,-1.0,-73.0
1775635255.4925654,-7.0,-2.0,-71.0
1775635255.5025654,-4.0,-2.0,-68.0
1775635255.5125654,0.0,0.0,-65.0
1775635255.5225654,0.0,0.0,-68.0
1775635255.5325654,2.0,0.0,-66.0
1775635255.542565,4.0,1.0,-70.0
1775635255.552565,7.0,1.0,-65.0
1775635255.562565,7.0,-3.0,-63.0
1775635255.5725653,3.0,-7.0,-64.0
1775635255.5825653,5.0,-5.0,-65.0
1775635255.5925653,1.0,-2.0,-60.0
1775635255.6025653,1.0,-4.0,-70.0
1775635255.6125653,3.0,-4.0,-68.0
1775635255.6225653,2.0,-8.0,-68.0
1775635255.6325655,0.0,-9.0,-69.0
1775635255.6425655,3.0,-6.0,-68.0
1775635255.6525657,4.0,-5.0,-71.0
1775635255.6625657,5.0,-3.0,-75.0
1775635255.6725657,2.0,-4.0,-71.0
1775635255.6825657,0.0,-4.0,-69.0
1775635255.6925654,-1.0,-5.0,-73.0
1775635255.7025654,0.0,-6.0,-70.0
1775635255.7125654,-4.0,-5.0,-71.0
1775635255.7225654,-5.0,-2.0,-72.0
1775635255.7325654,-1.0,-4.0,-68.0
1775635255.7425654,2.0,-5.0,-71.0
1775635255.7525654,-2.0,0.0,-73.0
1775635255.7625654,1.0,7.0,-73.0
1775635255.7725654,3.0,5.0,-68.0
1775635255.7825654,2.0,7.0,-66.0
1775635255.792565,3.0,6.0,-63.0
1775635255.802565,2.0,4.0,-68.0
1775635255.812565,-3.0,0.0,-70.0
1775635255.8225653,-4.0,0.0,-67.0
1775635255.8325653,-5.0,2.0,-67.0
1775635255.8425653,-3.0,2.0,-63.0
1775635255.8525653,-1.0,0.0,-65.0
1775635255.8625653,0.0,1.0,-75.0
1775635255.8725653,-5.0,1.0,-71.0
1775635255.8825655,-9.0,2.0,-68.0
1775635255.8925655,-8.0,2.0,-66.0
1775635255.9025657,-3.0,4.0,-71.0
1775635255.9125657,-2.0,3.0,-66.0
1775635255.9225657,-1.0,5.0,-64.0
1775635255.9325657,-6.0,2.0,-62.0
1775635255.9425654,-8.0,0.0,-65.0
1775635255.9525654,-11.0,0.0,-61.0
1775635255.9625654,-9.0,0.0,-65.0
1775635255.9725654,-8.0,2.0,-64.0
1775635255.9825654,-5.0,5.0,-63.0
1775635255.9925654,-2.0,6.0,-66.0
1775635256.0025654,1.0,4.0,-71.0
1775635256.0125654,1.0,4.0,-69.0
1775635256.0225654,4.0,1.0,-70.0
1775635256.0325654,0.0,3.0,-70.0
1775635256.042565,0.0,1.0,-68.0
1775635256.052565,-3.0,1.0,-69.0
1775635256.062565,-2.0,-2.0,-72.0
1775635256.0725653,0.0,0.0,-69.0
1775635256.0825653,-3.0,-2.0,-70.0
1775635256.0925653,-5.0,-2.0,-70.0
1775635256.1025653,-4.0,0.0,-69.0
1775635256.1125653,0.0,-2.0,-64.0
1775635256.1225653,4.0,0.0,-59.0
1775635256.1325655,5.0,-2.0,-60.0
1775635256.1425655,8.0,-2.0,-62.0
1775635256.1525657,10.0,-2.0,-63.0
1775635256.1625657,10.0,-2.0,-65.0
1775635256.1725657,10.0,-2.0,-66.0
1775635256.1825657,6.0,4.0,-68.0
1775635256.1925654,6.0,3.0,-66.0
1775635256.2025654,9.0,2.0,-72.0
1775635256.2125654,8.0,2.0,-74.0
1775635256.2225654,4.0,2.0,-72.0
1775635256.2325654,2.0,6.0,-75.0
1775635256.2425654,0.0,2.0,-75.0
1775635256.2525654,0.0,1.0,-77.0
1775635256.2625654,-1.0,-3.0,-80.0
1775635256.2725654,-5.0,-5.0,-75.0
1775635256.2825654,-8.0,-3.0,-71.0
1775635256.292565,-5.0,0.0,-70.0
1775635256.302565,-3.0,1.0,-73.0
1775635256.312565,-4.0,3.0,-66.0
1775635256.3225653,-1.0,3.0,-67.0
1775635256.3325653,0.0,6.0,-64.0
1775635256.3425653,1.0,5.0,-60.0
1775635256.3525653,4.0,10.0,-61.0
1775635256.3625653,2.0,9.0,-67.0
1775635256.3725653,-1.0,4.0,-69.0
1775635256.3825655,-2.0,0.0,-67.0
1775635256.3925655,-3.0,-4.0,-68.0
1775635256.4025657,-1.0,-1.0,-71.0
1775635256.4125657,-3.0,-1.0,-73.0
1775635256.4225657,-6.0,-4.0,-75.0
1775635256.4325657,-5.0,-2.0,-76.0
1775635256.4425654,-4.0,-4.0,-71.0
1775635256.4525654,0.0,-1.0,-72.0
1775635256.4625654,0.0,0.0,-75.0
1775635256.4725654,-1.0,2.0,-69.0
1775635256.4825654,2.0,5.0,-64.0
1775635256.4925654,2.0,0.0,-68.0
1775635256.5025654,-4.0,0.0,-71.0
1775635256.5125654,-5.0,4.0,-75.0
1775635256.5225654,-4.0,0.0,-70.0
1775635256.5325654,-3.0,1.0,-71.0
1775635256.542565,0.0,-1.0,-67.0
1775635256.552565,-1.0,-4.0,-62.0
1775635256.562565,-1.0,-2.0,-64.0
1775635256.5725653,-4.0,0.0,-59.0
1775635256.5825653,-2.0,-3.0,-67.0
1775635256.5925653,0.0,-6.0,-71.0
1775635256.6025653,0.0,-4.0,-75.0
1775635256.6125653,-4.0,-2.0,-73.0
1775635256.6225653,0.0,0.0,-72.0
1775635256.6325655,0.0,6.0,-71.0
1775635256.6425655,0.0,5.0,-66.0
1775635256.6525657,1.0,0.0,-67.0
1775635256.6625657,6.0,-1.0,-67.0
1775635256.6725657,0.0,-4.0,-64.0
1775635256.6825657,2.0,-6.0,-68.0
1775635256.6925654,-2.0,-4.0,-66.0
1775635256.7025654,-2.0,-4.0,-64.0
1775635256.7125654,-4.0,0.0,-58.0
1775635256.7225654,-4.0,4.0,-57.0
1775635256.7325654,-3.0,4.0,-52.0
1775635256.7425654,-2.0,1.0,-58.0
1775635256.7525654,0.0,3.0,-55.0
1775635256.7625654,-1.0,1.0,-54.0
1775635256.7725654,-3.0,-1.0,-55.0
1775635256.7825654,0.0,-1.0,-55.0
1775635256.792565,-1.0,-2.0,-61.0
1775635256.802565,0.0,-4.0,-71.0
1775635256.812565,0.0,-2.0,-67.0
1775635256.8225653,2.0,-3.0,-70.0
1775635256.8325653,0.0,-5.0,-71.0
1775635256.8425653,-4.0,-5.0,-79.0
1775635256.8525653,-3.0,-7.0,-80.0
1775635256.8625653,-1.0,-8.0,-77.0
1775635256.8725653,-1.0,-7.0,-79.0
1775635256.8825655,-4.0,-6.0,-74.0
1775635256.8925655,-3.0,-10.0,-71.0
1775635256.9025657,-4.0,-6.0,-72.0
1775635256.9125657,-2.0,-2.0,-76.0
1775635256.9225657,-1.0,-4.0,-77.0
1775635256.9325657,0.0,-3.0,-76.0
1775635256.9425654,-1.0,-6.0,-85.0
1775635256.9525654,-1.0,-3.0,-87.0
1775635256.9625654,0.0,-1.0,-90.0
1775635256.9725654,1.0,-6.0,-82.0
1775635256.983565,2.0,-3.0,-82.0
1775635256.993565,-1.0,-4.0,-73.0
1775635257.0035653,3.0,-5.0,-65.0
1775635257.0135653,4.0,-2.0,-68.0
1775635257.0235653,7.0,0.0,-67.0
1775635257.0335653,3.0,-1.0,-63.0
1775635257.0435653,0.0,0.0,-68.0
1775635257.0535655,-1.0,0.0,-70.0
1775635257.0635655,-5.0,0.0,-62.0
1775635257.0735655,-4.0,0.0,-64.0
1775635257.0835657,-5.0,0.0,-64.0
1775635257.0935657,-8.0,0.0,-61.0
1775635257.1035657,-8.0,1.0,-65.0
1775635257.1135654,-7.0,0.0,-67.0
1775635257.1235654,-9.0,4.0,-67.0
1775635257.1335654,-10.0,5.0,-65.0
1775635257.1435654,-8.0,7.0,-65.0
1775635257.1535654,-5.0,6.0,-66.0
1775635257.1635654,-1.0,0.0,-63.0
1775635257.1735654,2.0,-5.0,-71.0
1775635257.1835654,4.0,-6.0,-72.0
1775635257.1935654,6.0,-5.0,-70.0
1775635257.2035654,3.0,-2.0,-72.0
1775635257.213565,0.0,-1.0,-69.0
1775635257.223565,2.0,-2.0,-70.0
1775635257.233565,0.0,-1.0,-73.0
1775635257.243565,-1.0,0.0,-72.0
1775635257.2535653,0.0,0.0,-75.0
1775635257.2635653,-4.0,2.0,-78.0
1775635257.2735653,0.0,-1.0,-73.0
1775635257.2835653,1.0,-1.0,-71.0
1775635257.2935653,0.0,-3.0,-73.0
1775635257.3035655,-3.0,-7.0,-75.0
1775635257.3135655,2.0,-3.0,-75.0
1775635257.3235655,2.0,-3.0,-77.0
1775635257.3335657,2.0,-4.0,-75.0
1775635257.3435657,-2.0,-2.0,-71.0
1775635257.3535657,-1.0,-2.0,-65.0
1775635257.3635654,-1.0,-2.0,-64.0
1775635257.3735654,-4.0,0.0,-69.0
1775635257.3835654,0.0,-3.0,-65.0
1775635257.3935654,-3.0,-2.0,-69.0
1775635257.4035654,-1.0,4.0,-67.0
1775635257.4135654,-1.0,2.0,-63.0
1775635257.4235654,0.0,0.0,-65.0
1775635257.4335654,0.0,-2.0,-66.0
1775635257.4435654,-3.0,-1.0,-64.0
1775635257.4535654,-5.0,0.0,-60.0
1775635257.463565,-5.0,3.0,-60.0
1775635257.473565,-5.0,4.0,-58.0
1775635257.483565,-2.0,6.0,-63.0
1775635257.493565,0.0,2.0,-60.0
1775635257.5035653,-1.0,2.0,-63.0
1775635257.5135653,-3.0,1.0,-65.0
1775635257.5235653,-4.0,6.0,-72.0
1775635257.5335653,-2.0,9.0,-71.0
1775635257.5435653,-5.0,5.0,-68.0
1775635257.5535655,-5.0,6.0,-72.0
1775635257.5635655,-5.0,0.0,-74.0
1775635257.5735655,-2.0,-2.0,-67.0
1775635257.5835657,1.0,-5.0,-67.0
1775635257.5935657,1.0,-4.0,-62.0
1775635257.6035657,0.0,-2.0,-59.0
1775635257.6135654,-4.0,0.0,-56.0
1775635257.6235654,-5.0,-3.0,-59.0
1775635257.6335654,-4.0,-4.0,-64.0
1775635257.6435654,-1.0,-3.0,-58.0
1775635257.6535654,-9.0,-3.0,-62.0
1775635257.6635654,-9.0,-2.0,-63.0
1775635257.6735654,-9.0,-1.0,-68.0
1775635257.6835654,-5.0,2.0,-71.0
1775635257.6935654,0.0,2.0,-71.0
1775635257.7035654,-1.0,0.0,-64.0
1775635257.713565,0.0,-2.0,-65.0
1775635257.723565,3.0,-4.0,-67.0
1775635257.733565,6.0,-5.0,-69.0
1775635257.743565,4.0,-8.0,-64.0
1775635257.7535653,2.0,-7.0,-55.0
1775635257.7635653,2.0,-4.0,-56.0
1775635257.7735653,2.0,-7.0,-58.0
1775635257.7835653,5.0,-5.0,-63.0
1775635257.7935653,6.0,-3.0,-65.0
1775635257.8035655,3.0,0.0,-62.0
1775635257.8135655,-3.0,1.0,-72.0
1775635257.8235655,-5.0,0.0,-66.0
1775635257.8335657,-4.0,1.0,-66.0
1775635257.8435657,-5.0,2.0,-66.0
1775635257.8535657,-7.0,-1.0,-70.0
1775635257.8635654,-6.0,2.0,-68.0
1775635257.8735654,-4.0,1.0,-73.0
1775635257.8835654,-5.0,2.0,-70.0
1775635257.8935654,-1.0,2.0,-63.0
1775635257.9035654,-7.0,2.0,-55.0
1775635257.9135654,-8.0,-1.0,-57.0
1775635257.9235654,-4.0,-2.0,-61.0
1775635257.9335654,-2.0,-1.0,-67.0
1775635257.9435654,-4.0,0.0,-65.0
1775635257.9535654,-7.0,0.0,-63.0
1775635257.963565,-3.0,0.0,-62.0
1775635257.973565,-3.0,1.0,-69.0
1775635257.983565,-3.0,3.0,-74.0
1775635257.993565,-1.0,0.0,-73.0
1775635258.0035653,0.0,2.0,-76.0
1775635258.0135653,-2.0,1.0,-74.0
1775635258.0235653,1.0,1.0,-74.0
1775635258.0335653,6.0,0.0,-71.0
1775635258.0435653,7.0,-5.0,-66.0
1775635258.0535655,7.0,-2.0,-70.0
1775635258.0635655,5.0,0.0,-75.0
1775635258.0735655,7.0,4.0,-76.0
1775635258.0835657,5.0,2.0,-72.0
1775635258.0935657,1.0,3.0,-65.0
1775635258.1035657,0.0,1.0,-65.0
1775635258.1135654,-2.0,0.0,-69.0
1775635258.1235654,-4.0,0.0,-75.0
1775635258.1335654,-1.0,-2.0,-78.0
1775635258.1435654,2.0,-4.0,-76.0
1775635258.1535654,3.0,1.0,-78.0
1775635258.1635654,5.0,0.0,-74.0
1775635258.1735654,5.0,0.0,-64.0
1775635258.1835654,4.0,3.0,-55.0
1775635258.1935654,-1.0,2.0,-52.0
1775635258.2035654,-2.0,2.0,-56.0
1775635258.213565,-2.0,0.0,-62.0
1775635258.223565,1.0,2.0,-56.0
1775635258.233565,4.0,2.0,-56.0
1775635258.243565,3.0,2.0,-56.0
1775635258.2535653,2.0,0.0,-59.0
1775635258.2635653,4.0,-4.0,-70.0
1775635258.2735653,8.0,-7.0,-76.0
1775635258.2835653,7.0,-4.0,-76.0
1775635258.2935653,8.0,0.0,-70.0
1775635258.3035655,8.0,0.0,-82.0
1775635258.3135655,7.0,2.0,-80.0
1775635258.3235655,4.0,0.0,-74.0
1775635258.3335657,7.0,-2.0,-70.0
1775635258.3435657,8.0,-1.0,-73.0
1775635258.3535657,6.0,0.0,-69.0
1775635258.3635654,5.0,-4.0,-68.0
1775635258.3745654,3.0,-4.0,-68.0
1775635258.3835654,3.0,-3.0,-74.0
1775635258.3935654,3.0,-3.0,-76.0
1775635258.4035654,0.0,1.0,-77.0
1775635258.4135654,0.0,3.0,-72.0
1775635258.4235654,-1.0,5.0,-76.0
1775635258.4335654,-1.0,2.0,-71.0
1775635258.4435654,1.0,1.0,-71.0
1775635258.4535654,-4.0,2.0,-75.0
1775635258.463565,-2.0,1.0,-72.0
1775635258.473565,-4.0,-1.0,-65.0
1775635258.483565,1.0,-1.0,-63.0
1775635258.493565,-2.0,-5.0,-53.0
1775635258.5035653,-1.0,-5.0,-51.0
1775635258.5135653,-1.0,-4.0,-59.0
1775635258.5235653,-2.0,-3.0,-59.0
1775635258.5335653,-4.0,-1.0,-65.0
1775635258.5435653,-2.0,-1.0,-63.0
1775635258.5535655,-3.0,0.0,-67.0
1775635258.5635655,-3.0,4.0,-71.0
1775635258.5735655,-7.0,2.0,-68.0
1775635258.5835657,-10.0,0.0,-69.0
1775635258.5935657,-10.0,-1.0,-61.0
1775635258.6035657,-9.0,0.0,-58.0
1775635258.6135654,-9.0,-3.0,-65.0
1775635258.6235654,-5.0,-5.0,-70.0
1775635258.6335654,-4.0,-1.0,-67.0
1775635258.6435654,-7.0,0.0,-58.0
1775635258.6535654,-7.0,2.0,-60.0
1775635258.6635654,-5.0,4.0,-59.0
1775635258.6735654,-6.0,1.0,-70.0
1775635258.6835654,-4.0,0.0,-71.0
1775635258.6935654,-4.0,0.0,-67.0
1775635258.7035654,-3.0,-2.0,-73.0
1775635258.713565,-2.0,-2.0,-77.0
1775635258.723565,-3.0,0.0,-76.0
1775635258.733565,-6.0,2.0,-72.0
1775635258.743565,0.0,1.0,-68.0
1775635258.7535653,0.0,-2.0,-64.0
1775635258.7635653,2.0,-1.0,-64.0
1775635258.7735653,1.0,-4.0,-61.0
1775635258.7835653,1.0,-5.0,-61.0
1775635258.7935653,4.0,-6.0,-66.0
1775635258.8035655,5.0,-8.0,-63.0
1775635258.8135655,4.0,-6.0,-66.0
1775635258.8235655,0.0,-10.0,-64.0
1775635258.8335657,2.0,-6.0,-72.0
1775635258.8435657,1.0,-4.0,-70.0
1775635258.8535657,-3.0,-2.0,-74.0
1775635258.8635654,1.0,0.0,-69.0
1775635258.8735654,4.0,0.0,-72.0
1775635258.8835654,3.0,-2.0,-71.0
1775635258.8935654,3.0,2.0,-68.0
1775635258.9035654,4.0,0.0,-60.0
1775635258.9135654,3.0,-2.0,-64.0
1775635258.9235654,1.0,0.0,-65.0
1775635258.9335654,1.0,5.0,-65.0
1775635258.9435654,0.0,3.0,-67.0
1775635258.9535654,-3.0,4.0,-65.0
1775635258.963565,0.0,1.0,-66.0
1775635258.973565,2.0,1.0,-75.0
1775635258.983565,2.0,0.0,-71.0
1775635258.993565,5.0,0.0,-71.0
1775635259.0035653,8.0,-1.0,-74.0
1775635259.0135653,2.0,0.0,-76.0
1775635259.0235653,1.0,1.0,-70.0
1775635259.0335653,2.0,-3.0,-72.0
1775635259.0435653,3.0,-3.0,-75.0
1775635259.0535655,-4.0,0.0,-74.0
1775635259.0635655,-1.0,0.0,-72.0
1775635259.0735655,0.0,1.0,-76.0
1775635259.0835657,2.0,5.0,-69.0
1775635259.0935657,0.0,4.0,-67.0
1775635259.1035657,1.0,3.0,-71.0
1775635259.1135654,3.0,3.0,-74.0
1775635259.1235654,2.0,2.0,-76.0
1775635259.1335654,-1.0,2.0,-83.0
1775635259.1435654,0.0,0.0,-82.0
1775635259.1535654,2.0,0.0,-81.0
1775635259.1635654,1.0,-6.0,-76.0
1775635259.1735654,0.0,-6.0,-71.0
1775635259.1835654,-1.0,-5.0,-70.0
1775635259.1935654,0.0,-9.0,-62.0
1775635259.2035654,7.0,-9.0,-54.0
1775635259.213565,8.0,-6.0,-59.0
1775635259.223565,5.0,-8.0,-63.0
1775635259.233565,2.0,-9.0,-64.0
1775635259.243565,1.0,-3.0,-73.0
1775635259.2545657,0.0,0.0,-74.0
1775635259.2635653,-1.0,0.0,-65.0
1775635259.2735653,0.0,0.0,-66.0
1775635259.2835653,5.0,1.0,-63.0
1775635259.2935653,3.0,0.0,-69.0
1775635259.3035655,3.0,0.0,-73.0
1775635259.3135655,0.0,1.0,-66.0
1775635259.3245654,3.0,0.0,-69.0
1775635259.3335657,6.0,4.0,-71.0
1775635259.3445654,5.0,5.0,-74.0
1775635259.3545654,2.0,6.0,-69.0
1775635259.3645654,3.0,3.0,-74.0
1775635259.3745654,8.0,4.0,-66.0
1775635259.3845654,7.0,4.0,-70.0
1775635259.394565,5.0,2.0,-78.0
1775635259.404565,7.0,-1.0,-82.0
1775635259.414565,9.0,0.0,-80.0
1775635259.4245653,5.0,2.0,-72.0
1775635259.4345653,5.0,3.0,-71.0
1775635259.4445653,1.0,2.0,-70.0
1775635259.4545653,1.0,-1.0,-70.0
1775635259.4645653,0.0,-6.0,-71.0
1775635259.4745653,-4.0,-6.0,-79.0
1775635259.4845655,-4.0,1.0,-78.0
1775635259.4945655,-1.0,4.0,-79.0
1775635259.5045657,1.0,-1.0,-78.0
1775635259.5145657,2.0,-2.0,-79.0
1775635259.5245657,3.0,0.0,-74.0
1775635259.5345654,1.0,0.0,-68.0
1775635259.5445654,2.0,0.0,-67.0
1775635259.5545654,-2.0,0.0,-64.0
1775635259.5645654,-3.0,-2.0,-66.0
1775635259.5745654,-2.0,0.0,-67.0
1775635259.5845654,0.0,4.0,-67.0
1775635259.5945654,1.0,6.0,-69.0
1775635259.6045654,0.0,4.0,-72.0
1775635259.6145654,-1.0,1.0,-69.0
1775635259.6245654,-3.0,0.0,-69.0
1775635259.6345654,-1.0,4.0,-69.0
1775635259.644565,0.0,5.0,-73.0
1775635259.654565,-2.0,8.0,-75.0
1775635259.664565,-6.0,7.0,-75.0
1775635259.6745653,-4.0,6.0,-71.0
1775635259.6845653,0.0,3.0,-74.0
1775635259.6945653,-1.0,4.0,-65.0
1775635259.7045653,-1.0,3.0,-64.0
1775635259.7145653,-2.0,0.0,-71.0
1775635259.7245653,-7.0,-2.0,-67.0
1775635259.7345655,-3.0,-1.0,-63.0
1775635259.7455654,-1.0,0.0,-59.0
1775635259.7545657,-3.0,1.0,-57.0
1775635259.7645657,-7.0,0.0,-60.0
1775635259.7745657,-5.0,-1.0,-61.0
1775635259.7845654,-6.0,-1.0,-65.0
1775635259.7945654,0.0,3.0,-61.0
1775635259.8045654,-2.0,4.0,-64.0
1775635259.8145654,-5.0,4.0,-63.0
1775635259.8245654,0.0,2.0,-62.0
1775635259.8345654,0.0,2.0,-60.0
1775635259.8445654,-2.0,0.0,-60.0
1775635259.8545654,-6.0,0.0,-66.0
1775635259.8645654,-9.0,1.0,-66.0
1775635259.8745654,-5.0,0.0,-65.0
1775635259.8845654,-9.0,-2.0,-70.0
1775635259.894565,-8.0,-6.0,-70.0
1775635259.904565,-5.0,-5.0,-68.0
1775635259.914565,-6.0,-5.0,-66.0
1775635259.9245653,1.0,-3.0,-66.0
1775635259.9345653,2.0,-4.0,-65.0
1775635259.9445653,-1.0,1.0,-71.0
1775635259.9545653,0.0,2.0,-74.0
1775635259.9645653,-1.0,2.0,-71.0
1775635259.9745653,2.0,0.0,-66.0
1775635259.9845655,4.0,3.0,-68.0
1775635259.9945655,3.0,5.0,-72.0
1775635260.0045657,0.0,2.0,-70.0
1775635260.0145657,-3.0,0.0,-63.0
1775635260.0245657,0.0,0.0,-66.0
1775635260.0345654,0.0,-2.0,-69.0
1775635260.0445654,0.0,-4.0,-73.0
1775635260.0545654,-1.0,-2.0,-71.0
1775635260.0645654,-2.0,-3.0,-69.0
1775635260.0745654,-1.0,-5.0,-70.0
1775635260.0845654,0.0,-6.0,-64.0
1775635260.0945654,0.0,-7.0,-59.0
1775635260.1045654,1.0,-4.0,-57.0
1775635260.1145654,2.0,-5.0,-59.0
1775635260.1245654,1.0,-3.0,-62.0
1775635260.1345654,3.0,-3.0,-68.0
1775635260.144565,3.0,-3.0,-69.0
1775635260.154565,3.0,-3.0,-64.0
1775635260.164565,2.0,-2.0,-57.0
1775635260.1745653,2.0,3.0,-60.0
1775635260.1845653,1.0,2.0,-60.0
1775635260.1945653,1.0,1.0,-60.0
1775635260.2045653,-1.0,2.0,-60.0
1775635260.2145653,-4.0,4.0,-67.0
1775635260.2245653,-8.0,1.0,-69.0
1775635260.2345655,-8.0,2.0,-69.0
1775635260.2445655,-9.0,3.0,-68.0
1775635260.2545657,-3.0,2.0,-65.0
1775635260.2645657,-2.0,0.0,-74.0
1775635260.2745657,3.0,3.0,-77.0
1775635260.2845654,4.0,6.0,-80.0
1775635260.2945654,6.0,6.0,-72.0
1775635260.3045654,5.0,4.0,-68.0
1775635260.3145654,6.0,0.0,-69.0
1775635260.3245654,4.0,0.0,-68.0
1775635260.3345654,1.0,2.0,-65.0
1775635260.3445654,4.0,0.0,-67.0
1775635260.3545654,1.0,0.0,-65.0
1775635260.3645654,1.0,1.0,-64.0
1775635260.3745654,0.0,4.0,-63.0
1775635260.3845654,2.0,5.0,-67.0
1775635260.394565,6.0,5.0,-67.0
1775635260.404565,11.0,7.0,-67.0
1775635260.414565,11.0,7.0,-65.0
1775635260.4245653,8.0,4.0,-66.0
1775635260.4345653,7.0,9.0,-59.0
1775635260.4445653,6.0,8.0,-59.0
1775635260.4545653,1.0,1.0,-56.0
1775635260.4645653,-1.0,3.0,-53.0
1775635260.4745653,0.0,0.0,-56.0
1775635260.4845655,3.0,0.0,-55.0
1775635260.4945655,2.0,0.0,-58.0
1775635260.5045657,3.0,4.0,-58.0
1775635260.5145657,1.0,3.0,-63.0
1775635260.5245657,3.0,2.0,-67.0
1775635260.5345654,2.0,2.0,-64.0
1775635260.5445654,4.0,4.0,-60.0
1775635260.5545654,8.0,3.0,-63.0
1775635260.5645654,5.0,3.0,-62.0
1775635260.5745654,7.0,1.0,-66.0
1775635260.5845654,6.0,-2.0,-67.0
1775635260.5945654,6.0,-2.0,-67.0
1775635260.6045654,6.0,-2.0,-62.0
1775635260.6145654,4.0,0.0,-72.0
1775635260.6245654,4.0,-4.0,-75.0
1775635260.6345654,4.0,-3.0,-74.0
1775635260.644565,3.0,-3.0,-74.0
1775635260.654565,3.0,-5.0,-71.0
1775635260.664565,4.0,-4.0,-70.0
1775635260.6745653,4.0,-1.0,-72.0
1775635260.6845653,0.0,0.0,-69.0
1775635260.6945653,1.0,-4.0,-68.0
1775635260.7045653,0.0,-3.0,-63.0
1775635260.7145653,2.0,0.0,-60.0
1775635260.7245653,5.0,1.0,-60.0
1775635260.7345655,2.0,-1.0,-69.0
1775635260.7445655,3.0,-1.0,-68.0
1775635260.7545657,2.0,0.0,-64.0
1775635260.7645657,5.0,0.0,-62.0
1775635260.7745657,6.0,3.0,-61.0
1775635260.7845654,1.0,3.0,-61.0
1775635260.7945654,4.0,-1.0,-62.0
1775635260.8045654,0.0,-2.0,-54.0
1775635260.8145654,3.0,-1.0,-61.0
1775635260.8245654,3.0,0.0,-65.0
1775635260.8345654,0.0,-2.0,-68.0
1775635260.8445654,-5.0,-1.0,-71.0
1775635260.8545654,-5.0,-2.0,-66.0
1775635260.8645654,-6.0,-2.0,-65.0
1775635260.8745654,-6.0,-4.0,-58.0
1775635260.8845654,-4.0,-4.0,-62.0
1775635260.894565,-4.0,-6.0,-67.0
1775635260.904565,1.0,-6.0,-69.0
1775635260.914565,3.0,-4.0,-65.0
1775635260.9245653,0.0,-1.0,-62.0
1775635260.9345653,0.0,5.0,-68.0
1775635260.9445653,-1.0,0.0,-69.0
1775635260.9545653,-2.0,-3.0,-68.0
1775635260.9645653,1.0,0.0,-66.0
1775635260.9745653,2.0,0.0,-65.0
1775635260.9845655,3.0,3.0,-67.0
1775635260.9945655,4.0,5.0,-70.0
1775635261.0045657,6.0,1.0,-75.0
1775635261.0145657,14.0,1.0,-69.0
1775635261.0245657,8.0,0.0,-60.0
1775635261.0345654,1.0,-1.0,-57.0
1775635261.0445654,-2.0,2.0,-63.0
1775635261.0545654,-1.0,1.0,-68.0
1775635261.0645654,0.0,3.0,-69.0
1775635261.0745654,0.0,0.0,-73.0
1775635261.0845654,1.0,-4.0,-68.0
1775635261.0945654,1.0,-3.0,-66.0
1775635261.1045654,2.0,0.0,-60.0
1775635261.1145654,3.0,-1.0,-65.0
1775635261.1245654,-2.0,0.0,-69.0
1775635261.1345654,3.0,0.0,-65.0
1775635261.144565,3.0,-2.0,-66.0
1775635261.154565,0.0,0.0,-62.0
1775635261.164565,0.0,0.0,-61.0
1775635261.1745653,-3.0,2.0,-60.0
1775635261.1845653,-5.0,3.0,-62.0
1775635261.1945653,-4.0,4.0,-64.0
1775635261.2045653,-6.0,5.0,-65.0
1775635261.2145653,-8.0,0.0,-66.0
1775635261.2245653,-4.0,-1.0,-70.0
1775635261.2345655,-3.0,-3.0,-73.0
1775635261.2445655,-10.0,-3.0,-69.0
1775635261.2545657,-11.0,-7.0,-72.0
1775635261.2645657,-9.0,-4.0,-71.0
1775635261.2745657,-6.0,-4.0,-70.0
1775635261.2845654,-4.0,-3.0,-72.0
1775635261.2945654,-2.0,-9.0,-73.0
1775635261.3045654,-3.0,-7.0,-68.0
1775635261.3145654,-5.0,-9.0,-68.0
1775635261.3245654,-5.0,-7.0,-76.0
1775635261.3345654,1.0,-8.0,-79.0
1775635261.3445654,2.0,-1.0,-80.0
1775635261.3545654,1.0,1.0,-86.0
1775635261.3645654,5.0,2.0,-85.0
1775635261.3745654,3.0,-2.0,-83.0
1775635261.3845654,0.0,0.0,-87.0
1775635261.394565,-1.0,-1.0,-83.0
1775635261.404565,2.0,-5.0,-77.0
1775635261.414565,2.0,-1.0,-82.0
1775635261.4245653,4.0,0.0,-79.0
1775635261.4345653,4.0,0.0,-75.0
1775635261.4445653,0.0,-1.0,-78.0
1775635261.4545653,0.0,0.0,-71.0
1775635261.4645653,1.0,-3.0,-74.0
1775635261.4745653,5.0,0.0,-76.0
1775635261.4845655,3.0,0.0,-69.0
1775635261.4945655,0.0,2.0,-68.0
1775635261.5045657,5.0,5.0,-68.0
1775635261.5145657,2.0,2.0,-77.0
1775635261.5245657,-4.0,0.0,-81.0
1775635261.5345654,-3.0,2.0,-83.0
1775635261.5445654,-1.0,0.0,-82.0
1775635261.5545654,0.0,0.0,-82.0
1775635261.5645654,3.0,-4.0,-76.0
1775635261.5745654,0.0,-11.0,-73.0
1775635261.5845654,0.0,-10.0,-72.0
1775635261.5945654,0.0,-8.0,-69.0
1775635261.6045654,-2.0,-5.0,-67.0
1775635261.6145654,-4.0,-1.0,-62.0
1775635261.6245654,-3.0,-1.0,-66.0
1775635261.6345654,1.0,-2.0,-65.0
1775635261.6455653,1.0,-5.0,-65.0
1775635261.6555655,4.0,-9.0,-67.0
1775635261.664565,0.0,-2.0,-69.0
1775635261.6755655,-3.0,0.0,-73.0
1775635261.6855657,-2.0,2.0,-75.0
1775635261.6955657,-1.0,1.0,-75.0
1775635261.7055657,0.0,1.0,-73.0
1775635261.7155654,5.0,2.0,-74.0
1775635261.7255654,2.0,1.0,-72.0
1775635261.7355654,3.0,3.0,-63.0
1775635261.7455654,4.0,5.0,-60.0
1775635261.7555654,8.0,0.0,-66.0
1775635261.7655654,8.0,-1.0,-70.0
1775635261.7755654,8.0,-1.0,-72.0
1775635261.7855654,9.0,0.0,-70.0
1775635261.7955654,5.0,-2.0,-66.0
1775635261.8055654,0.0,-1.0,-62.0
1775635261.815565,0.0,2.0,-67.0
1775635261.825565,1.0,0.0,-65.0
1775635261.835565,1.0,0.0,-64.0
1775635261.8455653,0.0,-2.0,-64.0
1775635261.8555653,0.0,-3.0,-68.0
1775635261.8655653,1.0,-1.0,-68.0
1775635261.8755653,1.0,0.0,-69.0
1775635261.8855653,1.0,0.0,-66.0
1775635261.8955653,-1.0,0.0,-57.0
1775635261.9055655,-2.0,-2.0,-57.0
1775635261.9155655,0.0,-3.0,-56.0
1775635261.9255655,5.0,-2.0,-61.0
1775635261.9355657,3.0,-4.0,-65.0
1775635261.9455657,0.0,-2.0,-66.0
1775635261.9555657,0.0,0.0,-66.0
1775635261.9655654,0.0,-4.0,-67.0
1775635261.9755654,0.0,-6.0,-71.0
1775635261.9855654,0.0,-5.0,-65.0
1775635261.9955654,2.0,-5.0,-67.0
1775635262.0055654,4.0,-3.0,-71.0
1775635262.0155654,3.0,0.0,-68.0
1775635262.0255654,5.0,2.0,-70.0
1775635262.0355654,3.0,0.0,-66.0
1775635262.0455654,3.0,0.0,-68.0
1775635262.0555654,1.0,0.0,-63.0
1775635262.065565,0.0,1.0,-65.0
1775635262.075565,1.0,0.0,-63.0
1775635262.085565,2.0,-1.0,-65.0
1775635262.0955653,0.0,0.0,-73.0
1775635262.1055653,-1.0,-2.0,-74.0
1775635262.1155653,-1.0,0.0,-69.0
1775635262.1255653,1.0,0.0,-62.0
1775635262.1355653,3.0,-3.0,-58.0
1775635262.1455653,3.0,-1.0,-65.0
1775635262.1555655,2.0,-2.0,-67.0
1775635262.1655655,2.0,0.0,-62.0
1775635262.1755655,2.0,0.0,-63.0
1775635262.1855657,0.0,-1.0,-66.0
1775635262.1955657,3.0,-3.0,-67.0
1775635262.2055657,0.0,-8.0,-72.0
1775635262.2155654,1.0,-6.0,-66.0
1775635262.2255654,1.0,-5.0,-66.0
1775635262.2355654,0.0,-4.0,-64.0
1775635262.2455654,1.0,-1.0,-62.0
1775635262.2555654,1.0,1.0,-61.0
1775635262.2655654,-5.0,0.0,-64.0
1775635262.2755654,-3.0,1.0,-67.0
1775635262.2855654,0.0,-1.0,-63.0
1775635262.2955654,0.0,0.0,-69.0
1775635262.3055654,-2.0,0.0,-68.0
1775635262.315565,-1.0,-1.0,-73.0
1775635262.325565,-3.0,0.0,-78.0
1775635262.335565,-6.0,1.0,-78.0
1775635262.3455653,-6.0,-4.0,-79.0
1775635262.3555653,-7.0,-5.0,-77.0
1775635262.3655653,-12.0,-1.0,-78.0
1775635262.3755653,-9.0,-2.0,-77.0
1775635262.3855653,-6.0,-1.0,-80.0
1775635262.3955653,-8.0,0.0,-77.0
1775635262.4055655,-5.0,0.0,-76.0
1775635262.4155655,2.0,3.0,-74.0
1775635262.4255655,0.0,4.0,-73.0
1775635262.4355657,-1.0,2.0,-77.0
1775635262.4455657,-2.0,2.0,-74.0
1775635262.4555657,-2.0,2.0,-74.0
1775635262.4655654,-3.0,0.0,-76.0
1775635262.4755654,-1.0,0.0,-78.0
1775635262.4855654,-2.0,-1.0,-75.0
1775635262.4955654,0.0,-2.0,-72.0
1775635262.5055654,0.0,-4.0,-74.0
1775635262.5155654,0.0,-10.0,-68.0
1775635262.5255654,1.0,-5.0,-68.0
1775635262.5355654,0.0,-2.0,-70.0
1775635262.5455654,0.0,-4.0,-62.0
1775635262.5555654,0.0,-1.0,-67.0
1775635262.565565,3.0,-2.0,-68.0
1775635262.575565,2.0,-2.0,-71.0
1775635262.585565,2.0,-1.0,-74.0
1775635262.5955653,0.0,0.0,-72.0
1775635262.6055653,-1.0,0.0,-61.0
1775635262.6155653,4.0,1.0,-57.0
1775635262.6255653,2.0,0.0,-60.0
1775635262.6355653,-1.0,1.0,-64.0
1775635262.6455653,-5.0,0.0,-62.0
1775635262.6555655,-4.0,1.0,-64.0
1775635262.6655655,-2.0,-1.0,-70.0
1775635262.6755655,-4.0,-2.0,-67.0
1775635262.6855657,-2.0,0.0,-64.0
1775635262.6955657,-1.0,0.0,-61.0
1775635262.7055657,-5.0,-1.0,-60.0
1775635262.7155654,-6.0,0.0,-54.0
1775635262.7255654,-3.0,0.0,-66.0
1775635262.7355654,-7.0,-4.0,-65.0
1775635262.7455654,-8.0,-8.0,-61.0
1775635262.7555654,0.0,-7.0,-65.0
1775635262.7655654,1.0,-8.0,-66.0
1775635262.7755654,0.0,-8.0,-65.0
1775635262.7855654,0.0,-4.0,-73.0
1775635262.7955654,-5.0,-4.0,-74.0
1775635262.8055654,0.0,0.0,-69.0
1775635262.815565,0.0,-3.0,-69.0
1775635262.825565,6.0,1.0,-68.0
1775635262.835565,2.0,1.0,-70.0
1775635262.8455653,3.0,-2.0,-78.0
1775635262.8555653,4.0,-3.0,-71.0
1775635262.8655653,5.0,-4.0,-63.0
1775635262.8755653,4.0,-9.0,-64.0
1775635262.8855653,4.0,-13.0,-66.0
1775635262.8955653,5.0,-7.0,-65.0
1775635262.9055655,2.0,-5.0,-64.0
1775635262.9155655,0.0,-2.0,-65.0
1775635262.9255655,-2.0,-3.0,-65.0
1775635262.9355657,-3.0,-2.0,-64.0
1775635262.9455657,-3.0,0.0,-70.0
1775635262.9555657,-2.0,0.0,-73.0
1775635262.9655654,4.0,0.0,-79.0
1775635262.9755654,1.0,-2.0,-75.0
1775635262.9855654,4.0,-1.0,-70.0
1775635262.9955654,1.0,0.0,-70.0
1775635263.0055654,0.0,0.0,-67.0
1775635263.0155654,5.0,1.0,-69.0
1775635263.0255654,4.0,2.0,-67.0
1775635263.0355654,5.0,8.0,-66.0
1775635263.0465653,2.0,6.0,-70.0
1775635263.0555654,2.0,5.0,-67.0
1775635263.065565,9.0,8.0,-64.0
1775635263.075565,4.0,8.0,-66.0
1775635263.085565,2.0,7.0,-61.0
1775635263.0955653,1.0,6.0,-69.0
1775635263.1055653,0.0,6.0,-69.0
1775635263.1155653,0.0,9.0,-67.0
1775635263.1255653,1.0,9.0,-68.0
1775635263.1355653,8.0,3.0,-71.0
1775635263.1455653,5.0,7.0,-67.0
1775635263.1555655,3.0,5.0,-68.0
1775635263.1655655,1.0,1.0,-81.0
1775635263.1755655,-2.0,5.0,-79.0
1775635263.1855657,-5.0,8.0,-71.0
1775635263.1955657,-3.0,7.0,-70.0
1775635263.2055657,-6.0,3.0,-67.0
1775635263.2155654,-5.0,2.0,-64.0
1775635263.2255654,-5.0,1.0,-62.0
1775635263.2355654,-4.0,0.0,-64.0
1775635263.2455654,-5.0,-1.0,-69.0
1775635263.2555654,-6.0,-4.0,-65.0
1775635263.2655654,-2.0,-2.0,-67.0
1775635263.2755654,-2.0,-2.0,-72.0
1775635263.2855654,0.0,-4.0,-68.0
1775635263.2955654,3.0,-2.0,-70.0
1775635263.3055654,1.0,0.0,-65.0
1775635263.315565,0.0,-2.0,-63.0
1775635263.325565,0.0,-5.0,-59.0
1775635263.335565,2.0,-4.0,-64.0
1775635263.3455653,0.0,0.0,-65.0
1775635263.3555653,0.0,0.0,-68.0
1775635263.3655653,-2.0,-1.0,-73.0
1775635263.3755653,0.0,-2.0,-75.0
1775635263.3855653,-3.0,1.0,-78.0
1775635263.3955653,-2.0,-2.0,-81.0
1775635263.4055655,-2.0,-2.0,-73.0
1775635263.4155655,-2.0,-2.0,-69.0
1775635263.4255655,1.0,-2.0,-74.0
1775635263.4355657,7.0,-3.0,-73.0
1775635263.4455657,8.0,-3.0,-71.0
1775635263.4555657,2.0,0.0,-62.0
1775635263.4655654,5.0,1.0,-57.0
1775635263.4755654,3.0,4.0,-57.0
1775635263.4855654,2.0,3.0,-61.0
1775635263.4955654,-1.0,2.0,-61.0
1775635263.5055654,2.0,-3.0,-64.0
1775635263.5155654,4.0,-2.0,-62.0
1775635263.5255654,4.0,-4.0,-64.0
1775635263.5355654,4.0,-1.0,-66.0
1775635263.5455654,6.0,-3.0,-63.0
1775635263.5555654,3.0,-2.0,-67.0
1775635263.565565,-2.0,-3.0,-68.0
1775635263.575565,-3.0,-3.0,-61.0
1775635263.585565,-2.0,-3.0,-59.0
1775635263.5955653,0.0,0.0,-58.0
1775635263.6055653,0.0,-2.0,-63.0
1775635263.6155653,-1.0,-5.0,-68.0
1775635263.6255653,4.0,-3.0,-66.0
1775635263.6355653,2.0,0.0,-64.0
1775635263.6455653,9.0,1.0,-64.0
1775635263.6555655,11.0,0.0,-66.0
1775635263.6655655,7.0,-2.0,-63.0
1775635263.6755655,3.0,-3.0,-64.0
1775635263.6855657,0.0,-3.0,-63.0
1775635263.6955657,2.0,-4.0,-62.0
1775635263.7055657,2.0,-1.0,-66.0
1775635263.7155654,0.0,-3.0,-61.0
1775635263.7255654,-2.0,0.0,-60.0
1775635263.7355654,-2.0,-4.0,-62.0
1775635263.7455654,0.0,-6.0,-64.0
1775635263.7555654,-2.0,-5.0,-61.0
1775635263.7655654,0.0,0.0,-70.0
1775635263.7755654,6.0,-2.0,-74.0
1775635263.7855654,9.0,-1.0,-77.0
1775635263.7955654,7.0,0.0,-73.0
1775635263.8055654,2.0,0.0,-73.0
1775635263.815565,2.0,0.0,-75.0
1775635263.825565,9.0,-1.0,-72.0
1775635263.835565,8.0,0.0,-69.0
1775635263.8455653,13.0,1.0,-67.0
1775635263.8555653,8.0,0.0,-70.0
1775635263.8655653,5.0,-1.0,-73.0
1775635263.8755653,5.0,-1.0,-71.0
1775635263.8855653,0.0,-7.0,-66.0
1775635263.8955653,-2.0,-6.0,-72.0
1775635263.9055655,-1.0,-9.0,-73.0
1775635263.9155655,0.0,-5.0,-79.0
1775635263.9255655,0.0,-3.0,-77.0
1775635263.9355657,5.0,-1.0,-79.0
1775635263.9465654,9.0,0.0,-81.0
1775635263.9555657,9.0,2.0,-75.0
1775635263.9665654,11.0,-2.0,-73.0
1775635263.9755654,10.0,-6.0,-71.0
1775635263.9865654,4.0,-5.0,-70.0
1775635263.996565,-4.0,0.0,-68.0
1775635264.006565,-6.0,-4.0,-69.0
1775635264.016565,-7.0,0.0,-70.0
1775635264.0255654,-5.0,0.0,-70.0
1775635264.0365653,-1.0,0.0,-66.0
1775635264.0465653,-2.0,-2.0,-69.0
1775635264.0565653,-5.0,-3.0,-66.0
1775635264.0665653,-5.0,-2.0,-62.0
1775635264.0765653,-8.0,-4.0,-60.0
1775635264.0865655,-7.0,0.0,-67.0
1775635264.0965655,-6.0,1.0,-63.0
1775635264.1065657,-9.0,0.0,-65.0
1775635264.1165657,-7.0,2.0,-68.0
1775635264.1265657,-4.0,2.0,-68.0
1775635264.1365654,-5.0,-3.0,-62.0
1775635264.1465654,-6.0,-3.0,-61.0
1775635264.1565654,-4.0,-4.0,-61.0
1775635264.1665654,-1.0,-3.0,-58.0
1775635264.1765654,-2.0,-1.0,-55.0
1775635264.1865654,-4.0,-1.0,-52.0
1775635264.1965654,1.0,-2.0,-57.0
1775635264.2065654,0.0,1.0,-62.0
1775635264.2165654,0.0,0.0,-65.0
1775635264.2265654,5.0,0.0,-70.0
1775635264.2365654,3.0,0.0,-66.0
1775635264.246565,9.0,-2.0,-69.0
1775635264.256565,6.0,-2.0,-67.0
1775635264.266565,4.0,-2.0,-67.0
1775635264.2765653,4.0,-2.0,-66.0
1775635264.2865653,5.0,0.0,-63.0
1775635264.2965653,1.0,-2.0,-68.0
1775635264.3065653,1.0,-6.0,-68.0
1775635264.3165653,6.0,-6.0,-70.0
1775635264.3265653,4.0,-4.0,-73.0
1775635264.3365655,1.0,-2.0,-71.0
1775635264.3465655,1.0,-3.0,-76.0
1775635264.3565657,4.0,-3.0,-74.0
1775635264.3665657,0.0,-5.0,-71.0
1775635264.3765657,0.0,-3.0,-74.0
1775635264.3865654,2.0,0.0,-79.0
1775635264.3965654,0.0,1.0,-83.0
1775635264.4065654,-3.0,0.0,-84.0
1775635264.4165654,-1.0,3.0,-89.0
1775635264.4265654,0.0,0.0,-92.0
1775635264.4365654,-1.0,0.0,-85.0
1775635264.4465654,-4.0,-2.0,-77.0
1775635264.4565654,-2.0,3.0,-76.0
1775635264.4665654,-7.0,-1.0,-73.0
1775635264.4765654,-1.0,-3.0,-69.0
1775635264.4865654,7.0,-6.0,-66.0
1775635264.496565,4.0,-1.0,-68.0
1775635264.506565,9.0,-1.0,-72.0
1775635264.516565,6.0,1.0,-70.0
1775635264.5265653,4.0,1.0,-70.0
1775635264.5365653,2.0,0.0,-65.0
1775635264.5465653,-2.0,-3.0,-65.0
1775635264.5565653,0.0,-2.0,-65.0
1775635264.5665653,-2.0,-4.0,-70.0
1775635264.5765653,0.0,-2.0,-79.0
1775635264.5865655,0.0,1.0,-76.0
1775635264.5965655,4.0,-4.0,-80.0
1775635264.6065657,2.0,-6.0,-73.0
1775635264.6165657,-2.0,-3.0,-68.0
1775635264.6265657,-1.0,-2.0,-66.0
1775635264.6365654,-4.0,1.0,-70.0
1775635264.6465654,-4.0,-1.0,-62.0
1775635264.6565654,-3.0,-1.0,-59.0
1775635264.6665654,-5.0,-6.0,-65.0
1775635264.6765654,-5.0,-7.0,-68.0
1775635264.6865654,-2.0,-9.0,-64.0
1775635264.6965654,-2.0,-6.0,-65.0
1775635264.7065654,-3.0,-6.0,-62.0
1775635264.7165654,-1.0,-7.0,-65.0
1775635264.7265654,1.0,-9.0,-68.0
1775635264.7365654,2.0,-7.0,-60.0
1775635264.746565,2.0,-5.0,-63.0
1775635264.756565,-1.0,-5.0,-61.0
1775635264.766565,-3.0,-5.0,-67.0
1775635264.7765653,-7.0,-2.0,-63.0
1775635264.7865653,-2.0,1.0,-61.0
1775635264.7965653,-2.0,3.0,-59.0
1775635264.8065653,0.0,3.0,-55.0
1775635264.8165653,-1.0,1.0,-57.0
1775635264.8265653,0.0,1.0,-59.0
1775635264.8365655,0.0,1.0,-56.0
1775635264.8465655,-3.0,2.0,-59.0
1775635264.8565657,-8.0,2.0,-66.0
1775635264.8665657,-5.0,-1.0,-68.0
1775635264.8765657,0.0,-2.0,-64.0
1775635264.8865654,2.0,0.0,-63.0
1775635264.8965654,2.0,-5.0,-63.0
1775635264.9065654,3.0,-4.0,-69.0
1775635264.9165654,6.0,-4.0,-67.0
1775635264.9265654,5.0,-4.0,-64.0
1775635264.9365654,6.0,-4.0,-59.0
1775635264.9465654,5.0,-4.0,-58.0
1775635264.9565654,2.0,-2.0,-61.0
1775635264.9665654,0.0,0.0,-62.0
1775635264.9765654,-2.0,0.0,-66.0
1775635264.9865654,0.0,1.0,-61.0
1775635264.996565,-1.0,3.0,-60.0
1775635265.006565,4.0,0.0,-62.0
1775635265.016565,3.0,1.0,-68.0
1775635265.0265653,5.0,2.0,-67.0
1775635265.0365653,0.0,5.0,-66.0
1775635265.0465653,0.0,6.0,-64.0
1775635265.0565653,-2.0,8.0,-65.0
1775635265.0665653,3.0,5.0,-65.0
1775635265.0765653,3.0,1.0,-66.0
1775635265.0865655,0.0,-2.0,-68.0
1775635265.0965655,0.0,-1.0,-70.0
1775635265.1065657,-2.0,0.0,-76.0
1775635265.1165657,0.0,3.0,-79.0
1775635265.1265657,-4.0,2.0,-77.0
1775635265.1365654,-9.0,3.0,-74.0
1775635265.1465654,-7.0,2.0,-72.0
1775635265.1565654,-3.0,3.0,-73.0
1775635265.1665654,-5.0,3.0,-70.0
1775635265.1765654,0.0,1.0,-65.0
1775635265.1865654,3.0,-1.0,-61.0
1775635265.1965654,4.0,-3.0,-59.0
1775635265.2065654,-2.0,-5.0,-63.0
1775635265.2165654,-5.0,-6.0,-67.0
1775635265.2265654,-9.0,-5.0,-72.0
1775635265.2365654,-8.0,-2.0,-76.0
1775635265.246565,-4.0,-6.0,-69.0
1775635265.256565,-1.0,-7.0,-60.0
1775635265.266565,-2.0,-7.0,-62.0
1775635265.2765653,-3.0,-5.0,-63.0
1775635265.2865653,-7.0,-6.0,-65.0
1775635265.2965653,-7.0,-7.0,-67.0
1775635265.3065653,0.0,-6.0,-72.0
1775635265.3165653,-2.0,-7.0,-66.0
1775635265.3265653,-1.0,-10.0,-68.0
1775635265.3365655,0.0,-13.0,-64.0
1775635265.3465655,0.0,-12.0,-63.0
1775635265.3565657,2.0,-9.0,-61.0
1775635265.3665657,6.0,-7.0,-62.0
1775635265.3765657,3.0,-6.0,-60.0
1775635265.3865654,0.0,-6.0,-63.0
1775635265.3965654,0.0,-3.0,-61.0
1775635265.4065654,-1.0,-1.0,-65.0
1775635265.4165654,-1.0,3.0,-68.0
1775635265.4265654,0.0,3.0,-72.0
1775635265.4365654,-2.0,1.0,-67.0
1775635265.4465654,-3.0,6.0,-73.0
1775635265.4565654,-6.0,2.0,-74.0
1775635265.4665654,-7.0,1.0,-72.0
1775635265.4765654,0.0,2.0,-72.0
1775635265.4865654,4.0,-1.0,-68.0
1775635265.496565,4.0,-6.0,-66.0
1775635265.506565,8.0,-6.0,-67.0
1775635265.516565,8.0,-6.0,-70.0
1775635265.5265653,7.0,-9.0,-62.0
1775635265.5365653,6.0,-9.0,-59.0
1775635265.5465653,0.0,-11.0,-59.0
1775635265.5565653,-1.0,-7.0,-68.0
1775635265.5665653,-6.0,-8.0,-71.0
1775635265.5765653,-4.0,-7.0,-72.0
1775635265.5865655,0.0,-6.0,-72.0
1775635265.5965655,-1.0,-6.0,-70.0
1775635265.6065657,-1.0,-4.0,-74.0
1775635265.6165657,1.0,0.0,-73.0
1775635265.6265657,8.0,1.0,-72.0
1775635265.6365654,7.0,2.0,-77.0
1775635265.6465654,1.0,2.0,-79.0
1775635265.6565654,0.0,0.0,-80.0
1775635265.6665654,-3.0,-2.0,-86.0
1775635265.6765654,1.0,-6.0,-75.0
1775635265.6865654,2.0,-7.0,-73.0
1775635265.6965654,0.0,-10.0,-78.0
1775635265.7065654,-1.0,-10.0,-77.0
1775635265.7165654,-5.0,-9.0,-76.0
1775635265.7265654,-7.0,-6.0,-75.0
1775635265.7365654,-8.0,-4.0,-74.0
1775635265.746565,-6.0,-2.0,-72.0
1775635265.756565,-7.0,-2.0,-65.0
1775635265.766565,-9.0,1.0,-72.0
1775635265.7765653,-7.0,1.0,-79.0
1775635265.7865653,-1.0,0.0,-78.0
1775635265.7965653,0.0,-1.0,-70.0
1775635265.8065653,0.0,-2.0,-70.0
1775635265.8165653,3.0,-1.0,-73.0
1775635265.8265653,6.0,0.0,-78.0
1775635265.8365655,5.0,-3.0,-74.0
1775635265.8465655,7.0,-2.0,-72.0
1775635265.8565657,5.0,-2.0,-76.0
1775635265.8665657,4.0,-3.0,-77.0
1775635265.8765657,7.0,-2.0,-68.0
1775635265.8865654,8.0,1.0,-66.0
1775635265.8965654,6.0,1.0,-68.0
1775635265.9065654,7.0,1.0,-64.0
1775635265.9165654,5.0,-1.0,-65.0
1775635265.9265654,1.0,-2.0,-64.0
1775635265.9365654,-1.0,-2.0,-68.0
1775635265.9465654,0.0,0.0,-63.0
1775635265.9565654,-5.0,1.0,-67.0
1775635265.9665654,-2.0,0.0,-70.0
1775635265.9765654,-1.0,-1.0,-76.0
1775635265.9865654,3.0,-2.0,-72.0
1775635265.996565,0.0,0.0,-70.0
1775635266.006565,-4.0,0.0,-77.0
1775635266.016565,-8.0,-1.0,-74.0
1775635266.0265653,-9.0,-3.0,-72.0
1775635266.0365653,-7.0,-4.0,-68.0
1775635266.0465653,-8.0,-8.0,-67.0
1775635266.0565653,0.0,-8.0,-68.0
1775635266.0665653,2.0,-8.0,-59.0
1775635266.0765653,1.0,-8.0,-66.0
1775635266.0865655,-4.0,-7.0,-62.0
1775635266.0965655,-5.0,-4.0,-67.0
1775635266.1065657,-4.0,-5.0,-71.0
1775635266.1165657,-4.0,-2.0,-63.0
1775635266.1265657,-2.0,-1.0,-63.0
1775635266.1365654,-2.0,-1.0,-60.0
1775635266.1465654,-3.0,-2.0,-56.0
1775635266.1565654,-3.0,-4.0,-59.0
1775635266.1665654,0.0,2.0,-63.0
1775635266.1765654,0.0,5.0,-63.0
1775635266.1865654,4.0,0.0,-68.0
1775635266.1965654,2.0,-3.0,-60.0
1775635266.2065654,1.0,1.0,-63.0
1775635266.2165654,0.0,0.0,-60.0
1775635266.2265654,-4.0,-3.0,-67.0
1775635266.2365654,-4.0,-8.0,-63.0
1775635266.246565,-4.0,-10.0,-63.0
1775635266.256565,-2.0,-12.0,-61.0
1775635266.266565,-4.0,-10.0,-61.0
1775635266.2765653,-3.0,-6.0,-61.0
1775635266.2875657,-8.0,-6.0,-67.0
1775635266.2975657,-8.0,-9.0,-71.0
1775635266.3075657,-9.0,-4.0,-70.0
1775635266.3175654,-2.0,-1.0,-67.0
1775635266.3265653,-2.0,1.0,-66.0
1775635266.3375654,-6.0,3.0,-71.0
1775635266.3475654,-7.0,3.0,-80.0
1775635266.3575654,-10.0,4.0,-82.0
1775635266.3675654,-4.0,-1.0,-85.0
1775635266.3775654,-7.0,-4.0,-80.0
1775635266.3875654,-6.0,1.0,-77.0
1775635266.3975654,-7.0,0.0,-79.0
1775635266.4075654,-5.0,-2.0,-77.0
1775635266.417565,-6.0,-4.0,-73.0
1775635266.427565,-1.0,-2.0,-70.0
1775635266.437565,-1.0,-4.0,-71.0
1775635266.4475653,-3.0,-4.0,-66.0
1775635266.4575653,0.0,-6.0,-66.0
1775635266.4675653,-3.0,-6.0,-66.0
1775635266.4775653,-5.0,-5.0,-68.0
1775635266.4875653,-5.0,-3.0,-63.0
1775635266.4975653,-3.0,0.0,-65.0
1775635266.5075655,-3.0,0.0,-64.0
1775635266.5175655,1.0,0.0,-65.0
1775635266.5275657,6.0,1.0,-69.0
1775635266.5375657,9.0,1.0,-73.0
1775635266.5475657,6.0,4.0,-76.0
1775635266.5575657,7.0,3.0,-75.0
1775635266.5675654,2.0,-3.0,-70.0
1775635266.5775654,5.0,-5.0,-65.0
1775635266.5875654,1.0,-3.0,-65.0
1775635266.5975654,-3.0,-2.0,-62.0
1775635266.6075654,-6.0,0.0,-57.0
1775635266.6175654,0.0,0.0,-65.0
1775635266.6275654,-5.0,-2.0,-62.0
1775635266.6375654,-8.0,-1.0,-67.0
1775635266.6475654,-9.0,-3.0,-67.0
1775635266.6575654,-9.0,-4.0,-68.0
1775635266.667565,-3.0,-4.0,-69.0
1775635266.677565,-2.0,-4.0,-71.0
1775635266.687565,0.0,1.0,-66.0
1775635266.6975653,-1.0,0.0,-63.0
1775635266.7075653,1.0,-2.0,-59.0
1775635266.7175653,3.0,-7.0,-59.0
1775635266.7275653,1.0,-4.0,-69.0
1775635266.7375653,1.0,-1.0,-73.0
1775635266.7475653,-1.0,0.0,-73.0
1775635266.7575655,0.0,-2.0,-74.0
1775635266.7675655,-3.0,-3.0,-76.0
1775635266.7775657,-5.0,-3.0,-74.0
1775635266.7875657,-6.0,-2.0,-77.0
1775635266.7975657,-8.0,-2.0,-71.0
1775635266.8075657,-2.0,-5.0,-65.0
1775635266.8175654,-5.0,-2.0,-68.0
1775635266.8275654,-1.0,-1.0,-73.0
1775635266.8375654,-3.0,0.0,-69.0
1775635266.8475654,-5.0,0.0,-65.0
1775635266.8575654,-3.0,0.0,-64.0
1775635266.8675654,-1.0,-1.0,-64.0
1775635266.8775654,3.0,-1.0,-61.0
1775635266.8875654,2.0,-2.0,-64.0
1775635266.8975654,0.0,-1.0,-66.0
1775635266.9075654,7.0,-1.0,-63.0
1775635266.917565,8.0,-3.0,-58.0
1775635266.927565,5.0,-3.0,-56.0
1775635266.937565,3.0,0.0,-64.0
1775635266.9475653,-1.0,-3.0,-60.0
1775635266.9575653,-3.0,-2.0,-63.0
1775635266.9675653,2.0,0.0,-72.0
1775635266.9775653,2.0,0.0,-76.0
1775635266.9875653,2.0,0.0,-72.0
1775635266.9975653,0.0,-2.0,-67.0
1775635267.0075655,-2.0,-2.0,-64.0
1775635267.0175655,-1.0,-3.0,-70.0
1775635267.0275657,-4.0,0.0,-68.0
1775635267.0375657,-5.0,2.0,-62.0
1775635267.0475657,-5.0,3.0,-66.0
1775635267.0575657,-10.0,1.0,-68.0
1775635267.0675654,-7.0,3.0,-64.0
1775635267.0775654,-7.0,4.0,-67.0
1775635267.0875654,-7.0,6.0,-72.0
1775635267.0975654,-8.0,2.0,-73.0
1775635267.1075654,-9.0,0.0,-72.0
1775635267.1175654,-11.0,4.0,-70.0
1775635267.1275654,-11.0,3.0,-67.0
1775635267.1375654,-12.0,0.0,-69.0
1775635267.1475654,-10.0,-3.0,-70.0
1775635267.1575654,-7.0,0.0,-72.0
1775635267.167565,-7.0,1.0,-71.0
1775635267.177565,-5.0,-1.0,-66.0
1775635267.187565,-4.0,-1.0,-69.0
1775635267.1975653,-7.0,0.0,-70.0
1775635267.2075653,-6.0,0.0,-70.0
1775635267.2175653,-7.0,-1.0,-67.0
1775635267.2275653,-5.0,0.0,-68.0
1775635267.2375653,-3.0,2.0,-69.0
1775635267.2475653,-4.0,-3.0,-61.0
1775635267.2575655,-5.0,2.0,-61.0
1775635267.2675655,-3.0,4.0,-66.0
1775635267.2775657,-2.0,2.0,-65.0
1775635267.2875657,0.0,0.0,-60.0
1775635267.2975657,0.0,-1.0,-61.0
1775635267.3075657,-2.0,-2.0,-61.0
1775635267.3175654,-1.0,-3.0,-61.0
1775635267.3275654,0.0,-3.0,-60.0
1775635267.3375654,-1.0,-4.0,-57.0
1775635267.3475654,0.0,-3.0,-62.0
1775635267.3575654,0.0,-5.0,-57.0
1775635267.3675654,-4.0,-2.0,-61.0
1775635267.3775654,0.0,-3.0,-66.0
1775635267.3875654,0.0,-8.0,-71.0
1775635267.3975654,0.0,-9.0,-73.0
1775635267.4075654,1.0,-5.0,-78.0
1775635267.417565,4.0,-1.0,-74.0
1775635267.427565,7.0,-1.0,-72.0
1775635267.437565,1.0,-2.0,-76.0
1775635267.4475653,0.0,0.0,-79.0
1775635267.4575653,5.0,0.0,-76.0
1775635267.4675653,0.0,0.0,-76.0
1775635267.4775653,-2.0,1.0,-81.0
1775635267.4875653,-3.0,1.0,-69.0
1775635267.4975653,-6.0,4.0,-69.0
1775635267.5075655,-4.0,-5.0,-64.0
1775635267.5175655,0.0,-7.0,-65.0
1775635267.5275657,0.0,-6.0,-63.0
1775635267.5375657,-3.0,-3.0,-61.0
1775635267.5475657,-7.0,-3.0,-62.0
1775635267.5575657,-6.0,-3.0,-58.0
1775635267.5675654,-3.0,-3.0,-60.0
1775635267.5775654,-5.0,-2.0,-62.0
1775635267.5875654,-6.0,-5.0,-58.0
1775635267.5975654,-1.0,-7.0,-58.0
1775635267.6075654,-3.0,-3.0,-59.0
1775635267.6175654,-4.0,0.0,-61.0
1775635267.6275654,-7.0,-2.0,-55.0
1775635267.6375654,-7.0,-2.0,-54.0
1775635267.6475654,-3.0,0.0,-60.0
1775635267.6575654,-2.0,-3.0,-66.0
1775635267.667565,-5.0,-2.0,-75.0
1775635267.677565,-1.0,0.0,-70.0
1775635267.687565,-2.0,1.0,-70.0
1775635267.6975653,0.0,1.0,-72.0
1775635267.7075653,-3.0,0.0,-68.0
1775635267.7175653,-6.0,0.0,-75.0
1775635267.7275653,-8.0,-3.0,-77.0
1775635267.7375653,-7.0,0.0,-76.0
1775635267.7475653,0.0,-4.0,-77.0
1775635267.7575655,2.0,-2.0,-74.0
1775635267.7675655,2.0,-5.0,-75.0
1775635267.7775657,0.0,-4.0,-72.0
1775635267.7875657,4.0,-5.0,-68.0
1775635267.7975657,1.0,-2.0,-65.0
1775635267.8075657,2.0,-2.0,-63.0
1775635267.8175654,0.0,-2.0,-64.0
1775635267.8275654,-3.0,-3.0,-60.0
1775635267.8375654,-3.0,0.0,-55.0
1775635267.8475654,-7.0,0.0,-60.0
1775635267.8575654,-8.0,-1.0,-64.0
1775635267.8675654,-6.0,-3.0,-69.0
1775635267.8775654,-2.0,-7.0,-65.0
1775635267.8875654,-2.0,-5.0,-61.0
1775635267.8975654,-3.0,-6.0,-59.0
1775635267.9075654,-4.0,-7.0,-64.0
1775635267.917565,-3.0,-3.0,-65.0
1775635267.927565,-1.0,-6.0,-63.0
1775635267.937565,-1.0,-7.0,-59.0
1775635267.9475653,2.0,-6.0,-63.0
1775635267.9575653,0.0,-5.0,-66.0
1775635267.9675653,-3.0,-6.0,-76.0
1775635267.9775653,-2.0,-3.0,-78.0
1775635267.9875653,2.0,0.0,-74.0
1775635267.9975653,1.0,-2.0,-69.0
1775635268.0075655,1.0,-3.0,-68.0
1775635268.0175655,5.0,-2.0,-69.0
1775635268.0275657,5.0,-5.0,-68.0
1775635268.0375657,5.0,-5.0,-68.0
1775635268.0475657,5.0,-8.0,-71.0
1775635268.0575657,9.0,-7.0,-79.0
1775635268.0675654,9.0,-6.0,-74.0
1775635268.0775654,8.0,-5.0,-75.0
1775635268.0875654,3.0,0.0,-78.0
1775635268.0975654,5.0,2.0,-74.0
1775635268.1075654,7.0,0.0,-77.0
1775635268.1175654,7.0,0.0,-77.0
1775635268.1275654,6.0,2.0,-73.0
1775635268.1375654,2.0,2.0,-74.0
1775635268.1475654,4.0,0.0,-73.0
1775635268.1575654,6.0,2.0,-75.0
1775635268.167565,4.0,3.0,-79.0
1775635268.177565,2.0,2.0,-70.0
1775635268.187565,4.0,-3.0,-70.0
1775635268.1975653,0.0,-1.0,-65.0
1775635268.2075653,0.0,-2.0,-59.0
1775635268.2175653,-3.0,-2.0,-60.0
1775635268.2275653,-8.0,0.0,-63.0
1775635268.2375653,-7.0,-6.0,-58.0
1775635268.2475653,-4.0,-7.0,-59.0
1775635268.2575655,-2.0,-5.0,-56.0
1775635268.2675655,-4.0,-5.0,-55.0
1775635268.2775657,-1.0,-5.0,-60.0
1775635268.2875657,1.0,-2.0,-61.0
1775635268.2975657,1.0,-3.0,-63.0
1775635268.3075657,1.0,-7.0,-63.0
1775635268.3175654,4.0,-7.0,-67.0
1775635268.3275654,2.0,-6.0,-64.0
1775635268.3375654,0.0,-3.0,-58.0
1775635268.3475654,0.0,-2.0,-66.0
1775635268.3575654,-1.0,-1.0,-71.0
1775635268.3675654,-1.0,0.0,-78.0
1775635268.3775654,0.0,0.0,-76.0
1775635268.3875654,-7.0,-4.0,-70.0
1775635268.3975654,-6.0,-3.0,-72.0
1775635268.4075654,-7.0,0.0,-73.0
1775635268.417565,-10.0,-4.0,-71.0
1775635268.427565,-9.0,-2.0,-69.0
1775635268.437565,-8.0,0.0,-71.0
1775635268.4475653,-10.0,-4.0,-79.0
1775635268.4575653,-7.0,0.0,-80.0
1775635268.4675653,0.0,-1.0,-84.0
1775635268.4775653,6.0,-1.0,-79.0
1775635268.4875653,3.0,0.0,-77.0
1775635268.4975653,4.0,3.0,-76.0
1775635268.5075655,2.0,4.0,-79.0
1775635268.5175655,-1.0,6.0,-70.0
1775635268.5275657,0.0,3.0,-74.0
1775635268.5375657,-2.0,1.0,-77.0
1775635268.5475657,-2.0,2.0,-78.0
1775635268.5575657,-3.0,1.0,-74.0
1775635268.5675654,-2.0,2.0,-69.0
1775635268.5775654,1.0,2.0,-71.0
1775635268.5875654,2.0,3.0,-72.0
1775635268.5975654,0.0,-2.0,-71.0
1775635268.6075654,0.0,-3.0,-76.0
1775635268.618565,0.0,-1.0,-79.0
1775635268.6275654,0.0,-1.0,-82.0
1775635268.6385653,4.0,0.0,-79.0
1775635268.6485653,2.0,0.0,-78.0
1775635268.6585653,6.0,-6.0,-74.0
1775635268.6685653,6.0,-3.0,-74.0
1775635268.6785655,1.0,0.0,-66.0
1775635268.6885655,0.0,-1.0,-60.0
1775635268.6985655,0.0,-3.0,-59.0
1775635268.7085657,3.0,-5.0,-61.0
1775635268.7185657,1.0,-4.0,-64.0
1775635268.7285657,0.0,-2.0,-70.0
1775635268.7385654,3.0,0.0,-75.0
1775635268.7485654,8.0,1.0,-69.0
1775635268.7585654,8.0,-2.0,-70.0
1775635268.7685654,3.0,-4.0,-69.0
1775635268.7785654,4.0,-4.0,-68.0
1775635268.7885654,0.0,-8.0,-75.0
1775635268.7985654,0.0,-5.0,-76.0
1775635268.8085654,6.0,-2.0,-80.0
1775635268.8185654,7.0,0.0,-74.0
1775635268.8285654,5.0,1.0,-70.0
1775635268.838565,1.0,4.0,-63.0
1775635268.848565,-2.0,0.0,-70.0
1775635268.858565,0.0,0.0,-67.0
1775635268.868565,0.0,-3.0,-67.0
1775635268.8785653,-5.0,-3.0,-74.0
1775635268.8885653,-5.0,-5.0,-79.0
1775635268.8985653,-3.0,-7.0,-77.0
1775635268.9085653,0.0,-6.0,-70.0
1775635268.9185653,2.0,-6.0,-67.0
1775635268.9285655,-1.0,-3.0,-62.0
1775635268.9385655,-4.0,-4.0,-64.0
1775635268.9485655,-1.0,-6.0,-64.0
1775635268.9585657,-3.0,-6.0,-72.0
1775635268.9685657,-5.0,-4.0,-76.0
1775635268.9785657,-3.0,-3.0,-65.0
1775635268.9885654,-5.0,-2.0,-67.0
1775635268.9985654,-1.0,-2.0,-73.0
1775635269.0085654,2.0,-2.0,-71.0
1775635269.0185654,0.0,-6.0,-66.0
1775635269.0285654,3.0,-1.0,-60.0
1775635269.0385654,7.0,0.0,-53.0
1775635269.0485654,5.0,-2.0,-56.0
1775635269.0585654,5.0,-6.0,-58.0
1775635269.0685654,3.0,-6.0,-63.0
1775635269.0785654,0.0,-2.0,-61.0
1775635269.088565,0.0,5.0,-60.0
1775635269.098565,-1.0,4.0,-65.0
1775635269.108565,-2.0,3.0,-66.0
1775635269.118565,-4.0,-1.0,-59.0
1775635269.1285653,-4.0,-1.0,-59.0
1775635269.1385653,-3.0,-2.0,-59.0
1775635269.1485653,0.0,-3.0,-61.0
1775635269.1585653,0.0,-1.0,-71.0
1775635269.1685653,-1.0,-6.0,-64.0
1775635269.1785655,-6.0,-9.0,-62.0
1775635269.1885655,-10.0,-7.0,-64.0
1775635269.1985655,-10.0,-5.0,-67.0
1775635269.2085657,-12.0,-4.0,-73.0
1775635269.2185657,-12.0,-4.0,-75.0
1775635269.2285657,-7.0,-4.0,-76.0
1775635269.2385654,-10.0,-4.0,-70.0
1775635269.2485654,-11.0,-2.0,-61.0
1775635269.2585654,-9.0,0.0,-58.0
1775635269.2685654,-4.0,3.0,-59.0
1775635269.2785654,0.0,0.0,-71.0
1775635269.2885654,0.0,-1.0,-68.0
1775635269.2985654,-4.0,-1.0,-65.0
1775635269.3085654,-4.0,1.0,-64.0
1775635269.3185654,-3.0,-1.0,-62.0
1775635269.3285654,-4.0,-1.0,-67.0
1775635269.338565,-4.0,-2.0,-71.0
1775635269.348565,-3.0,-4.0,-73.0
1775635269.358565,-8.0,0.0,-71.0
1775635269.368565,-11.0,0.0,-65.0
1775635269.3785653,-12.0,1.0,-65.0
1775635269.3885653,-13.0,4.0,-67.0
1775635269.3985653,-12.0,2.0,-74.0
1775635269.4085653,-8.0,-1.0,-68.0
1775635269.4185653,-9.0,-7.0,-63.0
1775635269.4285655,-8.0,-11.0,-66.0
1775635269.4385655,-9.0,-8.0,-67.0
1775635269.4485655,-5.0,-7.0,-71.0
1775635269.4585657,-6.0,-5.0,-73.0
1775635269.4685657,-3.0,-6.0,-80.0
1775635269.4785657,-4.0,-6.0,-72.0
1775635269.4885654,-6.0,-5.0,-75.0
1775635269.4985654,-2.0,0.0,-77.0
1775635269.5085654,-2.0,0.0,-84.0
1775635269.5185654,-4.0,-1.0,-84.0
1775635269.5285654,-4.0,0.0,-77.0
1775635269.5385654,-3.0,-3.0,-69.0
1775635269.5485654,-2.0,-6.0,-68.0
1775635269.5585654,-6.0,-7.0,-67.0
1775635269.5685654,0.0,-6.0,-69.0
1775635269.5785654,0.0,-8.0,-67.0
1775635269.588565,-4.0,-12.0,-65.0
1775635269.598565,-5.0,-8.0,-64.0
1775635269.608565,1.0,-2.0,-67.0
1775635269.618565,4.0,1.0,-64.0
1775635269.6285653,3.0,0.0,-59.0
1775635269.6385653,-3.0,1.0,-61.0
1775635269.6485653,-4.0,1.0,-62.0
1775635269.6585653,-3.0,-1.0,-60.0
1775635269.6685653,-1.0,0.0,-62.0
1775635269.6785655,0.0,0.0,-66.0
1775635269.6885655,3.0,1.0,-61.0
1775635269.6985655,5.0,1.0,-60.0
1775635269.7085657,2.0,2.0,-62.0
1775635269.7185657,3.0,0.0,-56.0
1775635269.7285657,2.0,-1.0,-58.0
1775635269.7385654,4.0,-1.0,-58.0
1775635269.7485654,4.0,1.0,-55.0
1775635269.7585654,1.0,0.0,-57.0
1775635269.7685654,0.0,-2.0,-57.0
1775635269.7785654,-1.0,-3.0,-58.0
1775635269.7885654,1.0,-4.0,-61.0
1775635269.7985654,3.0,-1.0,-65.0
1775635269.8085654,5.0,-3.0,-67.0
1775635269.8185654,4.0,-4.0,-70.0
1775635269.8285654,6.0,-3.0,-71.0
1775635269.838565,8.0,-1.0,-68.0
1775635269.848565,7.0,1.0,-74.0
1775635269.858565,5.0,0.0,-69.0
1775635269.868565,-1.0,-2.0,-68.0
1775635269.8785653,-3.0,-2.0,-68.0
1775635269.8885653,-5.0,0.0,-68.0
1775635269.8985653,-1.0,0.0,-63.0
1775635269.9085653,-2.0,1.0,-59.0
1775635269.9185653,5.0,4.0,-56.0
1775635269.9285655,4.0,2.0,-54.0
1775635269.9385655,2.0,0.0,-49.0
1775635269.9485655,2.0,-3.0,-56.0
1775635269.9585657,2.0,-5.0,-60.0
1775635269.9685657,10.0,-7.0,-66.0
1775635269.9785657,9.0,-5.0,-68.0
1775635269.9885654,9.0,-4.0,-63.0
1775635269.9985654,10.0,-2.0,-61.0
1775635270.0085654,8.0,-1.0,-61.0
1775635270.0185654,4.0,0.0,-68.0
1775635270.0285654,6.0,4.0,-66.0
1775635270.0385654,4.0,5.0,-65.0
1775635270.0485654,2.0,0.0,-65.0
1775635270.0585654,6.0,5.0,-63.0
1775635270.0685654,7.0,8.0,-63.0
1775635270.0785654,6.0,8.0,-59.0
1775635270.088565,4.0,4.0,-58.0
1775635270.098565,3.0,1.0,-57.0
1775635270.108565,-2.0,0.0,-58.0
1775635270.118565,-2.0,-3.0,-49.0
1775635270.1285653,-2.0,-1.0,-48.0
1775635270.1385653,0.0,-3.0,-55.0
1775635270.1485653,-3.0,-2.0,-65.0
1775635270.1585653,-7.0,-4.0,-70.0
1775635270.1685653,-8.0,1.0,-64.0
1775635270.1785655,-6.0,1.0,-68.0
1775635270.1885655,-1.0,-2.0,-76.0
1775635270.1985655,-3.0,0.0,-70.0
1775635270.2085657,-3.0,0.0,-70.0
1775635270.2185657,-4.0,2.0,-71.0
1775635270.2285657,-6.0,3.0,-72.0
1775635270.2385654,-4.0,0.0,-67.0
1775635270.2485654,-3.0,0.0,-62.0
1775635270.2585654,-2.0,0.0,-58.0
1775635270.2685654,-4.0,0.0,-58.0
1775635270.2785654,0.0,0.0,-64.0
1775635270.2885654,0.0,-1.0,-67.0
1775635270.2985654,0.0,-2.0,-72.0
1775635270.3085654,-2.0,-3.0,-75.0
1775635270.3185654,-2.0,0.0,-69.0
1775635270.3285654,0.0,3.0,-72.0
1775635270.338565,-4.0,2.0,-75.0
1775635270.348565,-2.0,-1.0,-74.0
1775635270.358565,1.0,-4.0,-71.0
1775635270.368565,3.0,-3.0,-70.0
1775635270.3785653,2.0,-1.0,-77.0
1775635270.3885653,1.0,1.0,-75.0
1775635270.3985653,0.0,5.0,-68.0
1775635270.4085653,1.0,8.0,-59.0
1775635270.4185653,2.0,9.0,-58.0
1775635270.4285655,0.0,7.0,-65.0
1775635270.4385655,-1.0,6.0,-72.0
1775635270.4485655,-2.0,6.0,-78.0
1775635270.4585657,-1.0,4.0,-71.0
1775635270.4685657,-5.0,2.0,-74.0
1775635270.4785657,-2.0,1.0,-66.0
1775635270.4885654,0.0,-3.0,-67.0
1775635270.4985654,3.0,-1.0,-69.0
1775635270.5085654,4.0,0.0,-68.0
1775635270.5185654,0.0,-1.0,-72.0
1775635270.5285654,-3.0,-1.0,-80.0
1775635270.5385654,-3.0,0.0,-81.0
1775635270.5485654,-2.0,-3.0,-75.0
1775635270.5585654,0.0,-3.0,-70.0
1775635270.5685654,0.0,-1.0,-71.0
1775635270.5785654,-1.0,-2.0,-74.0
1775635270.588565,3.0,-4.0,-69.0
1775635270.598565,4.0,-2.0,-66.0
1775635270.608565,0.0,0.0,-66.0
1775635270.618565,-1.0,1.0,-66.0
1775635270.6285653,-4.0,-1.0,-60.0
1775635270.6385653,-1.0,-7.0,-66.0
1775635270.6485653,-5.0,-8.0,-64.0
1775635270.6585653,-4.0,-9.0,-66.0
1775635270.6685653,0.0,-3.0,-66.0
1775635270.6785655,0.0,2.0,-69.0
1775635270.6885655,0.0,1.0,-62.0
1775635270.6985655,-3.0,-1.0,-70.0
1775635270.7085657,-2.0,-3.0,-76.0
1775635270.7185657,-3.0,-2.0,-77.0
1775635270.7285657,-2.0,-1.0,-72.0
1775635270.7385654,0.0,0.0,-66.0
1775635270.7485654,-4.0,0.0,-66.0
1775635270.7585654,-1.0,5.0,-72.0
1775635270.7685654,0.0,6.0,-68.0
1775635270.7785654,0.0,9.0,-65.0
1775635270.7885654,0.0,7.0,-72.0
1775635270.7985654,0.0,7.0,-65.0
1775635270.8085654,-2.0,4.0,-66.0
1775635270.8185654,-8.0,2.0,-67.0
1775635270.8285654,-4.0,1.0,-69.0
1775635270.838565,-5.0,2.0,-63.0
1775635270.848565,-2.0,0.0,-63.0
1775635270.858565,-3.0,1.0,-71.0
1775635270.868565,-2.0,2.0,-73.0
1775635270.8785653,-3.0,6.0,-71.0
1775635270.8885653,0.0,4.0,-70.0
1775635270.8985653,2.0,4.0,-72.0
1775635270.9085653,-1.0,4.0,-73.0
1775635270.9185653,-2.0,4.0,-76.0
1775635270.9285655,0.0,0.0,-75.0
1775635270.9395654,1.0,-1.0,-67.0
1775635270.9495654,-1.0,-1.0,-64.0
1775635270.9585657,-1.0,0.0,-63.0
1775635270.9695654,1.0,0.0,-66.0
1775635270.9795654,1.0,1.0,-65.0
1775635270.9895654,3.0,-1.0,-66.0
1775635270.9995654,1.0,0.0,-61.0
1775635271.0095654,-1.0,0.0,-59.0
1775635271.019565,0.0,0.0,-56.0
1775635271.029565,0.0,-3.0,-60.0
1775635271.039565,-1.0,-2.0,-65.0
1775635271.0495653,-2.0,0.0,-59.0
1775635271.0595653,-7.0,3.0,-59.0
1775635271.0695653,-6.0,1.0,-62.0
1775635271.0795653,-5.0,-2.0,-68.0
1775635271.0895653,1.0,-3.0,-69.0
1775635271.0995653,-4.0,-1.0,-66.0
1775635271.1095655,-2.0,0.0,-73.0
1775635271.1195655,-2.0,3.0,-73.0
1775635271.1295657,0.0,1.0,-75.0
1775635271.1395657,-3.0,-3.0,-74.0
1775635271.1495657,-3.0,-4.0,-74.0
1775635271.1595654,-6.0,-3.0,-74.0
1775635271.1695654,-6.0,-2.0,-80.0
1775635271.1795654,-4.0,-3.0,-84.0
1775635271.1895654,1.0,-4.0,-84.0
1775635271.1995654,-1.0,-9.0,-80.0
1775635271.2095654,-2.0,-9.0,-79.0
1775635271.2195654,-2.0,-6.0,-78.0
1775635271.2295654,-1.0,-4.0,-77.0
1775635271.2395654,-5.0,0.0,-79.0
1775635271.2495654,-2.0,4.0,-82.0
1775635271.2595654,-2.0,5.0,-76.0
1775635271.269565,-3.0,1.0,-77.0
1775635271.279565,-2.0,-2.0,-67.0
1775635271.289565,0.0,-3.0,-63.0
1775635271.2995653,3.0,-3.0,-61.0
1775635271.3095653,1.0,0.0,-62.0
1775635271.3195653,0.0,-4.0,-60.0
1775635271.3295653,3.0,-2.0,-62.0
1775635271.3395653,-2.0,-1.0,-57.0
1775635271.3495653,-5.0,0.0,-55.0
1775635271.3595655,-6.0,-2.0,-57.0
1775635271.3695655,-4.0,-1.0,-58.0
1775635271.3795657,0.0,-2.0,-59.0
1775635271.3895657,3.0,0.0,-58.0
1775635271.3995657,3.0,-1.0,-54.0
1775635271.4095654,1.0,-3.0,-62.0
1775635271.4195654,1.0,-1.0,-67.0
1775635271.4295654,1.0,0.0,-67.0
1775635271.4395654,3.0,0.0,-60.0
1775635271.4495654,3.0,-3.0,-54.0
1775635271.4595654,3.0,-1.0,-55.0
1775635271.4695654,0.0,-3.0,-65.0
1775635271.4795654,-1.0,-4.0,-61.0
1775635271.4895654,0.0,-3.0,-71.0
1775635271.4995654,1.0,-4.0,-72.0
1775635271.5095654,1.0,-2.0,-66.0
1775635271.519565,-2.0,-2.0,-63.0
1775635271.529565,-3.0,-1.0,-69.0
1775635271.539565,1.0,-2.0,-73.0
1775635271.5495653,3.0,4.0,-71.0
1775635271.5595653,1.0,8.0,-73.0
1775635271.5695653,-1.0,10.0,-75.0
1775635271.5795653,-1.0,10.0,-75.0
1775635271.5895653,-2.0,7.0,-74.0
1775635271.5995653,-1.0,8.0,-75.0
1775635271.6095655,-2.0,7.0,-71.0
1775635271.6195655,1.0,6.0,-74.0
1775635271.6295657,3.0,7.0,-74.0
1775635271.6395657,7.0,4.0,-81.0
1775635271.6495657,10.0,1.0,-77.0
1775635271.6595654,14.0,-2.0,-77.0
1775635271.6695654,16.0,-4.0,-78.0
1775635271.6795654,18.0,-6.0,-76.0
1775635271.6895654,15.0,-2.0,-67.0
1775635271.6995654,14.0,1.0,-64.0
1775635271.7095654,11.0,1.0,-58.0
1775635271.7195654,3.0,0.0,-56.0
1775635271.7295654,7.0,-2.0,-56.0
1775635271.7395654,6.0,0.0,-64.0
1775635271.7495654,1.0,0.0,-66.0
1775635271.7595654,0.0,-1.0,-59.0
1775635271.769565,-1.0,-2.0,-57.0
1775635271.779565,0.0,0.0,-59.0
1775635271.789565,-5.0,-3.0,-60.0
1775635271.7995653,-6.0,-10.0,-60.0
1775635271.8095653,-4.0,-9.0,-59.0
1775635271.8195653,-2.0,-6.0,-66.0
1775635271.8295653,-4.0,-3.0,-66.0
1775635271.8395653,-1.0,-2.0,-60.0
1775635271.8495653,-2.0,0.0,-60.0
1775635271.8595655,0.0,-3.0,-60.0
1775635271.8695655,0.0,0.0,-55.0
1775635271.8795657,2.0,0.0,-57.0
1775635271.8895657,0.0,-6.0,-60.0
1775635271.8995657,-5.0,-5.0,-64.0
1775635271.9095654,-5.0,-5.0,-60.0
1775635271.9195654,-2.0,-4.0,-59.0
1775635271.9295654,1.0,-5.0,-65.0
1775635271.9395654,4.0,-1.0,-66.0
1775635271.9495654,7.0,0.0,-66.0
1775635271.9595654,0.0,0.0,-62.0
1775635271.9695654,3.0,-1.0,-61.0
1775635271.9795654,2.0,-1.0,-57.0
1775635271.9895654,1.0,-3.0,-58.0
1775635271.9995654,3.0,-4.0,-60.0
1775635272.0095654,4.0,-8.0,-62.0
1775635272.019565,4.0,0.0,-69.0
1775635272.029565,0.0,1.0,-66.0
1775635272.039565,-8.0,3.0,-66.0
1775635272.0495653,-7.0,0.0,-65.0
1775635272.0595653,-8.0,0.0,-61.0
1775635272.0695653,-7.0,0.0,-63.0
1775635272.0795653,-8.0,-4.0,-60.0
1775635272.0895653,0.0,-5.0,-63.0
1775635272.0995653,-1.0,-6.0,-70.0
1775635272.1095655,-3.0,-6.0,-73.0
1775635272.1195655,-3.0,-2.0,-76.0
1775635272.1295657,-7.0,0.0,-73.0
1775635272.1395657,-8.0,1.0,-68.0
1775635272.1495657,-10.0,1.0,-64.0
1775635272.1595654,-17.0,-1.0,-72.0
1775635272.1695654,-17.0,0.0,-70.0
1775635272.1795654,-10.0,-4.0,-65.0
1775635272.1895654,-5.0,-7.0,-65.0
1775635272.1995654,-4.0,-7.0,-67.0
1775635272.2095654,-5.0,-5.0,-62.0
1775635272.2195654,-3.0,-5.0,-64.0
1775635272.2295654,-5.0,-5.0,-63.0
1775635272.2395654,-6.0,-3.0,-64.0
1775635272.2495654,-7.0,-4.0,-63.0
1775635272.2595654,-6.0,-4.0,-62.0
1775635272.269565,-8.0,-5.0,-60.0
1775635272.279565,-4.0,-5.0,-59.0
1775635272.289565,0.0,-5.0,-66.0
1775635272.2995653,3.0,-8.0,-73.0
1775635272.3095653,3.0,-7.0,-73.0
1775635272.3195653,0.0,-5.0,-70.0
1775635272.3295653,-1.0,0.0,-72.0
1775635272.3395653,2.0,0.0,-71.0
1775635272.3495653,4.0,3.0,-74.0
1775635272.3595655,3.0,1.0,-75.0
1775635272.3695655,4.0,1.0,-80.0
1775635272.3795657,0.0,4.0,-77.0
1775635272.3895657,0.0,0.0,-75.0
1775635272.3995657,-1.0,0.0,-79.0
1775635272.4095654,1.0,-3.0,-79.0
1775635272.4195654,0.0,-4.0,-71.0
1775635272.4295654,0.0,-7.0,-68.0
1775635272.4395654,0.0,-2.0,-69.0
1775635272.4495654,0.0,0.0,-61.0
1775635272.4595654,-2.0,-3.0,-63.0
1775635272.4695654,1.0,-3.0,-63.0
1775635272.4795654,2.0,0.0,-63.0
1775635272.4895654,5.0,-1.0,-62.0
1775635272.4995654,8.0,-5.0,-65.0
1775635272.5095654,9.0,-7.0,-69.0
1775635272.519565,9.0,-6.0,-70.0
1775635272.529565,9.0,-8.0,-71.0
1775635272.539565,4.0,-5.0,-73.0
1775635272.5495653,4.0,-1.0,-77.0
1775635272.5595653,2.0,0.0,-83.0
1775635272.5695653,0.0,-2.0,-77.0
1775635272.5795653,1.0,0.0,-78.0
1775635272.5895653,1.0,-3.0,-75.0
1775635272.5995653,1.0,-2.0,-71.0
1775635272.6095655,3.0,1.0,-70.0
1775635272.6195655,3.0,-2.0,-71.0
1775635272.6295657,2.0,-3.0,-62.0
1775635272.6395657,0.0,-5.0,-63.0
1775635272.6495657,1.0,-5.0,-69.0
1775635272.6595654,-3.0,-1.0,-69.0
1775635272.6695654,-3.0,2.0,-69.0
1775635272.6795654,-8.0,4.0,-61.0
1775635272.6895654,-4.0,0.0,-70.0
1775635272.6995654,-1.0,-2.0,-65.0
1775635272.7095654,0.0,-1.0,-62.0
1775635272.7195654,2.0,2.0,-63.0
1775635272.7295654,4.0,4.0,-81.0
1775635272.7395654,1.0,8.0,-80.0
1775635272.7495654,4.0,5.0,-73.0
1775635272.7595654,3.0,0.0,-68.0
1775635272.769565,1.0,-2.0,-60.0
1775635272.779565,-2.0,-2.0,-64.0
1775635272.789565,-5.0,-5.0,-60.0
1775635272.7995653,-11.0,-8.0,-58.0
1775635272.8095653,-7.0,-10.0,-61.0
1775635272.8195653,-5.0,-6.0,-60.0
1775635272.8295653,-5.0,-2.0,-67.0
1775635272.8395653,-1.0,1.0,-60.0
1775635272.8505654,1.0,2.0,-60.0
1775635272.8595655,3.0,4.0,-63.0
1775635272.8695655,1.0,0.0,-63.0
1775635272.8795657,-3.0,-1.0,-68.0
1775635272.8895657,-5.0,-5.0,-76.0
1775635272.8995657,-2.0,-2.0,-77.0
1775635272.9095654,3.0,0.0,-73.0
1775635272.9195654,4.0,1.0,-72.0
1775635272.9295654,0.0,0.0,-64.0
1775635272.9395654,1.0,0.0,-69.0
1775635272.9495654,0.0,1.0,-70.0
1775635272.9595654,-4.0,1.0,-71.0
1775635272.9695654,-3.0,1.0,-72.0
1775635272.9795654,-1.0,1.0,-64.0
1775635272.9895654,-2.0,1.0,-60.0
1775635272.9995654,0.0,1.0,-67.0
1775635273.0095654,1.0,0.0,-70.0
1775635273.019565,0.0,-1.0,-67.0
1775635273.029565,4.0,-5.0,-66.0
1775635273.039565,0.0,0.0,-61.0
1775635273.0495653,-3.0,-3.0,-57.0
1775635273.0595653,-6.0,-5.0,-60.0
1775635273.0695653,-6.0,-6.0,-64.0
1775635273.0795653,-7.0,-9.0,-58.0
1775635273.0895653,-14.0,-3.0,-59.0
1775635273.0995653,-9.0,-1.0,-50.0
1775635273.1095655,-7.0,0.0,-56.0
1775635273.1195655,-5.0,2.0,-62.0
1775635273.1295657,-9.0,2.0,-67.0
1775635273.1395657,-5.0,0.0,-70.0
1775635273.1495657,-6.0,0.0,-71.0
1775635273.1595654,-4.0,-1.0,-72.0
1775635273.1695654,0.0,-3.0,-72.0
1775635273.1795654,-3.0,-2.0,-70.0
1775635273.1895654,-6.0,-1.0,-70.0
1775635273.1995654,-5.0,-3.0,-68.0
1775635273.2095654,-4.0,-2.0,-67.0
1775635273.2195654,0.0,-2.0,-63.0
1775635273.2295654,-1.0,0.0,-73.0
1775635273.2395654,1.0,0.0,-72.0
1775635273.2495654,0.0,3.0,-69.0
1775635273.2605653,3.0,4.0,-67.0
1775635273.269565,0.0,0.0,-71.0
1775635273.279565,0.0,0.0,-74.0
1775635273.2905655,2.0,0.0,-72.0
1775635273.3005655,1.0,-1.0,-66.0
1775635273.3105657,0.0,-3.0,-64.0
1775635273.3205657,0.0,-1.0,-67.0
1775635273.3305657,0.0,-3.0,-67.0
1775635273.3405654,3.0,-4.0,-74.0
1775635273.3505654,7.0,-8.0,-71.0
1775635273.3605654,8.0,-9.0,-67.0
1775635273.3705654,4.0,-4.0,-68.0
1775635273.3805654,-1.0,0.0,-64.0
1775635273.3905654,-1.0,5.0,-66.0
1775635273.4005654,-1.0,5.0,-63.0
1775635273.4105654,-3.0,8.0,-66.0
1775635273.4205654,-7.0,3.0,-62.0
1775635273.4305654,-2.0,1.0,-65.0
1775635273.440565,-3.0,1.0,-72.0
1775635273.450565,0.0,1.0,-77.0
1775635273.460565,-3.0,-1.0,-73.0
1775635273.4705653,-3.0,-4.0,-67.0
1775635273.4805653,-1.0,0.0,-68.0
1775635273.4905653,-2.0,-2.0,-70.0
1775635273.5005653,-3.0,-5.0,-74.0
1775635273.5105653,-5.0,-4.0,-72.0
1775635273.5205653,-7.0,-3.0,-71.0
1775635273.5305655,-11.0,-1.0,-69.0
1775635273.5405655,-9.0,-2.0,-73.0
1775635273.5505655,-7.0,-1.0,-79.0
1775635273.5605657,-2.0,-4.0,-71.0
1775635273.5705657,-5.0,2.0,-67.0
1775635273.5805657,0.0,6.0,-64.0
1775635273.5905654,-1.0,3.0,-63.0
1775635273.6005654,-1.0,3.0,-64.0
1775635273.6105654,3.0,3.0,-67.0
1775635273.6205654,0.0,5.0,-64.0
1775635273.6305654,-2.0,4.0,-60.0
1775635273.6405654,-1.0,1.0,-62.0
1775635273.6505654,2.0,1.0,-66.0
1775635273.6605654,3.0,1.0,-71.0
1775635273.6705654,5.0,0.0,-74.0
1775635273.6805654,0.0,0.0,-76.0
1775635273.690565,-2.0,0.0,-71.0
1775635273.700565,-3.0,0.0,-65.0
1775635273.710565,-1.0,-2.0,-68.0
1775635273.7205653,0.0,-6.0,-75.0
1775635273.7305653,3.0,-5.0,-67.0
1775635273.7405653,0.0,0.0,-64.0
1775635273.7505653,-2.0,-5.0,-65.0
1775635273.7605653,-1.0,-10.0,-61.0
1775635273.7705653,1.0,-10.0,-59.0
1775635273.7805655,0.0,-8.0,-64.0
1775635273.7905655,-4.0,-4.0,-63.0
1775635273.8005655,-4.0,0.0,-66.0
1775635273.8105657,-4.0,0.0,-71.0
1775635273.8205657,-3.0,0.0,-70.0
1775635273.8305657,-4.0,3.0,-73.0
1775635273.8405654,-3.0,4.0,-78.0
1775635273.8505654,3.0,0.0,-75.0
1775635273.8605654,4.0,0.0,-72.0
1775635273.8705654,1.0,2.0,-67.0
1775635273.8805654,-2.0,3.0,-72.0
1775635273.8905654,4.0,-1.0,-73.0
1775635273.9005654,0.0,1.0,-77.0
1775635273.9105654,1.0,1.0,-82.0
1775635273.9205654,2.0,1.0,-82.0
1775635273.9305654,5.0,0.0,-84.0
1775635273.940565,5.0,4.0,-82.0
1775635273.950565,1.0,5.0,-76.0
1775635273.960565,2.0,7.0,-77.0
1775635273.9705653,4.0,9.0,-75.0
1775635273.9805653,-3.0,3.0,-70.0
1775635273.9905653,-2.0,-1.0,-64.0
1775635274.0005653,-4.0,-5.0,-64.0
1775635274.0105653,-2.0,-6.0,-65.0
1775635274.0205653,-4.0,0.0,-77.0
1775635274.0305655,-2.0,0.0,-76.0
1775635274.0405655,-1.0,0.0,-72.0
1775635274.0505655,-1.0,0.0,-75.0
1775635274.0605657,-1.0,-1.0,-74.0
1775635274.0705657,-5.0,0.0,-82.0
1775635274.0805657,-2.0,3.0,-85.0
1775635274.0905654,-5.0,0.0,-80.0
1775635274.1005654,-5.0,0.0,-79.0
1775635274.1105654,-4.0,0.0,-72.0
1775635274.1205654,-6.0,-1.0,-74.0
1775635274.1305654,-7.0,-1.0,-69.0
1775635274.1405654,-9.0,-2.0,-68.0
1775635274.1505654,-5.0,0.0,-67.0
1775635274.1605654,-5.0,4.0,-68.0
1775635274.1705654,-1.0,1.0,-64.0
1775635274.1805654,4.0,-1.0,-68.0
1775635274.190565,4.0,-5.0,-68.0
1775635274.200565,-4.0,-8.0,-69.0
1775635274.210565,-6.0,-1.0,-64.0
1775635274.2205653,-4.0,-3.0,-64.0
1775635274.2305653,-6.0,-3.0,-59.0
1775635274.2405653,-5.0,-1.0,-50.0
1775635274.2505653,-3.0,-2.0,-54.0
1775635274.2605653,-2.0,0.0,-59.0
1775635274.2705653,-3.0,-1.0,-64.0
1775635274.2805655,-2.0,-3.0,-63.0
1775635274.2905655,0.0,0.0,-64.0
1775635274.3005655,5.0,-2.0,-69.0
1775635274.3105657,5.0,0.0,-66.0
1775635274.3205657,6.0,0.0,-64.0
1775635274.3305657,3.0,0.0,-66.0
1775635274.3405654,3.0,0.0,-66.0
1775635274.3505654,4.0,2.0,-69.0
1775635274.3605654,2.0,2.0,-69.0
1775635274.3705654,3.0,-1.0,-66.0
1775635274.3805654,0.0,0.0,-69.0
1775635274.3905654,-1.0,-1.0,-67.0
1775635274.4005654,-4.0,-4.0,-65.0
1775635274.4105654,-1.0,-4.0,-70.0
1775635274.4205654,0.0,-3.0,-62.0
1775635274.4305654,0.0,-1.0,-60.0
1775635274.440565,-1.0,-2.0,-59.0
1775635274.450565,2.0,-3.0,-61.0
1775635274.460565,3.0,-1.0,-65.0
1775635274.4705653,6.0,0.0,-64.0
1775635274.4805653,6.0,-1.0,-66.0
1775635274.4905653,3.0,-2.0,-66.0
1775635274.5005653,-1.0,-2.0,-65.0
1775635274.5105653,-2.0,0.0,-66.0
1775635274.5205653,0.0,5.0,-73.0
1775635274.5305655,-1.0,6.0,-76.0
1775635274.5405655,0.0,5.0,-74.0
1775635274.5505655,2.0,6.0,-78.0
1775635274.5605657,8.0,11.0,-75.0
1775635274.5705657,4.0,16.0,-69.0
1775635274.5805657,0.0,13.0,-70.0
1775635274.5905654,3.0,8.0,-70.0
1775635274.6005654,4.0,5.0,-71.0
1775635274.6105654,-1.0,9.0,-71.0
1775635274.6205654,-2.0,8.0,-76.0
1775635274.6305654,-6.0,4.0,-76.0
1775635274.6405654,-5.0,1.0,-75.0
1775635274.6505654,-4.0,4.0,-73.0
1775635274.6605654,-1.0,3.0,-73.0
1775635274.6705654,0.0,0.0,-77.0
1775635274.6805654,4.0,0.0,-70.0
1775635274.690565,3.0,4.0,-69.0
1775635274.700565,3.0,2.0,-68.0
1775635274.710565,0.0,3.0,-66.0
1775635274.7205653,1.0,2.0,-65.0
1775635274.7305653,-2.0,0.0,-60.0
1775635274.7405653,-4.0,1.0,-65.0
1775635274.7505653,-6.0,0.0,-74.0
1775635274.7605653,-4.0,-4.0,-76.0
1775635274.7705653,-6.0,-4.0,-78.0
1775635274.7805655,-3.0,-4.0,-77.0
1775635274.7905655,0.0,0.0,-76.0
1775635274.8005655,2.0,5.0,-76.0
1775635274.8105657,-1.0,2.0,-70.0
1775635274.8205657,-2.0,3.0,-67.0
1775635274.8305657,-6.0,0.0,-69.0
1775635274.8405654,-7.0,1.0,-70.0
1775635274.8505654,-3.0,3.0,-67.0
1775635274.8615654,0.0,3.0,-68.0
1775635274.8705654,-1.0,2.0,-79.0
1775635274.8805654,-6.0,2.0,-69.0
1775635274.8905654,-6.0,5.0,-76.0
1775635274.9005654,-9.0,5.0,-72.0
1775635274.9105654,-6.0,2.0,-68.0
1775635274.9205654,-1.0,0.0,-59.0
1775635274.9305654,1.0,2.0,-64.0
1775635274.940565,-1.0,5.0,-67.0
1775635274.950565,-4.0,3.0,-58.0
1775635274.960565,-6.0,2.0,-54.0
1775635274.9705653,-6.0,0.0,-58.0
1775635274.9805653,-7.0,0.0,-57.0
1775635274.9905653,-7.0,1.0,-53.0
1775635275.0005653,-10.0,-1.0,-59.0
1775635275.0105653,-6.0,-1.0,-61.0
1775635275.0205653,-3.0,-1.0,-57.0
1775635275.0305655,-5.0,0.0,-61.0
1775635275.0405655,-4.0,-1.0,-62.0
1775635275.0505655,-3.0,1.0,-60.0
1775635275.0605657,-2.0,2.0,-67.0
1775635275.0705657,-3.0,0.0,-66.0
1775635275.0805657,-5.0,2.0,-61.0
1775635275.0905654,-3.0,5.0,-63.0
1775635275.1005654,-8.0,4.0,-66.0
1775635275.1105654,-8.0,3.0,-64.0
1775635275.1205654,-7.0,4.0,-68.0
1775635275.1305654,-6.0,1.0,-71.0
1775635275.1405654,0.0,4.0,-65.0
1775635275.1505654,2.0,0.0,-62.0
1775635275.1605654,-1.0,-1.0,-66.0
1775635275.1705654,0.0,-2.0,-69.0
1775635275.1805654,0.0,-1.0,-70.0
1775635275.190565,-3.0,-1.0,-68.0
1775635275.200565,1.0,0.0,-62.0
1775635275.210565,3.0,-3.0,-57.0
1775635275.2205653,0.0,-1.0,-64.0
1775635275.2305653,-3.0,0.0,-60.0
1775635275.2405653,-6.0,1.0,-67.0
1775635275.2505653,-10.0,0.0,-66.0
1775635275.2605653,-9.0,0.0,-69.0
1775635275.2705653,-8.0,-5.0,-71.0
1775635275.2805655,-6.0,-3.0,-72.0
1775635275.2905655,-6.0,0.0,-74.0
1775635275.3005655,-1.0,-3.0,-72.0
1775635275.3105657,0.0,-4.0,-74.0
1775635275.3205657,5.0,-2.0,-73.0
1775635275.3305657,1.0,-5.0,-64.0
1775635275.3405654,0.0,-6.0,-65.0
1775635275.3505654,4.0,-4.0,-70.0
1775635275.3605654,4.0,0.0,-67.0
1775635275.3705654,2.0,-1.0,-70.0
1775635275.3805654,4.0,-5.0,-77.0
1775635275.3905654,8.0,-6.0,-78.0
1775635275.4005654,8.0,-6.0,-71.0
1775635275.4105654,11.0,-4.0,-66.0
1775635275.4205654,6.0,-3.0,-64.0
1775635275.4305654,6.0,-3.0,-60.0
1775635275.440565,7.0,-1.0,-64.0
1775635275.450565,4.0,-3.0,-67.0
1775635275.460565,0.0,-3.0,-69.0
1775635275.4705653,-1.0,-6.0,-70.0
1775635275.4805653,-2.0,-7.0,-66.0
1775635275.4905653,-2.0,-8.0,-66.0
1775635275.5005653,-6.0,-8.0,-64.0
1775635275.5105653,-7.0,-9.0,-68.0
1775635275.5205653,0.0,-7.0,-64.0
1775635275.5305655,-1.0,-4.0,-55.0
1775635275.5405655,0.0,0.0,-48.0
1775635275.5505655,3.0,0.0,-52.0
1775635275.5605657,-1.0,0.0,-50.0
1775635275.5715654,-1.0,2.0,-57.0
1775635275.5815654,3.0,3.0,-58.0
1775635275.5905654,-1.0,3.0,-57.0
1775635275.6005654,3.0,6.0,-63.0
1775635275.6115654,2.0,-1.0,-68.0
1775635275.621565,0.0,-2.0,-71.0
1775635275.631565,-4.0,-2.0,-69.0
1775635275.6405654,-5.0,0.0,-70.0
1775635275.6515653,1.0,1.0,-66.0
1775635275.6615653,0.0,-1.0,-67.0
1775635275.6715653,0.0,-2.0,-62.0
1775635275.6815653,1.0,-2.0,-67.0
1775635275.6915653,0.0,-2.0,-71.0
1775635275.7015653,-1.0,0.0,-71.0
1775635275.7115655,-5.0,0.0,-75.0
1775635275.7215655,-6.0,-2.0,-73.0
1775635275.7315657,-7.0,1.0,-72.0
1775635275.7415657,-5.0,1.0,-71.0
1775635275.7515657,-1.0,2.0,-68.0
1775635275.7615654,2.0,2.0,-71.0
1775635275.7715654,2.0,4.0,-68.0
1775635275.7815654,2.0,2.0,-67.0
1775635275.7915654,1.0,2.0,-61.0
1775635275.8015654,0.0,4.0,-67.0
1775635275.8115654,0.0,7.0,-73.0
1775635275.8215654,-4.0,0.0,-75.0
1775635275.8315654,-7.0,-4.0,-70.0
1775635275.8415654,-3.0,-5.0,-66.0
1775635275.8515654,1.0,-6.0,-68.0
1775635275.8615654,0.0,-5.0,-70.0
1775635275.871565,-3.0,-4.0,-69.0
1775635275.881565,-6.0,-3.0,-73.0
1775635275.891565,-3.0,0.0,-64.0
1775635275.9015653,-4.0,-3.0,-62.0
1775635275.9115653,-2.0,-5.0,-60.0
1775635275.9215653,1.0,-8.0,-52.0
1775635275.9315653,4.0,-5.0,-51.0
1775635275.9415653,2.0,-3.0,-53.0
1775635275.9515653,0.0,-4.0,-57.0
1775635275.9615655,-1.0,-4.0,-60.0
1775635275.9715655,-4.0,-1.0,-66.0
1775635275.9815657,-5.0,-2.0,-72.0
1775635275.9915657,-5.0,-2.0,-75.0
1775635276.0015657,-5.0,-4.0,-82.0
1775635276.0115654,-5.0,-5.0,-81.0
1775635276.0215654,-3.0,-1.0,-79.0
1775635276.0315654,0.0,-3.0,-72.0
1775635276.0415654,0.0,-1.0,-79.0
1775635276.0515654,3.0,0.0,-76.0
1775635276.0615654,0.0,1.0,-67.0
1775635276.0715654,-4.0,0.0,-67.0
1775635276.0815654,-2.0,2.0,-68.0
1775635276.0915654,-6.0,2.0,-76.0
1775635276.1015654,-1.0,2.0,-75.0
1775635276.1115654,-1.0,1.0,-74.0
1775635276.121565,-1.0,0.0,-71.0
1775635276.131565,2.0,3.0,-75.0
1775635276.141565,4.0,0.0,-75.0
1775635276.1515653,3.0,3.0,-75.0
1775635276.1615653,3.0,5.0,-80.0
1775635276.1715653,2.0,3.0,-71.0
1775635276.1815653,3.0,3.0,-70.0
1775635276.1915653,-2.0,4.0,-70.0
1775635276.2015653,0.0,4.0,-67.0
1775635276.2115655,-1.0,3.0,-67.0
1775635276.2215655,-1.0,5.0,-68.0
1775635276.2315657,0.0,4.0,-64.0
1775635276.2415657,-3.0,2.0,-63.0
1775635276.2515657,0.0,-2.0,-62.0
1775635276.2615654,0.0,-4.0,-63.0
1775635276.2715654,5.0,-8.0,-65.0
1775635276.2815654,5.0,-7.0,-62.0
1775635276.2915654,8.0,-8.0,-67.0
1775635276.3015654,5.0,-10.0,-70.0
1775635276.3115654,3.0,-5.0,-74.0
1775635276.3215654,2.0,-5.0,-71.0
1775635276.3315654,-1.0,-5.0,-71.0
1775635276.3415654,0.0,-4.0,-67.0
1775635276.3515654,2.0,-3.0,-64.0
1775635276.3615654,2.0,-3.0,-63.0
1775635276.371565,0.0,-5.0,-66.0
1775635276.381565,-1.0,-4.0,-64.0
1775635276.391565,-1.0,-3.0,-67.0
1775635276.4015653,-1.0,-3.0,-68.0
1775635276.4115653,2.0,-4.0,-65.0
1775635276.4215653,2.0,-2.0,-65.0
1775635276.4315653,-1.0,-4.0,-65.0
1775635276.4415653,-1.0,-2.0,-57.0
1775635276.4515653,-2.0,1.0,-62.0
1775635276.4615655,0.0,-4.0,-62.0
1775635276.4715655,1.0,-5.0,-70.0
1775635276.4815657,2.0,-7.0,-74.0
1775635276.4915657,4.0,-2.0,-73.0
1775635276.5015657,1.0,-1.0,-71.0
1775635276.5115654,1.0,-3.0,-72.0
1775635276.5215654,0.0,2.0,-78.0
1775635276.5315654,1.0,0.0,-72.0
1775635276.5415654,1.0,-2.0,-75.0
1775635276.5515654,-1.0,-3.0,-75.0
1775635276.5615654,-5.0,-6.0,-72.0
1775635276.5715654,-5.0,-5.0,-66.0
1775635276.5815654,-1.0,0.0,-60.0
1775635276.5915654,0.0,0.0,-61.0
1775635276.6015654,0.0,5.0,-60.0
1775635276.6115654,-1.0,2.0,-65.0
1775635276.621565,2.0,3.0,-67.0
1775635276.631565,2.0,0.0,-65.0
1775635276.641565,3.0,0.0,-67.0
1775635276.6515653,3.0,-3.0,-66.0
1775635276.6615653,-1.0,0.0,-64.0
1775635276.6715653,-3.0,-4.0,-66.0
1775635276.6815653,-1.0,-1.0,-68.0
1775635276.6915653,1.0,1.0,-67.0
1775635276.7015653,4.0,3.0,-72.0
1775635276.7115655,4.0,0.0,-76.0
1775635276.7215655,3.0,0.0,-79.0
1775635276.7315657,4.0,1.0,-73.0
1775635276.7415657,3.0,3.0,-73.0
1775635276.7515657,2.0,6.0,-82.0
1775635276.7615654,4.0,5.0,-86.0
1775635276.7715654,3.0,6.0,-83.0
1775635276.7815654,4.0,8.0,-72.0
1775635276.7915654,4.0,9.0,-69.0
1775635276.8015654,7.0,6.0,-72.0
1775635276.8115654,8.0,6.0,-76.0
1775635276.8215654,5.0,8.0,-81.0
1775635276.8315654,3.0,4.0,-68.0
1775635276.8415654,5.0,-2.0,-70.0
1775635276.8515654,7.0,-9.0,-67.0
1775635276.8615654,6.0,-7.0,-65.0
1775635276.871565,2.0,-3.0,-66.0
1775635276.881565,0.0,0.0,-64.0
1775635276.891565,0.0,-3.0,-56.0
1775635276.9015653,-1.0,-1.0,-54.0
1775635276.9115653,-3.0,0.0,-53.0
1775635276.9215653,2.0,0.0,-56.0
1775635276.9315653,1.0,-4.0,-59.0
1775635276.9415653,2.0,-6.0,-60.0
1775635276.9515653,2.0,-2.0,-63.0
1775635276.9615655,-3.0,-5.0,-70.0
1775635276.9715655,-2.0,-3.0,-64.0
1775635276.9815657,-4.0,0.0,-59.0
1775635276.9915657,-1.0,0.0,-63.0
1775635277.0015657,-4.0,-2.0,-64.0
1775635277.0115654,-3.0,-5.0,-61.0
1775635277.0215654,-3.0,-2.0,-61.0
1775635277.0315654,-2.0,-2.0,-58.0
1775635277.0415654,-4.0,1.0,-63.0
1775635277.0515654,0.0,-3.0,-61.0
1775635277.0615654,-1.0,-6.0,-64.0
1775635277.0715654,1.0,-3.0,-71.0
1775635277.0815654,7.0,0.0,-74.0
1775635277.0915654,7.0,3.0,-75.0
1775635277.1015654,4.0,2.0,-72.0
1775635277.1115654,1.0,4.0,-74.0
1775635277.121565,3.0,7.0,-78.0
1775635277.131565,0.0,6.0,-77.0
1775635277.141565,0.0,1.0,-73.0
1775635277.1515653,-3.0,-3.0,-64.0
1775635277.1615653,-4.0,0.0,-65.0
1775635277.1715653,0.0,1.0,-66.0
1775635277.1815653,3.0,4.0,-63.0
1775635277.1915653,3.0,0.0,-62.0
1775635277.2015653,3.0,0.0,-67.0
1775635277.2115655,5.0,3.0,-66.0
1775635277.2215655,5.0,4.0,-69.0
1775635277.2315657,6.0,1.0,-66.0
1775635277.2415657,3.0,3.0,-69.0
1775635277.2515657,3.0,0.0,-69.0
1775635277.2615654,3.0,-3.0,-67.0
1775635277.2715654,5.0,-5.0,-71.0
1775635277.2815654,5.0,-5.0,-69.0
1775635277.2915654,5.0,-3.0,-62.0
1775635277.3015654,6.0,-4.0,-62.0
1775635277.3115654,4.0,-2.0,-61.0
1775635277.3215654,2.0,-5.0,-57.0
1775635277.3315654,0.0,-1.0,-59.0
1775635277.3415654,0.0,-1.0,-55.0
1775635277.3515654,-2.0,0.0,-57.0
1775635277.3615654,0.0,-1.0,-59.0
1775635277.371565,0.0,-4.0,-68.0
1775635277.381565,-5.0,-2.0,-62.0
1775635277.391565,-7.0,-3.0,-62.0
1775635277.4015653,-6.0,2.0,-60.0
1775635277.4115653,-10.0,2.0,-63.0
1775635277.4215653,-7.0,0.0,-59.0
1775635277.4315653,-6.0,0.0,-64.0
1775635277.4415653,-11.0,0.0,-71.0
1775635277.4515653,-7.0,-2.0,-72.0
1775635277.4615655,-4.0,-4.0,-73.0
1775635277.4715655,2.0,-2.0,-76.0
1775635277.4815657,1.0,-3.0,-73.0
1775635277.4915657,3.0,0.0,-73.0
1775635277.5015657,6.0,0.0,-81.0
1775635277.5115654,3.0,0.0,-85.0
1775635277.5215654,0.0,1.0,-83.0
1775635277.5315654,1.0,0.0,-79.0
1775635277.5415654,6.0,-3.0,-79.0
1775635277.5515654,5.0,-5.0,-82.0
1775635277.5615654,4.0,0.0,-80.0
1775635277.5715654,0.0,0.0,-78.0
1775635277.5815654,0.0,-1.0,-73.0
1775635277.5915654,0.0,-3.0,-70.0
1775635277.6015654,-1.0,-5.0,-68.0
1775635277.6115654,2.0,-2.0,-70.0
1775635277.621565,4.0,-7.0,-68.0
1775635277.631565,2.0,-8.0,-67.0
1775635277.641565,0.0,-5.0,-64.0
1775635277.6515653,0.0,-7.0,-60.0
1775635277.6615653,0.0,-8.0,-66.0
1775635277.6715653,0.0,-9.0,-74.0
1775635277.6815653,-2.0,-11.0,-68.0
1775635277.6915653,-5.0,-7.0,-69.0
1775635277.7015653,-8.0,-7.0,-68.0
1775635277.7115655,-3.0,-9.0,-67.0
1775635277.7215655,-1.0,-4.0,-64.0
1775635277.7315657,1.0,-4.0,-63.0
1775635277.7415657,0.0,-5.0,-64.0
1775635277.7515657,3.0,-3.0,-62.0
1775635277.7615654,2.0,-2.0,-62.0
1775635277.7715654,3.0,0.0,-58.0
1775635277.7815654,1.0,-3.0,-65.0
1775635277.7915654,3.0,-3.0,-66.0
1775635277.8015654,-1.0,-6.0,-62.0
1775635277.8115654,0.0,-5.0,-66.0
1775635277.8215654,5.0,-3.0,-67.0
1775635277.8315654,2.0,-2.0,-63.0
1775635277.8415654,0.0,-5.0,-68.0
1775635277.8515654,0.0,-9.0,-71.0
1775635277.8615654,-1.0,-10.0,-70.0
1775635277.871565,-1.0,-8.0,-73.0
1775635277.881565,-1.0,-10.0,-71.0
1775635277.891565,-2.0,-7.0,-67.0
1775635277.9015653,-3.0,-8.0,-66.0
1775635277.9125657,-6.0,-6.0,-62.0
1775635277.9215653,-4.0,-5.0,-62.0
1775635277.9315653,-4.0,-7.0,-62.0
1775635277.9415653,-6.0,-8.0,-61.0
1775635277.9525654,-2.0,-5.0,-66.0
1775635277.9625654,-2.0,-5.0,-66.0
1775635277.9725654,-1.0,-3.0,-67.0
1775635277.9825654,0.0,-1.0,-70.0
1775635277.9925654,3.0,0.0,-70.0
1775635278.0025654,5.0,3.0,-73.0
1775635278.0125654,4.0,4.0,-66.0
1775635278.0225654,4.0,2.0,-64.0
1775635278.0325654,5.0,0.0,-63.0
1775635278.042565,4.0,2.0,-67.0
1775635278.052565,5.0,1.0,-71.0
1775635278.062565,5.0,0.0,-66.0
1775635278.0725653,0.0,0.0,-66.0
1775635278.0825653,-4.0,5.0,-73.0
1775635278.0925653,-2.0,6.0,-78.0
1775635278.1025653,0.0,7.0,-75.0
1775635278.1125653,-2.0,3.0,-74.0
1775635278.1225653,0.0,5.0,-73.0
1775635278.1325655,0.0,0.0,-70.0
1775635278.1425655,0.0,0.0,-68.0
1775635278.1525657,0.0,-2.0,-66.0
1775635278.1625657,0.0,-2.0,-63.0
1775635278.1725657,0.0,-2.0,-65.0
1775635278.1825657,1.0,-2.0,-65.0
1775635278.1925654,4.0,-3.0,-66.0
1775635278.2025654,-1.0,-2.0,-61.0
1775635278.2125654,-4.0,-2.0,-58.0
1775635278.2225654,-8.0,0.0,-62.0
1775635278.2325654,-9.0,0.0,-58.0
1775635278.2425654,-10.0,-6.0,-62.0
1775635278.2525654,-8.0,-4.0,-64.0
1775635278.2625654,-8.0,-7.0,-66.0
1775635278.2725654,-3.0,-7.0,-67.0
1775635278.2825654,-1.0,-3.0,-70.0
1775635278.292565,-2.0,-4.0,-66.0
1775635278.302565,0.0,0.0,-62.0
1775635278.312565,1.0,4.0,-61.0
1775635278.3225653,1.0,2.0,-68.0
1775635278.3325653,0.0,1.0,-70.0
1775635278.3425653,-5.0,0.0,-72.0
1775635278.3525653,-6.0,-4.0,-72.0
1775635278.3625653,-7.0,-3.0,-73.0
1775635278.3725653,-10.0,-2.0,-64.0
1775635278.3825655,-11.0,-4.0,-59.0
1775635278.3925655,-8.0,-8.0,-60.0
1775635278.4025657,-3.0,-8.0,-70.0
1775635278.4125657,-4.0,-3.0,-67.0
1775635278.4225657,-4.0,-6.0,-61.0
1775635278.4325657,-3.0,-3.0,-63.0
1775635278.4425654,-2.0,-4.0,-64.0
1775635278.4525654,-1.0,-4.0,-70.0
1775635278.4625654,1.0,-3.0,-67.0
1775635278.4725654,2.0,-5.0,-70.0
1775635278.4825654,1.0,-5.0,-74.0
1775635278.4925654,-1.0,-4.0,-72.0
1775635278.5025654,0.0,-2.0,-73.0
1775635278.5125654,-2.0,0.0,-78.0
1775635278.5225654,0.0,-4.0,-85.0
1775635278.5325654,0.0,-4.0,-77.0
1775635278.542565,-2.0,-3.0,-76.0
1775635278.552565,1.0,-4.0,-79.0
1775635278.562565,0.0,-4.0,-76.0
1775635278.5725653,5.0,-3.0,-74.0
1775635278.5825653,0.0,-6.0,-74.0
1775635278.5925653,2.0,-10.0,-72.0
1775635278.6025653,0.0,-12.0,-72.0
1775635278.6125653,0.0,-13.0,-73.0
1775635278.6225653,0.0,-5.0,-69.0
1775635278.6325655,0.0,-4.0,-69.0
1775635278.6425655,-4.0,-1.0,-69.0
1775635278.6525657,-5.0,1.0,-62.0
1775635278.6625657,-4.0,6.0,-67.0
1775635278.6725657,0.0,8.0,-65.0
1775635278.6825657,2.0,6.0,-63.0
1775635278.6925654,2.0,2.0,-71.0
1775635278.7025654,0.0,4.0,-73.0
1775635278.7125654,1.0,7.0,-83.0
1775635278.7225654,0.0,4.0,-85.0
1775635278.7325654,-6.0,7.0,-90.0
1775635278.7425654,-6.0,10.0,-87.0
1775635278.7525654,-4.0,11.0,-77.0
1775635278.7625654,-2.0,9.0,-71.0
1775635278.7725654,-4.0,6.0,-64.0
1775635278.7825654,-4.0,1.0,-65.0
1775635278.792565,-2.0,1.0,-64.0
1775635278.802565,0.0,2.0,-63.0
1775635278.812565,-2.0,-3.0,-63.0
1775635278.8225653,-1.0,-4.0,-61.0
1775635278.8325653,-3.0,-4.0,-68.0
1775635278.8425653,-1.0,-4.0,-77.0
1775635278.8525653,-3.0,-1.0,-76.0
1775635278.8625653,-5.0,-3.0,-73.0
1775635278.8725653,-6.0,0.0,-78.0
1775635278.8825655,-5.0,0.0,-78.0
1775635278.8925655,-9.0,0.0,-69.0
1775635278.9025657,-8.0,1.0,-57.0
1775635278.9125657,-2.0,2.0,-56.0
1775635278.9225657,0.0,5.0,-63.0
1775635278.9325657,1.0,5.0,-72.0
1775635278.9425654,4.0,4.0,-71.0
1775635278.9525654,3.0,0.0,-73.0
1775635278.9625654,0.0,1.0,-70.0
1775635278.9725654,-2.0,3.0,-62.0
1775635278.9825654,-1.0,-1.0,-61.0
1775635278.9925654,0.0,0.0,-73.0
1775635279.0025654,-4.0,-2.0,-80.0
1775635279.0125654,-7.0,-7.0,-81.0
1775635279.0225654,-3.0,-7.0,-77.0
1775635279.0325654,-5.0,-8.0,-78.0
1775635279.042565,-8.0,-7.0,-79.0
1775635279.052565,-5.0,-8.0,-78.0
1775635279.062565,-5.0,-7.0,-68.0
1775635279.0725653,-9.0,-7.0,-69.0
1775635279.0825653,-5.0,-5.0,-70.0
1775635279.0925653,-1.0,-3.0,-71.0
1775635279.1025653,-1.0,-2.0,-68.0
1775635279.1125653,-2.0,-1.0,-59.0
1775635279.1225653,-2.0,0.0,-61.0
1775635279.1325655,2.0,-1.0,-59.0
1775635279.1425655,3.0,-2.0,-63.0
1775635279.1525657,7.0,-4.0,-64.0
1775635279.1625657,3.0,-4.0,-72.0
1775635279.1725657,2.0,-4.0,-76.0
1775635279.1825657,0.0,-6.0,-80.0
1775635279.1925654,-1.0,-5.0,-74.0
1775635279.2025654,-1.0,-5.0,-75.0
1775635279.2125654,-6.0,-3.0,-66.0
1775635279.2225654,-2.0,0.0,-67.0
1775635279.2325654,-1.0,0.0,-66.0
1775635279.2425654,0.0,-3.0,-69.0
1775635279.2525654,0.0,0.0,-69.0
1775635279.2625654,-4.0,1.0,-70.0
1775635279.2725654,0.0,4.0,-75.0
1775635279.2825654,0.0,0.0,-77.0
1775635279.292565,0.0,-2.0,-70.0
1775635279.302565,0.0,-2.0,-68.0
1775635279.312565,-1.0,-6.0,-65.0
1775635279.3225653,0.0,-6.0,-65.0
1775635279.3325653,1.0,-3.0,-64.0
1775635279.3425653,2.0,-2.0,-60.0
1775635279.3525653,0.0,-6.0,-64.0
1775635279.3625653,0.0,-6.0,-73.0
1775635279.3725653,1.0,-4.0,-72.0
1775635279.3825655,0.0,-1.0,-82.0
1775635279.3925655,-2.0,-4.0,-77.0
1775635279.4025657,-1.0,-1.0,-76.0
1775635279.4125657,-1.0,-7.0,-67.0
1775635279.4225657,-5.0,-6.0,-73.0
1775635279.4325657,-9.0,-2.0,-69.0
1775635279.4425654,-4.0,-7.0,-70.0
1775635279.4525654,-1.0,-3.0,-66.0
1775635279.4625654,-2.0,0.0,-67.0
1775635279.4725654,-6.0,0.0,-66.0
1775635279.4825654,-3.0,-2.0,-63.0
1775635279.4925654,-5.0,-3.0,-67.0
1775635279.5025654,-4.0,0.0,-65.0
1775635279.5125654,-1.0,4.0,-66.0
1775635279.5225654,-2.0,2.0,-70.0
1775635279.5325654,-4.0,-3.0,-68.0
1775635279.542565,0.0,0.0,-64.0
1775635279.552565,0.0,0.0,-61.0
1775635279.562565,0.0,3.0,-59.0
1775635279.5725653,-2.0,6.0,-61.0
1775635279.5825653,-1.0,1.0,-54.0
1775635279.5925653,-2.0,5.0,-54.0
1775635279.6025653,-5.0,3.0,-56.0
1775635279.6125653,-6.0,3.0,-64.0
1775635279.6225653,-8.0,5.0,-68.0
1775635279.6325655,-8.0,2.0,-65.0
1775635279.6425655,-6.0,-1.0,-61.0
1775635279.6525657,-4.0,-6.0,-65.0
1775635279.6625657,-2.0,-5.0,-69.0
1775635279.6725657,-2.0,-6.0,-69.0
1775635279.6825657,-4.0,-3.0,-72.0
1775635279.6925654,-4.0,0.0,-69.0
1775635279.7025654,-8.0,-3.0,-64.0
1775635279.7125654,-7.0,-3.0,-65.0
1775635279.7225654,-5.0,-5.0,-60.0
1775635279.7325654,-2.0,-4.0,-64.0
1775635279.7425654,-5.0,-6.0,-70.0
1775635279.7525654,-1.0,-5.0,-74.0
1775635279.7625654,-1.0,-6.0,-77.0
1775635279.7725654,-5.0,-7.0,-70.0
1775635279.7825654,-6.0,-9.0,-63.0
1775635279.792565,-7.0,-10.0,-68.0
1775635279.802565,-5.0,-8.0,-68.0
1775635279.812565,-3.0,-4.0,-64.0
1775635279.8225653,-1.0,-1.0,-64.0
1775635279.8325653,4.0,0.0,-68.0
1775635279.8425653,2.0,-3.0,-69.0
1775635279.8525653,1.0,0.0,-65.0
1775635279.8625653,0.0,0.0,-71.0
1775635279.8725653,0.0,0.0,-74.0
1775635279.8825655,0.0,2.0,-73.0
1775635279.8925655,0.0,0.0,-72.0
1775635279.9025657,4.0,-2.0,-73.0
1775635279.9125657,2.0,1.0,-67.0
1775635279.9225657,0.0,2.0,-68.0
1775635279.9325657,0.0,0.0,-69.0
1775635279.9435654,-5.0,3.0,-68.0
1775635279.9525654,-3.0,5.0,-77.0
1775635279.9625654,2.0,4.0,-84.0
1775635279.9725654,2.0,2.0,-84.0
1775635279.9825654,1.0,0.0,-78.0
1775635279.9925654,4.0,-1.0,-73.0
1775635280.0025654,4.0,-2.0,-69.0
1775635280.0125654,2.0,-1.0,-71.0
1775635280.0225654,0.0,-3.0,-67.0
1775635280.0325654,4.0,-6.0,-65.0
1775635280.042565,3.0,-5.0,-65.0
1775635280.052565,5.0,-4.0,-67.0
1775635280.062565,1.0,-7.0,-64.0
1775635280.0725653,0.0,-7.0,-58.0
1775635280.0825653,1.0,-10.0,-55.0
1775635280.0925653,-1.0,-8.0,-63.0
1775635280.1025653,0.0,-6.0,-66.0
1775635280.1125653,3.0,-4.0,-68.0
1775635280.1225653,2.0,-6.0,-73.0
1775635280.1325655,2.0,-5.0,-73.0
1775635280.1425655,5.0,-4.0,-73.0
1775635280.1525657,3.0,-3.0,-72.0
1775635280.1625657,5.0,-2.0,-78.0
1775635280.1725657,3.0,-1.0,-79.0
1775635280.1825657,2.0,2.0,-77.0
1775635280.1925654,-2.0,0.0,-82.0
1775635280.2025654,-6.0,1.0,-82.0
1775635280.2125654,-4.0,0.0,-80.0
1775635280.2225654,-5.0,-1.0,-76.0
1775635280.233565,-9.0,-2.0,-68.0
1775635280.2425654,-1.0,-3.0,-65.0
1775635280.2525654,-2.0,1.0,-62.0
1775635280.2625654,-6.0,3.0,-67.0
1775635280.2735653,-3.0,2.0,-70.0
1775635280.2835653,-1.0,1.0,-68.0
1775635280.2935653,1.0,1.0,-73.0
1775635280.3035655,0.0,1.0,-82.0
1775635280.3135655,-2.0,3.0,-72.0
1775635280.3235655,0.0,1.0,-69.0
1775635280.3335657,1.0,1.0,-73.0
1775635280.3435657,-2.0,2.0,-79.0
1775635280.3535657,0.0,6.0,-72.0
1775635280.3635654,-1.0,8.0,-68.0
1775635280.3735654,-4.0,1.0,-57.0
1775635280.3835654,-1.0,-1.0,-54.0
1775635280.3935654,-2.0,-1.0,-53.0
1775635280.4035654,-5.0,2.0,-57.0
1775635280.4135654,-1.0,0.0,-60.0
1775635280.4235654,-6.0,0.0,-67.0
1775635280.4335654,-2.0,-3.0,-59.0
1775635280.4435654,1.0,-5.0,-64.0
1775635280.4535654,0.0,-1.0,-68.0
1775635280.463565,0.0,-2.0,-70.0
1775635280.473565,-4.0,2.0,-72.0
1775635280.483565,-5.0,2.0,-73.0
1775635280.493565,-4.0,1.0,-70.0
1775635280.5035653,0.0,1.0,-71.0
1775635280.5135653,0.0,3.0,-62.0
1775635280.5235653,0.0,2.0,-65.0
1775635280.5335653,2.0,-3.0,-70.0
1775635280.5435653,-1.0,-3.0,-68.0
1775635280.5535655,-1.0,-3.0,-59.0
1775635280.5635655,-2.0,-3.0,-58.0
1775635280.5735655,1.0,-2.0,-54.0
1775635280.5835657,-3.0,-3.0,-62.0
1775635280.5935657,-6.0,-4.0,-64.0
1775635280.6035657,-6.0,-3.0,-70.0
1775635280.6135654,-7.0,-2.0,-68.0
1775635280.6235654,-4.0,0.0,-66.0
1775635280.6335654,-5.0,-3.0,-73.0
1775635280.6435654,-2.0,-1.0,-69.0
1775635280.6535654,-2.0,0.0,-70.0
1775635280.6635654,-1.0,1.0,-67.0
1775635280.6735654,0.0,3.0,-77.0
1775635280.6835654,1.0,1.0,-77.0
1775635280.6935654,-3.0,0.0,-69.0
1775635280.7035654,-1.0,-3.0,-70.0
1775635280.713565,-1.0,-6.0,-68.0
1775635280.723565,0.0,-10.0,-67.0
1775635280.733565,-4.0,-10.0,-67.0
1775635280.743565,-3.0,-9.0,-69.0
1775635280.7535653,-3.0,-9.0,-69.0
1775635280.7635653,-1.0,-6.0,-66.0
1775635280.7735653,-1.0,-6.0,-73.0
1775635280.7835653,1.0,-3.0,-77.0
1775635280.7935653,1.0,-6.0,-74.0
1775635280.8035655,5.0,-6.0,-73.0
1775635280.8135655,1.0,-10.0,-68.0
1775635280.8235655,-1.0,-9.0,-71.0
1775635280.8335657,-1.0,-10.0,-76.0
1775635280.8435657,2.0,-9.0,-74.0
1775635280.8535657,1.0,-7.0,-77.0
1775635280.8635654,4.0,-6.0,-71.0
1775635280.8735654,1.0,-2.0,-71.0
1775635280.8835654,-1.0,-2.0,-73.0
1775635280.8935654,-2.0,-4.0,-67.0
1775635280.9035654,-2.0,-5.0,-72.0
1775635280.9135654,0.0,-2.0,-71.0
1775635280.9235654,-5.0,0.0,-77.0
1775635280.9335654,-3.0,0.0,-74.0
1775635280.9435654,-4.0,0.0,-84.0
1775635280.9535654,-5.0,-1.0,-87.0
1775635280.963565,-4.0,-3.0,-85.0
1775635280.973565,-2.0,-3.0,-81.0
1775635280.983565,0.0,-3.0,-80.0
1775635280.993565,0.0,-5.0,-79.0
1775635281.0035653,1.0,-7.0,-73.0
1775635281.0135653,2.0,-7.0,-72.0
1775635281.0235653,0.0,-4.0,-73.0
1775635281.0335653,-4.0,-4.0,-67.0
1775635281.0435653,-7.0,-1.0,-67.0
1775635281.0535655,-7.0,2.0,-68.0
1775635281.0635655,-7.0,5.0,-64.0
1775635281.0735655,2.0,5.0,-65.0
1775635281.0835657,2.0,4.0,-64.0
1775635281.0935657,3.0,2.0,-61.0
1775635281.1035657,0.0,0.0,-67.0
1775635281.1135654,2.0,3.0,-66.0
1775635281.1235654,0.0,3.0,-67.0
1775635281.1335654,4.0,1.0,-68.0
1775635281.1435654,0.0,1.0,-65.0
1775635281.1535654,3.0,2.0,-64.0
1775635281.1635654,0.0,2.0,-59.0
1775635281.1735654,-4.0,-1.0,-54.0
1775635281.1835654,-3.0,-3.0,-59.0
1775635281.1935654,1.0,-5.0,-63.0
1775635281.2035654,0.0,-4.0,-59.0
1775635281.213565,-1.0,0.0,-52.0
1775635281.223565,-4.0,1.0,-58.0
1775635281.233565,0.0,4.0,-59.0
1775635281.243565,-1.0,2.0,-65.0
1775635281.2535653,-3.0,1.0,-68.0
1775635281.2635653,-1.0,0.0,-70.0
1775635281.2735653,0.0,1.0,-68.0
1775635281.2835653,-2.0,1.0,-68.0
1775635281.2935653,-1.0,2.0,-68.0
1775635281.3035655,-2.0,-1.0,-72.0
1775635281.3135655,0.0,0.0,-74.0
1775635281.3235655,0.0,0.0,-73.0
1775635281.3335657,2.0,0.0,-70.0
1775635281.3435657,1.0,0.0,-71.0
1775635281.3535657,-3.0,1.0,-70.0
1775635281.3635654,-4.0,-1.0,-76.0
1775635281.3735654,-2.0,0.0,-70.0
1775635281.3835654,-1.0,0.0,-76.0
1775635281.3935654,-1.0,1.0,-73.0
1775635281.4035654,0.0,-1.0,-69.0
1775635281.4135654,-3.0,-3.0,-71.0
1775635281.4235654,-3.0,-1.0,-73.0
1775635281.4335654,-1.0,1.0,-72.0
1775635281.4435654,-4.0,3.0,-70.0
1775635281.4535654,-2.0,2.0,-66.0
1775635281.463565,-1.0,-2.0,-76.0
1775635281.473565,-2.0,-3.0,-80.0
1775635281.483565,-2.0,-5.0,-82.0
1775635281.493565,-2.0,-6.0,-72.0
1775635281.5035653,-4.0,-4.0,-63.0
1775635281.5135653,-3.0,-1.0,-65.0
1775635281.5235653,4.0,-1.0,-70.0
1775635281.5335653,6.0,-1.0,-69.0
1775635281.5435653,2.0,-3.0,-69.0
1775635281.5535655,0.0,-3.0,-74.0
1775635281.5635655,-2.0,0.0,-74.0
1775635281.5735655,0.0,-2.0,-69.0
1775635281.5835657,2.0,0.0,-66.0
1775635281.5935657,7.0,0.0,-68.0
1775635281.6035657,8.0,-1.0,-66.0
1775635281.6135654,5.0,1.0,-67.0
1775635281.6235654,0.0,0.0,-71.0
1775635281.6335654,-1.0,0.0,-67.0
1775635281.6435654,0.0,-2.0,-63.0
1775635281.6535654,3.0,-1.0,-68.0
1775635281.6635654,0.0,0.0,-70.0
1775635281.6735654,0.0,-2.0,-70.0
1775635281.6835654,0.0,-2.0,-72.0
1775635281.6935654,0.0,0.0,-78.0
1775635281.7035654,2.0,-2.0,-77.0
1775635281.713565,-1.0,-4.0,-83.0
1775635281.723565,-5.0,-2.0,-76.0
1775635281.733565,-6.0,-1.0,-66.0
1775635281.743565,-4.0,-1.0,-63.0
1775635281.7535653,0.0,-6.0,-67.0
1775635281.7635653,1.0,-6.0,-67.0
1775635281.7735653,1.0,-7.0,-71.0
1775635281.7835653,3.0,-5.0,-72.0
1775635281.7935653,1.0,-6.0,-74.0
1775635281.8035655,4.0,-4.0,-74.0
1775635281.8135655,0.0,1.0,-78.0
1775635281.8235655,2.0,0.0,-71.0
1775635281.8335657,0.0,-3.0,-68.0
1775635281.8435657,-1.0,-4.0,-67.0
1775635281.8535657,-6.0,0.0,-63.0
1775635281.8635654,-7.0,-3.0,-59.0
1775635281.8735654,-4.0,-2.0,-56.0
1775635281.8835654,-5.0,1.0,-53.0
1775635281.8935654,-2.0,1.0,-59.0
1775635281.9035654,0.0,0.0,-61.0
1775635281.9135654,0.0,3.0,-65.0
1775635281.9235654,-2.0,2.0,-68.0
1775635281.9335654,-5.0,1.0,-70.0
1775635281.9435654,-1.0,4.0,-60.0
1775635281.9535654,0.0,4.0,-66.0
1775635281.963565,-2.0,4.0,-69.0
1775635281.973565,-3.0,2.0,-63.0
1775635281.983565,-2.0,-1.0,-64.0
1775635281.993565,-2.0,1.0,-69.0
1775635282.0035653,0.0,-4.0,-73.0
1775635282.0135653,0.0,-5.0,-75.0
1775635282.0235653,0.0,-3.0,-68.0
1775635282.0335653,5.0,0.0,-64.0
1775635282.0435653,-2.0,-1.0,-58.0
1775635282.0535655,-6.0,-5.0,-63.0
1775635282.0635655,-8.0,-7.0,-59.0
1775635282.0735655,-9.0,-5.0,-64.0
1775635282.0835657,-2.0,-2.0,-70.0
1775635282.0935657,-4.0,2.0,-71.0
1775635282.1035657,1.0,2.0,-73.0
1775635282.1135654,2.0,-1.0,-68.0
1775635282.1235654,-1.0,0.0,-69.0
1775635282.1335654,0.0,-1.0,-73.0
1775635282.1435654,-2.0,-1.0,-68.0
1775635282.1535654,-1.0,-4.0,-71.0
1775635282.1635654,-1.0,-3.0,-60.0
1775635282.1735654,1.0,-4.0,-64.0
1775635282.1835654,-3.0,-4.0,-68.0
1775635282.1935654,-3.0,-5.0,-67.0
1775635282.2035654,-4.0,-3.0,-65.0
1775635282.213565,-2.0,-7.0,-58.0
1775635282.223565,0.0,-3.0,-55.0
1775635282.233565,-3.0,-4.0,-60.0
1775635282.243565,-2.0,-4.0,-64.0
1775635282.2535653,1.0,-6.0,-62.0
1775635282.2635653,2.0,-10.0,-61.0
1775635282.2735653,7.0,-6.0,-55.0
1775635282.2835653,8.0,-1.0,-56.0
1775635282.2935653,5.0,0.0,-59.0
1775635282.3035655,2.0,0.0,-64.0
1775635282.3135655,2.0,-1.0,-62.0
1775635282.3235655,0.0,0.0,-64.0
1775635282.3335657,0.0,-1.0,-65.0
1775635282.3435657,-2.0,-2.0,-69.0
1775635282.3535657,-3.0,-4.0,-69.0
1775635282.3635654,-2.0,-3.0,-72.0
1775635282.3735654,2.0,-1.0,-77.0
1775635282.3835654,5.0,0.0,-77.0
1775635282.3935654,6.0,-2.0,-79.0
1775635282.4035654,0.0,-4.0,-70.0
1775635282.4135654,-7.0,-4.0,-70.0
1775635282.4235654,-8.0,-9.0,-73.0
1775635282.4335654,-6.0,-6.0,-73.0
1775635282.4435654,-6.0,-3.0,-67.0
1775635282.4535654,0.0,-2.0,-72.0
1775635282.463565,-3.0,-1.0,-76.0
1775635282.473565,-3.0,-2.0,-74.0
1775635282.483565,4.0,-1.0,-64.0
1775635282.493565,3.0,-2.0,-65.0
1775635282.5035653,-3.0,-2.0,-66.0
1775635282.5135653,-3.0,-4.0,-65.0
1775635282.5235653,-4.0,1.0,-69.0
1775635282.5335653,0.0,1.0,-67.0
1775635282.5435653,-2.0,3.0,-65.0
1775635282.5535655,-5.0,0.0,-73.0
1775635282.5635655,-7.0,-2.0,-72.0
1775635282.5735655,-7.0,-4.0,-71.0
1775635282.5845654,-8.0,-2.0,-64.0
1775635282.5945654,-6.0,0.0,-66.0
1775635282.6045654,-10.0,-2.0,-63.0
1775635282.6145654,-10.0,-2.0,-64.0
1775635282.6245654,-7.0,-4.0,-70.0
1775635282.6345654,-4.0,-6.0,-69.0
1775635282.644565,-2.0,-1.0,-68.0
1775635282.654565,-2.0,-5.0,-65.0
1775635282.664565,0.0,-2.0,-61.0
1775635282.6745653,-2.0,-11.0,-60.0
1775635282.6845653,1.0,-11.0,-67.0
1775635282.6945653,-1.0,-9.0,-67.0
1775635282.7045653,-3.0,-7.0,-68.0
1775635282.7145653,-1.0,-3.0,-70.0
1775635282.7245653,4.0,-3.0,-73.0
1775635282.7345655,6.0,-8.0,-70.0
1775635282.7445655,5.0,-6.0,-71.0
1775635282.7545657,1.0,-5.0,-70.0
1775635282.7645657,4.0,-3.0,-67.0
1775635282.7745657,3.0,-5.0,-70.0
1775635282.7845654,1.0,0.0,-77.0
1775635282.7945654,2.0,0.0,-74.0
1775635282.8045654,2.0,0.0,-79.0
1775635282.8145654,4.0,-5.0,-80.0
1775635282.8245654,0.0,-9.0,-75.0
1775635282.8345654,-4.0,-6.0,-73.0
1775635282.8445654,0.0,-3.0,-71.0
1775635282.8545654,-3.0,0.0,-71.0
1775635282.8645654,-7.0,-3.0,-65.0
1775635282.8745654,-2.0,2.0,-63.0
1775635282.8845654,-1.0,4.0,-65.0
1775635282.894565,-2.0,5.0,-68.0
1775635282.904565,-3.0,5.0,-72.0
1775635282.914565,-1.0,1.0,-74.0
1775635282.9245653,2.0,0.0,-75.0
1775635282.9345653,2.0,-3.0,-75.0
1775635282.9445653,3.0,2.0,-68.0
1775635282.9545653,2.0,2.0,-68.0
1775635282.9645653,-1.0,-3.0,-74.0
1775635282.9745653,0.0,-3.0,-75.0
1775635282.9845655,-3.0,-3.0,-69.0
1775635282.9945655,-1.0,-3.0,-71.0
1775635283.0045657,-1.0,-1.0,-72.0
1775635283.0145657,0.0,-1.0,-69.0
1775635283.0245657,-3.0,2.0,-65.0
1775635283.0345654,-5.0,8.0,-66.0
1775635283.0445654,-5.0,11.0,-62.0
1775635283.0545654,-5.0,7.0,-59.0
1775635283.0645654,2.0,2.0,-63.0
1775635283.0745654,0.0,3.0,-58.0
1775635283.0845654,-1.0,-1.0,-60.0
1775635283.0945654,-4.0,0.0,-61.0
1775635283.1045654,-7.0,-1.0,-66.0
1775635283.1145654,-5.0,2.0,-61.0
1775635283.1245654,-4.0,4.0,-62.0
1775635283.1345654,-3.0,2.0,-61.0
1775635283.144565,-2.0,2.0,-58.0
1775635283.154565,0.0,4.0,-51.0
1775635283.164565,0.0,5.0,-48.0
1775635283.1745653,-7.0,4.0,-52.0
1775635283.1845653,-8.0,0.0,-54.0
1775635283.1945653,-9.0,0.0,-61.0
1775635283.2045653,-8.0,0.0,-62.0
1775635283.2145653,-5.0,2.0,-54.0
1775635283.2245653,-9.0,1.0,-56.0
1775635283.2345655,-7.0,3.0,-59.0
1775635283.2445655,-8.0,2.0,-59.0
1775635283.2545657,-5.0,2.0,-61.0
1775635283.2645657,-3.0,-5.0,-60.0
1775635283.2745657,0.0,-3.0,-55.0
1775635283.2845654,-3.0,0.0,-53.0
1775635283.2945654,-5.0,4.0,-57.0
1775635283.3045654,-2.0,1.0,-57.0
1775635283.3145654,-1.0,3.0,-58.0
1775635283.3245654,-3.0,5.0,-57.0
1775635283.3345654,-3.0,3.0,-56.0
1775635283.3445654,-1.0,6.0,-56.0
1775635283.3545654,-2.0,8.0,-59.0
1775635283.3645654,-2.0,6.0,-66.0
1775635283.3745654,-3.0,7.0,-67.0
1775635283.3845654,-6.0,4.0,-65.0
1775635283.394565,-7.0,-2.0,-65.0
1775635283.404565,-3.0,-1.0,-70.0
1775635283.414565,0.0,-2.0,-75.0
1775635283.4245653,0.0,2.0,-73.0
1775635283.4345653,0.0,2.0,-75.0
1775635283.4445653,-2.0,4.0,-71.0
1775635283.4545653,-8.0,2.0,-67.0
1775635283.4645653,-7.0,1.0,-63.0
1775635283.4745653,-5.0,0.0,-60.0
1775635283.4845655,-7.0,-3.0,-64.0
1775635283.4945655,-8.0,-3.0,-73.0
1775635283.5045657,-4.0,-4.0,-72.0
1775635283.5145657,0.0,-3.0,-69.0
1775635283.5245657,0.0,-2.0,-64.0
1775635283.5345654,3.0,-1.0,-65.0
1775635283.5445654,5.0,0.0,-63.0
1775635283.5545654,1.0,5.0,-57.0
1775635283.5645654,0.0,2.0,-58.0
1775635283.5745654,0.0,6.0,-60.0
1775635283.5845654,-1.0,3.0,-64.0
1775635283.5945654,-1.0,3.0,-65.0
1775635283.6045654,1.0,0.0,-67.0
1775635283.6145654,4.0,-1.0,-69.0
1775635283.6245654,6.0,0.0,-67.0
1775635283.6345654,1.0,0.0,-72.0
1775635283.644565,0.0,2.0,-69.0
1775635283.654565,0.0,1.0,-71.0
1775635283.664565,0.0,-1.0,-73.0
1775635283.6745653,2.0,-5.0,-72.0
1775635283.6845653,1.0,-4.0,-74.0
1775635283.6945653,0.0,0.0,-72.0
1775635283.7045653,3.0,0.0,-68.0
1775635283.7145653,0.0,0.0,-72.0
1775635283.7245653,0.0,0.0,-71.0
1775635283.7345655,0.0,-3.0,-69.0
1775635283.7445655,0.0,0.0,-73.0
1775635283.7545657,0.0,2.0,-70.0
1775635283.7645657,-5.0,-1.0,-71.0
1775635283.7745657,-3.0,-3.0,-76.0
1775635283.7845654,-4.0,-2.0,-77.0
1775635283.7945654,-4.0,0.0,-75.0
1775635283.8045654,-5.0,0.0,-75.0
1775635283.8145654,-2.0,0.0,-71.0
1775635283.8245654,-4.0,1.0,-67.0
1775635283.8345654,-4.0,4.0,-71.0
1775635283.8445654,-6.0,2.0,-70.0
1775635283.8545654,-10.0,1.0,-68.0
1775635283.8645654,-3.0,0.0,-69.0
1775635283.8745654,-1.0,1.0,-76.0
1775635283.8845654,-3.0,1.0,-68.0
1775635283.894565,0.0,4.0,-67.0
1775635283.904565,3.0,2.0,-75.0
1775635283.914565,0.0,0.0,-77.0
1775635283.9245653,2.0,-2.0,-70.0
1775635283.9345653,-1.0,1.0,-65.0
1775635283.9445653,-4.0,0.0,-71.0
1775635283.9545653,-5.0,0.0,-71.0
1775635283.9645653,-2.0,1.0,-74.0
1775635283.9755654,0.0,2.0,-75.0
1775635283.9845655,1.0,-1.0,-74.0
1775635283.9945655,0.0,-2.0,-81.0
1775635284.0045657,0.0,-6.0,-73.0
1775635284.0145657,0.0,-6.0,-73.0
1775635284.0245657,1.0,0.0,-70.0
1775635284.0345654,4.0,1.0,-69.0
1775635284.0445654,6.0,1.0,-67.0
1775635284.0545654,5.0,-1.0,-69.0
1775635284.0645654,7.0,-3.0,-74.0
1775635284.0745654,8.0,1.0,-72.0
1775635284.0845654,10.0,2.0,-73.0
1775635284.0945654,10.0,1.0,-73.0
1775635284.1045654,8.0,-1.0,-74.0
1775635284.1145654,5.0,1.0,-71.0
1775635284.1245654,7.0,2.0,-64.0
1775635284.1345654,8.0,0.0,-63.0
1775635284.144565,4.0,0.0,-67.0
1775635284.154565,4.0,-3.0,-68.0
1775635284.164565,2.0,-4.0,-68.0
1775635284.1745653,0.0,-6.0,-64.0
1775635284.1845653,-2.0,-7.0,-62.0
1775635284.1945653,-4.0,-5.0,-61.0
1775635284.2045653,-2.0,-4.0,-62.0
1775635284.2145653,-5.0,-5.0,-64.0
1775635284.2245653,-6.0,-2.0,-60.0
1775635284.2345655,-3.0,-1.0,-62.0
1775635284.2445655,-1.0,-2.0,-68.0
1775635284.2545657,5.0,-4.0,-65.0
1775635284.2645657,2.0,-5.0,-63.0
1775635284.2745657,2.0,-6.0,-63.0
1775635284.2845654,4.0,-5.0,-69.0
1775635284.2945654,1.0,-7.0,-66.0
1775635284.3045654,2.0,-5.0,-64.0
1775635284.3145654,6.0,-5.0,-63.0
1775635284.3245654,4.0,-1.0,-60.0
1775635284.3345654,5.0,-2.0,-60.0
1775635284.3445654,4.0,1.0,-61.0
1775635284.3545654,0.0,2.0,-62.0
1775635284.3645654,-1.0,1.0,-60.0
1775635284.3745654,-2.0,1.0,-57.0
1775635284.3845654,0.0,0.0,-57.0
1775635284.394565,2.0,-2.0,-62.0
1775635284.404565,2.0,0.0,-68.0
1775635284.414565,5.0,1.0,-71.0
1775635284.4245653,1.0,2.0,-71.0
1775635284.4345653,1.0,4.0,-72.0
1775635284.4445653,-1.0,3.0,-69.0
1775635284.4545653,-1.0,1.0,-78.0
1775635284.4645653,-1.0,0.0,-79.0
1775635284.4745653,-4.0,1.0,-69.0
1775635284.4845655,-3.0,0.0,-73.0
1775635284.4945655,1.0,-6.0,-67.0
1775635284.5045657,3.0,-3.0,-67.0
1775635284.5145657,4.0,-5.0,-66.0
1775635284.5245657,8.0,-7.0,-63.0
1775635284.5345654,6.0,-7.0,-69.0
1775635284.5445654,2.0,-9.0,-67.0
1775635284.5545654,-1.0,-8.0,-62.0
1775635284.5645654,0.0,-8.0,-58.0
1775635284.5745654,0.0,-7.0,-61.0
1775635284.5845654,1.0,-6.0,-62.0
1775635284.5945654,2.0,0.0,-65.0
1775635284.6045654,4.0,5.0,-68.0
1775635284.6145654,8.0,6.0,-70.0
1775635284.6245654,13.0,5.0,-70.0
1775635284.6345654,13.0,0.0,-71.0
1775635284.644565,18.0,0.0,-73.0
1775635284.654565,13.0,4.0,-72.0
1775635284.664565,14.0,1.0,-70.0
1775635284.6745653,11.0,2.0,-70.0
1775635284.6845653,9.0,2.0,-67.0
1775635284.6945653,7.0,2.0,-61.0
1775635284.7045653,4.0,1.0,-59.0
1775635284.7145653,3.0,0.0,-62.0
1775635284.7245653,2.0,-4.0,-63.0
1775635284.7345655,0.0,1.0,-66.0
1775635284.7445655,0.0,2.0,-75.0
1775635284.7545657,0.0,0.0,-64.0
1775635284.7645657,5.0,-1.0,-56.0
1775635284.7745657,0.0,-3.0,-57.0
1775635284.7845654,0.0,1.0,-67.0
1775635284.7945654,2.0,0.0,-67.0
1775635284.8045654,-3.0,-1.0,-67.0
1775635284.8145654,0.0,2.0,-71.0
1775635284.8245654,0.0,-1.0,-66.0
1775635284.8345654,0.0,-7.0,-65.0
1775635284.8445654,1.0,-9.0,-62.0
1775635284.8545654,0.0,-7.0,-59.0
1775635284.8645654,0.0,-5.0,-59.0
1775635284.8745654,5.0,-3.0,-55.0
1775635284.8845654,0.0,-9.0,-61.0
1775635284.8955653,0.0,-9.0,-69.0
1775635284.9055655,-3.0,-8.0,-69.0
1775635284.9155655,-4.0,-4.0,-63.0
1775635284.9255655,-1.0,-2.0,-63.0
1775635284.9355657,1.0,0.0,-66.0
1775635284.9455657,0.0,-3.0,-67.0
1775635284.9555657,5.0,-2.0,-62.0
1775635284.9655654,3.0,0.0,-62.0
1775635284.9755654,-2.0,4.0,-60.0
1775635284.9845655,-7.0,3.0,-63.0
1775635284.9955654,-3.0,8.0,-61.0
1775635285.0055654,-3.0,9.0,-62.0
1775635285.0155654,-1.0,4.0,-67.0
1775635285.0255654,4.0,2.0,-67.0
1775635285.0355654,6.0,1.0,-67.0
1775635285.0455654,1.0,-3.0,-71.0
1775635285.0555654,2.0,-7.0,-77.0
1775635285.065565,0.0,-11.0,-72.0
1775635285.075565,3.0,-8.0,-70.0
1775635285.085565,2.0,-6.0,-64.0
1775635285.0955653,2.0,-3.0,-69.0
1775635285.1055653,2.0,-6.0,-73.0
1775635285.1155653,0.0,-5.0,-73.0
1775635285.1255653,-2.0,-4.0,-73.0
1775635285.1355653,0.0,0.0,-75.0
1775635285.1455653,0.0,0.0,-74.0
1775635285.1555655,-1.0,2.0,-71.0
1775635285.1655655,-5.0,0.0,-73.0
1775635285.1755655,-7.0,2.0,-74.0
1775635285.1855657,-7.0,4.0,-71.0
1775635285.1955657,-5.0,0.0,-77.0
1775635285.2055657,-8.0,0.0,-81.0
1775635285.2155654,-8.0,2.0,-75.0
1775635285.2255654,-7.0,-4.0,-68.0
1775635285.2355654,-6.0,-9.0,-66.0
1775635285.2455654,-6.0,-9.0,-64.0
1775635285.2555654,-5.0,-4.0,-68.0
1775635285.2655654,-3.0,3.0,-75.0
1775635285.2755654,-10.0,1.0,-84.0
1775635285.2855654,-5.0,2.0,-78.0
1775635285.2955654,-5.0,4.0,-72.0
1775635285.3055654,-5.0,1.0,-75.0
1775635285.315565,-3.0,3.0,-71.0
1775635285.325565,-1.0,2.0,-71.0
1775635285.335565,-2.0,1.0,-67.0
1775635285.3455653,-7.0,2.0,-65.0
1775635285.3555653,-9.0,0.0,-60.0
1775635285.3655653,-7.0,0.0,-62.0
1775635285.3755653,-8.0,3.0,-65.0
1775635285.3855653,-2.0,3.0,-64.0
1775635285.3955653,-1.0,0.0,-63.0
1775635285.4055655,-5.0,-3.0,-67.0
1775635285.4155655,-9.0,-2.0,-74.0
1775635285.4255655,-6.0,1.0,-71.0
1775635285.4355657,-5.0,-2.0,-73.0
1775635285.4455657,-6.0,0.0,-73.0
1775635285.4555657,-5.0,-2.0,-75.0
1775635285.4655654,-5.0,-2.0,-74.0
1775635285.4755654,-3.0,-4.0,-75.0
1775635285.4855654,-1.0,-4.0,-76.0
1775635285.4955654,1.0,-4.0,-75.0
1775635285.5055654,-3.0,-3.0,-76.0
1775635285.5155654,-3.0,0.0,-73.0
1775635285.5255654,0.0,-2.0,-71.0
1775635285.5355654,0.0,-2.0,-76.0
1775635285.5455654,-2.0,-4.0,-73.0
1775635285.5555654,-3.0,-3.0,-73.0
1775635285.565565,-3.0,-3.0,-73.0
1775635285.575565,-1.0,-2.0,-72.0
1775635285.585565,0.0,-4.0,-69.0
1775635285.5955653,-3.0,0.0,-69.0
1775635285.6055653,-2.0,0.0,-62.0
1775635285.6155653,0.0,1.0,-58.0
1775635285.6255653,-1.0,1.0,-65.0
1775635285.6355653,-2.0,-1.0,-67.0
1775635285.6455653,-1.0,-2.0,-67.0
1775635285.6555655,-1.0,-5.0,-67.0
1775635285.6655655,3.0,-2.0,-63.0
1775635285.6755655,1.0,-2.0,-58.0
1775635285.6855657,4.0,-2.0,-58.0
1775635285.6955657,4.0,0.0,-71.0
1775635285.7055657,-1.0,1.0,-71.0
1775635285.7155654,-3.0,0.0,-74.0
1775635285.7255654,-1.0,-2.0,-71.0
1775635285.7355654,-2.0,-1.0,-72.0
1775635285.7455654,0.0,0.0,-66.0
1775635285.7555654,3.0,1.0,-67.0
1775635285.7655654,3.0,1.0,-71.0
1775635285.7755654,2.0,3.0,-77.0
1775635285.7855654,2.0,3.0,-73.0
1775635285.7955654,0.0,5.0,-78.0
1775635285.8055654,2.0,4.0,-67.0
1775635285.815565,2.0,4.0,-66.0
1775635285.825565,0.0,4.0,-63.0
1775635285.835565,-2.0,4.0,-61.0
1775635285.8455653,1.0,1.0,-57.0
1775635285.8555653,-3.0,0.0,-58.0
1775635285.8655653,-5.0,0.0,-63.0
1775635285.8755653,-5.0,0.0,-67.0
1775635285.8855653,-4.0,5.0,-62.0
1775635285.8955653,-5.0,7.0,-59.0
1775635285.9055655,-7.0,4.0,-52.0
1775635285.9155655,-9.0,1.0,-57.0
1775635285.9255655,-12.0,1.0,-61.0
1775635285.9355657,-9.0,0.0,-64.0
1775635285.9455657,-8.0,0.0,-56.0
1775635285.9555657,-6.0,-1.0,-55.0
1775635285.9655654,-8.0,-2.0,-57.0
1775635285.9755654,-5.0,-4.0,-65.0
1775635285.9855654,-2.0,0.0,-65.0
1775635285.9955654,0.0,2.0,-64.0
1775635286.0055654,-2.0,2.0,-70.0
1775635286.0155654,-8.0,-1.0,-65.0
1775635286.0255654,-4.0,-4.0,-65.0
1775635286.0355654,-3.0,-6.0,-55.0
1775635286.0455654,-2.0,-7.0,-54.0
1775635286.0555654,-3.0,-3.0,-57.0
1775635286.065565,-8.0,-1.0,-57.0
1775635286.075565,-5.0,-4.0,-56.0
1775635286.085565,0.0,-6.0,-56.0
1775635286.0955653,3.0,-3.0,-63.0
1775635286.1055653,1.0,-1.0,-58.0
1775635286.1155653,1.0,-3.0,-67.0
1775635286.1255653,3.0,0.0,-75.0
1775635286.1355653,1.0,-4.0,-72.0
1775635286.1455653,2.0,0.0,-69.0
1775635286.1555655,5.0,0.0,-65.0
1775635286.1655655,5.0,0.0,-65.0
1775635286.1755655,4.0,-1.0,-67.0
1775635286.1855657,6.0,-5.0,-70.0
1775635286.1955657,7.0,0.0,-72.0
1775635286.2055657,6.0,-2.0,-65.0
1775635286.2155654,6.0,-4.0,-66.0
1775635286.2255654,4.0,-5.0,-65.0
1775635286.2355654,2.0,-8.0,-61.0
1775635286.2455654,4.0,-10.0,-60.0
1775635286.2555654,4.0,-9.0,-62.0
1775635286.2655654,-2.0,-2.0,-61.0
1775635286.2755654,-2.0,-2.0,-59.0
1775635286.2855654,-2.0,-2.0,-57.0
1775635286.2955654,0.0,0.0,-60.0
1775635286.3055654,0.0,2.0,-64.0
1775635286.315565,0.0,2.0,-56.0
1775635286.325565,2.0,3.0,-53.0
1775635286.335565,5.0,3.0,-58.0
1775635286.3455653,4.0,3.0,-62.0
1775635286.3555653,9.0,1.0,-58.0
1775635286.3655653,7.0,0.0,-52.0
1775635286.3755653,8.0,-2.0,-57.0
1775635286.3855653,0.0,-2.0,-60.0
1775635286.3955653,0.0,0.0,-62.0
1775635286.4055655,-1.0,0.0,-66.0
1775635286.4155655,-5.0,1.0,-67.0
1775635286.4255655,-4.0,1.0,-69.0
1775635286.4355657,-3.0,2.0,-69.0
1775635286.4455657,-1.0,0.0,-70.0
1775635286.4555657,-4.0,1.0,-72.0
1775635286.4655654,0.0,3.0,-75.0
1775635286.4755654,0.0,2.0,-68.0
1775635286.4855654,1.0,-1.0,-65.0
1775635286.4955654,1.0,0.0,-65.0
1775635286.5055654,0.0,-1.0,-67.0
1775635286.5155654,3.0,2.0,-72.0
1775635286.5255654,-1.0,3.0,-74.0
1775635286.5355654,-3.0,5.0,-70.0
1775635286.5455654,-4.0,2.0,-72.0
1775635286.5555654,-2.0,0.0,-73.0
1775635286.565565,-4.0,-3.0,-73.0
1775635286.575565,-3.0,-2.0,-69.0
1775635286.585565,-1.0,2.0,-69.0
1775635286.5955653,2.0,5.0,-68.0
1775635286.6055653,6.0,5.0,-64.0
1775635286.6155653,3.0,6.0,-63.0
1775635286.6255653,0.0,7.0,-66.0
1775635286.6355653,-1.0,2.0,-71.0
1775635286.6455653,0.0,1.0,-69.0
1775635286.6555655,3.0,-2.0,-67.0
1775635286.6655655,0.0,0.0,-75.0
1775635286.6755655,1.0,1.0,-78.0
1775635286.6855657,0.0,-1.0,-78.0
1775635286.6955657,0.0,0.0,-82.0
1775635286.7055657,-1.0,0.0,-80.0
1775635286.7155654,-1.0,-3.0,-76.0
1775635286.7255654,0.0,-3.0,-76.0
1775635286.7355654,-2.0,-4.0,-79.0
1775635286.7455654,-2.0,-1.0,-78.0
1775635286.7555654,0.0,0.0,-78.0
1775635286.7655654,1.0,-1.0,-76.0
1775635286.7755654,3.0,-6.0,-76.0
1775635286.7855654,0.0,-6.0,-80.0
1775635286.7955654,2.0,-8.0,-78.0
1775635286.8055654,-1.0,-2.0,-76.0
1775635286.815565,-6.0,0.0,-73.0
1775635286.825565,-6.0,-7.0,-73.0
1775635286.835565,-6.0,-10.0,-72.0
1775635286.8455653,-1.0,-5.0,-65.0
1775635286.8555653,-1.0,-2.0,-62.0
1775635286.8655653,0.0,-3.0,-53.0
1775635286.8755653,-1.0,-5.0,-56.0
1775635286.8855653,-2.0,-2.0,-59.0
1775635286.8955653,-6.0,-1.0,-54.0
1775635286.9055655,-6.0,1.0,-55.0
1775635286.9155655,0.0,-2.0,-53.0
1775635286.9255655,1.0,-2.0,-52.0
1775635286.9355657,0.0,-1.0,-61.0
1775635286.9455657,0.0,-2.0,-67.0
1775635286.9555657,0.0,0.0,-65.0
1775635286.9655654,-1.0,0.0,-64.0
1775635286.9755654,-2.0,1.0,-60.0
1775635286.9855654,-3.0,1.0,-63.0
1775635286.9955654,-4.0,-4.0,-68.0
1775635287.0055654,-3.0,-3.0,-66.0
1775635287.016565,-3.0,-1.0,-66.0
1775635287.0255654,-2.0,-4.0,-70.0
1775635287.0355654,-2.0,-6.0,-73.0
1775635287.0455654,-2.0,-1.0,-66.0
1775635287.0555654,-2.0,1.0,-66.0
1775635287.065565,0.0,2.0,-68.0
1775635287.075565,4.0,0.0,-65.0
1775635287.085565,2.0,3.0,-57.0
1775635287.0955653,1.0,4.0,-64.0
1775635287.1055653,-4.0,4.0,-65.0
1775635287.1155653,-6.0,0.0,-61.0
1775635287.1255653,-6.0,2.0,-62.0
1775635287.1355653,-2.0,5.0,-69.0
1775635287.1455653,0.0,2.0,-71.0
1775635287.1555655,4.0,4.0,-69.0
1775635287.1655655,8.0,3.0,-65.0
1775635287.1755655,5.0,2.0,-68.0
1775635287.1865654,4.0,0.0,-67.0
1775635287.1955657,2.0,0.0,-67.0
1775635287.2055657,2.0,-1.0,-66.0
1775635287.2155654,0.0,-2.0,-67.0
1775635287.2255654,-2.0,-1.0,-70.0
1775635287.2365654,-3.0,2.0,-72.0
1775635287.246565,-2.0,2.0,-76.0
1775635287.256565,2.0,5.0,-72.0
1775635287.266565,5.0,7.0,-66.0
1775635287.2765653,3.0,1.0,-64.0
1775635287.2865653,5.0,1.0,-65.0
1775635287.2965653,2.0,0.0,-65.0
1775635287.3065653,3.0,1.0,-74.0
1775635287.315565,-2.0,2.0,-70.0
1775635287.3265653,-3.0,0.0,-64.0
1775635287.3365655,-6.0,0.0,-55.0
1775635287.3465655,-3.0,3.0,-56.0
1775635287.3565657,0.0,4.0,-59.0
1775635287.3665657,-2.0,0.0,-58.0
1775635287.3765657,-4.0,0.0,-61.0
1775635287.3865654,-7.0,0.0,-65.0
1775635287.3965654,-8.0,0.0,-72.0
1775635287.4065654,-8.0,-4.0,-74.0
1775635287.4165654,-7.0,-6.0,-70.0
1775635287.4265654,-5.0,-2.0,-74.0
1775635287.4365654,-1.0,0.0,-73.0
1775635287.4465654,2.0,4.0,-78.0
1775635287.4565654,3.0,3.0,-75.0
1775635287.4665654,0.0,2.0,-76.0
1775635287.4765654,-2.0,0.0,-75.0
1775635287.4865654,-4.0,-1.0,-74.0
1775635287.496565,2.0,-4.0,-75.0
1775635287.506565,0.0,-5.0,-81.0
1775635287.516565,-2.0,-6.0,-79.0
1775635287.5265653,-4.0,-1.0,-78.0
1775635287.5365653,-1.0,0.0,-67.0
1775635287.5465653,0.0,-4.0,-65.0
1775635287.5565653,-1.0,-1.0,-63.0
1775635287.5665653,-5.0,-8.0,-69.0
1775635287.5765653,-7.0,-7.0,-71.0
1775635287.5865655,-2.0,-5.0,-79.0
1775635287.5965655,-1.0,-6.0,-79.0
1775635287.6065657,-7.0,-4.0,-75.0
1775635287.6165657,-6.0,-1.0,-76.0
1775635287.6265657,-4.0,1.0,-78.0
1775635287.6365654,-2.0,-2.0,-73.0
1775635287.6465654,-3.0,-2.0,-63.0
1775635287.6565654,-3.0,0.0,-56.0
1775635287.6665654,-2.0,0.0,-50.0
1775635287.6765654,-1.0,-1.0,-51.0
1775635287.6865654,-3.0,-1.0,-57.0
1775635287.6965654,-2.0,0.0,-64.0
1775635287.7065654,-1.0,0.0,-64.0
1775635287.7165654,-6.0,-3.0,-62.0
1775635287.7265654,-8.0,-2.0,-64.0
1775635287.7365654,-6.0,-3.0,-62.0
1775635287.746565,-2.0,-1.0,-66.0
1775635287.756565,1.0,0.0,-67.0
1775635287.766565,0.0,1.0,-63.0
1775635287.7765653,0.0,1.0,-67.0
1775635287.7865653,-1.0,1.0,-67.0
1775635287.7965653,2.0,3.0,-62.0
1775635287.8065653,1.0,4.0,-61.0
1775635287.8165653,-1.0,0.0,-65.0
1775635287.8265653,0.0,-1.0,-68.0
1775635287.8365655,-1.0,0.0,-71.0
1775635287.8465655,-1.0,-2.0,-66.0
1775635287.8565657,-4.0,0.0,-66.0
1775635287.8665657,-1.0,0.0,-66.0
1775635287.8765657,-4.0,1.0,-60.0
1775635287.8865654,-2.0,0.0,-57.0
1775635287.8965654,0.0,-1.0,-61.0
1775635287.9065654,1.0,-3.0,-70.0
1775635287.9165654,3.0,-3.0,-69.0
1775635287.9265654,0.0,-2.0,-71.0
1775635287.9365654,-4.0,-4.0,-69.0
1775635287.9465654,-3.0,-4.0,-62.0
1775635287.9565654,-6.0,-2.0,-65.0
1775635287.9665654,-1.0,-2.0,-69.0
1775635287.9765654,5.0,-2.0,-75.0
1775635287.9865654,10.0,-5.0,-74.0
1775635287.996565,12.0,-5.0,-71.0
1775635288.006565,7.0,0.0,-68.0
1775635288.016565,6.0,-2.0,-68.0
1775635288.0265653,8.0,-4.0,-61.0
1775635288.0365653,4.0,1.0,-57.0
1775635288.0465653,0.0,3.0,-53.0
1775635288.0565653,-1.0,5.0,-50.0
1775635288.0665653,-5.0,1.0,-54.0
1775635288.0765653,-9.0,0.0,-53.0
1775635288.0865655,-10.0,-5.0,-47.0
1775635288.0965655,-8.0,-6.0,-51.0
1775635288.1065657,-1.0,-5.0,-69.0
1775635288.1165657,-1.0,-5.0,-77.0
1775635288.1265657,-2.0,0.0,-77.0
1775635288.1365654,3.0,0.0,-76.0
1775635288.1465654,3.0,-2.0,-73.0
1775635288.1565654,1.0,0.0,-75.0
1775635288.1665654,3.0,3.0,-74.0
1775635288.1765654,1.0,0.0,-74.0
1775635288.1865654,0.0,0.0,-69.0
1775635288.1965654,-4.0,-4.0,-72.0
1775635288.2065654,-3.0,-5.0,-71.0
1775635288.2165654,-4.0,-4.0,-78.0
1775635288.2265654,-3.0,-5.0,-68.0
1775635288.2365654,-3.0,-4.0,-64.0
1775635288.246565,0.0,-5.0,-74.0
1775635288.256565,0.0,-4.0,-71.0
1775635288.266565,3.0,-3.0,-68.0
1775635288.2765653,5.0,-8.0,-71.0
1775635288.2865653,-2.0,-8.0,-75.0
1775635288.2965653,-4.0,0.0,-76.0
1775635288.3065653,-5.0,3.0,-74.0
1775635288.3165653,-4.0,0.0,-73.0
1775635288.3265653,-4.0,-1.0,-66.0
1775635288.3365655,-6.0,0.0,-68.0
1775635288.3465655,-4.0,0.0,-66.0
1775635288.3565657,-1.0,-2.0,-69.0
1775635288.3665657,3.0,-1.0,-72.0
1775635288.3765657,3.0,1.0,-72.0
1775635288.3865654,-3.0,-1.0,-79.0
1775635288.3965654,1.0,0.0,-71.0
1775635288.4065654,3.0,0.0,-70.0
1775635288.4165654,5.0,2.0,-72.0
1775635288.4265654,2.0,0.0,-66.0
1775635288.4365654,0.0,0.0,-75.0
1775635288.4465654,-5.0,0.0,-78.0
1775635288.4565654,-2.0,0.0,-73.0
1775635288.4665654,2.0,-1.0,-76.0
1775635288.4765654,7.0,-2.0,-75.0
1775635288.4865654,3.0,-2.0,-74.0
1775635288.496565,7.0,-2.0,-63.0
1775635288.506565,8.0,-3.0,-58.0
1775635288.516565,7.0,-2.0,-55.0
1775635288.5265653,8.0,-1.0,-59.0
1775635288.5365653,9.0,-2.0,-67.0
1775635288.5465653,8.0,-3.0,-67.0
1775635288.5565653,5.0,-2.0,-61.0
1775635288.5665653,2.0,-3.0,-66.0
1775635288.5765653,4.0,0.0,-60.0
1775635288.5865655,3.0,-2.0,-62.0
1775635288.5965655,8.0,-7.0,-65.0
1775635288.6065657,7.0,-7.0,-69.0
1775635288.6165657,7.0,-3.0,-72.0
1775635288.6265657,6.0,-3.0,-78.0
1775635288.6365654,7.0,3.0,-81.0
1775635288.6465654,11.0,4.0,-78.0
1775635288.6565654,10.0,0.0,-81.0
1775635288.6665654,5.0,-3.0,-81.0
1775635288.6765654,1.0,0.0,-83.0
1775635288.6865654,3.0,0.0,-72.0
1775635288.6965654,7.0,0.0,-75.0
1775635288.7065654,7.0,-7.0,-73.0
1775635288.7165654,4.0,-5.0,-73.0
1775635288.7265654,3.0,-9.0,-70.0
1775635288.7365654,1.0,-6.0,-65.0
1775635288.746565,1.0,-6.0,-60.0
1775635288.756565,2.0,-4.0,-58.0
1775635288.766565,2.0,-3.0,-64.0
1775635288.7765653,-2.0,0.0,-69.0
1775635288.7865653,-4.0,0.0,-63.0
1775635288.7965653,-4.0,-3.0,-63.0
1775635288.8065653,-5.0,-4.0,-72.0
1775635288.8165653,-2.0,0.0,-73.0
1775635288.8265653,-2.0,-1.0,-71.0
1775635288.8365655,0.0,-1.0,-67.0
1775635288.8465655,-2.0,-5.0,-64.0
1775635288.8565657,-3.0,-4.0,-70.0
1775635288.8665657,-3.0,-2.0,-72.0
1775635288.8765657,-3.0,-3.0,-74.0
1775635288.8865654,-4.0,-7.0,-68.0
1775635288.8965654,-2.0,-7.0,-65.0
1775635288.9065654,0.0,-7.0,-68.0
1775635288.9165654,-4.0,-7.0,-70.0
1775635288.9265654,-2.0,-6.0,-70.0
1775635288.9365654,0.0,-4.0,-70.0
1775635288.9465654,0.0,-4.0,-71.0
1775635288.9565654,0.0,-2.0,-69.0
1775635288.9665654,1.0,-4.0,-66.0
1775635288.9765654,1.0,-5.0,-65.0
1775635288.9865654,0.0,-4.0,-69.0
1775635288.996565,0.0,-3.0,-68.0
1775635289.006565,4.0,-2.0,-69.0
1775635289.016565,4.0,0.0,-73.0
1775635289.0265653,0.0,0.0,-70.0
1775635289.0365653,0.0,6.0,-64.0
1775635289.0465653,-3.0,7.0,-66.0
1775635289.0565653,-3.0,8.0,-76.0
1775635289.0665653,-2.0,6.0,-80.0
1775635289.0765653,-1.0,6.0,-79.0
1775635289.0865655,1.0,4.0,-72.0
1775635289.0965655,-3.0,4.0,-68.0
1775635289.1065657,-3.0,0.0,-68.0
1775635289.1165657,-3.0,-1.0,-75.0
1775635289.1265657,1.0,0.0,-77.0
1775635289.1365654,8.0,3.0,-73.0
1775635289.1465654,5.0,3.0,-71.0
1775635289.1565654,3.0,4.0,-75.0
1775635289.1665654,7.0,1.0,-74.0
1775635289.1765654,3.0,1.0,-74.0
1775635289.1865654,5.0,-2.0,-63.0
1775635289.1965654,5.0,1.0,-65.0
1775635289.2065654,8.0,1.0,-67.0
1775635289.2165654,7.0,4.0,-70.0
1775635289.2265654,1.0,1.0,-68.0
1775635289.2365654,-1.0,4.0,-62.0
1775635289.246565,-3.0,3.0,-58.0
1775635289.256565,-3.0,4.0,-56.0
1775635289.266565,0.0,2.0,-58.0
1775635289.2765653,1.0,1.0,-62.0
1775635289.2865653,1.0,1.0,-67.0
1775635289.2965653,3.0,4.0,-65.0
1775635289.3065653,0.0,7.0,-69.0
1775635289.3165653,-3.0,1.0,-69.0
1775635289.3265653,-6.0,3.0,-60.0
1775635289.3365655,-3.0,0.0,-61.0
1775635289.3465655,-7.0,0.0,-61.0
1775635289.3565657,-4.0,0.0,-61.0
1775635289.3665657,-1.0,-3.0,-61.0
1775635289.3765657,-4.0,-4.0,-62.0
1775635289.3865654,0.0,-1.0,-65.0
1775635289.3965654,2.0,1.0,-65.0
1775635289.4065654,5.0,0.0,-63.0
1775635289.4165654,4.0,0.0,-64.0
1775635289.4265654,2.0,0.0,-63.0
1775635289.4365654,1.0,-1.0,-66.0
1775635289.4465654,1.0,0.0,-70.0
1775635289.4565654,2.0,0.0,-72.0
1775635289.4665654,0.0,-1.0,-71.0
1775635289.4765654,-2.0,-2.0,-69.0
1775635289.4865654,-2.0,1.0,-68.0
1775635289.496565,2.0,0.0,-62.0
1775635289.506565,1.0,1.0,-61.0
1775635289.516565,0.0,1.0,-63.0
1775635289.5265653,0.0,0.0,-60.0
1775635289.5375657,-3.0,3.0,-58.0
1775635289.5475657,-2.0,4.0,-64.0
1775635289.5575657,1.0,2.0,-66.0
1775635289.5665653,3.0,2.0,-67.0
1775635289.5775654,2.0,3.0,-73.0
1775635289.5875654,-1.0,0.0,-70.0
1775635289.5975654,-4.0,1.0,-70.0
1775635289.6075654,-4.0,0.0,-66.0
1775635289.6175654,-2.0,0.0,-64.0
1775635289.6275654,-1.0,0.0,-66.0
1775635289.6375654,2.0,0.0,-69.0
1775635289.6475654,2.0,3.0,-70.0
1775635289.6575654,0.0,2.0,-76.0
1775635289.667565,-4.0,-4.0,-74.0
1775635289.677565,-8.0,-3.0,-65.0
1775635289.687565,-13.0,-1.0,-61.0
1775635289.6975653,-12.0,0.0,-70.0
1775635289.7075653,-9.0,0.0,-73.0
1775635289.7175653,-4.0,-1.0,-80.0
1775635289.7275653,-2.0,2.0,-75.0
1775635289.7375653,-3.0,0.0,-68.0
1775635289.7475653,-3.0,1.0,-68.0
1775635289.7575655,-3.0,4.0,-66.0
1775635289.7675655,-5.0,3.0,-60.0
1775635289.7775657,-6.0,0.0,-64.0
1775635289.7875657,-4.0,1.0,-71.0
1775635289.7975657,-5.0,5.0,-71.0
1775635289.8075657,-5.0,5.0,-69.0
1775635289.8175654,-7.0,4.0,-69.0
1775635289.8275654,-9.0,5.0,-67.0
1775635289.8375654,-7.0,6.0,-63.0
1775635289.8475654,-7.0,5.0,-64.0
1775635289.8575654,-3.0,5.0,-67.0
1775635289.8675654,-2.0,1.0,-68.0
1775635289.8775654,0.0,4.0,-70.0
1775635289.8875654,1.0,3.0,-66.0
1775635289.8975654,0.0,1.0,-65.0
1775635289.9075654,0.0,0.0,-67.0
1775635289.917565,0.0,-1.0,-69.0
1775635289.927565,4.0,1.0,-70.0
1775635289.937565,7.0,3.0,-69.0
1775635289.9475653,11.0,-2.0,-69.0
1775635289.9575653,6.0,-1.0,-68.0
1775635289.9675653,4.0,0.0,-61.0
1775635289.9775653,0.0,1.0,-59.0
1775635289.9875653,2.0,2.0,-61.0
1775635289.9975653,0.0,2.0,-60.0
1775635290.0075655,-4.0,0.0,-59.0
1775635290.0175655,-3.0,6.0,-56.0
1775635290.0275657,-3.0,1.0,-60.0
1775635290.0375657,-3.0,0.0,-67.0
1775635290.0475657,-5.0,0.0,-60.0
1775635290.0575657,-1.0,-5.0,-61.0
1775635290.0675654,-5.0,-2.0,-60.0
1775635290.0775654,-4.0,-1.0,-72.0
1775635290.0875654,-1.0,-1.0,-68.0
1775635290.0975654,-3.0,0.0,-71.0
1775635290.1075654,-5.0,-1.0,-72.0
1775635290.1175654,-6.0,0.0,-72.0
1775635290.1275654,-7.0,2.0,-69.0
1775635290.1375654,-4.0,0.0,-68.0
1775635290.1475654,-1.0,-2.0,-68.0
1775635290.1575654,-1.0,0.0,-69.0
1775635290.167565,-2.0,-3.0,-74.0
1775635290.177565,-3.0,-5.0,-71.0
1775635290.187565,3.0,-6.0,-65.0
1775635290.1975653,1.0,-7.0,-69.0
1775635290.2075653,2.0,-7.0,-69.0
1775635290.2175653,7.0,-3.0,-66.0
1775635290.2275653,3.0,-4.0,-67.0
1775635290.2375653,3.0,-2.0,-67.0
1775635290.2475653,2.0,0.0,-68.0
1775635290.2575655,0.0,4.0,-70.0
1775635290.2675655,2.0,4.0,-68.0
1775635290.2775657,4.0,-1.0,-64.0
1775635290.2875657,8.0,0.0,-62.0
1775635290.2975657,9.0,0.0,-60.0
1775635290.3075657,2.0,-1.0,-53.0
1775635290.3175654,0.0,-3.0,-55.0
1775635290.3275654,0.0,-1.0,-58.0
1775635290.3375654,-3.0,-1.0,-59.0
1775635290.3475654,-3.0,-2.0,-60.0
1775635290.3575654,-5.0,-2.0,-69.0
1775635290.3675654,-9.0,0.0,-76.0
1775635290.3775654,-6.0,-2.0,-79.0
1775635290.3875654,-9.0,0.0,-75.0
1775635290.3975654,-5.0,0.0,-74.0
1775635290.4075654,-4.0,0.0,-76.0
1775635290.417565,0.0,0.0,-74.0
1775635290.427565,-3.0,-2.0,-78.0
1775635290.437565,0.0,0.0,-71.0
1775635290.4475653,-5.0,0.0,-75.0
1775635290.4575653,-9.0,0.0,-71.0
1775635290.4675653,-13.0,-3.0,-66.0
1775635290.4775653,-10.0,-3.0,-76.0
1775635290.4875653,-7.0,-1.0,-73.0
1775635290.4975653,-8.0,-3.0,-71.0
1775635290.5075655,-7.0,-1.0,-68.0
1775635290.5175655,-3.0,1.0,-64.0
1775635290.5275657,-3.0,2.0,-61.0
1775635290.5375657,-1.0,1.0,-60.0
1775635290.5475657,-1.0,5.0,-59.0
1775635290.5575657,-12.0,1.0,-66.0
1775635290.5675654,-9.0,-1.0,-68.0
1775635290.5775654,-10.0,-2.0,-72.0
1775635290.5875654,-4.0,-2.0,-75.0
1775635290.5975654,-6.0,0.0,-74.0
1775635290.6075654,-8.0,-1.0,-73.0
1775635290.6175654,-4.0,0.0,-67.0
1775635290.6275654,-2.0,1.0,-71.0
1775635290.6375654,-2.0,0.0,-66.0
1775635290.6475654,-4.0,0.0,-73.0
1775635290.6575654,-5.0,0.0,-72.0
1775635290.667565,-7.0,1.0,-74.0
1775635290.677565,-5.0,0.0,-77.0
1775635290.687565,-3.0,1.0,-77.0
1775635290.6975653,-4.0,-1.0,-76.0
1775635290.7075653,0.0,-2.0,-72.0
1775635290.7175653,0.0,-3.0,-74.0
1775635290.7275653,1.0,0.0,-76.0
1775635290.7375653,2.0,-2.0,-74.0
1775635290.7475653,2.0,-5.0,-71.0
1775635290.7575655,0.0,-4.0,-77.0
1775635290.7675655,0.0,0.0,-74.0
1775635290.7775657,1.0,0.0,-69.0
1775635290.7875657,-2.0,-1.0,-63.0
1775635290.7975657,-1.0,-2.0,-69.0
1775635290.8075657,1.0,-1.0,-61.0
1775635290.8175654,0.0,0.0,-63.0
1775635290.8275654,0.0,3.0,-62.0
1775635290.8375654,-1.0,2.0,-57.0
1775635290.8475654,-1.0,0.0,-60.0
1775635290.8575654,-3.0,0.0,-61.0
1775635290.8675654,-3.0,0.0,-57.0
1775635290.8775654,-5.0,-3.0,-64.0
1775635290.8875654,-7.0,-1.0,-59.0
1775635290.8975654,-3.0,-1.0,-61.0
1775635290.9075654,1.0,-2.0,-61.0
1775635290.917565,3.0,1.0,-60.0
1775635290.927565,4.0,6.0,-64.0
1775635290.937565,4.0,5.0,-69.0
1775635290.9475653,2.0,4.0,-68.0
1775635290.9575653,8.0,1.0,-64.0
1775635290.9675653,8.0,-2.0,-66.0
1775635290.9775653,5.0,2.0,-69.0
1775635290.9875653,4.0,3.0,-69.0
1775635290.9975653,3.0,1.0,-70.0
1775635291.0075655,7.0,-2.0,-68.0
1775635291.0175655,2.0,0.0,-68.0
1775635291.0275657,0.0,-4.0,-70.0
1775635291.0375657,-2.0,0.0,-66.0
1775635291.0475657,1.0,0.0,-68.0
1775635291.0575657,0.0,-2.0,-71.0
1775635291.0675654,3.0,0.0,-73.0
1775635291.0775654,0.0,1.0,-72.0
1775635291.0875654,5.0,1.0,-76.0
1775635291.0975654,6.0,0.0,-75.0
1775635291.1075654,7.0,5.0,-80.0
1775635291.1175654,6.0,8.0,-68.0
1775635291.1275654,4.0,3.0,-66.0
1775635291.1375654,5.0,2.0,-63.0
1775635291.1475654,0.0,3.0,-61.0
1775635291.1575654,-4.0,0.0,-55.0
1775635291.167565,-3.0,4.0,-57.0
1775635291.177565,-1.0,3.0,-54.0
1775635291.187565,-3.0,5.0,-54.0
1775635291.1975653,-2.0,0.0,-61.0
1775635291.2075653,0.0,2.0,-62.0
1775635291.2175653,-1.0,0.0,-65.0
1775635291.2275653,-2.0,0.0,-66.0
1775635291.2375653,-2.0,-2.0,-64.0
1775635291.2475653,-2.0,3.0,-64.0
1775635291.2575655,0.0,0.0,-69.0
1775635291.2675655,1.0,0.0,-74.0
1775635291.2775657,-1.0,4.0,-75.0
1775635291.2875657,0.0,4.0,-78.0
1775635291.2975657,3.0,2.0,-76.0
1775635291.3075657,2.0,-1.0,-73.0
1775635291.3175654,-3.0,2.0,-67.0
1775635291.3275654,-4.0,2.0,-66.0
1775635291.3375654,-5.0,-1.0,-71.0
1775635291.348565,-1.0,-3.0,-71.0
1775635291.3575654,0.0,-3.0,-70.0
1775635291.3675654,0.0,-1.0,-72.0
1775635291.3775654,-1.0,1.0,-72.0
1775635291.3875654,-3.0,1.0,-72.0
1775635291.3975654,-2.0,-2.0,-67.0
1775635291.4075654,-2.0,-6.0,-74.0
1775635291.417565,-4.0,-9.0,-69.0
1775635291.427565,-1.0,-7.0,-67.0
1775635291.437565,-4.0,-6.0,-67.0
1775635291.4475653,-6.0,-3.0,-71.0
1775635291.4575653,-5.0,-6.0,-71.0
1775635291.4675653,-1.0,-7.0,-70.0
1775635291.4775653,0.0,-2.0,-68.0
1775635291.4875653,0.0,0.0,-64.0
1775635291.4975653,0.0,0.0,-70.0
1775635291.5075655,1.0,2.0,-82.0
1775635291.5175655,1.0,2.0,-79.0
1775635291.5275657,2.0,1.0,-74.0
1775635291.5375657,3.0,1.0,-77.0
1775635291.5475657,5.0,0.0,-71.0
1775635291.5575657,2.0,2.0,-70.0
1775635291.5675654,1.0,3.0,-73.0
1775635291.5775654,-1.0,5.0,-69.0
1775635291.5875654,-3.0,5.0,-69.0
1775635291.5975654,0.0,3.0,-70.0
1775635291.6075654,0.0,5.0,-76.0
1775635291.6175654,-3.0,5.0,-72.0
1775635291.6275654,1.0,2.0,-79.0
1775635291.6375654,2.0,0.0,-76.0
1775635291.6475654,0.0,2.0,-70.0
1775635291.6575654,0.0,1.0,-69.0
1775635291.667565,-3.0,0.0,-65.0
1775635291.677565,0.0,0.0,-63.0
1775635291.687565,-1.0,-1.0,-62.0
1775635291.6975653,0.0,-2.0,-66.0
1775635291.7075653,0.0,-4.0,-71.0
1775635291.7175653,-1.0,-5.0,-70.0
1775635291.7275653,2.0,-4.0,-71.0
1775635291.7375653,0.0,-1.0,-70.0
1775635291.7475653,0.0,0.0,-70.0
1775635291.7575655,0.0,2.0,-70.0
1775635291.7675655,1.0,2.0,-68.0
1775635291.7775657,-5.0,0.0,-68.0
1775635291.7875657,-6.0,0.0,-65.0
1775635291.7975657,-4.0,1.0,-62.0
1775635291.8075657,-3.0,1.0,-57.0
1775635291.8175654,-1.0,2.0,-61.0
1775635291.8275654,-2.0,5.0,-67.0
1775635291.8375654,0.0,8.0,-67.0
1775635291.8475654,-5.0,6.0,-74.0
1775635291.8575654,-4.0,4.0,-71.0
1775635291.868565,-3.0,2.0,-64.0
1775635291.8775654,-8.0,5.0,-58.0
1775635291.8875654,-3.0,4.0,-61.0
1775635291.8985653,-5.0,6.0,-62.0
1775635291.9085653,-3.0,1.0,-63.0
1775635291.9185653,0.0,-1.0,-63.0
1775635291.9285655,0.0,0.0,-74.0
1775635291.9385655,0.0,-2.0,-72.0
1775635291.9485655,1.0,-3.0,-72.0
1775635291.9585657,0.0,-2.0,-67.0
1775635291.9685657,1.0,-3.0,-65.0
1775635291.9785657,-1.0,-5.0,-70.0
1775635291.9885654,-5.0,-4.0,-70.0
1775635291.9985654,-6.0,-5.0,-66.0
1775635292.0085654,-3.0,-4.0,-62.0
1775635292.0185654,-5.0,0.0,-63.0
1775635292.0285654,-1.0,0.0,-67.0
1775635292.0385654,2.0,2.0,-67.0
1775635292.0485654,7.0,3.0,-65.0
1775635292.0585654,6.0,3.0,-62.0
1775635292.0685654,6.0,0.0,-63.0
1775635292.0785654,2.0,-5.0,-65.0
1775635292.088565,0.0,-1.0,-59.0
1775635292.098565,0.0,1.0,-58.0
1775635292.108565,2.0,1.0,-55.0
1775635292.118565,6.0,0.0,-55.0
1775635292.1285653,4.0,0.0,-56.0
1775635292.1385653,2.0,-4.0,-62.0
1775635292.1485653,3.0,0.0,-65.0
1775635292.1585653,0.0,-3.0,-71.0
1775635292.1685653,1.0,0.0,-71.0
1775635292.1785655,1.0,1.0,-76.0
1775635292.1885655,3.0,3.0,-73.0
1775635292.1985655,3.0,6.0,-66.0
1775635292.2085657,1.0,6.0,-73.0
1775635292.2185657,2.0,4.0,-67.0
1775635292.2285657,2.0,3.0,-59.0
1775635292.2385654,-1.0,2.0,-58.0
1775635292.2485654,-2.0,5.0,-69.0
1775635292.2585654,-2.0,5.0,-71.0
1775635292.2685654,-4.0,6.0,-70.0
1775635292.2785654,-2.0,8.0,-75.0
1775635292.2885654,1.0,6.0,-77.0
1775635292.2985654,4.0,7.0,-76.0
1775635292.3085654,6.0,6.0,-73.0
1775635292.3185654,4.0,4.0,-69.0
1775635292.3285654,1.0,3.0,-70.0
1775635292.338565,0.0,2.0,-64.0
1775635292.348565,2.0,5.0,-66.0
1775635292.358565,5.0,6.0,-62.0
1775635292.368565,7.0,7.0,-58.0
1775635292.3785653,5.0,4.0,-54.0
1775635292.3885653,6.0,5.0,-55.0
1775635292.3985653,1.0,2.0,-59.0
1775635292.4085653,-1.0,3.0,-59.0
1775635292.4185653,0.0,0.0,-64.0
1775635292.4285655,0.0,-6.0,-66.0
1775635292.4385655,5.0,-4.0,-67.0
1775635292.4485655,2.0,-2.0,-67.0
1775635292.4585657,0.0,1.0,-68.0
1775635292.4685657,1.0,0.0,-67.0
1775635292.4785657,1.0,-2.0,-66.0
1775635292.4885654,4.0,-3.0,-68.0
1775635292.4985654,2.0,-5.0,-65.0
1775635292.5085654,1.0,-3.0,-67.0
1775635292.5185654,-3.0,-4.0,-71.0
1775635292.5285654,-2.0,-2.0,-70.0
1775635292.5385654,-2.0,0.0,-74.0
1775635292.5485654,-3.0,2.0,-77.0
1775635292.5585654,0.0,5.0,-79.0
1775635292.5685654,2.0,2.0,-75.0
1775635292.5785654,-2.0,0.0,-77.0
1775635292.588565,-3.0,-4.0,-73.0
1775635292.598565,-3.0,-4.0,-67.0
1775635292.608565,-2.0,-2.0,-66.0
1775635292.618565,-2.0,-7.0,-70.0
1775635292.6285653,-3.0,-7.0,-66.0
1775635292.6385653,-1.0,-2.0,-62.0
1775635292.6485653,0.0,-2.0,-66.0
1775635292.6585653,0.0,-2.0,-63.0
1775635292.6685653,3.0,-2.0,-62.0
1775635292.6785655,0.0,-3.0,-69.0
1775635292.6885655,-3.0,0.0,-73.0
1775635292.6985655,-4.0,2.0,-67.0
1775635292.7085657,-4.0,10.0,-70.0
1775635292.7185657,-4.0,9.0,-63.0
1775635292.7285657,-3.0,5.0,-65.0
1775635292.7385654,-1.0,5.0,-64.0
1775635292.7485654,1.0,3.0,-69.0
1775635292.7585654,0.0,2.0,-78.0
1775635292.7685654,4.0,2.0,-80.0
1775635292.7785654,5.0,2.0,-83.0
1775635292.7885654,4.0,4.0,-77.0
1775635292.7985654,2.0,2.0,-77.0
1775635292.8085654,-2.0,1.0,-74.0
1775635292.8185654,-3.0,0.0,-73.0
1775635292.8285654,-7.0,1.0,-74.0
1775635292.838565,-7.0,0.0,-72.0
1775635292.848565,-4.0,1.0,-70.0
1775635292.858565,-5.0,0.0,-69.0
1775635292.868565,-7.0,1.0,-65.0
1775635292.8785653,-3.0,1.0,-67.0
1775635292.8885653,-2.0,0.0,-66.0
1775635292.8985653,0.0,0.0,-63.0
1775635292.9085653,-1.0,3.0,-60.0
1775635292.9185653,4.0,5.0,-60.0
1775635292.9285655,1.0,6.0,-60.0
1775635292.9385655,3.0,5.0,-66.0
1775635292.9485655,-3.0,3.0,-66.0
1775635292.9585657,-6.0,1.0,-67.0
1775635292.9685657,-6.0,-4.0,-69.0
1775635292.9785657,-3.0,-5.0,-65.0
1775635292.9885654,-4.0,-6.0,-68.0
1775635292.9985654,-3.0,-5.0,-67.0
1775635293.0085654,-5.0,-3.0,-72.0
1775635293.0185654,-3.0,-4.0,-64.0
1775635293.0285654,-2.0,0.0,-65.0
1775635293.0385654,0.0,1.0,-66.0
1775635293.0485654,3.0,2.0,-72.0
1775635293.0585654,6.0,0.0,-67.0
1775635293.0685654,3.0,-5.0,-69.0
1775635293.0785654,4.0,-3.0,-66.0
1775635293.088565,8.0,-5.0,-65.0
1775635293.098565,12.0,0.0,-68.0
1775635293.108565,7.0,0.0,-66.0
1775635293.118565,7.0,-1.0,-65.0
1775635293.1285653,4.0,1.0,-68.0
1775635293.1385653,-1.0,1.0,-77.0
1775635293.1485653,0.0,3.0,-82.0
1775635293.1585653,0.0,9.0,-77.0
1775635293.1685653,-1.0,7.0,-75.0
1775635293.1785655,-7.0,4.0,-73.0
1775635293.1885655,-7.0,-1.0,-76.0
1775635293.1985655,-2.0,-3.0,-73.0
1775635293.2085657,-1.0,-1.0,-73.0
1775635293.2185657,-1.0,1.0,-73.0
1775635293.2285657,0.0,-4.0,-69.0
1775635293.2385654,0.0,-8.0,-66.0
1775635293.2485654,-3.0,-3.0,-57.0
1775635293.2585654,-2.0,-4.0,-62.0
1775635293.2685654,-2.0,-4.0,-68.0
1775635293.2785654,4.0,-1.0,-72.0
1775635293.2885654,4.0,-3.0,-71.0
1775635293.2985654,5.0,0.0,-69.0
1775635293.3085654,1.0,-1.0,-68.0
1775635293.3185654,2.0,1.0,-62.0
1775635293.3285654,4.0,-4.0,-65.0
1775635293.338565,1.0,-4.0,-63.0
1775635293.348565,2.0,-2.0,-62.0
1775635293.358565,0.0,-1.0,-63.0
1775635293.368565,0.0,-2.0,-64.0
1775635293.3785653,-5.0,-5.0,-59.0
1775635293.3885653,-1.0,-4.0,-56.0
1775635293.3985653,-1.0,-5.0,-54.0
1775635293.4085653,-1.0,-2.0,-59.0
1775635293.4185653,0.0,0.0,-65.0
1775635293.4285655,-5.0,1.0,-60.0
1775635293.4385655,-5.0,1.0,-66.0
1775635293.4485655,0.0,3.0,-70.0
1775635293.4585657,-1.0,2.0,-67.0
1775635293.4685657,-1.0,-1.0,-63.0
1775635293.4785657,1.0,0.0,-62.0
1775635293.4885654,2.0,2.0,-65.0
1775635293.4985654,-2.0,0.0,-63.0
1775635293.5085654,-4.0,-3.0,-61.0
1775635293.5185654,-2.0,-2.0,-54.0
1775635293.5285654,-6.0,0.0,-56.0
1775635293.5385654,-6.0,-3.0,-53.0
1775635293.5485654,-6.0,-4.0,-56.0
1775635293.5585654,-7.0,-6.0,-62.0
1775635293.5685654,-2.0,-7.0,-71.0
1775635293.5785654,0.0,-4.0,-69.0
1775635293.588565,3.0,-4.0,-68.0
1775635293.598565,3.0,-5.0,-61.0
1775635293.608565,0.0,-5.0,-65.0
1775635293.618565,-1.0,-6.0,-66.0
1775635293.6285653,-6.0,-2.0,-69.0
1775635293.6385653,-4.0,1.0,-69.0
1775635293.6485653,-6.0,4.0,-71.0
1775635293.6585653,-8.0,0.0,-70.0
1775635293.6685653,-7.0,-4.0,-67.0
1775635293.6785655,-2.0,-3.0,-68.0
1775635293.6885655,-1.0,-4.0,-68.0
1775635293.6985655,0.0,-3.0,-72.0
1775635293.7085657,-1.0,-3.0,-75.0
1775635293.7185657,-1.0,-2.0,-70.0
1775635293.7285657,0.0,0.0,-70.0
1775635293.7385654,-2.0,-1.0,-63.0
1775635293.7485654,1.0,0.0,-65.0
1775635293.7585654,8.0,0.0,-67.0
1775635293.7685654,10.0,0.0,-66.0
1775635293.7785654,12.0,0.0,-60.0
1775635293.7885654,7.0,-2.0,-56.0
1775635293.7985654,9.0,-2.0,-62.0
1775635293.8085654,13.0,-2.0,-58.0
1775635293.8185654,12.0,-3.0,-64.0
1775635293.8285654,12.0,-2.0,-61.0
1775635293.838565,3.0,1.0,-67.0
1775635293.848565,2.0,1.0,-70.0
1775635293.858565,2.0,-1.0,-74.0
1775635293.868565,5.0,-2.0,-78.0
1775635293.8785653,3.0,0.0,-82.0
1775635293.8885653,6.0,-6.0,-76.0
1775635293.8985653,7.0,-1.0,-72.0
1775635293.9085653,4.0,0.0,-74.0
1775635293.9185653,3.0,-2.0,-77.0
1775635293.9285655,1.0,-2.0,-79.0
1775635293.9385655,1.0,-1.0,-73.0
1775635293.9485655,-1.0,-2.0,-70.0
1775635293.9585657,0.0,-1.0,-69.0
1775635293.9685657,0.0,-2.0,-65.0
1775635293.9785657,1.0,-2.0,-70.0
1775635293.9885654,1.0,-1.0,-72.0
1775635293.9985654,1.0,1.0,-71.0
1775635294.0085654,4.0,1.0,-72.0
1775635294.0185654,2.0,0.0,-73.0
1775635294.0285654,3.0,1.0,-75.0
1775635294.0385654,6.0,-1.0,-72.0
1775635294.0485654,0.0,-5.0,-72.0
1775635294.0585654,0.0,-4.0,-68.0
1775635294.0685654,0.0,0.0,-68.0
1775635294.0785654,4.0,1.0,-69.0
1775635294.088565,8.0,2.0,-66.0
1775635294.098565,5.0,1.0,-63.0
1775635294.108565,4.0,0.0,-65.0
1775635294.118565,2.0,-1.0,-65.0
1775635294.1285653,2.0,-3.0,-69.0
1775635294.1385653,2.0,-3.0,-71.0
1775635294.1485653,0.0,0.0,-74.0
1775635294.1595654,0.0,3.0,-71.0
1775635294.1685653,2.0,3.0,-69.0
1775635294.1785655,0.0,4.0,-67.0
1775635294.1885655,0.0,7.0,-61.0
1775635294.1995654,-6.0,7.0,-70.0
1775635294.2095654,-6.0,8.0,-64.0
1775635294.2195654,-7.0,8.0,-68.0
1775635294.2295654,-5.0,6.0,-71.0
1775635294.2395654,-4.0,3.0,-75.0
1775635294.2495654,3.0,5.0,-79.0
1775635294.2595654,8.0,2.0,-80.0
1775635294.269565,7.0,3.0,-76.0
1775635294.279565,3.0,0.0,-75.0
1775635294.289565,0.0,1.0,-69.0
1775635294.2995653,0.0,1.0,-72.0
1775635294.3095653,3.0,0.0,-71.0
1775635294.3195653,1.0,2.0,-73.0
1775635294.3295653,9.0,0.0,-71.0
1775635294.3395653,6.0,-5.0,-70.0
1775635294.3495653,7.0,-7.0,-68.0
1775635294.3595655,4.0,-5.0,-68.0
1775635294.3695655,2.0,-3.0,-73.0
1775635294.3795657,7.0,-4.0,-72.0
1775635294.3895657,9.0,-4.0,-71.0
1775635294.3995657,8.0,-2.0,-69.0
1775635294.4095654,8.0,0.0,-65.0
1775635294.4195654,1.0,-4.0,-64.0
1775635294.4295654,-2.0,-4.0,-63.0
1775635294.4395654,-3.0,-1.0,-65.0
1775635294.4495654,-1.0,2.0,-62.0
1775635294.4595654,-5.0,7.0,-62.0
1775635294.4695654,-3.0,5.0,-70.0
1775635294.4795654,1.0,0.0,-72.0
1775635294.4895654,1.0,1.0,-71.0
1775635294.4995654,-1.0,3.0,-71.0
1775635294.5095654,-2.0,5.0,-73.0
1775635294.519565,-3.0,3.0,-66.0
1775635294.529565,-6.0,2.0,-73.0
1775635294.539565,-3.0,1.0,-74.0
1775635294.5495653,-2.0,-2.0,-72.0
1775635294.5595653,1.0,-2.0,-73.0
1775635294.5695653,-1.0,-6.0,-70.0
1775635294.5795653,-10.0,-5.0,-68.0
1775635294.5895653,-9.0,-2.0,-76.0
1775635294.5995653,-7.0,-1.0,-74.0
1775635294.6095655,-9.0,1.0,-75.0
1775635294.6195655,-5.0,1.0,-81.0
1775635294.6295657,-2.0,4.0,-83.0
1775635294.6395657,-5.0,1.0,-82.0
1775635294.6495657,-1.0,0.0,-78.0
1775635294.6595654,3.0,0.0,-77.0
1775635294.6695654,4.0,9.0,-71.0
1775635294.6795654,6.0,9.0,-71.0
1775635294.6895654,5.0,9.0,-74.0
1775635294.6995654,7.0,8.0,-76.0
1775635294.7095654,3.0,1.0,-73.0
1775635294.7195654,-1.0,-3.0,-75.0
1775635294.7295654,1.0,-3.0,-76.0
1775635294.7395654,0.0,-3.0,-75.0
1775635294.7495654,0.0,-5.0,-64.0
1775635294.7595654,0.0,-2.0,-63.0
1775635294.769565,-6.0,1.0,-66.0
1775635294.779565,-3.0,-1.0,-70.0
1775635294.789565,-1.0,-5.0,-72.0
1775635294.7995653,-3.0,-5.0,-74.0
1775635294.8095653,-2.0,-4.0,-76.0
1775635294.8195653,0.0,-3.0,-72.0
1775635294.8295653,1.0,-1.0,-71.0
1775635294.8395653,0.0,0.0,-69.0
1775635294.8495653,-4.0,2.0,-69.0
1775635294.8595655,-3.0,5.0,-65.0
1775635294.8695655,-2.0,0.0,-63.0
1775635294.8795657,0.0,2.0,-59.0
1775635294.8895657,-2.0,3.0,-65.0
1775635294.8995657,0.0,2.0,-72.0
1775635294.9095654,0.0,-1.0,-70.0
1775635294.9195654,1.0,-4.0,-67.0
1775635294.9295654,-1.0,-4.0,-67.0
1775635294.9395654,-2.0,-6.0,-69.0
1775635294.9495654,-1.0,-2.0,-67.0
1775635294.9595654,-4.0,0.0,-65.0
1775635294.9695654,-7.0,-2.0,-63.0
1775635294.9795654,-9.0,-2.0,-60.0
1775635294.9895654,-5.0,-5.0,-59.0
1775635294.9995654,-5.0,-3.0,-67.0
1775635295.0095654,-2.0,0.0,-60.0
1775635295.019565,0.0,4.0,-63.0
1775635295.029565,1.0,0.0,-69.0
1775635295.039565,0.0,0.0,-60.0
1775635295.0495653,-7.0,-1.0,-57.0
1775635295.0595653,-6.0,-3.0,-60.0
1775635295.0695653,-3.0,-4.0,-64.0
1775635295.0795653,0.0,0.0,-60.0
1775635295.0895653,3.0,0.0,-69.0
1775635295.0995653,5.0,-1.0,-70.0
1775635295.1095655,-1.0,1.0,-66.0
1775635295.1195655,-5.0,2.0,-66.0
1775635295.1295657,-7.0,4.0,-66.0
1775635295.1395657,-6.0,1.0,-69.0
1775635295.1495657,-1.0,0.0,-69.0
1775635295.1595654,-1.0,-3.0,-68.0
1775635295.1695654,3.0,-4.0,-75.0
1775635295.1795654,0.0,-5.0,-72.0
1775635295.1895654,1.0,-5.0,-61.0
1775635295.1995654,1.0,-4.0,-56.0
1775635295.2095654,1.0,-5.0,-60.0
1775635295.2195654,1.0,-4.0,-59.0
1775635295.2295654,0.0,-6.0,-66.0
1775635295.2395654,-3.0,-6.0,-63.0
1775635295.2495654,0.0,-6.0,-61.0
1775635295.2595654,0.0,1.0,-70.0
1775635295.269565,0.0,1.0,-75.0
1775635295.279565,0.0,2.0,-71.0
1775635295.289565,-1.0,0.0,-70.0
1775635295.2995653,-6.0,1.0,-70.0
1775635295.3095653,-2.0,0.0,-72.0
1775635295.3195653,0.0,1.0,-76.0
1775635295.3295653,0.0,3.0,-78.0
1775635295.3395653,1.0,1.0,-73.0
1775635295.3495653,0.0,1.0,-62.0
1775635295.3595655,-1.0,1.0,-56.0
1775635295.3695655,0.0,2.0,-63.0
1775635295.3795657,2.0,0.0,-62.0
1775635295.3895657,3.0,0.0,-62.0
1775635295.3995657,0.0,-2.0,-62.0
1775635295.4095654,-1.0,0.0,-67.0
1775635295.4195654,0.0,-1.0,-72.0
1775635295.4295654,0.0,0.0,-71.0
1775635295.4395654,0.0,-4.0,-68.0
1775635295.4495654,0.0,-2.0,-59.0
1775635295.4595654,0.0,2.0,-60.0
1775635295.4695654,3.0,-1.0,-61.0
1775635295.4795654,0.0,-1.0,-68.0
1775635295.4895654,-1.0,0.0,-74.0
1775635295.4995654,-4.0,1.0,-71.0
1775635295.5095654,0.0,1.0,-63.0
1775635295.519565,-2.0,0.0,-59.0
1775635295.529565,-6.0,0.0,-60.0
1775635295.539565,-6.0,-3.0,-61.0
1775635295.5495653,-2.0,-9.0,-73.0
1775635295.5595653,-5.0,-6.0,-71.0
1775635295.5695653,-1.0,-4.0,-66.0
1775635295.5795653,-5.0,0.0,-63.0
1775635295.5895653,-6.0,-2.0,-66.0
1775635295.5995653,-6.0,3.0,-60.0
1775635295.6095655,-3.0,1.0,-59.0
1775635295.6195655,0.0,3.0,-60.0
1775635295.6295657,5.0,2.0,-59.0
1775635295.6395657,3.0,-1.0,-64.0
1775635295.6495657,1.0,2.0,-66.0
1775635295.6595654,-5.0,3.0,-66.0
1775635295.6695654,-5.0,4.0,-70.0
1775635295.6795654,-4.0,6.0,-72.0
1775635295.6895654,-4.0,3.0,-73.0
1775635295.6995654,0.0,5.0,-74.0
1775635295.7095654,-7.0,6.0,-70.0
1775635295.7195654,-8.0,5.0,-68.0
1775635295.7295654,-4.0,2.0,-67.0
1775635295.7395654,-2.0,-1.0,-65.0
1775635295.7495654,0.0,0.0,-64.0
1775635295.7595654,0.0,2.0,-67.0
1775635295.769565,0.0,4.0,-67.0
1775635295.779565,4.0,0.0,-60.0
1775635295.789565,2.0,2.0,-55.0
1775635295.7995653,2.0,2.0,-57.0
1775635295.8095653,2.0,1.0,-58.0
1775635295.8195653,-1.0,0.0,-56.0
1775635295.8295653,-5.0,-1.0,-50.0
1775635295.8395653,-8.0,-1.0,-50.0
1775635295.8495653,-8.0,3.0,-55.0
1775635295.8595655,-2.0,3.0,-61.0
1775635295.8695655,-4.0,4.0,-61.0
1775635295.8795657,-7.0,5.0,-61.0
1775635295.8895657,-10.0,3.0,-64.0
1775635295.8995657,-5.0,0.0,-72.0
1775635295.9095654,-5.0,1.0,-70.0
1775635295.9195654,-6.0,3.0,-72.0
1775635295.9295654,-3.0,0.0,-66.0
1775635295.9395654,-3.0,0.0,-66.0
1775635295.9495654,-4.0,-2.0,-64.0
1775635295.9595654,-1.0,-3.0,-64.0
1775635295.9695654,0.0,0.0,-63.0
1775635295.9795654,-1.0,-1.0,-61.0
1775635295.9895654,0.0,1.0,-63.0
1775635295.9995654,1.0,2.0,-64.0
1775635296.0095654,2.0,1.0,-67.0
1775635296.019565,0.0,4.0,-62.0
1775635296.029565,0.0,5.0,-62.0
1775635296.039565,0.0,5.0,-69.0
1775635296.0495653,2.0,5.0,-72.0
1775635296.0595653,2.0,2.0,-65.0
1775635296.0695653,1.0,1.0,-63.0
1775635296.0795653,0.0,1.0,-63.0
1775635296.0895653,0.0,0.0,-65.0
1775635296.0995653,2.0,-1.0,-66.0
1775635296.1095655,-1.0,0.0,-62.0
1775635296.1195655,-3.0,0.0,-68.0
1775635296.1295657,-3.0,3.0,-69.0
1775635296.1395657,-4.0,4.0,-70.0
1775635296.1495657,-3.0,1.0,-66.0
1775635296.1595654,-4.0,-1.0,-66.0
1775635296.1695654,-6.0,-3.0,-62.0
1775635296.1795654,-6.0,-3.0,-65.0
1775635296.1895654,-2.0,-2.0,-61.0
1775635296.1995654,-3.0,-6.0,-59.0
1775635296.2095654,-4.0,-4.0,-63.0
1775635296.2195654,-2.0,-3.0,-63.0
1775635296.2295654,-5.0,-3.0,-58.0
1775635296.2395654,-5.0,-3.0,-59.0
1775635296.2495654,-4.0,-3.0,-69.0
1775635296.2595654,-9.0,-4.0,-72.0
1775635296.269565,-6.0,-3.0,-72.0
1775635296.279565,0.0,-3.0,-68.0
1775635296.289565,0.0,-5.0,-72.0
1775635296.2995653,5.0,-5.0,-75.0
1775635296.3095653,4.0,-6.0,-76.0
1775635296.3195653,0.0,-3.0,-74.0
1775635296.3295653,0.0,0.0,-67.0
1775635296.3395653,1.0,-1.0,-66.0
1775635296.3495653,4.0,0.0,-60.0
1775635296.3595655,3.0,0.0,-59.0
1775635296.3695655,4.0,3.0,-65.0
1775635296.3795657,0.0,2.0,-64.0
1775635296.3895657,-3.0,1.0,-66.0
1775635296.3995657,-5.0,0.0,-70.0
1775635296.4095654,-2.0,0.0,-67.0
1775635296.4195654,-5.0,0.0,-62.0
1775635296.4295654,-5.0,-1.0,-60.0
1775635296.4395654,-5.0,0.0,-61.0
1775635296.4495654,-6.0,-1.0,-68.0
1775635296.4595654,-8.0,0.0,-70.0
1775635296.4695654,-9.0,-2.0,-68.0
1775635296.4795654,-6.0,-7.0,-67.0
1775635296.4895654,-4.0,-7.0,-71.0
1775635296.4995654,-4.0,-5.0,-63.0
1775635296.5105653,-7.0,-4.0,-60.0
1775635296.519565,-5.0,0.0,-64.0
1775635296.529565,0.0,0.0,-68.0
1775635296.5405655,1.0,0.0,-64.0
1775635296.5505655,-2.0,-3.0,-67.0
1775635296.5605657,-1.0,-1.0,-73.0
1775635296.5705657,0.0,0.0,-71.0
1775635296.5805657,-1.0,-3.0,-74.0
1775635296.5905654,-1.0,-6.0,-67.0
1775635296.6005654,-3.0,-7.0,-64.0
1775635296.6105654,-6.0,-8.0,-64.0
1775635296.6205654,-10.0,-7.0,-67.0
1775635296.6305654,-6.0,-2.0,-63.0
1775635296.6405654,-2.0,-7.0,-60.0
1775635296.6505654,-5.0,-2.0,-65.0
1775635296.6605654,-5.0,-2.0,-67.0
1775635296.6705654,-1.0,-2.0,-62.0
1775635296.6805654,-4.0,0.0,-60.0
1775635296.690565,-4.0,1.0,-63.0
1775635296.700565,-4.0,6.0,-69.0
1775635296.710565,-4.0,1.0,-68.0
1775635296.7205653,-6.0,-1.0,-69.0
1775635296.7305653,-1.0,2.0,-67.0
1775635296.7405653,5.0,-3.0,-71.0
1775635296.7505653,4.0,2.0,-66.0
1775635296.7605653,0.0,4.0,-61.0
1775635296.7705653,0.0,1.0,-66.0
1775635296.7805655,3.0,1.0,-70.0
1775635296.7905655,2.0,4.0,-64.0
1775635296.8005655,1.0,4.0,-64.0
1775635296.8105657,-1.0,0.0,-62.0
1775635296.8205657,-1.0,3.0,-55.0
1775635296.8305657,-6.0,3.0,-58.0
1775635296.8405654,-4.0,-1.0,-57.0
1775635296.8505654,-10.0,-5.0,-57.0
1775635296.8605654,-10.0,-5.0,-65.0
1775635296.8705654,-7.0,-3.0,-68.0
1775635296.8805654,-9.0,-7.0,-70.0
1775635296.8905654,-1.0,-4.0,-74.0
1775635296.9005654,0.0,-4.0,-74.0
1775635296.9105654,-2.0,0.0,-70.0
1775635296.9205654,-3.0,-2.0,-70.0
1775635296.9305654,0.0,-2.0,-65.0
1775635296.940565,2.0,-1.0,-64.0
1775635296.950565,2.0,-4.0,-62.0
1775635296.960565,0.0,-3.0,-58.0
1775635296.9705653,0.0,-2.0,-70.0
1775635296.9805653,1.0,0.0,-66.0
1775635296.9905653,2.0,-2.0,-72.0
1775635297.0005653,7.0,-4.0,-72.0
1775635297.0105653,10.0,-3.0,-75.0
1775635297.0205653,8.0,-2.0,-74.0
1775635297.0305655,4.0,-7.0,-70.0
1775635297.0405655,1.0,-2.0,-74.0
1775635297.0505655,0.0,-2.0,-70.0
1775635297.0605657,-1.0,-4.0,-70.0
1775635297.0705657,-8.0,-4.0,-72.0
1775635297.0805657,-9.0,-3.0,-70.0
1775635297.0905654,-9.0,0.0,-70.0
1775635297.1005654,-10.0,0.0,-66.0
1775635297.1105654,-5.0,1.0,-69.0
1775635297.1205654,0.0,1.0,-67.0
1775635297.1305654,1.0,0.0,-70.0
1775635297.1405654,2.0,0.0,-65.0
1775635297.1505654,3.0,0.0,-70.0
1775635297.1605654,-3.0,0.0,-68.0
1775635297.1705654,-3.0,4.0,-73.0
1775635297.1805654,-3.0,5.0,-71.0
1775635297.190565,-3.0,7.0,-63.0
1775635297.200565,-5.0,5.0,-60.0
1775635297.210565,-2.0,3.0,-57.0
1775635297.2205653,-1.0,2.0,-61.0
1775635297.2305653,2.0,3.0,-64.0
1775635297.2405653,2.0,1.0,-55.0
1775635297.2505653,1.0,-1.0,-56.0
1775635297.2605653,-1.0,-2.0,-58.0
1775635297.2705653,-2.0,0.0,-60.0
1775635297.2805655,0.0,3.0,-63.0
1775635297.2905655,0.0,1.0,-66.0
1775635297.3005655,-1.0,1.0,-74.0
1775635297.3105657,-1.0,0.0,-76.0
1775635297.3205657,-1.0,-1.0,-78.0
1775635297.3305657,0.0,-1.0,-70.0
1775635297.3405654,1.0,3.0,-64.0
1775635297.3505654,2.0,0.0,-65.0
1775635297.3605654,8.0,1.0,-58.0
1775635297.3705654,5.0,1.0,-62.0
1775635297.3805654,5.0,4.0,-62.0
1775635297.3905654,5.0,0.0,-69.0
1775635297.4005654,1.0,0.0,-67.0
1775635297.4105654,0.0,-1.0,-74.0
1775635297.4205654,0.0,1.0,-66.0
1775635297.4305654,-2.0,5.0,-57.0
1775635297.440565,0.0,4.0,-56.0
1775635297.450565,1.0,5.0,-59.0
1775635297.460565,5.0,3.0,-62.0
1775635297.4705653,9.0,3.0,-63.0
1775635297.4805653,9.0,7.0,-66.0
1775635297.4905653,8.0,6.0,-61.0
1775635297.5005653,4.0,7.0,-61.0
1775635297.5105653,4.0,6.0,-61.0
1775635297.5205653,8.0,1.0,-68.0
1775635297.5305655,9.0,-1.0,-72.0
1775635297.5405655,6.0,0.0,-67.0
1775635297.5505655,5.0,0.0,-65.0
1775635297.5605657,5.0,-2.0,-74.0
1775635297.5705657,6.0,0.0,-76.0
1775635297.5805657,3.0,-2.0,-76.0
1775635297.5905654,3.0,0.0,-66.0
1775635297.6005654,1.0,0.0,-59.0
1775635297.6105654,2.0,-3.0,-57.0
1775635297.6205654,-1.0,0.0,-62.0
1775635297.6305654,-4.0,-2.0,-62.0
1775635297.6405654,-4.0,-4.0,-66.0
1775635297.6505654,-5.0,-4.0,-69.0
1775635297.6605654,-9.0,-2.0,-67.0
1775635297.6705654,-2.0,0.0,-70.0
1775635297.6805654,-2.0,0.0,-70.0
1775635297.690565,-1.0,0.0,-72.0
1775635297.700565,3.0,-1.0,-72.0
1775635297.710565,-1.0,-5.0,-77.0
1775635297.7205653,-5.0,-6.0,-83.0
1775635297.7305653,-6.0,-4.0,-77.0
1775635297.7405653,-4.0,-4.0,-75.0
1775635297.7505653,-3.0,0.0,-75.0
1775635297.7605653,0.0,4.0,-74.0
1775635297.7705653,1.0,2.0,-69.0
1775635297.7805655,3.0,1.0,-67.0
1775635297.7905655,5.0,0.0,-70.0
1775635297.8005655,4.0,-2.0,-70.0
1775635297.8105657,2.0,-4.0,-77.0
1775635297.8205657,5.0,0.0,-85.0
1775635297.8305657,6.0,-2.0,-87.0
1775635297.8405654,4.0,0.0,-83.0
1775635297.8505654,3.0,1.0,-81.0
1775635297.8605654,6.0,4.0,-76.0
1775635297.8705654,1.0,4.0,-69.0
1775635297.8805654,3.0,0.0,-66.0
1775635297.8905654,4.0,0.0,-65.0
1775635297.9005654,-4.0,-1.0,-65.0
1775635297.9105654,-2.0,-2.0,-65.0
1775635297.9205654,-5.0,-2.0,-64.0
1775635297.9305654,0.0,0.0,-63.0
1775635297.940565,-4.0,0.0,-69.0
1775635297.950565,-3.0,-2.0,-68.0
1775635297.960565,-2.0,0.0,-64.0
1775635297.9705653,0.0,0.0,-71.0
1775635297.9805653,-2.0,1.0,-68.0
1775635297.9905653,-1.0,2.0,-67.0
1775635298.0005653,-1.0,1.0,-71.0
1775635298.0105653,-5.0,1.0,-71.0
1775635298.0205653,-6.0,2.0,-69.0
1775635298.0305655,-6.0,5.0,-65.0
1775635298.0405655,-7.0,0.0,-65.0
1775635298.0505655,-4.0,2.0,-66.0
1775635298.0605657,-9.0,5.0,-72.0
1775635298.0705657,-4.0,3.0,-75.0
1775635298.0805657,-2.0,3.0,-70.0
1775635298.0905654,-6.0,3.0,-69.0
1775635298.1005654,-10.0,3.0,-67.0
1775635298.1105654,-10.0,2.0,-65.0
1775635298.1205654,-10.0,2.0,-64.0
1775635298.1305654,-6.0,2.0,-62.0
1775635298.1405654,-3.0,3.0,-68.0
1775635298.1505654,-1.0,4.0,-61.0
1775635298.1605654,3.0,2.0,-64.0
1775635298.1705654,4.0,4.0,-68.0
1775635298.1805654,5.0,5.0,-65.0
1775635298.190565,9.0,2.0,-63.0
1775635298.200565,4.0,3.0,-64.0
1775635298.210565,5.0,0.0,-72.0
1775635298.2205653,5.0,1.0,-76.0
1775635298.2305653,7.0,0.0,-75.0
1775635298.2405653,8.0,-2.0,-71.0
1775635298.2505653,7.0,-3.0,-71.0
1775635298.2605653,1.0,1.0,-73.0
1775635298.2705653,2.0,3.0,-79.0
1775635298.2805655,8.0,2.0,-72.0
1775635298.2905655,4.0,2.0,-75.0
1775635298.3005655,2.0,3.0,-78.0
1775635298.3105657,-1.0,1.0,-71.0
1775635298.3205657,-5.0,0.0,-71.0
1775635298.3305657,-2.0,0.0,-78.0
1775635298.3405654,-3.0,-2.0,-80.0
1775635298.3505654,-6.0,0.0,-72.0
1775635298.3605654,-3.0,-3.0,-64.0
1775635298.3705654,-6.0,0.0,-59.0
1775635298.3805654,-8.0,-3.0,-65.0
1775635298.3905654,-10.0,-5.0,-63.0
1775635298.4005654,-6.0,-5.0,-61.0
1775635298.4105654,-4.0,-3.0,-66.0
1775635298.4205654,-4.0,-2.0,-70.0
1775635298.4305654,-4.0,0.0,-74.0
1775635298.440565,-1.0,1.0,-71.0
1775635298.450565,0.0,2.0,-72.0
1775635298.460565,0.0,5.0,-70.0
1775635298.4705653,3.0,7.0,-77.0
1775635298.4805653,3.0,4.0,-81.0
1775635298.4905653,-2.0,3.0,-85.0
1775635298.5005653,-4.0,-3.0,-77.0
1775635298.5105653,0.0,-4.0,-70.0
1775635298.5205653,-1.0,-4.0,-73.0
1775635298.5305655,-7.0,-4.0,-68.0
1775635298.5405655,-8.0,-4.0,-66.0
1775635298.5505655,-11.0,-7.0,-70.0
1775635298.5605657,-9.0,0.0,-72.0
1775635298.5705657,-7.0,3.0,-70.0
1775635298.5805657,-8.0,1.0,-66.0
1775635298.5905654,-4.0,0.0,-65.0
1775635298.6005654,-1.0,0.0,-62.0
1775635298.6105654,2.0,0.0,-60.0
1775635298.6205654,0.0,-1.0,-63.0
1775635298.6305654,-1.0,-2.0,-61.0
1775635298.6405654,-4.0,0.0,-63.0
1775635298.6505654,-3.0,0.0,-65.0
1775635298.6605654,0.0,0.0,-76.0
1775635298.6705654,-2.0,-2.0,-77.0
1775635298.6805654,-1.0,-2.0,-81.0
1775635298.690565,0.0,-2.0,-78.0
1775635298.700565,-3.0,0.0,-79.0
1775635298.710565,-3.0,0.0,-82.0
1775635298.7205653,-1.0,0.0,-81.0
1775635298.7305653,-1.0,-2.0,-79.0
1775635298.7405653,-5.0,-3.0,-75.0
1775635298.7505653,-6.0,-1.0,-61.0
1775635298.7605653,-5.0,-3.0,-61.0
1775635298.7705653,-1.0,-3.0,-61.0
1775635298.7805655,0.0,-3.0,-64.0
1775635298.7905655,-3.0,-7.0,-68.0
1775635298.8005655,0.0,-4.0,-66.0
1775635298.8105657,3.0,-2.0,-73.0
1775635298.8215654,5.0,4.0,-74.0
1775635298.8305657,1.0,4.0,-69.0
1775635298.8405654,3.0,2.0,-66.0
1775635298.8515654,4.0,-1.0,-63.0
1775635298.8605654,3.0,0.0,-63.0
1775635298.871565,4.0,-1.0,-63.0
1775635298.881565,4.0,1.0,-65.0
1775635298.891565,0.0,-2.0,-71.0
1775635298.9015653,0.0,-1.0,-71.0
1775635298.9115653,2.0,-2.0,-69.0
1775635298.9215653,-1.0,-1.0,-74.0
1775635298.9315653,-2.0,0.0,-72.0
1775635298.9415653,0.0,0.0,-70.0
1775635298.9515653,2.0,-1.0,-68.0
1775635298.9615655,1.0,0.0,-67.0
1775635298.9715655,0.0,0.0,-62.0
1775635298.9815657,-1.0,0.0,-59.0
1775635298.9915657,-1.0,3.0,-61.0
1775635299.0015657,-2.0,5.0,-63.0
1775635299.0115654,0.0,8.0,-61.0
1775635299.0215654,1.0,7.0,-64.0
1775635299.0315654,-1.0,2.0,-67.0
1775635299.0415654,-1.0,0.0,-76.0
1775635299.0515654,0.0,-1.0,-80.0
1775635299.0615654,4.0,-8.0,-78.0
1775635299.0715654,3.0,-5.0,-81.0
1775635299.0815654,3.0,-4.0,-69.0
1775635299.0915654,2.0,-1.0,-70.0
1775635299.1015654,0.0,0.0,-75.0
1775635299.1115654,2.0,-1.0,-77.0
1775635299.121565,3.0,0.0,-70.0
1775635299.131565,9.0,0.0,-76.0
1775635299.141565,7.0,-2.0,-79.0
1775635299.1515653,4.0,-2.0,-76.0
1775635299.1615653,5.0,-2.0,-79.0
1775635299.1715653,6.0,-2.0,-74.0
1775635299.1815653,6.0,-3.0,-76.0
1775635299.1915653,2.0,-4.0,-75.0
1775635299.2015653,-2.0,1.0,-70.0
1775635299.2115655,0.0,0.0,-69.0
1775635299.2215655,8.0,0.0,-71.0
1775635299.2315657,9.0,-3.0,-70.0
1775635299.2415657,11.0,1.0,-77.0
1775635299.2515657,5.0,3.0,-83.0
1775635299.2615654,2.0,-1.0,-80.0
1775635299.2715654,2.0,-4.0,-75.0
1775635299.2815654,0.0,-5.0,-72.0
1775635299.2915654,1.0,-7.0,-67.0
1775635299.3015654,3.0,-2.0,-67.0
1775635299.3115654,4.0,-1.0,-69.0
1775635299.3215654,0.0,0.0,-70.0
1775635299.3315654,0.0,0.0,-70.0
1775635299.3415654,0.0,2.0,-77.0
1775635299.3515654,1.0,-1.0,-76.0
1775635299.3615654,0.0,-1.0,-74.0
1775635299.371565,0.0,-4.0,-74.0
1775635299.381565,0.0,-5.0,-79.0
1775635299.391565,-1.0,-4.0,-74.0
1775635299.4015653,-3.0,-9.0,-76.0
1775635299.4115653,-2.0,-5.0,-76.0
1775635299.4215653,0.0,-3.0,-76.0
1775635299.4315653,3.0,0.0,-74.0
1775635299.4415653,4.0,0.0,-65.0
1775635299.4515653,6.0,0.0,-66.0
1775635299.4615655,7.0,0.0,-61.0
1775635299.4715655,7.0,-1.0,-60.0
1775635299.4815657,8.0,-5.0,-62.0
1775635299.4915657,6.0,-6.0,-65.0
1775635299.5015657,2.0,-4.0,-56.0
1775635299.5115654,-2.0,-4.0,-63.0
1775635299.5215654,0.0,-5.0,-64.0
1775635299.5315654,5.0,-6.0,-59.0
1775635299.5415654,0.0,-6.0,-57.0
1775635299.5515654,0.0,-3.0,-56.0
1775635299.5615654,2.0,0.0,-52.0
1775635299.5715654,1.0,4.0,-52.0
1775635299.5815654,-2.0,2.0,-58.0
1775635299.5915654,-3.0,-2.0,-72.0
1775635299.6015654,0.0,0.0,-74.0
1775635299.6115654,-3.0,0.0,-71.0
1775635299.621565,-4.0,2.0,-70.0
1775635299.631565,-5.0,2.0,-64.0
1775635299.641565,-8.0,0.0,-61.0
1775635299.6515653,-4.0,0.0,-56.0
1775635299.6615653,-3.0,1.0,-56.0
1775635299.6715653,-10.0,0.0,-59.0
1775635299.6815653,-12.0,-1.0,-59.0
1775635299.6915653,-13.0,-2.0,-62.0
1775635299.7015653,-14.0,-3.0,-67.0
1775635299.7115655,-10.0,-3.0,-61.0
1775635299.7215655,-4.0,0.0,-62.0
1775635299.7315657,1.0,6.0,-63.0
1775635299.7415657,0.0,9.0,-60.0
1775635299.7515657,4.0,10.0,-68.0
1775635299.7615654,5.0,5.0,-68.0
1775635299.7715654,2.0,1.0,-69.0
1775635299.7815654,4.0,0.0,-70.0
1775635299.7915654,5.0,4.0,-68.0
1775635299.8015654,1.0,3.0,-65.0
1775635299.8115654,-2.0,2.0,-68.0
1775635299.8215654,0.0,4.0,-75.0
1775635299.8315654,0.0,8.0,-68.0
1775635299.8415654,-3.0,2.0,-63.0
1775635299.8515654,-2.0,0.0,-58.0
1775635299.8615654,-1.0,-3.0,-55.0
1775635299.871565,0.0,-5.0,-56.0
1775635299.881565,1.0,-1.0,-58.0
1775635299.891565,0.0,-4.0,-54.0
1775635299.9015653,2.0,-5.0,-55.0
1775635299.9115653,3.0,-1.0,-61.0
1775635299.9215653,6.0,-4.0,-63.0
1775635299.9315653,9.0,-3.0,-69.0
1775635299.9415653,6.0,-6.0,-68.0
1775635299.9515653,5.0,-4.0,-67.0
1775635299.9615655,5.0,0.0,-69.0
1775635299.9715655,3.0,0.0,-71.0
1775635299.9815657,-1.0,-2.0,-70.0
1775635299.9915657,0.0,0.0,-68.0
1775635300.0015657,-4.0,-1.0,-63.0
1775635300.0115654,-4.0,-4.0,-67.0
1775635300.0215654,-5.0,-10.0,-68.0
1775635300.0315654,-11.0,-7.0,-67.0
1775635300.0415654,-7.0,-6.0,-66.0
1775635300.0515654,-3.0,-6.0,-68.0
1775635300.0615654,-5.0,-5.0,-75.0
1775635300.0715654,-8.0,-3.0,-66.0
1775635300.0815654,-6.0,0.0,-64.0
1775635300.0915654,-7.0,0.0,-68.0
1775635300.1015654,-9.0,0.0,-67.0
1775635300.1115654,-9.0,0.0,-60.0
1775635300.121565,-5.0,2.0,-55.0
1775635300.131565,0.0,6.0,-60.0
1775635300.141565,0.0,2.0,-62.0
1775635300.1515653,-3.0,-1.0,-65.0
1775635300.1615653,0.0,0.0,-69.0
1775635300.1715653,3.0,-2.0,-73.0
1775635300.1815653,1.0,-5.0,-73.0
1775635300.1915653,-1.0,-4.0,-75.0
1775635300.2015653,0.0,-5.0,-76.0
1775635300.2115655,1.0,-6.0,-78.0
1775635300.2215655,2.0,-6.0,-68.0
1775635300.2315657,-1.0,-6.0,-63.0
1775635300.2415657,-7.0,-5.0,-65.0
1775635300.2515657,-3.0,-5.0,-70.0
1775635300.2615654,1.0,-3.0,-67.0
1775635300.2715654,2.0,-3.0,-63.0
1775635300.2815654,6.0,-3.0,-64.0
1775635300.2915654,6.0,-2.0,-58.0
1775635300.3015654,12.0,1.0,-54.0
1775635300.3115654,9.0,-2.0,-50.0
1775635300.3215654,5.0,-3.0,-58.0
1775635300.3315654,2.0,0.0,-58.0
1775635300.3415654,4.0,2.0,-71.0
1775635300.3515654,1.0,4.0,-71.0
1775635300.3615654,1.0,4.0,-74.0
1775635300.371565,2.0,4.0,-77.0
1775635300.381565,3.0,3.0,-71.0
1775635300.391565,0.0,4.0,-68.0
1775635300.4015653,0.0,6.0,-70.0
1775635300.4115653,1.0,5.0,-72.0
1775635300.4215653,1.0,3.0,-68.0
1775635300.4315653,1.0,1.0,-69.0
1775635300.4415653,2.0,1.0,-70.0
1775635300.4515653,2.0,0.0,-69.0
1775635300.4625654,2.0,-1.0,-72.0
1775635300.4715655,0.0,0.0,-70.0
1775635300.4815657,-2.0,2.0,-70.0
1775635300.4915657,0.0,2.0,-68.0
1775635300.5015657,1.0,0.0,-69.0
1775635300.5115654,3.0,3.0,-74.0
1775635300.5215654,6.0,4.0,-74.0
1775635300.5315654,1.0,3.0,-76.0
1775635300.5415654,-3.0,0.0,-74.0
1775635300.5515654,2.0,1.0,-67.0
1775635300.5615654,1.0,2.0,-68.0
1775635300.5715654,0.0,1.0,-68.0
1775635300.5815654,1.0,-2.0,-72.0
1775635300.5915654,4.0,-4.0,-75.0
1775635300.6015654,3.0,-5.0,-83.0
1775635300.6115654,4.0,-4.0,-78.0
1775635300.621565,1.0,-6.0,-81.0
1775635300.631565,-2.0,-4.0,-74.0
1775635300.641565,0.0,-1.0,-73.0
1775635300.6515653,1.0,-1.0,-73.0
1775635300.6615653,2.0,-3.0,-76.0
1775635300.6715653,4.0,0.0,-71.0
1775635300.6815653,1.0,5.0,-68.0
1775635300.6915653,-1.0,5.0,-72.0
1775635300.7015653,-8.0,4.0,-70.0
1775635300.7115655,-7.0,4.0,-67.0
1775635300.7215655,-7.0,-1.0,-68.0
1775635300.7315657,-5.0,-4.0,-66.0
1775635300.7415657,1.0,-8.0,-73.0
1775635300.7515657,0.0,-7.0,-74.0
1775635300.7615654,3.0,-8.0,-74.0
1775635300.7715654,8.0,-6.0,-74.0
1775635300.7815654,5.0,-8.0,-72.0
1775635300.7915654,1.0,-8.0,-72.0
1775635300.8015654,2.0,-6.0,-67.0
1775635300.8115654,1.0,-3.0,-68.0
1775635300.8215654,0.0,-2.0,-76.0
1775635300.8315654,-1.0,0.0,-75.0
1775635300.8415654,1.0,1.0,-74.0
1775635300.8515654,6.0,2.0,-67.0
1775635300.8615654,5.0,2.0,-62.0
1775635300.871565,3.0,2.0,-58.0
1775635300.881565,4.0,0.0,-67.0
1775635300.891565,4.0,0.0,-77.0
1775635300.9015653,2.0,1.0,-83.0
1775635300.9115653,0.0,-1.0,-86.0
1775635300.9215653,-4.0,3.0,-80.0
1775635300.9315653,-1.0,3.0,-81.0
1775635300.9415653,-1.0,1.0,-76.0
1775635300.9515653,1.0,-1.0,-72.0
1775635300.9615655,1.0,0.0,-74.0
1775635300.9715655,2.0,5.0,-72.0
1775635300.9815657,0.0,6.0,-75.0
1775635300.9915657,3.0,4.0,-70.0
1775635301.0015657,-2.0,5.0,-76.0
1775635301.0115654,-2.0,5.0,-67.0
1775635301.0215654,-1.0,3.0,-64.0
1775635301.0315654,-1.0,0.0,-64.0
1775635301.0415654,-4.0,0.0,-65.0
1775635301.0515654,-6.0,6.0,-66.0
1775635301.0615654,-4.0,5.0,-63.0
1775635301.0715654,0.0,7.0,-64.0
1775635301.0815654,1.0,6.0,-66.0
1775635301.0915654,3.0,1.0,-61.0
1775635301.1015654,0.0,-1.0,-65.0
1775635301.1115654,-1.0,-2.0,-63.0
1775635301.121565,2.0,3.0,-66.0
1775635301.131565,4.0,1.0,-62.0
1775635301.1425655,1.0,0.0,-60.0
1775635301.1515653,2.0,-5.0,-62.0
1775635301.1625657,0.0,-3.0,-60.0
1775635301.1715653,-3.0,0.0,-58.0
1775635301.1815653,0.0,2.0,-64.0
1775635301.1925654,0.0,3.0,-66.0
1775635301.2025654,-2.0,2.0,-65.0
1775635301.2125654,-5.0,-2.0,-59.0
1775635301.2225654,-5.0,-2.0,-59.0
1775635301.2325654,-1.0,-2.0,-61.0
1775635301.2425654,3.0,-5.0,-66.0
1775635301.2525654,6.0,-4.0,-64.0
1775635301.2625654,6.0,-1.0,-68.0
1775635301.2725654,5.0,-1.0,-77.0
1775635301.2825654,1.0,-3.0,-79.0
1775635301.292565,0.0,-5.0,-76.0
1775635301.302565,4.0,-5.0,-71.0
1775635301.312565,4.0,-7.0,-72.0
1775635301.3225653,2.0,-1.0,-71.0
1775635301.3325653,-1.0,3.0,-76.0
1775635301.3425653,0.0,1.0,-72.0
1775635301.3525653,1.0,-1.0,-64.0
1775635301.3625653,0.0,-3.0,-67.0
1775635301.3725653,0.0,-5.0,-70.0
1775635301.3825655,-2.0,-4.0,-67.0
1775635301.3925655,-4.0,0.0,-67.0
1775635301.4025657,-6.0,1.0,-74.0
1775635301.4125657,-8.0,2.0,-74.0
1775635301.4225657,-4.0,0.0,-67.0
1775635301.4325657,-6.0,0.0,-67.0
1775635301.4425654,-4.0,2.0,-72.0
1775635301.4525654,-5.0,2.0,-67.0
1775635301.4625654,-4.0,4.0,-65.0
1775635301.4725654,-4.0,4.0,-63.0
1775635301.4825654,-3.0,4.0,-60.0
1775635301.4925654,0.0,3.0,-63.0
1775635301.5025654,-1.0,4.0,-66.0
1775635301.5125654,-1.0,3.0,-70.0
1775635301.5225654,-4.0,4.0,-77.0
1775635301.5325654,-5.0,5.0,-81.0
1775635301.542565,-4.0,9.0,-73.0
1775635301.552565,-1.0,5.0,-69.0
1775635301.562565,2.0,3.0,-72.0
1775635301.5725653,0.0,5.0,-70.0
1775635301.5825653,3.0,4.0,-70.0
1775635301.5925653,4.0,5.0,-73.0
1775635301.6025653,2.0,5.0,-73.0
1775635301.6125653,-2.0,3.0,-73.0
1775635301.6225653,-2.0,2.0,-78.0
1775635301.6325655,-2.0,0.0,-69.0
1775635301.6425655,-6.0,-2.0,-67.0
1775635301.6525657,0.0,0.0,-68.0
1775635301.6625657,-3.0,-2.0,-65.0
1775635301.6725657,-6.0,0.0,-62.0
1775635301.6825657,-2.0,1.0,-65.0
1775635301.6925654,-6.0,1.0,-70.0
1775635301.7025654,-2.0,4.0,-74.0
1775635301.7125654,-2.0,4.0,-79.0
1775635301.7225654,-4.0,3.0,-76.0
1775635301.7325654,-5.0,1.0,-71.0
1775635301.7425654,-9.0,0.0,-68.0
1775635301.7525654,-7.0,0.0,-67.0
1775635301.7625654,-7.0,1.0,-66.0
1775635301.7725654,-4.0,-2.0,-64.0
1775635301.7825654,-3.0,-3.0,-60.0
1775635301.792565,0.0,-3.0,-59.0
1775635301.802565,0.0,-1.0,-60.0
1775635301.812565,-6.0,-1.0,-55.0
1775635301.8225653,-5.0,2.0,-64.0
1775635301.8325653,-3.0,0.0,-66.0
1775635301.8425653,-1.0,0.0,-64.0
1775635301.8525653,-2.0,0.0,-68.0
1775635301.8625653,-5.0,-1.0,-71.0
1775635301.8725653,-2.0,0.0,-72.0
1775635301.8825655,0.0,-1.0,-71.0
1775635301.8925655,3.0,-3.0,-70.0
1775635301.9025657,4.0,-3.0,-77.0
1775635301.9125657,-1.0,0.0,-76.0
1775635301.9225657,-2.0,-2.0,-71.0
1775635301.9325657,-3.0,0.0,-73.0
1775635301.9425654,-3.0,2.0,-77.0
1775635301.9525654,-9.0,6.0,-74.0
1775635301.9625654,-7.0,2.0,-74.0
1775635301.9725654,-3.0,1.0,-77.0
1775635301.9825654,0.0,-2.0,-81.0
1775635301.9925654,3.0,-1.0,-72.0
1775635302.0025654,5.0,1.0,-68.0
1775635302.0125654,0.0,0.0,-75.0
1775635302.0225654,-3.0,-1.0,-73.0
1775635302.0325654,-2.0,0.0,-71.0
1775635302.042565,0.0,3.0,-73.0
1775635302.052565,-2.0,3.0,-74.0
1775635302.062565,-2.0,-1.0,-70.0
1775635302.0725653,-3.0,-1.0,-69.0
1775635302.0825653,0.0,2.0,-73.0
1775635302.0925653,4.0,2.0,-73.0
1775635302.1025653,5.0,1.0,-76.0
1775635302.1125653,2.0,-1.0,-69.0
1775635302.1225653,4.0,1.0,-73.0
1775635302.1325655,2.0,2.0,-74.0
1775635302.1425655,0.0,1.0,-80.0
1775635302.1525657,-1.0,2.0,-76.0
1775635302.1625657,-3.0,2.0,-78.0
1775635302.1725657,2.0,2.0,-75.0
1775635302.1825657,5.0,0.0,-68.0
1775635302.1925654,4.0,0.0,-65.0
1775635302.2025654,2.0,1.0,-56.0
1775635302.2125654,5.0,3.0,-60.0
1775635302.2225654,8.0,0.0,-63.0
1775635302.2325654,8.0,0.0,-67.0
1775635302.2425654,0.0,0.0,-73.0
1775635302.2525654,4.0,0.0,-70.0
1775635302.2625654,4.0,2.0,-71.0
1775635302.2725654,9.0,1.0,-75.0
1775635302.2825654,4.0,1.0,-67.0
1775635302.292565,2.0,7.0,-69.0
1775635302.302565,1.0,2.0,-68.0
1775635302.312565,3.0,-1.0,-67.0
1775635302.3225653,3.0,-1.0,-66.0
1775635302.3325653,2.0,-1.0,-68.0
1775635302.3425653,2.0,0.0,-68.0
1775635302.3525653,5.0,-4.0,-73.0
1775635302.3625653,3.0,-4.0,-71.0
1775635302.3725653,4.0,-8.0,-71.0
1775635302.3825655,0.0,-3.0,-69.0
1775635302.3925655,5.0,-3.0,-68.0
1775635302.4025657,3.0,-4.0,-69.0
1775635302.4125657,6.0,-2.0,-67.0
1775635302.4225657,5.0,-2.0,-73.0
1775635302.4325657,5.0,-2.0,-73.0
1775635302.4425654,-2.0,-2.0,-75.0
1775635302.4525654,-2.0,-2.0,-74.0
1775635302.4625654,0.0,-3.0,-74.0
1775635302.4725654,4.0,-3.0,-74.0
1775635302.4825654,6.0,0.0,-76.0
1775635302.4925654,0.0,-4.0,-76.0
1775635302.5025654,-5.0,-2.0,-73.0
1775635302.5125654,-4.0,-3.0,-64.0
1775635302.5225654,0.0,-6.0,-67.0
1775635302.5325654,2.0,-6.0,-76.0
1775635302.542565,2.0,-6.0,-74.0
1775635302.552565,3.0,-3.0,-66.0
1775635302.562565,3.0,-4.0,-62.0
1775635302.5725653,0.0,-2.0,-67.0
1775635302.5825653,0.0,-4.0,-68.0
1775635302.5925653,-5.0,-2.0,-61.0
1775635302.6025653,-4.0,-4.0,-56.0
1775635302.6125653,-3.0,-1.0,-61.0
1775635302.6225653,-4.0,0.0,-66.0
1775635302.6325655,0.0,3.0,-60.0
1775635302.6425655,0.0,2.0,-62.0
1775635302.6525657,2.0,0.0,-58.0
1775635302.6625657,1.0,-7.0,-61.0
1775635302.6725657,-3.0,-9.0,-67.0
1775635302.6825657,-5.0,-6.0,-73.0
1775635302.6925654,-5.0,-4.0,-76.0
1775635302.7025654,-4.0,0.0,-69.0
1775635302.7125654,-2.0,0.0,-61.0
1775635302.7225654,-3.0,-2.0,-60.0
1775635302.7325654,-2.0,1.0,-55.0
1775635302.7425654,0.0,1.0,-55.0
1775635302.7525654,-2.0,0.0,-55.0
1775635302.7625654,4.0,-5.0,-55.0
1775635302.7725654,4.0,-4.0,-55.0
1775635302.7825654,6.0,-2.0,-54.0
1775635302.792565,4.0,0.0,-56.0
1775635302.802565,2.0,-1.0,-63.0
1775635302.812565,1.0,-1.0,-62.0
1775635302.8225653,2.0,0.0,-57.0
1775635302.8325653,3.0,-5.0,-60.0
1775635302.8425653,2.0,-5.0,-59.0
1775635302.8525653,1.0,-2.0,-58.0
1775635302.8625653,0.0,-1.0,-64.0
1775635302.8725653,-3.0,-2.0,-68.0
1775635302.8825655,2.0,-2.0,-69.0
1775635302.8925655,4.0,-3.0,-69.0
1775635302.9025657,0.0,0.0,-72.0
1775635302.9125657,-2.0,0.0,-71.0
1775635302.9225657,-2.0,-3.0,-72.0
1775635302.9325657,0.0,-1.0,-70.0
1775635302.9425654,2.0,-1.0,-62.0
1775635302.9525654,1.0,-4.0,-62.0
1775635302.9625654,1.0,-5.0,-69.0
1775635302.9725654,-2.0,-6.0,-73.0
1775635302.9825654,-1.0,-3.0,-72.0
1775635302.9925654,0.0,1.0,-70.0
1775635303.0025654,-1.0,1.0,-68.0
1775635303.0125654,-4.0,-1.0,-67.0
1775635303.0225654,-4.0,-1.0,-64.0
1775635303.0325654,-2.0,-7.0,-71.0
1775635303.042565,-1.0,-9.0,-61.0
1775635303.052565,-1.0,-8.0,-55.0
1775635303.062565,-3.0,-6.0,-59.0
1775635303.0725653,0.0,-4.0,-64.0
1775635303.0825653,2.0,-1.0,-59.0
1775635303.0925653,2.0,-2.0,-61.0
1775635303.1025653,-3.0,-5.0,-58.0
1775635303.1125653,-5.0,-5.0,-60.0
1775635303.1225653,-6.0,-6.0,-58.0
1775635303.1325655,-3.0,-4.0,-63.0
1775635303.1425655,-4.0,-3.0,-67.0
1775635303.1525657,-6.0,-2.0,-76.0
1775635303.1625657,-5.0,-4.0,-74.0
1775635303.1725657,-3.0,-7.0,-74.0
1775635303.1825657,-3.0,-7.0,-73.0
1775635303.1925654,-4.0,-7.0,-62.0
1775635303.2025654,-4.0,-3.0,-59.0
1775635303.2125654,2.0,-7.0,-64.0
1775635303.2225654,3.0,-5.0,-61.0
1775635303.2325654,0.0,-7.0,-65.0
1775635303.2425654,0.0,-10.0,-73.0
1775635303.2525654,-1.0,-10.0,-67.0
1775635303.2625654,-4.0,-6.0,-68.0
1775635303.2725654,-6.0,-3.0,-73.0
1775635303.2825654,-9.0,-2.0,-72.0
1775635303.292565,-8.0,-5.0,-68.0
1775635303.302565,-2.0,-7.0,-67.0
1775635303.312565,0.0,-8.0,-64.0
1775635303.3225653,0.0,-8.0,-70.0
1775635303.3325653,1.0,-5.0,-69.0
1775635303.3425653,2.0,-3.0,-71.0
1775635303.3525653,-2.0,-3.0,-79.0
1775635303.3625653,-3.0,-3.0,-79.0
1775635303.3725653,-2.0,-2.0,-80.0
1775635303.3825655,-4.0,-1.0,-77.0
1775635303.3925655,0.0,-6.0,-75.0
1775635303.4025657,1.0,-4.0,-75.0
1775635303.4125657,1.0,-3.0,-71.0
1775635303.4225657,0.0,-2.0,-77.0
1775635303.4325657,0.0,-2.0,-83.0
1775635303.4425654,-2.0,-1.0,-74.0
1775635303.4525654,-4.0,-3.0,-72.0
1775635303.4625654,-4.0,-7.0,-71.0
1775635303.4725654,0.0,-5.0,-70.0
1775635303.483565,-6.0,-2.0,-68.0
1775635303.4925654,-11.0,-6.0,-71.0
1775635303.5025654,-10.0,-3.0,-74.0
1775635303.5125654,-7.0,-6.0,-75.0
1775635303.5225654,-6.0,-6.0,-83.0
1775635303.5335653,-6.0,-7.0,-80.0
1775635303.5435653,-5.0,-3.0,-80.0
1775635303.552565,-1.0,-1.0,-77.0
1775635303.5635655,0.0,-2.0,-75.0
1775635303.5735655,-2.0,-2.0,-69.0
1775635303.5835657,0.0,-2.0,-70.0
1775635303.5935657,-2.0,-4.0,-65.0
1775635303.6035657,0.0,-7.0,-68.0
1775635303.6135654,0.0,-8.0,-63.0
1775635303.6235654,-3.0,-8.0,-64.0
1775635303.6335654,-5.0,-5.0,-66.0
1775635303.6435654,-6.0,-2.0,-73.0
1775635303.6535654,-1.0,0.0,-74.0
1775635303.6635654,-1.0,4.0,-76.0
1775635303.6735654,-2.0,6.0,-76.0
1775635303.6835654,-2.0,6.0,-76.0
1775635303.6935654,0.0,3.0,-65.0
1775635303.7035654,4.0,2.0,-63.0
1775635303.713565,-2.0,3.0,-67.0
1775635303.723565,-2.0,4.0,-64.0
1775635303.733565,0.0,3.0,-61.0
1775635303.743565,-1.0,7.0,-63.0
1775635303.7535653,0.0,8.0,-61.0
1775635303.7635653,4.0,5.0,-59.0
1775635303.7735653,5.0,5.0,-65.0
1775635303.7835653,3.0,3.0,-67.0
1775635303.7935653,-1.0,2.0,-59.0
1775635303.8035655,1.0,0.0,-62.0
1775635303.8135655,-1.0,-3.0,-61.0
1775635303.8235655,0.0,-6.0,-62.0
1775635303.8335657,2.0,-8.0,-67.0
1775635303.8435657,-1.0,-6.0,-78.0
1775635303.8535657,-3.0,-5.0,-77.0
1775635303.8635654,-7.0,-1.0,-73.0
1775635303.8735654,-6.0,-1.0,-67.0
1775635303.8835654,-3.0,-1.0,-68.0
1775635303.8935654,-3.0,-3.0,-71.0
1775635303.9035654,-1.0,-4.0,-71.0
1775635303.9135654,-6.0,-4.0,-72.0
1775635303.9235654,-5.0,-1.0,-73.0
1775635303.9335654,-2.0,-1.0,-73.0
1775635303.9435654,-3.0,3.0,-73.0
1775635303.9535654,-1.0,4.0,-70.0
1775635303.963565,0.0,5.0,-72.0
1775635303.973565,-5.0,1.0,-72.0
1775635303.983565,-1.0,0.0,-68.0
1775635303.993565,-1.0,1.0,-64.0
1775635304.0035653,0.0,1.0,-66.0
1775635304.0135653,0.0,-2.0,-59.0
1775635304.0235653,0.0,-1.0,-55.0
1775635304.0335653,1.0,0.0,-57.0
1775635304.0435653,5.0,2.0,-58.0
1775635304.0535655,0.0,0.0,-56.0
1775635304.0635655,0.0,5.0,-62.0
1775635304.0735655,-3.0,2.0,-66.0
1775635304.0835657,-2.0,1.0,-65.0
1775635304.0935657,1.0,-1.0,-66.0
1775635304.1035657,-2.0,-1.0,-62.0
1775635304.1135654,-4.0,-3.0,-60.0
1775635304.1235654,-3.0,-2.0,-62.0
1775635304.1335654,-6.0,-3.0,-70.0
1775635304.1435654,-7.0,0.0,-73.0
1775635304.1535654,-2.0,-4.0,-80.0
1775635304.1635654,0.0,-2.0,-85.0
1775635304.1735654,2.0,0.0,-79.0
1775635304.1835654,3.0,-3.0,-84.0
1775635304.1935654,3.0,-5.0,-83.0
1775635304.2035654,3.0,-3.0,-84.0
1775635304.213565,0.0,-5.0,-80.0
1775635304.223565,2.0,-2.0,-79.0
1775635304.233565,4.0,-6.0,-77.0
1775635304.243565,0.0,-5.0,-77.0
1775635304.2535653,0.0,-2.0,-79.0
1775635304.2635653,-2.0,-1.0,-80.0
1775635304.2735653,-6.0,0.0,-80.0
1775635304.2835653,-9.0,-2.0,-84.0
1775635304.2935653,-6.0,-3.0,-87.0
1775635304.3035655,-1.0,-1.0,-88.0
1775635304.3135655,-5.0,3.0,-87.0
1775635304.3235655,-4.0,3.0,-90.0
1775635304.3335657,1.0,3.0,-85.0
1775635304.3435657,3.0,6.0,-82.0
1775635304.3535657,4.0,8.0,-71.0
1775635304.3635654,0.0,9.0,-75.0
1775635304.3735654,-1.0,6.0,-77.0
1775635304.3835654,-1.0,6.0,-70.0
1775635304.3935654,-7.0,5.0,-65.0
1775635304.4035654,-10.0,7.0,-68.0
1775635304.4135654,-8.0,10.0,-65.0
1775635304.4235654,-5.0,8.0,-70.0
1775635304.4335654,-4.0,4.0,-72.0
1775635304.4435654,-2.0,3.0,-72.0
1775635304.4535654,-1.0,0.0,-70.0
1775635304.463565,1.0,-1.0,-75.0
1775635304.473565,5.0,-3.0,-75.0
1775635304.483565,3.0,0.0,-74.0
1775635304.493565,0.0,-2.0,-67.0
1775635304.5035653,2.0,-6.0,-63.0
1775635304.5135653,1.0,-5.0,-64.0
1775635304.5235653,-1.0,-5.0,-62.0
1775635304.5335653,-3.0,-3.0,-60.0
1775635304.5435653,-2.0,-6.0,-64.0
1775635304.5535655,-3.0,-3.0,-65.0
1775635304.5635655,-6.0,-2.0,-65.0
1775635304.5735655,-8.0,-4.0,-67.0
1775635304.5835657,-3.0,-5.0,-66.0
1775635304.5935657,-6.0,-1.0,-62.0
1775635304.6035657,-8.0,0.0,-57.0
1775635304.6135654,-4.0,0.0,-54.0
1775635304.6235654,-4.0,4.0,-58.0
1775635304.6335654,-4.0,0.0,-56.0
1775635304.6435654,-3.0,-5.0,-58.0
1775635304.6535654,-3.0,-4.0,-56.0
1775635304.6635654,-5.0,-1.0,-60.0
1775635304.6735654,-2.0,-2.0,-59.0
1775635304.6835654,0.0,-3.0,-57.0
1775635304.6935654,-2.0,-4.0,-55.0
1775635304.7035654,-1.0,-3.0,-62.0
1775635304.713565,0.0,-3.0,-67.0
1775635304.723565,-2.0,-1.0,-70.0
1775635304.733565,3.0,-1.0,-69.0
1775635304.743565,2.0,-2.0,-65.0
1775635304.7535653,0.0,-1.0,-61.0
1775635304.7635653,0.0,-1.0,-66.0
1775635304.7735653,0.0,0.0,-73.0
1775635304.7835653,2.0,0.0,-72.0
1775635304.7935653,-2.0,1.0,-68.0
1775635304.8035655,0.0,6.0,-67.0
1775635304.8135655,1.0,6.0,-68.0
1775635304.8235655,1.0,9.0,-61.0
1775635304.8335657,1.0,6.0,-63.0
1775635304.8435657,0.0,5.0,-66.0
1775635304.8535657,-6.0,7.0,-64.0
1775635304.8635654,-8.0,0.0,-66.0
1775635304.8735654,-14.0,0.0,-67.0
1775635304.8835654,-17.0,0.0,-72.0
1775635304.8935654,-8.0,3.0,-74.0
1775635304.9035654,-4.0,6.0,-71.0
1775635304.9135654,-1.0,4.0,-64.0
1775635304.9235654,2.0,4.0,-55.0
1775635304.9335654,0.0,2.0,-57.0
1775635304.9435654,2.0,0.0,-61.0
1775635304.9535654,-1.0,1.0,-64.0
1775635304.963565,0.0,0.0,-68.0
1775635304.973565,0.0,0.0,-67.0
1775635304.983565,-2.0,-2.0,-61.0
1775635304.993565,0.0,0.0,-54.0
1775635305.0035653,-1.0,-1.0,-54.0
1775635305.0135653,0.0,-1.0,-58.0
1775635305.0235653,0.0,-1.0,-59.0
1775635305.0335653,3.0,-2.0,-58.0
1775635305.0435653,5.0,-2.0,-61.0
1775635305.0535655,5.0,-3.0,-71.0
1775635305.0635655,11.0,-5.0,-77.0
1775635305.0735655,10.0,-10.0,-82.0
1775635305.0835657,6.0,-9.0,-75.0
1775635305.0935657,0.0,-7.0,-78.0
1775635305.1035657,2.0,-1.0,-76.0
1775635305.1135654,1.0,-2.0,-64.0
1775635305.1235654,-2.0,-3.0,-60.0
1775635305.1335654,-5.0,-1.0,-60.0
1775635305.1435654,-6.0,0.0,-70.0
1775635305.1535654,-4.0,1.0,-74.0
1775635305.1635654,-1.0,4.0,-79.0
1775635305.1735654,-7.0,2.0,-74.0
1775635305.1835654,-7.0,4.0,-70.0
1775635305.1935654,-4.0,4.0,-67.0
1775635305.2035654,-4.0,0.0,-68.0
1775635305.213565,-3.0,-2.0,-65.0
1775635305.223565,-3.0,-4.0,-69.0
1775635305.233565,-3.0,-5.0,-65.0
1775635305.243565,-5.0,-2.0,-65.0
1775635305.2535653,-5.0,0.0,-65.0
1775635305.2635653,-4.0,0.0,-61.0
1775635305.2735653,-7.0,2.0,-64.0
1775635305.2835653,-6.0,2.0,-64.0
1775635305.2935653,3.0,1.0,-65.0
1775635305.3035655,-2.0,2.0,-61.0
1775635305.3135655,-2.0,-1.0,-65.0
1775635305.3235655,0.0,-1.0,-69.0
1775635305.3335657,-2.0,-4.0,-69.0
1775635305.3435657,-5.0,-2.0,-62.0
1775635305.3535657,3.0,0.0,-56.0
1775635305.3635654,6.0,-1.0,-57.0
1775635305.3735654,0.0,1.0,-60.0
1775635305.3835654,0.0,-2.0,-61.0
1775635305.3935654,-2.0,-3.0,-62.0
1775635305.4035654,1.0,-3.0,-67.0
1775635305.4135654,0.0,0.0,-73.0
1775635305.4235654,3.0,1.0,-74.0
1775635305.4335654,1.0,5.0,-73.0
1775635305.4435654,0.0,4.0,-71.0
1775635305.4535654,4.0,0.0,-67.0
1775635305.463565,5.0,-7.0,-64.0
1775635305.473565,2.0,-8.0,-70.0
1775635305.483565,0.0,-8.0,-69.0
1775635305.493565,0.0,-7.0,-69.0
1775635305.5035653,2.0,-4.0,-65.0
1775635305.5135653,1.0,-4.0,-62.0
1775635305.5235653,0.0,0.0,-61.0
1775635305.5335653,0.0,0.0,-60.0
1775635305.5435653,-1.0,0.0,-60.0
1775635305.5535655,-5.0,1.0,-66.0
1775635305.5635655,-6.0,-1.0,-64.0
1775635305.5735655,-6.0,-3.0,-61.0
1775635305.5835657,-7.0,-2.0,-58.0
1775635305.5935657,-4.0,1.0,-60.0
1775635305.6035657,-7.0,5.0,-65.0
1775635305.6135654,-6.0,5.0,-53.0
1775635305.6235654,-3.0,2.0,-56.0
1775635305.6335654,-4.0,-2.0,-51.0
1775635305.6435654,0.0,-2.0,-56.0
1775635305.6535654,0.0,-3.0,-66.0
1775635305.6635654,-1.0,0.0,-66.0
1775635305.6735654,1.0,1.0,-67.0
1775635305.6835654,0.0,2.0,-70.0
1775635305.6935654,-4.0,2.0,-70.0
1775635305.7035654,-3.0,0.0,-71.0
1775635305.713565,-1.0,2.0,-63.0
1775635305.723565,0.0,0.0,-68.0
1775635305.733565,-2.0,0.0,-67.0
1775635305.743565,-1.0,-1.0,-64.0
1775635305.7535653,-1.0,-1.0,-61.0
1775635305.7635653,2.0,-1.0,-62.0
1775635305.7735653,4.0,0.0,-57.0
1775635305.7835653,7.0,2.0,-59.0
1775635305.7935653,12.0,5.0,-66.0
1775635305.8035655,16.0,1.0,-67.0
1775635305.8135655,10.0,1.0,-61.0
1775635305.8235655,7.0,0.0,-54.0
1775635305.8335657,6.0,0.0,-59.0
1775635305.8445654,9.0,-1.0,-61.0
1775635305.8545654,9.0,-7.0,-67.0
1775635305.8645654,4.0,-10.0,-63.0
1775635305.8745654,2.0,-8.0,-62.0
1775635305.8845654,4.0,-5.0,-64.0
1775635305.894565,2.0,-1.0,-62.0
1775635305.904565,-3.0,-3.0,-68.0
1775635305.914565,0.0,-3.0,-69.0
1775635305.9245653,1.0,-2.0,-67.0
1775635305.9345653,0.0,0.0,-58.0
1775635305.9445653,1.0,0.0,-60.0
1775635305.9545653,0.0,2.0,-67.0
1775635305.9645653,1.0,4.0,-69.0
1775635305.9745653,2.0,2.0,-72.0
1775635305.9845655,0.0,4.0,-69.0
1775635305.9945655,2.0,0.0,-66.0
1775635306.0045657,0.0,-3.0,-59.0
1775635306.0145657,0.0,-4.0,-59.0
1775635306.0245657,0.0,-2.0,-59.0
1775635306.0345654,1.0,0.0,-58.0
1775635306.0445654,5.0,-4.0,-57.0
1775635306.0545654,0.0,-3.0,-59.0
1775635306.0645654,6.0,-1.0,-68.0
1775635306.0745654,5.0,3.0,-64.0
1775635306.0845654,3.0,5.0,-61.0
1775635306.0945654,3.0,6.0,-63.0
1775635306.1045654,-3.0,3.0,-65.0
1775635306.1145654,-3.0,1.0,-65.0
1775635306.1245654,0.0,0.0,-65.0
1775635306.1345654,0.0,1.0,-67.0
1775635306.144565,6.0,0.0,-62.0
1775635306.154565,2.0,-2.0,-63.0
1775635306.164565,0.0,-1.0,-67.0
1775635306.1745653,1.0,1.0,-72.0
1775635306.1845653,4.0,1.0,-72.0
1775635306.1945653,6.0,1.0,-64.0
1775635306.2045653,7.0,5.0,-61.0
1775635306.2145653,5.0,2.0,-61.0
1775635306.2245653,3.0,-2.0,-67.0
1775635306.2345655,-5.0,0.0,-66.0
1775635306.2445655,-3.0,1.0,-63.0
1775635306.2545657,0.0,0.0,-65.0
1775635306.2645657,-4.0,0.0,-66.0
1775635306.2745657,-2.0,-2.0,-72.0
1775635306.2845654,-4.0,-1.0,-74.0
1775635306.2945654,-3.0,-2.0,-74.0
1775635306.3045654,1.0,-7.0,-69.0
1775635306.3145654,2.0,-6.0,-67.0
1775635306.3245654,-2.0,-8.0,-73.0
1775635306.3345654,-4.0,-6.0,-72.0
1775635306.3445654,-3.0,-10.0,-75.0
1775635306.3545654,-3.0,-8.0,-70.0
1775635306.3645654,0.0,-6.0,-71.0
1775635306.3745654,0.0,-8.0,-71.0
1775635306.3845654,0.0,-5.0,-64.0
1775635306.394565,2.0,-7.0,-61.0
1775635306.404565,3.0,-15.0,-66.0
1775635306.414565,4.0,-12.0,-60.0
1775635306.4245653,1.0,-11.0,-62.0
1775635306.4345653,4.0,-10.0,-74.0
1775635306.4445653,0.0,-5.0,-69.0
1775635306.4545653,3.0,-1.0,-68.0
1775635306.4645653,6.0,0.0,-71.0
1775635306.4745653,7.0,0.0,-72.0
1775635306.4845655,4.0,1.0,-70.0
1775635306.4945655,0.0,-1.0,-72.0
1775635306.5045657,1.0,2.0,-80.0
1775635306.5145657,0.0,0.0,-87.0
1775635306.5245657,0.0,-3.0,-82.0
1775635306.5345654,0.0,0.0,-77.0
1775635306.5445654,0.0,0.0,-68.0
1775635306.5545654,4.0,0.0,-67.0
1775635306.5645654,1.0,0.0,-67.0
1775635306.5745654,-2.0,4.0,-67.0
1775635306.5845654,-4.0,2.0,-72.0
1775635306.5945654,-6.0,0.0,-70.0
1775635306.6045654,-6.0,0.0,-72.0
1775635306.6145654,0.0,-2.0,-65.0
1775635306.6245654,1.0,1.0,-65.0
1775635306.6345654,0.0,-1.0,-69.0
1775635306.644565,0.0,-2.0,-64.0
1775635306.654565,0.0,-2.0,-68.0
1775635306.664565,0.0,0.0,-74.0
1775635306.6745653,0.0,0.0,-74.0
1775635306.6845653,-3.0,0.0,-70.0
1775635306.6945653,0.0,-2.0,-68.0
1775635306.7045653,4.0,-2.0,-65.0
1775635306.7145653,5.0,-1.0,-72.0
1775635306.7245653,3.0,-2.0,-73.0
1775635306.7345655,-1.0,-3.0,-69.0
1775635306.7445655,3.0,0.0,-61.0
1775635306.7545657,3.0,2.0,-59.0
1775635306.7645657,-1.0,0.0,-59.0
1775635306.7745657,1.0,0.0,-62.0
1775635306.7845654,-1.0,0.0,-64.0
1775635306.7945654,0.0,0.0,-59.0
1775635306.8045654,0.0,3.0,-67.0
1775635306.8145654,-1.0,0.0,-69.0
1775635306.8245654,-3.0,-2.0,-77.0
1775635306.8345654,-2.0,0.0,-70.0
1775635306.8445654,-2.0,0.0,-68.0
1775635306.8545654,3.0,1.0,-75.0
1775635306.8645654,3.0,1.0,-76.0
1775635306.8745654,9.0,0.0,-74.0
1775635306.8845654,9.0,-1.0,-71.0
1775635306.894565,7.0,-5.0,-70.0
1775635306.904565,6.0,-4.0,-70.0
1775635306.914565,5.0,-3.0,-76.0
1775635306.9245653,4.0,-5.0,-74.0
1775635306.9345653,7.0,-5.0,-65.0
1775635306.9445653,8.0,-6.0,-60.0
1775635306.9545653,5.0,-3.0,-61.0
1775635306.9645653,3.0,-1.0,-73.0
1775635306.9745653,4.0,-2.0,-68.0
1775635306.9845655,3.0,-1.0,-78.0
1775635306.9945655,1.0,-1.0,-84.0
1775635307.0045657,-1.0,-3.0,-80.0
1775635307.0145657,0.0,-3.0,-81.0
1775635307.0245657,0.0,-3.0,-77.0
1775635307.0345654,-3.0,-6.0,-74.0
1775635307.0445654,-3.0,-5.0,-74.0
1775635307.0545654,0.0,0.0,-75.0
1775635307.0645654,0.0,3.0,-71.0
1775635307.0745654,1.0,3.0,-67.0
1775635307.0845654,2.0,-2.0,-63.0
1775635307.0945654,0.0,-4.0,-60.0
1775635307.1045654,-3.0,-4.0,-62.0
1775635307.1145654,-2.0,-5.0,-59.0
1775635307.1245654,0.0,-5.0,-62.0
1775635307.1345654,-1.0,-9.0,-63.0
1775635307.144565,0.0,-9.0,-63.0
1775635307.154565,0.0,-5.0,-67.0
1775635307.164565,1.0,-9.0,-67.0
1775635307.1745653,2.0,-6.0,-64.0
1775635307.1845653,2.0,-4.0,-63.0
1775635307.1945653,1.0,-4.0,-63.0
1775635307.2045653,3.0,-3.0,-62.0
1775635307.2145653,-1.0,-1.0,-65.0
1775635307.2245653,-1.0,0.0,-73.0
1775635307.2345655,-3.0,-1.0,-70.0
1775635307.2445655,-1.0,0.0,-77.0
1775635307.2545657,-1.0,0.0,-81.0
1775635307.2645657,0.0,3.0,-79.0
1775635307.2745657,0.0,3.0,-82.0
1775635307.2845654,2.0,2.0,-83.0
1775635307.2945654,4.0,1.0,-75.0
1775635307.3045654,3.0,4.0,-76.0
1775635307.3145654,0.0,1.0,-78.0
1775635307.3245654,0.0,-1.0,-73.0
1775635307.3345654,-2.0,-3.0,-73.0
1775635307.3445654,-4.0,-1.0,-72.0
1775635307.3545654,-4.0,-4.0,-69.0
1775635307.3645654,-4.0,-5.0,-75.0
1775635307.3745654,-7.0,-9.0,-71.0
1775635307.3845654,-3.0,-7.0,-76.0
1775635307.394565,-3.0,-8.0,-77.0
1775635307.404565,-6.0,-7.0,-79.0
1775635307.414565,-5.0,-3.0,-82.0
1775635307.4245653,-5.0,-4.0,-82.0
1775635307.4345653,-5.0,-2.0,-84.0
1775635307.4445653,-4.0,-4.0,-84.0
1775635307.4545653,-5.0,-1.0,-76.0
1775635307.4645653,-5.0,1.0,-75.0
1775635307.4745653,-4.0,2.0,-68.0
1775635307.4845655,-4.0,0.0,-66.0
1775635307.4945655,-3.0,3.0,-69.0
1775635307.5045657,-3.0,0.0,-67.0
1775635307.5145657,-3.0,0.0,-74.0
1775635307.5245657,-2.0,-3.0,-74.0
1775635307.5345654,0.0,0.0,-77.0
1775635307.5445654,-1.0,1.0,-76.0
1775635307.5545654,0.0,0.0,-72.0
1775635307.5645654,0.0,-2.0,-71.0
1775635307.5745654,-2.0,-3.0,-69.0
1775635307.5845654,-4.0,-1.0,-69.0
1775635307.5945654,-4.0,-5.0,-69.0
1775635307.6045654,-1.0,-8.0,-72.0
1775635307.6145654,0.0,-5.0,-70.0
1775635307.6245654,-4.0,-6.0,-69.0
1775635307.6345654,-4.0,-3.0,-70.0
1775635307.644565,0.0,-6.0,-67.0
1775635307.654565,-1.0,-4.0,-65.0
1775635307.664565,-4.0,-1.0,-66.0
1775635307.6745653,-7.0,0.0,-70.0
1775635307.6845653,-6.0,-1.0,-68.0
1775635307.6945653,-5.0,0.0,-72.0
1775635307.7045653,-2.0,-7.0,-72.0
1775635307.7145653,0.0,-6.0,-73.0
1775635307.7245653,1.0,0.0,-73.0
1775635307.7345655,1.0,-1.0,-79.0
1775635307.7445655,2.0,-3.0,-75.0
1775635307.7545657,1.0,-2.0,-73.0
1775635307.7645657,3.0,-4.0,-69.0
1775635307.7745657,7.0,-2.0,-70.0
1775635307.7845654,7.0,-1.0,-71.0
1775635307.7945654,3.0,-2.0,-67.0
1775635307.8045654,0.0,-5.0,-69.0
1775635307.8145654,-2.0,0.0,-69.0
1775635307.8245654,-1.0,-1.0,-67.0
1775635307.8345654,0.0,-2.0,-73.0
1775635307.8445654,-2.0,-3.0,-78.0
1775635307.8545654,-1.0,-2.0,-77.0
1775635307.8645654,1.0,-1.0,-77.0
1775635307.8745654,3.0,0.0,-80.0
1775635307.8845654,0.0,0.0,-74.0
1775635307.894565,-3.0,-2.0,-74.0
1775635307.904565,0.0,2.0,-75.0
1775635307.914565,2.0,4.0,-74.0
1775635307.9245653,1.0,7.0,-67.0
1775635307.9345653,1.0,5.0,-75.0
1775635307.9445653,0.0,3.0,-71.0
1775635307.9545653,-2.0,4.0,-70.0
1775635307.9645653,-5.0,5.0,-66.0
1775635307.9745653,-4.0,4.0,-68.0
1775635307.9845655,-7.0,5.0,-76.0
1775635307.9945655,-4.0,3.0,-72.0
1775635308.0045657,-3.0,-2.0,-73.0
1775635308.0145657,-1.0,-2.0,-74.0
1775635308.0245657,2.0,0.0,-76.0
1775635308.0345654,2.0,-3.0,-71.0
1775635308.0445654,2.0,-2.0,-66.0
1775635308.0545654,0.0,1.0,-69.0
1775635308.0645654,-1.0,2.0,-64.0
1775635308.0745654,-4.0,0.0,-62.0
1775635308.0845654,-3.0,-5.0,-63.0
1775635308.0945654,0.0,-4.0,-59.0
1775635308.1045654,0.0,-5.0,-69.0
1775635308.1145654,0.0,-2.0,-68.0
1775635308.1245654,0.0,-4.0,-67.0
1775635308.1345654,-3.0,-2.0,-58.0
1775635308.144565,-1.0,1.0,-54.0
1775635308.154565,-1.0,0.0,-61.0
1775635308.164565,1.0,-1.0,-63.0
1775635308.1745653,2.0,-4.0,-68.0
1775635308.1855657,0.0,0.0,-72.0
1775635308.1955657,-1.0,1.0,-71.0
1775635308.2055657,-3.0,0.0,-71.0
1775635308.2155654,-2.0,-1.0,-67.0
1775635308.2255654,-5.0,-1.0,-66.0
1775635308.2355654,-2.0,-4.0,-72.0
1775635308.2455654,-3.0,0.0,-72.0
1775635308.2555654,-5.0,-5.0,-77.0
1775635308.2655654,1.0,-7.0,-87.0
1775635308.2755654,0.0,-7.0,-79.0
1775635308.2855654,1.0,-3.0,-70.0
1775635308.2955654,1.0,-1.0,-65.0
1775635308.3055654,0.0,0.0,-62.0
1775635308.315565,0.0,3.0,-67.0
1775635308.325565,2.0,0.0,-73.0
1775635308.335565,3.0,-2.0,-75.0
1775635308.3455653,5.0,-3.0,-75.0
1775635308.3555653,1.0,-2.0,-70.0
1775635308.3655653,3.0,2.0,-72.0
1775635308.3755653,0.0,0.0,-70.0
1775635308.3855653,0.0,-2.0,-67.0
1775635308.3955653,-1.0,0.0,-71.0
1775635308.4055655,-5.0,2.0,-67.0
1775635308.4155655,-1.0,2.0,-59.0
1775635308.4255655,3.0,0.0,-62.0
1775635308.4355657,-1.0,1.0,-59.0
1775635308.4455657,0.0,1.0,-56.0
1775635308.4555657,-4.0,2.0,-60.0
1775635308.4655654,-8.0,-1.0,-57.0
1775635308.4755654,-6.0,-5.0,-65.0
1775635308.4855654,-9.0,-3.0,-67.0
1775635308.4955654,-8.0,-4.0,-68.0
1775635308.5055654,-3.0,-2.0,-65.0
1775635308.5155654,-1.0,-1.0,-69.0
1775635308.5255654,3.0,-3.0,-68.0
1775635308.5355654,0.0,-5.0,-70.0
1775635308.5455654,0.0,-6.0,-68.0
1775635308.5555654,2.0,-6.0,-70.0
1775635308.565565,1.0,-4.0,-73.0
1775635308.575565,0.0,2.0,-69.0
1775635308.585565,1.0,2.0,-65.0
1775635308.5955653,0.0,2.0,-60.0
1775635308.6055653,0.0,1.0,-64.0
1775635308.6155653,1.0,0.0,-63.0
1775635308.6255653,-1.0,3.0,-62.0
1775635308.6355653,0.0,6.0,-60.0
1775635308.6455653,-1.0,4.0,-59.0
1775635308.6555655,0.0,1.0,-66.0
1775635308.6655655,0.0,-1.0,-61.0
1775635308.6755655,-1.0,0.0,-60.0
1775635308.6855657,0.0,2.0,-63.0
1775635308.6955657,-4.0,3.0,-68.0
1775635308.7055657,0.0,2.0,-68.0
1775635308.7155654,0.0,2.0,-69.0
1775635308.7255654,0.0,0.0,-66.0
1775635308.7355654,1.0,2.0,-64.0
1775635308.7455654,-4.0,-1.0,-68.0
1775635308.7555654,-3.0,2.0,-65.0
1775635308.7655654,-1.0,1.0,-64.0
1775635308.7755654,-1.0,0.0,-58.0
1775635308.7855654,-4.0,1.0,-65.0
1775635308.7955654,-3.0,-2.0,-68.0
1775635308.8055654,-5.0,-2.0,-67.0
1775635308.815565,-11.0,-1.0,-73.0
1775635308.825565,-13.0,0.0,-77.0
1775635308.835565,-17.0,0.0,-76.0
1775635308.8455653,-15.0,2.0,-71.0
1775635308.8555653,-10.0,2.0,-74.0
1775635308.8655653,-8.0,-4.0,-77.0
1775635308.8755653,-1.0,-3.0,-76.0
1775635308.8855653,-4.0,-4.0,-75.0
1775635308.8955653,-2.0,-4.0,-74.0
1775635308.9055655,1.0,-3.0,-71.0
1775635308.9155655,-1.0,-1.0,-69.0
1775635308.9255655,0.0,-3.0,-66.0
1775635308.9355657,-5.0,-3.0,-66.0
1775635308.9455657,-7.0,-7.0,-67.0
1775635308.9555657,-10.0,-4.0,-66.0
1775635308.9655654,-10.0,-4.0,-62.0
1775635308.9755654,-6.0,0.0,-58.0
1775635308.9855654,-6.0,3.0,-56.0
1775635308.9955654,-6.0,4.0,-60.0
1775635309.0055654,-6.0,3.0,-70.0
1775635309.0155654,-7.0,6.0,-73.0
1775635309.0255654,-9.0,5.0,-78.0
1775635309.0355654,-4.0,3.0,-75.0
1775635309.0455654,0.0,2.0,-65.0
1775635309.0555654,0.0,1.0,-63.0
1775635309.065565,0.0,0.0,-63.0
1775635309.075565,2.0,-1.0,-61.0
1775635309.085565,1.0,-5.0,-61.0
1775635309.0955653,-2.0,-3.0,-63.0
1775635309.1055653,-4.0,-1.0,-67.0
1775635309.1155653,0.0,1.0,-68.0
1775635309.1255653,-2.0,0.0,-64.0
1775635309.1355653,0.0,0.0,-61.0
1775635309.1455653,5.0,-1.0,-65.0
1775635309.1555655,5.0,-1.0,-67.0
1775635309.1655655,2.0,-3.0,-68.0
1775635309.1755655,3.0,-4.0,-71.0
1775635309.1855657,0.0,-4.0,-75.0
1775635309.1955657,-5.0,-4.0,-75.0
1775635309.2055657,-7.0,-3.0,-73.0
1775635309.2155654,-6.0,-3.0,-69.0
1775635309.2255654,-5.0,-3.0,-68.0
1775635309.2355654,-7.0,-3.0,-70.0
1775635309.2455654,-5.0,0.0,-75.0
1775635309.2555654,-3.0,0.0,-78.0
1775635309.2655654,-6.0,2.0,-76.0
1775635309.2755654,-6.0,3.0,-76.0
1775635309.2855654,0.0,1.0,-81.0
1775635309.2955654,4.0,0.0,-77.0
1775635309.3055654,5.0,-2.0,-76.0
1775635309.315565,3.0,-5.0,-71.0
1775635309.325565,2.0,-3.0,-64.0
1775635309.335565,0.0,-6.0,-67.0
1775635309.3455653,0.0,-6.0,-65.0
1775635309.3555653,3.0,-2.0,-69.0
1775635309.3655653,4.0,0.0,-76.0
1775635309.3755653,5.0,-1.0,-77.0
1775635309.3855653,6.0,-2.0,-78.0
1775635309.3955653,5.0,-5.0,-77.0
1775635309.4055655,0.0,-6.0,-77.0
1775635309.4155655,-2.0,-4.0,-77.0
1775635309.4255655,1.0,-3.0,-72.0
1775635309.4355657,-4.0,-6.0,-74.0
1775635309.4455657,-4.0,-3.0,-67.0
1775635309.4555657,-6.0,-7.0,-69.0
1775635309.4655654,-8.0,-7.0,-58.0
1775635309.4755654,-3.0,-4.0,-60.0
1775635309.4855654,-2.0,-7.0,-60.0
1775635309.4955654,0.0,-12.0,-63.0
1775635309.5055654,0.0,-16.0,-67.0
1775635309.5155654,1.0,-16.0,-58.0
1775635309.5255654,1.0,-15.0,-65.0
1775635309.5355654,0.0,-10.0,-69.0
1775635309.5455654,-3.0,-10.0,-60.0
1775635309.5555654,-4.0,-3.0,-60.0
1775635309.565565,-3.0,-5.0,-58.0
1775635309.5765653,-5.0,0.0,-58.0
1775635309.585565,-1.0,0.0,-62.0
1775635309.5955653,-5.0,-1.0,-59.0
1775635309.6055653,-3.0,-4.0,-60.0
1775635309.6155653,3.0,-4.0,-63.0
1775635309.6255653,1.0,0.0,-64.0
1775635309.6355653,1.0,-3.0,-64.0
1775635309.6455653,2.0,-2.0,-64.0
1775635309.6555655,1.0,-5.0,-68.0
1775635309.6655655,-1.0,-8.0,-66.0
1775635309.6755655,-2.0,-5.0,-63.0
1775635309.6855657,6.0,-6.0,-56.0
1775635309.6955657,5.0,-3.0,-60.0
1775635309.7055657,4.0,-6.0,-62.0
1775635309.7155654,1.0,-2.0,-60.0
1775635309.7255654,-3.0,2.0,-65.0
1775635309.7355654,-4.0,4.0,-69.0
1775635309.7455654,-5.0,5.0,-70.0
1775635309.7555654,-5.0,6.0,-71.0
1775635309.7655654,-4.0,3.0,-68.0
1775635309.7755654,0.0,0.0,-65.0
1775635309.7855654,0.0,-6.0,-68.0
1775635309.7955654,0.0,-6.0,-68.0
1775635309.8055654,-2.0,-2.0,-76.0
1775635309.815565,0.0,0.0,-75.0
1775635309.825565,0.0,4.0,-69.0
1775635309.835565,3.0,0.0,-70.0
1775635309.8455653,1.0,-2.0,-69.0
1775635309.8555653,0.0,-4.0,-72.0
1775635309.8655653,3.0,0.0,-67.0
1775635309.8755653,1.0,1.0,-65.0
1775635309.8855653,3.0,3.0,-65.0
1775635309.8955653,1.0,3.0,-63.0
1775635309.9055655,3.0,2.0,-61.0
1775635309.9155655,4.0,0.0,-63.0
1775635309.9255655,5.0,3.0,-68.0
1775635309.9355657,2.0,3.0,-66.0
1775635309.9455657,2.0,6.0,-70.0
1775635309.9555657,1.0,3.0,-71.0
1775635309.9655654,0.0,-1.0,-72.0
1775635309.9755654,-1.0,0.0,-69.0
1775635309.9855654,1.0,-4.0,-72.0
1775635309.9955654,2.0,-2.0,-71.0
1775635310.0055654,0.0,-4.0,-68.0
1775635310.0155654,-1.0,-4.0,-69.0
1775635310.0255654,-3.0,-2.0,-76.0
1775635310.0355654,-1.0,-1.0,-70.0
1775635310.0455654,-3.0,-1.0,-72.0
1775635310.0555654,0.0,2.0,-67.0
1775635310.065565,0.0,2.0,-68.0
1775635310.075565,-2.0,0.0,-72.0
1775635310.085565,2.0,-4.0,-67.0
1775635310.0955653,-2.0,-2.0,-72.0
1775635310.1055653,-5.0,-2.0,-69.0
1775635310.1155653,-7.0,-4.0,-72.0
1775635310.1255653,-8.0,-1.0,-67.0
1775635310.1355653,-6.0,-2.0,-65.0
1775635310.1455653,-3.0,0.0,-66.0
1775635310.1555655,-1.0,2.0,-67.0
1775635310.1655655,-3.0,0.0,-68.0
1775635310.1755655,-4.0,5.0,-68.0
1775635310.1855657,-6.0,3.0,-63.0
1775635310.1955657,-4.0,1.0,-62.0
1775635310.2055657,0.0,1.0,-68.0
1775635310.2155654,0.0,0.0,-67.0
1775635310.2255654,-2.0,-1.0,-68.0
1775635310.2355654,1.0,0.0,-66.0
1775635310.2455654,-3.0,0.0,-61.0
1775635310.2555654,-2.0,-3.0,-65.0
1775635310.2655654,-2.0,-5.0,-65.0
1775635310.2755654,-3.0,-5.0,-62.0
1775635310.2855654,-2.0,-6.0,-61.0
1775635310.2955654,-1.0,-8.0,-62.0
1775635310.3055654,0.0,-8.0,-67.0
1775635310.315565,1.0,-8.0,-74.0
1775635310.325565,0.0,-8.0,-67.0
1775635310.335565,0.0,-10.0,-74.0
1775635310.3455653,1.0,-5.0,-71.0
1775635310.3555653,0.0,-6.0,-67.0
1775635310.3655653,-1.0,-3.0,-68.0
1775635310.3755653,4.0,-3.0,-67.0
1775635310.3855653,7.0,-2.0,-63.0
1775635310.3955653,8.0,-1.0,-67.0
1775635310.4055655,13.0,-4.0,-70.0
1775635310.4155655,14.0,-5.0,-71.0
1775635310.4255655,11.0,-1.0,-71.0
1775635310.4355657,8.0,1.0,-66.0
1775635310.4455657,4.0,2.0,-65.0
1775635310.4555657,2.0,1.0,-64.0
1775635310.4655654,-3.0,4.0,-65.0
1775635310.4755654,-4.0,3.0,-61.0
1775635310.4865654,-3.0,2.0,-55.0
1775635310.4955654,-2.0,-3.0,-66.0
1775635310.506565,0.0,-3.0,-65.0
1775635310.516565,-2.0,-4.0,-63.0
1775635310.5265653,2.0,-2.0,-62.0
1775635310.5365653,3.0,-4.0,-63.0
1775635310.5455654,1.0,-6.0,-61.0
1775635310.5565653,1.0,-5.0,-69.0
1775635310.5665653,1.0,0.0,-65.0
1775635310.5765653,-1.0,0.0,-60.0
1775635310.5865655,0.0,1.0,-60.0
1775635310.5965655,-1.0,0.0,-63.0
1775635310.6065657,2.0,0.0,-68.0
1775635310.6165657,3.0,0.0,-73.0
1775635310.6265657,2.0,1.0,-73.0
1775635310.6365654,-1.0,0.0,-71.0
1775635310.6465654,3.0,4.0,-71.0
1775635310.6565654,0.0,2.0,-70.0
1775635310.6665654,-6.0,3.0,-68.0
1775635310.6765654,0.0,5.0,-64.0
1775635310.6865654,0.0,1.0,-64.0
1775635310.6965654,-5.0,-3.0,-61.0
1775635310.7065654,-6.0,-4.0,-60.0
1775635310.7165654,-5.0,-9.0,-66.0
1775635310.7265654,-6.0,-9.0,-69.0
1775635310.7365654,-6.0,-6.0,-64.0
1775635310.746565,-7.0,-5.0,-64.0
1775635310.756565,-6.0,-2.0,-62.0
1775635310.766565,-5.0,1.0,-64.0
1775635310.7765653,-6.0,1.0,-65.0
1775635310.7865653,-7.0,-2.0,-60.0
1775635310.7965653,-8.0,-1.0,-58.0
1775635310.8065653,-5.0,1.0,-51.0
1775635310.8165653,-1.0,0.0,-52.0
1775635310.8265653,-3.0,-1.0,-61.0
1775635310.8365655,-1.0,-5.0,-56.0
1775635310.8465655,0.0,-2.0,-54.0
1775635310.8565657,0.0,-2.0,-54.0
1775635310.8665657,1.0,0.0,-57.0
1775635310.8765657,0.0,2.0,-54.0
1775635310.8865654,0.0,6.0,-64.0
1775635310.8965654,0.0,7.0,-65.0
1775635310.9065654,-3.0,4.0,-61.0
1775635310.9165654,-5.0,2.0,-60.0
1775635310.9265654,-8.0,0.0,-65.0
1775635310.9365654,-10.0,-3.0,-75.0
1775635310.9465654,-4.0,0.0,-72.0
1775635310.9565654,0.0,1.0,-79.0
1775635310.9665654,-3.0,5.0,-76.0
1775635310.9765654,-3.0,1.0,-71.0
1775635310.9865654,-5.0,0.0,-70.0
1775635310.996565,-3.0,0.0,-63.0
1775635311.006565,-1.0,1.0,-60.0
1775635311.016565,-1.0,-2.0,-61.0
1775635311.0265653,-4.0,-3.0,-60.0
1775635311.0365653,-5.0,-6.0,-59.0
1775635311.0465653,-5.0,-7.0,-58.0
1775635311.0565653,-1.0,-8.0,-62.0
1775635311.0665653,0.0,-8.0,-69.0
1775635311.0765653,2.0,-10.0,-71.0
1775635311.0865655,5.0,-2.0,-68.0
1775635311.0965655,9.0,0.0,-72.0
1775635311.1065657,7.0,-1.0,-71.0
1775635311.1165657,7.0,0.0,-72.0
1775635311.1265657,8.0,3.0,-75.0
1775635311.1365654,2.0,-1.0,-76.0
1775635311.1465654,1.0,1.0,-75.0
1775635311.1565654,-2.0,0.0,-80.0
1775635311.1665654,-4.0,-2.0,-79.0
1775635311.1765654,-7.0,-2.0,-71.0
1775635311.1865654,-7.0,0.0,-73.0
1775635311.1965654,-10.0,0.0,-66.0
1775635311.2065654,-8.0,0.0,-61.0
1775635311.2165654,-7.0,-1.0,-67.0
1775635311.2265654,-5.0,0.0,-67.0
1775635311.2365654,-5.0,2.0,-73.0
1775635311.246565,-6.0,2.0,-75.0
1775635311.256565,-8.0,7.0,-72.0
1775635311.266565,-5.0,5.0,-71.0
1775635311.2765653,-5.0,2.0,-77.0
1775635311.2865653,-7.0,3.0,-74.0
1775635311.2965653,-8.0,0.0,-74.0
1775635311.3065653,-8.0,-4.0,-72.0
1775635311.3165653,-8.0,-4.0,-70.0
1775635311.3265653,-6.0,-4.0,-79.0
1775635311.3365655,0.0,-7.0,-69.0
1775635311.3465655,3.0,-5.0,-71.0
1775635311.3565657,1.0,-7.0,-67.0
1775635311.3665657,2.0,-5.0,-60.0
1775635311.3765657,0.0,0.0,-66.0
1775635311.3865654,2.0,0.0,-69.0
1775635311.3965654,0.0,-4.0,-65.0
1775635311.4065654,1.0,-5.0,-64.0
1775635311.4165654,2.0,-2.0,-65.0
1775635311.4265654,1.0,-1.0,-64.0
1775635311.4365654,-2.0,-3.0,-71.0
1775635311.4465654,-5.0,-1.0,-73.0
1775635311.4565654,-1.0,0.0,-73.0
1775635311.4665654,-1.0,3.0,-73.0
1775635311.4765654,0.0,6.0,-75.0
1775635311.4865654,-3.0,5.0,-67.0
1775635311.496565,-5.0,0.0,-63.0
1775635311.506565,0.0,0.0,-57.0
1775635311.516565,0.0,0.0,-57.0
1775635311.5265653,2.0,2.0,-54.0
1775635311.5365653,-2.0,1.0,-58.0
1775635311.5465653,-3.0,-2.0,-62.0
1775635311.5565653,-2.0,-4.0,-66.0
1775635311.5665653,-4.0,-1.0,-72.0
1775635311.5765653,-6.0,1.0,-67.0
1775635311.5865655,-1.0,0.0,-69.0
1775635311.5965655,0.0,-2.0,-65.0
1775635311.6065657,1.0,-3.0,-62.0
1775635311.6165657,0.0,-8.0,-57.0
1775635311.6265657,-1.0,-8.0,-59.0
1775635311.6365654,-3.0,-5.0,-65.0
1775635311.6465654,-6.0,-6.0,-62.0
1775635311.6565654,0.0,-5.0,-64.0
1775635311.6665654,1.0,-9.0,-72.0
1775635311.6765654,-3.0,-5.0,-69.0
1775635311.6865654,-9.0,-1.0,-62.0
1775635311.6965654,-8.0,0.0,-66.0
1775635311.7065654,-14.0,1.0,-70.0
1775635311.7165654,-9.0,3.0,-70.0
1775635311.7265654,-7.0,2.0,-68.0
1775635311.7365654,-10.0,0.0,-70.0
1775635311.746565,-9.0,1.0,-74.0
1775635311.756565,-4.0,-3.0,-77.0
1775635311.766565,-6.0,0.0,-78.0
1775635311.7765653,-5.0,0.0,-74.0
1775635311.7865653,-5.0,5.0,-75.0
1775635311.7965653,-7.0,6.0,-76.0
1775635311.8065653,-3.0,8.0,-75.0
1775635311.8165653,-1.0,7.0,-74.0
1775635311.8265653,-4.0,4.0,-70.0
1775635311.8365655,-4.0,4.0,-71.0
1775635311.8465655,-5.0,0.0,-75.0
1775635311.8565657,-7.0,-3.0,-73.0
1775635311.8665657,-6.0,-2.0,-68.0
1775635311.8765657,-3.0,-4.0,-70.0
1775635311.8865654,-2.0,0.0,-80.0
1775635311.8965654,-4.0,0.0,-82.0
1775635311.9065654,-2.0,2.0,-78.0
1775635311.9165654,0.0,2.0,-76.0
1775635311.9265654,-2.0,2.0,-77.0
1775635311.9365654,3.0,-1.0,-78.0
1775635311.9465654,1.0,-2.0,-69.0
1775635311.9565654,0.0,-4.0,-64.0
1775635311.9665654,0.0,0.0,-62.0
1775635311.9765654,0.0,0.0,-60.0
1775635311.9865654,1.0,-2.0,-58.0
1775635311.996565,4.0,1.0,-63.0
1775635312.006565,8.0,-1.0,-66.0
1775635312.016565,8.0,-2.0,-68.0
1775635312.0265653,5.0,2.0,-64.0
1775635312.0365653,3.0,0.0,-65.0
1775635312.0465653,1.0,-2.0,-66.0
1775635312.0565653,-4.0,-3.0,-69.0
1775635312.0665653,-5.0,-1.0,-71.0
1775635312.0765653,-4.0,0.0,-69.0
1775635312.0865655,0.0,2.0,-67.0
1775635312.0965655,0.0,1.0,-63.0
1775635312.1065657,-2.0,0.0,-65.0
1775635312.1165657,-7.0,-2.0,-76.0
1775635312.1265657,-4.0,-3.0,-79.0
1775635312.1365654,0.0,-2.0,-80.0
1775635312.1465654,0.0,0.0,-80.0
1775635312.1565654,0.0,0.0,-79.0
1775635312.1665654,-3.0,0.0,-74.0
1775635312.1765654,-4.0,-1.0,-72.0
1775635312.1865654,-4.0,-2.0,-74.0
1775635312.1965654,-6.0,-4.0,-74.0
1775635312.2065654,-8.0,-5.0,-75.0
1775635312.2165654,-8.0,-5.0,-67.0
1775635312.2265654,-6.0,-1.0,-59.0
1775635312.2365654,-5.0,1.0,-64.0
1775635312.246565,-5.0,1.0,-69.0
1775635312.256565,-11.0,-5.0,-66.0
1775635312.266565,-9.0,-5.0,-68.0
1775635312.2765653,-6.0,-2.0,-69.0
1775635312.2865653,-3.0,-2.0,-65.0
1775635312.2965653,-3.0,-5.0,-64.0
1775635312.3065653,-4.0,-7.0,-60.0
1775635312.3165653,-7.0,-2.0,-58.0
1775635312.3265653,-2.0,1.0,-64.0
1775635312.3365655,3.0,0.0,-72.0
1775635312.3465655,1.0,2.0,-73.0
1775635312.3565657,0.0,-1.0,-70.0
1775635312.3665657,2.0,0.0,-75.0
1775635312.3765657,0.0,-1.0,-75.0
1775635312.3865654,-7.0,1.0,-71.0
1775635312.3965654,-7.0,-1.0,-77.0
1775635312.4065654,-7.0,-4.0,-75.0
1775635312.4165654,-11.0,-2.0,-77.0
1775635312.4265654,-12.0,0.0,-78.0
1775635312.4365654,-9.0,-2.0,-74.0
1775635312.4465654,-7.0,0.0,-73.0
1775635312.4565654,-5.0,2.0,-71.0
1775635312.4665654,-1.0,7.0,-72.0
1775635312.4765654,1.0,6.0,-72.0
1775635312.4865654,0.0,6.0,-67.0
1775635312.496565,-5.0,3.0,-67.0
1775635312.506565,-2.0,3.0,-64.0
1775635312.516565,-4.0,4.0,-66.0
1775635312.5265653,-2.0,5.0,-67.0
1775635312.5365653,0.0,8.0,-58.0
1775635312.5465653,0.0,4.0,-62.0
1775635312.5565653,0.0,3.0,-61.0
1775635312.5665653,0.0,1.0,-61.0
1775635312.5765653,0.0,-2.0,-55.0
1775635312.5865655,0.0,-2.0,-55.0
1775635312.5965655,-1.0,0.0,-55.0
1775635312.6065657,-5.0,3.0,-55.0
1775635312.6165657,-4.0,5.0,-61.0
1775635312.6265657,-7.0,1.0,-60.0
1775635312.6365654,-3.0,-2.0,-61.0
1775635312.6465654,-2.0,-7.0,-68.0
1775635312.6565654,-5.0,-6.0,-71.0
1775635312.6665654,-7.0,-2.0,-71.0
1775635312.6765654,-2.0,2.0,-73.0
1775635312.6865654,0.0,0.0,-74.0
1775635312.6965654,2.0,0.0,-71.0
1775635312.7065654,4.0,-2.0,-71.0
1775635312.7165654,0.0,-1.0,-67.0
1775635312.7265654,3.0,-3.0,-59.0
1775635312.7365654,2.0,-9.0,-66.0
1775635312.746565,1.0,-8.0,-74.0
1775635312.756565,3.0,-7.0,-78.0
1775635312.766565,3.0,-6.0,-76.0
1775635312.7765653,0.0,-10.0,-84.0
1775635312.7875657,0.0,-5.0,-83.0
1775635312.7975657,-1.0,-1.0,-77.0
1775635312.8075657,-3.0,4.0,-77.0
1775635312.8175654,-2.0,3.0,-81.0
1775635312.8275654,-1.0,5.0,-77.0
1775635312.8375654,1.0,8.0,-72.0
1775635312.8475654,1.0,2.0,-68.0
1775635312.8575654,0.0,2.0,-70.0
1775635312.8675654,0.0,6.0,-73.0
1775635312.8775654,-2.0,6.0,-71.0
1775635312.8875654,0.0,10.0,-67.0
1775635312.8975654,0.0,4.0,-63.0
1775635312.9075654,3.0,4.0,-61.0
1775635312.917565,5.0,0.0,-58.0
1775635312.927565,2.0,-4.0,-62.0
1775635312.937565,0.0,-2.0,-62.0
1775635312.9475653,1.0,1.0,-60.0
1775635312.9575653,2.0,-1.0,-59.0
1775635312.9675653,5.0,0.0,-63.0
1775635312.9775653,0.0,0.0,-63.0
1775635312.9875653,0.0,-3.0,-65.0
1775635312.9975653,0.0,-4.0,-69.0
1775635313.0075655,-1.0,0.0,-66.0
1775635313.0175655,3.0,-1.0,-63.0
1775635313.0275657,0.0,-4.0,-71.0
1775635313.0375657,-5.0,1.0,-75.0
1775635313.0475657,-4.0,2.0,-74.0
1775635313.0575657,-1.0,2.0,-78.0
1775635313.0675654,-2.0,2.0,-81.0
1775635313.0775654,-3.0,0.0,-79.0
1775635313.0875654,-3.0,0.0,-75.0
1775635313.0975654,-1.0,0.0,-75.0
1775635313.1075654,0.0,2.0,-72.0
1775635313.1175654,3.0,1.0,-73.0
1775635313.1275654,3.0,0.0,-69.0
1775635313.1375654,0.0,-3.0,-69.0
1775635313.1475654,1.0,-7.0,-64.0
1775635313.1575654,2.0,-7.0,-70.0
1775635313.167565,3.0,-7.0,-75.0
1775635313.177565,2.0,-8.0,-70.0
1775635313.187565,0.0,-3.0,-74.0
1775635313.1975653,1.0,2.0,-74.0
1775635313.2075653,2.0,2.0,-72.0
1775635313.2175653,5.0,2.0,-70.0
1775635313.2275653,10.0,0.0,-71.0
1775635313.2375653,3.0,0.0,-69.0
1775635313.2475653,0.0,0.0,-68.0
1775635313.2575655,6.0,0.0,-63.0
1775635313.2675655,3.0,4.0,-65.0
1775635313.2775657,3.0,3.0,-73.0
1775635313.2875657,1.0,0.0,-70.0
1775635313.2975657,0.0,-3.0,-67.0
1775635313.3075657,0.0,-4.0,-67.0
1775635313.3175654,0.0,-7.0,-73.0
1775635313.3275654,3.0,-9.0,-75.0
1775635313.3375654,1.0,-7.0,-75.0
1775635313.3475654,3.0,-5.0,-72.0
1775635313.3575654,0.0,-5.0,-77.0
1775635313.3675654,0.0,-4.0,-74.0
1775635313.3775654,3.0,-4.0,-71.0
1775635313.3875654,0.0,-5.0,-71.0
1775635313.3975654,3.0,-3.0,-76.0
1775635313.4075654,4.0,-3.0,-78.0
1775635313.417565,2.0,-4.0,-75.0
1775635313.427565,-3.0,-4.0,-67.0
1775635313.437565,-2.0,-1.0,-68.0
1775635313.4475653,-3.0,0.0,-72.0
1775635313.4575653,-6.0,0.0,-69.0
1775635313.4675653,-4.0,0.0,-68.0
1775635313.4775653,0.0,4.0,-62.0
1775635313.4875653,-1.0,0.0,-58.0
1775635313.4975653,-2.0,1.0,-56.0
1775635313.5075655,-2.0,0.0,-61.0
1775635313.5175655,0.0,3.0,-61.0
1775635313.5275657,-4.0,6.0,-61.0
1775635313.5375657,-5.0,7.0,-68.0
1775635313.5475657,-5.0,5.0,-74.0
1775635313.5575657,-6.0,3.0,-78.0
1775635313.5675654,-1.0,-2.0,-76.0
1775635313.5775654,4.0,-4.0,-74.0
1775635313.5875654,7.0,-4.0,-69.0
1775635313.5975654,9.0,-4.0,-71.0
1775635313.6075654,2.0,0.0,-79.0
1775635313.6175654,3.0,-4.0,-82.0
1775635313.6275654,1.0,-7.0,-83.0
1775635313.6375654,1.0,-7.0,-87.0
1775635313.6475654,0.0,-6.0,-80.0
1775635313.6575654,-4.0,-4.0,-77.0
1775635313.667565,-6.0,-9.0,-73.0
1775635313.677565,-6.0,-11.0,-67.0
1775635313.687565,-5.0,-9.0,-73.0
1775635313.6975653,-3.0,-5.0,-74.0
1775635313.7075653,-4.0,-2.0,-70.0
1775635313.7175653,-8.0,-1.0,-76.0
1775635313.7275653,-4.0,-4.0,-71.0
1775635313.7375653,0.0,-7.0,-68.0
1775635313.7475653,0.0,-5.0,-74.0
1775635313.7575655,-4.0,-6.0,-70.0
1775635313.7675655,-2.0,-4.0,-64.0
1775635313.7775657,-1.0,-3.0,-61.0
1775635313.7875657,-2.0,0.0,-56.0
1775635313.7975657,-2.0,-1.0,-65.0
1775635313.8075657,-1.0,0.0,-71.0
1775635313.8175654,-2.0,-2.0,-74.0
1775635313.8275654,-1.0,0.0,-73.0
1775635313.8375654,-5.0,2.0,-72.0
1775635313.8475654,-6.0,3.0,-73.0
1775635313.8575654,-9.0,4.0,-75.0
1775635313.8675654,-6.0,0.0,-73.0
1775635313.8775654,-7.0,0.0,-79.0
1775635313.8875654,-4.0,1.0,-77.0
1775635313.8975654,-4.0,-2.0,-75.0
1775635313.9075654,0.0,0.0,-75.0
1775635313.917565,1.0,-4.0,-67.0
1775635313.927565,-4.0,-3.0,-69.0
1775635313.937565,-1.0,-4.0,-79.0
1775635313.9475653,0.0,0.0,-78.0
1775635313.9575653,1.0,0.0,-82.0
1775635313.9675653,7.0,-1.0,-86.0
1775635313.9775653,2.0,-2.0,-83.0
1775635313.9875653,4.0,-6.0,-85.0
1775635313.9975653,0.0,-3.0,-81.0
1775635314.0075655,-1.0,-2.0,-74.0
1775635314.0175655,4.0,-4.0,-73.0
1775635314.0275657,0.0,-2.0,-68.0
1775635314.0375657,0.0,0.0,-63.0
1775635314.0475657,-1.0,-1.0,-73.0
1775635314.0575657,0.0,-2.0,-75.0
1775635314.0675654,-1.0,0.0,-74.0
1775635314.0775654,-2.0,1.0,-71.0
1775635314.0875654,-4.0,8.0,-69.0
1775635314.0975654,-7.0,4.0,-61.0
1775635314.1075654,-4.0,-1.0,-62.0
1775635314.1175654,-9.0,-1.0,-61.0
1775635314.1275654,-6.0,-2.0,-65.0
1775635314.1375654,0.0,0.0,-61.0
1775635314.1475654,1.0,1.0,-60.0
1775635314.1575654,3.0,2.0,-64.0
1775635314.167565,5.0,-1.0,-61.0
1775635314.177565,0.0,-1.0,-61.0
1775635314.187565,1.0,0.0,-63.0
1775635314.1975653,2.0,3.0,-71.0
1775635314.2075653,2.0,2.0,-64.0
1775635314.2175653,1.0,2.0,-65.0
1775635314.2275653,-1.0,1.0,-67.0
1775635314.2375653,-2.0,3.0,-68.0
1775635314.2475653,2.0,5.0,-75.0
1775635314.2575655,2.0,7.0,-66.0
1775635314.2675655,4.0,6.0,-64.0
1775635314.2775657,0.0,8.0,-57.0
1775635314.2875657,-1.0,1.0,-60.0
1775635314.2975657,-3.0,2.0,-67.0
1775635314.3075657,-6.0,1.0,-68.0
1775635314.3175654,-4.0,0.0,-71.0
1775635314.3275654,-4.0,-1.0,-72.0
1775635314.3375654,-8.0,-2.0,-71.0
1775635314.3475654,-8.0,-2.0,-73.0
1775635314.3575654,-9.0,-1.0,-68.0
1775635314.3675654,-5.0,-4.0,-63.0
1775635314.3775654,0.0,-2.0,-63.0
1775635314.3875654,0.0,-4.0,-64.0
1775635314.3975654,0.0,-8.0,-68.0
1775635314.4075654,2.0,-6.0,-70.0
1775635314.417565,0.0,-5.0,-76.0
1775635314.427565,-4.0,-7.0,-72.0
1775635314.437565,-4.0,-6.0,-69.0
1775635314.4475653,-4.0,-5.0,-57.0
1775635314.4575653,-5.0,0.0,-60.0
1775635314.4675653,-7.0,-2.0,-68.0
1775635314.4775653,-7.0,-2.0,-74.0
1775635314.4875653,-2.0,-2.0,-70.0
1775635314.4975653,0.0,-4.0,-75.0
1775635314.5075655,-1.0,-5.0,-77.0
1775635314.5175655,-1.0,-4.0,-78.0
1775635314.5275657,-6.0,-2.0,-80.0
1775635314.5375657,-7.0,-4.0,-81.0
1775635314.5475657,-7.0,-4.0,-70.0
1775635314.5575657,-9.0,-2.0,-76.0
1775635314.5675654,-8.0,-1.0,-73.0
1775635314.5775654,-3.0,0.0,-68.0
1775635314.5875654,-1.0,-2.0,-67.0
1775635314.5975654,1.0,-2.0,-67.0
1775635314.6075654,5.0,-3.0,-59.0
1775635314.6175654,9.0,-3.0,-63.0
1775635314.6275654,7.0,-2.0,-66.0
1775635314.6375654,7.0,-2.0,-64.0
1775635314.6475654,8.0,0.0,-67.0
1775635314.6575654,10.0,2.0,-63.0
1775635314.667565,8.0,4.0,-63.0
1775635314.677565,7.0,1.0,-66.0
1775635314.687565,4.0,0.0,-70.0
1775635314.6975653,9.0,3.0,-69.0
1775635314.7075653,7.0,5.0,-76.0
1775635314.7175653,4.0,7.0,-72.0
1775635314.7275653,0.0,6.0,-73.0
1775635314.7375653,-5.0,5.0,-72.0
1775635314.7475653,-3.0,1.0,-66.0
1775635314.7575655,0.0,2.0,-65.0
1775635314.7675655,0.0,1.0,-65.0
1775635314.7775657,0.0,-4.0,-59.0
1775635314.7875657,-2.0,-4.0,-64.0
1775635314.7975657,0.0,-8.0,-66.0
1775635314.8075657,0.0,-6.0,-71.0
1775635314.8175654,-1.0,-3.0,-70.0
1775635314.8275654,0.0,0.0,-68.0
1775635314.8375654,-2.0,0.0,-65.0
1775635314.8475654,-5.0,0.0,-66.0
1775635314.8575654,-2.0,-1.0,-69.0
1775635314.8675654,6.0,0.0,-67.0
1775635314.8775654,7.0,-1.0,-64.0
1775635314.8875654,4.0,0.0,-64.0
1775635314.8975654,1.0,0.0,-65.0
1775635314.9075654,-1.0,-3.0,-70.0
1775635314.917565,-3.0,-3.0,-79.0
1775635314.927565,-1.0,-2.0,-75.0
1775635314.937565,-3.0,0.0,-67.0
1775635314.9475653,-2.0,0.0,-64.0
1775635314.9575653,-5.0,1.0,-65.0
1775635314.9675653,-5.0,3.0,-67.0
1775635314.9775653,-3.0,0.0,-70.0
1775635314.9875653,0.0,1.0,-67.0
1775635314.9975653,-1.0,-2.0,-60.0
1775635315.0075655,4.0,-2.0,-64.0
1775635315.0175655,0.0,-6.0,-64.0
1775635315.0275657,-3.0,-8.0,-67.0
1775635315.0375657,0.0,-6.0,-68.0
1775635315.0475657,-2.0,-4.0,-66.0
1775635315.0575657,-1.0,-3.0,-60.0
1775635315.0675654,-1.0,-5.0,-58.0
1775635315.0775654,-1.0,0.0,-65.0
1775635315.088565,0.0,0.0,-66.0
1775635315.0975654,0.0,-1.0,-66.0
1775635315.1075654,1.0,-1.0,-72.0
1775635315.1175654,-1.0,-1.0,-76.0
1775635315.1275654,-1.0,0.0,-71.0
1775635315.1375654,0.0,-1.0,-70.0
1775635315.1485653,0.0,0.0,-68.0
1775635315.1585653,-1.0,0.0,-73.0
1775635315.1685653,0.0,3.0,-74.0
1775635315.1785655,1.0,0.0,-73.0
1775635315.1885655,3.0,0.0,-68.0
1775635315.1985655,5.0,0.0,-68.0
1775635315.2085657,4.0,-2.0,-60.0
1775635315.2185657,4.0,1.0,-58.0
1775635315.2285657,6.0,1.0,-59.0
1775635315.2385654,3.0,0.0,-60.0
1775635315.2485654,5.0,0.0,-60.0
1775635315.2585654,4.0,-3.0,-57.0
1775635315.2685654,3.0,-1.0,-61.0
1775635315.2785654,-2.0,-4.0,-65.0
1775635315.2885654,-4.0,-1.0,-69.0
1775635315.2985654,-4.0,-3.0,-72.0
1775635315.3085654,-3.0,-5.0,-76.0
1775635315.3185654,-2.0,0.0,-76.0
1775635315.3285654,-3.0,3.0,-76.0
1775635315.338565,-3.0,5.0,-76.0
1775635315.348565,-1.0,7.0,-78.0
1775635315.358565,-7.0,2.0,-71.0
1775635315.368565,-9.0,0.0,-68.0
1775635315.3785653,-1.0,-1.0,-69.0
1775635315.3885653,-3.0,0.0,-71.0
1775635315.3985653,-2.0,-3.0,-69.0
1775635315.4085653,-6.0,-3.0,-68.0
1775635315.4185653,-8.0,-5.0,-65.0
1775635315.4285655,-5.0,-6.0,-66.0
1775635315.4385655,-1.0,-6.0,-65.0
1775635315.4485655,-2.0,-3.0,-67.0
1775635315.4585657,0.0,-1.0,-65.0
1775635315.4685657,-1.0,-1.0,-64.0
1775635315.4785657,0.0,-5.0,-67.0
1775635315.4885654,2.0,-4.0,-74.0
1775635315.4985654,-1.0,-3.0,-79.0
1775635315.5085654,-3.0,-6.0,-80.0
1775635315.5185654,2.0,-6.0,-78.0
1775635315.5285654,2.0,-7.0,-72.0
1775635315.5385654,5.0,-13.0,-68.0
1775635315.5485654,0.0,-7.0,-74.0
1775635315.5585654,4.0,-4.0,-73.0
1775635315.5685654,3.0,-4.0,-72.0
1775635315.5785654,1.0,-5.0,-71.0
1775635315.588565,-1.0,0.0,-66.0
1775635315.598565,0.0,0.0,-63.0
1775635315.608565,0.0,0.0,-58.0
1775635315.618565,1.0,-2.0,-64.0
1775635315.6285653,-2.0,-6.0,-72.0
1775635315.6385653,-3.0,-4.0,-75.0
1775635315.6485653,-2.0,-3.0,-69.0
1775635315.6585653,2.0,-2.0,-67.0
1775635315.6685653,1.0,-3.0,-66.0
1775635315.6785655,-5.0,-6.0,-60.0
1775635315.6885655,-8.0,-6.0,-59.0
1775635315.6985655,-9.0,-9.0,-58.0
1775635315.7085657,-9.0,-7.0,-63.0
1775635315.7185657,0.0,-10.0,-58.0
1775635315.7285657,0.0,-7.0,-58.0
1775635315.7385654,2.0,-6.0,-62.0
1775635315.7485654,0.0,-4.0,-59.0
1775635315.7585654,3.0,0.0,-62.0
1775635315.7685654,-1.0,0.0,-63.0
1775635315.7785654,3.0,0.0,-61.0
1775635315.7885654,5.0,-3.0,-63.0
1775635315.7985654,5.0,-3.0,-58.0
1775635315.8085654,4.0,-4.0,-56.0
1775635315.8185654,0.0,-4.0,-55.0
1775635315.8285654,3.0,-7.0,-59.0
1775635315.838565,4.0,-5.0,-61.0
1775635315.848565,4.0,-5.0,-62.0
1775635315.858565,5.0,-7.0,-59.0
1775635315.868565,7.0,-4.0,-52.0
1775635315.8785653,5.0,-4.0,-56.0
1775635315.8885653,3.0,0.0,-62.0
1775635315.8985653,2.0,0.0,-67.0
1775635315.9085653,0.0,2.0,-66.0
1775635315.9185653,-5.0,6.0,-69.0
1775635315.9285655,-3.0,7.0,-70.0
1775635315.9385655,-4.0,5.0,-70.0
1775635315.9485655,-2.0,3.0,-71.0
1775635315.9585657,0.0,4.0,-73.0
1775635315.9685657,0.0,2.0,-74.0
1775635315.9785657,-3.0,5.0,-72.0
1775635315.9885654,-3.0,5.0,-73.0
1775635315.9985654,0.0,2.0,-76.0
1775635316.0085654,-3.0,0.0,-73.0
1775635316.0185654,-5.0,1.0,-70.0
1775635316.0285654,0.0,0.0,-69.0
1775635316.0385654,-3.0,4.0,-67.0
1775635316.0485654,4.0,6.0,-72.0
1775635316.0585654,5.0,2.0,-68.0
1775635316.0685654,7.0,2.0,-67.0
1775635316.0785654,2.0,2.0,-68.0
1775635316.088565,1.0,-1.0,-72.0
1775635316.098565,0.0,0.0,-65.0
1775635316.108565,0.0,0.0,-63.0
1775635316.118565,-2.0,3.0,-70.0
1775635316.1285653,0.0,0.0,-65.0
1775635316.1385653,0.0,-1.0,-63.0
1775635316.1485653,-1.0,1.0,-60.0
1775635316.1585653,-1.0,0.0,-70.0
1775635316.1685653,4.0,-1.0,-69.0
1775635316.1785655,5.0,-1.0,-72.0
1775635316.1885655,7.0,-2.0,-78.0
1775635316.1985655,11.0,-1.0,-73.0
1775635316.2085657,8.0,-5.0,-74.0
1775635316.2185657,11.0,-5.0,-78.0
1775635316.2285657,10.0,-4.0,-75.0
1775635316.2385654,7.0,-8.0,-71.0
1775635316.2485654,5.0,-6.0,-72.0
1775635316.2585654,2.0,-6.0,-73.0
1775635316.2685654,0.0,-9.0,-73.0
1775635316.2785654,-2.0,-7.0,-77.0
1775635316.2885654,-4.0,-7.0,-75.0
1775635316.2985654,-4.0,-9.0,-69.0
1775635316.3085654,-2.0,-7.0,-71.0
1775635316.3185654,-2.0,-7.0,-70.0
1775635316.3285654,-7.0,-7.0,-65.0
1775635316.338565,-5.0,-6.0,-65.0
1775635316.348565,-4.0,-4.0,-70.0
1775635316.358565,-5.0,-3.0,-68.0
1775635316.368565,-7.0,-1.0,-67.0
1775635316.3785653,-9.0,-3.0,-72.0
1775635316.3885653,-13.0,-7.0,-69.0
1775635316.3985653,-11.0,-4.0,-62.0
1775635316.4085653,-13.0,0.0,-64.0
1775635316.4185653,-8.0,-3.0,-64.0
1775635316.4285655,-9.0,-7.0,-65.0
1775635316.4385655,-9.0,-4.0,-67.0
1775635316.4485655,-7.0,4.0,-66.0
1775635316.4585657,-8.0,7.0,-64.0
1775635316.4685657,-8.0,5.0,-65.0
1775635316.4785657,-9.0,2.0,-59.0
1775635316.4885654,-4.0,0.0,-61.0
1775635316.4985654,-1.0,0.0,-59.0
1775635316.5085654,0.0,-4.0,-62.0
1775635316.5185654,-4.0,-4.0,-62.0
1775635316.5285654,3.0,-4.0,-63.0
1775635316.5385654,2.0,-4.0,-69.0
1775635316.5485654,7.0,-4.0,-65.0
1775635316.5585654,8.0,-9.0,-61.0
1775635316.5685654,6.0,-10.0,-58.0
1775635316.5785654,5.0,-9.0,-55.0
1775635316.588565,7.0,-6.0,-62.0
1775635316.598565,2.0,-6.0,-57.0
1775635316.608565,0.0,-5.0,-62.0
1775635316.618565,0.0,-2.0,-57.0
1775635316.6285653,-3.0,-1.0,-60.0
1775635316.6385653,-2.0,-2.0,-61.0
1775635316.6485653,-3.0,-3.0,-63.0
1775635316.6585653,2.0,-4.0,-67.0
1775635316.6685653,1.0,-1.0,-67.0
1775635316.6785655,-3.0,-5.0,-68.0
1775635316.6885655,-1.0,-3.0,-68.0
1775635316.6985655,-1.0,-5.0,-72.0
1775635316.7085657,2.0,-2.0,-72.0
1775635316.7185657,4.0,-1.0,-74.0
1775635316.7285657,5.0,-1.0,-69.0
1775635316.7385654,1.0,-4.0,-68.0
1775635316.7485654,5.0,-6.0,-66.0
1775635316.7585654,3.0,-6.0,-64.0
1775635316.7685654,-1.0,-4.0,-65.0
1775635316.7785654,0.0,-4.0,-63.0
1775635316.7885654,0.0,-7.0,-69.0
1775635316.7985654,3.0,-5.0,-70.0
1775635316.8085654,6.0,-5.0,-67.0
1775635316.8185654,4.0,-2.0,-64.0
1775635316.8285654,0.0,-3.0,-69.0
1775635316.838565,-2.0,-1.0,-66.0
1775635316.848565,0.0,-2.0,-63.0
1775635316.858565,1.0,-3.0,-60.0
1775635316.868565,0.0,-3.0,-60.0
1775635316.8785653,6.0,-4.0,-59.0
1775635316.8885653,3.0,-4.0,-61.0
1775635316.8985653,2.0,-7.0,-57.0
1775635316.9085653,4.0,-2.0,-58.0
1775635316.9185653,6.0,1.0,-63.0
1775635316.9285655,6.0,0.0,-63.0
1775635316.9385655,8.0,0.0,-70.0
1775635316.9495654,5.0,0.0,-71.0
1775635316.9585657,5.0,-2.0,-73.0
1775635316.9685657,-1.0,-3.0,-75.0
1775635316.9785657,-3.0,-5.0,-76.0
1775635316.9885654,-5.0,-3.0,-74.0
1775635316.9985654,-6.0,-5.0,-69.0
1775635317.0085654,-8.0,-4.0,-60.0
1775635317.0185654,-5.0,-7.0,-64.0
1775635317.0285654,-4.0,-4.0,-68.0
1775635317.0385654,-4.0,0.0,-74.0
1775635317.0485654,-5.0,-1.0,-72.0
1775635317.0585654,-5.0,-1.0,-66.0
1775635317.0685654,-6.0,0.0,-64.0
1775635317.0785654,-4.0,2.0,-58.0
1775635317.088565,-7.0,0.0,-56.0
1775635317.098565,-4.0,-1.0,-63.0
1775635317.108565,-5.0,3.0,-68.0
1775635317.118565,-4.0,0.0,-68.0
1775635317.1285653,-4.0,0.0,-65.0
1775635317.1385653,-8.0,-1.0,-71.0
1775635317.1485653,-6.0,-2.0,-72.0
1775635317.1585653,0.0,-1.0,-64.0
1775635317.1685653,0.0,-4.0,-59.0
1775635317.1785655,0.0,-2.0,-57.0
1775635317.1885655,0.0,0.0,-62.0
1775635317.1985655,1.0,0.0,-64.0
1775635317.2085657,4.0,1.0,-65.0
1775635317.2185657,3.0,0.0,-68.0
1775635317.2285657,5.0,-1.0,-70.0
1775635317.2385654,-2.0,1.0,-63.0
1775635317.2485654,-1.0,0.0,-68.0
1775635317.2585654,-4.0,-1.0,-60.0
1775635317.2685654,-5.0,0.0,-55.0
1775635317.2785654,-6.0,0.0,-59.0
1775635317.2885654,-7.0,1.0,-65.0
1775635317.2985654,-2.0,1.0,-61.0
1775635317.3085654,1.0,0.0,-61.0
1775635317.3185654,0.0,0.0,-63.0
1775635317.3285654,0.0,-1.0,-67.0
1775635317.338565,0.0,-4.0,-67.0
1775635317.348565,0.0,-1.0,-72.0
1775635317.358565,-2.0,-1.0,-81.0
1775635317.368565,-4.0,-5.0,-74.0
1775635317.3785653,-5.0,-3.0,-64.0
1775635317.3885653,-6.0,-2.0,-66.0
1775635317.3985653,-9.0,-2.0,-66.0
1775635317.4085653,-11.0,-6.0,-75.0
1775635317.4185653,-11.0,-3.0,-69.0
1775635317.4285655,-6.0,-2.0,-68.0
1775635317.4385655,-3.0,-2.0,-65.0
1775635317.4495654,-1.0,0.0,-61.0
1775635317.4595654,-4.0,0.0,-56.0
1775635317.4695654,-4.0,1.0,-66.0
1775635317.4795654,-5.0,8.0,-71.0
1775635317.4895654,-7.0,5.0,-75.0
1775635317.4995654,-8.0,7.0,-73.0
1775635317.5095654,-7.0,3.0,-74.0
1775635317.519565,-3.0,3.0,-73.0
1775635317.529565,-1.0,-1.0,-70.0
1775635317.539565,-6.0,0.0,-68.0
1775635317.5495653,-10.0,5.0,-70.0
1775635317.5595653,-10.0,7.0,-69.0
1775635317.5695653,-9.0,9.0,-68.0
1775635317.5795653,-8.0,8.0,-73.0
1775635317.5895653,-4.0,4.0,-72.0
1775635317.5995653,-5.0,0.0,-73.0
1775635317.6095655,-4.0,-2.0,-73.0
1775635317.6195655,-3.0,-4.0,-72.0
1775635317.6295657,0.0,-9.0,-75.0
1775635317.6395657,4.0,-8.0,-73.0
1775635317.6495657,4.0,-5.0,-69.0
1775635317.6595654,0.0,-5.0,-67.0
1775635317.6695654,1.0,-9.0,-64.0
1775635317.6795654,1.0,-5.0,-65.0
1775635317.6895654,1.0,-5.0,-67.0
1775635317.6995654,1.0,-4.0,-66.0
1775635317.7095654,3.0,-3.0,-68.0
1775635317.7195654,-1.0,-5.0,-69.0
1775635317.7295654,-8.0,-3.0,-74.0
1775635317.7395654,-7.0,-4.0,-78.0
1775635317.7495654,-10.0,-5.0,-72.0
1775635317.7595654,-7.0,-6.0,-68.0
1775635317.769565,-4.0,-6.0,-64.0
1775635317.779565,-2.0,0.0,-62.0
1775635317.789565,-6.0,-1.0,-61.0
1775635317.7995653,-4.0,-4.0,-63.0
1775635317.8095653,-5.0,-4.0,-66.0
1775635317.8195653,-2.0,0.0,-61.0
1775635317.8295653,-6.0,3.0,-64.0
1775635317.8395653,-2.0,5.0,-64.0
1775635317.8495653,-2.0,4.0,-68.0
1775635317.8595655,0.0,3.0,-68.0
1775635317.8695655,1.0,1.0,-75.0
1775635317.8795657,-3.0,4.0,-71.0
1775635317.8895657,-2.0,0.0,-74.0
1775635317.8995657,-1.0,0.0,-73.0
1775635317.9095654,-2.0,0.0,-69.0
1775635317.9195654,-3.0,-2.0,-71.0
1775635317.9295654,2.0,0.0,-70.0
1775635317.9395654,3.0,1.0,-73.0
1775635317.9495654,5.0,4.0,-76.0
1775635317.9595654,3.0,0.0,-73.0
1775635317.9695654,3.0,0.0,-71.0
1775635317.9795654,2.0,-1.0,-75.0
1775635317.9895654,2.0,-2.0,-74.0
1775635317.9995654,5.0,0.0,-68.0
1775635318.0095654,3.0,0.0,-65.0
1775635318.019565,2.0,-3.0,-71.0
1775635318.029565,-2.0,-4.0,-64.0
1775635318.039565,-2.0,0.0,-60.0
1775635318.0495653,0.0,1.0,-60.0
1775635318.0595653,3.0,0.0,-56.0
1775635318.0695653,0.0,0.0,-60.0
1775635318.0795653,1.0,2.0,-66.0
1775635318.0895653,3.0,-1.0,-67.0
1775635318.0995653,6.0,-3.0,-74.0
1775635318.1095655,8.0,0.0,-68.0
1775635318.1195655,5.0,4.0,-68.0
1775635318.1295657,2.0,2.0,-66.0
1775635318.1395657,2.0,0.0,-69.0
1775635318.1495657,0.0,0.0,-75.0
1775635318.1595654,2.0,0.0,-78.0
1775635318.1695654,2.0,-2.0,-73.0
1775635318.1795654,1.0,-1.0,-65.0
1775635318.1895654,4.0,4.0,-67.0
1775635318.1995654,2.0,3.0,-70.0
1775635318.2095654,1.0,7.0,-69.0
1775635318.2195654,0.0,6.0,-73.0
1775635318.2295654,1.0,4.0,-73.0
1775635318.2395654,2.0,2.0,-74.0
1775635318.2495654,1.0,2.0,-73.0
1775635318.2595654,0.0,1.0,-74.0
1775635318.269565,3.0,2.0,-71.0
1775635318.279565,-1.0,1.0,-76.0
1775635318.289565,-3.0,4.0,-78.0
1775635318.2995653,-4.0,0.0,-75.0
1775635318.3095653,-2.0,-3.0,-64.0
1775635318.3195653,-2.0,-3.0,-62.0
1775635318.3305657,-1.0,-2.0,-66.0
1775635318.3395653,0.0,-3.0,-71.0
1775635318.3495653,1.0,-2.0,-73.0
1775635318.3595655,0.0,-6.0,-78.0
1775635318.3695655,3.0,-9.0,-76.0
1775635318.3795657,-2.0,-10.0,-70.0
1775635318.3895657,-4.0,-6.0,-72.0
1775635318.3995657,-7.0,-5.0,-70.0
1775635318.4095654,0.0,-7.0,-65.0
1775635318.4195654,2.0,-4.0,-67.0
1775635318.4295654,5.0,-2.0,-62.0
1775635318.4395654,6.0,0.0,-67.0
1775635318.4495654,6.0,1.0,-67.0
1775635318.4595654,9.0,0.0,-70.0
1775635318.4695654,9.0,4.0,-76.0
1775635318.4795654,7.0,2.0,-72.0
1775635318.4895654,3.0,0.0,-75.0
1775635318.4995654,5.0,1.0,-81.0
1775635318.5095654,3.0,3.0,-84.0
1775635318.519565,7.0,3.0,-80.0
1775635318.529565,8.0,4.0,-83.0
1775635318.539565,5.0,-1.0,-83.0
1775635318.5495653,0.0,0.0,-81.0
1775635318.5595653,-1.0,-1.0,-77.0
1775635318.5695653,0.0,-1.0,-75.0
1775635318.5795653,3.0,1.0,-71.0
1775635318.5895653,0.0,1.0,-71.0
1775635318.5995653,-1.0,0.0,-71.0
1775635318.6095655,-2.0,-1.0,-71.0
1775635318.6195655,-5.0,0.0,-69.0
1775635318.6295657,-3.0,-2.0,-71.0
1775635318.6395657,-1.0,3.0,-64.0
1775635318.6495657,-1.0,3.0,-67.0
1775635318.6595654,-3.0,7.0,-70.0
1775635318.6695654,-3.0,5.0,-77.0
1775635318.6795654,0.0,3.0,-76.0
1775635318.690565,1.0,2.0,-73.0
1775635318.6995654,2.0,5.0,-75.0
1775635318.7095654,3.0,0.0,-69.0
1775635318.7195654,-1.0,0.0,-70.0
1775635318.7295654,-7.0,5.0,-73.0
1775635318.7395654,-8.0,0.0,-72.0
1775635318.7495654,-4.0,0.0,-69.0
1775635318.7595654,-3.0,0.0,-70.0
1775635318.769565,-5.0,-3.0,-76.0
1775635318.779565,-6.0,-5.0,-77.0
1775635318.789565,-2.0,-10.0,-81.0
1775635318.7995653,0.0,-9.0,-84.0
1775635318.8095653,5.0,-6.0,-74.0
1775635318.8195653,5.0,-3.0,-75.0
1775635318.8295653,8.0,-6.0,-71.0
1775635318.8395653,5.0,-3.0,-73.0
1775635318.8495653,4.0,-2.0,-80.0
1775635318.8595655,4.0,0.0,-81.0
1775635318.8695655,2.0,3.0,-78.0
1775635318.8795657,-1.0,3.0,-77.0
1775635318.8895657,2.0,4.0,-73.0
1775635318.8995657,-4.0,0.0,-77.0
1775635318.9095654,0.0,0.0,-71.0
1775635318.9195654,1.0,1.0,-70.0
1775635318.9295654,2.0,5.0,-67.0
1775635318.9395654,4.0,6.0,-62.0
1775635318.9495654,3.0,0.0,-61.0
1775635318.9595654,4.0,0.0,-61.0
1775635318.9695654,3.0,0.0,-60.0
1775635318.9795654,0.0,0.0,-68.0
1775635318.9895654,-1.0,-2.0,-61.0
1775635318.9995654,-1.0,-1.0,-63.0
1775635319.0095654,-3.0,-2.0,-69.0
1775635319.019565,-3.0,-1.0,-68.0
1775635319.029565,-5.0,-2.0,-62.0
1775635319.039565,0.0,-1.0,-59.0
1775635319.0495653,3.0,-1.0,-62.0
1775635319.0595653,8.0,0.0,-66.0
1775635319.0695653,6.0,-3.0,-69.0
1775635319.0795653,5.0,-3.0,-66.0
1775635319.0895653,2.0,1.0,-64.0
1775635319.0995653,0.0,0.0,-69.0
1775635319.1095655,1.0,2.0,-69.0
1775635319.1195655,4.0,4.0,-66.0
1775635319.1295657,4.0,5.0,-65.0
1775635319.1395657,3.0,1.0,-62.0
1775635319.1495657,5.0,2.0,-63.0
1775635319.1595654,-1.0,3.0,-62.0
1775635319.1695654,0.0,4.0,-64.0
1775635319.1795654,-4.0,4.0,-68.0
1775635319.1895654,-5.0,-1.0,-70.0
1775635319.1995654,-3.0,1.0,-66.0
1775635319.2095654,0.0,5.0,-68.0
1775635319.2195654,2.0,3.0,-69.0
1775635319.2295654,3.0,4.0,-66.0
1775635319.2395654,3.0,0.0,-69.0
1775635319.2495654,0.0,-3.0,-67.0
1775635319.2595654,-3.0,-7.0,-67.0
1775635319.269565,-8.0,-8.0,-71.0
1775635319.279565,-5.0,-4.0,-73.0
1775635319.289565,-8.0,-2.0,-74.0
1775635319.2995653,-6.0,-2.0,-65.0
1775635319.3095653,-5.0,-2.0,-63.0
1775635319.3195653,-6.0,-3.0,-63.0
1775635319.3295653,-5.0,-2.0,-61.0
1775635319.3395653,-8.0,2.0,-63.0
1775635319.3495653,-5.0,4.0,-67.0
1775635319.3595655,-3.0,6.0,-76.0
1775635319.3695655,-2.0,2.0,-72.0
1775635319.3795657,-4.0,2.0,-64.0
1775635319.3895657,-6.0,3.0,-71.0
1775635319.3995657,-5.0,1.0,-74.0
1775635319.4095654,-3.0,0.0,-72.0
1775635319.4195654,0.0,1.0,-71.0
1775635319.4295654,-1.0,1.0,-74.0
1775635319.4395654,0.0,3.0,-76.0
1775635319.4495654,-3.0,0.0,-66.0
1775635319.4595654,-3.0,4.0,-70.0
1775635319.4695654,1.0,2.0,-74.0
1775635319.4795654,7.0,-1.0,-66.0
1775635319.4895654,6.0,0.0,-67.0
1775635319.4995654,3.0,0.0,-70.0
1775635319.5095654,5.0,-2.0,-69.0
1775635319.519565,0.0,-2.0,-69.0
1775635319.529565,0.0,1.0,-69.0
1775635319.539565,1.0,-4.0,-65.0
1775635319.5495653,-1.0,-6.0,-62.0
1775635319.5595653,-1.0,0.0,-67.0
1775635319.5695653,0.0,0.0,-69.0
1775635319.5795653,3.0,-2.0,-72.0
1775635319.5895653,0.0,-1.0,-72.0
1775635319.5995653,-1.0,1.0,-69.0
1775635319.6095655,-5.0,4.0,-69.0
1775635319.6195655,-2.0,2.0,-71.0
1775635319.6295657,-4.0,3.0,-67.0
1775635319.6395657,-6.0,4.0,-66.0
1775635319.6495657,-6.0,1.0,-70.0
1775635319.6595654,-4.0,-1.0,-72.0
1775635319.6695654,-3.0,0.0,-77.0
1775635319.6795654,-5.0,-4.0,-77.0
1775635319.6895654,-4.0,-2.0,-81.0
1775635319.6995654,-1.0,1.0,-80.0
1775635319.7095654,0.0,3.0,-76.0
1775635319.7195654,-1.0,5.0,-81.0
1775635319.7295654,0.0,0.0,-74.0
1775635319.7395654,-3.0,2.0,-70.0
1775635319.7495654,-4.0,0.0,-73.0
1775635319.7595654,-3.0,2.0,-66.0
1775635319.769565,0.0,2.0,-56.0
1775635319.779565,-2.0,0.0,-53.0
1775635319.7905655,-6.0,-6.0,-56.0
1775635319.7995653,-4.0,-8.0,-57.0
1775635319.8105657,-3.0,-6.0,-61.0
1775635319.8205657,-3.0,-6.0,-60.0
1775635319.8305657,0.0,-2.0,-60.0
1775635319.8405654,0.0,-1.0,-58.0
1775635319.8505654,1.0,0.0,-63.0
1775635319.8605654,-3.0,-3.0,-66.0
1775635319.8705654,1.0,-6.0,-63.0
1775635319.8805654,0.0,-3.0,-64.0
1775635319.8905654,1.0,-4.0,-70.0
1775635319.9005654,1.0,-3.0,-70.0
1775635319.9105654,-2.0,1.0,-64.0
1775635319.9205654,-3.0,0.0,-66.0
1775635319.9305654,-5.0,1.0,-68.0
1775635319.940565,-3.0,2.0,-71.0
1775635319.950565,0.0,2.0,-73.0
1775635319.960565,3.0,1.0,-65.0
1775635319.9705653,3.0,1.0,-72.0
1775635319.9805653,6.0,3.0,-71.0
1775635319.9905653,5.0,1.0,-69.0
1775635320.0005653,3.0,0.0,-70.0
1775635320.0105653,3.0,0.0,-72.0
1775635320.0205653,0.0,1.0,-74.0
1775635320.0305655,3.0,0.0,-74.0
1775635320.0405655,1.0,-4.0,-71.0
1775635320.0505655,0.0,-2.0,-62.0
1775635320.0605657,-1.0,-5.0,-58.0
1775635320.0705657,-1.0,-2.0,-57.0
1775635320.0805657,0.0,-6.0,-57.0
1775635320.0905654,-1.0,-10.0,-66.0
1775635320.1005654,0.0,-11.0,-65.0
1775635320.1105654,0.0,-10.0,-67.0
1775635320.1205654,-3.0,-7.0,-61.0
1775635320.1305654,-2.0,-6.0,-60.0
1775635320.1405654,-5.0,-6.0,-62.0
1775635320.1505654,0.0,-6.0,-63.0
1775635320.1605654,-3.0,-2.0,-62.0
1775635320.1705654,-8.0,-3.0,-55.0
1775635320.1805654,-6.0,-4.0,-56.0
1775635320.190565,-10.0,-7.0,-61.0
1775635320.200565,-11.0,-5.0,-64.0
1775635320.210565,-11.0,-2.0,-71.0
1775635320.2205653,-8.0,0.0,-67.0
1775635320.2305653,-6.0,4.0,-76.0
1775635320.2405653,-4.0,7.0,-78.0
1775635320.2505653,-3.0,2.0,-72.0
1775635320.2605653,-1.0,0.0,-68.0
1775635320.2705653,1.0,0.0,-69.0
1775635320.2805655,-1.0,2.0,-72.0
1775635320.2905655,0.0,2.0,-76.0
1775635320.3005655,3.0,0.0,-67.0
1775635320.3105657,3.0,-2.0,-76.0
1775635320.3205657,6.0,-2.0,-75.0
1775635320.3305657,7.0,-6.0,-76.0
1775635320.3405654,9.0,-9.0,-79.0
1775635320.3505654,9.0,-7.0,-75.0
1775635320.3605654,7.0,-4.0,-71.0
1775635320.3705654,5.0,-3.0,-73.0
1775635320.3805654,4.0,0.0,-73.0
1775635320.3905654,2.0,-3.0,-69.0
1775635320.4005654,5.0,-1.0,-71.0
1775635320.4105654,0.0,0.0,-70.0
1775635320.4205654,0.0,0.0,-68.0
1775635320.4305654,0.0,-4.0,-63.0
1775635320.440565,-1.0,-1.0,-69.0
1775635320.450565,-3.0,-1.0,-71.0
1775635320.460565,-4.0,-2.0,-75.0
1775635320.4705653,-3.0,0.0,-75.0
1775635320.4805653,-1.0,-2.0,-83.0
1775635320.4905653,-1.0,0.0,-78.0
1775635320.5005653,0.0,0.0,-75.0
1775635320.5105653,-1.0,-3.0,-73.0
1775635320.5205653,-2.0,0.0,-75.0
1775635320.5305655,-1.0,2.0,-72.0
1775635320.5405655,0.0,1.0,-72.0
1775635320.5505655,-2.0,0.0,-73.0
1775635320.5605657,-1.0,5.0,-69.0
1775635320.5705657,-2.0,4.0,-69.0
1775635320.5805657,0.0,4.0,-71.0
1775635320.5905654,0.0,3.0,-71.0
1775635320.6005654,0.0,3.0,-76.0
1775635320.6105654,-2.0,4.0,-73.0
1775635320.6205654,0.0,4.0,-77.0
1775635320.6305654,0.0,2.0,-77.0
1775635320.6405654,4.0,1.0,-73.0
1775635320.6505654,3.0,2.0,-68.0
1775635320.6605654,2.0,4.0,-70.0
1775635320.6705654,0.0,3.0,-69.0
1775635320.6805654,4.0,3.0,-74.0
1775635320.690565,5.0,4.0,-72.0
1775635320.700565,9.0,3.0,-73.0
1775635320.710565,5.0,3.0,-71.0
1775635320.7205653,-1.0,3.0,-69.0
1775635320.7305653,-4.0,1.0,-64.0
1775635320.7405653,-4.0,0.0,-62.0
1775635320.7505653,-2.0,0.0,-67.0
1775635320.7605653,-1.0,0.0,-69.0
1775635320.7705653,-1.0,-1.0,-70.0
1775635320.7805655,-5.0,-1.0,-73.0
1775635320.7905655,-4.0,0.0,-77.0
1775635320.8005655,-2.0,0.0,-79.0
1775635320.8105657,1.0,0.0,-77.0
1775635320.8205657,2.0,3.0,-74.0
1775635320.8305657,2.0,4.0,-66.0
1775635320.8405654,3.0,3.0,-68.0
1775635320.8505654,3.0,6.0,-64.0
1775635320.8605654,1.0,6.0,-62.0
1775635320.8705654,0.0,5.0,-66.0
1775635320.8805654,0.0,3.0,-69.0
1775635320.8905654,-2.0,2.0,-68.0
1775635320.9005654,-3.0,2.0,-68.0
1775635320.9105654,0.0,8.0,-72.0
1775635320.9205654,-3.0,6.0,-77.0
1775635320.9305654,-4.0,6.0,-72.0
1775635320.940565,0.0,3.0,-69.0
1775635320.950565,0.0,2.0,-65.0
1775635320.960565,1.0,0.0,-71.0
1775635320.9705653,2.0,-2.0,-77.0
1775635320.9805653,2.0,-2.0,-65.0
1775635320.9905653,3.0,-1.0,-58.0
1775635321.0005653,3.0,1.0,-58.0
1775635321.0105653,0.0,2.0,-60.0
1775635321.0205653,-3.0,3.0,-59.0
1775635321.0305655,-6.0,1.0,-58.0
1775635321.0405655,-2.0,0.0,-57.0
1775635321.0505655,0.0,0.0,-60.0
1775635321.0605657,0.0,1.0,-66.0
1775635321.0705657,1.0,2.0,-69.0
1775635321.0805657,0.0,3.0,-75.0
1775635321.0905654,-5.0,4.0,-79.0
1775635321.1005654,-1.0,3.0,-75.0
1775635321.1105654,-2.0,3.0,-70.0
1775635321.1205654,-2.0,3.0,-70.0
1775635321.1305654,-4.0,5.0,-67.0
1775635321.1405654,-3.0,2.0,-64.0
1775635321.1505654,-2.0,6.0,-73.0
1775635321.1605654,0.0,10.0,-74.0
1775635321.1705654,-2.0,10.0,-78.0
1775635321.1805654,0.0,9.0,-77.0
1775635321.190565,0.0,7.0,-72.0
1775635321.200565,1.0,3.0,-75.0
1775635321.210565,0.0,2.0,-78.0
1775635321.2205653,1.0,0.0,-71.0
1775635321.2305653,1.0,-2.0,-67.0
1775635321.2405653,0.0,0.0,-67.0
1775635321.2505653,0.0,0.0,-64.0
1775635321.2605653,0.0,-5.0,-60.0
1775635321.2705653,2.0,-4.0,-59.0
1775635321.2805655,2.0,-7.0,-60.0
1775635321.2905655,0.0,-5.0,-58.0
1775635321.3005655,0.0,-4.0,-59.0
1775635321.3105657,0.0,-1.0,-64.0
1775635321.3205657,3.0,0.0,-68.0
1775635321.3305657,1.0,0.0,-71.0
1775635321.3405654,0.0,3.0,-72.0
1775635321.3505654,-3.0,3.0,-73.0
1775635321.3605654,-2.0,5.0,-73.0
1775635321.3705654,-1.0,5.0,-68.0
1775635321.3805654,3.0,5.0,-71.0
1775635321.3905654,4.0,3.0,-79.0
1775635321.4005654,1.0,4.0,-75.0
1775635321.4105654,0.0,-1.0,-67.0
1775635321.4205654,5.0,-4.0,-67.0
1775635321.4305654,2.0,-4.0,-72.0
1775635321.440565,1.0,-5.0,-67.0
1775635321.450565,-4.0,-7.0,-67.0
1775635321.460565,-5.0,-6.0,-78.0
1775635321.4705653,-2.0,-2.0,-78.0
1775635321.4805653,-2.0,-1.0,-73.0
1775635321.4905653,0.0,0.0,-76.0
1775635321.5005653,-2.0,-1.0,-79.0
1775635321.5105653,0.0,-3.0,-73.0
1775635321.5205653,-6.0,0.0,-68.0
1775635321.5305655,-6.0,3.0,-64.0
1775635321.5405655,-4.0,3.0,-64.0
1775635321.5505655,-2.0,4.0,-56.0
1775635321.5605657,-3.0,2.0,-62.0
1775635321.5705657,-2.0,2.0,-66.0
1775635321.5805657,-4.0,2.0,-63.0
1775635321.5905654,-7.0,0.0,-65.0
1775635321.6005654,-6.0,-2.0,-64.0
1775635321.6105654,-4.0,1.0,-66.0
1775635321.6205654,-2.0,2.0,-63.0
1775635321.6305654,-4.0,2.0,-64.0
1775635321.6405654,-7.0,-3.0,-64.0
1775635321.6505654,-9.0,-2.0,-59.0
1775635321.6605654,-4.0,-1.0,-63.0
1775635321.6705654,0.0,-3.0,-71.0
1775635321.6805654,0.0,-2.0,-69.0
1775635321.690565,-1.0,-6.0,-67.0
1775635321.700565,-2.0,-4.0,-64.0
1775635321.710565,-2.0,-7.0,-62.0
1775635321.7205653,-4.0,-5.0,-58.0
1775635321.7305653,-3.0,-1.0,-55.0
1775635321.7405653,-3.0,1.0,-56.0
1775635321.7505653,-5.0,2.0,-62.0
1775635321.7605653,-6.0,2.0,-62.0
1775635321.7705653,-7.0,3.0,-61.0
1775635321.7805655,-2.0,6.0,-63.0
1775635321.7905655,1.0,5.0,-63.0
1775635321.8005655,1.0,-1.0,-62.0
1775635321.8105657,-3.0,-3.0,-64.0
1775635321.8205657,-5.0,-1.0,-67.0
1775635321.8305657,-3.0,0.0,-74.0
1775635321.8405654,0.0,0.0,-68.0
1775635321.8505654,-1.0,-2.0,-69.0
1775635321.8605654,2.0,-2.0,-71.0
1775635321.8705654,0.0,-5.0,-68.0
1775635321.8805654,2.0,0.0,-62.0
1775635321.8905654,6.0,0.0,-62.0
1775635321.9005654,7.0,1.0,-60.0
1775635321.9105654,8.0,-1.0,-57.0
1775635321.9205654,5.0,-1.0,-51.0
1775635321.9305654,8.0,-2.0,-61.0
1775635321.940565,4.0,-4.0,-63.0
1775635321.950565,3.0,-7.0,-62.0
1775635321.960565,3.0,-9.0,-63.0
1775635321.9705653,-5.0,-5.0,-66.0
1775635321.9805653,-6.0,-2.0,-70.0
1775635321.9905653,-5.0,-4.0,-70.0
1775635322.0005653,-2.0,-4.0,-65.0
1775635322.0105653,-4.0,-1.0,-74.0
1775635322.0205653,-1.0,2.0,-74.0
1775635322.0305655,-2.0,4.0,-75.0
1775635322.0405655,1.0,7.0,-74.0
1775635322.0505655,3.0,6.0,-74.0
1775635322.0605657,3.0,6.0,-72.0
1775635322.0705657,2.0,6.0,-65.0
1775635322.0805657,3.0,3.0,-62.0
1775635322.0915654,2.0,4.0,-65.0
1775635322.1015654,1.0,2.0,-65.0
1775635322.1115654,2.0,6.0,-64.0
1775635322.1205654,0.0,6.0,-67.0
1775635322.131565,2.0,7.0,-67.0
1775635322.141565,1.0,2.0,-66.0
1775635322.1515653,0.0,0.0,-63.0
1775635322.1615653,1.0,-1.0,-68.0
1775635322.1715653,2.0,-3.0,-72.0
1775635322.1815653,6.0,-5.0,-72.0
1775635322.1915653,5.0,-5.0,-67.0
1775635322.2015653,0.0,-1.0,-65.0
1775635322.2115655,-2.0,0.0,-65.0
1775635322.2215655,-3.0,-4.0,-66.0
1775635322.2315657,-6.0,-5.0,-68.0
1775635322.2415657,-3.0,-5.0,-72.0
1775635322.2515657,0.0,0.0,-72.0
1775635322.2615654,-1.0,0.0,-72.0
1775635322.2715654,-4.0,3.0,-69.0
1775635322.2815654,-4.0,2.0,-67.0
1775635322.2915654,-1.0,1.0,-70.0
1775635322.3015654,2.0,5.0,-66.0
1775635322.3115654,4.0,4.0,-64.0
1775635322.3215654,3.0,5.0,-64.0
1775635322.3315654,0.0,4.0,-65.0
1775635322.3415654,-2.0,5.0,-66.0
1775635322.3515654,-1.0,2.0,-71.0
1775635322.3615654,0.0,4.0,-70.0
1775635322.371565,2.0,3.0,-67.0
1775635322.381565,-1.0,1.0,-65.0
1775635322.391565,0.0,4.0,-64.0
1775635322.4015653,0.0,3.0,-66.0
1775635322.4115653,-1.0,4.0,-78.0
1775635322.4215653,-4.0,6.0,-80.0
1775635322.4315653,-5.0,6.0,-80.0
1775635322.4415653,-6.0,3.0,-76.0
1775635322.4515653,-3.0,-1.0,-74.0
1775635322.4615655,-2.0,-3.0,-73.0
1775635322.4715655,-1.0,-2.0,-74.0
1775635322.4815657,-2.0,0.0,-76.0
1775635322.4915657,3.0,1.0,-66.0
1775635322.5015657,5.0,1.0,-58.0
1775635322.5115654,4.0,1.0,-54.0
1775635322.5215654,2.0,0.0,-57.0
1775635322.5315654,2.0,0.0,-58.0
1775635322.5415654,2.0,-4.0,-54.0
1775635322.5515654,7.0,-6.0,-60.0
1775635322.5615654,7.0,-2.0,-65.0
1775635322.5715654,7.0,-1.0,-62.0
1775635322.5815654,5.0,-3.0,-66.0
1775635322.5915654,7.0,-6.0,-65.0
1775635322.6015654,4.0,-6.0,-69.0
1775635322.6115654,2.0,-10.0,-64.0
1775635322.621565,6.0,-6.0,-66.0
1775635322.631565,7.0,0.0,-74.0
1775635322.641565,4.0,1.0,-76.0
1775635322.6515653,0.0,-1.0,-67.0
1775635322.6615653,-2.0,-1.0,-68.0
1775635322.6715653,-6.0,1.0,-72.0
1775635322.6815653,-7.0,0.0,-69.0
1775635322.6915653,-2.0,3.0,-77.0
1775635322.7015653,-4.0,7.0,-73.0
1775635322.7115655,-4.0,5.0,-76.0
1775635322.7215655,-3.0,0.0,-73.0
1775635322.7315657,-4.0,-1.0,-71.0
1775635322.7415657,-5.0,0.0,-72.0
1775635322.7515657,-2.0,-3.0,-65.0
1775635322.7615654,2.0,-3.0,-68.0
1775635322.7715654,6.0,-2.0,-73.0
1775635322.7815654,5.0,0.0,-74.0
1775635322.7915654,9.0,0.0,-72.0
1775635322.8015654,13.0,-6.0,-74.0
1775635322.8115654,10.0,-5.0,-83.0
1775635322.8215654,8.0,-2.0,-84.0
1775635322.8315654,7.0,-3.0,-74.0
1775635322.8415654,6.0,-3.0,-73.0
1775635322.8515654,9.0,-1.0,-73.0
1775635322.8615654,8.0,-1.0,-71.0
1775635322.871565,6.0,0.0,-71.0
1775635322.881565,3.0,-2.0,-70.0
1775635322.891565,0.0,-3.0,-71.0
1775635322.9015653,0.0,-3.0,-70.0
1775635322.9115653,0.0,-5.0,-70.0
1775635322.9215653,0.0,-7.0,-71.0
1775635322.9315653,2.0,-6.0,-73.0
1775635322.9415653,0.0,-2.0,-69.0
1775635322.9515653,2.0,-4.0,-63.0
1775635322.9615655,-2.0,-5.0,-60.0
1775635322.9715655,0.0,-2.0,-66.0
1775635322.9815657,5.0,-5.0,-68.0
1775635322.9915657,6.0,-4.0,-65.0
1775635323.0015657,1.0,-3.0,-69.0
1775635323.0115654,0.0,-4.0,-75.0
1775635323.0215654,2.0,-3.0,-76.0
1775635323.0315654,-1.0,-1.0,-76.0
1775635323.0415654,0.0,-1.0,-75.0
1775635323.0515654,3.0,-3.0,-73.0
1775635323.0615654,4.0,-3.0,-72.0
1775635323.0715654,1.0,-3.0,-71.0
1775635323.0815654,0.0,0.0,-68.0
1775635323.0915654,-1.0,0.0,-74.0
1775635323.1015654,-1.0,0.0,-77.0
1775635323.1115654,1.0,-1.0,-75.0
1775635323.121565,3.0,-4.0,-71.0
1775635323.131565,3.0,-2.0,-72.0
1775635323.141565,6.0,-4.0,-68.0
1775635323.1515653,4.0,-6.0,-68.0
1775635323.1615653,7.0,-9.0,-70.0
1775635323.1715653,4.0,-6.0,-71.0
1775635323.1815653,4.0,-3.0,-75.0
1775635323.1915653,2.0,0.0,-74.0
1775635323.2015653,0.0,-2.0,-74.0
1775635323.2115655,2.0,-3.0,-69.0
1775635323.2215655,1.0,-3.0,-71.0
1775635323.2315657,1.0,-3.0,-82.0
1775635323.2415657,2.0,-2.0,-79.0
1775635323.2515657,1.0,1.0,-86.0
1775635323.2615654,4.0,3.0,-94.0
1775635323.2715654,2.0,3.0,-87.0
1775635323.2815654,4.0,0.0,-81.0
1775635323.2915654,6.0,-4.0,-80.0
1775635323.3015654,2.0,-4.0,-71.0
1775635323.3115654,4.0,-2.0,-62.0
1775635323.3215654,4.0,-4.0,-61.0
1775635323.3315654,6.0,-3.0,-62.0
1775635323.3415654,3.0,0.0,-67.0
1775635323.3515654,2.0,0.0,-71.0
1775635323.3615654,-2.0,-4.0,-69.0
1775635323.371565,0.0,-1.0,-65.0
1775635323.381565,1.0,-2.0,-68.0
1775635323.391565,0.0,-5.0,-70.0
1775635323.4015653,-1.0,-6.0,-58.0
1775635323.4115653,1.0,-3.0,-55.0
1775635323.4215653,5.0,-2.0,-54.0
1775635323.4315653,1.0,0.0,-58.0
1775635323.4415653,3.0,1.0,-60.0
1775635323.4515653,4.0,1.0,-60.0
1775635323.4615655,4.0,-1.0,-58.0
1775635323.4715655,2.0,-6.0,-60.0
1775635323.4815657,2.0,-6.0,-68.0
1775635323.4915657,0.0,-1.0,-64.0
1775635323.5015657,2.0,2.0,-65.0
1775635323.5115654,2.0,6.0,-68.0
1775635323.5215654,-1.0,5.0,-81.0
1775635323.5315654,1.0,3.0,-83.0
1775635323.5415654,2.0,0.0,-84.0
1775635323.5515654,4.0,-3.0,-82.0
1775635323.5615654,1.0,-2.0,-73.0
1775635323.5715654,1.0,-2.0,-68.0
1775635323.5815654,-3.0,-3.0,-65.0
1775635323.5915654,-4.0,0.0,-56.0
1775635323.6015654,-4.0,0.0,-59.0
1775635323.6115654,-7.0,0.0,-63.0
1775635323.621565,-3.0,5.0,-66.0
1775635323.631565,-3.0,4.0,-66.0
1775635323.641565,0.0,4.0,-66.0
1775635323.6515653,4.0,1.0,-68.0
1775635323.6615653,0.0,0.0,-64.0
1775635323.6715653,0.0,0.0,-66.0
1775635323.6815653,0.0,0.0,-68.0
1775635323.6915653,3.0,-2.0,-71.0
1775635323.7015653,1.0,-2.0,-73.0
1775635323.7115655,-2.0,-2.0,-70.0
1775635323.7215655,0.0,-1.0,-64.0
1775635323.7315657,-3.0,-3.0,-61.0
1775635323.7415657,0.0,-2.0,-61.0
1775635323.7515657,-2.0,-2.0,-64.0
1775635323.7615654,1.0,-2.0,-67.0
1775635323.7715654,1.0,-1.0,-77.0
1775635323.7815654,0.0,-3.0,-74.0
1775635323.7915654,4.0,-5.0,-65.0
1775635323.8015654,3.0,-1.0,-63.0
1775635323.8115654,1.0,1.0,-66.0
1775635323.8215654,-2.0,1.0,-69.0
1775635323.8315654,-5.0,1.0,-70.0
1775635323.8415654,-6.0,3.0,-69.0
1775635323.8515654,-8.0,1.0,-72.0
1775635323.8615654,-9.0,2.0,-58.0
1775635323.871565,-11.0,3.0,-60.0
1775635323.881565,-7.0,3.0,-63.0
1775635323.891565,-6.0,3.0,-61.0
1775635323.9015653,-3.0,5.0,-63.0
1775635323.9115653,-6.0,4.0,-67.0
1775635323.9215653,-5.0,2.0,-67.0
1775635323.9315653,-4.0,4.0,-73.0
1775635323.9415653,-4.0,3.0,-65.0
1775635323.9515653,-4.0,1.0,-65.0
1775635323.9615655,0.0,2.0,-63.0
1775635323.9715655,-6.0,0.0,-62.0
1775635323.9815657,-1.0,1.0,-71.0
1775635323.9915657,4.0,-2.0,-81.0
1775635324.0015657,0.0,-4.0,-75.0
1775635324.0115654,-1.0,-2.0,-82.0
1775635324.0215654,-1.0,-1.0,-83.0
1775635324.0315654,-3.0,-1.0,-78.0
1775635324.0415654,-7.0,-2.0,-72.0
1775635324.0515654,-10.0,-5.0,-67.0
1775635324.0615654,-6.0,-1.0,-68.0
1775635324.0715654,-7.0,0.0,-69.0
1775635324.0815654,0.0,-1.0,-70.0
1775635324.0915654,0.0,0.0,-68.0
1775635324.1015654,1.0,2.0,-62.0
1775635324.1115654,-1.0,1.0,-63.0
1775635324.121565,-6.0,1.0,-64.0
1775635324.131565,-8.0,2.0,-64.0
1775635324.141565,-9.0,3.0,-64.0
1775635324.1515653,-5.0,-2.0,-67.0
1775635324.1615653,-4.0,-6.0,-73.0
1775635324.1715653,-4.0,-5.0,-73.0
1775635324.1815653,-1.0,-1.0,-69.0
1775635324.1915653,1.0,0.0,-67.0
1775635324.2015653,6.0,-5.0,-68.0
1775635324.2115655,7.0,-5.0,-72.0
1775635324.2215655,8.0,-1.0,-74.0
1775635324.2315657,8.0,1.0,-74.0
1775635324.2415657,3.0,3.0,-70.0
1775635324.2515657,-2.0,5.0,-66.0
1775635324.2615654,-4.0,4.0,-59.0
1775635324.2715654,-7.0,8.0,-56.0
1775635324.2815654,0.0,6.0,-61.0
1775635324.2915654,0.0,1.0,-60.0
1775635324.3015654,0.0,-3.0,-70.0
1775635324.3115654,3.0,-1.0,-70.0
1775635324.3215654,3.0,-1.0,-69.0
1775635324.3315654,0.0,2.0,-65.0
1775635324.3415654,0.0,1.0,-70.0
1775635324.3515654,0.0,2.0,-73.0
1775635324.3615654,4.0,2.0,-73.0
1775635324.371565,3.0,0.0,-70.0
1775635324.381565,0.0,0.0,-64.0
1775635324.391565,0.0,3.0,-67.0
1775635324.4015653,0.0,0.0,-71.0
1775635324.4115653,1.0,0.0,-70.0
1775635324.4215653,0.0,3.0,-68.0
1775635324.4315653,0.0,3.0,-68.0
1775635324.4425654,0.0,3.0,-70.0
1775635324.4525654,0.0,1.0,-64.0
1775635324.4625654,-8.0,0.0,-61.0
1775635324.4725654,-8.0,0.0,-63.0
1775635324.4825654,-11.0,0.0,-59.0
1775635324.4925654,-5.0,2.0,-71.0
1775635324.5025654,-5.0,3.0,-74.0
1775635324.5125654,-5.0,0.0,-76.0
1775635324.5225654,-8.0,-3.0,-73.0
1775635324.5325654,-11.0,-2.0,-70.0
1775635324.542565,-6.0,-2.0,-67.0
1775635324.552565,-1.0,-4.0,-69.0
1775635324.562565,-3.0,0.0,-69.0
1775635324.5725653,-6.0,0.0,-64.0
1775635324.5825653,-9.0,-2.0,-59.0
1775635324.5925653,-7.0,0.0,-62.0
1775635324.6025653,-7.0,-2.0,-65.0
1775635324.6125653,-5.0,-3.0,-61.0
1775635324.6225653,-2.0,-1.0,-67.0
1775635324.6325655,0.0,-4.0,-68.0
1775635324.6425655,-2.0,-6.0,-66.0
1775635324.6525657,0.0,-4.0,-68.0
1775635324.6625657,0.0,-4.0,-69.0
1775635324.6725657,-3.0,-6.0,-64.0
1775635324.6825657,-5.0,-2.0,-69.0
1775635324.6925654,-5.0,1.0,-75.0
1775635324.7025654,-1.0,0.0,-82.0
1775635324.7125654,-1.0,-1.0,-78.0
1775635324.7225654,-5.0,-4.0,-79.0
1775635324.7325654,-3.0,-6.0,-75.0
1775635324.7425654,-3.0,-4.0,-68.0
1775635324.7525654,-7.0,-8.0,-73.0
1775635324.7625654,-7.0,-10.0,-74.0
1775635324.7725654,-5.0,-6.0,-70.0
1775635324.7825654,-4.0,-3.0,-69.0
1775635324.792565,-5.0,-6.0,-60.0
1775635324.802565,-5.0,-5.0,-62.0
1775635324.812565,-5.0,0.0,-67.0
1775635324.8225653,-4.0,-1.0,-68.0
1775635324.8325653,-4.0,-1.0,-66.0
1775635324.8425653,0.0,-2.0,-66.0
1775635324.8525653,2.0,-6.0,-70.0
1775635324.8625653,8.0,-9.0,-76.0
1775635324.8725653,10.0,-7.0,-76.0
1775635324.8825655,5.0,-4.0,-70.0
1775635324.8925655,5.0,-9.0,-72.0
1775635324.9025657,1.0,-4.0,-75.0
1775635324.9125657,3.0,-9.0,-77.0
1775635324.9225657,2.0,-4.0,-73.0
1775635324.9325657,1.0,-3.0,-74.0
1775635324.9425654,-2.0,-1.0,-69.0
1775635324.9525654,-2.0,0.0,-71.0
1775635324.9625654,-3.0,2.0,-66.0
1775635324.9725654,-5.0,1.0,-70.0
1775635324.9825654,-7.0,1.0,-70.0
1775635324.9925654,-8.0,1.0,-67.0
1775635325.0025654,-8.0,1.0,-73.0
1775635325.0125654,-8.0,0.0,-68.0
1775635325.0225654,-2.0,-1.0,-72.0
1775635325.0325654,-2.0,-1.0,-72.0
1775635325.042565,0.0,-1.0,-72.0
1775635325.052565,-3.0,-7.0,-71.0
1775635325.062565,-3.0,-8.0,-69.0
1775635325.0725653,-1.0,-4.0,-67.0
1775635325.0825653,-2.0,-1.0,-73.0
1775635325.0925653,-1.0,-2.0,-73.0
1775635325.1025653,0.0,0.0,-71.0
1775635325.1125653,-5.0,-4.0,-66.0
1775635325.1225653,-4.0,-5.0,-78.0
1775635325.1325655,-1.0,-3.0,-75.0
1775635325.1425655,-2.0,1.0,-73.0
1775635325.1525657,-1.0,4.0,-66.0
1775635325.1625657,-2.0,2.0,-65.0
1775635325.1725657,0.0,0.0,-71.0
1775635325.1825657,0.0,-1.0,-67.0
1775635325.1925654,-2.0,-1.0,-67.0
1775635325.2025654,-1.0,0.0,-59.0
1775635325.2125654,-2.0,2.0,-63.0
1775635325.2225654,1.0,0.0,-66.0
1775635325.2325654,2.0,-3.0,-69.0
1775635325.2425654,0.0,-6.0,-71.0
1775635325.2525654,-5.0,-4.0,-68.0
1775635325.2625654,-6.0,-3.0,-71.0
1775635325.2725654,-6.0,-1.0,-73.0
1775635325.2825654,-5.0,-4.0,-67.0
1775635325.292565,-4.0,-1.0,-68.0
1775635325.302565,-4.0,0.0,-70.0
1775635325.312565,-5.0,4.0,-75.0
1775635325.3225653,-3.0,4.0,-73.0
1775635325.3325653,-7.0,4.0,-68.0
1775635325.3425653,-2.0,3.0,-73.0
1775635325.3525653,0.0,1.0,-76.0
1775635325.3625653,0.0,-1.0,-70.0
1775635325.3725653,0.0,-1.0,-70.0
1775635325.3825655,0.0,0.0,-68.0
1775635325.3925655,-1.0,0.0,-72.0
1775635325.4025657,-2.0,0.0,-68.0
1775635325.4125657,-6.0,-4.0,-66.0
1775635325.4225657,-7.0,-9.0,-67.0
1775635325.4325657,0.0,-10.0,-68.0
1775635325.4425654,-3.0,-9.0,-68.0
1775635325.4525654,0.0,-5.0,-61.0
1775635325.4625654,-2.0,-6.0,-65.0
1775635325.4725654,0.0,-7.0,-69.0
1775635325.4825654,-3.0,-13.0,-69.0
1775635325.4925654,-2.0,-9.0,-68.0
1775635325.5025654,-2.0,-6.0,-69.0
1775635325.5125654,-6.0,-4.0,-69.0
1775635325.5225654,-9.0,-5.0,-73.0
1775635325.5325654,-6.0,-2.0,-75.0
1775635325.542565,-4.0,-3.0,-69.0
1775635325.552565,-7.0,-7.0,-72.0
1775635325.562565,-6.0,-5.0,-75.0
1775635325.5725653,-7.0,-6.0,-71.0
1775635325.5825653,-4.0,-6.0,-65.0
1775635325.5925653,-2.0,-5.0,-67.0
1775635325.6025653,-3.0,0.0,-74.0
1775635325.6125653,-8.0,0.0,-74.0
1775635325.6225653,-9.0,4.0,-75.0
1775635325.6325655,-4.0,2.0,-80.0
1775635325.6425655,-3.0,0.0,-79.0
1775635325.6525657,-1.0,-2.0,-70.0
1775635325.6625657,2.0,3.0,-72.0
1775635325.6725657,9.0,5.0,-70.0
1775635325.6825657,6.0,1.0,-65.0
1775635325.6925654,3.0,2.0,-73.0
1775635325.7025654,1.0,0.0,-75.0
1775635325.7125654,-6.0,0.0,-72.0
1775635325.7225654,0.0,-2.0,-66.0
1775635325.7325654,2.0,-3.0,-65.0
1775635325.7425654,3.0,0.0,-64.0
1775635325.7525654,5.0,-1.0,-63.0
1775635325.7625654,5.0,0.0,-63.0
1775635325.7725654,0.0,-1.0,-69.0
1775635325.7825654,1.0,-2.0,-69.0
1775635325.792565,0.0,-1.0,-69.0
1775635325.802565,2.0,0.0,-67.0
1775635325.812565,1.0,5.0,-64.0
1775635325.8225653,-1.0,10.0,-60.0
1775635325.8325653,-2.0,4.0,-58.0
1775635325.8425653,-3.0,2.0,-56.0
1775635325.8525653,0.0,2.0,-55.0
1775635325.8625653,1.0,3.0,-51.0
1775635325.8725653,1.0,0.0,-57.0
1775635325.8825655,0.0,-5.0,-64.0
1775635325.8925655,-2.0,-1.0,-69.0
1775635325.9025657,-1.0,-2.0,-71.0
1775635325.9125657,1.0,-3.0,-67.0
1775635325.9225657,2.0,0.0,-68.0
1775635325.9325657,6.0,-3.0,-63.0
1775635325.9425654,8.0,0.0,-66.0
1775635325.9525654,7.0,3.0,-68.0
1775635325.9625654,5.0,0.0,-69.0
1775635325.9725654,5.0,1.0,-74.0
1775635325.9825654,1.0,2.0,-69.0
1775635325.9925654,-5.0,-3.0,-60.0
1775635326.0025654,-7.0,-3.0,-61.0
1775635326.0125654,-5.0,-1.0,-63.0
1775635326.0225654,-1.0,-3.0,-65.0
1775635326.0325654,-3.0,-1.0,-66.0
1775635326.042565,-3.0,-2.0,-69.0
1775635326.052565,0.0,-3.0,-69.0
1775635326.0635655,0.0,-1.0,-71.0
1775635326.0725653,3.0,-1.0,-66.0
1775635326.0825653,4.0,3.0,-63.0
1775635326.0925653,3.0,3.0,-57.0
1775635326.1025653,2.0,4.0,-56.0
1775635326.1125653,0.0,2.0,-67.0
1775635326.1225653,-3.0,0.0,-70.0
1775635326.1325655,1.0,1.0,-68.0
1775635326.1425655,4.0,0.0,-65.0
1775635326.1525657,5.0,2.0,-71.0
1775635326.1625657,3.0,1.0,-67.0
1775635326.1725657,8.0,2.0,-67.0
1775635326.1825657,7.0,3.0,-62.0
1775635326.1925654,4.0,6.0,-61.0
1775635326.2025654,0.0,9.0,-64.0
1775635326.2125654,0.0,11.0,-64.0
1775635326.2225654,0.0,6.0,-65.0
1775635326.2325654,-4.0,0.0,-71.0
1775635326.2425654,-2.0,-1.0,-66.0
1775635326.2525654,1.0,0.0,-68.0
1775635326.2625654,2.0,0.0,-67.0
1775635326.2725654,2.0,0.0,-70.0
1775635326.2825654,0.0,0.0,-67.0
1775635326.292565,-1.0,3.0,-69.0
1775635326.302565,0.0,0.0,-70.0
1775635326.312565,-3.0,3.0,-73.0
1775635326.3225653,0.0,4.0,-74.0
1775635326.3325653,2.0,6.0,-76.0
1775635326.3425653,0.0,0.0,-74.0
1775635326.3525653,-4.0,-3.0,-78.0
1775635326.3625653,-7.0,-6.0,-75.0
1775635326.3725653,-9.0,-3.0,-68.0
1775635326.3825655,-6.0,0.0,-67.0
1775635326.3925655,-6.0,3.0,-72.0
1775635326.4025657,-2.0,1.0,-76.0
1775635326.4125657,0.0,0.0,-73.0
1775635326.4225657,0.0,0.0,-74.0
1775635326.4335654,-2.0,0.0,-79.0
1775635326.4425654,2.0,-2.0,-83.0
1775635326.4525654,-2.0,-3.0,-82.0
1775635326.4625654,-10.0,-7.0,-73.0
1775635326.4725654,-11.0,-7.0,-72.0
1775635326.4825654,-15.0,-5.0,-66.0
1775635326.4925654,-12.0,-4.0,-69.0
1775635326.5025654,-13.0,-3.0,-63.0
1775635326.5125654,-9.0,-3.0,-64.0
1775635326.5225654,-5.0,-4.0,-63.0
1775635326.5325654,-4.0,-6.0,-67.0
1775635326.542565,-3.0,-11.0,-66.0
1775635326.552565,-3.0,-9.0,-66.0
1775635326.562565,0.0,-12.0,-69.0
1775635326.5725653,6.0,-17.0,-72.0
1775635326.5825653,4.0,-14.0,-79.0
1775635326.5925653,4.0,-14.0,-82.0
1775635326.6025653,3.0,-12.0,-83.0
1775635326.6125653,-1.0,-9.0,-80.0
1775635326.6225653,3.0,-6.0,-81.0
1775635326.6325655,0.0,-2.0,-75.0
1775635326.6425655,0.0,0.0,-71.0
1775635326.6525657,2.0,2.0,-66.0
1775635326.6625657,6.0,3.0,-69.0
1775635326.6725657,3.0,3.0,-73.0
1775635326.6825657,2.0,5.0,-72.0
1775635326.6925654,3.0,8.0,-72.0
1775635326.7025654,2.0,3.0,-71.0
1775635326.7125654,0.0,2.0,-76.0
1775635326.7225654,-5.0,4.0,-77.0
1775635326.7325654,-7.0,6.0,-73.0
1775635326.7425654,-3.0,3.0,-68.0
1775635326.7535653,-2.0,-1.0,-68.0
1775635326.7635653,-1.0,0.0,-67.0
1775635326.7725654,2.0,0.0,-60.0
1775635326.7825654,1.0,1.0,-64.0
1775635326.7935653,-3.0,1.0,-64.0
1775635326.8035655,3.0,1.0,-59.0
1775635326.8135655,2.0,-1.0,-61.0
1775635326.8235655,1.0,-1.0,-62.0
1775635326.8335657,1.0,-5.0,-65.0
1775635326.8435657,-4.0,-3.0,-64.0
1775635326.8535657,-3.0,0.0,-68.0
1775635326.8635654,-5.0,-2.0,-76.0
1775635326.8735654,-11.0,1.0,-71.0
1775635326.8835654,-7.0,0.0,-68.0
1775635326.8935654,-6.0,0.0,-64.0
1775635326.9035654,-5.0,2.0,-61.0
1775635326.9135654,-4.0,2.0,-61.0
1775635326.9235654,-3.0,3.0,-59.0
1775635326.9335654,-2.0,2.0,-59.0
1775635326.9435654,1.0,-1.0,-58.0
1775635326.9535654,4.0,0.0,-50.0
1775635326.963565,4.0,0.0,-59.0
1775635326.973565,1.0,0.0,-61.0
1775635326.983565,1.0,-1.0,-57.0
1775635326.993565,-1.0,-2.0,-57.0
1775635327.0035653,-1.0,-2.0,-62.0
1775635327.0135653,2.0,0.0,-67.0
1775635327.0235653,-1.0,-3.0,-67.0
1775635327.0335653,0.0,1.0,-68.0
1775635327.0435653,0.0,2.0,-70.0
1775635327.0535655,1.0,0.0,-69.0
1775635327.0635655,3.0,1.0,-66.0
1775635327.0735655,3.0,0.0,-69.0
1775635327.0835657,0.0,0.0,-74.0
1775635327.0935657,1.0,-3.0,-77.0
1775635327.1035657,-2.0,1.0,-70.0
1775635327.1135654,-8.0,-2.0,-68.0
1775635327.1235654,-6.0,-3.0,-68.0
1775635327.1335654,-2.0,0.0,-72.0
1775635327.1435654,-3.0,-2.0,-74.0
1775635327.1535654,-4.0,-1.0,-69.0
1775635327.1635654,-2.0,-2.0,-80.0
1775635327.1735654,-4.0,0.0,-80.0
1775635327.1835654,0.0,3.0,-78.0
1775635327.1935654,3.0,2.0,-74.0
1775635327.2035654,2.0,1.0,-78.0
1775635327.213565,0.0,-1.0,-77.0
1775635327.223565,0.0,-4.0,-75.0
1775635327.233565,-6.0,-3.0,-69.0
1775635327.243565,-6.0,-3.0,-70.0
1775635327.2535653,-4.0,-6.0,-75.0
1775635327.2635653,-3.0,-9.0,-79.0
1775635327.2735653,-5.0,-9.0,-79.0
1775635327.2835653,-4.0,-2.0,-75.0
1775635327.2935653,-3.0,0.0,-77.0
1775635327.3035655,-4.0,-2.0,-74.0
1775635327.3135655,-6.0,-3.0,-74.0
1775635327.3235655,-8.0,-10.0,-68.0
1775635327.3335657,-5.0,-11.0,-65.0
1775635327.3435657,-4.0,-10.0,-68.0
1775635327.3535657,-1.0,-11.0,-73.0
1775635327.3635654,5.0,-5.0,-73.0
1775635327.3735654,6.0,-5.0,-66.0
1775635327.3835654,8.0,-1.0,-68.0
1775635327.3935654,6.0,-2.0,-73.0
1775635327.4035654,2.0,-1.0,-71.0
1775635327.4135654,5.0,-1.0,-68.0
1775635327.4235654,1.0,1.0,-67.0
1775635327.4335654,4.0,0.0,-66.0
1775635327.4435654,-2.0,-1.0,-61.0
1775635327.4535654,0.0,-2.0,-57.0
1775635327.463565,2.0,0.0,-64.0
1775635327.473565,-1.0,-3.0,-67.0
1775635327.483565,-7.0,1.0,-74.0
1775635327.493565,-9.0,1.0,-69.0
1775635327.5035653,-6.0,0.0,-68.0
1775635327.5135653,-3.0,2.0,-64.0
1775635327.5235653,-5.0,1.0,-59.0
1775635327.5335653,-5.0,5.0,-60.0
1775635327.5435653,-6.0,2.0,-65.0
1775635327.5535655,-6.0,0.0,-67.0
1775635327.5635655,-2.0,-2.0,-69.0
1775635327.5735655,-3.0,0.0,-70.0
1775635327.5835657,-1.0,-2.0,-69.0
1775635327.5935657,0.0,-2.0,-63.0
1775635327.6035657,-3.0,-5.0,-67.0
1775635327.6135654,-5.0,-4.0,-69.0
1775635327.6235654,-3.0,-4.0,-65.0
1775635327.6335654,0.0,-3.0,-60.0
1775635327.6435654,2.0,-2.0,-63.0
1775635327.6535654,3.0,-2.0,-63.0
1775635327.6635654,3.0,-1.0,-67.0
1775635327.6735654,4.0,-2.0,-70.0
1775635327.6835654,5.0,-1.0,-68.0
1775635327.6935654,5.0,0.0,-74.0
1775635327.7035654,0.0,0.0,-76.0
1775635327.713565,2.0,0.0,-71.0
1775635327.723565,-1.0,2.0,-71.0
1775635327.733565,0.0,-1.0,-66.0
1775635327.743565,1.0,-5.0,-64.0
1775635327.7535653,-1.0,-4.0,-66.0
1775635327.7635653,-1.0,-3.0,-62.0
1775635327.7735653,1.0,-1.0,-64.0
1775635327.7835653,6.0,2.0,-66.0
1775635327.7935653,6.0,2.0,-66.0
1775635327.8035655,1.0,-2.0,-66.0
1775635327.8135655,1.0,-4.0,-64.0
1775635327.8235655,0.0,-2.0,-64.0
1775635327.8335657,0.0,-2.0,-64.0
1775635327.8435657,0.0,-2.0,-60.0
1775635327.8535657,0.0,-3.0,-56.0
1775635327.8635654,-7.0,-7.0,-59.0
1775635327.8735654,-8.0,-4.0,-61.0
1775635327.8835654,-7.0,-1.0,-60.0
1775635327.8935654,-3.0,-2.0,-66.0
1775635327.9035654,0.0,-2.0,-71.0
1775635327.9135654,0.0,-3.0,-64.0
1775635327.9235654,-1.0,-3.0,-68.0
1775635327.9335654,-1.0,-3.0,-65.0
1775635327.9435654,-3.0,-2.0,-65.0
1775635327.9535654,-6.0,-5.0,-71.0
1775635327.963565,-5.0,-3.0,-75.0
1775635327.973565,-3.0,-1.0,-74.0
1775635327.983565,-1.0,-3.0,-71.0
1775635327.993565,-1.0,-5.0,-76.0
1775635328.0035653,-4.0,-2.0,-75.0
1775635328.0135653,-1.0,-1.0,-77.0
1775635328.0235653,0.0,2.0,-76.0
1775635328.0335653,1.0,0.0,-76.0
1775635328.0435653,-2.0,1.0,-72.0
1775635328.0535655,-7.0,-1.0,-75.0
1775635328.0635655,-4.0,-3.0,-72.0
1775635328.0735655,-2.0,-2.0,-74.0
1775635328.0835657,-4.0,-1.0,-76.0
1775635328.0935657,-2.0,-5.0,-78.0
1775635328.1035657,-3.0,-6.0,-73.0
1775635328.1135654,-6.0,-7.0,-79.0
1775635328.1235654,-7.0,-2.0,-78.0
1775635328.1335654,-9.0,0.0,-75.0
1775635328.1435654,-8.0,0.0,-72.0
1775635328.1535654,-5.0,0.0,-67.0
1775635328.1635654,0.0,-2.0,-64.0
1775635328.1735654,2.0,-2.0,-65.0
1775635328.1835654,1.0,3.0,-65.0
1775635328.1935654,0.0,5.0,-67.0
1775635328.2035654,-2.0,2.0,-71.0
1775635328.213565,-1.0,2.0,-70.0
1775635328.223565,0.0,0.0,-69.0
1775635328.233565,4.0,0.0,-70.0
1775635328.243565,0.0,0.0,-67.0
1775635328.2535653,4.0,0.0,-66.0
1775635328.2635653,3.0,0.0,-64.0
1775635328.2735653,4.0,-2.0,-67.0
1775635328.2835653,4.0,-3.0,-72.0
1775635328.2935653,2.0,0.0,-67.0
1775635328.3035655,2.0,-1.0,-65.0
1775635328.3135655,1.0,-3.0,-68.0
1775635328.3235655,1.0,-2.0,-62.0
1775635328.3335657,1.0,-2.0,-67.0
1775635328.3435657,1.0,-4.0,-72.0
1775635328.3535657,1.0,-1.0,-74.0
1775635328.3635654,4.0,0.0,-66.0
1775635328.3735654,6.0,1.0,-65.0
1775635328.3835654,4.0,0.0,-62.0
1775635328.3935654,0.0,0.0,-56.0
1775635328.4035654,0.0,-1.0,-56.0
1775635328.4135654,0.0,0.0,-61.0
1775635328.4235654,1.0,3.0,-63.0
1775635328.4335654,1.0,3.0,-64.0
1775635328.4435654,0.0,3.0,-71.0
1775635328.4535654,1.0,4.0,-63.0
1775635328.463565,3.0,3.0,-67.0
1775635328.473565,-3.0,2.0,-64.0
1775635328.483565,-5.0,0.0,-57.0
1775635328.493565,-4.0,0.0,-61.0
1775635328.5035653,3.0,0.0,-59.0
1775635328.5135653,0.0,3.0,-59.0
1775635328.5235653,1.0,0.0,-60.0
1775635328.5335653,1.0,2.0,-61.0
1775635328.5435653,4.0,0.0,-61.0
1775635328.5535655,0.0,-2.0,-57.0
1775635328.5635655,2.0,-4.0,-57.0
1775635328.5735655,0.0,-5.0,-54.0
1775635328.5835657,-3.0,-3.0,-56.0
1775635328.5935657,-5.0,-3.0,-57.0
1775635328.6035657,0.0,-3.0,-67.0
1775635328.6135654,6.0,-3.0,-67.0
1775635328.6235654,8.0,-4.0,-68.0
1775635328.6335654,6.0,-2.0,-65.0
1775635328.6435654,7.0,-2.0,-64.0
1775635328.6535654,6.0,-1.0,-66.0
1775635328.6635654,3.0,0.0,-66.0
1775635328.6735654,4.0,-1.0,-68.0
1775635328.6835654,2.0,2.0,-63.0
1775635328.6935654,-2.0,-1.0,-60.0
1775635328.7035654,-2.0,-3.0,-61.0
1775635328.713565,-1.0,-7.0,-61.0
1775635328.723565,1.0,-12.0,-71.0
1775635328.733565,1.0,-9.0,-66.0
1775635328.743565,0.0,-8.0,-65.0
1775635328.7535653,4.0,-12.0,-69.0
1775635328.7635653,5.0,-10.0,-68.0
1775635328.7735653,4.0,-12.0,-69.0
1775635328.7835653,6.0,-7.0,-77.0
1775635328.7935653,3.0,-5.0,-71.0
1775635328.8035655,0.0,-3.0,-70.0
1775635328.8135655,-1.0,0.0,-70.0
1775635328.8235655,-1.0,1.0,-71.0
1775635328.8335657,0.0,0.0,-67.0
1775635328.8435657,2.0,0.0,-61.0
1775635328.8535657,0.0,-2.0,-58.0
1775635328.8635654,0.0,-5.0,-65.0
1775635328.8735654,0.0,-8.0,-62.0
1775635328.8835654,4.0,-9.0,-67.0
1775635328.8935654,6.0,-10.0,-65.0
1775635328.9035654,2.0,-5.0,-68.0
1775635328.9135654,6.0,-1.0,-71.0
1775635328.9235654,6.0,0.0,-72.0
1775635328.9335654,2.0,1.0,-72.0
1775635328.9435654,2.0,0.0,-72.0
1775635328.9535654,1.0,-1.0,-76.0
1775635328.963565,0.0,-1.0,-72.0
1775635328.973565,0.0,-3.0,-72.0
1775635328.983565,1.0,-7.0,-66.0
1775635328.993565,4.0,-9.0,-66.0
1775635329.0035653,1.0,-7.0,-71.0
1775635329.0135653,2.0,-5.0,-64.0
1775635329.0235653,4.0,-3.0,-67.0
1775635329.0335653,4.0,-5.0,-66.0
1775635329.0435653,0.0,-5.0,-57.0
1775635329.0545654,-2.0,-7.0,-54.0
1775635329.0635655,-5.0,-5.0,-59.0
1775635329.0745654,-5.0,-3.0,-58.0
1775635329.0845654,-4.0,0.0,-62.0
1775635329.0945654,-3.0,-1.0,-61.0
1775635329.1045654,-1.0,0.0,-69.0
1775635329.1145654,-4.0,0.0,-67.0
1775635329.1245654,-8.0,1.0,-62.0
1775635329.1345654,-8.0,0.0,-62.0
1775635329.144565,-10.0,2.0,-63.0
1775635329.154565,-12.0,2.0,-66.0
1775635329.164565,-5.0,0.0,-67.0
1775635329.1745653,-2.0,0.0,-71.0
1775635329.1845653,-2.0,0.0,-76.0
1775635329.1945653,0.0,0.0,-72.0
1775635329.2045653,-1.0,0.0,-70.0
1775635329.2145653,0.0,-1.0,-73.0
1775635329.2245653,-2.0,1.0,-76.0
1775635329.2345655,-6.0,0.0,-73.0
1775635329.2445655,-9.0,2.0,-67.0
1775635329.2545657,-3.0,3.0,-63.0
1775635329.2645657,-2.0,5.0,-68.0
1775635329.2745657,-1.0,1.0,-68.0
1775635329.2845654,-3.0,3.0,-66.0
1775635329.2945654,0.0,4.0,-60.0
1775635329.3045654,-4.0,5.0,-67.0
1775635329.3145654,-1.0,9.0,-66.0
1775635329.3245654,5.0,10.0,-68.0
1775635329.3345654,3.0,5.0,-66.0
1775635329.3445654,0.0,2.0,-68.0
1775635329.3545654,0.0,2.0,-71.0
1775635329.3645654,4.0,-1.0,-70.0
1775635329.3745654,3.0,0.0,-61.0
1775635329.3845654,0.0,-4.0,-64.0
1775635329.394565,3.0,-3.0,-76.0
1775635329.404565,-1.0,-3.0,-72.0
1775635329.414565,-2.0,-4.0,-69.0
1775635329.4245653,-4.0,-4.0,-65.0
1775635329.4345653,-4.0,-4.0,-64.0
1775635329.4445653,-3.0,-3.0,-66.0
1775635329.4545653,-1.0,-4.0,-64.0
1775635329.4645653,-4.0,-2.0,-64.0
1775635329.4745653,-3.0,1.0,-69.0
1775635329.4845655,-1.0,1.0,-67.0
1775635329.4945655,-4.0,0.0,-62.0
1775635329.5045657,-5.0,-3.0,-64.0
1775635329.5145657,-5.0,-8.0,-65.0
1775635329.5245657,-5.0,-3.0,-62.0
1775635329.5345654,-3.0,-5.0,-56.0
1775635329.5445654,0.0,-6.0,-59.0
1775635329.5545654,0.0,-4.0,-58.0
1775635329.5645654,0.0,-7.0,-63.0
1775635329.5745654,-1.0,-9.0,-66.0
1775635329.5845654,0.0,-12.0,-59.0
1775635329.5945654,-2.0,-12.0,-60.0
1775635329.6045654,0.0,-9.0,-61.0
1775635329.6145654,1.0,-5.0,-68.0
1775635329.6245654,1.0,-4.0,-69.0
1775635329.6345654,0.0,-1.0,-73.0
1775635329.644565,1.0,-3.0,-73.0
1775635329.654565,0.0,-7.0,-70.0
1775635329.664565,0.0,-8.0,-76.0
1775635329.6745653,3.0,-6.0,-70.0
1775635329.6845653,0.0,-2.0,-67.0
1775635329.6945653,0.0,0.0,-69.0
1775635329.7045653,1.0,1.0,-69.0
1775635329.7145653,5.0,-3.0,-66.0
1775635329.7245653,2.0,-6.0,-73.0
1775635329.7345655,0.0,-5.0,-76.0
1775635329.7445655,-6.0,-4.0,-73.0
1775635329.7545657,-8.0,-7.0,-69.0
1775635329.7645657,-6.0,-3.0,-69.0
1775635329.7745657,-7.0,-4.0,-64.0
1775635329.7845654,-2.0,-1.0,-63.0
1775635329.7945654,-2.0,-3.0,-62.0
1775635329.8045654,0.0,0.0,-69.0
1775635329.8145654,0.0,-1.0,-72.0
1775635329.8245654,-4.0,2.0,-70.0
1775635329.8345654,-3.0,3.0,-72.0
1775635329.8445654,-5.0,0.0,-72.0
1775635329.8545654,0.0,0.0,-69.0
1775635329.8645654,0.0,1.0,-65.0
1775635329.8745654,-2.0,-1.0,-66.0
1775635329.8845654,-3.0,-5.0,-71.0
1775635329.894565,0.0,-6.0,-68.0
1775635329.904565,0.0,-5.0,-72.0
1775635329.914565,-2.0,-6.0,-77.0
1775635329.9245653,0.0,-5.0,-77.0
1775635329.9345653,3.0,-4.0,-77.0
1775635329.9445653,0.0,-2.0,-73.0
1775635329.9545653,1.0,0.0,-67.0
1775635329.9645653,3.0,-1.0,-64.0
1775635329.9745653,1.0,0.0,-66.0
1775635329.9845655,4.0,4.0,-68.0
1775635329.9945655,5.0,2.0,-66.0
1775635330.0045657,2.0,3.0,-69.0
1775635330.0145657,0.0,1.0,-64.0
1775635330.0245657,-2.0,1.0,-61.0
1775635330.0345654,-5.0,-1.0,-62.0
1775635330.0445654,-1.0,1.0,-60.0
1775635330.0545654,-2.0,4.0,-58.0
1775635330.0645654,1.0,5.0,-67.0
1775635330.0745654,0.0,1.0,-70.0
1775635330.0845654,6.0,0.0,-66.0
1775635330.0945654,8.0,2.0,-67.0
1775635330.1045654,7.0,0.0,-67.0
1775635330.1145654,7.0,-3.0,-66.0
1775635330.1245654,3.0,-5.0,-64.0
1775635330.1345654,0.0,-1.0,-67.0
1775635330.144565,-2.0,0.0,-74.0
1775635330.154565,0.0,3.0,-74.0
1775635330.164565,4.0,5.0,-71.0
1775635330.1745653,0.0,5.0,-72.0
1775635330.1845653,-1.0,4.0,-72.0
1775635330.1945653,-1.0,5.0,-80.0
1775635330.2045653,-3.0,9.0,-79.0
1775635330.2145653,-6.0,3.0,-75.0
1775635330.2245653,-2.0,-3.0,-76.0
1775635330.2345655,-1.0,-2.0,-79.0
1775635330.2445655,-3.0,-6.0,-72.0
1775635330.2545657,-6.0,-6.0,-73.0
1775635330.2645657,-3.0,-1.0,-69.0
1775635330.2745657,-3.0,-2.0,-69.0
1775635330.2845654,-1.0,-2.0,-69.0
1775635330.2945654,2.0,-2.0,-70.0
1775635330.3045654,4.0,1.0,-73.0
1775635330.3145654,3.0,1.0,-72.0
1775635330.3245654,2.0,3.0,-77.0
1775635330.3345654,0.0,3.0,-79.0
1775635330.3445654,0.0,2.0,-77.0
1775635330.3545654,-1.0,-2.0,-74.0
1775635330.3645654,-2.0,0.0,-71.0
1775635330.3745654,-3.0,1.0,-68.0
1775635330.3845654,0.0,3.0,-73.0
1775635330.394565,0.0,2.0,-76.0
1775635330.404565,-2.0,-1.0,-75.0
1775635330.414565,0.0,-1.0,-76.0
1775635330.4245653,-4.0,-2.0,-73.0
1775635330.4345653,-4.0,-1.0,-72.0
1775635330.4445653,0.0,0.0,-71.0
1775635330.4545653,-1.0,1.0,-74.0
1775635330.4645653,3.0,0.0,-73.0
1775635330.4745653,3.0,-4.0,-66.0
1775635330.4845655,2.0,-4.0,-67.0
1775635330.4945655,2.0,-3.0,-68.0
1775635330.5045657,1.0,-2.0,-73.0
1775635330.5145657,3.0,-2.0,-74.0
1775635330.5245657,2.0,0.0,-74.0
1775635330.5345654,6.0,0.0,-66.0
1775635330.5445654,8.0,-1.0,-65.0
1775635330.5545654,9.0,-2.0,-73.0
1775635330.5645654,8.0,-7.0,-75.0
1775635330.5745654,3.0,-13.0,-75.0
1775635330.5845654,4.0,-9.0,-73.0
1775635330.5945654,2.0,-8.0,-71.0
1775635330.6045654,1.0,-9.0,-76.0
1775635330.6145654,1.0,-9.0,-72.0
1775635330.6245654,2.0,-8.0,-72.0
1775635330.6345654,0.0,-10.0,-75.0
1775635330.644565,-4.0,-11.0,-78.0
1775635330.654565,-2.0,-9.0,-73.0
1775635330.664565,-5.0,-10.0,-76.0
1775635330.6745653,-2.0,-7.0,-71.0
1775635330.6845653,-2.0,-9.0,-75.0
1775635330.6945653,2.0,-10.0,-76.0
1775635330.7045653,7.0,-7.0,-64.0
1775635330.7145653,7.0,-6.0,-64.0
1775635330.7245653,3.0,-5.0,-62.0
1775635330.7345655,0.0,-6.0,-61.0
1775635330.7445655,-4.0,-9.0,-64.0
1775635330.7545657,-5.0,-8.0,-70.0
1775635330.7645657,-5.0,-6.0,-70.0
1775635330.7745657,-1.0,-4.0,-68.0
1775635330.7845654,-4.0,-2.0,-68.0
1775635330.7945654,-5.0,-2.0,-65.0
1775635330.8045654,-8.0,-1.0,-71.0
1775635330.8145654,-6.0,-2.0,-67.0
1775635330.8245654,-3.0,-3.0,-68.0
1775635330.8345654,-1.0,0.0,-73.0
1775635330.8445654,-4.0,0.0,-71.0
1775635330.8545654,-6.0,1.0,-78.0
1775635330.8645654,-4.0,-2.0,-71.0
1775635330.8745654,-4.0,-2.0,-69.0
1775635330.8845654,-8.0,-3.0,-67.0
1775635330.894565,-5.0,-5.0,-69.0
1775635330.904565,-1.0,-6.0,-66.0
1775635330.914565,-2.0,-1.0,-61.0
1775635330.9245653,-3.0,0.0,-60.0
1775635330.9345653,-3.0,0.0,-63.0
1775635330.9445653,-3.0,3.0,-70.0
1775635330.9545653,-2.0,-3.0,-66.0
1775635330.9645653,-1.0,-3.0,-68.0
1775635330.9745653,-5.0,-5.0,-76.0
1775635330.9845655,-4.0,-6.0,-74.0
1775635330.9945655,-1.0,-5.0,-67.0
1775635331.0045657,-5.0,-2.0,-68.0
1775635331.0145657,-5.0,-6.0,-68.0
1775635331.0245657,-7.0,-6.0,-71.0
1775635331.0345654,-5.0,-1.0,-72.0
1775635331.0445654,0.0,-3.0,-67.0
1775635331.0545654,1.0,0.0,-68.0
1775635331.0645654,2.0,-1.0,-69.0
1775635331.0745654,2.0,1.0,-68.0
1775635331.0845654,-1.0,5.0,-68.0
1775635331.0945654,-2.0,0.0,-74.0
1775635331.1045654,0.0,-2.0,-72.0
1775635331.1145654,4.0,-5.0,-65.0
1775635331.1245654,3.0,-3.0,-64.0
1775635331.1345654,1.0,-2.0,-68.0
1775635331.144565,0.0,-2.0,-68.0
1775635331.154565,-2.0,0.0,-71.0
1775635331.164565,-2.0,0.0,-70.0
1775635331.1745653,-1.0,-2.0,-68.0
1775635331.1845653,-7.0,-2.0,-65.0
1775635331.1945653,-8.0,-3.0,-66.0
1775635331.2045653,-4.0,-3.0,-68.0
1775635331.2145653,0.0,-1.0,-72.0
1775635331.2245653,1.0,0.0,-73.0
1775635331.2345655,-3.0,1.0,-63.0
1775635331.2445655,-4.0,0.0,-62.0
1775635331.2545657,-1.0,0.0,-64.0
1775635331.2645657,-1.0,2.0,-67.0
1775635331.2745657,-1.0,2.0,-68.0
1775635331.2845654,-4.0,-4.0,-72.0
1775635331.2945654,-3.0,-5.0,-69.0
1775635331.3045654,-1.0,-6.0,-67.0
1775635331.3145654,-1.0,-3.0,-61.0
1775635331.3245654,0.0,0.0,-68.0
1775635331.3345654,0.0,-2.0,-62.0
1775635331.3445654,2.0,-5.0,-64.0
1775635331.3545654,4.0,-3.0,-62.0
1775635331.3645654,2.0,1.0,-66.0
1775635331.3745654,0.0,3.0,-67.0
1775635331.3845654,0.0,9.0,-72.0
1775635331.394565,0.0,5.0,-76.0
1775635331.404565,-2.0,1.0,-73.0
1775635331.414565,0.0,1.0,-69.0
1775635331.4255655,1.0,6.0,-63.0
1775635331.4355657,0.0,6.0,-70.0
1775635331.4455657,0.0,3.0,-75.0
1775635331.4555657,-1.0,1.0,-71.0
1775635331.4655654,1.0,-3.0,-65.0
1775635331.4755654,2.0,-7.0,-70.0
1775635331.4855654,2.0,-6.0,-70.0
1775635331.4955654,4.0,-5.0,-74.0
1775635331.5055654,1.0,-4.0,-71.0
1775635331.5155654,1.0,-3.0,-74.0
1775635331.5255654,-1.0,1.0,-73.0
1775635331.5355654,-2.0,5.0,-72.0
1775635331.5455654,-1.0,9.0,-72.0
1775635331.5555654,-2.0,6.0,-64.0
1775635331.565565,0.0,5.0,-68.0
1775635331.575565,7.0,4.0,-59.0
1775635331.585565,4.0,2.0,-57.0
1775635331.5955653,7.0,0.0,-62.0
1775635331.6055653,7.0,0.0,-56.0
1775635331.6155653,4.0,0.0,-56.0
1775635331.6255653,1.0,0.0,-66.0
1775635331.6355653,4.0,0.0,-68.0
1775635331.6455653,2.0,-2.0,-68.0
1775635331.6555655,1.0,-2.0,-63.0
1775635331.6655655,0.0,-1.0,-66.0
1775635331.6755655,-4.0,1.0,-70.0
1775635331.6855657,0.0,0.0,-72.0
1775635331.6955657,-2.0,0.0,-67.0
1775635331.7055657,-7.0,0.0,-70.0
1775635331.7155654,-4.0,2.0,-70.0
1775635331.7255654,0.0,4.0,-64.0
1775635331.7355654,-2.0,4.0,-65.0
1775635331.7455654,-3.0,4.0,-68.0
1775635331.7555654,-3.0,1.0,-67.0
1775635331.7655654,-1.0,3.0,-65.0
1775635331.7755654,-1.0,3.0,-60.0
1775635331.7855654,-4.0,1.0,-61.0
1775635331.7955654,-8.0,2.0,-71.0
1775635331.8055654,-10.0,3.0,-75.0
1775635331.815565,-8.0,4.0,-76.0
1775635331.825565,-5.0,3.0,-84.0
1775635331.835565,-4.0,1.0,-76.0
1775635331.8455653,-3.0,3.0,-79.0
1775635331.8555653,-4.0,3.0,-81.0
1775635331.8655653,-2.0,0.0,-79.0
1775635331.8755653,-5.0,0.0,-88.0
1775635331.8855653,-8.0,-3.0,-88.0
1775635331.8955653,-10.0,-4.0,-82.0
1775635331.9055655,-11.0,-2.0,-68.0
1775635331.9155655,-8.0,-1.0,-58.0
1775635331.9255655,-2.0,-2.0,-65.0
1775635331.9355657,-2.0,0.0,-71.0
1775635331.9455657,2.0,3.0,-69.0
1775635331.9555657,2.0,5.0,-67.0
1775635331.9655654,5.0,4.0,-63.0
1775635331.9755654,9.0,1.0,-65.0
1775635331.9855654,10.0,0.0,-66.0
1775635331.9955654,10.0,-2.0,-73.0
1775635332.0055654,12.0,-4.0,-73.0
1775635332.0155654,8.0,-8.0,-77.0
1775635332.0255654,8.0,-9.0,-69.0
1775635332.0355654,7.0,-7.0,-67.0
1775635332.0455654,6.0,-4.0,-75.0
1775635332.0555654,2.0,0.0,-78.0
1775635332.065565,1.0,0.0,-77.0
1775635332.075565,0.0,-4.0,-74.0
1775635332.085565,1.0,-5.0,-72.0
1775635332.0955653,4.0,-6.0,-78.0
1775635332.1055653,3.0,-6.0,-79.0
1775635332.1155653,3.0,-7.0,-73.0
1775635332.1255653,-1.0,-8.0,-68.0
1775635332.1355653,1.0,-8.0,-65.0
1775635332.1455653,4.0,-4.0,-74.0
1775635332.1555655,3.0,2.0,-70.0
1775635332.1655655,4.0,0.0,-68.0
1775635332.1755655,0.0,-4.0,-67.0
1775635332.1855657,2.0,-5.0,-67.0
1775635332.1955657,3.0,-4.0,-64.0
1775635332.2055657,3.0,-2.0,-65.0
1775635332.2155654,2.0,-2.0,-67.0
1775635332.2255654,1.0,-4.0,-65.0
1775635332.2355654,1.0,-4.0,-70.0
1775635332.2455654,3.0,0.0,-70.0
1775635332.2555654,2.0,-4.0,-64.0
1775635332.2655654,4.0,-3.0,-66.0
1775635332.2755654,6.0,-3.0,-68.0
1775635332.2855654,1.0,-2.0,-64.0
1775635332.2955654,0.0,0.0,-68.0
1775635332.3055654,0.0,1.0,-68.0
1775635332.315565,-1.0,0.0,-70.0
1775635332.325565,-2.0,1.0,-66.0
1775635332.335565,-6.0,3.0,-66.0
1775635332.3455653,-2.0,3.0,-64.0
1775635332.3555653,0.0,1.0,-66.0
1775635332.3655653,0.0,-3.0,-70.0
1775635332.3755653,4.0,-5.0,-66.0
1775635332.3855653,1.0,-1.0,-63.0
1775635332.3955653,5.0,-1.0,-64.0
1775635332.4055655,7.0,1.0,-64.0
1775635332.4155655,8.0,4.0,-67.0
1775635332.4255655,3.0,3.0,-68.0
1775635332.4355657,0.0,2.0,-60.0
1775635332.4455657,-5.0,4.0,-56.0
1775635332.4555657,-2.0,0.0,-59.0
1775635332.4655654,-2.0,-2.0,-69.0
1775635332.4755654,-3.0,-6.0,-69.0
1775635332.4855654,-4.0,-6.0,-73.0
1775635332.4955654,-3.0,-5.0,-75.0
1775635332.5055654,-2.0,-2.0,-75.0
1775635332.5155654,-3.0,1.0,-71.0
1775635332.5255654,-2.0,5.0,-70.0
1775635332.5355654,-3.0,1.0,-74.0
1775635332.5455654,-3.0,0.0,-69.0
1775635332.5555654,6.0,-2.0,-63.0
1775635332.565565,2.0,-3.0,-67.0
1775635332.575565,0.0,-1.0,-74.0
1775635332.585565,-1.0,2.0,-70.0
1775635332.5955653,-1.0,1.0,-67.0
1775635332.6055653,0.0,0.0,-66.0
1775635332.6155653,2.0,1.0,-57.0
1775635332.6255653,2.0,2.0,-53.0
1775635332.6355653,-3.0,3.0,-54.0
1775635332.6455653,-2.0,6.0,-61.0
1775635332.6555655,-3.0,6.0,-57.0
1775635332.6655655,-3.0,6.0,-53.0
1775635332.6755655,-2.0,6.0,-47.0
1775635332.6855657,0.0,4.0,-48.0
1775635332.6955657,-1.0,5.0,-56.0
1775635332.7055657,-1.0,2.0,-55.0
1775635332.7155654,2.0,-1.0,-60.0
1775635332.7255654,0.0,0.0,-60.0
1775635332.7355654,-4.0,-3.0,-61.0
1775635332.7455654,-5.0,0.0,-67.0
1775635332.7555654,-5.0,4.0,-64.0
1775635332.7655654,-6.0,5.0,-62.0
1775635332.7755654,-4.0,2.0,-58.0
1775635332.7855654,0.0,2.0,-59.0
1775635332.7955654,0.0,0.0,-55.0
1775635332.8055654,2.0,-1.0,-56.0
1775635332.815565,0.0,0.0,-56.0
1775635332.825565,1.0,1.0,-64.0
1775635332.835565,0.0,0.0,-70.0
1775635332.8455653,0.0,1.0,-69.0
1775635332.8555653,4.0,-4.0,-64.0
1775635332.8655653,2.0,0.0,-57.0
1775635332.8755653,3.0,1.0,-59.0
1775635332.8855653,1.0,0.0,-69.0
1775635332.8955653,1.0,0.0,-64.0
1775635332.9055655,0.0,1.0,-59.0
1775635332.9155655,0.0,0.0,-64.0
1775635332.9255655,0.0,-3.0,-67.0
1775635332.9355657,0.0,-5.0,-67.0
1775635332.9455657,0.0,-7.0,-54.0
1775635332.9555657,0.0,-6.0,-50.0
1775635332.9655654,0.0,-5.0,-60.0
1775635332.9755654,0.0,-6.0,-63.0
1775635332.9855654,2.0,-4.0,-66.0
1775635332.9955654,1.0,-5.0,-75.0
1775635333.0055654,2.0,-2.0,-79.0
1775635333.0155654,2.0,1.0,-77.0
1775635333.0255654,3.0,-3.0,-75.0
1775635333.0355654,5.0,0.0,-77.0
1775635333.0455654,4.0,-1.0,-78.0
1775635333.0555654,3.0,-2.0,-72.0
1775635333.065565,-2.0,0.0,-73.0
1775635333.075565,-2.0,-1.0,-67.0
1775635333.085565,-4.0,-3.0,-65.0
1775635333.0955653,-1.0,-1.0,-63.0
1775635333.1055653,-1.0,-3.0,-65.0
1775635333.1155653,1.0,-8.0,-62.0
1775635333.1255653,2.0,-6.0,-58.0
1775635333.1355653,5.0,-4.0,-58.0
1775635333.1455653,6.0,-5.0,-59.0
1775635333.1555655,2.0,-4.0,-64.0
1775635333.1655655,-3.0,-6.0,-68.0
1775635333.1755655,-3.0,-6.0,-70.0
1775635333.1855657,-4.0,-4.0,-70.0
1775635333.1955657,-6.0,-7.0,-66.0
1775635333.2055657,-4.0,-4.0,-72.0
1775635333.2155654,0.0,0.0,-68.0
1775635333.2255654,0.0,0.0,-63.0
1775635333.2355654,0.0,0.0,-62.0
1775635333.2455654,4.0,-2.0,-67.0
1775635333.2555654,6.0,-3.0,-72.0
1775635333.2655654,8.0,-2.0,-66.0
1775635333.2755654,10.0,0.0,-63.0
1775635333.2855654,9.0,1.0,-69.0
1775635333.2955654,10.0,2.0,-71.0
1775635333.3055654,4.0,0.0,-68.0
1775635333.315565,0.0,0.0,-66.0
1775635333.325565,1.0,-2.0,-72.0
1775635333.335565,2.0,-2.0,-72.0
1775635333.3455653,-1.0,-3.0,-68.0
1775635333.3555653,-4.0,-3.0,-69.0
1775635333.3655653,-8.0,-5.0,-65.0
1775635333.3755653,-8.0,-9.0,-63.0
1775635333.3855653,-9.0,-9.0,-67.0
1775635333.3955653,-7.0,-3.0,-63.0
1775635333.4055655,-8.0,-1.0,-65.0
1775635333.4155655,-10.0,2.0,-69.0
1775635333.4255655,-12.0,4.0,-71.0
1775635333.4355657,-14.0,1.0,-66.0
1775635333.4455657,-6.0,0.0,-69.0
1775635333.4555657,-3.0,1.0,-69.0
1775635333.4655654,-4.0,3.0,-68.0
1775635333.4755654,-4.0,-2.0,-60.0
1775635333.4855654,-5.0,2.0,-58.0
1775635333.4955654,-1.0,1.0,-60.0
1775635333.5055654,-2.0,-1.0,-65.0
1775635333.5155654,-3.0,0.0,-63.0
1775635333.5255654,0.0,-1.0,-64.0
1775635333.5355654,1.0,-2.0,-64.0
1775635333.5455654,2.0,0.0,-62.0
1775635333.5555654,6.0,-1.0,-58.0
1775635333.565565,3.0,0.0,-54.0
1775635333.575565,0.0,-3.0,-51.0
1775635333.585565,-3.0,-6.0,-57.0
1775635333.5955653,-3.0,-8.0,-65.0
1775635333.6055653,0.0,-8.0,-62.0
1775635333.6155653,-1.0,-7.0,-63.0
1775635333.6255653,3.0,-5.0,-64.0
1775635333.6355653,3.0,-6.0,-72.0
1775635333.6455653,-2.0,-5.0,-69.0
1775635333.6555655,0.0,-7.0,-62.0
1775635333.6655655,-2.0,-7.0,-63.0
1775635333.6755655,-4.0,-4.0,-68.0
1775635333.6855657,-6.0,0.0,-65.0
1775635333.6955657,-5.0,-2.0,-61.0
1775635333.7065654,-7.0,-2.0,-65.0
1775635333.7155654,-3.0,-2.0,-70.0
1775635333.7255654,-3.0,-2.0,-69.0
1775635333.7355654,-6.0,0.0,-65.0
1775635333.746565,-4.0,3.0,-61.0
1775635333.756565,-3.0,-1.0,-64.0
1775635333.766565,-1.0,0.0,-61.0
1775635333.7765653,-1.0,4.0,-61.0
1775635333.7865653,-2.0,3.0,-62.0
1775635333.7965653,-2.0,7.0,-64.0
1775635333.8065653,-5.0,5.0,-68.0
1775635333.8165653,-5.0,2.0,-69.0
1775635333.8265653,-4.0,4.0,-64.0
1775635333.8365655,-3.0,2.0,-61.0
1775635333.8465655,-4.0,0.0,-70.0
1775635333.8565657,1.0,-2.0,-67.0
1775635333.8665657,0.0,-4.0,-61.0
1775635333.8765657,2.0,-7.0,-60.0
1775635333.8865654,0.0,-10.0,-63.0
1775635333.8965654,1.0,-9.0,-62.0
1775635333.9065654,0.0,-5.0,-62.0
1775635333.9165654,0.0,-4.0,-75.0
1775635333.9265654,-4.0,0.0,-70.0
1775635333.9365654,-4.0,-1.0,-73.0
1775635333.9465654,-2.0,0.0,-74.0
1775635333.9565654,-3.0,1.0,-70.0
1775635333.9665654,-3.0,3.0,-70.0
1775635333.9765654,-4.0,1.0,-72.0
1775635333.9865654,-1.0,5.0,-77.0
1775635333.996565,0.0,2.0,-79.0
1775635334.006565,-2.0,2.0,-81.0
1775635334.016565,0.0,3.0,-81.0
1775635334.0265653,0.0,1.0,-76.0
1775635334.0365653,1.0,4.0,-67.0
1775635334.0465653,2.0,6.0,-71.0
1775635334.0565653,3.0,2.0,-74.0
1775635334.0665653,2.0,0.0,-72.0
1775635334.0765653,-1.0,2.0,-73.0
1775635334.0865655,-3.0,-1.0,-80.0
1775635334.0965655,1.0,3.0,-80.0
1775635334.1065657,2.0,3.0,-73.0
1775635334.1165657,0.0,0.0,-76.0
1775635334.1265657,1.0,0.0,-73.0
1775635334.1365654,0.0,-3.0,-77.0
1775635334.1465654,0.0,-1.0,-75.0
1775635334.1565654,1.0,-5.0,-71.0
1775635334.1665654,2.0,-5.0,-68.0
1775635334.1765654,5.0,-6.0,-66.0
1775635334.1865654,0.0,-7.0,-60.0
1775635334.1965654,3.0,-4.0,-59.0
1775635334.2065654,4.0,-1.0,-63.0
1775635334.2165654,-1.0,1.0,-66.0
1775635334.2265654,-1.0,1.0,-65.0
1775635334.2365654,4.0,5.0,-62.0
1775635334.246565,0.0,3.0,-70.0
1775635334.256565,0.0,0.0,-65.0
1775635334.266565,-2.0,-1.0,-60.0
1775635334.2765653,0.0,2.0,-63.0
1775635334.2865653,1.0,4.0,-67.0
1775635334.2965653,0.0,3.0,-61.0
1775635334.3065653,1.0,0.0,-66.0
1775635334.3165653,0.0,-3.0,-65.0
1775635334.3265653,-2.0,-1.0,-72.0
1775635334.3365655,-1.0,3.0,-67.0
1775635334.3465655,2.0,3.0,-63.0
1775635334.3565657,0.0,1.0,-56.0
1775635334.3665657,0.0,5.0,-54.0
1775635334.3765657,1.0,5.0,-48.0
1775635334.3865654,2.0,1.0,-49.0
1775635334.3965654,2.0,4.0,-54.0
1775635334.4065654,-2.0,3.0,-54.0
1775635334.4165654,0.0,6.0,-58.0
1775635334.4265654,-6.0,5.0,-61.0
1775635334.4365654,-3.0,4.0,-61.0
1775635334.4465654,-5.0,2.0,-59.0
1775635334.4565654,-1.0,3.0,-63.0
1775635334.4665654,3.0,3.0,-63.0
1775635334.4765654,6.0,0.0,-64.0
1775635334.4865654,7.0,-5.0,-66.0
1775635334.4975653,5.0,-7.0,-71.0
1775635334.506565,4.0,-8.0,-71.0
1775635334.516565,0.0,-10.0,-75.0
1775635334.5265653,2.0,-11.0,-67.0
1775635334.5365653,5.0,-10.0,-62.0
1775635334.5465653,6.0,-3.0,-57.0
1775635334.5565653,6.0,0.0,-62.0
1775635334.5665653,7.0,-1.0,-71.0
1775635334.5765653,2.0,1.0,-70.0
1775635334.5865655,4.0,1.0,-67.0
1775635334.5965655,6.0,3.0,-67.0
1775635334.6065657,3.0,2.0,-66.0
1775635334.6165657,4.0,2.0,-66.0
1775635334.6265657,4.0,0.0,-60.0
1775635334.6365654,0.0,-2.0,-64.0
1775635334.6465654,1.0,1.0,-66.0
1775635334.6565654,3.0,5.0,-62.0
1775635334.6665654,2.0,4.0,-61.0
1775635334.6765654,-3.0,0.0,-61.0
1775635334.6865654,-2.0,1.0,-60.0
1775635334.6965654,-2.0,-2.0,-57.0
1775635334.7065654,-3.0,-5.0,-64.0
1775635334.7165654,-3.0,-5.0,-64.0
1775635334.7265654,0.0,-1.0,-64.0
1775635334.7365654,0.0,-3.0,-64.0
1775635334.746565,-3.0,-4.0,-70.0
1775635334.756565,-3.0,-1.0,-73.0
1775635334.766565,0.0,2.0,-67.0
1775635334.7765653,0.0,6.0,-65.0
1775635334.7865653,-3.0,4.0,-63.0
1775635334.7965653,-1.0,5.0,-65.0
1775635334.8065653,1.0,3.0,-68.0
1775635334.8165653,2.0,0.0,-66.0
1775635334.8265653,0.0,-2.0,-67.0
1775635334.8365655,0.0,0.0,-65.0
1775635334.8465655,0.0,1.0,-65.0
1775635334.8565657,-2.0,3.0,-67.0
1775635334.8665657,0.0,2.0,-67.0
1775635334.8765657,-2.0,0.0,-66.0
1775635334.8865654,-2.0,2.0,-68.0
1775635334.8965654,0.0,0.0,-68.0
1775635334.9065654,1.0,0.0,-64.0
1775635334.9165654,2.0,1.0,-70.0
1775635334.9265654,-1.0,5.0,-73.0
1775635334.9365654,-1.0,4.0,-76.0
1775635334.9465654,-3.0,3.0,-69.0
1775635334.9565654,0.0,0.0,-71.0
1775635334.9665654,1.0,0.0,-71.0
1775635334.9765654,-2.0,1.0,-71.0
1775635334.9865654,-3.0,0.0,-77.0
1775635334.996565,0.0,-5.0,-73.0
1775635335.006565,0.0,-8.0,-69.0
1775635335.016565,-8.0,-6.0,-69.0
1775635335.0265653,-2.0,-2.0,-72.0
1775635335.0365653,-2.0,-1.0,-63.0
1775635335.0465653,-3.0,0.0,-63.0
1775635335.0565653,1.0,3.0,-65.0
1775635335.0665653,1.0,3.0,-64.0
1775635335.0765653,-4.0,0.0,-68.0
1775635335.0865655,-4.0,-6.0,-65.0
1775635335.0965655,-2.0,-2.0,-62.0
1775635335.1065657,-1.0,0.0,-64.0
1775635335.1165657,-1.0,-1.0,-62.0
1775635335.1265657,-1.0,0.0,-60.0
1775635335.1365654,0.0,2.0,-57.0
1775635335.1465654,0.0,7.0,-53.0
1775635335.1565654,-1.0,3.0,-64.0
1775635335.1665654,-3.0,6.0,-67.0
1775635335.1765654,-2.0,2.0,-72.0
1775635335.1865654,-3.0,0.0,-64.0
1775635335.1965654,-3.0,3.0,-62.0
1775635335.2065654,-4.0,2.0,-56.0
1775635335.2165654,-3.0,-2.0,-61.0
1775635335.2265654,-10.0,-2.0,-66.0
1775635335.2365654,-5.0,-1.0,-66.0
1775635335.246565,-5.0,0.0,-67.0
1775635335.256565,-2.0,-1.0,-73.0
1775635335.266565,0.0,-2.0,-72.0
1775635335.2765653,0.0,-4.0,-65.0
1775635335.2865653,-1.0,-4.0,-62.0
1775635335.2965653,-1.0,-3.0,-67.0
1775635335.3065653,1.0,-2.0,-74.0
1775635335.3165653,0.0,-1.0,-71.0
1775635335.3265653,-5.0,-1.0,-72.0
1775635335.3365655,-10.0,0.0,-69.0
1775635335.3465655,-7.0,0.0,-61.0
1775635335.3565657,-4.0,-1.0,-65.0
1775635335.3665657,-6.0,1.0,-71.0
1775635335.3765657,-1.0,4.0,-74.0
1775635335.3865654,1.0,3.0,-71.0
1775635335.3965654,3.0,2.0,-69.0
1775635335.4065654,6.0,4.0,-68.0
1775635335.4165654,2.0,1.0,-65.0
1775635335.4265654,5.0,0.0,-63.0
1775635335.4365654,0.0,1.0,-62.0
1775635335.4465654,0.0,0.0,-60.0
1775635335.4565654,-3.0,-1.0,-62.0
1775635335.4665654,-1.0,1.0,-61.0
1775635335.4765654,-3.0,0.0,-59.0
1775635335.4865654,-1.0,1.0,-60.0
1775635335.496565,-4.0,-2.0,-62.0
1775635335.506565,-2.0,0.0,-72.0
1775635335.516565,-5.0,2.0,-72.0
1775635335.5265653,-9.0,5.0,-68.0
1775635335.5365653,-9.0,2.0,-71.0
1775635335.5465653,-7.0,0.0,-72.0
1775635335.5565653,-1.0,1.0,-75.0
1775635335.5665653,-3.0,0.0,-68.0
1775635335.5765653,3.0,-2.0,-75.0
1775635335.5865655,9.0,-2.0,-72.0
1775635335.5965655,8.0,-6.0,-71.0
1775635335.6065657,4.0,-4.0,-68.0
1775635335.6165657,2.0,-3.0,-58.0
1775635335.6265657,2.0,-3.0,-58.0
1775635335.6365654,4.0,-3.0,-63.0
1775635335.6465654,7.0,-1.0,-71.0
1775635335.6565654,-2.0,0.0,-72.0
1775635335.6665654,-2.0,4.0,-71.0
1775635335.6765654,0.0,4.0,-77.0
1775635335.6865654,0.0,4.0,-75.0
1775635335.6965654,0.0,5.0,-70.0
1775635335.7065654,1.0,5.0,-67.0
1775635335.7165654,1.0,2.0,-73.0
1775635335.7265654,0.0,2.0,-75.0
1775635335.7365654,0.0,6.0,-78.0
1775635335.746565,0.0,3.0,-84.0
1775635335.756565,0.0,0.0,-85.0
1775635335.766565,2.0,-1.0,-82.0
1775635335.7765653,9.0,-3.0,-75.0
1775635335.7865653,6.0,-2.0,-71.0
1775635335.7965653,-2.0,-5.0,-71.0
1775635335.8065653,-7.0,-8.0,-65.0
1775635335.8165653,-11.0,-7.0,-62.0
1775635335.8265653,-7.0,-3.0,-62.0
1775635335.8365655,-7.0,-3.0,-58.0
1775635335.8465655,-5.0,2.0,-66.0
1775635335.8565657,1.0,3.0,-63.0
1775635335.8665657,0.0,-1.0,-60.0
1775635335.8765657,0.0,-5.0,-66.0
1775635335.8865654,4.0,-7.0,-69.0
1775635335.8965654,1.0,-4.0,-70.0
1775635335.9065654,-1.0,-4.0,-70.0
1775635335.9165654,-1.0,-8.0,-70.0
1775635335.9265654,-3.0,-6.0,-70.0
1775635335.9365654,-4.0,-2.0,-70.0
1775635335.9465654,-1.0,2.0,-63.0
1775635335.9565654,-1.0,4.0,-66.0
1775635335.9665654,-5.0,5.0,-65.0
1775635335.9765654,-4.0,2.0,-65.0
1775635335.9865654,-2.0,2.0,-68.0
1775635335.996565,1.0,2.0,-69.0
1775635336.006565,0.0,1.0,-64.0
1775635336.016565,1.0,0.0,-64.0
1775635336.0265653,0.0,0.0,-62.0
1775635336.0365653,-4.0,-3.0,-62.0
1775635336.0475657,-3.0,-3.0,-62.0
1775635336.0575657,-4.0,-1.0,-65.0
1775635336.0665653,-5.0,-1.0,-65.0
1775635336.0765653,-4.0,1.0,-68.0
1775635336.0875654,-2.0,1.0,-67.0
1775635336.0975654,-3.0,2.0,-68.0
1775635336.1075654,-6.0,3.0,-66.0
1775635336.1175654,-1.0,5.0,-62.0
1775635336.1275654,-2.0,7.0,-67.0
1775635336.1375654,-3.0,8.0,-70.0
1775635336.1475654,0.0,6.0,-72.0
1775635336.1575654,-1.0,7.0,-64.0
1775635336.167565,-1.0,4.0,-61.0
1775635336.177565,-1.0,3.0,-62.0
1775635336.187565,-3.0,1.0,-68.0
1775635336.1975653,3.0,-3.0,-73.0
1775635336.2075653,-1.0,-7.0,-74.0
1775635336.2175653,-9.0,-7.0,-73.0
1775635336.2275653,-11.0,-8.0,-66.0
1775635336.2375653,-9.0,-9.0,-63.0
1775635336.2475653,-6.0,-7.0,-64.0
1775635336.2575655,-2.0,-9.0,-66.0
1775635336.2675655,0.0,-9.0,-69.0
1775635336.2775657,-1.0,-6.0,-73.0
1775635336.2875657,-2.0,-3.0,-74.0
1775635336.2975657,-4.0,-2.0,-77.0
1775635336.3075657,-3.0,-3.0,-76.0
1775635336.3175654,-2.0,-6.0,-75.0
1775635336.3275654,0.0,-5.0,-67.0
1775635336.3375654,0.0,-8.0,-62.0
1775635336.3475654,4.0,-9.0,-57.0
1775635336.3575654,3.0,-9.0,-55.0
1775635336.3675654,2.0,-5.0,-54.0
1775635336.3775654,6.0,-5.0,-52.0
1775635336.3875654,0.0,-2.0,-62.0
1775635336.3975654,0.0,0.0,-62.0
1775635336.4075654,-1.0,0.0,-59.0
1775635336.417565,-2.0,-1.0,-57.0
1775635336.427565,1.0,0.0,-53.0
1775635336.437565,-3.0,3.0,-56.0
1775635336.4475653,-3.0,2.0,-64.0
1775635336.4575653,-3.0,-2.0,-69.0
1775635336.4675653,-2.0,-4.0,-73.0
1775635336.4775653,-5.0,-5.0,-73.0
1775635336.4875653,-6.0,-5.0,-69.0
1775635336.4975653,-7.0,-2.0,-72.0
1775635336.5075655,-6.0,-2.0,-69.0
1775635336.5175655,-6.0,-7.0,-67.0
1775635336.5275657,-3.0,-7.0,-70.0
1775635336.5375657,-4.0,-6.0,-70.0
1775635336.5475657,-3.0,-5.0,-70.0
1775635336.5575657,-5.0,-1.0,-67.0
1775635336.5675654,-7.0,0.0,-73.0
1775635336.5775654,-1.0,3.0,-72.0
1775635336.5875654,0.0,3.0,-75.0
1775635336.5975654,-1.0,1.0,-77.0
1775635336.6075654,-1.0,0.0,-71.0
1775635336.6175654,-2.0,0.0,-66.0
1775635336.6275654,2.0,-2.0,-60.0
1775635336.6375654,-1.0,-4.0,-63.0
1775635336.6475654,1.0,-6.0,-68.0
1775635336.6575654,-3.0,-6.0,-65.0
1775635336.667565,-5.0,-8.0,-70.0
1775635336.677565,-2.0,-4.0,-70.0
1775635336.687565,0.0,0.0,-75.0
1775635336.6975653,3.0,1.0,-74.0
1775635336.7075653,3.0,0.0,-76.0
1775635336.7175653,1.0,0.0,-70.0
1775635336.7275653,0.0,-6.0,-74.0
1775635336.7375653,-3.0,-4.0,-66.0
1775635336.7475653,-3.0,2.0,-65.0
1775635336.7575655,-2.0,0.0,-65.0
1775635336.7675655,-1.0,3.0,-64.0
1775635336.7775657,0.0,5.0,-62.0
1775635336.7875657,-4.0,3.0,-62.0
1775635336.7975657,-6.0,3.0,-59.0
1775635336.8075657,-8.0,4.0,-66.0
1775635336.8175654,-9.0,-1.0,-70.0
1775635336.8275654,-8.0,-5.0,-65.0
1775635336.8375654,-1.0,-4.0,-66.0
1775635336.8475654,-2.0,-3.0,-62.0
1775635336.8575654,1.0,-4.0,-62.0
1775635336.8675654,0.0,0.0,-61.0
1775635336.8775654,-1.0,0.0,-58.0
1775635336.8875654,-2.0,0.0,-58.0
1775635336.8975654,-1.0,1.0,-58.0
1775635336.9075654,-1.0,4.0,-63.0
1775635336.917565,3.0,6.0,-63.0
1775635336.927565,3.0,7.0,-65.0
1775635336.937565,3.0,6.0,-66.0
1775635336.9475653,2.0,7.0,-72.0
1775635336.9575653,-3.0,4.0,-71.0
1775635336.9675653,-2.0,0.0,-66.0
1775635336.9775653,0.0,-2.0,-65.0
1775635336.9875653,1.0,-6.0,-66.0
1775635336.9975653,-2.0,-2.0,-65.0
1775635337.0075655,-1.0,0.0,-64.0
1775635337.0175655,-4.0,-3.0,-68.0
1775635337.0275657,-4.0,-5.0,-64.0
1775635337.0375657,2.0,-4.0,-70.0
1775635337.0475657,-2.0,-4.0,-64.0
1775635337.0575657,1.0,-3.0,-66.0
1775635337.0675654,2.0,-2.0,-78.0
1775635337.0775654,1.0,0.0,-78.0
1775635337.0875654,3.0,0.0,-71.0
1775635337.0975654,3.0,3.0,-74.0
1775635337.1075654,-2.0,3.0,-76.0
1775635337.1175654,1.0,0.0,-78.0
1775635337.1275654,-4.0,0.0,-72.0
1775635337.1375654,-2.0,3.0,-67.0
1775635337.1475654,-3.0,4.0,-70.0
1775635337.1575654,-1.0,0.0,-65.0
1775635337.167565,0.0,0.0,-64.0
1775635337.177565,-3.0,1.0,-67.0
1775635337.187565,-6.0,4.0,-70.0
1775635337.1975653,-4.0,2.0,-76.0
1775635337.2075653,0.0,1.0,-72.0
1775635337.2175653,-2.0,-2.0,-73.0
1775635337.2275653,0.0,-1.0,-74.0
1775635337.2375653,6.0,-3.0,-68.0
1775635337.2475653,1.0,-3.0,-66.0
1775635337.2575655,-1.0,-1.0,-67.0
1775635337.2675655,0.0,1.0,-66.0
1775635337.2775657,2.0,3.0,-73.0
1775635337.2875657,0.0,5.0,-68.0
1775635337.2975657,2.0,3.0,-68.0
1775635337.3075657,0.0,2.0,-65.0
1775635337.3175654,3.0,0.0,-66.0
1775635337.3275654,1.0,1.0,-68.0
1775635337.3375654,6.0,0.0,-66.0
1775635337.3475654,8.0,-2.0,-66.0
1775635337.3575654,8.0,-3.0,-69.0
1775635337.3675654,6.0,-3.0,-78.0
1775635337.3775654,6.0,-5.0,-72.0
1775635337.3875654,2.0,-8.0,-74.0
1775635337.3975654,0.0,-7.0,-69.0
1775635337.4075654,2.0,-7.0,-61.0
1775635337.417565,-2.0,-5.0,-65.0
1775635337.427565,-4.0,-3.0,-69.0
1775635337.437565,-2.0,-1.0,-72.0
1775635337.4475653,-4.0,1.0,-70.0
1775635337.4575653,-1.0,4.0,-72.0
1775635337.4675653,-1.0,6.0,-71.0
1775635337.4775653,-2.0,5.0,-76.0
1775635337.4875653,-2.0,1.0,-78.0
1775635337.4975653,-4.0,0.0,-77.0
1775635337.5075655,-2.0,2.0,-71.0
1775635337.5175655,-5.0,0.0,-64.0
1775635337.5275657,-5.0,-6.0,-65.0
1775635337.5375657,0.0,-7.0,-68.0
1775635337.5475657,7.0,-8.0,-67.0
1775635337.5575657,9.0,-6.0,-64.0
1775635337.5675654,6.0,-2.0,-59.0
1775635337.5775654,3.0,3.0,-58.0
1775635337.5875654,3.0,1.0,-61.0
1775635337.5975654,1.0,0.0,-69.0
1775635337.6075654,3.0,1.0,-68.0
1775635337.6175654,-1.0,0.0,-64.0
1775635337.6275654,0.0,1.0,-57.0
1775635337.6375654,0.0,0.0,-56.0
1775635337.6475654,0.0,-1.0,-62.0
1775635337.6575654,-3.0,4.0,-63.0
1775635337.667565,-3.0,2.0,-54.0
1775635337.677565,-1.0,1.0,-46.0
1775635337.687565,1.0,0.0,-49.0
1775635337.6975653,0.0,-1.0,-53.0
1775635337.7075653,-3.0,0.0,-54.0
1775635337.7175653,-4.0,0.0,-58.0
1775635337.7275653,-5.0,-2.0,-62.0
1775635337.7375653,-2.0,1.0,-66.0
1775635337.7475653,1.0,5.0,-66.0
1775635337.7575655,1.0,5.0,-70.0
1775635337.7675655,1.0,4.0,-67.0
1775635337.7775657,0.0,4.0,-62.0
1775635337.7875657,1.0,3.0,-63.0
1775635337.7975657,0.0,1.0,-62.0
1775635337.8075657,-2.0,4.0,-60.0
1775635337.8175654,-4.0,3.0,-58.0
1775635337.8275654,-2.0,0.0,-60.0
1775635337.8375654,-4.0,-3.0,-60.0
1775635337.8475654,-2.0,-4.0,-60.0
1775635337.8575654,-6.0,-4.0,-62.0
1775635337.8675654,-2.0,-3.0,-62.0
1775635337.8775654,-5.0,-4.0,-59.0
1775635337.8875654,-5.0,-5.0,-67.0
1775635337.8975654,-4.0,-3.0,-74.0
1775635337.9075654,0.0,-4.0,-70.0
1775635337.917565,2.0,-1.0,-64.0
1775635337.927565,1.0,-1.0,-65.0
1775635337.937565,0.0,-3.0,-68.0
1775635337.9475653,0.0,-7.0,-68.0
1775635337.9575653,-1.0,0.0,-70.0
1775635337.9675653,-2.0,2.0,-74.0
1775635337.9775653,-1.0,1.0,-76.0
1775635337.9875653,-2.0,0.0,-76.0
1775635337.9975653,-4.0,4.0,-74.0
1775635338.0075655,-3.0,2.0,-69.0
1775635338.0175655,-1.0,3.0,-75.0
1775635338.0275657,0.0,2.0,-71.0
1775635338.0375657,1.0,0.0,-71.0
1775635338.0475657,2.0,-1.0,-66.0
1775635338.0575657,1.0,-3.0,-66.0
1775635338.0675654,1.0,0.0,-67.0
1775635338.0775654,-2.0,-1.0,-61.0
1775635338.0875654,-7.0,2.0,-60.0
1775635338.0975654,-8.0,2.0,-68.0
1775635338.1075654,-1.0,1.0,-64.0
1775635338.1175654,0.0,1.0,-53.0
1775635338.1275654,0.0,-4.0,-57.0
1775635338.1375654,-1.0,-2.0,-60.0
1775635338.1475654,-1.0,-2.0,-67.0
1775635338.1575654,0.0,0.0,-62.0
1775635338.167565,0.0,3.0,-68.0
1775635338.177565,-1.0,0.0,-72.0
1775635338.187565,-4.0,-3.0,-71.0
1775635338.1975653,-2.0,-3.0,-73.0
1775635338.2075653,0.0,-3.0,-70.0
1775635338.2175653,0.0,-2.0,-63.0
1775635338.2275653,0.0,-1.0,-70.0
1775635338.2375653,0.0,-3.0,-66.0
1775635338.2475653,0.0,-1.0,-63.0
1775635338.2575655,-1.0,2.0,-69.0
1775635338.2675655,-4.0,1.0,-70.0
1775635338.2775657,-4.0,-3.0,-73.0
1775635338.2875657,2.0,-8.0,-67.0
1775635338.2975657,5.0,-5.0,-66.0
1775635338.3075657,2.0,-3.0,-68.0
1775635338.3175654,3.0,-4.0,-73.0
1775635338.3275654,4.0,-2.0,-79.0
1775635338.3375654,2.0,5.0,-81.0
1775635338.3475654,5.0,4.0,-76.0
1775635338.3575654,3.0,6.0,-70.0
1775635338.3675654,-3.0,5.0,-72.0
1775635338.3775654,-1.0,2.0,-77.0
1775635338.3875654,2.0,4.0,-76.0
1775635338.3985653,2.0,3.0,-79.0
1775635338.4085653,1.0,3.0,-71.0
1775635338.4185653,-1.0,-1.0,-71.0
1775635338.4285655,-4.0,-2.0,-75.0
1775635338.4385655,-4.0,-2.0,-77.0
1775635338.4485655,-1.0,4.0,-73.0
1775635338.4585657,0.0,5.0,-74.0
1775635338.4685657,0.0,1.0,-68.0
1775635338.4785657,-3.0,3.0,-70.0
1775635338.4885654,-6.0,2.0,-63.0
1775635338.4985654,-6.0,7.0,-64.0
1775635338.5085654,-7.0,6.0,-65.0
1775635338.5185654,-4.0,4.0,-63.0
1775635338.5285654,0.0,4.0,-60.0
1775635338.5385654,3.0,0.0,-57.0
1775635338.5485654,2.0,0.0,-63.0
1775635338.5585654,1.0,-1.0,-68.0
1775635338.5685654,0.0,1.0,-73.0
1775635338.5785654,0.0,0.0,-74.0
1775635338.588565,-1.0,3.0,-65.0
1775635338.598565,-2.0,2.0,-71.0
1775635338.608565,-3.0,1.0,-68.0
1775635338.618565,0.0,2.0,-68.0
1775635338.6285653,0.0,3.0,-69.0
1775635338.6385653,1.0,1.0,-67.0
1775635338.6485653,0.0,1.0,-65.0
1775635338.6585653,2.0,5.0,-58.0
1775635338.6685653,5.0,3.0,-57.0
1775635338.6785655,3.0,1.0,-58.0
1775635338.6885655,3.0,-1.0,-53.0
1775635338.6985655,5.0,-5.0,-56.0
1775635338.7085657,2.0,-4.0,-60.0
1775635338.7185657,-6.0,1.0,-55.0
1775635338.7285657,-6.0,0.0,-56.0
1775635338.7385654,-5.0,-1.0,-56.0
1775635338.7485654,0.0,0.0,-60.0
1775635338.7585654,-1.0,-3.0,-65.0
1775635338.7685654,-3.0,-3.0,-63.0
1775635338.7785654,-2.0,-2.0,-63.0
1775635338.7885654,-3.0,-1.0,-69.0
1775635338.7985654,-1.0,0.0,-75.0
1775635338.8085654,1.0,-1.0,-70.0
1775635338.8185654,2.0,0.0,-72.0
1775635338.8285654,0.0,-2.0,-77.0
1775635338.838565,2.0,-6.0,-78.0
1775635338.848565,0.0,-3.0,-74.0
1775635338.858565,0.0,1.0,-76.0
1775635338.868565,-3.0,1.0,-75.0
1775635338.8785653,-5.0,0.0,-71.0
1775635338.8885653,-6.0,-7.0,-77.0
1775635338.8985653,-7.0,-8.0,-75.0
1775635338.9085653,-4.0,-8.0,-71.0
1775635338.9185653,-2.0,-6.0,-64.0
1775635338.9285655,-5.0,-10.0,-69.0
1775635338.9385655,-4.0,-8.0,-69.0
1775635338.9485655,-6.0,-4.0,-69.0
1775635338.9585657,-6.0,2.0,-74.0
1775635338.9685657,-1.0,2.0,-76.0
1775635338.9785657,-3.0,2.0,-77.0
1775635338.9885654,-3.0,5.0,-73.0
1775635338.9985654,-5.0,3.0,-63.0
1775635339.0085654,-7.0,2.0,-65.0
1775635339.0185654,-6.0,3.0,-60.0
1775635339.0285654,-6.0,1.0,-73.0
1775635339.0385654,0.0,0.0,-77.0
1775635339.0485654,0.0,0.0,-77.0
1775635339.0585654,2.0,3.0,-75.0
1775635339.0685654,0.0,0.0,-77.0
1775635339.0785654,-2.0,3.0,-78.0
1775635339.088565,-4.0,5.0,-78.0
1775635339.098565,0.0,5.0,-66.0
1775635339.108565,2.0,2.0,-65.0
1775635339.118565,2.0,2.0,-65.0
1775635339.1285653,-1.0,4.0,-67.0
1775635339.1385653,0.0,0.0,-70.0
1775635339.1485653,2.0,-2.0,-69.0
1775635339.1585653,0.0,-3.0,-70.0
1775635339.1685653,-1.0,-2.0,-67.0
1775635339.1785655,-2.0,-4.0,-66.0
1775635339.1885655,2.0,-3.0,-68.0
1775635339.1985655,0.0,-2.0,-68.0
1775635339.2085657,1.0,1.0,-71.0
1775635339.2185657,1.0,1.0,-73.0
1775635339.2285657,5.0,2.0,-70.0
1775635339.2385654,3.0,2.0,-76.0
1775635339.2485654,5.0,1.0,-77.0
1775635339.2585654,3.0,3.0,-72.0
1775635339.2685654,0.0,0.0,-64.0
1775635339.2785654,5.0,1.0,-70.0
1775635339.2885654,6.0,-2.0,-74.0
1775635339.2985654,5.0,-1.0,-73.0
1775635339.3085654,1.0,-2.0,-68.0
1775635339.3185654,-3.0,-2.0,-77.0
1775635339.3285654,-1.0,-3.0,-81.0
1775635339.338565,-5.0,-6.0,-79.0
1775635339.348565,-4.0,-6.0,-80.0
1775635339.358565,-2.0,-5.0,-80.0
1775635339.368565,-3.0,-3.0,-77.0
1775635339.3785653,-6.0,-3.0,-78.0
1775635339.3885653,-4.0,-4.0,-80.0
1775635339.3985653,-5.0,-3.0,-73.0
1775635339.4085653,-6.0,-2.0,-66.0
1775635339.4185653,-9.0,-7.0,-60.0
1775635339.4285655,-8.0,-6.0,-57.0
1775635339.4385655,-6.0,-7.0,-63.0
1775635339.4485655,-4.0,-4.0,-64.0
1775635339.4585657,-11.0,-6.0,-67.0
1775635339.4685657,-12.0,-10.0,-67.0
1775635339.4785657,-12.0,-8.0,-69.0
1775635339.4885654,-9.0,-11.0,-78.0
1775635339.4985654,-10.0,-8.0,-78.0
1775635339.5085654,-5.0,-8.0,-79.0
1775635339.5185654,-6.0,-6.0,-74.0
1775635339.5285654,-8.0,-5.0,-75.0
1775635339.5385654,-6.0,-2.0,-76.0
1775635339.5485654,1.0,-4.0,-71.0
1775635339.5585654,0.0,-2.0,-65.0
1775635339.5685654,0.0,-1.0,-66.0
1775635339.5785654,-3.0,0.0,-66.0
1775635339.588565,-5.0,2.0,-67.0
1775635339.598565,-7.0,0.0,-67.0
1775635339.608565,-8.0,0.0,-69.0
1775635339.618565,-7.0,0.0,-71.0
1775635339.6285653,-5.0,-3.0,-67.0
1775635339.6385653,-1.0,0.0,-62.0
1775635339.6485653,1.0,1.0,-70.0
1775635339.6585653,3.0,-2.0,-70.0
1775635339.6685653,4.0,-1.0,-73.0
1775635339.6785655,9.0,1.0,-71.0
1775635339.6885655,9.0,1.0,-65.0
1775635339.6985655,8.0,3.0,-63.0
1775635339.7085657,7.0,6.0,-61.0
1775635339.7185657,3.0,2.0,-56.0
1775635339.7285657,-2.0,1.0,-60.0
1775635339.7385654,-6.0,-1.0,-67.0
1775635339.7485654,-9.0,-1.0,-71.0
1775635339.7585654,-7.0,0.0,-72.0
1775635339.7685654,-5.0,0.0,-73.0
1775635339.7785654,-6.0,-5.0,-72.0
1775635339.7885654,-8.0,-6.0,-71.0
1775635339.7985654,-5.0,-5.0,-74.0
1775635339.8085654,0.0,0.0,-84.0
1775635339.8185654,4.0,2.0,-88.0
1775635339.8285654,0.0,0.0,-85.0
1775635339.838565,0.0,-1.0,-83.0
1775635339.848565,-3.0,0.0,-76.0
1775635339.858565,-4.0,-2.0,-78.0
1775635339.868565,-2.0,-3.0,-78.0
1775635339.8785653,0.0,-1.0,-80.0
1775635339.8885653,2.0,-1.0,-80.0
1775635339.8985653,1.0,-3.0,-76.0
1775635339.9085653,0.0,-6.0,-78.0
1775635339.9185653,1.0,-9.0,-80.0
1775635339.9285655,0.0,-6.0,-72.0
1775635339.9385655,3.0,-3.0,-72.0
1775635339.9485655,0.0,-7.0,-65.0
1775635339.9585657,-1.0,-2.0,-63.0
1775635339.9685657,-4.0,-6.0,-71.0
1775635339.9785657,-5.0,-7.0,-72.0
1775635339.9885654,-1.0,-1.0,-68.0
1775635339.9985654,-2.0,0.0,-73.0
1775635340.0085654,-4.0,-5.0,-72.0
1775635340.0185654,-3.0,-1.0,-76.0
1775635340.0285654,-8.0,0.0,-73.0
1775635340.0385654,-10.0,0.0,-75.0
1775635340.0485654,-9.0,2.0,-67.0
1775635340.0585654,-10.0,3.0,-65.0
1775635340.0685654,-4.0,-3.0,-61.0
1775635340.0785654,-2.0,-2.0,-59.0
1775635340.088565,-1.0,-2.0,-59.0
1775635340.098565,-5.0,0.0,-59.0
1775635340.108565,-2.0,1.0,-66.0
1775635340.118565,-1.0,0.0,-65.0
1775635340.1285653,-2.0,0.0,-71.0
1775635340.1385653,0.0,-2.0,-73.0
1775635340.1485653,1.0,0.0,-75.0
1775635340.1585653,0.0,-1.0,-74.0
1775635340.1685653,-4.0,-1.0,-65.0
1775635340.1785655,0.0,-2.0,-65.0
1775635340.1885655,-2.0,1.0,-61.0
1775635340.1985655,-3.0,3.0,-67.0
1775635340.2085657,-3.0,3.0,-67.0
1775635340.2185657,0.0,0.0,-73.0
1775635340.2285657,3.0,-2.0,-74.0
1775635340.2385654,1.0,-1.0,-76.0
1775635340.2485654,1.0,-2.0,-81.0
1775635340.2585654,6.0,-5.0,-76.0
1775635340.2685654,-1.0,-6.0,-66.0
1775635340.2785654,0.0,-9.0,-68.0
1775635340.2885654,-1.0,-8.0,-63.0
1775635340.2985654,1.0,-9.0,-66.0
1775635340.3085654,8.0,-10.0,-67.0
1775635340.3185654,0.0,-7.0,-64.0
1775635340.3285654,0.0,-4.0,-63.0
1775635340.338565,1.0,-2.0,-61.0
1775635340.348565,-4.0,0.0,-63.0
1775635340.358565,-5.0,-2.0,-63.0
1775635340.368565,0.0,0.0,-62.0
1775635340.3785653,-4.0,2.0,-61.0
1775635340.3885653,0.0,2.0,-63.0
1775635340.3985653,-3.0,1.0,-62.0
1775635340.4085653,-2.0,3.0,-61.0
1775635340.4185653,4.0,2.0,-64.0
1775635340.4285655,7.0,2.0,-64.0
1775635340.4385655,3.0,2.0,-59.0
1775635340.4485655,2.0,2.0,-62.0
1775635340.4585657,5.0,0.0,-63.0
1775635340.4685657,2.0,6.0,-63.0
1775635340.4785657,4.0,7.0,-62.0
1775635340.4885654,4.0,2.0,-63.0
1775635340.4985654,2.0,3.0,-58.0
1775635340.5085654,3.0,1.0,-57.0
1775635340.5185654,7.0,4.0,-57.0
1775635340.5285654,6.0,-1.0,-57.0
1775635340.5385654,2.0,0.0,-57.0
1775635340.5485654,5.0,0.0,-52.0
1775635340.5585654,6.0,-1.0,-56.0
1775635340.5685654,0.0,-1.0,-61.0
1775635340.5785654,0.0,1.0,-64.0
1775635340.588565,-2.0,1.0,-63.0
1775635340.598565,-7.0,0.0,-56.0
1775635340.608565,-2.0,0.0,-60.0
1775635340.618565,-5.0,-1.0,-65.0
1775635340.6285653,-3.0,-2.0,-60.0
1775635340.6385653,0.0,-3.0,-58.0
1775635340.6485653,0.0,-2.0,-58.0
1775635340.6585653,1.0,-2.0,-61.0
1775635340.6685653,3.0,0.0,-62.0
1775635340.6785655,4.0,3.0,-65.0
1775635340.6885655,2.0,0.0,-66.0
1775635340.6985655,8.0,1.0,-65.0
1775635340.7085657,12.0,3.0,-67.0
1775635340.7185657,12.0,4.0,-62.0
1775635340.7295654,9.0,7.0,-65.0
1775635340.7395654,6.0,4.0,-64.0
1775635340.7495654,4.0,6.0,-60.0
1775635340.7595654,5.0,8.0,-59.0
1775635340.769565,4.0,8.0,-62.0
1775635340.779565,6.0,7.0,-68.0
1775635340.789565,7.0,4.0,-72.0
1775635340.7995653,5.0,1.0,-65.0
1775635340.8095653,0.0,0.0,-63.0
1775635340.8195653,2.0,4.0,-64.0
1775635340.8295653,1.0,0.0,-64.0
1775635340.8395653,2.0,3.0,-65.0
1775635340.8495653,3.0,-5.0,-67.0
1775635340.8595655,0.0,-5.0,-65.0
1775635340.8695655,0.0,-5.0,-67.0
1775635340.8795657,-2.0,-5.0,-57.0
1775635340.8895657,4.0,-4.0,-59.0
1775635340.8995657,3.0,-1.0,-62.0
1775635340.9095654,0.0,-4.0,-68.0
1775635340.9195654,2.0,-3.0,-67.0
1775635340.9295654,0.0,-3.0,-64.0
1775635340.9395654,0.0,-4.0,-66.0
1775635340.9495654,1.0,-4.0,-64.0
1775635340.9595654,7.0,-4.0,-67.0
1775635340.9695654,11.0,-3.0,-69.0
1775635340.9795654,9.0,-4.0,-66.0
1775635340.9895654,1.0,-2.0,-68.0
1775635340.9995654,4.0,-1.0,-69.0
1775635341.0095654,9.0,0.0,-65.0
1775635341.019565,6.0,0.0,-66.0
1775635341.029565,5.0,2.0,-67.0
1775635341.039565,3.0,0.0,-60.0
1775635341.0495653,1.0,-2.0,-50.0
1775635341.0595653,0.0,-4.0,-45.0
1775635341.0695653,-3.0,-4.0,-49.0
1775635341.0795653,-7.0,-3.0,-49.0
1775635341.0895653,-10.0,-2.0,-52.0
1775635341.0995653,-11.0,2.0,-53.0
1775635341.1095655,-8.0,3.0,-49.0
1775635341.1195655,-11.0,4.0,-59.0
1775635341.1295657,-7.0,3.0,-69.0
1775635341.1395657,-5.0,2.0,-72.0
1775635341.1495657,0.0,1.0,-75.0
1775635341.1595654,1.0,0.0,-69.0
1775635341.1695654,-2.0,2.0,-63.0
1775635341.1795654,-4.0,1.0,-67.0
1775635341.1895654,-2.0,-1.0,-68.0
1775635341.1995654,-2.0,3.0,-70.0
1775635341.2095654,-2.0,1.0,-70.0
1775635341.2195654,-1.0,-1.0,-69.0
1775635341.2295654,-2.0,-3.0,-70.0
1775635341.2395654,-5.0,-3.0,-66.0
1775635341.2495654,-4.0,-5.0,-67.0
1775635341.2595654,-4.0,-3.0,-69.0
1775635341.269565,0.0,-1.0,-73.0
1775635341.279565,3.0,1.0,-73.0
1775635341.289565,0.0,0.0,-75.0
1775635341.2995653,1.0,-3.0,-79.0
1775635341.3095653,1.0,-2.0,-76.0
1775635341.3195653,3.0,-2.0,-76.0
1775635341.3295653,5.0,1.0,-77.0
1775635341.3395653,3.0,0.0,-74.0
1775635341.3495653,-1.0,-3.0,-71.0
1775635341.3595655,-1.0,-3.0,-67.0
1775635341.3695655,2.0,-1.0,-69.0
1775635341.3795657,4.0,-2.0,-62.0
1775635341.3895657,0.0,-2.0,-68.0
1775635341.3995657,2.0,-3.0,-65.0
1775635341.4095654,3.0,0.0,-63.0
1775635341.4195654,-1.0,1.0,-66.0
1775635341.4295654,0.0,-2.0,-68.0
1775635341.4395654,4.0,-2.0,-66.0
1775635341.4495654,3.0,0.0,-65.0
1775635341.4595654,1.0,-3.0,-61.0
1775635341.4695654,1.0,-4.0,-59.0
1775635341.4795654,1.0,-2.0,-63.0
1775635341.4895654,0.0,-1.0,-65.0
1775635341.4995654,-2.0,-1.0,-61.0
1775635341.5095654,-4.0,0.0,-61.0
1775635341.519565,-11.0,3.0,-60.0
1775635341.529565,-9.0,1.0,-65.0
1775635341.539565,-3.0,0.0,-56.0
1775635341.5495653,-3.0,0.0,-58.0
1775635341.5595653,-3.0,-1.0,-62.0
1775635341.5695653,0.0,-5.0,-54.0
1775635341.5795653,3.0,-4.0,-61.0
1775635341.5895653,5.0,0.0,-64.0
1775635341.5995653,3.0,0.0,-61.0
1775635341.6095655,0.0,0.0,-59.0
1775635341.6195655,0.0,-1.0,-57.0
1775635341.6295657,-3.0,0.0,-60.0
1775635341.6395657,0.0,-2.0,-63.0
1775635341.6495657,3.0,-8.0,-60.0
1775635341.6595654,5.0,-4.0,-55.0
1775635341.6695654,8.0,-5.0,-61.0
1775635341.6795654,9.0,-7.0,-63.0
1775635341.6895654,8.0,-3.0,-59.0
1775635341.6995654,8.0,1.0,-62.0
1775635341.7095654,9.0,6.0,-60.0
1775635341.7195654,5.0,9.0,-61.0
1775635341.7295654,3.0,3.0,-69.0
1775635341.7395654,1.0,-2.0,-65.0
1775635341.7495654,2.0,-5.0,-64.0
1775635341.7595654,0.0,-4.0,-65.0
1775635341.769565,0.0,0.0,-59.0
1775635341.779565,-1.0,2.0,-52.0
1775635341.789565,1.0,0.0,-58.0
1775635341.7995653,1.0,0.0,-65.0
1775635341.8095653,1.0,1.0,-55.0
1775635341.8195653,0.0,0.0,-59.0
1775635341.8295653,-3.0,-4.0,-64.0
1775635341.8395653,-5.0,-6.0,-70.0
1775635341.8495653,-3.0,-3.0,-71.0
1775635341.8595655,1.0,-2.0,-77.0
1775635341.8695655,2.0,-2.0,-77.0
1775635341.8795657,3.0,-2.0,-77.0
1775635341.8895657,3.0,0.0,-70.0
1775635341.8995657,2.0,-2.0,-73.0
1775635341.9095654,1.0,-4.0,-76.0
1775635341.9195654,2.0,-4.0,-71.0
1775635341.9295654,3.0,-2.0,-72.0
1775635341.9395654,3.0,0.0,-75.0
1775635341.9495654,0.0,0.0,-69.0
1775635341.9595654,0.0,-3.0,-73.0
1775635341.9695654,0.0,-1.0,-71.0
1775635341.9795654,0.0,-1.0,-69.0
1775635341.9895654,-3.0,-1.0,-66.0
1775635341.9995654,-2.0,-1.0,-64.0
1775635342.0095654,-1.0,-3.0,-63.0
1775635342.019565,-3.0,-2.0,-67.0
1775635342.029565,-5.0,-1.0,-67.0
1775635342.039565,-4.0,-2.0,-63.0
1775635342.0495653,-2.0,-5.0,-66.0
1775635342.0595653,-3.0,-4.0,-59.0
1775635342.0695653,-1.0,-5.0,-58.0
1775635342.0795653,-2.0,-2.0,-68.0
1775635342.0895653,-5.0,-3.0,-76.0
1775635342.0995653,-5.0,-3.0,-75.0
1775635342.1095655,-3.0,-6.0,-73.0
1775635342.1195655,-2.0,-7.0,-71.0
1775635342.1295657,0.0,-8.0,-62.0
1775635342.1395657,0.0,-6.0,-68.0
1775635342.1495657,1.0,-4.0,-66.0
1775635342.1595654,-4.0,-3.0,-67.0
1775635342.1695654,-5.0,-3.0,-65.0
1775635342.1795654,-9.0,0.0,-64.0
1775635342.1895654,-11.0,0.0,-67.0
1775635342.1995654,-6.0,0.0,-71.0
1775635342.2095654,-1.0,-2.0,-65.0
1775635342.2195654,5.0,-4.0,-64.0
1775635342.2295654,2.0,-3.0,-64.0
1775635342.2395654,2.0,0.0,-57.0
1775635342.2495654,-1.0,1.0,-56.0
1775635342.2595654,-2.0,1.0,-55.0
1775635342.269565,-3.0,4.0,-51.0
1775635342.279565,-5.0,1.0,-53.0
1775635342.289565,0.0,-4.0,-53.0
1775635342.2995653,0.0,-6.0,-62.0
1775635342.3095653,-4.0,-6.0,-64.0
1775635342.3195653,-5.0,-6.0,-68.0
1775635342.3295653,-1.0,-3.0,-73.0
1775635342.3395653,-4.0,0.0,-72.0
1775635342.3495653,-7.0,-1.0,-72.0
1775635342.3595655,-8.0,0.0,-66.0
1775635342.3695655,-7.0,-1.0,-61.0
1775635342.3795657,-7.0,-5.0,-67.0
1775635342.3895657,-2.0,-1.0,-65.0
1775635342.3995657,-3.0,0.0,-61.0
1775635342.4095654,-3.0,4.0,-60.0
1775635342.4195654,-4.0,2.0,-63.0
1775635342.4295654,-2.0,3.0,-67.0
1775635342.4395654,-1.0,2.0,-72.0
1775635342.4495654,-4.0,2.0,-71.0
1775635342.4595654,-3.0,7.0,-71.0
1775635342.4695654,0.0,7.0,-72.0
1775635342.4795654,-1.0,8.0,-70.0
1775635342.4895654,-9.0,0.0,-66.0
1775635342.4995654,-11.0,-2.0,-64.0
1775635342.5095654,-10.0,-5.0,-63.0
1775635342.519565,-11.0,0.0,-63.0
1775635342.529565,-9.0,0.0,-63.0
1775635342.539565,-11.0,1.0,-59.0
1775635342.5505655,-11.0,0.0,-54.0
1775635342.5595653,-4.0,-2.0,-55.0
1775635342.5695653,0.0,1.0,-52.0
1775635342.5795653,0.0,-1.0,-54.0
1775635342.5895653,0.0,-2.0,-53.0
1775635342.5995653,1.0,-3.0,-55.0
1775635342.6095655,-1.0,-3.0,-59.0
1775635342.6195655,-4.0,-3.0,-60.0
1775635342.6295657,-5.0,-2.0,-56.0
1775635342.6395657,-4.0,-3.0,-57.0
1775635342.6495657,-7.0,0.0,-58.0
1775635342.6595654,-4.0,6.0,-57.0
1775635342.6695654,-3.0,7.0,-62.0
1775635342.6795654,-5.0,4.0,-66.0
1775635342.6895654,-9.0,2.0,-66.0
1775635342.6995654,-4.0,5.0,-71.0
1775635342.7095654,-2.0,3.0,-70.0
1775635342.7195654,-1.0,-1.0,-67.0
1775635342.7295654,-1.0,-4.0,-66.0
1775635342.7395654,1.0,-2.0,-64.0
1775635342.7495654,0.0,0.0,-67.0
1775635342.7595654,-2.0,3.0,-68.0
1775635342.769565,-3.0,5.0,-69.0
1775635342.779565,-5.0,5.0,-75.0
1775635342.789565,-2.0,6.0,-71.0
1775635342.7995653,-5.0,8.0,-67.0
1775635342.8095653,-9.0,5.0,-67.0
1775635342.8195653,-12.0,1.0,-68.0
1775635342.8295653,-11.0,1.0,-70.0
1775635342.8395653,-8.0,4.0,-68.0
1775635342.8495653,-9.0,3.0,-67.0
1775635342.8595655,-9.0,0.0,-70.0
1775635342.8695655,-8.0,-4.0,-73.0
1775635342.8795657,-7.0,-3.0,-80.0
1775635342.8895657,-9.0,2.0,-83.0
1775635342.8995657,-9.0,0.0,-79.0
1775635342.9095654,-10.0,-1.0,-75.0
1775635342.9195654,-5.0,-1.0,-65.0
1775635342.9295654,-5.0,-1.0,-63.0
1775635342.9395654,-5.0,0.0,-70.0
1775635342.9495654,-1.0,2.0,-68.0
1775635342.9595654,-1.0,2.0,-63.0
1775635342.9695654,0.0,0.0,-53.0
1775635342.9795654,2.0,0.0,-53.0
1775635342.9895654,1.0,-2.0,-50.0
1775635342.9995654,3.0,0.0,-60.0
1775635343.0105653,6.0,3.0,-61.0
1775635343.0205653,6.0,3.0,-57.0
1775635343.029565,6.0,3.0,-59.0
1775635343.0405655,1.0,3.0,-56.0
1775635343.0505655,-1.0,3.0,-64.0
1775635343.0605657,2.0,6.0,-65.0
1775635343.0705657,1.0,4.0,-71.0
1775635343.0805657,0.0,5.0,-72.0
1775635343.0905654,0.0,9.0,-68.0
1775635343.1005654,-1.0,7.0,-68.0
1775635343.1105654,0.0,8.0,-68.0
1775635343.1205654,0.0,6.0,-74.0
1775635343.1305654,0.0,3.0,-75.0
1775635343.1405654,-4.0,3.0,-68.0
1775635343.1505654,-4.0,0.0,-66.0
1775635343.1605654,-2.0,0.0,-78.0
1775635343.1705654,-3.0,1.0,-78.0
1775635343.1805654,-7.0,0.0,-76.0
1775635343.190565,-4.0,0.0,-64.0
1775635343.200565,-6.0,-2.0,-63.0
1775635343.210565,0.0,-6.0,-64.0
1775635343.2205653,-1.0,-5.0,-62.0
1775635343.2305653,1.0,-4.0,-67.0
1775635343.2405653,0.0,-6.0,-70.0
1775635343.2505653,0.0,-3.0,-68.0
1775635343.2605653,1.0,-3.0,-64.0
1775635343.2705653,5.0,0.0,-68.0
1775635343.2805655,5.0,1.0,-67.0
1775635343.2905655,0.0,1.0,-70.0
1775635343.3005655,2.0,0.0,-67.0
1775635343.3105657,5.0,-2.0,-65.0
1775635343.3205657,1.0,-4.0,-69.0
1775635343.3305657,2.0,0.0,-74.0
1775635343.3405654,-3.0,1.0,-72.0
1775635343.3505654,-7.0,0.0,-71.0
1775635343.3605654,-8.0,2.0,-73.0
1775635343.3705654,-4.0,4.0,-75.0
1775635343.3805654,-3.0,4.0,-75.0
1775635343.3905654,-3.0,6.0,-78.0
1775635343.4005654,-2.0,8.0,-79.0
1775635343.4105654,-3.0,1.0,-76.0
1775635343.4205654,-4.0,2.0,-70.0
1775635343.4305654,-4.0,5.0,-71.0
1775635343.440565,-2.0,2.0,-71.0
1775635343.450565,1.0,0.0,-69.0
1775635343.460565,2.0,-1.0,-73.0
1775635343.4705653,6.0,-2.0,-72.0
1775635343.4805653,4.0,-4.0,-73.0
1775635343.4905653,-3.0,-2.0,-72.0
1775635343.5005653,-2.0,-2.0,-63.0
1775635343.5105653,-5.0,0.0,-62.0
1775635343.5205653,-5.0,2.0,-58.0
1775635343.5305655,-3.0,-2.0,-59.0
1775635343.5405655,-5.0,1.0,-59.0
1775635343.5505655,1.0,-2.0,-66.0
1775635343.5605657,5.0,0.0,-61.0
1775635343.5705657,1.0,2.0,-55.0
1775635343.5805657,1.0,0.0,-56.0
1775635343.5905654,3.0,0.0,-57.0
1775635343.6005654,5.0,-2.0,-56.0
1775635343.6105654,4.0,0.0,-56.0
1775635343.6205654,4.0,0.0,-58.0
1775635343.6305654,0.0,-1.0,-65.0
1775635343.6405654,-1.0,0.0,-71.0
1775635343.6505654,-1.0,1.0,-69.0
1775635343.6605654,-3.0,2.0,-64.0
1775635343.6705654,-4.0,1.0,-59.0
1775635343.6805654,-5.0,0.0,-60.0
1775635343.690565,-10.0,0.0,-63.0
1775635343.700565,-8.0,-3.0,-63.0
1775635343.710565,-7.0,-2.0,-60.0
1775635343.7205653,-6.0,-3.0,-62.0
1775635343.7305653,-6.0,-1.0,-67.0
1775635343.7405653,-4.0,1.0,-66.0
1775635343.7505653,0.0,-3.0,-62.0
1775635343.7605653,0.0,-1.0,-61.0
1775635343.7705653,-1.0,-2.0,-59.0
1775635343.7805655,0.0,0.0,-61.0
1775635343.7905655,5.0,2.0,-61.0
1775635343.8005655,1.0,0.0,-65.0
1775635343.8105657,0.0,0.0,-69.0
1775635343.8205657,0.0,3.0,-68.0
1775635343.8305657,-1.0,5.0,-69.0
1775635343.8405654,-2.0,4.0,-74.0
1775635343.8505654,-4.0,0.0,-75.0
1775635343.8605654,-3.0,0.0,-76.0
1775635343.8705654,-3.0,0.0,-74.0
1775635343.8805654,-4.0,3.0,-71.0
1775635343.8905654,3.0,4.0,-74.0
1775635343.9005654,4.0,2.0,-77.0
1775635343.9105654,0.0,-1.0,-76.0
1775635343.9205654,1.0,0.0,-71.0
1775635343.9305654,0.0,0.0,-75.0
1775635343.940565,2.0,-2.0,-72.0
1775635343.950565,2.0,-3.0,-74.0
1775635343.960565,0.0,-5.0,-75.0
1775635343.9705653,0.0,-5.0,-77.0
1775635343.9805653,0.0,-3.0,-73.0
1775635343.9905653,2.0,-1.0,-70.0
1775635344.0005653,1.0,0.0,-62.0
1775635344.0105653,0.0,0.0,-59.0
1775635344.0205653,0.0,0.0,-58.0
1775635344.0305655,0.0,0.0,-58.0
1775635344.0405655,-2.0,-3.0,-60.0
1775635344.0505655,-2.0,-4.0,-57.0
1775635344.0605657,0.0,-5.0,-54.0
1775635344.0705657,0.0,-4.0,-56.0
1775635344.0805657,-2.0,-4.0,-64.0
1775635344.0905654,-3.0,-5.0,-63.0
1775635344.1005654,0.0,-6.0,-61.0
1775635344.1105654,-2.0,-8.0,-58.0
1775635344.1205654,0.0,-5.0,-65.0
1775635344.1305654,2.0,0.0,-68.0
1775635344.1405654,3.0,0.0,-68.0
1775635344.1505654,1.0,-1.0,-64.0
1775635344.1605654,-1.0,2.0,-70.0
1775635344.1705654,0.0,-2.0,-70.0
1775635344.1805654,-7.0,-3.0,-67.0
1775635344.190565,-5.0,-5.0,-69.0
1775635344.200565,-1.0,-3.0,-62.0
1775635344.210565,-1.0,0.0,-66.0
1775635344.2205653,-3.0,3.0,-67.0
1775635344.2305653,-1.0,2.0,-74.0
1775635344.2405653,1.0,0.0,-65.0
1775635344.2505653,4.0,-2.0,-66.0
1775635344.2605653,3.0,0.0,-67.0
1775635344.2705653,0.0,3.0,-69.0
1775635344.2805655,0.0,-1.0,-70.0
1775635344.2905655,-2.0,1.0,-75.0
1775635344.3005655,-3.0,3.0,-76.0
1775635344.3105657,-2.0,0.0,-76.0
1775635344.3205657,0.0,-2.0,-75.0
1775635344.3305657,-3.0,-4.0,-74.0
1775635344.3405654,-5.0,-1.0,-66.0
1775635344.3505654,-3.0,1.0,-67.0
1775635344.3605654,-6.0,6.0,-64.0
1775635344.3705654,-5.0,5.0,-64.0
1775635344.3805654,0.0,3.0,-62.0
1775635344.3905654,0.0,4.0,-59.0
1775635344.4005654,0.0,3.0,-61.0
1775635344.4105654,2.0,5.0,-59.0
1775635344.4205654,2.0,2.0,-60.0
1775635344.4305654,5.0,0.0,-57.0
1775635344.440565,3.0,-3.0,-58.0
1775635344.450565,0.0,3.0,-57.0
1775635344.460565,-8.0,3.0,-56.0
1775635344.4705653,-6.0,1.0,-59.0
1775635344.4805653,-4.0,-4.0,-63.0
1775635344.4905653,-2.0,-4.0,-70.0
1775635344.5005653,-1.0,-2.0,-66.0
1775635344.5105653,1.0,-2.0,-67.0
1775635344.5205653,0.0,0.0,-67.0
1775635344.5305655,0.0,-3.0,-64.0
1775635344.5405655,-4.0,-1.0,-62.0
1775635344.5505655,-3.0,-6.0,-64.0
1775635344.5605657,-4.0,-8.0,-66.0
1775635344.5705657,-2.0,-4.0,-65.0
1775635344.5805657,2.0,0.0,-60.0
1775635344.5905654,5.0,3.0,-63.0
1775635344.6005654,4.0,8.0,-60.0
1775635344.6105654,5.0,7.0,-55.0
1775635344.6205654,2.0,10.0,-55.0
1775635344.6305654,3.0,6.0,-60.0
1775635344.6405654,1.0,5.0,-58.0
1775635344.6505654,1.0,2.0,-63.0
1775635344.6605654,0.0,4.0,-66.0
1775635344.6705654,3.0,5.0,-69.0
1775635344.6805654,-1.0,3.0,-66.0
1775635344.690565,-1.0,0.0,-71.0
1775635344.700565,-3.0,0.0,-71.0
1775635344.710565,-4.0,2.0,-70.0
1775635344.7205653,-1.0,2.0,-71.0
1775635344.7305653,-1.0,0.0,-78.0
1775635344.7405653,-1.0,-4.0,-75.0
1775635344.7505653,-5.0,-3.0,-76.0
1775635344.7605653,0.0,-5.0,-68.0
1775635344.7705653,-2.0,-3.0,-66.0
1775635344.7805655,-6.0,0.0,-77.0
1775635344.7905655,-4.0,-4.0,-77.0
1775635344.8005655,-2.0,-7.0,-77.0
1775635344.8105657,0.0,-3.0,-79.0
1775635344.8205657,-3.0,1.0,-75.0
1775635344.8305657,0.0,0.0,-74.0
1775635344.8405654,0.0,1.0,-71.0
1775635344.8505654,0.0,1.0,-72.0
1775635344.8605654,1.0,5.0,-67.0
1775635344.8705654,-1.0,6.0,-67.0
1775635344.8805654,0.0,8.0,-72.0
1775635344.8905654,0.0,8.0,-70.0
1775635344.9005654,-4.0,9.0,-72.0
1775635344.9105654,-8.0,4.0,-67.0
1775635344.9205654,-6.0,4.0,-68.0
1775635344.9305654,-2.0,2.0,-69.0
1775635344.940565,-3.0,2.0,-71.0
1775635344.950565,-5.0,0.0,-71.0
1775635344.960565,-6.0,-4.0,-70.0
1775635344.9705653,-5.0,0.0,-75.0
1775635344.9805653,-6.0,1.0,-72.0
1775635344.9905653,-5.0,0.0,-72.0
1775635345.0005653,-3.0,-1.0,-72.0
1775635345.0105653,-3.0,-4.0,-70.0
1775635345.0205653,-3.0,-1.0,-67.0
1775635345.0305655,0.0,-2.0,-67.0
1775635345.0405655,0.0,-3.0,-70.0
1775635345.0505655,-2.0,-2.0,-73.0
1775635345.0605657,0.0,-3.0,-74.0
1775635345.0705657,1.0,0.0,-76.0
1775635345.0805657,1.0,2.0,-73.0
1775635345.0905654,0.0,7.0,-70.0
1775635345.1005654,4.0,7.0,-75.0
1775635345.1105654,3.0,4.0,-73.0
1775635345.1205654,2.0,1.0,-72.0
1775635345.1305654,2.0,1.0,-72.0
1775635345.1405654,1.0,-1.0,-80.0
1775635345.1505654,-1.0,-3.0,-73.0
1775635345.1605654,-5.0,-1.0,-71.0
1775635345.1705654,-5.0,-1.0,-80.0
1775635345.1805654,-2.0,-1.0,-86.0
1775635345.190565,2.0,0.0,-73.0
1775635345.200565,2.0,2.0,-75.0
1775635345.210565,-2.0,2.0,-72.0
1775635345.2205653,-3.0,0.0,-69.0
1775635345.2305653,-4.0,-3.0,-64.0
1775635345.2405653,-1.0,-4.0,-67.0
1775635345.2505653,0.0,-1.0,-70.0
1775635345.2605653,2.0,0.0,-68.0
1775635345.2705653,4.0,0.0,-69.0
1775635345.2805655,1.0,-1.0,-67.0
1775635345.2905655,3.0,-1.0,-66.0
1775635345.3005655,-4.0,-4.0,-72.0
1775635345.3105657,-3.0,-5.0,-77.0
1775635345.3205657,0.0,-5.0,-74.0
1775635345.3305657,0.0,-2.0,-73.0
1775635345.3405654,0.0,-1.0,-70.0
1775635345.3505654,-1.0,2.0,-66.0
1775635345.3605654,-6.0,2.0,-67.0
1775635345.3705654,-2.0,3.0,-69.0
1775635345.381565,-1.0,0.0,-71.0
1775635345.391565,4.0,2.0,-74.0
1775635345.4015653,2.0,2.0,-72.0
1775635345.4115653,1.0,4.0,-59.0
1775635345.4215653,1.0,6.0,-57.0
1775635345.4315653,0.0,10.0,-55.0
1775635345.4415653,0.0,7.0,-62.0
1775635345.4515653,0.0,3.0,-59.0
1775635345.4615655,0.0,4.0,-60.0
1775635345.4715655,-2.0,5.0,-59.0
1775635345.4815657,-1.0,7.0,-62.0
1775635345.4915657,2.0,8.0,-61.0
1775635345.5015657,5.0,7.0,-70.0
1775635345.5115654,6.0,9.0,-75.0
1775635345.5215654,4.0,2.0,-74.0
1775635345.5315654,0.0,2.0,-69.0
1775635345.5415654,-2.0,1.0,-68.0
1775635345.5515654,-1.0,0.0,-69.0
1775635345.5615654,0.0,-3.0,-71.0
1775635345.5715654,2.0,-2.0,-71.0
1775635345.5815654,-1.0,-3.0,-72.0
1775635345.5915654,1.0,-3.0,-70.0
1775635345.6015654,6.0,-3.0,-75.0
1775635345.6115654,10.0,0.0,-72.0
1775635345.621565,9.0,2.0,-65.0
1775635345.631565,9.0,4.0,-64.0
1775635345.641565,7.0,2.0,-68.0
1775635345.6515653,3.0,1.0,-69.0
1775635345.6615653,-1.0,-3.0,-68.0
1775635345.6715653,-1.0,-5.0,-66.0
1775635345.6815653,3.0,-2.0,-68.0
1775635345.6915653,9.0,-1.0,-67.0
1775635345.7015653,10.0,-1.0,-62.0
1775635345.7115655,3.0,2.0,-67.0
1775635345.7215655,1.0,4.0,-65.0
1775635345.7315657,-1.0,1.0,-65.0
1775635345.7415657,1.0,4.0,-62.0
1775635345.7515657,4.0,5.0,-60.0
1775635345.7615654,1.0,-1.0,-62.0
1775635345.7715654,3.0,-1.0,-65.0
1775635345.7815654,0.0,0.0,-70.0
1775635345.7915654,0.0,-2.0,-69.0
1775635345.8015654,-3.0,1.0,-73.0
1775635345.8115654,-4.0,0.0,-73.0
1775635345.8215654,-5.0,0.0,-76.0
1775635345.8315654,-3.0,0.0,-71.0
1775635345.8415654,-4.0,2.0,-65.0
1775635345.8515654,-4.0,3.0,-67.0
1775635345.8615654,0.0,0.0,-63.0
1775635345.871565,5.0,-1.0,-61.0
1775635345.881565,1.0,-2.0,-70.0
1775635345.891565,-4.0,-2.0,-69.0
1775635345.9015653,-5.0,-1.0,-70.0
1775635345.9115653,-6.0,-5.0,-76.0
1775635345.9215653,-5.0,-3.0,-71.0
1775635345.9315653,-5.0,-2.0,-66.0
1775635345.9415653,-1.0,-6.0,-64.0
1775635345.9515653,-6.0,-2.0,-58.0
1775635345.9615655,-4.0,0.0,-60.0
1775635345.9715655,-4.0,-3.0,-70.0
1775635345.9815657,-2.0,-3.0,-66.0
1775635345.9915657,-6.0,0.0,-65.0
1775635346.0015657,-6.0,0.0,-62.0
1775635346.0115654,-3.0,-3.0,-63.0
1775635346.0215654,-3.0,-2.0,-66.0
1775635346.0315654,-1.0,0.0,-69.0
1775635346.0415654,-2.0,-2.0,-70.0
1775635346.0515654,-6.0,-3.0,-64.0
1775635346.0615654,-4.0,-9.0,-66.0
1775635346.0715654,-5.0,-8.0,-62.0
1775635346.0815654,-4.0,-4.0,-61.0
1775635346.0915654,-4.0,-4.0,-67.0
1775635346.1015654,-8.0,-3.0,-70.0
1775635346.1115654,-8.0,-1.0,-65.0
1775635346.121565,-5.0,0.0,-61.0
1775635346.131565,-2.0,0.0,-66.0
1775635346.141565,-3.0,-1.0,-67.0
1775635346.1515653,0.0,-2.0,-75.0
1775635346.1615653,1.0,-5.0,-73.0
1775635346.1715653,7.0,-5.0,-61.0
1775635346.1815653,9.0,-1.0,-59.0
1775635346.1915653,4.0,0.0,-64.0
1775635346.2015653,6.0,3.0,-67.0
1775635346.2115655,4.0,4.0,-70.0
1775635346.2215655,0.0,2.0,-74.0
1775635346.2315657,0.0,2.0,-77.0
1775635346.2415657,0.0,3.0,-78.0
1775635346.2515657,1.0,2.0,-80.0
1775635346.2615654,-2.0,2.0,-75.0
1775635346.2715654,-3.0,1.0,-69.0
1775635346.2815654,-2.0,0.0,-63.0
1775635346.2915654,-3.0,-1.0,-61.0
1775635346.3015654,-1.0,-2.0,-66.0
1775635346.3115654,4.0,-1.0,-60.0
1775635346.3215654,-3.0,0.0,-67.0
1775635346.3315654,-5.0,-2.0,-68.0
1775635346.3415654,-7.0,-2.0,-74.0
1775635346.3515654,-4.0,0.0,-72.0
1775635346.3615654,-3.0,0.0,-68.0
1775635346.371565,-1.0,2.0,-71.0
1775635346.381565,2.0,2.0,-70.0
1775635346.391565,2.0,1.0,-64.0
1775635346.4015653,1.0,2.0,-66.0
1775635346.4115653,1.0,5.0,-61.0
1775635346.4215653,1.0,3.0,-60.0
1775635346.4315653,3.0,1.0,-63.0
1775635346.4415653,4.0,2.0,-66.0
1775635346.4515653,2.0,3.0,-64.0
1775635346.4615655,-2.0,3.0,-65.0
1775635346.4715655,2.0,3.0,-66.0
1775635346.4815657,1.0,0.0,-66.0
1775635346.4915657,1.0,0.0,-71.0
1775635346.5015657,4.0,-2.0,-74.0
1775635346.5115654,2.0,-1.0,-69.0
1775635346.5215654,1.0,0.0,-68.0
1775635346.5315654,-1.0,0.0,-66.0
1775635346.5415654,-1.0,1.0,-67.0
1775635346.5515654,0.0,2.0,-63.0
1775635346.5615654,-1.0,3.0,-60.0
1775635346.5715654,-5.0,-1.0,-62.0
1775635346.5815654,-2.0,-1.0,-66.0
1775635346.5915654,0.0,0.0,-66.0
1775635346.6015654,0.0,1.0,-61.0
1775635346.6115654,2.0,-2.0,-66.0
1775635346.621565,0.0,-3.0,-64.0
1775635346.631565,0.0,0.0,-67.0
1775635346.641565,0.0,-2.0,-65.0
1775635346.6515653,2.0,1.0,-59.0
1775635346.6615653,-4.0,1.0,-59.0
1775635346.6715653,-5.0,-2.0,-64.0
1775635346.6815653,-3.0,-4.0,-52.0
1775635346.6915653,0.0,-4.0,-57.0
1775635346.7015653,3.0,-7.0,-63.0
1775635346.7115655,4.0,-7.0,-65.0
1775635346.7215655,7.0,-3.0,-67.0
1775635346.7315657,8.0,-8.0,-62.0
1775635346.7415657,8.0,-8.0,-60.0
1775635346.7515657,13.0,-7.0,-57.0
1775635346.7615654,11.0,-4.0,-63.0
1775635346.7715654,10.0,0.0,-68.0
1775635346.7815654,8.0,-1.0,-69.0
1775635346.7915654,5.0,-2.0,-71.0
1775635346.8015654,-2.0,4.0,-67.0
1775635346.8115654,0.0,4.0,-63.0
1775635346.8215654,0.0,3.0,-67.0
1775635346.8315654,0.0,6.0,-67.0
1775635346.8415654,1.0,4.0,-68.0
1775635346.8515654,1.0,0.0,-69.0
1775635346.8615654,0.0,0.0,-68.0
1775635346.871565,-2.0,1.0,-68.0
1775635346.881565,1.0,0.0,-67.0
1775635346.891565,0.0,-4.0,-67.0
1775635346.9015653,0.0,-1.0,-67.0
1775635346.9115653,0.0,1.0,-65.0
1775635346.9215653,0.0,0.0,-66.0
1775635346.9315653,-4.0,1.0,-62.0
1775635346.9415653,-6.0,0.0,-61.0
1775635346.9515653,-6.0,0.0,-54.0
1775635346.9615655,-2.0,3.0,-48.0
1775635346.9715655,-4.0,-1.0,-58.0
1775635346.9815657,-5.0,1.0,-65.0
1775635346.9915657,-2.0,-4.0,-66.0
1775635347.0015657,-2.0,-5.0,-68.0
1775635347.0115654,-3.0,-7.0,-67.0
1775635347.0215654,-3.0,-6.0,-67.0
1775635347.0315654,-6.0,-6.0,-65.0
1775635347.0415654,-3.0,-8.0,-70.0
1775635347.0515654,-4.0,-8.0,-68.0
1775635347.0615654,-4.0,-7.0,-68.0
1775635347.0715654,-5.0,-5.0,-70.0
1775635347.0815654,-5.0,-6.0,-69.0
1775635347.0915654,-8.0,-3.0,-68.0
1775635347.1015654,-6.0,0.0,-64.0
1775635347.1115654,-7.0,0.0,-55.0
1775635347.121565,-5.0,-2.0,-57.0
1775635347.131565,1.0,-4.0,-57.0
1775635347.141565,4.0,-2.0,-56.0
1775635347.1515653,5.0,0.0,-59.0
1775635347.1615653,1.0,-1.0,-61.0
1775635347.1715653,-3.0,-2.0,-58.0
1775635347.1815653,-7.0,-3.0,-60.0
1775635347.1915653,-6.0,-4.0,-60.0
1775635347.2015653,-3.0,1.0,-58.0
1775635347.2115655,-3.0,3.0,-56.0
1775635347.2215655,0.0,3.0,-64.0
1775635347.2315657,0.0,3.0,-70.0
1775635347.2415657,0.0,1.0,-69.0
1775635347.2515657,-3.0,0.0,-76.0
1775635347.2615654,-2.0,2.0,-71.0
1775635347.2715654,0.0,2.0,-67.0
1775635347.2815654,-5.0,0.0,-64.0
1775635347.2915654,-2.0,-1.0,-64.0
1775635347.3015654,0.0,-5.0,-62.0
1775635347.3115654,-2.0,-1.0,-64.0
1775635347.3215654,0.0,-2.0,-64.0
1775635347.3315654,-1.0,-3.0,-65.0
1775635347.3415654,-1.0,-2.0,-65.0
1775635347.3515654,0.0,0.0,-59.0
1775635347.3615654,-2.0,0.0,-62.0
1775635347.371565,-5.0,-3.0,-60.0
1775635347.381565,-8.0,-5.0,-64.0
1775635347.391565,-6.0,-8.0,-67.0
1775635347.4015653,-2.0,-8.0,-67.0
1775635347.4115653,2.0,-4.0,-72.0
1775635347.4215653,-1.0,-4.0,-75.0
1775635347.4315653,-6.0,-3.0,-70.0
1775635347.4415653,-4.0,-3.0,-72.0
1775635347.4515653,-2.0,-4.0,-71.0
1775635347.4615655,0.0,-3.0,-68.0
1775635347.4715655,3.0,-3.0,-64.0
1775635347.4815657,6.0,0.0,-56.0
1775635347.4915657,5.0,0.0,-61.0
1775635347.5015657,2.0,4.0,-61.0
1775635347.5115654,5.0,3.0,-61.0
1775635347.5215654,8.0,5.0,-67.0
1775635347.5315654,9.0,5.0,-64.0
1775635347.5415654,12.0,9.0,-71.0
1775635347.5515654,4.0,9.0,-72.0
1775635347.5615654,2.0,9.0,-68.0
1775635347.5715654,1.0,9.0,-66.0
1775635347.5815654,6.0,7.0,-74.0
1775635347.5915654,6.0,5.0,-75.0
1775635347.6015654,1.0,2.0,-74.0
1775635347.6115654,3.0,1.0,-77.0
1775635347.621565,6.0,-2.0,-71.0
1775635347.631565,5.0,0.0,-67.0
1775635347.641565,3.0,3.0,-67.0
1775635347.6515653,4.0,1.0,-72.0
1775635347.6615653,2.0,-2.0,-69.0
1775635347.6725657,0.0,-5.0,-66.0
1775635347.6815653,-1.0,0.0,-69.0
1775635347.6925654,-4.0,-2.0,-71.0
1775635347.7025654,-4.0,-8.0,-76.0
1775635347.7125654,-2.0,-8.0,-73.0
1775635347.7225654,0.0,-10.0,-75.0
1775635347.7325654,-2.0,-7.0,-73.0
1775635347.7425654,-5.0,-4.0,-78.0
1775635347.7525654,-6.0,0.0,-74.0
1775635347.7625654,-10.0,-2.0,-75.0
1775635347.7725654,-8.0,-3.0,-73.0
1775635347.7815654,-2.0,-5.0,-68.0
1775635347.792565,-1.0,-6.0,-65.0
1775635347.802565,0.0,-7.0,-63.0
1775635347.812565,0.0,-7.0,-66.0
1775635347.8225653,3.0,-6.0,-66.0
1775635347.8315654,0.0,-3.0,-69.0
1775635347.8425653,-5.0,2.0,-71.0
1775635347.8525653,-5.0,0.0,-69.0
1775635347.8625653,-5.0,0.0,-68.0
1775635347.8725653,-3.0,0.0,-67.0
1775635347.8825655,-3.0,3.0,-66.0
1775635347.8925655,-3.0,2.0,-71.0
1775635347.9025657,-6.0,4.0,-70.0
1775635347.9125657,-7.0,6.0,-71.0
1775635347.9225657,-5.0,7.0,-69.0
1775635347.9325657,-3.0,4.0,-70.0
1775635347.9425654,-1.0,2.0,-64.0
1775635347.9525654,-4.0,1.0,-61.0
1775635347.9625654,-6.0,4.0,-62.0
1775635347.9725654,-4.0,0.0,-64.0
1775635347.9825654,-2.0,3.0,-69.0
1775635347.9925654,0.0,3.0,-71.0
1775635348.0025654,0.0,0.0,-77.0
1775635348.0125654,-5.0,-1.0,-73.0
1775635348.0225654,-9.0,0.0,-66.0
1775635348.0325654,-2.0,-4.0,-73.0
1775635348.042565,2.0,-6.0,-75.0
1775635348.052565,7.0,-5.0,-75.0
1775635348.062565,5.0,-4.0,-69.0
1775635348.0725653,4.0,-7.0,-68.0
1775635348.0825653,4.0,-5.0,-63.0
1775635348.0925653,2.0,-5.0,-62.0
1775635348.1025653,2.0,-5.0,-63.0
1775635348.1125653,4.0,-4.0,-58.0
1775635348.1225653,0.0,1.0,-63.0
1775635348.1325655,0.0,4.0,-64.0
1775635348.1425655,2.0,0.0,-72.0
1775635348.1525657,1.0,-1.0,-75.0
1775635348.1625657,3.0,0.0,-81.0
1775635348.1725657,4.0,1.0,-79.0
1775635348.1825657,4.0,3.0,-74.0
1775635348.1925654,7.0,3.0,-67.0
1775635348.2025654,4.0,4.0,-67.0
1775635348.2125654,3.0,6.0,-66.0
1775635348.2225654,2.0,7.0,-62.0
1775635348.2325654,4.0,9.0,-62.0
1775635348.2425654,8.0,8.0,-59.0
1775635348.2525654,10.0,8.0,-56.0
1775635348.2625654,8.0,5.0,-52.0
1775635348.2725654,6.0,4.0,-55.0
1775635348.2825654,7.0,1.0,-52.0
1775635348.292565,7.0,1.0,-59.0
1775635348.302565,4.0,6.0,-66.0
1775635348.312565,6.0,1.0,-70.0
1775635348.3225653,6.0,0.0,-75.0
1775635348.3325653,5.0,-4.0,-75.0
1775635348.3425653,6.0,4.0,-79.0
1775635348.3525653,2.0,6.0,-80.0
1775635348.3625653,0.0,5.0,-77.0
1775635348.3725653,-1.0,-1.0,-76.0
1775635348.3825655,0.0,0.0,-71.0
1775635348.3925655,2.0,4.0,-74.0
1775635348.4025657,3.0,4.0,-72.0
1775635348.4125657,1.0,1.0,-74.0
1775635348.4225657,0.0,0.0,-73.0
1775635348.4325657,-1.0,-2.0,-72.0
1775635348.4425654,-2.0,0.0,-76.0
1775635348.4525654,-7.0,3.0,-72.0
1775635348.4625654,0.0,1.0,-71.0
1775635348.4725654,1.0,-1.0,-75.0
1775635348.4825654,-1.0,-2.0,-77.0
1775635348.4925654,-1.0,0.0,-78.0
1775635348.5025654,0.0,-3.0,-78.0
1775635348.5125654,-3.0,-2.0,-84.0
1775635348.5225654,-4.0,-1.0,-83.0
1775635348.5325654,-4.0,0.0,-79.0
1775635348.542565,-1.0,-7.0,-72.0
1775635348.552565,1.0,-3.0,-73.0
1775635348.562565,2.0,-4.0,-69.0
1775635348.5725653,3.0,-1.0,-72.0
1775635348.5825653,2.0,-3.0,-75.0
1775635348.5925653,3.0,-1.0,-75.0
1775635348.6025653,2.0,1.0,-68.0
1775635348.6125653,3.0,0.0,-69.0
1775635348.6225653,4.0,-1.0,-70.0
1775635348.6325655,8.0,0.0,-71.0
1775635348.6425655,6.0,-4.0,-66.0
1775635348.6525657,3.0,-5.0,-68.0
1775635348.6625657,0.0,-7.0,-72.0
1775635348.6725657,0.0,-4.0,-78.0
1775635348.6825657,-1.0,-3.0,-71.0
1775635348.6925654,0.0,-4.0,-75.0
1775635348.7025654,0.0,-2.0,-75.0
1775635348.7125654,3.0,0.0,-70.0
1775635348.7225654,5.0,-2.0,-64.0
1775635348.7325654,-1.0,-6.0,-66.0
1775635348.7425654,4.0,-6.0,-60.0
1775635348.7525654,6.0,-5.0,-61.0
1775635348.7625654,4.0,-2.0,-67.0
1775635348.7725654,2.0,-3.0,-65.0
1775635348.7825654,6.0,0.0,-71.0
1775635348.792565,5.0,6.0,-61.0
1775635348.802565,5.0,4.0,-62.0
1775635348.812565,5.0,7.0,-64.0
1775635348.8225653,2.0,8.0,-63.0
1775635348.8325653,2.0,9.0,-68.0
1775635348.8425653,3.0,7.0,-68.0
1775635348.8525653,0.0,8.0,-75.0
1775635348.8625653,-1.0,9.0,-72.0
1775635348.8725653,0.0,8.0,-68.0
1775635348.8825655,2.0,8.0,-67.0
1775635348.8925655,1.0,10.0,-67.0
1775635348.9025657,-4.0,10.0,-69.0
1775635348.9125657,-9.0,5.0,-70.0
1775635348.9225657,-6.0,3.0,-67.0
1775635348.9325657,-1.0,3.0,-66.0
1775635348.9425654,1.0,1.0,-65.0
1775635348.9525654,0.0,0.0,-64.0
1775635348.9625654,-1.0,3.0,-59.0
1775635348.9725654,-2.0,3.0,-54.0
1775635348.9825654,0.0,2.0,-59.0
1775635348.9925654,1.0,8.0,-60.0
1775635349.0025654,0.0,7.0,-63.0
1775635349.0125654,-4.0,3.0,-58.0
1775635349.0225654,-2.0,1.0,-62.0
1775635349.0325654,0.0,4.0,-67.0
1775635349.042565,0.0,3.0,-69.0
1775635349.052565,-9.0,1.0,-71.0
1775635349.062565,-5.0,5.0,-69.0
1775635349.0725653,-3.0,5.0,-73.0
1775635349.0825653,-1.0,5.0,-83.0
1775635349.0925653,0.0,6.0,-78.0
1775635349.1025653,0.0,5.0,-76.0
1775635349.1125653,0.0,4.0,-74.0
1775635349.1225653,-2.0,5.0,-74.0
1775635349.1325655,-6.0,3.0,-81.0
1775635349.1425655,-2.0,1.0,-81.0
1775635349.1525657,3.0,-1.0,-84.0
1775635349.1625657,4.0,0.0,-83.0
1775635349.1725657,0.0,0.0,-86.0
1775635349.1825657,3.0,-1.0,-88.0
1775635349.1925654,1.0,0.0,-81.0
1775635349.2025654,1.0,0.0,-82.0
1775635349.2125654,-3.0,1.0,-78.0
1775635349.2225654,-1.0,0.0,-72.0
1775635349.2325654,-2.0,-2.0,-68.0
1775635349.2425654,-3.0,-4.0,-65.0
1775635349.2525654,-5.0,-4.0,-68.0
1775635349.2625654,-7.0,-5.0,-63.0
1775635349.2725654,-7.0,-6.0,-59.0
1775635349.2825654,-2.0,-6.0,-65.0
1775635349.292565,-1.0,-5.0,-74.0
1775635349.302565,-4.0,-6.0,-76.0
1775635349.312565,-2.0,-3.0,-76.0
1775635349.3225653,-1.0,-1.0,-75.0
1775635349.3325653,-2.0,2.0,-72.0
1775635349.3425653,-1.0,6.0,-70.0
1775635349.3525653,-2.0,2.0,-70.0
1775635349.3625653,-2.0,0.0,-71.0
1775635349.3725653,0.0,-3.0,-64.0
1775635349.3825655,4.0,-6.0,-57.0
1775635349.3925655,4.0,-4.0,-60.0
1775635349.4025657,2.0,-1.0,-60.0
1775635349.4125657,0.0,0.0,-57.0
1775635349.4225657,-1.0,-2.0,-63.0
1775635349.4325657,0.0,-5.0,-54.0
1775635349.4425654,-3.0,-5.0,-58.0
1775635349.4525654,-2.0,-5.0,-56.0
1775635349.4625654,-1.0,-4.0,-55.0
1775635349.4725654,-4.0,-4.0,-55.0
1775635349.4825654,-5.0,-1.0,-57.0
1775635349.4925654,-8.0,0.0,-61.0
1775635349.5025654,-11.0,0.0,-63.0
1775635349.5125654,-6.0,0.0,-67.0
1775635349.5225654,-5.0,1.0,-70.0
1775635349.5325654,-3.0,1.0,-63.0
1775635349.542565,2.0,1.0,-62.0
1775635349.552565,3.0,0.0,-65.0
1775635349.562565,3.0,4.0,-72.0
1775635349.5725653,2.0,0.0,-69.0
1775635349.5825653,0.0,1.0,-66.0
1775635349.5925653,0.0,-1.0,-63.0
1775635349.6025653,-2.0,-5.0,-65.0
1775635349.6125653,-2.0,-6.0,-73.0
1775635349.6225653,-3.0,-1.0,-70.0
1775635349.6325655,-1.0,-2.0,-73.0
1775635349.6425655,0.0,-4.0,-70.0
1775635349.6525657,1.0,-1.0,-65.0
1775635349.6625657,-3.0,-3.0,-64.0
1775635349.6725657,-3.0,-3.0,-65.0
1775635349.6825657,-5.0,0.0,-59.0
1775635349.6925654,-4.0,2.0,-58.0
1775635349.7025654,0.0,3.0,-60.0
1775635349.7125654,-3.0,3.0,-61.0
1775635349.7225654,-3.0,2.0,-69.0
1775635349.7325654,-1.0,2.0,-68.0
1775635349.7425654,0.0,0.0,-70.0
1775635349.7525654,-2.0,-1.0,-77.0
1775635349.7625654,0.0,0.0,-70.0
1775635349.7725654,6.0,0.0,-66.0
1775635349.7825654,2.0,0.0,-66.0
1775635349.792565,-1.0,0.0,-63.0
1775635349.802565,-3.0,-2.0,-70.0
1775635349.812565,-6.0,-6.0,-76.0
1775635349.8225653,-1.0,-7.0,-75.0
1775635349.8325653,1.0,-7.0,-71.0
1775635349.8425653,3.0,-3.0,-66.0
1775635349.8525653,0.0,-3.0,-65.0
1775635349.8625653,-3.0,-3.0,-67.0
1775635349.8725653,-3.0,-1.0,-66.0
1775635349.8825655,0.0,0.0,-69.0
1775635349.8925655,-2.0,-2.0,-68.0
1775635349.9025657,0.0,-2.0,-69.0
1775635349.9125657,-2.0,-2.0,-71.0
1775635349.9225657,-6.0,0.0,-77.0
1775635349.9325657,-9.0,-1.0,-72.0
1775635349.9425654,-6.0,0.0,-70.0
1775635349.9525654,-5.0,0.0,-70.0
1775635349.9625654,-3.0,0.0,-72.0
1775635349.9725654,-4.0,-1.0,-68.0
1775635349.9825654,-1.0,0.0,-71.0
1775635349.9925654,-2.0,0.0,-71.0
1775635350.0025654,-3.0,-1.0,-63.0
1775635350.0125654,-4.0,0.0,-54.0
1775635350.0235653,-4.0,-1.0,-57.0
1775635350.0335653,-2.0,-4.0,-55.0
1775635350.0435653,-2.0,-3.0,-58.0
1775635350.0535655,-1.0,-2.0,-62.0
1775635350.0635655,-1.0,0.0,-67.0
1775635350.0735655,-3.0,0.0,-62.0
1775635350.0835657,0.0,5.0,-64.0
1775635350.0935657,5.0,10.0,-72.0
1775635350.1035657,3.0,5.0,-78.0
1775635350.1135654,5.0,4.0,-82.0
1775635350.1235654,4.0,2.0,-76.0
1775635350.1335654,3.0,4.0,-76.0
1775635350.1435654,1.0,5.0,-76.0
1775635350.1535654,3.0,6.0,-68.0
1775635350.1635654,3.0,6.0,-67.0
1775635350.1735654,4.0,7.0,-69.0
1775635350.1835654,6.0,7.0,-68.0
1775635350.1935654,3.0,2.0,-61.0
1775635350.2035654,4.0,0.0,-63.0
1775635350.213565,5.0,0.0,-64.0
1775635350.223565,6.0,5.0,-63.0
1775635350.233565,-1.0,2.0,-61.0
1775635350.243565,0.0,0.0,-59.0
1775635350.2535653,0.0,1.0,-65.0
1775635350.2635653,0.0,3.0,-72.0
1775635350.2735653,4.0,7.0,-60.0
1775635350.2835653,2.0,5.0,-58.0
1775635350.2935653,-5.0,7.0,-62.0
1775635350.3035655,-6.0,6.0,-67.0
1775635350.3135655,-4.0,4.0,-73.0
1775635350.3235655,-2.0,0.0,-72.0
1775635350.3335657,0.0,1.0,-70.0
1775635350.3435657,1.0,4.0,-70.0
1775635350.3535657,1.0,9.0,-69.0
1775635350.3635654,0.0,6.0,-64.0
1775635350.3735654,-1.0,3.0,-62.0
1775635350.3835654,0.0,3.0,-57.0
1775635350.3935654,-1.0,2.0,-60.0
1775635350.4035654,-1.0,0.0,-61.0
1775635350.4135654,0.0,0.0,-62.0
1775635350.4235654,1.0,-2.0,-71.0
1775635350.4335654,1.0,-2.0,-78.0
1775635350.4435654,-1.0,1.0,-74.0
1775635350.4535654,-3.0,1.0,-66.0
1775635350.463565,-4.0,3.0,-61.0
1775635350.473565,-2.0,-2.0,-64.0
1775635350.483565,-3.0,-3.0,-61.0
1775635350.493565,-8.0,-2.0,-63.0
1775635350.5035653,-8.0,-1.0,-73.0
1775635350.5135653,-12.0,0.0,-66.0
1775635350.5235653,-10.0,0.0,-65.0
1775635350.5335653,-4.0,-3.0,-66.0
1775635350.5435653,0.0,-3.0,-69.0
1775635350.5535655,2.0,1.0,-77.0
1775635350.5635655,2.0,1.0,-71.0
1775635350.5735655,2.0,0.0,-72.0
1775635350.5835657,-1.0,0.0,-76.0
1775635350.5935657,0.0,0.0,-79.0
1775635350.6035657,-3.0,0.0,-75.0
1775635350.6135654,-1.0,-3.0,-75.0
1775635350.6235654,0.0,-3.0,-78.0
1775635350.6335654,-3.0,-2.0,-71.0
1775635350.6435654,-1.0,-3.0,-72.0
1775635350.6535654,-2.0,2.0,-69.0
1775635350.6635654,-4.0,2.0,-67.0
1775635350.6735654,-9.0,1.0,-66.0
1775635350.6835654,-13.0,2.0,-72.0
1775635350.6935654,-8.0,3.0,-76.0
1775635350.7035654,-4.0,3.0,-72.0
1775635350.713565,-1.0,0.0,-72.0
1775635350.723565,5.0,0.0,-68.0
1775635350.733565,6.0,-1.0,-71.0
1775635350.743565,6.0,0.0,-72.0
1775635350.7535653,2.0,-2.0,-70.0
1775635350.7635653,3.0,0.0,-70.0
1775635350.7735653,-4.0,3.0,-67.0
1775635350.7835653,-10.0,0.0,-61.0
1775635350.7935653,-7.0,-6.0,-59.0
1775635350.8035655,-6.0,-7.0,-68.0
1775635350.8135655,-4.0,-6.0,-67.0
1775635350.8235655,1.0,-7.0,-62.0
1775635350.8335657,4.0,-5.0,-60.0
1775635350.8435657,4.0,-4.0,-62.0
1775635350.8535657,2.0,-3.0,-64.0
1775635350.8635654,3.0,0.0,-62.0
1775635350.8735654,5.0,0.0,-65.0
1775635350.8835654,8.0,1.0,-65.0
1775635350.8935654,4.0,0.0,-73.0
1775635350.9035654,0.0,0.0,-71.0
1775635350.9135654,3.0,0.0,-72.0
1775635350.9235654,5.0,-4.0,-72.0
1775635350.9335654,6.0,-6.0,-71.0
1775635350.9435654,4.0,-9.0,-70.0
1775635350.9535654,0.0,-6.0,-71.0
1775635350.963565,-1.0,-2.0,-73.0
1775635350.973565,0.0,-4.0,-68.0
1775635350.983565,0.0,-4.0,-71.0
1775635350.993565,0.0,3.0,-68.0
1775635351.0035653,4.0,3.0,-67.0
1775635351.0135653,2.0,1.0,-66.0
1775635351.0235653,0.0,1.0,-64.0
1775635351.0335653,1.0,2.0,-67.0
1775635351.0435653,0.0,3.0,-72.0
1775635351.0535655,0.0,5.0,-74.0
1775635351.0635655,1.0,6.0,-73.0
1775635351.0735655,2.0,4.0,-73.0
1775635351.0835657,5.0,2.0,-77.0
1775635351.0935657,6.0,4.0,-72.0
1775635351.1035657,4.0,1.0,-67.0
1775635351.1135654,2.0,-2.0,-68.0
1775635351.1235654,2.0,-3.0,-69.0
1775635351.1335654,1.0,-3.0,-69.0
1775635351.1435654,4.0,-1.0,-71.0
1775635351.1535654,2.0,-3.0,-72.0
1775635351.1635654,1.0,-2.0,-73.0
1775635351.1735654,1.0,1.0,-71.0
1775635351.1835654,0.0,0.0,-70.0
1775635351.1935654,0.0,-2.0,-65.0
1775635351.2035654,-1.0,-4.0,-62.0
1775635351.213565,-1.0,-2.0,-65.0
1775635351.223565,0.0,-2.0,-66.0
1775635351.233565,1.0,-1.0,-68.0
1775635351.243565,1.0,2.0,-73.0
1775635351.2535653,-4.0,1.0,-74.0
1775635351.2635653,-4.0,0.0,-77.0
1775635351.2735653,0.0,-3.0,-80.0
1775635351.2835653,2.0,0.0,-76.0
1775635351.2935653,5.0,-2.0,-73.0
1775635351.3035655,3.0,-3.0,-70.0
1775635351.3135655,5.0,-6.0,-77.0
1775635351.3235655,8.0,-5.0,-75.0
1775635351.3335657,7.0,-6.0,-80.0
1775635351.3435657,7.0,-2.0,-71.0
1775635351.3535657,5.0,0.0,-74.0
1775635351.3635654,11.0,-2.0,-75.0
1775635351.3735654,5.0,-8.0,-77.0
1775635351.3835654,4.0,-5.0,-75.0
1775635351.3935654,2.0,-2.0,-67.0
1775635351.4035654,0.0,-2.0,-67.0
1775635351.4135654,0.0,-1.0,-68.0
1775635351.4235654,0.0,-1.0,-73.0
1775635351.4335654,1.0,0.0,-76.0
1775635351.4435654,4.0,-1.0,-78.0
1775635351.4535654,1.0,0.0,-70.0
1775635351.463565,0.0,-2.0,-67.0
1775635351.473565,3.0,-5.0,-66.0
1775635351.483565,1.0,-2.0,-66.0
1775635351.493565,-2.0,-2.0,-62.0
1775635351.5035653,0.0,0.0,-63.0
1775635351.5135653,0.0,2.0,-59.0
1775635351.5235653,0.0,2.0,-55.0
1775635351.5335653,0.0,5.0,-54.0
1775635351.5435653,0.0,3.0,-57.0
1775635351.5535655,-2.0,2.0,-54.0
1775635351.5635655,-6.0,3.0,-61.0
1775635351.5735655,-4.0,4.0,-67.0
1775635351.5835657,-10.0,0.0,-71.0
1775635351.5935657,-10.0,1.0,-66.0
1775635351.6035657,-8.0,-1.0,-65.0
1775635351.6135654,-5.0,-4.0,-69.0
1775635351.6235654,-2.0,-2.0,-70.0
1775635351.6335654,-2.0,-4.0,-71.0
1775635351.6435654,0.0,-3.0,-72.0
1775635351.6535654,2.0,0.0,-70.0
1775635351.664565,0.0,-3.0,-78.0
1775635351.6735654,-3.0,-3.0,-78.0
1775635351.6835654,-1.0,-3.0,-76.0
1775635351.6935654,2.0,-1.0,-75.0
1775635351.7035654,1.0,0.0,-71.0
1775635351.713565,4.0,-1.0,-75.0
1775635351.723565,5.0,-4.0,-71.0
1775635351.733565,3.0,0.0,-73.0
1775635351.743565,3.0,0.0,-64.0
1775635351.7535653,0.0,-1.0,-65.0
1775635351.7635653,-1.0,0.0,-65.0
1775635351.7735653,0.0,3.0,-67.0
1775635351.7835653,-1.0,6.0,-65.0
1775635351.7935653,-1.0,3.0,-65.0
1775635351.8035655,0.0,3.0,-64.0
1775635351.8135655,0.0,1.0,-63.0
1775635351.8235655,2.0,-1.0,-66.0
1775635351.8335657,2.0,0.0,-67.0
1775635351.8435657,-3.0,2.0,-70.0
1775635351.8535657,-6.0,-2.0,-69.0
1775635351.8635654,-5.0,-2.0,-69.0
1775635351.8735654,-1.0,0.0,-68.0
1775635351.8835654,1.0,-2.0,-64.0
1775635351.8935654,0.0,2.0,-61.0
1775635351.9035654,-2.0,4.0,-68.0
1775635351.9135654,0.0,4.0,-70.0
1775635351.9235654,5.0,7.0,-73.0
1775635351.9335654,0.0,5.0,-67.0
1775635351.9435654,-3.0,2.0,-76.0
1775635351.9535654,-1.0,3.0,-81.0
1775635351.963565,-1.0,0.0,-78.0
1775635351.973565,1.0,0.0,-82.0
1775635351.983565,0.0,-3.0,-80.0
1775635351.993565,-2.0,-6.0,-76.0
1775635352.0035653,-1.0,-6.0,-76.0
1775635352.0135653,-2.0,-3.0,-71.0
1775635352.0235653,0.0,-5.0,-69.0
1775635352.0335653,0.0,-7.0,-71.0
1775635352.0435653,1.0,-4.0,-71.0
1775635352.0535655,0.0,-2.0,-74.0
1775635352.0635655,1.0,-2.0,-72.0
1775635352.0735655,-2.0,-2.0,-70.0
1775635352.0835657,1.0,3.0,-66.0
1775635352.0935657,1.0,4.0,-63.0
1775635352.1035657,1.0,2.0,-61.0
1775635352.1135654,0.0,0.0,-68.0
1775635352.1235654,0.0,-3.0,-69.0
1775635352.1335654,0.0,2.0,-68.0
1775635352.1435654,-1.0,5.0,-64.0
1775635352.1535654,-1.0,1.0,-65.0
1775635352.1635654,0.0,0.0,-64.0
1775635352.1735654,-1.0,-1.0,-64.0
1775635352.1835654,-2.0,-1.0,-61.0
1775635352.1935654,-4.0,1.0,-63.0
1775635352.2035654,-2.0,4.0,-64.0
1775635352.213565,0.0,1.0,-67.0
1775635352.223565,1.0,-1.0,-65.0
1775635352.233565,4.0,3.0,-72.0
1775635352.243565,6.0,0.0,-66.0
1775635352.2535653,6.0,-1.0,-70.0
1775635352.2635653,5.0,0.0,-71.0
1775635352.2735653,4.0,-1.0,-72.0
1775635352.2835653,0.0,1.0,-67.0
1775635352.2935653,2.0,3.0,-69.0
1775635352.3035655,4.0,1.0,-68.0
1775635352.3135655,2.0,1.0,-62.0
1775635352.3235655,2.0,-1.0,-70.0
1775635352.3335657,3.0,-4.0,-71.0
1775635352.3435657,4.0,-3.0,-71.0
1775635352.3545654,8.0,-2.0,-73.0
1775635352.3645654,9.0,-2.0,-72.0
1775635352.3735654,5.0,-4.0,-75.0
1775635352.3845654,1.0,-1.0,-67.0
1775635352.394565,4.0,0.0,-70.0
1775635352.404565,0.0,0.0,-67.0
1775635352.414565,-2.0,0.0,-72.0
1775635352.4245653,0.0,3.0,-71.0
1775635352.4345653,0.0,5.0,-69.0
1775635352.4445653,0.0,4.0,-62.0
1775635352.4545653,-1.0,4.0,-61.0
1775635352.4645653,-4.0,4.0,-59.0
1775635352.4745653,-6.0,3.0,-59.0
1775635352.4845655,-7.0,4.0,-59.0
1775635352.4945655,-9.0,6.0,-61.0
1775635352.5045657,-7.0,4.0,-63.0
1775635352.5145657,-7.0,4.0,-66.0
1775635352.5245657,-7.0,4.0,-68.0
1775635352.5345654,-6.0,4.0,-74.0
1775635352.5445654,-2.0,1.0,-72.0
1775635352.5545654,0.0,-2.0,-70.0
1775635352.5645654,2.0,-6.0,-67.0
1775635352.5745654,1.0,-7.0,-73.0
1775635352.5845654,-3.0,-10.0,-78.0
1775635352.5945654,0.0,-8.0,-79.0
1775635352.6045654,1.0,-5.0,-74.0
1775635352.6145654,2.0,-4.0,-73.0
1775635352.6245654,0.0,-6.0,-77.0
1775635352.6345654,1.0,-4.0,-81.0
1775635352.644565,2.0,-1.0,-79.0
1775635352.654565,0.0,-1.0,-75.0
1775635352.664565,-1.0,0.0,-68.0
1775635352.6745653,-2.0,0.0,-66.0
1775635352.6845653,-1.0,3.0,-70.0
1775635352.6945653,0.0,5.0,-76.0
1775635352.7045653,-5.0,1.0,-73.0
1775635352.7145653,-3.0,0.0,-68.0
1775635352.7245653,-1.0,4.0,-61.0
1775635352.7345655,-1.0,1.0,-64.0
1775635352.7445655,-5.0,3.0,-70.0
1775635352.7545657,-1.0,0.0,-75.0
1775635352.7645657,1.0,-2.0,-81.0
1775635352.7745657,0.0,-1.0,-77.0
1775635352.7845654,0.0,-1.0,-71.0
1775635352.7945654,-3.0,1.0,-66.0
1775635352.8045654,0.0,0.0,-66.0
1775635352.8145654,2.0,1.0,-60.0
1775635352.8245654,-1.0,-1.0,-59.0
1775635352.8345654,0.0,0.0,-64.0
1775635352.8445654,1.0,0.0,-76.0
1775635352.8545654,0.0,5.0,-75.0
1775635352.8645654,0.0,5.0,-71.0
1775635352.8745654,3.0,4.0,-67.0
1775635352.8845654,3.0,3.0,-68.0
1775635352.894565,6.0,2.0,-66.0
1775635352.904565,4.0,2.0,-63.0
1775635352.914565,5.0,0.0,-62.0
1775635352.9245653,5.0,-2.0,-60.0
1775635352.9345653,8.0,0.0,-62.0
1775635352.9445653,5.0,-1.0,-68.0
1775635352.9545653,5.0,-1.0,-66.0
1775635352.9645653,3.0,2.0,-68.0
1775635352.9745653,6.0,3.0,-69.0
1775635352.9845655,1.0,4.0,-71.0
1775635352.9945655,0.0,5.0,-74.0
1775635353.0045657,4.0,5.0,-69.0
1775635353.0145657,4.0,3.0,-69.0
1775635353.0245657,0.0,2.0,-67.0
1775635353.0345654,-6.0,0.0,-64.0
1775635353.0445654,-4.0,-1.0,-68.0
1775635353.0545654,-8.0,-2.0,-67.0
1775635353.0645654,-2.0,-3.0,-67.0
1775635353.0745654,2.0,-2.0,-68.0
1775635353.0845654,-3.0,0.0,-63.0
1775635353.0945654,0.0,-1.0,-61.0
1775635353.1045654,0.0,-1.0,-55.0
1775635353.1145654,1.0,-2.0,-55.0
1775635353.1245654,1.0,-2.0,-55.0
1775635353.1345654,0.0,-3.0,-52.0
1775635353.144565,-3.0,-5.0,-46.0
1775635353.154565,-9.0,-8.0,-49.0
1775635353.164565,-7.0,-6.0,-52.0
1775635353.1745653,-3.0,-2.0,-56.0
1775635353.1845653,-1.0,0.0,-54.0
1775635353.1945653,-3.0,4.0,-56.0
1775635353.2045653,-3.0,7.0,-60.0
1775635353.2145653,1.0,9.0,-62.0
1775635353.2245653,5.0,10.0,-60.0
1775635353.2345655,1.0,8.0,-66.0
1775635353.2445655,1.0,7.0,-71.0
1775635353.2545657,-6.0,5.0,-74.0
1775635353.2645657,-8.0,3.0,-76.0
1775635353.2745657,-6.0,2.0,-75.0
1775635353.2845654,-7.0,0.0,-73.0
1775635353.2945654,-6.0,0.0,-64.0
1775635353.3045654,-7.0,0.0,-62.0
1775635353.3145654,-3.0,0.0,-65.0
1775635353.3245654,-1.0,-1.0,-62.0
1775635353.3345654,0.0,-3.0,-68.0
1775635353.3445654,0.0,-5.0,-65.0
1775635353.3545654,-4.0,-1.0,-71.0
1775635353.3645654,-3.0,0.0,-70.0
1775635353.3745654,-2.0,4.0,-70.0
1775635353.3845654,-2.0,3.0,-68.0
1775635353.394565,0.0,1.0,-62.0
1775635353.404565,0.0,3.0,-61.0
1775635353.414565,-1.0,1.0,-69.0
1775635353.4245653,-1.0,3.0,-67.0
1775635353.4345653,1.0,2.0,-69.0
1775635353.4445653,1.0,0.0,-70.0
1775635353.4545653,0.0,4.0,-73.0
1775635353.4645653,1.0,3.0,-71.0
1775635353.4745653,3.0,3.0,-78.0
1775635353.4845655,0.0,2.0,-70.0
1775635353.4945655,0.0,2.0,-68.0
1775635353.5045657,-1.0,3.0,-71.0
1775635353.5145657,2.0,1.0,-67.0
1775635353.5245657,-3.0,-1.0,-63.0
1775635353.5345654,-4.0,1.0,-69.0
1775635353.5445654,-4.0,4.0,-69.0
1775635353.5545654,1.0,6.0,-65.0
1775635353.5645654,-1.0,2.0,-64.0
1775635353.5745654,0.0,1.0,-69.0
1775635353.5845654,-2.0,3.0,-70.0
1775635353.5945654,0.0,0.0,-70.0
1775635353.6045654,5.0,0.0,-68.0
1775635353.6145654,3.0,0.0,-63.0
1775635353.6245654,0.0,0.0,-56.0
1775635353.6345654,-1.0,-2.0,-63.0
1775635353.644565,-1.0,-6.0,-62.0
1775635353.654565,-2.0,0.0,-62.0
1775635353.664565,-1.0,-3.0,-62.0
1775635353.6745653,0.0,-3.0,-63.0
1775635353.6845653,-1.0,0.0,-61.0
1775635353.6945653,-1.0,1.0,-58.0
1775635353.7045653,-5.0,7.0,-65.0
1775635353.7145653,-5.0,11.0,-64.0
1775635353.7245653,-5.0,8.0,-62.0
1775635353.7345655,-2.0,4.0,-61.0
1775635353.7445655,-3.0,3.0,-58.0
1775635353.7545657,2.0,3.0,-61.0
1775635353.7645657,3.0,3.0,-63.0
1775635353.7745657,4.0,3.0,-62.0
1775635353.7845654,5.0,9.0,-52.0
1775635353.7945654,3.0,7.0,-55.0
1775635353.8045654,3.0,7.0,-61.0
1775635353.8145654,3.0,7.0,-60.0
1775635353.8245654,2.0,2.0,-60.0
1775635353.8345654,5.0,0.0,-59.0
1775635353.8445654,4.0,-2.0,-61.0
1775635353.8545654,5.0,-5.0,-65.0
1775635353.8645654,4.0,-4.0,-70.0
1775635353.8745654,8.0,-7.0,-72.0
1775635353.8845654,8.0,-11.0,-69.0
1775635353.894565,9.0,-8.0,-66.0
1775635353.904565,12.0,-7.0,-64.0
1775635353.914565,10.0,-6.0,-70.0
1775635353.9245653,8.0,-5.0,-67.0
1775635353.9345653,7.0,-6.0,-63.0
1775635353.9445653,7.0,-3.0,-61.0
1775635353.9545653,2.0,0.0,-65.0
1775635353.9645653,1.0,-1.0,-69.0
1775635353.9745653,0.0,-2.0,-68.0
1775635353.9845655,0.0,-2.0,-68.0
1775635353.9945655,-1.0,0.0,-70.0
1775635354.0045657,3.0,3.0,-71.0
1775635354.0145657,5.0,-1.0,-73.0
1775635354.0245657,1.0,-1.0,-70.0
1775635354.0345654,3.0,-5.0,-70.0
1775635354.0445654,7.0,-3.0,-69.0
1775635354.0545654,1.0,-3.0,-69.0
1775635354.0645654,0.0,-6.0,-67.0
1775635354.0745654,1.0,-5.0,-64.0
1775635354.0845654,6.0,-3.0,-69.0
1775635354.0945654,5.0,-2.0,-74.0
1775635354.1045654,10.0,-1.0,-68.0
1775635354.1145654,6.0,-1.0,-75.0
1775635354.1245654,0.0,0.0,-88.0
1775635354.1345654,2.0,0.0,-86.0
1775635354.144565,2.0,-1.0,-79.0
1775635354.154565,0.0,1.0,-68.0
1775635354.164565,0.0,-1.0,-76.0
1775635354.1745653,-5.0,-1.0,-73.0
1775635354.1845653,-6.0,1.0,-71.0
1775635354.1945653,-6.0,3.0,-74.0
1775635354.2045653,-4.0,3.0,-74.0
1775635354.2145653,-4.0,0.0,-70.0
1775635354.2245653,-3.0,0.0,-71.0
1775635354.2345655,-9.0,0.0,-71.0
1775635354.2445655,-7.0,0.0,-71.0
1775635354.2545657,-10.0,2.0,-71.0
1775635354.2645657,-7.0,0.0,-65.0
1775635354.2745657,-9.0,2.0,-66.0
1775635354.2845654,-6.0,0.0,-67.0
1775635354.2945654,-2.0,3.0,-76.0
1775635354.3045654,-3.0,5.0,-73.0
1775635354.3145654,0.0,1.0,-72.0
1775635354.3245654,-3.0,2.0,-70.0
1775635354.3345654,-1.0,-2.0,-70.0
1775635354.3445654,0.0,0.0,-69.0
1775635354.3545654,0.0,0.0,-70.0
1775635354.3645654,-1.0,-1.0,-73.0
1775635354.3745654,4.0,1.0,-74.0
1775635354.3845654,4.0,3.0,-74.0
1775635354.394565,2.0,1.0,-70.0
1775635354.404565,3.0,2.0,-67.0
1775635354.414565,2.0,0.0,-68.0
1775635354.4245653,2.0,-4.0,-66.0
1775635354.4345653,-1.0,-6.0,-72.0
1775635354.4445653,0.0,-3.0,-65.0
1775635354.4545653,-4.0,-4.0,-66.0
1775635354.4645653,-4.0,-5.0,-63.0
1775635354.4745653,-2.0,-5.0,-65.0
1775635354.4845655,-1.0,-4.0,-75.0
1775635354.4945655,-2.0,-7.0,-80.0
1775635354.5045657,-2.0,-5.0,-79.0
1775635354.5145657,-1.0,-4.0,-70.0
1775635354.5245657,1.0,-4.0,-64.0
1775635354.5345654,0.0,-1.0,-64.0
1775635354.5445654,0.0,4.0,-64.0
1775635354.5545654,-1.0,5.0,-63.0
1775635354.5645654,-2.0,2.0,-72.0
1775635354.5745654,0.0,3.0,-76.0
1775635354.5845654,1.0,3.0,-69.0
1775635354.5945654,0.0,5.0,-74.0
1775635354.6045654,1.0,1.0,-73.0
1775635354.6145654,3.0,0.0,-71.0
1775635354.6245654,0.0,-1.0,-77.0
1775635354.6345654,-1.0,0.0,-77.0
1775635354.644565,-3.0,-4.0,-72.0
1775635354.654565,0.0,-3.0,-73.0
1775635354.664565,1.0,-2.0,-73.0
1775635354.6745653,1.0,-1.0,-78.0
1775635354.6855657,-1.0,-2.0,-73.0
1775635354.6955657,-2.0,-3.0,-74.0
1775635354.7055657,-7.0,0.0,-77.0
1775635354.7155654,-6.0,0.0,-76.0
1775635354.7255654,-6.0,-2.0,-73.0
1775635354.7355654,0.0,0.0,-63.0
1775635354.7455654,0.0,1.0,-65.0
1775635354.7555654,5.0,0.0,-65.0
1775635354.7655654,5.0,0.0,-65.0
1775635354.7755654,2.0,2.0,-68.0
1775635354.7855654,0.0,4.0,-68.0
1775635354.7955654,4.0,7.0,-73.0
1775635354.8055654,2.0,5.0,-74.0
1775635354.815565,0.0,4.0,-70.0
1775635354.825565,-2.0,3.0,-74.0
1775635354.835565,-2.0,4.0,-75.0
1775635354.8455653,0.0,1.0,-71.0
1775635354.8555653,-1.0,1.0,-64.0
1775635354.8655653,-5.0,0.0,-57.0
1775635354.8755653,-2.0,0.0,-59.0
1775635354.8855653,-2.0,5.0,-65.0
1775635354.8955653,-2.0,3.0,-65.0
1775635354.9055655,-1.0,4.0,-73.0
1775635354.9155655,-1.0,1.0,-77.0
1775635354.9255655,-5.0,4.0,-76.0
1775635354.9355657,-8.0,2.0,-72.0
1775635354.9455657,-6.0,0.0,-68.0
1775635354.9555657,-11.0,0.0,-67.0
1775635354.9655654,-9.0,3.0,-74.0
1775635354.9755654,-7.0,3.0,-72.0
1775635354.9855654,-4.0,2.0,-72.0
1775635354.9955654,-6.0,2.0,-81.0
1775635355.0055654,-3.0,3.0,-81.0
1775635355.0155654,-5.0,5.0,-77.0
1775635355.0255654,-7.0,5.0,-70.0
1775635355.0355654,-4.0,2.0,-65.0
1775635355.0455654,-2.0,3.0,-64.0
1775635355.0555654,0.0,0.0,-70.0
1775635355.065565,2.0,-2.0,-66.0
1775635355.075565,6.0,-1.0,-66.0
1775635355.085565,7.0,-1.0,-66.0
1775635355.0955653,4.0,-1.0,-72.0
1775635355.1055653,1.0,-3.0,-74.0
1775635355.1155653,3.0,-4.0,-74.0
1775635355.1255653,2.0,-1.0,-74.0
1775635355.1355653,2.0,1.0,-74.0
1775635355.1455653,0.0,0.0,-75.0
1775635355.1555655,0.0,-3.0,-68.0
1775635355.1655655,0.0,-4.0,-64.0
1775635355.1755655,0.0,0.0,-59.0
1775635355.1855657,0.0,0.0,-59.0
1775635355.1955657,-2.0,1.0,-62.0
1775635355.2055657,-5.0,3.0,-67.0
1775635355.2155654,-4.0,1.0,-73.0
1775635355.2255654,-6.0,1.0,-77.0
1775635355.2355654,-4.0,3.0,-73.0
1775635355.2455654,-1.0,1.0,-74.0
1775635355.2555654,-5.0,3.0,-75.0
1775635355.2655654,-2.0,8.0,-79.0
1775635355.2755654,-3.0,8.0,-75.0
1775635355.2855654,-5.0,4.0,-78.0
1775635355.2955654,-5.0,4.0,-75.0
1775635355.3055654,-2.0,0.0,-78.0
1775635355.315565,-5.0,5.0,-72.0
1775635355.325565,-5.0,3.0,-71.0
1775635355.335565,-1.0,0.0,-72.0
1775635355.3455653,-3.0,0.0,-76.0
1775635355.3555653,-5.0,-3.0,-70.0
1775635355.3655653,-6.0,0.0,-69.0
1775635355.3755653,-10.0,-1.0,-74.0
1775635355.3855653,-7.0,-4.0,-69.0
1775635355.3955653,-5.0,-2.0,-63.0
1775635355.4055655,-5.0,-5.0,-68.0
1775635355.4155655,-5.0,-2.0,-63.0
1775635355.4255655,-2.0,-5.0,-72.0
1775635355.4355657,1.0,-1.0,-75.0
1775635355.4455657,0.0,-1.0,-68.0
1775635355.4555657,0.0,0.0,-61.0
1775635355.4655654,-1.0,1.0,-57.0
1775635355.4755654,-6.0,0.0,-61.0
1775635355.4855654,-3.0,-1.0,-66.0
1775635355.4955654,0.0,0.0,-72.0
1775635355.5055654,1.0,0.0,-74.0
1775635355.5155654,0.0,-2.0,-78.0
1775635355.5255654,2.0,-2.0,-72.0
1775635355.5355654,4.0,-1.0,-69.0
1775635355.5455654,2.0,1.0,-67.0
1775635355.5555654,0.0,2.0,-71.0
1775635355.565565,0.0,0.0,-69.0
1775635355.575565,0.0,-3.0,-71.0
1775635355.585565,0.0,-2.0,-76.0
1775635355.5955653,-1.0,0.0,-70.0
1775635355.6055653,0.0,0.0,-70.0
1775635355.6155653,0.0,0.0,-75.0
1775635355.6255653,0.0,2.0,-76.0
1775635355.6355653,0.0,-1.0,-75.0
1775635355.6455653,-2.0,-4.0,-72.0
1775635355.6555655,0.0,-5.0,-69.0
1775635355.6655655,-4.0,-4.0,-72.0
1775635355.6755655,-3.0,-3.0,-65.0
1775635355.6855657,-2.0,-1.0,-66.0
1775635355.6955657,0.0,0.0,-59.0
1775635355.7055657,0.0,2.0,-65.0
1775635355.7155654,-2.0,1.0,-63.0
1775635355.7255654,-1.0,2.0,-63.0
1775635355.7355654,-3.0,0.0,-63.0
1775635355.7455654,0.0,-4.0,-74.0
1775635355.7555654,1.0,-4.0,-70.0
1775635355.7655654,0.0,-1.0,-64.0
1775635355.7755654,0.0,-7.0,-69.0
1775635355.7855654,-1.0,-3.0,-76.0
1775635355.7955654,0.0,-5.0,-64.0
1775635355.8055654,4.0,-9.0,-66.0
1775635355.815565,4.0,-7.0,-65.0
1775635355.825565,5.0,-6.0,-61.0
1775635355.835565,0.0,-5.0,-62.0
1775635355.8455653,-1.0,-6.0,-62.0
1775635355.8555653,-3.0,-3.0,-69.0
1775635355.8655653,0.0,-3.0,-73.0
1775635355.8755653,0.0,-5.0,-77.0
1775635355.8855653,-1.0,-7.0,-80.0
1775635355.8955653,-4.0,-8.0,-82.0
1775635355.9055655,0.0,-10.0,-77.0
1775635355.9155655,0.0,-9.0,-81.0
1775635355.9255655,3.0,-5.0,-82.0
1775635355.9355657,4.0,-5.0,-73.0
1775635355.9455657,5.0,-3.0,-73.0
1775635355.9555657,1.0,0.0,-69.0
1775635355.9655654,0.0,0.0,-69.0
1775635355.9755654,1.0,-3.0,-66.0
1775635355.9855654,1.0,-4.0,-65.0
1775635355.9955654,0.0,-3.0,-64.0
1775635356.0055654,-1.0,-4.0,-66.0
1775635356.0155654,-4.0,3.0,-64.0
1775635356.0255654,-2.0,1.0,-65.0
1775635356.0355654,-6.0,1.0,-68.0
1775635356.0455654,-3.0,1.0,-72.0
1775635356.0555654,-7.0,3.0,-63.0
1775635356.065565,-8.0,5.0,-66.0
1775635356.075565,-7.0,4.0,-60.0
1775635356.085565,-9.0,1.0,-59.0
1775635356.0955653,-6.0,-1.0,-61.0
1775635356.1055653,-6.0,-3.0,-60.0
1775635356.1155653,-2.0,-2.0,-62.0
1775635356.1255653,2.0,-1.0,-67.0
1775635356.1355653,3.0,-2.0,-73.0
1775635356.1455653,1.0,-2.0,-71.0
1775635356.1555655,-1.0,0.0,-77.0
1775635356.1655655,-2.0,-3.0,-82.0
1775635356.1755655,-6.0,-7.0,-80.0
1775635356.1855657,-3.0,-6.0,-77.0
1775635356.1955657,1.0,-5.0,-68.0
1775635356.2055657,5.0,-3.0,-66.0
1775635356.2155654,0.0,-4.0,-70.0
1775635356.2255654,-4.0,-3.0,-75.0
1775635356.2355654,-7.0,-4.0,-72.0
1775635356.2455654,-7.0,-5.0,-72.0
1775635356.2555654,-7.0,-5.0,-72.0
1775635356.2655654,-7.0,-7.0,-73.0
1775635356.2755654,-1.0,-5.0,-76.0
1775635356.2855654,-3.0,-4.0,-72.0
1775635356.2955654,-8.0,-1.0,-62.0
1775635356.3055654,-4.0,3.0,-58.0
1775635356.315565,-6.0,0.0,-56.0
1775635356.325565,-10.0,-1.0,-57.0
1775635356.335565,-9.0,-3.0,-58.0
1775635356.3455653,-8.0,-4.0,-62.0
1775635356.3555653,-4.0,-3.0,-58.0
1775635356.3655653,-2.0,0.0,-59.0
1775635356.3755653,-3.0,0.0,-56.0
1775635356.3855653,-4.0,-2.0,-64.0
1775635356.3955653,-2.0,-1.0,-64.0
1775635356.4055655,0.0,0.0,-62.0
1775635356.4155655,3.0,-4.0,-74.0
1775635356.4255655,6.0,-4.0,-75.0
1775635356.4355657,4.0,-1.0,-71.0
1775635356.4455657,5.0,1.0,-72.0
1775635356.4555657,10.0,0.0,-77.0
1775635356.4655654,11.0,-4.0,-82.0
1775635356.4755654,6.0,0.0,-77.0
1775635356.4855654,2.0,-2.0,-79.0
1775635356.4955654,3.0,-1.0,-74.0
1775635356.5055654,-3.0,0.0,-72.0
1775635356.5155654,0.0,2.0,-74.0
1775635356.5255654,0.0,-3.0,-64.0
1775635356.5355654,-1.0,-4.0,-63.0
1775635356.5455654,0.0,-3.0,-62.0
1775635356.5555654,3.0,-6.0,-64.0
1775635356.565565,3.0,-5.0,-66.0
1775635356.575565,5.0,-2.0,-68.0
1775635356.585565,7.0,-3.0,-69.0
1775635356.5955653,4.0,1.0,-62.0
1775635356.6055653,1.0,-3.0,-67.0
1775635356.6155653,1.0,-2.0,-73.0
1775635356.6255653,-1.0,-5.0,-77.0
1775635356.6355653,-2.0,-9.0,-71.0
1775635356.6455653,-1.0,-9.0,-67.0
1775635356.6555655,3.0,0.0,-68.0
1775635356.6655655,4.0,-1.0,-67.0
1775635356.6755655,2.0,0.0,-71.0
1775635356.6855657,0.0,1.0,-69.0
1775635356.6955657,1.0,0.0,-73.0
1775635356.7055657,0.0,-6.0,-66.0
1775635356.7155654,0.0,-11.0,-67.0
1775635356.7255654,0.0,-6.0,-64.0
1775635356.7355654,-3.0,-6.0,-64.0
1775635356.7455654,1.0,-7.0,-62.0
1775635356.7555654,4.0,-10.0,-60.0
1775635356.7655654,2.0,-9.0,-62.0
1775635356.7755654,2.0,-10.0,-66.0
1775635356.7855654,0.0,-9.0,-68.0
1775635356.7955654,0.0,-8.0,-67.0
1775635356.8055654,3.0,-5.0,-69.0
1775635356.815565,0.0,-4.0,-69.0
1775635356.825565,0.0,-3.0,-75.0
1775635356.835565,0.0,-1.0,-77.0
1775635356.8455653,-4.0,-7.0,-80.0
1775635356.8555653,-6.0,-10.0,-78.0
1775635356.8655653,-4.0,-8.0,-82.0
1775635356.8755653,-2.0,-7.0,-80.0
1775635356.8855653,0.0,-5.0,-75.0
1775635356.8955653,0.0,-4.0,-76.0
1775635356.9055655,0.0,-6.0,-76.0
1775635356.9155655,1.0,-2.0,-75.0
1775635356.9255655,0.0,0.0,-76.0
1775635356.9355657,-2.0,-3.0,-71.0
1775635356.9455657,-3.0,-1.0,-68.0
1775635356.9555657,0.0,0.0,-62.0
1775635356.9655654,0.0,0.0,-64.0
1775635356.9765654,-2.0,-1.0,-70.0
1775635356.9855654,-1.0,0.0,-68.0
1775635356.9955654,-3.0,-4.0,-69.0
1775635357.006565,-2.0,-2.0,-79.0
1775635357.016565,-7.0,0.0,-71.0
1775635357.0265653,-7.0,2.0,-66.0
1775635357.0365653,-7.0,3.0,-70.0
1775635357.0465653,-9.0,3.0,-65.0
1775635357.0565653,-7.0,1.0,-62.0
1775635357.0665653,-5.0,-1.0,-63.0
1775635357.0765653,-2.0,-3.0,-71.0
1775635357.0865655,-1.0,-5.0,-73.0
1775635357.0965655,1.0,-4.0,-74.0
1775635357.1065657,3.0,-4.0,-67.0
1775635357.1165657,3.0,-5.0,-63.0
1775635357.1265657,4.0,-7.0,-61.0
1775635357.1365654,3.0,-5.0,-68.0
1775635357.1465654,3.0,-4.0,-73.0
1775635357.1565654,7.0,-4.0,-74.0
1775635357.1665654,2.0,-6.0,-77.0
1775635357.1765654,-1.0,-7.0,-81.0
1775635357.1865654,-7.0,-6.0,-82.0
1775635357.1965654,-6.0,-5.0,-73.0
1775635357.2065654,-4.0,-2.0,-74.0
1775635357.2165654,-4.0,-3.0,-70.0
1775635357.2265654,-4.0,0.0,-68.0
1775635357.2365654,-1.0,5.0,-69.0
1775635357.246565,-1.0,7.0,-63.0
1775635357.256565,-2.0,5.0,-55.0
1775635357.266565,0.0,0.0,-57.0
1775635357.2765653,2.0,-2.0,-52.0
1775635357.2865653,3.0,-2.0,-53.0
1775635357.2965653,4.0,-7.0,-55.0
1775635357.3065653,2.0,-6.0,-55.0
1775635357.3165653,4.0,-4.0,-68.0
1775635357.3265653,4.0,0.0,-68.0
1775635357.3365655,2.0,-3.0,-69.0
1775635357.3465655,1.0,-2.0,-69.0
1775635357.3565657,-2.0,-3.0,-66.0
1775635357.3665657,-1.0,-1.0,-60.0
1775635357.3765657,1.0,-3.0,-63.0
1775635357.3865654,-1.0,-4.0,-64.0
1775635357.3965654,-3.0,-3.0,-64.0
1775635357.4065654,-1.0,-3.0,-65.0
1775635357.4165654,-2.0,-7.0,-67.0
1775635357.4265654,-3.0,-13.0,-65.0
1775635357.4365654,-3.0,-10.0,-67.0
1775635357.4465654,-4.0,-3.0,-74.0
1775635357.4565654,0.0,-2.0,-71.0
1775635357.4665654,-1.0,-3.0,-71.0
1775635357.4765654,2.0,-6.0,-69.0
1775635357.4865654,7.0,-7.0,-70.0
1775635357.496565,11.0,-5.0,-71.0
1775635357.506565,5.0,-2.0,-73.0
1775635357.516565,4.0,-3.0,-74.0
1775635357.5265653,2.0,-3.0,-72.0
1775635357.5365653,1.0,-2.0,-63.0
1775635357.5465653,-1.0,-2.0,-63.0
1775635357.5565653,1.0,-5.0,-70.0
1775635357.5665653,-2.0,-4.0,-64.0
1775635357.5765653,-3.0,-2.0,-66.0
1775635357.5865655,-4.0,-5.0,-74.0
1775635357.5965655,0.0,-7.0,-73.0
1775635357.6065657,3.0,-8.0,-75.0
1775635357.6165657,1.0,-7.0,-70.0
1775635357.6265657,0.0,-3.0,-72.0
1775635357.6365654,0.0,0.0,-67.0
1775635357.6465654,-1.0,0.0,-69.0
1775635357.6565654,-3.0,0.0,-70.0
1775635357.6665654,0.0,0.0,-68.0
1775635357.6765654,2.0,3.0,-68.0
1775635357.6865654,2.0,0.0,-61.0
1775635357.6965654,2.0,-3.0,-59.0
1775635357.7065654,1.0,-2.0,-63.0
1775635357.7165654,0.0,0.0,-69.0
1775635357.7265654,-1.0,-2.0,-70.0
1775635357.7365654,5.0,-3.0,-69.0
1775635357.746565,4.0,-4.0,-74.0
1775635357.756565,3.0,0.0,-85.0
1775635357.766565,4.0,1.0,-75.0
1775635357.7765653,7.0,0.0,-70.0
1775635357.7865653,0.0,0.0,-64.0
1775635357.7965653,0.0,-2.0,-58.0
1775635357.8065653,1.0,-1.0,-58.0
1775635357.8165653,0.0,1.0,-60.0
1775635357.8265653,0.0,1.0,-59.0
1775635357.8365655,0.0,4.0,-54.0
1775635357.8465655,0.0,7.0,-53.0
1775635357.8565657,0.0,0.0,-55.0
1775635357.8665657,0.0,0.0,-55.0
1775635357.8765657,0.0,-1.0,-61.0
1775635357.8865654,0.0,1.0,-66.0
1775635357.8965654,0.0,1.0,-65.0
1775635357.9065654,2.0,-1.0,-58.0
1775635357.9165654,-2.0,0.0,-64.0
1775635357.9265654,-5.0,0.0,-72.0
1775635357.9365654,-7.0,4.0,-75.0
1775635357.9465654,-2.0,5.0,-76.0
1775635357.9565654,0.0,2.0,-72.0
1775635357.9665654,-1.0,0.0,-70.0
1775635357.9765654,-1.0,-2.0,-71.0
1775635357.9865654,-5.0,1.0,-72.0
1775635357.996565,-2.0,0.0,-70.0
1775635358.006565,-1.0,0.0,-68.0
1775635358.016565,1.0,0.0,-73.0
1775635358.0265653,0.0,-5.0,-75.0
1775635358.0365653,-2.0,-5.0,-80.0
1775635358.0465653,-1.0,-8.0,-71.0
1775635358.0565653,-1.0,-8.0,-64.0
1775635358.0665653,-9.0,-6.0,-66.0
1775635358.0765653,-10.0,-5.0,-61.0
1775635358.0865655,-6.0,-2.0,-66.0
1775635358.0965655,-2.0,-5.0,-68.0
1775635358.1065657,3.0,-2.0,-71.0
1775635358.1165657,3.0,3.0,-66.0
1775635358.1265657,1.0,3.0,-64.0
1775635358.1365654,-4.0,7.0,-59.0
1775635358.1465654,-2.0,7.0,-59.0
1775635358.1565654,-1.0,2.0,-61.0
1775635358.1665654,0.0,0.0,-65.0
1775635358.1765654,-2.0,-5.0,-63.0
1775635358.1865654,-3.0,-3.0,-69.0
1775635358.1965654,-2.0,-5.0,-64.0
1775635358.2065654,0.0,-5.0,-65.0
1775635358.2165654,1.0,-6.0,-65.0
1775635358.2265654,0.0,-5.0,-66.0
1775635358.2365654,-3.0,-5.0,-67.0
1775635358.246565,-3.0,-3.0,-70.0
1775635358.256565,-1.0,-3.0,-66.0
1775635358.266565,-3.0,-2.0,-62.0
1775635358.2765653,-1.0,0.0,-73.0
1775635358.2865653,1.0,-2.0,-68.0
1775635358.2965653,4.0,0.0,-65.0
1775635358.3065653,8.0,0.0,-69.0
1775635358.3165653,9.0,2.0,-60.0
1775635358.3265653,8.0,4.0,-54.0
1775635358.3365655,8.0,0.0,-57.0
1775635358.3465655,8.0,-4.0,-60.0
1775635358.3565657,4.0,-2.0,-57.0
1775635358.3665657,0.0,0.0,-54.0
1775635358.3765657,-1.0,0.0,-51.0
1775635358.3865654,0.0,0.0,-54.0
1775635358.3965654,6.0,-2.0,-62.0
1775635358.4065654,5.0,-3.0,-71.0
1775635358.4165654,10.0,1.0,-69.0
1775635358.4265654,12.0,3.0,-70.0
1775635358.4365654,7.0,4.0,-69.0
1775635358.4465654,7.0,6.0,-62.0
1775635358.4565654,7.0,4.0,-60.0
1775635358.4665654,5.0,1.0,-54.0
1775635358.4765654,4.0,3.0,-55.0
1775635358.4865654,1.0,2.0,-59.0
1775635358.496565,0.0,3.0,-63.0
1775635358.506565,4.0,5.0,-71.0
1775635358.516565,8.0,4.0,-79.0
1775635358.5265653,2.0,3.0,-76.0
1775635358.5365653,4.0,1.0,-87.0
1775635358.5465653,3.0,3.0,-87.0
1775635358.5565653,0.0,4.0,-88.0
1775635358.5665653,1.0,1.0,-79.0
1775635358.5765653,-5.0,-2.0,-72.0
1775635358.5865655,-7.0,0.0,-72.0
1775635358.5965655,-3.0,-4.0,-72.0
1775635358.6065657,0.0,-1.0,-71.0
1775635358.6165657,-7.0,1.0,-72.0
1775635358.6265657,-3.0,-2.0,-70.0
1775635358.6365654,-1.0,-4.0,-74.0
1775635358.6465654,2.0,-2.0,-82.0
1775635358.6565654,0.0,-1.0,-86.0
1775635358.6665654,0.0,-1.0,-82.0
1775635358.6765654,4.0,-5.0,-79.0
1775635358.6865654,7.0,-2.0,-71.0
1775635358.6965654,4.0,1.0,-73.0
1775635358.7065654,3.0,4.0,-81.0
1775635358.7165654,2.0,5.0,-75.0
1775635358.7265654,1.0,4.0,-70.0
1775635358.7365654,2.0,0.0,-68.0
1775635358.746565,2.0,2.0,-60.0
1775635358.756565,1.0,2.0,-65.0
1775635358.766565,5.0,2.0,-54.0
1775635358.7765653,5.0,0.0,-57.0
1775635358.7865653,2.0,3.0,-60.0
1775635358.7965653,0.0,1.0,-62.0
1775635358.8065653,4.0,1.0,-66.0
1775635358.8165653,0.0,1.0,-73.0
1775635358.8265653,-5.0,0.0,-65.0
1775635358.8365655,-8.0,0.0,-62.0
1775635358.8465655,-7.0,-1.0,-65.0
1775635358.8565657,-6.0,0.0,-68.0
1775635358.8665657,-5.0,-4.0,-66.0
1775635358.8765657,-5.0,-7.0,-62.0
1775635358.8865654,-7.0,-6.0,-62.0
1775635358.8965654,-5.0,-8.0,-67.0
1775635358.9065654,-4.0,-5.0,-71.0
1775635358.9165654,-3.0,-6.0,-71.0
1775635358.9265654,-1.0,-7.0,-69.0
1775635358.9365654,-2.0,-5.0,-72.0
1775635358.9465654,-1.0,-2.0,-65.0
1775635358.9565654,0.0,0.0,-59.0
1775635358.9665654,5.0,0.0,-67.0
1775635358.9765654,6.0,3.0,-66.0
1775635358.9865654,2.0,5.0,-64.0
1775635358.996565,1.0,7.0,-65.0
1775635359.006565,5.0,3.0,-69.0
1775635359.016565,2.0,0.0,-77.0
1775635359.0265653,5.0,-3.0,-83.0
1775635359.0375657,1.0,0.0,-81.0
1775635359.0465653,0.0,3.0,-90.0
1775635359.0565653,0.0,3.0,-87.0
1775635359.0665653,5.0,0.0,-79.0
1775635359.0765653,5.0,4.0,-75.0
1775635359.0865655,1.0,1.0,-65.0
1775635359.0965655,0.0,4.0,-65.0
1775635359.1065657,0.0,4.0,-64.0
1775635359.1165657,-3.0,1.0,-65.0
1775635359.1265657,-2.0,-2.0,-68.0
1775635359.1365654,-2.0,1.0,-66.0
1775635359.1465654,-3.0,0.0,-62.0
1775635359.1565654,-3.0,-1.0,-64.0
1775635359.1665654,0.0,3.0,-59.0
1775635359.1765654,0.0,1.0,-67.0
1775635359.1865654,0.0,1.0,-73.0
1775635359.1965654,1.0,1.0,-71.0
1775635359.2065654,0.0,0.0,-76.0
1775635359.2165654,0.0,-3.0,-71.0
1775635359.2265654,2.0,-4.0,-75.0
1775635359.2365654,-1.0,2.0,-71.0
1775635359.246565,-3.0,0.0,-74.0
1775635359.256565,0.0,2.0,-74.0
1775635359.266565,2.0,0.0,-78.0
1775635359.2765653,4.0,-1.0,-76.0
1775635359.2865653,8.0,2.0,-75.0
1775635359.2965653,7.0,0.0,-76.0
1775635359.3065653,3.0,-1.0,-74.0
1775635359.3165653,0.0,0.0,-70.0
1775635359.3275654,0.0,-1.0,-75.0
1775635359.3375654,-5.0,-2.0,-78.0
1775635359.3475654,-5.0,-2.0,-84.0
1775635359.3575654,0.0,-3.0,-81.0
1775635359.3675654,-1.0,-4.0,-80.0
1775635359.3775654,-5.0,-4.0,-72.0
1775635359.3875654,-2.0,-2.0,-70.0
1775635359.3975654,1.0,-2.0,-68.0
1775635359.4075654,0.0,-3.0,-69.0
1775635359.417565,2.0,-5.0,-69.0
1775635359.427565,-1.0,-2.0,-68.0
1775635359.437565,0.0,-6.0,-64.0
1775635359.4475653,0.0,-6.0,-72.0
1775635359.4575653,4.0,-2.0,-78.0
1775635359.4675653,3.0,1.0,-78.0
1775635359.4775653,5.0,0.0,-69.0
1775635359.4875653,3.0,1.0,-64.0
1775635359.4975653,-1.0,4.0,-66.0
1775635359.5075655,-3.0,4.0,-70.0
1775635359.5175655,2.0,1.0,-68.0
1775635359.5275657,-1.0,0.0,-71.0
1775635359.5375657,-1.0,-2.0,-73.0
1775635359.5475657,0.0,-4.0,-74.0
1775635359.5575657,-2.0,-4.0,-78.0
1775635359.5675654,-3.0,-5.0,-74.0
1775635359.5775654,-5.0,-2.0,-71.0
1775635359.5875654,-1.0,-1.0,-72.0
1775635359.5975654,1.0,0.0,-70.0
1775635359.6075654,0.0,2.0,-63.0
1775635359.6175654,-2.0,4.0,-67.0
1775635359.6275654,-2.0,1.0,-66.0
1775635359.6375654,0.0,4.0,-70.0
1775635359.6475654,0.0,5.0,-75.0
1775635359.6575654,3.0,2.0,-79.0
1775635359.667565,-1.0,0.0,-79.0
1775635359.677565,-2.0,0.0,-73.0
1775635359.687565,-3.0,-2.0,-77.0
1775635359.6975653,-3.0,3.0,-80.0
1775635359.7075653,0.0,6.0,-76.0
1775635359.7175653,1.0,3.0,-77.0
1775635359.7275653,0.0,2.0,-69.0
1775635359.7375653,0.0,-3.0,-64.0
1775635359.7475653,1.0,-5.0,-64.0
1775635359.7575655,1.0,-6.0,-66.0
1775635359.7675655,5.0,-2.0,-71.0
1775635359.7775657,5.0,-2.0,-70.0
1775635359.7875657,2.0,-2.0,-68.0
1775635359.7975657,2.0,0.0,-69.0
1775635359.8075657,2.0,3.0,-65.0
1775635359.8175654,5.0,3.0,-60.0
1775635359.8275654,1.0,2.0,-60.0
1775635359.8375654,3.0,3.0,-59.0
1775635359.8475654,4.0,0.0,-65.0
1775635359.8575654,6.0,0.0,-63.0
1775635359.8675654,6.0,-1.0,-58.0
1775635359.8775654,0.0,1.0,-57.0
1775635359.8875654,5.0,0.0,-66.0
1775635359.8975654,2.0,0.0,-68.0
1775635359.9075654,3.0,1.0,-66.0
1775635359.917565,5.0,2.0,-67.0
1775635359.927565,2.0,1.0,-72.0
1775635359.937565,1.0,0.0,-76.0
1775635359.9475653,4.0,-4.0,-79.0
1775635359.9575653,4.0,-1.0,-69.0
1775635359.9675653,3.0,-1.0,-69.0
1775635359.9775653,2.0,1.0,-70.0
1775635359.9875653,0.0,4.0,-71.0
1775635359.9975653,1.0,3.0,-71.0
1775635360.0075655,6.0,2.0,-70.0
1775635360.0175655,3.0,2.0,-71.0
1775635360.0275657,4.0,-3.0,-72.0
1775635360.0375657,0.0,-5.0,-73.0
1775635360.0475657,0.0,-6.0,-63.0
1775635360.0575657,0.0,-5.0,-64.0
1775635360.0675654,1.0,-4.0,-61.0
1775635360.0775654,-2.0,-1.0,-64.0
1775635360.0875654,-2.0,0.0,-55.0
1775635360.0975654,-5.0,0.0,-59.0
1775635360.1075654,-3.0,-1.0,-68.0
1775635360.1175654,-6.0,-3.0,-76.0
1775635360.1275654,-2.0,-4.0,-80.0
1775635360.1375654,0.0,-5.0,-72.0
1775635360.1475654,1.0,-3.0,-62.0
1775635360.1575654,1.0,-1.0,-60.0
1775635360.167565,4.0,-4.0,-62.0
1775635360.177565,8.0,-4.0,-63.0
1775635360.187565,7.0,-3.0,-65.0
1775635360.1975653,1.0,-2.0,-67.0
1775635360.2075653,4.0,-1.0,-74.0
1775635360.2175653,3.0,0.0,-77.0
1775635360.2275653,-2.0,-1.0,-90.0
1775635360.2375653,-6.0,-3.0,-89.0
1775635360.2475653,-2.0,-3.0,-80.0
1775635360.2575655,1.0,-5.0,-79.0
1775635360.2675655,0.0,-6.0,-80.0
1775635360.2775657,0.0,-5.0,-73.0
1775635360.2875657,1.0,-9.0,-69.0
1775635360.2975657,3.0,-6.0,-64.0
1775635360.3075657,5.0,-4.0,-72.0
1775635360.3175654,7.0,-1.0,-74.0
1775635360.3275654,3.0,0.0,-74.0
1775635360.3375654,1.0,1.0,-74.0
1775635360.3475654,-2.0,-2.0,-70.0
1775635360.3575654,0.0,-2.0,-66.0
1775635360.3675654,-1.0,-1.0,-62.0
1775635360.3775654,1.0,-5.0,-59.0
1775635360.3875654,2.0,-5.0,-49.0
1775635360.3975654,3.0,-2.0,-53.0
1775635360.4075654,0.0,-2.0,-52.0
1775635360.417565,0.0,-4.0,-52.0
1775635360.427565,-3.0,-4.0,-58.0
1775635360.437565,-2.0,-3.0,-69.0
1775635360.4475653,0.0,-1.0,-69.0
1775635360.4575653,1.0,-2.0,-72.0
1775635360.4675653,6.0,-1.0,-76.0
1775635360.4775653,0.0,0.0,-77.0
1775635360.4875653,0.0,0.0,-70.0
1775635360.4975653,-2.0,1.0,-71.0
1775635360.5075655,2.0,2.0,-73.0
1775635360.5175655,-1.0,6.0,-74.0
1775635360.5275657,-1.0,7.0,-80.0
1775635360.5375657,0.0,7.0,-81.0
1775635360.5475657,-2.0,9.0,-75.0
1775635360.5575657,-1.0,8.0,-69.0
1775635360.5675654,-3.0,5.0,-68.0
1775635360.5775654,1.0,5.0,-73.0
1775635360.5875654,0.0,4.0,-79.0
1775635360.5975654,-5.0,1.0,-68.0
1775635360.6075654,-5.0,0.0,-67.0
1775635360.6175654,-6.0,4.0,-68.0
1775635360.6275654,-2.0,1.0,-71.0
1775635360.6375654,0.0,-1.0,-64.0
1775635360.6475654,0.0,-1.0,-70.0
1775635360.6575654,0.0,-3.0,-65.0
1775635360.667565,-2.0,-2.0,-69.0
1775635360.677565,-2.0,-4.0,-70.0
1775635360.687565,-5.0,-3.0,-69.0
1775635360.6975653,-6.0,-2.0,-70.0
1775635360.7075653,-2.0,-2.0,-63.0
1775635360.7175653,-4.0,1.0,-65.0
1775635360.7275653,-4.0,2.0,-70.0
1775635360.7375653,-1.0,0.0,-77.0
1775635360.7475653,-1.0,-1.0,-77.0
1775635360.7575655,-2.0,0.0,-76.0
1775635360.7675655,-5.0,0.0,-77.0
1775635360.7775657,-2.0,0.0,-71.0
1775635360.7875657,-3.0,0.0,-70.0
1775635360.7975657,-5.0,0.0,-66.0
1775635360.8075657,-2.0,1.0,-70.0
1775635360.8175654,-1.0,0.0,-71.0
1775635360.8275654,0.0,-4.0,-67.0
1775635360.8375654,0.0,-2.0,-77.0
1775635360.8475654,0.0,-2.0,-79.0
1775635360.8575654,2.0,-1.0,-76.0
1775635360.8675654,-1.0,1.0,-73.0
1775635360.8775654,0.0,3.0,-74.0
1775635360.8875654,0.0,5.0,-73.0
1775635360.8975654,1.0,9.0,-75.0
1775635360.9075654,0.0,9.0,-72.0
1775635360.917565,-1.0,6.0,-73.0
1775635360.927565,1.0,4.0,-74.0
1775635360.937565,-2.0,1.0,-74.0
1775635360.9475653,-4.0,-1.0,-71.0
1775635360.9575653,-1.0,0.0,-79.0
1775635360.9675653,0.0,1.0,-81.0
1775635360.9775653,-2.0,0.0,-73.0
1775635360.9875653,-4.0,-3.0,-72.0
1775635360.9975653,-1.0,0.0,-73.0
1775635361.0075655,-7.0,0.0,-74.0
1775635361.0175655,-8.0,3.0,-75.0
1775635361.0275657,-6.0,6.0,-75.0
1775635361.0375657,-4.0,5.0,-71.0
1775635361.0475657,-3.0,2.0,-71.0
1775635361.0575657,-9.0,0.0,-76.0
1775635361.0675654,-6.0,-2.0,-77.0
1775635361.0775654,-6.0,0.0,-76.0
1775635361.0875654,-3.0,-1.0,-73.0
1775635361.0975654,0.0,1.0,-70.0
1775635361.1075654,-3.0,1.0,-74.0
1775635361.1175654,-2.0,0.0,-67.0
1775635361.1275654,-4.0,-1.0,-70.0
1775635361.1375654,-1.0,0.0,-73.0
1775635361.1475654,-2.0,2.0,-70.0
1775635361.1575654,-4.0,-1.0,-73.0
1775635361.167565,-3.0,1.0,-73.0
1775635361.177565,3.0,0.0,-79.0
1775635361.187565,0.0,1.0,-78.0
1775635361.1975653,0.0,3.0,-77.0
1775635361.2075653,1.0,8.0,-78.0
1775635361.2175653,1.0,3.0,-71.0
1775635361.2275653,3.0,-1.0,-72.0
1775635361.2375653,2.0,0.0,-73.0
1775635361.2475653,1.0,0.0,-71.0
1775635361.2575655,4.0,0.0,-66.0
1775635361.2675655,5.0,-2.0,-63.0
1775635361.2775657,6.0,-3.0,-60.0
1775635361.2875657,3.0,-1.0,-61.0
1775635361.2975657,6.0,0.0,-61.0
1775635361.3075657,9.0,-1.0,-65.0
1775635361.3175654,7.0,-2.0,-68.0
1775635361.3275654,7.0,-8.0,-67.0
1775635361.3375654,4.0,-5.0,-73.0
1775635361.3475654,0.0,-5.0,-70.0
1775635361.3575654,0.0,-6.0,-73.0
1775635361.3675654,0.0,-5.0,-66.0
1775635361.3775654,0.0,-9.0,-61.0
1775635361.3875654,4.0,-8.0,-60.0
1775635361.3975654,3.0,-4.0,-61.0
1775635361.4075654,-2.0,-5.0,-64.0
1775635361.417565,-1.0,-5.0,-68.0
1775635361.427565,0.0,-6.0,-63.0
1775635361.437565,-2.0,-4.0,-59.0
1775635361.4475653,-4.0,-2.0,-58.0
1775635361.4575653,-5.0,-3.0,-63.0
1775635361.4675653,-2.0,1.0,-66.0
1775635361.4775653,1.0,4.0,-67.0
1775635361.4875653,2.0,3.0,-68.0
1775635361.4975653,2.0,5.0,-66.0
1775635361.5075655,4.0,3.0,-67.0
1775635361.5175655,5.0,-1.0,-63.0
1775635361.5275657,4.0,-3.0,-57.0
1775635361.5375657,1.0,-2.0,-56.0
1775635361.5475657,5.0,-1.0,-55.0
1775635361.5575657,5.0,-1.0,-58.0
1775635361.5675654,7.0,-2.0,-56.0
1775635361.5775654,5.0,-3.0,-58.0
1775635361.5875654,5.0,-5.0,-58.0
1775635361.5975654,3.0,-5.0,-65.0
1775635361.6075654,0.0,-3.0,-67.0
1775635361.618565,-1.0,0.0,-70.0
1775635361.6275654,-2.0,-1.0,-74.0
1775635361.6375654,-4.0,0.0,-79.0
1775635361.6485653,-7.0,-4.0,-77.0
1775635361.6585653,-11.0,-5.0,-77.0
1775635361.6685653,-4.0,-1.0,-78.0
1775635361.6785655,-4.0,-3.0,-74.0
1775635361.6885655,-4.0,-1.0,-74.0
1775635361.6985655,-5.0,3.0,-79.0
1775635361.7085657,-1.0,4.0,-73.0
1775635361.7185657,-1.0,4.0,-66.0
1775635361.7285657,1.0,4.0,-66.0
1775635361.7385654,3.0,4.0,-67.0
1775635361.7485654,3.0,3.0,-69.0
1775635361.7585654,4.0,3.0,-73.0
1775635361.7685654,5.0,0.0,-72.0
1775635361.7785654,4.0,0.0,-70.0
1775635361.7885654,3.0,-1.0,-72.0
1775635361.7995653,4.0,-1.0,-69.0
1775635361.8085654,3.0,0.0,-71.0
1775635361.8185654,9.0,-1.0,-69.0
1775635361.8285654,6.0,0.0,-68.0
1775635361.838565,5.0,0.0,-65.0
1775635361.848565,5.0,0.0,-62.0
1775635361.858565,6.0,0.0,-59.0
1775635361.868565,11.0,-2.0,-67.0
1775635361.8785653,17.0,-3.0,-69.0
1775635361.8885653,15.0,-2.0,-71.0
1775635361.8985653,12.0,-1.0,-71.0
1775635361.9085653,5.0,-4.0,-73.0
1775635361.9185653,5.0,-4.0,-73.0
1775635361.9285655,7.0,-5.0,-72.0
1775635361.9385655,3.0,-5.0,-64.0
1775635361.9485655,0.0,-5.0,-62.0
1775635361.9585657,1.0,-7.0,-61.0
1775635361.9685657,1.0,-6.0,-61.0
1775635361.9785657,-1.0,-5.0,-66.0
1775635361.9885654,-2.0,-6.0,-71.0
1775635361.9985654,-1.0,-10.0,-68.0
1775635362.0085654,0.0,-11.0,-73.0
1775635362.0185654,-4.0,-6.0,-76.0
1775635362.0285654,-4.0,-4.0,-77.0
1775635362.0385654,-2.0,-4.0,-74.0
1775635362.0485654,2.0,-2.0,-74.0
1775635362.0585654,1.0,0.0,-72.0
1775635362.0685654,-5.0,3.0,-81.0
1775635362.0785654,-1.0,2.0,-76.0
1775635362.088565,-1.0,5.0,-74.0
1775635362.098565,1.0,8.0,-67.0
1775635362.108565,4.0,10.0,-66.0
1775635362.118565,-5.0,5.0,-70.0
1775635362.1285653,-4.0,4.0,-73.0
1775635362.1385653,-6.0,2.0,-70.0
1775635362.1485653,-6.0,-2.0,-65.0
1775635362.1585653,-6.0,-4.0,-67.0
1775635362.1685653,-6.0,-4.0,-68.0
1775635362.1785655,-8.0,-3.0,-70.0
1775635362.1885655,-7.0,-3.0,-68.0
1775635362.1985655,-4.0,-4.0,-68.0
1775635362.2085657,-4.0,-5.0,-63.0
1775635362.2185657,-4.0,-9.0,-60.0
1775635362.2285657,-6.0,-8.0,-62.0
1775635362.2385654,-4.0,-7.0,-68.0
1775635362.2485654,-3.0,-5.0,-65.0
1775635362.2585654,-2.0,-5.0,-66.0
1775635362.2685654,-1.0,-4.0,-66.0
1775635362.2785654,-2.0,-5.0,-64.0
1775635362.2885654,-1.0,-6.0,-62.0
1775635362.2985654,-2.0,-5.0,-70.0
1775635362.3085654,1.0,-1.0,-65.0
1775635362.3185654,-1.0,0.0,-71.0
1775635362.3285654,-1.0,1.0,-73.0
1775635362.338565,-3.0,0.0,-74.0
1775635362.348565,-1.0,0.0,-60.0
1775635362.358565,0.0,1.0,-67.0
1775635362.368565,8.0,4.0,-72.0
1775635362.3785653,8.0,6.0,-71.0
1775635362.3885653,4.0,3.0,-73.0
1775635362.3985653,2.0,4.0,-73.0
1775635362.4085653,0.0,5.0,-72.0
1775635362.4185653,0.0,0.0,-64.0
1775635362.4285655,0.0,0.0,-66.0
1775635362.4385655,5.0,3.0,-73.0
1775635362.4485655,4.0,0.0,-76.0
1775635362.4585657,7.0,2.0,-80.0
1775635362.4685657,9.0,0.0,-73.0
1775635362.4785657,8.0,-4.0,-68.0
1775635362.4885654,7.0,-7.0,-72.0
1775635362.4985654,6.0,-6.0,-74.0
1775635362.5085654,4.0,-6.0,-67.0
1775635362.5185654,2.0,-3.0,-67.0
1775635362.5285654,2.0,-5.0,-67.0
1775635362.5385654,1.0,-5.0,-72.0
1775635362.5485654,1.0,-4.0,-71.0
1775635362.5585654,4.0,-3.0,-76.0
1775635362.5685654,0.0,-6.0,-76.0
1775635362.5785654,-6.0,-2.0,-75.0
1775635362.588565,-4.0,-8.0,-66.0
1775635362.598565,-2.0,-10.0,-65.0
1775635362.608565,-1.0,-7.0,-66.0
1775635362.618565,-2.0,-5.0,-68.0
1775635362.6285653,2.0,0.0,-64.0
1775635362.6385653,0.0,2.0,-64.0
1775635362.6485653,-2.0,-1.0,-65.0
1775635362.6585653,-6.0,-4.0,-65.0
1775635362.6685653,-6.0,-7.0,-70.0
1775635362.6785655,-9.0,-3.0,-71.0
1775635362.6885655,-4.0,0.0,-73.0
1775635362.6985655,-1.0,0.0,-65.0
1775635362.7085657,-1.0,0.0,-64.0
1775635362.7185657,2.0,0.0,-64.0
1775635362.7285657,-3.0,0.0,-67.0
1775635362.7385654,-5.0,4.0,-68.0
1775635362.7485654,-2.0,4.0,-67.0
1775635362.7585654,-4.0,3.0,-58.0
1775635362.7685654,-5.0,2.0,-62.0
1775635362.7785654,-3.0,4.0,-60.0
1775635362.7885654,-1.0,3.0,-59.0
1775635362.7985654,-1.0,2.0,-58.0
1775635362.8085654,-1.0,-3.0,-62.0
1775635362.8185654,-1.0,-2.0,-60.0
1775635362.8285654,2.0,0.0,-61.0
1775635362.838565,0.0,1.0,-65.0
1775635362.848565,0.0,-4.0,-63.0
1775635362.858565,0.0,-1.0,-67.0
1775635362.868565,0.0,-3.0,-66.0
1775635362.8785653,0.0,-1.0,-66.0
1775635362.8885653,0.0,2.0,-67.0
1775635362.8985653,3.0,0.0,-69.0
1775635362.9085653,3.0,0.0,-65.0
1775635362.9185653,3.0,0.0,-64.0
1775635362.9285655,5.0,1.0,-72.0
1775635362.9385655,5.0,-2.0,-74.0
1775635362.9485655,0.0,-2.0,-72.0
1775635362.9585657,1.0,-1.0,-77.0
1775635362.9685657,0.0,-4.0,-73.0
1775635362.9785657,-4.0,-2.0,-77.0
1775635362.9885654,-5.0,1.0,-76.0
1775635362.9985654,-7.0,4.0,-73.0
1775635363.0085654,-4.0,3.0,-69.0
1775635363.0185654,-3.0,5.0,-70.0
1775635363.0285654,-6.0,3.0,-73.0
1775635363.0385654,-6.0,3.0,-75.0
1775635363.0485654,-5.0,1.0,-76.0
1775635363.0585654,-5.0,0.0,-75.0
1775635363.0685654,-3.0,-3.0,-77.0
1775635363.0785654,-1.0,-1.0,-77.0
1775635363.088565,1.0,3.0,-77.0
1775635363.098565,7.0,6.0,-71.0
1775635363.108565,2.0,2.0,-71.0
1775635363.118565,0.0,4.0,-68.0
1775635363.1285653,0.0,4.0,-74.0
1775635363.1385653,4.0,3.0,-74.0
1775635363.1485653,3.0,2.0,-69.0
1775635363.1585653,2.0,2.0,-68.0
1775635363.1685653,5.0,0.0,-67.0
1775635363.1785655,0.0,1.0,-67.0
1775635363.1885655,0.0,2.0,-67.0
1775635363.1985655,0.0,0.0,-67.0
1775635363.2085657,-7.0,-5.0,-65.0
1775635363.2185657,-7.0,-4.0,-69.0
1775635363.2285657,-4.0,-5.0,-70.0
1775635363.2385654,-8.0,0.0,-61.0
1775635363.2485654,-6.0,1.0,-64.0
1775635363.2585654,-6.0,1.0,-68.0
1775635363.2685654,-4.0,3.0,-65.0
1775635363.2785654,-9.0,0.0,-63.0
1775635363.2885654,-10.0,3.0,-65.0
1775635363.2985654,-15.0,1.0,-63.0
1775635363.3085654,-10.0,0.0,-56.0
1775635363.3185654,-7.0,4.0,-55.0
1775635363.3285654,0.0,3.0,-56.0
1775635363.338565,0.0,3.0,-58.0
1775635363.348565,2.0,5.0,-64.0
1775635363.358565,4.0,6.0,-64.0
1775635363.368565,4.0,9.0,-65.0
1775635363.3785653,2.0,2.0,-62.0
1775635363.3885653,1.0,1.0,-61.0
1775635363.3985653,-3.0,1.0,-66.0
1775635363.4085653,-5.0,0.0,-64.0
1775635363.4185653,-5.0,2.0,-61.0
1775635363.4285655,-1.0,0.0,-66.0
1775635363.4385655,0.0,3.0,-64.0
1775635363.4485655,1.0,4.0,-63.0
1775635363.4585657,-1.0,3.0,-69.0
1775635363.4685657,-3.0,0.0,-64.0
1775635363.4785657,-3.0,4.0,-63.0
1775635363.4885654,-1.0,9.0,-64.0
1775635363.4985654,0.0,7.0,-66.0
1775635363.5085654,0.0,5.0,-62.0
1775635363.5185654,0.0,2.0,-67.0
1775635363.5285654,-2.0,1.0,-67.0
1775635363.5385654,-7.0,3.0,-68.0
1775635363.5485654,-2.0,2.0,-79.0
1775635363.5585654,1.0,4.0,-80.0
1775635363.5685654,0.0,4.0,-77.0
1775635363.5785654,2.0,4.0,-79.0
1775635363.588565,2.0,0.0,-85.0
1775635363.598565,1.0,0.0,-87.0
1775635363.608565,2.0,-1.0,-87.0
1775635363.618565,3.0,0.0,-84.0
1775635363.6285653,3.0,0.0,-78.0
1775635363.6385653,3.0,-1.0,-71.0
1775635363.6485653,3.0,-5.0,-73.0
1775635363.6585653,3.0,-5.0,-77.0
1775635363.6685653,1.0,-8.0,-76.0
1775635363.6785655,0.0,-9.0,-69.0
1775635363.6885655,-1.0,-10.0,-72.0
1775635363.6985655,1.0,-7.0,-75.0
1775635363.7085657,-3.0,-4.0,-76.0
1775635363.7185657,-1.0,0.0,-70.0
1775635363.7285657,0.0,-1.0,-71.0
1775635363.7385654,1.0,0.0,-75.0
1775635363.7485654,1.0,0.0,-74.0
1775635363.7585654,-1.0,-2.0,-70.0
1775635363.7685654,-9.0,3.0,-72.0
1775635363.7785654,-5.0,1.0,-71.0
1775635363.7885654,-5.0,3.0,-71.0
1775635363.7985654,-6.0,3.0,-68.0
1775635363.8085654,-5.0,1.0,-67.0
1775635363.8185654,-1.0,0.0,-62.0
1775635363.8285654,1.0,1.0,-57.0
1775635363.838565,-1.0,1.0,-60.0
1775635363.848565,-3.0,1.0,-63.0
1775635363.858565,-2.0,-2.0,-64.0
1775635363.868565,0.0,-4.0,-66.0
1775635363.8785653,4.0,-4.0,-65.0
1775635363.8885653,2.0,-3.0,-64.0
1775635363.8985653,0.0,-1.0,-64.0
1775635363.9085653,-3.0,4.0,-63.0
1775635363.9185653,-3.0,1.0,-55.0
1775635363.9285655,-5.0,1.0,-59.0
1775635363.9385655,-2.0,1.0,-64.0
1775635363.9485655,-5.0,0.0,-66.0
1775635363.9585657,-8.0,0.0,-74.0
1775635363.9685657,-9.0,0.0,-74.0
1775635363.9785657,-6.0,0.0,-73.0
1775635363.9895654,-4.0,3.0,-71.0
1775635363.9995654,-7.0,3.0,-70.0
1775635364.0095654,-2.0,-1.0,-68.0
1775635364.019565,1.0,-6.0,-63.0
1775635364.029565,0.0,-7.0,-69.0
1775635364.039565,0.0,-5.0,-72.0
1775635364.0495653,3.0,-7.0,-73.0
1775635364.0595653,3.0,-7.0,-70.0
1775635364.0695653,0.0,-8.0,-66.0
1775635364.0795653,5.0,-9.0,-62.0
1775635364.0895653,2.0,-6.0,-63.0
1775635364.0995653,4.0,-7.0,-65.0
1775635364.1095655,3.0,-2.0,-67.0
1775635364.1195655,0.0,-1.0,-76.0
1775635364.1295657,-2.0,0.0,-75.0
1775635364.1395657,-2.0,0.0,-75.0
1775635364.1495657,-2.0,0.0,-70.0
1775635364.1595654,-5.0,0.0,-75.0
1775635364.1695654,-6.0,0.0,-79.0
1775635364.1795654,-3.0,2.0,-78.0
1775635364.1895654,-4.0,1.0,-77.0
1775635364.1995654,-4.0,-1.0,-81.0
1775635364.2095654,-2.0,-2.0,-82.0
1775635364.2195654,-4.0,2.0,-80.0
1775635364.2295654,-1.0,0.0,-84.0
1775635364.2395654,-3.0,-1.0,-82.0
1775635364.2495654,-7.0,0.0,-76.0
1775635364.2595654,-7.0,2.0,-74.0
1775635364.269565,-4.0,3.0,-62.0
1775635364.279565,-6.0,6.0,-60.0
1775635364.289565,-5.0,4.0,-58.0
1775635364.2995653,-4.0,6.0,-56.0
1775635364.3095653,-3.0,2.0,-53.0
1775635364.3195653,-3.0,1.0,-58.0
1775635364.3295653,-3.0,0.0,-60.0
1775635364.3395653,-4.0,0.0,-64.0
1775635364.3495653,-7.0,1.0,-67.0
1775635364.3595655,-2.0,0.0,-66.0
1775635364.3695655,-3.0,0.0,-64.0
1775635364.3795657,0.0,0.0,-66.0
1775635364.3895657,5.0,4.0,-70.0
1775635364.3995657,5.0,5.0,-67.0
1775635364.4095654,3.0,4.0,-62.0
1775635364.4195654,1.0,2.0,-59.0
1775635364.4295654,6.0,2.0,-59.0
1775635364.4395654,6.0,0.0,-59.0
1775635364.4495654,0.0,-2.0,-62.0
1775635364.4595654,-2.0,-4.0,-62.0
1775635364.4695654,-2.0,-5.0,-64.0
1775635364.4795654,-1.0,-7.0,-67.0
1775635364.4895654,-5.0,-3.0,-66.0
1775635364.4995654,-6.0,-1.0,-64.0
1775635364.5095654,-9.0,-6.0,-65.0
1775635364.519565,-6.0,-2.0,-64.0
1775635364.529565,-6.0,2.0,-60.0
1775635364.539565,-4.0,2.0,-60.0
1775635364.5495653,0.0,5.0,-58.0
1775635364.5595653,2.0,2.0,-58.0
1775635364.5695653,5.0,0.0,-60.0
1775635364.5795653,-2.0,2.0,-63.0
1775635364.5895653,-5.0,-3.0,-68.0
1775635364.5995653,-10.0,-1.0,-71.0
1775635364.6095655,-5.0,0.0,-77.0
1775635364.6195655,-3.0,-3.0,-76.0
1775635364.6295657,0.0,-5.0,-68.0
1775635364.6395657,1.0,-9.0,-61.0
1775635364.6495657,1.0,-3.0,-60.0
1775635364.6595654,-1.0,-2.0,-66.0
1775635364.6695654,-1.0,0.0,-68.0
1775635364.6795654,0.0,-1.0,-68.0
1775635364.6895654,1.0,-2.0,-63.0
1775635364.6995654,2.0,-3.0,-61.0
1775635364.7095654,3.0,-1.0,-56.0
1775635364.7195654,1.0,-1.0,-62.0
1775635364.7295654,5.0,-1.0,-62.0
1775635364.7395654,2.0,-1.0,-58.0
1775635364.7495654,0.0,1.0,-55.0
1775635364.7595654,0.0,0.0,-65.0
1775635364.769565,0.0,0.0,-67.0
1775635364.779565,-4.0,-5.0,-62.0
1775635364.789565,-3.0,-2.0,-65.0
1775635364.7995653,-1.0,-3.0,-63.0
1775635364.8095653,-1.0,-3.0,-65.0
1775635364.8195653,-2.0,-3.0,-68.0
1775635364.8295653,-1.0,1.0,-67.0
1775635364.8395653,0.0,2.0,-69.0
1775635364.8495653,1.0,4.0,-64.0
1775635364.8595655,1.0,0.0,-60.0
1775635364.8695655,6.0,-2.0,-61.0
1775635364.8795657,3.0,-3.0,-68.0
1775635364.8895657,2.0,-5.0,-70.0
1775635364.8995657,0.0,-6.0,-69.0
1775635364.9095654,7.0,-4.0,-68.0
1775635364.9195654,9.0,-7.0,-72.0
1775635364.9295654,5.0,-6.0,-71.0
1775635364.9395654,2.0,-5.0,-73.0
1775635364.9495654,-1.0,-4.0,-69.0
1775635364.9595654,0.0,-2.0,-70.0
1775635364.9695654,-3.0,-3.0,-73.0
1775635364.9795654,-1.0,-3.0,-74.0
1775635364.9895654,1.0,-3.0,-67.0
1775635364.9995654,3.0,-3.0,-59.0
1775635365.0095654,5.0,-1.0,-64.0
1775635365.019565,2.0,-5.0,-60.0
1775635365.029565,0.0,-4.0,-61.0
1775635365.039565,-5.0,-2.0,-64.0
1775635365.0495653,-11.0,0.0,-64.0
1775635365.0595653,-11.0,-1.0,-69.0
1775635365.0695653,-7.0,3.0,-66.0
1775635365.0795653,-8.0,6.0,-65.0
1775635365.0895653,-9.0,0.0,-61.0
1775635365.0995653,-6.0,-1.0,-58.0
1775635365.1095655,-7.0,0.0,-56.0
1775635365.1195655,-6.0,1.0,-69.0
1775635365.1295657,-5.0,2.0,-76.0
1775635365.1395657,-4.0,3.0,-75.0
1775635365.1495657,-3.0,3.0,-73.0
1775635365.1595654,-1.0,0.0,-76.0
1775635365.1695654,1.0,3.0,-78.0
1775635365.1795654,0.0,3.0,-78.0
1775635365.1895654,0.0,1.0,-69.0
1775635365.1995654,-2.0,5.0,-65.0
1775635365.2095654,-2.0,7.0,-65.0
1775635365.2195654,-8.0,2.0,-64.0
1775635365.2295654,-5.0,2.0,-65.0
1775635365.2395654,-4.0,1.0,-71.0
1775635365.2495654,-6.0,-3.0,-72.0
1775635365.2595654,-4.0,0.0,-69.0
1775635365.269565,-6.0,0.0,-73.0
1775635365.279565,-2.0,-4.0,-76.0
1775635365.289565,0.0,-3.0,-78.0
1775635365.2995653,1.0,-5.0,-81.0
1775635365.3095653,3.0,-5.0,-77.0
1775635365.3195653,2.0,-1.0,-76.0
1775635365.3295653,0.0,-5.0,-70.0
1775635365.3395653,-6.0,-10.0,-63.0
1775635365.3495653,-9.0,-9.0,-63.0
1775635365.3595655,-11.0,-8.0,-67.0
1775635365.3695655,-5.0,-5.0,-67.0
1775635365.3795657,-5.0,-4.0,-62.0
1775635365.3895657,0.0,-5.0,-69.0
1775635365.3995657,1.0,2.0,-77.0
1775635365.4095654,-1.0,0.0,-76.0
1775635365.4195654,-3.0,-3.0,-73.0
1775635365.4295654,-4.0,-7.0,-72.0
1775635365.4395654,-2.0,-4.0,-75.0
1775635365.4495654,-4.0,-4.0,-72.0
1775635365.4595654,-4.0,-6.0,-70.0
1775635365.4695654,-6.0,0.0,-72.0
1775635365.4795654,-7.0,-1.0,-73.0
1775635365.4895654,-6.0,1.0,-71.0
1775635365.4995654,-8.0,2.0,-63.0
1775635365.5095654,-13.0,2.0,-61.0
1775635365.519565,-12.0,3.0,-62.0
1775635365.529565,-12.0,1.0,-66.0
1775635365.539565,-13.0,3.0,-59.0
1775635365.5495653,-11.0,0.0,-61.0
1775635365.5595653,-10.0,-3.0,-64.0
1775635365.5695653,-6.0,1.0,-64.0
1775635365.5795653,-7.0,2.0,-66.0
1775635365.5895653,-4.0,0.0,-64.0
1775635365.5995653,-4.0,-1.0,-67.0
1775635365.6095655,-3.0,-3.0,-66.0
1775635365.6195655,-2.0,-5.0,-65.0
1775635365.6295657,-1.0,2.0,-66.0
1775635365.6395657,0.0,5.0,-67.0
1775635365.6495657,-5.0,6.0,-71.0
1775635365.6595654,-9.0,8.0,-66.0
1775635365.6695654,-6.0,8.0,-69.0
1775635365.6795654,-1.0,1.0,-69.0
1775635365.6895654,-2.0,0.0,-67.0
1775635365.6995654,0.0,-2.0,-73.0
1775635365.7095654,-3.0,-7.0,-73.0
1775635365.7195654,-6.0,-10.0,-71.0
1775635365.7295654,-2.0,-10.0,-71.0
1775635365.7395654,-4.0,-6.0,-77.0
1775635365.7495654,-5.0,-9.0,-66.0
1775635365.7595654,-5.0,-12.0,-67.0
1775635365.769565,-10.0,-13.0,-67.0
1775635365.779565,-6.0,-9.0,-65.0
1775635365.789565,-4.0,-8.0,-64.0
1775635365.7995653,-1.0,-7.0,-67.0
1775635365.8095653,-5.0,-6.0,-71.0
1775635365.8195653,-4.0,-4.0,-73.0
1775635365.8295653,-7.0,-4.0,-68.0
1775635365.8395653,-6.0,-4.0,-67.0
1775635365.8495653,-3.0,-1.0,-70.0
1775635365.8595655,0.0,-2.0,-71.0
1775635365.8695655,3.0,0.0,-70.0
1775635365.8795657,4.0,-1.0,-64.0
1775635365.8895657,4.0,-2.0,-61.0
1775635365.8995657,-1.0,-3.0,-58.0
1775635365.9095654,-2.0,-1.0,-65.0
1775635365.9195654,-3.0,1.0,-72.0
1775635365.9295654,-3.0,1.0,-82.0
1775635365.9395654,-3.0,-1.0,-87.0
1775635365.9495654,-2.0,-3.0,-89.0
1775635365.9595654,-3.0,1.0,-82.0
1775635365.9695654,0.0,1.0,-77.0
1775635365.9795654,2.0,2.0,-73.0
1775635365.9895654,-1.0,5.0,-72.0
1775635365.9995654,2.0,5.0,-75.0
1775635366.0095654,6.0,7.0,-77.0
1775635366.019565,3.0,5.0,-83.0
1775635366.029565,0.0,5.0,-79.0
1775635366.039565,0.0,5.0,-78.0
1775635366.0495653,-2.0,5.0,-82.0
1775635366.0595653,-5.0,5.0,-79.0
1775635366.0695653,-2.0,5.0,-79.0
1775635366.0795653,-2.0,4.0,-79.0
1775635366.0895653,1.0,4.0,-79.0
1775635366.0995653,0.0,1.0,-75.0
1775635366.1095655,-4.0,0.0,-73.0
1775635366.1195655,-5.0,-1.0,-66.0
1775635366.1295657,-6.0,2.0,-66.0
1775635366.1395657,-2.0,1.0,-65.0
1775635366.1495657,-3.0,0.0,-71.0
1775635366.1595654,-4.0,0.0,-69.0
1775635366.1695654,0.0,2.0,-62.0
1775635366.1795654,0.0,3.0,-64.0
1775635366.1895654,-1.0,0.0,-68.0
1775635366.1995654,1.0,0.0,-68.0
1775635366.2095654,1.0,0.0,-70.0
1775635366.2195654,0.0,-3.0,-73.0
1775635366.2295654,0.0,-3.0,-71.0
1775635366.2395654,0.0,-2.0,-68.0
1775635366.2495654,3.0,-2.0,-65.0
1775635366.2595654,-3.0,0.0,-64.0
1775635366.269565,-5.0,3.0,-67.0
1775635366.279565,0.0,2.0,-75.0
1775635366.2905655,0.0,0.0,-67.0
1775635366.3005655,1.0,-1.0,-67.0
1775635366.3105657,-4.0,0.0,-62.0
1775635366.3195653,-8.0,0.0,-65.0
1775635366.3305657,0.0,1.0,-64.0
1775635366.3405654,0.0,2.0,-57.0
1775635366.3505654,0.0,5.0,-58.0
1775635366.3605654,0.0,1.0,-56.0
1775635366.3705654,-3.0,-2.0,-59.0
1775635366.3805654,-1.0,0.0,-66.0
1775635366.3905654,1.0,0.0,-66.0
1775635366.4005654,3.0,1.0,-60.0
1775635366.4105654,3.0,0.0,-63.0
1775635366.4205654,0.0,-1.0,-69.0
1775635366.4305654,2.0,-2.0,-63.0
1775635366.440565,5.0,-2.0,-65.0
1775635366.450565,9.0,5.0,-64.0
1775635366.460565,8.0,0.0,-67.0
1775635366.4705653,9.0,0.0,-73.0
1775635366.4805653,9.0,0.0,-72.0
1775635366.4905653,7.0,0.0,-78.0
1775635366.5005653,3.0,4.0,-67.0
1775635366.5105653,1.0,3.0,-70.0
1775635366.5205653,-1.0,3.0,-71.0
1775635366.5305655,-3.0,0.0,-75.0
1775635366.5405655,-2.0,-2.0,-71.0
1775635366.5505655,-2.0,-6.0,-67.0
1775635366.5605657,0.0,-6.0,-67.0
1775635366.5705657,-2.0,-7.0,-70.0
1775635366.5805657,0.0,-7.0,-72.0
1775635366.5905654,0.0,-2.0,-70.0
1775635366.6005654,-1.0,-3.0,-60.0
1775635366.6105654,0.0,-1.0,-58.0
1775635366.6205654,0.0,-1.0,-59.0
1775635366.6305654,-3.0,-4.0,-64.0
1775635366.6405654,-3.0,-2.0,-67.0
1775635366.6505654,-5.0,-2.0,-59.0
1775635366.6605654,-4.0,-3.0,-59.0
1775635366.6705654,-3.0,-3.0,-53.0
1775635366.6805654,0.0,1.0,-55.0
1775635366.690565,-4.0,2.0,-58.0
1775635366.700565,-4.0,6.0,-61.0
1775635366.710565,0.0,5.0,-61.0
1775635366.7205653,-1.0,5.0,-63.0
1775635366.7305653,0.0,3.0,-62.0
1775635366.7405653,-1.0,3.0,-66.0
1775635366.7505653,0.0,6.0,-70.0
1775635366.7605653,2.0,2.0,-66.0
1775635366.7705653,-1.0,3.0,-62.0
1775635366.7805655,-1.0,0.0,-64.0
1775635366.7905655,-2.0,0.0,-63.0
1775635366.8005655,-4.0,1.0,-63.0
1775635366.8105657,-9.0,-2.0,-65.0
1775635366.8205657,-9.0,0.0,-68.0
1775635366.8305657,-10.0,-1.0,-68.0
1775635366.8405654,-9.0,0.0,-65.0
1775635366.8505654,-2.0,0.0,-70.0
1775635366.8605654,-1.0,0.0,-73.0
1775635366.8705654,-1.0,1.0,-73.0
1775635366.8805654,4.0,2.0,-72.0
1775635366.8905654,4.0,2.0,-67.0
1775635366.9005654,4.0,1.0,-70.0
1775635366.9105654,2.0,-1.0,-65.0
1775635366.9205654,1.0,-4.0,-65.0
1775635366.9305654,-1.0,-6.0,-65.0
1775635366.940565,1.0,-4.0,-63.0
1775635366.950565,1.0,-1.0,-56.0
1775635366.960565,1.0,0.0,-55.0
1775635366.9705653,0.0,-1.0,-56.0
1775635366.9805653,-3.0,0.0,-56.0
1775635366.9905653,-5.0,-2.0,-59.0
1775635367.0005653,0.0,0.0,-68.0
1775635367.0105653,0.0,2.0,-73.0
1775635367.0205653,-1.0,6.0,-71.0
1775635367.0305655,-3.0,8.0,-73.0
1775635367.0405655,-3.0,3.0,-68.0
1775635367.0505655,0.0,1.0,-66.0
1775635367.0605657,0.0,0.0,-63.0
1775635367.0705657,0.0,0.0,-65.0
1775635367.0805657,0.0,4.0,-61.0
1775635367.0905654,2.0,2.0,-57.0
1775635367.1005654,5.0,0.0,-58.0
1775635367.1105654,3.0,1.0,-58.0
1775635367.1205654,4.0,2.0,-67.0
1775635367.1305654,1.0,1.0,-64.0
1775635367.1405654,1.0,2.0,-70.0
1775635367.1505654,-1.0,3.0,-73.0
1775635367.1605654,-4.0,3.0,-76.0
1775635367.1705654,0.0,1.0,-77.0
1775635367.1805654,0.0,0.0,-72.0
1775635367.190565,1.0,0.0,-70.0
1775635367.200565,0.0,0.0,-70.0
1775635367.210565,0.0,-2.0,-67.0
1775635367.2205653,0.0,0.0,-67.0
1775635367.2305653,-2.0,-2.0,-74.0
1775635367.2405653,-6.0,3.0,-77.0
1775635367.2505653,-5.0,1.0,-77.0
1775635367.2605653,-6.0,2.0,-79.0
1775635367.2705653,-3.0,0.0,-69.0
1775635367.2805655,-6.0,1.0,-67.0
1775635367.2905655,-7.0,2.0,-67.0
1775635367.3005655,-4.0,2.0,-67.0
1775635367.3105657,-3.0,0.0,-59.0
1775635367.3205657,-4.0,1.0,-60.0
1775635367.3305657,-7.0,-1.0,-59.0
1775635367.3405654,-6.0,0.0,-52.0
1775635367.3505654,-5.0,3.0,-51.0
1775635367.3605654,-3.0,6.0,-57.0
1775635367.3705654,-4.0,7.0,-59.0
1775635367.3805654,-2.0,1.0,-58.0
1775635367.3905654,-1.0,-1.0,-57.0
1775635367.4005654,-1.0,1.0,-59.0
1775635367.4105654,0.0,0.0,-64.0
1775635367.4205654,4.0,-1.0,-68.0
1775635367.4305654,2.0,-1.0,-68.0
1775635367.440565,0.0,-1.0,-63.0
1775635367.450565,0.0,-6.0,-57.0
1775635367.460565,2.0,-6.0,-57.0
1775635367.4705653,2.0,-5.0,-57.0
1775635367.4805653,0.0,-6.0,-63.0
1775635367.4905653,-4.0,-3.0,-63.0
1775635367.5005653,-5.0,0.0,-71.0
1775635367.5105653,-7.0,0.0,-69.0
1775635367.5205653,-3.0,0.0,-72.0
1775635367.5305655,-5.0,-1.0,-69.0
1775635367.5405655,-6.0,-3.0,-59.0
1775635367.5505655,-7.0,-2.0,-59.0
1775635367.5605657,-6.0,-1.0,-60.0
1775635367.5705657,-6.0,-5.0,-65.0
1775635367.5805657,-2.0,-1.0,-68.0
1775635367.5905654,-4.0,-2.0,-71.0
1775635367.6005654,-3.0,-2.0,-72.0
1775635367.6105654,1.0,-2.0,-74.0
1775635367.6205654,2.0,0.0,-71.0
1775635367.6305654,2.0,-1.0,-65.0
1775635367.6405654,4.0,-3.0,-60.0
1775635367.6505654,2.0,0.0,-66.0
1775635367.6605654,1.0,0.0,-68.0
1775635367.6705654,1.0,0.0,-71.0
1775635367.6805654,1.0,-1.0,-75.0
1775635367.690565,3.0,1.0,-68.0
1775635367.700565,6.0,7.0,-68.0
1775635367.710565,6.0,6.0,-77.0
1775635367.7205653,5.0,4.0,-76.0
1775635367.7305653,3.0,0.0,-73.0
1775635367.7405653,5.0,2.0,-70.0
1775635367.7505653,4.0,1.0,-70.0
1775635367.7605653,4.0,1.0,-72.0
1775635367.7705653,3.0,-1.0,-71.0
1775635367.7805655,-1.0,0.0,-75.0
1775635367.7905655,0.0,0.0,-77.0
1775635367.8005655,0.0,0.0,-79.0
1775635367.8105657,-1.0,0.0,-79.0
1775635367.8205657,-3.0,2.0,-77.0
1775635367.8305657,-4.0,2.0,-72.0
1775635367.8405654,-4.0,1.0,-68.0
1775635367.8505654,-2.0,4.0,-72.0
1775635367.8605654,-3.0,5.0,-76.0
1775635367.8705654,-2.0,10.0,-80.0
1775635367.8805654,3.0,10.0,-80.0
1775635367.8905654,0.0,7.0,-80.0
1775635367.9005654,3.0,2.0,-82.0
1775635367.9105654,3.0,2.0,-81.0
1775635367.9205654,4.0,3.0,-77.0
1775635367.9305654,3.0,7.0,-75.0
1775635367.940565,4.0,4.0,-74.0
1775635367.950565,-1.0,-2.0,-75.0
1775635367.960565,-5.0,-4.0,-75.0
1775635367.9705653,-1.0,-3.0,-80.0
1775635367.9805653,2.0,0.0,-69.0
1775635367.9905653,2.0,-1.0,-70.0
1775635368.0005653,0.0,0.0,-61.0
1775635368.0105653,3.0,-2.0,-63.0
1775635368.0205653,1.0,0.0,-56.0
1775635368.0305655,1.0,-1.0,-56.0
1775635368.0405655,10.0,-2.0,-65.0
1775635368.0505655,9.0,-1.0,-65.0
1775635368.0605657,2.0,-2.0,-63.0
1775635368.0705657,1.0,-4.0,-63.0
1775635368.0805657,4.0,0.0,-62.0
1775635368.0905654,1.0,0.0,-65.0
1775635368.1005654,-4.0,0.0,-73.0
1775635368.1105654,-7.0,0.0,-66.0
1775635368.1205654,-7.0,-5.0,-66.0
1775635368.1305654,-8.0,-3.0,-61.0
1775635368.1405654,-8.0,-2.0,-64.0
1775635368.1505654,-6.0,-3.0,-67.0
1775635368.1605654,-7.0,0.0,-62.0
1775635368.1705654,-9.0,-3.0,-64.0
1775635368.1805654,-10.0,-1.0,-61.0
1775635368.190565,-7.0,-1.0,-63.0
1775635368.200565,-5.0,0.0,-67.0
1775635368.210565,-7.0,-2.0,-68.0
1775635368.2205653,-6.0,0.0,-72.0
1775635368.2305653,-11.0,5.0,-74.0
1775635368.2405653,-8.0,8.0,-69.0
1775635368.2505653,-7.0,4.0,-71.0
1775635368.2605653,-2.0,3.0,-59.0
1775635368.2705653,-3.0,5.0,-56.0
1775635368.2805655,-6.0,3.0,-54.0
1775635368.2905655,-5.0,-1.0,-56.0
1775635368.3005655,-3.0,-2.0,-59.0
1775635368.3105657,3.0,-3.0,-63.0
1775635368.3205657,3.0,-5.0,-68.0
1775635368.3305657,1.0,-4.0,-66.0
1775635368.3405654,1.0,-1.0,-62.0
1775635368.3505654,3.0,0.0,-62.0
1775635368.3605654,0.0,0.0,-64.0
1775635368.3705654,2.0,0.0,-58.0
1775635368.3805654,0.0,-2.0,-61.0
1775635368.3905654,2.0,-2.0,-64.0
1775635368.4005654,2.0,-2.0,-62.0
1775635368.4105654,3.0,-6.0,-71.0
1775635368.4205654,1.0,-9.0,-69.0
1775635368.4305654,1.0,-9.0,-68.0
1775635368.440565,0.0,-7.0,-70.0
1775635368.450565,-4.0,-7.0,-71.0
1775635368.460565,-4.0,-7.0,-67.0
1775635368.4705653,-3.0,-4.0,-71.0
1775635368.4805653,-7.0,-2.0,-69.0
1775635368.4905653,-7.0,-3.0,-66.0
1775635368.5005653,-5.0,0.0,-60.0
1775635368.5105653,0.0,0.0,-60.0
1775635368.5205653,4.0,-7.0,-59.0
1775635368.5305655,3.0,-5.0,-54.0
1775635368.5405655,0.0,-1.0,-51.0
1775635368.5505655,0.0,-1.0,-55.0
1775635368.5605657,4.0,-3.0,-62.0
1775635368.5705657,6.0,-5.0,-67.0
1775635368.5805657,4.0,-1.0,-65.0
1775635368.5905654,5.0,-2.0,-66.0
1775635368.6005654,5.0,-1.0,-66.0
1775635368.6105654,2.0,0.0,-67.0
1775635368.6205654,-1.0,-7.0,-75.0
1775635368.631565,-2.0,-7.0,-81.0
1775635368.641565,-4.0,-8.0,-78.0
1775635368.6515653,-6.0,-7.0,-77.0
1775635368.6615653,0.0,-7.0,-76.0
1775635368.6715653,-1.0,-7.0,-68.0
1775635368.6815653,-4.0,0.0,-66.0
1775635368.6915653,-3.0,0.0,-62.0
1775635368.7015653,-2.0,0.0,-65.0
1775635368.7115655,0.0,2.0,-70.0
1775635368.7215655,-3.0,2.0,-69.0
1775635368.7315657,-7.0,4.0,-75.0
1775635368.7415657,-12.0,4.0,-76.0
1775635368.7515657,-9.0,1.0,-71.0
1775635368.7615654,-11.0,0.0,-79.0
1775635368.7715654,-8.0,3.0,-79.0
1775635368.7815654,-7.0,2.0,-71.0
1775635368.7915654,-6.0,1.0,-72.0
1775635368.8015654,-7.0,2.0,-70.0
1775635368.8115654,-4.0,0.0,-63.0
1775635368.8215654,-4.0,-1.0,-68.0
1775635368.8315654,-3.0,-2.0,-67.0
1775635368.8415654,-4.0,-5.0,-64.0
1775635368.8515654,-3.0,-3.0,-68.0
1775635368.8615654,0.0,0.0,-64.0
1775635368.871565,2.0,1.0,-59.0
1775635368.881565,2.0,-1.0,-61.0
1775635368.891565,1.0,0.0,-59.0
1775635368.9015653,0.0,1.0,-61.0
1775635368.9115653,-1.0,2.0,-59.0
1775635368.9215653,-3.0,2.0,-57.0
1775635368.9315653,-5.0,4.0,-59.0
1775635368.9415653,-6.0,4.0,-61.0
1775635368.9515653,-3.0,2.0,-62.0
1775635368.9615655,-2.0,6.0,-64.0
1775635368.9715655,-2.0,9.0,-68.0
1775635368.9815657,0.0,8.0,-65.0
1775635368.9915657,2.0,4.0,-65.0
1775635369.0015657,3.0,3.0,-59.0
1775635369.0115654,0.0,5.0,-55.0
1775635369.0215654,0.0,2.0,-54.0
1775635369.0315654,-5.0,0.0,-53.0
1775635369.0415654,-8.0,5.0,-65.0
1775635369.0515654,-7.0,7.0,-69.0
1775635369.0615654,-9.0,9.0,-66.0
1775635369.0715654,-8.0,6.0,-69.0
1775635369.0815654,-2.0,-1.0,-61.0
1775635369.0915654,-3.0,-3.0,-58.0
1775635369.1015654,-2.0,-6.0,-59.0
1775635369.1115654,-4.0,-3.0,-62.0
1775635369.121565,-4.0,-1.0,-65.0
1775635369.131565,-4.0,0.0,-65.0
1775635369.141565,-2.0,0.0,-62.0
1775635369.1515653,-2.0,0.0,-63.0
1775635369.1615653,-3.0,-2.0,-60.0
1775635369.1715653,-3.0,-3.0,-62.0
1775635369.1815653,-1.0,-2.0,-63.0
1775635369.1915653,0.0,-1.0,-62.0
1775635369.2015653,0.0,0.0,-61.0
1775635369.2115655,-3.0,-1.0,-59.0
1775635369.2215655,-9.0,-3.0,-61.0
1775635369.2315657,-10.0,-4.0,-58.0
1775635369.2415657,-8.0,-3.0,-55.0
1775635369.2515657,-7.0,0.0,-48.0
1775635369.2615654,-2.0,1.0,-54.0
1775635369.2715654,-1.0,-2.0,-60.0
1775635369.2815654,0.0,-4.0,-69.0
1775635369.2915654,-2.0,-7.0,-64.0
1775635369.3015654,-7.0,-3.0,-58.0
1775635369.3115654,-8.0,-2.0,-57.0
1775635369.3215654,-7.0,-3.0,-58.0
1775635369.3315654,-4.0,-4.0,-62.0
1775635369.3415654,-5.0,-8.0,-68.0
1775635369.3515654,-9.0,-2.0,-63.0
1775635369.3615654,-9.0,1.0,-64.0
1775635369.371565,-4.0,0.0,-61.0
1775635369.381565,-4.0,2.0,-60.0
1775635369.391565,-3.0,4.0,-68.0
1775635369.4015653,-1.0,4.0,-67.0
1775635369.4115653,0.0,0.0,-71.0
1775635369.4215653,0.0,-2.0,-70.0
1775635369.4315653,5.0,0.0,-75.0
1775635369.4415653,10.0,0.0,-70.0
1775635369.4515653,11.0,1.0,-66.0
1775635369.4615655,7.0,0.0,-65.0
1775635369.4715655,3.0,0.0,-65.0
1775635369.4815657,-2.0,1.0,-66.0
1775635369.4915657,-4.0,0.0,-67.0
1775635369.5015657,0.0,-1.0,-70.0
1775635369.5115654,0.0,-1.0,-73.0
1775635369.5215654,0.0,2.0,-65.0
1775635369.5315654,-2.0,0.0,-68.0
1775635369.5415654,-5.0,3.0,-69.0
1775635369.5515654,-5.0,1.0,-65.0
1775635369.5615654,-10.0,-3.0,-72.0
1775635369.5715654,-10.0,-6.0,-71.0
1775635369.5815654,-11.0,-3.0,-69.0
1775635369.5915654,-8.0,-1.0,-67.0
1775635369.6015654,-9.0,-2.0,-62.0
1775635369.6115654,-5.0,-2.0,-65.0
1775635369.621565,1.0,-3.0,-60.0
1775635369.631565,3.0,0.0,-63.0
1775635369.641565,4.0,-1.0,-69.0
1775635369.6515653,1.0,0.0,-71.0
1775635369.6615653,1.0,-2.0,-76.0
1775635369.6715653,-1.0,1.0,-71.0
1775635369.6815653,1.0,2.0,-69.0
1775635369.6915653,2.0,-2.0,-67.0
1775635369.7015653,4.0,-3.0,-69.0
1775635369.7115655,-4.0,0.0,-68.0
1775635369.7215655,-4.0,-3.0,-59.0
1775635369.7315657,-2.0,-4.0,-59.0
1775635369.7415657,1.0,-1.0,-62.0
1775635369.7515657,0.0,-2.0,-62.0
1775635369.7615654,-3.0,-2.0,-66.0
1775635369.7715654,-6.0,0.0,-61.0
1775635369.7815654,-6.0,0.0,-64.0
1775635369.7915654,-2.0,0.0,-66.0
1775635369.8015654,-1.0,-1.0,-76.0
1775635369.8115654,1.0,0.0,-82.0
1775635369.8215654,0.0,0.0,-79.0
1775635369.8315654,-4.0,-1.0,-70.0
1775635369.8415654,-3.0,-1.0,-70.0
1775635369.8515654,-6.0,2.0,-66.0
1775635369.8615654,-2.0,0.0,-64.0
1775635369.871565,-1.0,0.0,-64.0
1775635369.881565,-2.0,1.0,-61.0
1775635369.891565,0.0,1.0,-58.0
1775635369.9015653,1.0,6.0,-62.0
1775635369.9115653,2.0,2.0,-69.0
1775635369.9215653,0.0,0.0,-75.0
1775635369.9315653,-1.0,-5.0,-76.0
1775635369.9415653,1.0,-4.0,-79.0
1775635369.9515653,0.0,-1.0,-77.0
1775635369.9615655,2.0,0.0,-76.0
1775635369.9715655,3.0,0.0,-75.0
1775635369.9815657,0.0,0.0,-73.0
1775635369.9915657,5.0,2.0,-75.0
1775635370.0015657,3.0,1.0,-77.0
1775635370.0115654,2.0,0.0,-76.0
1775635370.0215654,1.0,-2.0,-75.0
1775635370.0315654,2.0,0.0,-72.0
1775635370.0415654,-2.0,4.0,-72.0
1775635370.0515654,-3.0,1.0,-73.0
1775635370.0615654,-3.0,0.0,-71.0
1775635370.0715654,-4.0,-1.0,-74.0
1775635370.0815654,-3.0,0.0,-77.0
1775635370.0915654,0.0,0.0,-74.0
1775635370.1015654,2.0,-1.0,-65.0
1775635370.1115654,1.0,-2.0,-62.0
1775635370.121565,-1.0,-6.0,-59.0
1775635370.131565,-7.0,-1.0,-55.0
1775635370.141565,-3.0,-1.0,-49.0
1775635370.1515653,-4.0,-2.0,-51.0
1775635370.1615653,-5.0,-3.0,-54.0
1775635370.1715653,-2.0,-2.0,-58.0
1775635370.1815653,-4.0,-4.0,-60.0
1775635370.1915653,-8.0,-5.0,-59.0
1775635370.2015653,-3.0,-2.0,-61.0
1775635370.2115655,2.0,-1.0,-59.0
1775635370.2215655,4.0,-1.0,-65.0
1775635370.2315657,8.0,-2.0,-68.0
1775635370.2415657,5.0,-2.0,-71.0
1775635370.2515657,3.0,0.0,-71.0
1775635370.2615654,2.0,-5.0,-66.0
1775635370.2715654,0.0,-3.0,-65.0
1775635370.2815654,2.0,-6.0,-68.0
1775635370.2915654,0.0,-4.0,-68.0
1775635370.3015654,-1.0,-6.0,-70.0
1775635370.3115654,0.0,-2.0,-69.0
1775635370.3215654,2.0,-4.0,-67.0
1775635370.3315654,1.0,-2.0,-61.0
1775635370.3415654,-3.0,-3.0,-66.0
1775635370.3515654,0.0,-7.0,-61.0
1775635370.3615654,4.0,-6.0,-62.0
1775635370.371565,4.0,0.0,-68.0
1775635370.381565,1.0,-2.0,-66.0
1775635370.391565,1.0,0.0,-68.0
1775635370.4015653,1.0,-2.0,-73.0
1775635370.4115653,-2.0,-5.0,-64.0
1775635370.4215653,-3.0,-1.0,-65.0
1775635370.4315653,-4.0,1.0,-69.0
1775635370.4415653,-2.0,0.0,-68.0
1775635370.4515653,-2.0,-1.0,-64.0
1775635370.4615655,-4.0,1.0,-66.0
1775635370.4715655,-2.0,3.0,-67.0
1775635370.4815657,0.0,1.0,-73.0
1775635370.4915657,3.0,0.0,-75.0
1775635370.5015657,1.0,-1.0,-77.0
1775635370.5115654,2.0,-4.0,-75.0
1775635370.5215654,-1.0,-3.0,-74.0
1775635370.5315654,0.0,-3.0,-71.0
1775635370.5415654,2.0,-3.0,-64.0
1775635370.5515654,6.0,-2.0,-61.0
1775635370.5615654,9.0,-3.0,-61.0
1775635370.5715654,8.0,-1.0,-64.0
1775635370.5815654,6.0,-1.0,-69.0
1775635370.5915654,7.0,3.0,-69.0
1775635370.6015654,3.0,0.0,-65.0
1775635370.6115654,-1.0,-1.0,-61.0
1775635370.621565,-2.0,-4.0,-64.0
1775635370.631565,0.0,-2.0,-72.0
1775635370.641565,1.0,0.0,-67.0
1775635370.6515653,2.0,0.0,-70.0
1775635370.6615653,0.0,0.0,-69.0
1775635370.6715653,-2.0,1.0,-70.0
1775635370.6815653,-3.0,-1.0,-71.0
1775635370.6915653,-1.0,1.0,-71.0
1775635370.7015653,0.0,0.0,-70.0
1775635370.7115655,0.0,-2.0,-70.0
1775635370.7215655,1.0,0.0,-67.0
1775635370.7315657,0.0,2.0,-68.0
1775635370.7415657,-1.0,2.0,-68.0
1775635370.7515657,-1.0,-2.0,-70.0
1775635370.7615654,-3.0,-5.0,-65.0
1775635370.7715654,-6.0,-4.0,-57.0
1775635370.7815654,-6.0,-4.0,-56.0
1775635370.7915654,-2.0,0.0,-67.0
1775635370.8015654,2.0,1.0,-66.0
1775635370.8115654,3.0,-3.0,-68.0
1775635370.8215654,-2.0,-4.0,-65.0
1775635370.8315654,-5.0,1.0,-64.0
1775635370.8415654,-5.0,4.0,-63.0
1775635370.8515654,-2.0,4.0,-56.0
1775635370.8615654,-3.0,2.0,-63.0
1775635370.871565,-5.0,2.0,-71.0
1775635370.881565,-10.0,0.0,-71.0
1775635370.8925655,-7.0,2.0,-67.0
1775635370.9015653,-6.0,0.0,-70.0
1775635370.9115653,-4.0,-3.0,-70.0
1775635370.9215653,-3.0,-2.0,-68.0
1775635370.9315653,-6.0,0.0,-64.0
1775635370.9415653,-2.0,-1.0,-62.0
1775635370.9515653,-4.0,0.0,-57.0
1775635370.9625654,0.0,-1.0,-56.0
1775635370.9725654,2.0,-2.0,-58.0
1775635370.9825654,4.0,-4.0,-58.0
1775635370.9925654,2.0,-4.0,-55.0
1775635371.0025654,1.0,-3.0,-60.0
1775635371.0125654,4.0,-4.0,-61.0
1775635371.0225654,2.0,-5.0,-58.0
1775635371.0325654,1.0,-4.0,-56.0
1775635371.042565,0.0,-4.0,-75.0
1775635371.052565,1.0,-1.0,-79.0
1775635371.062565,2.0,-2.0,-71.0
1775635371.0725653,3.0,0.0,-66.0
1775635371.0825653,5.0,-1.0,-59.0
1775635371.0925653,5.0,0.0,-65.0
1775635371.1025653,5.0,0.0,-69.0
1775635371.1125653,0.0,2.0,-68.0
1775635371.1225653,2.0,1.0,-73.0
1775635371.1325655,0.0,0.0,-74.0
1775635371.1425655,-1.0,-1.0,-74.0
1775635371.1525657,-2.0,0.0,-74.0
1775635371.1625657,-1.0,0.0,-72.0
1775635371.1725657,-6.0,0.0,-72.0
1775635371.1825657,-5.0,-3.0,-64.0
1775635371.1925654,-4.0,-6.0,-63.0
1775635371.2025654,-6.0,-6.0,-66.0
1775635371.2125654,-4.0,-1.0,-62.0
1775635371.2225654,-3.0,0.0,-61.0
1775635371.2325654,3.0,-2.0,-55.0
1775635371.2425654,2.0,0.0,-61.0
1775635371.2525654,4.0,1.0,-66.0
1775635371.2625654,5.0,1.0,-68.0
1775635371.2725654,6.0,1.0,-70.0
1775635371.2825654,9.0,1.0,-71.0
1775635371.292565,7.0,3.0,-67.0
1775635371.302565,4.0,0.0,-74.0
1775635371.312565,0.0,0.0,-79.0
1775635371.3225653,-3.0,0.0,-77.0
1775635371.3325653,-4.0,2.0,-75.0
1775635371.3425653,-1.0,3.0,-72.0
1775635371.3525653,0.0,2.0,-72.0
1775635371.3625653,0.0,-2.0,-72.0
1775635371.3725653,-4.0,-2.0,-72.0
1775635371.3825655,-7.0,-1.0,-73.0
1775635371.3925655,2.0,-1.0,-77.0
1775635371.4025657,4.0,4.0,-67.0
1775635371.4125657,2.0,7.0,-66.0
1775635371.4225657,0.0,6.0,-68.0
1775635371.4325657,0.0,2.0,-69.0
1775635371.4425654,1.0,-1.0,-71.0
1775635371.4525654,3.0,-1.0,-78.0
1775635371.4625654,5.0,0.0,-74.0
1775635371.4725654,8.0,3.0,-68.0
1775635371.4825654,6.0,2.0,-65.0
1775635371.4925654,2.0,1.0,-73.0
1775635371.5025654,1.0,2.0,-74.0
1775635371.5125654,1.0,6.0,-74.0
1775635371.5225654,-3.0,3.0,-66.0
1775635371.5325654,-4.0,3.0,-67.0
1775635371.542565,-2.0,2.0,-66.0
1775635371.552565,-1.0,3.0,-61.0
1775635371.562565,3.0,3.0,-62.0
1775635371.5725653,5.0,3.0,-65.0
1775635371.5825653,5.0,2.0,-66.0
1775635371.5925653,9.0,0.0,-72.0
1775635371.6025653,6.0,-1.0,-73.0
1775635371.6125653,6.0,-1.0,-81.0
1775635371.6225653,4.0,-3.0,-77.0
1775635371.6325655,3.0,-3.0,-75.0
1775635371.6425655,2.0,-4.0,-82.0
1775635371.6525657,8.0,-4.0,-85.0
1775635371.6625657,7.0,-4.0,-80.0
1775635371.6725657,3.0,-5.0,-80.0
1775635371.6825657,3.0,-3.0,-78.0
1775635371.6925654,2.0,0.0,-79.0
1775635371.7025654,3.0,3.0,-73.0
1775635371.7125654,3.0,1.0,-67.0
1775635371.7225654,5.0,-2.0,-67.0
1775635371.7325654,4.0,-3.0,-75.0
1775635371.7425654,0.0,-5.0,-74.0
1775635371.7525654,3.0,-6.0,-67.0
1775635371.7625654,1.0,-7.0,-66.0
1775635371.7725654,-3.0,-5.0,-67.0
1775635371.7825654,-2.0,0.0,-64.0
1775635371.792565,-4.0,2.0,-66.0
1775635371.802565,-7.0,0.0,-72.0
1775635371.812565,-6.0,-2.0,-68.0
1775635371.8225653,-4.0,-1.0,-75.0
1775635371.8325653,-3.0,-4.0,-69.0
1775635371.8425653,-2.0,-4.0,-68.0
1775635371.8525653,-1.0,-4.0,-67.0
1775635371.8625653,-2.0,-1.0,-61.0
1775635371.8725653,-5.0,-2.0,-65.0
1775635371.8825655,-4.0,-2.0,-70.0
1775635371.8925655,-2.0,-2.0,-77.0
1775635371.9025657,-5.0,1.0,-77.0
1775635371.9125657,-6.0,-2.0,-75.0
1775635371.9225657,0.0,1.0,-69.0
1775635371.9325657,1.0,1.0,-72.0
1775635371.9425654,2.0,0.0,-68.0
1775635371.9525654,0.0,1.0,-67.0
1775635371.9625654,1.0,2.0,-71.0
1775635371.9725654,0.0,3.0,-77.0
1775635371.9825654,-5.0,3.0,-78.0
1775635371.9925654,-3.0,6.0,-76.0
1775635372.0025654,1.0,9.0,-72.0
1775635372.0125654,4.0,4.0,-68.0
1775635372.0225654,5.0,-1.0,-67.0
1775635372.0325654,4.0,2.0,-62.0
1775635372.042565,4.0,0.0,-63.0
1775635372.052565,5.0,0.0,-65.0
1775635372.062565,5.0,2.0,-69.0
1775635372.0725653,3.0,-2.0,-70.0
1775635372.0825653,0.0,-1.0,-66.0
1775635372.0925653,1.0,-3.0,-71.0
1775635372.1025653,-2.0,-2.0,-75.0
1775635372.1125653,-6.0,1.0,-77.0
1775635372.1225653,-7.0,1.0,-78.0
1775635372.1325655,-5.0,0.0,-77.0
1775635372.1425655,-6.0,0.0,-72.0
1775635372.1525657,-10.0,-3.0,-75.0
1775635372.1625657,-13.0,-2.0,-74.0
1775635372.1725657,-11.0,-4.0,-73.0
1775635372.1825657,-8.0,1.0,-77.0
1775635372.1925654,-7.0,1.0,-77.0
1775635372.2025654,-5.0,5.0,-70.0
1775635372.2125654,-9.0,3.0,-70.0
1775635372.2225654,-4.0,0.0,-77.0
1775635372.2325654,-2.0,-1.0,-71.0
1775635372.2425654,-3.0,-2.0,-75.0
1775635372.2525654,-6.0,0.0,-79.0
1775635372.2625654,-4.0,-4.0,-81.0
1775635372.2725654,-7.0,-5.0,-82.0
1775635372.2825654,-5.0,-3.0,-77.0
1775635372.292565,-7.0,-3.0,-72.0
1775635372.302565,-6.0,-4.0,-70.0
1775635372.312565,-5.0,-4.0,-66.0
1775635372.3225653,-4.0,-3.0,-66.0
1775635372.3325653,-5.0,0.0,-69.0
1775635372.3425653,-7.0,0.0,-74.0
1775635372.3525653,-8.0,0.0,-73.0
1775635372.3625653,-7.0,-3.0,-69.0
1775635372.3725653,-9.0,0.0,-65.0
1775635372.3825655,-5.0,0.0,-62.0
1775635372.3925655,-8.0,-1.0,-60.0
1775635372.4025657,-8.0,-2.0,-66.0
1775635372.4125657,-4.0,-8.0,-64.0
1775635372.4225657,-3.0,-4.0,-68.0
1775635372.4325657,0.0,0.0,-64.0
1775635372.4425654,0.0,0.0,-60.0
1775635372.4525654,3.0,-2.0,-62.0
1775635372.4625654,3.0,-4.0,-67.0
1775635372.4725654,6.0,-4.0,-68.0
1775635372.4825654,4.0,-6.0,-71.0
1775635372.4925654,8.0,-3.0,-71.0
1775635372.5025654,8.0,-5.0,-69.0
1775635372.5125654,6.0,-6.0,-66.0
1775635372.5225654,7.0,-6.0,-71.0
1775635372.5325654,2.0,-7.0,-71.0
1775635372.542565,2.0,-5.0,-72.0
1775635372.552565,5.0,-5.0,-79.0
1775635372.562565,2.0,-5.0,-76.0
1775635372.5725653,1.0,-5.0,-68.0
1775635372.5825653,1.0,-8.0,-67.0
1775635372.5925653,-1.0,-7.0,-70.0
1775635372.6025653,0.0,-1.0,-69.0
1775635372.6125653,-4.0,-4.0,-64.0
1775635372.6225653,-6.0,-5.0,-67.0
1775635372.6325655,-10.0,-2.0,-67.0
1775635372.6425655,-9.0,-2.0,-69.0
1775635372.6525657,-7.0,-3.0,-67.0
1775635372.6625657,0.0,0.0,-67.0
1775635372.6725657,2.0,4.0,-74.0
1775635372.6825657,0.0,2.0,-70.0
1775635372.6925654,0.0,1.0,-69.0
1775635372.7025654,0.0,0.0,-71.0
1775635372.7125654,1.0,-2.0,-72.0
1775635372.7225654,-1.0,-3.0,-77.0
1775635372.7325654,2.0,0.0,-76.0
1775635372.7425654,6.0,0.0,-76.0
1775635372.7525654,0.0,0.0,-73.0
1775635372.7625654,0.0,0.0,-69.0
1775635372.7725654,-5.0,0.0,-70.0
1775635372.7825654,-5.0,4.0,-65.0
1775635372.792565,-8.0,0.0,-60.0
1775635372.802565,-7.0,0.0,-71.0
1775635372.812565,-4.0,0.0,-65.0
1775635372.8225653,-3.0,-2.0,-61.0
1775635372.8325653,0.0,-6.0,-63.0
1775635372.8425653,3.0,-7.0,-69.0
1775635372.8525653,3.0,-7.0,-70.0
1775635372.8625653,0.0,-4.0,-67.0
1775635372.8725653,0.0,0.0,-66.0
1775635372.8825655,0.0,-2.0,-69.0
1775635372.8925655,-3.0,-1.0,-73.0
1775635372.9025657,-4.0,1.0,-79.0
1775635372.9125657,-5.0,2.0,-82.0
1775635372.9225657,-5.0,1.0,-83.0
1775635372.9325657,-3.0,0.0,-76.0
1775635372.9425654,0.0,0.0,-76.0
1775635372.9525654,6.0,0.0,-74.0
1775635372.9625654,1.0,-2.0,-75.0
1775635372.9725654,0.0,-7.0,-78.0
1775635372.9825654,-4.0,-5.0,-71.0
1775635372.9925654,-2.0,-3.0,-71.0
1775635373.0025654,2.0,-1.0,-71.0
1775635373.0125654,-1.0,-2.0,-69.0
1775635373.0225654,-1.0,-2.0,-68.0
1775635373.0325654,0.0,-2.0,-71.0
1775635373.042565,-4.0,0.0,-72.0
1775635373.052565,-2.0,0.0,-80.0
1775635373.062565,-1.0,0.0,-80.0
1775635373.0725653,0.0,0.0,-75.0
1775635373.0825653,3.0,2.0,-72.0
1775635373.0925653,5.0,2.0,-71.0
1775635373.1025653,4.0,0.0,-71.0
1775635373.1125653,3.0,1.0,-68.0
1775635373.1225653,2.0,1.0,-66.0
1775635373.1325655,0.0,1.0,-70.0
1775635373.1425655,-1.0,4.0,-78.0
1775635373.1525657,-1.0,3.0,-82.0
1775635373.1625657,-2.0,2.0,-81.0
1775635373.1725657,-2.0,4.0,-84.0
1775635373.1825657,-1.0,1.0,-75.0
1775635373.1925654,-4.0,0.0,-69.0
1775635373.2025654,-3.0,1.0,-73.0
1775635373.2125654,0.0,0.0,-69.0
1775635373.2225654,-3.0,-5.0,-74.0
1775635373.2325654,0.0,-5.0,-68.0
1775635373.2425654,3.0,-5.0,-74.0
1775635373.2535653,2.0,-4.0,-81.0
1775635373.2625654,1.0,0.0,-82.0
1775635373.2725654,1.0,-2.0,-75.0
1775635373.2835653,-5.0,-2.0,-77.0
1775635373.2935653,-9.0,-6.0,-76.0
1775635373.3035655,-8.0,-9.0,-78.0
1775635373.3135655,-2.0,-9.0,-76.0
1775635373.3235655,-1.0,-8.0,-68.0
1775635373.3335657,1.0,-8.0,-68.0
1775635373.3435657,1.0,-3.0,-73.0
1775635373.3535657,-3.0,0.0,-77.0
1775635373.3635654,-2.0,0.0,-73.0
1775635373.3735654,0.0,-4.0,-69.0
1775635373.3835654,-2.0,-3.0,-78.0
1775635373.3935654,0.0,0.0,-83.0
1775635373.4035654,2.0,1.0,-73.0
1775635373.4135654,3.0,2.0,-70.0
1775635373.4235654,1.0,0.0,-74.0
1775635373.4335654,-1.0,-1.0,-79.0
1775635373.4435654,-3.0,1.0,-75.0
1775635373.4535654,-3.0,2.0,-72.0
1775635373.463565,-6.0,0.0,-72.0
1775635373.473565,-2.0,1.0,-66.0
1775635373.483565,-1.0,0.0,-66.0
1775635373.493565,-2.0,0.0,-70.0
1775635373.5035653,-1.0,0.0,-69.0
1775635373.5135653,0.0,-4.0,-70.0
1775635373.5235653,1.0,-5.0,-69.0
1775635373.5335653,4.0,0.0,-69.0
1775635373.5435653,3.0,-1.0,-69.0
1775635373.5535655,-3.0,-1.0,-67.0
1775635373.5635655,-2.0,1.0,-72.0
1775635373.5735655,-5.0,-3.0,-78.0
1775635373.5835657,-3.0,-4.0,-68.0
1775635373.5935657,-6.0,-4.0,-59.0
1775635373.6035657,-3.0,-2.0,-64.0
1775635373.6135654,-1.0,1.0,-68.0
1775635373.6235654,0.0,0.0,-73.0
1775635373.6335654,0.0,-3.0,-65.0
1775635373.6435654,2.0,-4.0,-71.0
1775635373.6535654,2.0,-4.0,-72.0
1775635373.6635654,2.0,-8.0,-70.0
1775635373.6735654,2.0,-4.0,-72.0
1775635373.6835654,2.0,0.0,-67.0
1775635373.6935654,6.0,0.0,-65.0
1775635373.7035654,8.0,1.0,-72.0
1775635373.713565,12.0,0.0,-73.0
1775635373.723565,9.0,0.0,-77.0
1775635373.733565,8.0,0.0,-70.0
1775635373.743565,2.0,-1.0,-74.0
1775635373.7535653,1.0,0.0,-74.0
1775635373.7635653,-3.0,-2.0,-67.0
1775635373.7735653,-4.0,-6.0,-71.0
1775635373.7835653,-2.0,-4.0,-70.0
1775635373.7935653,-2.0,-4.0,-70.0
1775635373.8035655,-5.0,-3.0,-73.0
1775635373.8135655,-8.0,0.0,-68.0
1775635373.8235655,-7.0,3.0,-67.0
1775635373.8335657,-8.0,3.0,-63.0
1775635373.8435657,-9.0,4.0,-61.0
1775635373.8535657,-6.0,0.0,-64.0
1775635373.8635654,-3.0,-3.0,-63.0
1775635373.8735654,-3.0,-10.0,-62.0
1775635373.8835654,-5.0,-8.0,-62.0
1775635373.8935654,-3.0,-9.0,-66.0
1775635373.9035654,-6.0,-8.0,-73.0
1775635373.9135654,-4.0,-6.0,-74.0
1775635373.9235654,-2.0,-4.0,-69.0
1775635373.9335654,3.0,-3.0,-68.0
1775635373.9435654,8.0,-2.0,-66.0
1775635373.9535654,10.0,-2.0,-67.0
1775635373.963565,5.0,1.0,-69.0
1775635373.973565,1.0,-1.0,-66.0
1775635373.983565,4.0,-5.0,-68.0
1775635373.993565,5.0,-5.0,-67.0
1775635374.0035653,2.0,-6.0,-63.0
1775635374.0135653,5.0,-3.0,-60.0
1775635374.0235653,3.0,0.0,-64.0
1775635374.0335653,3.0,-1.0,-69.0
1775635374.0435653,4.0,-1.0,-73.0
1775635374.0535655,2.0,1.0,-76.0
1775635374.0635655,1.0,-4.0,-69.0
1775635374.0735655,1.0,-4.0,-68.0
1775635374.0835657,0.0,2.0,-70.0
1775635374.0935657,0.0,4.0,-62.0
1775635374.1035657,4.0,2.0,-64.0
1775635374.1135654,6.0,3.0,-66.0
1775635374.1235654,3.0,5.0,-64.0
1775635374.1335654,2.0,5.0,-66.0
1775635374.1435654,1.0,6.0,-64.0
1775635374.1535654,-3.0,5.0,-68.0
1775635374.1635654,-1.0,8.0,-72.0
1775635374.1735654,0.0,8.0,-80.0
1775635374.1835654,-3.0,3.0,-81.0
1775635374.1935654,-4.0,2.0,-82.0
1775635374.2035654,-2.0,4.0,-80.0
1775635374.213565,-2.0,-1.0,-75.0
1775635374.223565,0.0,-1.0,-77.0
1775635374.233565,0.0,-5.0,-73.0
1775635374.243565,-2.0,-6.0,-67.0
1775635374.2535653,-8.0,-9.0,-67.0
1775635374.2635653,-3.0,-5.0,-65.0
1775635374.2735653,-3.0,-1.0,-69.0
1775635374.2835653,-5.0,-3.0,-72.0
1775635374.2935653,0.0,-1.0,-66.0
1775635374.3035655,2.0,-2.0,-68.0
1775635374.3135655,2.0,-4.0,-64.0
1775635374.3235655,0.0,-4.0,-62.0
1775635374.3335657,-3.0,-1.0,-61.0
1775635374.3435657,-1.0,-2.0,-69.0
1775635374.3535657,1.0,-3.0,-67.0
1775635374.3635654,0.0,-1.0,-63.0
1775635374.3735654,1.0,-2.0,-64.0
1775635374.3835654,1.0,0.0,-69.0
1775635374.3935654,-2.0,-2.0,-68.0
1775635374.4035654,-7.0,-3.0,-68.0
1775635374.4135654,-5.0,1.0,-75.0
1775635374.4235654,2.0,-1.0,-78.0
1775635374.4335654,2.0,-1.0,-76.0
1775635374.4435654,0.0,-3.0,-71.0
1775635374.4535654,-3.0,-1.0,-72.0
1775635374.463565,-8.0,1.0,-75.0
1775635374.473565,-6.0,0.0,-77.0
1775635374.483565,0.0,-1.0,-71.0
1775635374.493565,3.0,0.0,-64.0
1775635374.5035653,9.0,4.0,-61.0
1775635374.5135653,10.0,2.0,-57.0
1775635374.5235653,8.0,0.0,-58.0
1775635374.5335653,6.0,1.0,-59.0
1775635374.5435653,0.0,1.0,-57.0
1775635374.5535655,0.0,2.0,-56.0
1775635374.5635655,1.0,0.0,-61.0
1775635374.5735655,-2.0,2.0,-59.0
1775635374.5835657,-5.0,2.0,-56.0
1775635374.5935657,-7.0,2.0,-49.0
1775635374.6035657,-8.0,4.0,-54.0
1775635374.6135654,-10.0,2.0,-61.0
1775635374.6235654,-9.0,2.0,-61.0
1775635374.6335654,-6.0,2.0,-57.0
1775635374.6435654,-1.0,1.0,-55.0
1775635374.6535654,6.0,0.0,-55.0
1775635374.6635654,8.0,3.0,-56.0
1775635374.6735654,8.0,3.0,-53.0
1775635374.6835654,8.0,5.0,-51.0
1775635374.6935654,4.0,4.0,-60.0
1775635374.7035654,-2.0,2.0,-65.0
1775635374.713565,-3.0,2.0,-67.0
1775635374.723565,0.0,2.0,-73.0
1775635374.733565,0.0,4.0,-73.0
1775635374.743565,-1.0,3.0,-74.0
1775635374.7535653,0.0,1.0,-73.0
1775635374.7635653,4.0,2.0,-68.0
1775635374.7735653,-1.0,4.0,-70.0
1775635374.7835653,-5.0,-1.0,-67.0
1775635374.7935653,-4.0,-6.0,-62.0
1775635374.8035655,0.0,-7.0,-66.0
1775635374.8135655,4.0,-9.0,-66.0
1775635374.8235655,6.0,-6.0,-62.0
1775635374.8335657,7.0,-7.0,-63.0
1775635374.8435657,3.0,-4.0,-62.0
1775635374.8535657,1.0,-6.0,-71.0
1775635374.8635654,0.0,-6.0,-70.0
1775635374.8735654,1.0,-3.0,-71.0
1775635374.8835654,0.0,-3.0,-69.0
1775635374.8935654,-3.0,-8.0,-68.0
1775635374.9035654,-3.0,-5.0,-71.0
1775635374.9135654,1.0,-5.0,-70.0
1775635374.9235654,4.0,1.0,-73.0
1775635374.9335654,6.0,0.0,-68.0
1775635374.9435654,3.0,0.0,-68.0
1775635374.9535654,1.0,-2.0,-68.0
1775635374.963565,2.0,-3.0,-63.0
1775635374.973565,5.0,0.0,-61.0
1775635374.983565,5.0,-2.0,-65.0
1775635374.993565,1.0,0.0,-74.0
1775635375.0035653,5.0,0.0,-69.0
1775635375.0135653,3.0,0.0,-66.0
1775635375.0235653,5.0,7.0,-64.0
1775635375.0335653,4.0,4.0,-68.0
1775635375.0435653,0.0,0.0,-63.0
1775635375.0535655,-2.0,-3.0,-70.0
1775635375.0635655,-2.0,-3.0,-70.0
1775635375.0735655,-1.0,-5.0,-66.0
1775635375.0835657,2.0,-5.0,-64.0
1775635375.0935657,4.0,-4.0,-67.0
1775635375.1035657,5.0,0.0,-63.0
1775635375.1135654,3.0,-1.0,-62.0
1775635375.1235654,3.0,0.0,-68.0
1775635375.1335654,4.0,0.0,-69.0
1775635375.1435654,3.0,0.0,-76.0
1775635375.1535654,1.0,-1.0,-71.0
1775635375.1635654,1.0,-2.0,-69.0
1775635375.1735654,0.0,-2.0,-75.0
1775635375.1835654,0.0,-5.0,-80.0
1775635375.1935654,0.0,-6.0,-81.0
1775635375.2035654,1.0,-7.0,-78.0
1775635375.213565,2.0,-4.0,-85.0
1775635375.223565,0.0,-3.0,-79.0
1775635375.233565,-1.0,3.0,-79.0
1775635375.243565,2.0,3.0,-78.0
1775635375.2535653,3.0,1.0,-79.0
1775635375.2635653,0.0,0.0,-73.0
1775635375.2735653,2.0,0.0,-71.0
1775635375.2835653,2.0,1.0,-69.0
1775635375.2935653,0.0,0.0,-63.0
1775635375.3035655,1.0,0.0,-66.0
1775635375.3135655,4.0,-5.0,-74.0
1775635375.3235655,2.0,-4.0,-67.0
1775635375.3335657,0.0,-3.0,-59.0
1775635375.3435657,-2.0,0.0,-59.0
1775635375.3535657,-3.0,-2.0,-60.0
1775635375.3635654,-5.0,-2.0,-68.0
1775635375.3735654,-4.0,-1.0,-64.0
1775635375.3835654,0.0,-3.0,-68.0
1775635375.3935654,-1.0,-2.0,-70.0
1775635375.4035654,1.0,-1.0,-73.0
1775635375.4135654,3.0,-3.0,-74.0
1775635375.4235654,0.0,-4.0,-76.0
1775635375.4335654,4.0,-3.0,-76.0
1775635375.4435654,6.0,-2.0,-75.0
1775635375.4535654,6.0,-4.0,-71.0
1775635375.463565,5.0,-2.0,-77.0
1775635375.473565,8.0,-5.0,-76.0
1775635375.483565,5.0,-5.0,-75.0
1775635375.493565,5.0,-5.0,-74.0
1775635375.5035653,6.0,-1.0,-75.0
1775635375.5135653,3.0,-1.0,-70.0
1775635375.5235653,2.0,0.0,-73.0
1775635375.5335653,4.0,-2.0,-68.0
1775635375.5435653,1.0,-2.0,-68.0
1775635375.5535655,0.0,0.0,-70.0
1775635375.5635655,0.0,-2.0,-69.0
1775635375.5745654,2.0,-4.0,-70.0
1775635375.5845654,3.0,-7.0,-63.0
1775635375.5935657,-2.0,-9.0,-64.0
1775635375.6045654,0.0,-10.0,-69.0
1775635375.6145654,-1.0,-10.0,-64.0
1775635375.6245654,1.0,-8.0,-58.0
1775635375.6345654,0.0,-7.0,-68.0
1775635375.644565,2.0,-8.0,-69.0
1775635375.654565,3.0,-7.0,-66.0
1775635375.664565,-1.0,-6.0,-68.0
1775635375.6745653,-1.0,-6.0,-60.0
1775635375.6845653,-3.0,-7.0,-54.0
1775635375.6945653,0.0,-3.0,-59.0
1775635375.7045653,-2.0,-3.0,-63.0
1775635375.7145653,-2.0,-1.0,-67.0
1775635375.7245653,-4.0,-1.0,-70.0
1775635375.7345655,-7.0,-7.0,-64.0
1775635375.7445655,-7.0,-6.0,-53.0
1775635375.7545657,-5.0,-4.0,-61.0
1775635375.7645657,-7.0,-6.0,-61.0
1775635375.7745657,-6.0,-2.0,-62.0
1775635375.7845654,-2.0,0.0,-66.0
1775635375.7945654,-1.0,2.0,-72.0
1775635375.8045654,-1.0,2.0,-80.0
1775635375.8145654,-2.0,5.0,-72.0
1775635375.8245654,0.0,2.0,-68.0
1775635375.8345654,0.0,1.0,-65.0
1775635375.8445654,0.0,3.0,-68.0
1775635375.8545654,1.0,2.0,-60.0
1775635375.8645654,10.0,4.0,-58.0
1775635375.8745654,15.0,6.0,-63.0
1775635375.8845654,16.0,6.0,-65.0
1775635375.894565,8.0,4.0,-65.0
1775635375.904565,8.0,1.0,-66.0
1775635375.9155655,6.0,2.0,-60.0
1775635375.9245653,3.0,4.0,-62.0
1775635375.9345653,1.0,-1.0,-71.0
1775635375.9445653,1.0,-2.0,-66.0
1775635375.9545653,0.0,-2.0,-71.0
1775635375.9645653,-3.0,-2.0,-70.0
1775635375.9745653,-3.0,1.0,-62.0
1775635375.9845655,-10.0,0.0,-58.0
1775635375.9945655,-7.0,0.0,-57.0
1775635376.0045657,-4.0,-1.0,-59.0
1775635376.0145657,-4.0,-2.0,-58.0
1775635376.0245657,-2.0,-1.0,-58.0
1775635376.0345654,-3.0,3.0,-67.0
1775635376.0445654,-1.0,6.0,-64.0
1775635376.0545654,0.0,4.0,-66.0
1775635376.0645654,0.0,2.0,-65.0
1775635376.0745654,0.0,0.0,-72.0
1775635376.0845654,-4.0,-3.0,-70.0
1775635376.0945654,-2.0,0.0,-66.0
1775635376.1045654,0.0,-4.0,-73.0
1775635376.1145654,2.0,-4.0,-70.0
1775635376.1245654,3.0,-5.0,-67.0
1775635376.1345654,0.0,-9.0,-68.0
1775635376.144565,0.0,-4.0,-68.0
1775635376.154565,-1.0,0.0,-74.0
1775635376.164565,-2.0,0.0,-73.0
1775635376.1745653,0.0,-1.0,-68.0
1775635376.1845653,2.0,-1.0,-63.0
1775635376.1945653,-2.0,-4.0,-63.0
1775635376.2045653,-4.0,-2.0,-64.0
1775635376.2145653,-1.0,5.0,-67.0
1775635376.2245653,2.0,1.0,-69.0
1775635376.2345655,-1.0,1.0,-58.0
1775635376.2445655,-5.0,3.0,-58.0
1775635376.2545657,-4.0,9.0,-60.0
1775635376.2645657,-1.0,13.0,-61.0
1775635376.2745657,0.0,12.0,-59.0
1775635376.2845654,-2.0,8.0,-62.0
1775635376.2945654,-3.0,6.0,-67.0
1775635376.3045654,0.0,6.0,-68.0
1775635376.3145654,2.0,4.0,-67.0
1775635376.3245654,7.0,0.0,-67.0
1775635376.3345654,3.0,1.0,-57.0
1775635376.3445654,3.0,2.0,-60.0
1775635376.3545654,4.0,5.0,-64.0
1775635376.3645654,7.0,2.0,-64.0
1775635376.3745654,0.0,2.0,-68.0
1775635376.3845654,1.0,1.0,-76.0
1775635376.394565,4.0,4.0,-78.0
1775635376.404565,2.0,5.0,-76.0
1775635376.414565,1.0,4.0,-80.0
1775635376.4245653,0.0,7.0,-73.0
1775635376.4345653,0.0,3.0,-74.0
1775635376.4445653,2.0,1.0,-74.0
1775635376.4545653,3.0,0.0,-68.0
1775635376.4645653,2.0,-6.0,-75.0
1775635376.4745653,0.0,-8.0,-77.0
1775635376.4845655,2.0,-6.0,-77.0
1775635376.4945655,1.0,-5.0,-80.0
1775635376.5045657,1.0,-3.0,-73.0
1775635376.5145657,-1.0,-4.0,-71.0
1775635376.5245657,-3.0,-4.0,-71.0
1775635376.5345654,-2.0,-3.0,-74.0
1775635376.5445654,-2.0,-2.0,-69.0
1775635376.5545654,1.0,0.0,-74.0
1775635376.5645654,1.0,0.0,-72.0
1775635376.5745654,3.0,0.0,-63.0
1775635376.5845654,3.0,0.0,-68.0
1775635376.5945654,4.0,3.0,-67.0
1775635376.6045654,5.0,1.0,-73.0
1775635376.6145654,7.0,-2.0,-73.0
1775635376.6245654,9.0,0.0,-64.0
1775635376.6345654,6.0,2.0,-62.0
1775635376.644565,1.0,2.0,-64.0
1775635376.654565,-1.0,3.0,-68.0
1775635376.664565,0.0,4.0,-71.0
1775635376.6745653,0.0,5.0,-74.0
1775635376.6845653,0.0,0.0,-77.0
1775635376.6945653,0.0,-1.0,-74.0
1775635376.7045653,0.0,-1.0,-69.0
1775635376.7145653,4.0,0.0,-62.0
1775635376.7245653,4.0,1.0,-67.0
1775635376.7345655,0.0,1.0,-70.0
1775635376.7445655,0.0,1.0,-71.0
1775635376.7545657,1.0,0.0,-68.0
1775635376.7645657,1.0,-1.0,-69.0
1775635376.7745657,0.0,0.0,-62.0
1775635376.7845654,-1.0,-7.0,-66.0
1775635376.7945654,-1.0,-9.0,-66.0
1775635376.8045654,-4.0,-9.0,-60.0
1775635376.8145654,-1.0,-10.0,-60.0
1775635376.8245654,-5.0,-8.0,-61.0
1775635376.8345654,-5.0,-3.0,-64.0
1775635376.8445654,-3.0,-2.0,-62.0
1775635376.8545654,-7.0,1.0,-63.0
1775635376.8645654,-7.0,5.0,-64.0
1775635376.8745654,-6.0,9.0,-67.0
1775635376.8845654,-1.0,7.0,-66.0
1775635376.894565,-1.0,6.0,-63.0
1775635376.904565,-2.0,10.0,-68.0
1775635376.914565,1.0,6.0,-63.0
1775635376.9245653,1.0,3.0,-65.0
1775635376.9345653,0.0,1.0,-69.0
1775635376.9445653,-3.0,2.0,-68.0
1775635376.9545653,-1.0,0.0,-68.0
1775635376.9645653,1.0,-4.0,-71.0
1775635376.9745653,1.0,-2.0,-73.0
1775635376.9845655,-2.0,-2.0,-72.0
1775635376.9945655,-1.0,-2.0,-71.0
1775635377.0045657,2.0,-6.0,-70.0
1775635377.0145657,-2.0,-11.0,-65.0
1775635377.0245657,0.0,-10.0,-66.0
1775635377.0345654,-4.0,-10.0,-67.0
1775635377.0445654,-2.0,-13.0,-65.0
1775635377.0545654,0.0,-6.0,-67.0
1775635377.0645654,2.0,0.0,-74.0
1775635377.0745654,1.0,0.0,-72.0
1775635377.0845654,-1.0,3.0,-73.0
1775635377.0945654,0.0,0.0,-69.0
1775635377.1045654,0.0,-3.0,-67.0
1775635377.1145654,-1.0,-1.0,-67.0
1775635377.1245654,2.0,0.0,-71.0
1775635377.1345654,2.0,0.0,-71.0
1775635377.144565,-1.0,3.0,-69.0
1775635377.154565,-6.0,0.0,-68.0
1775635377.164565,-7.0,0.0,-68.0
1775635377.1745653,-3.0,-1.0,-69.0
1775635377.1845653,0.0,-2.0,-68.0
1775635377.1945653,1.0,-6.0,-67.0
1775635377.2045653,5.0,-7.0,-75.0
1775635377.2145653,1.0,-5.0,-76.0
1775635377.2245653,-1.0,-3.0,-76.0
1775635377.2345655,0.0,-3.0,-68.0
1775635377.2445655,0.0,-3.0,-67.0
1775635377.2545657,-1.0,-2.0,-63.0
1775635377.2655654,-2.0,-3.0,-63.0
1775635377.2745657,-2.0,-4.0,-61.0
1775635377.2845654,-3.0,-3.0,-60.0
1775635377.2945654,-10.0,-2.0,-65.0
1775635377.3045654,-9.0,-1.0,-61.0
1775635377.3145654,-6.0,-1.0,-55.0
1775635377.3245654,0.0,0.0,-59.0
1775635377.3345654,0.0,3.0,-60.0
1775635377.3445654,1.0,4.0,-65.0
1775635377.3545654,1.0,3.0,-69.0
1775635377.3645654,0.0,1.0,-74.0
1775635377.3745654,-5.0,3.0,-78.0
1775635377.3845654,-5.0,2.0,-80.0
1775635377.394565,-4.0,1.0,-74.0
1775635377.404565,-2.0,1.0,-79.0
1775635377.414565,-1.0,2.0,-77.0
1775635377.4245653,-4.0,2.0,-73.0
1775635377.4345653,-6.0,0.0,-66.0
1775635377.4445653,-6.0,-2.0,-66.0
1775635377.4545653,-3.0,-2.0,-67.0
1775635377.4645653,0.0,-9.0,-63.0
1775635377.4745653,-5.0,-5.0,-55.0
1775635377.4845655,-4.0,-11.0,-53.0
1775635377.4945655,-2.0,-9.0,-61.0
1775635377.5045657,-1.0,-7.0,-59.0
1775635377.5145657,0.0,-3.0,-58.0
1775635377.5245657,-4.0,-1.0,-57.0
1775635377.5345654,-2.0,0.0,-61.0
1775635377.5445654,2.0,0.0,-62.0
1775635377.5545654,2.0,-2.0,-55.0
1775635377.5645654,2.0,0.0,-55.0
1775635377.5745654,2.0,2.0,-52.0
1775635377.5845654,2.0,0.0,-52.0
1775635377.5945654,-3.0,-5.0,-57.0
1775635377.6045654,-4.0,-6.0,-51.0
1775635377.6145654,-3.0,-5.0,-51.0
1775635377.6245654,-4.0,-3.0,-59.0
1775635377.6345654,-3.0,-3.0,-59.0
1775635377.644565,-3.0,-3.0,-54.0
1775635377.654565,-7.0,-4.0,-57.0
1775635377.664565,-6.0,-6.0,-54.0
1775635377.6745653,-8.0,-4.0,-61.0
1775635377.6845653,-1.0,-4.0,-57.0
1775635377.6945653,-3.0,-8.0,-62.0
1775635377.7045653,-5.0,-8.0,-61.0
1775635377.7145653,-6.0,-6.0,-63.0
1775635377.7245653,-4.0,-1.0,-65.0
1775635377.7345655,-2.0,0.0,-60.0
1775635377.7445655,-6.0,0.0,-68.0
1775635377.7545657,-6.0,-3.0,-66.0
1775635377.7645657,-5.0,-2.0,-66.0
1775635377.7745657,-4.0,-2.0,-67.0
1775635377.7845654,0.0,1.0,-65.0
1775635377.7945654,-2.0,2.0,-65.0
1775635377.8045654,-4.0,1.0,-65.0
1775635377.8145654,-2.0,-1.0,-59.0
1775635377.8245654,0.0,0.0,-54.0
1775635377.8345654,1.0,2.0,-53.0
1775635377.8445654,0.0,7.0,-59.0
1775635377.8545654,0.0,9.0,-66.0
1775635377.8645654,0.0,7.0,-62.0
1775635377.8745654,-3.0,4.0,-68.0
1775635377.8845654,-5.0,2.0,-73.0
1775635377.8955653,-3.0,-1.0,-70.0
1775635377.904565,1.0,0.0,-80.0
1775635377.914565,4.0,0.0,-76.0
1775635377.9245653,1.0,1.0,-72.0
1775635377.9355657,0.0,1.0,-72.0
1775635377.9455657,-2.0,-3.0,-66.0
1775635377.9555657,-1.0,-5.0,-64.0
1775635377.9655654,0.0,-4.0,-69.0
1775635377.9755654,-1.0,-6.0,-69.0
1775635377.9855654,-4.0,-3.0,-67.0
1775635377.9955654,-7.0,0.0,-76.0
1775635378.0055654,-6.0,0.0,-69.0
1775635378.0155654,-3.0,0.0,-70.0
1775635378.0255654,-3.0,0.0,-73.0
1775635378.0355654,-3.0,0.0,-77.0
1775635378.0455654,0.0,-2.0,-81.0
1775635378.0555654,1.0,-3.0,-81.0
1775635378.065565,3.0,-2.0,-66.0
1775635378.075565,2.0,-4.0,-66.0
1775635378.085565,-5.0,-5.0,-59.0
1775635378.0955653,-11.0,1.0,-63.0
1775635378.1055653,-7.0,1.0,-63.0
1775635378.1155653,-7.0,9.0,-61.0
1775635378.1255653,-8.0,4.0,-62.0
1775635378.1355653,0.0,-1.0,-62.0
1775635378.1455653,1.0,1.0,-63.0
1775635378.1555655,3.0,0.0,-66.0
1775635378.1655655,0.0,0.0,-65.0
1775635378.1755655,0.0,0.0,-67.0
1775635378.1855657,-4.0,3.0,-67.0
1775635378.1955657,-4.0,7.0,-68.0
1775635378.2055657,-2.0,4.0,-64.0
1775635378.2155654,-2.0,2.0,-59.0
1775635378.2255654,-2.0,3.0,-58.0
1775635378.2355654,0.0,-1.0,-64.0
1775635378.2455654,1.0,-1.0,-60.0
1775635378.2555654,-4.0,0.0,-62.0
1775635378.2655654,-2.0,0.0,-59.0
1775635378.2755654,-2.0,0.0,-66.0
1775635378.2855654,-1.0,0.0,-65.0
1775635378.2955654,0.0,-2.0,-64.0
1775635378.3055654,-1.0,-3.0,-62.0
1775635378.315565,1.0,0.0,-60.0
1775635378.325565,0.0,-3.0,-68.0
1775635378.335565,0.0,-5.0,-77.0
1775635378.3455653,0.0,-6.0,-79.0
1775635378.3555653,0.0,-4.0,-77.0
1775635378.3655653,0.0,0.0,-82.0
1775635378.3755653,0.0,-2.0,-79.0
1775635378.3855653,1.0,-3.0,-75.0
1775635378.3955653,2.0,-6.0,-76.0
1775635378.4055655,3.0,-5.0,-74.0
1775635378.4155655,5.0,-4.0,-78.0
1775635378.4255655,0.0,-6.0,-77.0
1775635378.4355657,0.0,-3.0,-75.0
1775635378.4455657,2.0,-2.0,-73.0
1775635378.4555657,0.0,-7.0,-71.0
1775635378.4655654,0.0,-3.0,-63.0
1775635378.4755654,0.0,-2.0,-62.0
1775635378.4855654,-3.0,0.0,-60.0
1775635378.4955654,0.0,-3.0,-63.0
1775635378.5055654,1.0,-1.0,-64.0
1775635378.5155654,2.0,0.0,-63.0
1775635378.5255654,6.0,1.0,-57.0
1775635378.5355654,7.0,-1.0,-61.0
1775635378.5455654,4.0,-1.0,-64.0
1775635378.5555654,6.0,2.0,-60.0
1775635378.565565,6.0,7.0,-59.0
1775635378.575565,5.0,5.0,-64.0
1775635378.585565,8.0,0.0,-66.0
1775635378.5955653,7.0,-1.0,-66.0
1775635378.6055653,4.0,0.0,-67.0
1775635378.6155653,5.0,0.0,-68.0
1775635378.6255653,4.0,0.0,-59.0
1775635378.6355653,0.0,0.0,-54.0
1775635378.6455653,2.0,1.0,-56.0
1775635378.6555655,1.0,-4.0,-61.0
1775635378.6655655,2.0,-4.0,-58.0
1775635378.6755655,0.0,0.0,-54.0
1775635378.6855657,-5.0,-5.0,-53.0
1775635378.6955657,-6.0,-5.0,-55.0
1775635378.7055657,-5.0,-4.0,-62.0
1775635378.7155654,-5.0,-6.0,-66.0
1775635378.7255654,0.0,-4.0,-62.0
1775635378.7355654,3.0,-3.0,-68.0
1775635378.7455654,1.0,0.0,-69.0
1775635378.7555654,1.0,0.0,-69.0
1775635378.7655654,0.0,1.0,-66.0
1775635378.7755654,1.0,-2.0,-66.0
1775635378.7855654,-1.0,-3.0,-63.0
1775635378.7955654,-2.0,0.0,-63.0
1775635378.8055654,-1.0,4.0,-56.0
1775635378.815565,0.0,3.0,-56.0
1775635378.825565,0.0,2.0,-58.0
1775635378.835565,0.0,0.0,-65.0
1775635378.8455653,1.0,-1.0,-68.0
1775635378.8555653,0.0,-2.0,-72.0
1775635378.8655653,3.0,0.0,-72.0
1775635378.8755653,0.0,-3.0,-69.0
1775635378.8855653,-1.0,3.0,-66.0
1775635378.8955653,-3.0,2.0,-70.0
1775635378.9055655,-2.0,1.0,-66.0
1775635378.9155655,0.0,1.0,-70.0
1775635378.9255655,1.0,2.0,-72.0
1775635378.9355657,3.0,2.0,-74.0
1775635378.9455657,8.0,3.0,-67.0
1775635378.9555657,6.0,5.0,-61.0
1775635378.9655654,5.0,0.0,-64.0
1775635378.9755654,7.0,-2.0,-75.0
1775635378.9855654,1.0,-3.0,-70.0
1775635378.9955654,-2.0,-5.0,-69.0
1775635379.0055654,-4.0,-5.0,-66.0
1775635379.0155654,-4.0,-8.0,-66.0
1775635379.0255654,-4.0,-10.0,-69.0
1775635379.0355654,-3.0,-8.0,-74.0
1775635379.0455654,-3.0,-3.0,-72.0
1775635379.0555654,-4.0,-2.0,-73.0
1775635379.065565,-4.0,-3.0,-64.0
1775635379.075565,-3.0,0.0,-54.0
1775635379.085565,-4.0,-2.0,-54.0
1775635379.0955653,-3.0,0.0,-58.0
1775635379.1055653,-3.0,-2.0,-62.0
1775635379.1155653,-4.0,-4.0,-67.0
1775635379.1255653,-3.0,-2.0,-60.0
1775635379.1355653,-1.0,-2.0,-60.0
1775635379.1455653,-2.0,-4.0,-61.0
1775635379.1555655,-1.0,-3.0,-62.0
1775635379.1655655,-4.0,-1.0,-62.0
1775635379.1755655,-1.0,2.0,-66.0
1775635379.1855657,-4.0,5.0,-67.0
1775635379.1955657,-4.0,4.0,-68.0
1775635379.2055657,-3.0,7.0,-70.0
1775635379.2155654,0.0,9.0,-76.0
1775635379.2255654,-3.0,8.0,-84.0
1775635379.2355654,-1.0,4.0,-84.0
1775635379.2455654,-6.0,4.0,-84.0
1775635379.2555654,-7.0,1.0,-83.0
1775635379.2655654,-5.0,2.0,-80.0
1775635379.2755654,-3.0,4.0,-77.0
1775635379.2855654,-2.0,4.0,-84.0
1775635379.2955654,-2.0,2.0,-80.0
1775635379.3055654,0.0,-4.0,-82.0
1775635379.315565,0.0,-1.0,-83.0
1775635379.325565,-4.0,-3.0,-76.0
1775635379.335565,0.0,0.0,-67.0
1775635379.3455653,3.0,-5.0,-72.0
1775635379.3555653,0.0,-3.0,-72.0
1775635379.3655653,0.0,-7.0,-69.0
1775635379.3755653,0.0,-9.0,-67.0
1775635379.3855653,0.0,-7.0,-61.0
1775635379.3955653,3.0,-7.0,-63.0
1775635379.4055655,0.0,-5.0,-61.0
1775635379.4155655,-4.0,-1.0,-61.0
1775635379.4255655,-1.0,-2.0,-65.0
1775635379.4355657,3.0,-2.0,-67.0
1775635379.4455657,1.0,-2.0,-63.0
1775635379.4555657,5.0,0.0,-65.0
1775635379.4655654,2.0,0.0,-65.0
1775635379.4755654,4.0,-1.0,-56.0
1775635379.4855654,3.0,-7.0,-59.0
1775635379.4955654,6.0,-9.0,-53.0
1775635379.5055654,5.0,-10.0,-55.0
1775635379.5155654,0.0,-9.0,-58.0
1775635379.5255654,-1.0,-4.0,-56.0
1775635379.5355654,0.0,-2.0,-50.0
1775635379.5455654,1.0,-3.0,-53.0
1775635379.5555654,0.0,-1.0,-60.0
1775635379.565565,-3.0,0.0,-62.0
1775635379.575565,-8.0,1.0,-66.0
1775635379.585565,-5.0,0.0,-64.0
1775635379.5955653,-3.0,1.0,-62.0
1775635379.6055653,-3.0,-1.0,-59.0
1775635379.6155653,-2.0,-6.0,-66.0
1775635379.6255653,1.0,-3.0,-64.0
1775635379.6355653,0.0,-1.0,-69.0
1775635379.6455653,3.0,-1.0,-71.0
1775635379.6555655,-4.0,-3.0,-65.0
1775635379.6655655,-3.0,-2.0,-62.0
1775635379.6755655,-3.0,-1.0,-63.0
1775635379.6855657,-9.0,-3.0,-63.0
1775635379.6955657,-12.0,-4.0,-67.0
1775635379.7055657,-9.0,-3.0,-64.0
1775635379.7155654,-9.0,-2.0,-66.0
1775635379.7255654,-11.0,-4.0,-69.0
1775635379.7355654,-5.0,1.0,-72.0
1775635379.7455654,-4.0,4.0,-68.0
1775635379.7555654,-6.0,3.0,-67.0
1775635379.7655654,-7.0,0.0,-66.0
1775635379.7755654,-13.0,-1.0,-63.0
1775635379.7855654,-12.0,-3.0,-60.0
1775635379.7955654,-9.0,0.0,-61.0
1775635379.8055654,-6.0,1.0,-59.0
1775635379.815565,-9.0,2.0,-58.0
1775635379.825565,-5.0,1.0,-62.0
1775635379.835565,-3.0,-1.0,-64.0
1775635379.8455653,-4.0,1.0,-75.0
1775635379.8555653,-2.0,4.0,-78.0
1775635379.8655653,-3.0,0.0,-74.0
1775635379.8755653,-2.0,-3.0,-72.0
1775635379.8855653,-3.0,-5.0,-76.0
1775635379.8955653,-5.0,-3.0,-80.0
1775635379.9055655,-4.0,-4.0,-85.0
1775635379.9155655,-4.0,-2.0,-83.0
1775635379.9255655,-4.0,-1.0,-80.0
1775635379.9355657,0.0,0.0,-81.0
1775635379.9455657,-2.0,-1.0,-78.0
1775635379.9555657,-4.0,-1.0,-78.0
1775635379.9655654,-4.0,-1.0,-73.0
1775635379.9755654,-2.0,-2.0,-71.0
1775635379.9855654,0.0,-1.0,-60.0
1775635379.996565,1.0,-2.0,-58.0
1775635380.0055654,0.0,-2.0,-61.0
1775635380.0155654,1.0,-3.0,-66.0
1775635380.0255654,0.0,0.0,-71.0
1775635380.0355654,-1.0,0.0,-70.0
1775635380.0455654,-1.0,-4.0,-69.0
1775635380.0555654,-1.0,-9.0,-69.0
1775635380.065565,-2.0,-7.0,-71.0
1775635380.075565,-1.0,-7.0,-66.0
1775635380.085565,-4.0,-5.0,-65.0
1775635380.0955653,-1.0,-7.0,-67.0
1775635380.1055653,1.0,-5.0,-63.0
1775635380.1155653,3.0,-2.0,-67.0
1775635380.1255653,5.0,-5.0,-61.0
1775635380.1355653,2.0,-8.0,-62.0
1775635380.1455653,0.0,-5.0,-65.0
1775635380.1555655,2.0,-4.0,-67.0
1775635380.1655655,1.0,-3.0,-64.0
1775635380.1755655,4.0,-5.0,-62.0
1775635380.1855657,2.0,-5.0,-64.0
1775635380.1955657,5.0,-3.0,-62.0
1775635380.2065654,5.0,-2.0,-56.0
1775635380.2155654,2.0,-1.0,-57.0
1775635380.2265654,3.0,-4.0,-59.0
1775635380.2365654,0.0,0.0,-55.0
1775635380.246565,-3.0,-1.0,-59.0
1775635380.256565,-1.0,-2.0,-60.0
1775635380.266565,-3.0,-6.0,-63.0
1775635380.2765653,-5.0,-7.0,-68.0
1775635380.2865653,-4.0,0.0,-66.0
1775635380.2965653,-3.0,5.0,-65.0
1775635380.3065653,-4.0,4.0,-67.0
1775635380.3165653,-5.0,4.0,-70.0
1775635380.3265653,-6.0,0.0,-66.0
1775635380.3375654,-1.0,-3.0,-69.0
1775635380.3465655,-3.0,-5.0,-67.0
1775635380.3565657,-1.0,-2.0,-70.0
1775635380.3665657,-1.0,-1.0,-71.0
1775635380.3765657,1.0,0.0,-73.0
1775635380.3865654,2.0,1.0,-70.0
1775635380.3965654,1.0,-1.0,-75.0
1775635380.4065654,-2.0,-6.0,-79.0
1775635380.4165654,-3.0,-5.0,-71.0
1775635380.4265654,0.0,-4.0,-76.0
1775635380.4365654,-2.0,-6.0,-72.0
1775635380.4465654,1.0,-2.0,-64.0
1775635380.4565654,6.0,-4.0,-60.0
1775635380.4665654,3.0,-2.0,-65.0
1775635380.4765654,1.0,-4.0,-73.0
1775635380.4865654,-3.0,-2.0,-80.0
1775635380.496565,-3.0,-3.0,-82.0
1775635380.506565,-1.0,0.0,-82.0
1775635380.516565,0.0,0.0,-76.0
1775635380.5265653,1.0,0.0,-72.0
1775635380.5365653,0.0,2.0,-69.0
1775635380.5465653,2.0,6.0,-66.0
1775635380.5565653,1.0,3.0,-66.0
1775635380.5665653,3.0,3.0,-69.0
1775635380.5765653,3.0,-1.0,-66.0
1775635380.5865655,3.0,-5.0,-70.0
1775635380.5965655,1.0,-4.0,-70.0
1775635380.6065657,-2.0,-1.0,-67.0
1775635380.6165657,0.0,-4.0,-67.0
1775635380.6265657,-3.0,-4.0,-67.0
1775635380.6365654,0.0,-3.0,-69.0
1775635380.6465654,1.0,-4.0,-61.0
1775635380.6565654,1.0,-5.0,-64.0
1775635380.6665654,-1.0,-1.0,-64.0
1775635380.6765654,-2.0,0.0,-68.0
1775635380.6865654,-2.0,0.0,-70.0
1775635380.6965654,-3.0,-3.0,-71.0
1775635380.7065654,-1.0,1.0,-70.0
1775635380.7165654,-1.0,1.0,-68.0
1775635380.7265654,0.0,4.0,-67.0
1775635380.7365654,-1.0,5.0,-64.0
1775635380.746565,-5.0,4.0,-69.0
1775635380.756565,-2.0,-1.0,-71.0
1775635380.766565,1.0,0.0,-75.0
1775635380.7765653,2.0,1.0,-73.0
1775635380.7865653,2.0,1.0,-76.0
1775635380.7965653,1.0,-1.0,-79.0
1775635380.8065653,4.0,-6.0,-77.0
1775635380.8165653,6.0,-6.0,-73.0
1775635380.8265653,4.0,-4.0,-71.0
1775635380.8365655,3.0,-2.0,-71.0
1775635380.8465655,-1.0,0.0,-74.0
1775635380.8565657,-2.0,-1.0,-73.0
1775635380.8665657,0.0,0.0,-77.0
1775635380.8765657,4.0,0.0,-74.0
1775635380.8865654,3.0,1.0,-73.0
1775635380.8965654,2.0,2.0,-78.0
1775635380.9065654,-1.0,0.0,-73.0
1775635380.9165654,-3.0,5.0,-73.0
1775635380.9265654,-2.0,5.0,-64.0
1775635380.9365654,-5.0,-2.0,-65.0
1775635380.9465654,1.0,-5.0,-61.0
1775635380.9565654,5.0,-10.0,-67.0
1775635380.9665654,4.0,-6.0,-73.0
1775635380.9765654,4.0,-7.0,-70.0
1775635380.9865654,4.0,-7.0,-75.0
1775635380.996565,0.0,-3.0,-73.0
1775635381.006565,-3.0,-5.0,-63.0
1775635381.016565,-1.0,-3.0,-61.0
1775635381.0265653,0.0,-4.0,-58.0
1775635381.0365653,-6.0,-2.0,-61.0
1775635381.0465653,-4.0,3.0,-61.0
1775635381.0565653,-3.0,5.0,-64.0
1775635381.0665653,-3.0,7.0,-65.0
1775635381.0765653,-4.0,5.0,-61.0
1775635381.0865655,-2.0,4.0,-61.0
1775635381.0965655,-1.0,5.0,-62.0
1775635381.1065657,-4.0,3.0,-73.0
1775635381.1165657,1.0,3.0,-74.0
1775635381.1265657,-1.0,2.0,-68.0
1775635381.1365654,-3.0,0.0,-59.0
1775635381.1465654,1.0,2.0,-58.0
1775635381.1565654,2.0,3.0,-72.0
1775635381.1665654,4.0,2.0,-63.0
1775635381.1765654,0.0,10.0,-62.0
1775635381.1865654,-2.0,9.0,-62.0
1775635381.1965654,-7.0,5.0,-67.0
1775635381.2065654,-6.0,4.0,-72.0
1775635381.2165654,-3.0,0.0,-70.0
1775635381.2265654,-4.0,-5.0,-73.0
1775635381.2365654,-1.0,-4.0,-77.0
1775635381.246565,-4.0,-9.0,-70.0
1775635381.256565,0.0,-3.0,-72.0
1775635381.266565,-1.0,2.0,-67.0
1775635381.2765653,4.0,10.0,-68.0
1775635381.2865653,3.0,8.0,-67.0
1775635381.2965653,0.0,6.0,-67.0
1775635381.3065653,-1.0,2.0,-68.0
1775635381.3165653,-1.0,0.0,-68.0
1775635381.3265653,0.0,-2.0,-72.0
1775635381.3365655,-1.0,0.0,-75.0
1775635381.3465655,2.0,2.0,-73.0
1775635381.3565657,-2.0,4.0,-74.0
1775635381.3665657,-3.0,3.0,-76.0
1775635381.3765657,-4.0,4.0,-71.0
1775635381.3865654,-7.0,0.0,-68.0
1775635381.3965654,-3.0,1.0,-64.0
1775635381.4065654,-4.0,3.0,-59.0
1775635381.4165654,0.0,1.0,-62.0
1775635381.4265654,-2.0,2.0,-71.0
1775635381.4365654,-3.0,1.0,-74.0
1775635381.4465654,-8.0,3.0,-74.0
1775635381.4565654,-8.0,2.0,-75.0
1775635381.4665654,-4.0,1.0,-74.0
1775635381.4765654,-2.0,2.0,-77.0
1775635381.4865654,-3.0,6.0,-83.0
1775635381.496565,0.0,5.0,-83.0
1775635381.506565,-1.0,6.0,-84.0
1775635381.516565,1.0,6.0,-79.0
1775635381.5265653,0.0,7.0,-85.0
1775635381.5365653,0.0,5.0,-78.0
1775635381.5465653,-4.0,1.0,-74.0
1775635381.5565653,-4.0,-1.0,-71.0
1775635381.5665653,-3.0,-3.0,-70.0
1775635381.5765653,-3.0,-2.0,-69.0
1775635381.5865655,-2.0,0.0,-73.0
1775635381.5965655,-2.0,1.0,-73.0
1775635381.6065657,0.0,3.0,-71.0
1775635381.6165657,-4.0,1.0,-73.0
1775635381.6265657,-4.0,4.0,-68.0
1775635381.6365654,-6.0,4.0,-67.0
1775635381.6465654,-9.0,-1.0,-70.0
1775635381.6565654,-7.0,-1.0,-65.0
1775635381.6665654,-5.0,2.0,-64.0
1775635381.6765654,-12.0,0.0,-64.0
1775635381.6865654,-9.0,1.0,-65.0
1775635381.6965654,-9.0,3.0,-69.0
1775635381.7065654,-9.0,0.0,-69.0
1775635381.7165654,-7.0,2.0,-63.0
1775635381.7265654,-9.0,3.0,-57.0
1775635381.7365654,-9.0,-1.0,-56.0
1775635381.746565,-6.0,0.0,-59.0
1775635381.756565,-6.0,2.0,-60.0
1775635381.766565,-1.0,2.0,-63.0
1775635381.7765653,-4.0,4.0,-60.0
1775635381.7865653,-8.0,2.0,-68.0
1775635381.7965653,-4.0,0.0,-72.0
1775635381.8065653,0.0,3.0,-76.0
1775635381.8165653,0.0,2.0,-74.0
1775635381.8265653,1.0,6.0,-74.0
1775635381.8365655,0.0,6.0,-74.0
1775635381.8465655,-1.0,4.0,-72.0
1775635381.8565657,-3.0,5.0,-68.0
1775635381.8665657,-2.0,3.0,-74.0
1775635381.8765657,-1.0,4.0,-71.0
1775635381.8865654,0.0,6.0,-74.0
1775635381.8965654,0.0,6.0,-77.0
1775635381.9065654,6.0,6.0,-72.0
1775635381.9165654,6.0,6.0,-76.0
1775635381.9265654,2.0,4.0,-80.0
1775635381.9365654,4.0,2.0,-82.0
1775635381.9465654,1.0,0.0,-85.0
1775635381.9565654,0.0,1.0,-79.0
1775635381.9665654,3.0,0.0,-75.0
1775635381.9765654,0.0,1.0,-77.0
1775635381.9865654,0.0,0.0,-73.0
1775635381.996565,0.0,-1.0,-73.0
1775635382.006565,0.0,-1.0,-75.0
1775635382.016565,4.0,0.0,-69.0
1775635382.0265653,5.0,1.0,-69.0
1775635382.0365653,4.0,5.0,-68.0
1775635382.0465653,4.0,4.0,-66.0
1775635382.0565653,1.0,5.0,-64.0
1775635382.0665653,1.0,6.0,-62.0
1775635382.0765653,0.0,10.0,-65.0
1775635382.0865655,0.0,7.0,-68.0
1775635382.0965655,0.0,3.0,-68.0
1775635382.1065657,0.0,0.0,-63.0
1775635382.1165657,4.0,1.0,-65.0
1775635382.1265657,4.0,4.0,-62.0
1775635382.1365654,5.0,5.0,-64.0
1775635382.1465654,2.0,6.0,-68.0
1775635382.1565654,4.0,9.0,-74.0
1775635382.1665654,1.0,5.0,-73.0
1775635382.1765654,2.0,0.0,-77.0
1775635382.1865654,0.0,0.0,-77.0
1775635382.1965654,2.0,-2.0,-75.0
1775635382.2065654,0.0,-2.0,-75.0
1775635382.2165654,1.0,-1.0,-71.0
1775635382.2265654,1.0,-4.0,-75.0
1775635382.2365654,0.0,-5.0,-72.0
1775635382.246565,-1.0,-1.0,-73.0
1775635382.256565,-1.0,-2.0,-68.0
1775635382.266565,-7.0,-1.0,-70.0
1775635382.2765653,-5.0,-1.0,-73.0
1775635382.2865653,-1.0,-1.0,-74.0
1775635382.2965653,0.0,-2.0,-74.0
1775635382.3065653,1.0,-3.0,-71.0
1775635382.3165653,2.0,-7.0,-63.0
1775635382.3265653,4.0,-4.0,-59.0
1775635382.3365655,1.0,-6.0,-58.0
1775635382.3465655,1.0,0.0,-61.0
1775635382.3565657,-3.0,1.0,-62.0
1775635382.3665657,-2.0,4.0,-67.0
1775635382.3765657,-1.0,0.0,-66.0
1775635382.3865654,1.0,0.0,-75.0
1775635382.3965654,3.0,-4.0,-65.0
1775635382.4065654,0.0,0.0,-63.0
1775635382.4165654,0.0,0.0,-61.0
1775635382.4265654,0.0,0.0,-63.0
1775635382.4365654,3.0,2.0,-66.0
1775635382.4465654,2.0,2.0,-65.0
1775635382.4565654,-1.0,0.0,-63.0
1775635382.4665654,-4.0,0.0,-64.0
1775635382.4765654,-4.0,1.0,-66.0
1775635382.4865654,-1.0,2.0,-73.0
1775635382.496565,1.0,3.0,-76.0
1775635382.506565,4.0,3.0,-74.0
1775635382.516565,2.0,1.0,-70.0
1775635382.5265653,-2.0,3.0,-70.0
1775635382.5365653,-1.0,0.0,-71.0
1775635382.5465653,0.0,0.0,-65.0
1775635382.5575657,1.0,0.0,-69.0
1775635382.5665653,-3.0,1.0,-64.0
1775635382.5765653,-3.0,-2.0,-65.0
1775635382.5865655,-8.0,-1.0,-70.0
1775635382.5975654,-3.0,3.0,-61.0
1775635382.6075654,-2.0,0.0,-56.0
1775635382.6175654,-2.0,-3.0,-59.0
1775635382.6275654,-3.0,-1.0,-61.0
1775635382.6375654,-3.0,-2.0,-62.0
1775635382.6475654,-3.0,-1.0,-71.0
1775635382.6575654,-2.0,0.0,-74.0
1775635382.667565,1.0,-1.0,-73.0
1775635382.677565,3.0,-1.0,-69.0
1775635382.687565,3.0,2.0,-65.0
1775635382.6975653,5.0,5.0,-64.0
1775635382.7075653,4.0,2.0,-70.0
1775635382.7175653,2.0,-1.0,-71.0
1775635382.7275653,2.0,-1.0,-69.0
1775635382.7375653,-2.0,-4.0,-74.0
1775635382.7475653,-1.0,-3.0,-70.0
1775635382.7575655,5.0,-1.0,-73.0
1775635382.7675655,5.0,0.0,-78.0
1775635382.7775657,0.0,1.0,-71.0
1775635382.7875657,-3.0,3.0,-72.0
1775635382.7975657,-4.0,2.0,-72.0
1775635382.8075657,-4.0,1.0,-76.0
1775635382.8175654,-3.0,-1.0,-72.0
1775635382.8275654,-9.0,-3.0,-68.0
1775635382.8375654,-10.0,-3.0,-71.0
1775635382.8475654,-9.0,-1.0,-71.0
1775635382.8575654,-9.0,1.0,-66.0
1775635382.8675654,-6.0,0.0,-68.0
1775635382.8775654,0.0,1.0,-69.0
1775635382.8875654,0.0,-2.0,-71.0
1775635382.8975654,-5.0,-1.0,-69.0
1775635382.9075654,-5.0,3.0,-69.0
1775635382.917565,2.0,6.0,-68.0
1775635382.927565,4.0,5.0,-64.0
1775635382.937565,0.0,8.0,-67.0
1775635382.9475653,3.0,6.0,-72.0
1775635382.9575653,-1.0,3.0,-75.0
1775635382.9675653,-1.0,3.0,-74.0
1775635382.9775653,4.0,4.0,-70.0
1775635382.9875653,3.0,5.0,-66.0
1775635382.9975653,6.0,5.0,-71.0
1775635383.0075655,4.0,5.0,-66.0
1775635383.0175655,2.0,1.0,-67.0
1775635383.0275657,0.0,0.0,-61.0
1775635383.0375657,2.0,3.0,-64.0
1775635383.0475657,3.0,5.0,-62.0
1775635383.0575657,2.0,4.0,-58.0
1775635383.0675654,0.0,0.0,-61.0
1775635383.0775654,-2.0,-1.0,-58.0
1775635383.0875654,-1.0,2.0,-58.0
1775635383.0975654,2.0,4.0,-55.0
1775635383.1075654,1.0,8.0,-55.0
1775635383.1175654,2.0,8.0,-61.0
1775635383.1275654,4.0,6.0,-65.0
1775635383.1375654,-1.0,5.0,-64.0
1775635383.1475654,-7.0,0.0,-66.0
1775635383.1575654,-3.0,1.0,-67.0
1775635383.167565,-6.0,3.0,-70.0
1775635383.177565,-6.0,5.0,-67.0
1775635383.187565,-2.0,4.0,-70.0
1775635383.1975653,0.0,0.0,-64.0
1775635383.2075653,2.0,-5.0,-58.0
1775635383.2175653,1.0,-5.0,-60.0
1775635383.2275653,5.0,-9.0,-63.0
1775635383.2375653,3.0,-5.0,-60.0
1775635383.2475653,0.0,-3.0,-58.0
1775635383.2575655,-5.0,-4.0,-62.0
1775635383.2675655,-4.0,-4.0,-73.0
1775635383.2775657,-3.0,-4.0,-73.0
1775635383.2875657,0.0,-5.0,-74.0
1775635383.2975657,1.0,-6.0,-73.0
1775635383.3075657,0.0,-5.0,-69.0
1775635383.3175654,-3.0,-5.0,-67.0
1775635383.3275654,-5.0,-1.0,-65.0
1775635383.3375654,-4.0,2.0,-57.0
1775635383.3475654,-2.0,3.0,-64.0
1775635383.3575654,-4.0,4.0,-66.0
1775635383.3675654,-5.0,4.0,-61.0
1775635383.3775654,-7.0,2.0,-61.0
1775635383.3875654,-7.0,4.0,-61.0
1775635383.3975654,-9.0,4.0,-57.0
1775635383.4075654,-5.0,0.0,-52.0
1775635383.417565,-2.0,0.0,-52.0
1775635383.427565,-1.0,0.0,-57.0
1775635383.437565,0.0,0.0,-62.0
1775635383.4475653,-3.0,2.0,-59.0
1775635383.4575653,0.0,1.0,-63.0
1775635383.4675653,0.0,4.0,-70.0
1775635383.4775653,0.0,6.0,-65.0
1775635383.4875653,-5.0,3.0,-73.0
1775635383.4975653,-2.0,3.0,-76.0
1775635383.5075655,2.0,7.0,-76.0
1775635383.5175655,2.0,5.0,-78.0
1775635383.5275657,5.0,5.0,-77.0
1775635383.5375657,6.0,3.0,-76.0
1775635383.5475657,1.0,4.0,-70.0
1775635383.5575657,1.0,-1.0,-67.0
1775635383.5675654,0.0,-3.0,-66.0
1775635383.5775654,3.0,-6.0,-61.0
1775635383.5875654,3.0,-7.0,-58.0
1775635383.5975654,-1.0,-5.0,-63.0
1775635383.6075654,-5.0,-4.0,-60.0
1775635383.6175654,-9.0,-5.0,-67.0
1775635383.6275654,-3.0,-7.0,-71.0
1775635383.6375654,-1.0,-9.0,-77.0
1775635383.6475654,-6.0,-9.0,-68.0
1775635383.6575654,-4.0,-10.0,-65.0
1775635383.667565,-5.0,-8.0,-64.0
1775635383.677565,-3.0,-8.0,-60.0
1775635383.687565,0.0,-10.0,-66.0
1775635383.6975653,0.0,-6.0,-66.0
1775635383.7075653,0.0,-3.0,-59.0
1775635383.7175653,-1.0,0.0,-60.0
1775635383.7275653,-3.0,0.0,-61.0
1775635383.7375653,-7.0,2.0,-64.0
1775635383.7475653,-6.0,4.0,-66.0
1775635383.7575655,-8.0,5.0,-72.0
1775635383.7675655,-1.0,2.0,-70.0
1775635383.7775657,1.0,2.0,-67.0
1775635383.7875657,2.0,0.0,-70.0
1775635383.7975657,5.0,-1.0,-67.0
1775635383.8075657,2.0,-1.0,-70.0
1775635383.8175654,0.0,-2.0,-65.0
1775635383.8275654,2.0,-7.0,-71.0
1775635383.8375654,3.0,-6.0,-76.0
1775635383.8475654,4.0,-4.0,-77.0
1775635383.8575654,5.0,0.0,-77.0
1775635383.8675654,4.0,-4.0,-73.0
1775635383.8775654,2.0,-5.0,-70.0
1775635383.8875654,4.0,-6.0,-68.0
1775635383.8975654,-2.0,-7.0,-64.0
1775635383.9075654,-1.0,-8.0,-65.0
1775635383.917565,1.0,-6.0,-67.0
1775635383.927565,0.0,-3.0,-64.0
1775635383.937565,0.0,-3.0,-65.0
1775635383.9475653,-2.0,-1.0,-65.0
1775635383.9575653,-8.0,0.0,-60.0
1775635383.9675653,-10.0,0.0,-70.0
1775635383.9775653,-9.0,0.0,-71.0
1775635383.9875653,-8.0,-4.0,-69.0
1775635383.9975653,-2.0,-5.0,-73.0
1775635384.0075655,-2.0,-4.0,-67.0
1775635384.0175655,-7.0,-3.0,-69.0
1775635384.0275657,-8.0,-3.0,-67.0
1775635384.0375657,-1.0,0.0,-78.0
1775635384.0475657,2.0,0.0,-79.0
1775635384.0575657,2.0,0.0,-75.0
1775635384.0675654,3.0,-1.0,-73.0
1775635384.0775654,2.0,1.0,-67.0
1775635384.0875654,7.0,2.0,-68.0
1775635384.0975654,7.0,3.0,-70.0
1775635384.1075654,6.0,1.0,-66.0
1775635384.1175654,0.0,3.0,-65.0
1775635384.1275654,0.0,3.0,-65.0
1775635384.1375654,4.0,-1.0,-61.0
1775635384.1475654,1.0,0.0,-61.0
1775635384.1575654,-3.0,0.0,-59.0
1775635384.167565,-4.0,2.0,-57.0
1775635384.177565,-3.0,5.0,-58.0
1775635384.187565,0.0,1.0,-61.0
1775635384.1975653,-1.0,0.0,-61.0
1775635384.2075653,-3.0,3.0,-63.0
1775635384.2175653,-6.0,1.0,-61.0
1775635384.2275653,-11.0,-2.0,-64.0
1775635384.2375653,-10.0,-5.0,-64.0
1775635384.2475653,-8.0,-3.0,-68.0
1775635384.2575655,-5.0,-4.0,-68.0
1775635384.2675655,-1.0,-6.0,-69.0
1775635384.2775657,-8.0,-3.0,-81.0
1775635384.2875657,-7.0,-3.0,-81.0
1775635384.2975657,-7.0,-3.0,-77.0
1775635384.3075657,-7.0,-5.0,-78.0
1775635384.3175654,-2.0,-7.0,-79.0
1775635384.3275654,-3.0,-1.0,-74.0
1775635384.3375654,-2.0,0.0,-81.0
1775635384.3475654,-4.0,-1.0,-75.0
1775635384.3575654,-1.0,-1.0,-78.0
1775635384.3675654,0.0,0.0,-76.0
1775635384.3775654,0.0,-1.0,-71.0
1775635384.3875654,0.0,-1.0,-66.0
1775635384.3975654,0.0,0.0,-61.0
1775635384.4075654,-4.0,-3.0,-67.0
1775635384.417565,-5.0,-9.0,-68.0
1775635384.427565,-7.0,-9.0,-69.0
1775635384.437565,-6.0,-4.0,-68.0
1775635384.4475653,-5.0,-2.0,-75.0
1775635384.4575653,-3.0,1.0,-71.0
1775635384.4675653,-2.0,0.0,-67.0
1775635384.4775653,0.0,2.0,-67.0
1775635384.4875653,-1.0,0.0,-60.0
1775635384.4975653,0.0,0.0,-61.0
1775635384.5075655,0.0,-4.0,-61.0
1775635384.5175655,-3.0,-3.0,-63.0
1775635384.5275657,1.0,-3.0,-67.0
1775635384.5375657,6.0,-2.0,-63.0
1775635384.5475657,4.0,-5.0,-65.0
1775635384.5575657,2.0,-2.0,-66.0
1775635384.5675654,3.0,0.0,-67.0
1775635384.5775654,5.0,-1.0,-62.0
1775635384.5875654,2.0,-4.0,-65.0
1775635384.5975654,5.0,-1.0,-69.0
1775635384.6075654,3.0,1.0,-68.0
1775635384.6175654,0.0,0.0,-69.0
1775635384.6275654,-1.0,-1.0,-68.0
1775635384.6385653,0.0,0.0,-69.0
1775635384.6475654,-1.0,6.0,-69.0
1775635384.6575654,1.0,8.0,-72.0
1775635384.667565,3.0,4.0,-74.0
1775635384.677565,3.0,4.0,-69.0
1775635384.687565,7.0,4.0,-75.0
1775635384.6975653,6.0,4.0,-77.0
1775635384.7075653,8.0,1.0,-82.0
1775635384.7175653,7.0,-1.0,-80.0
1775635384.7275653,3.0,-3.0,-73.0
1775635384.7375653,0.0,-2.0,-77.0
1775635384.7475653,-1.0,0.0,-76.0
1775635384.7575655,-4.0,2.0,-73.0
1775635384.7675655,-6.0,0.0,-68.0
1775635384.7775657,-2.0,0.0,-71.0
1775635384.7875657,-4.0,0.0,-69.0
1775635384.7975657,-6.0,1.0,-67.0
1775635384.8075657,-5.0,3.0,-65.0
1775635384.8175654,0.0,5.0,-61.0
1775635384.8275654,-4.0,3.0,-59.0
1775635384.8375654,-8.0,2.0,-68.0
1775635384.8475654,-6.0,1.0,-73.0
1775635384.8575654,-4.0,1.0,-71.0
1775635384.868565,-6.0,4.0,-70.0
1775635384.8775654,-9.0,4.0,-67.0
1775635384.8885653,-5.0,5.0,-68.0
1775635384.8985653,0.0,7.0,-62.0
1775635384.9085653,-1.0,9.0,-63.0
1775635384.9185653,-5.0,8.0,-63.0
1775635384.9285655,-3.0,6.0,-64.0
1775635384.9385655,0.0,4.0,-64.0
1775635384.9485655,1.0,2.0,-64.0
1775635384.9585657,-1.0,1.0,-63.0
1775635384.9685657,-5.0,1.0,-66.0
1775635384.9785657,-5.0,0.0,-57.0
1775635384.9885654,-1.0,2.0,-62.0
1775635384.9985654,-5.0,3.0,-70.0
1775635385.0085654,-8.0,3.0,-62.0
1775635385.0185654,-6.0,2.0,-60.0
1775635385.0285654,-1.0,3.0,-65.0
1775635385.0385654,1.0,3.0,-66.0
1775635385.0485654,3.0,1.0,-70.0
1775635385.0585654,1.0,2.0,-75.0
1775635385.0685654,4.0,8.0,-73.0
1775635385.0785654,4.0,7.0,-65.0
1775635385.088565,3.0,6.0,-66.0
1775635385.098565,0.0,8.0,-69.0
1775635385.108565,0.0,10.0,-69.0
1775635385.118565,-1.0,8.0,-66.0
1775635385.1285653,-6.0,6.0,-62.0
1775635385.1385653,-5.0,8.0,-62.0
1775635385.1485653,-5.0,10.0,-62.0
1775635385.1585653,-7.0,9.0,-63.0
1775635385.1685653,-5.0,3.0,-60.0
1775635385.1785655,-4.0,3.0,-60.0
1775635385.1885655,-5.0,0.0,-60.0
1775635385.1985655,-5.0,-2.0,-62.0
1775635385.2085657,-4.0,0.0,-57.0
1775635385.2185657,1.0,4.0,-52.0
1775635385.2285657,2.0,6.0,-52.0
1775635385.2385654,0.0,4.0,-60.0
1775635385.2485654,1.0,3.0,-64.0
1775635385.2585654,2.0,3.0,-68.0
1775635385.2685654,4.0,6.0,-68.0
1775635385.2785654,3.0,5.0,-70.0
1775635385.2885654,1.0,0.0,-71.0
1775635385.2985654,4.0,-2.0,-77.0
1775635385.3085654,2.0,-3.0,-76.0
1775635385.3185654,-2.0,-1.0,-76.0
1775635385.3285654,-2.0,-3.0,-72.0
1775635385.338565,0.0,-3.0,-72.0
1775635385.348565,0.0,-5.0,-73.0
1775635385.358565,0.0,-3.0,-69.0
1775635385.368565,-1.0,3.0,-64.0
1775635385.3785653,0.0,2.0,-70.0
1775635385.3885653,-2.0,0.0,-70.0
1775635385.3985653,-2.0,1.0,-69.0
1775635385.4085653,0.0,0.0,-66.0
1775635385.4185653,1.0,0.0,-65.0
1775635385.4285655,-1.0,0.0,-55.0
1775635385.4385655,-3.0,0.0,-49.0
1775635385.4485655,-4.0,-2.0,-51.0
1775635385.4585657,-3.0,-3.0,-55.0
1775635385.4685657,-8.0,1.0,-57.0
1775635385.4785657,-9.0,4.0,-48.0
1775635385.4885654,-8.0,0.0,-49.0
1775635385.4985654,-2.0,-3.0,-55.0
1775635385.5085654,2.0,-5.0,-53.0
1775635385.5185654,5.0,-4.0,-55.0
1775635385.5285654,4.0,-2.0,-54.0
1775635385.5385654,6.0,-1.0,-60.0
1775635385.5485654,6.0,1.0,-63.0
1775635385.5585654,3.0,3.0,-61.0
1775635385.5685654,3.0,4.0,-67.0
1775635385.5785654,2.0,4.0,-69.0
1775635385.588565,4.0,4.0,-63.0
1775635385.598565,1.0,4.0,-68.0
1775635385.608565,-1.0,3.0,-67.0
1775635385.618565,-3.0,6.0,-64.0
1775635385.6285653,0.0,5.0,-65.0
1775635385.6385653,1.0,6.0,-68.0
1775635385.6485653,1.0,5.0,-65.0
1775635385.6585653,-1.0,3.0,-68.0
1775635385.6685653,-2.0,0.0,-65.0
1775635385.6785655,-4.0,-5.0,-64.0
1775635385.6885655,-3.0,-1.0,-64.0
1775635385.6985655,1.0,-2.0,-72.0
1775635385.7085657,-2.0,-2.0,-68.0
1775635385.7185657,0.0,-1.0,-66.0
1775635385.7285657,-2.0,-1.0,-65.0
1775635385.7385654,-4.0,0.0,-68.0
1775635385.7485654,0.0,2.0,-65.0
1775635385.7585654,-5.0,1.0,-67.0
1775635385.7685654,-8.0,-1.0,-60.0
1775635385.7785654,-8.0,-5.0,-63.0
1775635385.7885654,-7.0,-4.0,-61.0
1775635385.7985654,-4.0,-3.0,-62.0
1775635385.8085654,-6.0,-4.0,-65.0
1775635385.8185654,-3.0,-1.0,-63.0
1775635385.8285654,-1.0,-2.0,-65.0
1775635385.838565,1.0,0.0,-65.0
1775635385.848565,2.0,-1.0,-70.0
1775635385.858565,-5.0,0.0,-65.0
1775635385.868565,-11.0,3.0,-63.0
1775635385.8785653,-13.0,4.0,-71.0
1775635385.8885653,-11.0,1.0,-75.0
1775635385.8985653,-12.0,2.0,-67.0
1775635385.9085653,-17.0,1.0,-72.0
1775635385.9185653,-16.0,-2.0,-70.0
1775635385.9285655,-15.0,-1.0,-65.0
1775635385.9385655,-11.0,0.0,-71.0
1775635385.9485655,-9.0,1.0,-67.0
1775635385.9585657,-10.0,0.0,-67.0
1775635385.9685657,-8.0,0.0,-62.0
1775635385.9785657,-12.0,-3.0,-67.0
1775635385.9885654,-8.0,-4.0,-72.0
1775635385.9985654,-1.0,-4.0,-78.0
1775635386.0085654,-2.0,-9.0,-77.0
1775635386.0185654,-2.0,-8.0,-79.0
1775635386.0285654,0.0,-3.0,-83.0
1775635386.0385654,1.0,-2.0,-83.0
1775635386.0485654,-1.0,-1.0,-78.0
1775635386.0585654,0.0,-5.0,-78.0
1775635386.0685654,0.0,-5.0,-80.0
1775635386.0785654,2.0,-2.0,-71.0
1775635386.088565,3.0,-3.0,-69.0
1775635386.098565,4.0,-8.0,-63.0
1775635386.108565,4.0,-6.0,-63.0
1775635386.118565,4.0,-7.0,-67.0
1775635386.1285653,3.0,-6.0,-63.0
1775635386.1385653,0.0,-3.0,-66.0
1775635386.1485653,4.0,-3.0,-63.0
1775635386.1585653,9.0,-5.0,-64.0
1775635386.1685653,8.0,-3.0,-68.0
1775635386.1785655,6.0,1.0,-68.0
1775635386.1885655,0.0,2.0,-69.0
1775635386.1985655,0.0,0.0,-70.0
1775635386.2085657,0.0,1.0,-70.0
1775635386.2185657,-1.0,1.0,-74.0
1775635386.2285657,-2.0,1.0,-72.0
1775635386.2385654,-1.0,0.0,-71.0
1775635386.2485654,2.0,0.0,-73.0
1775635386.2585654,2.0,0.0,-68.0
1775635386.2685654,1.0,1.0,-69.0
1775635386.2785654,-2.0,1.0,-66.0
1775635386.2885654,-3.0,1.0,-75.0
1775635386.2985654,-1.0,1.0,-81.0
1775635386.3085654,-3.0,1.0,-78.0
1775635386.3185654,-2.0,0.0,-78.0
1775635386.3285654,0.0,1.0,-80.0
1775635386.338565,-1.0,1.0,-77.0
1775635386.348565,-1.0,1.0,-73.0
1775635386.358565,-2.0,0.0,-65.0
1775635386.368565,-1.0,-2.0,-65.0
1775635386.3785653,2.0,0.0,-70.0
1775635386.3885653,0.0,-1.0,-68.0
1775635386.3985653,0.0,-1.0,-72.0
1775635386.4085653,-1.0,-3.0,-76.0
1775635386.4185653,1.0,-2.0,-72.0
1775635386.4285655,2.0,0.0,-72.0
1775635386.4385655,3.0,3.0,-76.0
1775635386.4485655,-4.0,1.0,-79.0
1775635386.4585657,-10.0,4.0,-79.0
1775635386.4685657,-7.0,1.0,-79.0
1775635386.4785657,-6.0,0.0,-80.0
1775635386.4885654,-5.0,-5.0,-78.0
1775635386.4985654,-3.0,-5.0,-72.0
1775635386.5085654,-1.0,-5.0,-66.0
1775635386.5185654,0.0,-3.0,-67.0
1775635386.5285654,2.0,0.0,-69.0
1775635386.5385654,0.0,0.0,-71.0
1775635386.5485654,0.0,0.0,-69.0
1775635386.5585654,2.0,-3.0,-58.0
1775635386.5685654,3.0,-4.0,-56.0
1775635386.5785654,4.0,-4.0,-55.0
1775635386.588565,0.0,-4.0,-57.0
1775635386.598565,0.0,1.0,-57.0
1775635386.608565,0.0,6.0,-58.0
1775635386.618565,-3.0,4.0,-65.0
1775635386.6285653,-2.0,0.0,-63.0
1775635386.6385653,-4.0,-3.0,-67.0
1775635386.6485653,-3.0,-5.0,-76.0
1775635386.6585653,-3.0,-7.0,-69.0
1775635386.6685653,-2.0,-7.0,-71.0
1775635386.6785655,-4.0,-8.0,-69.0
1775635386.6885655,-4.0,-6.0,-66.0
1775635386.6985655,-2.0,-1.0,-71.0
1775635386.7085657,0.0,3.0,-74.0
1775635386.7185657,1.0,0.0,-65.0
1775635386.7285657,5.0,-2.0,-62.0
1775635386.7385654,2.0,-3.0,-64.0
1775635386.7485654,4.0,-6.0,-63.0
1775635386.7585654,2.0,-6.0,-62.0
1775635386.7685654,0.0,-5.0,-64.0
1775635386.7785654,-2.0,-6.0,-73.0
1775635386.7885654,-5.0,-6.0,-71.0
1775635386.7985654,-4.0,-7.0,-67.0
1775635386.8085654,0.0,-6.0,-67.0
1775635386.8185654,0.0,-3.0,-68.0
1775635386.8285654,0.0,-4.0,-68.0
1775635386.838565,-1.0,-5.0,-66.0
1775635386.848565,0.0,-2.0,-66.0
1775635386.858565,-1.0,-3.0,-61.0
1775635386.868565,-2.0,-2.0,-57.0
1775635386.8785653,0.0,0.0,-60.0
1775635386.8885653,-3.0,-1.0,-63.0
1775635386.8985653,-4.0,-4.0,-65.0
1775635386.9085653,-3.0,-4.0,-61.0
1775635386.9185653,-2.0,-2.0,-61.0
1775635386.9285655,-4.0,0.0,-64.0
1775635386.9385655,-5.0,0.0,-62.0
1775635386.9485655,-2.0,1.0,-65.0
1775635386.9585657,0.0,-3.0,-67.0
1775635386.9685657,5.0,-1.0,-64.0
1775635386.9785657,5.0,-1.0,-62.0
1775635386.9885654,3.0,0.0,-63.0
1775635386.9985654,3.0,1.0,-62.0
1775635387.0085654,0.0,3.0,-60.0
1775635387.0185654,0.0,8.0,-61.0
1775635387.0285654,1.0,6.0,-57.0
1775635387.0385654,0.0,4.0,-60.0
1775635387.0485654,0.0,6.0,-61.0
1775635387.0585654,1.0,3.0,-57.0
1775635387.0685654,-5.0,1.0,-60.0
1775635387.0785654,0.0,2.0,-60.0
1775635387.088565,3.0,4.0,-59.0
1775635387.098565,2.0,8.0,-63.0
1775635387.108565,0.0,7.0,-58.0
1775635387.118565,4.0,6.0,-52.0
1775635387.1285653,4.0,6.0,-55.0
1775635387.1385653,0.0,3.0,-59.0
1775635387.1485653,-3.0,3.0,-57.0
1775635387.1585653,-5.0,3.0,-55.0
1775635387.1685653,-4.0,0.0,-57.0
1775635387.1785655,-10.0,2.0,-62.0
1775635387.1895654,-8.0,3.0,-68.0
1775635387.1985655,-5.0,1.0,-70.0
1775635387.2095654,0.0,0.0,-72.0
1775635387.2195654,2.0,0.0,-78.0
1775635387.2295654,3.0,-1.0,-78.0
1775635387.2395654,4.0,-3.0,-80.0
1775635387.2495654,3.0,-4.0,-75.0
1775635387.2595654,0.0,0.0,-72.0
1775635387.269565,-4.0,-1.0,-67.0
1775635387.279565,-6.0,-2.0,-65.0
1775635387.289565,-12.0,-4.0,-61.0
1775635387.2995653,-10.0,-3.0,-61.0
1775635387.3095653,-10.0,-4.0,-60.0
1775635387.3195653,-11.0,-3.0,-60.0
1775635387.3295653,-7.0,-1.0,-63.0
1775635387.3395653,-4.0,-1.0,-56.0
1775635387.3495653,-2.0,1.0,-61.0
1775635387.3595655,0.0,-2.0,-58.0
1775635387.3695655,1.0,-1.0,-64.0
1775635387.3795657,0.0,0.0,-67.0
1775635387.3895657,3.0,0.0,-72.0
1775635387.3995657,2.0,-3.0,-72.0
1775635387.4095654,-1.0,-5.0,-71.0
1775635387.4195654,-2.0,-1.0,-69.0
1775635387.4295654,-2.0,0.0,-68.0
1775635387.4395654,3.0,4.0,-73.0
1775635387.4495654,5.0,4.0,-80.0
1775635387.4595654,4.0,6.0,-74.0
1775635387.4695654,4.0,-1.0,-68.0
1775635387.4795654,9.0,-4.0,-74.0
1775635387.4895654,12.0,-4.0,-80.0
1775635387.4995654,7.0,-1.0,-82.0
1775635387.5095654,3.0,0.0,-81.0
1775635387.519565,3.0,0.0,-76.0
1775635387.529565,6.0,0.0,-75.0
1775635387.539565,5.0,1.0,-74.0
1775635387.5495653,3.0,2.0,-72.0
1775635387.5595653,0.0,7.0,-73.0
1775635387.5695653,1.0,7.0,-67.0
1775635387.5795653,2.0,5.0,-67.0
1775635387.5895653,0.0,0.0,-65.0
1775635387.5995653,-7.0,-1.0,-62.0
1775635387.6095655,-5.0,-2.0,-64.0
1775635387.6195655,0.0,-2.0,-61.0
1775635387.6295657,0.0,-3.0,-66.0
1775635387.6395657,-2.0,-3.0,-72.0
1775635387.6495657,-2.0,-5.0,-70.0
1775635387.6595654,-2.0,-5.0,-66.0
1775635387.6695654,-4.0,-6.0,-62.0
1775635387.6795654,0.0,-8.0,-61.0
1775635387.6895654,0.0,-6.0,-61.0
1775635387.6995654,-1.0,-8.0,-64.0
1775635387.7095654,0.0,-2.0,-64.0
1775635387.7195654,-2.0,0.0,-69.0
1775635387.7295654,-1.0,0.0,-70.0
1775635387.7395654,-1.0,3.0,-65.0
1775635387.7495654,-6.0,6.0,-62.0
1775635387.7595654,-5.0,7.0,-70.0
1775635387.769565,-5.0,6.0,-71.0
1775635387.779565,-4.0,6.0,-67.0
1775635387.789565,-4.0,2.0,-59.0
1775635387.7995653,-2.0,0.0,-62.0
1775635387.8095653,-3.0,1.0,-68.0
1775635387.8195653,-1.0,1.0,-70.0
1775635387.8295653,4.0,1.0,-77.0
1775635387.8395653,8.0,2.0,-79.0
1775635387.8495653,5.0,4.0,-73.0
1775635387.8595655,6.0,2.0,-65.0
1775635387.8695655,4.0,0.0,-63.0
1775635387.8795657,2.0,0.0,-69.0
1775635387.8895657,4.0,-5.0,-66.0
1775635387.8995657,2.0,-4.0,-65.0
1775635387.9095654,0.0,-2.0,-60.0
1775635387.9195654,-1.0,-2.0,-59.0
1775635387.9295654,-3.0,-2.0,-70.0
1775635387.9395654,-2.0,-4.0,-69.0
1775635387.9495654,3.0,-2.0,-71.0
1775635387.9595654,1.0,-4.0,-72.0
1775635387.9695654,-1.0,-1.0,-75.0
1775635387.9795654,-5.0,0.0,-76.0
1775635387.9895654,-2.0,5.0,-72.0
1775635387.9995654,0.0,7.0,-67.0
1775635388.0095654,0.0,4.0,-70.0
1775635388.019565,-4.0,2.0,-74.0
1775635388.029565,-1.0,2.0,-67.0
1775635388.039565,-3.0,1.0,-67.0
1775635388.0495653,-3.0,0.0,-57.0
1775635388.0595653,-2.0,-4.0,-56.0
1775635388.0695653,-1.0,-7.0,-62.0
1775635388.0795653,-4.0,-6.0,-66.0
1775635388.0895653,0.0,-7.0,-63.0
1775635388.0995653,5.0,-5.0,-69.0
1775635388.1095655,7.0,-8.0,-78.0
1775635388.1195655,3.0,-9.0,-76.0
1775635388.1295657,2.0,-1.0,-72.0
1775635388.1395657,1.0,-3.0,-72.0
1775635388.1495657,0.0,-4.0,-79.0
1775635388.1595654,0.0,-5.0,-74.0
1775635388.1695654,1.0,-4.0,-76.0
1775635388.1795654,3.0,-2.0,-72.0
1775635388.1895654,5.0,-3.0,-67.0
1775635388.1995654,2.0,-6.0,-67.0
1775635388.2095654,1.0,-3.0,-58.0
1775635388.2195654,0.0,-4.0,-61.0
1775635388.2295654,3.0,-7.0,-70.0
1775635388.2395654,2.0,-7.0,-75.0
1775635388.2495654,2.0,-5.0,-76.0
1775635388.2595654,1.0,-6.0,-70.0
1775635388.269565,-1.0,-5.0,-71.0
1775635388.279565,-4.0,-3.0,-73.0
1775635388.289565,-7.0,-2.0,-72.0
1775635388.2995653,-4.0,1.0,-72.0
1775635388.3095653,-2.0,0.0,-68.0
1775635388.3195653,-4.0,-1.0,-66.0
1775635388.3295653,-8.0,1.0,-64.0
1775635388.3395653,-5.0,1.0,-67.0
1775635388.3495653,-6.0,0.0,-67.0
1775635388.3595655,-8.0,-1.0,-66.0
1775635388.3695655,-2.0,0.0,-72.0
1775635388.3795657,-5.0,3.0,-73.0
1775635388.3895657,-5.0,3.0,-71.0
1775635388.3995657,-3.0,6.0,-72.0
1775635388.4095654,-4.0,0.0,-72.0
1775635388.4195654,-1.0,1.0,-73.0
1775635388.4295654,-2.0,0.0,-79.0
1775635388.4395654,0.0,-8.0,-83.0
1775635388.4495654,4.0,-4.0,-80.0
1775635388.4595654,3.0,0.0,-78.0
1775635388.4695654,0.0,0.0,-76.0
1775635388.4795654,0.0,-1.0,-73.0
1775635388.4895654,-1.0,-1.0,-71.0
1775635388.4995654,0.0,-2.0,-65.0
1775635388.5095654,-5.0,0.0,-68.0
1775635388.519565,-4.0,-4.0,-70.0
1775635388.529565,-4.0,-8.0,-68.0
1775635388.539565,-3.0,-5.0,-72.0
1775635388.5495653,2.0,-4.0,-72.0
1775635388.5595653,3.0,-3.0,-72.0
1775635388.5695653,0.0,-4.0,-70.0
1775635388.5795653,3.0,-4.0,-73.0
1775635388.5895653,5.0,-2.0,-68.0
1775635388.5995653,6.0,-1.0,-64.0
1775635388.6095655,6.0,-3.0,-60.0
1775635388.6195655,4.0,-4.0,-60.0
1775635388.6295657,0.0,-2.0,-60.0
1775635388.6395657,-3.0,4.0,-59.0
1775635388.6495657,-4.0,1.0,-65.0
1775635388.6595654,-6.0,0.0,-66.0
1775635388.6695654,-1.0,0.0,-67.0
1775635388.6795654,-5.0,1.0,-66.0
1775635388.6895654,-6.0,3.0,-58.0
1775635388.6995654,-4.0,2.0,-60.0
1775635388.7095654,-5.0,0.0,-56.0
1775635388.7195654,-6.0,3.0,-59.0
1775635388.7295654,-4.0,2.0,-61.0
1775635388.7395654,-4.0,0.0,-64.0
1775635388.7495654,0.0,0.0,-66.0
1775635388.7595654,0.0,0.0,-73.0
1775635388.769565,-1.0,0.0,-71.0
1775635388.779565,-2.0,2.0,-60.0
1775635388.789565,-4.0,5.0,-61.0
1775635388.7995653,-8.0,5.0,-58.0
1775635388.8095653,-6.0,7.0,-61.0
1775635388.8195653,-1.0,4.0,-63.0
1775635388.8295653,0.0,4.0,-60.0
1775635388.8395653,4.0,2.0,-74.0
1775635388.8495653,6.0,-2.0,-73.0
1775635388.8595655,4.0,-5.0,-74.0
1775635388.8695655,0.0,-5.0,-74.0
1775635388.8795657,0.0,1.0,-76.0
1775635388.8895657,1.0,0.0,-78.0
1775635388.8995657,0.0,1.0,-74.0
1775635388.9095654,3.0,5.0,-73.0
1775635388.9195654,3.0,7.0,-68.0
1775635388.9295654,1.0,4.0,-66.0
1775635388.9395654,1.0,0.0,-61.0
1775635388.9495654,4.0,-2.0,-58.0
1775635388.9595654,4.0,0.0,-57.0
1775635388.9695654,8.0,0.0,-57.0
1775635388.9795654,7.0,0.0,-63.0
1775635388.9895654,8.0,-1.0,-69.0
1775635388.9995654,6.0,-2.0,-72.0
1775635389.0095654,5.0,-3.0,-73.0
1775635389.019565,0.0,0.0,-71.0
1775635389.029565,1.0,5.0,-72.0
1775635389.039565,-1.0,8.0,-74.0
1775635389.0495653,-2.0,3.0,-75.0
1775635389.0595653,2.0,-1.0,-72.0
1775635389.0695653,5.0,0.0,-65.0
1775635389.0795653,7.0,2.0,-71.0
1775635389.0895653,8.0,0.0,-70.0
1775635389.0995653,8.0,1.0,-71.0
1775635389.1095655,6.0,4.0,-72.0
1775635389.1195655,1.0,5.0,-72.0
1775635389.1295657,5.0,2.0,-72.0
1775635389.1395657,4.0,0.0,-77.0
1775635389.1495657,1.0,0.0,-70.0
1775635389.1595654,2.0,-1.0,-63.0
1775635389.1695654,0.0,-3.0,-63.0
1775635389.1795654,0.0,-3.0,-62.0
1775635389.1895654,0.0,-7.0,-67.0
1775635389.1995654,-1.0,-3.0,-72.0
1775635389.2095654,-3.0,-7.0,-78.0
1775635389.2195654,-5.0,-2.0,-73.0
1775635389.2295654,-5.0,0.0,-70.0
1775635389.2395654,-7.0,1.0,-73.0
1775635389.2495654,-8.0,4.0,-73.0
1775635389.2595654,-4.0,5.0,-74.0
1775635389.269565,0.0,0.0,-70.0
1775635389.279565,-1.0,-4.0,-67.0
1775635389.289565,0.0,-3.0,-69.0
1775635389.2995653,3.0,0.0,-75.0
1775635389.3095653,0.0,0.0,-80.0
1775635389.3195653,-2.0,-1.0,-74.0
1775635389.3295653,-2.0,-3.0,-75.0
1775635389.3395653,-3.0,-3.0,-66.0
1775635389.3495653,-3.0,-4.0,-65.0
1775635389.3595655,0.0,-4.0,-69.0
1775635389.3695655,0.0,-1.0,-70.0
1775635389.3795657,-5.0,-1.0,-72.0
1775635389.3895657,-5.0,-1.0,-71.0
1775635389.3995657,-5.0,-3.0,-75.0
1775635389.4095654,-5.0,-2.0,-77.0
1775635389.4195654,-7.0,-2.0,-76.0
1775635389.4295654,-7.0,1.0,-75.0
1775635389.4395654,-6.0,6.0,-76.0
1775635389.4495654,-2.0,10.0,-70.0
1775635389.4595654,0.0,2.0,-69.0
1775635389.4695654,-1.0,-3.0,-72.0
1775635389.4795654,-6.0,-3.0,-66.0
1775635389.4895654,-4.0,1.0,-65.0
1775635389.4995654,0.0,-1.0,-70.0
1775635389.5095654,1.0,-5.0,-73.0
1775635389.5205653,-1.0,-3.0,-64.0
1775635389.529565,1.0,-6.0,-69.0
1775635389.539565,6.0,-4.0,-65.0
1775635389.5505655,6.0,0.0,-64.0
1775635389.5605657,6.0,0.0,-60.0
1775635389.5705657,3.0,2.0,-58.0
1775635389.5805657,0.0,1.0,-60.0
1775635389.5905654,0.0,4.0,-60.0
1775635389.6005654,0.0,2.0,-69.0
1775635389.6105654,0.0,1.0,-69.0
1775635389.6205654,1.0,0.0,-68.0
1775635389.6305654,0.0,4.0,-69.0
1775635389.6405654,-4.0,5.0,-62.0
1775635389.6505654,-3.0,4.0,-63.0
1775635389.6605654,-2.0,1.0,-65.0
1775635389.6705654,-3.0,-2.0,-63.0
1775635389.6805654,-5.0,-1.0,-66.0
1775635389.690565,-5.0,0.0,-68.0
1775635389.700565,-4.0,1.0,-72.0
1775635389.710565,-4.0,1.0,-75.0
1775635389.7205653,-2.0,-2.0,-70.0
1775635389.7305653,0.0,0.0,-68.0
1775635389.7405653,2.0,1.0,-70.0
1775635389.7505653,0.0,2.0,-80.0
1775635389.7605653,0.0,2.0,-80.0
1775635389.7705653,2.0,3.0,-74.0
1775635389.7805655,0.0,4.0,-76.0
1775635389.7905655,2.0,6.0,-79.0
1775635389.8005655,0.0,7.0,-80.0
1775635389.8105657,2.0,3.0,-83.0
1775635389.8205657,5.0,2.0,-91.0
1775635389.8305657,9.0,-3.0,-92.0
1775635389.8405654,8.0,-4.0,-85.0
1775635389.8505654,6.0,0.0,-81.0
1775635389.8605654,6.0,0.0,-73.0
1775635389.8705654,4.0,-2.0,-72.0
1775635389.8805654,0.0,-3.0,-64.0
1775635389.8905654,6.0,0.0,-63.0
1775635389.9005654,5.0,-1.0,-68.0
1775635389.9105654,6.0,-1.0,-69.0
1775635389.9205654,7.0,-1.0,-68.0
1775635389.9305654,2.0,0.0,-67.0
1775635389.940565,-1.0,3.0,-68.0
1775635389.950565,2.0,4.0,-71.0
1775635389.960565,0.0,4.0,-67.0
1775635389.9705653,-7.0,5.0,-72.0
1775635389.9805653,-5.0,9.0,-73.0
1775635389.9905653,-4.0,4.0,-69.0
1775635390.0005653,-2.0,1.0,-63.0
1775635390.0105653,0.0,0.0,-61.0
1775635390.0205653,4.0,2.0,-62.0
1775635390.0305655,3.0,2.0,-62.0
1775635390.0405655,4.0,4.0,-68.0
1775635390.0505655,2.0,1.0,-75.0
1775635390.0605657,0.0,-1.0,-73.0
1775635390.0705657,0.0,-4.0,-76.0
1775635390.0805657,0.0,-7.0,-76.0
1775635390.0905654,4.0,-2.0,-74.0
1775635390.1005654,1.0,-5.0,-75.0
1775635390.1105654,3.0,-4.0,-79.0
1775635390.1205654,5.0,-2.0,-77.0
1775635390.1305654,4.0,-5.0,-77.0
1775635390.1405654,-2.0,0.0,-73.0
1775635390.1505654,2.0,2.0,-72.0
1775635390.1605654,3.0,-3.0,-74.0
1775635390.1705654,0.0,2.0,-75.0
1775635390.1805654,-1.0,0.0,-74.0
1775635390.190565,-1.0,0.0,-78.0
1775635390.200565,-7.0,-4.0,-73.0
1775635390.210565,-5.0,-7.0,-70.0
1775635390.2205653,-3.0,-6.0,-65.0
1775635390.2305653,0.0,0.0,-69.0
1775635390.2405653,1.0,0.0,-65.0
1775635390.2505653,5.0,0.0,-63.0
1775635390.2605653,3.0,3.0,-63.0
1775635390.2705653,1.0,5.0,-64.0
1775635390.2805655,2.0,4.0,-62.0
1775635390.2905655,3.0,4.0,-59.0
1775635390.3005655,-2.0,1.0,-59.0
1775635390.3105657,-3.0,0.0,-59.0
1775635390.3205657,-4.0,0.0,-60.0
1775635390.3305657,-6.0,-3.0,-56.0
1775635390.3405654,-6.0,-2.0,-53.0
1775635390.3505654,-8.0,-3.0,-49.0
1775635390.3605654,-13.0,-3.0,-60.0
1775635390.3705654,-9.0,-2.0,-67.0
1775635390.3805654,-4.0,-3.0,-71.0
1775635390.3905654,-6.0,0.0,-64.0
1775635390.4005654,-5.0,-3.0,-67.0
1775635390.4105654,-4.0,-2.0,-63.0
1775635390.4205654,-4.0,-1.0,-55.0
1775635390.4305654,0.0,-1.0,-57.0
1775635390.440565,1.0,2.0,-53.0
1775635390.450565,2.0,0.0,-55.0
1775635390.460565,5.0,2.0,-61.0
1775635390.4705653,0.0,0.0,-64.0
1775635390.4805653,2.0,-3.0,-72.0
1775635390.4905653,2.0,-3.0,-77.0
1775635390.5005653,-2.0,-6.0,-77.0
1775635390.5105653,0.0,-3.0,-78.0
1775635390.5205653,0.0,-2.0,-72.0
1775635390.5305655,0.0,-2.0,-62.0
1775635390.5405655,-4.0,0.0,-55.0
1775635390.5505655,-4.0,2.0,-57.0
1775635390.5605657,-1.0,0.0,-63.0
1775635390.5705657,0.0,0.0,-67.0
1775635390.5805657,2.0,1.0,-68.0
1775635390.5905654,0.0,0.0,-73.0
1775635390.6005654,0.0,1.0,-77.0
1775635390.6105654,0.0,1.0,-75.0
1775635390.6205654,5.0,-1.0,-69.0
1775635390.6305654,1.0,0.0,-68.0
1775635390.6405654,-1.0,0.0,-60.0
1775635390.6505654,0.0,0.0,-55.0
1775635390.6605654,-5.0,1.0,-57.0
1775635390.6705654,-4.0,0.0,-57.0
1775635390.6805654,-3.0,-4.0,-59.0
1775635390.690565,-3.0,0.0,-54.0
1775635390.700565,-2.0,-2.0,-57.0
1775635390.710565,-3.0,-2.0,-60.0
1775635390.7205653,0.0,-4.0,-60.0
1775635390.7305653,-1.0,-1.0,-59.0
1775635390.7405653,-3.0,0.0,-65.0
1775635390.7505653,-1.0,-1.0,-62.0
1775635390.7605653,-2.0,-2.0,-54.0
1775635390.7705653,-5.0,-3.0,-58.0
1775635390.7805655,-5.0,-5.0,-56.0
1775635390.7905655,-3.0,-5.0,-59.0
1775635390.8005655,-4.0,-5.0,-60.0
1775635390.8105657,-9.0,-6.0,-57.0
1775635390.8205657,-3.0,-7.0,-59.0
1775635390.8305657,-2.0,-1.0,-64.0
1775635390.8405654,-1.0,2.0,-64.0
1775635390.8505654,0.0,2.0,-69.0
1775635390.8605654,0.0,1.0,-72.0
1775635390.8705654,-1.0,0.0,-70.0
1775635390.8805654,-6.0,0.0,-65.0
1775635390.8905654,-7.0,-1.0,-59.0
1775635390.9005654,-6.0,0.0,-62.0
1775635390.9105654,-7.0,-1.0,-57.0
1775635390.9205654,-4.0,-3.0,-64.0
1775635390.9305654,-3.0,0.0,-74.0
1775635390.940565,-2.0,1.0,-77.0
1775635390.950565,-2.0,-1.0,-79.0
1775635390.960565,-1.0,-2.0,-86.0
1775635390.9705653,-1.0,-4.0,-79.0
1775635390.9805653,1.0,-1.0,-76.0
1775635390.9905653,3.0,-1.0,-68.0
1775635391.0005653,-1.0,-5.0,-68.0
1775635391.0105653,-6.0,-6.0,-68.0
1775635391.0205653,-3.0,-4.0,-67.0
1775635391.0305655,-6.0,-5.0,-66.0
1775635391.0405655,-9.0,-3.0,-68.0
1775635391.0505655,-6.0,-3.0,-70.0
1775635391.0605657,-9.0,-5.0,-70.0
1775635391.0705657,-7.0,-3.0,-60.0
1775635391.0805657,-1.0,-3.0,-65.0
1775635391.0905654,-4.0,-1.0,-69.0
1775635391.1005654,-4.0,-1.0,-77.0
1775635391.1105654,-4.0,1.0,-76.0
1775635391.1205654,0.0,1.0,-72.0
1775635391.1305654,-1.0,0.0,-68.0
1775635391.1405654,-2.0,-3.0,-67.0
1775635391.1505654,-7.0,-5.0,-73.0
1775635391.1605654,-2.0,-2.0,-76.0
1775635391.1705654,1.0,-4.0,-76.0
1775635391.1805654,2.0,-4.0,-65.0
1775635391.190565,-1.0,-1.0,-67.0
1775635391.200565,-10.0,-1.0,-67.0
1775635391.210565,-11.0,0.0,-70.0
1775635391.2205653,-8.0,3.0,-68.0
1775635391.2305653,-9.0,4.0,-58.0
1775635391.2405653,-8.0,0.0,-54.0
1775635391.2505653,-4.0,-1.0,-56.0
1775635391.2605653,-8.0,0.0,-63.0
1775635391.2705653,-6.0,2.0,-69.0
1775635391.2805655,-6.0,6.0,-74.0
1775635391.2905655,-4.0,4.0,-72.0
1775635391.3005655,0.0,0.0,-78.0
1775635391.3105657,1.0,0.0,-76.0
1775635391.3205657,3.0,3.0,-72.0
1775635391.3305657,3.0,2.0,-72.0
1775635391.3405654,7.0,0.0,-74.0
1775635391.3505654,7.0,-3.0,-68.0
1775635391.3605654,9.0,-5.0,-67.0
1775635391.3705654,6.0,-2.0,-68.0
1775635391.3805654,4.0,0.0,-61.0
1775635391.3905654,2.0,0.0,-54.0
1775635391.4005654,0.0,-1.0,-58.0
1775635391.4105654,-1.0,0.0,-54.0
1775635391.4205654,-1.0,0.0,-60.0
1775635391.4305654,-3.0,-2.0,-64.0
1775635391.440565,-2.0,-2.0,-71.0
1775635391.450565,0.0,-2.0,-73.0
1775635391.460565,1.0,-2.0,-79.0
1775635391.4705653,-2.0,0.0,-75.0
1775635391.4805653,0.0,1.0,-74.0
1775635391.4905653,-4.0,3.0,-70.0
1775635391.5005653,-3.0,2.0,-68.0
1775635391.5105653,-3.0,0.0,-65.0
1775635391.5205653,-1.0,0.0,-61.0
1775635391.5305655,0.0,0.0,-63.0
1775635391.5405655,1.0,-2.0,-65.0
1775635391.5505655,0.0,0.0,-68.0
1775635391.5605657,3.0,1.0,-66.0
1775635391.5705657,2.0,2.0,-64.0
1775635391.5805657,0.0,2.0,-59.0
1775635391.5905654,1.0,3.0,-61.0
1775635391.6005654,3.0,1.0,-62.0
1775635391.6105654,0.0,0.0,-65.0
1775635391.6205654,-4.0,0.0,-73.0
1775635391.6305654,-9.0,0.0,-73.0
1775635391.6405654,-6.0,-3.0,-77.0
1775635391.6505654,-8.0,-2.0,-75.0
1775635391.6605654,-4.0,-1.0,-74.0
1775635391.6705654,-2.0,-1.0,-68.0
1775635391.6805654,2.0,-4.0,-71.0
1775635391.690565,3.0,-3.0,-74.0
1775635391.700565,4.0,-4.0,-72.0
1775635391.710565,5.0,-7.0,-74.0
1775635391.7205653,3.0,-8.0,-71.0
1775635391.7305653,2.0,-8.0,-64.0
1775635391.7405653,2.0,-6.0,-61.0
1775635391.7505653,3.0,-4.0,-57.0
1775635391.7605653,4.0,0.0,-59.0
1775635391.7705653,4.0,0.0,-63.0
1775635391.7805655,3.0,-2.0,-62.0
1775635391.7905655,0.0,-5.0,-66.0
1775635391.8005655,0.0,-6.0,-69.0
1775635391.8105657,-2.0,-6.0,-72.0
1775635391.8205657,-2.0,-8.0,-69.0
1775635391.8305657,-4.0,-2.0,-66.0
1775635391.8405654,-4.0,-4.0,-72.0
1775635391.8505654,0.0,-3.0,-81.0
1775635391.8605654,2.0,-2.0,-84.0
1775635391.871565,0.0,-7.0,-85.0
1775635391.8805654,0.0,-8.0,-82.0
1775635391.891565,1.0,-3.0,-79.0
1775635391.9015653,4.0,1.0,-76.0
1775635391.9115653,2.0,-2.0,-71.0
1775635391.9215653,4.0,-4.0,-65.0
1775635391.9315653,7.0,-5.0,-64.0
1775635391.9415653,9.0,-1.0,-67.0
1775635391.9515653,6.0,-1.0,-62.0
1775635391.9615655,6.0,-2.0,-68.0
1775635391.9715655,1.0,-3.0,-70.0
1775635391.9805653,8.0,3.0,-62.0
1775635391.9915657,7.0,2.0,-65.0
1775635392.0015657,8.0,2.0,-68.0
1775635392.0115654,0.0,1.0,-75.0
1775635392.0215654,-1.0,1.0,-68.0
1775635392.0315654,-1.0,1.0,-67.0
1775635392.0415654,0.0,0.0,-62.0
1775635392.0515654,0.0,1.0,-59.0
1775635392.0615654,1.0,0.0,-61.0
1775635392.0715654,3.0,0.0,-51.0
1775635392.0815654,4.0,-2.0,-53.0
1775635392.0915654,6.0,-2.0,-61.0
1775635392.1015654,9.0,-3.0,-67.0
1775635392.1115654,5.0,-2.0,-64.0
1775635392.121565,7.0,-2.0,-61.0
1775635392.131565,7.0,-3.0,-63.0
1775635392.141565,4.0,-1.0,-64.0
1775635392.1515653,1.0,3.0,-69.0
1775635392.1615653,6.0,5.0,-78.0
1775635392.1715653,4.0,6.0,-80.0
1775635392.1815653,3.0,6.0,-73.0
1775635392.1915653,4.0,1.0,-72.0
1775635392.2015653,0.0,0.0,-77.0
1775635392.2115655,-3.0,0.0,-78.0
1775635392.2215655,-1.0,0.0,-80.0
1775635392.2315657,2.0,2.0,-78.0
1775635392.2415657,1.0,2.0,-79.0
1775635392.2515657,2.0,-1.0,-75.0
1775635392.2615654,0.0,-5.0,-67.0
1775635392.2715654,-1.0,-4.0,-69.0
1775635392.2815654,0.0,-2.0,-69.0
1775635392.2915654,2.0,0.0,-68.0
1775635392.3015654,-1.0,-2.0,-66.0
1775635392.3115654,-2.0,0.0,-68.0
1775635392.3215654,0.0,-3.0,-69.0
1775635392.3315654,0.0,-3.0,-66.0
1775635392.3415654,0.0,-2.0,-70.0
1775635392.3515654,1.0,-1.0,-69.0
1775635392.3615654,0.0,-3.0,-63.0
1775635392.371565,-1.0,0.0,-73.0
1775635392.381565,-2.0,0.0,-74.0
1775635392.391565,0.0,0.0,-78.0
1775635392.4015653,-5.0,3.0,-70.0
1775635392.4115653,-7.0,1.0,-67.0
1775635392.4215653,-5.0,0.0,-76.0
1775635392.4315653,-1.0,0.0,-75.0
1775635392.4415653,-3.0,0.0,-69.0
1775635392.4515653,-2.0,5.0,-69.0
1775635392.4615655,-2.0,2.0,-70.0
1775635392.4715655,-3.0,0.0,-73.0
1775635392.4815657,-4.0,-2.0,-73.0
1775635392.4915657,-2.0,-5.0,-72.0
1775635392.5015657,-4.0,-5.0,-79.0
1775635392.5115654,-2.0,-5.0,-79.0
1775635392.5215654,-5.0,-6.0,-76.0
1775635392.5315654,-3.0,-6.0,-73.0
1775635392.5415654,0.0,-8.0,-68.0
1775635392.5515654,2.0,-10.0,-66.0
1775635392.5615654,0.0,-8.0,-73.0
1775635392.5715654,0.0,-2.0,-71.0
1775635392.5815654,2.0,-4.0,-75.0
1775635392.5915654,0.0,-4.0,-79.0
1775635392.6015654,-4.0,-4.0,-77.0
1775635392.6115654,-9.0,-9.0,-72.0
1775635392.621565,-9.0,-6.0,-67.0
1775635392.631565,-7.0,-5.0,-66.0
1775635392.641565,0.0,-4.0,-64.0
1775635392.6515653,2.0,-1.0,-62.0
1775635392.6615653,0.0,2.0,-65.0
1775635392.6715653,-3.0,0.0,-64.0
1775635392.6815653,-4.0,-1.0,-62.0
1775635392.6915653,0.0,-2.0,-58.0
1775635392.7015653,0.0,-4.0,-61.0
1775635392.7115655,2.0,-5.0,-69.0
1775635392.7215655,4.0,-1.0,-75.0
1775635392.7315657,1.0,-4.0,-69.0
1775635392.7415657,0.0,-7.0,-70.0
1775635392.7515657,1.0,-7.0,-73.0
1775635392.7615654,3.0,-10.0,-64.0
1775635392.7715654,1.0,-9.0,-62.0
1775635392.7815654,-3.0,-5.0,-61.0
1775635392.7915654,-1.0,-6.0,-61.0
1775635392.8015654,-2.0,-3.0,-61.0
1775635392.8115654,1.0,-1.0,-69.0
1775635392.8215654,0.0,-2.0,-63.0
1775635392.8315654,0.0,0.0,-61.0
1775635392.8415654,-2.0,-4.0,-56.0
1775635392.8515654,-7.0,-4.0,-58.0
1775635392.8615654,-5.0,-4.0,-63.0
1775635392.871565,1.0,-2.0,-68.0
1775635392.881565,3.0,-2.0,-69.0
1775635392.891565,2.0,-4.0,-65.0
1775635392.9015653,0.0,-4.0,-71.0
1775635392.9115653,6.0,-3.0,-64.0
1775635392.9215653,4.0,0.0,-61.0
1775635392.9315653,-2.0,2.0,-61.0
1775635392.9415653,-2.0,0.0,-64.0
1775635392.9515653,-4.0,-1.0,-59.0
1775635392.9615655,-6.0,-4.0,-62.0
1775635392.9715655,-7.0,-7.0,-64.0
1775635392.9815657,-10.0,-6.0,-67.0
1775635392.9915657,-6.0,-8.0,-65.0
1775635393.0015657,-2.0,-8.0,-64.0
1775635393.0115654,2.0,-7.0,-67.0
1775635393.0215654,2.0,-5.0,-62.0
1775635393.0315654,-2.0,-4.0,-61.0
1775635393.0415654,-3.0,0.0,-64.0
1775635393.0515654,-6.0,2.0,-72.0
1775635393.0615654,-3.0,2.0,-73.0
1775635393.0715654,1.0,6.0,-68.0
1775635393.0815654,7.0,6.0,-69.0
1775635393.0915654,7.0,7.0,-70.0
1775635393.1015654,7.0,1.0,-70.0
1775635393.1115654,8.0,2.0,-71.0
1775635393.121565,0.0,1.0,-71.0
1775635393.131565,1.0,0.0,-77.0
1775635393.141565,5.0,1.0,-78.0
1775635393.1515653,6.0,2.0,-75.0
1775635393.1615653,6.0,3.0,-72.0
1775635393.1715653,5.0,3.0,-71.0
1775635393.1815653,2.0,6.0,-70.0
1775635393.1915653,0.0,4.0,-71.0
1775635393.2015653,-1.0,1.0,-67.0
1775635393.2115655,2.0,-1.0,-80.0
1775635393.2215655,1.0,1.0,-71.0
1775635393.2315657,1.0,3.0,-64.0
1775635393.2415657,0.0,2.0,-65.0
1775635393.2515657,0.0,0.0,-63.0
1775635393.2615654,1.0,0.0,-64.0
1775635393.2715654,4.0,2.0,-66.0
1775635393.2815654,5.0,0.0,-65.0
1775635393.2915654,4.0,2.0,-64.0
1775635393.3015654,0.0,7.0,-61.0
1775635393.3115654,1.0,6.0,-64.0
1775635393.3215654,0.0,4.0,-69.0
1775635393.3315654,0.0,0.0,-78.0
1775635393.3415654,0.0,1.0,-80.0
1775635393.3515654,-2.0,2.0,-74.0
1775635393.3615654,0.0,0.0,-73.0
1775635393.371565,0.0,1.0,-75.0
1775635393.381565,0.0,2.0,-68.0
1775635393.391565,-1.0,0.0,-67.0
1775635393.4015653,0.0,0.0,-70.0
1775635393.4115653,0.0,0.0,-75.0
1775635393.4215653,8.0,0.0,-77.0
1775635393.4315653,6.0,-1.0,-72.0
1775635393.4415653,6.0,-2.0,-70.0
1775635393.4515653,1.0,-2.0,-62.0
1775635393.4615655,0.0,-2.0,-64.0
1775635393.4715655,2.0,-3.0,-62.0
1775635393.4815657,3.0,-5.0,-70.0
1775635393.4915657,0.0,-6.0,-66.0
1775635393.5015657,-6.0,-2.0,-64.0
1775635393.5115654,-5.0,-2.0,-66.0
1775635393.5215654,-3.0,0.0,-64.0
1775635393.5315654,-3.0,0.0,-70.0
1775635393.5415654,-6.0,0.0,-70.0
1775635393.5515654,-3.0,4.0,-69.0
1775635393.5615654,-1.0,4.0,-76.0
1775635393.5715654,-6.0,3.0,-73.0
1775635393.5815654,-6.0,0.0,-73.0
1775635393.5915654,-4.0,0.0,-70.0
1775635393.6015654,1.0,0.0,-64.0
1775635393.6115654,0.0,0.0,-70.0
1775635393.621565,0.0,0.0,-75.0
1775635393.631565,2.0,-2.0,-76.0
1775635393.641565,2.0,-5.0,-75.0
1775635393.6515653,0.0,-1.0,-74.0
1775635393.6615653,2.0,0.0,-61.0
1775635393.6715653,8.0,3.0,-61.0
1775635393.6815653,3.0,1.0,-69.0
1775635393.6915653,-1.0,-2.0,-76.0
1775635393.7015653,-3.0,-1.0,-76.0
1775635393.7115655,-1.0,-1.0,-73.0
1775635393.7215655,-8.0,4.0,-60.0
1775635393.7315657,-6.0,2.0,-62.0
1775635393.7415657,-9.0,0.0,-66.0
1775635393.7525654,-8.0,-5.0,-70.0
1775635393.7615654,-8.0,-2.0,-73.0
1775635393.7715654,-1.0,-2.0,-70.0
1775635393.7815654,0.0,0.0,-72.0
1775635393.7915654,-1.0,-1.0,-72.0
1775635393.8015654,0.0,0.0,-73.0
1775635393.8115654,0.0,0.0,-68.0
1775635393.8215654,3.0,0.0,-67.0
1775635393.8315654,4.0,0.0,-68.0
1775635393.8415654,4.0,-1.0,-61.0
1775635393.8515654,1.0,-2.0,-63.0
1775635393.8615654,3.0,-4.0,-67.0
1775635393.871565,0.0,-2.0,-65.0
1775635393.881565,0.0,-3.0,-65.0
1775635393.891565,2.0,0.0,-68.0
1775635393.9015653,1.0,-4.0,-70.0
1775635393.9115653,2.0,-4.0,-71.0
1775635393.9215653,5.0,0.0,-72.0
1775635393.9315653,7.0,2.0,-71.0
1775635393.9415653,9.0,0.0,-72.0
1775635393.9515653,7.0,2.0,-78.0
1775635393.9615655,4.0,1.0,-78.0
1775635393.9715655,4.0,3.0,-74.0
1775635393.9815657,4.0,3.0,-72.0
1775635393.9915657,4.0,4.0,-76.0
1775635394.0015657,4.0,3.0,-72.0
1775635394.0115654,0.0,0.0,-69.0
1775635394.0215654,0.0,-2.0,-65.0
1775635394.0315654,0.0,-1.0,-63.0
1775635394.0415654,-1.0,0.0,-67.0
1775635394.0515654,1.0,2.0,-65.0
1775635394.0615654,2.0,0.0,-65.0
1775635394.0715654,3.0,0.0,-61.0
1775635394.0815654,3.0,3.0,-59.0
1775635394.0915654,3.0,3.0,-59.0
1775635394.1015654,3.0,2.0,-73.0
1775635394.1115654,1.0,0.0,-68.0
1775635394.121565,0.0,0.0,-67.0
1775635394.131565,1.0,0.0,-66.0
1775635394.141565,4.0,-4.0,-73.0
1775635394.1515653,-1.0,-6.0,-68.0
1775635394.1615653,-4.0,-8.0,-69.0
1775635394.1715653,-1.0,-7.0,-73.0
1775635394.1815653,0.0,-4.0,-77.0
1775635394.1915653,0.0,-3.0,-73.0
1775635394.2015653,-6.0,-3.0,-64.0
1775635394.2125654,-4.0,0.0,-63.0
1775635394.2225654,-2.0,-4.0,-65.0
1775635394.2315657,-2.0,-1.0,-68.0
1775635394.2425654,-1.0,2.0,-64.0
1775635394.2525654,-2.0,3.0,-60.0
1775635394.2625654,-1.0,3.0,-61.0
1775635394.2725654,0.0,-1.0,-61.0
1775635394.2825654,-5.0,-6.0,-61.0
1775635394.292565,-7.0,-5.0,-61.0
1775635394.302565,-6.0,-6.0,-61.0
1775635394.312565,-3.0,-3.0,-65.0
1775635394.3225653,-4.0,-1.0,-67.0
1775635394.3315654,-8.0,0.0,-62.0
1775635394.3425653,-5.0,1.0,-63.0
1775635394.3525653,-7.0,4.0,-58.0
1775635394.3625653,-7.0,4.0,-57.0
1775635394.3725653,-9.0,3.0,-56.0
1775635394.3825655,-10.0,1.0,-60.0
1775635394.3925655,-10.0,-1.0,-56.0
1775635394.4025657,-7.0,-2.0,-58.0
1775635394.4125657,-6.0,-1.0,-64.0
1775635394.4225657,-2.0,-3.0,-58.0
1775635394.4325657,-8.0,-2.0,-64.0
1775635394.4425654,-2.0,-3.0,-61.0
1775635394.4525654,-1.0,-4.0,-65.0
1775635394.4625654,-4.0,-5.0,-65.0
1775635394.4725654,-3.0,-2.0,-58.0
1775635394.4825654,0.0,-2.0,-63.0
1775635394.4925654,0.0,-5.0,-64.0
1775635394.5025654,-1.0,-4.0,-66.0
1775635394.5125654,-4.0,-2.0,-64.0
1775635394.5225654,-4.0,-5.0,-69.0
1775635394.5325654,-7.0,-3.0,-60.0
1775635394.542565,-9.0,-1.0,-62.0
1775635394.552565,-8.0,0.0,-68.0
1775635394.562565,-7.0,-1.0,-73.0
1775635394.5725653,-4.0,3.0,-74.0
1775635394.5825653,-5.0,3.0,-74.0
1775635394.5925653,-1.0,1.0,-68.0
1775635394.6025653,0.0,4.0,-67.0
1775635394.6125653,-1.0,4.0,-67.0
1775635394.6225653,-1.0,1.0,-69.0
1775635394.6325655,0.0,0.0,-68.0
1775635394.6425655,-3.0,-2.0,-74.0
1775635394.6525657,-7.0,-3.0,-67.0
1775635394.6625657,-3.0,-4.0,-69.0
1775635394.6725657,-4.0,-6.0,-71.0
1775635394.6825657,-5.0,-5.0,-70.0
1775635394.6925654,-2.0,-6.0,-67.0
1775635394.7025654,3.0,-6.0,-72.0
1775635394.7125654,-2.0,-5.0,-76.0
1775635394.7225654,0.0,0.0,-78.0
1775635394.7325654,0.0,-2.0,-74.0
1775635394.7425654,0.0,-3.0,-80.0
1775635394.7525654,-2.0,-3.0,-86.0
1775635394.7625654,0.0,1.0,-77.0
1775635394.7725654,-1.0,-1.0,-74.0
1775635394.7825654,1.0,-4.0,-68.0
1775635394.792565,1.0,-5.0,-67.0
1775635394.802565,0.0,-8.0,-69.0
1775635394.812565,-1.0,-5.0,-72.0
1775635394.8225653,2.0,-3.0,-72.0
1775635394.8325653,0.0,-5.0,-67.0
1775635394.8425653,0.0,-7.0,-64.0
1775635394.8525653,2.0,-10.0,-60.0
1775635394.8625653,8.0,-3.0,-56.0
1775635394.8725653,3.0,0.0,-59.0
1775635394.8825655,0.0,2.0,-62.0
1775635394.8925655,0.0,3.0,-75.0
1775635394.9025657,1.0,0.0,-74.0
1775635394.9125657,4.0,0.0,-67.0
1775635394.9225657,2.0,0.0,-67.0
1775635394.9325657,-4.0,-1.0,-66.0
1775635394.9425654,-1.0,-3.0,-69.0
1775635394.9525654,1.0,-1.0,-68.0
1775635394.9625654,1.0,-3.0,-68.0
1775635394.9725654,0.0,0.0,-70.0
1775635394.9825654,0.0,0.0,-68.0
1775635394.9925654,-6.0,1.0,-70.0
1775635395.0025654,-8.0,2.0,-71.0
1775635395.0125654,-6.0,0.0,-69.0
1775635395.0225654,-8.0,1.0,-70.0
1775635395.0325654,-5.0,-1.0,-76.0
1775635395.042565,-5.0,-1.0,-72.0
1775635395.052565,-5.0,-3.0,-69.0
1775635395.062565,-3.0,-5.0,-69.0
1775635395.0725653,-6.0,-1.0,-67.0
1775635395.0825653,-3.0,-4.0,-68.0
1775635395.0925653,-1.0,-3.0,-66.0
1775635395.1025653,-5.0,0.0,-65.0
1775635395.1125653,-1.0,-5.0,-64.0
1775635395.1225653,0.0,-5.0,-60.0
1775635395.1325655,-2.0,-3.0,-58.0
1775635395.1425655,-4.0,-7.0,-61.0
1775635395.1525657,-5.0,-5.0,-68.0
1775635395.1625657,0.0,-6.0,-69.0
1775635395.1725657,0.0,-3.0,-66.0
1775635395.1825657,4.0,-4.0,-62.0
1775635395.1925654,6.0,-3.0,-66.0
1775635395.2025654,2.0,0.0,-64.0
1775635395.2125654,-4.0,1.0,-68.0
1775635395.2225654,-6.0,0.0,-62.0
1775635395.2325654,0.0,0.0,-65.0
1775635395.2425654,0.0,-1.0,-66.0
1775635395.2525654,0.0,-1.0,-66.0
1775635395.2625654,-5.0,0.0,-69.0
1775635395.2725654,-7.0,2.0,-71.0
1775635395.2825654,-4.0,1.0,-73.0
1775635395.292565,-1.0,0.0,-70.0
1775635395.302565,-2.0,0.0,-72.0
1775635395.312565,-1.0,2.0,-65.0
1775635395.3225653,2.0,0.0,-66.0
1775635395.3325653,0.0,0.0,-72.0
1775635395.3425653,-5.0,3.0,-70.0
1775635395.3525653,-1.0,3.0,-77.0
1775635395.3625653,-6.0,2.0,-80.0
1775635395.3725653,0.0,3.0,-73.0
1775635395.3825655,0.0,1.0,-64.0
1775635395.3925655,-3.0,-1.0,-63.0
1775635395.4025657,0.0,1.0,-68.0
1775635395.4125657,0.0,0.0,-69.0
1775635395.4225657,1.0,-1.0,-64.0
1775635395.4325657,-2.0,-1.0,-64.0
1775635395.4425654,-6.0,-1.0,-71.0
1775635395.4525654,-4.0,-7.0,-72.0
1775635395.4625654,0.0,-5.0,-67.0
1775635395.4725654,2.0,-5.0,-67.0
1775635395.4825654,4.0,-1.0,-65.0
1775635395.4925654,6.0,-1.0,-67.0
1775635395.5025654,6.0,0.0,-64.0
1775635395.5125654,5.0,2.0,-69.0
1775635395.5225654,2.0,0.0,-69.0
1775635395.5325654,0.0,-4.0,-68.0
1775635395.542565,4.0,-3.0,-68.0
1775635395.552565,-1.0,-2.0,-67.0
1775635395.562565,-2.0,-2.0,-64.0
1775635395.5725653,-2.0,-2.0,-62.0
1775635395.5825653,-5.0,-3.0,-62.0
1775635395.5925653,-4.0,-9.0,-61.0
1775635395.6025653,-3.0,-5.0,-64.0
1775635395.6125653,-4.0,0.0,-68.0
1775635395.6225653,0.0,0.0,-70.0
1775635395.6325655,1.0,-1.0,-73.0
1775635395.6425655,0.0,0.0,-71.0
1775635395.6525657,0.0,0.0,-64.0
1775635395.6625657,-2.0,0.0,-66.0
1775635395.6725657,0.0,0.0,-65.0
1775635395.6825657,-3.0,-4.0,-69.0
1775635395.6925654,-4.0,-5.0,-74.0
1775635395.7025654,-10.0,-2.0,-69.0
1775635395.7125654,-9.0,0.0,-71.0
1775635395.7225654,-4.0,-3.0,-71.0
1775635395.7325654,-5.0,-5.0,-74.0
1775635395.7425654,-4.0,-7.0,-76.0
1775635395.7525654,-1.0,-4.0,-77.0
1775635395.7625654,1.0,0.0,-75.0
1775635395.7725654,2.0,0.0,-74.0
1775635395.7825654,4.0,-2.0,-79.0
1775635395.792565,6.0,-2.0,-86.0
1775635395.802565,2.0,-5.0,-86.0
1775635395.812565,2.0,-12.0,-83.0
1775635395.8225653,4.0,-9.0,-79.0
1775635395.8325653,3.0,-6.0,-76.0
1775635395.8425653,3.0,-8.0,-77.0
1775635395.8525653,2.0,-7.0,-80.0
1775635395.8625653,-2.0,-8.0,-82.0
1775635395.8725653,-2.0,-8.0,-81.0
1775635395.8825655,-1.0,-8.0,-79.0
1775635395.8925655,0.0,-10.0,-68.0
1775635395.9025657,-1.0,-11.0,-64.0
1775635395.9125657,-3.0,-7.0,-61.0
1775635395.9225657,0.0,-4.0,-61.0
1775635395.9325657,2.0,-4.0,-69.0
1775635395.9425654,5.0,-3.0,-66.0
1775635395.9525654,1.0,-1.0,-71.0
1775635395.9625654,-3.0,0.0,-73.0
1775635395.9725654,-1.0,2.0,-69.0
1775635395.9825654,-1.0,1.0,-68.0
1775635395.9925654,0.0,1.0,-69.0
1775635396.0025654,2.0,0.0,-69.0
1775635396.0125654,2.0,-1.0,-73.0
1775635396.0225654,0.0,-2.0,-78.0
1775635396.0325654,-3.0,-2.0,-69.0
1775635396.042565,-3.0,-1.0,-72.0
1775635396.052565,-2.0,-3.0,-73.0
1775635396.062565,-3.0,0.0,-68.0
1775635396.0725653,-6.0,-2.0,-63.0
1775635396.0825653,-3.0,-4.0,-69.0
1775635396.0925653,-5.0,-6.0,-65.0
1775635396.1025653,-2.0,-3.0,-65.0
1775635396.1125653,-6.0,-3.0,-66.0
1775635396.1225653,-7.0,-6.0,-64.0
1775635396.1325655,-4.0,-2.0,-70.0
1775635396.1425655,-1.0,-5.0,-76.0
1775635396.1525657,0.0,-6.0,-79.0
1775635396.1625657,-2.0,-3.0,-74.0
1775635396.1725657,0.0,-2.0,-70.0
1775635396.1825657,0.0,-2.0,-71.0
1775635396.1925654,2.0,-3.0,-66.0
1775635396.2025654,3.0,1.0,-75.0
1775635396.2125654,4.0,3.0,-72.0
1775635396.2225654,4.0,1.0,-69.0
1775635396.2325654,2.0,1.0,-66.0
1775635396.2425654,-3.0,1.0,-66.0
1775635396.2525654,-3.0,2.0,-65.0
1775635396.2625654,-4.0,3.0,-61.0
1775635396.2725654,-6.0,0.0,-64.0
1775635396.2825654,-5.0,0.0,-65.0
1775635396.292565,-4.0,-5.0,-65.0
1775635396.302565,-2.0,-5.0,-66.0
1775635396.312565,-2.0,-4.0,-68.0
1775635396.3225653,-1.0,-4.0,-74.0
1775635396.3325653,-2.0,-4.0,-76.0
1775635396.3425653,-1.0,2.0,-74.0
1775635396.3525653,0.0,-1.0,-66.0
1775635396.3625653,3.0,-2.0,-67.0
1775635396.3725653,0.0,0.0,-67.0
1775635396.3825655,-4.0,0.0,-71.0
1775635396.3925655,-4.0,0.0,-69.0
1775635396.4025657,-4.0,1.0,-71.0
1775635396.4125657,-3.0,0.0,-73.0
1775635396.4225657,-2.0,-2.0,-71.0
1775635396.4325657,-1.0,-5.0,-76.0
1775635396.4425654,0.0,-5.0,-77.0
1775635396.4525654,-3.0,-4.0,-75.0
1775635396.4625654,-3.0,-4.0,-72.0
1775635396.4725654,-1.0,-5.0,-77.0
1775635396.4825654,-2.0,-4.0,-78.0
1775635396.4925654,-1.0,-1.0,-76.0
1775635396.5025654,0.0,1.0,-77.0
1775635396.5135653,0.0,0.0,-81.0
1775635396.5225654,2.0,-2.0,-81.0
1775635396.5335653,4.0,-5.0,-83.0
1775635396.5435653,1.0,-6.0,-79.0
1775635396.5535655,0.0,-7.0,-80.0
1775635396.5635655,-2.0,-7.0,-83.0
1775635396.5735655,-4.0,-8.0,-78.0
1775635396.5835657,-1.0,-4.0,-76.0
1775635396.5935657,0.0,-3.0,-73.0
1775635396.6035657,1.0,-5.0,-73.0
1775635396.6135654,0.0,-5.0,-69.0
1775635396.6235654,0.0,-3.0,-66.0
1775635396.6335654,-3.0,-3.0,-66.0
1775635396.6435654,-3.0,-1.0,-66.0
1775635396.6535654,1.0,2.0,-62.0
1775635396.6635654,2.0,1.0,-58.0
1775635396.6735654,0.0,1.0,-57.0
1775635396.6835654,-2.0,0.0,-65.0
1775635396.6935654,-3.0,-1.0,-70.0
1775635396.7035654,-1.0,-2.0,-74.0
1775635396.713565,0.0,-2.0,-72.0
1775635396.723565,0.0,-4.0,-74.0
1775635396.733565,-2.0,-2.0,-70.0
1775635396.743565,-3.0,-2.0,-69.0
1775635396.7535653,0.0,-1.0,-67.0
1775635396.7635653,0.0,-1.0,-62.0
1775635396.7735653,-6.0,-1.0,-61.0
1775635396.7835653,-2.0,-4.0,-65.0
1775635396.7935653,-3.0,-4.0,-68.0
1775635396.8035655,-2.0,-1.0,-73.0
1775635396.8135655,-4.0,-2.0,-73.0
1775635396.8235655,-7.0,0.0,-74.0
1775635396.8335657,-5.0,0.0,-75.0
1775635396.8435657,-3.0,0.0,-73.0
1775635396.8535657,-3.0,1.0,-71.0
1775635396.8635654,0.0,-1.0,-70.0
1775635396.8735654,2.0,-1.0,-73.0
1775635396.8835654,2.0,-3.0,-75.0
1775635396.8935654,5.0,-3.0,-71.0
1775635396.9035654,3.0,-1.0,-74.0
1775635396.9135654,2.0,-1.0,-76.0
1775635396.9235654,0.0,0.0,-68.0
1775635396.9335654,5.0,0.0,-70.0
1775635396.9435654,2.0,-2.0,-66.0
1775635396.9535654,0.0,-5.0,-67.0
1775635396.963565,2.0,-12.0,-64.0
1775635396.973565,2.0,-9.0,-67.0
1775635396.983565,4.0,-6.0,-66.0
1775635396.993565,5.0,-5.0,-72.0
1775635397.0035653,3.0,-6.0,-69.0
1775635397.0135653,6.0,-5.0,-70.0
1775635397.0235653,4.0,-3.0,-74.0
1775635397.0335653,2.0,-6.0,-71.0
1775635397.0435653,2.0,-6.0,-72.0
1775635397.0535655,0.0,-5.0,-74.0
1775635397.0635655,-6.0,-5.0,-75.0
1775635397.0735655,-6.0,-4.0,-76.0
1775635397.0835657,-3.0,0.0,-69.0
1775635397.0935657,-1.0,-3.0,-72.0
1775635397.1035657,2.0,-3.0,-75.0
1775635397.1135654,2.0,-2.0,-68.0
1775635397.1235654,1.0,-4.0,-73.0
1775635397.1335654,3.0,-4.0,-69.0
1775635397.1435654,4.0,-5.0,-66.0
1775635397.1535654,1.0,-4.0,-67.0
1775635397.1635654,4.0,-4.0,-73.0
1775635397.1735654,8.0,-4.0,-70.0
1775635397.1835654,1.0,-8.0,-66.0
1775635397.1935654,0.0,-10.0,-65.0
1775635397.2035654,-1.0,-7.0,-59.0
1775635397.213565,-1.0,-7.0,-56.0
1775635397.223565,-6.0,-5.0,-54.0
1775635397.233565,-5.0,-3.0,-53.0
1775635397.243565,0.0,-4.0,-54.0
1775635397.2535653,4.0,-4.0,-58.0
1775635397.2635653,2.0,-2.0,-65.0
1775635397.2735653,1.0,-2.0,-61.0
1775635397.2835653,-2.0,0.0,-60.0
1775635397.2935653,-1.0,2.0,-61.0
1775635397.3035655,-1.0,0.0,-63.0
1775635397.3135655,-2.0,1.0,-60.0
1775635397.3235655,0.0,-2.0,-59.0
1775635397.3335657,0.0,-3.0,-65.0
1775635397.3435657,0.0,0.0,-71.0
1775635397.3535657,0.0,-1.0,-68.0
1775635397.3635654,-5.0,0.0,-70.0
1775635397.3735654,-5.0,-1.0,-74.0
1775635397.3835654,-6.0,0.0,-77.0
1775635397.3935654,-6.0,-3.0,-75.0
1775635397.4035654,-3.0,-4.0,-80.0
1775635397.4135654,0.0,-2.0,-83.0
1775635397.4235654,4.0,0.0,-78.0
1775635397.4335654,0.0,-3.0,-76.0
1775635397.4435654,-4.0,-7.0,-71.0
1775635397.4535654,-2.0,-5.0,-65.0
1775635397.463565,3.0,-6.0,-68.0
1775635397.473565,4.0,-3.0,-68.0
1775635397.483565,0.0,-3.0,-63.0
1775635397.493565,-1.0,-2.0,-60.0
1775635397.5035653,-2.0,-3.0,-57.0
1775635397.5135653,-7.0,-2.0,-64.0
1775635397.5235653,-9.0,1.0,-68.0
1775635397.5335653,-9.0,0.0,-61.0
1775635397.5435653,-8.0,-3.0,-55.0
1775635397.5535655,-7.0,-1.0,-50.0
1775635397.5635655,-4.0,-2.0,-46.0
1775635397.5735655,0.0,0.0,-54.0
1775635397.5835657,0.0,-2.0,-58.0
1775635397.5935657,-1.0,-2.0,-63.0
1775635397.6035657,-1.0,-2.0,-61.0
1775635397.6135654,-2.0,-4.0,-61.0
1775635397.6235654,1.0,-2.0,-57.0
1775635397.6335654,4.0,0.0,-62.0
1775635397.6435654,3.0,-1.0,-70.0
1775635397.6535654,4.0,0.0,-69.0
1775635397.6635654,1.0,-1.0,-65.0
1775635397.6735654,-1.0,-1.0,-70.0
1775635397.6835654,-6.0,-3.0,-64.0
1775635397.6935654,-4.0,-3.0,-67.0
1775635397.7035654,-1.0,-5.0,-64.0
1775635397.713565,-2.0,-7.0,-63.0
1775635397.723565,-6.0,-9.0,-60.0
1775635397.733565,0.0,-8.0,-66.0
1775635397.743565,0.0,-11.0,-68.0
1775635397.7535653,-2.0,-10.0,-76.0
1775635397.7635653,-3.0,-1.0,-75.0
1775635397.7735653,-2.0,-4.0,-70.0
1775635397.7835653,0.0,-5.0,-74.0
1775635397.7935653,3.0,-5.0,-69.0
1775635397.8035655,6.0,-7.0,-67.0
1775635397.8135655,12.0,-5.0,-64.0
1775635397.8235655,9.0,-7.0,-67.0
1775635397.8335657,9.0,-4.0,-69.0
1775635397.8435657,5.0,-7.0,-68.0
1775635397.8535657,6.0,-6.0,-60.0
1775635397.8635654,4.0,-4.0,-60.0
1775635397.8735654,8.0,-4.0,-60.0
1775635397.8835654,4.0,-5.0,-59.0
1775635397.8935654,5.0,-5.0,-56.0
1775635397.9035654,5.0,-5.0,-58.0
1775635397.9135654,2.0,-7.0,-61.0
1775635397.9235654,6.0,-7.0,-62.0
1775635397.9335654,6.0,-6.0,-67.0
1775635397.9435654,6.0,-8.0,-67.0
1775635397.9535654,1.0,-7.0,-70.0
1775635397.963565,-2.0,-4.0,-71.0
1775635397.973565,-1.0,-1.0,-73.0
1775635397.983565,-3.0,0.0,-79.0
1775635397.993565,-2.0,0.0,-73.0
1775635398.0035653,-2.0,0.0,-68.0
1775635398.0135653,2.0,2.0,-70.0
1775635398.0235653,0.0,-1.0,-79.0
1775635398.0335653,1.0,0.0,-76.0
1775635398.0435653,1.0,-2.0,-74.0
1775635398.0535655,0.0,0.0,-74.0
1775635398.0635655,-4.0,4.0,-74.0
1775635398.0735655,-1.0,5.0,-71.0
1775635398.0835657,2.0,3.0,-77.0
1775635398.0935657,0.0,1.0,-75.0
1775635398.1035657,4.0,1.0,-72.0
1775635398.1135654,2.0,1.0,-71.0
1775635398.1235654,2.0,0.0,-61.0
1775635398.1335654,1.0,0.0,-65.0
1775635398.1435654,-2.0,-3.0,-61.0
1775635398.1535654,2.0,-5.0,-56.0
1775635398.1635654,8.0,-4.0,-54.0
1775635398.1735654,7.0,-6.0,-63.0
1775635398.1835654,4.0,-2.0,-61.0
1775635398.1935654,3.0,-5.0,-53.0
1775635398.2035654,5.0,-3.0,-55.0
1775635398.213565,8.0,-8.0,-57.0
1775635398.223565,4.0,-8.0,-62.0
1775635398.233565,2.0,-6.0,-61.0
1775635398.243565,2.0,-2.0,-68.0
1775635398.2535653,0.0,-3.0,-73.0
1775635398.2635653,0.0,-1.0,-78.0
1775635398.2735653,1.0,-1.0,-70.0
1775635398.2835653,0.0,1.0,-67.0
1775635398.2935653,-2.0,0.0,-62.0
1775635398.3035655,-2.0,5.0,-56.0
1775635398.3135655,-2.0,4.0,-61.0
1775635398.3235655,0.0,0.0,-64.0
1775635398.3335657,-1.0,-3.0,-66.0
1775635398.3435657,0.0,-6.0,-69.0
1775635398.3535657,1.0,-7.0,-62.0
1775635398.3635654,1.0,-9.0,-65.0
1775635398.3735654,5.0,-9.0,-67.0
1775635398.3835654,8.0,-7.0,-73.0
1775635398.3935654,6.0,-10.0,-69.0
1775635398.4035654,6.0,-10.0,-70.0
1775635398.4135654,6.0,-4.0,-68.0
1775635398.4235654,9.0,0.0,-65.0
1775635398.4335654,12.0,0.0,-63.0
1775635398.4435654,9.0,2.0,-72.0
1775635398.4535654,7.0,1.0,-76.0
1775635398.463565,5.0,-1.0,-71.0
1775635398.473565,2.0,-3.0,-71.0
1775635398.483565,-1.0,0.0,-68.0
1775635398.493565,-3.0,1.0,-70.0
1775635398.5035653,-1.0,-1.0,-72.0
1775635398.5135653,2.0,-4.0,-72.0
1775635398.5235653,0.0,-7.0,-64.0
1775635398.5335653,-3.0,-10.0,-58.0
1775635398.5435653,-1.0,-7.0,-50.0
1775635398.5535655,-1.0,-5.0,-55.0
1775635398.5635655,-3.0,-6.0,-57.0
1775635398.5735655,-4.0,-7.0,-58.0
1775635398.5835657,-7.0,-4.0,-57.0
1775635398.5935657,-6.0,-7.0,-52.0
1775635398.6035657,-5.0,-5.0,-58.0
1775635398.6135654,-5.0,-6.0,-61.0
1775635398.6235654,-5.0,-3.0,-67.0
1775635398.6335654,-7.0,-4.0,-67.0
1775635398.6435654,-1.0,0.0,-72.0
1775635398.6535654,0.0,-1.0,-76.0
1775635398.6635654,-1.0,-1.0,-80.0
1775635398.6735654,0.0,-2.0,-80.0
1775635398.6835654,-1.0,-2.0,-77.0
1775635398.6935654,-3.0,-1.0,-85.0
1775635398.7035654,-4.0,-2.0,-85.0
1775635398.713565,-1.0,-3.0,-79.0
1775635398.723565,0.0,-7.0,-74.0
1775635398.733565,-1.0,-1.0,-70.0
1775635398.743565,-4.0,-1.0,-74.0
1775635398.7535653,-1.0,0.0,-75.0
1775635398.7635653,2.0,-1.0,-76.0
1775635398.7735653,4.0,3.0,-66.0
1775635398.7835653,2.0,2.0,-71.0
1775635398.7935653,3.0,0.0,-76.0
1775635398.8035655,2.0,-2.0,-78.0
1775635398.8135655,-1.0,-6.0,-79.0
1775635398.8235655,0.0,-5.0,-72.0
1775635398.8335657,-2.0,-8.0,-72.0
1775635398.8435657,-1.0,-6.0,-70.0
1775635398.8535657,0.0,-7.0,-69.0
1775635398.8645654,-2.0,-1.0,-65.0
1775635398.8745654,-3.0,-3.0,-62.0
1775635398.8845654,-4.0,-2.0,-67.0
1775635398.894565,-3.0,-5.0,-67.0
1775635398.904565,-1.0,-3.0,-64.0
1775635398.914565,2.0,-9.0,-62.0
1775635398.9245653,-1.0,-6.0,-64.0
1775635398.9345653,2.0,-7.0,-67.0
1775635398.9445653,0.0,-4.0,-69.0
1775635398.9545653,-2.0,-5.0,-80.0
1775635398.9645653,-2.0,-3.0,-79.0
1775635398.9745653,0.0,2.0,-76.0
1775635398.9845655,4.0,5.0,-75.0
1775635398.9945655,6.0,4.0,-72.0
1775635399.0045657,4.0,2.0,-74.0
1775635399.0145657,2.0,-1.0,-75.0
1775635399.0245657,3.0,-3.0,-71.0
1775635399.0345654,1.0,-6.0,-72.0
1775635399.0445654,2.0,-6.0,-73.0
1775635399.0545654,-1.0,-2.0,-72.0
1775635399.0645654,-2.0,-3.0,-70.0
1775635399.0745654,-4.0,-5.0,-69.0
1775635399.0845654,0.0,-8.0,-66.0
1775635399.0945654,-3.0,-5.0,-71.0
1775635399.1045654,-2.0,-2.0,-74.0
1775635399.1145654,-4.0,0.0,-75.0
1775635399.1245654,2.0,4.0,-81.0
1775635399.1345654,2.0,0.0,-74.0
1775635399.144565,2.0,-1.0,-74.0
1775635399.154565,-1.0,-3.0,-69.0
1775635399.164565,-2.0,-5.0,-71.0
1775635399.1745653,-1.0,-1.0,-68.0
1775635399.1845653,-4.0,0.0,-70.0
1775635399.1945653,-4.0,3.0,-71.0
1775635399.2045653,-4.0,5.0,-71.0
1775635399.2145653,0.0,2.0,-62.0
1775635399.2245653,1.0,0.0,-62.0
1775635399.2345655,0.0,2.0,-63.0
1775635399.2445655,-3.0,4.0,-60.0
1775635399.2545657,0.0,4.0,-58.0
1775635399.2645657,2.0,6.0,-60.0
1775635399.2745657,7.0,9.0,-61.0
1775635399.2845654,6.0,8.0,-65.0
1775635399.2945654,8.0,7.0,-72.0
1775635399.3045654,4.0,5.0,-74.0
1775635399.3145654,2.0,6.0,-66.0
1775635399.3245654,1.0,10.0,-67.0
1775635399.3345654,1.0,6.0,-65.0
1775635399.3445654,4.0,0.0,-65.0
1775635399.3545654,0.0,0.0,-66.0
1775635399.3645654,3.0,-1.0,-64.0
1775635399.3745654,5.0,-6.0,-63.0
1775635399.3845654,6.0,-2.0,-65.0
1775635399.394565,0.0,0.0,-69.0
1775635399.404565,0.0,-2.0,-68.0
1775635399.414565,2.0,-6.0,-74.0
1775635399.4245653,4.0,-8.0,-70.0
1775635399.4345653,2.0,-9.0,-67.0
1775635399.4445653,0.0,-7.0,-61.0
1775635399.4545653,4.0,-3.0,-66.0
1775635399.4645653,7.0,-5.0,-65.0
1775635399.4745653,7.0,-2.0,-67.0
1775635399.4845655,12.0,0.0,-67.0
1775635399.4945655,6.0,0.0,-65.0
1775635399.5045657,2.0,0.0,-66.0
1775635399.5145657,2.0,1.0,-61.0
1775635399.5245657,0.0,-1.0,-61.0
1775635399.5345654,0.0,0.0,-59.0
1775635399.5445654,3.0,5.0,-56.0
1775635399.5545654,6.0,1.0,-49.0
1775635399.5645654,5.0,-1.0,-47.0
1775635399.5745654,6.0,2.0,-54.0
1775635399.5845654,7.0,0.0,-61.0
1775635399.5945654,8.0,0.0,-65.0
1775635399.6045654,5.0,0.0,-59.0
1775635399.6145654,9.0,-5.0,-64.0
1775635399.6245654,9.0,-3.0,-60.0
1775635399.6345654,9.0,0.0,-63.0
1775635399.644565,11.0,0.0,-62.0
1775635399.654565,6.0,0.0,-69.0
1775635399.664565,7.0,-2.0,-65.0
1775635399.6745653,8.0,-3.0,-65.0
1775635399.6845653,7.0,-2.0,-65.0
1775635399.6945653,3.0,-2.0,-66.0
1775635399.7045653,0.0,0.0,-65.0
1775635399.7145653,-2.0,0.0,-65.0
1775635399.7245653,-3.0,0.0,-65.0
1775635399.7345655,-2.0,0.0,-68.0
1775635399.7445655,-3.0,0.0,-72.0
1775635399.7545657,-8.0,0.0,-75.0
1775635399.7645657,-6.0,-1.0,-71.0
1775635399.7745657,-9.0,1.0,-73.0
1775635399.7845654,-7.0,3.0,-71.0
1775635399.7945654,-4.0,1.0,-64.0
1775635399.8045654,-2.0,-1.0,-63.0
1775635399.8145654,-1.0,-4.0,-69.0
1775635399.8245654,0.0,-5.0,-69.0
1775635399.8345654,0.0,-2.0,-68.0
1775635399.8445654,-3.0,-2.0,-74.0
1775635399.8545654,0.0,0.0,-83.0
1775635399.8645654,5.0,-2.0,-83.0
1775635399.8745654,5.0,0.0,-86.0
1775635399.8845654,5.0,2.0,-84.0
1775635399.894565,2.0,0.0,-82.0
1775635399.904565,2.0,-2.0,-85.0
1775635399.914565,7.0,-3.0,-83.0
1775635399.9245653,4.0,0.0,-82.0
1775635399.9345653,2.0,1.0,-78.0
1775635399.9445653,1.0,4.0,-78.0
1775635399.9545653,2.0,0.0,-75.0
1775635399.9645653,1.0,-2.0,-71.0
1775635399.9745653,-1.0,-3.0,-73.0
1775635399.9845655,0.0,-1.0,-75.0
1775635399.9945655,4.0,0.0,-74.0
1775635400.0045657,6.0,-2.0,-69.0
1775635400.0145657,5.0,-6.0,-62.0
1775635400.0245657,7.0,-2.0,-55.0
1775635400.0345654,4.0,-4.0,-52.0
1775635400.0445654,2.0,-6.0,-57.0
1775635400.0545654,5.0,-3.0,-62.0
1775635400.0645654,7.0,1.0,-67.0
1775635400.0745654,7.0,-1.0,-68.0
1775635400.0845654,5.0,-1.0,-70.0
1775635400.0945654,6.0,-3.0,-73.0
1775635400.1045654,4.0,0.0,-70.0
1775635400.1145654,5.0,3.0,-70.0
1775635400.1245654,7.0,3.0,-64.0
1775635400.1345654,7.0,4.0,-66.0
1775635400.144565,5.0,6.0,-69.0
1775635400.154565,0.0,7.0,-69.0
1775635400.164565,-2.0,9.0,-74.0
1775635400.1745653,-1.0,6.0,-81.0
1775635400.1845653,-3.0,7.0,-77.0
1775635400.1945653,0.0,8.0,-71.0
1775635400.2045653,1.0,6.0,-69.0
1775635400.2145653,2.0,6.0,-70.0
1775635400.2245653,4.0,2.0,-75.0
1775635400.2345655,2.0,0.0,-73.0
1775635400.2445655,-2.0,-1.0,-74.0
1775635400.2545657,-2.0,0.0,-73.0
1775635400.2645657,2.0,5.0,-69.0
1775635400.2745657,0.0,7.0,-67.0
1775635400.2845654,1.0,6.0,-71.0
1775635400.2945654,3.0,2.0,-69.0
1775635400.3045654,0.0,5.0,-65.0
1775635400.3145654,-8.0,3.0,-62.0
1775635400.3245654,-8.0,0.0,-72.0
1775635400.3345654,-6.0,0.0,-68.0
1775635400.3445654,-7.0,-1.0,-67.0
1775635400.3545654,0.0,0.0,-63.0
1775635400.3645654,2.0,2.0,-71.0
1775635400.3745654,3.0,2.0,-75.0
1775635400.3845654,0.0,3.0,-79.0
1775635400.394565,0.0,1.0,-80.0
1775635400.404565,-4.0,2.0,-75.0
1775635400.414565,-5.0,0.0,-71.0
1775635400.4245653,-8.0,-3.0,-70.0
1775635400.4345653,-10.0,-6.0,-72.0
1775635400.4445653,-8.0,-5.0,-73.0
1775635400.4545653,-7.0,-6.0,-73.0
1775635400.4645653,-10.0,-4.0,-69.0
1775635400.4745653,-7.0,-8.0,-66.0
1775635400.4845655,-2.0,-8.0,-65.0
1775635400.4945655,1.0,-10.0,-65.0
1775635400.5045657,2.0,-9.0,-63.0
1775635400.5145657,1.0,-5.0,-68.0
1775635400.5245657,0.0,-5.0,-70.0
1775635400.5345654,-2.0,0.0,-70.0
1775635400.5445654,1.0,0.0,-66.0
1775635400.5545654,3.0,-3.0,-67.0
1775635400.5645654,3.0,-7.0,-72.0
1775635400.5745654,1.0,-3.0,-72.0
1775635400.5845654,1.0,-4.0,-76.0
1775635400.5945654,-1.0,-5.0,-77.0
1775635400.6045654,-5.0,-9.0,-85.0
1775635400.6145654,-10.0,-11.0,-79.0
1775635400.6245654,-6.0,-6.0,-79.0
1775635400.6345654,-4.0,-5.0,-80.0
1775635400.644565,-4.0,-4.0,-72.0
1775635400.654565,0.0,0.0,-68.0
1775635400.664565,3.0,-1.0,-68.0
1775635400.6745653,3.0,-4.0,-70.0
1775635400.6845653,-2.0,0.0,-67.0
1775635400.6945653,0.0,0.0,-68.0
1775635400.7045653,-2.0,-1.0,-64.0
1775635400.7145653,0.0,1.0,-68.0
1775635400.7245653,0.0,3.0,-64.0
1775635400.7345655,-3.0,5.0,-57.0
1775635400.7445655,-7.0,5.0,-61.0
1775635400.7545657,-7.0,2.0,-61.0
1775635400.7645657,-5.0,2.0,-62.0
1775635400.7745657,-5.0,8.0,-64.0
1775635400.7845654,-3.0,3.0,-67.0
1775635400.7945654,-2.0,6.0,-71.0
1775635400.8045654,1.0,2.0,-66.0
1775635400.8145654,4.0,2.0,-64.0
1775635400.8245654,4.0,0.0,-65.0
1775635400.8345654,6.0,-1.0,-74.0
1775635400.8445654,4.0,-3.0,-79.0
1775635400.8545654,4.0,1.0,-74.0
1775635400.8645654,1.0,0.0,-70.0
1775635400.8745654,0.0,2.0,-67.0
1775635400.8845654,0.0,1.0,-68.0
1775635400.894565,0.0,-3.0,-70.0
1775635400.904565,0.0,-6.0,-79.0
1775635400.914565,2.0,-7.0,-73.0
1775635400.9245653,3.0,-4.0,-71.0
1775635400.9345653,1.0,0.0,-61.0
1775635400.9445653,-3.0,0.0,-59.0
1775635400.9545653,-2.0,-2.0,-62.0
1775635400.9645653,-2.0,-1.0,-66.0
1775635400.9745653,-4.0,-1.0,-73.0
1775635400.9845655,-5.0,4.0,-74.0
1775635400.9945655,-3.0,3.0,-73.0
1775635401.0045657,-4.0,5.0,-77.0
1775635401.0145657,-7.0,8.0,-69.0
1775635401.0245657,-6.0,8.0,-64.0
1775635401.0345654,-1.0,5.0,-70.0
1775635401.0445654,0.0,1.0,-70.0
1775635401.0545654,1.0,2.0,-73.0
1775635401.0645654,3.0,0.0,-68.0
1775635401.0745654,0.0,1.0,-69.0
1775635401.0845654,0.0,3.0,-71.0
1775635401.0945654,-1.0,4.0,-74.0
1775635401.1045654,0.0,5.0,-82.0
1775635401.1145654,0.0,6.0,-77.0
1775635401.1245654,1.0,8.0,-70.0
1775635401.1345654,3.0,7.0,-65.0
1775635401.144565,-2.0,2.0,-63.0
1775635401.1555655,-3.0,-1.0,-68.0
1775635401.1655655,-3.0,0.0,-65.0
1775635401.1755655,-1.0,0.0,-64.0
1775635401.1845653,0.0,3.0,-69.0
1775635401.1945653,-3.0,1.0,-64.0
1775635401.2045653,-4.0,0.0,-67.0
1775635401.2155654,-1.0,2.0,-61.0
1775635401.2255654,-1.0,1.0,-67.0
1775635401.2355654,1.0,1.0,-67.0
1775635401.2455654,0.0,2.0,-58.0
1775635401.2555654,0.0,3.0,-58.0
1775635401.2655654,6.0,4.0,-65.0
1775635401.2755654,5.0,-1.0,-61.0
1775635401.2855654,8.0,-1.0,-55.0
1775635401.2955654,10.0,0.0,-56.0
1775635401.3055654,12.0,-1.0,-58.0
1775635401.315565,10.0,-1.0,-57.0
1775635401.325565,8.0,0.0,-61.0
1775635401.335565,0.0,0.0,-66.0
1775635401.3455653,0.0,-1.0,-73.0
1775635401.3555653,0.0,-2.0,-77.0
1775635401.3655653,5.0,0.0,-78.0
1775635401.3755653,6.0,0.0,-74.0
1775635401.3855653,5.0,-2.0,-68.0
1775635401.3955653,4.0,-1.0,-67.0
1775635401.4055655,6.0,0.0,-65.0
1775635401.4155655,4.0,-1.0,-70.0
1775635401.4255655,2.0,-2.0,-67.0
1775635401.4355657,0.0,-5.0,-61.0
1775635401.4455657,0.0,-8.0,-64.0
1775635401.4555657,-2.0,-5.0,-62.0
1775635401.4655654,-2.0,-6.0,-64.0
1775635401.4755654,-1.0,-3.0,-64.0
1775635401.4855654,-1.0,-3.0,-70.0
1775635401.4955654,-2.0,-1.0,-66.0
1775635401.5055654,-1.0,-1.0,-66.0
1775635401.5155654,2.0,2.0,-66.0
1775635401.5255654,-3.0,0.0,-66.0
1775635401.5355654,-2.0,3.0,-66.0
1775635401.5455654,-3.0,2.0,-69.0
1775635401.5555654,-4.0,4.0,-69.0
1775635401.565565,-2.0,2.0,-73.0
1775635401.575565,-1.0,4.0,-68.0
1775635401.585565,-2.0,6.0,-68.0
1775635401.5955653,-3.0,5.0,-71.0
1775635401.6055653,0.0,3.0,-72.0
1775635401.6155653,-1.0,1.0,-64.0
1775635401.6255653,-4.0,2.0,-61.0
1775635401.6355653,-6.0,-3.0,-58.0
1775635401.6455653,-6.0,-7.0,-62.0
1775635401.6555655,-5.0,-7.0,-65.0
1775635401.6655655,-8.0,-6.0,-65.0
1775635401.6755655,-8.0,-2.0,-73.0
1775635401.6855657,-8.0,-1.0,-76.0
1775635401.6955657,-9.0,-5.0,-79.0
1775635401.7055657,-10.0,-1.0,-77.0
1775635401.7155654,-3.0,0.0,-67.0
1775635401.7255654,0.0,2.0,-64.0
1775635401.7355654,0.0,0.0,-58.0
1775635401.7455654,1.0,1.0,-57.0
1775635401.7555654,-1.0,1.0,-51.0
1775635401.7655654,-6.0,0.0,-52.0
1775635401.7755654,-3.0,-1.0,-59.0
1775635401.7855654,-2.0,-3.0,-64.0
1775635401.7955654,1.0,0.0,-65.0
1775635401.8055654,-2.0,-1.0,-64.0
1775635401.815565,3.0,-2.0,-58.0
1775635401.825565,6.0,-2.0,-58.0
1775635401.835565,4.0,-4.0,-59.0
1775635401.8455653,0.0,0.0,-58.0
1775635401.8555653,-3.0,0.0,-60.0
1775635401.8655653,2.0,1.0,-63.0
1775635401.8755653,1.0,3.0,-65.0
1775635401.8855653,0.0,8.0,-69.0
1775635401.8955653,1.0,7.0,-69.0
1775635401.9055655,-1.0,2.0,-75.0
1775635401.9155655,-1.0,0.0,-78.0
1775635401.9255655,0.0,-3.0,-75.0
1775635401.9355657,1.0,-6.0,-78.0
1775635401.9455657,5.0,-5.0,-79.0
1775635401.9555657,0.0,-5.0,-78.0
1775635401.9655654,0.0,-4.0,-75.0
1775635401.9755654,-6.0,-6.0,-73.0
1775635401.9855654,-6.0,-3.0,-70.0
1775635401.9955654,-1.0,-1.0,-67.0
1775635402.0055654,3.0,0.0,-65.0
1775635402.0155654,5.0,-3.0,-67.0
1775635402.0255654,4.0,-1.0,-71.0
1775635402.0355654,0.0,2.0,-67.0
1775635402.0455654,-5.0,6.0,-69.0
1775635402.0555654,-3.0,6.0,-71.0
1775635402.065565,-5.0,3.0,-71.0
1775635402.075565,-9.0,2.0,-69.0
1775635402.085565,-9.0,0.0,-76.0
1775635402.0955653,-7.0,0.0,-75.0
1775635402.1055653,-5.0,-3.0,-74.0
1775635402.1155653,-5.0,0.0,-69.0
1775635402.1255653,-5.0,-1.0,-67.0
1775635402.1355653,-7.0,1.0,-66.0
1775635402.1455653,-6.0,5.0,-75.0
1775635402.1555655,-8.0,7.0,-73.0
1775635402.1655655,-7.0,7.0,-78.0
1775635402.1755655,-10.0,8.0,-69.0
1775635402.1865654,-6.0,4.0,-73.0
1775635402.1955657,-6.0,0.0,-74.0
1775635402.2055657,-1.0,2.0,-72.0
1775635402.2155654,4.0,-1.0,-71.0
1775635402.2255654,2.0,0.0,-76.0
1775635402.2355654,1.0,3.0,-69.0
1775635402.2455654,5.0,0.0,-65.0
1775635402.2555654,4.0,0.0,-69.0
1775635402.2655654,-2.0,0.0,-69.0
1775635402.2755654,-5.0,0.0,-68.0
1775635402.2855654,3.0,0.0,-71.0
1775635402.2955654,2.0,-1.0,-68.0
1775635402.3055654,-1.0,-2.0,-67.0
1775635402.315565,0.0,-4.0,-73.0
1775635402.325565,3.0,2.0,-67.0
1775635402.335565,3.0,3.0,-72.0
1775635402.3455653,0.0,0.0,-69.0
1775635402.3555653,2.0,0.0,-70.0
1775635402.3655653,7.0,0.0,-76.0
1775635402.3755653,3.0,-5.0,-76.0
1775635402.3855653,-1.0,-4.0,-79.0
1775635402.3955653,-1.0,-5.0,-76.0
1775635402.4055655,-2.0,-3.0,-78.0
1775635402.4155655,-2.0,-6.0,-71.0
1775635402.4255655,-2.0,-7.0,-65.0
1775635402.4355657,-1.0,-9.0,-69.0
1775635402.4455657,0.0,-8.0,-67.0
1775635402.4555657,-1.0,-7.0,-71.0
1775635402.4655654,-5.0,-5.0,-70.0
1775635402.4755654,-4.0,-1.0,-78.0
1775635402.4855654,-3.0,1.0,-75.0
1775635402.4955654,-1.0,0.0,-70.0
1775635402.5055654,-1.0,1.0,-72.0
1775635402.5155654,-1.0,0.0,-68.0
1775635402.5255654,-5.0,3.0,-71.0
1775635402.5355654,-5.0,3.0,-76.0
1775635402.5455654,-5.0,7.0,-77.0
1775635402.5555654,-5.0,6.0,-76.0
1775635402.565565,-2.0,7.0,-68.0
1775635402.575565,-5.0,8.0,-71.0
1775635402.585565,-8.0,8.0,-73.0
1775635402.5955653,-5.0,9.0,-68.0
1775635402.6055653,-13.0,10.0,-64.0
1775635402.6155653,-6.0,9.0,-60.0
1775635402.6255653,-4.0,7.0,-64.0
1775635402.6355653,-5.0,8.0,-66.0
1775635402.6455653,-3.0,8.0,-64.0
1775635402.6555655,-4.0,2.0,-63.0
1775635402.6655655,-5.0,-1.0,-65.0
1775635402.6755655,-3.0,-1.0,-63.0
1775635402.6855657,1.0,-1.0,-60.0
1775635402.6955657,1.0,0.0,-60.0
1775635402.7055657,-2.0,2.0,-55.0
1775635402.7155654,1.0,1.0,-57.0
1775635402.7255654,-2.0,0.0,-61.0
1775635402.7355654,-5.0,2.0,-69.0
1775635402.7455654,-1.0,5.0,-66.0
1775635402.7555654,-2.0,13.0,-65.0
1775635402.7655654,-2.0,14.0,-70.0
1775635402.7755654,0.0,11.0,-78.0
1775635402.7855654,-1.0,8.0,-78.0
1775635402.7955654,-3.0,9.0,-69.0
1775635402.8055654,-1.0,7.0,-61.0
1775635402.815565,-4.0,3.0,-66.0
1775635402.825565,-4.0,3.0,-72.0
1775635402.835565,-5.0,3.0,-67.0
1775635402.8455653,-3.0,2.0,-70.0
1775635402.8555653,1.0,0.0,-66.0
1775635402.8655653,2.0,-2.0,-69.0
1775635402.8755653,2.0,0.0,-72.0
1775635402.8855653,3.0,4.0,-65.0
1775635402.8955653,0.0,2.0,-67.0
1775635402.9055655,0.0,0.0,-70.0
1775635402.9155655,-1.0,1.0,-71.0
1775635402.9255655,1.0,1.0,-75.0
1775635402.9355657,0.0,6.0,-80.0
1775635402.9455657,-5.0,7.0,-80.0
1775635402.9555657,-4.0,5.0,-79.0
1775635402.9655654,2.0,6.0,-68.0
1775635402.9755654,3.0,5.0,-65.0
1775635402.9855654,2.0,1.0,-64.0
1775635402.9955654,4.0,-2.0,-69.0
1775635403.0055654,4.0,-2.0,-69.0
1775635403.0155654,5.0,-4.0,-69.0
1775635403.0255654,4.0,-1.0,-72.0
1775635403.0355654,5.0,-6.0,-82.0
1775635403.0455654,5.0,-5.0,-78.0
1775635403.0555654,7.0,-5.0,-77.0
1775635403.065565,6.0,-3.0,-71.0
1775635403.075565,1.0,3.0,-66.0
1775635403.085565,1.0,4.0,-68.0
1775635403.0955653,3.0,6.0,-60.0
1775635403.1055653,4.0,9.0,-59.0
1775635403.1155653,4.0,8.0,-57.0
1775635403.1255653,6.0,6.0,-65.0
1775635403.1355653,6.0,4.0,-61.0
1775635403.1455653,0.0,1.0,-54.0
1775635403.1555655,2.0,-3.0,-55.0
1775635403.1655655,3.0,-4.0,-56.0
1775635403.1755655,2.0,-7.0,-59.0
1775635403.1855657,0.0,-9.0,-61.0
1775635403.1955657,-5.0,-6.0,-59.0
1775635403.2055657,-2.0,-6.0,-60.0
1775635403.2155654,-3.0,-4.0,-67.0
1775635403.2255654,-6.0,-6.0,-66.0
1775635403.2355654,0.0,-2.0,-68.0
1775635403.2455654,-2.0,-1.0,-72.0
1775635403.2555654,0.0,-1.0,-70.0
1775635403.2655654,0.0,-4.0,-69.0
1775635403.2755654,2.0,-5.0,-67.0
1775635403.2855654,-4.0,-9.0,-60.0
1775635403.2955654,-4.0,-8.0,-62.0
1775635403.3055654,-4.0,-4.0,-66.0
1775635403.315565,-1.0,-6.0,-73.0
1775635403.325565,-2.0,-6.0,-73.0
1775635403.335565,-7.0,-4.0,-73.0
1775635403.3455653,-7.0,-4.0,-69.0
1775635403.3555653,-8.0,-4.0,-71.0
1775635403.3655653,-5.0,0.0,-71.0
1775635403.3755653,-1.0,2.0,-70.0
1775635403.3855653,2.0,2.0,-72.0
1775635403.3955653,6.0,0.0,-71.0
1775635403.4055655,9.0,7.0,-73.0
1775635403.4155655,6.0,7.0,-70.0
1775635403.4255655,4.0,7.0,-72.0
1775635403.4355657,2.0,6.0,-69.0
1775635403.4455657,5.0,2.0,-68.0
1775635403.4555657,3.0,2.0,-70.0
1775635403.4665654,0.0,5.0,-72.0
1775635403.4765654,-3.0,5.0,-70.0
1775635403.4855654,-4.0,7.0,-72.0
1775635403.496565,-7.0,5.0,-71.0
1775635403.506565,-2.0,1.0,-72.0
1775635403.516565,0.0,0.0,-74.0
1775635403.5265653,-1.0,0.0,-73.0
1775635403.5365653,-1.0,1.0,-69.0
1775635403.5465653,3.0,0.0,-72.0
1775635403.5565653,1.0,0.0,-70.0
1775635403.5665653,-1.0,-3.0,-68.0
1775635403.5765653,-3.0,-3.0,-70.0
1775635403.5865655,-2.0,-4.0,-70.0
1775635403.5965655,-1.0,0.0,-67.0
1775635403.6065657,-3.0,-1.0,-71.0
1775635403.6165657,-1.0,0.0,-68.0
1775635403.6265657,-2.0,-1.0,-72.0
1775635403.6365654,0.0,0.0,-75.0
1775635403.6465654,0.0,5.0,-76.0
1775635403.6565654,-1.0,4.0,-73.0
1775635403.6665654,-5.0,-1.0,-74.0
1775635403.6765654,-7.0,0.0,-72.0
1775635403.6865654,-10.0,2.0,-70.0
1775635403.6965654,-10.0,0.0,-68.0
1775635403.7065654,-3.0,0.0,-71.0
1775635403.7165654,-4.0,0.0,-72.0
1775635403.7265654,-2.0,1.0,-73.0
1775635403.7365654,-2.0,-1.0,-76.0
1775635403.746565,-3.0,0.0,-78.0
1775635403.756565,-4.0,-1.0,-77.0
1775635403.766565,-3.0,-1.0,-77.0
1775635403.7765653,-6.0,-4.0,-73.0
1775635403.7865653,-12.0,-8.0,-75.0
1775635403.7965653,-7.0,-7.0,-73.0
1775635403.8065653,0.0,-5.0,-74.0
1775635403.8165653,0.0,-5.0,-69.0
1775635403.8265653,-1.0,-11.0,-68.0
1775635403.8365655,5.0,-6.0,-71.0
1775635403.8465655,3.0,0.0,-71.0
1775635403.8565657,-1.0,3.0,-72.0
1775635403.8665657,-4.0,3.0,-71.0
1775635403.8765657,-8.0,-1.0,-72.0
1775635403.8865654,-2.0,0.0,-73.0
1775635403.8965654,-6.0,0.0,-79.0
1775635403.9065654,-8.0,5.0,-75.0
1775635403.9165654,-7.0,0.0,-75.0
1775635403.9265654,-6.0,1.0,-63.0
1775635403.9365654,-1.0,2.0,-65.0
1775635403.9465654,1.0,3.0,-66.0
1775635403.9565654,2.0,0.0,-70.0
1775635403.9665654,2.0,-4.0,-72.0
1775635403.9765654,0.0,-5.0,-64.0
1775635403.9865654,1.0,-10.0,-67.0
1775635403.996565,1.0,-10.0,-65.0
1775635404.006565,1.0,-8.0,-63.0
1775635404.016565,6.0,-6.0,-66.0
1775635404.0265653,2.0,-8.0,-64.0
1775635404.0365653,2.0,-4.0,-61.0
1775635404.0465653,3.0,-3.0,-58.0
1775635404.0565653,2.0,-2.0,-61.0
1775635404.0665653,4.0,-1.0,-63.0
1775635404.0765653,4.0,0.0,-66.0
1775635404.0865655,5.0,0.0,-66.0
1775635404.0965655,2.0,3.0,-63.0
1775635404.1065657,1.0,1.0,-63.0
1775635404.1165657,-1.0,0.0,-66.0
1775635404.1265657,1.0,0.0,-67.0
1775635404.1365654,4.0,-3.0,-66.0
1775635404.1465654,1.0,-6.0,-67.0
1775635404.1565654,1.0,-2.0,-74.0
1775635404.1665654,3.0,-2.0,-69.0
1775635404.1765654,2.0,0.0,-72.0
1775635404.1865654,0.0,-1.0,-75.0
1775635404.1965654,-2.0,0.0,-72.0
1775635404.2065654,4.0,2.0,-72.0
1775635404.2165654,3.0,-1.0,-73.0
1775635404.2265654,2.0,0.0,-74.0
1775635404.2365654,-5.0,0.0,-69.0
1775635404.246565,-7.0,0.0,-67.0
1775635404.256565,-5.0,-1.0,-71.0
1775635404.266565,0.0,-5.0,-78.0
1775635404.2765653,-4.0,-7.0,-80.0
1775635404.2865653,-1.0,-2.0,-82.0
1775635404.2965653,-4.0,0.0,-76.0
1775635404.3065653,-3.0,1.0,-73.0
1775635404.3165653,-4.0,1.0,-65.0
1775635404.3265653,-7.0,0.0,-67.0
1775635404.3365655,-6.0,0.0,-68.0
1775635404.3465655,-4.0,0.0,-70.0
1775635404.3565657,-2.0,0.0,-70.0
1775635404.3665657,-1.0,0.0,-67.0
1775635404.3765657,-2.0,0.0,-64.0
1775635404.3865654,-6.0,-1.0,-67.0
1775635404.3965654,-5.0,0.0,-64.0
1775635404.4065654,-3.0,-3.0,-69.0
1775635404.4165654,-4.0,-1.0,-73.0
1775635404.4265654,-7.0,0.0,-76.0
1775635404.4365654,-5.0,-2.0,-78.0
1775635404.4465654,-3.0,-1.0,-75.0
1775635404.4565654,-4.0,2.0,-76.0
1775635404.4665654,-1.0,4.0,-73.0
1775635404.4765654,-1.0,6.0,-72.0
1775635404.4865654,0.0,-1.0,-71.0
1775635404.496565,-1.0,-4.0,-78.0
1775635404.506565,0.0,-1.0,-78.0
1775635404.516565,2.0,0.0,-77.0
1775635404.5265653,1.0,2.0,-81.0
1775635404.5365653,-3.0,0.0,-73.0
1775635404.5465653,2.0,1.0,-76.0
1775635404.5565653,5.0,6.0,-74.0
1775635404.5665653,2.0,7.0,-72.0
1775635404.5765653,0.0,6.0,-68.0
1775635404.5865655,-2.0,5.0,-70.0
1775635404.5965655,-4.0,1.0,-67.0
1775635404.6065657,-5.0,0.0,-64.0
1775635404.6165657,-6.0,-3.0,-67.0
1775635404.6265657,-7.0,0.0,-71.0
1775635404.6365654,-8.0,2.0,-70.0
1775635404.6465654,-6.0,1.0,-69.0
1775635404.6565654,-2.0,1.0,-72.0
1775635404.6665654,-3.0,6.0,-69.0
1775635404.6765654,-4.0,5.0,-59.0
1775635404.6865654,-1.0,3.0,-66.0
1775635404.6965654,0.0,0.0,-64.0
1775635404.7065654,0.0,0.0,-56.0
1775635404.7165654,-6.0,1.0,-54.0
1775635404.7265654,-5.0,1.0,-53.0
1775635404.7365654,-2.0,3.0,-49.0
1775635404.746565,-2.0,3.0,-53.0
1775635404.756565,-3.0,6.0,-58.0
1775635404.766565,-3.0,7.0,-57.0
1775635404.7765653,0.0,5.0,-54.0
1775635404.7865653,-3.0,0.0,-58.0
1775635404.7965653,-3.0,0.0,-59.0
1775635404.8065653,-7.0,0.0,-59.0
1775635404.8165653,-11.0,-1.0,-68.0
1775635404.8265653,-14.0,-1.0,-69.0
1775635404.8365655,-13.0,0.0,-75.0
1775635404.8465655,-11.0,-1.0,-72.0
1775635404.8565657,-10.0,0.0,-69.0
1775635404.8665657,-12.0,2.0,-68.0
1775635404.8765657,-7.0,6.0,-71.0
1775635404.8865654,-4.0,5.0,-72.0
1775635404.8965654,-1.0,0.0,-65.0
1775635404.9065654,-1.0,-2.0,-64.0
1775635404.9165654,-2.0,-5.0,-61.0
1775635404.9265654,-6.0,-7.0,-63.0
1775635404.9365654,-6.0,-6.0,-64.0
1775635404.9465654,-3.0,-6.0,-66.0
1775635404.9565654,-2.0,-5.0,-64.0
1775635404.9665654,-1.0,-6.0,-59.0
1775635404.9765654,1.0,-9.0,-54.0
1775635404.9865654,0.0,-9.0,-59.0
1775635404.996565,0.0,-7.0,-68.0
1775635405.006565,4.0,-9.0,-80.0
1775635405.016565,2.0,-7.0,-86.0
1775635405.0265653,0.0,-7.0,-83.0
1775635405.0365653,0.0,-3.0,-85.0
1775635405.0465653,0.0,1.0,-78.0
1775635405.0565653,3.0,1.0,-70.0
1775635405.0665653,2.0,-3.0,-70.0
1775635405.0765653,2.0,-8.0,-71.0
1775635405.0865655,3.0,-6.0,-73.0
1775635405.0965655,2.0,-4.0,-71.0
1775635405.1065657,4.0,0.0,-64.0
1775635405.1165657,5.0,1.0,-59.0
1775635405.1265657,5.0,1.0,-58.0
1775635405.1365654,2.0,-2.0,-59.0
1775635405.1465654,-1.0,1.0,-58.0
1775635405.1565654,0.0,4.0,-55.0
1775635405.1665654,5.0,1.0,-60.0
1775635405.1765654,0.0,6.0,-59.0
1775635405.1865654,0.0,3.0,-50.0
1775635405.1965654,0.0,1.0,-57.0
1775635405.2065654,0.0,1.0,-59.0
1775635405.2165654,-3.0,-3.0,-64.0
1775635405.2265654,-3.0,1.0,-68.0
1775635405.2365654,-5.0,3.0,-70.0
1775635405.246565,-5.0,3.0,-71.0
1775635405.256565,-1.0,3.0,-72.0
1775635405.266565,2.0,3.0,-77.0
1775635405.2765653,4.0,2.0,-73.0
1775635405.2865653,8.0,3.0,-75.0
1775635405.2965653,6.0,1.0,-71.0
1775635405.3065653,5.0,0.0,-70.0
1775635405.3165653,4.0,1.0,-66.0
1775635405.3265653,3.0,0.0,-65.0
1775635405.3365655,0.0,-2.0,-64.0
1775635405.3465655,0.0,-4.0,-68.0
1775635405.3565657,0.0,-2.0,-62.0
1775635405.3665657,3.0,0.0,-71.0
1775635405.3765657,4.0,-1.0,-70.0
1775635405.3865654,1.0,-1.0,-71.0
1775635405.3965654,0.0,0.0,-70.0
1775635405.4065654,-2.0,2.0,-78.0
1775635405.4165654,-1.0,2.0,-78.0
1775635405.4265654,-6.0,5.0,-71.0
1775635405.4365654,-10.0,3.0,-72.0
1775635405.4465654,-11.0,3.0,-75.0
1775635405.4565654,-9.0,3.0,-77.0
1775635405.4665654,-8.0,3.0,-79.0
1775635405.4765654,-7.0,6.0,-80.0
1775635405.4865654,-5.0,3.0,-79.0
1775635405.496565,-1.0,7.0,-72.0
1775635405.506565,0.0,4.0,-75.0
1775635405.516565,-1.0,1.0,-75.0
1775635405.5265653,-1.0,-1.0,-76.0
1775635405.5365653,-2.0,-1.0,-71.0
1775635405.5465653,-3.0,-7.0,-59.0
1775635405.5565653,-3.0,-10.0,-64.0
1775635405.5665653,-2.0,-7.0,-64.0
1775635405.5765653,0.0,-5.0,-64.0
1775635405.5865655,-2.0,-2.0,-68.0
1775635405.5965655,-3.0,0.0,-72.0
1775635405.6065657,-4.0,3.0,-72.0
1775635405.6165657,0.0,5.0,-75.0
1775635405.6265657,1.0,4.0,-76.0
1775635405.6365654,-3.0,2.0,-74.0
1775635405.6465654,-7.0,2.0,-68.0
1775635405.6565654,-3.0,5.0,-65.0
1775635405.6665654,-1.0,7.0,-63.0
1775635405.6765654,-2.0,5.0,-62.0
1775635405.6865654,-3.0,4.0,-60.0
1775635405.6965654,-4.0,5.0,-63.0
1775635405.7065654,-2.0,3.0,-65.0
1775635405.7165654,0.0,3.0,-66.0
1775635405.7265654,-1.0,1.0,-65.0
1775635405.7365654,-1.0,6.0,-67.0
1775635405.746565,3.0,3.0,-64.0
1775635405.756565,5.0,-1.0,-64.0
1775635405.766565,3.0,-2.0,-75.0
1775635405.7765653,3.0,-3.0,-75.0
1775635405.7865653,1.0,-5.0,-78.0
1775635405.7965653,0.0,-3.0,-76.0
1775635405.8075657,-1.0,0.0,-77.0
1775635405.8165653,-5.0,0.0,-76.0
1775635405.8275654,-8.0,-3.0,-74.0
1775635405.8365655,-5.0,-2.0,-71.0
1775635405.8465655,-1.0,0.0,-69.0
1775635405.8575654,-4.0,-4.0,-66.0
1775635405.8675654,-4.0,-6.0,-60.0
1775635405.8775654,-3.0,-4.0,-61.0
1775635405.8875654,-1.0,-6.0,-63.0
1775635405.8975654,1.0,-4.0,-62.0
1775635405.9075654,0.0,0.0,-53.0
1775635405.917565,2.0,3.0,-58.0
1775635405.927565,2.0,0.0,-65.0
1775635405.9385655,3.0,0.0,-69.0
1775635405.9475653,-3.0,-2.0,-69.0
1775635405.9575653,-7.0,-3.0,-62.0
1775635405.9675653,-8.0,-3.0,-61.0
1775635405.9775653,-6.0,-5.0,-67.0
1775635405.9875653,-3.0,0.0,-70.0
1775635405.9975653,0.0,0.0,-67.0
1775635406.0075655,4.0,1.0,-70.0
1775635406.0175655,3.0,1.0,-63.0
1775635406.0275657,1.0,0.0,-65.0
1775635406.0375657,0.0,0.0,-64.0
1775635406.0475657,2.0,-5.0,-67.0
1775635406.0575657,4.0,-4.0,-63.0
1775635406.0675654,2.0,-3.0,-66.0
1775635406.0775654,0.0,-3.0,-66.0
1775635406.0875654,0.0,-1.0,-68.0
1775635406.0975654,2.0,-1.0,-72.0
1775635406.1075654,-3.0,-1.0,-70.0
1775635406.1175654,-3.0,2.0,-78.0
1775635406.1275654,-5.0,2.0,-73.0
1775635406.1375654,-2.0,4.0,-75.0
1775635406.1475654,-2.0,0.0,-76.0
1775635406.1575654,-2.0,-1.0,-71.0
1775635406.167565,0.0,-1.0,-74.0
1775635406.177565,-1.0,-5.0,-71.0
1775635406.187565,-5.0,-7.0,-83.0
1775635406.1975653,-4.0,-3.0,-82.0
1775635406.2075653,-7.0,1.0,-87.0
1775635406.2175653,-3.0,5.0,-83.0
1775635406.2275653,-1.0,3.0,-84.0
1775635406.2375653,0.0,6.0,-79.0
1775635406.2475653,0.0,8.0,-74.0
1775635406.2575655,1.0,7.0,-71.0
1775635406.2675655,0.0,2.0,-62.0
1775635406.2775657,-1.0,1.0,-63.0
1775635406.2875657,-1.0,1.0,-72.0
1775635406.2975657,3.0,3.0,-76.0
1775635406.3075657,2.0,0.0,-75.0
1775635406.3175654,2.0,1.0,-68.0
1775635406.3275654,4.0,5.0,-67.0
1775635406.3375654,10.0,3.0,-65.0
1775635406.3475654,11.0,3.0,-66.0
1775635406.3575654,9.0,0.0,-68.0
1775635406.3675654,0.0,2.0,-65.0
1775635406.3775654,-1.0,4.0,-68.0
1775635406.3875654,-2.0,5.0,-61.0
1775635406.3975654,-5.0,1.0,-59.0
1775635406.4075654,-3.0,0.0,-58.0
1775635406.417565,-5.0,0.0,-64.0
1775635406.427565,-8.0,-5.0,-68.0
1775635406.437565,-4.0,-2.0,-68.0
1775635406.4475653,-2.0,-3.0,-68.0
1775635406.4575653,1.0,-6.0,-72.0
1775635406.4675653,0.0,-2.0,-73.0
1775635406.4775653,0.0,-2.0,-75.0
1775635406.4875653,0.0,0.0,-74.0
1775635406.4975653,-2.0,-2.0,-68.0
1775635406.5075655,-2.0,-3.0,-70.0
1775635406.5175655,-3.0,0.0,-63.0
1775635406.5275657,-9.0,1.0,-60.0
1775635406.5375657,-9.0,-3.0,-62.0
1775635406.5475657,-9.0,0.0,-67.0
1775635406.5575657,-8.0,0.0,-68.0
1775635406.5675654,-5.0,-1.0,-66.0
1775635406.5775654,-7.0,-1.0,-67.0
1775635406.5875654,-7.0,-1.0,-67.0
1775635406.5975654,-5.0,1.0,-64.0
1775635406.6075654,-8.0,2.0,-67.0
1775635406.6175654,-11.0,-1.0,-64.0
1775635406.6275654,-7.0,0.0,-66.0
1775635406.6375654,-7.0,2.0,-74.0
1775635406.6475654,-4.0,1.0,-74.0
1775635406.6575654,-5.0,1.0,-67.0
1775635406.667565,-2.0,0.0,-61.0
1775635406.677565,-2.0,-7.0,-65.0
1775635406.687565,-1.0,-7.0,-68.0
1775635406.6975653,-2.0,-3.0,-68.0
1775635406.7075653,-4.0,0.0,-66.0
1775635406.7175653,-5.0,-1.0,-65.0
1775635406.7275653,-7.0,-4.0,-57.0
1775635406.7375653,-5.0,-1.0,-58.0
1775635406.7475653,-2.0,0.0,-57.0
1775635406.7575655,0.0,2.0,-57.0
1775635406.7675655,0.0,0.0,-62.0
1775635406.7775657,-2.0,-4.0,-63.0
1775635406.7875657,2.0,-4.0,-63.0
1775635406.7975657,3.0,-3.0,-62.0
1775635406.8075657,3.0,-2.0,-61.0
1775635406.8175654,0.0,0.0,-57.0
1775635406.8275654,3.0,0.0,-60.0
1775635406.8375654,-3.0,2.0,-64.0
1775635406.8475654,-6.0,4.0,-58.0
1775635406.8575654,-6.0,7.0,-60.0
1775635406.8675654,-5.0,9.0,-59.0
1775635406.8775654,-5.0,6.0,-63.0
1775635406.8875654,-4.0,2.0,-66.0
1775635406.8975654,-1.0,-1.0,-69.0
1775635406.9075654,-3.0,0.0,-65.0
1775635406.917565,-5.0,-2.0,-63.0
1775635406.927565,-3.0,-4.0,-56.0
1775635406.937565,-2.0,-5.0,-59.0
1775635406.9475653,-2.0,-1.0,-62.0
1775635406.9575653,-3.0,-2.0,-59.0
1775635406.9675653,-2.0,1.0,-66.0
1775635406.9775653,-2.0,2.0,-67.0
1775635406.9875653,0.0,3.0,-70.0
1775635406.9975653,0.0,0.0,-71.0
1775635407.0075655,1.0,0.0,-67.0
1775635407.0175655,-1.0,0.0,-62.0
1775635407.0275657,-4.0,1.0,-59.0
1775635407.0375657,-2.0,5.0,-65.0
1775635407.0475657,-1.0,2.0,-67.0
1775635407.0575657,-4.0,1.0,-68.0
1775635407.0675654,-8.0,-2.0,-72.0
1775635407.0775654,-8.0,-3.0,-71.0
1775635407.0875654,-1.0,-4.0,-73.0
1775635407.0975654,-1.0,-4.0,-76.0
1775635407.1075654,0.0,-2.0,-76.0
1775635407.1175654,0.0,-3.0,-76.0
1775635407.1275654,-4.0,-1.0,-71.0
1775635407.1375654,0.0,-1.0,-74.0
1775635407.1475654,2.0,0.0,-74.0
1775635407.1575654,2.0,-4.0,-70.0
1775635407.167565,3.0,-2.0,-69.0
1775635407.177565,5.0,-1.0,-68.0
1775635407.187565,5.0,2.0,-67.0
1775635407.1975653,1.0,3.0,-67.0
1775635407.2075653,2.0,1.0,-64.0
1775635407.2175653,1.0,-1.0,-59.0
1775635407.2275653,-1.0,0.0,-60.0
1775635407.2375653,0.0,-3.0,-59.0
1775635407.2475653,0.0,0.0,-59.0
1775635407.2575655,1.0,-3.0,-62.0
1775635407.2675655,0.0,-7.0,-66.0
1775635407.2775657,0.0,-8.0,-64.0
1775635407.2875657,0.0,-11.0,-59.0
1775635407.2975657,0.0,-11.0,-61.0
1775635407.3075657,-2.0,-10.0,-63.0
1775635407.3175654,-1.0,-9.0,-69.0
1775635407.3275654,-2.0,-6.0,-70.0
1775635407.3375654,0.0,-5.0,-67.0
1775635407.3475654,2.0,-2.0,-63.0
1775635407.3575654,1.0,-3.0,-64.0
1775635407.3675654,0.0,-5.0,-70.0
1775635407.3775654,0.0,-7.0,-75.0
1775635407.3875654,-1.0,-8.0,-70.0
1775635407.3975654,-2.0,-11.0,-74.0
1775635407.4075654,-5.0,-7.0,-72.0
1775635407.417565,0.0,-3.0,-72.0
1775635407.427565,0.0,-4.0,-71.0
1775635407.437565,-1.0,-5.0,-63.0
1775635407.4475653,-4.0,-4.0,-63.0
1775635407.4575653,-2.0,0.0,-69.0
1775635407.4675653,0.0,1.0,-67.0
1775635407.4775653,-3.0,1.0,-72.0
1775635407.4875653,-3.0,1.0,-71.0
1775635407.4975653,0.0,0.0,-78.0
1775635407.5075655,1.0,-1.0,-76.0
1775635407.5175655,-1.0,-2.0,-73.0
1775635407.5275657,-1.0,-1.0,-72.0
1775635407.5375657,-3.0,-4.0,-73.0
1775635407.5475657,-3.0,-2.0,-74.0
1775635407.5575657,-4.0,-3.0,-66.0
1775635407.5675654,-7.0,-1.0,-66.0
1775635407.5775654,-8.0,0.0,-71.0
1775635407.5875654,-6.0,-2.0,-73.0
1775635407.5975654,-4.0,1.0,-77.0
1775635407.6075654,-3.0,1.0,-72.0
1775635407.6175654,-3.0,2.0,-69.0
1775635407.6275654,-1.0,-3.0,-68.0
1775635407.6375654,3.0,-2.0,-72.0
1775635407.6475654,-1.0,3.0,-73.0
1775635407.6575654,0.0,2.0,-74.0
1775635407.667565,-4.0,4.0,-71.0
1775635407.677565,-6.0,5.0,-59.0
1775635407.687565,-3.0,6.0,-52.0
1775635407.6975653,1.0,6.0,-57.0
1775635407.7075653,3.0,3.0,-60.0
1775635407.7175653,2.0,6.0,-62.0
1775635407.7275653,5.0,6.0,-64.0
1775635407.7375653,4.0,7.0,-60.0
1775635407.7475653,3.0,5.0,-73.0
1775635407.7575655,-2.0,5.0,-72.0
1775635407.7675655,0.0,3.0,-67.0
1775635407.7775657,-1.0,3.0,-65.0
1775635407.7875657,0.0,2.0,-69.0
1775635407.7975657,0.0,0.0,-68.0
1775635407.8075657,0.0,1.0,-63.0
1775635407.8175654,4.0,-1.0,-61.0
1775635407.8275654,3.0,-4.0,-69.0
1775635407.8375654,0.0,-1.0,-66.0
1775635407.8475654,0.0,0.0,-64.0
1775635407.8575654,-1.0,-1.0,-68.0
1775635407.8675654,-5.0,-1.0,-64.0
1775635407.8775654,-1.0,-1.0,-65.0
1775635407.8875654,-1.0,-2.0,-71.0
1775635407.8975654,0.0,-1.0,-69.0
1775635407.9075654,1.0,-1.0,-70.0
1775635407.917565,1.0,0.0,-71.0
1775635407.927565,2.0,-4.0,-69.0
1775635407.937565,5.0,-1.0,-64.0
1775635407.9475653,5.0,0.0,-64.0
1775635407.9575653,2.0,0.0,-62.0
1775635407.9675653,3.0,0.0,-64.0
1775635407.9775653,2.0,-4.0,-67.0
1775635407.9875653,-1.0,-5.0,-75.0
1775635407.9975653,-3.0,-2.0,-76.0
1775635408.0075655,0.0,0.0,-71.0
1775635408.0175655,2.0,2.0,-69.0
1775635408.0275657,4.0,0.0,-69.0
1775635408.0375657,8.0,0.0,-70.0
1775635408.0475657,6.0,2.0,-68.0
1775635408.0575657,6.0,0.0,-65.0
1775635408.0675654,2.0,-3.0,-68.0
1775635408.0775654,1.0,-1.0,-74.0
1775635408.0875654,0.0,-1.0,-67.0
1775635408.0975654,3.0,0.0,-64.0
1775635408.1075654,4.0,0.0,-58.0
1775635408.1175654,5.0,-2.0,-58.0
1775635408.1275654,3.0,-6.0,-65.0
1775635408.1385653,0.0,-2.0,-65.0
1775635408.1475654,2.0,-2.0,-63.0
1775635408.1585653,1.0,-3.0,-63.0
1775635408.1685653,4.0,-1.0,-63.0
1775635408.1785655,2.0,1.0,-69.0
1775635408.1885655,5.0,3.0,-63.0
1775635408.1985655,3.0,-1.0,-63.0
1775635408.2085657,1.0,0.0,-61.0
1775635408.2185657,-5.0,1.0,-63.0
1775635408.2285657,-2.0,0.0,-59.0
1775635408.2385654,-4.0,-2.0,-62.0
1775635408.2485654,-1.0,-3.0,-65.0
1775635408.2585654,-1.0,-5.0,-69.0
1775635408.2675655,-3.0,-5.0,-63.0
1775635408.2785654,-1.0,-2.0,-63.0
1775635408.2885654,-1.0,-1.0,-66.0
1775635408.2985654,-4.0,-1.0,-66.0
1775635408.3085654,-1.0,-3.0,-62.0
1775635408.3185654,0.0,-4.0,-67.0
1775635408.3285654,2.0,-6.0,-72.0
1775635408.338565,3.0,-5.0,-69.0
1775635408.348565,0.0,-5.0,-69.0
1775635408.358565,1.0,0.0,-74.0
1775635408.368565,2.0,0.0,-78.0
1775635408.3785653,0.0,1.0,-73.0
1775635408.3885653,-2.0,0.0,-62.0
1775635408.3985653,-1.0,3.0,-62.0
1775635408.4085653,-4.0,5.0,-65.0
1775635408.4185653,-7.0,5.0,-63.0
1775635408.4285655,-9.0,1.0,-65.0
1775635408.4385655,-10.0,3.0,-65.0
1775635408.4485655,-9.0,1.0,-63.0
1775635408.4585657,-7.0,-3.0,-59.0
1775635408.4685657,-5.0,-6.0,-52.0
1775635408.4785657,0.0,-5.0,-54.0
1775635408.4885654,0.0,0.0,-59.0
1775635408.4985654,0.0,2.0,-57.0
1775635408.5085654,-4.0,1.0,-63.0
1775635408.5185654,-2.0,-2.0,-74.0
1775635408.5285654,-3.0,-4.0,-75.0
1775635408.5385654,-5.0,-2.0,-67.0
1775635408.5485654,-5.0,-1.0,-66.0
1775635408.5585654,-5.0,4.0,-58.0
1775635408.5685654,-3.0,4.0,-61.0
1775635408.5785654,-5.0,5.0,-65.0
1775635408.588565,-5.0,7.0,-66.0
1775635408.598565,-6.0,4.0,-65.0
1775635408.608565,-1.0,3.0,-70.0
1775635408.618565,-2.0,5.0,-76.0
1775635408.6285653,1.0,1.0,-78.0
1775635408.6385653,2.0,0.0,-75.0
1775635408.6485653,2.0,-2.0,-75.0
1775635408.6585653,0.0,-1.0,-71.0
1775635408.6685653,0.0,-3.0,-73.0
1775635408.6785655,2.0,-5.0,-71.0
1775635408.6885655,4.0,-2.0,-66.0
1775635408.6985655,0.0,-4.0,-72.0
1775635408.7085657,2.0,0.0,-63.0
1775635408.7185657,9.0,-1.0,-61.0
1775635408.7285657,10.0,-2.0,-65.0
1775635408.7385654,11.0,-1.0,-61.0
1775635408.7485654,4.0,0.0,-63.0
1775635408.7585654,3.0,4.0,-62.0
1775635408.7685654,0.0,9.0,-58.0
1775635408.7785654,0.0,7.0,-57.0
1775635408.7885654,-1.0,6.0,-64.0
1775635408.7985654,-3.0,3.0,-65.0
1775635408.8085654,-4.0,0.0,-68.0
1775635408.8185654,-3.0,0.0,-73.0
1775635408.8285654,-5.0,0.0,-66.0
1775635408.838565,-5.0,-4.0,-64.0
1775635408.848565,-6.0,-5.0,-70.0
1775635408.858565,-3.0,-3.0,-75.0
1775635408.868565,-1.0,-7.0,-74.0
1775635408.8785653,0.0,-4.0,-68.0
1775635408.8885653,1.0,3.0,-69.0
1775635408.8985653,1.0,3.0,-68.0
1775635408.9085653,0.0,0.0,-65.0
1775635408.9185653,0.0,0.0,-73.0
1775635408.9285655,-1.0,0.0,-75.0
1775635408.9385655,-3.0,-5.0,-72.0
1775635408.9485655,-4.0,-3.0,-71.0
1775635408.9585657,-5.0,-4.0,-74.0
1775635408.9685657,-4.0,-2.0,-70.0
1775635408.9785657,0.0,0.0,-68.0
1775635408.9885654,-1.0,-4.0,-70.0
1775635408.9985654,-3.0,-6.0,-72.0
1775635409.0085654,-7.0,-4.0,-72.0
1775635409.0185654,-6.0,-2.0,-75.0
1775635409.0285654,-7.0,-3.0,-76.0
1775635409.0385654,-7.0,-4.0,-77.0
1775635409.0485654,-8.0,-3.0,-79.0
1775635409.0585654,-9.0,-3.0,-77.0
1775635409.0685654,-5.0,-1.0,-78.0
1775635409.0785654,-8.0,1.0,-67.0
1775635409.088565,-9.0,3.0,-64.0
1775635409.098565,-7.0,4.0,-64.0
1775635409.108565,-6.0,3.0,-64.0
1775635409.118565,-6.0,2.0,-72.0
1775635409.1285653,-3.0,3.0,-76.0
1775635409.1385653,0.0,3.0,-67.0
1775635409.1485653,0.0,6.0,-71.0
1775635409.1585653,-1.0,3.0,-71.0
1775635409.1685653,-1.0,1.0,-70.0
1775635409.1785655,-1.0,0.0,-70.0
1775635409.1885655,-2.0,-1.0,-62.0
1775635409.1985655,1.0,-1.0,-59.0
1775635409.2085657,4.0,0.0,-59.0
1775635409.2185657,8.0,3.0,-59.0
1775635409.2285657,5.0,2.0,-61.0
1775635409.2385654,6.0,2.0,-63.0
1775635409.2485654,5.0,1.0,-57.0
1775635409.2585654,6.0,-2.0,-65.0
1775635409.2685654,6.0,0.0,-55.0
1775635409.2785654,9.0,0.0,-54.0
1775635409.2885654,7.0,1.0,-59.0
1775635409.2985654,3.0,0.0,-64.0
1775635409.3085654,1.0,-1.0,-65.0
1775635409.3185654,2.0,-6.0,-67.0
1775635409.3285654,-2.0,-8.0,-59.0
1775635409.338565,-1.0,-7.0,-58.0
1775635409.348565,2.0,-7.0,-65.0
1775635409.358565,-3.0,-4.0,-55.0
1775635409.368565,-4.0,-1.0,-59.0
1775635409.3785653,-2.0,2.0,-58.0
1775635409.3885653,0.0,3.0,-59.0
1775635409.3985653,0.0,3.0,-62.0
1775635409.4085653,-6.0,3.0,-66.0
1775635409.4185653,-3.0,6.0,-70.0
1775635409.4285655,-7.0,7.0,-63.0
1775635409.4385655,-5.0,3.0,-58.0
1775635409.4485655,-6.0,-2.0,-56.0
1775635409.4585657,-6.0,-3.0,-59.0
1775635409.4685657,-3.0,-6.0,-61.0
1775635409.4785657,1.0,-7.0,-69.0
1775635409.4885654,3.0,-3.0,-67.0
1775635409.4985654,2.0,4.0,-63.0
1775635409.5085654,2.0,3.0,-61.0
1775635409.5185654,-3.0,2.0,-58.0
1775635409.5285654,-6.0,1.0,-63.0
1775635409.5385654,-1.0,3.0,-68.0
1775635409.5485654,1.0,4.0,-66.0
1775635409.5585654,2.0,5.0,-63.0
1775635409.5685654,3.0,2.0,-66.0
1775635409.5785654,1.0,-1.0,-67.0
1775635409.588565,2.0,-1.0,-65.0
1775635409.598565,3.0,0.0,-68.0
1775635409.608565,2.0,3.0,-74.0
1775635409.618565,3.0,5.0,-79.0
1775635409.6285653,1.0,4.0,-80.0
1775635409.6385653,0.0,-1.0,-77.0
1775635409.6485653,-4.0,-1.0,-73.0
1775635409.6585653,-6.0,-2.0,-68.0
1775635409.6685653,-5.0,-2.0,-70.0
1775635409.6785655,-2.0,-4.0,-68.0
1775635409.6885655,2.0,-1.0,-68.0
1775635409.6985655,6.0,-4.0,-66.0
1775635409.7085657,5.0,0.0,-65.0
1775635409.7185657,2.0,0.0,-64.0
1775635409.7285657,1.0,0.0,-61.0
1775635409.7385654,0.0,-1.0,-64.0
1775635409.7485654,-1.0,0.0,-65.0
1775635409.7585654,-4.0,1.0,-63.0
1775635409.7685654,-1.0,0.0,-64.0
1775635409.7785654,-3.0,0.0,-61.0
1775635409.7885654,0.0,-1.0,-61.0
1775635409.7985654,1.0,-3.0,-61.0
1775635409.8085654,5.0,-3.0,-67.0
1775635409.8185654,3.0,-2.0,-68.0
1775635409.8285654,4.0,-2.0,-72.0
1775635409.838565,3.0,0.0,-74.0
1775635409.848565,4.0,4.0,-74.0
1775635409.858565,3.0,5.0,-75.0
1775635409.868565,5.0,2.0,-70.0
1775635409.8785653,6.0,0.0,-77.0
1775635409.8885653,5.0,-3.0,-74.0
1775635409.8985653,4.0,-5.0,-72.0
1775635409.9085653,1.0,-5.0,-76.0
1775635409.9185653,-2.0,0.0,-81.0
1775635409.9285655,-7.0,0.0,-75.0
1775635409.9385655,-6.0,-3.0,-78.0
1775635409.9485655,-4.0,0.0,-75.0
1775635409.9585657,-4.0,1.0,-70.0
1775635409.9685657,-1.0,-1.0,-71.0
1775635409.9785657,0.0,-1.0,-73.0
1775635409.9885654,-7.0,-1.0,-69.0
1775635409.9985654,-12.0,2.0,-66.0
1775635410.0085654,-7.0,2.0,-71.0
1775635410.0185654,-6.0,4.0,-72.0
1775635410.0285654,-4.0,5.0,-78.0
1775635410.0385654,0.0,3.0,-72.0
1775635410.0485654,2.0,7.0,-77.0
1775635410.0585654,0.0,7.0,-64.0
1775635410.0685654,0.0,5.0,-60.0
1775635410.0785654,-2.0,3.0,-65.0
1775635410.088565,-6.0,3.0,-74.0
1775635410.098565,-3.0,-1.0,-74.0
1775635410.108565,-7.0,-4.0,-70.0
1775635410.118565,-3.0,-3.0,-68.0
1775635410.1285653,-4.0,-5.0,-63.0
1775635410.1385653,-1.0,-4.0,-68.0
1775635410.1485653,-1.0,-3.0,-75.0
1775635410.1585653,-1.0,-3.0,-69.0
1775635410.1685653,-2.0,-5.0,-60.0
1775635410.1785655,0.0,-5.0,-59.0
1775635410.1885655,-3.0,-3.0,-63.0
1775635410.1985655,0.0,-5.0,-64.0
1775635410.2085657,0.0,-9.0,-63.0
1775635410.2185657,-1.0,-5.0,-62.0
1775635410.2285657,0.0,-9.0,-67.0
1775635410.2395654,0.0,-6.0,-62.0
1775635410.2485654,0.0,-6.0,-61.0
1775635410.2585654,-2.0,-6.0,-65.0
1775635410.2685654,0.0,-5.0,-61.0
1775635410.2785654,3.0,-4.0,-63.0
1775635410.2885654,2.0,-2.0,-67.0
1775635410.2985654,0.0,0.0,-65.0
1775635410.3085654,1.0,-1.0,-66.0
1775635410.3185654,0.0,0.0,-69.0
1775635410.3285654,0.0,0.0,-68.0
1775635410.338565,-1.0,0.0,-67.0
1775635410.348565,-3.0,0.0,-65.0
1775635410.358565,-4.0,-4.0,-64.0
1775635410.368565,-4.0,-5.0,-74.0
1775635410.3785653,-7.0,-7.0,-75.0
1775635410.3885653,0.0,-5.0,-72.0
1775635410.3985653,0.0,-7.0,-73.0
1775635410.4085653,3.0,-7.0,-68.0
1775635410.4185653,3.0,-2.0,-72.0
1775635410.4285655,7.0,-2.0,-79.0
1775635410.4385655,10.0,-1.0,-79.0
1775635410.4485655,7.0,1.0,-77.0
1775635410.4585657,5.0,1.0,-74.0
1775635410.4695654,1.0,3.0,-73.0
1775635410.4795654,4.0,5.0,-71.0
1775635410.4895654,3.0,1.0,-75.0
1775635410.4995654,6.0,-2.0,-66.0
1775635410.5095654,7.0,0.0,-67.0
1775635410.519565,6.0,0.0,-72.0
1775635410.529565,7.0,4.0,-72.0
1775635410.539565,1.0,4.0,-78.0
1775635410.5495653,-2.0,3.0,-77.0
1775635410.5595653,-5.0,2.0,-77.0
1775635410.5695653,-4.0,4.0,-78.0
1775635410.5795653,-2.0,4.0,-80.0
1775635410.5895653,0.0,5.0,-78.0
1775635410.5995653,1.0,5.0,-64.0
1775635410.6095655,0.0,1.0,-57.0
1775635410.6195655,2.0,2.0,-56.0
1775635410.6295657,1.0,2.0,-58.0
1775635410.6395657,-2.0,6.0,-61.0
1775635410.6495657,-5.0,0.0,-63.0
1775635410.6595654,-2.0,-3.0,-62.0
1775635410.6695654,-1.0,-2.0,-71.0
1775635410.6795654,-3.0,-4.0,-73.0
1775635410.6895654,-2.0,0.0,-69.0
1775635410.6995654,-2.0,-1.0,-72.0
1775635410.7095654,-1.0,1.0,-68.0
1775635410.7195654,-4.0,-1.0,-67.0
1775635410.7295654,0.0,-7.0,-69.0
1775635410.7395654,2.0,-5.0,-71.0
1775635410.7495654,-4.0,-7.0,-67.0
1775635410.7595654,-2.0,-7.0,-70.0
1775635410.769565,-3.0,-11.0,-64.0
1775635410.779565,-5.0,-9.0,-72.0
1775635410.789565,-3.0,-8.0,-71.0
1775635410.7995653,-1.0,-6.0,-71.0
1775635410.8095653,0.0,-3.0,-67.0
1775635410.8195653,1.0,-2.0,-67.0
1775635410.8295653,1.0,-1.0,-67.0
1775635410.8395653,2.0,-3.0,-69.0
1775635410.8495653,2.0,1.0,-73.0
1775635410.8595655,3.0,1.0,-71.0
1775635410.8695655,1.0,1.0,-67.0
1775635410.8795657,2.0,-1.0,-69.0
1775635410.8895657,5.0,0.0,-73.0
1775635410.8995657,7.0,-1.0,-68.0
1775635410.9095654,2.0,0.0,-67.0
1775635410.9195654,2.0,0.0,-69.0
1775635410.9295654,3.0,-2.0,-73.0
1775635410.9395654,2.0,1.0,-74.0
1775635410.9495654,3.0,4.0,-71.0
1775635410.9595654,0.0,0.0,-69.0
1775635410.9695654,-2.0,-5.0,-68.0
1775635410.9795654,-1.0,-3.0,-65.0
1775635410.9895654,3.0,-2.0,-67.0
1775635410.9995654,8.0,-4.0,-71.0
1775635411.0095654,10.0,-3.0,-66.0
1775635411.019565,8.0,-4.0,-70.0
1775635411.029565,5.0,-2.0,-69.0
1775635411.039565,6.0,-3.0,-67.0
1775635411.0495653,1.0,-2.0,-70.0
1775635411.0595653,-3.0,-6.0,-66.0
1775635411.0695653,-1.0,-8.0,-63.0
1775635411.0795653,0.0,-5.0,-64.0
1775635411.0895653,-6.0,-5.0,-64.0
1775635411.0995653,-2.0,-3.0,-66.0
1775635411.1095655,-4.0,0.0,-71.0
1775635411.1195655,-9.0,0.0,-73.0
1775635411.1295657,-4.0,4.0,-73.0
1775635411.1395657,0.0,-3.0,-79.0
1775635411.1495657,2.0,0.0,-78.0
1775635411.1595654,0.0,1.0,-66.0
1775635411.1695654,2.0,-1.0,-62.0
1775635411.1795654,3.0,-5.0,-59.0
1775635411.1895654,5.0,-2.0,-65.0
1775635411.1995654,3.0,0.0,-72.0
1775635411.2095654,-1.0,1.0,-70.0
1775635411.2195654,-2.0,0.0,-70.0
1775635411.2295654,0.0,0.0,-62.0
1775635411.2395654,-4.0,-2.0,-68.0
1775635411.2495654,-1.0,0.0,-68.0
1775635411.2595654,0.0,0.0,-65.0
1775635411.269565,1.0,0.0,-63.0
1775635411.279565,3.0,0.0,-60.0
1775635411.289565,1.0,2.0,-62.0
1775635411.2995653,1.0,-2.0,-60.0
1775635411.3095653,3.0,-6.0,-58.0
1775635411.3195653,-1.0,-3.0,-60.0
1775635411.3295653,-3.0,-3.0,-58.0
1775635411.3395653,0.0,-1.0,-63.0
1775635411.3495653,2.0,-1.0,-63.0
1775635411.3595655,0.0,-1.0,-64.0
1775635411.3695655,2.0,-2.0,-59.0
1775635411.3795657,5.0,-3.0,-61.0
1775635411.3895657,4.0,-4.0,-67.0
1775635411.3995657,2.0,-4.0,-73.0
1775635411.4095654,0.0,-7.0,-71.0
1775635411.4195654,3.0,-4.0,-70.0
1775635411.4295654,1.0,-4.0,-73.0
1775635411.4395654,2.0,-7.0,-71.0
1775635411.4495654,3.0,-10.0,-67.0
1775635411.4595654,-3.0,-7.0,-66.0
1775635411.4695654,-2.0,-6.0,-68.0
1775635411.4795654,-3.0,-2.0,-70.0
1775635411.4895654,-3.0,4.0,-65.0
1775635411.4995654,-6.0,5.0,-62.0
1775635411.5095654,-7.0,1.0,-67.0
1775635411.519565,-4.0,2.0,-70.0
1775635411.529565,-2.0,1.0,-76.0
1775635411.539565,-5.0,0.0,-79.0
1775635411.5495653,-1.0,-1.0,-72.0
1775635411.5595653,2.0,-1.0,-65.0
1775635411.5695653,1.0,-1.0,-68.0
1775635411.5795653,-1.0,5.0,-71.0
1775635411.5895653,0.0,0.0,-65.0
1775635411.5995653,6.0,3.0,-64.0
1775635411.6095655,5.0,0.0,-63.0
1775635411.6195655,3.0,1.0,-59.0
1775635411.6295657,4.0,0.0,-58.0
1775635411.6395657,6.0,4.0,-62.0
1775635411.6495657,5.0,3.0,-72.0
1775635411.6595654,2.0,-1.0,-75.0
1775635411.6695654,3.0,-5.0,-73.0
1775635411.6795654,2.0,-4.0,-74.0
1775635411.6895654,-1.0,-4.0,-72.0
1775635411.6995654,-3.0,-6.0,-78.0
1775635411.7095654,-2.0,-3.0,-75.0
1775635411.7195654,1.0,-4.0,-77.0
1775635411.7295654,-5.0,-6.0,-79.0
1775635411.7395654,-5.0,-9.0,-76.0
1775635411.7495654,-5.0,-3.0,-70.0
1775635411.7595654,0.0,-2.0,-72.0
1775635411.769565,-2.0,2.0,-70.0
1775635411.779565,-3.0,5.0,-78.0
1775635411.789565,-9.0,9.0,-74.0
1775635411.7995653,-10.0,10.0,-75.0
1775635411.8095653,-9.0,1.0,-74.0
1775635411.8195653,-9.0,0.0,-68.0
1775635411.8295653,-5.0,-1.0,-65.0
1775635411.8395653,-3.0,-4.0,-62.0
1775635411.8495653,-1.0,-3.0,-65.0
1775635411.8595655,-2.0,-6.0,-66.0
1775635411.8695655,-2.0,-6.0,-69.0
1775635411.8795657,0.0,-1.0,-69.0
1775635411.8895657,-2.0,-1.0,-70.0
1775635411.8995657,-1.0,-2.0,-71.0
1775635411.9095654,-5.0,-4.0,-70.0
1775635411.9195654,-6.0,-8.0,-65.0
1775635411.9295654,-9.0,-5.0,-70.0
1775635411.9395654,-10.0,-8.0,-71.0
1775635411.9495654,-4.0,-4.0,-70.0
1775635411.9595654,-4.0,0.0,-73.0
1775635411.9695654,-1.0,-1.0,-71.0
1775635411.9795654,-1.0,0.0,-71.0
1775635411.9895654,-1.0,-3.0,-74.0
1775635411.9995654,0.0,-2.0,-77.0
1775635412.0095654,0.0,-2.0,-76.0
1775635412.019565,3.0,-5.0,-73.0
1775635412.029565,2.0,-4.0,-71.0
1775635412.039565,6.0,-1.0,-75.0
1775635412.0495653,8.0,-3.0,-82.0
1775635412.0595653,3.0,-1.0,-78.0
1775635412.0695653,-1.0,-2.0,-80.0
1775635412.0795653,-3.0,-2.0,-74.0
1775635412.0895653,1.0,1.0,-77.0
1775635412.0995653,0.0,5.0,-70.0
1775635412.1095655,-5.0,7.0,-70.0
1775635412.1195655,-2.0,9.0,-66.0
1775635412.1295657,0.0,7.0,-66.0
1775635412.1395657,-5.0,4.0,-73.0
1775635412.1495657,-7.0,0.0,-75.0
1775635412.1595654,-4.0,-2.0,-74.0
1775635412.1695654,-5.0,-3.0,-76.0
1775635412.1795654,-5.0,-1.0,-78.0
1775635412.1895654,-3.0,-2.0,-80.0
1775635412.1995654,-2.0,-3.0,-80.0
1775635412.2095654,-3.0,-3.0,-76.0
1775635412.2195654,0.0,-1.0,-75.0
1775635412.2295654,-1.0,-1.0,-72.0
1775635412.2395654,-3.0,2.0,-81.0
1775635412.2495654,2.0,3.0,-85.0
1775635412.2595654,-1.0,3.0,-80.0
1775635412.269565,-6.0,2.0,-75.0
1775635412.279565,-4.0,3.0,-71.0
1775635412.289565,-6.0,1.0,-63.0
1775635412.2995653,-2.0,0.0,-74.0
1775635412.3095653,0.0,1.0,-71.0
1775635412.3195653,0.0,1.0,-73.0
1775635412.3295653,0.0,0.0,-70.0
1775635412.3395653,2.0,-1.0,-68.0
1775635412.3495653,-2.0,0.0,-71.0
1775635412.3595655,0.0,5.0,-70.0
1775635412.3695655,4.0,-1.0,-75.0
1775635412.3795657,1.0,-6.0,-78.0
1775635412.3895657,1.0,-7.0,-75.0
1775635412.3995657,3.0,-8.0,-72.0
1775635412.4095654,4.0,-7.0,-71.0
1775635412.4195654,3.0,-3.0,-69.0
1775635412.4295654,3.0,-5.0,-71.0
1775635412.4395654,2.0,-6.0,-69.0
1775635412.4495654,0.0,-7.0,-62.0
1775635412.4595654,1.0,-5.0,-59.0
1775635412.4695654,4.0,-1.0,-66.0
1775635412.4795654,2.0,-3.0,-66.0
1775635412.4895654,4.0,-2.0,-59.0
1775635412.4995654,5.0,-5.0,-65.0
1775635412.5095654,6.0,-4.0,-70.0
1775635412.519565,0.0,-1.0,-71.0
1775635412.529565,-1.0,1.0,-67.0
1775635412.539565,0.0,2.0,-66.0
1775635412.5495653,-1.0,2.0,-64.0
1775635412.5595653,-4.0,0.0,-60.0
1775635412.5695653,-9.0,2.0,-67.0
1775635412.5795653,-15.0,4.0,-62.0
1775635412.5895653,-11.0,3.0,-62.0
1775635412.5995653,-4.0,2.0,-67.0
1775635412.6095655,-4.0,1.0,-69.0
1775635412.6195655,-5.0,-3.0,-74.0
1775635412.6295657,-3.0,-8.0,-69.0
1775635412.6395657,0.0,-5.0,-66.0
1775635412.6495657,1.0,-4.0,-67.0
1775635412.6595654,2.0,-7.0,-69.0
1775635412.6695654,2.0,-6.0,-72.0
1775635412.6795654,2.0,-2.0,-78.0
1775635412.6895654,2.0,-5.0,-80.0
1775635412.6995654,2.0,-7.0,-80.0
1775635412.7095654,4.0,-5.0,-79.0
1775635412.7195654,6.0,-1.0,-81.0
1775635412.7295654,10.0,0.0,-83.0
1775635412.7395654,7.0,0.0,-76.0
1775635412.7495654,10.0,-3.0,-72.0
1775635412.7595654,9.0,-3.0,-70.0
1775635412.769565,8.0,-2.0,-73.0
1775635412.7805655,6.0,-3.0,-67.0
1775635412.7905655,7.0,-5.0,-64.0
1775635412.7995653,6.0,-1.0,-70.0
1775635412.8095653,4.0,-4.0,-73.0
1775635412.8205657,6.0,-4.0,-71.0
1775635412.8305657,4.0,-6.0,-68.0
1775635412.8405654,6.0,-3.0,-65.0
1775635412.8505654,4.0,-3.0,-68.0
1775635412.8605654,4.0,-3.0,-68.0
1775635412.8705654,5.0,-1.0,-66.0
1775635412.8805654,7.0,-3.0,-66.0
1775635412.8905654,3.0,-4.0,-65.0
1775635412.9005654,1.0,-7.0,-62.0
1775635412.9105654,0.0,-1.0,-64.0
1775635412.9205654,0.0,3.0,-58.0
1775635412.9305654,3.0,0.0,-56.0
1775635412.940565,0.0,-2.0,-63.0
1775635412.950565,4.0,-3.0,-73.0
1775635412.960565,2.0,-2.0,-64.0
1775635412.9705653,0.0,-1.0,-66.0
1775635412.9805653,2.0,-2.0,-75.0
1775635412.9905653,3.0,-1.0,-73.0
1775635413.0005653,2.0,1.0,-73.0
1775635413.0105653,-2.0,2.0,-70.0
1775635413.0205653,-2.0,2.0,-76.0
1775635413.0305655,0.0,5.0,-71.0
1775635413.0405655,0.0,7.0,-70.0
1775635413.0505655,0.0,5.0,-69.0
1775635413.0605657,-1.0,3.0,-66.0
1775635413.0705657,-1.0,1.0,-68.0
1775635413.0805657,-4.0,-3.0,-64.0
1775635413.0905654,-5.0,-1.0,-65.0
1775635413.1005654,-5.0,0.0,-62.0
1775635413.1105654,-2.0,1.0,-63.0
1775635413.1205654,-4.0,3.0,-68.0
1775635413.1305654,-4.0,1.0,-71.0
1775635413.1405654,2.0,-1.0,-65.0
1775635413.1505654,4.0,0.0,-63.0
1775635413.1605654,3.0,1.0,-64.0
1775635413.1705654,2.0,1.0,-66.0
1775635413.1805654,6.0,4.0,-68.0
1775635413.190565,1.0,3.0,-65.0
1775635413.200565,1.0,4.0,-64.0
1775635413.210565,3.0,1.0,-63.0
1775635413.2205653,4.0,-1.0,-68.0
1775635413.2305653,3.0,-5.0,-63.0
1775635413.2405653,0.0,-4.0,-53.0
1775635413.2505653,-5.0,-6.0,-55.0
1775635413.2605653,-7.0,-5.0,-59.0
1775635413.2705653,-8.0,0.0,-68.0
1775635413.2805655,-7.0,2.0,-73.0
1775635413.2905655,-8.0,-1.0,-79.0
1775635413.3015654,-7.0,-2.0,-78.0
1775635413.3105657,-6.0,-1.0,-73.0
1775635413.3205657,-9.0,-1.0,-62.0
1775635413.3305657,-6.0,0.0,-57.0
1775635413.3405654,-4.0,1.0,-55.0
1775635413.3505654,0.0,2.0,-61.0
1775635413.3605654,0.0,0.0,-69.0
1775635413.3705654,0.0,1.0,-73.0
1775635413.3805654,0.0,1.0,-72.0
1775635413.3905654,1.0,4.0,-73.0
1775635413.4005654,2.0,7.0,-77.0
1775635413.4105654,0.0,2.0,-77.0
1775635413.4205654,-2.0,2.0,-78.0
1775635413.4305654,-5.0,0.0,-76.0
1775635413.440565,-6.0,-2.0,-76.0
1775635413.450565,-3.0,-3.0,-75.0
1775635413.460565,-2.0,-4.0,-71.0
1775635413.4705653,-4.0,-1.0,-71.0
1775635413.4805653,-9.0,0.0,-77.0
1775635413.4905653,-4.0,0.0,-82.0
1775635413.5005653,0.0,-3.0,-77.0
1775635413.5105653,1.0,-5.0,-76.0
1775635413.5205653,4.0,-8.0,-65.0
1775635413.5305655,0.0,-3.0,-67.0
1775635413.5405655,-1.0,1.0,-63.0
1775635413.5505655,-4.0,3.0,-67.0
1775635413.5605657,-5.0,4.0,-59.0
1775635413.5705657,-6.0,0.0,-65.0
1775635413.5805657,-2.0,-2.0,-66.0
1775635413.5905654,0.0,-5.0,-66.0
1775635413.6005654,0.0,-5.0,-66.0
1775635413.6105654,-4.0,-4.0,-71.0
1775635413.6205654,-7.0,-4.0,-73.0
1775635413.6305654,-1.0,-2.0,-69.0
1775635413.6405654,0.0,-1.0,-72.0
1775635413.6505654,-2.0,0.0,-69.0
1775635413.6605654,-3.0,3.0,-67.0
1775635413.6705654,-2.0,0.0,-63.0
1775635413.6805654,-3.0,3.0,-60.0
1775635413.690565,-7.0,3.0,-66.0
1775635413.700565,-6.0,3.0,-70.0
1775635413.710565,-4.0,4.0,-67.0
1775635413.7205653,0.0,5.0,-65.0
1775635413.7305653,2.0,6.0,-67.0
1775635413.7405653,3.0,7.0,-69.0
1775635413.7505653,0.0,5.0,-67.0
1775635413.7605653,0.0,5.0,-68.0
1775635413.7705653,-2.0,7.0,-72.0
1775635413.7805655,-2.0,6.0,-69.0
1775635413.7905655,-2.0,1.0,-70.0
1775635413.8005655,-1.0,-4.0,-71.0
1775635413.8105657,-3.0,-4.0,-72.0
1775635413.8205657,-2.0,1.0,-76.0
1775635413.8305657,-3.0,-1.0,-75.0
1775635413.8405654,-1.0,-4.0,-79.0
1775635413.8505654,0.0,-6.0,-76.0
1775635413.8605654,1.0,-7.0,-77.0
1775635413.8705654,2.0,-7.0,-76.0
1775635413.8805654,0.0,-4.0,-77.0
1775635413.8905654,-4.0,-9.0,-76.0
1775635413.9005654,-1.0,-1.0,-71.0
1775635413.9105654,1.0,1.0,-71.0
1775635413.9205654,1.0,4.0,-69.0
1775635413.9305654,1.0,4.0,-68.0
1775635413.940565,6.0,3.0,-70.0
1775635413.950565,7.0,3.0,-74.0
1775635413.960565,9.0,5.0,-66.0
1775635413.9705653,8.0,6.0,-72.0
1775635413.9805653,8.0,7.0,-73.0
1775635413.9905653,9.0,2.0,-74.0
1775635414.0005653,6.0,3.0,-71.0
1775635414.0105653,0.0,0.0,-71.0
1775635414.0205653,-4.0,2.0,-69.0
1775635414.0305655,-2.0,1.0,-70.0
1775635414.0405655,-4.0,4.0,-64.0
1775635414.0505655,-4.0,3.0,-63.0
1775635414.0605657,-7.0,3.0,-69.0
1775635414.0705657,-12.0,4.0,-72.0
1775635414.0805657,-14.0,2.0,-72.0
1775635414.0905654,-9.0,5.0,-72.0
1775635414.1005654,-11.0,4.0,-72.0
1775635414.1105654,-5.0,3.0,-69.0
1775635414.1205654,0.0,0.0,-64.0
1775635414.1305654,3.0,-2.0,-69.0
1775635414.1405654,3.0,0.0,-75.0
1775635414.1505654,3.0,-1.0,-79.0
1775635414.1605654,4.0,-4.0,-82.0
1775635414.1705654,6.0,0.0,-75.0
1775635414.1805654,0.0,2.0,-77.0
1775635414.190565,0.0,4.0,-74.0
1775635414.200565,0.0,2.0,-76.0
1775635414.210565,-2.0,-1.0,-70.0
1775635414.2205653,-1.0,0.0,-68.0
1775635414.2305653,-1.0,-1.0,-69.0
1775635414.2405653,0.0,-1.0,-70.0
1775635414.2505653,-2.0,-2.0,-68.0
1775635414.2605653,2.0,-3.0,-68.0
1775635414.2705653,0.0,-6.0,-69.0
1775635414.2805655,0.0,-7.0,-65.0
1775635414.2905655,-1.0,-4.0,-66.0
1775635414.3005655,-4.0,-3.0,-68.0
1775635414.3105657,-6.0,-2.0,-68.0
1775635414.3205657,-5.0,-1.0,-66.0
1775635414.3305657,-5.0,-4.0,-71.0
1775635414.3405654,-7.0,-3.0,-78.0
1775635414.3505654,-6.0,-1.0,-79.0
1775635414.3605654,-1.0,-2.0,-71.0
1775635414.3705654,0.0,-1.0,-61.0
1775635414.3805654,-4.0,2.0,-62.0
1775635414.3905654,-6.0,-1.0,-59.0
1775635414.4005654,-8.0,0.0,-61.0
1775635414.4105654,-9.0,-1.0,-61.0
1775635414.4205654,-10.0,-1.0,-63.0
1775635414.4305654,-4.0,-4.0,-67.0
1775635414.440565,-6.0,-6.0,-69.0
1775635414.450565,-3.0,-1.0,-74.0
1775635414.460565,-1.0,3.0,-79.0
1775635414.4705653,1.0,-1.0,-78.0
1775635414.4805653,0.0,0.0,-78.0
1775635414.4905653,-1.0,2.0,-75.0
1775635414.5005653,0.0,0.0,-72.0
1775635414.5105653,-4.0,1.0,-76.0
1775635414.5205653,0.0,1.0,-76.0
1775635414.5305655,6.0,2.0,-76.0
1775635414.5405655,5.0,3.0,-80.0
1775635414.5505655,0.0,0.0,-83.0
1775635414.5605657,-1.0,0.0,-73.0
1775635414.5705657,-1.0,1.0,-65.0
1775635414.5805657,-2.0,2.0,-62.0
1775635414.5905654,-2.0,3.0,-66.0
1775635414.6005654,1.0,2.0,-70.0
1775635414.6105654,4.0,2.0,-69.0
1775635414.6205654,3.0,2.0,-71.0
1775635414.6305654,1.0,6.0,-73.0
1775635414.6405654,6.0,0.0,-63.0
1775635414.6505654,5.0,0.0,-62.0
1775635414.6605654,2.0,-2.0,-62.0
1775635414.6705654,-1.0,-1.0,-65.0
1775635414.6805654,0.0,-1.0,-74.0
1775635414.690565,-2.0,-3.0,-78.0
1775635414.700565,-3.0,-7.0,-78.0
1775635414.710565,-5.0,-6.0,-77.0
1775635414.7205653,0.0,-3.0,-76.0
1775635414.7305653,-3.0,0.0,-76.0
1775635414.7405653,-4.0,0.0,-76.0
1775635414.7505653,-1.0,0.0,-77.0
1775635414.7605653,-1.0,1.0,-76.0
1775635414.7705653,0.0,-1.0,-73.0
1775635414.7805655,0.0,-2.0,-69.0
1775635414.7905655,0.0,-2.0,-68.0
1775635414.8005655,2.0,-1.0,-65.0
1775635414.8105657,6.0,-1.0,-61.0
1775635414.8205657,2.0,2.0,-63.0
1775635414.8305657,3.0,8.0,-68.0
1775635414.8405654,0.0,6.0,-67.0
1775635414.8505654,-1.0,3.0,-68.0
1775635414.8605654,-6.0,-1.0,-72.0
1775635414.8705654,-8.0,6.0,-82.0
1775635414.8805654,-5.0,6.0,-83.0
1775635414.8905654,-3.0,5.0,-78.0
1775635414.9005654,0.0,2.0,-74.0
1775635414.9105654,-2.0,0.0,-81.0
1775635414.9205654,-3.0,-1.0,-69.0
1775635414.9305654,-2.0,-2.0,-66.0
1775635414.940565,-4.0,0.0,-64.0
1775635414.950565,-6.0,2.0,-66.0
1775635414.960565,-7.0,2.0,-66.0
1775635414.9705653,-3.0,6.0,-73.0
1775635414.9805653,-6.0,5.0,-76.0
1775635414.9905653,-3.0,8.0,-77.0
1775635415.0005653,-2.0,7.0,-67.0
1775635415.0105653,1.0,5.0,-69.0
1775635415.0205653,3.0,0.0,-72.0
1775635415.0305655,1.0,1.0,-69.0
1775635415.0405655,-2.0,3.0,-63.0
1775635415.0505655,-5.0,3.0,-65.0
1775635415.0605657,-7.0,3.0,-66.0
1775635415.0705657,-9.0,6.0,-64.0
1775635415.0805657,-10.0,6.0,-62.0
1775635415.0905654,-7.0,6.0,-68.0
1775635415.1005654,-1.0,6.0,-76.0
1775635415.1105654,4.0,3.0,-82.0
1775635415.121565,5.0,-2.0,-79.0
1775635415.131565,4.0,-4.0,-70.0
1775635415.141565,6.0,-4.0,-64.0
1775635415.1515653,6.0,-2.0,-63.0
1775635415.1605654,6.0,-1.0,-62.0
1775635415.1715653,9.0,-1.0,-70.0
1775635415.1815653,7.0,-1.0,-73.0
1775635415.1915653,5.0,-1.0,-76.0
1775635415.2015653,3.0,-1.0,-71.0
1775635415.2115655,5.0,0.0,-77.0
1775635415.2215655,2.0,-2.0,-77.0
1775635415.2315657,0.0,-1.0,-75.0
1775635415.2415657,1.0,0.0,-72.0
1775635415.2515657,0.0,-1.0,-65.0
1775635415.2615654,0.0,2.0,-61.0
1775635415.2715654,0.0,6.0,-61.0
1775635415.2815654,0.0,0.0,-57.0
1775635415.2915654,-2.0,0.0,-64.0
1775635415.3015654,1.0,0.0,-62.0
1775635415.3115654,2.0,1.0,-60.0
1775635415.3215654,1.0,2.0,-65.0
1775635415.3315654,-2.0,2.0,-68.0
1775635415.3415654,0.0,0.0,-75.0
1775635415.3515654,1.0,0.0,-72.0
1775635415.3615654,2.0,-2.0,-68.0
1775635415.371565,2.0,-5.0,-70.0
1775635415.381565,3.0,-6.0,-74.0
1775635415.391565,0.0,-1.0,-70.0
1775635415.4015653,-4.0,0.0,-66.0
1775635415.4115653,-3.0,0.0,-72.0
1775635415.4215653,-2.0,-1.0,-73.0
1775635415.4315653,0.0,0.0,-75.0
1775635415.4415653,3.0,0.0,-78.0
1775635415.4515653,4.0,-1.0,-79.0
1775635415.4615655,5.0,-1.0,-70.0
1775635415.4715655,3.0,3.0,-69.0
1775635415.4815657,6.0,6.0,-70.0
1775635415.4915657,6.0,4.0,-68.0
1775635415.5015657,4.0,2.0,-65.0
1775635415.5115654,7.0,2.0,-60.0
1775635415.5215654,8.0,4.0,-59.0
1775635415.5315654,8.0,4.0,-59.0
1775635415.5415654,4.0,2.0,-66.0
1775635415.5515654,1.0,0.0,-67.0
1775635415.5615654,5.0,2.0,-70.0
1775635415.5715654,3.0,2.0,-77.0
1775635415.5815654,5.0,1.0,-71.0
1775635415.5915654,0.0,2.0,-74.0
1775635415.6015654,2.0,2.0,-76.0
1775635415.6115654,0.0,-1.0,-72.0
1775635415.621565,-3.0,-2.0,-76.0
1775635415.631565,0.0,-1.0,-70.0
1775635415.641565,0.0,-3.0,-66.0
1775635415.6515653,-4.0,-2.0,-71.0
1775635415.6615653,-1.0,-1.0,-67.0
1775635415.6715653,-2.0,-3.0,-64.0
1775635415.6815653,-2.0,-6.0,-64.0
1775635415.6915653,1.0,-3.0,-67.0
1775635415.7015653,5.0,0.0,-66.0
1775635415.7115655,3.0,-4.0,-65.0
1775635415.7215655,0.0,-7.0,-56.0
1775635415.7315657,3.0,-5.0,-58.0
1775635415.7415657,5.0,-3.0,-56.0
1775635415.7515657,6.0,-2.0,-50.0
1775635415.7615654,2.0,-1.0,-54.0
1775635415.7715654,-2.0,3.0,-54.0
1775635415.7815654,-5.0,4.0,-60.0
1775635415.7915654,-4.0,1.0,-59.0
1775635415.8015654,1.0,1.0,-62.0
1775635415.8115654,0.0,-2.0,-60.0
1775635415.8215654,0.0,-5.0,-65.0
1775635415.8315654,0.0,-4.0,-62.0
1775635415.8415654,2.0,-2.0,-65.0
1775635415.8515654,2.0,0.0,-62.0
1775635415.8615654,1.0,-2.0,-60.0
1775635415.871565,2.0,-4.0,-59.0
1775635415.881565,0.0,-2.0,-67.0
1775635415.891565,2.0,0.0,-62.0
1775635415.9015653,4.0,0.0,-69.0
1775635415.9115653,3.0,1.0,-70.0
1775635415.9215653,0.0,0.0,-73.0
1775635415.9315653,-2.0,0.0,-78.0
1775635415.9415653,-1.0,-4.0,-75.0
1775635415.9515653,0.0,-3.0,-72.0
1775635415.9615655,1.0,-6.0,-69.0
1775635415.9715655,0.0,-10.0,-70.0
1775635415.9815657,-2.0,-12.0,-72.0
1775635415.9915657,0.0,-15.0,-72.0
1775635416.0015657,-3.0,-13.0,-74.0
1775635416.0115654,-1.0,-6.0,-77.0
1775635416.0215654,-4.0,-6.0,-74.0
1775635416.0315654,-4.0,-7.0,-71.0
1775635416.0415654,-3.0,-6.0,-68.0
1775635416.0515654,0.0,-3.0,-65.0
1775635416.0615654,0.0,0.0,-69.0
1775635416.0715654,0.0,-3.0,-66.0
1775635416.0815654,0.0,-6.0,-71.0
1775635416.0915654,0.0,-2.0,-73.0
1775635416.1015654,2.0,-2.0,-76.0
1775635416.1115654,3.0,0.0,-75.0
1775635416.121565,5.0,-3.0,-73.0
1775635416.131565,8.0,-1.0,-74.0
1775635416.141565,3.0,-2.0,-74.0
1775635416.1515653,2.0,-2.0,-72.0
1775635416.1615653,2.0,0.0,-68.0
1775635416.1715653,1.0,-2.0,-70.0
1775635416.1815653,4.0,-1.0,-73.0
1775635416.1915653,3.0,1.0,-74.0
1775635416.2015653,10.0,-2.0,-68.0
1775635416.2115655,3.0,-2.0,-71.0
1775635416.2215655,4.0,0.0,-72.0
1775635416.2315657,4.0,-2.0,-69.0
1775635416.2415657,4.0,-2.0,-61.0
1775635416.2515657,4.0,-7.0,-62.0
1775635416.2615654,3.0,-11.0,-64.0
1775635416.2715654,3.0,-8.0,-65.0
1775635416.2815654,-1.0,-8.0,-66.0
1775635416.2915654,-1.0,-8.0,-62.0
1775635416.3015654,0.0,-10.0,-61.0
1775635416.3115654,-1.0,-3.0,-62.0
1775635416.3215654,-2.0,-2.0,-71.0
1775635416.3315654,-4.0,-2.0,-69.0
1775635416.3415654,-7.0,0.0,-63.0
1775635416.3515654,-3.0,-3.0,-63.0
1775635416.3615654,0.0,-7.0,-59.0
1775635416.371565,1.0,-6.0,-58.0
1775635416.381565,5.0,-3.0,-60.0
1775635416.391565,0.0,-2.0,-66.0
1775635416.4015653,0.0,-2.0,-70.0
1775635416.4115653,2.0,0.0,-71.0
1775635416.4215653,3.0,1.0,-73.0
1775635416.4315653,1.0,2.0,-72.0
1775635416.4415653,4.0,0.0,-74.0
1775635416.4515653,4.0,0.0,-76.0
1775635416.4615655,2.0,3.0,-74.0
1775635416.4715655,5.0,3.0,-71.0
1775635416.4815657,-1.0,5.0,-77.0
1775635416.4915657,0.0,7.0,-80.0
1775635416.5015657,1.0,7.0,-77.0
1775635416.5115654,-3.0,5.0,-77.0
1775635416.5215654,-6.0,0.0,-79.0
1775635416.5315654,-4.0,0.0,-81.0
1775635416.5415654,-2.0,0.0,-78.0
1775635416.5515654,-5.0,0.0,-75.0
1775635416.5615654,-5.0,2.0,-71.0
1775635416.5715654,-7.0,0.0,-74.0
1775635416.5815654,-4.0,-2.0,-70.0
1775635416.5915654,-3.0,-4.0,-69.0
1775635416.6015654,-1.0,0.0,-75.0
1775635416.6115654,0.0,2.0,-79.0
1775635416.621565,0.0,0.0,-71.0
1775635416.631565,-2.0,0.0,-71.0
1775635416.641565,-1.0,0.0,-64.0
1775635416.6515653,2.0,-1.0,-70.0
1775635416.6615653,-1.0,1.0,-73.0
1775635416.6715653,-1.0,-1.0,-74.0
1775635416.6815653,1.0,0.0,-73.0
1775635416.6915653,4.0,-2.0,-65.0
1775635416.7015653,0.0,0.0,-63.0
1775635416.7115655,-2.0,-3.0,-58.0
1775635416.7215655,-1.0,-1.0,-60.0
1775635416.7315657,-2.0,-1.0,-66.0
1775635416.7415657,-5.0,-1.0,-63.0
1775635416.7515657,-6.0,-2.0,-62.0
1775635416.7615654,-6.0,0.0,-73.0
1775635416.7715654,-4.0,0.0,-82.0
1775635416.7815654,0.0,0.0,-86.0
1775635416.7915654,0.0,1.0,-85.0
1775635416.8015654,1.0,1.0,-79.0
1775635416.8115654,-1.0,3.0,-74.0
1775635416.8215654,-4.0,7.0,-77.0
1775635416.8315654,-5.0,3.0,-79.0
1775635416.8415654,-4.0,1.0,-78.0
1775635416.8515654,-2.0,0.0,-72.0
1775635416.8615654,-6.0,1.0,-70.0
1775635416.871565,-5.0,2.0,-65.0
1775635416.881565,-4.0,4.0,-66.0
1775635416.891565,-2.0,4.0,-73.0
1775635416.9015653,1.0,-1.0,-82.0
1775635416.9115653,2.0,-4.0,-81.0
1775635416.9215653,-1.0,-1.0,-78.0
1775635416.9315653,-4.0,2.0,-70.0
1775635416.9415653,1.0,1.0,-75.0
1775635416.9515653,1.0,3.0,-74.0
1775635416.9615655,0.0,0.0,-72.0
1775635416.9715655,0.0,-1.0,-73.0
1775635416.9815657,-4.0,-3.0,-66.0
1775635416.9915657,-2.0,-3.0,-69.0
1775635417.0015657,1.0,-3.0,-71.0
1775635417.0115654,3.0,-3.0,-66.0
1775635417.0215654,0.0,0.0,-66.0
1775635417.0315654,4.0,-1.0,-59.0
1775635417.0415654,6.0,-1.0,-67.0
1775635417.0515654,6.0,-2.0,-77.0
1775635417.0615654,2.0,-6.0,-78.0
1775635417.0715654,3.0,-3.0,-75.0
1775635417.0815654,2.0,-3.0,-81.0
1775635417.0915654,2.0,-1.0,-78.0
1775635417.1015654,-2.0,-1.0,-80.0
1775635417.1115654,-2.0,-6.0,-77.0
1775635417.121565,-1.0,-3.0,-77.0
1775635417.131565,-3.0,-1.0,-74.0
1775635417.141565,-1.0,0.0,-69.0
1775635417.1515653,5.0,-3.0,-66.0
1775635417.1615653,2.0,-4.0,-66.0
1775635417.1715653,0.0,-1.0,-59.0
1775635417.1815653,-1.0,4.0,-56.0
1775635417.1915653,-2.0,3.0,-58.0
1775635417.2015653,0.0,0.0,-57.0
1775635417.2115655,0.0,-4.0,-59.0
1775635417.2215655,-1.0,-9.0,-64.0
1775635417.2315657,6.0,-6.0,-62.0
1775635417.2415657,4.0,-5.0,-65.0
1775635417.2515657,2.0,-6.0,-64.0
1775635417.2615654,-1.0,-4.0,-66.0
1775635417.2715654,-4.0,-5.0,-71.0
1775635417.2815654,-4.0,-2.0,-68.0
1775635417.2915654,0.0,-3.0,-65.0
1775635417.3015654,1.0,-1.0,-64.0
1775635417.3115654,1.0,-2.0,-65.0
1775635417.3215654,1.0,-1.0,-67.0
1775635417.3315654,-1.0,3.0,-64.0
1775635417.3415654,-1.0,1.0,-66.0
1775635417.3515654,4.0,0.0,-68.0
1775635417.3615654,3.0,1.0,-62.0
1775635417.371565,4.0,1.0,-58.0
1775635417.381565,8.0,0.0,-61.0
1775635417.391565,8.0,-2.0,-60.0
1775635417.4015653,5.0,-2.0,-68.0
1775635417.4115653,5.0,0.0,-66.0
1775635417.4215653,2.0,0.0,-69.0
1775635417.4315653,0.0,-2.0,-71.0
1775635417.4425654,6.0,-4.0,-75.0
1775635417.4515653,2.0,-3.0,-71.0
1775635417.4625654,4.0,-5.0,-74.0
1775635417.4725654,6.0,-6.0,-66.0
1775635417.4825654,4.0,-7.0,-70.0
1775635417.4925654,5.0,-6.0,-65.0
1775635417.5025654,0.0,-5.0,-64.0
1775635417.5125654,0.0,-7.0,-71.0
1775635417.5225654,0.0,-5.0,-76.0
1775635417.5325654,1.0,-3.0,-77.0
1775635417.542565,1.0,-3.0,-72.0
1775635417.552565,1.0,-5.0,-78.0
1775635417.562565,4.0,-5.0,-76.0
1775635417.5725653,1.0,-2.0,-77.0
1775635417.5825653,-2.0,-4.0,-76.0
1775635417.5925653,-4.0,0.0,-79.0
1775635417.6025653,-6.0,-1.0,-75.0
1775635417.6125653,-10.0,-1.0,-71.0
1775635417.6225653,-11.0,-3.0,-69.0
1775635417.6325655,-11.0,-2.0,-62.0
1775635417.6425655,-11.0,-1.0,-65.0
1775635417.6525657,-7.0,-4.0,-70.0
1775635417.6625657,-5.0,-5.0,-72.0
1775635417.6725657,-7.0,-8.0,-74.0
1775635417.6825657,-4.0,-5.0,-82.0
1775635417.6925654,0.0,-5.0,-82.0
1775635417.7025654,0.0,-5.0,-82.0
1775635417.7125654,-1.0,-5.0,-71.0
1775635417.7225654,0.0,-6.0,-68.0
1775635417.7325654,-1.0,-4.0,-61.0
1775635417.7425654,-4.0,-3.0,-59.0
1775635417.7525654,-2.0,-2.0,-62.0
1775635417.7625654,-2.0,-1.0,-70.0
1775635417.7725654,0.0,-4.0,-70.0
1775635417.7825654,3.0,-3.0,-75.0
1775635417.792565,1.0,-2.0,-74.0
1775635417.802565,-6.0,-2.0,-71.0
1775635417.812565,-6.0,-2.0,-63.0
1775635417.8225653,-8.0,1.0,-65.0
1775635417.8325653,-7.0,2.0,-61.0
1775635417.8425653,-8.0,0.0,-63.0
1775635417.8525653,-3.0,2.0,-66.0
1775635417.8625653,5.0,2.0,-63.0
1775635417.8725653,4.0,2.0,-65.0
1775635417.8825655,0.0,0.0,-71.0
1775635417.8925655,0.0,-1.0,-73.0
1775635417.9025657,-1.0,-1.0,-71.0
1775635417.9125657,-2.0,-2.0,-71.0
1775635417.9225657,0.0,-2.0,-71.0
1775635417.9325657,5.0,-1.0,-70.0
1775635417.9425654,4.0,-2.0,-66.0
1775635417.9525654,4.0,-5.0,-64.0
1775635417.9625654,3.0,-4.0,-67.0
1775635417.9725654,5.0,-7.0,-75.0
1775635417.9825654,8.0,-7.0,-76.0
1775635417.9925654,9.0,-7.0,-71.0
1775635418.0025654,8.0,-8.0,-66.0
1775635418.0125654,2.0,-5.0,-71.0
1775635418.0225654,1.0,-4.0,-73.0
1775635418.0325654,4.0,-1.0,-71.0
1775635418.042565,4.0,0.0,-68.0
1775635418.052565,2.0,-2.0,-66.0
1775635418.062565,0.0,-2.0,-65.0
1775635418.0725653,2.0,-1.0,-70.0
1775635418.0825653,4.0,-1.0,-66.0
1775635418.0925653,1.0,1.0,-62.0
1775635418.1025653,0.0,1.0,-62.0
1775635418.1125653,-1.0,0.0,-61.0
1775635418.1225653,-1.0,-3.0,-66.0
1775635418.1325655,-6.0,-3.0,-69.0
1775635418.1425655,-2.0,-7.0,-66.0
1775635418.1525657,-1.0,0.0,-75.0
1775635418.1625657,-2.0,0.0,-65.0
1775635418.1725657,-1.0,0.0,-64.0
1775635418.1825657,-2.0,2.0,-61.0
1775635418.1925654,-2.0,3.0,-60.0
1775635418.2025654,0.0,0.0,-62.0
1775635418.2125654,2.0,-2.0,-73.0
1775635418.2225654,6.0,-6.0,-74.0
1775635418.2325654,6.0,-1.0,-78.0
1775635418.2425654,5.0,-1.0,-71.0
1775635418.2525654,6.0,3.0,-68.0
1775635418.2625654,4.0,0.0,-68.0
1775635418.2725654,5.0,-2.0,-64.0
1775635418.2825654,4.0,-3.0,-62.0
1775635418.292565,2.0,-7.0,-64.0
1775635418.302565,8.0,-9.0,-61.0
1775635418.312565,3.0,-8.0,-56.0
1775635418.3225653,2.0,-4.0,-58.0
1775635418.3325653,5.0,-4.0,-53.0
1775635418.3425653,5.0,-1.0,-44.0
1775635418.3525653,6.0,-3.0,-52.0
1775635418.3625653,7.0,-1.0,-61.0
1775635418.3725653,10.0,0.0,-54.0
1775635418.3825655,5.0,0.0,-47.0
1775635418.3925655,0.0,1.0,-49.0
1775635418.4025657,-2.0,3.0,-54.0
1775635418.4125657,-3.0,4.0,-56.0
1775635418.4225657,-1.0,2.0,-56.0
1775635418.4325657,-6.0,0.0,-56.0
1775635418.4425654,-8.0,3.0,-65.0
1775635418.4525654,-12.0,0.0,-68.0
1775635418.4625654,-12.0,2.0,-74.0
1775635418.4725654,-15.0,4.0,-70.0
1775635418.4825654,-13.0,4.0,-62.0
1775635418.4925654,-10.0,4.0,-64.0
1775635418.5025654,-13.0,2.0,-63.0
1775635418.5125654,-9.0,-3.0,-61.0
1775635418.5225654,-9.0,-8.0,-61.0
1775635418.5325654,-4.0,-8.0,-62.0
1775635418.542565,-3.0,-5.0,-61.0
1775635418.552565,-1.0,-6.0,-60.0
1775635418.562565,3.0,-4.0,-61.0
1775635418.5725653,1.0,-5.0,-63.0
1775635418.5825653,4.0,-1.0,-63.0
1775635418.5925653,3.0,5.0,-65.0
1775635418.6025653,1.0,5.0,-71.0
1775635418.6125653,-2.0,1.0,-78.0
1775635418.6225653,-5.0,4.0,-72.0
1775635418.6325655,-5.0,3.0,-70.0
1775635418.6425655,-5.0,4.0,-72.0
1775635418.6525657,-3.0,5.0,-68.0
1775635418.6625657,-7.0,4.0,-69.0
1775635418.6725657,-7.0,2.0,-69.0
1775635418.6825657,-6.0,2.0,-70.0
1775635418.6925654,-7.0,0.0,-75.0
1775635418.7025654,-4.0,2.0,-75.0
1775635418.7125654,-3.0,2.0,-77.0
1775635418.7225654,0.0,0.0,-82.0
1775635418.7325654,2.0,-4.0,-80.0
1775635418.7425654,6.0,-5.0,-78.0
1775635418.7525654,9.0,-3.0,-75.0
1775635418.7625654,6.0,-2.0,-74.0
1775635418.7725654,6.0,-1.0,-75.0
1775635418.7825654,3.0,-4.0,-69.0
1775635418.792565,3.0,-4.0,-72.0
1775635418.802565,1.0,-1.0,-70.0
1775635418.812565,0.0,-1.0,-70.0
1775635418.8225653,4.0,1.0,-72.0
1775635418.8325653,4.0,1.0,-71.0
1775635418.8425653,5.0,2.0,-74.0
1775635418.8525653,9.0,1.0,-74.0
1775635418.8625653,3.0,1.0,-75.0
1775635418.8725653,4.0,0.0,-76.0
1775635418.8825655,6.0,-1.0,-77.0
1775635418.8925655,15.0,-2.0,-79.0
1775635418.9025657,14.0,0.0,-74.0
1775635418.9125657,8.0,-1.0,-71.0
1775635418.9225657,8.0,-1.0,-70.0
1775635418.9325657,7.0,-1.0,-69.0
1775635418.9425654,7.0,-1.0,-67.0
1775635418.9525654,3.0,-4.0,-62.0
1775635418.9625654,3.0,-3.0,-63.0
1775635418.9725654,1.0,-1.0,-73.0
1775635418.9825654,2.0,0.0,-74.0
1775635418.9925654,5.0,0.0,-71.0
1775635419.0025654,4.0,2.0,-67.0
1775635419.0125654,1.0,6.0,-70.0
1775635419.0225654,-4.0,4.0,-70.0
1775635419.0325654,-6.0,3.0,-70.0
1775635419.042565,-5.0,1.0,-68.0
1775635419.052565,-4.0,0.0,-71.0
1775635419.062565,-3.0,2.0,-72.0
1775635419.0725653,-5.0,0.0,-66.0
1775635419.0825653,-1.0,2.0,-68.0
1775635419.0925653,0.0,3.0,-66.0
1775635419.1025653,1.0,0.0,-66.0
1775635419.1125653,-1.0,0.0,-71.0
1775635419.1225653,0.0,0.0,-69.0
1775635419.1325655,-2.0,-2.0,-73.0
1775635419.1425655,-3.0,0.0,-75.0
1775635419.1525657,-2.0,0.0,-71.0
1775635419.1625657,1.0,1.0,-70.0
1775635419.1725657,2.0,0.0,-73.0
1775635419.1825657,4.0,-2.0,-72.0
1775635419.1925654,7.0,-4.0,-65.0
1775635419.2025654,3.0,-1.0,-60.0
1775635419.2125654,1.0,-2.0,-61.0
1775635419.2225654,0.0,-2.0,-63.0
1775635419.2325654,1.0,0.0,-64.0
1775635419.2425654,2.0,-3.0,-64.0
1775635419.2525654,-3.0,-1.0,-59.0
1775635419.2625654,-5.0,-1.0,-56.0
1775635419.2725654,0.0,-3.0,-60.0
1775635419.2825654,1.0,-6.0,-66.0
1775635419.292565,4.0,-10.0,-73.0
1775635419.302565,5.0,-7.0,-68.0
1775635419.312565,3.0,0.0,-64.0
1775635419.3225653,1.0,0.0,-65.0
1775635419.3325653,6.0,-2.0,-65.0
1775635419.3425653,6.0,-7.0,-59.0
1775635419.3535657,6.0,-9.0,-62.0
1775635419.3625653,8.0,-10.0,-68.0
1775635419.3725653,4.0,-8.0,-69.0
1775635419.3825655,0.0,-4.0,-73.0
1775635419.3925655,0.0,3.0,-72.0
1775635419.4025657,5.0,4.0,-74.0
1775635419.4125657,6.0,2.0,-70.0
1775635419.4225657,7.0,1.0,-75.0
1775635419.4325657,4.0,0.0,-83.0
1775635419.4425654,4.0,3.0,-79.0
1775635419.4525654,0.0,10.0,-76.0
1775635419.4625654,2.0,10.0,-77.0
1775635419.4725654,5.0,8.0,-71.0
1775635419.4825654,4.0,7.0,-71.0
1775635419.4925654,3.0,1.0,-71.0
1775635419.5025654,0.0,1.0,-72.0
1775635419.5125654,-4.0,0.0,-66.0
1775635419.5225654,-2.0,3.0,-73.0
1775635419.5325654,1.0,-2.0,-72.0
1775635419.542565,2.0,2.0,-71.0
1775635419.552565,0.0,0.0,-73.0
1775635419.562565,-1.0,-2.0,-71.0
1775635419.5725653,-1.0,-3.0,-71.0
1775635419.5825653,-1.0,-2.0,-67.0
1775635419.5925653,0.0,-1.0,-67.0
1775635419.6025653,4.0,-2.0,-71.0
1775635419.6125653,2.0,-2.0,-77.0
1775635419.6225653,-1.0,-5.0,-77.0
1775635419.6325655,-1.0,-7.0,-83.0
1775635419.6425655,-5.0,-4.0,-79.0
1775635419.6525657,-6.0,-3.0,-75.0
1775635419.6625657,-5.0,-3.0,-75.0
1775635419.6725657,-1.0,-2.0,-70.0
1775635419.6825657,-3.0,0.0,-73.0
1775635419.6925654,-5.0,-3.0,-73.0
1775635419.7025654,-1.0,-1.0,-69.0
1775635419.7125654,0.0,-3.0,-73.0
1775635419.7225654,0.0,-3.0,-64.0
1775635419.7325654,0.0,-9.0,-69.0
1775635419.7425654,-1.0,-5.0,-75.0
1775635419.7525654,-3.0,-1.0,-74.0
1775635419.7625654,-9.0,0.0,-66.0
1775635419.7735653,-7.0,2.0,-68.0
1775635419.7825654,-3.0,7.0,-67.0
1775635419.7935653,-3.0,1.0,-62.0
1775635419.8035655,-4.0,0.0,-60.0
1775635419.8135655,0.0,0.0,-58.0
1775635419.8235655,0.0,-4.0,-66.0
1775635419.8335657,1.0,-5.0,-63.0
1775635419.8435657,0.0,-2.0,-67.0
1775635419.8535657,3.0,-3.0,-67.0
1775635419.8635654,2.0,-4.0,-74.0
1775635419.8735654,2.0,-3.0,-74.0
1775635419.8835654,5.0,-2.0,-79.0
1775635419.8935654,8.0,0.0,-76.0
1775635419.9035654,8.0,1.0,-69.0
1775635419.9135654,6.0,1.0,-69.0
1775635419.9235654,4.0,2.0,-63.0
1775635419.9335654,5.0,-3.0,-63.0
1775635419.9435654,8.0,-6.0,-69.0
1775635419.9535654,9.0,-4.0,-76.0
1775635419.963565,10.0,-3.0,-78.0
1775635419.973565,13.0,-3.0,-79.0
1775635419.983565,11.0,-5.0,-77.0
1775635419.993565,8.0,-1.0,-73.0
1775635420.0035653,0.0,0.0,-70.0
1775635420.0135653,-1.0,-1.0,-67.0
1775635420.0235653,-1.0,-2.0,-69.0
1775635420.0335653,-1.0,-4.0,-72.0
1775635420.0435653,1.0,-4.0,-69.0
1775635420.0535655,2.0,-3.0,-76.0
1775635420.0635655,4.0,1.0,-80.0
1775635420.0735655,5.0,5.0,-69.0
1775635420.0835657,4.0,2.0,-75.0
1775635420.0935657,1.0,1.0,-69.0
1775635420.1035657,5.0,3.0,-70.0
1775635420.1135654,5.0,4.0,-67.0
1775635420.1235654,7.0,2.0,-71.0
1775635420.1335654,7.0,0.0,-71.0
1775635420.1435654,8.0,-2.0,-69.0
1775635420.1535654,8.0,-1.0,-68.0
1775635420.1635654,7.0,-2.0,-64.0
1775635420.1735654,9.0,-2.0,-60.0
1775635420.1835654,3.0,-5.0,-58.0
1775635420.1935654,5.0,-7.0,-59.0
1775635420.2035654,3.0,-4.0,-61.0
1775635420.213565,2.0,-1.0,-66.0
1775635420.223565,0.0,0.0,-64.0
1775635420.233565,1.0,1.0,-64.0
1775635420.243565,0.0,-1.0,-65.0
1775635420.2535653,3.0,-2.0,-65.0
1775635420.2635653,4.0,-2.0,-70.0
1775635420.2735653,4.0,-2.0,-67.0
1775635420.2835653,2.0,-4.0,-62.0
1775635420.2935653,-1.0,-2.0,-67.0
1775635420.3035655,-1.0,-5.0,-70.0
1775635420.3135655,1.0,-1.0,-71.0
1775635420.3235655,2.0,0.0,-74.0
1775635420.3335657,4.0,0.0,-76.0
1775635420.3435657,5.0,4.0,-74.0
1775635420.3535657,3.0,3.0,-70.0
1775635420.3635654,0.0,4.0,-75.0
1775635420.3735654,2.0,5.0,-78.0
1775635420.3835654,0.0,3.0,-80.0
1775635420.3935654,6.0,-6.0,-74.0
1775635420.4035654,3.0,-9.0,-78.0
1775635420.4135654,3.0,-7.0,-77.0
1775635420.4235654,0.0,-6.0,-68.0
1775635420.4335654,-4.0,-6.0,-60.0
1775635420.4435654,-5.0,-4.0,-59.0
1775635420.4535654,-2.0,-1.0,-62.0
1775635420.463565,-1.0,2.0,-67.0
1775635420.473565,2.0,2.0,-59.0
1775635420.483565,4.0,3.0,-61.0
1775635420.493565,1.0,5.0,-64.0
1775635420.5035653,-7.0,4.0,-66.0
1775635420.5135653,-7.0,1.0,-67.0
1775635420.5235653,-9.0,-2.0,-60.0
1775635420.5335653,-7.0,-3.0,-49.0
1775635420.5435653,-6.0,-4.0,-52.0
1775635420.5535655,-6.0,-5.0,-55.0
1775635420.5635655,-10.0,-3.0,-54.0
1775635420.5735655,-8.0,-5.0,-51.0
1775635420.5835657,-6.0,-1.0,-49.0
1775635420.5935657,-4.0,-2.0,-55.0
1775635420.6035657,-3.0,1.0,-54.0
1775635420.6135654,-2.0,5.0,-58.0
1775635420.6235654,-1.0,2.0,-62.0
1775635420.6335654,0.0,2.0,-64.0
1775635420.6435654,0.0,3.0,-61.0
1775635420.6535654,2.0,4.0,-63.0
1775635420.6635654,3.0,0.0,-61.0
1775635420.6735654,5.0,0.0,-62.0
1775635420.6835654,6.0,-3.0,-63.0
1775635420.6935654,3.0,-4.0,-63.0
1775635420.7035654,0.0,-8.0,-67.0
1775635420.713565,-2.0,-5.0,-67.0
1775635420.723565,-1.0,-3.0,-63.0
1775635420.733565,0.0,-3.0,-63.0
1775635420.743565,5.0,-6.0,-70.0
1775635420.7535653,0.0,-7.0,-69.0
1775635420.7635653,-2.0,-4.0,-62.0
1775635420.7735653,-1.0,-2.0,-68.0
1775635420.7835653,0.0,-2.0,-70.0
1775635420.7935653,-1.0,-2.0,-70.0
1775635420.8035655,0.0,-1.0,-71.0
1775635420.8135655,0.0,1.0,-73.0
1775635420.8235655,2.0,2.0,-67.0
1775635420.8335657,-1.0,2.0,-68.0
1775635420.8435657,-1.0,4.0,-65.0
1775635420.8535657,-1.0,2.0,-66.0
1775635420.8635654,-1.0,0.0,-63.0
1775635420.8735654,-1.0,-1.0,-62.0
1775635420.8835654,-1.0,0.0,-59.0
1775635420.8935654,0.0,0.0,-59.0
1775635420.9035654,-3.0,2.0,-66.0
1775635420.9135654,-2.0,2.0,-68.0
1775635420.9235654,-3.0,2.0,-70.0
1775635420.9335654,-3.0,6.0,-67.0
1775635420.9435654,-7.0,5.0,-65.0
1775635420.9535654,-8.0,5.0,-71.0
1775635420.963565,-8.0,4.0,-77.0
1775635420.973565,-9.0,0.0,-80.0
1775635420.983565,-4.0,1.0,-76.0
1775635420.993565,0.0,1.0,-74.0
1775635421.0035653,2.0,0.0,-72.0
1775635421.0135653,3.0,-3.0,-73.0
1775635421.0235653,-1.0,-4.0,-67.0
1775635421.0335653,-1.0,-5.0,-63.0
1775635421.0435653,-4.0,-2.0,-61.0
1775635421.0535655,-5.0,1.0,-58.0
1775635421.0635655,-4.0,3.0,-57.0
1775635421.0735655,-4.0,5.0,-61.0
1775635421.0835657,-2.0,1.0,-64.0
1775635421.0935657,-5.0,1.0,-67.0
1775635421.1035657,-2.0,-2.0,-72.0
1775635421.1135654,-6.0,0.0,-77.0
1775635421.1235654,-7.0,0.0,-72.0
1775635421.1335654,-6.0,4.0,-71.0
1775635421.1435654,-5.0,4.0,-66.0
1775635421.1535654,-6.0,3.0,-61.0
1775635421.1635654,-6.0,0.0,-59.0
1775635421.1735654,-7.0,3.0,-62.0
1775635421.1835654,-5.0,5.0,-59.0
1775635421.1935654,-5.0,4.0,-61.0
1775635421.2035654,-4.0,2.0,-62.0
1775635421.213565,-1.0,-2.0,-64.0
1775635421.223565,1.0,-2.0,-64.0
1775635421.233565,-1.0,0.0,-64.0
1775635421.243565,5.0,-4.0,-66.0
1775635421.2535653,0.0,-11.0,-69.0
1775635421.2635653,0.0,-4.0,-59.0
1775635421.2735653,0.0,-3.0,-65.0
1775635421.2835653,-4.0,0.0,-60.0
1775635421.2935653,-5.0,1.0,-60.0
1775635421.3035655,-8.0,0.0,-61.0
1775635421.3135655,-2.0,-6.0,-62.0
1775635421.3235655,0.0,-7.0,-65.0
1775635421.3335657,0.0,-4.0,-73.0
1775635421.3435657,-1.0,-4.0,-70.0
1775635421.3535657,2.0,-4.0,-70.0
1775635421.3635654,2.0,-3.0,-68.0
1775635421.3735654,7.0,-3.0,-71.0
1775635421.3835654,0.0,-4.0,-72.0
1775635421.3935654,-3.0,-7.0,-70.0
1775635421.4035654,0.0,-5.0,-71.0
1775635421.4135654,-1.0,-8.0,-79.0
1775635421.4235654,-7.0,-4.0,-71.0
1775635421.4335654,-5.0,-2.0,-71.0
1775635421.4435654,-3.0,0.0,-77.0
1775635421.4535654,-5.0,0.0,-74.0
1775635421.463565,-1.0,-6.0,-73.0
1775635421.473565,0.0,-6.0,-73.0
1775635421.483565,1.0,-7.0,-62.0
1775635421.493565,1.0,-8.0,-65.0
1775635421.5035653,0.0,-4.0,-72.0
1775635421.5135653,-1.0,-2.0,-66.0
1775635421.5235653,-5.0,-7.0,-65.0
1775635421.5335653,-9.0,-5.0,-67.0
1775635421.5435653,-7.0,-2.0,-64.0
1775635421.5535655,1.0,-1.0,-58.0
1775635421.5635655,4.0,-1.0,-62.0
1775635421.5735655,2.0,0.0,-67.0
1775635421.5835657,2.0,0.0,-67.0
1775635421.5935657,1.0,3.0,-75.0
1775635421.6035657,-2.0,2.0,-75.0
1775635421.6135654,-1.0,2.0,-73.0
1775635421.6235654,-2.0,5.0,-77.0
1775635421.6335654,0.0,3.0,-68.0
1775635421.6435654,0.0,0.0,-77.0
1775635421.6535654,3.0,-1.0,-72.0
1775635421.6635654,-1.0,-4.0,-71.0
1775635421.6735654,-6.0,-4.0,-66.0
1775635421.6835654,-8.0,-1.0,-66.0
1775635421.6935654,-8.0,0.0,-68.0
1775635421.7035654,-9.0,0.0,-69.0
1775635421.713565,-8.0,-2.0,-79.0
1775635421.723565,-9.0,-3.0,-78.0
1775635421.733565,-12.0,0.0,-73.0
1775635421.743565,-7.0,2.0,-78.0
1775635421.7535653,-2.0,3.0,-78.0
1775635421.7635653,0.0,3.0,-72.0
1775635421.7735653,0.0,3.0,-72.0
1775635421.7835653,1.0,2.0,-73.0
1775635421.7935653,2.0,6.0,-74.0
1775635421.8035655,5.0,0.0,-79.0
1775635421.8135655,6.0,0.0,-79.0
1775635421.8235655,2.0,0.0,-78.0
1775635421.8335657,-4.0,-1.0,-76.0
1775635421.8435657,-5.0,-1.0,-79.0
1775635421.8535657,-1.0,-3.0,-76.0
1775635421.8635654,-1.0,0.0,-76.0
1775635421.8735654,0.0,0.0,-73.0
1775635421.8835654,0.0,-4.0,-68.0
1775635421.8935654,-4.0,-1.0,-67.0
1775635421.9035654,-1.0,-1.0,-69.0
1775635421.9135654,1.0,-3.0,-70.0
1775635421.9235654,1.0,-3.0,-66.0
1775635421.9335654,1.0,0.0,-66.0
1775635421.9435654,0.0,-2.0,-61.0
1775635421.9535654,2.0,-2.0,-66.0
1775635421.963565,0.0,-5.0,-75.0
1775635421.973565,-3.0,-5.0,-72.0
1775635421.983565,1.0,-3.0,-68.0
1775635421.993565,2.0,-8.0,-65.0
1775635422.0035653,2.0,-4.0,-60.0
1775635422.0135653,3.0,-3.0,-61.0
1775635422.0235653,4.0,0.0,-65.0
1775635422.0335653,2.0,2.0,-71.0
1775635422.0435653,3.0,0.0,-64.0
1775635422.0535655,1.0,-4.0,-63.0
1775635422.0635655,0.0,-4.0,-65.0
1775635422.0735655,0.0,-4.0,-72.0
1775635422.0835657,0.0,-2.0,-78.0
1775635422.0935657,-1.0,2.0,-77.0
1775635422.1045654,-2.0,0.0,-75.0
1775635422.1145654,0.0,2.0,-71.0
1775635422.1235654,-1.0,2.0,-72.0
1775635422.1345654,0.0,0.0,-69.0
1775635422.144565,4.0,-2.0,-70.0
1775635422.154565,6.0,-5.0,-72.0
1775635422.164565,2.0,-5.0,-74.0
1775635422.1745653,-2.0,-2.0,-70.0
1775635422.1845653,-5.0,0.0,-63.0
1775635422.1945653,-3.0,0.0,-66.0
1775635422.2045653,-1.0,0.0,-66.0
1775635422.2145653,-3.0,-1.0,-68.0
1775635422.2245653,-4.0,-1.0,-70.0
1775635422.2345655,-5.0,-4.0,-76.0
1775635422.2445655,-6.0,-4.0,-75.0
1775635422.2545657,-7.0,-1.0,-70.0
1775635422.2645657,-3.0,-2.0,-70.0
1775635422.2745657,-4.0,-1.0,-64.0
1775635422.2845654,-2.0,0.0,-64.0
1775635422.2945654,-1.0,1.0,-62.0
1775635422.3045654,1.0,0.0,-61.0
1775635422.3145654,-2.0,0.0,-67.0
1775635422.3245654,-6.0,1.0,-65.0
1775635422.3345654,-3.0,2.0,-61.0
1775635422.3445654,0.0,-1.0,-62.0
1775635422.3545654,-2.0,-3.0,-62.0
1775635422.3645654,-3.0,-5.0,-59.0
1775635422.3745654,-1.0,-3.0,-63.0
1775635422.3845654,0.0,-1.0,-57.0
1775635422.394565,0.0,0.0,-63.0
1775635422.404565,0.0,0.0,-64.0
1775635422.414565,0.0,0.0,-69.0
1775635422.4245653,3.0,0.0,-69.0
1775635422.4345653,5.0,1.0,-68.0
1775635422.4445653,3.0,-1.0,-60.0
1775635422.4545653,3.0,-3.0,-58.0
1775635422.4645653,2.0,-2.0,-61.0
1775635422.4745653,8.0,-4.0,-60.0
1775635422.4845655,6.0,-3.0,-61.0
1775635422.4945655,4.0,0.0,-56.0
1775635422.5045657,7.0,-2.0,-59.0
1775635422.5145657,5.0,0.0,-65.0
1775635422.5245657,1.0,0.0,-64.0
1775635422.5345654,1.0,-1.0,-64.0
1775635422.5445654,7.0,0.0,-71.0
1775635422.5545654,7.0,3.0,-66.0
1775635422.5645654,2.0,5.0,-61.0
1775635422.5745654,4.0,5.0,-63.0
1775635422.5845654,-1.0,3.0,-59.0
1775635422.5945654,-4.0,1.0,-59.0
1775635422.6045654,-2.0,0.0,-66.0
1775635422.6145654,-4.0,-1.0,-66.0
1775635422.6245654,-5.0,-2.0,-65.0
1775635422.6345654,-5.0,-1.0,-66.0
1775635422.644565,-6.0,0.0,-68.0
1775635422.654565,-1.0,0.0,-67.0
1775635422.664565,-1.0,0.0,-70.0
1775635422.6745653,-3.0,-4.0,-72.0
1775635422.6845653,0.0,-4.0,-67.0
1775635422.6945653,1.0,-1.0,-72.0
1775635422.7045653,1.0,1.0,-78.0
1775635422.7145653,3.0,4.0,-81.0
1775635422.7245653,2.0,6.0,-79.0
1775635422.7345655,2.0,2.0,-76.0
1775635422.7445655,4.0,-3.0,-67.0
1775635422.7545657,0.0,-8.0,-67.0
1775635422.7645657,0.0,-9.0,-69.0
1775635422.7745657,-4.0,-7.0,-76.0
1775635422.7845654,-6.0,-9.0,-77.0
1775635422.7945654,-3.0,-6.0,-73.0
1775635422.8045654,-3.0,-4.0,-64.0
1775635422.8145654,1.0,0.0,-64.0
1775635422.8245654,0.0,-1.0,-62.0
1775635422.8345654,3.0,-2.0,-67.0
1775635422.8445654,6.0,0.0,-67.0
1775635422.8545654,9.0,0.0,-65.0
1775635422.8645654,10.0,-1.0,-68.0
1775635422.8745654,12.0,-3.0,-68.0
1775635422.8845654,8.0,-3.0,-63.0
1775635422.894565,6.0,-1.0,-58.0
1775635422.904565,5.0,-2.0,-62.0
1775635422.914565,8.0,-6.0,-61.0
1775635422.9245653,8.0,-8.0,-62.0
1775635422.9345653,7.0,-4.0,-65.0
1775635422.9445653,0.0,-3.0,-67.0
1775635422.9545653,0.0,-2.0,-64.0
1775635422.9645653,4.0,0.0,-59.0
1775635422.9745653,5.0,3.0,-59.0
1775635422.9845655,3.0,3.0,-65.0
1775635422.9945655,5.0,3.0,-70.0
1775635423.0045657,10.0,5.0,-70.0
1775635423.0145657,7.0,0.0,-76.0
1775635423.0245657,7.0,-1.0,-76.0
1775635423.0345654,8.0,-6.0,-73.0
1775635423.0445654,11.0,-10.0,-71.0
1775635423.0545654,8.0,-11.0,-76.0
1775635423.0645654,1.0,-5.0,-69.0
1775635423.0745654,4.0,-4.0,-62.0
1775635423.0845654,2.0,-1.0,-69.0
1775635423.0945654,4.0,-2.0,-60.0
1775635423.1045654,3.0,-1.0,-62.0
1775635423.1145654,3.0,2.0,-66.0
1775635423.1245654,1.0,3.0,-63.0
1775635423.1345654,0.0,1.0,-63.0
1775635423.144565,-1.0,5.0,-60.0
1775635423.154565,-4.0,2.0,-62.0
1775635423.164565,-8.0,4.0,-60.0
1775635423.1745653,-8.0,0.0,-63.0
1775635423.1845653,-7.0,-1.0,-72.0
1775635423.1945653,-6.0,1.0,-71.0
1775635423.2045653,-2.0,0.0,-74.0
1775635423.2145653,-6.0,-2.0,-74.0
1775635423.2245653,0.0,0.0,-70.0
1775635423.2345655,0.0,-1.0,-67.0
1775635423.2445655,-3.0,-1.0,-64.0
1775635423.2545657,0.0,1.0,-69.0
1775635423.2645657,4.0,0.0,-68.0
1775635423.2745657,3.0,0.0,-73.0
1775635423.2845654,3.0,-1.0,-77.0
1775635423.2945654,0.0,-1.0,-72.0
1775635423.3045654,-3.0,-2.0,-66.0
1775635423.3145654,-1.0,-3.0,-70.0
1775635423.3245654,-3.0,-2.0,-73.0
1775635423.3345654,-1.0,0.0,-71.0
1775635423.3445654,2.0,-3.0,-70.0
1775635423.3545654,7.0,-7.0,-66.0
1775635423.3645654,3.0,-7.0,-64.0
1775635423.3745654,-3.0,-7.0,-68.0
1775635423.3845654,-3.0,-7.0,-67.0
1775635423.394565,1.0,-5.0,-63.0
1775635423.404565,-2.0,-3.0,-60.0
1775635423.414565,-3.0,0.0,-67.0
1775635423.4245653,-3.0,1.0,-65.0
1775635423.4345653,-1.0,1.0,-65.0
1775635423.4445653,0.0,-2.0,-64.0
1775635423.4545653,4.0,-1.0,-64.0
1775635423.4645653,0.0,1.0,-65.0
1775635423.4745653,-4.0,-1.0,-71.0
1775635423.4845655,-6.0,-2.0,-77.0
1775635423.4945655,-5.0,-4.0,-74.0
1775635423.5045657,-3.0,-6.0,-74.0
1775635423.5145657,-2.0,-6.0,-71.0
1775635423.5245657,0.0,-1.0,-73.0
1775635423.5345654,0.0,-2.0,-77.0
1775635423.5445654,-2.0,-3.0,-69.0
1775635423.5545654,-3.0,-4.0,-71.0
1775635423.5645654,0.0,-6.0,-68.0
1775635423.5745654,3.0,-7.0,-67.0
1775635423.5845654,0.0,-8.0,-64.0
1775635423.5945654,-1.0,-9.0,-60.0
1775635423.6045654,-3.0,-11.0,-61.0
1775635423.6145654,2.0,-9.0,-65.0
1775635423.6245654,0.0,-5.0,-67.0
1775635423.6345654,1.0,-1.0,-68.0
1775635423.644565,4.0,0.0,-71.0
1775635423.654565,2.0,2.0,-66.0
1775635423.664565,1.0,-1.0,-74.0
1775635423.6745653,0.0,-2.0,-78.0
1775635423.6845653,0.0,-2.0,-82.0
1775635423.6945653,-1.0,0.0,-76.0
1775635423.7045653,-1.0,-1.0,-73.0
1775635423.7145653,-4.0,-1.0,-79.0
1775635423.7245653,-8.0,-1.0,-79.0
1775635423.7345655,-4.0,1.0,-76.0
1775635423.7445655,-4.0,0.0,-69.0
1775635423.7545657,0.0,3.0,-68.0
1775635423.7645657,1.0,2.0,-73.0
1775635423.7745657,-1.0,1.0,-65.0
1775635423.7845654,-6.0,-1.0,-68.0
1775635423.7945654,-4.0,0.0,-65.0
1775635423.8045654,-5.0,-3.0,-70.0
1775635423.8145654,-1.0,0.0,-67.0
1775635423.8245654,0.0,-2.0,-60.0
1775635423.8345654,-3.0,-4.0,-62.0
1775635423.8445654,-1.0,2.0,-67.0
1775635423.8545654,-4.0,2.0,-69.0
1775635423.8645654,-5.0,0.0,-69.0
1775635423.8745654,-2.0,2.0,-62.0
1775635423.8845654,-1.0,0.0,-67.0
1775635423.894565,0.0,2.0,-66.0
1775635423.904565,2.0,5.0,-63.0
1775635423.914565,3.0,4.0,-64.0
1775635423.9245653,3.0,2.0,-72.0
1775635423.9345653,-1.0,1.0,-72.0
1775635423.9445653,0.0,1.0,-73.0
1775635423.9545653,-1.0,4.0,-71.0
1775635423.9645653,0.0,2.0,-73.0
1775635423.9745653,0.0,0.0,-63.0
1775635423.9845655,-2.0,2.0,-65.0
1775635423.9945655,-1.0,1.0,-61.0
1775635424.0045657,-2.0,1.0,-58.0
1775635424.0145657,0.0,1.0,-57.0
1775635424.0245657,0.0,0.0,-58.0
1775635424.0345654,-4.0,-1.0,-60.0
1775635424.0445654,0.0,0.0,-68.0
1775635424.0545654,0.0,-3.0,-68.0
1775635424.0645654,-1.0,-2.0,-68.0
1775635424.0745654,-5.0,0.0,-65.0
1775635424.0845654,-6.0,0.0,-65.0
1775635424.0945654,-4.0,0.0,-65.0
1775635424.1045654,-5.0,0.0,-68.0
1775635424.1145654,-7.0,0.0,-66.0
1775635424.1245654,-9.0,0.0,-66.0
1775635424.1345654,-3.0,0.0,-68.0
1775635424.144565,0.0,0.0,-63.0
1775635424.154565,2.0,3.0,-62.0
1775635424.164565,3.0,1.0,-63.0
1775635424.1745653,0.0,1.0,-67.0
1775635424.1845653,0.0,0.0,-72.0
1775635424.1945653,-3.0,0.0,-70.0
1775635424.2045653,-1.0,-2.0,-69.0
1775635424.2145653,-2.0,2.0,-69.0
1775635424.2245653,-2.0,3.0,-64.0
1775635424.2345655,0.0,1.0,-69.0
1775635424.2445655,0.0,2.0,-67.0
1775635424.2545657,0.0,1.0,-61.0
1775635424.2645657,3.0,-3.0,-65.0
1775635424.2745657,1.0,-4.0,-63.0
1775635424.2845654,4.0,-2.0,-67.0
1775635424.2945654,3.0,-3.0,-68.0
1775635424.3045654,1.0,0.0,-70.0
1775635424.3145654,1.0,-7.0,-72.0
1775635424.3245654,1.0,-6.0,-65.0
1775635424.3345654,-3.0,-6.0,-67.0
1775635424.3445654,-1.0,-4.0,-60.0
1775635424.3545654,-3.0,-5.0,-63.0
1775635424.3645654,-2.0,-8.0,-73.0
1775635424.3745654,-6.0,-9.0,-69.0
1775635424.3845654,-3.0,-5.0,-72.0
1775635424.394565,0.0,-4.0,-66.0
1775635424.404565,3.0,0.0,-63.0
1775635424.414565,-1.0,2.0,-60.0
1775635424.4245653,-2.0,3.0,-61.0
1775635424.4345653,-1.0,2.0,-57.0
1775635424.4455657,1.0,0.0,-61.0
1775635424.4545653,2.0,0.0,-68.0
1775635424.4655654,2.0,0.0,-72.0
1775635424.4755654,2.0,1.0,-73.0
1775635424.4855654,2.0,-3.0,-68.0
1775635424.4955654,1.0,-1.0,-71.0
1775635424.5055654,0.0,-2.0,-72.0
1775635424.5155654,0.0,-2.0,-69.0
1775635424.5255654,5.0,-1.0,-68.0
1775635424.5355654,6.0,0.0,-73.0
1775635424.5455654,5.0,-3.0,-77.0
1775635424.5555654,3.0,-3.0,-75.0
1775635424.565565,6.0,-4.0,-76.0
1775635424.575565,5.0,3.0,-73.0
1775635424.585565,2.0,3.0,-71.0
1775635424.5955653,1.0,5.0,-73.0
1775635424.6055653,2.0,2.0,-76.0
1775635424.6155653,4.0,1.0,-74.0
1775635424.6255653,3.0,0.0,-80.0
1775635424.6355653,6.0,3.0,-76.0
1775635424.6455653,2.0,0.0,-72.0
1775635424.6555655,0.0,-1.0,-68.0
1775635424.6655655,0.0,-2.0,-72.0
1775635424.6755655,2.0,1.0,-74.0
1775635424.6855657,2.0,0.0,-68.0
1775635424.6955657,0.0,2.0,-67.0
1775635424.7055657,0.0,4.0,-62.0
1775635424.7155654,0.0,4.0,-64.0
1775635424.7255654,-4.0,3.0,-64.0
1775635424.7355654,-1.0,-1.0,-61.0
1775635424.7455654,-2.0,-2.0,-66.0
1775635424.7555654,1.0,-3.0,-72.0
1775635424.7655654,5.0,-2.0,-74.0
1775635424.7755654,4.0,-2.0,-70.0
1775635424.7855654,1.0,0.0,-65.0
1775635424.7955654,0.0,-1.0,-61.0
1775635424.8055654,1.0,-3.0,-61.0
1775635424.815565,0.0,-6.0,-61.0
1775635424.825565,-4.0,-6.0,-64.0
1775635424.835565,0.0,-4.0,-64.0
1775635424.8455653,1.0,-2.0,-59.0
1775635424.8555653,3.0,-2.0,-58.0
1775635424.8655653,0.0,-4.0,-56.0
1775635424.8755653,0.0,-3.0,-59.0
1775635424.8855653,2.0,-5.0,-58.0
1775635424.8955653,1.0,-8.0,-65.0
1775635424.9055655,-1.0,-5.0,-59.0
1775635424.9155655,-6.0,-2.0,-51.0
1775635424.9255655,-5.0,0.0,-50.0
1775635424.9355657,-2.0,0.0,-55.0
1775635424.9455657,-1.0,-1.0,-54.0
1775635424.9555657,1.0,-2.0,-55.0
1775635424.9655654,0.0,-2.0,-55.0
1775635424.9755654,4.0,-2.0,-56.0
1775635424.9855654,3.0,-5.0,-61.0
1775635424.9955654,0.0,-6.0,-63.0
1775635425.0055654,-5.0,-7.0,-63.0
1775635425.0155654,-3.0,-5.0,-67.0
1775635425.0255654,-4.0,-2.0,-69.0
1775635425.0355654,-8.0,-5.0,-71.0
1775635425.0455654,-1.0,-5.0,-73.0
1775635425.0555654,-2.0,-2.0,-66.0
1775635425.065565,-2.0,-5.0,-74.0
1775635425.075565,-2.0,-4.0,-79.0
1775635425.085565,1.0,-6.0,-76.0
1775635425.0955653,4.0,-6.0,-75.0
1775635425.1055653,3.0,-1.0,-79.0
1775635425.1155653,5.0,-3.0,-79.0
1775635425.1255653,8.0,0.0,-76.0
1775635425.1355653,4.0,1.0,-76.0
1775635425.1455653,0.0,1.0,-81.0
1775635425.1555655,-4.0,1.0,-83.0
1775635425.1655655,-3.0,-3.0,-77.0
1775635425.1755655,-2.0,-1.0,-76.0
1775635425.1855657,-5.0,-1.0,-71.0
1775635425.1955657,-5.0,0.0,-69.0
1775635425.2055657,-3.0,1.0,-66.0
1775635425.2155654,-7.0,1.0,-66.0
1775635425.2255654,-2.0,1.0,-62.0
1775635425.2355654,-2.0,0.0,-67.0
1775635425.2455654,-4.0,-5.0,-63.0
1775635425.2555654,-2.0,-6.0,-57.0
1775635425.2655654,0.0,-3.0,-57.0
1775635425.2755654,1.0,-1.0,-57.0
1775635425.2855654,2.0,-3.0,-69.0
1775635425.2955654,4.0,-6.0,-70.0
1775635425.3055654,0.0,-7.0,-71.0
1775635425.315565,-1.0,-8.0,-69.0
1775635425.325565,-3.0,-3.0,-74.0
1775635425.335565,-2.0,-8.0,-71.0
1775635425.3455653,-3.0,-4.0,-69.0
1775635425.3555653,0.0,-3.0,-68.0
1775635425.3655653,-2.0,-7.0,-62.0
1775635425.3755653,-3.0,-8.0,-65.0
1775635425.3855653,-1.0,-9.0,-66.0
1775635425.3955653,0.0,-5.0,-66.0
1775635425.4055655,4.0,0.0,-67.0
1775635425.4155655,2.0,-2.0,-71.0
1775635425.4255655,6.0,-3.0,-69.0
1775635425.4355657,3.0,0.0,-74.0
1775635425.4455657,0.0,-1.0,-76.0
1775635425.4555657,-2.0,0.0,-72.0
1775635425.4665654,1.0,1.0,-78.0
1775635425.4755654,7.0,3.0,-69.0
1775635425.4855654,8.0,6.0,-65.0
1775635425.4955654,3.0,3.0,-62.0
1775635425.5055654,8.0,4.0,-68.0
1775635425.5155654,4.0,4.0,-73.0
1775635425.5255654,4.0,4.0,-70.0
1775635425.5355654,5.0,5.0,-70.0
1775635425.5455654,7.0,2.0,-73.0
1775635425.5555654,6.0,1.0,-77.0
1775635425.565565,4.0,-3.0,-76.0
1775635425.575565,3.0,-1.0,-78.0
1775635425.585565,1.0,-4.0,-84.0
1775635425.5955653,-1.0,-5.0,-79.0
1775635425.6055653,0.0,-3.0,-67.0
1775635425.6155653,0.0,5.0,-61.0
1775635425.6255653,0.0,9.0,-59.0
1775635425.6355653,0.0,2.0,-62.0
1775635425.6455653,0.0,-1.0,-64.0
1775635425.6555655,0.0,2.0,-66.0
1775635425.6655655,-3.0,2.0,-63.0
1775635425.6755655,-4.0,0.0,-61.0
1775635425.6855657,-2.0,0.0,-66.0
1775635425.6955657,-2.0,-1.0,-69.0
1775635425.7055657,-5.0,-4.0,-70.0
1775635425.7155654,-4.0,-2.0,-67.0
1775635425.7255654,-2.0,0.0,-65.0
1775635425.7355654,-5.0,1.0,-69.0
1775635425.7455654,0.0,3.0,-76.0
1775635425.7555654,2.0,2.0,-69.0
1775635425.7655654,2.0,2.0,-74.0
1775635425.7755654,1.0,3.0,-70.0
1775635425.7855654,2.0,5.0,-64.0
1775635425.7955654,3.0,4.0,-63.0
1775635425.8055654,0.0,1.0,-60.0
1775635425.815565,-3.0,-2.0,-56.0
1775635425.825565,-2.0,-3.0,-51.0
1775635425.835565,-2.0,1.0,-53.0
1775635425.8455653,-5.0,1.0,-56.0
1775635425.8555653,0.0,0.0,-61.0
1775635425.8655653,2.0,3.0,-63.0
1775635425.8755653,0.0,0.0,-63.0
1775635425.8855653,1.0,-4.0,-55.0
1775635425.8955653,3.0,-2.0,-51.0
1775635425.9055655,1.0,0.0,-59.0
1775635425.9155655,-1.0,0.0,-61.0
1775635425.9255655,-1.0,-1.0,-66.0
1775635425.9355657,0.0,-3.0,-62.0
1775635425.9455657,-3.0,-3.0,-59.0
1775635425.9555657,-7.0,-1.0,-58.0
1775635425.9655654,-3.0,-1.0,-61.0
1775635425.9755654,-3.0,-4.0,-57.0
1775635425.9855654,0.0,-3.0,-56.0
1775635425.9955654,-5.0,0.0,-61.0
1775635426.0055654,-7.0,2.0,-65.0
1775635426.0155654,-5.0,4.0,-59.0
1775635426.0255654,-5.0,2.0,-60.0
1775635426.0355654,-4.0,0.0,-66.0
1775635426.0455654,-7.0,1.0,-64.0
1775635426.0555654,-6.0,0.0,-65.0
1775635426.065565,0.0,0.0,-66.0
1775635426.075565,0.0,-4.0,-64.0
1775635426.085565,-1.0,-3.0,-73.0
1775635426.0955653,-5.0,-1.0,-66.0
1775635426.1055653,-7.0,-1.0,-67.0
1775635426.1155653,-11.0,-1.0,-70.0
1775635426.1255653,-13.0,-4.0,-74.0
1775635426.1355653,-9.0,-7.0,-74.0
1775635426.1455653,-4.0,-8.0,-70.0
1775635426.1555655,2.0,-6.0,-74.0
1775635426.1655655,2.0,-3.0,-70.0
1775635426.1755655,0.0,-3.0,-60.0
1775635426.1855657,3.0,-3.0,-62.0
1775635426.1955657,4.0,-2.0,-65.0
1775635426.2055657,3.0,0.0,-63.0
1775635426.2155654,0.0,-3.0,-64.0
1775635426.2255654,-1.0,-6.0,-62.0
1775635426.2355654,-2.0,-3.0,-63.0
1775635426.2455654,2.0,-3.0,-62.0
1775635426.2555654,1.0,0.0,-60.0
1775635426.2655654,2.0,2.0,-64.0
1775635426.2755654,1.0,2.0,-58.0
1775635426.2855654,3.0,3.0,-62.0
1775635426.2955654,2.0,0.0,-71.0
1775635426.3055654,8.0,-1.0,-67.0
1775635426.315565,5.0,4.0,-76.0
1775635426.325565,7.0,4.0,-72.0
1775635426.335565,6.0,3.0,-70.0
1775635426.3455653,5.0,3.0,-69.0
1775635426.3555653,-1.0,0.0,-71.0
1775635426.3655653,0.0,-1.0,-72.0
1775635426.3755653,-1.0,-1.0,-75.0
1775635426.3855653,-2.0,0.0,-78.0
1775635426.3955653,-2.0,-1.0,-80.0
1775635426.4055655,-1.0,-4.0,-76.0
1775635426.4155655,-1.0,-3.0,-77.0
1775635426.4255655,-5.0,0.0,-76.0
1775635426.4365654,-7.0,-2.0,-79.0
1775635426.4455657,-6.0,-2.0,-76.0
1775635426.4555657,-4.0,-4.0,-73.0
1775635426.4655654,-4.0,-5.0,-71.0
1775635426.4755654,3.0,-3.0,-70.0
1775635426.4855654,3.0,0.0,-70.0
1775635426.4955654,5.0,1.0,-66.0
1775635426.5055654,6.0,-1.0,-60.0
1775635426.5155654,6.0,0.0,-65.0
1775635426.5255654,5.0,4.0,-57.0
1775635426.5355654,3.0,4.0,-58.0
1775635426.5455654,7.0,6.0,-62.0
1775635426.5555654,7.0,4.0,-66.0
1775635426.565565,12.0,0.0,-69.0
1775635426.575565,11.0,1.0,-73.0
1775635426.585565,7.0,1.0,-78.0
1775635426.5955653,3.0,1.0,-74.0
1775635426.6055653,3.0,0.0,-70.0
1775635426.6155653,8.0,2.0,-67.0
1775635426.6255653,8.0,0.0,-66.0
1775635426.6355653,1.0,-2.0,-67.0
1775635426.6455653,0.0,-3.0,-69.0
1775635426.6555655,6.0,-1.0,-67.0
1775635426.6655655,5.0,-1.0,-67.0
1775635426.6755655,4.0,0.0,-65.0
1775635426.6855657,5.0,-4.0,-68.0
1775635426.6955657,1.0,-5.0,-69.0
1775635426.7055657,0.0,-4.0,-73.0
1775635426.7165654,-3.0,-8.0,-71.0
1775635426.7265654,-4.0,-5.0,-71.0
1775635426.7355654,0.0,-8.0,-65.0
1775635426.7455654,-1.0,-7.0,-69.0
1775635426.756565,1.0,-7.0,-73.0
1775635426.766565,3.0,-4.0,-64.0
1775635426.7765653,0.0,-6.0,-61.0
1775635426.7865653,-2.0,-8.0,-52.0
1775635426.7965653,0.0,-5.0,-52.0
1775635426.8065653,-1.0,-10.0,-57.0
1775635426.8165653,-1.0,-9.0,-57.0
1775635426.8265653,-4.0,-8.0,-56.0
1775635426.8365655,-5.0,-7.0,-56.0
1775635426.8465655,-1.0,-7.0,-58.0
1775635426.8565657,1.0,-6.0,-63.0
1775635426.8665657,-1.0,-6.0,-61.0
1775635426.8765657,0.0,-3.0,-67.0
1775635426.8865654,-7.0,-3.0,-67.0
1775635426.8965654,-8.0,-5.0,-66.0
1775635426.9065654,-8.0,-2.0,-73.0
1775635426.9165654,-3.0,0.0,-68.0
1775635426.9265654,0.0,-2.0,-71.0
1775635426.9365654,0.0,-3.0,-72.0
1775635426.9465654,-1.0,-4.0,-67.0
1775635426.9565654,1.0,-8.0,-69.0
1775635426.9665654,7.0,-6.0,-72.0
1775635426.9765654,9.0,-5.0,-70.0
1775635426.9865654,7.0,-3.0,-70.0
1775635426.996565,3.0,0.0,-72.0
1775635427.006565,-1.0,-2.0,-69.0
1775635427.016565,-1.0,-2.0,-63.0
1775635427.0265653,-1.0,0.0,-62.0
1775635427.0365653,-3.0,2.0,-69.0
1775635427.0465653,-2.0,6.0,-71.0
1775635427.0565653,-4.0,5.0,-68.0
1775635427.0665653,-8.0,5.0,-70.0
1775635427.0765653,-10.0,4.0,-61.0
1775635427.0865655,-9.0,5.0,-61.0
1775635427.0965655,-8.0,4.0,-69.0
1775635427.1065657,-13.0,6.0,-72.0
1775635427.1165657,-12.0,5.0,-70.0
1775635427.1265657,-8.0,4.0,-66.0
1775635427.1365654,-4.0,4.0,-73.0
1775635427.1465654,4.0,4.0,-72.0
1775635427.1565654,4.0,2.0,-67.0
1775635427.1665654,3.0,-2.0,-67.0
1775635427.1765654,1.0,-5.0,-73.0
1775635427.1865654,-1.0,0.0,-72.0
1775635427.1965654,0.0,0.0,-75.0
1775635427.2065654,3.0,0.0,-72.0
1775635427.2165654,0.0,-2.0,-69.0
1775635427.2265654,-4.0,-1.0,-62.0
1775635427.2365654,-7.0,1.0,-63.0
1775635427.246565,-9.0,4.0,-58.0
1775635427.256565,-6.0,3.0,-65.0
1775635427.266565,-4.0,4.0,-67.0
1775635427.2765653,-6.0,4.0,-63.0
1775635427.2865653,-6.0,4.0,-58.0
1775635427.2965653,-7.0,2.0,-55.0
1775635427.3065653,-5.0,1.0,-57.0
1775635427.3165653,-4.0,-1.0,-62.0
1775635427.3265653,-6.0,0.0,-64.0
1775635427.3365655,-6.0,0.0,-63.0
1775635427.3465655,0.0,-1.0,-68.0
1775635427.3565657,0.0,-3.0,-72.0
1775635427.3665657,-6.0,0.0,-64.0
1775635427.3765657,0.0,0.0,-60.0
1775635427.3865654,-4.0,0.0,-62.0
1775635427.3965654,-3.0,1.0,-61.0
1775635427.4065654,-1.0,1.0,-61.0
1775635427.4165654,-1.0,-2.0,-62.0
1775635427.4265654,-3.0,-4.0,-69.0
1775635427.4365654,-6.0,-2.0,-69.0
1775635427.4465654,-8.0,0.0,-68.0
1775635427.4565654,-5.0,3.0,-64.0
1775635427.4665654,-5.0,0.0,-64.0
1775635427.4765654,-4.0,3.0,-72.0
1775635427.4865654,-6.0,0.0,-73.0
1775635427.496565,-4.0,0.0,-73.0
1775635427.506565,0.0,3.0,-71.0
1775635427.516565,1.0,1.0,-67.0
1775635427.5265653,5.0,0.0,-66.0
1775635427.5365653,7.0,1.0,-65.0
1775635427.5465653,1.0,-2.0,-64.0
1775635427.5565653,0.0,-3.0,-60.0
1775635427.5665653,2.0,0.0,-53.0
1775635427.5765653,1.0,0.0,-59.0
1775635427.5865655,3.0,0.0,-64.0
1775635427.5965655,0.0,-1.0,-66.0
1775635427.6065657,2.0,-5.0,-67.0
1775635427.6165657,2.0,-4.0,-65.0
1775635427.6265657,0.0,-2.0,-63.0
1775635427.6365654,-3.0,-2.0,-66.0
1775635427.6465654,-2.0,1.0,-64.0
1775635427.6565654,2.0,-1.0,-63.0
1775635427.6665654,4.0,-3.0,-61.0
1775635427.6765654,8.0,-4.0,-61.0
1775635427.6865654,10.0,-5.0,-64.0
1775635427.6965654,5.0,-8.0,-72.0
1775635427.7065654,0.0,-6.0,-76.0
1775635427.7165654,-5.0,-3.0,-77.0
1775635427.7265654,0.0,-6.0,-67.0
1775635427.7365654,4.0,-5.0,-65.0
1775635427.746565,2.0,-2.0,-72.0
1775635427.756565,1.0,-2.0,-73.0
1775635427.766565,-1.0,-2.0,-69.0
1775635427.7765653,0.0,0.0,-73.0
1775635427.7865653,-1.0,3.0,-72.0
1775635427.7965653,-4.0,-2.0,-72.0
1775635427.8065653,-2.0,-2.0,-69.0
1775635427.8165653,1.0,-4.0,-60.0
1775635427.8265653,-1.0,-3.0,-67.0
1775635427.8365655,-2.0,1.0,-66.0
1775635427.8465655,0.0,0.0,-67.0
1775635427.8565657,2.0,1.0,-62.0
1775635427.8665657,0.0,2.0,-64.0
1775635427.8765657,-3.0,0.0,-62.0
1775635427.8865654,0.0,-3.0,-68.0
1775635427.8965654,-1.0,-3.0,-72.0
1775635427.9065654,-4.0,0.0,-67.0
1775635427.9165654,-1.0,0.0,-64.0
1775635427.9265654,2.0,1.0,-64.0
1775635427.9365654,3.0,3.0,-66.0
1775635427.9465654,1.0,3.0,-75.0
1775635427.9565654,2.0,0.0,-76.0
1775635427.9665654,-5.0,-1.0,-72.0
1775635427.9765654,-10.0,-3.0,-75.0
1775635427.9865654,-13.0,0.0,-74.0
1775635427.996565,-9.0,-2.0,-78.0
1775635428.006565,-9.0,-4.0,-75.0
1775635428.016565,-7.0,-4.0,-65.0
1775635428.0265653,-7.0,-3.0,-60.0
1775635428.0365653,1.0,0.0,-58.0
1775635428.0465653,-1.0,5.0,-62.0
1775635428.0565653,-2.0,4.0,-66.0
1775635428.0665653,-1.0,6.0,-63.0
1775635428.0765653,0.0,7.0,-64.0
1775635428.0865655,-3.0,5.0,-69.0
1775635428.0965655,-1.0,0.0,-70.0
1775635428.1065657,0.0,0.0,-68.0
1775635428.1165657,-1.0,1.0,-70.0
1775635428.1265657,0.0,2.0,-72.0
1775635428.1365654,-4.0,0.0,-75.0
1775635428.1465654,-6.0,3.0,-78.0
1775635428.1565654,-2.0,2.0,-75.0
1775635428.1665654,-2.0,0.0,-65.0
1775635428.1765654,-4.0,-5.0,-67.0
1775635428.1865654,-1.0,-8.0,-67.0
1775635428.1965654,0.0,-7.0,-64.0
1775635428.2065654,-6.0,-6.0,-63.0
1775635428.2165654,-5.0,-7.0,-59.0
1775635428.2265654,-5.0,-9.0,-60.0
1775635428.2365654,-2.0,-6.0,-63.0
1775635428.246565,-7.0,-6.0,-65.0
1775635428.256565,-12.0,-4.0,-63.0
1775635428.266565,-14.0,-1.0,-61.0
1775635428.2765653,-9.0,-2.0,-68.0
1775635428.2865653,-6.0,-5.0,-69.0
1775635428.2965653,-2.0,-5.0,-69.0
1775635428.3065653,-4.0,0.0,-75.0
1775635428.3165653,-4.0,1.0,-75.0
1775635428.3265653,-7.0,6.0,-67.0
1775635428.3365655,-11.0,6.0,-65.0
1775635428.3465655,-11.0,1.0,-64.0
1775635428.3565657,-12.0,0.0,-65.0
1775635428.3665657,-9.0,0.0,-67.0
1775635428.3765657,-7.0,1.0,-68.0
1775635428.3865654,-4.0,4.0,-67.0
1775635428.3965654,1.0,0.0,-60.0
1775635428.4065654,0.0,-2.0,-60.0
1775635428.4165654,-3.0,0.0,-62.0
1775635428.4265654,-3.0,0.0,-65.0
1775635428.4365654,-6.0,0.0,-65.0
1775635428.4465654,-2.0,-1.0,-62.0
1775635428.4565654,-2.0,-5.0,-60.0
1775635428.4675653,-3.0,-7.0,-65.0
1775635428.4765654,-2.0,-5.0,-63.0
1775635428.4865654,1.0,-3.0,-63.0
1775635428.496565,2.0,-8.0,-56.0
1775635428.506565,0.0,-7.0,-61.0
1775635428.516565,-1.0,-6.0,-58.0
1775635428.5265653,0.0,-4.0,-64.0
1775635428.5365653,-3.0,-1.0,-62.0
1775635428.5465653,-1.0,0.0,-63.0
1775635428.5565653,0.0,0.0,-64.0
1775635428.5665653,-4.0,0.0,-60.0
1775635428.5765653,-2.0,-2.0,-70.0
1775635428.5865655,-1.0,-4.0,-71.0
1775635428.5965655,0.0,-2.0,-74.0
1775635428.6065657,0.0,0.0,-74.0
1775635428.6165657,5.0,1.0,-71.0
1775635428.6265657,3.0,1.0,-71.0
1775635428.6365654,7.0,1.0,-76.0
1775635428.6465654,5.0,0.0,-78.0
1775635428.6565654,9.0,0.0,-74.0
1775635428.6665654,8.0,0.0,-76.0
1775635428.6765654,0.0,2.0,-79.0
1775635428.6865654,-2.0,2.0,-74.0
1775635428.6965654,1.0,0.0,-73.0
1775635428.7065654,0.0,0.0,-80.0
1775635428.7165654,1.0,-3.0,-78.0
1775635428.7265654,0.0,-1.0,-76.0
1775635428.7365654,-5.0,1.0,-65.0
1775635428.746565,-3.0,0.0,-69.0
1775635428.756565,0.0,-4.0,-80.0
1775635428.766565,2.0,-6.0,-77.0
1775635428.7765653,1.0,-5.0,-73.0
1775635428.7865653,2.0,-5.0,-71.0
1775635428.7965653,8.0,-3.0,-77.0
1775635428.8065653,7.0,-2.0,-75.0
1775635428.8165653,2.0,-2.0,-79.0
1775635428.8265653,6.0,1.0,-75.0
1775635428.8365655,4.0,0.0,-67.0
1775635428.8465655,-2.0,-1.0,-67.0
1775635428.8565657,-2.0,4.0,-73.0
1775635428.8665657,-1.0,2.0,-78.0
1775635428.8765657,-4.0,-2.0,-77.0
1775635428.8865654,-7.0,-7.0,-79.0
1775635428.8965654,-5.0,-6.0,-80.0
1775635428.9065654,-2.0,-4.0,-82.0
1775635428.9165654,1.0,-1.0,-76.0
1775635428.9265654,0.0,-2.0,-74.0
1775635428.9365654,-1.0,-6.0,-77.0
1775635428.9465654,-3.0,-2.0,-70.0
1775635428.9565654,-3.0,1.0,-75.0
1775635428.9665654,-1.0,0.0,-75.0
1775635428.9765654,-3.0,-2.0,-74.0
1775635428.9865654,1.0,-2.0,-68.0
1775635428.996565,2.0,-1.0,-68.0
1775635429.006565,9.0,0.0,-67.0
1775635429.016565,6.0,-4.0,-69.0
1775635429.0265653,4.0,-4.0,-56.0
1775635429.0365653,-1.0,-6.0,-61.0
1775635429.0465653,0.0,-3.0,-71.0
1775635429.0565653,-2.0,-2.0,-72.0
1775635429.0665653,-1.0,-3.0,-70.0
1775635429.0775654,-2.0,0.0,-62.0
1775635429.0875654,-3.0,2.0,-61.0
1775635429.0975654,-6.0,6.0,-64.0
1775635429.1075654,-6.0,5.0,-66.0
1775635429.1175654,-3.0,10.0,-65.0
1775635429.1275654,-6.0,11.0,-67.0
1775635429.1375654,-4.0,9.0,-69.0
1775635429.1475654,-4.0,3.0,-64.0
1775635429.1575654,-2.0,-1.0,-65.0
1775635429.167565,-4.0,-5.0,-69.0
1775635429.177565,-6.0,-8.0,-72.0
1775635429.187565,-3.0,-11.0,-71.0
1775635429.1975653,-2.0,-5.0,-62.0
1775635429.2075653,-1.0,-5.0,-72.0
1775635429.2175653,-1.0,-9.0,-72.0
1775635429.2275653,-3.0,-9.0,-74.0
1775635429.2375653,-3.0,-5.0,-76.0
1775635429.2475653,-8.0,-3.0,-79.0
1775635429.2575655,-2.0,-3.0,-77.0
1775635429.2675655,-3.0,0.0,-81.0
1775635429.2775657,0.0,1.0,-81.0
1775635429.2875657,2.0,0.0,-84.0
1775635429.2975657,-1.0,3.0,-91.0
1775635429.3075657,3.0,0.0,-89.0
1775635429.3175654,5.0,0.0,-84.0
1775635429.3275654,4.0,0.0,-86.0
1775635429.3375654,7.0,0.0,-76.0
1775635429.3475654,7.0,4.0,-66.0
1775635429.3575654,6.0,3.0,-63.0
1775635429.3675654,7.0,3.0,-66.0
1775635429.3775654,5.0,5.0,-66.0
1775635429.3875654,6.0,-1.0,-69.0
1775635429.3975654,7.0,-2.0,-70.0
1775635429.4075654,4.0,0.0,-71.0
1775635429.417565,0.0,2.0,-80.0
1775635429.427565,0.0,0.0,-80.0
1775635429.437565,4.0,1.0,-78.0
1775635429.4475653,6.0,2.0,-73.0
1775635429.4575653,2.0,0.0,-67.0
1775635429.4675653,0.0,1.0,-61.0
1775635429.4775653,0.0,0.0,-64.0
1775635429.4875653,2.0,3.0,-69.0
1775635429.4975653,1.0,3.0,-65.0
1775635429.5075655,4.0,4.0,-64.0
1775635429.5175655,6.0,4.0,-60.0
1775635429.5275657,7.0,2.0,-59.0
1775635429.5375657,5.0,1.0,-57.0
1775635429.5475657,1.0,1.0,-57.0
1775635429.5575657,1.0,0.0,-57.0
1775635429.5675654,0.0,0.0,-59.0
1775635429.5775654,1.0,1.0,-62.0
1775635429.5875654,-1.0,1.0,-63.0
1775635429.5975654,4.0,0.0,-61.0
1775635429.6075654,8.0,-1.0,-70.0
1775635429.6175654,9.0,-3.0,-62.0
1775635429.6275654,6.0,-2.0,-61.0
1775635429.6375654,6.0,-2.0,-58.0
1775635429.6475654,3.0,0.0,-60.0
1775635429.6575654,3.0,3.0,-62.0
1775635429.667565,0.0,0.0,-68.0
1775635429.677565,-2.0,0.0,-67.0
1775635429.687565,-1.0,4.0,-69.0
1775635429.6975653,-2.0,8.0,-67.0
1775635429.7075653,-3.0,5.0,-61.0
1775635429.7175653,-2.0,5.0,-64.0
1775635429.7275653,-1.0,0.0,-72.0
1775635429.7375653,-4.0,1.0,-74.0
1775635429.7475653,-5.0,4.0,-69.0
1775635429.7575655,-7.0,3.0,-65.0
1775635429.7675655,-7.0,4.0,-64.0
1775635429.7775657,-3.0,-1.0,-66.0
1775635429.7875657,-5.0,-2.0,-66.0
1775635429.7975657,-4.0,-1.0,-65.0
1775635429.8075657,-5.0,-3.0,-63.0
1775635429.8175654,-4.0,-4.0,-66.0
1775635429.8275654,-3.0,-5.0,-67.0
1775635429.8375654,-5.0,-2.0,-64.0
1775635429.8475654,0.0,-3.0,-64.0
1775635429.8575654,1.0,-4.0,-62.0
1775635429.8675654,1.0,-5.0,-63.0
1775635429.8775654,0.0,-1.0,-62.0
1775635429.8875654,0.0,-1.0,-67.0
1775635429.8975654,0.0,-5.0,-73.0
1775635429.9075654,1.0,-2.0,-71.0
1775635429.917565,4.0,-3.0,-67.0
1775635429.927565,5.0,-3.0,-66.0
1775635429.937565,2.0,-1.0,-67.0
1775635429.9475653,-4.0,1.0,-67.0
1775635429.9575653,-3.0,1.0,-68.0
1775635429.9675653,-4.0,0.0,-71.0
1775635429.9775653,-3.0,2.0,-65.0
1775635429.9875653,-3.0,1.0,-62.0
1775635429.9975653,-3.0,1.0,-59.0
1775635430.0075655,-1.0,-1.0,-58.0
1775635430.0175655,0.0,-5.0,-61.0
1775635430.0275657,-2.0,-3.0,-64.0
1775635430.0375657,-1.0,-1.0,-66.0
1775635430.0475657,-5.0,-5.0,-68.0
1775635430.0575657,-4.0,-7.0,-71.0
1775635430.0675654,-4.0,-5.0,-66.0
1775635430.0775654,-4.0,-2.0,-63.0
1775635430.0875654,-6.0,-3.0,-64.0
1775635430.0975654,-4.0,-3.0,-64.0
1775635430.1075654,-4.0,-1.0,-58.0
1775635430.1175654,-2.0,-5.0,-55.0
1775635430.1275654,-2.0,-1.0,-57.0
1775635430.1375654,-1.0,0.0,-60.0
1775635430.1475654,-2.0,-5.0,-63.0
1775635430.1575654,-2.0,-8.0,-68.0
1775635430.167565,-2.0,-4.0,-71.0
1775635430.177565,-3.0,0.0,-71.0
1775635430.187565,-2.0,0.0,-71.0
1775635430.1975653,1.0,0.0,-60.0
1775635430.2075653,0.0,0.0,-68.0
1775635430.2175653,1.0,0.0,-71.0
1775635430.2275653,4.0,0.0,-75.0
1775635430.2375653,10.0,0.0,-74.0
1775635430.2475653,9.0,-1.0,-75.0
1775635430.2575655,8.0,-1.0,-77.0
1775635430.2675655,9.0,-5.0,-80.0
1775635430.2775657,5.0,0.0,-80.0
1775635430.2875657,0.0,0.0,-79.0
1775635430.2975657,-2.0,-2.0,-76.0
1775635430.3075657,-1.0,1.0,-69.0
1775635430.3175654,0.0,0.0,-69.0
1775635430.3275654,1.0,-5.0,-68.0
1775635430.3375654,0.0,-5.0,-65.0
1775635430.3475654,-3.0,-3.0,-63.0
1775635430.3575654,3.0,-1.0,-58.0
1775635430.3675654,5.0,-1.0,-58.0
1775635430.3775654,5.0,0.0,-61.0
1775635430.3875654,8.0,-3.0,-68.0
1775635430.3975654,3.0,-5.0,-72.0
1775635430.4075654,0.0,-3.0,-78.0
1775635430.417565,5.0,-4.0,-80.0
1775635430.427565,5.0,-6.0,-74.0
1775635430.437565,3.0,-6.0,-75.0
1775635430.4475653,4.0,-7.0,-70.0
1775635430.4575653,0.0,-10.0,-70.0
1775635430.4675653,1.0,-5.0,-67.0
1775635430.4775653,1.0,-4.0,-65.0
1775635430.4875653,0.0,-3.0,-65.0
1775635430.4975653,0.0,-1.0,-67.0
1775635430.5075655,1.0,-1.0,-62.0
1775635430.5175655,-3.0,-4.0,-65.0
1775635430.5275657,-2.0,-1.0,-70.0
1775635430.5375657,0.0,0.0,-71.0
1775635430.5475657,0.0,0.0,-72.0
1775635430.5575657,-3.0,1.0,-77.0
1775635430.5675654,-4.0,1.0,-79.0
1775635430.5775654,-3.0,2.0,-76.0
1775635430.5875654,-2.0,-2.0,-72.0
1775635430.5975654,-6.0,-1.0,-68.0
1775635430.6075654,-7.0,3.0,-65.0
1775635430.6175654,-4.0,3.0,-62.0
1775635430.6275654,-7.0,1.0,-60.0
1775635430.6375654,-7.0,-1.0,-63.0
1775635430.6475654,-7.0,-2.0,-61.0
1775635430.6575654,-8.0,-5.0,-63.0
1775635430.667565,-9.0,0.0,-70.0
1775635430.677565,-6.0,-3.0,-68.0
1775635430.687565,0.0,-4.0,-73.0
1775635430.6975653,0.0,-6.0,-76.0
1775635430.7075653,0.0,-4.0,-74.0
1775635430.7175653,1.0,-4.0,-68.0
1775635430.7275653,4.0,-5.0,-70.0
1775635430.7375653,5.0,-3.0,-72.0
1775635430.7475653,2.0,-1.0,-77.0
1775635430.7575655,0.0,1.0,-79.0
1775635430.7675655,5.0,5.0,-74.0
1775635430.7775657,4.0,2.0,-76.0
1775635430.7875657,4.0,1.0,-79.0
1775635430.7975657,-1.0,5.0,-73.0
1775635430.8075657,-3.0,11.0,-75.0
1775635430.8175654,-1.0,8.0,-73.0
1775635430.8275654,1.0,7.0,-75.0
1775635430.8375654,-3.0,4.0,-76.0
1775635430.8475654,-2.0,1.0,-71.0
1775635430.8575654,-1.0,-1.0,-66.0
1775635430.8675654,0.0,-7.0,-67.0
1775635430.8775654,1.0,-8.0,-71.0
1775635430.8875654,2.0,-5.0,-67.0
1775635430.8975654,2.0,-6.0,-63.0
1775635430.9075654,0.0,-6.0,-62.0
1775635430.917565,-2.0,-2.0,-65.0
1775635430.927565,-4.0,-2.0,-68.0
1775635430.937565,-9.0,2.0,-69.0
1775635430.9475653,-4.0,3.0,-71.0
1775635430.9575653,-1.0,4.0,-73.0
1775635430.9675653,1.0,2.0,-70.0
1775635430.9775653,-1.0,1.0,-65.0
1775635430.9875653,-4.0,2.0,-65.0
1775635430.9975653,-4.0,0.0,-59.0
1775635431.0075655,-6.0,-3.0,-58.0
1775635431.0175655,-7.0,-6.0,-59.0
1775635431.0275657,-6.0,-5.0,-66.0
1775635431.0375657,-1.0,-5.0,-71.0
1775635431.0475657,2.0,0.0,-67.0
1775635431.0575657,4.0,0.0,-61.0
1775635431.0675654,3.0,-3.0,-57.0
1775635431.0775654,6.0,-6.0,-66.0
1775635431.0875654,2.0,-4.0,-68.0
1775635431.0975654,1.0,-4.0,-70.0
1775635431.1075654,3.0,0.0,-71.0
1775635431.1175654,-3.0,0.0,-73.0
1775635431.1275654,0.0,-2.0,-66.0
1775635431.1375654,-2.0,-3.0,-69.0
1775635431.1475654,0.0,-2.0,-74.0
1775635431.1575654,0.0,-4.0,-81.0
1775635431.167565,-1.0,0.0,-76.0
1775635431.177565,2.0,0.0,-74.0
1775635431.187565,0.0,0.0,-73.0
1775635431.1975653,0.0,-3.0,-67.0
1775635431.2075653,-2.0,-8.0,-72.0
1775635431.2175653,3.0,-11.0,-79.0
1775635431.2275653,2.0,-9.0,-78.0
1775635431.2375653,0.0,-6.0,-81.0
1775635431.2475653,-1.0,-5.0,-74.0
1775635431.2575655,-1.0,-4.0,-72.0
1775635431.2675655,-2.0,-4.0,-72.0
1775635431.2775657,-1.0,-5.0,-66.0
1775635431.2875657,0.0,-6.0,-65.0
1775635431.2975657,0.0,-9.0,-71.0
1775635431.3075657,1.0,-9.0,-70.0
1775635431.3175654,0.0,0.0,-74.0
1775635431.3275654,1.0,0.0,-72.0
1775635431.3375654,0.0,3.0,-71.0
1775635431.3475654,3.0,3.0,-69.0
1775635431.3575654,9.0,1.0,-64.0
1775635431.3675654,8.0,0.0,-65.0
1775635431.3775654,6.0,0.0,-60.0
1775635431.3875654,3.0,-3.0,-59.0
1775635431.3975654,4.0,-3.0,-57.0
1775635431.4075654,4.0,-6.0,-63.0
1775635431.417565,5.0,-7.0,-65.0
1775635431.4285655,2.0,-7.0,-68.0
1775635431.4385655,1.0,-5.0,-65.0
1775635431.4485655,3.0,-3.0,-64.0
1775635431.4585657,3.0,-2.0,-67.0
1775635431.4685657,4.0,-1.0,-68.0
1775635431.4785657,4.0,1.0,-71.0
1775635431.4885654,5.0,2.0,-79.0
1775635431.4985654,8.0,-3.0,-75.0
1775635431.5085654,5.0,-5.0,-74.0
1775635431.5185654,3.0,-3.0,-68.0
1775635431.5285654,6.0,0.0,-65.0
1775635431.5385654,2.0,1.0,-75.0
1775635431.5485654,-1.0,4.0,-75.0
1775635431.5585654,-3.0,2.0,-74.0
1775635431.5685654,-1.0,2.0,-70.0
1775635431.5785654,-1.0,1.0,-67.0
1775635431.588565,-2.0,0.0,-74.0
1775635431.598565,-5.0,0.0,-72.0
1775635431.608565,-7.0,-2.0,-75.0
1775635431.618565,-6.0,-2.0,-74.0
1775635431.6285653,0.0,-2.0,-72.0
1775635431.6385653,0.0,-6.0,-76.0
1775635431.6485653,0.0,-3.0,-86.0
1775635431.6585653,-2.0,-7.0,-80.0
1775635431.6685653,-7.0,-4.0,-79.0
1775635431.6785655,-9.0,-4.0,-75.0
1775635431.6885655,-5.0,0.0,-67.0
1775635431.6985655,-4.0,5.0,-69.0
1775635431.7085657,-5.0,4.0,-70.0
1775635431.7185657,-4.0,3.0,-74.0
1775635431.7285657,-2.0,1.0,-72.0
1775635431.7385654,0.0,-3.0,-72.0
1775635431.7485654,-2.0,0.0,-74.0
1775635431.7585654,-5.0,-7.0,-68.0
1775635431.7685654,-4.0,-6.0,-70.0
1775635431.7785654,-5.0,-5.0,-65.0
1775635431.7885654,-3.0,-3.0,-70.0
1775635431.7985654,-6.0,-2.0,-75.0
1775635431.8085654,-3.0,-3.0,-80.0
1775635431.8185654,-7.0,-3.0,-75.0
1775635431.8285654,-10.0,-1.0,-69.0
1775635431.838565,-10.0,0.0,-66.0
1775635431.848565,-9.0,0.0,-66.0
1775635431.858565,-5.0,-2.0,-68.0
1775635431.868565,-4.0,-4.0,-65.0
1775635431.8785653,0.0,-2.0,-65.0
1775635431.8885653,1.0,-3.0,-65.0
1775635431.8985653,1.0,0.0,-69.0
1775635431.9085653,2.0,0.0,-62.0
1775635431.9185653,0.0,0.0,-64.0
1775635431.9285655,1.0,1.0,-65.0
1775635431.9385655,3.0,0.0,-63.0
1775635431.9485655,3.0,-1.0,-58.0
1775635431.9585657,2.0,-1.0,-68.0
1775635431.9685657,2.0,-2.0,-67.0
1775635431.9785657,6.0,-6.0,-72.0
1775635431.9885654,5.0,-1.0,-72.0
1775635431.9985654,6.0,0.0,-70.0
1775635432.0085654,5.0,-1.0,-70.0
1775635432.0185654,6.0,-1.0,-68.0
1775635432.0285654,9.0,1.0,-61.0
1775635432.0385654,5.0,-1.0,-62.0
1775635432.0485654,4.0,-1.0,-63.0
1775635432.0585654,6.0,0.0,-67.0
1775635432.0685654,7.0,0.0,-67.0
1775635432.0785654,2.0,4.0,-71.0
1775635432.088565,1.0,2.0,-73.0
1775635432.098565,0.0,0.0,-70.0
1775635432.108565,-3.0,0.0,-67.0
1775635432.118565,-4.0,1.0,-63.0
1775635432.1285653,-6.0,0.0,-59.0
1775635432.1385653,-2.0,-1.0,-62.0
1775635432.1485653,0.0,1.0,-63.0
1775635432.1585653,0.0,2.0,-63.0
1775635432.1685653,0.0,1.0,-61.0
1775635432.1785655,1.0,-1.0,-55.0
1775635432.1885655,2.0,3.0,-53.0
1775635432.1985655,-1.0,3.0,-60.0
1775635432.2085657,-4.0,1.0,-64.0
1775635432.2185657,-4.0,0.0,-70.0
1775635432.2285657,0.0,0.0,-70.0
1775635432.2385654,1.0,-5.0,-72.0
1775635432.2485654,0.0,0.0,-68.0
1775635432.2585654,-3.0,3.0,-66.0
1775635432.2685654,-1.0,5.0,-67.0
1775635432.2785654,-4.0,6.0,-66.0
1775635432.2885654,1.0,4.0,-64.0
1775635432.2985654,5.0,0.0,-58.0
1775635432.3085654,7.0,-2.0,-50.0
1775635432.3185654,8.0,-2.0,-50.0
1775635432.3285654,4.0,0.0,-48.0
1775635432.338565,3.0,-1.0,-54.0
1775635432.348565,4.0,-3.0,-60.0
1775635432.358565,0.0,-5.0,-62.0
1775635432.368565,2.0,-6.0,-68.0
1775635432.3785653,8.0,-3.0,-70.0
1775635432.3885653,12.0,-1.0,-68.0
1775635432.3985653,13.0,2.0,-63.0
1775635432.4085653,11.0,0.0,-60.0
1775635432.4185653,10.0,-3.0,-56.0
1775635432.4285655,3.0,-3.0,-50.0
1775635432.4385655,-2.0,-3.0,-51.0
1775635432.4485655,-9.0,-1.0,-57.0
1775635432.4585657,-9.0,-1.0,-64.0
1775635432.4685657,-8.0,-2.0,-59.0
1775635432.4785657,-7.0,-3.0,-57.0
1775635432.4885654,-2.0,0.0,-64.0
1775635432.4985654,-5.0,3.0,-64.0
1775635432.5085654,-7.0,2.0,-66.0
1775635432.5185654,-7.0,1.0,-63.0
1775635432.5285654,-9.0,3.0,-55.0
1775635432.5385654,-6.0,2.0,-59.0
1775635432.5485654,-5.0,1.0,-65.0
1775635432.5585654,-1.0,1.0,-61.0
1775635432.5685654,1.0,-2.0,-62.0
1775635432.5785654,2.0,-3.0,-70.0
1775635432.588565,2.0,-2.0,-72.0
1775635432.598565,2.0,0.0,-71.0
1775635432.608565,1.0,0.0,-70.0
1775635432.618565,2.0,0.0,-71.0
1775635432.6285653,0.0,-6.0,-73.0
1775635432.6385653,0.0,-10.0,-74.0
1775635432.6485653,0.0,-6.0,-82.0
1775635432.6585653,-2.0,-2.0,-77.0
1775635432.6685653,-1.0,0.0,-67.0
1775635432.6785655,-3.0,0.0,-68.0
1775635432.6885655,-2.0,2.0,-71.0
1775635432.6985655,-1.0,0.0,-69.0
1775635432.7085657,-2.0,-4.0,-77.0
1775635432.7185657,-2.0,-6.0,-80.0
1775635432.7285657,-2.0,-3.0,-80.0
1775635432.7385654,-4.0,0.0,-76.0
1775635432.7485654,-3.0,0.0,-66.0
1775635432.7585654,5.0,3.0,-62.0
1775635432.7685654,4.0,1.0,-61.0
1775635432.7785654,0.0,0.0,-63.0
1775635432.7885654,-8.0,-1.0,-64.0
1775635432.7985654,-11.0,0.0,-69.0
1775635432.8085654,-7.0,0.0,-78.0
1775635432.8185654,-5.0,2.0,-81.0
1775635432.8285654,-5.0,2.0,-82.0
1775635432.838565,-4.0,7.0,-76.0
1775635432.848565,-3.0,5.0,-77.0
1775635432.858565,1.0,6.0,-74.0
1775635432.868565,5.0,6.0,-76.0
1775635432.8785653,4.0,1.0,-66.0
1775635432.8885653,1.0,0.0,-66.0
1775635432.8985653,-1.0,-1.0,-65.0
1775635432.9085653,-2.0,1.0,-65.0
1775635432.9185653,-7.0,-2.0,-58.0
1775635432.9285655,-8.0,0.0,-67.0
1775635432.9385655,-7.0,-3.0,-72.0
1775635432.9485655,-2.0,-2.0,-75.0
1775635432.9585657,-1.0,2.0,-69.0
1775635432.9685657,-1.0,3.0,-61.0
1775635432.9785657,-3.0,0.0,-56.0
1775635432.9885654,-2.0,6.0,-60.0
1775635432.9985654,0.0,5.0,-68.0
1775635433.0085654,2.0,4.0,-60.0
1775635433.0185654,1.0,1.0,-58.0
1775635433.0285654,0.0,2.0,-57.0
1775635433.0385654,-1.0,0.0,-53.0
1775635433.0485654,1.0,0.0,-54.0
1775635433.0585654,0.0,0.0,-56.0
1775635433.0685654,-2.0,0.0,-59.0
1775635433.0785654,-4.0,1.0,-56.0
1775635433.088565,-2.0,6.0,-58.0
1775635433.098565,-2.0,2.0,-61.0
1775635433.108565,0.0,1.0,-65.0
1775635433.118565,-5.0,0.0,-77.0
1775635433.1285653,-6.0,-2.0,-70.0
1775635433.1385653,-13.0,-1.0,-64.0
1775635433.1485653,-11.0,2.0,-60.0
1775635433.1585653,-7.0,2.0,-65.0
1775635433.1685653,-8.0,2.0,-70.0
1775635433.1785655,-7.0,0.0,-73.0
1775635433.1885655,-1.0,-1.0,-73.0
1775635433.1985655,1.0,2.0,-69.0
1775635433.2085657,5.0,2.0,-68.0
1775635433.2185657,5.0,-2.0,-68.0
1775635433.2285657,6.0,-2.0,-72.0
1775635433.2385654,2.0,2.0,-67.0
1775635433.2485654,0.0,4.0,-67.0
1775635433.2585654,-4.0,2.0,-70.0
1775635433.2685654,-5.0,2.0,-71.0
1775635433.2785654,-2.0,2.0,-65.0
1775635433.2885654,-7.0,2.0,-60.0
1775635433.2985654,-14.0,-2.0,-60.0
1775635433.3085654,-17.0,-2.0,-65.0
1775635433.3185654,-13.0,0.0,-60.0
1775635433.3285654,-7.0,4.0,-67.0
1775635433.338565,-7.0,2.0,-63.0
1775635433.348565,0.0,0.0,-69.0
1775635433.358565,-1.0,-1.0,-67.0
1775635433.368565,-4.0,-1.0,-71.0
1775635433.3785653,1.0,-6.0,-69.0
1775635433.3885653,1.0,-1.0,-66.0
1775635433.3985653,4.0,0.0,-64.0
1775635433.4085653,3.0,2.0,-67.0
1775635433.4185653,-1.0,3.0,-70.0
1775635433.4285655,-3.0,3.0,-65.0
1775635433.4385655,-4.0,3.0,-69.0
1775635433.4485655,0.0,4.0,-62.0
1775635433.4585657,-2.0,7.0,-65.0
1775635433.4685657,0.0,8.0,-68.0
1775635433.4785657,0.0,6.0,-66.0
1775635433.4885654,3.0,3.0,-59.0
1775635433.4985654,7.0,-2.0,-61.0
1775635433.5085654,5.0,-2.0,-55.0
1775635433.5185654,4.0,0.0,-63.0
1775635433.5285654,3.0,-1.0,-62.0
1775635433.5385654,3.0,-1.0,-67.0
1775635433.5485654,0.0,-1.0,-66.0
1775635433.5585654,0.0,-1.0,-65.0
1775635433.5685654,-2.0,0.0,-65.0
1775635433.5785654,-4.0,0.0,-66.0
1775635433.588565,-5.0,1.0,-65.0
1775635433.598565,-4.0,1.0,-57.0
1775635433.608565,-6.0,-3.0,-53.0
1775635433.618565,-6.0,-4.0,-62.0
1775635433.6285653,-6.0,-8.0,-64.0
1775635433.6385653,-4.0,-7.0,-57.0
1775635433.6485653,-3.0,-4.0,-63.0
1775635433.6585653,-1.0,0.0,-64.0
1775635433.6685653,-1.0,3.0,-63.0
1775635433.6785655,-3.0,6.0,-64.0
1775635433.6885655,-7.0,8.0,-64.0
1775635433.6985655,-7.0,10.0,-61.0
1775635433.7095654,-12.0,6.0,-58.0
1775635433.7185657,-12.0,7.0,-68.0
1775635433.7295654,-9.0,3.0,-77.0
1775635433.7395654,-7.0,-1.0,-74.0
1775635433.7485654,-5.0,-5.0,-77.0
1775635433.7595654,-9.0,-6.0,-65.0
1775635433.769565,-12.0,-3.0,-64.0
1775635433.779565,-8.0,-1.0,-68.0
1775635433.789565,-1.0,-4.0,-71.0
1775635433.7995653,-3.0,-1.0,-75.0
1775635433.8095653,-3.0,0.0,-77.0
1775635433.8195653,-6.0,-3.0,-75.0
1775635433.8295653,-4.0,0.0,-69.0
1775635433.8395653,-7.0,0.0,-62.0
1775635433.8495653,-7.0,0.0,-61.0
1775635433.8595655,-7.0,1.0,-64.0
1775635433.8695655,-4.0,-3.0,-58.0
1775635433.8795657,-2.0,-3.0,-55.0
1775635433.8895657,1.0,-5.0,-60.0
1775635433.8995657,2.0,-6.0,-64.0
1775635433.9095654,1.0,-1.0,-66.0
1775635433.9195654,0.0,-2.0,-60.0
1775635433.9295654,1.0,-1.0,-61.0
1775635433.9395654,0.0,-3.0,-56.0
1775635433.9495654,0.0,1.0,-51.0
1775635433.9595654,0.0,5.0,-48.0
1775635433.9695654,3.0,5.0,-49.0
1775635433.9795654,3.0,0.0,-51.0
1775635433.9895654,0.0,-2.0,-57.0
1775635433.9995654,1.0,-3.0,-62.0
1775635434.0095654,5.0,-1.0,-65.0
1775635434.019565,4.0,0.0,-68.0
1775635434.029565,0.0,-1.0,-74.0
1775635434.039565,4.0,-2.0,-66.0
1775635434.0495653,4.0,0.0,-69.0
1775635434.0595653,2.0,3.0,-69.0
1775635434.0695653,-2.0,-1.0,-67.0
1775635434.0795653,-5.0,0.0,-67.0
1775635434.0895653,-10.0,1.0,-70.0
1775635434.0995653,-7.0,0.0,-69.0
1775635434.1095655,-6.0,-1.0,-71.0
1775635434.1195655,-3.0,0.0,-68.0
1775635434.1295657,-3.0,1.0,-59.0
1775635434.1395657,-2.0,0.0,-54.0
1775635434.1495657,-2.0,3.0,-61.0
1775635434.1595654,-4.0,6.0,-67.0
1775635434.1695654,0.0,6.0,-64.0
1775635434.1795654,-3.0,8.0,-57.0
1775635434.1895654,0.0,10.0,-61.0
1775635434.1995654,-1.0,12.0,-60.0
1775635434.2095654,2.0,9.0,-58.0
1775635434.2195654,0.0,4.0,-59.0
1775635434.2295654,4.0,1.0,-63.0
1775635434.2395654,8.0,2.0,-62.0
1775635434.2495654,7.0,2.0,-62.0
1775635434.2595654,0.0,4.0,-67.0
1775635434.269565,1.0,5.0,-75.0
1775635434.279565,2.0,5.0,-75.0
1775635434.289565,1.0,6.0,-77.0
1775635434.2995653,-1.0,3.0,-75.0
1775635434.3095653,3.0,-2.0,-78.0
1775635434.3195653,3.0,1.0,-84.0
1775635434.3295653,3.0,-2.0,-74.0
1775635434.3395653,1.0,-1.0,-72.0
1775635434.3495653,0.0,0.0,-72.0
1775635434.3595655,-2.0,0.0,-73.0
1775635434.3695655,0.0,4.0,-72.0
1775635434.3795657,-1.0,1.0,-76.0
1775635434.3895657,-1.0,1.0,-77.0
1775635434.3995657,0.0,3.0,-73.0
1775635434.4095654,4.0,3.0,-69.0
1775635434.4195654,4.0,2.0,-71.0
1775635434.4295654,4.0,0.0,-70.0
1775635434.4395654,6.0,0.0,-67.0
1775635434.4495654,1.0,1.0,-72.0
1775635434.4595654,1.0,0.0,-72.0
1775635434.4695654,0.0,1.0,-71.0
1775635434.4795654,0.0,1.0,-66.0
1775635434.4895654,-1.0,1.0,-62.0
1775635434.4995654,1.0,-4.0,-64.0
1775635434.5095654,0.0,-7.0,-70.0
1775635434.519565,-3.0,-4.0,-73.0
1775635434.529565,-3.0,-1.0,-71.0
1775635434.539565,-1.0,-1.0,-63.0
1775635434.5495653,1.0,-3.0,-61.0
1775635434.5595653,3.0,-2.0,-57.0
1775635434.5695653,4.0,0.0,-62.0
1775635434.5795653,3.0,-1.0,-68.0
1775635434.5895653,1.0,-3.0,-65.0
1775635434.5995653,1.0,-2.0,-61.0
1775635434.6095655,-2.0,0.0,-57.0
1775635434.6195655,-1.0,-1.0,-56.0
1775635434.6295657,-4.0,1.0,-64.0
1775635434.6395657,-3.0,2.0,-64.0
1775635434.6495657,-2.0,1.0,-71.0
1775635434.6595654,-1.0,3.0,-73.0
1775635434.6695654,0.0,2.0,-75.0
1775635434.6795654,0.0,0.0,-74.0
1775635434.6895654,1.0,2.0,-83.0
1775635434.6995654,3.0,2.0,-85.0
1775635434.7095654,2.0,0.0,-89.0
1775635434.7195654,4.0,-3.0,-82.0
1775635434.7295654,3.0,-3.0,-79.0
1775635434.7395654,4.0,1.0,-76.0
1775635434.7495654,3.0,0.0,-74.0
1775635434.7595654,1.0,0.0,-73.0
1775635434.769565,3.0,0.0,-73.0
1775635434.779565,3.0,-2.0,-75.0
1775635434.789565,3.0,0.0,-72.0
1775635434.7995653,1.0,0.0,-65.0
1775635434.8095653,1.0,3.0,-65.0
1775635434.8195653,4.0,4.0,-63.0
1775635434.8295653,5.0,8.0,-62.0
1775635434.8395653,2.0,0.0,-63.0
1775635434.8495653,0.0,0.0,-67.0
1775635434.8595655,2.0,-4.0,-63.0
1775635434.8695655,0.0,-3.0,-59.0
1775635434.8795657,-1.0,-5.0,-61.0
1775635434.8895657,-4.0,-4.0,-63.0
1775635434.8995657,1.0,-7.0,-65.0
1775635434.9095654,4.0,-9.0,-65.0
1775635434.9195654,4.0,-8.0,-65.0
1775635434.9295654,5.0,-4.0,-60.0
1775635434.9395654,2.0,0.0,-59.0
1775635434.9495654,3.0,-1.0,-64.0
1775635434.9595654,0.0,0.0,-68.0
1775635434.9695654,-2.0,-5.0,-64.0
1775635434.9795654,-4.0,-5.0,-68.0
1775635434.9895654,1.0,0.0,-67.0
1775635434.9995654,2.0,-1.0,-70.0
1775635435.0095654,3.0,-1.0,-66.0
1775635435.019565,4.0,0.0,-65.0
1775635435.029565,3.0,-1.0,-62.0
1775635435.039565,0.0,0.0,-58.0
1775635435.0495653,2.0,0.0,-60.0
1775635435.0595653,2.0,-3.0,-64.0
1775635435.0695653,4.0,-2.0,-71.0
1775635435.0795653,2.0,0.0,-70.0
1775635435.0895653,4.0,1.0,-62.0
1775635435.0995653,5.0,2.0,-62.0
1775635435.1095655,5.0,0.0,-69.0
1775635435.1195655,3.0,-1.0,-66.0
1775635435.1295657,0.0,0.0,-66.0
1775635435.1395657,-2.0,0.0,-62.0
1775635435.1495657,-4.0,1.0,-63.0
1775635435.1595654,0.0,-2.0,-68.0
1775635435.1695654,-1.0,-2.0,-71.0
1775635435.1795654,-2.0,-4.0,-67.0
1775635435.1895654,-3.0,-3.0,-65.0
1775635435.1995654,1.0,-4.0,-67.0
1775635435.2095654,1.0,0.0,-72.0
1775635435.2195654,0.0,1.0,-68.0
1775635435.2295654,-4.0,0.0,-59.0
1775635435.2395654,-5.0,-1.0,-58.0
1775635435.2495654,-6.0,-4.0,-64.0
1775635435.2595654,-7.0,-7.0,-69.0
1775635435.269565,-6.0,-6.0,-65.0
1775635435.279565,-5.0,-2.0,-72.0
1775635435.289565,-3.0,-6.0,-70.0
1775635435.2995653,-5.0,-2.0,-75.0
1775635435.3095653,-2.0,2.0,-71.0
1775635435.3195653,-2.0,2.0,-76.0
1775635435.3295653,-3.0,2.0,-81.0
1775635435.3395653,-1.0,5.0,-83.0
1775635435.3495653,0.0,1.0,-84.0
1775635435.3595655,-1.0,0.0,-81.0
1775635435.3695655,0.0,0.0,-73.0
1775635435.3795657,-3.0,0.0,-70.0
1775635435.3895657,-1.0,3.0,-66.0
1775635435.3995657,1.0,4.0,-62.0
1775635435.4095654,4.0,2.0,-67.0
1775635435.4195654,1.0,2.0,-65.0
1775635435.4295654,0.0,3.0,-67.0
1775635435.4395654,-2.0,2.0,-68.0
1775635435.4495654,1.0,0.0,-76.0
1775635435.4595654,0.0,0.0,-75.0
1775635435.4695654,-4.0,-1.0,-72.0
1775635435.4795654,-1.0,-6.0,-72.0
1775635435.4895654,-1.0,-1.0,-71.0
1775635435.4995654,1.0,-4.0,-65.0
1775635435.5095654,3.0,-9.0,-61.0
1775635435.519565,3.0,-8.0,-59.0
1775635435.529565,6.0,-4.0,-60.0
1775635435.539565,-1.0,2.0,-65.0
1775635435.5495653,0.0,3.0,-68.0
1775635435.5595653,-2.0,2.0,-72.0
1775635435.5695653,2.0,2.0,-73.0
1775635435.5795653,0.0,3.0,-71.0
1775635435.5895653,4.0,2.0,-65.0
1775635435.5995653,4.0,1.0,-59.0
1775635435.6095655,5.0,0.0,-62.0
1775635435.6195655,4.0,0.0,-64.0
1775635435.6295657,8.0,-3.0,-61.0
1775635435.6395657,6.0,-1.0,-62.0
1775635435.6495657,6.0,-5.0,-59.0
1775635435.6595654,4.0,-2.0,-58.0
1775635435.6695654,0.0,-1.0,-57.0
1775635435.6795654,-1.0,-2.0,-60.0
1775635435.6895654,0.0,-1.0,-59.0
1775635435.6995654,-1.0,-3.0,-62.0
1775635435.7095654,-2.0,-3.0,-62.0
1775635435.7195654,0.0,-6.0,-63.0
1775635435.7295654,-2.0,-3.0,-65.0
1775635435.7395654,-3.0,-1.0,-68.0
1775635435.7495654,-6.0,0.0,-73.0
1775635435.7595654,-2.0,-1.0,-75.0
1775635435.769565,0.0,0.0,-73.0
1775635435.779565,-2.0,0.0,-69.0
1775635435.789565,-6.0,1.0,-66.0
1775635435.7995653,-1.0,0.0,-71.0
1775635435.8095653,-2.0,0.0,-65.0
1775635435.8195653,-6.0,0.0,-67.0
1775635435.8295653,-4.0,1.0,-62.0
1775635435.8405654,-2.0,2.0,-68.0
1775635435.8495653,0.0,2.0,-70.0
1775635435.8595655,-1.0,5.0,-65.0
1775635435.8695655,0.0,7.0,-64.0
1775635435.8795657,2.0,11.0,-64.0
1775635435.8895657,4.0,11.0,-61.0
1775635435.8995657,0.0,8.0,-62.0
1775635435.9095654,1.0,1.0,-63.0
1775635435.9195654,2.0,3.0,-59.0
1775635435.9295654,-1.0,5.0,-64.0
1775635435.9395654,-3.0,5.0,-64.0
1775635435.9495654,-7.0,7.0,-62.0
1775635435.9595654,-3.0,8.0,-62.0
1775635435.9695654,-4.0,7.0,-61.0
1775635435.9795654,-4.0,4.0,-65.0
1775635435.9895654,-6.0,4.0,-67.0
1775635435.9995654,-4.0,1.0,-64.0
1775635436.0095654,-3.0,-1.0,-64.0
1775635436.019565,-3.0,-7.0,-73.0
1775635436.029565,1.0,-6.0,-73.0
1775635436.0405655,2.0,-5.0,-71.0
1775635436.0495653,6.0,-7.0,-71.0
1775635436.0595653,3.0,-12.0,-77.0
1775635436.0695653,4.0,-9.0,-77.0
1775635436.0805657,1.0,-6.0,-76.0
1775635436.0905654,-3.0,-4.0,-72.0
1775635436.1005654,-7.0,-3.0,-68.0
1775635436.1105654,-7.0,-1.0,-66.0
1775635436.1205654,-9.0,-2.0,-72.0
1775635436.1305654,-6.0,-1.0,-76.0
1775635436.1405654,-5.0,2.0,-78.0
1775635436.1505654,-6.0,0.0,-75.0
1775635436.1605654,-3.0,-3.0,-64.0
1775635436.1705654,-4.0,-5.0,-62.0
1775635436.1805654,-1.0,-3.0,-72.0
1775635436.190565,0.0,-6.0,-83.0
1775635436.200565,-2.0,0.0,-84.0
1775635436.210565,-4.0,-1.0,-85.0
1775635436.2205653,-5.0,-3.0,-84.0
1775635436.2305653,-5.0,-2.0,-81.0
1775635436.2405653,-3.0,0.0,-73.0
1775635436.2505653,0.0,-1.0,-72.0
1775635436.2605653,2.0,-4.0,-72.0
1775635436.2705653,4.0,-5.0,-72.0
1775635436.2805655,5.0,-4.0,-69.0
1775635436.2905655,5.0,-4.0,-71.0
1775635436.3005655,0.0,0.0,-69.0
1775635436.3105657,-5.0,-1.0,-76.0
1775635436.3205657,-7.0,-1.0,-76.0
1775635436.3305657,-3.0,-1.0,-75.0
1775635436.3405654,-2.0,-3.0,-68.0
1775635436.3505654,-1.0,-5.0,-64.0
1775635436.3605654,-1.0,-2.0,-61.0
1775635436.3705654,-4.0,0.0,-67.0
1775635436.3805654,-3.0,2.0,-72.0
1775635436.3905654,-1.0,0.0,-76.0
1775635436.4005654,0.0,0.0,-75.0
1775635436.4105654,0.0,1.0,-75.0
1775635436.4205654,5.0,3.0,-69.0
1775635436.4305654,2.0,3.0,-61.0
1775635436.440565,1.0,2.0,-57.0
1775635436.450565,0.0,3.0,-60.0
1775635436.460565,0.0,3.0,-58.0
1775635436.4705653,-1.0,0.0,-54.0
1775635436.4805653,1.0,0.0,-57.0
1775635436.4905653,3.0,2.0,-58.0
1775635436.5005653,6.0,0.0,-55.0
1775635436.5105653,4.0,-1.0,-57.0
1775635436.5205653,0.0,-2.0,-61.0
1775635436.5305655,0.0,-4.0,-63.0
1775635436.5405655,0.0,-4.0,-61.0
1775635436.5505655,0.0,-5.0,-62.0
1775635436.5605657,0.0,-6.0,-64.0
1775635436.5705657,2.0,-3.0,-74.0
1775635436.5805657,1.0,-1.0,-72.0
1775635436.5905654,2.0,0.0,-71.0
1775635436.6005654,-3.0,0.0,-70.0
1775635436.6105654,-5.0,0.0,-68.0
1775635436.6205654,0.0,2.0,-73.0
1775635436.6305654,0.0,0.0,-68.0
1775635436.6405654,1.0,1.0,-67.0
1775635436.6505654,0.0,-1.0,-72.0
1775635436.6605654,0.0,-4.0,-76.0
1775635436.6705654,1.0,-2.0,-75.0
1775635436.6805654,5.0,-2.0,-70.0
1775635436.690565,3.0,-2.0,-68.0
1775635436.700565,6.0,2.0,-62.0
1775635436.710565,7.0,1.0,-63.0
1775635436.7205653,6.0,0.0,-59.0
1775635436.7305653,12.0,1.0,-63.0
1775635436.7405653,7.0,6.0,-64.0
1775635436.7505653,9.0,1.0,-60.0
1775635436.7605653,2.0,0.0,-60.0
1775635436.7705653,-4.0,-1.0,-70.0
1775635436.7805655,-4.0,0.0,-74.0
1775635436.7905655,-1.0,-1.0,-65.0
1775635436.8005655,1.0,-1.0,-65.0
1775635436.8105657,3.0,-2.0,-66.0
1775635436.8205657,1.0,-3.0,-68.0
1775635436.8305657,0.0,-6.0,-65.0
1775635436.8405654,0.0,-5.0,-69.0
1775635436.8505654,-3.0,-4.0,-66.0
1775635436.8605654,1.0,-3.0,-63.0
1775635436.8705654,0.0,-4.0,-65.0
1775635436.8805654,-3.0,-4.0,-61.0
1775635436.8905654,-8.0,-3.0,-60.0
1775635436.9005654,-4.0,0.0,-65.0
1775635436.9105654,-4.0,3.0,-66.0
1775635436.9205654,-6.0,5.0,-70.0
1775635436.9305654,-1.0,4.0,-71.0
1775635436.940565,-5.0,0.0,-71.0
1775635436.950565,-5.0,-1.0,-70.0
1775635436.960565,-4.0,-2.0,-75.0
1775635436.9705653,-1.0,-3.0,-74.0
1775635436.9805653,1.0,0.0,-73.0
1775635436.9905653,1.0,-2.0,-71.0
1775635437.0005653,5.0,-2.0,-73.0
1775635437.0105653,6.0,-1.0,-77.0
1775635437.0205653,5.0,-1.0,-80.0
1775635437.0305655,5.0,1.0,-78.0
1775635437.0405655,5.0,0.0,-80.0
1775635437.0505655,4.0,0.0,-83.0
1775635437.0605657,3.0,-2.0,-80.0
1775635437.0705657,-2.0,-2.0,-82.0
1775635437.0805657,2.0,0.0,-86.0
1775635437.0905654,-3.0,4.0,-84.0
1775635437.1005654,-8.0,4.0,-78.0
1775635437.1105654,-7.0,4.0,-73.0
1775635437.1205654,-10.0,1.0,-73.0
1775635437.1305654,-5.0,1.0,-75.0
1775635437.1405654,-2.0,0.0,-68.0
1775635437.1505654,-3.0,0.0,-64.0
1775635437.1605654,-2.0,5.0,-61.0
1775635437.1705654,-1.0,3.0,-64.0
1775635437.1805654,-6.0,0.0,-62.0
1775635437.190565,-7.0,-2.0,-62.0
1775635437.200565,-5.0,-1.0,-66.0
1775635437.210565,-3.0,2.0,-66.0
1775635437.2205653,-2.0,1.0,-63.0
1775635437.2305653,0.0,2.0,-65.0
1775635437.2405653,4.0,0.0,-67.0
1775635437.2505653,8.0,0.0,-68.0
1775635437.2605653,14.0,-3.0,-74.0
1775635437.2705653,12.0,-4.0,-74.0
1775635437.2805655,4.0,1.0,-69.0
1775635437.2905655,5.0,4.0,-71.0
1775635437.3005655,8.0,4.0,-69.0
1775635437.3105657,7.0,0.0,-70.0
1775635437.3205657,7.0,4.0,-74.0
1775635437.3305657,8.0,5.0,-73.0
1775635437.3405654,4.0,2.0,-72.0
1775635437.3505654,0.0,-1.0,-70.0
1775635437.3605654,0.0,0.0,-71.0
1775635437.3705654,-1.0,0.0,-75.0
1775635437.3805654,1.0,-1.0,-62.0
1775635437.3905654,5.0,-2.0,-64.0
1775635437.4005654,8.0,-4.0,-65.0
1775635437.4105654,7.0,-3.0,-71.0
1775635437.4205654,7.0,3.0,-78.0
1775635437.4305654,5.0,3.0,-74.0
1775635437.440565,2.0,0.0,-72.0
1775635437.450565,0.0,0.0,-76.0
1775635437.460565,0.0,0.0,-76.0
1775635437.4705653,2.0,-3.0,-73.0
1775635437.4805653,2.0,-3.0,-71.0
1775635437.4905653,2.0,-6.0,-63.0
1775635437.5005653,2.0,-5.0,-61.0
1775635437.5105653,1.0,-7.0,-59.0
1775635437.5205653,-1.0,-5.0,-63.0
1775635437.5305655,0.0,-3.0,-65.0
1775635437.5405655,0.0,-3.0,-67.0
1775635437.5505655,1.0,-5.0,-72.0
1775635437.5605657,2.0,-11.0,-72.0
1775635437.5705657,0.0,-12.0,-73.0
1775635437.5805657,-4.0,-7.0,-71.0
1775635437.5905654,-1.0,-7.0,-70.0
1775635437.6005654,-3.0,-5.0,-70.0
1775635437.6105654,-3.0,-4.0,-68.0
1775635437.6205654,-6.0,-4.0,-72.0
1775635437.6305654,-10.0,-4.0,-71.0
1775635437.6405654,-8.0,-7.0,-69.0
1775635437.6505654,-5.0,-2.0,-65.0
1775635437.6605654,-7.0,-2.0,-62.0
1775635437.6705654,-4.0,0.0,-59.0
1775635437.6805654,-6.0,1.0,-58.0
1775635437.690565,-9.0,2.0,-61.0
1775635437.700565,-6.0,-3.0,-66.0
1775635437.710565,-8.0,-1.0,-69.0
1775635437.7205653,-6.0,-5.0,-65.0
1775635437.7305653,0.0,-6.0,-58.0
1775635437.7405653,-4.0,-1.0,-52.0
1775635437.7505653,-7.0,0.0,-50.0
1775635437.7605653,-6.0,-1.0,-54.0
1775635437.7705653,-3.0,-4.0,-59.0
1775635437.7805655,-4.0,-5.0,-61.0
1775635437.7905655,-1.0,-4.0,-65.0
1775635437.8005655,0.0,0.0,-67.0
1775635437.8105657,-3.0,0.0,-73.0
1775635437.8205657,1.0,0.0,-71.0
1775635437.8305657,3.0,-1.0,-63.0
1775635437.8405654,-1.0,0.0,-67.0
1775635437.8505654,2.0,1.0,-72.0
1775635437.8605654,4.0,0.0,-70.0
1775635437.8705654,1.0,1.0,-69.0
1775635437.8805654,2.0,3.0,-69.0
1775635437.8905654,-1.0,1.0,-66.0
1775635437.9005654,-2.0,0.0,-64.0
1775635437.9105654,-2.0,0.0,-68.0
1775635437.9205654,-1.0,0.0,-69.0
1775635437.9305654,-7.0,0.0,-68.0
1775635437.940565,-5.0,-1.0,-69.0
1775635437.950565,-3.0,-5.0,-63.0
1775635437.960565,-3.0,-3.0,-63.0
1775635437.9705653,-3.0,-4.0,-60.0
1775635437.9805653,-3.0,-2.0,-65.0
1775635437.9905653,-6.0,-1.0,-61.0
1775635438.0005653,-3.0,-4.0,-57.0
1775635438.0105653,-3.0,-5.0,-61.0
1775635438.0205653,-1.0,-5.0,-62.0
1775635438.0305655,-2.0,-4.0,-62.0
1775635438.0405655,-5.0,-10.0,-62.0
1775635438.0505655,-2.0,-8.0,-71.0
1775635438.0605657,-3.0,-4.0,-76.0
1775635438.0705657,-3.0,-4.0,-77.0
1775635438.0805657,0.0,-4.0,-72.0
1775635438.0905654,3.0,-4.0,-76.0
1775635438.1005654,3.0,0.0,-75.0
1775635438.1105654,0.0,2.0,-72.0
1775635438.1205654,5.0,0.0,-79.0
1775635438.1305654,2.0,-1.0,-74.0
1775635438.1405654,0.0,0.0,-73.0
1775635438.1505654,-5.0,1.0,-63.0
1775635438.1605654,-1.0,1.0,-64.0
1775635438.1705654,3.0,1.0,-59.0
1775635438.1805654,0.0,2.0,-61.0
1775635438.190565,0.0,0.0,-62.0
1775635438.200565,0.0,0.0,-64.0
1775635438.210565,3.0,0.0,-66.0
1775635438.2205653,1.0,0.0,-68.0
1775635438.2305653,3.0,-2.0,-71.0
1775635438.2405653,0.0,-5.0,-66.0
1775635438.2505653,-1.0,-5.0,-67.0
1775635438.2605653,0.0,-4.0,-62.0
1775635438.2705653,1.0,0.0,-58.0
1775635438.2805655,3.0,-1.0,-64.0
1775635438.2905655,3.0,-3.0,-66.0
1775635438.3005655,0.0,1.0,-65.0
1775635438.3105657,3.0,-3.0,-65.0
1775635438.3205657,0.0,-5.0,-67.0
1775635438.3305657,1.0,-9.0,-69.0
1775635438.3405654,0.0,-7.0,-67.0
1775635438.3505654,1.0,-5.0,-69.0
1775635438.3605654,6.0,-7.0,-76.0
1775635438.3705654,6.0,-4.0,-83.0
1775635438.381565,-1.0,-1.0,-83.0
1775635438.391565,-3.0,0.0,-79.0
1775635438.4015653,1.0,-3.0,-72.0
1775635438.4115653,0.0,0.0,-71.0
1775635438.4215653,2.0,-2.0,-72.0
1775635438.4315653,1.0,-2.0,-69.0
1775635438.4415653,-4.0,-1.0,-73.0
1775635438.4515653,-6.0,-6.0,-69.0
1775635438.4615655,-4.0,-5.0,-70.0
1775635438.4715655,-4.0,-5.0,-76.0
1775635438.4815657,-7.0,-5.0,-70.0
1775635438.4915657,-7.0,-4.0,-67.0
1775635438.5015657,-5.0,0.0,-70.0
1775635438.5115654,-3.0,2.0,-76.0
1775635438.5215654,-1.0,0.0,-80.0
1775635438.5315654,0.0,-3.0,-76.0
1775635438.5415654,-3.0,-2.0,-73.0
1775635438.5515654,-2.0,0.0,-72.0
1775635438.5615654,-4.0,0.0,-67.0
1775635438.5715654,0.0,2.0,-74.0
1775635438.5815654,2.0,1.0,-69.0
1775635438.5915654,2.0,0.0,-70.0
1775635438.6015654,0.0,-1.0,-62.0
1775635438.6115654,0.0,4.0,-61.0
1775635438.621565,0.0,4.0,-62.0
1775635438.631565,0.0,4.0,-64.0
1775635438.641565,4.0,3.0,-65.0
1775635438.6515653,1.0,3.0,-70.0
1775635438.6615653,-1.0,5.0,-77.0
1775635438.6715653,-1.0,7.0,-74.0
1775635438.6815653,-1.0,10.0,-68.0
1775635438.6915653,-1.0,6.0,-66.0
1775635438.7015653,-3.0,3.0,-70.0
1775635438.7115655,-2.0,3.0,-75.0
1775635438.7215655,-2.0,3.0,-75.0
1775635438.7315657,-5.0,0.0,-78.0
1775635438.7415657,-1.0,1.0,-82.0
1775635438.7515657,1.0,5.0,-82.0
1775635438.7615654,1.0,6.0,-75.0
1775635438.7715654,0.0,7.0,-70.0
1775635438.7815654,0.0,7.0,-74.0
1775635438.7915654,-3.0,5.0,-66.0
1775635438.8015654,-2.0,2.0,-69.0
1775635438.8115654,0.0,-1.0,-70.0
1775635438.8215654,1.0,-3.0,-68.0
1775635438.8315654,-1.0,-2.0,-66.0
1775635438.8415654,-1.0,0.0,-73.0
1775635438.8515654,-2.0,-1.0,-71.0
1775635438.8615654,4.0,3.0,-70.0
1775635438.871565,10.0,6.0,-67.0
1775635438.881565,8.0,3.0,-61.0
1775635438.891565,6.0,1.0,-59.0
1775635438.9015653,5.0,0.0,-66.0
1775635438.9115653,7.0,2.0,-69.0
1775635438.9215653,0.0,2.0,-69.0
1775635438.9315653,-1.0,6.0,-72.0
1775635438.9415653,-6.0,1.0,-67.0
1775635438.9515653,-4.0,0.0,-74.0
1775635438.9615655,-2.0,-1.0,-75.0
1775635438.9715655,0.0,1.0,-70.0
1775635438.9815657,-3.0,1.0,-71.0
1775635438.9915657,1.0,-2.0,-69.0
1775635439.0015657,0.0,-3.0,-73.0
1775635439.0115654,-3.0,1.0,-73.0
1775635439.0215654,0.0,2.0,-73.0
1775635439.0315654,0.0,0.0,-73.0
1775635439.0415654,1.0,0.0,-80.0
1775635439.0515654,0.0,2.0,-77.0
1775635439.0615654,-2.0,1.0,-70.0
1775635439.0715654,-2.0,5.0,-69.0
1775635439.0815654,0.0,7.0,-70.0
1775635439.0915654,-3.0,8.0,-75.0
1775635439.1015654,-4.0,8.0,-72.0
1775635439.1115654,-2.0,6.0,-63.0
1775635439.121565,0.0,6.0,-57.0
1775635439.131565,-2.0,4.0,-61.0
1775635439.141565,-2.0,-1.0,-61.0
1775635439.1515653,0.0,-7.0,-60.0
1775635439.1615653,-1.0,-6.0,-61.0
1775635439.1715653,0.0,-4.0,-60.0
1775635439.1815653,-4.0,-4.0,-60.0
1775635439.1915653,-3.0,-1.0,-60.0
1775635439.2015653,3.0,-2.0,-57.0
1775635439.2115655,6.0,0.0,-53.0
1775635439.2215655,4.0,-2.0,-49.0
1775635439.2315657,6.0,-2.0,-53.0
1775635439.2415657,2.0,-2.0,-58.0
1775635439.2515657,4.0,0.0,-59.0
1775635439.2615654,2.0,0.0,-62.0
1775635439.2715654,0.0,-2.0,-57.0
1775635439.2815654,0.0,-4.0,-60.0
1775635439.2915654,-1.0,-6.0,-59.0
1775635439.3015654,0.0,-7.0,-57.0
1775635439.3115654,2.0,-4.0,-65.0
1775635439.3215654,0.0,-7.0,-63.0
1775635439.3315654,2.0,-6.0,-61.0
1775635439.3415654,0.0,1.0,-67.0
1775635439.3515654,0.0,4.0,-69.0
1775635439.3615654,-2.0,1.0,-69.0
1775635439.371565,1.0,0.0,-69.0
1775635439.381565,1.0,-2.0,-71.0
1775635439.391565,0.0,-6.0,-65.0
1775635439.4015653,-2.0,-4.0,-55.0
1775635439.4115653,-5.0,-4.0,-59.0
1775635439.4215653,-5.0,-4.0,-64.0
1775635439.4315653,-2.0,-5.0,-68.0
1775635439.4415653,-3.0,-2.0,-70.0
1775635439.4515653,-7.0,-4.0,-72.0
1775635439.4615655,-8.0,-7.0,-71.0
1775635439.4715655,-3.0,-2.0,-72.0
1775635439.4815657,-4.0,0.0,-72.0
1775635439.4915657,-5.0,-4.0,-72.0
1775635439.5015657,-5.0,-2.0,-71.0
1775635439.5115654,-3.0,-4.0,-74.0
1775635439.5215654,-1.0,0.0,-79.0
1775635439.5315654,0.0,2.0,-83.0
1775635439.5415654,-1.0,5.0,-77.0
1775635439.5515654,-5.0,6.0,-71.0
1775635439.5615654,-1.0,3.0,-73.0
1775635439.5715654,0.0,3.0,-68.0
1775635439.5815654,2.0,1.0,-71.0
1775635439.5915654,4.0,0.0,-64.0
1775635439.6015654,11.0,-2.0,-71.0
1775635439.6115654,10.0,-3.0,-74.0
1775635439.621565,4.0,-5.0,-76.0
1775635439.631565,0.0,-3.0,-69.0
1775635439.641565,-5.0,-1.0,-67.0
1775635439.6515653,-5.0,-2.0,-64.0
1775635439.6615653,-2.0,-2.0,-64.0
1775635439.6715653,1.0,-1.0,-73.0
1775635439.6815653,-1.0,0.0,-79.0
1775635439.6915653,-3.0,-2.0,-76.0
1775635439.7015653,0.0,0.0,-75.0
1775635439.7115655,0.0,-1.0,-71.0
1775635439.7215655,0.0,-4.0,-66.0
1775635439.7315657,4.0,-1.0,-65.0
1775635439.7415657,0.0,-1.0,-59.0
1775635439.7515657,1.0,3.0,-54.0
1775635439.7615654,3.0,2.0,-61.0
1775635439.7715654,4.0,2.0,-63.0
1775635439.7815654,4.0,-1.0,-64.0
1775635439.7915654,5.0,-5.0,-64.0
1775635439.8015654,-3.0,-6.0,-64.0
1775635439.8115654,-2.0,-9.0,-62.0
1775635439.8215654,-3.0,-6.0,-64.0
1775635439.8315654,-1.0,-1.0,-66.0
1775635439.8415654,0.0,-1.0,-66.0
1775635439.8515654,0.0,-1.0,-65.0
1775635439.8615654,-2.0,-1.0,-62.0
1775635439.871565,-4.0,-1.0,-59.0
1775635439.881565,-3.0,4.0,-62.0
1775635439.891565,0.0,4.0,-63.0
1775635439.9015653,2.0,3.0,-59.0
1775635439.9115653,-1.0,0.0,-60.0
1775635439.9215653,-2.0,0.0,-62.0
1775635439.9315653,-5.0,2.0,-70.0
1775635439.9415653,-5.0,2.0,-69.0
1775635439.9515653,-7.0,1.0,-71.0
1775635439.9615655,-8.0,0.0,-70.0
1775635439.9715655,-6.0,-1.0,-69.0
1775635439.9815657,-5.0,-4.0,-69.0
1775635439.9915657,-6.0,-1.0,-63.0
1775635440.0015657,-4.0,1.0,-61.0
1775635440.0115654,-6.0,3.0,-61.0
1775635440.0215654,-5.0,3.0,-62.0
1775635440.0315654,-1.0,3.0,-58.0
1775635440.0415654,0.0,3.0,-62.0
1775635440.0515654,1.0,0.0,-63.0
1775635440.0615654,5.0,-2.0,-60.0
1775635440.0715654,6.0,-2.0,-61.0
1775635440.0815654,3.0,3.0,-60.0
1775635440.0915654,3.0,3.0,-62.0
1775635440.1015654,3.0,-2.0,-68.0
1775635440.1115654,4.0,-2.0,-67.0
1775635440.121565,0.0,-3.0,-70.0
1775635440.131565,0.0,-4.0,-72.0
1775635440.141565,1.0,-1.0,-63.0
1775635440.1515653,4.0,0.0,-65.0
1775635440.1615653,4.0,1.0,-67.0
1775635440.1715653,2.0,0.0,-73.0
1775635440.1815653,3.0,-1.0,-77.0
1775635440.1915653,1.0,3.0,-76.0
1775635440.2015653,-4.0,2.0,-72.0
1775635440.2115655,-5.0,-1.0,-80.0
1775635440.2215655,-1.0,-3.0,-78.0
1775635440.2315657,1.0,-2.0,-72.0
1775635440.2415657,0.0,-1.0,-74.0
1775635440.2515657,5.0,2.0,-76.0
1775635440.2615654,4.0,-2.0,-73.0
1775635440.2715654,12.0,-3.0,-75.0
1775635440.2815654,7.0,-2.0,-68.0
1775635440.2915654,3.0,0.0,-66.0
1775635440.3015654,1.0,3.0,-69.0
1775635440.3115654,0.0,4.0,-67.0
1775635440.3215654,-1.0,1.0,-66.0
1775635440.3315654,-3.0,1.0,-57.0
1775635440.3415654,0.0,3.0,-54.0
1775635440.3515654,0.0,5.0,-55.0
1775635440.3615654,0.0,3.0,-62.0
1775635440.371565,4.0,0.0,-62.0
1775635440.381565,2.0,-3.0,-53.0
1775635440.391565,-1.0,0.0,-56.0
1775635440.4015653,-3.0,0.0,-59.0
1775635440.4115653,-2.0,0.0,-59.0
1775635440.4215653,0.0,2.0,-59.0
1775635440.4315653,-3.0,2.0,-55.0
1775635440.4415653,-2.0,0.0,-54.0
1775635440.4515653,0.0,-3.0,-59.0
1775635440.4615655,2.0,-4.0,-59.0
1775635440.4715655,0.0,-3.0,-56.0
1775635440.4815657,2.0,-5.0,-62.0
1775635440.4915657,4.0,-6.0,-62.0
1775635440.5015657,5.0,-3.0,-61.0
1775635440.5115654,3.0,-1.0,-59.0
1775635440.5215654,2.0,-3.0,-63.0
1775635440.5315654,0.0,-3.0,-60.0
1775635440.5415654,-1.0,-3.0,-62.0
1775635440.5515654,1.0,-3.0,-61.0
1775635440.5615654,3.0,-3.0,-65.0
1775635440.5715654,5.0,-4.0,-63.0
1775635440.5815654,0.0,-3.0,-64.0
1775635440.5915654,-3.0,2.0,-63.0
1775635440.6015654,-8.0,0.0,-60.0
1775635440.6115654,-5.0,0.0,-67.0
1775635440.621565,-2.0,2.0,-67.0
1775635440.631565,-5.0,3.0,-65.0
1775635440.641565,-3.0,1.0,-63.0
1775635440.6515653,0.0,-3.0,-67.0
1775635440.6615653,-3.0,-1.0,-64.0
1775635440.6715653,-4.0,-4.0,-64.0
1775635440.6815653,-3.0,-2.0,-72.0
1775635440.6915653,-1.0,-1.0,-71.0
1775635440.7025654,-3.0,1.0,-66.0
1775635440.7115655,-2.0,2.0,-62.0
1775635440.7225654,-3.0,5.0,-68.0
1775635440.7325654,-3.0,3.0,-70.0
1775635440.7425654,-3.0,0.0,-70.0
1775635440.7525654,-4.0,-2.0,-72.0
1775635440.7625654,-2.0,-1.0,-72.0
1775635440.7725654,-4.0,1.0,-69.0
1775635440.7825654,0.0,4.0,-69.0
1775635440.792565,0.0,6.0,-69.0
1775635440.802565,-4.0,4.0,-65.0
1775635440.812565,0.0,2.0,-73.0
1775635440.8225653,0.0,-2.0,-71.0
1775635440.8325653,2.0,-1.0,-67.0
1775635440.8425653,1.0,1.0,-70.0
1775635440.8525653,-2.0,4.0,-72.0
1775635440.8625653,-4.0,6.0,-65.0
1775635440.8725653,-6.0,8.0,-75.0
1775635440.8825655,-8.0,5.0,-75.0
1775635440.8925655,-6.0,4.0,-74.0
1775635440.9025657,-4.0,3.0,-72.0
1775635440.9125657,0.0,6.0,-66.0
1775635440.9225657,0.0,7.0,-66.0
1775635440.9325657,-2.0,6.0,-70.0
1775635440.9425654,0.0,3.0,-75.0
1775635440.9525654,3.0,4.0,-74.0
1775635440.9625654,0.0,2.0,-76.0
1775635440.9725654,2.0,4.0,-72.0
1775635440.9825654,-3.0,0.0,-70.0
1775635440.9925654,-2.0,1.0,-75.0
1775635441.0025654,-2.0,0.0,-64.0
1775635441.0125654,-1.0,2.0,-57.0
1775635441.0225654,-5.0,3.0,-64.0
1775635441.0325654,-1.0,0.0,-63.0
1775635441.042565,-3.0,0.0,-65.0
1775635441.052565,-3.0,-3.0,-69.0
1775635441.062565,-6.0,-4.0,-69.0
1775635441.0725653,-7.0,-4.0,-71.0
1775635441.0825653,-4.0,-5.0,-73.0
1775635441.0925653,-4.0,-2.0,-83.0
1775635441.1025653,0.0,-3.0,-78.0
1775635441.1125653,2.0,-5.0,-79.0
1775635441.1225653,2.0,0.0,-73.0
1775635441.1325655,-3.0,0.0,-70.0
1775635441.1425655,-3.0,-4.0,-80.0
1775635441.1525657,-2.0,1.0,-74.0
1775635441.1625657,0.0,0.0,-72.0
1775635441.1725657,5.0,-1.0,-70.0
1775635441.1825657,0.0,-1.0,-73.0
1775635441.1925654,-4.0,0.0,-71.0
1775635441.2025654,-1.0,3.0,-64.0
1775635441.2125654,-2.0,5.0,-67.0
1775635441.2225654,0.0,2.0,-76.0
1775635441.2325654,3.0,5.0,-75.0
1775635441.2425654,7.0,2.0,-70.0
1775635441.2525654,3.0,3.0,-76.0
1775635441.2625654,3.0,3.0,-83.0
1775635441.2725654,7.0,1.0,-84.0
1775635441.2825654,2.0,0.0,-84.0
1775635441.292565,1.0,-2.0,-87.0
1775635441.302565,-2.0,-3.0,-82.0
1775635441.312565,0.0,-3.0,-85.0
1775635441.3225653,1.0,-5.0,-85.0
1775635441.3325653,-2.0,-4.0,-77.0
1775635441.3425653,-1.0,-3.0,-78.0
1775635441.3525653,-6.0,0.0,-71.0
1775635441.3625653,-1.0,-4.0,-69.0
1775635441.3725653,3.0,0.0,-69.0
1775635441.3825655,1.0,0.0,-71.0
1775635441.3925655,-1.0,4.0,-72.0
1775635441.4025657,0.0,0.0,-65.0
1775635441.4125657,-1.0,-2.0,-70.0
1775635441.4225657,-3.0,0.0,-71.0
1775635441.4325657,0.0,-1.0,-65.0
1775635441.4425654,2.0,-2.0,-58.0
1775635441.4525654,1.0,-3.0,-60.0
1775635441.4625654,0.0,-7.0,-61.0
1775635441.4725654,0.0,-1.0,-61.0
1775635441.4825654,0.0,-4.0,-61.0
1775635441.4925654,-6.0,-4.0,-66.0
1775635441.5025654,0.0,-5.0,-70.0
1775635441.5125654,0.0,-2.0,-68.0
1775635441.5225654,-2.0,0.0,-63.0
1775635441.5325654,-1.0,0.0,-58.0
1775635441.542565,-4.0,-2.0,-57.0
1775635441.552565,-4.0,0.0,-61.0
1775635441.562565,-3.0,0.0,-63.0
1775635441.5725653,-1.0,3.0,-64.0
1775635441.5825653,1.0,3.0,-61.0
1775635441.5925653,4.0,3.0,-62.0
1775635441.6025653,2.0,1.0,-67.0
1775635441.6125653,4.0,-1.0,-75.0
1775635441.6225653,1.0,-1.0,-75.0
1775635441.6325655,0.0,-1.0,-76.0
1775635441.6425655,0.0,-2.0,-75.0
1775635441.6525657,-2.0,-5.0,-73.0
1775635441.6625657,-1.0,-5.0,-74.0
1775635441.6725657,0.0,-4.0,-73.0
1775635441.6825657,-5.0,-2.0,-76.0
1775635441.6925654,-4.0,2.0,-69.0
1775635441.7025654,-3.0,-1.0,-71.0
1775635441.7125654,-8.0,-2.0,-71.0
1775635441.7225654,-11.0,0.0,-66.0
1775635441.7325654,-6.0,-3.0,-69.0
1775635441.7425654,-7.0,0.0,-72.0
1775635441.7525654,-8.0,0.0,-72.0
1775635441.7625654,-6.0,-4.0,-69.0
1775635441.7725654,-2.0,-5.0,-72.0
1775635441.7825654,1.0,-7.0,-76.0
1775635441.792565,4.0,-11.0,-73.0
1775635441.802565,4.0,-10.0,-72.0
1775635441.812565,1.0,-9.0,-71.0
1775635441.8225653,-1.0,-6.0,-73.0
1775635441.8325653,0.0,-4.0,-72.0
1775635441.8425653,0.0,-5.0,-70.0
1775635441.8525653,-2.0,-6.0,-66.0
1775635441.8625653,-3.0,-3.0,-66.0
1775635441.8725653,-6.0,-3.0,-64.0
1775635441.8825655,-10.0,0.0,-64.0
1775635441.8925655,-12.0,1.0,-66.0
1775635441.9025657,-7.0,3.0,-67.0
1775635441.9125657,-2.0,4.0,-64.0
1775635441.9225657,1.0,4.0,-71.0
1775635441.9325657,0.0,2.0,-72.0
1775635441.9425654,3.0,3.0,-63.0
1775635441.9525654,2.0,-2.0,-53.0
1775635441.9625654,1.0,0.0,-54.0
1775635441.9725654,4.0,-1.0,-52.0
1775635441.9825654,5.0,-2.0,-60.0
1775635441.9925654,5.0,-2.0,-65.0
1775635442.0025654,2.0,-4.0,-69.0
1775635442.0125654,4.0,-2.0,-69.0
1775635442.0225654,5.0,2.0,-65.0
1775635442.0325654,6.0,3.0,-60.0
1775635442.042565,3.0,3.0,-62.0
1775635442.052565,1.0,4.0,-59.0
1775635442.062565,4.0,3.0,-60.0
1775635442.0725653,6.0,5.0,-65.0
1775635442.0825653,4.0,7.0,-64.0
1775635442.0925653,2.0,5.0,-63.0
1775635442.1025653,2.0,6.0,-67.0
1775635442.1125653,1.0,4.0,-62.0
1775635442.1225653,0.0,1.0,-62.0
1775635442.1325655,0.0,-2.0,-65.0
1775635442.1425655,1.0,-1.0,-65.0
1775635442.1525657,0.0,0.0,-71.0
1775635442.1625657,1.0,-2.0,-74.0
1775635442.1725657,4.0,-3.0,-75.0
1775635442.1825657,6.0,-3.0,-70.0
1775635442.1925654,2.0,-3.0,-74.0
1775635442.2025654,1.0,-1.0,-74.0
1775635442.2125654,2.0,-1.0,-73.0
1775635442.2225654,4.0,-1.0,-68.0
1775635442.2325654,4.0,0.0,-71.0
1775635442.2425654,0.0,3.0,-69.0
1775635442.2525654,0.0,-4.0,-66.0
1775635442.2625654,1.0,-4.0,-65.0
1775635442.2725654,0.0,-7.0,-67.0
1775635442.2825654,-1.0,-9.0,-72.0
1775635442.292565,-1.0,-9.0,-76.0
1775635442.302565,-4.0,-5.0,-72.0
1775635442.312565,-3.0,-3.0,-75.0
1775635442.3225653,-2.0,-3.0,-70.0
1775635442.3325653,-5.0,-7.0,-71.0
1775635442.3425653,-7.0,-7.0,-74.0
1775635442.3525653,-9.0,-9.0,-76.0
1775635442.3625653,-9.0,-9.0,-75.0
1775635442.3725653,-11.0,-9.0,-74.0
1775635442.3825655,-9.0,-11.0,-78.0
1775635442.3925655,-2.0,-6.0,-76.0
1775635442.4025657,0.0,-2.0,-75.0
1775635442.4125657,-3.0,-2.0,-74.0
1775635442.4225657,-5.0,0.0,-72.0
1775635442.4325657,-3.0,1.0,-78.0
1775635442.4425654,1.0,3.0,-69.0
1775635442.4525654,3.0,-1.0,-67.0
1775635442.4625654,1.0,-1.0,-64.0
1775635442.4725654,2.0,-1.0,-60.0
1775635442.4825654,0.0,1.0,-59.0
1775635442.4925654,-3.0,3.0,-57.0
1775635442.5025654,-3.0,0.0,-63.0
1775635442.5125654,-5.0,0.0,-64.0
1775635442.5225654,-3.0,0.0,-69.0
1775635442.5325654,-4.0,2.0,-69.0
1775635442.542565,-8.0,-1.0,-67.0
1775635442.552565,-6.0,4.0,-76.0
1775635442.562565,-1.0,0.0,-76.0
1775635442.5725653,0.0,1.0,-79.0
1775635442.5825653,-1.0,1.0,-79.0
1775635442.5925653,2.0,4.0,-75.0
1775635442.6025653,5.0,1.0,-70.0
1775635442.6125653,6.0,1.0,-63.0
1775635442.6225653,4.0,0.0,-60.0
1775635442.6325655,4.0,0.0,-57.0
1775635442.6425655,3.0,-1.0,-59.0
1775635442.6525657,1.0,0.0,-64.0
1775635442.6625657,0.0,2.0,-62.0
1775635442.6725657,-1.0,1.0,-64.0
1775635442.6825657,-1.0,3.0,-64.0
1775635442.6925654,-1.0,2.0,-65.0
1775635442.7025654,3.0,2.0,-63.0
1775635442.7125654,4.0,0.0,-65.0
1775635442.7225654,0.0,1.0,-61.0
1775635442.7325654,-2.0,-1.0,-57.0
1775635442.7425654,-4.0,-3.0,-58.0
1775635442.7525654,-1.0,0.0,-58.0
1775635442.7625654,-6.0,0.0,-61.0
1775635442.7725654,-3.0,1.0,-62.0
1775635442.7825654,-3.0,0.0,-61.0
1775635442.792565,-6.0,-2.0,-57.0
1775635442.802565,-4.0,-1.0,-59.0
1775635442.812565,-4.0,-2.0,-57.0
1775635442.8225653,-5.0,-1.0,-60.0
1775635442.8325653,-9.0,-1.0,-68.0
1775635442.8425653,-9.0,-1.0,-68.0
1775635442.8525653,-8.0,-4.0,-67.0
1775635442.8625653,-5.0,-7.0,-68.0
1775635442.8725653,-3.0,-4.0,-69.0
1775635442.8825655,3.0,-6.0,-68.0
1775635442.8925655,6.0,-3.0,-73.0
1775635442.9025657,7.0,0.0,-76.0
1775635442.9125657,5.0,3.0,-74.0
1775635442.9225657,3.0,1.0,-71.0
1775635442.9325657,3.0,-2.0,-70.0
1775635442.9425654,1.0,0.0,-70.0
1775635442.9525654,1.0,0.0,-74.0
1775635442.9625654,3.0,1.0,-69.0
1775635442.9725654,0.0,2.0,-64.0
1775635442.9825654,0.0,1.0,-71.0
1775635442.9925654,1.0,0.0,-71.0
1775635443.0025654,0.0,3.0,-72.0
1775635443.0125654,-1.0,4.0,-70.0
1775635443.0225654,-4.0,4.0,-68.0
1775635443.0325654,-2.0,2.0,-72.0
1775635443.0435653,-3.0,4.0,-75.0
1775635443.0535655,1.0,4.0,-73.0
1775635443.0635655,2.0,1.0,-75.0
1775635443.0735655,-1.0,-2.0,-75.0
1775635443.0835657,-4.0,-5.0,-76.0
1775635443.0935657,-1.0,-5.0,-70.0
1775635443.1035657,1.0,-6.0,-71.0
1775635443.1135654,0.0,-5.0,-71.0
1775635443.1235654,0.0,-4.0,-77.0
1775635443.1335654,0.0,0.0,-77.0
1775635443.1435654,-2.0,0.0,-69.0
1775635443.1535654,-1.0,0.0,-67.0
1775635443.1635654,-1.0,0.0,-68.0
1775635443.1735654,-1.0,2.0,-74.0
1775635443.1835654,-2.0,1.0,-79.0
1775635443.1935654,0.0,1.0,-79.0
1775635443.2035654,-7.0,-1.0,-74.0
1775635443.213565,-11.0,-1.0,-75.0
1775635443.223565,-8.0,2.0,-74.0
1775635443.233565,-4.0,2.0,-70.0
1775635443.243565,-4.0,3.0,-62.0
1775635443.2535653,-1.0,4.0,-66.0
1775635443.2635653,0.0,6.0,-71.0
1775635443.2735653,0.0,8.0,-64.0
1775635443.2835653,0.0,7.0,-67.0
1775635443.2935653,0.0,6.0,-69.0
1775635443.3035655,1.0,7.0,-70.0
1775635443.3135655,0.0,3.0,-74.0
1775635443.3235655,-3.0,1.0,-67.0
1775635443.3335657,-1.0,-1.0,-68.0
1775635443.3435657,-3.0,-1.0,-68.0
1775635443.3535657,-5.0,-3.0,-70.0
1775635443.3635654,-6.0,-8.0,-66.0
1775635443.3735654,-7.0,-6.0,-69.0
1775635443.3835654,-9.0,-7.0,-66.0
1775635443.3935654,-7.0,-3.0,-64.0
1775635443.4035654,-13.0,-2.0,-68.0
1775635443.4135654,-10.0,-2.0,-64.0
1775635443.4235654,-6.0,-2.0,-65.0
1775635443.4335654,-8.0,-2.0,-63.0
1775635443.4435654,-8.0,-4.0,-64.0
1775635443.4535654,-3.0,0.0,-66.0
1775635443.463565,-4.0,0.0,-70.0
1775635443.473565,-2.0,0.0,-74.0
1775635443.483565,-3.0,-4.0,-75.0
1775635443.493565,-1.0,-4.0,-69.0
1775635443.5035653,0.0,0.0,-68.0
1775635443.5135653,-2.0,4.0,-73.0
1775635443.5235653,0.0,0.0,-79.0
1775635443.5335653,-2.0,2.0,-78.0
1775635443.5435653,0.0,2.0,-69.0
1775635443.5535655,-1.0,1.0,-62.0
1775635443.5635655,-2.0,-3.0,-59.0
1775635443.5735655,-3.0,-5.0,-61.0
1775635443.5835657,0.0,-2.0,-63.0
1775635443.5935657,1.0,-2.0,-65.0
1775635443.6035657,0.0,-3.0,-69.0
1775635443.6135654,-4.0,-1.0,-69.0
1775635443.6235654,-5.0,0.0,-77.0
1775635443.6335654,1.0,1.0,-79.0
1775635443.6435654,-3.0,4.0,-77.0
1775635443.6535654,-7.0,7.0,-68.0
1775635443.6635654,-5.0,0.0,-63.0
1775635443.6735654,-3.0,-1.0,-59.0
1775635443.6835654,0.0,3.0,-58.0
1775635443.6935654,-1.0,3.0,-60.0
1775635443.7035654,-1.0,3.0,-65.0
1775635443.713565,2.0,4.0,-63.0
1775635443.723565,3.0,4.0,-69.0
1775635443.733565,0.0,0.0,-66.0
1775635443.743565,0.0,1.0,-60.0
1775635443.7535653,1.0,-3.0,-59.0
1775635443.7635653,0.0,-4.0,-59.0
1775635443.7735653,-3.0,-6.0,-72.0
1775635443.7835653,0.0,-3.0,-70.0
1775635443.7935653,3.0,1.0,-69.0
1775635443.8035655,0.0,2.0,-69.0
1775635443.8135655,3.0,1.0,-76.0
1775635443.8235655,6.0,0.0,-78.0
1775635443.8335657,3.0,-2.0,-74.0
1775635443.8435657,0.0,-2.0,-74.0
1775635443.8535657,0.0,0.0,-77.0
1775635443.8635654,-3.0,3.0,-79.0
1775635443.8735654,0.0,1.0,-75.0
1775635443.8835654,-1.0,3.0,-77.0
1775635443.8935654,-4.0,2.0,-79.0
1775635443.9035654,-7.0,1.0,-74.0
1775635443.9135654,-7.0,1.0,-73.0
1775635443.9235654,-4.0,-4.0,-72.0
1775635443.9335654,-6.0,-1.0,-75.0
1775635443.9435654,-3.0,-2.0,-73.0
1775635443.9535654,-3.0,-1.0,-68.0
1775635443.963565,0.0,4.0,-71.0
1775635443.973565,-5.0,5.0,-78.0
1775635443.983565,-6.0,2.0,-70.0
1775635443.993565,-7.0,2.0,-71.0
1775635444.0035653,-6.0,3.0,-70.0
1775635444.0135653,-7.0,0.0,-64.0
1775635444.0235653,-6.0,1.0,-62.0
1775635444.0335653,0.0,0.0,-78.0
1775635444.0435653,0.0,-1.0,-75.0
1775635444.0535655,-2.0,-4.0,-72.0
1775635444.0635655,-6.0,0.0,-64.0
1775635444.0735655,-2.0,-2.0,-66.0
1775635444.0835657,-6.0,-4.0,-65.0
1775635444.0935657,-7.0,-9.0,-62.0
1775635444.1035657,-2.0,-4.0,-64.0
1775635444.1135654,1.0,1.0,-65.0
1775635444.1235654,-5.0,5.0,-74.0
1775635444.1335654,-2.0,7.0,-76.0
1775635444.1435654,-3.0,1.0,-76.0
1775635444.1535654,-4.0,3.0,-80.0
1775635444.1635654,-4.0,4.0,-81.0
1775635444.1735654,3.0,-1.0,-75.0
1775635444.1835654,3.0,-2.0,-77.0
1775635444.1935654,-1.0,-4.0,-72.0
1775635444.2035654,-2.0,-5.0,-72.0
1775635444.213565,0.0,-4.0,-68.0
1775635444.223565,-1.0,-4.0,-68.0
1775635444.233565,-2.0,-3.0,-73.0
1775635444.243565,-4.0,-2.0,-77.0
1775635444.2535653,-7.0,0.0,-81.0
1775635444.2635653,-6.0,-3.0,-78.0
1775635444.2735653,-8.0,0.0,-75.0
1775635444.2835653,-8.0,0.0,-73.0
1775635444.2935653,-9.0,-1.0,-74.0
1775635444.3035655,-5.0,0.0,-76.0
1775635444.3135655,-3.0,0.0,-75.0
1775635444.3235655,-1.0,2.0,-74.0
1775635444.3335657,-2.0,2.0,-73.0
1775635444.3435657,-2.0,0.0,-67.0
1775635444.3535657,0.0,1.0,-70.0
1775635444.3635654,-4.0,0.0,-68.0
1775635444.3735654,-5.0,0.0,-67.0
1775635444.3835654,-4.0,-4.0,-76.0
1775635444.3935654,1.0,-4.0,-72.0
1775635444.4035654,0.0,-5.0,-81.0
1775635444.4135654,1.0,-7.0,-78.0
1775635444.4235654,0.0,-4.0,-75.0
1775635444.4335654,-3.0,-3.0,-74.0
1775635444.4435654,1.0,-3.0,-75.0
1775635444.4535654,1.0,-3.0,-78.0
1775635444.463565,-1.0,0.0,-79.0
1775635444.473565,1.0,-1.0,-74.0
1775635444.483565,1.0,-1.0,-70.0
1775635444.493565,4.0,-2.0,-66.0
1775635444.5035653,3.0,-1.0,-69.0
1775635444.5135653,0.0,2.0,-74.0
1775635444.5235653,0.0,3.0,-70.0
1775635444.5335653,0.0,5.0,-68.0
1775635444.5435653,-3.0,5.0,-68.0
1775635444.5535655,2.0,1.0,-65.0
1775635444.5635655,1.0,2.0,-68.0
1775635444.5735655,3.0,2.0,-68.0
1775635444.5835657,5.0,-1.0,-69.0
1775635444.5935657,4.0,-6.0,-68.0
1775635444.6035657,6.0,-5.0,-70.0
1775635444.6135654,5.0,-6.0,-71.0
1775635444.6235654,2.0,-6.0,-69.0
1775635444.6335654,6.0,-3.0,-73.0
1775635444.6435654,6.0,-6.0,-75.0
1775635444.6535654,2.0,-2.0,-80.0
1775635444.6635654,4.0,-1.0,-75.0
1775635444.6735654,5.0,-1.0,-70.0
1775635444.6835654,5.0,1.0,-75.0
1775635444.6935654,3.0,4.0,-80.0
1775635444.7035654,3.0,5.0,-81.0
1775635444.713565,1.0,2.0,-76.0
1775635444.723565,2.0,4.0,-74.0
1775635444.733565,0.0,8.0,-78.0
1775635444.743565,1.0,0.0,-74.0
1775635444.7535653,-2.0,4.0,-69.0
1775635444.7635653,0.0,1.0,-68.0
1775635444.7735653,3.0,-1.0,-69.0
1775635444.7835653,1.0,-1.0,-68.0
1775635444.7935653,0.0,0.0,-68.0
1775635444.8035655,0.0,2.0,-69.0
1775635444.8135655,-6.0,1.0,-65.0
1775635444.8235655,-8.0,-1.0,-63.0
1775635444.8335657,-5.0,-1.0,-65.0
1775635444.8435657,-5.0,-2.0,-68.0
1775635444.8535657,-6.0,0.0,-69.0
1775635444.8635654,-5.0,0.0,-69.0
1775635444.8735654,0.0,0.0,-67.0
1775635444.8835654,-3.0,0.0,-64.0
1775635444.8935654,0.0,2.0,-67.0
1775635444.9035654,-2.0,4.0,-64.0
1775635444.9135654,-5.0,3.0,-61.0
1775635444.9235654,-4.0,-1.0,-65.0
1775635444.9335654,-7.0,-3.0,-63.0
1775635444.9435654,-6.0,-4.0,-64.0
1775635444.9535654,-2.0,-5.0,-56.0
1775635444.963565,2.0,-9.0,-64.0
1775635444.973565,2.0,-7.0,-66.0
1775635444.983565,1.0,-9.0,-62.0
1775635444.993565,0.0,-8.0,-50.0
1775635445.0035653,5.0,-9.0,-50.0
1775635445.0135653,1.0,-11.0,-49.0
1775635445.0235653,-1.0,-9.0,-54.0
1775635445.0335653,-4.0,-8.0,-56.0
1775635445.0435653,-7.0,-2.0,-66.0
1775635445.0535655,-7.0,-3.0,-73.0
1775635445.0635655,-8.0,-4.0,-73.0
1775635445.0735655,-7.0,-6.0,-71.0
1775635445.0835657,-5.0,-6.0,-64.0
1775635445.0935657,-4.0,-7.0,-64.0
1775635445.1035657,-1.0,-5.0,-66.0
1775635445.1135654,-1.0,-4.0,-63.0
1775635445.1235654,0.0,-1.0,-66.0
1775635445.1335654,-1.0,-3.0,-59.0
1775635445.1435654,-3.0,-7.0,-56.0
1775635445.1535654,-7.0,-8.0,-59.0
1775635445.1635654,-8.0,-4.0,-62.0
1775635445.1735654,-5.0,-2.0,-63.0
1775635445.1835654,-3.0,0.0,-65.0
1775635445.1935654,-2.0,0.0,-61.0
1775635445.2035654,0.0,0.0,-62.0
1775635445.213565,-1.0,2.0,-62.0
1775635445.223565,-5.0,5.0,-66.0
1775635445.233565,-3.0,5.0,-66.0
1775635445.243565,-4.0,5.0,-62.0
1775635445.2535653,-1.0,1.0,-64.0
1775635445.2635653,0.0,-1.0,-62.0
1775635445.2735653,-2.0,-4.0,-58.0
1775635445.2835653,3.0,-1.0,-55.0
1775635445.2935653,0.0,-2.0,-61.0
1775635445.3035655,-2.0,0.0,-62.0
1775635445.3135655,3.0,-1.0,-73.0
1775635445.3235655,1.0,-3.0,-74.0
1775635445.3335657,1.0,-3.0,-70.0
1775635445.3435657,3.0,-1.0,-67.0
1775635445.3545654,1.0,-5.0,-72.0
1775635445.3645654,6.0,-1.0,-70.0
1775635445.3745654,7.0,0.0,-70.0
1775635445.3845654,6.0,2.0,-70.0
1775635445.394565,7.0,0.0,-68.0
1775635445.404565,6.0,-1.0,-67.0
1775635445.414565,5.0,-2.0,-60.0
1775635445.4245653,5.0,0.0,-59.0
1775635445.4345653,7.0,-2.0,-56.0
1775635445.4445653,1.0,-2.0,-62.0
1775635445.4545653,-2.0,-2.0,-61.0
1775635445.4645653,-3.0,-6.0,-56.0
1775635445.4745653,-5.0,-8.0,-54.0
1775635445.4845655,-5.0,-5.0,-55.0
1775635445.4945655,-8.0,-2.0,-55.0
1775635445.5045657,-1.0,-3.0,-59.0
1775635445.5145657,-1.0,-6.0,-57.0
1775635445.5245657,1.0,-8.0,-61.0
1775635445.5345654,4.0,-2.0,-59.0
1775635445.5445654,4.0,-2.0,-62.0
1775635445.5545654,6.0,-1.0,-63.0
1775635445.5645654,5.0,0.0,-59.0
1775635445.5745654,6.0,0.0,-62.0
1775635445.5845654,8.0,-2.0,-65.0
1775635445.5945654,12.0,-1.0,-61.0
1775635445.6045654,14.0,-3.0,-66.0
1775635445.6145654,13.0,-1.0,-62.0
1775635445.6245654,7.0,-4.0,-65.0
1775635445.6345654,0.0,-1.0,-72.0
1775635445.644565,4.0,-4.0,-71.0
1775635445.654565,0.0,-4.0,-70.0
1775635445.664565,-1.0,-3.0,-72.0
1775635445.6745653,0.0,-2.0,-84.0
1775635445.6845653,2.0,4.0,-85.0
1775635445.6945653,4.0,0.0,-80.0
1775635445.7045653,1.0,1.0,-80.0
1775635445.7145653,0.0,2.0,-80.0
1775635445.7245653,3.0,-3.0,-74.0
1775635445.7345655,5.0,0.0,-69.0
1775635445.7445655,6.0,-1.0,-71.0
1775635445.7545657,7.0,-2.0,-78.0
1775635445.7645657,4.0,5.0,-76.0
1775635445.7745657,5.0,1.0,-69.0
1775635445.7845654,5.0,-1.0,-61.0
1775635445.7945654,0.0,0.0,-60.0
1775635445.8045654,0.0,0.0,-61.0
1775635445.8145654,-2.0,-3.0,-59.0
1775635445.8245654,0.0,-1.0,-61.0
1775635445.8345654,0.0,3.0,-70.0
1775635445.8445654,0.0,5.0,-66.0
1775635445.8545654,-4.0,2.0,-75.0
1775635445.8645654,-6.0,-1.0,-74.0
1775635445.8745654,-2.0,-1.0,-71.0
1775635445.8845654,-2.0,-2.0,-67.0
1775635445.894565,-6.0,-2.0,-66.0
1775635445.904565,-3.0,0.0,-69.0
1775635445.914565,-3.0,-1.0,-69.0
1775635445.9245653,-3.0,-2.0,-67.0
1775635445.9345653,-3.0,-2.0,-61.0
1775635445.9445653,4.0,-2.0,-58.0
1775635445.9545653,5.0,-2.0,-62.0
1775635445.9645653,5.0,-2.0,-64.0
1775635445.9745653,2.0,-1.0,-61.0
1775635445.9845655,0.0,-2.0,-56.0
1775635445.9945655,2.0,0.0,-59.0
1775635446.0045657,0.0,2.0,-61.0
1775635446.0145657,-6.0,0.0,-61.0
1775635446.0245657,-6.0,-4.0,-56.0
1775635446.0345654,-11.0,-4.0,-54.0
1775635446.0445654,-10.0,-4.0,-55.0
1775635446.0545654,-9.0,-4.0,-51.0
1775635446.0645654,-4.0,-1.0,-60.0
1775635446.0745654,-3.0,-1.0,-59.0
1775635446.0845654,-1.0,-4.0,-61.0
1775635446.0945654,-3.0,2.0,-66.0
1775635446.1045654,-1.0,0.0,-71.0
1775635446.1145654,-3.0,3.0,-71.0
1775635446.1245654,-9.0,3.0,-74.0
1775635446.1345654,-9.0,2.0,-70.0
1775635446.144565,-6.0,2.0,-68.0
1775635446.154565,-8.0,2.0,-64.0
1775635446.164565,-11.0,-2.0,-59.0
1775635446.1745653,-14.0,-2.0,-64.0
1775635446.1845653,-12.0,-2.0,-63.0
1775635446.1945653,-10.0,-4.0,-62.0
1775635446.2045653,-5.0,-1.0,-59.0
1775635446.2145653,-3.0,-1.0,-62.0
1775635446.2245653,-3.0,-3.0,-64.0
1775635446.2345655,3.0,-4.0,-63.0
1775635446.2445655,5.0,-5.0,-64.0
1775635446.2545657,4.0,-6.0,-67.0
1775635446.2645657,2.0,-1.0,-70.0
1775635446.2745657,0.0,-3.0,-69.0
1775635446.2845654,0.0,-3.0,-70.0
1775635446.2945654,1.0,-2.0,-79.0
1775635446.3045654,3.0,-3.0,-71.0
1775635446.3145654,5.0,-6.0,-70.0
1775635446.3245654,0.0,-4.0,-76.0
1775635446.3345654,-3.0,-6.0,-82.0
1775635446.3445654,-5.0,-9.0,-78.0
1775635446.3545654,-2.0,-7.0,-74.0
1775635446.3645654,-2.0,-8.0,-75.0
1775635446.3745654,-2.0,-7.0,-69.0
1775635446.3845654,-5.0,-5.0,-70.0
1775635446.394565,-1.0,-3.0,-74.0
1775635446.404565,-2.0,-1.0,-73.0
1775635446.414565,-4.0,-3.0,-68.0
1775635446.4245653,-3.0,1.0,-69.0
1775635446.4345653,-7.0,0.0,-75.0
1775635446.4445653,-9.0,-1.0,-75.0
1775635446.4545653,-7.0,1.0,-78.0
1775635446.4645653,-2.0,0.0,-79.0
1775635446.4745653,0.0,0.0,-79.0
1775635446.4845655,-2.0,3.0,-78.0
1775635446.4945655,-2.0,2.0,-72.0
1775635446.5045657,-4.0,2.0,-62.0
1775635446.5145657,-3.0,0.0,-55.0
1775635446.5245657,-1.0,-3.0,-58.0
1775635446.5345654,0.0,-1.0,-63.0
1775635446.5445654,0.0,2.0,-56.0
1775635446.5545654,-1.0,6.0,-54.0
1775635446.5645654,2.0,2.0,-60.0
1775635446.5745654,0.0,0.0,-62.0
1775635446.5845654,-2.0,0.0,-69.0
1775635446.5945654,-3.0,1.0,-72.0
1775635446.6045654,-4.0,-2.0,-66.0
1775635446.6145654,-2.0,-4.0,-70.0
1775635446.6245654,-3.0,-2.0,-71.0
1775635446.6345654,-3.0,0.0,-74.0
1775635446.644565,-1.0,2.0,-67.0
1775635446.654565,0.0,-2.0,-64.0
1775635446.664565,0.0,-3.0,-68.0
1775635446.6745653,0.0,-3.0,-60.0
1775635446.6845653,-2.0,-2.0,-62.0
1775635446.6945653,-1.0,0.0,-61.0
1775635446.7045653,-2.0,-2.0,-64.0
1775635446.7145653,0.0,-4.0,-66.0
1775635446.7245653,2.0,-1.0,-66.0
1775635446.7345655,5.0,-1.0,-70.0
1775635446.7445655,4.0,-1.0,-60.0
1775635446.7545657,4.0,0.0,-58.0
1775635446.7645657,5.0,-2.0,-68.0
1775635446.7745657,3.0,1.0,-71.0
1775635446.7845654,0.0,0.0,-66.0
1775635446.7945654,2.0,0.0,-64.0
1775635446.8045654,5.0,0.0,-61.0
1775635446.8145654,5.0,3.0,-62.0
1775635446.8245654,6.0,-2.0,-59.0
1775635446.8345654,6.0,-2.0,-56.0
1775635446.8445654,1.0,-4.0,-53.0
1775635446.8545654,-2.0,-4.0,-55.0
1775635446.8645654,-4.0,-7.0,-52.0
1775635446.8745654,-5.0,-5.0,-57.0
1775635446.8845654,-5.0,-5.0,-59.0
1775635446.894565,-4.0,-1.0,-59.0
1775635446.904565,-4.0,0.0,-62.0
1775635446.914565,-3.0,-5.0,-61.0
1775635446.9245653,-7.0,-7.0,-56.0
1775635446.9345653,-4.0,-9.0,-56.0
1775635446.9445653,1.0,-8.0,-68.0
1775635446.9545653,4.0,-10.0,-73.0
1775635446.9645653,5.0,-13.0,-74.0
1775635446.9745653,8.0,-13.0,-74.0
1775635446.9845655,2.0,-9.0,-75.0
1775635446.9945655,3.0,-9.0,-81.0
1775635447.0045657,0.0,-6.0,-75.0
1775635447.0145657,-7.0,-3.0,-72.0
1775635447.0245657,-5.0,-2.0,-67.0
1775635447.0345654,-4.0,3.0,-66.0
1775635447.0445654,-2.0,0.0,-64.0
1775635447.0545654,-4.0,0.0,-65.0
1775635447.0645654,-6.0,2.0,-72.0
1775635447.0745654,-3.0,1.0,-69.0
1775635447.0845654,-3.0,1.0,-67.0
1775635447.0945654,0.0,-3.0,-62.0
1775635447.1045654,-3.0,-2.0,-59.0
1775635447.1145654,0.0,-1.0,-63.0
1775635447.1245654,0.0,0.0,-59.0
1775635447.1345654,1.0,-2.0,-62.0
1775635447.144565,-2.0,-4.0,-56.0
1775635447.154565,0.0,-4.0,-62.0
1775635447.164565,0.0,-3.0,-64.0
1775635447.1745653,3.0,-3.0,-65.0
1775635447.1845653,2.0,0.0,-65.0
1775635447.1945653,1.0,0.0,-61.0
1775635447.2045653,0.0,-2.0,-59.0
1775635447.2145653,-2.0,0.0,-63.0
1775635447.2245653,-2.0,4.0,-57.0
1775635447.2345655,-2.0,4.0,-63.0
1775635447.2445655,-5.0,2.0,-66.0
1775635447.2545657,-7.0,4.0,-61.0
1775635447.2645657,-2.0,6.0,-63.0
1775635447.2745657,-4.0,5.0,-66.0
1775635447.2845654,-2.0,3.0,-60.0
1775635447.2945654,3.0,0.0,-60.0
1775635447.3045654,3.0,0.0,-61.0
1775635447.3145654,4.0,3.0,-62.0
1775635447.3245654,3.0,0.0,-60.0
1775635447.3345654,4.0,0.0,-63.0
1775635447.3445654,3.0,2.0,-60.0
1775635447.3545654,6.0,2.0,-58.0
1775635447.3645654,10.0,-2.0,-61.0
1775635447.3745654,7.0,-4.0,-70.0
1775635447.3845654,4.0,-3.0,-70.0
1775635447.394565,7.0,-2.0,-77.0
1775635447.404565,8.0,-1.0,-78.0
1775635447.414565,11.0,2.0,-77.0
1775635447.4245653,11.0,0.0,-75.0
1775635447.4345653,7.0,-1.0,-72.0
1775635447.4445653,10.0,-3.0,-69.0
1775635447.4545653,7.0,-1.0,-70.0
1775635447.4645653,6.0,-2.0,-69.0
1775635447.4745653,4.0,-2.0,-74.0
1775635447.4845655,1.0,-2.0,-73.0
1775635447.4945655,0.0,-1.0,-71.0
1775635447.5045657,3.0,3.0,-72.0
1775635447.5145657,3.0,6.0,-72.0
1775635447.5245657,0.0,3.0,-67.0
1775635447.5345654,1.0,2.0,-63.0
1775635447.5445654,0.0,1.0,-67.0
1775635447.5545654,-2.0,-3.0,-71.0
1775635447.5645654,3.0,-3.0,-70.0
1775635447.5745654,4.0,-3.0,-71.0
1775635447.5845654,4.0,1.0,-70.0
1775635447.5945654,3.0,0.0,-76.0
1775635447.6045654,6.0,2.0,-77.0
1775635447.6145654,4.0,0.0,-83.0
1775635447.6245654,2.0,4.0,-79.0
1775635447.6345654,1.0,-1.0,-68.0
1775635447.644565,2.0,-2.0,-71.0
1775635447.654565,4.0,0.0,-72.0
1775635447.664565,3.0,-2.0,-73.0
1775635447.6745653,2.0,1.0,-64.0
1775635447.6845653,4.0,3.0,-61.0
1775635447.6945653,7.0,6.0,-58.0
1775635447.7045653,7.0,7.0,-65.0
1775635447.7155654,2.0,6.0,-75.0
1775635447.7255654,2.0,4.0,-72.0
1775635447.7355654,0.0,3.0,-68.0
1775635447.7455654,3.0,2.0,-68.0
1775635447.7555654,0.0,6.0,-68.0
1775635447.7655654,-1.0,5.0,-68.0
1775635447.7755654,-2.0,0.0,-70.0
1775635447.7855654,0.0,0.0,-80.0
1775635447.7955654,1.0,2.0,-76.0
1775635447.8055654,1.0,0.0,-71.0
1775635447.815565,0.0,3.0,-79.0
1775635447.825565,3.0,3.0,-70.0
1775635447.835565,3.0,2.0,-71.0
1775635447.8455653,4.0,1.0,-67.0
1775635447.8555653,4.0,2.0,-61.0
1775635447.8655653,2.0,4.0,-59.0
1775635447.8755653,1.0,0.0,-60.0
1775635447.8855653,0.0,-1.0,-63.0
1775635447.8955653,0.0,-2.0,-64.0
1775635447.9055655,4.0,-1.0,-66.0
1775635447.9155655,2.0,1.0,-65.0
1775635447.9255655,-1.0,-1.0,-65.0
1775635447.9355657,-3.0,-2.0,-63.0
1775635447.9455657,-3.0,-2.0,-66.0
1775635447.9555657,-6.0,1.0,-64.0
1775635447.9655654,-6.0,1.0,-62.0
1775635447.9755654,-8.0,2.0,-64.0
1775635447.9855654,-7.0,5.0,-67.0
1775635447.9955654,-2.0,5.0,-63.0
1775635448.0055654,-5.0,1.0,-67.0
1775635448.0155654,-5.0,0.0,-70.0
1775635448.0265653,-4.0,0.0,-66.0
1775635448.0355654,-6.0,0.0,-62.0
1775635448.0455654,-5.0,0.0,-62.0
1775635448.0555654,0.0,2.0,-68.0
1775635448.065565,2.0,1.0,-72.0
1775635448.075565,3.0,1.0,-67.0
1775635448.085565,2.0,3.0,-63.0
1775635448.0955653,1.0,1.0,-68.0
1775635448.1055653,3.0,-1.0,-65.0
1775635448.1155653,2.0,0.0,-70.0
1775635448.1255653,4.0,0.0,-72.0
1775635448.1355653,-2.0,-1.0,-69.0
1775635448.1455653,1.0,-2.0,-59.0
1775635448.1555655,-1.0,-7.0,-63.0
1775635448.1655655,-4.0,-6.0,-72.0
1775635448.1755655,-5.0,-3.0,-68.0
1775635448.1855657,-2.0,-3.0,-67.0
1775635448.1955657,-6.0,1.0,-69.0
1775635448.2055657,-7.0,1.0,-69.0
1775635448.2155654,-11.0,2.0,-65.0
1775635448.2255654,-7.0,1.0,-66.0
1775635448.2355654,-5.0,0.0,-64.0
1775635448.2455654,-1.0,-1.0,-54.0
1775635448.2555654,0.0,0.0,-60.0
1775635448.2655654,0.0,-1.0,-59.0
1775635448.2755654,1.0,3.0,-56.0
1775635448.2855654,2.0,-1.0,-53.0
1775635448.2955654,1.0,-1.0,-54.0
1775635448.3055654,-1.0,-2.0,-57.0
1775635448.315565,-1.0,-2.0,-62.0
1775635448.325565,0.0,1.0,-60.0
1775635448.335565,-1.0,0.0,-61.0
1775635448.3455653,0.0,0.0,-67.0
1775635448.3555653,0.0,0.0,-65.0
1775635448.3655653,0.0,2.0,-65.0
1775635448.3755653,2.0,0.0,-70.0
1775635448.3855653,3.0,0.0,-75.0
1775635448.3955653,-1.0,-1.0,-74.0
1775635448.4055655,1.0,-2.0,-66.0
1775635448.4155655,-3.0,0.0,-61.0
1775635448.4255655,0.0,3.0,-73.0
1775635448.4355657,0.0,6.0,-76.0
1775635448.4455657,0.0,3.0,-80.0
1775635448.4555657,-2.0,-1.0,-75.0
1775635448.4655654,-5.0,-3.0,-70.0
1775635448.4755654,-9.0,-4.0,-71.0
1775635448.4855654,-9.0,-8.0,-73.0
1775635448.4955654,-6.0,-11.0,-72.0
1775635448.5055654,-7.0,-8.0,-64.0
1775635448.5155654,-2.0,-2.0,-61.0
1775635448.5255654,3.0,0.0,-66.0
1775635448.5355654,3.0,-2.0,-72.0
1775635448.5455654,2.0,-5.0,-73.0
1775635448.5555654,0.0,-8.0,-71.0
1775635448.565565,3.0,-10.0,-69.0
1775635448.575565,3.0,-7.0,-74.0
1775635448.585565,3.0,-1.0,-73.0
1775635448.5955653,1.0,0.0,-76.0
1775635448.6055653,2.0,-3.0,-65.0
1775635448.6155653,-1.0,-6.0,-65.0
1775635448.6255653,-1.0,-5.0,-66.0
1775635448.6355653,-2.0,-7.0,-62.0
1775635448.6455653,0.0,-2.0,-58.0
1775635448.6555655,-4.0,-4.0,-60.0
1775635448.6655655,-5.0,-4.0,-62.0
1775635448.6755655,0.0,-1.0,-59.0
1775635448.6855657,-2.0,-3.0,-62.0
