time,x,y,z
1775836800.0065663,4.0,7.0,-116.0
1775836800.0165665,3.0,3.0,-116.0
1775836800.0265665,1.0,4.0,-122.0
1775836800.0365665,0.0,5.0,-124.0
1775836800.0465665,-2.0,2.0,-123.0
1775836800.0565665,-6.0,4.0,-120.0
1775836800.0665665,-8.0,0.0,-121.0
1775836800.0765665,-7.0,-1.0,-125.0
1775836800.0865664,-5.0,-2.0,-124.0
1775836800.096567,-5.0,-5.0,-122.0
1775836800.106567,-3.0,-7.0,-122.0
1775836800.116567,-5.0,-9.0,-123.0
1775836800.1265666,-4.0,-7.0,-123.0
1775836800.1365666,-5.0,-5.0,-119.0
1775836800.1465666,0.0,-7.0,-117.0
1775836800.1565666,1.0,-5.0,-119.0
1775836800.1665666,4.0,-6.0,-120.0
1775836800.1765666,3.0,-5.0,-121.0
1775836800.1865666,3.0,-4.0,-114.0
1775836800.1965666,3.0,-5.0,-116.0
1775836800.2065666,1.0,-1.0,-114.0
1775836800.2165666,-3.0,-3.0,-123.0
1775836800.2265666,-2.0,-2.0,-122.0
1775836800.2365663,-4.0,-1.0,-120.0
1775836800.2465663,-4.0,1.0,-123.0
1775836800.2565663,-1.0,1.0,-124.0
1775836800.2665665,2.0,1.0,-127.0
1775836800.2765665,1.0,0.0,-130.0
1775836800.2865665,2.0,-2.0,-124.0
1775836800.2965665,3.0,2.0,-118.0
1775836800.3065665,0.0,6.0,-124.0
1775836800.3165665,1.0,5.0,-121.0
1775836800.3265665,1.0,5.0,-118.0
1775836800.3365664,0.0,6.0,-114.0
1775836800.346567,-2.0,6.0,-118.0
1775836800.356567,-1.0,2.0,-121.0
1775836800.366567,2.0,0.0,-122.0
1775836800.3765666,1.0,2.0,-127.0
1775836800.3865666,2.0,2.0,-119.0
1775836800.3965666,5.0,0.0,-126.0
1775836800.4065666,5.0,-2.0,-126.0
1775836800.4165666,5.0,-1.0,-122.0
1775836800.4265666,4.0,0.0,-121.0
1775836800.4365666,1.0,0.0,-123.0
1775836800.4465666,-3.0,0.0,-126.0
1775836800.4565666,-5.0,-1.0,-125.0
1775836800.4665666,-6.0,-5.0,-123.0
1775836800.4765666,-8.0,-5.0,-120.0
1775836800.4865663,-7.0,-1.0,-125.0
1775836800.4965663,-4.0,0.0,-130.0
1775836800.5065663,-3.0,3.0,-122.0
1775836800.5165665,-3.0,5.0,-121.0
1775836800.5265665,-2.0,4.0,-118.0
1775836800.5365665,-1.0,4.0,-114.0
1775836800.5465665,0.0,3.0,-117.0
1775836800.5565665,0.0,1.0,-110.0
1775836800.5665665,1.0,1.0,-112.0
1775836800.5765665,1.0,3.0,-117.0
1775836800.5865664,3.0,0.0,-121.0
1775836800.596567,2.0,0.0,-119.0
1775836800.606567,0.0,-2.0,-129.0
1775836800.616567,-2.0,-1.0,-135.0
1775836800.6265666,4.0,-2.0,-128.0
1775836800.6365666,4.0,-1.0,-124.0
1775836800.6465666,1.0,2.0,-117.0
1775836800.6565666,3.0,3.0,-117.0
1775836800.6665666,6.0,5.0,-126.0
1775836800.6765666,6.0,5.0,-133.0
1775836800.6865666,5.0,2.0,-132.0
1775836800.6965666,5.0,3.0,-121.0
1775836800.7065666,3.0,3.0,-116.0
1775836800.7165666,4.0,4.0,-116.0
1775836800.7265666,1.0,1.0,-119.0
1775836800.7365663,3.0,2.0,-119.0
1775836800.7465663,0.0,2.0,-109.0
1775836800.7565663,-5.0,0.0,-112.0
1775836800.7665665,-10.0,0.0,-107.0
1775836800.7765665,-5.0,0.0,-103.0
1775836800.7865665,-2.0,2.0,-104.0
1775836800.7965665,0.0,4.0,-104.0
1775836800.8065665,-2.0,6.0,-109.0
1775836800.8165665,4.0,1.0,-112.0
1775836800.8265665,5.0,3.0,-112.0
1775836800.8365664,4.0,2.0,-116.0
1775836800.846567,8.0,0.0,-119.0
1775836800.856567,6.0,-1.0,-127.0
1775836800.866567,11.0,-1.0,-121.0
1775836800.8765666,14.0,0.0,-118.0
1775836800.8865666,13.0,2.0,-124.0
1775836800.8965666,11.0,2.0,-123.0
1775836800.9065666,13.0,-1.0,-119.0
1775836800.9165666,11.0,-4.0,-118.0
1775836800.9265666,12.0,-3.0,-116.0
1775836800.9365666,10.0,-1.0,-118.0
1775836800.9465666,10.0,-1.0,-119.0
1775836800.9565666,2.0,-3.0,-116.0
1775836800.9665666,4.0,-1.0,-119.0
1775836800.9765666,3.0,-2.0,-120.0
1775836800.9865663,6.0,-5.0,-118.0
1775836800.9965663,4.0,-7.0,-120.0
1775836801.0065663,4.0,-5.0,-122.0
1775836801.0165665,0.0,-7.0,-123.0
1775836801.0265665,-1.0,-9.0,-121.0
1775836801.0365665,-2.0,-5.0,-118.0
1775836801.0465665,-3.0,-2.0,-115.0
1775836801.0575666,-4.0,3.0,-122.0
1775836801.0675666,-2.0,5.0,-120.0
1775836801.0775666,0.0,1.0,-119.0
1775836801.0875666,-1.0,3.0,-120.0
1775836801.0975666,-8.0,1.0,-115.0
1775836801.1075666,-2.0,-2.0,-117.0
1775836801.1175666,0.0,-5.0,-115.0
1775836801.1275666,0.0,-4.0,-120.0
1775836801.1375666,-2.0,0.0,-119.0
1775836801.1475666,1.0,1.0,-121.0
1775836801.1575663,6.0,0.0,-129.0
1775836801.1675663,4.0,0.0,-126.0
1775836801.1775663,0.0,5.0,-127.0
1775836801.1875665,1.0,2.0,-125.0
1775836801.1975665,0.0,0.0,-111.0
1775836801.2075665,0.0,4.0,-116.0
1775836801.2175665,0.0,3.0,-115.0
1775836801.2275665,2.0,2.0,-119.0
1775836801.2375665,3.0,0.0,-128.0
1775836801.2475665,6.0,0.0,-136.0
1775836801.2575665,7.0,4.0,-146.0
1775836801.2675664,8.0,1.0,-139.0
1775836801.277567,7.0,-2.0,-136.0
1775836801.287567,2.0,-2.0,-133.0
1775836801.297567,3.0,-2.0,-135.0
1775836801.3075666,0.0,-5.0,-132.0
1775836801.3175666,0.0,-7.0,-126.0
1775836801.3275666,0.0,-6.0,-122.0
1775836801.3375666,-1.0,-2.0,-120.0
1775836801.3475666,-4.0,0.0,-123.0
1775836801.3575666,-2.0,1.0,-121.0
1775836801.3675666,-5.0,4.0,-117.0
1775836801.3775666,-3.0,2.0,-113.0
1775836801.3875666,-3.0,4.0,-114.0
1775836801.3975666,0.0,2.0,-116.0
1775836801.4075663,5.0,-1.0,-117.0
1775836801.4175663,4.0,-3.0,-114.0
1775836801.4275663,1.0,-3.0,-112.0
1775836801.4375665,-2.0,-2.0,-108.0
1775836801.4475665,-3.0,-3.0,-112.0
1775836801.4575665,-2.0,-4.0,-115.0
1775836801.4675665,2.0,0.0,-119.0
1775836801.4775665,1.0,0.0,-118.0
1775836801.4875665,0.0,3.0,-123.0
1775836801.4975665,3.0,2.0,-120.0
1775836801.5075665,1.0,1.0,-113.0
1775836801.5175664,-2.0,2.0,-115.0
1775836801.527567,0.0,0.0,-116.0
1775836801.537567,2.0,0.0,-116.0
1775836801.547567,0.0,-1.0,-117.0
1775836801.5575666,-4.0,0.0,-120.0
1775836801.5675666,-4.0,-1.0,-118.0
1775836801.5775666,0.0,-2.0,-112.0
1775836801.5875666,0.0,-1.0,-118.0
1775836801.5975666,3.0,-1.0,-120.0
1775836801.6075666,2.0,0.0,-120.0
1775836801.6175666,0.0,1.0,-118.0
1775836801.6275666,4.0,2.0,-125.0
1775836801.6375666,6.0,-1.0,-124.0
1775836801.6475666,7.0,-6.0,-126.0
1775836801.6575663,6.0,-1.0,-125.0
1775836801.6675663,10.0,1.0,-123.0
1775836801.6775663,6.0,0.0,-117.0
1775836801.6875665,6.0,0.0,-112.0
1775836801.6975665,6.0,-1.0,-119.0
1775836801.7075665,0.0,-1.0,-121.0
1775836801.7175665,0.0,6.0,-120.0
1775836801.7275665,0.0,5.0,-116.0
1775836801.7375665,2.0,0.0,-118.0
1775836801.7475665,1.0,5.0,-118.0
1775836801.7575665,1.0,2.0,-119.0
1775836801.7675664,1.0,1.0,-119.0
1775836801.777567,1.0,1.0,-121.0
1775836801.787567,2.0,2.0,-119.0
1775836801.797567,4.0,1.0,-118.0
1775836801.8075666,4.0,2.0,-112.0
1775836801.8175666,3.0,0.0,-103.0
1775836801.8275666,7.0,0.0,-100.0
1775836801.8375666,3.0,0.0,-103.0
1775836801.8475666,3.0,0.0,-105.0
1775836801.8575666,0.0,0.0,-116.0
1775836801.8675666,0.0,-3.0,-115.0
1775836801.8775666,1.0,-3.0,-115.0
1775836801.8875666,0.0,0.0,-114.0
1775836801.8975666,1.0,0.0,-118.0
1775836801.9075663,1.0,1.0,-113.0
1775836801.9175663,-5.0,4.0,-109.0
1775836801.9275663,-4.0,4.0,-110.0
1775836801.9375665,2.0,2.0,-116.0
1775836801.9475665,1.0,-2.0,-110.0
1775836801.9575665,0.0,-2.0,-111.0
1775836801.9675665,-3.0,-5.0,-111.0
1775836801.9775665,-4.0,-4.0,-110.0
1775836801.9875665,0.0,-5.0,-112.0
1775836801.9975665,0.0,-7.0,-115.0
1775836802.0075665,1.0,-4.0,-109.0
1775836802.0175664,1.0,2.0,-112.0
1775836802.027567,5.0,2.0,-107.0
1775836802.037567,2.0,6.0,-108.0
1775836802.047567,-1.0,8.0,-115.0
1775836802.0575666,-6.0,5.0,-111.0
1775836802.0675666,-5.0,6.0,-110.0
1775836802.0775666,-4.0,0.0,-111.0
1775836802.0875666,-3.0,1.0,-117.0
1775836802.0975666,-1.0,3.0,-127.0
1775836802.1075666,2.0,1.0,-126.0
1775836802.1175666,4.0,2.0,-121.0
1775836802.1275666,6.0,1.0,-119.0
1775836802.1375666,2.0,-1.0,-117.0
1775836802.1475666,2.0,4.0,-115.0
1775836802.1575663,2.0,3.0,-124.0
1775836802.1675663,0.0,3.0,-125.0
1775836802.1775663,4.0,1.0,-123.0
1775836802.1875665,1.0,4.0,-117.0
1775836802.1975665,0.0,1.0,-121.0
1775836802.2075665,0.0,-3.0,-128.0
1775836802.2175665,2.0,-7.0,-124.0
1775836802.2275665,0.0,-5.0,-122.0
1775836802.2375665,0.0,-2.0,-118.0
1775836802.2475665,-3.0,-3.0,-119.0
1775836802.2575665,-2.0,0.0,-122.0
1775836802.2675664,1.0,2.0,-122.0
1775836802.277567,1.0,0.0,-120.0
1775836802.287567,0.0,0.0,-123.0
1775836802.297567,3.0,1.0,-124.0
1775836802.3075666,1.0,0.0,-122.0
1775836802.3175666,1.0,-1.0,-118.0
1775836802.3275666,-6.0,0.0,-115.0
1775836802.3375666,-4.0,0.0,-112.0
1775836802.3475666,-6.0,0.0,-112.0
1775836802.3575666,-9.0,1.0,-113.0
1775836802.3675666,-7.0,3.0,-119.0
1775836802.3775666,-4.0,3.0,-118.0
1775836802.3875666,-8.0,5.0,-113.0
1775836802.3975666,-7.0,3.0,-118.0
1775836802.4075663,-5.0,2.0,-123.0
1775836802.4175663,-8.0,1.0,-119.0
1775836802.4275663,-6.0,1.0,-116.0
1775836802.4375665,-9.0,0.0,-109.0
1775836802.4475665,-5.0,3.0,-114.0
1775836802.4575665,-6.0,5.0,-120.0
1775836802.4675665,-4.0,6.0,-115.0
1775836802.4775665,0.0,3.0,-120.0
1775836802.4875665,1.0,3.0,-120.0
1775836802.4975665,0.0,1.0,-120.0
1775836802.5075665,-1.0,1.0,-115.0
1775836802.5175664,-5.0,0.0,-118.0
1775836802.527567,-5.0,2.0,-111.0
1775836802.537567,-5.0,-1.0,-118.0
1775836802.547567,-7.0,-3.0,-113.0
1775836802.5575666,-3.0,0.0,-112.0
1775836802.5675666,0.0,-3.0,-118.0
1775836802.5775666,1.0,-1.0,-115.0
1775836802.5875666,1.0,-1.0,-114.0
1775836802.5975666,3.0,0.0,-108.0
1775836802.6075666,0.0,-2.0,-109.0
1775836802.6175666,0.0,-4.0,-113.0
1775836802.6275666,2.0,-7.0,-114.0
1775836802.6375666,0.0,-7.0,-117.0
1775836802.6475666,4.0,-2.0,-121.0
1775836802.6575663,2.0,-4.0,-118.0
1775836802.6675663,0.0,-2.0,-120.0
1775836802.6775663,3.0,-3.0,-116.0
1775836802.6875665,0.0,-4.0,-119.0
1775836802.6975665,-3.0,0.0,-118.0
1775836802.7075665,-2.0,1.0,-125.0
1775836802.7175665,0.0,0.0,-122.0
1775836802.7275665,-5.0,3.0,-127.0
1775836802.7375665,-9.0,7.0,-122.0
1775836802.7475665,-12.0,5.0,-121.0
1775836802.7575665,-12.0,6.0,-126.0
1775836802.7675664,-12.0,6.0,-130.0
1775836802.777567,-11.0,6.0,-128.0
1775836802.787567,-11.0,7.0,-128.0
1775836802.797567,-5.0,5.0,-127.0
1775836802.8075666,-5.0,4.0,-128.0
1775836802.8175666,-2.0,1.0,-131.0
1775836802.8275666,0.0,1.0,-126.0
1775836802.8375666,1.0,1.0,-128.0
1775836802.8475666,1.0,-1.0,-130.0
1775836802.8575666,0.0,2.0,-129.0
1775836802.8675666,-1.0,5.0,-130.0
1775836802.8775666,-9.0,0.0,-126.0
1775836802.8875666,-5.0,0.0,-122.0
1775836802.8975666,-2.0,-1.0,-123.0
1775836802.9075663,-2.0,0.0,-123.0
1775836802.9175663,2.0,1.0,-119.0
1775836802.9275663,3.0,0.0,-119.0
1775836802.9375665,4.0,1.0,-121.0
1775836802.9475665,4.0,4.0,-119.0
1775836802.9575665,4.0,0.0,-118.0
1775836802.9675665,3.0,2.0,-114.0
1775836802.9775665,2.0,4.0,-117.0
1775836802.9875665,3.0,2.0,-116.0
1775836802.9975665,3.0,0.0,-121.0
1775836803.0075665,3.0,0.0,-121.0
1775836803.0175664,2.0,0.0,-118.0
1775836803.027567,-1.0,3.0,-116.0
1775836803.037567,-5.0,1.0,-114.0
1775836803.047567,-1.0,2.0,-117.0
1775836803.0575666,-1.0,3.0,-112.0
1775836803.0675666,0.0,0.0,-115.0
1775836803.0775666,-4.0,3.0,-116.0
1775836803.0875666,-5.0,2.0,-120.0
1775836803.0975666,0.0,-3.0,-116.0
1775836803.1075666,2.0,0.0,-118.0
1775836803.1175666,3.0,-1.0,-122.0
1775836803.1275666,3.0,-4.0,-117.0
1775836803.1375666,6.0,-4.0,-114.0
1775836803.1475666,7.0,-6.0,-120.0
1775836803.1575663,4.0,-6.0,-117.0
1775836803.1675663,0.0,-5.0,-118.0
1775836803.1775663,0.0,0.0,-112.0
1775836803.1875665,0.0,-1.0,-115.0
1775836803.198567,1.0,2.0,-110.0
1775836803.2075665,2.0,3.0,-117.0
1775836803.2175665,3.0,2.0,-120.0
1775836803.2285666,6.0,1.0,-115.0
1775836803.2375665,4.0,-1.0,-115.0
1775836803.2485666,5.0,0.0,-117.0
1775836803.2585666,4.0,2.0,-119.0
1775836803.2685666,5.0,3.0,-122.0
1775836803.2785666,8.0,6.0,-120.0
1775836803.2885666,4.0,8.0,-118.0
1775836803.2985666,2.0,7.0,-107.0
1775836803.3085666,2.0,5.0,-115.0
1775836803.3185666,1.0,2.0,-120.0
1775836803.3285666,1.0,5.0,-119.0
1775836803.3385663,-3.0,9.0,-124.0
1775836803.3485663,-8.0,10.0,-126.0
1775836803.3585663,-9.0,6.0,-124.0
1775836803.3685665,-4.0,3.0,-126.0
1775836803.3785665,-1.0,4.0,-120.0
1775836803.3885665,0.0,-1.0,-119.0
1775836803.3985665,-7.0,3.0,-117.0
1775836803.4085665,-6.0,0.0,-116.0
1775836803.4185665,-3.0,-3.0,-117.0
1775836803.4285665,1.0,-7.0,-118.0
1775836803.4385664,3.0,-2.0,-120.0
1775836803.448567,5.0,-3.0,-123.0
1775836803.458567,6.0,-4.0,-123.0
1775836803.468567,4.0,-8.0,-126.0
1775836803.4785666,4.0,-5.0,-129.0
1775836803.4885666,3.0,-7.0,-127.0
1775836803.4985666,1.0,-7.0,-120.0
1775836803.5085666,0.0,-1.0,-123.0
1775836803.5185666,-1.0,2.0,-122.0
1775836803.5285666,-3.0,-1.0,-120.0
1775836803.5385666,-3.0,-3.0,-119.0
1775836803.5485666,-3.0,-1.0,-118.0
1775836803.5585666,2.0,4.0,-122.0
1775836803.5685666,5.0,1.0,-121.0
1775836803.5785666,2.0,0.0,-121.0
1775836803.5885663,2.0,-2.0,-118.0
1775836803.5985663,0.0,-2.0,-128.0
1775836803.6085663,-4.0,0.0,-126.0
1775836803.6185665,-5.0,0.0,-124.0
1775836803.6285665,-7.0,1.0,-124.0
1775836803.6385665,-1.0,-3.0,-122.0
1775836803.6485665,8.0,-2.0,-120.0
1775836803.6585665,4.0,0.0,-122.0
1775836803.6685665,1.0,1.0,-124.0
1775836803.6785665,0.0,1.0,-121.0
1775836803.6885664,0.0,0.0,-124.0
1775836803.698567,-1.0,0.0,-117.0
1775836803.708567,0.0,0.0,-116.0
1775836803.718567,1.0,0.0,-123.0
1775836803.7285666,5.0,0.0,-115.0
1775836803.7385666,9.0,5.0,-116.0
1775836803.7485666,12.0,2.0,-121.0
1775836803.7585666,5.0,2.0,-122.0
1775836803.7685666,6.0,1.0,-117.0
1775836803.7785666,5.0,0.0,-118.0
1775836803.7885666,6.0,-2.0,-113.0
1775836803.7985666,7.0,-2.0,-113.0
1775836803.8085666,4.0,0.0,-119.0
1775836803.8185666,0.0,0.0,-123.0
1775836803.8285666,1.0,2.0,-124.0
1775836803.8385663,0.0,1.0,-122.0
1775836803.8485663,-1.0,3.0,-120.0
1775836803.8585663,-1.0,6.0,-122.0
1775836803.8685665,-2.0,5.0,-123.0
1775836803.8785665,-1.0,4.0,-128.0
1775836803.8885665,-5.0,2.0,-125.0
1775836803.8985665,-5.0,3.0,-124.0
1775836803.9085665,-5.0,0.0,-122.0
1775836803.9185665,-6.0,0.0,-119.0
1775836803.9285665,-3.0,-2.0,-121.0
1775836803.9385664,0.0,-1.0,-121.0
1775836803.948567,2.0,1.0,-117.0
1775836803.958567,0.0,-1.0,-116.0
1775836803.968567,0.0,-2.0,-112.0
1775836803.9785666,-1.0,-2.0,-115.0
1775836803.9885666,-3.0,-5.0,-124.0
1775836803.9985666,-3.0,-4.0,-124.0
1775836804.0085666,-7.0,0.0,-124.0
1775836804.0185666,-1.0,0.0,-124.0
1775836804.0285666,0.0,-2.0,-124.0
1775836804.0385666,3.0,1.0,-116.0
1775836804.0485666,6.0,0.0,-118.0
1775836804.0585666,7.0,-1.0,-119.0
1775836804.0685666,3.0,0.0,-126.0
1775836804.0785666,-3.0,4.0,-115.0
1775836804.0885663,-4.0,5.0,-111.0
1775836804.0985663,-1.0,6.0,-109.0
1775836804.1085663,0.0,6.0,-118.0
1775836804.1185665,-1.0,3.0,-126.0
1775836804.1285665,-7.0,3.0,-129.0
1775836804.1385665,-7.0,6.0,-130.0
1775836804.1485665,-8.0,1.0,-126.0
1775836804.1585665,-8.0,2.0,-127.0
1775836804.1685665,-3.0,-1.0,-127.0
1775836804.1785665,-1.0,1.0,-129.0
1775836804.1885664,0.0,1.0,-127.0
1775836804.198567,0.0,0.0,-124.0
1775836804.208567,-1.0,2.0,-120.0
1775836804.218567,1.0,-1.0,-121.0
1775836804.2285666,0.0,-7.0,-126.0
1775836804.2385666,0.0,-2.0,-126.0
1775836804.2485666,2.0,0.0,-125.0
1775836804.2585666,0.0,0.0,-120.0
1775836804.2685666,3.0,0.0,-114.0
1775836804.2785666,4.0,3.0,-115.0
1775836804.2885666,3.0,3.0,-123.0
1775836804.2985666,5.0,0.0,-124.0
1775836804.3085666,6.0,-1.0,-124.0
1775836804.3185666,3.0,0.0,-123.0
1775836804.3285666,-1.0,0.0,-119.0
1775836804.3385663,-1.0,-1.0,-113.0
1775836804.3485663,0.0,2.0,-115.0
1775836804.3585663,3.0,4.0,-122.0
1775836804.3685665,3.0,3.0,-120.0
1775836804.3785665,5.0,-1.0,-113.0
1775836804.3885665,3.0,-3.0,-114.0
1775836804.3985665,2.0,-6.0,-115.0
1775836804.4085665,1.0,-9.0,-116.0
1775836804.4185665,-1.0,-6.0,-116.0
1775836804.4285665,-1.0,-6.0,-113.0
1775836804.4385664,1.0,-4.0,-114.0
1775836804.448567,-2.0,-5.0,-117.0
1775836804.458567,-3.0,-6.0,-119.0
1775836804.468567,0.0,-6.0,-118.0
1775836804.4785666,0.0,-5.0,-124.0
1775836804.4885666,1.0,-1.0,-122.0
1775836804.4985666,1.0,-5.0,-119.0
1775836804.5085666,-2.0,-3.0,-115.0
1775836804.5185666,-1.0,-6.0,-118.0
1775836804.5285666,-1.0,-1.0,-114.0
1775836804.5385666,0.0,-2.0,-119.0
1775836804.5485666,2.0,-2.0,-111.0
1775836804.5585666,1.0,-1.0,-116.0
1775836804.5685666,5.0,2.0,-111.0
1775836804.5785666,1.0,4.0,-107.0
1775836804.5885663,1.0,6.0,-109.0
1775836804.5985663,4.0,8.0,-108.0
1775836804.6085663,0.0,5.0,-116.0
1775836804.6185665,-3.0,3.0,-122.0
1775836804.6285665,-1.0,2.0,-120.0
1775836804.6385665,-3.0,2.0,-125.0
1775836804.6485665,-1.0,-2.0,-128.0
1775836804.6585665,0.0,2.0,-123.0
1775836804.6685665,-1.0,4.0,-122.0
1775836804.6785665,-4.0,2.0,-123.0
1775836804.6885664,-5.0,3.0,-118.0
1775836804.698567,1.0,5.0,-119.0
1775836804.708567,1.0,3.0,-126.0
1775836804.718567,0.0,2.0,-118.0
1775836804.7285666,1.0,2.0,-118.0
1775836804.7385666,3.0,1.0,-111.0
1775836804.7485666,1.0,3.0,-110.0
1775836804.7585666,4.0,4.0,-117.0
1775836804.7685666,0.0,1.0,-116.0
1775836804.7785666,1.0,0.0,-118.0
1775836804.7885666,2.0,1.0,-120.0
1775836804.7985666,0.0,0.0,-119.0
1775836804.8085666,-1.0,-3.0,-123.0
1775836804.8185666,-5.0,0.0,-123.0
1775836804.8285666,-8.0,-1.0,-123.0
1775836804.8385663,-6.0,-1.0,-117.0
1775836804.8485663,-2.0,1.0,-117.0
1775836804.8585663,-6.0,1.0,-117.0
1775836804.8685665,-9.0,3.0,-116.0
1775836804.8785665,-8.0,7.0,-109.0
1775836804.8885665,-7.0,6.0,-108.0
1775836804.8985665,-5.0,4.0,-103.0
1775836804.9085665,-6.0,2.0,-110.0
1775836804.9185665,-5.0,1.0,-113.0
1775836804.9285665,-4.0,2.0,-117.0
1775836804.9385664,-1.0,4.0,-120.0
1775836804.948567,1.0,3.0,-120.0
1775836804.958567,3.0,3.0,-114.0
1775836804.968567,7.0,-1.0,-119.0
1775836804.9785666,9.0,-1.0,-119.0
1775836804.9885666,9.0,1.0,-114.0
1775836804.9985666,8.0,1.0,-115.0
1775836805.0085666,0.0,1.0,-117.0
1775836805.0185666,-5.0,6.0,-116.0
1775836805.0285666,0.0,6.0,-112.0
1775836805.0385666,1.0,5.0,-111.0
1775836805.0485666,0.0,1.0,-115.0
1775836805.0585666,0.0,0.0,-119.0
1775836805.0685666,1.0,0.0,-119.0
1775836805.0785666,3.0,-1.0,-116.0
1775836805.0885663,1.0,-1.0,-116.0
1775836805.0985663,2.0,-3.0,-115.0
1775836805.1085663,0.0,0.0,-112.0
1775836805.1185665,2.0,5.0,-110.0
1775836805.1285665,4.0,4.0,-110.0
1775836805.1385665,8.0,3.0,-119.0
1775836805.1485665,7.0,1.0,-117.0
1775836805.1585665,9.0,-2.0,-120.0
1775836805.1685665,7.0,-3.0,-119.0
1775836805.1785665,1.0,0.0,-114.0
1775836805.1885664,2.0,0.0,-115.0
1775836805.198567,5.0,-1.0,-119.0
1775836805.208567,1.0,-2.0,-116.0
1775836805.218567,0.0,-5.0,-122.0
1775836805.2285666,1.0,-4.0,-122.0
1775836805.2385666,-2.0,-5.0,-122.0
1775836805.2485666,0.0,-6.0,-124.0
1775836805.2585666,-3.0,-9.0,-118.0
1775836805.2685666,-4.0,-11.0,-121.0
1775836805.2785666,-8.0,-8.0,-120.0
1775836805.2885666,-8.0,-6.0,-121.0
1775836805.2985666,-6.0,-6.0,-124.0
1775836805.3085666,-3.0,-3.0,-124.0
1775836805.3185666,0.0,0.0,-118.0
1775836805.3285666,1.0,0.0,-114.0
1775836805.3385663,2.0,-2.0,-116.0
1775836805.3485663,0.0,2.0,-112.0
1775836805.3585663,-4.0,0.0,-112.0
1775836805.3685665,-4.0,0.0,-114.0
1775836805.3785665,-5.0,0.0,-118.0
1775836805.3885665,-7.0,0.0,-117.0
1775836805.399567,-3.0,0.0,-114.0
1775836805.4085665,-5.0,0.0,-115.0
1775836805.4185665,-4.0,0.0,-117.0
1775836805.4285665,-5.0,1.0,-118.0
1775836805.4385664,-4.0,2.0,-125.0
1775836805.448567,-2.0,3.0,-125.0
1775836805.4595666,-1.0,6.0,-124.0
1775836805.4695666,-2.0,7.0,-119.0
1775836805.4795666,-6.0,8.0,-122.0
1775836805.4895666,-2.0,1.0,-122.0
1775836805.4995666,0.0,0.0,-121.0
1775836805.5095663,0.0,-1.0,-118.0
1775836805.5195663,-2.0,-2.0,-120.0
1775836805.5295663,0.0,-3.0,-119.0
1775836805.5395665,-2.0,-3.0,-116.0
1775836805.5495665,0.0,-5.0,-119.0
1775836805.5595665,0.0,-2.0,-113.0
1775836805.5695665,-3.0,-1.0,-112.0
1775836805.5795665,-5.0,-3.0,-113.0
1775836805.5895665,-6.0,0.0,-118.0
1775836805.5995665,-8.0,2.0,-124.0
1775836805.6095665,-8.0,3.0,-127.0
1775836805.6195664,-7.0,1.0,-121.0
1775836805.629567,0.0,2.0,-111.0
1775836805.639567,-1.0,0.0,-105.0
1775836805.649567,-1.0,-1.0,-101.0
1775836805.6595666,0.0,-1.0,-105.0
1775836805.6695666,-3.0,0.0,-106.0
1775836805.6795666,-2.0,0.0,-110.0
1775836805.6895666,0.0,0.0,-116.0
1775836805.6995666,2.0,0.0,-116.0
1775836805.7095666,4.0,2.0,-118.0
1775836805.7195666,2.0,4.0,-117.0
1775836805.7295666,-2.0,4.0,-117.0
1775836805.7395666,0.0,0.0,-121.0
1775836805.7495666,-2.0,2.0,-118.0
1775836805.7595663,-6.0,0.0,-125.0
1775836805.7695663,-7.0,1.0,-128.0
1775836805.7795663,-3.0,1.0,-122.0
1775836805.7895665,-8.0,1.0,-121.0
1775836805.7995665,-5.0,2.0,-122.0
1775836805.8095665,-4.0,0.0,-114.0
1775836805.8195665,0.0,3.0,-111.0
1775836805.8295665,1.0,3.0,-112.0
1775836805.8395665,0.0,0.0,-116.0
1775836805.8495665,-1.0,-1.0,-126.0
1775836805.8595665,-4.0,-1.0,-126.0
1775836805.8695664,-5.0,-2.0,-120.0
1775836805.879567,-1.0,3.0,-118.0
1775836805.889567,-3.0,7.0,-111.0
1775836805.899567,-1.0,6.0,-117.0
1775836805.9095666,-5.0,5.0,-119.0
1775836805.9195666,-5.0,-1.0,-118.0
1775836805.9295666,-4.0,-2.0,-113.0
1775836805.9395666,-4.0,3.0,-113.0
1775836805.9495666,-6.0,1.0,-112.0
1775836805.9595666,-3.0,3.0,-109.0
1775836805.9695666,1.0,1.0,-115.0
1775836805.9795666,0.0,0.0,-121.0
1775836805.9895666,0.0,3.0,-115.0
1775836805.9995666,0.0,1.0,-106.0
1775836806.0095663,5.0,-1.0,-105.0
1775836806.0195663,5.0,-1.0,-112.0
1775836806.0295663,7.0,-1.0,-113.0
1775836806.0395665,5.0,-2.0,-111.0
1775836806.0495665,5.0,-4.0,-108.0
1775836806.0595665,6.0,-4.0,-113.0
1775836806.0695665,5.0,-2.0,-116.0
1775836806.0805666,1.0,-2.0,-119.0
1775836806.0895665,0.0,0.0,-116.0
1775836806.0995665,2.0,-5.0,-120.0
1775836806.1095665,0.0,-4.0,-118.0
1775836806.1195664,-1.0,-3.0,-122.0
1775836806.129567,-2.0,-2.0,-118.0
1775836806.139567,-3.0,0.0,-120.0
1775836806.149567,-4.0,-2.0,-121.0
1775836806.1595666,0.0,-3.0,-125.0
1775836806.1695666,0.0,0.0,-124.0
1775836806.1795666,0.0,2.0,-127.0
1775836806.1895666,2.0,3.0,-125.0
1775836806.1995666,3.0,3.0,-129.0
1775836806.2095666,2.0,3.0,-132.0
1775836806.2195666,3.0,-1.0,-125.0
1775836806.2295666,5.0,-1.0,-128.0
1775836806.2395666,6.0,0.0,-123.0
1775836806.2495666,5.0,3.0,-120.0
1775836806.2595663,1.0,7.0,-120.0
1775836806.2695663,1.0,8.0,-123.0
1775836806.2795663,2.0,3.0,-119.0
1775836806.2895665,3.0,0.0,-116.0
1775836806.2995665,0.0,4.0,-117.0
1775836806.3095665,-4.0,5.0,-114.0
1775836806.3195665,-3.0,6.0,-111.0
1775836806.3295665,0.0,4.0,-109.0
1775836806.3395665,-2.0,6.0,-113.0
1775836806.3495665,-4.0,7.0,-119.0
1775836806.3595665,-7.0,2.0,-127.0
1775836806.3695664,-12.0,0.0,-125.0
1775836806.379567,-9.0,0.0,-117.0
1775836806.389567,-4.0,1.0,-118.0
1775836806.399567,-2.0,1.0,-117.0
1775836806.4095666,-4.0,3.0,-120.0
1775836806.4195666,0.0,3.0,-126.0
1775836806.4295666,-3.0,4.0,-125.0
1775836806.4395666,-4.0,5.0,-125.0
1775836806.4495666,-6.0,5.0,-125.0
1775836806.4595666,-4.0,2.0,-120.0
1775836806.4695666,-3.0,3.0,-118.0
1775836806.4795666,-3.0,3.0,-120.0
1775836806.4895666,-4.0,3.0,-120.0
1775836806.4995666,-6.0,0.0,-112.0
1775836806.5095663,-6.0,-4.0,-114.0
1775836806.5195663,-2.0,-4.0,-117.0
1775836806.5295663,-2.0,-4.0,-130.0
1775836806.5395665,-2.0,-5.0,-121.0
1775836806.5495665,0.0,-3.0,-119.0
1775836806.5595665,-1.0,-1.0,-118.0
1775836806.5695665,1.0,-1.0,-118.0
1775836806.5795665,4.0,-1.0,-122.0
1775836806.5895665,5.0,-6.0,-122.0
1775836806.5995665,1.0,-7.0,-122.0
1775836806.6095665,2.0,-4.0,-124.0
1775836806.6195664,3.0,-3.0,-120.0
1775836806.629567,7.0,1.0,-116.0
1775836806.639567,9.0,2.0,-114.0
1775836806.649567,4.0,0.0,-120.0
1775836806.6595666,2.0,0.0,-118.0
1775836806.6695666,0.0,1.0,-120.0
1775836806.6795666,-6.0,6.0,-117.0
1775836806.6895666,-6.0,8.0,-110.0
1775836806.6995666,-2.0,6.0,-105.0
1775836806.7095666,0.0,1.0,-108.0
1775836806.7195666,-1.0,1.0,-108.0
1775836806.7295666,-2.0,-1.0,-113.0
1775836806.7395666,-2.0,-5.0,-116.0
1775836806.7495666,-2.0,-6.0,-119.0
1775836806.7595663,2.0,-7.0,-118.0
1775836806.7695663,3.0,-6.0,-123.0
1775836806.7795663,5.0,-5.0,-118.0
1775836806.7895665,5.0,-2.0,-116.0
1775836806.7995665,7.0,-6.0,-113.0
1775836806.8095665,1.0,-4.0,-114.0
1775836806.8195665,-3.0,-1.0,-112.0
1775836806.8295665,-6.0,2.0,-110.0
1775836806.8395665,-5.0,7.0,-110.0
1775836806.8495665,-1.0,8.0,-113.0
1775836806.8595665,-5.0,5.0,-117.0
1775836806.8695664,-6.0,4.0,-121.0
1775836806.879567,-7.0,5.0,-118.0
1775836806.889567,-1.0,4.0,-121.0
1775836806.899567,-2.0,3.0,-119.0
1775836806.9095666,0.0,7.0,-118.0
1775836806.9195666,-2.0,7.0,-121.0
1775836806.9295666,-3.0,5.0,-122.0
1775836806.9395666,-4.0,3.0,-120.0
1775836806.9495666,0.0,-1.0,-123.0
1775836806.9595666,-1.0,1.0,-127.0
1775836806.9695666,1.0,0.0,-129.0
1775836806.9795666,-2.0,-2.0,-125.0
1775836806.9895666,-2.0,-6.0,-126.0
1775836806.9995666,-3.0,-1.0,-128.0
1775836807.0095663,-4.0,0.0,-127.0
1775836807.0195663,-2.0,-1.0,-127.0
1775836807.0295663,-5.0,0.0,-120.0
1775836807.0395665,-1.0,0.0,-120.0
1775836807.0495665,-3.0,3.0,-123.0
1775836807.0595665,-9.0,4.0,-122.0
1775836807.0695665,-5.0,0.0,-131.0
1775836807.0795665,0.0,-5.0,-131.0
1775836807.0895665,-3.0,-3.0,-129.0
1775836807.0995665,0.0,0.0,-130.0
1775836807.1095665,-1.0,3.0,-124.0
1775836807.1195664,-1.0,5.0,-120.0
1775836807.129567,-4.0,4.0,-113.0
1775836807.139567,-5.0,2.0,-115.0
1775836807.149567,-4.0,2.0,-121.0
1775836807.1595666,-4.0,4.0,-126.0
1775836807.1695666,-4.0,3.0,-124.0
1775836807.1795666,0.0,1.0,-125.0
1775836807.1895666,-1.0,2.0,-122.0
1775836807.1995666,-1.0,0.0,-122.0
1775836807.2095666,-2.0,0.0,-120.0
1775836807.2195666,0.0,1.0,-122.0
1775836807.2295666,1.0,2.0,-121.0
1775836807.2395666,0.0,3.0,-122.0
1775836807.2495666,-2.0,5.0,-117.0
1775836807.2595663,-3.0,4.0,-116.0
1775836807.2695663,-3.0,6.0,-119.0
1775836807.2795663,-5.0,5.0,-123.0
1775836807.2895665,-3.0,3.0,-129.0
1775836807.2995665,-6.0,0.0,-120.0
1775836807.3095665,-7.0,0.0,-113.0
1775836807.3195665,-8.0,1.0,-108.0
1775836807.3295665,-2.0,2.0,-115.0
1775836807.3395665,-1.0,2.0,-123.0
1775836807.3495665,-2.0,3.0,-119.0
1775836807.3595665,-1.0,1.0,-112.0
1775836807.3695664,0.0,2.0,-110.0
1775836807.379567,0.0,0.0,-107.0
1775836807.389567,-3.0,-1.0,-106.0
1775836807.399567,-4.0,1.0,-101.0
1775836807.4095666,-4.0,0.0,-100.0
1775836807.4195666,-2.0,-3.0,-104.0
1775836807.4295666,-5.0,-2.0,-106.0
1775836807.4395666,-8.0,-4.0,-105.0
1775836807.4495666,-6.0,-3.0,-110.0
1775836807.4595666,-4.0,-2.0,-114.0
1775836807.4695666,-5.0,2.0,-121.0
1775836807.4795666,-4.0,4.0,-119.0
1775836807.4895666,-7.0,5.0,-119.0
1775836807.4995666,-6.0,3.0,-113.0
1775836807.5095663,-4.0,6.0,-106.0
1775836807.5195663,0.0,11.0,-110.0
1775836807.5295663,0.0,3.0,-112.0
1775836807.5395665,-1.0,3.0,-116.0
1775836807.5495665,-2.0,1.0,-116.0
1775836807.5595665,-1.0,0.0,-116.0
1775836807.5695665,0.0,0.0,-117.0
1775836807.5795665,-3.0,0.0,-117.0
1775836807.5895665,-10.0,1.0,-125.0
1775836807.5995665,-9.0,0.0,-126.0
1775836807.6095665,-8.0,-1.0,-121.0
1775836807.6195664,-9.0,-3.0,-117.0
1775836807.6305666,-3.0,-1.0,-118.0
1775836807.6405666,2.0,0.0,-120.0
1775836807.6505666,1.0,1.0,-115.0
1775836807.6605666,0.0,1.0,-115.0
1775836807.6705666,4.0,-3.0,-121.0
1775836807.6805663,2.0,-5.0,-120.0
1775836807.6905663,5.0,-1.0,-120.0
1775836807.7005663,4.0,3.0,-117.0
1775836807.7105663,4.0,0.0,-119.0
1775836807.7205665,0.0,-3.0,-116.0
1775836807.7305665,1.0,0.0,-117.0
1775836807.7405665,0.0,-1.0,-115.0
1775836807.7505665,-1.0,1.0,-120.0
1775836807.7605665,-2.0,0.0,-123.0
1775836807.7705665,-2.0,-2.0,-114.0
1775836807.7805665,0.0,0.0,-113.0
1775836807.7905664,-3.0,4.0,-114.0
1775836807.800567,-3.0,4.0,-118.0
1775836807.810567,0.0,-1.0,-121.0
1775836807.820567,2.0,0.0,-124.0
1775836807.8305666,-2.0,2.0,-119.0
1775836807.8405666,-7.0,3.0,-116.0
1775836807.8505666,-1.0,3.0,-121.0
1775836807.8605666,-1.0,7.0,-118.0
1775836807.8705666,-2.0,6.0,-126.0
1775836807.8805666,-1.0,4.0,-129.0
1775836807.8905666,-1.0,0.0,-131.0
1775836807.9005666,-4.0,-1.0,-124.0
1775836807.9105666,-1.0,1.0,-117.0
1775836807.9205666,3.0,4.0,-115.0
1775836807.9305663,0.0,3.0,-120.0
1775836807.9405663,4.0,4.0,-125.0
1775836807.9505663,0.0,1.0,-130.0
1775836807.9605663,1.0,2.0,-126.0
1775836807.9705665,1.0,0.0,-125.0
1775836807.9805665,3.0,-2.0,-120.0
1775836807.9905665,3.0,-2.0,-113.0
1775836808.0005665,0.0,-4.0,-107.0
1775836808.0105665,3.0,-2.0,-109.0
1775836808.0205665,2.0,-5.0,-112.0
1775836808.0305665,5.0,-4.0,-111.0
1775836808.0405664,0.0,-1.0,-111.0
1775836808.050567,2.0,-1.0,-117.0
1775836808.060567,4.0,-1.0,-109.0
1775836808.070567,3.0,-2.0,-113.0
1775836808.0805666,2.0,-1.0,-113.0
1775836808.0905666,-1.0,0.0,-122.0
1775836808.1005666,3.0,2.0,-127.0
1775836808.1105666,5.0,-3.0,-128.0
1775836808.1205666,5.0,-6.0,-122.0
1775836808.1305666,2.0,-6.0,-120.0
1775836808.1405666,8.0,-6.0,-120.0
1775836808.1505666,10.0,-6.0,-115.0
1775836808.1605666,7.0,-5.0,-115.0
1775836808.1705666,5.0,-3.0,-124.0
1775836808.1805663,4.0,-4.0,-120.0
1775836808.1905663,0.0,-6.0,-117.0
1775836808.2005663,0.0,-3.0,-119.0
1775836808.2105663,0.0,-2.0,-117.0
1775836808.2205665,0.0,-1.0,-116.0
1775836808.2305665,9.0,-2.0,-115.0
1775836808.2405665,5.0,0.0,-113.0
1775836808.2505665,3.0,2.0,-112.0
1775836808.2605665,3.0,1.0,-113.0
1775836808.2705665,0.0,-2.0,-112.0
1775836808.2805665,-3.0,0.0,-113.0
1775836808.2905664,-4.0,-5.0,-119.0
1775836808.300567,-7.0,-2.0,-123.0
1775836808.310567,-6.0,-5.0,-124.0
1775836808.320567,-3.0,-8.0,-125.0
1775836808.3305666,-6.0,-7.0,-134.0
1775836808.3405666,-7.0,-8.0,-132.0
1775836808.3505666,-4.0,-6.0,-129.0
1775836808.3605666,-1.0,-6.0,-129.0
1775836808.3705666,0.0,-3.0,-132.0
1775836808.3805666,2.0,0.0,-133.0
1775836808.3905666,-1.0,3.0,-130.0
1775836808.4005666,2.0,2.0,-123.0
1775836808.4105666,1.0,-2.0,-118.0
1775836808.4205666,-4.0,0.0,-117.0
1775836808.4305663,-3.0,3.0,-113.0
1775836808.4405663,-6.0,6.0,-114.0
1775836808.4505663,-6.0,7.0,-116.0
1775836808.4605663,0.0,3.0,-121.0
1775836808.4705665,-2.0,1.0,-117.0
1775836808.4805665,0.0,2.0,-114.0
1775836808.4905665,-3.0,4.0,-117.0
1775836808.5005665,-4.0,1.0,-115.0
1775836808.5105665,-1.0,-1.0,-115.0
1775836808.5205665,0.0,0.0,-118.0
1775836808.5305665,-1.0,-3.0,-118.0
1775836808.5405664,0.0,-7.0,-108.0
1775836808.550567,2.0,-4.0,-112.0
1775836808.560567,0.0,-8.0,-120.0
1775836808.570567,0.0,-2.0,-124.0
1775836808.5805666,0.0,0.0,-114.0
1775836808.5905666,-1.0,-2.0,-112.0
1775836808.6005666,-6.0,-4.0,-112.0
1775836808.6105666,-5.0,3.0,-111.0
1775836808.6205666,0.0,8.0,-109.0
1775836808.6305666,-1.0,5.0,-114.0
1775836808.6405666,0.0,5.0,-117.0
1775836808.6505666,2.0,-1.0,-111.0
1775836808.6605666,3.0,-1.0,-110.0
1775836808.6705666,6.0,0.0,-111.0
1775836808.6805663,1.0,2.0,-112.0
1775836808.6905663,-4.0,0.0,-117.0
1775836808.7005663,-2.0,1.0,-122.0
1775836808.7105663,-1.0,1.0,-114.0
1775836808.7205665,0.0,1.0,-116.0
1775836808.7305665,1.0,-1.0,-119.0
1775836808.7405665,2.0,-1.0,-133.0
1775836808.7505665,0.0,-1.0,-139.0
1775836808.7605665,0.0,-2.0,-138.0
1775836808.7705665,0.0,0.0,-128.0
1775836808.7805665,0.0,0.0,-130.0
1775836808.7905664,1.0,-2.0,-129.0
1775836808.800567,0.0,-2.0,-124.0
1775836808.810567,-4.0,0.0,-123.0
1775836808.820567,-6.0,0.0,-124.0
1775836808.8305666,-7.0,-2.0,-123.0
1775836808.8405666,-8.0,0.0,-124.0
1775836808.8505666,-3.0,-2.0,-115.0
1775836808.8605666,-2.0,-3.0,-118.0
1775836808.8705666,-2.0,-3.0,-120.0
1775836808.8805666,2.0,-2.0,-118.0
1775836808.8905666,4.0,1.0,-121.0
1775836808.9005666,4.0,-1.0,-124.0
1775836808.9105666,0.0,-1.0,-126.0
1775836808.9205666,2.0,-3.0,-126.0
1775836808.9305663,1.0,-3.0,-125.0
1775836808.9405663,2.0,-2.0,-118.0
1775836808.9505663,-1.0,0.0,-119.0
1775836808.9605663,-1.0,-1.0,-118.0
1775836808.9705665,0.0,0.0,-118.0
1775836808.9805665,0.0,0.0,-108.0
1775836808.9905665,-5.0,1.0,-112.0
1775836809.0005665,-3.0,3.0,-120.0
1775836809.0105665,0.0,4.0,-117.0
1775836809.0205665,0.0,6.0,-118.0
1775836809.0305665,-1.0,7.0,-123.0
1775836809.0405664,-2.0,2.0,-120.0
1775836809.050567,-4.0,-2.0,-121.0
1775836809.060567,-6.0,-4.0,-119.0
1775836809.070567,-6.0,-3.0,-113.0
1775836809.0805666,-7.0,-6.0,-113.0
1775836809.0905666,-3.0,-4.0,-118.0
1775836809.1005666,-2.0,0.0,-117.0
1775836809.1105666,-7.0,3.0,-121.0
1775836809.1205666,-9.0,0.0,-120.0
1775836809.1305666,-8.0,3.0,-124.0
1775836809.1405666,-3.0,2.0,-128.0
1775836809.1505666,-4.0,1.0,-121.0
1775836809.1605666,-2.0,3.0,-117.0
1775836809.1705666,2.0,0.0,-112.0
1775836809.1805663,0.0,0.0,-110.0
1775836809.1905663,1.0,-3.0,-117.0
1775836809.2005663,5.0,-10.0,-119.0
1775836809.2105663,4.0,-11.0,-119.0
1775836809.2205665,4.0,-10.0,-118.0
1775836809.2305665,1.0,-11.0,-120.0
1775836809.2405665,-1.0,-10.0,-111.0
1775836809.2505665,0.0,-1.0,-113.0
1775836809.2605665,3.0,1.0,-118.0
1775836809.2705665,2.0,2.0,-122.0
1775836809.2805665,2.0,0.0,-124.0
1775836809.2905664,2.0,1.0,-121.0
1775836809.300567,2.0,-1.0,-117.0
1775836809.310567,0.0,1.0,-115.0
1775836809.320567,0.0,6.0,-109.0
1775836809.3305666,-1.0,5.0,-119.0
1775836809.3405666,-5.0,3.0,-124.0
1775836809.3505666,-4.0,1.0,-118.0
1775836809.3605666,-7.0,-1.0,-119.0
1775836809.3705666,-10.0,-2.0,-127.0
1775836809.3805666,-7.0,0.0,-128.0
1775836809.3905666,-6.0,-1.0,-122.0
1775836809.4005666,-3.0,-1.0,-124.0
1775836809.4105666,-1.0,-3.0,-122.0
1775836809.4205666,-2.0,-1.0,-117.0
1775836809.4305663,-3.0,0.0,-118.0
1775836809.4405663,2.0,-3.0,-122.0
1775836809.4505663,0.0,0.0,-122.0
1775836809.4605663,-1.0,1.0,-124.0
1775836809.4705665,1.0,0.0,-122.0
1775836809.4805665,5.0,0.0,-114.0
1775836809.4905665,7.0,2.0,-117.0
1775836809.5005665,4.0,2.0,-123.0
1775836809.5105665,1.0,0.0,-125.0
1775836809.5205665,0.0,3.0,-130.0
1775836809.5305665,-2.0,3.0,-126.0
1775836809.5405664,-3.0,0.0,-120.0
1775836809.550567,-2.0,-1.0,-125.0
1775836809.560567,-4.0,1.0,-129.0
1775836809.570567,0.0,3.0,-127.0
1775836809.5805666,2.0,0.0,-127.0
1775836809.5905666,2.0,-3.0,-121.0
1775836809.6005666,1.0,-7.0,-116.0
1775836809.6105666,0.0,-6.0,-116.0
1775836809.6205666,-1.0,-2.0,-119.0
1775836809.6305666,2.0,0.0,-117.0
1775836809.6405666,1.0,1.0,-115.0
1775836809.6505666,-2.0,0.0,-114.0
1775836809.6605666,0.0,0.0,-115.0
1775836809.6705666,2.0,0.0,-117.0
1775836809.6805663,2.0,3.0,-124.0
1775836809.6905663,3.0,7.0,-128.0
1775836809.7005663,0.0,5.0,-124.0
1775836809.7105663,1.0,4.0,-124.0
1775836809.7205665,-4.0,4.0,-131.0
1775836809.7305665,-2.0,1.0,-129.0
1775836809.7405665,-3.0,1.0,-126.0
1775836809.7505665,-5.0,1.0,-121.0
1775836809.7605665,-4.0,0.0,-122.0
1775836809.7705665,-2.0,4.0,-117.0
1775836809.7805665,0.0,5.0,-115.0
1775836809.7905664,-6.0,4.0,-114.0
1775836809.800567,-3.0,2.0,-109.0
1775836809.810567,-4.0,-4.0,-105.0
1775836809.8215666,-4.0,0.0,-115.0
1775836809.8305666,0.0,0.0,-116.0
1775836809.8415666,3.0,0.0,-121.0
1775836809.8515666,1.0,1.0,-121.0
1775836809.8615663,3.0,1.0,-117.0
1775836809.8715663,7.0,0.0,-115.0
1775836809.8815663,7.0,0.0,-111.0
1775836809.8915665,7.0,0.0,-111.0
1775836809.9015665,2.0,0.0,-109.0
1775836809.9115665,0.0,3.0,-114.0
1775836809.9215665,0.0,6.0,-119.0
1775836809.9315665,-1.0,5.0,-123.0
1775836809.9415665,0.0,4.0,-127.0
1775836809.9515665,0.0,3.0,-124.0
1775836809.9615664,2.0,0.0,-124.0
1775836809.971567,2.0,3.0,-125.0
1775836809.981567,0.0,5.0,-125.0
1775836809.991567,1.0,6.0,-124.0
1775836810.0015666,3.0,6.0,-126.0
1775836810.0115666,6.0,5.0,-130.0
1775836810.0215666,1.0,4.0,-127.0
1775836810.0315666,-2.0,2.0,-125.0
1775836810.0415666,2.0,2.0,-130.0
1775836810.0515666,4.0,0.0,-132.0
1775836810.0615666,4.0,-2.0,-126.0
1775836810.0715666,3.0,-5.0,-130.0
1775836810.0815666,0.0,-1.0,-125.0
1775836810.0915666,0.0,0.0,-123.0
1775836810.1015666,0.0,-1.0,-121.0
1775836810.1115663,-4.0,0.0,-117.0
1775836810.1215663,-4.0,0.0,-119.0
1775836810.1315663,0.0,2.0,-119.0
1775836810.1415665,1.0,3.0,-125.0
1775836810.1515665,1.0,0.0,-117.0
1775836810.1615665,3.0,4.0,-114.0
1775836810.1715665,0.0,9.0,-109.0
1775836810.1815665,0.0,6.0,-117.0
1775836810.1915665,0.0,2.0,-120.0
1775836810.2015665,6.0,4.0,-122.0
1775836810.2115664,5.0,3.0,-127.0
1775836810.221567,2.0,1.0,-130.0
1775836810.231567,8.0,-2.0,-123.0
1775836810.241567,10.0,0.0,-119.0
1775836810.2515666,5.0,-2.0,-122.0
1775836810.2615666,-1.0,-1.0,-121.0
1775836810.2715666,5.0,0.0,-110.0
1775836810.2815666,2.0,-5.0,-111.0
1775836810.2915666,4.0,-6.0,-110.0
1775836810.3015666,5.0,-7.0,-112.0
1775836810.3115666,3.0,-5.0,-107.0
1775836810.3215666,3.0,-8.0,-109.0
1775836810.3315666,0.0,0.0,-116.0
1775836810.3415666,1.0,0.0,-123.0
1775836810.3515666,4.0,2.0,-116.0
1775836810.3615663,5.0,5.0,-110.0
1775836810.3715663,4.0,3.0,-112.0
1775836810.3815663,1.0,2.0,-115.0
1775836810.3915665,-2.0,3.0,-117.0
1775836810.4015665,-3.0,2.0,-118.0
1775836810.4115665,1.0,-2.0,-117.0
1775836810.4215665,-2.0,-8.0,-120.0
1775836810.4315665,-4.0,-9.0,-122.0
1775836810.4415665,-1.0,-5.0,-122.0
1775836810.4515665,-2.0,-4.0,-124.0
1775836810.4615664,0.0,-4.0,-126.0
1775836810.471567,0.0,0.0,-125.0
1775836810.481567,-8.0,-1.0,-124.0
1775836810.491567,-8.0,-6.0,-122.0
1775836810.5015666,-10.0,-4.0,-121.0
1775836810.5115666,-7.0,-7.0,-119.0
1775836810.5215666,-5.0,-1.0,-123.0
1775836810.5315666,-3.0,-1.0,-126.0
1775836810.5415666,-1.0,1.0,-123.0
1775836810.5515666,2.0,5.0,-122.0
1775836810.5615666,0.0,5.0,-121.0
1775836810.5715666,-5.0,0.0,-124.0
1775836810.5815666,0.0,-2.0,-123.0
1775836810.5915666,2.0,-1.0,-125.0
1775836810.6015666,7.0,0.0,-124.0
1775836810.6115663,5.0,4.0,-127.0
1775836810.6215663,0.0,6.0,-123.0
1775836810.6315663,-5.0,3.0,-121.0
1775836810.6415665,-4.0,3.0,-117.0
1775836810.6515665,-2.0,0.0,-111.0
1775836810.6615665,0.0,0.0,-113.0
1775836810.6715665,1.0,0.0,-113.0
1775836810.6815665,1.0,2.0,-112.0
1775836810.6915665,2.0,-1.0,-114.0
1775836810.7015665,1.0,-5.0,-115.0
1775836810.7115664,5.0,-7.0,-118.0
1775836810.721567,6.0,-9.0,-125.0
1775836810.731567,4.0,-8.0,-119.0
1775836810.741567,-2.0,-2.0,-117.0
1775836810.7515666,-6.0,0.0,-114.0
1775836810.7615666,-4.0,0.0,-109.0
1775836810.7715666,-5.0,-2.0,-109.0
1775836810.7815666,-4.0,-4.0,-107.0
1775836810.7915666,0.0,-4.0,-106.0
1775836810.8015666,3.0,-4.0,-108.0
1775836810.8115666,0.0,-5.0,-111.0
1775836810.8215666,2.0,-1.0,-112.0
1775836810.8315666,0.0,-2.0,-112.0
1775836810.8415666,0.0,-2.0,-108.0
1775836810.8515666,1.0,0.0,-113.0
1775836810.8615663,0.0,-1.0,-107.0
1775836810.8715663,0.0,-3.0,-109.0
1775836810.8815663,6.0,-5.0,-110.0
1775836810.8915665,8.0,-3.0,-114.0
1775836810.9015665,5.0,-3.0,-116.0
1775836810.9115665,5.0,0.0,-118.0
1775836810.9215665,1.0,-3.0,-116.0
1775836810.9315665,0.0,-8.0,-113.0
1775836810.9415665,-2.0,-9.0,-115.0
1775836810.9515665,-1.0,-6.0,-111.0
1775836810.9615664,-4.0,-5.0,-116.0
1775836810.971567,-5.0,-4.0,-115.0
1775836810.981567,-3.0,-1.0,-112.0
1775836810.991567,-4.0,-4.0,-121.0
1775836811.0015666,-3.0,0.0,-126.0
1775836811.0115666,-3.0,2.0,-118.0
1775836811.0215666,-2.0,-1.0,-118.0
1775836811.0315666,-5.0,-1.0,-111.0
1775836811.0415666,-1.0,0.0,-114.0
1775836811.0515666,2.0,-2.0,-111.0
1775836811.0615666,-1.0,-5.0,-108.0
1775836811.0715666,-2.0,-4.0,-109.0
1775836811.0815666,-3.0,-3.0,-108.0
1775836811.0915666,-2.0,-3.0,-106.0
1775836811.1015666,1.0,0.0,-114.0
1775836811.1115663,1.0,0.0,-117.0
1775836811.1215663,4.0,-2.0,-116.0
1775836811.1315663,-1.0,0.0,-107.0
1775836811.1415665,-1.0,2.0,-102.0
1775836811.1515665,2.0,0.0,-99.0
1775836811.1615665,0.0,1.0,-105.0
1775836811.1715665,0.0,0.0,-107.0
1775836811.1815665,-1.0,-1.0,-115.0
1775836811.1915665,-4.0,-1.0,-113.0
1775836811.2015665,-4.0,-2.0,-113.0
1775836811.2115664,-5.0,-2.0,-118.0
1775836811.221567,-6.0,-2.0,-116.0
1775836811.231567,-7.0,1.0,-121.0
1775836811.241567,-5.0,4.0,-121.0
1775836811.2515666,-3.0,2.0,-115.0
1775836811.2615666,-2.0,5.0,-120.0
1775836811.2715666,-3.0,6.0,-118.0
1775836811.2815666,0.0,5.0,-121.0
1775836811.2915666,-3.0,1.0,-119.0
1775836811.3015666,-2.0,-1.0,-121.0
1775836811.3115666,-6.0,-4.0,-117.0
1775836811.3215666,-9.0,-8.0,-115.0
1775836811.3315666,0.0,-10.0,-118.0
1775836811.3415666,0.0,-6.0,-117.0
1775836811.3515666,-1.0,-7.0,-123.0
1775836811.3615663,-1.0,-1.0,-124.0
1775836811.3715663,-1.0,0.0,-125.0
1775836811.3815663,-2.0,2.0,-125.0
1775836811.3915665,-1.0,1.0,-125.0
1775836811.4015665,-4.0,1.0,-119.0
1775836811.4115665,-9.0,1.0,-115.0
1775836811.4215665,-5.0,3.0,-117.0
1775836811.4315665,-2.0,2.0,-120.0
1775836811.4415665,0.0,3.0,-120.0
1775836811.4515665,0.0,5.0,-121.0
1775836811.4615664,-2.0,6.0,-128.0
1775836811.471567,-2.0,1.0,-134.0
1775836811.481567,-5.0,0.0,-134.0
1775836811.491567,0.0,-1.0,-133.0
1775836811.5015666,-1.0,1.0,-124.0
1775836811.5115666,-4.0,0.0,-120.0
1775836811.5215666,-2.0,0.0,-114.0
1775836811.5315666,0.0,0.0,-107.0
1775836811.5415666,-1.0,-1.0,-106.0
1775836811.5515666,1.0,-5.0,-107.0
1775836811.5615666,1.0,0.0,-102.0
1775836811.5715666,0.0,0.0,-104.0
1775836811.5815666,-3.0,-3.0,-103.0
1775836811.5915666,-2.0,-2.0,-108.0
1775836811.6015666,-2.0,-4.0,-119.0
1775836811.6115663,-4.0,-1.0,-119.0
1775836811.6215663,-7.0,0.0,-119.0
1775836811.6315663,0.0,-3.0,-118.0
1775836811.6415665,0.0,-2.0,-120.0
1775836811.6515665,0.0,-2.0,-123.0
1775836811.6615665,0.0,-5.0,-120.0
1775836811.6715665,0.0,-10.0,-122.0
1775836811.6815665,3.0,-9.0,-120.0
1775836811.6915665,5.0,-3.0,-121.0
1775836811.7015665,1.0,-1.0,-122.0
1775836811.7115664,1.0,-2.0,-123.0
1775836811.721567,1.0,0.0,-122.0
1775836811.731567,-2.0,4.0,-127.0
1775836811.741567,-3.0,7.0,-126.0
1775836811.7515666,-4.0,6.0,-123.0
1775836811.7615666,-4.0,5.0,-116.0
1775836811.7715666,-5.0,9.0,-113.0
1775836811.7815666,-3.0,7.0,-115.0
1775836811.7915666,0.0,1.0,-121.0
1775836811.8015666,-3.0,2.0,-115.0
1775836811.8115666,0.0,1.0,-112.0
1775836811.8215666,-3.0,2.0,-111.0
1775836811.8315666,-2.0,0.0,-116.0
1775836811.8415666,-3.0,-5.0,-118.0
1775836811.8515666,-2.0,-1.0,-117.0
1775836811.8615663,-3.0,0.0,-121.0
1775836811.8715663,0.0,0.0,-121.0
1775836811.8815663,0.0,0.0,-122.0
1775836811.8915665,0.0,0.0,-118.0
1775836811.9015665,-1.0,-1.0,-117.0
1775836811.9115665,0.0,0.0,-118.0
1775836811.9215665,1.0,3.0,-122.0
1775836811.9315665,0.0,3.0,-121.0
1775836811.9415665,-1.0,2.0,-122.0
1775836811.9515665,-4.0,5.0,-121.0
1775836811.9615664,-5.0,1.0,-120.0
1775836811.971567,-5.0,1.0,-117.0
1775836811.981567,0.0,3.0,-123.0
1775836811.991567,1.0,7.0,-121.0
1775836812.0015666,-1.0,5.0,-122.0
1775836812.0115666,-2.0,0.0,-126.0
1775836812.0225666,-4.0,0.0,-127.0
1775836812.0315666,-7.0,1.0,-127.0
1775836812.0425663,-3.0,-1.0,-119.0
1775836812.0525663,0.0,-3.0,-115.0
1775836812.0625665,-1.0,-4.0,-114.0
1775836812.0725665,-1.0,0.0,-118.0
1775836812.0825665,-1.0,2.0,-118.0
1775836812.0925665,-1.0,0.0,-117.0
1775836812.1025665,0.0,1.0,-116.0
1775836812.1125665,4.0,0.0,-116.0
1775836812.1225665,9.0,0.0,-121.0
1775836812.1325665,10.0,0.0,-118.0
1775836812.1425664,9.0,-2.0,-119.0
1775836812.152567,6.0,-5.0,-121.0
1775836812.162567,2.0,0.0,-118.0
1775836812.172567,5.0,2.0,-120.0
1775836812.1825666,2.0,2.0,-120.0
1775836812.1925666,3.0,2.0,-123.0
1775836812.2025666,6.0,2.0,-124.0
1775836812.2125666,1.0,0.0,-113.0
1775836812.2225666,4.0,1.0,-116.0
1775836812.2325666,4.0,-3.0,-109.0
1775836812.2425666,2.0,0.0,-114.0
1775836812.2525666,1.0,0.0,-117.0
1775836812.2625666,-1.0,0.0,-124.0
1775836812.2725666,2.0,0.0,-125.0
1775836812.2825663,1.0,-1.0,-123.0
1775836812.2925663,2.0,0.0,-124.0
1775836812.3025663,0.0,-3.0,-121.0
1775836812.3125665,4.0,0.0,-117.0
1775836812.3225665,3.0,0.0,-119.0
1775836812.3325665,1.0,2.0,-119.0
1775836812.3425665,2.0,9.0,-125.0
1775836812.3525665,-1.0,7.0,-124.0
1775836812.3625665,0.0,3.0,-119.0
1775836812.3725665,5.0,2.0,-121.0
1775836812.3825665,5.0,3.0,-117.0
1775836812.3925664,8.0,4.0,-120.0
1775836812.402567,4.0,6.0,-121.0
1775836812.412567,2.0,3.0,-119.0
1775836812.422567,3.0,0.0,-118.0
1775836812.4325666,3.0,0.0,-119.0
1775836812.4425666,6.0,0.0,-116.0
1775836812.4525666,3.0,1.0,-105.0
1775836812.4625666,0.0,-3.0,-106.0
1775836812.4725666,-3.0,-2.0,-112.0
1775836812.4825666,-4.0,0.0,-116.0
1775836812.4925666,-5.0,0.0,-116.0
1775836812.5025666,0.0,-2.0,-123.0
1775836812.5125666,1.0,-2.0,-126.0
1775836812.5225666,2.0,0.0,-127.0
1775836812.5325663,0.0,-1.0,-127.0
1775836812.5425663,2.0,-1.0,-129.0
1775836812.5525663,0.0,2.0,-126.0
1775836812.5625665,-2.0,6.0,-124.0
1775836812.5725665,-1.0,9.0,-119.0
1775836812.5825665,-1.0,8.0,-118.0
1775836812.5925665,0.0,2.0,-119.0
1775836812.6025665,0.0,1.0,-123.0
1775836812.6125665,3.0,-1.0,-123.0
1775836812.6225665,5.0,0.0,-119.0
1775836812.6325665,2.0,1.0,-113.0
1775836812.6425664,2.0,0.0,-111.0
1775836812.652567,4.0,0.0,-111.0
1775836812.662567,4.0,0.0,-128.0
1775836812.672567,2.0,0.0,-125.0
1775836812.6825666,0.0,4.0,-120.0
1775836812.6925666,-2.0,2.0,-119.0
1775836812.7025666,-2.0,1.0,-121.0
1775836812.7125666,-1.0,-1.0,-123.0
1775836812.7225666,-1.0,-6.0,-128.0
1775836812.7325666,-2.0,-3.0,-124.0
1775836812.7425666,-1.0,1.0,-121.0
1775836812.7525666,0.0,2.0,-122.0
1775836812.7625666,5.0,3.0,-125.0
1775836812.7725666,3.0,5.0,-122.0
1775836812.7825663,4.0,5.0,-117.0
1775836812.7925663,1.0,5.0,-107.0
1775836812.8025663,4.0,4.0,-109.0
1775836812.8125665,3.0,2.0,-111.0
1775836812.8225665,0.0,4.0,-118.0
1775836812.8325665,-2.0,6.0,-124.0
1775836812.8425665,0.0,6.0,-123.0
1775836812.8525665,2.0,-1.0,-126.0
1775836812.8625665,-1.0,0.0,-120.0
1775836812.8725665,0.0,1.0,-118.0
1775836812.8825665,0.0,3.0,-122.0
1775836812.8925664,0.0,6.0,-124.0
1775836812.9035666,-3.0,3.0,-121.0
1775836812.912567,-5.0,4.0,-124.0
1775836812.922567,3.0,2.0,-124.0
1775836812.9325666,2.0,0.0,-120.0
1775836812.9425666,2.0,2.0,-115.0
1775836812.9525666,-1.0,0.0,-116.0
1775836812.9625666,-3.0,0.0,-127.0
1775836812.9725666,-4.0,0.0,-120.0
1775836812.9825666,-8.0,0.0,-118.0
1775836812.9925666,-5.0,5.0,-122.0
1775836813.0025666,-5.0,0.0,-122.0
1775836813.0125666,-5.0,1.0,-124.0
1775836813.0225666,-8.0,2.0,-117.0
1775836813.0325663,-1.0,3.0,-121.0
1775836813.0425663,-1.0,2.0,-119.0
1775836813.0525663,0.0,2.0,-118.0
1775836813.0625665,0.0,-3.0,-119.0
1775836813.0725665,-2.0,-10.0,-121.0
1775836813.0825665,-2.0,-9.0,-117.0
1775836813.0925665,-3.0,-8.0,-125.0
1775836813.1025665,-5.0,-4.0,-125.0
1775836813.1125665,-5.0,-2.0,-125.0
1775836813.1225665,-7.0,-2.0,-122.0
1775836813.1325665,-8.0,-4.0,-131.0
1775836813.1425664,-4.0,-4.0,-121.0
1775836813.152567,-1.0,0.0,-122.0
1775836813.162567,1.0,3.0,-120.0
1775836813.172567,-1.0,1.0,-115.0
1775836813.1825666,-4.0,-4.0,-112.0
1775836813.1925666,-6.0,-5.0,-115.0
1775836813.2025666,-2.0,-2.0,-115.0
1775836813.2125666,-3.0,0.0,-115.0
1775836813.2225666,-3.0,1.0,-122.0
1775836813.2325666,-2.0,2.0,-123.0
1775836813.2425666,-3.0,3.0,-126.0
1775836813.2525666,-5.0,2.0,-125.0
1775836813.2625666,-6.0,3.0,-131.0
1775836813.2725666,-9.0,1.0,-132.0
1775836813.2825663,-12.0,-1.0,-129.0
1775836813.2925663,-5.0,0.0,-126.0
1775836813.3025663,-3.0,0.0,-119.0
1775836813.3125665,0.0,-1.0,-118.0
1775836813.3225665,3.0,0.0,-117.0
1775836813.3325665,2.0,-2.0,-113.0
1775836813.3425665,-2.0,-4.0,-116.0
1775836813.3525665,-3.0,-3.0,-116.0
1775836813.3625665,-5.0,0.0,-123.0
1775836813.3725665,-2.0,0.0,-125.0
1775836813.3825665,-2.0,0.0,-123.0
1775836813.3925664,1.0,3.0,-114.0
1775836813.402567,3.0,7.0,-117.0
1775836813.412567,0.0,4.0,-118.0
1775836813.422567,-2.0,3.0,-120.0
1775836813.4325666,-3.0,2.0,-123.0
1775836813.4425666,0.0,1.0,-135.0
1775836813.4525666,1.0,1.0,-135.0
1775836813.4625666,3.0,0.0,-130.0
1775836813.4725666,0.0,-1.0,-130.0
1775836813.4825666,0.0,-2.0,-131.0
1775836813.4925666,-3.0,-4.0,-134.0
1775836813.5025666,-11.0,-7.0,-127.0
1775836813.5125666,-8.0,-10.0,-134.0
1775836813.5225666,-6.0,-8.0,-136.0
1775836813.5325663,-2.0,-11.0,-140.0
1775836813.5425663,-2.0,-9.0,-139.0
1775836813.5525663,0.0,-6.0,-143.0
1775836813.5625665,-1.0,-4.0,-144.0
1775836813.5725665,0.0,-4.0,-136.0
1775836813.5825665,-3.0,-5.0,-139.0
1775836813.5925665,-3.0,0.0,-137.0
1775836813.6025665,0.0,0.0,-133.0
1775836813.6125665,1.0,-5.0,-125.0
1775836813.6225665,0.0,-5.0,-121.0
1775836813.6325665,-1.0,-2.0,-131.0
1775836813.6425664,-1.0,-3.0,-126.0
1775836813.652567,-3.0,-3.0,-123.0
1775836813.662567,-4.0,-1.0,-127.0
1775836813.672567,-4.0,0.0,-125.0
1775836813.6825666,-4.0,2.0,-121.0
1775836813.6925666,-5.0,3.0,-127.0
1775836813.7025666,-3.0,-2.0,-126.0
1775836813.7125666,0.0,-3.0,-125.0
1775836813.7225666,-7.0,0.0,-123.0
1775836813.7325666,-8.0,0.0,-121.0
1775836813.7425666,-6.0,0.0,-126.0
1775836813.7525666,-1.0,-1.0,-126.0
1775836813.7625666,-1.0,-1.0,-120.0
1775836813.7725666,1.0,1.0,-108.0
1775836813.7825663,-3.0,4.0,-113.0
1775836813.7925663,-6.0,6.0,-114.0
1775836813.8025663,-3.0,5.0,-118.0
1775836813.8125665,-2.0,5.0,-108.0
1775836813.8225665,0.0,8.0,-110.0
1775836813.8325665,0.0,8.0,-115.0
1775836813.8425665,3.0,11.0,-112.0
1775836813.8525665,0.0,3.0,-114.0
1775836813.8625665,-1.0,3.0,-114.0
1775836813.8725665,-2.0,5.0,-101.0
1775836813.8825665,0.0,7.0,-99.0
1775836813.8925664,0.0,8.0,-106.0
1775836813.902567,-4.0,3.0,-115.0
1775836813.912567,-3.0,0.0,-122.0
1775836813.922567,0.0,-1.0,-126.0
1775836813.9325666,3.0,2.0,-126.0
1775836813.9425666,7.0,0.0,-126.0
1775836813.9525666,3.0,-1.0,-123.0
1775836813.9625666,0.0,0.0,-119.0
1775836813.9725666,0.0,-4.0,-121.0
1775836813.9825666,0.0,-6.0,-119.0
1775836813.9925666,-1.0,-7.0,-121.0
1775836814.0025666,2.0,-7.0,-125.0
1775836814.0125666,0.0,-6.0,-124.0
1775836814.0225666,4.0,-7.0,-127.0
1775836814.0325663,4.0,-6.0,-123.0
1775836814.0425663,0.0,-7.0,-124.0
1775836814.0525663,0.0,-9.0,-126.0
1775836814.0625665,-8.0,-8.0,-120.0
1775836814.0725665,-10.0,-7.0,-121.0
1775836814.0825665,-5.0,-3.0,-131.0
1775836814.0925665,-4.0,1.0,-135.0
1775836814.1025665,0.0,4.0,-134.0
1775836814.1125665,2.0,4.0,-127.0
1775836814.1225665,0.0,4.0,-125.0
1775836814.1325665,-2.0,3.0,-125.0
1775836814.1425664,-5.0,-2.0,-126.0
1775836814.152567,-3.0,-5.0,-123.0
1775836814.162567,-3.0,-3.0,-123.0
1775836814.1735666,-3.0,-4.0,-123.0
1775836814.1825666,0.0,-2.0,-125.0
1775836814.1925666,1.0,-3.0,-121.0
1775836814.2025666,-3.0,-3.0,-115.0
1775836814.2125666,-5.0,0.0,-120.0
1775836814.2225666,0.0,-2.0,-117.0
1775836814.2335663,2.0,0.0,-117.0
1775836814.2435665,-1.0,0.0,-115.0
1775836814.2535665,-3.0,0.0,-115.0
1775836814.2635665,-3.0,-1.0,-117.0
1775836814.2735665,0.0,0.0,-115.0
1775836814.2835665,-1.0,2.0,-117.0
1775836814.2935665,-4.0,5.0,-122.0
1775836814.3035665,-6.0,5.0,-130.0
1775836814.3135664,-6.0,0.0,-126.0
1775836814.323567,-1.0,0.0,-126.0
1775836814.333567,-1.0,2.0,-124.0
1775836814.343567,0.0,6.0,-124.0
1775836814.3535666,1.0,3.0,-128.0
1775836814.3635666,-1.0,1.0,-125.0
1775836814.3735666,1.0,0.0,-124.0
1775836814.3835666,2.0,-1.0,-125.0
1775836814.3935666,0.0,1.0,-115.0
1775836814.4035666,0.0,-2.0,-118.0
1775836814.4135666,-1.0,-5.0,-115.0
1775836814.4235666,-6.0,-2.0,-118.0
1775836814.4335666,-3.0,-2.0,-124.0
1775836814.4435666,-1.0,-4.0,-125.0
1775836814.4535666,1.0,-3.0,-126.0
1775836814.4635663,4.0,1.0,-126.0
1775836814.4735663,3.0,1.0,-127.0
1775836814.4835663,-2.0,-4.0,-130.0
1775836814.4935665,-7.0,-3.0,-125.0
1775836814.5035665,-7.0,-5.0,-127.0
1775836814.5135665,-5.0,-6.0,-128.0
1775836814.5235665,-4.0,-3.0,-131.0
1775836814.5335665,-3.0,0.0,-133.0
1775836814.5435665,-5.0,0.0,-128.0
1775836814.5535665,-4.0,-4.0,-119.0
1775836814.5635664,-5.0,-3.0,-118.0
1775836814.573567,-3.0,-3.0,-116.0
1775836814.583567,0.0,-4.0,-111.0
1775836814.593567,4.0,-6.0,-115.0
1775836814.6035666,3.0,-2.0,-108.0
1775836814.6135666,0.0,-4.0,-106.0
1775836814.6235666,-1.0,-2.0,-102.0
1775836814.6335666,-6.0,2.0,-101.0
1775836814.6435666,-5.0,3.0,-104.0
1775836814.6535666,-7.0,5.0,-111.0
1775836814.6635666,-2.0,5.0,-116.0
1775836814.6735666,-3.0,5.0,-121.0
1775836814.6835666,0.0,11.0,-124.0
1775836814.6935666,-1.0,12.0,-130.0
1775836814.7035666,-3.0,11.0,-131.0
1775836814.7135663,-5.0,9.0,-137.0
1775836814.7235663,-3.0,7.0,-131.0
1775836814.7335663,-5.0,6.0,-130.0
1775836814.7435665,-6.0,6.0,-133.0
1775836814.7535665,-4.0,4.0,-132.0
1775836814.7635665,-5.0,2.0,-126.0
1775836814.7735665,-6.0,-1.0,-124.0
1775836814.7835665,-5.0,2.0,-116.0
1775836814.7935665,0.0,0.0,-113.0
1775836814.8035665,1.0,0.0,-116.0
1775836814.8135664,2.0,0.0,-119.0
1775836814.823567,1.0,0.0,-123.0
1775836814.833567,-1.0,-1.0,-118.0
1775836814.843567,-2.0,-3.0,-115.0
1775836814.8535666,-4.0,-7.0,-115.0
1775836814.8635666,-6.0,-4.0,-116.0
1775836814.8735666,-5.0,-5.0,-123.0
1775836814.8835666,-1.0,-6.0,-125.0
1775836814.8935666,-2.0,-4.0,-124.0
1775836814.9035666,-3.0,-2.0,-121.0
1775836814.9135666,-1.0,-3.0,-119.0
1775836814.9235666,1.0,-6.0,-123.0
1775836814.9335666,4.0,-7.0,-125.0
1775836814.9435666,4.0,-10.0,-130.0
1775836814.9535666,4.0,-11.0,-133.0
1775836814.9635663,0.0,-9.0,-129.0
1775836814.9735663,-3.0,-11.0,-131.0
1775836814.9835663,-5.0,-8.0,-126.0
1775836814.9935665,0.0,0.0,-128.0
1775836815.0035665,3.0,6.0,-129.0
1775836815.0135665,0.0,4.0,-129.0
1775836815.0235665,1.0,3.0,-130.0
1775836815.0335665,-1.0,3.0,-125.0
1775836815.0435665,3.0,-2.0,-124.0
1775836815.0535665,2.0,-6.0,-125.0
1775836815.0635664,4.0,-5.0,-123.0
1775836815.073567,4.0,-5.0,-122.0
1775836815.083567,7.0,-6.0,-126.0
1775836815.093567,5.0,-3.0,-125.0
1775836815.1035666,2.0,-2.0,-126.0
1775836815.1135666,2.0,-2.0,-122.0
1775836815.1235666,3.0,-3.0,-118.0
1775836815.1335666,3.0,-2.0,-116.0
1775836815.1435666,2.0,-1.0,-124.0
1775836815.1535666,0.0,-3.0,-127.0
1775836815.1635666,-1.0,-1.0,-124.0
1775836815.1735666,-2.0,-1.0,-127.0
1775836815.1835666,-1.0,0.0,-129.0
1775836815.1945665,-6.0,1.0,-119.0
1775836815.2035666,-8.0,0.0,-114.0
1775836815.2135663,-7.0,-4.0,-112.0
1775836815.2235663,-4.0,-7.0,-115.0
1775836815.2335663,0.0,-7.0,-122.0
1775836815.2435665,2.0,-3.0,-121.0
1775836815.2535665,3.0,-3.0,-117.0
1775836815.2635665,0.0,1.0,-121.0
1775836815.2735665,3.0,5.0,-120.0
1775836815.2835665,3.0,4.0,-126.0
1775836815.2935665,1.0,0.0,-123.0
1775836815.3035665,-3.0,-1.0,-120.0
1775836815.3135664,1.0,0.0,-114.0
1775836815.323567,0.0,-1.0,-112.0
1775836815.333567,1.0,-3.0,-110.0
1775836815.343567,2.0,-1.0,-109.0
1775836815.3535666,3.0,1.0,-110.0
1775836815.3635666,1.0,0.0,-106.0
1775836815.3735666,5.0,-2.0,-116.0
1775836815.3835666,6.0,-4.0,-118.0
1775836815.3935666,1.0,-7.0,-120.0
1775836815.4035666,5.0,-4.0,-122.0
1775836815.4135666,3.0,-4.0,-120.0
1775836815.4235666,1.0,-6.0,-124.0
1775836815.4335666,0.0,-2.0,-122.0
1775836815.4435666,1.0,2.0,-129.0
1775836815.4535666,6.0,2.0,-125.0
1775836815.4635663,6.0,2.0,-122.0
1775836815.4735663,3.0,1.0,-123.0
1775836815.4835663,1.0,-3.0,-122.0
1775836815.4935665,3.0,-5.0,-117.0
1775836815.5035665,5.0,-3.0,-116.0
1775836815.5135665,1.0,-3.0,-115.0
1775836815.5235665,0.0,-1.0,-116.0
1775836815.5335665,-1.0,-1.0,-112.0
1775836815.5435665,-4.0,-4.0,-113.0
1775836815.5535665,-6.0,0.0,-121.0
1775836815.5635664,-4.0,0.0,-127.0
1775836815.573567,-3.0,2.0,-119.0
1775836815.583567,-2.0,0.0,-119.0
1775836815.593567,-4.0,2.0,-127.0
1775836815.6035666,-1.0,0.0,-127.0
1775836815.6135666,-2.0,-3.0,-126.0
1775836815.6235666,-1.0,2.0,-121.0
1775836815.6335666,0.0,6.0,-118.0
1775836815.6435666,-4.0,6.0,-112.0
1775836815.6535666,-3.0,5.0,-111.0
1775836815.6635666,-2.0,1.0,-111.0
1775836815.6735666,-2.0,2.0,-109.0
1775836815.6835666,-3.0,2.0,-110.0
1775836815.6935666,-4.0,3.0,-115.0
1775836815.7035666,-2.0,2.0,-113.0
1775836815.7135663,-6.0,2.0,-115.0
1775836815.7235663,-9.0,4.0,-119.0
1775836815.7335663,-7.0,-1.0,-118.0
1775836815.7435665,-10.0,-2.0,-119.0
1775836815.7535665,-9.0,1.0,-115.0
1775836815.7635665,-7.0,0.0,-115.0
1775836815.7735665,-5.0,-1.0,-113.0
1775836815.7835665,-4.0,-2.0,-117.0
1775836815.7935665,-7.0,-2.0,-114.0
1775836815.8035665,-6.0,-4.0,-113.0
1775836815.8135664,-5.0,-3.0,-117.0
1775836815.823567,-2.0,-4.0,-114.0
1775836815.833567,0.0,-3.0,-124.0
1775836815.843567,1.0,0.0,-125.0
1775836815.8535666,4.0,1.0,-128.0
1775836815.8635666,0.0,0.0,-134.0
1775836815.8735666,1.0,0.0,-123.0
1775836815.8835666,0.0,-4.0,-125.0
1775836815.8935666,6.0,-6.0,-127.0
1775836815.9035666,7.0,-4.0,-127.0
1775836815.9135666,6.0,-7.0,-125.0
1775836815.9235666,1.0,-7.0,-123.0
1775836815.9335666,1.0,1.0,-126.0
1775836815.9435666,3.0,4.0,-124.0
1775836815.9535666,1.0,4.0,-121.0
1775836815.9635663,2.0,4.0,-119.0
1775836815.9735663,2.0,1.0,-115.0
1775836815.9835663,1.0,2.0,-118.0
1775836815.9935665,4.0,0.0,-113.0
1775836816.0035665,2.0,1.0,-111.0
1775836816.0135665,-1.0,0.0,-113.0
1775836816.0235665,-2.0,-1.0,-116.0
1775836816.0335665,-1.0,-4.0,-112.0
1775836816.0435665,2.0,0.0,-115.0
1775836816.0535665,0.0,0.0,-118.0
1775836816.0635664,0.0,0.0,-124.0
1775836816.073567,-5.0,0.0,-121.0
1775836816.083567,-2.0,0.0,-124.0
1775836816.093567,-2.0,-2.0,-121.0
1775836816.1035666,-1.0,0.0,-121.0
1775836816.1135666,0.0,5.0,-126.0
1775836816.1235666,-1.0,6.0,-128.0
1775836816.1335666,-4.0,4.0,-126.0
1775836816.1435666,-6.0,1.0,-121.0
1775836816.1535666,-10.0,0.0,-118.0
1775836816.1635666,-7.0,1.0,-122.0
1775836816.1735666,-3.0,0.0,-126.0
1775836816.1835666,-4.0,0.0,-126.0
1775836816.1935666,-5.0,0.0,-122.0
1775836816.2035666,-7.0,0.0,-133.0
1775836816.2135663,-7.0,0.0,-123.0
1775836816.2235663,-8.0,1.0,-125.0
1775836816.2335663,-7.0,2.0,-126.0
1775836816.2435665,-7.0,0.0,-121.0
1775836816.2535665,-4.0,-3.0,-125.0
1775836816.2635665,0.0,-7.0,-119.0
1775836816.2735665,0.0,-4.0,-116.0
1775836816.2835665,3.0,-4.0,-117.0
1775836816.2935665,-1.0,-7.0,-121.0
1775836816.3035665,-3.0,-8.0,-119.0
1775836816.3135664,-1.0,-6.0,-127.0
1775836816.323567,-3.0,-11.0,-133.0
1775836816.333567,0.0,-12.0,-133.0
1775836816.343567,-2.0,-11.0,-125.0
1775836816.3535666,-1.0,-13.0,-123.0
1775836816.3635666,-4.0,-11.0,-128.0
1775836816.3735666,0.0,-6.0,-124.0
1775836816.3835666,3.0,-4.0,-118.0
1775836816.3935666,1.0,-1.0,-119.0
1775836816.4035666,0.0,1.0,-121.0
1775836816.4135666,0.0,5.0,-128.0
1775836816.4245665,2.0,6.0,-125.0
1775836816.4345665,5.0,2.0,-124.0
1775836816.4445665,0.0,5.0,-122.0
1775836816.4545665,1.0,6.0,-126.0
1775836816.4645665,0.0,1.0,-130.0
1775836816.4745665,-1.0,4.0,-131.0
1775836816.4845665,0.0,1.0,-133.0
1775836816.4945664,-1.0,0.0,-127.0
1775836816.504567,1.0,1.0,-127.0
1775836816.514567,0.0,1.0,-122.0
1775836816.524567,4.0,1.0,-124.0
1775836816.5345666,2.0,1.0,-126.0
1775836816.5445666,0.0,5.0,-123.0
1775836816.5545666,-1.0,5.0,-119.0
1775836816.5645666,-2.0,2.0,-118.0
1775836816.5745666,1.0,6.0,-121.0
1775836816.5845666,3.0,3.0,-119.0
1775836816.5945666,4.0,3.0,-117.0
1775836816.6045666,2.0,0.0,-113.0
1775836816.6145666,-1.0,2.0,-112.0
1775836816.6245666,1.0,2.0,-111.0
1775836816.6345663,4.0,2.0,-110.0
1775836816.6445663,2.0,4.0,-113.0
1775836816.6545663,0.0,3.0,-112.0
1775836816.6645665,1.0,0.0,-117.0
1775836816.6745665,4.0,0.0,-121.0
1775836816.6845665,1.0,1.0,-120.0
1775836816.6945665,-2.0,-3.0,-120.0
1775836816.7045665,0.0,-3.0,-120.0
1775836816.7145665,-7.0,-1.0,-121.0
1775836816.7245665,-8.0,0.0,-123.0
1775836816.7345665,-9.0,4.0,-124.0
1775836816.7445664,-5.0,4.0,-124.0
1775836816.754567,-6.0,0.0,-118.0
1775836816.764567,-7.0,0.0,-113.0
1775836816.774567,-6.0,-2.0,-115.0
1775836816.7845666,-8.0,-1.0,-124.0
1775836816.7945666,-6.0,0.0,-122.0
1775836816.8045666,-5.0,-3.0,-126.0
1775836816.8145666,-4.0,-2.0,-121.0
1775836816.8245666,-5.0,4.0,-123.0
1775836816.8345666,-6.0,4.0,-127.0
1775836816.8445666,-7.0,2.0,-122.0
1775836816.8545666,-6.0,0.0,-123.0
1775836816.8645666,-1.0,-1.0,-120.0
1775836816.8745666,0.0,-1.0,-117.0
1775836816.8845663,0.0,1.0,-114.0
1775836816.8945663,0.0,5.0,-113.0
1775836816.9045663,0.0,3.0,-112.0
1775836816.9145665,0.0,3.0,-112.0
1775836816.9245665,2.0,4.0,-112.0
1775836816.9345665,1.0,0.0,-115.0
1775836816.9445665,0.0,-1.0,-120.0
1775836816.9545665,4.0,0.0,-127.0
1775836816.9645665,7.0,0.0,-126.0
1775836816.9745665,5.0,2.0,-125.0
1775836816.9845665,9.0,-1.0,-126.0
1775836816.9945664,6.0,-3.0,-126.0
1775836817.004567,7.0,-3.0,-123.0
1775836817.014567,0.0,1.0,-119.0
1775836817.024567,7.0,0.0,-123.0
1775836817.0345666,11.0,2.0,-124.0
1775836817.0445666,8.0,5.0,-121.0
1775836817.0545666,6.0,2.0,-120.0
1775836817.0645666,7.0,3.0,-120.0
1775836817.0745666,5.0,4.0,-127.0
1775836817.0845666,5.0,0.0,-127.0
1775836817.0945666,2.0,-3.0,-125.0
1775836817.1045666,0.0,-6.0,-119.0
1775836817.1145666,6.0,-4.0,-123.0
1775836817.1245666,7.0,-1.0,-123.0
1775836817.1345663,0.0,1.0,-124.0
1775836817.1445663,0.0,0.0,-121.0
1775836817.1545663,-1.0,-1.0,-125.0
1775836817.1645665,-1.0,7.0,-120.0
1775836817.1745665,-4.0,8.0,-124.0
1775836817.1845665,-4.0,2.0,-130.0
1775836817.1945665,-6.0,3.0,-127.0
1775836817.2045665,0.0,0.0,-126.0
1775836817.2145665,1.0,-4.0,-127.0
1775836817.2245665,0.0,0.0,-121.0
1775836817.2345665,3.0,-2.0,-113.0
1775836817.2445664,0.0,0.0,-113.0
1775836817.254567,4.0,0.0,-115.0
1775836817.264567,6.0,0.0,-113.0
1775836817.274567,6.0,0.0,-112.0
1775836817.2845666,1.0,0.0,-107.0
1775836817.2945666,1.0,1.0,-108.0
1775836817.3045666,0.0,2.0,-116.0
1775836817.3145666,-1.0,-3.0,-124.0
1775836817.3245666,0.0,0.0,-124.0
1775836817.3345666,2.0,1.0,-127.0
1775836817.3445666,2.0,0.0,-130.0
1775836817.3545666,3.0,-4.0,-129.0
1775836817.3645666,5.0,-2.0,-129.0
1775836817.3745666,2.0,-4.0,-122.0
1775836817.3845663,-1.0,0.0,-124.0
1775836817.3945663,0.0,0.0,-122.0
1775836817.4045663,1.0,5.0,-124.0
1775836817.4145665,1.0,7.0,-128.0
1775836817.4245665,0.0,9.0,-129.0
1775836817.4345665,0.0,9.0,-131.0
1775836817.4445665,-1.0,5.0,-130.0
1775836817.4545665,-3.0,8.0,-130.0
1775836817.4645665,-2.0,5.0,-138.0
1775836817.4745665,-5.0,2.0,-135.0
1775836817.4845665,-5.0,1.0,-132.0
1775836817.4945664,-7.0,1.0,-131.0
1775836817.504567,-6.0,-1.0,-127.0
1775836817.514567,-2.0,-2.0,-124.0
1775836817.524567,-4.0,-8.0,-127.0
1775836817.5345666,-4.0,-9.0,-123.0
1775836817.5445666,-5.0,-9.0,-125.0
1775836817.5545666,-1.0,-5.0,-123.0
1775836817.5645666,2.0,-5.0,-121.0
1775836817.5745666,0.0,-7.0,-114.0
1775836817.5845666,-2.0,-9.0,-120.0
1775836817.5945666,-2.0,-9.0,-122.0
1775836817.6045666,-3.0,-5.0,-123.0
1775836817.6145666,0.0,-6.0,-122.0
1775836817.6245666,4.0,-6.0,-115.0
1775836817.6345663,3.0,-1.0,-125.0
1775836817.6445663,1.0,-1.0,-119.0
1775836817.6545663,4.0,-1.0,-120.0
1775836817.6645665,0.0,-3.0,-123.0
1775836817.6745665,0.0,-5.0,-123.0
1775836817.6845665,-5.0,-4.0,-122.0
1775836817.6945665,-8.0,-5.0,-126.0
1775836817.7045665,-9.0,-5.0,-124.0
1775836817.7145665,-6.0,-6.0,-126.0
1775836817.7245665,-1.0,-4.0,-126.0
1775836817.7345665,-2.0,-1.0,-130.0
1775836817.7445664,-6.0,0.0,-135.0
1775836817.754567,-1.0,1.0,-131.0
1775836817.764567,-1.0,0.0,-132.0
1775836817.774567,-1.0,1.0,-129.0
1775836817.7845666,-6.0,3.0,-125.0
1775836817.7945666,-6.0,3.0,-125.0
1775836817.8045666,-2.0,5.0,-135.0
1775836817.8145666,2.0,2.0,-140.0
1775836817.8245666,0.0,4.0,-134.0
1775836817.8345666,-2.0,7.0,-133.0
1775836817.8445666,0.0,7.0,-132.0
1775836817.8545666,4.0,3.0,-135.0
1775836817.8645666,4.0,2.0,-134.0
1775836817.8745666,3.0,2.0,-139.0
1775836817.8845663,1.0,0.0,-139.0
1775836817.8945663,-2.0,-1.0,-136.0
1775836817.9045663,1.0,-5.0,-137.0
1775836817.9145665,2.0,-6.0,-128.0
1775836817.9245665,4.0,-6.0,-131.0
1775836817.9345665,1.0,-5.0,-134.0
1775836817.9445665,0.0,-1.0,-132.0
1775836817.9545665,0.0,0.0,-131.0
1775836817.9645665,4.0,2.0,-124.0
1775836817.9745665,9.0,1.0,-126.0
1775836817.9845665,8.0,1.0,-123.0
1775836817.9945664,9.0,0.0,-120.0
1775836818.004567,12.0,0.0,-118.0
1775836818.014567,5.0,0.0,-113.0
1775836818.024567,6.0,0.0,-116.0
1775836818.0345666,13.0,-3.0,-116.0
1775836818.0445666,13.0,-4.0,-121.0
1775836818.0545666,10.0,-1.0,-121.0
1775836818.0645666,4.0,-3.0,-123.0
1775836818.0745666,-3.0,-1.0,-125.0
1775836818.0845666,-1.0,0.0,-121.0
1775836818.0945666,-4.0,1.0,-121.0
1775836818.1045666,-9.0,0.0,-117.0
1775836818.1145666,-5.0,2.0,-118.0
1775836818.1245666,-4.0,4.0,-123.0
1775836818.1345663,-3.0,4.0,-118.0
1775836818.1445663,-3.0,3.0,-120.0
1775836818.1545663,-4.0,3.0,-118.0
1775836818.1645665,-5.0,3.0,-111.0
1775836818.1745665,-3.0,1.0,-111.0
1775836818.1845665,1.0,-1.0,-108.0
1775836818.1945665,5.0,-4.0,-113.0
1775836818.2045665,7.0,-2.0,-109.0
1775836818.2145665,9.0,0.0,-106.0
1775836818.2245665,10.0,5.0,-108.0
1775836818.2345665,9.0,3.0,-108.0
1775836818.2445664,11.0,6.0,-114.0
1775836818.254567,6.0,8.0,-120.0
1775836818.264567,5.0,8.0,-121.0
1775836818.274567,0.0,5.0,-121.0
1775836818.2845666,-5.0,2.0,-115.0
1775836818.2945666,-5.0,1.0,-114.0
1775836818.3045666,-1.0,0.0,-122.0
1775836818.3145666,-1.0,2.0,-126.0
1775836818.3245666,-2.0,-1.0,-125.0
1775836818.3345666,-4.0,-2.0,-124.0
1775836818.3445666,-7.0,-3.0,-123.0
1775836818.3545666,-4.0,-4.0,-122.0
1775836818.3645666,-6.0,-5.0,-127.0
1775836818.3745666,-3.0,-5.0,-128.0
1775836818.3845663,-2.0,0.0,-121.0
1775836818.3945663,-2.0,1.0,-116.0
1775836818.4045663,1.0,0.0,-121.0
1775836818.4145665,6.0,0.0,-115.0
1775836818.4245665,1.0,-1.0,-112.0
1775836818.4345665,0.0,0.0,-114.0
1775836818.4445665,-3.0,-2.0,-119.0
1775836818.4545665,-6.0,-6.0,-121.0
1775836818.4645665,-7.0,-8.0,-117.0
1775836818.4745665,-4.0,-6.0,-121.0
1775836818.4845665,0.0,-3.0,-131.0
1775836818.4945664,-1.0,-3.0,-124.0
1775836818.504567,-1.0,-3.0,-121.0
1775836818.514567,3.0,-2.0,-120.0
1775836818.524567,0.0,-3.0,-110.0
1775836818.5345666,6.0,-4.0,-109.0
1775836818.5445666,8.0,0.0,-104.0
1775836818.5545666,6.0,0.0,-112.0
1775836818.5645666,7.0,1.0,-113.0
1775836818.5745666,1.0,0.0,-110.0
1775836818.5855663,0.0,0.0,-115.0
1775836818.5945666,-1.0,2.0,-122.0
1775836818.6055665,0.0,0.0,-125.0
1775836818.6145666,-5.0,-2.0,-129.0
1775836818.6255665,-5.0,3.0,-129.0
1775836818.6355665,-3.0,7.0,-134.0
1775836818.6455665,-4.0,10.0,-129.0
1775836818.6555665,-5.0,9.0,-122.0
1775836818.6655664,-6.0,7.0,-122.0
1775836818.675567,-6.0,4.0,-123.0
1775836818.685567,-3.0,7.0,-130.0
1775836818.695567,-2.0,6.0,-124.0
1775836818.7055666,0.0,3.0,-129.0
1775836818.7155666,3.0,3.0,-129.0
1775836818.7255666,1.0,2.0,-132.0
1775836818.7355666,3.0,2.0,-127.0
1775836818.7455666,5.0,3.0,-117.0
1775836818.7555666,2.0,6.0,-113.0
1775836818.7655666,-4.0,5.0,-109.0
1775836818.7755666,0.0,6.0,-112.0
1775836818.7855666,3.0,7.0,-107.0
1775836818.7955666,0.0,3.0,-106.0
1775836818.8055663,2.0,6.0,-111.0
1775836818.8155663,6.0,3.0,-118.0
1775836818.8255663,3.0,5.0,-122.0
1775836818.8355663,-1.0,6.0,-119.0
1775836818.8455665,-1.0,9.0,-121.0
1775836818.8555665,0.0,6.0,-130.0
1775836818.8655665,4.0,2.0,-133.0
1775836818.8755665,0.0,6.0,-123.0
1775836818.8855665,-3.0,0.0,-125.0
1775836818.8955665,-1.0,0.0,-120.0
1775836818.9055665,0.0,3.0,-114.0
1775836818.9155664,0.0,3.0,-120.0
1775836818.925567,-3.0,4.0,-126.0
1775836818.935567,-3.0,4.0,-129.0
1775836818.945567,0.0,1.0,-128.0
1775836818.9555666,3.0,-1.0,-128.0
1775836818.9655666,9.0,2.0,-131.0
1775836818.9755666,6.0,3.0,-134.0
1775836818.9855666,3.0,4.0,-125.0
1775836818.9955666,3.0,3.0,-129.0
1775836819.0055666,3.0,4.0,-123.0
1775836819.0155666,8.0,7.0,-119.0
1775836819.0255666,10.0,4.0,-121.0
1775836819.0355666,5.0,-1.0,-118.0
1775836819.0455666,5.0,0.0,-112.0
1775836819.0555663,5.0,1.0,-113.0
1775836819.0655663,6.0,0.0,-115.0
1775836819.0755663,7.0,2.0,-118.0
1775836819.0855663,7.0,2.0,-122.0
1775836819.0955665,3.0,3.0,-119.0
1775836819.1055665,9.0,7.0,-117.0
1775836819.1155665,6.0,4.0,-114.0
1775836819.1255665,5.0,1.0,-114.0
1775836819.1355665,5.0,-1.0,-116.0
1775836819.1455665,4.0,0.0,-117.0
1775836819.1555665,3.0,0.0,-121.0
1775836819.1655664,4.0,-2.0,-117.0
1775836819.175567,2.0,1.0,-117.0
1775836819.185567,0.0,0.0,-114.0
1775836819.195567,0.0,1.0,-116.0
1775836819.2055666,1.0,-2.0,-113.0
1775836819.2155666,4.0,-1.0,-117.0
1775836819.2255666,3.0,-1.0,-118.0
1775836819.2355666,1.0,0.0,-115.0
1775836819.2455666,4.0,2.0,-111.0
1775836819.2555666,0.0,1.0,-111.0
1775836819.2655666,0.0,-6.0,-116.0
1775836819.2755666,1.0,-4.0,-118.0
1775836819.2855666,-1.0,-2.0,-119.0
1775836819.2955666,-2.0,-3.0,-115.0
1775836819.3055663,-5.0,-4.0,-110.0
1775836819.3155663,-8.0,-4.0,-107.0
1775836819.3255663,-5.0,-2.0,-106.0
1775836819.3355663,-7.0,-2.0,-114.0
1775836819.3455665,-1.0,0.0,-116.0
1775836819.3555665,4.0,0.0,-119.0
1775836819.3655665,5.0,1.0,-122.0
1775836819.3755665,4.0,1.0,-123.0
1775836819.3855665,6.0,1.0,-124.0
1775836819.3955665,6.0,-2.0,-126.0
1775836819.4055665,5.0,-2.0,-124.0
1775836819.4155664,4.0,-2.0,-127.0
1775836819.425567,4.0,-2.0,-125.0
1775836819.435567,5.0,1.0,-119.0
1775836819.445567,7.0,2.0,-118.0
1775836819.4555666,6.0,0.0,-113.0
1775836819.4655666,3.0,0.0,-108.0
1775836819.4755666,-2.0,4.0,-105.0
1775836819.4855666,-7.0,0.0,-107.0
1775836819.4955666,-5.0,-1.0,-109.0
1775836819.5055666,-3.0,0.0,-109.0
1775836819.5155666,-3.0,0.0,-102.0
1775836819.5255666,-1.0,-1.0,-109.0
1775836819.5355666,0.0,0.0,-114.0
1775836819.5455666,0.0,1.0,-118.0
1775836819.5555663,4.0,1.0,-119.0
1775836819.5655663,4.0,0.0,-120.0
1775836819.5755663,2.0,-1.0,-124.0
1775836819.5855663,8.0,-1.0,-125.0
1775836819.5955665,7.0,0.0,-115.0
1775836819.6055665,9.0,-1.0,-119.0
1775836819.6155665,5.0,-3.0,-123.0
1775836819.6255665,9.0,0.0,-122.0
1775836819.6355665,8.0,3.0,-120.0
1775836819.6455665,2.0,4.0,-121.0
1775836819.6555665,3.0,5.0,-123.0
1775836819.6655664,0.0,7.0,-121.0
1775836819.675567,3.0,5.0,-113.0
1775836819.685567,1.0,4.0,-115.0
1775836819.695567,6.0,4.0,-122.0
1775836819.7055666,4.0,3.0,-114.0
1775836819.7155666,1.0,0.0,-114.0
1775836819.7255666,1.0,-1.0,-110.0
1775836819.7355666,0.0,1.0,-109.0
1775836819.7455666,0.0,2.0,-110.0
1775836819.7555666,-3.0,0.0,-107.0
1775836819.7655666,-1.0,-5.0,-103.0
1775836819.7755666,-5.0,-2.0,-95.0
1775836819.7855666,-5.0,-2.0,-99.0
1775836819.7955666,-6.0,-4.0,-105.0
1775836819.8055663,-6.0,-3.0,-107.0
1775836819.8155663,0.0,-6.0,-104.0
1775836819.8255663,1.0,-5.0,-109.0
1775836819.8355663,0.0,0.0,-107.0
1775836819.8455665,1.0,1.0,-115.0
1775836819.8555665,4.0,3.0,-120.0
1775836819.8655665,4.0,2.0,-124.0
1775836819.8755665,3.0,-2.0,-123.0
1775836819.8855665,1.0,-3.0,-128.0
1775836819.8955665,0.0,0.0,-128.0
1775836819.9055665,0.0,3.0,-135.0
1775836819.9155664,1.0,6.0,-129.0
1775836819.925567,0.0,3.0,-129.0
1775836819.935567,5.0,5.0,-127.0
1775836819.945567,6.0,1.0,-127.0
1775836819.9555666,5.0,0.0,-125.0
1775836819.9655666,2.0,0.0,-123.0
1775836819.9755666,6.0,5.0,-122.0
1775836819.9855666,8.0,3.0,-120.0
1775836819.9955666,5.0,0.0,-116.0
1775836820.0055666,3.0,-1.0,-116.0
1775836820.0155666,9.0,1.0,-119.0
1775836820.0255666,11.0,2.0,-124.0
1775836820.0355666,9.0,2.0,-123.0
1775836820.0455666,6.0,0.0,-120.0
1775836820.0555663,6.0,-2.0,-119.0
1775836820.0655663,8.0,-3.0,-115.0
1775836820.0755663,1.0,-1.0,-112.0
1775836820.0855663,-3.0,-1.0,-118.0
1775836820.0955665,-2.0,-3.0,-114.0
1775836820.1055665,2.0,-6.0,-115.0
1775836820.1155665,0.0,-1.0,-124.0
1775836820.1255665,1.0,-2.0,-125.0
1775836820.1355665,0.0,-3.0,-124.0
1775836820.1455665,-2.0,-2.0,-127.0
1775836820.1555665,-4.0,-4.0,-130.0
1775836820.1655664,-4.0,-6.0,-130.0
1775836820.175567,-2.0,-4.0,-139.0
1775836820.185567,0.0,-2.0,-138.0
1775836820.195567,3.0,0.0,-134.0
1775836820.2055666,8.0,5.0,-138.0
1775836820.2155666,8.0,3.0,-131.0
1775836820.2255666,7.0,1.0,-126.0
1775836820.2355666,6.0,3.0,-126.0
1775836820.2455666,6.0,1.0,-119.0
1775836820.2555666,0.0,-1.0,-115.0
1775836820.2655666,1.0,-1.0,-115.0
1775836820.2755666,0.0,-3.0,-122.0
1775836820.2855666,3.0,-4.0,-126.0
1775836820.2955666,1.0,-2.0,-130.0
1775836820.3055663,2.0,-1.0,-128.0
1775836820.3155663,3.0,0.0,-130.0
1775836820.3255663,1.0,5.0,-129.0
1775836820.3355663,0.0,3.0,-124.0
1775836820.3455665,4.0,5.0,-125.0
1775836820.3555665,7.0,2.0,-119.0
1775836820.3655665,9.0,2.0,-113.0
1775836820.3755665,2.0,2.0,-110.0
1775836820.3855665,1.0,2.0,-113.0
1775836820.3955665,5.0,-4.0,-120.0
1775836820.4055665,3.0,-7.0,-124.0
1775836820.4155664,-2.0,-10.0,-118.0
1775836820.425567,-2.0,-9.0,-119.0
1775836820.435567,0.0,-6.0,-131.0
1775836820.445567,3.0,-1.0,-131.0
1775836820.4555666,2.0,0.0,-131.0
1775836820.4655666,3.0,-5.0,-128.0
1775836820.4755666,4.0,-4.0,-131.0
1775836820.4855666,8.0,-4.0,-128.0
1775836820.4955666,8.0,-4.0,-122.0
1775836820.5055666,3.0,-5.0,-113.0
1775836820.5155666,2.0,-2.0,-111.0
1775836820.5255666,0.0,-3.0,-113.0
1775836820.5355666,0.0,-2.0,-112.0
1775836820.5455666,2.0,-2.0,-116.0
1775836820.5555663,2.0,-4.0,-116.0
1775836820.5655663,1.0,-7.0,-115.0
1775836820.5755663,0.0,-3.0,-113.0
1775836820.5855663,2.0,0.0,-111.0
1775836820.5955665,3.0,0.0,-111.0
1775836820.6055665,4.0,6.0,-114.0
1775836820.6155665,9.0,7.0,-121.0
1775836820.6255665,10.0,7.0,-123.0
1775836820.6355665,10.0,3.0,-120.0
1775836820.6455665,10.0,1.0,-123.0
1775836820.6555665,10.0,0.0,-123.0
1775836820.6655664,9.0,0.0,-120.0
1775836820.675567,6.0,4.0,-119.0
1775836820.685567,2.0,1.0,-118.0
1775836820.695567,0.0,2.0,-117.0
1775836820.7055666,3.0,2.0,-114.0
1775836820.7155666,0.0,3.0,-124.0
1775836820.7255666,2.0,2.0,-126.0
1775836820.7355666,3.0,1.0,-118.0
1775836820.7455666,-1.0,2.0,-112.0
1775836820.7555666,-1.0,4.0,-114.0
1775836820.7655666,-1.0,2.0,-117.0
1775836820.7755666,1.0,3.0,-119.0
1775836820.7855666,1.0,7.0,-120.0
1775836820.7965665,0.0,10.0,-121.0
1775836820.8055663,1.0,5.0,-127.0
1775836820.8165665,6.0,3.0,-133.0
1775836820.8255663,0.0,2.0,-132.0
1775836820.8365664,0.0,0.0,-129.0
1775836820.846567,0.0,-2.0,-129.0
1775836820.856567,2.0,-1.0,-129.0
1775836820.866567,2.0,-2.0,-125.0
1775836820.8765666,5.0,-2.0,-125.0
1775836820.8865666,6.0,-2.0,-118.0
1775836820.8965666,4.0,-2.0,-118.0
1775836820.9065666,4.0,-4.0,-121.0
1775836820.9165666,4.0,-2.0,-121.0
1775836820.9265666,2.0,0.0,-122.0
1775836820.9365666,4.0,2.0,-121.0
1775836820.9465666,9.0,0.0,-117.0
1775836820.9565666,6.0,3.0,-113.0
1775836820.9665666,4.0,7.0,-117.0
1775836820.9765666,3.0,3.0,-123.0
1775836820.9865663,2.0,1.0,-122.0
1775836820.9965663,0.0,0.0,-123.0
1775836821.0065663,3.0,1.0,-121.0
1775836821.0165665,0.0,0.0,-122.0
1775836821.0265665,0.0,0.0,-119.0
1775836821.0365665,-4.0,-3.0,-112.0
1775836821.0465665,0.0,0.0,-114.0
1775836821.0565665,0.0,0.0,-113.0
1775836821.0665665,4.0,-1.0,-121.0
1775836821.0765665,5.0,-6.0,-125.0
1775836821.0865664,3.0,-6.0,-122.0
1775836821.096567,4.0,-4.0,-119.0
1775836821.106567,1.0,-4.0,-115.0
1775836821.116567,2.0,-3.0,-121.0
1775836821.1265666,1.0,-4.0,-118.0
1775836821.1365666,4.0,-5.0,-113.0
1775836821.1465666,6.0,-6.0,-121.0
1775836821.1565666,6.0,-5.0,-116.0
1775836821.1665666,-1.0,-5.0,-116.0
1775836821.1765666,0.0,-5.0,-117.0
1775836821.1865666,0.0,-3.0,-116.0
1775836821.1965666,-1.0,-3.0,-119.0
1775836821.2065666,-1.0,-4.0,-120.0
1775836821.2165666,6.0,0.0,-119.0
1775836821.2265666,9.0,1.0,-123.0
1775836821.2365663,8.0,3.0,-124.0
1775836821.2465663,9.0,4.0,-123.0
1775836821.2565663,5.0,1.0,-126.0
1775836821.2665665,4.0,1.0,-118.0
1775836821.2765665,2.0,1.0,-112.0
1775836821.2865665,1.0,0.0,-107.0
1775836821.2965665,1.0,0.0,-112.0
1775836821.3065665,2.0,-2.0,-114.0
1775836821.3165665,7.0,-6.0,-111.0
1775836821.3265665,8.0,-3.0,-114.0
1775836821.3365664,6.0,-7.0,-124.0
1775836821.346567,5.0,-4.0,-119.0
1775836821.356567,6.0,-3.0,-121.0
1775836821.366567,3.0,0.0,-115.0
1775836821.3765666,3.0,1.0,-117.0
1775836821.3865666,3.0,1.0,-115.0
1775836821.3965666,-3.0,5.0,-118.0
1775836821.4065666,-4.0,4.0,-120.0
1775836821.4165666,-1.0,-1.0,-123.0
1775836821.4265666,4.0,0.0,-124.0
1775836821.4365666,0.0,-3.0,-126.0
1775836821.4465666,-1.0,-3.0,-124.0
1775836821.4565666,-6.0,-8.0,-117.0
1775836821.4665666,-5.0,-9.0,-119.0
1775836821.4765666,-9.0,-7.0,-123.0
1775836821.4865663,-9.0,-1.0,-121.0
1775836821.4965663,-7.0,-2.0,-119.0
1775836821.5065663,-9.0,0.0,-118.0
1775836821.5165665,-10.0,3.0,-114.0
1775836821.5265665,-10.0,0.0,-117.0
1775836821.5365665,-6.0,-1.0,-117.0
1775836821.5465665,-3.0,0.0,-115.0
1775836821.5565665,-2.0,1.0,-112.0
1775836821.5665665,0.0,3.0,-113.0
1775836821.5765665,0.0,1.0,-114.0
1775836821.5865664,3.0,-1.0,-110.0
1775836821.596567,7.0,0.0,-108.0
1775836821.606567,4.0,-1.0,-107.0
1775836821.616567,3.0,1.0,-113.0
1775836821.6265666,7.0,3.0,-122.0
1775836821.6365666,4.0,2.0,-123.0
1775836821.6465666,2.0,3.0,-123.0
1775836821.6565666,5.0,-1.0,-129.0
1775836821.6665666,0.0,2.0,-125.0
1775836821.6765666,0.0,5.0,-121.0
1775836821.6865666,-3.0,7.0,-130.0
1775836821.6965666,3.0,10.0,-127.0
1775836821.7065666,0.0,14.0,-122.0
1775836821.7165666,0.0,8.0,-127.0
1775836821.7265666,-1.0,4.0,-127.0
1775836821.7365663,1.0,2.0,-127.0
1775836821.7465663,-9.0,2.0,-124.0
1775836821.7565663,-4.0,2.0,-117.0
1775836821.7665665,-2.0,2.0,-121.0
1775836821.7765665,-7.0,1.0,-124.0
1775836821.7865665,-7.0,-1.0,-115.0
1775836821.7965665,-9.0,-1.0,-111.0
1775836821.8065665,-10.0,-1.0,-109.0
1775836821.8165665,-8.0,1.0,-106.0
1775836821.8265665,-7.0,-1.0,-105.0
1775836821.8365664,-7.0,-4.0,-108.0
1775836821.846567,-6.0,-2.0,-114.0
1775836821.856567,-2.0,-3.0,-114.0
1775836821.866567,-1.0,-2.0,-118.0
1775836821.8765666,0.0,-2.0,-122.0
1775836821.8865666,-5.0,-1.0,-124.0
1775836821.8965666,-3.0,0.0,-122.0
1775836821.9065666,-1.0,2.0,-121.0
1775836821.9165666,2.0,6.0,-119.0
1775836821.9265666,6.0,5.0,-118.0
1775836821.9365666,3.0,7.0,-118.0
1775836821.9465666,1.0,8.0,-120.0
1775836821.9565666,-4.0,3.0,-121.0
1775836821.9665666,0.0,-1.0,-120.0
1775836821.9765666,0.0,-1.0,-122.0
1775836821.9865663,0.0,-1.0,-125.0
1775836821.9965663,1.0,0.0,-122.0
1775836822.0065663,6.0,0.0,-122.0
1775836822.0165665,9.0,-2.0,-121.0
1775836822.0265665,9.0,-5.0,-121.0
1775836822.0365665,10.0,-3.0,-114.0
1775836822.0465665,9.0,-5.0,-118.0
1775836822.0565665,8.0,-5.0,-114.0
1775836822.0665665,12.0,0.0,-116.0
1775836822.0765665,9.0,4.0,-114.0
1775836822.0865664,8.0,2.0,-115.0
1775836822.096567,6.0,5.0,-114.0
1775836822.106567,1.0,4.0,-120.0
1775836822.116567,0.0,4.0,-122.0
1775836822.1265666,-1.0,3.0,-116.0
1775836822.1365666,-3.0,-1.0,-117.0
1775836822.1465666,-1.0,-4.0,-126.0
1775836822.1565666,-4.0,-3.0,-122.0
1775836822.1665666,-1.0,-2.0,-120.0
1775836822.1765666,1.0,-3.0,-113.0
1775836822.1865666,1.0,-3.0,-116.0
1775836822.1965666,2.0,-2.0,-117.0
1775836822.2065666,0.0,0.0,-118.0
1775836822.2165666,-1.0,0.0,-119.0
1775836822.2265666,-2.0,1.0,-129.0
1775836822.2365663,0.0,2.0,-132.0
1775836822.2465663,0.0,-4.0,-130.0
1775836822.2565663,-3.0,-3.0,-130.0
1775836822.2665665,-2.0,-1.0,-122.0
1775836822.2765665,-3.0,0.0,-124.0
1775836822.2865665,-4.0,0.0,-124.0
1775836822.2965665,-3.0,-1.0,-121.0
1775836822.3065665,-3.0,0.0,-115.0
1775836822.3165665,-4.0,0.0,-116.0
1775836822.3265665,-4.0,-4.0,-120.0
1775836822.3365664,0.0,-4.0,-120.0
1775836822.346567,-2.0,-6.0,-116.0
1775836822.356567,0.0,-4.0,-107.0
1775836822.366567,-2.0,0.0,-112.0
1775836822.3765666,-2.0,1.0,-115.0
1775836822.3865666,-4.0,1.0,-120.0
1775836822.3965666,1.0,5.0,-124.0
1775836822.4065666,1.0,4.0,-127.0
1775836822.4165666,-1.0,3.0,-125.0
1775836822.4265666,-2.0,1.0,-128.0
1775836822.4365666,-6.0,4.0,-118.0
1775836822.4465666,0.0,5.0,-121.0
1775836822.4565666,-4.0,2.0,-129.0
1775836822.4665666,-1.0,2.0,-127.0
1775836822.4765666,0.0,3.0,-119.0
1775836822.4865663,-9.0,2.0,-127.0
1775836822.4965663,-10.0,2.0,-123.0
1775836822.5065663,-3.0,3.0,-119.0
1775836822.5165665,3.0,1.0,-119.0
1775836822.5265665,1.0,-4.0,-118.0
1775836822.5365665,0.0,-2.0,-114.0
1775836822.5465665,0.0,0.0,-113.0
1775836822.5565665,1.0,-3.0,-114.0
1775836822.5675666,0.0,-5.0,-116.0
1775836822.5765665,0.0,-8.0,-116.0
1775836822.5865664,-3.0,-11.0,-119.0
1775836822.596567,-7.0,-6.0,-116.0
1775836822.606567,-5.0,-6.0,-116.0
1775836822.616567,0.0,-7.0,-115.0
1775836822.6265666,0.0,-7.0,-118.0
1775836822.6365666,2.0,-2.0,-121.0
1775836822.6465666,3.0,0.0,-122.0
1775836822.6565666,7.0,-1.0,-119.0
1775836822.6665666,8.0,-2.0,-117.0
1775836822.6765666,6.0,0.0,-111.0
1775836822.6865666,11.0,0.0,-106.0
1775836822.6965666,8.0,-3.0,-105.0
1775836822.7065666,9.0,-4.0,-109.0
1775836822.7165666,7.0,-8.0,-112.0
1775836822.7265666,3.0,-6.0,-118.0
1775836822.7365663,5.0,-5.0,-115.0
1775836822.7465663,3.0,-7.0,-113.0
1775836822.7565663,4.0,-6.0,-115.0
1775836822.7665665,3.0,-5.0,-112.0
1775836822.7765665,0.0,-4.0,-115.0
1775836822.7865665,1.0,-1.0,-125.0
1775836822.7965665,0.0,0.0,-128.0
1775836822.8065665,-3.0,0.0,-132.0
1775836822.8165665,-6.0,-1.0,-127.0
1775836822.8265665,-5.0,1.0,-124.0
1775836822.8365664,-5.0,0.0,-125.0
1775836822.846567,-5.0,6.0,-127.0
1775836822.856567,-7.0,5.0,-123.0
1775836822.866567,-2.0,7.0,-122.0
1775836822.8765666,-1.0,0.0,-124.0
1775836822.8865666,-2.0,0.0,-120.0
1775836822.8965666,-6.0,0.0,-118.0
1775836822.9065666,-8.0,0.0,-122.0
1775836822.9165666,-4.0,-1.0,-120.0
1775836822.9265666,-1.0,2.0,-120.0
1775836822.9365666,-2.0,1.0,-121.0
1775836822.9465666,-4.0,3.0,-124.0
1775836822.9565666,-1.0,4.0,-124.0
1775836822.9665666,0.0,2.0,-118.0
1775836822.9765666,-2.0,4.0,-117.0
1775836822.9875665,-4.0,3.0,-114.0
1775836822.9965663,0.0,4.0,-113.0
1775836823.0075665,0.0,2.0,-117.0
1775836823.0175664,0.0,0.0,-115.0
1775836823.027567,3.0,0.0,-117.0
1775836823.037567,0.0,4.0,-118.0
1775836823.047567,0.0,4.0,-118.0
1775836823.0575666,0.0,1.0,-121.0
1775836823.0675666,1.0,0.0,-126.0
1775836823.0775666,-3.0,1.0,-128.0
1775836823.0875666,-1.0,-1.0,-125.0
1775836823.0975666,2.0,-2.0,-127.0
1775836823.1075666,0.0,-3.0,-129.0
1775836823.1175666,0.0,1.0,-127.0
1775836823.1275666,2.0,-1.0,-121.0
1775836823.1375666,5.0,-2.0,-123.0
1775836823.1475666,5.0,-1.0,-120.0
1775836823.1575663,5.0,-1.0,-128.0
1775836823.1675663,-1.0,-1.0,-125.0
1775836823.1775663,-6.0,-3.0,-126.0
1775836823.1875665,-7.0,-1.0,-124.0
1775836823.1975665,-5.0,-3.0,-131.0
1775836823.2075665,-5.0,-5.0,-125.0
1775836823.2175665,0.0,-4.0,-122.0
1775836823.2275665,0.0,-6.0,-124.0
1775836823.2375665,3.0,-5.0,-125.0
1775836823.2475665,-3.0,-6.0,-119.0
1775836823.2575665,-3.0,-5.0,-119.0
1775836823.2675664,-3.0,-3.0,-115.0
1775836823.277567,0.0,-7.0,-115.0
1775836823.287567,-2.0,-1.0,-117.0
1775836823.297567,-5.0,-1.0,-118.0
1775836823.3075666,-6.0,-1.0,-120.0
1775836823.3175666,-9.0,1.0,-118.0
1775836823.3275666,-4.0,3.0,-117.0
1775836823.3375666,-4.0,6.0,-117.0
1775836823.3475666,-5.0,0.0,-120.0
1775836823.3575666,-4.0,4.0,-120.0
1775836823.3675666,-3.0,6.0,-119.0
1775836823.3775666,0.0,4.0,-119.0
1775836823.3875666,-1.0,1.0,-114.0
1775836823.3975666,6.0,4.0,-118.0
1775836823.4075663,7.0,6.0,-117.0
1775836823.4175663,7.0,5.0,-119.0
1775836823.4275663,4.0,7.0,-127.0
1775836823.4375665,6.0,3.0,-121.0
1775836823.4475665,9.0,5.0,-120.0
1775836823.4575665,9.0,8.0,-121.0
1775836823.4675665,13.0,5.0,-122.0
1775836823.4775665,10.0,6.0,-122.0
1775836823.4875665,8.0,4.0,-123.0
1775836823.4975665,7.0,5.0,-120.0
1775836823.5075665,1.0,6.0,-124.0
1775836823.5175664,1.0,6.0,-118.0
1775836823.527567,0.0,3.0,-113.0
1775836823.537567,2.0,2.0,-111.0
1775836823.547567,-1.0,5.0,-110.0
1775836823.5575666,-2.0,2.0,-113.0
1775836823.5675666,-4.0,0.0,-113.0
1775836823.5775666,-2.0,4.0,-116.0
1775836823.5875666,-1.0,5.0,-121.0
1775836823.5975666,1.0,0.0,-123.0
1775836823.6075666,2.0,-2.0,-124.0
1775836823.6175666,0.0,1.0,-122.0
1775836823.6275666,-1.0,2.0,-121.0
1775836823.6375666,1.0,1.0,-118.0
1775836823.6475666,0.0,4.0,-120.0
1775836823.6575663,-1.0,3.0,-125.0
1775836823.6675663,3.0,2.0,-115.0
1775836823.6775663,3.0,0.0,-117.0
1775836823.6875665,0.0,2.0,-113.0
1775836823.6975665,1.0,-1.0,-113.0
1775836823.7075665,4.0,1.0,-109.0
1775836823.7175665,2.0,1.0,-114.0
1775836823.7275665,5.0,3.0,-112.0
1775836823.7375665,4.0,1.0,-116.0
1775836823.7475665,2.0,0.0,-119.0
1775836823.7575665,3.0,-2.0,-120.0
1775836823.7675664,2.0,-3.0,-124.0
1775836823.777567,1.0,0.0,-119.0
1775836823.787567,-2.0,-1.0,-117.0
1775836823.797567,-5.0,-4.0,-126.0
1775836823.8075666,-2.0,-3.0,-125.0
1775836823.8175666,0.0,-1.0,-128.0
1775836823.8275666,1.0,-2.0,-129.0
1775836823.8375666,1.0,0.0,-128.0
1775836823.8475666,-1.0,3.0,-123.0
1775836823.8575666,0.0,2.0,-121.0
1775836823.8675666,5.0,3.0,-115.0
1775836823.8775666,4.0,0.0,-117.0
1775836823.8875666,2.0,-4.0,-118.0
1775836823.8975666,0.0,-5.0,-119.0
1775836823.9075663,0.0,-5.0,-114.0
1775836823.9175663,2.0,-1.0,-114.0
1775836823.9275663,-2.0,-3.0,-113.0
1775836823.9375665,-2.0,-4.0,-120.0
1775836823.9475665,0.0,-4.0,-126.0
1775836823.9575665,1.0,-3.0,-127.0
1775836823.9675665,0.0,-1.0,-127.0
1775836823.9775665,3.0,1.0,-128.0
1775836823.9875665,0.0,1.0,-120.0
1775836823.9975665,7.0,-2.0,-119.0
1775836824.0075665,4.0,-2.0,-121.0
1775836824.0175664,5.0,-4.0,-123.0
1775836824.027567,4.0,-1.0,-124.0
1775836824.037567,1.0,5.0,-122.0
1775836824.047567,3.0,7.0,-124.0
1775836824.0575666,5.0,3.0,-128.0
1775836824.0675666,2.0,0.0,-125.0
1775836824.0775666,-3.0,0.0,-125.0
1775836824.0875666,-5.0,6.0,-119.0
1775836824.0975666,0.0,3.0,-115.0
1775836824.1075666,1.0,4.0,-113.0
1775836824.1175666,2.0,3.0,-112.0
1775836824.1275666,2.0,6.0,-110.0
1775836824.1375666,1.0,9.0,-114.0
1775836824.1475666,1.0,9.0,-114.0
1775836824.1575663,7.0,6.0,-119.0
1775836824.1675663,9.0,6.0,-122.0
1775836824.1775663,5.0,9.0,-124.0
1775836824.1875665,7.0,4.0,-123.0
1775836824.1975665,6.0,1.0,-123.0
1775836824.2075665,5.0,3.0,-120.0
1775836824.2175665,5.0,2.0,-121.0
1775836824.2275665,5.0,3.0,-117.0
1775836824.2375665,9.0,0.0,-117.0
1775836824.2475665,7.0,-3.0,-119.0
1775836824.2575665,0.0,-3.0,-120.0
1775836824.2675664,-3.0,1.0,-118.0
1775836824.277567,-5.0,2.0,-116.0
1775836824.287567,-1.0,0.0,-112.0
1775836824.297567,0.0,1.0,-123.0
1775836824.3075666,-2.0,2.0,-126.0
1775836824.3175666,0.0,0.0,-117.0
1775836824.3275666,1.0,0.0,-121.0
1775836824.3375666,2.0,-1.0,-128.0
1775836824.3475666,8.0,1.0,-135.0
1775836824.3575666,4.0,0.0,-137.0
1775836824.3675666,5.0,0.0,-130.0
1775836824.3775666,4.0,2.0,-125.0
1775836824.3875666,0.0,0.0,-128.0
1775836824.3975666,6.0,1.0,-125.0
1775836824.4075663,6.0,2.0,-120.0
1775836824.4175663,2.0,3.0,-123.0
1775836824.4275663,4.0,0.0,-129.0
1775836824.4375665,-1.0,0.0,-133.0
1775836824.4475665,-2.0,-2.0,-135.0
1775836824.4575665,0.0,-4.0,-133.0
1775836824.4675665,1.0,-3.0,-125.0
1775836824.4775665,1.0,-3.0,-120.0
1775836824.4875665,3.0,0.0,-114.0
1775836824.4975665,-1.0,0.0,-115.0
1775836824.5075665,0.0,-1.0,-119.0
1775836824.5175664,-2.0,0.0,-119.0
1775836824.527567,-4.0,3.0,-120.0
1775836824.537567,-7.0,5.0,-122.0
1775836824.547567,-4.0,1.0,-119.0
1775836824.5575666,0.0,6.0,-118.0
1775836824.5675666,-4.0,7.0,-118.0
1775836824.5775666,-4.0,3.0,-116.0
1775836824.5875666,-2.0,2.0,-112.0
1775836824.5975666,3.0,4.0,-111.0
1775836824.6075666,1.0,4.0,-116.0
1775836824.6175666,-1.0,7.0,-120.0
1775836824.6275666,0.0,10.0,-118.0
1775836824.6375666,-3.0,11.0,-120.0
1775836824.6475666,-7.0,10.0,-127.0
1775836824.6575663,-4.0,3.0,-128.0
1775836824.6675663,-2.0,2.0,-124.0
1775836824.6775663,0.0,-1.0,-127.0
1775836824.6875665,0.0,0.0,-133.0
1775836824.6975665,0.0,1.0,-135.0
1775836824.7075665,1.0,-1.0,-132.0
1775836824.7175665,2.0,-3.0,-130.0
1775836824.7275665,1.0,0.0,-125.0
1775836824.7375665,1.0,0.0,-127.0
1775836824.7475665,2.0,3.0,-131.0
1775836824.7575665,-2.0,6.0,-132.0
1775836824.7675664,3.0,3.0,-133.0
1775836824.777567,5.0,1.0,-127.0
1775836824.787567,3.0,0.0,-131.0
1775836824.797567,9.0,-1.0,-124.0
1775836824.8075666,11.0,-5.0,-122.0
1775836824.8175666,8.0,-5.0,-125.0
1775836824.8275666,3.0,-2.0,-115.0
1775836824.8375666,2.0,-2.0,-114.0
1775836824.8475666,5.0,0.0,-116.0
1775836824.8575666,6.0,0.0,-113.0
1775836824.8675666,4.0,-3.0,-116.0
1775836824.8775666,8.0,-1.0,-114.0
1775836824.8875666,6.0,0.0,-116.0
1775836824.8975666,15.0,1.0,-116.0
1775836824.9075663,11.0,0.0,-112.0
1775836824.9175663,10.0,0.0,-114.0
1775836824.9275663,8.0,-2.0,-119.0
1775836824.9375665,4.0,-6.0,-118.0
1775836824.9475665,2.0,0.0,-116.0
1775836824.9575665,0.0,-2.0,-115.0
1775836824.9675665,0.0,-4.0,-113.0
1775836824.9775665,0.0,-5.0,-116.0
1775836824.9875665,-2.0,-3.0,-119.0
1775836824.9975665,-1.0,-1.0,-126.0
1775836825.0075665,-5.0,0.0,-130.0
1775836825.0175664,-4.0,-1.0,-126.0
1775836825.027567,0.0,-1.0,-122.0
1775836825.037567,0.0,-1.0,-114.0
1775836825.047567,0.0,2.0,-113.0
1775836825.0575666,-2.0,4.0,-114.0
1775836825.0675666,-2.0,3.0,-115.0
1775836825.0775666,-4.0,0.0,-119.0
1775836825.0875666,-1.0,1.0,-129.0
1775836825.0975666,4.0,4.0,-131.0
1775836825.1075666,0.0,1.0,-130.0
1775836825.1175666,-4.0,2.0,-120.0
1775836825.1275666,-4.0,6.0,-120.0
1775836825.1375666,-5.0,7.0,-116.0
1775836825.1475666,-5.0,9.0,-119.0
1775836825.1585665,-8.0,3.0,-118.0
1775836825.1675663,-7.0,5.0,-118.0
1775836825.1775663,0.0,6.0,-118.0
1775836825.1885664,4.0,0.0,-117.0
1775836825.198567,7.0,0.0,-118.0
1775836825.208567,1.0,5.0,-127.0
1775836825.2175665,1.0,5.0,-122.0
1775836825.2285666,0.0,3.0,-127.0
1775836825.2385666,2.0,3.0,-126.0
1775836825.2485666,1.0,2.0,-118.0
1775836825.2585666,5.0,4.0,-123.0
1775836825.2685666,7.0,6.0,-121.0
1775836825.2785666,5.0,8.0,-126.0
1775836825.2885666,0.0,5.0,-121.0
1775836825.2985666,5.0,2.0,-121.0
1775836825.3085666,6.0,2.0,-121.0
1775836825.3185666,5.0,1.0,-124.0
1775836825.3285666,0.0,4.0,-124.0
1775836825.3385663,1.0,4.0,-130.0
1775836825.3485663,-1.0,5.0,-125.0
1775836825.3585663,-1.0,3.0,-123.0
1775836825.3685665,0.0,0.0,-119.0
1775836825.3785665,-4.0,1.0,-119.0
1775836825.3885665,-3.0,4.0,-124.0
1775836825.3985665,-8.0,4.0,-126.0
1775836825.4085665,-8.0,1.0,-123.0
1775836825.4185665,-5.0,-4.0,-124.0
1775836825.4285665,-8.0,-5.0,-121.0
1775836825.4385664,-6.0,-5.0,-121.0
1775836825.448567,-6.0,-4.0,-122.0
1775836825.458567,-3.0,-2.0,-118.0
1775836825.468567,-1.0,-2.0,-111.0
1775836825.4785666,0.0,-5.0,-110.0
1775836825.4885666,2.0,-5.0,-113.0
1775836825.4985666,3.0,-9.0,-119.0
1775836825.5085666,2.0,-11.0,-120.0
1775836825.5185666,-1.0,-7.0,-119.0
1775836825.5285666,-1.0,-5.0,-121.0
1775836825.5385666,-5.0,-5.0,-125.0
1775836825.5485666,-2.0,-6.0,-130.0
1775836825.5585666,-3.0,-3.0,-131.0
1775836825.5685666,-7.0,0.0,-124.0
1775836825.5785666,-9.0,0.0,-118.0
1775836825.5885663,-5.0,-2.0,-116.0
1775836825.5985663,-2.0,-1.0,-115.0
1775836825.6085663,-4.0,0.0,-109.0
1775836825.6185665,-3.0,0.0,-116.0
1775836825.6285665,-5.0,1.0,-121.0
1775836825.6385665,-3.0,-1.0,-119.0
1775836825.6485665,-2.0,-4.0,-125.0
1775836825.6585665,0.0,0.0,-131.0
1775836825.6685665,1.0,0.0,-126.0
1775836825.6785665,3.0,-1.0,-124.0
1775836825.6885664,4.0,-3.0,-127.0
1775836825.698567,1.0,0.0,-123.0
1775836825.708567,2.0,10.0,-125.0
1775836825.718567,0.0,7.0,-125.0
1775836825.7285666,1.0,2.0,-115.0
1775836825.7385666,0.0,-1.0,-115.0
1775836825.7485666,-1.0,0.0,-119.0
1775836825.7585666,1.0,-1.0,-123.0
1775836825.7685666,6.0,0.0,-121.0
1775836825.7785666,7.0,0.0,-123.0
1775836825.7885666,7.0,-1.0,-128.0
1775836825.7985666,7.0,0.0,-124.0
1775836825.8085666,1.0,-5.0,-118.0
1775836825.8185666,0.0,-6.0,-119.0
1775836825.8285666,0.0,-10.0,-122.0
1775836825.8385663,0.0,-6.0,-124.0
1775836825.8485663,-1.0,-4.0,-126.0
1775836825.8585663,3.0,-2.0,-127.0
1775836825.8685665,3.0,-3.0,-127.0
1775836825.8785665,1.0,-2.0,-117.0
1775836825.8885665,5.0,0.0,-120.0
1775836825.8985665,2.0,-3.0,-124.0
1775836825.9085665,4.0,0.0,-113.0
1775836825.9185665,3.0,0.0,-114.0
1775836825.9285665,7.0,-3.0,-110.0
1775836825.9385664,7.0,0.0,-113.0
1775836825.948567,2.0,1.0,-118.0
1775836825.958567,3.0,2.0,-120.0
1775836825.968567,5.0,2.0,-128.0
1775836825.9785666,4.0,0.0,-135.0
1775836825.9885666,5.0,2.0,-137.0
1775836825.9985666,6.0,-1.0,-137.0
1775836826.0085666,2.0,-2.0,-133.0
1775836826.0185666,1.0,0.0,-129.0
1775836826.0285666,2.0,0.0,-126.0
1775836826.0385666,0.0,0.0,-122.0
1775836826.0485666,-1.0,-1.0,-120.0
1775836826.0585666,0.0,0.0,-115.0
1775836826.0685666,1.0,4.0,-117.0
1775836826.0785666,5.0,3.0,-121.0
1775836826.0885663,1.0,3.0,-125.0
1775836826.0985663,1.0,2.0,-122.0
1775836826.1085663,0.0,0.0,-115.0
1775836826.1185665,-1.0,0.0,-116.0
1775836826.1285665,0.0,1.0,-120.0
1775836826.1385665,-2.0,6.0,-120.0
1775836826.1485665,0.0,3.0,-124.0
1775836826.1585665,2.0,2.0,-118.0
1775836826.1685665,3.0,0.0,-119.0
1775836826.1785665,4.0,-1.0,-125.0
1775836826.1885664,5.0,-1.0,-124.0
1775836826.198567,2.0,0.0,-124.0
1775836826.208567,2.0,-2.0,-123.0
1775836826.218567,3.0,-2.0,-121.0
1775836826.2285666,-2.0,-3.0,-115.0
1775836826.2385666,-5.0,-2.0,-119.0
1775836826.2485666,-4.0,0.0,-116.0
1775836826.2585666,-4.0,0.0,-120.0
1775836826.2685666,-1.0,-3.0,-115.0
1775836826.2785666,-4.0,0.0,-117.0
1775836826.2885666,-1.0,4.0,-124.0
1775836826.2985666,-1.0,5.0,-128.0
1775836826.3085666,1.0,0.0,-128.0
1775836826.3185666,3.0,1.0,-128.0
1775836826.3285666,3.0,4.0,-126.0
1775836826.3385663,4.0,3.0,-117.0
1775836826.3485663,5.0,5.0,-118.0
1775836826.3585663,3.0,7.0,-120.0
1775836826.3685665,5.0,3.0,-120.0
1775836826.3785665,5.0,1.0,-123.0
1775836826.3885665,1.0,-3.0,-120.0
1775836826.3985665,1.0,-5.0,-125.0
1775836826.4085665,1.0,-7.0,-124.0
1775836826.4185665,0.0,-9.0,-123.0
1775836826.4285665,-4.0,-4.0,-120.0
1775836826.4385664,-3.0,0.0,-125.0
1775836826.448567,-1.0,-3.0,-121.0
1775836826.458567,0.0,-6.0,-117.0
1775836826.468567,3.0,-5.0,-121.0
1775836826.4785666,8.0,-5.0,-124.0
1775836826.4885666,7.0,-3.0,-121.0
1775836826.4985666,6.0,-3.0,-125.0
1775836826.5085666,6.0,-4.0,-129.0
1775836826.5185666,8.0,-5.0,-123.0
1775836826.5285666,7.0,1.0,-123.0
1775836826.5385666,9.0,3.0,-121.0
1775836826.5485666,2.0,1.0,-115.0
1775836826.5585666,1.0,7.0,-118.0
1775836826.5685666,1.0,7.0,-114.0
1775836826.5785666,0.0,5.0,-115.0
1775836826.5885663,0.0,5.0,-116.0
1775836826.5985663,2.0,5.0,-121.0
1775836826.6085663,4.0,3.0,-117.0
1775836826.6185665,1.0,2.0,-119.0
1775836826.6285665,2.0,0.0,-123.0
1775836826.6385665,1.0,0.0,-129.0
1775836826.6485665,0.0,2.0,-127.0
1775836826.6585665,2.0,7.0,-119.0
1775836826.6685665,0.0,4.0,-122.0
1775836826.6785665,-1.0,2.0,-123.0
1775836826.6885664,-1.0,6.0,-124.0
1775836826.698567,0.0,7.0,-119.0
1775836826.708567,-4.0,9.0,-123.0
1775836826.718567,-3.0,7.0,-128.0
1775836826.7285666,-2.0,3.0,-130.0
1775836826.7385666,0.0,3.0,-128.0
1775836826.7485666,3.0,4.0,-129.0
1775836826.7585666,2.0,4.0,-128.0
1775836826.7685666,-7.0,1.0,-126.0
1775836826.7785666,-5.0,1.0,-128.0
1775836826.7885666,-2.0,1.0,-121.0
1775836826.7985666,1.0,-1.0,-121.0
1775836826.8085666,4.0,-1.0,-117.0
1775836826.8185666,5.0,2.0,-117.0
1775836826.8285666,4.0,2.0,-116.0
1775836826.8385663,0.0,2.0,-116.0
1775836826.8485663,-3.0,6.0,-111.0
1775836826.8585663,0.0,3.0,-112.0
1775836826.8685665,0.0,1.0,-117.0
1775836826.8785665,-1.0,2.0,-116.0
1775836826.8885665,-1.0,0.0,-119.0
1775836826.8985665,-4.0,0.0,-125.0
1775836826.9085665,-3.0,0.0,-124.0
1775836826.9185665,-4.0,-2.0,-124.0
1775836826.9285665,-5.0,-4.0,-120.0
1775836826.9385664,-2.0,-4.0,-117.0
1775836826.948567,-1.0,-2.0,-111.0
1775836826.958567,1.0,-1.0,-114.0
1775836826.968567,0.0,-4.0,-118.0
1775836826.9785666,1.0,-3.0,-118.0
1775836826.9885666,0.0,-2.0,-124.0
1775836826.9985666,-4.0,-6.0,-124.0
1775836827.0085666,-3.0,-3.0,-125.0
1775836827.0185666,-2.0,-5.0,-123.0
1775836827.0285666,-4.0,-3.0,-124.0
1775836827.0385666,-1.0,-3.0,-121.0
1775836827.0485666,1.0,-4.0,-121.0
1775836827.0585666,5.0,-6.0,-122.0
1775836827.0685666,5.0,-3.0,-128.0
1775836827.0785666,6.0,-3.0,-120.0
1775836827.0885663,2.0,-8.0,-125.0
1775836827.0985663,3.0,-9.0,-126.0
1775836827.1085663,5.0,-4.0,-129.0
1775836827.1185665,8.0,-3.0,-124.0
1775836827.1285665,2.0,-6.0,-123.0
1775836827.1385665,2.0,-3.0,-126.0
1775836827.1485665,1.0,-2.0,-124.0
1775836827.1585665,3.0,0.0,-122.0
1775836827.1685665,1.0,0.0,-120.0
1775836827.1785665,0.0,-2.0,-118.0
1775836827.1885664,0.0,-3.0,-111.0
1775836827.198567,1.0,-2.0,-117.0
1775836827.208567,0.0,1.0,-121.0
1775836827.218567,1.0,-1.0,-122.0
1775836827.2285666,-1.0,0.0,-122.0
1775836827.2385666,0.0,0.0,-124.0
1775836827.2485666,1.0,0.0,-124.0
1775836827.2585666,0.0,2.0,-126.0
1775836827.2685666,0.0,4.0,-118.0
1775836827.2785666,0.0,0.0,-116.0
1775836827.2885666,1.0,-3.0,-112.0
1775836827.2985666,3.0,-4.0,-111.0
1775836827.3085666,2.0,-4.0,-107.0
1775836827.3185666,4.0,-1.0,-107.0
1775836827.3285666,0.0,0.0,-109.0
1775836827.3385663,2.0,0.0,-115.0
1775836827.3485663,3.0,1.0,-110.0
1775836827.3595665,3.0,1.0,-116.0
1775836827.3695664,4.0,4.0,-119.0
1775836827.3805666,8.0,6.0,-128.0
1775836827.389567,5.0,8.0,-130.0
1775836827.399567,2.0,7.0,-124.0
1775836827.4095666,2.0,9.0,-121.0
1775836827.4195666,6.0,12.0,-124.0
1775836827.4295666,5.0,11.0,-127.0
1775836827.4395666,2.0,7.0,-121.0
1775836827.4495666,5.0,6.0,-123.0
1775836827.4595666,2.0,8.0,-124.0
1775836827.4695666,5.0,2.0,-121.0
1775836827.4795666,2.0,6.0,-123.0
1775836827.4895666,5.0,2.0,-124.0
1775836827.4995666,5.0,1.0,-130.0
1775836827.5095663,3.0,0.0,-127.0
1775836827.5195663,0.0,4.0,-125.0
1775836827.5295663,-6.0,2.0,-126.0
1775836827.5395665,-6.0,5.0,-125.0
1775836827.5495665,-1.0,4.0,-123.0
1775836827.5595665,-3.0,3.0,-124.0
1775836827.5695665,-6.0,2.0,-124.0
1775836827.5795665,-6.0,3.0,-120.0
1775836827.5895665,-4.0,0.0,-122.0
1775836827.5995665,0.0,0.0,-125.0
1775836827.6095665,-1.0,2.0,-129.0
1775836827.6195664,0.0,3.0,-118.0
1775836827.629567,-1.0,5.0,-122.0
1775836827.639567,-2.0,5.0,-119.0
1775836827.649567,-8.0,5.0,-124.0
1775836827.6595666,-6.0,5.0,-128.0
1775836827.6695666,0.0,3.0,-124.0
1775836827.6795666,2.0,2.0,-122.0
1775836827.6895666,5.0,0.0,-118.0
1775836827.6995666,5.0,2.0,-118.0
1775836827.7095666,8.0,5.0,-106.0
1775836827.7195666,10.0,5.0,-108.0
1775836827.7295666,5.0,3.0,-108.0
1775836827.7395666,4.0,4.0,-108.0
1775836827.7495666,4.0,8.0,-107.0
1775836827.7595663,6.0,8.0,-108.0
1775836827.7695663,8.0,4.0,-109.0
1775836827.7795663,8.0,3.0,-120.0
1775836827.7895665,5.0,3.0,-120.0
1775836827.7995665,5.0,3.0,-116.0
1775836827.8095665,4.0,4.0,-113.0
1775836827.8195665,5.0,1.0,-112.0
1775836827.8295665,7.0,-4.0,-115.0
1775836827.8395665,4.0,-8.0,-111.0
1775836827.8495665,1.0,-3.0,-110.0
1775836827.8595665,1.0,-1.0,-113.0
1775836827.8695664,5.0,0.0,-117.0
1775836827.879567,1.0,6.0,-111.0
1775836827.889567,4.0,3.0,-112.0
1775836827.899567,7.0,4.0,-116.0
1775836827.9095666,6.0,1.0,-126.0
1775836827.9195666,4.0,5.0,-129.0
1775836827.9295666,3.0,5.0,-129.0
1775836827.9395666,4.0,3.0,-126.0
1775836827.9495666,0.0,1.0,-126.0
1775836827.9595666,-1.0,-1.0,-126.0
1775836827.9695666,3.0,-2.0,-118.0
1775836827.9795666,2.0,2.0,-117.0
1775836827.9895666,7.0,1.0,-115.0
1775836827.9995666,8.0,-1.0,-111.0
1775836828.0095663,3.0,-1.0,-115.0
1775836828.0195663,0.0,-1.0,-109.0
1775836828.0295663,0.0,0.0,-109.0
1775836828.0395665,-7.0,-2.0,-107.0
1775836828.0495665,-6.0,-3.0,-109.0
1775836828.0595665,-6.0,-6.0,-111.0
1775836828.0695665,-4.0,-2.0,-109.0
1775836828.0795665,-3.0,0.0,-100.0
1775836828.0895665,0.0,3.0,-105.0
1775836828.0995665,4.0,0.0,-108.0
1775836828.1095665,3.0,0.0,-107.0
1775836828.1195664,1.0,0.0,-112.0
1775836828.129567,4.0,0.0,-118.0
1775836828.139567,3.0,1.0,-124.0
1775836828.149567,3.0,0.0,-117.0
1775836828.1595666,4.0,1.0,-114.0
1775836828.1695666,3.0,-1.0,-113.0
1775836828.1795666,5.0,-5.0,-112.0
1775836828.1895666,7.0,-2.0,-110.0
1775836828.1995666,5.0,0.0,-116.0
1775836828.2095666,5.0,1.0,-123.0
1775836828.2195666,9.0,4.0,-125.0
1775836828.2295666,3.0,3.0,-125.0
1775836828.2395666,0.0,3.0,-125.0
1775836828.2495666,8.0,2.0,-123.0
1775836828.2595663,6.0,1.0,-119.0
1775836828.2695663,5.0,-1.0,-119.0
1775836828.2795663,3.0,1.0,-127.0
1775836828.2895665,3.0,2.0,-129.0
1775836828.2995665,4.0,5.0,-127.0
1775836828.3095665,0.0,5.0,-127.0
1775836828.3195665,1.0,8.0,-127.0
1775836828.3295665,2.0,3.0,-125.0
1775836828.3395665,1.0,3.0,-123.0
1775836828.3495665,-2.0,0.0,-129.0
1775836828.3595665,-3.0,-4.0,-124.0
1775836828.3695664,-4.0,0.0,-123.0
1775836828.379567,-3.0,-1.0,-125.0
1775836828.389567,1.0,-1.0,-128.0
1775836828.399567,2.0,2.0,-125.0
1775836828.4095666,0.0,3.0,-127.0
1775836828.4195666,0.0,3.0,-126.0
1775836828.4295666,2.0,2.0,-120.0
1775836828.4395666,1.0,-3.0,-115.0
1775836828.4495666,1.0,-1.0,-123.0
1775836828.4595666,0.0,0.0,-126.0
1775836828.4695666,1.0,-5.0,-123.0
1775836828.4795666,2.0,-4.0,-121.0
1775836828.4895666,2.0,1.0,-118.0
1775836828.4995666,2.0,4.0,-117.0
1775836828.5095663,4.0,4.0,-117.0
1775836828.5195663,1.0,1.0,-118.0
1775836828.5295663,5.0,-1.0,-116.0
1775836828.5395665,2.0,0.0,-124.0
1775836828.5495665,0.0,0.0,-117.0
1775836828.5595665,0.0,-1.0,-121.0
1775836828.5695665,-6.0,-1.0,-122.0
1775836828.5795665,-5.0,1.0,-130.0
1775836828.5895665,-5.0,-2.0,-138.0
1775836828.5995665,-6.0,-1.0,-138.0
1775836828.6095665,-4.0,0.0,-142.0
1775836828.6195664,-4.0,0.0,-139.0
1775836828.629567,-1.0,-2.0,-134.0
1775836828.639567,0.0,0.0,-133.0
1775836828.649567,1.0,0.0,-135.0
1775836828.6595666,0.0,0.0,-134.0
1775836828.6695666,0.0,0.0,-128.0
1775836828.6795666,1.0,2.0,-126.0
1775836828.6895666,1.0,1.0,-125.0
1775836828.6995666,2.0,4.0,-123.0
1775836828.7095666,4.0,1.0,-122.0
1775836828.7195666,7.0,3.0,-121.0
1775836828.7295666,8.0,2.0,-127.0
1775836828.7395666,7.0,-3.0,-134.0
1775836828.7495666,3.0,-3.0,-134.0
1775836828.7595663,0.0,-5.0,-133.0
1775836828.7695663,-2.0,-4.0,-129.0
1775836828.7795663,1.0,-2.0,-126.0
1775836828.7895665,8.0,2.0,-125.0
1775836828.7995665,0.0,3.0,-120.0
1775836828.8095665,-2.0,1.0,-112.0
1775836828.8195665,-6.0,0.0,-119.0
1775836828.8295665,-3.0,-3.0,-115.0
1775836828.8395665,-3.0,0.0,-115.0
1775836828.8495665,-1.0,1.0,-115.0
1775836828.8595665,-2.0,1.0,-114.0
1775836828.8695664,0.0,1.0,-116.0
1775836828.879567,1.0,4.0,-114.0
1775836828.889567,0.0,1.0,-106.0
1775836828.899567,-1.0,1.0,-110.0
1775836828.9095666,1.0,2.0,-113.0
1775836828.9195666,5.0,1.0,-113.0
1775836828.9295666,6.0,2.0,-114.0
1775836828.9395666,7.0,0.0,-118.0
1775836828.9495666,2.0,-5.0,-121.0
1775836828.9595666,3.0,-4.0,-114.0
1775836828.9695666,3.0,-2.0,-113.0
1775836828.9795666,5.0,-4.0,-114.0
1775836828.9895666,5.0,-3.0,-112.0
1775836828.9995666,3.0,-6.0,-114.0
1775836829.0095663,4.0,-1.0,-115.0
1775836829.0195663,6.0,-2.0,-117.0
1775836829.0295663,2.0,-6.0,-121.0
1775836829.0395665,3.0,-9.0,-123.0
1775836829.0495665,2.0,-6.0,-122.0
1775836829.0595665,0.0,-7.0,-118.0
1775836829.0695665,0.0,-7.0,-111.0
1775836829.0795665,3.0,-3.0,-113.0
1775836829.0895665,5.0,-2.0,-117.0
1775836829.0995665,2.0,2.0,-121.0
1775836829.1095665,-2.0,0.0,-118.0
1775836829.1195664,-4.0,0.0,-117.0
1775836829.129567,-3.0,-2.0,-118.0
1775836829.139567,-4.0,-2.0,-123.0
1775836829.149567,-2.0,0.0,-122.0
1775836829.1595666,0.0,0.0,-127.0
1775836829.1695666,2.0,3.0,-132.0
1775836829.1795666,-1.0,-1.0,-125.0
1775836829.1895666,2.0,-3.0,-120.0
1775836829.1995666,4.0,-4.0,-117.0
1775836829.2095666,1.0,-5.0,-113.0
1775836829.2195666,4.0,-5.0,-105.0
1775836829.2295666,0.0,-3.0,-104.0
1775836829.2395666,-5.0,-5.0,-107.0
1775836829.2495666,0.0,-2.0,-112.0
1775836829.2595663,1.0,-1.0,-115.0
1775836829.2695663,2.0,0.0,-112.0
1775836829.2795663,3.0,-2.0,-117.0
1775836829.2895665,7.0,-2.0,-116.0
1775836829.2995665,8.0,0.0,-116.0
1775836829.3095665,8.0,-3.0,-118.0
1775836829.3195665,4.0,0.0,-113.0
1775836829.3295665,7.0,-3.0,-123.0
1775836829.3395665,5.0,-3.0,-123.0
1775836829.3495665,6.0,-3.0,-119.0
1775836829.3595665,0.0,-4.0,-114.0
1775836829.3695664,0.0,-5.0,-112.0
1775836829.379567,1.0,-6.0,-111.0
1775836829.389567,0.0,-2.0,-112.0
1775836829.399567,3.0,0.0,-117.0
1775836829.4095666,4.0,-1.0,-117.0
1775836829.4195666,1.0,0.0,-121.0
1775836829.4295666,0.0,-1.0,-123.0
1775836829.4395666,0.0,0.0,-115.0
1775836829.4495666,2.0,-1.0,-116.0
1775836829.4595666,1.0,-3.0,-118.0
1775836829.4695666,1.0,-2.0,-121.0
1775836829.4795666,-2.0,0.0,-122.0
1775836829.4895666,0.0,-2.0,-122.0
1775836829.4995666,-5.0,-2.0,-118.0
1775836829.5095663,0.0,0.0,-119.0
1775836829.5195663,2.0,0.0,-117.0
1775836829.5295663,2.0,0.0,-110.0
1775836829.5395665,0.0,0.0,-113.0
1775836829.5495665,0.0,-2.0,-115.0
1775836829.560567,0.0,-1.0,-110.0
1775836829.570567,0.0,0.0,-104.0
1775836829.5805666,0.0,2.0,-102.0
1775836829.5905666,-1.0,4.0,-97.0
1775836829.6005666,-1.0,4.0,-105.0
1775836829.6105666,1.0,7.0,-108.0
1775836829.6205666,3.0,4.0,-113.0
1775836829.6305666,2.0,0.0,-113.0
1775836829.6405666,7.0,0.0,-118.0
1775836829.6505666,7.0,2.0,-118.0
1775836829.6605666,5.0,2.0,-106.0
1775836829.6705666,3.0,0.0,-113.0
1775836829.6805663,2.0,0.0,-118.0
1775836829.6905663,4.0,-1.0,-118.0
1775836829.7005663,7.0,0.0,-115.0
1775836829.7105663,3.0,0.0,-112.0
1775836829.7205665,3.0,0.0,-107.0
1775836829.7305665,5.0,2.0,-106.0
1775836829.7405665,3.0,3.0,-110.0
1775836829.7505665,1.0,3.0,-113.0
1775836829.7605665,5.0,2.0,-111.0
1775836829.7705665,8.0,3.0,-113.0
1775836829.7805665,11.0,1.0,-115.0
1775836829.7905664,11.0,2.0,-118.0
1775836829.800567,12.0,0.0,-117.0
1775836829.810567,10.0,3.0,-120.0
1775836829.820567,7.0,4.0,-125.0
1775836829.8305666,6.0,0.0,-121.0
1775836829.8405666,-1.0,1.0,-120.0
1775836829.8505666,-4.0,0.0,-118.0
1775836829.8605666,-8.0,0.0,-119.0
1775836829.8705666,-4.0,-4.0,-116.0
1775836829.8805666,-6.0,-1.0,-114.0
1775836829.8905666,-2.0,0.0,-111.0
1775836829.9005666,2.0,0.0,-112.0
1775836829.9105666,1.0,3.0,-107.0
1775836829.9205666,3.0,3.0,-109.0
1775836829.9305663,0.0,5.0,-117.0
1775836829.9405663,-2.0,5.0,-119.0
1775836829.9505663,0.0,5.0,-114.0
1775836829.9605663,0.0,5.0,-111.0
1775836829.9705665,-1.0,6.0,-120.0
1775836829.9805665,2.0,3.0,-116.0
1775836829.9905665,6.0,0.0,-121.0
1775836830.0005665,5.0,0.0,-124.0
1775836830.0105665,4.0,-5.0,-129.0
1775836830.0205665,2.0,-1.0,-123.0
1775836830.0305665,6.0,0.0,-125.0
1775836830.0405664,5.0,0.0,-135.0
1775836830.050567,4.0,2.0,-133.0
1775836830.060567,-1.0,0.0,-125.0
1775836830.070567,0.0,-2.0,-128.0
1775836830.0805666,2.0,0.0,-133.0
1775836830.0905666,0.0,0.0,-127.0
1775836830.1005666,-1.0,-3.0,-133.0
1775836830.1105666,-3.0,-2.0,-128.0
1775836830.1205666,-1.0,0.0,-121.0
1775836830.1305666,-3.0,5.0,-118.0
1775836830.1405666,-3.0,4.0,-119.0
1775836830.1505666,-2.0,0.0,-117.0
1775836830.1605666,2.0,0.0,-115.0
1775836830.1705666,4.0,0.0,-119.0
1775836830.1805663,5.0,0.0,-119.0
1775836830.1905663,10.0,-3.0,-123.0
1775836830.2005663,4.0,-5.0,-125.0
1775836830.2105663,3.0,-8.0,-133.0
1775836830.2205665,7.0,-8.0,-127.0
1775836830.2305665,9.0,-9.0,-122.0
1775836830.2405665,10.0,-6.0,-117.0
1775836830.2505665,8.0,-4.0,-119.0
1775836830.2605665,8.0,-3.0,-121.0
1775836830.2705665,5.0,-1.0,-122.0
1775836830.2805665,0.0,-2.0,-114.0
1775836830.2905664,0.0,-2.0,-116.0
1775836830.300567,-1.0,1.0,-117.0
1775836830.310567,3.0,0.0,-114.0
1775836830.320567,1.0,0.0,-110.0
1775836830.3305666,4.0,1.0,-112.0
1775836830.3405666,-1.0,0.0,-116.0
1775836830.3505666,-4.0,1.0,-116.0
1775836830.3605666,0.0,0.0,-121.0
1775836830.3705666,-4.0,2.0,-122.0
1775836830.3805666,-3.0,5.0,-128.0
1775836830.3905666,-4.0,3.0,-128.0
1775836830.4005666,0.0,0.0,-129.0
1775836830.4105666,2.0,-5.0,-132.0
1775836830.4205666,2.0,-4.0,-132.0
1775836830.4305663,0.0,0.0,-132.0
1775836830.4405663,-2.0,-1.0,-126.0
1775836830.4505663,-2.0,-5.0,-124.0
1775836830.4605663,2.0,-7.0,-128.0
1775836830.4705665,1.0,-5.0,-127.0
1775836830.4805665,0.0,-3.0,-123.0
1775836830.4905665,0.0,-2.0,-119.0
1775836830.5005665,0.0,-3.0,-120.0
1775836830.5105665,-1.0,0.0,-126.0
1775836830.5205665,-2.0,0.0,-121.0
1775836830.5305665,-5.0,-2.0,-123.0
1775836830.5405664,-6.0,0.0,-119.0
1775836830.550567,-12.0,2.0,-122.0
1775836830.560567,-9.0,0.0,-120.0
1775836830.570567,-3.0,0.0,-123.0
1775836830.5805666,0.0,0.0,-119.0
1775836830.5905666,1.0,-4.0,-118.0
1775836830.6005666,5.0,-2.0,-125.0
1775836830.6105666,2.0,-1.0,-127.0
1775836830.6205666,1.0,-1.0,-127.0
1775836830.6305666,0.0,1.0,-124.0
1775836830.6405666,0.0,2.0,-125.0
1775836830.6505666,1.0,0.0,-125.0
1775836830.6605666,2.0,5.0,-129.0
1775836830.6705666,4.0,3.0,-131.0
1775836830.6805663,3.0,-3.0,-128.0
1775836830.6905663,3.0,-4.0,-132.0
1775836830.7005663,12.0,-5.0,-133.0
1775836830.7105663,11.0,-5.0,-130.0
1775836830.7205665,12.0,-5.0,-123.0
1775836830.7305665,7.0,-4.0,-124.0
1775836830.7405665,7.0,-5.0,-123.0
1775836830.7505665,9.0,-4.0,-125.0
1775836830.7605665,9.0,0.0,-122.0
1775836830.7705665,7.0,3.0,-110.0
1775836830.7805665,0.0,1.0,-110.0
1775836830.7905664,2.0,-2.0,-106.0
1775836830.800567,-3.0,-6.0,-111.0
1775836830.810567,-4.0,0.0,-114.0
1775836830.820567,-2.0,0.0,-119.0
1775836830.8305666,1.0,-3.0,-117.0
1775836830.8405666,0.0,0.0,-121.0
1775836830.8505666,0.0,0.0,-117.0
1775836830.8605666,3.0,0.0,-120.0
1775836830.8705666,1.0,0.0,-118.0
1775836830.8805666,-1.0,-5.0,-119.0
1775836830.8905666,-1.0,-7.0,-121.0
1775836830.9005666,-1.0,-2.0,-124.0
1775836830.9105666,-1.0,5.0,-121.0
1775836830.9205666,2.0,4.0,-115.0
1775836830.9305663,0.0,-1.0,-114.0
1775836830.9405663,-4.0,-2.0,-115.0
1775836830.9505663,-2.0,-2.0,-116.0
1775836830.9605663,1.0,-4.0,-118.0
1775836830.9705665,3.0,-3.0,-119.0
1775836830.9805665,4.0,-2.0,-121.0
1775836830.9905665,4.0,-3.0,-118.0
1775836831.0005665,0.0,0.0,-119.0
1775836831.0105665,-2.0,3.0,-121.0
1775836831.0205665,0.0,5.0,-123.0
1775836831.0305665,-1.0,3.0,-125.0
1775836831.0405664,0.0,3.0,-126.0
1775836831.050567,6.0,0.0,-123.0
1775836831.060567,3.0,2.0,-116.0
1775836831.070567,4.0,3.0,-121.0
1775836831.0805666,2.0,-1.0,-128.0
1775836831.0905666,0.0,2.0,-127.0
1775836831.1005666,-1.0,0.0,-132.0
1775836831.1105666,1.0,3.0,-125.0
1775836831.1205666,2.0,0.0,-129.0
1775836831.1305666,1.0,0.0,-131.0
1775836831.1405666,1.0,-1.0,-130.0
1775836831.1505666,2.0,-4.0,-132.0
1775836831.1605666,3.0,-8.0,-128.0
1775836831.1705666,3.0,-7.0,-129.0
1775836831.1805663,1.0,-4.0,-125.0
1775836831.1905663,-3.0,-2.0,-122.0
1775836831.2005663,-3.0,-3.0,-123.0
1775836831.2105663,-4.0,-7.0,-117.0
1775836831.2205665,-2.0,-5.0,-117.0
1775836831.2305665,-4.0,-5.0,-119.0
1775836831.2405665,-2.0,-2.0,-123.0
1775836831.2505665,-4.0,0.0,-128.0
1775836831.2605665,-6.0,-3.0,-127.0
1775836831.2705665,-6.0,-3.0,-128.0
1775836831.2805665,-2.0,-3.0,-132.0
1775836831.2905664,-5.0,-1.0,-130.0
1775836831.300567,-2.0,-4.0,-130.0
1775836831.310567,-1.0,-5.0,-130.0
1775836831.320567,0.0,-3.0,-127.0
1775836831.3305666,-2.0,0.0,-125.0
1775836831.3405666,-2.0,2.0,-126.0
1775836831.3505666,0.0,1.0,-119.0
1775836831.3605666,-1.0,-1.0,-125.0
1775836831.3705666,0.0,-1.0,-126.0
1775836831.3805666,-2.0,2.0,-116.0
1775836831.3905666,-4.0,-1.0,-112.0
1775836831.4005666,-1.0,-1.0,-117.0
1775836831.4105666,-1.0,1.0,-120.0
1775836831.4205666,1.0,0.0,-124.0
1775836831.4305663,1.0,1.0,-121.0
1775836831.4405663,1.0,2.0,-120.0
1775836831.4505663,3.0,1.0,-123.0
1775836831.4605663,0.0,0.0,-119.0
1775836831.4705665,-1.0,-1.0,-122.0
1775836831.4805665,0.0,-1.0,-116.0
1775836831.4905665,3.0,0.0,-112.0
1775836831.5005665,5.0,-1.0,-115.0
1775836831.5105665,5.0,0.0,-116.0
1775836831.5205665,3.0,-3.0,-117.0
1775836831.5305665,4.0,-4.0,-117.0
1775836831.5405664,1.0,-2.0,-122.0
1775836831.550567,3.0,-6.0,-122.0
1775836831.560567,6.0,-3.0,-114.0
1775836831.570567,7.0,0.0,-112.0
1775836831.5805666,1.0,-3.0,-119.0
1775836831.5905666,3.0,-1.0,-114.0
1775836831.6005666,9.0,0.0,-113.0
1775836831.6105666,13.0,-2.0,-112.0
1775836831.6205666,12.0,-2.0,-110.0
1775836831.6305666,10.0,-2.0,-112.0
1775836831.6405666,10.0,-2.0,-121.0
1775836831.6505666,4.0,-2.0,-114.0
1775836831.6605666,0.0,-3.0,-111.0
1775836831.6705666,1.0,-2.0,-112.0
1775836831.6815665,0.0,0.0,-114.0
1775836831.6905663,2.0,0.0,-113.0
1775836831.7005663,4.0,0.0,-113.0
1775836831.7105663,1.0,-1.0,-117.0
1775836831.7205665,3.0,0.0,-118.0
1775836831.7305665,-1.0,2.0,-120.0
1775836831.7405665,0.0,0.0,-114.0
1775836831.7515666,-4.0,0.0,-117.0
1775836831.7605665,-6.0,0.0,-122.0
1775836831.7715666,-3.0,2.0,-130.0
1775836831.7805665,0.0,-3.0,-134.0
1775836831.7915666,1.0,-4.0,-133.0
1775836831.8015666,4.0,-2.0,-124.0
1775836831.8115666,1.0,-3.0,-124.0
1775836831.8215666,1.0,-9.0,-127.0
1775836831.8315666,-2.0,-6.0,-115.0
1775836831.8415666,0.0,-2.0,-116.0
1775836831.8515666,4.0,-4.0,-115.0
1775836831.8615663,-2.0,0.0,-120.0
1775836831.8715663,0.0,0.0,-120.0
1775836831.8815663,-1.0,0.0,-121.0
1775836831.8915665,0.0,-1.0,-121.0
1775836831.9015665,2.0,-2.0,-128.0
1775836831.9115665,0.0,-5.0,-127.0
1775836831.9215665,0.0,-1.0,-123.0
1775836831.9315665,-1.0,0.0,-117.0
1775836831.9415665,1.0,0.0,-116.0
1775836831.9515665,0.0,-1.0,-118.0
1775836831.9615664,-4.0,0.0,-121.0
1775836831.971567,-1.0,0.0,-123.0
1775836831.981567,0.0,3.0,-124.0
1775836831.991567,4.0,3.0,-123.0
1775836832.0015666,3.0,3.0,-128.0
1775836832.0115666,7.0,0.0,-126.0
1775836832.0215666,2.0,6.0,-127.0
1775836832.0315666,0.0,8.0,-131.0
1775836832.0415666,-3.0,9.0,-131.0
1775836832.0515666,-4.0,8.0,-124.0
1775836832.0615666,-5.0,5.0,-121.0
1775836832.0715666,-3.0,5.0,-123.0
1775836832.0815666,-1.0,6.0,-124.0
1775836832.0915666,-1.0,6.0,-124.0
1775836832.1015666,-2.0,7.0,-130.0
1775836832.1115663,0.0,5.0,-134.0
1775836832.1215663,4.0,4.0,-140.0
1775836832.1315663,3.0,6.0,-139.0
1775836832.1415665,0.0,3.0,-132.0
1775836832.1515665,-4.0,2.0,-122.0
1775836832.1615665,-3.0,0.0,-121.0
1775836832.1715665,0.0,2.0,-127.0
1775836832.1815665,0.0,3.0,-131.0
1775836832.1915665,0.0,3.0,-134.0
1775836832.2015665,-6.0,2.0,-130.0
1775836832.2115664,-9.0,1.0,-124.0
1775836832.221567,-10.0,-1.0,-118.0
1775836832.231567,-5.0,0.0,-115.0
1775836832.241567,-1.0,0.0,-110.0
1775836832.2515666,0.0,0.0,-110.0
1775836832.2615666,0.0,0.0,-117.0
1775836832.2715666,1.0,-1.0,-120.0
1775836832.2815666,3.0,-1.0,-119.0
1775836832.2915666,-2.0,-3.0,-113.0
1775836832.3015666,-3.0,-5.0,-111.0
1775836832.3115666,0.0,-6.0,-115.0
1775836832.3215666,-1.0,-3.0,-117.0
1775836832.3315666,-2.0,-3.0,-122.0
1775836832.3415666,-3.0,-4.0,-124.0
1775836832.3515666,-6.0,-5.0,-125.0
1775836832.3615663,-10.0,-2.0,-121.0
1775836832.3715663,-9.0,-4.0,-119.0
1775836832.3815663,-9.0,-5.0,-117.0
1775836832.3915665,-8.0,-3.0,-118.0
1775836832.4015665,-5.0,-7.0,-125.0
1775836832.4115665,-6.0,-5.0,-125.0
1775836832.4215665,-3.0,-5.0,-118.0
1775836832.4315665,0.0,-2.0,-118.0
1775836832.4415665,5.0,-2.0,-125.0
1775836832.4515665,2.0,1.0,-123.0
1775836832.4615664,0.0,0.0,-125.0
1775836832.471567,2.0,2.0,-122.0
1775836832.481567,4.0,4.0,-116.0
1775836832.491567,5.0,4.0,-114.0
1775836832.5015666,2.0,5.0,-121.0
1775836832.5115666,0.0,8.0,-125.0
1775836832.5215666,0.0,4.0,-118.0
1775836832.5315666,-2.0,5.0,-117.0
1775836832.5415666,-1.0,3.0,-118.0
1775836832.5515666,-1.0,-1.0,-117.0
1775836832.5615666,2.0,0.0,-115.0
1775836832.5715666,3.0,1.0,-111.0
1775836832.5815666,6.0,1.0,-111.0
1775836832.5915666,1.0,0.0,-116.0
1775836832.6015666,-2.0,0.0,-111.0
1775836832.6115663,-1.0,1.0,-112.0
1775836832.6215663,0.0,4.0,-118.0
1775836832.6315663,4.0,3.0,-115.0
1775836832.6415665,5.0,6.0,-115.0
1775836832.6515665,0.0,9.0,-119.0
1775836832.6615665,-2.0,9.0,-119.0
1775836832.6715665,-4.0,6.0,-121.0
1775836832.6815665,-3.0,7.0,-118.0
1775836832.6915665,-9.0,5.0,-119.0
1775836832.7015665,-7.0,4.0,-116.0
1775836832.7115664,-5.0,4.0,-115.0
1775836832.721567,-4.0,4.0,-111.0
1775836832.731567,0.0,0.0,-117.0
1775836832.741567,0.0,0.0,-117.0
1775836832.7515666,3.0,1.0,-119.0
1775836832.7615666,2.0,1.0,-118.0
1775836832.7715666,2.0,6.0,-119.0
1775836832.7815666,1.0,4.0,-118.0
1775836832.7915666,1.0,5.0,-118.0
1775836832.8015666,0.0,7.0,-119.0
1775836832.8115666,0.0,12.0,-121.0
1775836832.8215666,3.0,10.0,-121.0
1775836832.8315666,0.0,9.0,-117.0
1775836832.8415666,-1.0,8.0,-114.0
1775836832.8515666,-2.0,9.0,-115.0
1775836832.8615663,-3.0,6.0,-124.0
1775836832.8715663,-4.0,2.0,-128.0
1775836832.8815663,2.0,-2.0,-128.0
1775836832.8915665,4.0,1.0,-128.0
1775836832.9015665,1.0,0.0,-131.0
1775836832.9115665,-1.0,2.0,-129.0
1775836832.9215665,0.0,-2.0,-122.0
1775836832.9315665,1.0,-3.0,-128.0
1775836832.9415665,6.0,-1.0,-123.0
1775836832.9515665,11.0,-1.0,-126.0
1775836832.9615664,8.0,0.0,-127.0
1775836832.971567,5.0,1.0,-131.0
1775836832.981567,8.0,2.0,-127.0
1775836832.991567,4.0,-1.0,-119.0
1775836833.0015666,0.0,0.0,-117.0
1775836833.0115666,-4.0,1.0,-119.0
1775836833.0215666,-3.0,4.0,-121.0
1775836833.0315666,-2.0,0.0,-123.0
1775836833.0415666,1.0,1.0,-123.0
1775836833.0515666,-3.0,2.0,-122.0
1775836833.0615666,-2.0,6.0,-123.0
1775836833.0715666,1.0,3.0,-122.0
1775836833.0815666,1.0,2.0,-120.0
1775836833.0925665,2.0,2.0,-118.0
1775836833.1015666,6.0,4.0,-114.0
1775836833.1115663,2.0,5.0,-115.0
1775836833.1215663,3.0,5.0,-116.0
1775836833.1315663,3.0,8.0,-119.0
1775836833.1415665,3.0,7.0,-117.0
1775836833.1515665,2.0,7.0,-115.0
1775836833.1615665,5.0,7.0,-114.0
1775836833.1715665,5.0,5.0,-112.0
1775836833.1815665,5.0,6.0,-109.0
1775836833.1915665,3.0,10.0,-109.0
1775836833.2015665,3.0,10.0,-110.0
1775836833.2115664,2.0,9.0,-114.0
1775836833.221567,-1.0,7.0,-121.0
1775836833.231567,3.0,9.0,-122.0
1775836833.241567,9.0,10.0,-123.0
1775836833.2515666,4.0,10.0,-118.0
1775836833.2615666,6.0,7.0,-116.0
1775836833.2715666,6.0,6.0,-117.0
1775836833.2815666,7.0,8.0,-114.0
1775836833.2915666,7.0,9.0,-115.0
1775836833.3015666,4.0,0.0,-113.0
1775836833.3115666,0.0,0.0,-110.0
1775836833.3215666,0.0,-1.0,-115.0
1775836833.3315666,0.0,0.0,-119.0
1775836833.3415666,1.0,0.0,-125.0
1775836833.3515666,4.0,-2.0,-120.0
1775836833.3615663,2.0,0.0,-117.0
1775836833.3715663,0.0,-1.0,-120.0
1775836833.3815663,3.0,-2.0,-122.0
1775836833.3915665,5.0,-7.0,-121.0
1775836833.4015665,6.0,-7.0,-120.0
1775836833.4115665,9.0,-6.0,-120.0
1775836833.4215665,7.0,1.0,-116.0
1775836833.4315665,8.0,3.0,-119.0
1775836833.4415665,8.0,6.0,-122.0
1775836833.4515665,7.0,6.0,-125.0
1775836833.4615664,4.0,6.0,-120.0
1775836833.471567,3.0,4.0,-120.0
1775836833.481567,0.0,2.0,-123.0
1775836833.491567,-1.0,4.0,-128.0
1775836833.5015666,0.0,4.0,-122.0
1775836833.5115666,3.0,0.0,-115.0
1775836833.5215666,7.0,1.0,-109.0
1775836833.5315666,3.0,-1.0,-117.0
1775836833.5415666,2.0,0.0,-122.0
1775836833.5515666,0.0,0.0,-121.0
1775836833.5615666,-3.0,0.0,-118.0
1775836833.5715666,-6.0,0.0,-120.0
1775836833.5815666,-2.0,2.0,-113.0
1775836833.5915666,0.0,2.0,-109.0
1775836833.6015666,5.0,2.0,-112.0
1775836833.6115663,10.0,2.0,-110.0
1775836833.6215663,6.0,2.0,-108.0
1775836833.6315663,7.0,0.0,-116.0
1775836833.6415665,6.0,0.0,-120.0
1775836833.6515665,5.0,1.0,-119.0
1775836833.6615665,2.0,-2.0,-111.0
1775836833.6715665,-1.0,-5.0,-113.0
1775836833.6815665,-2.0,-5.0,-116.0
1775836833.6915665,0.0,-2.0,-115.0
1775836833.7015665,2.0,-5.0,-119.0
1775836833.7115664,2.0,-3.0,-124.0
1775836833.721567,0.0,0.0,-122.0
1775836833.731567,1.0,-1.0,-121.0
1775836833.741567,2.0,-1.0,-119.0
1775836833.7515666,2.0,0.0,-123.0
1775836833.7615666,4.0,0.0,-123.0
1775836833.7715666,6.0,-3.0,-122.0
1775836833.7815666,6.0,-2.0,-125.0
1775836833.7915666,3.0,-5.0,-126.0
1775836833.8015666,0.0,-8.0,-126.0
1775836833.8115666,-1.0,-4.0,-119.0
1775836833.8215666,-2.0,-2.0,-118.0
1775836833.8315666,-2.0,1.0,-116.0
1775836833.8415666,1.0,6.0,-115.0
1775836833.8515666,1.0,5.0,-114.0
1775836833.8615663,1.0,5.0,-108.0
1775836833.8715663,-3.0,2.0,-110.0
1775836833.8815663,0.0,0.0,-113.0
1775836833.8915665,6.0,-4.0,-111.0
1775836833.9015665,8.0,0.0,-116.0
1775836833.9115665,12.0,1.0,-118.0
1775836833.9215665,8.0,0.0,-117.0
1775836833.9315665,3.0,-1.0,-116.0
1775836833.9415665,-1.0,1.0,-120.0
1775836833.9525666,-1.0,0.0,-119.0
1775836833.9625666,2.0,-1.0,-115.0
1775836833.9725666,-2.0,0.0,-115.0
1775836833.981567,-7.0,-5.0,-117.0
1775836833.9925666,-7.0,-3.0,-115.0
1775836834.0025666,-5.0,-8.0,-112.0
1775836834.0125666,-4.0,-6.0,-111.0
1775836834.0225666,-4.0,-2.0,-121.0
1775836834.0325663,-3.0,-1.0,-120.0
1775836834.0425663,-4.0,-3.0,-120.0
1775836834.0525663,-5.0,-3.0,-117.0
1775836834.0625665,-5.0,-2.0,-118.0
1775836834.0725665,-7.0,-3.0,-118.0
1775836834.0825665,-3.0,0.0,-122.0
1775836834.0925665,-4.0,-2.0,-121.0
1775836834.1025665,-4.0,0.0,-122.0
1775836834.1125665,-8.0,-4.0,-121.0
1775836834.1225665,-5.0,-5.0,-121.0
1775836834.1325665,-3.0,-5.0,-112.0
1775836834.1425664,-3.0,-2.0,-114.0
1775836834.152567,-8.0,-2.0,-109.0
1775836834.162567,-5.0,1.0,-106.0
1775836834.172567,-2.0,2.0,-102.0
1775836834.1825666,2.0,4.0,-101.0
1775836834.1925666,4.0,0.0,-107.0
1775836834.2025666,6.0,1.0,-103.0
1775836834.2125666,7.0,2.0,-102.0
1775836834.2225666,1.0,2.0,-106.0
1775836834.2325666,6.0,-1.0,-105.0
1775836834.2425666,8.0,-2.0,-106.0
1775836834.2525666,9.0,-5.0,-110.0
1775836834.2625666,5.0,-7.0,-115.0
1775836834.2725666,2.0,-4.0,-121.0
1775836834.2825663,2.0,-3.0,-117.0
1775836834.2925663,1.0,0.0,-117.0
1775836834.3025663,7.0,1.0,-119.0
1775836834.3125665,5.0,0.0,-120.0
1775836834.3225665,7.0,-1.0,-125.0
1775836834.3325665,4.0,-1.0,-118.0
1775836834.3425665,2.0,0.0,-118.0
1775836834.3525665,0.0,-2.0,-120.0
1775836834.3625665,3.0,0.0,-115.0
1775836834.3725665,5.0,2.0,-111.0
1775836834.3825665,2.0,5.0,-112.0
1775836834.3925664,0.0,4.0,-107.0
1775836834.402567,0.0,5.0,-116.0
1775836834.412567,-5.0,4.0,-120.0
1775836834.422567,-6.0,-2.0,-122.0
1775836834.4325666,-9.0,0.0,-124.0
1775836834.4425666,-2.0,0.0,-124.0
1775836834.4525666,0.0,0.0,-122.0
1775836834.4625666,0.0,-2.0,-123.0
1775836834.4725666,-3.0,3.0,-124.0
1775836834.4825666,-7.0,2.0,-119.0
1775836834.4925666,-3.0,2.0,-120.0
1775836834.5025666,2.0,2.0,-118.0
1775836834.5125666,2.0,0.0,-118.0
1775836834.5225666,0.0,-5.0,-121.0
1775836834.5325663,0.0,-6.0,-126.0
1775836834.5425663,-2.0,-11.0,-122.0
1775836834.5525663,4.0,-8.0,-127.0
1775836834.5625665,7.0,-3.0,-123.0
1775836834.5725665,3.0,-6.0,-124.0
1775836834.5825665,3.0,-5.0,-116.0
1775836834.5925665,0.0,-3.0,-115.0
1775836834.6025665,0.0,-3.0,-118.0
1775836834.6125665,2.0,-2.0,-116.0
1775836834.6225665,0.0,-3.0,-118.0
1775836834.6325665,-1.0,0.0,-118.0
1775836834.6425664,-1.0,0.0,-116.0
1775836834.652567,-4.0,-2.0,-119.0
1775836834.662567,-4.0,1.0,-120.0
1775836834.672567,-1.0,0.0,-113.0
1775836834.6825666,2.0,4.0,-111.0
1775836834.6925666,-2.0,1.0,-115.0
1775836834.7025666,0.0,0.0,-119.0
1775836834.7125666,-2.0,1.0,-116.0
1775836834.7225666,-2.0,0.0,-114.0
1775836834.7325666,-3.0,-2.0,-110.0
1775836834.7425666,-1.0,0.0,-118.0
1775836834.7525666,-3.0,1.0,-130.0
1775836834.7625666,0.0,3.0,-127.0
1775836834.7725666,3.0,5.0,-132.0
1775836834.7825663,6.0,8.0,-131.0
1775836834.7925663,8.0,5.0,-125.0
1775836834.8025663,4.0,0.0,-122.0
1775836834.8125665,0.0,2.0,-115.0
1775836834.8225665,0.0,0.0,-113.0
1775836834.8325665,-5.0,1.0,-109.0
1775836834.8425665,-9.0,3.0,-109.0
1775836834.8525665,-7.0,5.0,-114.0
1775836834.8625665,-3.0,6.0,-117.0
1775836834.8725665,2.0,3.0,-117.0
1775836834.8825665,-1.0,0.0,-112.0
1775836834.8925664,-2.0,1.0,-117.0
1775836834.902567,-5.0,1.0,-115.0
1775836834.912567,-5.0,1.0,-115.0
1775836834.922567,-5.0,0.0,-112.0
1775836834.9325666,2.0,3.0,-114.0
1775836834.9425666,4.0,0.0,-126.0
1775836834.9525666,1.0,-1.0,-126.0
1775836834.9625666,-1.0,-5.0,-123.0
1775836834.9725666,-1.0,-3.0,-122.0
1775836834.9825666,-3.0,-1.0,-119.0
1775836834.9925666,-8.0,-7.0,-120.0
1775836835.0025666,-8.0,-3.0,-125.0
1775836835.0125666,-8.0,-2.0,-121.0
1775836835.0225666,-6.0,0.0,-121.0
1775836835.0325663,-8.0,2.0,-125.0
1775836835.0425663,-4.0,1.0,-124.0
1775836835.0525663,-3.0,3.0,-123.0
1775836835.0625665,-1.0,0.0,-122.0
1775836835.0725665,2.0,-2.0,-117.0
1775836835.0825665,-2.0,0.0,-119.0
1775836835.0925665,0.0,-1.0,-116.0
1775836835.1025665,3.0,-3.0,-119.0
1775836835.1125665,0.0,-6.0,-116.0
1775836835.1225665,3.0,-6.0,-117.0
1775836835.1325665,0.0,-4.0,-118.0
1775836835.1425664,0.0,-1.0,-116.0
1775836835.152567,3.0,1.0,-117.0
1775836835.162567,0.0,2.0,-116.0
1775836835.172567,2.0,5.0,-121.0
1775836835.1825666,0.0,1.0,-121.0
1775836835.1925666,-1.0,2.0,-122.0
1775836835.2025666,-5.0,3.0,-116.0
1775836835.2125666,-7.0,2.0,-112.0
1775836835.2225666,-4.0,0.0,-111.0
1775836835.2325666,-2.0,4.0,-114.0
1775836835.2425666,-3.0,2.0,-111.0
1775836835.2525666,-1.0,2.0,-112.0
1775836835.2625666,0.0,0.0,-118.0
1775836835.2725666,-2.0,-1.0,-115.0
1775836835.2825663,0.0,1.0,-114.0
1775836835.2925663,3.0,0.0,-113.0
1775836835.3025663,8.0,0.0,-110.0
1775836835.3125665,7.0,0.0,-108.0
1775836835.3225665,7.0,1.0,-112.0
1775836835.3325665,4.0,5.0,-114.0
1775836835.3425665,5.0,3.0,-120.0
1775836835.3525665,4.0,3.0,-123.0
1775836835.3625665,4.0,1.0,-126.0
1775836835.3725665,4.0,1.0,-122.0
1775836835.3825665,1.0,3.0,-122.0
1775836835.3925664,0.0,0.0,-122.0
1775836835.402567,-5.0,0.0,-120.0
1775836835.412567,-5.0,0.0,-117.0
1775836835.422567,-3.0,-1.0,-116.0
1775836835.4325666,-6.0,-4.0,-116.0
1775836835.4425666,-7.0,-4.0,-120.0
1775836835.4525666,-4.0,-5.0,-120.0
1775836835.4625666,-4.0,-2.0,-121.0
1775836835.4725666,-5.0,0.0,-119.0
1775836835.4825666,-7.0,-2.0,-124.0
1775836835.4925666,-7.0,1.0,-122.0
1775836835.5025666,-3.0,0.0,-125.0
1775836835.5125666,-3.0,-1.0,-121.0
1775836835.5225666,-3.0,-1.0,-118.0
1775836835.5325663,0.0,-5.0,-116.0
1775836835.5425663,-1.0,0.0,-127.0
1775836835.5525663,-3.0,3.0,-120.0
1775836835.5625665,0.0,-1.0,-121.0
1775836835.5725665,0.0,-4.0,-122.0
1775836835.5825665,0.0,-3.0,-116.0
1775836835.5925665,-5.0,-4.0,-121.0
1775836835.6025665,-10.0,-2.0,-123.0
1775836835.6125665,-13.0,-2.0,-125.0
1775836835.6225665,-14.0,-1.0,-124.0
1775836835.6325665,-11.0,-2.0,-121.0
1775836835.6425664,-11.0,-4.0,-120.0
1775836835.652567,-7.0,-4.0,-118.0
1775836835.662567,-4.0,-5.0,-120.0
1775836835.672567,-9.0,0.0,-125.0
1775836835.6825666,-10.0,1.0,-122.0
1775836835.6925666,-4.0,4.0,-122.0
1775836835.7025666,0.0,1.0,-118.0
1775836835.7125666,1.0,0.0,-118.0
1775836835.7225666,0.0,0.0,-113.0
1775836835.7325666,0.0,0.0,-116.0
1775836835.7425666,0.0,-2.0,-125.0
1775836835.7525666,6.0,-6.0,-128.0
1775836835.7625666,6.0,-6.0,-129.0
1775836835.7725666,6.0,-3.0,-124.0
1775836835.7825663,4.0,-3.0,-124.0
1775836835.7925663,-5.0,-4.0,-120.0
1775836835.8025663,-7.0,-3.0,-126.0
1775836835.8125665,-6.0,-5.0,-127.0
1775836835.8225665,-8.0,-6.0,-123.0
1775836835.8325665,-2.0,-8.0,-129.0
1775836835.8425665,3.0,-7.0,-130.0
1775836835.8525665,2.0,-5.0,-129.0
1775836835.8625665,1.0,-4.0,-127.0
1775836835.8725665,0.0,0.0,-120.0
1775836835.8825665,0.0,1.0,-114.0
1775836835.8925664,0.0,1.0,-113.0
1775836835.902567,-3.0,0.0,-113.0
1775836835.912567,-4.0,2.0,-117.0
1775836835.922567,-5.0,0.0,-119.0
1775836835.9325666,-2.0,0.0,-119.0
1775836835.9425666,0.0,-1.0,-109.0
1775836835.9525666,0.0,0.0,-112.0
1775836835.9625666,0.0,1.0,-117.0
1775836835.9725666,-2.0,1.0,-124.0
1775836835.9825666,-3.0,0.0,-125.0
1775836835.9925666,-7.0,0.0,-127.0
1775836836.0025666,-1.0,2.0,-134.0
1775836836.0125666,-4.0,6.0,-128.0
1775836836.0225666,1.0,7.0,-123.0
1775836836.0325663,4.0,7.0,-125.0
1775836836.0425663,6.0,2.0,-124.0
1775836836.0525663,5.0,2.0,-127.0
1775836836.0625665,0.0,0.0,-122.0
1775836836.0725665,1.0,2.0,-122.0
1775836836.0825665,4.0,2.0,-124.0
1775836836.0925665,4.0,-1.0,-124.0
1775836836.1025665,1.0,-3.0,-120.0
1775836836.1135666,2.0,-2.0,-126.0
1775836836.1225665,2.0,-1.0,-129.0
1775836836.1335666,4.0,-2.0,-124.0
1775836836.1435666,3.0,-3.0,-126.0
1775836836.1535666,2.0,-3.0,-120.0
1775836836.162567,2.0,-5.0,-114.0
1775836836.1735666,2.0,-3.0,-116.0
1775836836.1835666,6.0,-1.0,-117.0
1775836836.1935666,7.0,0.0,-117.0
1775836836.2035666,7.0,0.0,-112.0
1775836836.2135663,5.0,0.0,-115.0
1775836836.2235663,1.0,5.0,-116.0
1775836836.2335663,6.0,3.0,-109.0
1775836836.2435665,6.0,0.0,-112.0
1775836836.2535665,2.0,0.0,-118.0
1775836836.2635665,1.0,2.0,-116.0
1775836836.2735665,1.0,3.0,-118.0
1775836836.2835665,2.0,1.0,-120.0
1775836836.2935665,2.0,-1.0,-118.0
1775836836.3035665,1.0,1.0,-125.0
1775836836.3135664,5.0,2.0,-125.0
1775836836.323567,2.0,0.0,-127.0
1775836836.333567,1.0,4.0,-126.0
1775836836.343567,1.0,7.0,-124.0
1775836836.3535666,5.0,7.0,-122.0
1775836836.3635666,4.0,8.0,-123.0
1775836836.3735666,8.0,8.0,-125.0
1775836836.3835666,2.0,7.0,-127.0
1775836836.3935666,0.0,3.0,-125.0
1775836836.4035666,5.0,3.0,-120.0
1775836836.4135666,7.0,6.0,-120.0
1775836836.4235666,5.0,9.0,-121.0
1775836836.4335666,5.0,10.0,-122.0
1775836836.4435666,2.0,11.0,-119.0
1775836836.4535666,-3.0,6.0,-120.0
1775836836.4635663,-1.0,3.0,-128.0
1775836836.4735663,0.0,-1.0,-126.0
1775836836.4835663,-3.0,-6.0,-120.0
1775836836.4935665,-4.0,-3.0,-114.0
1775836836.5035665,-2.0,0.0,-108.0
1775836836.5135665,0.0,-2.0,-107.0
1775836836.5235665,-1.0,-5.0,-108.0
1775836836.5335665,0.0,-6.0,-108.0
1775836836.5435665,-2.0,-9.0,-115.0
1775836836.5535665,1.0,-13.0,-117.0
1775836836.5635664,0.0,-9.0,-116.0
1775836836.573567,4.0,-6.0,-119.0
1775836836.583567,0.0,-5.0,-129.0
1775836836.593567,1.0,-1.0,-131.0
1775836836.6035666,1.0,2.0,-128.0
1775836836.6135666,-1.0,1.0,-128.0
1775836836.6235666,-3.0,3.0,-132.0
1775836836.6335666,-1.0,2.0,-136.0
1775836836.6435666,-1.0,0.0,-131.0
1775836836.6535666,-1.0,-2.0,-126.0
1775836836.6635666,0.0,-1.0,-127.0
1775836836.6735666,0.0,6.0,-121.0
1775836836.6835666,1.0,9.0,-127.0
1775836836.6935666,-1.0,2.0,-121.0
1775836836.7035666,0.0,-2.0,-118.0
1775836836.7135663,0.0,0.0,-121.0
1775836836.7235663,0.0,3.0,-125.0
1775836836.7335663,-2.0,4.0,-127.0
1775836836.7435665,0.0,0.0,-132.0
1775836836.7535665,1.0,0.0,-126.0
1775836836.7635665,4.0,1.0,-123.0
1775836836.7735665,3.0,4.0,-128.0
1775836836.7835665,0.0,5.0,-126.0
1775836836.7935665,3.0,3.0,-122.0
1775836836.8035665,5.0,5.0,-118.0
1775836836.8135664,0.0,7.0,-120.0
1775836836.823567,-3.0,7.0,-127.0
1775836836.833567,-4.0,7.0,-124.0
1775836836.843567,-5.0,3.0,-123.0
1775836836.8535666,-1.0,4.0,-121.0
1775836836.8635666,0.0,3.0,-126.0
1775836836.8735666,1.0,2.0,-125.0
1775836836.8835666,0.0,-1.0,-126.0
1775836836.8935666,0.0,-1.0,-122.0
1775836836.9035666,-1.0,-5.0,-121.0
1775836836.9135666,-2.0,-2.0,-124.0
1775836836.9235666,0.0,0.0,-122.0
1775836836.9335666,3.0,1.0,-123.0
1775836836.9435666,-1.0,1.0,-126.0
1775836836.9535666,7.0,0.0,-126.0
1775836836.9635663,6.0,1.0,-128.0
1775836836.9735663,5.0,1.0,-130.0
1775836836.9835663,6.0,5.0,-126.0
1775836836.9935665,0.0,7.0,-118.0
1775836837.0035665,-2.0,7.0,-113.0
1775836837.0135665,-5.0,6.0,-117.0
1775836837.0235665,-6.0,6.0,-120.0
1775836837.0335665,-4.0,3.0,-121.0
1775836837.0435665,-1.0,3.0,-121.0
1775836837.0535665,-2.0,1.0,-119.0
1775836837.0635664,-3.0,-2.0,-118.0
1775836837.073567,-1.0,-4.0,-120.0
1775836837.083567,3.0,-2.0,-123.0
1775836837.093567,6.0,-1.0,-129.0
1775836837.1035666,4.0,-2.0,-129.0
1775836837.1135666,3.0,-2.0,-131.0
1775836837.1235666,2.0,0.0,-129.0
1775836837.1335666,-3.0,-1.0,-124.0
1775836837.1435666,-4.0,-1.0,-123.0
1775836837.1545663,-5.0,0.0,-116.0
1775836837.1635666,-4.0,1.0,-107.0
1775836837.1735666,0.0,2.0,-105.0
1775836837.1835666,1.0,3.0,-106.0
1775836837.1935666,-1.0,1.0,-115.0
1775836837.2035666,-3.0,1.0,-119.0
1775836837.2135663,-8.0,4.0,-115.0
1775836837.2235663,-8.0,3.0,-117.0
1775836837.2335663,-10.0,4.0,-122.0
1775836837.2435665,-9.0,4.0,-120.0
1775836837.2535665,-7.0,4.0,-121.0
1775836837.2635665,-9.0,4.0,-122.0
1775836837.2735665,-9.0,4.0,-117.0
1775836837.2835665,-4.0,2.0,-114.0
1775836837.2935665,-4.0,4.0,-124.0
1775836837.3035665,-2.0,2.0,-129.0
1775836837.3135664,0.0,1.0,-129.0
1775836837.323567,0.0,0.0,-126.0
1775836837.333567,0.0,0.0,-123.0
1775836837.343567,0.0,0.0,-125.0
1775836837.3535666,-3.0,0.0,-128.0
1775836837.3635666,-9.0,1.0,-124.0
1775836837.3735666,-3.0,0.0,-120.0
1775836837.3835666,-3.0,0.0,-121.0
1775836837.3935666,0.0,-1.0,-120.0
1775836837.4035666,0.0,0.0,-121.0
1775836837.4135666,0.0,1.0,-121.0
1775836837.4235666,0.0,-1.0,-118.0
1775836837.4335666,-4.0,-2.0,-122.0
1775836837.4435666,-1.0,0.0,-120.0
1775836837.4535666,0.0,1.0,-124.0
1775836837.4635663,3.0,-1.0,-124.0
1775836837.4735663,4.0,3.0,-120.0
1775836837.4835663,1.0,0.0,-114.0
1775836837.4935665,8.0,0.0,-115.0
1775836837.5035665,5.0,-3.0,-121.0
1775836837.5135665,3.0,-2.0,-119.0
1775836837.5235665,2.0,-1.0,-115.0
1775836837.5335665,0.0,0.0,-121.0
1775836837.5435665,-1.0,2.0,-123.0
1775836837.5535665,-2.0,0.0,-124.0
1775836837.5635664,-3.0,0.0,-124.0
1775836837.573567,-4.0,-1.0,-122.0
1775836837.583567,0.0,0.0,-115.0
1775836837.593567,-1.0,2.0,-116.0
1775836837.6035666,-2.0,1.0,-129.0
1775836837.6135666,-4.0,5.0,-133.0
1775836837.6235666,-2.0,3.0,-134.0
1775836837.6335666,0.0,1.0,-129.0
1775836837.6435666,5.0,6.0,-130.0
1775836837.6535666,5.0,6.0,-142.0
1775836837.6635666,6.0,12.0,-133.0
1775836837.6735666,3.0,8.0,-128.0
1775836837.6835666,4.0,9.0,-126.0
1775836837.6935666,1.0,4.0,-124.0
1775836837.7035666,0.0,2.0,-123.0
1775836837.7135663,5.0,3.0,-127.0
1775836837.7235663,8.0,1.0,-125.0
1775836837.7335663,5.0,0.0,-123.0
1775836837.7435665,2.0,2.0,-130.0
1775836837.7535665,2.0,6.0,-127.0
1775836837.7635665,3.0,6.0,-128.0
1775836837.7735665,3.0,8.0,-128.0
1775836837.7835665,2.0,8.0,-125.0
1775836837.7935665,1.0,9.0,-119.0
1775836837.8035665,5.0,6.0,-115.0
1775836837.8135664,5.0,5.0,-113.0
1775836837.823567,2.0,4.0,-114.0
1775836837.833567,-1.0,5.0,-123.0
1775836837.843567,-2.0,4.0,-126.0
1775836837.8535666,0.0,4.0,-122.0
1775836837.8635666,-1.0,6.0,-120.0
1775836837.8735666,-3.0,7.0,-120.0
1775836837.8835666,-1.0,4.0,-123.0
1775836837.8935666,5.0,4.0,-122.0
1775836837.9035666,6.0,0.0,-122.0
1775836837.9135666,4.0,1.0,-119.0
1775836837.9235666,4.0,1.0,-120.0
1775836837.9335666,5.0,-1.0,-120.0
1775836837.9435666,8.0,0.0,-115.0
1775836837.9535666,11.0,-1.0,-108.0
1775836837.9635663,6.0,1.0,-109.0
1775836837.9735663,5.0,2.0,-115.0
1775836837.9835663,4.0,4.0,-114.0
1775836837.9935665,3.0,-1.0,-114.0
1775836838.0035665,3.0,-3.0,-116.0
1775836838.0135665,1.0,-1.0,-115.0
1775836838.0235665,-1.0,-8.0,-113.0
1775836838.0335665,0.0,-8.0,-115.0
1775836838.0435665,0.0,-5.0,-116.0
1775836838.0535665,-3.0,-4.0,-118.0
1775836838.0635664,-8.0,-1.0,-122.0
1775836838.073567,-6.0,0.0,-120.0
1775836838.083567,-8.0,0.0,-121.0
1775836838.093567,-5.0,-1.0,-129.0
1775836838.1035666,-1.0,-1.0,-126.0
1775836838.1135666,1.0,-3.0,-125.0
1775836838.1235666,5.0,-4.0,-120.0
1775836838.1335666,3.0,-3.0,-117.0
1775836838.1435666,2.0,-2.0,-116.0
1775836838.1535666,0.0,-3.0,-113.0
1775836838.1635666,1.0,-5.0,-122.0
1775836838.1735666,-1.0,-11.0,-126.0
1775836838.1835666,0.0,-13.0,-123.0
1775836838.1935666,-2.0,-8.0,-121.0
1775836838.2035666,-2.0,-1.0,-123.0
1775836838.2135663,-2.0,-6.0,-123.0
1775836838.2235663,0.0,-6.0,-125.0
1775836838.2335663,-1.0,-2.0,-124.0
1775836838.2435665,0.0,-2.0,-120.0
1775836838.2535665,0.0,-1.0,-113.0
1775836838.2635665,2.0,0.0,-115.0
1775836838.2735665,2.0,1.0,-112.0
1775836838.2835665,-3.0,2.0,-111.0
1775836838.2935665,0.0,4.0,-112.0
1775836838.3035665,0.0,5.0,-109.0
1775836838.3135664,-2.0,5.0,-111.0
1775836838.323567,0.0,6.0,-111.0
1775836838.333567,0.0,6.0,-111.0
1775836838.343567,2.0,6.0,-118.0
1775836838.3545666,-2.0,3.0,-112.0
1775836838.3645666,1.0,1.0,-116.0
1775836838.3745666,3.0,-3.0,-117.0
1775836838.3845663,5.0,-1.0,-116.0
1775836838.3945663,2.0,0.0,-110.0
1775836838.4045663,-1.0,0.0,-113.0
1775836838.4145665,-4.0,0.0,-114.0
1775836838.4245665,-4.0,-3.0,-117.0
1775836838.4345665,0.0,0.0,-126.0
1775836838.4445665,-1.0,0.0,-126.0
1775836838.4545665,-3.0,-2.0,-120.0
1775836838.4645665,-3.0,3.0,-120.0
1775836838.4745665,0.0,3.0,-119.0
1775836838.4845665,3.0,0.0,-124.0
1775836838.4945664,-3.0,2.0,-126.0
1775836838.504567,-6.0,1.0,-134.0
1775836838.514567,-6.0,3.0,-132.0
1775836838.524567,-2.0,4.0,-129.0
1775836838.5345666,0.0,5.0,-121.0
1775836838.5445666,0.0,3.0,-121.0
1775836838.5545666,-5.0,-1.0,-114.0
1775836838.5645666,-11.0,-3.0,-107.0
1775836838.5745666,-10.0,-7.0,-108.0
1775836838.5845666,-9.0,-8.0,-109.0
1775836838.5945666,-9.0,-7.0,-114.0
1775836838.6045666,-10.0,0.0,-116.0
1775836838.6145666,-6.0,2.0,-112.0
1775836838.6245666,-4.0,0.0,-117.0
1775836838.6345663,-1.0,-1.0,-120.0
1775836838.6445663,-2.0,1.0,-121.0
1775836838.6545663,-1.0,1.0,-125.0
1775836838.6645665,3.0,1.0,-126.0
1775836838.6745665,2.0,0.0,-122.0
1775836838.6845665,4.0,-3.0,-122.0
1775836838.6945665,9.0,-3.0,-130.0
1775836838.7045665,11.0,-3.0,-126.0
1775836838.7145665,5.0,-3.0,-123.0
1775836838.7245665,8.0,-1.0,-121.0
1775836838.7345665,10.0,-3.0,-119.0
1775836838.7445664,6.0,-2.0,-123.0
1775836838.754567,1.0,-3.0,-124.0
1775836838.764567,0.0,0.0,-122.0
1775836838.774567,1.0,1.0,-117.0
1775836838.7845666,2.0,-1.0,-119.0
1775836838.7945666,-1.0,-6.0,-122.0
1775836838.8045666,-2.0,-8.0,-130.0
1775836838.8145666,-2.0,-6.0,-130.0
1775836838.8245666,0.0,-5.0,-131.0
1775836838.8345666,1.0,-3.0,-132.0
1775836838.8445666,0.0,-2.0,-126.0
1775836838.8545666,1.0,0.0,-116.0
1775836838.8645666,3.0,-1.0,-116.0
1775836838.8745666,0.0,-1.0,-117.0
1775836838.8845663,-1.0,-2.0,-110.0
1775836838.8945663,-4.0,0.0,-106.0
1775836838.9045663,-5.0,0.0,-114.0
1775836838.9145665,-6.0,2.0,-114.0
1775836838.9245665,-6.0,2.0,-115.0
1775836838.9345665,-7.0,2.0,-116.0
1775836838.9445665,-7.0,-1.0,-124.0
1775836838.9545665,-6.0,2.0,-121.0
1775836838.9645665,-3.0,3.0,-118.0
1775836838.9745665,1.0,1.0,-119.0
1775836838.9845665,0.0,5.0,-121.0
1775836838.9945664,0.0,6.0,-118.0
1775836839.004567,-4.0,2.0,-122.0
1775836839.014567,-2.0,0.0,-124.0
1775836839.024567,0.0,2.0,-118.0
1775836839.0345666,-2.0,0.0,-126.0
1775836839.0445666,-2.0,0.0,-123.0
1775836839.0545666,-3.0,2.0,-125.0
1775836839.0645666,-4.0,4.0,-119.0
1775836839.0745666,0.0,6.0,-125.0
1775836839.0845666,0.0,5.0,-127.0
1775836839.0945666,1.0,5.0,-128.0
1775836839.1045666,5.0,6.0,-122.0
1775836839.1145666,5.0,4.0,-121.0
1775836839.1245666,6.0,3.0,-126.0
1775836839.1345663,5.0,4.0,-123.0
1775836839.1445663,9.0,2.0,-124.0
1775836839.1545663,10.0,0.0,-123.0
1775836839.1645665,10.0,-1.0,-127.0
1775836839.1745665,2.0,-4.0,-134.0
1775836839.1845665,0.0,-1.0,-131.0
1775836839.1945665,0.0,0.0,-132.0
1775836839.2045665,0.0,-4.0,-126.0
1775836839.2145665,-5.0,0.0,-125.0
1775836839.2245665,-7.0,1.0,-123.0
1775836839.2345665,-5.0,1.0,-119.0
1775836839.2445664,-3.0,-4.0,-113.0
1775836839.254567,-1.0,0.0,-115.0
1775836839.264567,-3.0,-3.0,-115.0
1775836839.274567,-2.0,-2.0,-111.0
1775836839.2845666,-4.0,0.0,-117.0
1775836839.2945666,-1.0,-1.0,-122.0
1775836839.3045666,-4.0,-1.0,-115.0
1775836839.3145666,-2.0,-2.0,-108.0
1775836839.3245666,0.0,-1.0,-111.0
1775836839.3345666,-1.0,1.0,-109.0
1775836839.3445666,0.0,0.0,-111.0
1775836839.3545666,0.0,-2.0,-111.0
1775836839.3645666,2.0,0.0,-113.0
1775836839.3745666,4.0,0.0,-115.0
1775836839.3845663,4.0,4.0,-118.0
1775836839.3945663,0.0,4.0,-121.0
1775836839.4045663,2.0,2.0,-118.0
1775836839.4145665,3.0,1.0,-117.0
1775836839.4245665,3.0,0.0,-116.0
1775836839.4345665,4.0,0.0,-121.0
1775836839.4445665,0.0,2.0,-114.0
1775836839.4545665,-1.0,3.0,-107.0
1775836839.4645665,-1.0,4.0,-109.0
1775836839.4745665,-4.0,6.0,-120.0
1775836839.4845665,0.0,3.0,-117.0
1775836839.4945664,0.0,3.0,-118.0
1775836839.504567,-2.0,4.0,-120.0
1775836839.514567,0.0,2.0,-116.0
1775836839.524567,0.0,1.0,-120.0
1775836839.5345666,4.0,-2.0,-124.0
1775836839.5445666,5.0,-2.0,-120.0
1775836839.5545666,4.0,-2.0,-122.0
1775836839.5645666,5.0,-3.0,-124.0
1775836839.5745666,10.0,-2.0,-117.0
1775836839.5845666,11.0,-1.0,-113.0
1775836839.5945666,4.0,-5.0,-118.0
1775836839.6045666,2.0,-4.0,-119.0
1775836839.6145666,1.0,-2.0,-124.0
1775836839.6245666,3.0,-4.0,-128.0
1775836839.6345663,3.0,-3.0,-129.0
1775836839.6445663,3.0,-6.0,-125.0
1775836839.6545663,-1.0,-2.0,-122.0
1775836839.6645665,0.0,1.0,-118.0
1775836839.6745665,0.0,0.0,-120.0
1775836839.6845665,0.0,-2.0,-122.0
1775836839.6945665,-3.0,-1.0,-129.0
1775836839.7045665,0.0,0.0,-131.0
1775836839.7145665,0.0,-3.0,-133.0
1775836839.7245665,-1.0,-4.0,-129.0
1775836839.7345665,-4.0,-4.0,-123.0
1775836839.7445664,-8.0,0.0,-118.0
1775836839.754567,-9.0,1.0,-112.0
1775836839.764567,-10.0,4.0,-111.0
1775836839.774567,-11.0,6.0,-112.0
1775836839.7845666,-11.0,4.0,-114.0
1775836839.7945666,-8.0,4.0,-115.0
1775836839.8045666,-5.0,5.0,-121.0
1775836839.8145666,-4.0,4.0,-125.0
1775836839.8245666,-2.0,3.0,-122.0
1775836839.8345666,1.0,2.0,-121.0
1775836839.8445666,0.0,1.0,-115.0
1775836839.8545666,0.0,2.0,-115.0
1775836839.8645666,0.0,5.0,-120.0
1775836839.8745666,1.0,8.0,-119.0
1775836839.8845663,1.0,10.0,-113.0
1775836839.8945663,4.0,4.0,-111.0
1775836839.9045663,2.0,0.0,-105.0
1775836839.9145665,-1.0,4.0,-110.0
1775836839.9245665,3.0,8.0,-114.0
1775836839.9345665,5.0,2.0,-117.0
1775836839.9445665,2.0,0.0,-119.0
1775836839.9545665,1.0,-4.0,-120.0
1775836839.9645665,0.0,-6.0,-123.0
1775836839.9745665,-2.0,-5.0,-119.0
1775836839.9845665,-2.0,-5.0,-122.0
1775836839.9945664,0.0,-2.0,-125.0
1775836840.004567,-2.0,-1.0,-127.0
1775836840.014567,-2.0,-4.0,-129.0
1775836840.024567,-2.0,-2.0,-129.0
1775836840.0345666,-4.0,-2.0,-128.0
1775836840.0445666,0.0,-3.0,-129.0
1775836840.0545666,2.0,-1.0,-123.0
1775836840.0645666,6.0,1.0,-120.0
1775836840.0745666,4.0,5.0,-112.0
1775836840.0845666,5.0,5.0,-112.0
1775836840.0945666,3.0,4.0,-112.0
1775836840.1045666,6.0,2.0,-114.0
1775836840.1145666,4.0,2.0,-116.0
1775836840.1245666,4.0,-1.0,-119.0
1775836840.1345663,4.0,-1.0,-120.0
1775836840.1445663,0.0,-2.0,-121.0
1775836840.1545663,0.0,-3.0,-126.0
1775836840.1645665,0.0,-1.0,-124.0
1775836840.1745665,-2.0,1.0,-122.0
1775836840.1845665,-3.0,3.0,-119.0
1775836840.1945665,-2.0,3.0,-121.0
1775836840.2045665,0.0,2.0,-125.0
1775836840.2145665,-2.0,1.0,-123.0
1775836840.2245665,0.0,1.0,-112.0
1775836840.2345665,2.0,-1.0,-112.0
1775836840.2445664,5.0,0.0,-109.0
1775836840.254567,2.0,3.0,-112.0
1775836840.264567,1.0,5.0,-118.0
1775836840.274567,-1.0,0.0,-122.0
1775836840.2845666,1.0,0.0,-124.0
1775836840.2945666,5.0,4.0,-130.0
1775836840.3045666,4.0,2.0,-126.0
1775836840.3145666,5.0,1.0,-127.0
1775836840.3245666,3.0,0.0,-129.0
1775836840.3345666,0.0,0.0,-122.0
1775836840.3445666,-2.0,-2.0,-122.0
1775836840.3545666,-4.0,-3.0,-125.0
1775836840.3645666,-3.0,-3.0,-117.0
1775836840.3745666,-4.0,-3.0,-106.0
1775836840.3845663,-1.0,-4.0,-110.0
1775836840.3945663,1.0,-3.0,-114.0
1775836840.4045663,1.0,-7.0,-115.0
1775836840.4145665,0.0,-7.0,-116.0
1775836840.4245665,1.0,-6.0,-121.0
1775836840.4345665,0.0,-5.0,-120.0
1775836840.4445665,-2.0,-5.0,-124.0
1775836840.4545665,-1.0,-6.0,-128.0
1775836840.4645665,-2.0,-1.0,-125.0
1775836840.4745665,0.0,-2.0,-120.0
1775836840.4845665,-1.0,0.0,-114.0
1775836840.4945664,0.0,-4.0,-114.0
1775836840.504567,-2.0,0.0,-112.0
1775836840.514567,-1.0,0.0,-112.0
1775836840.524567,3.0,1.0,-116.0
1775836840.5355666,2.0,-1.0,-114.0
1775836840.5455666,5.0,1.0,-114.0
1775836840.5545666,10.0,1.0,-110.0
1775836840.5655663,8.0,4.0,-109.0
1775836840.5755663,10.0,4.0,-113.0
1775836840.5855663,6.0,1.0,-111.0
1775836840.5955665,3.0,1.0,-111.0
1775836840.6055665,3.0,2.0,-116.0
1775836840.6155665,0.0,0.0,-112.0
1775836840.6255665,1.0,1.0,-119.0
1775836840.6355665,3.0,2.0,-125.0
1775836840.6455665,4.0,0.0,-131.0
1775836840.6555665,-1.0,0.0,-133.0
1775836840.6655664,-5.0,-2.0,-127.0
1775836840.675567,-5.0,-3.0,-130.0
1775836840.685567,-4.0,-3.0,-132.0
1775836840.695567,-1.0,-2.0,-136.0
1775836840.7055666,-5.0,-1.0,-126.0
1775836840.7155666,-6.0,2.0,-125.0
1775836840.7255666,-5.0,4.0,-125.0
1775836840.7355666,-7.0,4.0,-123.0
1775836840.7455666,-4.0,3.0,-119.0
1775836840.7555666,-2.0,6.0,-122.0
1775836840.7655666,4.0,5.0,-129.0
1775836840.7755666,3.0,6.0,-128.0
1775836840.7855666,0.0,3.0,-123.0
1775836840.7955666,-1.0,2.0,-116.0
1775836840.8055663,0.0,0.0,-120.0
1775836840.8155663,3.0,3.0,-117.0
1775836840.8255663,3.0,2.0,-113.0
1775836840.8355663,6.0,4.0,-115.0
1775836840.8455665,5.0,3.0,-113.0
1775836840.8555665,4.0,0.0,-117.0
1775836840.8655665,8.0,-3.0,-121.0
1775836840.8755665,6.0,-5.0,-120.0
1775836840.8855665,6.0,-2.0,-122.0
1775836840.8955665,5.0,-3.0,-126.0
1775836840.9055665,4.0,-5.0,-120.0
1775836840.9155664,1.0,-4.0,-118.0
1775836840.925567,0.0,-4.0,-118.0
1775836840.935567,3.0,-4.0,-121.0
1775836840.945567,2.0,-5.0,-120.0
1775836840.9555666,4.0,-4.0,-119.0
1775836840.9655666,3.0,-7.0,-122.0
1775836840.9755666,4.0,-5.0,-122.0
1775836840.9855666,0.0,-4.0,-118.0
1775836840.9955666,-1.0,-4.0,-116.0
1775836841.0055666,-2.0,-5.0,-121.0
1775836841.0155666,0.0,-4.0,-121.0
1775836841.0255666,-2.0,-2.0,-122.0
1775836841.0355666,-6.0,-1.0,-124.0
1775836841.0455666,-2.0,-6.0,-118.0
1775836841.0555663,-5.0,-4.0,-118.0
1775836841.0655663,-7.0,0.0,-111.0
1775836841.0755663,-4.0,3.0,-111.0
1775836841.0855663,-3.0,0.0,-112.0
1775836841.0955665,-6.0,2.0,-112.0
1775836841.1055665,-7.0,1.0,-109.0
1775836841.1155665,-6.0,2.0,-113.0
1775836841.1255665,-8.0,3.0,-115.0
1775836841.1355665,-10.0,-3.0,-120.0
1775836841.1455665,-3.0,-1.0,-120.0
1775836841.1555665,1.0,-6.0,-115.0
1775836841.1655664,3.0,-7.0,-121.0
1775836841.175567,0.0,-5.0,-125.0
1775836841.185567,1.0,-3.0,-121.0
1775836841.195567,4.0,0.0,-126.0
1775836841.2055666,3.0,0.0,-125.0
1775836841.2155666,7.0,0.0,-124.0
1775836841.2255666,6.0,-2.0,-126.0
1775836841.2355666,4.0,-2.0,-125.0
1775836841.2455666,3.0,-2.0,-121.0
1775836841.2555666,0.0,-2.0,-115.0
1775836841.2655666,-3.0,-3.0,-122.0
1775836841.2755666,-3.0,-2.0,-128.0
1775836841.2855666,-2.0,-3.0,-128.0
1775836841.2955666,1.0,-1.0,-130.0
1775836841.3055663,-3.0,-2.0,-128.0
1775836841.3155663,-8.0,0.0,-123.0
1775836841.3255663,-6.0,0.0,-121.0
1775836841.3355663,-6.0,0.0,-118.0
1775836841.3455665,-3.0,0.0,-123.0
1775836841.3555665,-2.0,-1.0,-123.0
1775836841.3655665,0.0,-2.0,-123.0
1775836841.3755665,0.0,0.0,-123.0
1775836841.3855665,-1.0,-1.0,-125.0
1775836841.3955665,-2.0,0.0,-133.0
1775836841.4055665,-1.0,2.0,-130.0
1775836841.4155664,-2.0,0.0,-125.0
1775836841.425567,0.0,3.0,-124.0
1775836841.435567,0.0,3.0,-116.0
1775836841.445567,1.0,-1.0,-109.0
1775836841.4555666,-1.0,3.0,-111.0
1775836841.4655666,0.0,2.0,-115.0
1775836841.4755666,-5.0,4.0,-117.0
1775836841.4855666,-3.0,4.0,-122.0
1775836841.4955666,-1.0,4.0,-123.0
1775836841.5055666,0.0,0.0,-120.0
1775836841.5155666,3.0,-2.0,-124.0
1775836841.5255666,4.0,-4.0,-116.0
1775836841.5355666,0.0,-1.0,-121.0
1775836841.5455666,-2.0,-3.0,-120.0
1775836841.5555663,-1.0,-1.0,-115.0
1775836841.5655663,-3.0,2.0,-117.0
1775836841.5755663,0.0,1.0,-115.0
1775836841.5855663,0.0,-3.0,-117.0
1775836841.5955665,3.0,-2.0,-115.0
1775836841.6055665,0.0,3.0,-112.0
1775836841.6155665,-2.0,6.0,-110.0
1775836841.6255665,0.0,3.0,-114.0
1775836841.6355665,3.0,5.0,-113.0
1775836841.6455665,5.0,8.0,-116.0
1775836841.6555665,3.0,6.0,-117.0
1775836841.6655664,0.0,8.0,-117.0
1775836841.675567,0.0,4.0,-119.0
1775836841.685567,-1.0,3.0,-111.0
1775836841.695567,1.0,0.0,-109.0
1775836841.7055666,1.0,1.0,-106.0
1775836841.7155666,-1.0,0.0,-109.0
1775836841.7255666,-5.0,2.0,-104.0
1775836841.7355666,-4.0,3.0,-109.0
1775836841.7455666,-1.0,0.0,-120.0
1775836841.7555666,0.0,0.0,-121.0
1775836841.7655666,0.0,0.0,-123.0
1775836841.7755666,4.0,-1.0,-119.0
1775836841.7855666,5.0,-3.0,-118.0
1775836841.7955666,5.0,-4.0,-122.0
1775836841.8055663,4.0,-2.0,-129.0
1775836841.8155663,3.0,1.0,-122.0
1775836841.8255663,3.0,2.0,-121.0
1775836841.8355663,-1.0,2.0,-114.0
1775836841.8455665,0.0,0.0,-110.0
1775836841.8555665,1.0,1.0,-112.0
1775836841.8655665,5.0,-3.0,-113.0
1775836841.8755665,8.0,-2.0,-120.0
1775836841.8855665,6.0,-1.0,-125.0
1775836841.8955665,9.0,0.0,-127.0
1775836841.9055665,11.0,0.0,-128.0
1775836841.9155664,13.0,0.0,-123.0
1775836841.925567,7.0,0.0,-121.0
1775836841.935567,3.0,1.0,-119.0
1775836841.945567,1.0,0.0,-119.0
1775836841.9555666,0.0,-4.0,-121.0
1775836841.9655666,3.0,-2.0,-120.0
1775836841.9755666,-1.0,-1.0,-122.0
1775836841.9855666,-1.0,-4.0,-120.0
1775836841.9955666,-1.0,0.0,-120.0
1775836842.0055666,-3.0,-2.0,-121.0
1775836842.0155666,-6.0,0.0,-125.0
1775836842.0255666,-6.0,-2.0,-126.0
1775836842.0355666,-2.0,-2.0,-121.0
1775836842.0455666,-3.0,-4.0,-126.0
1775836842.0555663,0.0,-2.0,-133.0
1775836842.0655663,-2.0,0.0,-135.0
1775836842.0755663,-2.0,0.0,-128.0
1775836842.0855663,-3.0,5.0,-127.0
1775836842.0955665,-8.0,5.0,-124.0
1775836842.1055665,-6.0,2.0,-125.0
1775836842.1155665,-2.0,1.0,-118.0
1775836842.1255665,-1.0,1.0,-118.0
1775836842.1355665,-1.0,3.0,-121.0
1775836842.1455665,-4.0,1.0,-129.0
1775836842.1555665,-8.0,0.0,-133.0
1775836842.1655664,-6.0,1.0,-129.0
1775836842.175567,-4.0,1.0,-127.0
1775836842.185567,-1.0,0.0,-127.0
1775836842.195567,2.0,-1.0,-128.0
1775836842.2055666,1.0,-2.0,-123.0
1775836842.2155666,1.0,-5.0,-126.0
1775836842.2255666,0.0,1.0,-123.0
1775836842.2355666,2.0,1.0,-122.0
1775836842.2455666,3.0,0.0,-127.0
1775836842.2555666,9.0,0.0,-125.0
1775836842.2655666,10.0,1.0,-122.0
1775836842.2755666,3.0,2.0,-120.0
1775836842.2855666,-1.0,1.0,-119.0
1775836842.2955666,-2.0,0.0,-112.0
1775836842.3055663,-7.0,1.0,-110.0
1775836842.3155663,-4.0,2.0,-114.0
1775836842.3255663,-6.0,0.0,-126.0
1775836842.3355663,-6.0,3.0,-122.0
1775836842.3455665,-5.0,8.0,-113.0
1775836842.3555665,-6.0,0.0,-115.0
1775836842.3655665,-6.0,3.0,-116.0
1775836842.3755665,-10.0,0.0,-115.0
1775836842.3855665,-5.0,-1.0,-114.0
1775836842.3955665,-4.0,-1.0,-113.0
1775836842.4055665,-4.0,-4.0,-114.0
1775836842.4155664,-5.0,6.0,-119.0
